chart_scope,metric_id,metric_label,dataset_id,dataset_label,project_residue_id,aligned_residue_number,chain_id,reference_residue_label,dataset_residue_label,value
dataset,mmpbsa_metrics.TOTAL__average,Imported: TOTAL__average,sdt3-homo,sdt3-homo (sdt3-homo),Chain 0::11,11,Chain 0,Chain 0 / VAL11,Chain 0 / VAL11,-0.030162697600000007
dataset,mmpbsa_metrics.TOTAL__average,Imported: TOTAL__average,sdt3-homo,sdt3-homo (sdt3-homo),Chain 0::12,12,Chain 0,Chain 0 / MET12,Chain 0 / MET12,-0.01015000000000001
dataset,mmpbsa_metrics.TOTAL__average,Imported: TOTAL__average,sdt3-homo,sdt3-homo (sdt3-homo),Chain 0::13,13,Chain 0,Chain 0 / ALA13,Chain 0 / ALA13,-0.08702261999999991
dataset,mmpbsa_metrics.TOTAL__average,Imported: TOTAL__average,sdt3-homo,sdt3-homo (sdt3-homo),Chain 0::14,14,Chain 0,Chain 0 / HIS14,Chain 0 / HIS14,
dataset,mmpbsa_metrics.TOTAL__average,Imported: TOTAL__average,sdt3-homo,sdt3-homo (sdt3-homo),Chain 0::15,15,Chain 0,Chain 0 / GLY15,Chain 0 / GLY15,-0.005970979200000002
dataset,mmpbsa_metrics.TOTAL__average,Imported: TOTAL__average,sdt3-homo,sdt3-homo (sdt3-homo),Chain 0::16,16,Chain 0,Chain 0 / HISD16,Chain 0 / HISD16,-0.013838456800000032
dataset,mmpbsa_metrics.TOTAL__average,Imported: TOTAL__average,sdt3-homo,sdt3-homo (sdt3-homo),Chain 0::17,17,Chain 0,Chain 0 / MET17,Chain 0 / MET17,
dataset,mmpbsa_metrics.TOTAL__average,Imported: TOTAL__average,sdt3-homo,sdt3-homo (sdt3-homo),Chain 0::80,80,Chain 0,Chain 0 / ARG80,Chain 0 / ARG80,
dataset,mmpbsa_metrics.TOTAL__average,Imported: TOTAL__average,sdt3-homo,sdt3-homo (sdt3-homo),Chain 0::81,81,Chain 0,Chain 0 / LEU81,Chain 0 / LEU81,-0.8362321080000001
dataset,mmpbsa_metrics.TOTAL__average,Imported: TOTAL__average,sdt3-homo,sdt3-homo (sdt3-homo),Chain 0::82,82,Chain 0,Chain 0 / ASP82,Chain 0 / ASP82,
dataset,mmpbsa_metrics.TOTAL__average,Imported: TOTAL__average,sdt3-homo,sdt3-homo (sdt3-homo),Chain 0::83,83,Chain 0,Chain 0 / GLN83,Chain 0 / GLN83,
dataset,mmpbsa_metrics.TOTAL__average,Imported: TOTAL__average,sdt3-homo,sdt3-homo (sdt3-homo),Chain 0::84,84,Chain 0,Chain 0 / VAL84,Chain 0 / VAL84,
dataset,mmpbsa_metrics.TOTAL__average,Imported: TOTAL__average,sdt3-homo,sdt3-homo (sdt3-homo),Chain 0::85,85,Chain 0,Chain 0 / PRO85,Chain 0 / PRO85,
dataset,mmpbsa_metrics.TOTAL__average,Imported: TOTAL__average,sdt3-homo,sdt3-homo (sdt3-homo),Chain 0::87,87,Chain 0,Chain 0 / ASP87,Chain 0 / ASP87,
dataset,mmpbsa_metrics.TOTAL__average,Imported: TOTAL__average,sdt3-homo,sdt3-homo (sdt3-homo),Chain 0::90,90,Chain 0,Chain 0 / LEU90,Chain 0 / LEU90,-0.8814010720000001
dataset,mmpbsa_metrics.TOTAL__average,Imported: TOTAL__average,sdt3-homo,sdt3-homo (sdt3-homo),Chain 0::93,93,Chain 0,Chain 0 / PHE93,Chain 0 / PHE93,
dataset,mmpbsa_metrics.TOTAL__average,Imported: TOTAL__average,sdt3-homo,sdt3-homo (sdt3-homo),Chain 0::94,94,Chain 0,Chain 0 / PHE94,Chain 0 / PHE94,-0.445635092
dataset,mmpbsa_metrics.TOTAL__average,Imported: TOTAL__average,sdt3-homo,sdt3-homo (sdt3-homo),Chain 0::119,119,Chain 0,Chain 0 / ASP119,Chain 0 / ASP119,
dataset,mmpbsa_metrics.TOTAL__average,Imported: TOTAL__average,sdt3-homo,sdt3-homo (sdt3-homo),Chain 0::120,120,Chain 0,Chain 0 / MET120,Chain 0 / MET120,-0.12288641439999998
dataset,mmpbsa_metrics.TOTAL__average,Imported: TOTAL__average,sdt3-homo,sdt3-homo (sdt3-homo),Chain 0::121,121,Chain 0,Chain 0 / PHE121,Chain 0 / PHE121,-0.6510812607999998
dataset,mmpbsa_metrics.TOTAL__average,Imported: TOTAL__average,sdt3-homo,sdt3-homo (sdt3-homo),Chain 0::139,139,Chain 0,Chain 0 / PHE139,Chain 0 / PHE139,
dataset,mmpbsa_metrics.TOTAL__average,Imported: TOTAL__average,sdt3-homo,sdt3-homo (sdt3-homo),Chain 0::140,140,Chain 0,Chain 0 / HIS140,Chain 0 / HIS140,
dataset,mmpbsa_metrics.TOTAL__average,Imported: TOTAL__average,sdt3-homo,sdt3-homo (sdt3-homo),Chain 0::141,141,Chain 0,Chain 0 / GLY141,Chain 0 / GLY141,
dataset,mmpbsa_metrics.TOTAL__average,Imported: TOTAL__average,sdt3-homo,sdt3-homo (sdt3-homo),Chain 0::142,142,Chain 0,Chain 0 / THR142,Chain 0 / THR142,
dataset,mmpbsa_metrics.TOTAL__average,Imported: TOTAL__average,sdt3-homo,sdt3-homo (sdt3-homo),Chain 0::150,150,Chain 0,Chain 0 / GLU150,Chain 0 / GLU150,
dataset,mmpbsa_metrics.TOTAL__average,Imported: TOTAL__average,sdt3-homo,sdt3-homo (sdt3-homo),Chain 0::186,186,Chain 0,Chain 0 / SER186,Chain 0 / SER186,
dataset,mmpbsa_metrics.TOTAL__average,Imported: TOTAL__average,sdt3-homo,sdt3-homo (sdt3-homo),Chain 0::187,187,Chain 0,Chain 0 / PRO187,Chain 0 / PRO187,
dataset,mmpbsa_metrics.TOTAL__average,Imported: TOTAL__average,sdt3-homo,sdt3-homo (sdt3-homo),Chain 0::188,188,Chain 0,Chain 0 / PHE188,Chain 0 / PHE188,-0.38012551759999996
dataset,mmpbsa_metrics.TOTAL__average,Imported: TOTAL__average,sdt3-homo,sdt3-homo (sdt3-homo),Chain 0::197,197,Chain 0,Chain 0 / MET197,Chain 0 / MET197,-0.721467116
dataset,mmpbsa_metrics.TOTAL__average,Imported: TOTAL__average,sdt3-homo,sdt3-homo (sdt3-homo),Chain 0::200,200,Chain 0,Chain 0 / LEU200,Chain 0 / LEU200,-0.2171215664
dataset,mmpbsa_metrics.TOTAL__average,Imported: TOTAL__average,sdt3-homo,sdt3-homo (sdt3-homo),Chain 0::201,201,Chain 0,Chain 0 / ILE201,Chain 0 / ILE201,-0.2772984328000001
dataset,mmpbsa_metrics.TOTAL__average,Imported: TOTAL__average,sdt3-homo,sdt3-homo (sdt3-homo),Chain 0::204,204,Chain 0,Chain 0 / MET204,Chain 0 / MET204,-0.21016287600000008
dataset,mmpbsa_metrics.TOTAL__average,Imported: TOTAL__average,sdt3-homo,sdt3-homo (sdt3-homo),Chain 0::205,205,Chain 0,Chain 0 / ARG205,Chain 0 / ARG205,
dataset,mmpbsa_metrics.TOTAL__average,Imported: TOTAL__average,sdt3-homo,sdt3-homo (sdt3-homo),Chain 0::287,287,Chain 0,Chain 0 / SER287,Chain 0 / SER287,
dataset,mmpbsa_metrics.TOTAL__average,Imported: TOTAL__average,sdt3-homo,sdt3-homo (sdt3-homo),Chain 0::288,288,Chain 0,Chain 0 / VAL288,Chain 0 / VAL288,-0.3251789264
dataset,mmpbsa_metrics.TOTAL__average,Imported: TOTAL__average,sdt3-homo,sdt3-homo (sdt3-homo),Chain 0::289,289,Chain 0,Chain 0 / ALA289,Chain 0 / ALA289,
dataset,mmpbsa_metrics.TOTAL__average,Imported: TOTAL__average,sdt3-homo,sdt3-homo (sdt3-homo),Chain 0::290,290,Chain 0,Chain 0 / ARG290,Chain 0 / ARG290,
dataset,mmpbsa_metrics.TOTAL__average,Imported: TOTAL__average,sdt3-homo,sdt3-homo (sdt3-homo),Chain 0::315,315,Chain 0,Chain 0 / ARG315,Chain 0 / ARG315,
dataset,mmpbsa_metrics.TOTAL__average,Imported: TOTAL__average,sdt3-homo,sdt3-homo (sdt3-homo),Chain 0::363,363,Chain 0,Chain 0 / TRP363,Chain 0 / TRP363,
dataset,mmpbsa_metrics.TOTAL__average,Imported: TOTAL__average,sdt3-homo,sdt3-homo (sdt3-homo),Chain 0::364,364,Chain 0,Chain 0 / ASN364,Chain 0 / ASN364,
dataset,mmpbsa_metrics.TOTAL__average,Imported: TOTAL__average,sdt3-homo,sdt3-homo (sdt3-homo),Chain 0::381,381,Chain 0,Chain 0 / VAL381,Chain 0 / VAL381,
dataset,mmpbsa_metrics.TOTAL__average,Imported: TOTAL__average,sdt3-homo,sdt3-homo (sdt3-homo),Chain 0::382,382,Chain 0,Chain 0 / PHE382,Chain 0 / PHE382,-0.22793055359999997
dataset,mmpbsa_metrics.TOTAL__average,Imported: TOTAL__average,sdt3-homo,sdt3-homo (sdt3-homo),Chain 0::383,383,Chain 0,Chain 0 / ALA383,Chain 0 / ALA383,-0.04157473280000006
dataset,mmpbsa_metrics.TOTAL__average,Imported: TOTAL__average,sdt3-homo,sdt3-homo (sdt3-homo),Chain 0::384,384,Chain 0,Chain 0 / GLU384,Chain 0 / GLU384,0.05439470080000028
dataset,mmpbsa_metrics.TOTAL__average,Imported: TOTAL__average,sdt3-homo,sdt3-homo (sdt3-homo),Chain 0::385,385,Chain 0,Chain 0 / GLN385,Chain 0 / GLN385,-0.0016710000000001485
dataset,mmpbsa_metrics.TOTAL__average,Imported: TOTAL__average,sdt3-homo,sdt3-homo (sdt3-homo),Chain 0::388,388,Chain 0,Chain 0 / ASN388,Chain 0 / ASN388,
dataset,mmpbsa_metrics.TOTAL__average,Imported: TOTAL__average,sdt3-homo,sdt3-homo (sdt3-homo),Chain 0::407,407,Chain 0,Chain 0 / TRP407,Chain 0 / TRP407,-0.09955992240000022
dataset,mmpbsa_metrics.TOTAL__average,Imported: TOTAL__average,sdt3-homo,sdt3-homo (sdt3-homo),Chain 0::408,408,Chain 0,Chain 0 / ARG408,Chain 0 / ARG408,
dataset,mmpbsa_metrics.TOTAL__average,Imported: TOTAL__average,sdt3-homo,sdt3-homo (sdt3-homo),Chain 0::409,409,Chain 0,Chain 0 / ARG409,Chain 0 / ARG409,-0.2756029968000002
dataset,mmpbsa_metrics.TOTAL__average,Imported: TOTAL__average,sdt3-homo,sdt3-homo (sdt3-homo),Chain 0::410,410,Chain 0,Chain 0 / TYR410,Chain 0 / TYR410,
dataset,mmpbsa_metrics.TOTAL__average,Imported: TOTAL__average,sdt3-homo-2,sdt3-homo-2 (sdt3-homo-2),Chain 0::11,11,Chain 0,Chain 0 / VAL11,Chain 0 / VAL11,-0.008602000000000085
dataset,mmpbsa_metrics.TOTAL__average,Imported: TOTAL__average,sdt3-homo-2,sdt3-homo-2 (sdt3-homo-2),Chain 0::12,12,Chain 0,Chain 0 / MET12,Chain 0 / MET12,
dataset,mmpbsa_metrics.TOTAL__average,Imported: TOTAL__average,sdt3-homo-2,sdt3-homo-2 (sdt3-homo-2),Chain 0::13,13,Chain 0,Chain 0 / ALA13,Chain 0 / ALA13,-0.021812799200000038
dataset,mmpbsa_metrics.TOTAL__average,Imported: TOTAL__average,sdt3-homo-2,sdt3-homo-2 (sdt3-homo-2),Chain 0::14,14,Chain 0,Chain 0 / HIS14,Chain 0 / HIS14,
dataset,mmpbsa_metrics.TOTAL__average,Imported: TOTAL__average,sdt3-homo-2,sdt3-homo-2 (sdt3-homo-2),Chain 0::15,15,Chain 0,Chain 0 / GLY15,Chain 0 / GLY15,-0.009733476800000022
dataset,mmpbsa_metrics.TOTAL__average,Imported: TOTAL__average,sdt3-homo-2,sdt3-homo-2 (sdt3-homo-2),Chain 0::16,16,Chain 0,Chain 0 / HISD16,Chain 0 / HISD16,0.026252140799999962
dataset,mmpbsa_metrics.TOTAL__average,Imported: TOTAL__average,sdt3-homo-2,sdt3-homo-2 (sdt3-homo-2),Chain 0::17,17,Chain 0,Chain 0 / MET17,Chain 0 / MET17,
dataset,mmpbsa_metrics.TOTAL__average,Imported: TOTAL__average,sdt3-homo-2,sdt3-homo-2 (sdt3-homo-2),Chain 0::80,80,Chain 0,Chain 0 / ARG80,Chain 0 / ARG80,
dataset,mmpbsa_metrics.TOTAL__average,Imported: TOTAL__average,sdt3-homo-2,sdt3-homo-2 (sdt3-homo-2),Chain 0::81,81,Chain 0,Chain 0 / LEU81,Chain 0 / LEU81,-3.0888427632
dataset,mmpbsa_metrics.TOTAL__average,Imported: TOTAL__average,sdt3-homo-2,sdt3-homo-2 (sdt3-homo-2),Chain 0::82,82,Chain 0,Chain 0 / ASP82,Chain 0 / ASP82,
dataset,mmpbsa_metrics.TOTAL__average,Imported: TOTAL__average,sdt3-homo-2,sdt3-homo-2 (sdt3-homo-2),Chain 0::83,83,Chain 0,Chain 0 / GLN83,Chain 0 / GLN83,
dataset,mmpbsa_metrics.TOTAL__average,Imported: TOTAL__average,sdt3-homo-2,sdt3-homo-2 (sdt3-homo-2),Chain 0::84,84,Chain 0,Chain 0 / VAL84,Chain 0 / VAL84,
dataset,mmpbsa_metrics.TOTAL__average,Imported: TOTAL__average,sdt3-homo-2,sdt3-homo-2 (sdt3-homo-2),Chain 0::85,85,Chain 0,Chain 0 / PRO85,Chain 0 / PRO85,
dataset,mmpbsa_metrics.TOTAL__average,Imported: TOTAL__average,sdt3-homo-2,sdt3-homo-2 (sdt3-homo-2),Chain 0::87,87,Chain 0,Chain 0 / ASP87,Chain 0 / ASP87,
dataset,mmpbsa_metrics.TOTAL__average,Imported: TOTAL__average,sdt3-homo-2,sdt3-homo-2 (sdt3-homo-2),Chain 0::90,90,Chain 0,Chain 0 / LEU90,Chain 0 / LEU90,
dataset,mmpbsa_metrics.TOTAL__average,Imported: TOTAL__average,sdt3-homo-2,sdt3-homo-2 (sdt3-homo-2),Chain 0::93,93,Chain 0,Chain 0 / PHE93,Chain 0 / PHE93,
dataset,mmpbsa_metrics.TOTAL__average,Imported: TOTAL__average,sdt3-homo-2,sdt3-homo-2 (sdt3-homo-2),Chain 0::94,94,Chain 0,Chain 0 / PHE94,Chain 0 / PHE94,
dataset,mmpbsa_metrics.TOTAL__average,Imported: TOTAL__average,sdt3-homo-2,sdt3-homo-2 (sdt3-homo-2),Chain 0::119,119,Chain 0,Chain 0 / ASP119,Chain 0 / ASP119,
dataset,mmpbsa_metrics.TOTAL__average,Imported: TOTAL__average,sdt3-homo-2,sdt3-homo-2 (sdt3-homo-2),Chain 0::120,120,Chain 0,Chain 0 / MET120,Chain 0 / MET120,-0.0019350591999999676
dataset,mmpbsa_metrics.TOTAL__average,Imported: TOTAL__average,sdt3-homo-2,sdt3-homo-2 (sdt3-homo-2),Chain 0::121,121,Chain 0,Chain 0 / PHE121,Chain 0 / PHE121,-0.03299859279999993
dataset,mmpbsa_metrics.TOTAL__average,Imported: TOTAL__average,sdt3-homo-2,sdt3-homo-2 (sdt3-homo-2),Chain 0::139,139,Chain 0,Chain 0 / PHE139,Chain 0 / PHE139,
dataset,mmpbsa_metrics.TOTAL__average,Imported: TOTAL__average,sdt3-homo-2,sdt3-homo-2 (sdt3-homo-2),Chain 0::140,140,Chain 0,Chain 0 / HIS140,Chain 0 / HIS140,
dataset,mmpbsa_metrics.TOTAL__average,Imported: TOTAL__average,sdt3-homo-2,sdt3-homo-2 (sdt3-homo-2),Chain 0::141,141,Chain 0,Chain 0 / GLY141,Chain 0 / GLY141,
dataset,mmpbsa_metrics.TOTAL__average,Imported: TOTAL__average,sdt3-homo-2,sdt3-homo-2 (sdt3-homo-2),Chain 0::142,142,Chain 0,Chain 0 / THR142,Chain 0 / THR142,-0.0023632816000000193
dataset,mmpbsa_metrics.TOTAL__average,Imported: TOTAL__average,sdt3-homo-2,sdt3-homo-2 (sdt3-homo-2),Chain 0::150,150,Chain 0,Chain 0 / GLU150,Chain 0 / GLU150,
dataset,mmpbsa_metrics.TOTAL__average,Imported: TOTAL__average,sdt3-homo-2,sdt3-homo-2 (sdt3-homo-2),Chain 0::186,186,Chain 0,Chain 0 / SER186,Chain 0 / SER186,-0.004335175999999919
dataset,mmpbsa_metrics.TOTAL__average,Imported: TOTAL__average,sdt3-homo-2,sdt3-homo-2 (sdt3-homo-2),Chain 0::187,187,Chain 0,Chain 0 / PRO187,Chain 0 / PRO187,-0.004319999999999968
dataset,mmpbsa_metrics.TOTAL__average,Imported: TOTAL__average,sdt3-homo-2,sdt3-homo-2 (sdt3-homo-2),Chain 0::188,188,Chain 0,Chain 0 / PHE188,Chain 0 / PHE188,-0.021315774400000088
dataset,mmpbsa_metrics.TOTAL__average,Imported: TOTAL__average,sdt3-homo-2,sdt3-homo-2 (sdt3-homo-2),Chain 0::197,197,Chain 0,Chain 0 / MET197,Chain 0 / MET197,
dataset,mmpbsa_metrics.TOTAL__average,Imported: TOTAL__average,sdt3-homo-2,sdt3-homo-2 (sdt3-homo-2),Chain 0::200,200,Chain 0,Chain 0 / LEU200,Chain 0 / LEU200,
dataset,mmpbsa_metrics.TOTAL__average,Imported: TOTAL__average,sdt3-homo-2,sdt3-homo-2 (sdt3-homo-2),Chain 0::201,201,Chain 0,Chain 0 / ILE201,Chain 0 / ILE201,-0.003602882399999977
dataset,mmpbsa_metrics.TOTAL__average,Imported: TOTAL__average,sdt3-homo-2,sdt3-homo-2 (sdt3-homo-2),Chain 0::204,204,Chain 0,Chain 0 / MET204,Chain 0 / MET204,
dataset,mmpbsa_metrics.TOTAL__average,Imported: TOTAL__average,sdt3-homo-2,sdt3-homo-2 (sdt3-homo-2),Chain 0::205,205,Chain 0,Chain 0 / ARG205,Chain 0 / ARG205,
dataset,mmpbsa_metrics.TOTAL__average,Imported: TOTAL__average,sdt3-homo-2,sdt3-homo-2 (sdt3-homo-2),Chain 0::287,287,Chain 0,Chain 0 / SER287,Chain 0 / SER287,-0.021203601600000073
dataset,mmpbsa_metrics.TOTAL__average,Imported: TOTAL__average,sdt3-homo-2,sdt3-homo-2 (sdt3-homo-2),Chain 0::288,288,Chain 0,Chain 0 / VAL288,Chain 0 / VAL288,-1.1656322960000003
dataset,mmpbsa_metrics.TOTAL__average,Imported: TOTAL__average,sdt3-homo-2,sdt3-homo-2 (sdt3-homo-2),Chain 0::289,289,Chain 0,Chain 0 / ALA289,Chain 0 / ALA289,
dataset,mmpbsa_metrics.TOTAL__average,Imported: TOTAL__average,sdt3-homo-2,sdt3-homo-2 (sdt3-homo-2),Chain 0::290,290,Chain 0,Chain 0 / ARG290,Chain 0 / ARG290,
dataset,mmpbsa_metrics.TOTAL__average,Imported: TOTAL__average,sdt3-homo-2,sdt3-homo-2 (sdt3-homo-2),Chain 0::315,315,Chain 0,Chain 0 / ARG315,Chain 0 / ARG315,
dataset,mmpbsa_metrics.TOTAL__average,Imported: TOTAL__average,sdt3-homo-2,sdt3-homo-2 (sdt3-homo-2),Chain 0::363,363,Chain 0,Chain 0 / TRP363,Chain 0 / TRP363,
dataset,mmpbsa_metrics.TOTAL__average,Imported: TOTAL__average,sdt3-homo-2,sdt3-homo-2 (sdt3-homo-2),Chain 0::364,364,Chain 0,Chain 0 / ASN364,Chain 0 / ASN364,
dataset,mmpbsa_metrics.TOTAL__average,Imported: TOTAL__average,sdt3-homo-2,sdt3-homo-2 (sdt3-homo-2),Chain 0::381,381,Chain 0,Chain 0 / VAL381,Chain 0 / VAL381,
dataset,mmpbsa_metrics.TOTAL__average,Imported: TOTAL__average,sdt3-homo-2,sdt3-homo-2 (sdt3-homo-2),Chain 0::382,382,Chain 0,Chain 0 / PHE382,Chain 0 / PHE382,-1.4711607328
dataset,mmpbsa_metrics.TOTAL__average,Imported: TOTAL__average,sdt3-homo-2,sdt3-homo-2 (sdt3-homo-2),Chain 0::383,383,Chain 0,Chain 0 / ALA383,Chain 0 / ALA383,-0.11725796080000002
dataset,mmpbsa_metrics.TOTAL__average,Imported: TOTAL__average,sdt3-homo-2,sdt3-homo-2 (sdt3-homo-2),Chain 0::384,384,Chain 0,Chain 0 / GLU384,Chain 0 / GLU384,0.027263976799999975
dataset,mmpbsa_metrics.TOTAL__average,Imported: TOTAL__average,sdt3-homo-2,sdt3-homo-2 (sdt3-homo-2),Chain 0::385,385,Chain 0,Chain 0 / GLN385,Chain 0 / GLN385,-0.0470265119999997
dataset,mmpbsa_metrics.TOTAL__average,Imported: TOTAL__average,sdt3-homo-2,sdt3-homo-2 (sdt3-homo-2),Chain 0::388,388,Chain 0,Chain 0 / ASN388,Chain 0 / ASN388,
dataset,mmpbsa_metrics.TOTAL__average,Imported: TOTAL__average,sdt3-homo-2,sdt3-homo-2 (sdt3-homo-2),Chain 0::407,407,Chain 0,Chain 0 / TRP407,Chain 0 / TRP407,-0.1457598640000002
dataset,mmpbsa_metrics.TOTAL__average,Imported: TOTAL__average,sdt3-homo-2,sdt3-homo-2 (sdt3-homo-2),Chain 0::408,408,Chain 0,Chain 0 / ARG408,Chain 0 / ARG408,0.018960000000000095
dataset,mmpbsa_metrics.TOTAL__average,Imported: TOTAL__average,sdt3-homo-2,sdt3-homo-2 (sdt3-homo-2),Chain 0::409,409,Chain 0,Chain 0 / ARG409,Chain 0 / ARG409,-0.1102979695999994
dataset,mmpbsa_metrics.TOTAL__average,Imported: TOTAL__average,sdt3-homo-2,sdt3-homo-2 (sdt3-homo-2),Chain 0::410,410,Chain 0,Chain 0 / TYR410,Chain 0 / TYR410,-1.7327007863999997
dataset,mmpbsa_metrics.TOTAL__average,Imported: TOTAL__average,sdt3-homo-3,sdt3-homo-3 (sdt3-homo-3),Chain 0::11,11,Chain 0,Chain 0 / VAL11,Chain 0 / VAL11,-0.035467235999999985
dataset,mmpbsa_metrics.TOTAL__average,Imported: TOTAL__average,sdt3-homo-3,sdt3-homo-3 (sdt3-homo-3),Chain 0::12,12,Chain 0,Chain 0 / MET12,Chain 0 / MET12,
dataset,mmpbsa_metrics.TOTAL__average,Imported: TOTAL__average,sdt3-homo-3,sdt3-homo-3 (sdt3-homo-3),Chain 0::13,13,Chain 0,Chain 0 / ALA13,Chain 0 / ALA13,-0.13765750239999988
dataset,mmpbsa_metrics.TOTAL__average,Imported: TOTAL__average,sdt3-homo-3,sdt3-homo-3 (sdt3-homo-3),Chain 0::14,14,Chain 0,Chain 0 / HIS14,Chain 0 / HIS14,0.00006590799999998698
dataset,mmpbsa_metrics.TOTAL__average,Imported: TOTAL__average,sdt3-homo-3,sdt3-homo-3 (sdt3-homo-3),Chain 0::15,15,Chain 0,Chain 0 / GLY15,Chain 0 / GLY15,-0.03796061999999999
dataset,mmpbsa_metrics.TOTAL__average,Imported: TOTAL__average,sdt3-homo-3,sdt3-homo-3 (sdt3-homo-3),Chain 0::16,16,Chain 0,Chain 0 / HISD16,Chain 0 / HISD16,0.05877133679999994
dataset,mmpbsa_metrics.TOTAL__average,Imported: TOTAL__average,sdt3-homo-3,sdt3-homo-3 (sdt3-homo-3),Chain 0::17,17,Chain 0,Chain 0 / MET17,Chain 0 / MET17,
dataset,mmpbsa_metrics.TOTAL__average,Imported: TOTAL__average,sdt3-homo-3,sdt3-homo-3 (sdt3-homo-3),Chain 0::80,80,Chain 0,Chain 0 / ARG80,Chain 0 / ARG80,
dataset,mmpbsa_metrics.TOTAL__average,Imported: TOTAL__average,sdt3-homo-3,sdt3-homo-3 (sdt3-homo-3),Chain 0::81,81,Chain 0,Chain 0 / LEU81,Chain 0 / LEU81,-1.3672644328
dataset,mmpbsa_metrics.TOTAL__average,Imported: TOTAL__average,sdt3-homo-3,sdt3-homo-3 (sdt3-homo-3),Chain 0::82,82,Chain 0,Chain 0 / ASP82,Chain 0 / ASP82,
dataset,mmpbsa_metrics.TOTAL__average,Imported: TOTAL__average,sdt3-homo-3,sdt3-homo-3 (sdt3-homo-3),Chain 0::83,83,Chain 0,Chain 0 / GLN83,Chain 0 / GLN83,
dataset,mmpbsa_metrics.TOTAL__average,Imported: TOTAL__average,sdt3-homo-3,sdt3-homo-3 (sdt3-homo-3),Chain 0::84,84,Chain 0,Chain 0 / VAL84,Chain 0 / VAL84,
dataset,mmpbsa_metrics.TOTAL__average,Imported: TOTAL__average,sdt3-homo-3,sdt3-homo-3 (sdt3-homo-3),Chain 0::85,85,Chain 0,Chain 0 / PRO85,Chain 0 / PRO85,
dataset,mmpbsa_metrics.TOTAL__average,Imported: TOTAL__average,sdt3-homo-3,sdt3-homo-3 (sdt3-homo-3),Chain 0::87,87,Chain 0,Chain 0 / ASP87,Chain 0 / ASP87,
dataset,mmpbsa_metrics.TOTAL__average,Imported: TOTAL__average,sdt3-homo-3,sdt3-homo-3 (sdt3-homo-3),Chain 0::90,90,Chain 0,Chain 0 / LEU90,Chain 0 / LEU90,-0.7580526368
dataset,mmpbsa_metrics.TOTAL__average,Imported: TOTAL__average,sdt3-homo-3,sdt3-homo-3 (sdt3-homo-3),Chain 0::93,93,Chain 0,Chain 0 / PHE93,Chain 0 / PHE93,
dataset,mmpbsa_metrics.TOTAL__average,Imported: TOTAL__average,sdt3-homo-3,sdt3-homo-3 (sdt3-homo-3),Chain 0::94,94,Chain 0,Chain 0 / PHE94,Chain 0 / PHE94,
dataset,mmpbsa_metrics.TOTAL__average,Imported: TOTAL__average,sdt3-homo-3,sdt3-homo-3 (sdt3-homo-3),Chain 0::119,119,Chain 0,Chain 0 / ASP119,Chain 0 / ASP119,
dataset,mmpbsa_metrics.TOTAL__average,Imported: TOTAL__average,sdt3-homo-3,sdt3-homo-3 (sdt3-homo-3),Chain 0::120,120,Chain 0,Chain 0 / MET120,Chain 0 / MET120,-0.15161264080000011
dataset,mmpbsa_metrics.TOTAL__average,Imported: TOTAL__average,sdt3-homo-3,sdt3-homo-3 (sdt3-homo-3),Chain 0::121,121,Chain 0,Chain 0 / PHE121,Chain 0 / PHE121,-0.6324532351999999
dataset,mmpbsa_metrics.TOTAL__average,Imported: TOTAL__average,sdt3-homo-3,sdt3-homo-3 (sdt3-homo-3),Chain 0::139,139,Chain 0,Chain 0 / PHE139,Chain 0 / PHE139,
dataset,mmpbsa_metrics.TOTAL__average,Imported: TOTAL__average,sdt3-homo-3,sdt3-homo-3 (sdt3-homo-3),Chain 0::140,140,Chain 0,Chain 0 / HIS140,Chain 0 / HIS140,0.00021537520000005283
dataset,mmpbsa_metrics.TOTAL__average,Imported: TOTAL__average,sdt3-homo-3,sdt3-homo-3 (sdt3-homo-3),Chain 0::141,141,Chain 0,Chain 0 / GLY141,Chain 0 / GLY141,
dataset,mmpbsa_metrics.TOTAL__average,Imported: TOTAL__average,sdt3-homo-3,sdt3-homo-3 (sdt3-homo-3),Chain 0::142,142,Chain 0,Chain 0 / THR142,Chain 0 / THR142,
dataset,mmpbsa_metrics.TOTAL__average,Imported: TOTAL__average,sdt3-homo-3,sdt3-homo-3 (sdt3-homo-3),Chain 0::150,150,Chain 0,Chain 0 / GLU150,Chain 0 / GLU150,
dataset,mmpbsa_metrics.TOTAL__average,Imported: TOTAL__average,sdt3-homo-3,sdt3-homo-3 (sdt3-homo-3),Chain 0::186,186,Chain 0,Chain 0 / SER186,Chain 0 / SER186,0.002995512000000204
dataset,mmpbsa_metrics.TOTAL__average,Imported: TOTAL__average,sdt3-homo-3,sdt3-homo-3 (sdt3-homo-3),Chain 0::187,187,Chain 0,Chain 0 / PRO187,Chain 0 / PRO187,
dataset,mmpbsa_metrics.TOTAL__average,Imported: TOTAL__average,sdt3-homo-3,sdt3-homo-3 (sdt3-homo-3),Chain 0::188,188,Chain 0,Chain 0 / PHE188,Chain 0 / PHE188,-0.08367937760000006
dataset,mmpbsa_metrics.TOTAL__average,Imported: TOTAL__average,sdt3-homo-3,sdt3-homo-3 (sdt3-homo-3),Chain 0::197,197,Chain 0,Chain 0 / MET197,Chain 0 / MET197,-0.16774109040000001
dataset,mmpbsa_metrics.TOTAL__average,Imported: TOTAL__average,sdt3-homo-3,sdt3-homo-3 (sdt3-homo-3),Chain 0::200,200,Chain 0,Chain 0 / LEU200,Chain 0 / LEU200,
dataset,mmpbsa_metrics.TOTAL__average,Imported: TOTAL__average,sdt3-homo-3,sdt3-homo-3 (sdt3-homo-3),Chain 0::201,201,Chain 0,Chain 0 / ILE201,Chain 0 / ILE201,-0.13355069520000007
dataset,mmpbsa_metrics.TOTAL__average,Imported: TOTAL__average,sdt3-homo-3,sdt3-homo-3 (sdt3-homo-3),Chain 0::204,204,Chain 0,Chain 0 / MET204,Chain 0 / MET204,
dataset,mmpbsa_metrics.TOTAL__average,Imported: TOTAL__average,sdt3-homo-3,sdt3-homo-3 (sdt3-homo-3),Chain 0::205,205,Chain 0,Chain 0 / ARG205,Chain 0 / ARG205,
dataset,mmpbsa_metrics.TOTAL__average,Imported: TOTAL__average,sdt3-homo-3,sdt3-homo-3 (sdt3-homo-3),Chain 0::287,287,Chain 0,Chain 0 / SER287,Chain 0 / SER287,-0.01542023040000003
dataset,mmpbsa_metrics.TOTAL__average,Imported: TOTAL__average,sdt3-homo-3,sdt3-homo-3 (sdt3-homo-3),Chain 0::288,288,Chain 0,Chain 0 / VAL288,Chain 0 / VAL288,-0.7061987424000001
dataset,mmpbsa_metrics.TOTAL__average,Imported: TOTAL__average,sdt3-homo-3,sdt3-homo-3 (sdt3-homo-3),Chain 0::289,289,Chain 0,Chain 0 / ALA289,Chain 0 / ALA289,
dataset,mmpbsa_metrics.TOTAL__average,Imported: TOTAL__average,sdt3-homo-3,sdt3-homo-3 (sdt3-homo-3),Chain 0::290,290,Chain 0,Chain 0 / ARG290,Chain 0 / ARG290,
dataset,mmpbsa_metrics.TOTAL__average,Imported: TOTAL__average,sdt3-homo-3,sdt3-homo-3 (sdt3-homo-3),Chain 0::315,315,Chain 0,Chain 0 / ARG315,Chain 0 / ARG315,
dataset,mmpbsa_metrics.TOTAL__average,Imported: TOTAL__average,sdt3-homo-3,sdt3-homo-3 (sdt3-homo-3),Chain 0::363,363,Chain 0,Chain 0 / TRP363,Chain 0 / TRP363,
dataset,mmpbsa_metrics.TOTAL__average,Imported: TOTAL__average,sdt3-homo-3,sdt3-homo-3 (sdt3-homo-3),Chain 0::364,364,Chain 0,Chain 0 / ASN364,Chain 0 / ASN364,-0.03328
dataset,mmpbsa_metrics.TOTAL__average,Imported: TOTAL__average,sdt3-homo-3,sdt3-homo-3 (sdt3-homo-3),Chain 0::381,381,Chain 0,Chain 0 / VAL381,Chain 0 / VAL381,
dataset,mmpbsa_metrics.TOTAL__average,Imported: TOTAL__average,sdt3-homo-3,sdt3-homo-3 (sdt3-homo-3),Chain 0::382,382,Chain 0,Chain 0 / PHE382,Chain 0 / PHE382,-0.7158175023999997
dataset,mmpbsa_metrics.TOTAL__average,Imported: TOTAL__average,sdt3-homo-3,sdt3-homo-3 (sdt3-homo-3),Chain 0::383,383,Chain 0,Chain 0 / ALA383,Chain 0 / ALA383,-0.09565698239999995
dataset,mmpbsa_metrics.TOTAL__average,Imported: TOTAL__average,sdt3-homo-3,sdt3-homo-3 (sdt3-homo-3),Chain 0::384,384,Chain 0,Chain 0 / GLU384,Chain 0 / GLU384,0.06037980400000019
dataset,mmpbsa_metrics.TOTAL__average,Imported: TOTAL__average,sdt3-homo-3,sdt3-homo-3 (sdt3-homo-3),Chain 0::385,385,Chain 0,Chain 0 / GLN385,Chain 0 / GLN385,-0.01256600000000029
dataset,mmpbsa_metrics.TOTAL__average,Imported: TOTAL__average,sdt3-homo-3,sdt3-homo-3 (sdt3-homo-3),Chain 0::388,388,Chain 0,Chain 0 / ASN388,Chain 0 / ASN388,
dataset,mmpbsa_metrics.TOTAL__average,Imported: TOTAL__average,sdt3-homo-3,sdt3-homo-3 (sdt3-homo-3),Chain 0::407,407,Chain 0,Chain 0 / TRP407,Chain 0 / TRP407,-0.06912746080000001
dataset,mmpbsa_metrics.TOTAL__average,Imported: TOTAL__average,sdt3-homo-3,sdt3-homo-3 (sdt3-homo-3),Chain 0::408,408,Chain 0,Chain 0 / ARG408,Chain 0 / ARG408,
dataset,mmpbsa_metrics.TOTAL__average,Imported: TOTAL__average,sdt3-homo-3,sdt3-homo-3 (sdt3-homo-3),Chain 0::409,409,Chain 0,Chain 0 / ARG409,Chain 0 / ARG409,-0.04932930319999869
dataset,mmpbsa_metrics.TOTAL__average,Imported: TOTAL__average,sdt3-homo-3,sdt3-homo-3 (sdt3-homo-3),Chain 0::410,410,Chain 0,Chain 0 / TYR410,Chain 0 / TYR410,
dataset,mmpbsa_metrics.TOTAL__average,Imported: TOTAL__average,sdt3-homo-4,sdt3-homo-4 (sdt3-homo-4),Chain 0::11,11,Chain 0,Chain 0 / VAL11,Chain 0 / VAL11,-0.11678821119999992
dataset,mmpbsa_metrics.TOTAL__average,Imported: TOTAL__average,sdt3-homo-4,sdt3-homo-4 (sdt3-homo-4),Chain 0::12,12,Chain 0,Chain 0 / MET12,Chain 0 / MET12,-0.04200000000000004
dataset,mmpbsa_metrics.TOTAL__average,Imported: TOTAL__average,sdt3-homo-4,sdt3-homo-4 (sdt3-homo-4),Chain 0::13,13,Chain 0,Chain 0 / ALA13,Chain 0 / ALA13,-0.4333551272
dataset,mmpbsa_metrics.TOTAL__average,Imported: TOTAL__average,sdt3-homo-4,sdt3-homo-4 (sdt3-homo-4),Chain 0::14,14,Chain 0,Chain 0 / HIS14,Chain 0 / HIS14,-0.04621068559999989
dataset,mmpbsa_metrics.TOTAL__average,Imported: TOTAL__average,sdt3-homo-4,sdt3-homo-4 (sdt3-homo-4),Chain 0::15,15,Chain 0,Chain 0 / GLY15,Chain 0 / GLY15,-0.1242350376
dataset,mmpbsa_metrics.TOTAL__average,Imported: TOTAL__average,sdt3-homo-4,sdt3-homo-4 (sdt3-homo-4),Chain 0::16,16,Chain 0,Chain 0 / HISD16,Chain 0 / HISD16,0.40774460479999997
dataset,mmpbsa_metrics.TOTAL__average,Imported: TOTAL__average,sdt3-homo-4,sdt3-homo-4 (sdt3-homo-4),Chain 0::17,17,Chain 0,Chain 0 / MET17,Chain 0 / MET17,
dataset,mmpbsa_metrics.TOTAL__average,Imported: TOTAL__average,sdt3-homo-4,sdt3-homo-4 (sdt3-homo-4),Chain 0::80,80,Chain 0,Chain 0 / ARG80,Chain 0 / ARG80,-0.06277501999999882
dataset,mmpbsa_metrics.TOTAL__average,Imported: TOTAL__average,sdt3-homo-4,sdt3-homo-4 (sdt3-homo-4),Chain 0::81,81,Chain 0,Chain 0 / LEU81,Chain 0 / LEU81,-1.2439459064
dataset,mmpbsa_metrics.TOTAL__average,Imported: TOTAL__average,sdt3-homo-4,sdt3-homo-4 (sdt3-homo-4),Chain 0::82,82,Chain 0,Chain 0 / ASP82,Chain 0 / ASP82,-0.6162911079999994
dataset,mmpbsa_metrics.TOTAL__average,Imported: TOTAL__average,sdt3-homo-4,sdt3-homo-4 (sdt3-homo-4),Chain 0::83,83,Chain 0,Chain 0 / GLN83,Chain 0 / GLN83,-0.11450440720000003
dataset,mmpbsa_metrics.TOTAL__average,Imported: TOTAL__average,sdt3-homo-4,sdt3-homo-4 (sdt3-homo-4),Chain 0::84,84,Chain 0,Chain 0 / VAL84,Chain 0 / VAL84,-0.13090182319999982
dataset,mmpbsa_metrics.TOTAL__average,Imported: TOTAL__average,sdt3-homo-4,sdt3-homo-4 (sdt3-homo-4),Chain 0::85,85,Chain 0,Chain 0 / PRO85,Chain 0 / PRO85,
dataset,mmpbsa_metrics.TOTAL__average,Imported: TOTAL__average,sdt3-homo-4,sdt3-homo-4 (sdt3-homo-4),Chain 0::87,87,Chain 0,Chain 0 / ASP87,Chain 0 / ASP87,
dataset,mmpbsa_metrics.TOTAL__average,Imported: TOTAL__average,sdt3-homo-4,sdt3-homo-4 (sdt3-homo-4),Chain 0::90,90,Chain 0,Chain 0 / LEU90,Chain 0 / LEU90,
dataset,mmpbsa_metrics.TOTAL__average,Imported: TOTAL__average,sdt3-homo-4,sdt3-homo-4 (sdt3-homo-4),Chain 0::93,93,Chain 0,Chain 0 / PHE93,Chain 0 / PHE93,
dataset,mmpbsa_metrics.TOTAL__average,Imported: TOTAL__average,sdt3-homo-4,sdt3-homo-4 (sdt3-homo-4),Chain 0::94,94,Chain 0,Chain 0 / PHE94,Chain 0 / PHE94,
dataset,mmpbsa_metrics.TOTAL__average,Imported: TOTAL__average,sdt3-homo-4,sdt3-homo-4 (sdt3-homo-4),Chain 0::119,119,Chain 0,Chain 0 / ASP119,Chain 0 / ASP119,
dataset,mmpbsa_metrics.TOTAL__average,Imported: TOTAL__average,sdt3-homo-4,sdt3-homo-4 (sdt3-homo-4),Chain 0::120,120,Chain 0,Chain 0 / MET120,Chain 0 / MET120,-0.013662379199999948
dataset,mmpbsa_metrics.TOTAL__average,Imported: TOTAL__average,sdt3-homo-4,sdt3-homo-4 (sdt3-homo-4),Chain 0::121,121,Chain 0,Chain 0 / PHE121,Chain 0 / PHE121,
dataset,mmpbsa_metrics.TOTAL__average,Imported: TOTAL__average,sdt3-homo-4,sdt3-homo-4 (sdt3-homo-4),Chain 0::139,139,Chain 0,Chain 0 / PHE139,Chain 0 / PHE139,
dataset,mmpbsa_metrics.TOTAL__average,Imported: TOTAL__average,sdt3-homo-4,sdt3-homo-4 (sdt3-homo-4),Chain 0::140,140,Chain 0,Chain 0 / HIS140,Chain 0 / HIS140,
dataset,mmpbsa_metrics.TOTAL__average,Imported: TOTAL__average,sdt3-homo-4,sdt3-homo-4 (sdt3-homo-4),Chain 0::141,141,Chain 0,Chain 0 / GLY141,Chain 0 / GLY141,-0.0021995375999999626
dataset,mmpbsa_metrics.TOTAL__average,Imported: TOTAL__average,sdt3-homo-4,sdt3-homo-4 (sdt3-homo-4),Chain 0::142,142,Chain 0,Chain 0 / THR142,Chain 0 / THR142,-0.06682836480000001
dataset,mmpbsa_metrics.TOTAL__average,Imported: TOTAL__average,sdt3-homo-4,sdt3-homo-4 (sdt3-homo-4),Chain 0::150,150,Chain 0,Chain 0 / GLU150,Chain 0 / GLU150,
dataset,mmpbsa_metrics.TOTAL__average,Imported: TOTAL__average,sdt3-homo-4,sdt3-homo-4 (sdt3-homo-4),Chain 0::186,186,Chain 0,Chain 0 / SER186,Chain 0 / SER186,
dataset,mmpbsa_metrics.TOTAL__average,Imported: TOTAL__average,sdt3-homo-4,sdt3-homo-4 (sdt3-homo-4),Chain 0::187,187,Chain 0,Chain 0 / PRO187,Chain 0 / PRO187,
dataset,mmpbsa_metrics.TOTAL__average,Imported: TOTAL__average,sdt3-homo-4,sdt3-homo-4 (sdt3-homo-4),Chain 0::188,188,Chain 0,Chain 0 / PHE188,Chain 0 / PHE188,
dataset,mmpbsa_metrics.TOTAL__average,Imported: TOTAL__average,sdt3-homo-4,sdt3-homo-4 (sdt3-homo-4),Chain 0::197,197,Chain 0,Chain 0 / MET197,Chain 0 / MET197,
dataset,mmpbsa_metrics.TOTAL__average,Imported: TOTAL__average,sdt3-homo-4,sdt3-homo-4 (sdt3-homo-4),Chain 0::200,200,Chain 0,Chain 0 / LEU200,Chain 0 / LEU200,
dataset,mmpbsa_metrics.TOTAL__average,Imported: TOTAL__average,sdt3-homo-4,sdt3-homo-4 (sdt3-homo-4),Chain 0::201,201,Chain 0,Chain 0 / ILE201,Chain 0 / ILE201,
dataset,mmpbsa_metrics.TOTAL__average,Imported: TOTAL__average,sdt3-homo-4,sdt3-homo-4 (sdt3-homo-4),Chain 0::204,204,Chain 0,Chain 0 / MET204,Chain 0 / MET204,
dataset,mmpbsa_metrics.TOTAL__average,Imported: TOTAL__average,sdt3-homo-4,sdt3-homo-4 (sdt3-homo-4),Chain 0::205,205,Chain 0,Chain 0 / ARG205,Chain 0 / ARG205,
dataset,mmpbsa_metrics.TOTAL__average,Imported: TOTAL__average,sdt3-homo-4,sdt3-homo-4 (sdt3-homo-4),Chain 0::287,287,Chain 0,Chain 0 / SER287,Chain 0 / SER287,-0.04710719680000003
dataset,mmpbsa_metrics.TOTAL__average,Imported: TOTAL__average,sdt3-homo-4,sdt3-homo-4 (sdt3-homo-4),Chain 0::288,288,Chain 0,Chain 0 / VAL288,Chain 0 / VAL288,-1.1186760024
dataset,mmpbsa_metrics.TOTAL__average,Imported: TOTAL__average,sdt3-homo-4,sdt3-homo-4 (sdt3-homo-4),Chain 0::289,289,Chain 0,Chain 0 / ALA289,Chain 0 / ALA289,
dataset,mmpbsa_metrics.TOTAL__average,Imported: TOTAL__average,sdt3-homo-4,sdt3-homo-4 (sdt3-homo-4),Chain 0::290,290,Chain 0,Chain 0 / ARG290,Chain 0 / ARG290,-0.23509462720000046
dataset,mmpbsa_metrics.TOTAL__average,Imported: TOTAL__average,sdt3-homo-4,sdt3-homo-4 (sdt3-homo-4),Chain 0::315,315,Chain 0,Chain 0 / ARG315,Chain 0 / ARG315,-0.027825171999999725
dataset,mmpbsa_metrics.TOTAL__average,Imported: TOTAL__average,sdt3-homo-4,sdt3-homo-4 (sdt3-homo-4),Chain 0::363,363,Chain 0,Chain 0 / TRP363,Chain 0 / TRP363,
dataset,mmpbsa_metrics.TOTAL__average,Imported: TOTAL__average,sdt3-homo-4,sdt3-homo-4 (sdt3-homo-4),Chain 0::364,364,Chain 0,Chain 0 / ASN364,Chain 0 / ASN364,
dataset,mmpbsa_metrics.TOTAL__average,Imported: TOTAL__average,sdt3-homo-4,sdt3-homo-4 (sdt3-homo-4),Chain 0::381,381,Chain 0,Chain 0 / VAL381,Chain 0 / VAL381,
dataset,mmpbsa_metrics.TOTAL__average,Imported: TOTAL__average,sdt3-homo-4,sdt3-homo-4 (sdt3-homo-4),Chain 0::382,382,Chain 0,Chain 0 / PHE382,Chain 0 / PHE382,-1.0515428752
dataset,mmpbsa_metrics.TOTAL__average,Imported: TOTAL__average,sdt3-homo-4,sdt3-homo-4 (sdt3-homo-4),Chain 0::383,383,Chain 0,Chain 0 / ALA383,Chain 0 / ALA383,-0.3260015528
dataset,mmpbsa_metrics.TOTAL__average,Imported: TOTAL__average,sdt3-homo-4,sdt3-homo-4 (sdt3-homo-4),Chain 0::384,384,Chain 0,Chain 0 / GLU384,Chain 0 / GLU384,-1.4521927768
dataset,mmpbsa_metrics.TOTAL__average,Imported: TOTAL__average,sdt3-homo-4,sdt3-homo-4 (sdt3-homo-4),Chain 0::385,385,Chain 0,Chain 0 / GLN385,Chain 0 / GLN385,
dataset,mmpbsa_metrics.TOTAL__average,Imported: TOTAL__average,sdt3-homo-4,sdt3-homo-4 (sdt3-homo-4),Chain 0::388,388,Chain 0,Chain 0 / ASN388,Chain 0 / ASN388,
dataset,mmpbsa_metrics.TOTAL__average,Imported: TOTAL__average,sdt3-homo-4,sdt3-homo-4 (sdt3-homo-4),Chain 0::407,407,Chain 0,Chain 0 / TRP407,Chain 0 / TRP407,
dataset,mmpbsa_metrics.TOTAL__average,Imported: TOTAL__average,sdt3-homo-4,sdt3-homo-4 (sdt3-homo-4),Chain 0::408,408,Chain 0,Chain 0 / ARG408,Chain 0 / ARG408,
dataset,mmpbsa_metrics.TOTAL__average,Imported: TOTAL__average,sdt3-homo-4,sdt3-homo-4 (sdt3-homo-4),Chain 0::409,409,Chain 0,Chain 0 / ARG409,Chain 0 / ARG409,
dataset,mmpbsa_metrics.TOTAL__average,Imported: TOTAL__average,sdt3-homo-4,sdt3-homo-4 (sdt3-homo-4),Chain 0::410,410,Chain 0,Chain 0 / TYR410,Chain 0 / TYR410,
dataset,mmpbsa_metrics.TOTAL__average,Imported: TOTAL__average,sdt5-homo,sdt5-homo (sdt5-homo),Chain 0::11,11,Chain 0,Chain 0 / VAL11,Chain 0 / VAL11,-0.062065657600000004
dataset,mmpbsa_metrics.TOTAL__average,Imported: TOTAL__average,sdt5-homo,sdt5-homo (sdt5-homo),Chain 0::12,12,Chain 0,Chain 0 / MET12,Chain 0 / MET12,
dataset,mmpbsa_metrics.TOTAL__average,Imported: TOTAL__average,sdt5-homo,sdt5-homo (sdt5-homo),Chain 0::13,13,Chain 0,Chain 0 / ALA13,Chain 0 / ALA13,-0.2732480175999999
dataset,mmpbsa_metrics.TOTAL__average,Imported: TOTAL__average,sdt5-homo,sdt5-homo (sdt5-homo),Chain 0::14,14,Chain 0,Chain 0 / HIS14,Chain 0 / HIS14,
dataset,mmpbsa_metrics.TOTAL__average,Imported: TOTAL__average,sdt5-homo,sdt5-homo (sdt5-homo),Chain 0::15,15,Chain 0,Chain 0 / GLY15,Chain 0 / GLY15,-0.03600967199999999
dataset,mmpbsa_metrics.TOTAL__average,Imported: TOTAL__average,sdt5-homo,sdt5-homo (sdt5-homo),Chain 0::16,16,Chain 0,Chain 0 / HISD16,Chain 0 / HISD16,0.10537357760000003
dataset,mmpbsa_metrics.TOTAL__average,Imported: TOTAL__average,sdt5-homo,sdt5-homo (sdt5-homo),Chain 0::17,17,Chain 0,Chain 0 / MET17,Chain 0 / MET17,
dataset,mmpbsa_metrics.TOTAL__average,Imported: TOTAL__average,sdt5-homo,sdt5-homo (sdt5-homo),Chain 0::80,80,Chain 0,Chain 0 / ARG80,Chain 0 / ARG80,
dataset,mmpbsa_metrics.TOTAL__average,Imported: TOTAL__average,sdt5-homo,sdt5-homo (sdt5-homo),Chain 0::81,81,Chain 0,Chain 0 / LEU81,Chain 0 / LEU81,-1.1325484160000001
dataset,mmpbsa_metrics.TOTAL__average,Imported: TOTAL__average,sdt5-homo,sdt5-homo (sdt5-homo),Chain 0::82,82,Chain 0,Chain 0 / ASP82,Chain 0 / ASP82,
dataset,mmpbsa_metrics.TOTAL__average,Imported: TOTAL__average,sdt5-homo,sdt5-homo (sdt5-homo),Chain 0::83,83,Chain 0,Chain 0 / GLN83,Chain 0 / ASP83,
dataset,mmpbsa_metrics.TOTAL__average,Imported: TOTAL__average,sdt5-homo,sdt5-homo (sdt5-homo),Chain 0::84,84,Chain 0,Chain 0 / VAL84,Chain 0 / VAL84,
dataset,mmpbsa_metrics.TOTAL__average,Imported: TOTAL__average,sdt5-homo,sdt5-homo (sdt5-homo),Chain 0::85,85,Chain 0,Chain 0 / PRO85,Chain 0 / PRO85,
dataset,mmpbsa_metrics.TOTAL__average,Imported: TOTAL__average,sdt5-homo,sdt5-homo (sdt5-homo),Chain 0::87,87,Chain 0,Chain 0 / ASP87,Chain 0 / ASP87,0.02358621679999955
dataset,mmpbsa_metrics.TOTAL__average,Imported: TOTAL__average,sdt5-homo,sdt5-homo (sdt5-homo),Chain 0::90,90,Chain 0,Chain 0 / LEU90,Chain 0 / LEU90,-0.8561779672000002
dataset,mmpbsa_metrics.TOTAL__average,Imported: TOTAL__average,sdt5-homo,sdt5-homo (sdt5-homo),Chain 0::93,93,Chain 0,Chain 0 / PHE93,Chain 0 / PHE93,
dataset,mmpbsa_metrics.TOTAL__average,Imported: TOTAL__average,sdt5-homo,sdt5-homo (sdt5-homo),Chain 0::94,94,Chain 0,Chain 0 / PHE94,Chain 0 / PHE94,
dataset,mmpbsa_metrics.TOTAL__average,Imported: TOTAL__average,sdt5-homo,sdt5-homo (sdt5-homo),Chain 0::119,119,Chain 0,Chain 0 / ASP119,Chain 0 / ASP119,
dataset,mmpbsa_metrics.TOTAL__average,Imported: TOTAL__average,sdt5-homo,sdt5-homo (sdt5-homo),Chain 0::120,120,Chain 0,Chain 0 / MET120,Chain 0 / MET120,
dataset,mmpbsa_metrics.TOTAL__average,Imported: TOTAL__average,sdt5-homo,sdt5-homo (sdt5-homo),Chain 0::121,121,Chain 0,Chain 0 / PHE121,Chain 0 / PHE121,-0.9201926311999999
dataset,mmpbsa_metrics.TOTAL__average,Imported: TOTAL__average,sdt5-homo,sdt5-homo (sdt5-homo),Chain 0::139,139,Chain 0,Chain 0 / PHE139,Chain 0 / PHE139,
dataset,mmpbsa_metrics.TOTAL__average,Imported: TOTAL__average,sdt5-homo,sdt5-homo (sdt5-homo),Chain 0::140,140,Chain 0,Chain 0 / HIS140,Chain 0 / HIS140,0.009324120000000033
dataset,mmpbsa_metrics.TOTAL__average,Imported: TOTAL__average,sdt5-homo,sdt5-homo (sdt5-homo),Chain 0::141,141,Chain 0,Chain 0 / GLY141,Chain 0 / GLY141,
dataset,mmpbsa_metrics.TOTAL__average,Imported: TOTAL__average,sdt5-homo,sdt5-homo (sdt5-homo),Chain 0::142,142,Chain 0,Chain 0 / THR142,Chain 0 / THR142,
dataset,mmpbsa_metrics.TOTAL__average,Imported: TOTAL__average,sdt5-homo,sdt5-homo (sdt5-homo),Chain 0::150,150,Chain 0,Chain 0 / GLU150,Chain 0 / GLU150,
dataset,mmpbsa_metrics.TOTAL__average,Imported: TOTAL__average,sdt5-homo,sdt5-homo (sdt5-homo),Chain 0::186,186,Chain 0,Chain 0 / SER186,Chain 0 / SER186,-0.035119835200000026
dataset,mmpbsa_metrics.TOTAL__average,Imported: TOTAL__average,sdt5-homo,sdt5-homo (sdt5-homo),Chain 0::187,187,Chain 0,Chain 0 / PRO187,Chain 0 / PRO187,-0.024177712799999813
dataset,mmpbsa_metrics.TOTAL__average,Imported: TOTAL__average,sdt5-homo,sdt5-homo (sdt5-homo),Chain 0::188,188,Chain 0,Chain 0 / PHE188,Chain 0 / PHE188,-0.23371858880000002
dataset,mmpbsa_metrics.TOTAL__average,Imported: TOTAL__average,sdt5-homo,sdt5-homo (sdt5-homo),Chain 0::197,197,Chain 0,Chain 0 / MET197,Chain 0 / MET197,-0.43419898240000004
dataset,mmpbsa_metrics.TOTAL__average,Imported: TOTAL__average,sdt5-homo,sdt5-homo (sdt5-homo),Chain 0::200,200,Chain 0,Chain 0 / LEU200,Chain 0 / LEU200,
dataset,mmpbsa_metrics.TOTAL__average,Imported: TOTAL__average,sdt5-homo,sdt5-homo (sdt5-homo),Chain 0::201,201,Chain 0,Chain 0 / ILE201,Chain 0 / ILE201,
dataset,mmpbsa_metrics.TOTAL__average,Imported: TOTAL__average,sdt5-homo,sdt5-homo (sdt5-homo),Chain 0::204,204,Chain 0,Chain 0 / MET204,Chain 0 / MET204,
dataset,mmpbsa_metrics.TOTAL__average,Imported: TOTAL__average,sdt5-homo,sdt5-homo (sdt5-homo),Chain 0::205,205,Chain 0,Chain 0 / ARG205,Chain 0 / TYR205,
dataset,mmpbsa_metrics.TOTAL__average,Imported: TOTAL__average,sdt5-homo,sdt5-homo (sdt5-homo),Chain 0::287,287,Chain 0,Chain 0 / SER287,Chain 0 / SER287,
dataset,mmpbsa_metrics.TOTAL__average,Imported: TOTAL__average,sdt5-homo,sdt5-homo (sdt5-homo),Chain 0::288,288,Chain 0,Chain 0 / VAL288,Chain 0 / VAL288,-0.6197084071999998
dataset,mmpbsa_metrics.TOTAL__average,Imported: TOTAL__average,sdt5-homo,sdt5-homo (sdt5-homo),Chain 0::289,289,Chain 0,Chain 0 / ALA289,Chain 0 / ALA289,
dataset,mmpbsa_metrics.TOTAL__average,Imported: TOTAL__average,sdt5-homo,sdt5-homo (sdt5-homo),Chain 0::290,290,Chain 0,Chain 0 / ARG290,Chain 0 / ARG290,
dataset,mmpbsa_metrics.TOTAL__average,Imported: TOTAL__average,sdt5-homo,sdt5-homo (sdt5-homo),Chain 0::315,315,Chain 0,Chain 0 / ARG315,Chain 0 / ARG315,
dataset,mmpbsa_metrics.TOTAL__average,Imported: TOTAL__average,sdt5-homo,sdt5-homo (sdt5-homo),Chain 0::363,363,Chain 0,Chain 0 / TRP363,Chain 0 / TRP363,
dataset,mmpbsa_metrics.TOTAL__average,Imported: TOTAL__average,sdt5-homo,sdt5-homo (sdt5-homo),Chain 0::364,364,Chain 0,Chain 0 / ASN364,Chain 0 / ASN364,
dataset,mmpbsa_metrics.TOTAL__average,Imported: TOTAL__average,sdt5-homo,sdt5-homo (sdt5-homo),Chain 0::381,381,Chain 0,Chain 0 / VAL381,Chain 0 / VAL381,
dataset,mmpbsa_metrics.TOTAL__average,Imported: TOTAL__average,sdt5-homo,sdt5-homo (sdt5-homo),Chain 0::382,382,Chain 0,Chain 0 / PHE382,Chain 0 / PHE382,-0.7696538039999999
dataset,mmpbsa_metrics.TOTAL__average,Imported: TOTAL__average,sdt5-homo,sdt5-homo (sdt5-homo),Chain 0::383,383,Chain 0,Chain 0 / ALA383,Chain 0 / ALA383,-0.2636016536000002
dataset,mmpbsa_metrics.TOTAL__average,Imported: TOTAL__average,sdt5-homo,sdt5-homo (sdt5-homo),Chain 0::384,384,Chain 0,Chain 0 / GLU384,Chain 0 / GLU384,0.02050509439999965
dataset,mmpbsa_metrics.TOTAL__average,Imported: TOTAL__average,sdt5-homo,sdt5-homo (sdt5-homo),Chain 0::385,385,Chain 0,Chain 0 / GLN385,Chain 0 / GLN385,-0.011097950400000297
dataset,mmpbsa_metrics.TOTAL__average,Imported: TOTAL__average,sdt5-homo,sdt5-homo (sdt5-homo),Chain 0::388,388,Chain 0,Chain 0 / ASN388,Chain 0 / ASN388,
dataset,mmpbsa_metrics.TOTAL__average,Imported: TOTAL__average,sdt5-homo,sdt5-homo (sdt5-homo),Chain 0::407,407,Chain 0,Chain 0 / TRP407,Chain 0 / TRP407,-0.24177282480000012
dataset,mmpbsa_metrics.TOTAL__average,Imported: TOTAL__average,sdt5-homo,sdt5-homo (sdt5-homo),Chain 0::408,408,Chain 0,Chain 0 / ARG408,Chain 0 / LYS408,0.006377000000000194
dataset,mmpbsa_metrics.TOTAL__average,Imported: TOTAL__average,sdt5-homo,sdt5-homo (sdt5-homo),Chain 0::409,409,Chain 0,Chain 0 / ARG409,Chain 0 / ARG409,-0.1957468007999982
dataset,mmpbsa_metrics.TOTAL__average,Imported: TOTAL__average,sdt5-homo,sdt5-homo (sdt5-homo),Chain 0::410,410,Chain 0,Chain 0 / TYR410,Chain 0 / GLU410,
dataset,mmpbsa_metrics.TOTAL__average,Imported: TOTAL__average,sdt5-homo-2,sdt5-homo-2 (sdt5-homo-2),Chain 0::11,11,Chain 0,Chain 0 / VAL11,Chain 0 / VAL11,-0.021271250399999945
dataset,mmpbsa_metrics.TOTAL__average,Imported: TOTAL__average,sdt5-homo-2,sdt5-homo-2 (sdt5-homo-2),Chain 0::12,12,Chain 0,Chain 0 / MET12,Chain 0 / MET12,
dataset,mmpbsa_metrics.TOTAL__average,Imported: TOTAL__average,sdt5-homo-2,sdt5-homo-2 (sdt5-homo-2),Chain 0::13,13,Chain 0,Chain 0 / ALA13,Chain 0 / ALA13,-0.01754700560000004
dataset,mmpbsa_metrics.TOTAL__average,Imported: TOTAL__average,sdt5-homo-2,sdt5-homo-2 (sdt5-homo-2),Chain 0::14,14,Chain 0,Chain 0 / HIS14,Chain 0 / HIS14,
dataset,mmpbsa_metrics.TOTAL__average,Imported: TOTAL__average,sdt5-homo-2,sdt5-homo-2 (sdt5-homo-2),Chain 0::15,15,Chain 0,Chain 0 / GLY15,Chain 0 / GLY15,
dataset,mmpbsa_metrics.TOTAL__average,Imported: TOTAL__average,sdt5-homo-2,sdt5-homo-2 (sdt5-homo-2),Chain 0::16,16,Chain 0,Chain 0 / HISD16,Chain 0 / HISD16,0.037424359999999934
dataset,mmpbsa_metrics.TOTAL__average,Imported: TOTAL__average,sdt5-homo-2,sdt5-homo-2 (sdt5-homo-2),Chain 0::17,17,Chain 0,Chain 0 / MET17,Chain 0 / MET17,
dataset,mmpbsa_metrics.TOTAL__average,Imported: TOTAL__average,sdt5-homo-2,sdt5-homo-2 (sdt5-homo-2),Chain 0::80,80,Chain 0,Chain 0 / ARG80,Chain 0 / ARG80,
dataset,mmpbsa_metrics.TOTAL__average,Imported: TOTAL__average,sdt5-homo-2,sdt5-homo-2 (sdt5-homo-2),Chain 0::81,81,Chain 0,Chain 0 / LEU81,Chain 0 / LEU81,-1.0925385984
dataset,mmpbsa_metrics.TOTAL__average,Imported: TOTAL__average,sdt5-homo-2,sdt5-homo-2 (sdt5-homo-2),Chain 0::82,82,Chain 0,Chain 0 / ASP82,Chain 0 / ASP82,
dataset,mmpbsa_metrics.TOTAL__average,Imported: TOTAL__average,sdt5-homo-2,sdt5-homo-2 (sdt5-homo-2),Chain 0::83,83,Chain 0,Chain 0 / GLN83,Chain 0 / ASP83,
dataset,mmpbsa_metrics.TOTAL__average,Imported: TOTAL__average,sdt5-homo-2,sdt5-homo-2 (sdt5-homo-2),Chain 0::84,84,Chain 0,Chain 0 / VAL84,Chain 0 / VAL84,
dataset,mmpbsa_metrics.TOTAL__average,Imported: TOTAL__average,sdt5-homo-2,sdt5-homo-2 (sdt5-homo-2),Chain 0::85,85,Chain 0,Chain 0 / PRO85,Chain 0 / PRO85,
dataset,mmpbsa_metrics.TOTAL__average,Imported: TOTAL__average,sdt5-homo-2,sdt5-homo-2 (sdt5-homo-2),Chain 0::87,87,Chain 0,Chain 0 / ASP87,Chain 0 / ASP87,
dataset,mmpbsa_metrics.TOTAL__average,Imported: TOTAL__average,sdt5-homo-2,sdt5-homo-2 (sdt5-homo-2),Chain 0::90,90,Chain 0,Chain 0 / LEU90,Chain 0 / LEU90,-1.5745830064000002
dataset,mmpbsa_metrics.TOTAL__average,Imported: TOTAL__average,sdt5-homo-2,sdt5-homo-2 (sdt5-homo-2),Chain 0::93,93,Chain 0,Chain 0 / PHE93,Chain 0 / PHE93,
dataset,mmpbsa_metrics.TOTAL__average,Imported: TOTAL__average,sdt5-homo-2,sdt5-homo-2 (sdt5-homo-2),Chain 0::94,94,Chain 0,Chain 0 / PHE94,Chain 0 / PHE94,-0.11992970720000015
dataset,mmpbsa_metrics.TOTAL__average,Imported: TOTAL__average,sdt5-homo-2,sdt5-homo-2 (sdt5-homo-2),Chain 0::119,119,Chain 0,Chain 0 / ASP119,Chain 0 / ASP119,
dataset,mmpbsa_metrics.TOTAL__average,Imported: TOTAL__average,sdt5-homo-2,sdt5-homo-2 (sdt5-homo-2),Chain 0::120,120,Chain 0,Chain 0 / MET120,Chain 0 / MET120,-0.016819675199999842
dataset,mmpbsa_metrics.TOTAL__average,Imported: TOTAL__average,sdt5-homo-2,sdt5-homo-2 (sdt5-homo-2),Chain 0::121,121,Chain 0,Chain 0 / PHE121,Chain 0 / PHE121,-0.24841227920000003
dataset,mmpbsa_metrics.TOTAL__average,Imported: TOTAL__average,sdt5-homo-2,sdt5-homo-2 (sdt5-homo-2),Chain 0::139,139,Chain 0,Chain 0 / PHE139,Chain 0 / PHE139,
dataset,mmpbsa_metrics.TOTAL__average,Imported: TOTAL__average,sdt5-homo-2,sdt5-homo-2 (sdt5-homo-2),Chain 0::140,140,Chain 0,Chain 0 / HIS140,Chain 0 / HIS140,
dataset,mmpbsa_metrics.TOTAL__average,Imported: TOTAL__average,sdt5-homo-2,sdt5-homo-2 (sdt5-homo-2),Chain 0::141,141,Chain 0,Chain 0 / GLY141,Chain 0 / GLY141,
dataset,mmpbsa_metrics.TOTAL__average,Imported: TOTAL__average,sdt5-homo-2,sdt5-homo-2 (sdt5-homo-2),Chain 0::142,142,Chain 0,Chain 0 / THR142,Chain 0 / THR142,-0.008672116000000018
dataset,mmpbsa_metrics.TOTAL__average,Imported: TOTAL__average,sdt5-homo-2,sdt5-homo-2 (sdt5-homo-2),Chain 0::150,150,Chain 0,Chain 0 / GLU150,Chain 0 / GLU150,
dataset,mmpbsa_metrics.TOTAL__average,Imported: TOTAL__average,sdt5-homo-2,sdt5-homo-2 (sdt5-homo-2),Chain 0::186,186,Chain 0,Chain 0 / SER186,Chain 0 / SER186,-0.034442703200000056
dataset,mmpbsa_metrics.TOTAL__average,Imported: TOTAL__average,sdt5-homo-2,sdt5-homo-2 (sdt5-homo-2),Chain 0::187,187,Chain 0,Chain 0 / PRO187,Chain 0 / PRO187,-0.03641824799999994
dataset,mmpbsa_metrics.TOTAL__average,Imported: TOTAL__average,sdt5-homo-2,sdt5-homo-2 (sdt5-homo-2),Chain 0::188,188,Chain 0,Chain 0 / PHE188,Chain 0 / PHE188,-0.405058108
dataset,mmpbsa_metrics.TOTAL__average,Imported: TOTAL__average,sdt5-homo-2,sdt5-homo-2 (sdt5-homo-2),Chain 0::197,197,Chain 0,Chain 0 / MET197,Chain 0 / MET197,-0.18800077519999991
dataset,mmpbsa_metrics.TOTAL__average,Imported: TOTAL__average,sdt5-homo-2,sdt5-homo-2 (sdt5-homo-2),Chain 0::200,200,Chain 0,Chain 0 / LEU200,Chain 0 / LEU200,
dataset,mmpbsa_metrics.TOTAL__average,Imported: TOTAL__average,sdt5-homo-2,sdt5-homo-2 (sdt5-homo-2),Chain 0::201,201,Chain 0,Chain 0 / ILE201,Chain 0 / ILE201,-0.07604749279999994
dataset,mmpbsa_metrics.TOTAL__average,Imported: TOTAL__average,sdt5-homo-2,sdt5-homo-2 (sdt5-homo-2),Chain 0::204,204,Chain 0,Chain 0 / MET204,Chain 0 / MET204,
dataset,mmpbsa_metrics.TOTAL__average,Imported: TOTAL__average,sdt5-homo-2,sdt5-homo-2 (sdt5-homo-2),Chain 0::205,205,Chain 0,Chain 0 / ARG205,Chain 0 / TYR205,
dataset,mmpbsa_metrics.TOTAL__average,Imported: TOTAL__average,sdt5-homo-2,sdt5-homo-2 (sdt5-homo-2),Chain 0::287,287,Chain 0,Chain 0 / SER287,Chain 0 / SER287,
dataset,mmpbsa_metrics.TOTAL__average,Imported: TOTAL__average,sdt5-homo-2,sdt5-homo-2 (sdt5-homo-2),Chain 0::288,288,Chain 0,Chain 0 / VAL288,Chain 0 / VAL288,-0.22130377600000004
dataset,mmpbsa_metrics.TOTAL__average,Imported: TOTAL__average,sdt5-homo-2,sdt5-homo-2 (sdt5-homo-2),Chain 0::289,289,Chain 0,Chain 0 / ALA289,Chain 0 / ALA289,
dataset,mmpbsa_metrics.TOTAL__average,Imported: TOTAL__average,sdt5-homo-2,sdt5-homo-2 (sdt5-homo-2),Chain 0::290,290,Chain 0,Chain 0 / ARG290,Chain 0 / ARG290,
dataset,mmpbsa_metrics.TOTAL__average,Imported: TOTAL__average,sdt5-homo-2,sdt5-homo-2 (sdt5-homo-2),Chain 0::315,315,Chain 0,Chain 0 / ARG315,Chain 0 / ARG315,
dataset,mmpbsa_metrics.TOTAL__average,Imported: TOTAL__average,sdt5-homo-2,sdt5-homo-2 (sdt5-homo-2),Chain 0::363,363,Chain 0,Chain 0 / TRP363,Chain 0 / TRP363,
dataset,mmpbsa_metrics.TOTAL__average,Imported: TOTAL__average,sdt5-homo-2,sdt5-homo-2 (sdt5-homo-2),Chain 0::364,364,Chain 0,Chain 0 / ASN364,Chain 0 / ASN364,
dataset,mmpbsa_metrics.TOTAL__average,Imported: TOTAL__average,sdt5-homo-2,sdt5-homo-2 (sdt5-homo-2),Chain 0::381,381,Chain 0,Chain 0 / VAL381,Chain 0 / VAL381,
dataset,mmpbsa_metrics.TOTAL__average,Imported: TOTAL__average,sdt5-homo-2,sdt5-homo-2 (sdt5-homo-2),Chain 0::382,382,Chain 0,Chain 0 / PHE382,Chain 0 / PHE382,-0.9090814128
dataset,mmpbsa_metrics.TOTAL__average,Imported: TOTAL__average,sdt5-homo-2,sdt5-homo-2 (sdt5-homo-2),Chain 0::383,383,Chain 0,Chain 0 / ALA383,Chain 0 / ALA383,-0.10730529359999989
dataset,mmpbsa_metrics.TOTAL__average,Imported: TOTAL__average,sdt5-homo-2,sdt5-homo-2 (sdt5-homo-2),Chain 0::384,384,Chain 0,Chain 0 / GLU384,Chain 0 / GLU384,0.14308460640000048
dataset,mmpbsa_metrics.TOTAL__average,Imported: TOTAL__average,sdt5-homo-2,sdt5-homo-2 (sdt5-homo-2),Chain 0::385,385,Chain 0,Chain 0 / GLN385,Chain 0 / GLN385,-0.004053999999999721
dataset,mmpbsa_metrics.TOTAL__average,Imported: TOTAL__average,sdt5-homo-2,sdt5-homo-2 (sdt5-homo-2),Chain 0::388,388,Chain 0,Chain 0 / ASN388,Chain 0 / ASN388,
dataset,mmpbsa_metrics.TOTAL__average,Imported: TOTAL__average,sdt5-homo-2,sdt5-homo-2 (sdt5-homo-2),Chain 0::407,407,Chain 0,Chain 0 / TRP407,Chain 0 / TRP407,-0.3276807191999997
dataset,mmpbsa_metrics.TOTAL__average,Imported: TOTAL__average,sdt5-homo-2,sdt5-homo-2 (sdt5-homo-2),Chain 0::408,408,Chain 0,Chain 0 / ARG408,Chain 0 / LYS408,
dataset,mmpbsa_metrics.TOTAL__average,Imported: TOTAL__average,sdt5-homo-2,sdt5-homo-2 (sdt5-homo-2),Chain 0::409,409,Chain 0,Chain 0 / ARG409,Chain 0 / ARG409,-0.9870434920000005
dataset,mmpbsa_metrics.TOTAL__average,Imported: TOTAL__average,sdt5-homo-2,sdt5-homo-2 (sdt5-homo-2),Chain 0::410,410,Chain 0,Chain 0 / TYR410,Chain 0 / GLU410,
dataset,mmpbsa_metrics.TOTAL__average,Imported: TOTAL__average,sdt5-homo-3,sdt5-homo-3 (sdt5-homo-3),Chain 0::11,11,Chain 0,Chain 0 / VAL11,Chain 0 / VAL11,-0.026543278400000033
dataset,mmpbsa_metrics.TOTAL__average,Imported: TOTAL__average,sdt5-homo-3,sdt5-homo-3 (sdt5-homo-3),Chain 0::12,12,Chain 0,Chain 0 / MET12,Chain 0 / MET12,
dataset,mmpbsa_metrics.TOTAL__average,Imported: TOTAL__average,sdt5-homo-3,sdt5-homo-3 (sdt5-homo-3),Chain 0::13,13,Chain 0,Chain 0 / ALA13,Chain 0 / ALA13,-0.020498349599999948
dataset,mmpbsa_metrics.TOTAL__average,Imported: TOTAL__average,sdt5-homo-3,sdt5-homo-3 (sdt5-homo-3),Chain 0::14,14,Chain 0,Chain 0 / HIS14,Chain 0 / HIS14,
dataset,mmpbsa_metrics.TOTAL__average,Imported: TOTAL__average,sdt5-homo-3,sdt5-homo-3 (sdt5-homo-3),Chain 0::15,15,Chain 0,Chain 0 / GLY15,Chain 0 / GLY15,0.0008662687999999927
dataset,mmpbsa_metrics.TOTAL__average,Imported: TOTAL__average,sdt5-homo-3,sdt5-homo-3 (sdt5-homo-3),Chain 0::16,16,Chain 0,Chain 0 / HISD16,Chain 0 / HISD16,-0.09698163039999999
dataset,mmpbsa_metrics.TOTAL__average,Imported: TOTAL__average,sdt5-homo-3,sdt5-homo-3 (sdt5-homo-3),Chain 0::17,17,Chain 0,Chain 0 / MET17,Chain 0 / MET17,
dataset,mmpbsa_metrics.TOTAL__average,Imported: TOTAL__average,sdt5-homo-3,sdt5-homo-3 (sdt5-homo-3),Chain 0::80,80,Chain 0,Chain 0 / ARG80,Chain 0 / ARG80,
dataset,mmpbsa_metrics.TOTAL__average,Imported: TOTAL__average,sdt5-homo-3,sdt5-homo-3 (sdt5-homo-3),Chain 0::81,81,Chain 0,Chain 0 / LEU81,Chain 0 / LEU81,-0.9419028272000001
dataset,mmpbsa_metrics.TOTAL__average,Imported: TOTAL__average,sdt5-homo-3,sdt5-homo-3 (sdt5-homo-3),Chain 0::82,82,Chain 0,Chain 0 / ASP82,Chain 0 / ASP82,
dataset,mmpbsa_metrics.TOTAL__average,Imported: TOTAL__average,sdt5-homo-3,sdt5-homo-3 (sdt5-homo-3),Chain 0::83,83,Chain 0,Chain 0 / GLN83,Chain 0 / ASP83,
dataset,mmpbsa_metrics.TOTAL__average,Imported: TOTAL__average,sdt5-homo-3,sdt5-homo-3 (sdt5-homo-3),Chain 0::84,84,Chain 0,Chain 0 / VAL84,Chain 0 / VAL84,
dataset,mmpbsa_metrics.TOTAL__average,Imported: TOTAL__average,sdt5-homo-3,sdt5-homo-3 (sdt5-homo-3),Chain 0::85,85,Chain 0,Chain 0 / PRO85,Chain 0 / PRO85,
dataset,mmpbsa_metrics.TOTAL__average,Imported: TOTAL__average,sdt5-homo-3,sdt5-homo-3 (sdt5-homo-3),Chain 0::87,87,Chain 0,Chain 0 / ASP87,Chain 0 / ASP87,
dataset,mmpbsa_metrics.TOTAL__average,Imported: TOTAL__average,sdt5-homo-3,sdt5-homo-3 (sdt5-homo-3),Chain 0::90,90,Chain 0,Chain 0 / LEU90,Chain 0 / LEU90,-1.4510871511999999
dataset,mmpbsa_metrics.TOTAL__average,Imported: TOTAL__average,sdt5-homo-3,sdt5-homo-3 (sdt5-homo-3),Chain 0::93,93,Chain 0,Chain 0 / PHE93,Chain 0 / PHE93,-0.06271534480000003
dataset,mmpbsa_metrics.TOTAL__average,Imported: TOTAL__average,sdt5-homo-3,sdt5-homo-3 (sdt5-homo-3),Chain 0::94,94,Chain 0,Chain 0 / PHE94,Chain 0 / PHE94,-0.14232772959999998
dataset,mmpbsa_metrics.TOTAL__average,Imported: TOTAL__average,sdt5-homo-3,sdt5-homo-3 (sdt5-homo-3),Chain 0::119,119,Chain 0,Chain 0 / ASP119,Chain 0 / ASP119,0.04317199999999967
dataset,mmpbsa_metrics.TOTAL__average,Imported: TOTAL__average,sdt5-homo-3,sdt5-homo-3 (sdt5-homo-3),Chain 0::120,120,Chain 0,Chain 0 / MET120,Chain 0 / MET120,-0.0271912607999999
dataset,mmpbsa_metrics.TOTAL__average,Imported: TOTAL__average,sdt5-homo-3,sdt5-homo-3 (sdt5-homo-3),Chain 0::121,121,Chain 0,Chain 0 / PHE121,Chain 0 / PHE121,-0.16658870720000013
dataset,mmpbsa_metrics.TOTAL__average,Imported: TOTAL__average,sdt5-homo-3,sdt5-homo-3 (sdt5-homo-3),Chain 0::139,139,Chain 0,Chain 0 / PHE139,Chain 0 / PHE139,
dataset,mmpbsa_metrics.TOTAL__average,Imported: TOTAL__average,sdt5-homo-3,sdt5-homo-3 (sdt5-homo-3),Chain 0::140,140,Chain 0,Chain 0 / HIS140,Chain 0 / HIS140,
dataset,mmpbsa_metrics.TOTAL__average,Imported: TOTAL__average,sdt5-homo-3,sdt5-homo-3 (sdt5-homo-3),Chain 0::141,141,Chain 0,Chain 0 / GLY141,Chain 0 / GLY141,
dataset,mmpbsa_metrics.TOTAL__average,Imported: TOTAL__average,sdt5-homo-3,sdt5-homo-3 (sdt5-homo-3),Chain 0::142,142,Chain 0,Chain 0 / THR142,Chain 0 / THR142,
dataset,mmpbsa_metrics.TOTAL__average,Imported: TOTAL__average,sdt5-homo-3,sdt5-homo-3 (sdt5-homo-3),Chain 0::150,150,Chain 0,Chain 0 / GLU150,Chain 0 / GLU150,
dataset,mmpbsa_metrics.TOTAL__average,Imported: TOTAL__average,sdt5-homo-3,sdt5-homo-3 (sdt5-homo-3),Chain 0::186,186,Chain 0,Chain 0 / SER186,Chain 0 / SER186,
dataset,mmpbsa_metrics.TOTAL__average,Imported: TOTAL__average,sdt5-homo-3,sdt5-homo-3 (sdt5-homo-3),Chain 0::187,187,Chain 0,Chain 0 / PRO187,Chain 0 / PRO187,
dataset,mmpbsa_metrics.TOTAL__average,Imported: TOTAL__average,sdt5-homo-3,sdt5-homo-3 (sdt5-homo-3),Chain 0::188,188,Chain 0,Chain 0 / PHE188,Chain 0 / PHE188,-0.12078440880000021
dataset,mmpbsa_metrics.TOTAL__average,Imported: TOTAL__average,sdt5-homo-3,sdt5-homo-3 (sdt5-homo-3),Chain 0::197,197,Chain 0,Chain 0 / MET197,Chain 0 / MET197,-0.19773935120000005
dataset,mmpbsa_metrics.TOTAL__average,Imported: TOTAL__average,sdt5-homo-3,sdt5-homo-3 (sdt5-homo-3),Chain 0::200,200,Chain 0,Chain 0 / LEU200,Chain 0 / LEU200,-0.018371392800000007
dataset,mmpbsa_metrics.TOTAL__average,Imported: TOTAL__average,sdt5-homo-3,sdt5-homo-3 (sdt5-homo-3),Chain 0::201,201,Chain 0,Chain 0 / ILE201,Chain 0 / ILE201,
dataset,mmpbsa_metrics.TOTAL__average,Imported: TOTAL__average,sdt5-homo-3,sdt5-homo-3 (sdt5-homo-3),Chain 0::204,204,Chain 0,Chain 0 / MET204,Chain 0 / MET204,
dataset,mmpbsa_metrics.TOTAL__average,Imported: TOTAL__average,sdt5-homo-3,sdt5-homo-3 (sdt5-homo-3),Chain 0::205,205,Chain 0,Chain 0 / ARG205,Chain 0 / TYR205,
dataset,mmpbsa_metrics.TOTAL__average,Imported: TOTAL__average,sdt5-homo-3,sdt5-homo-3 (sdt5-homo-3),Chain 0::287,287,Chain 0,Chain 0 / SER287,Chain 0 / SER287,
dataset,mmpbsa_metrics.TOTAL__average,Imported: TOTAL__average,sdt5-homo-3,sdt5-homo-3 (sdt5-homo-3),Chain 0::288,288,Chain 0,Chain 0 / VAL288,Chain 0 / VAL288,-0.059583671999999886
dataset,mmpbsa_metrics.TOTAL__average,Imported: TOTAL__average,sdt5-homo-3,sdt5-homo-3 (sdt5-homo-3),Chain 0::289,289,Chain 0,Chain 0 / ALA289,Chain 0 / ALA289,
dataset,mmpbsa_metrics.TOTAL__average,Imported: TOTAL__average,sdt5-homo-3,sdt5-homo-3 (sdt5-homo-3),Chain 0::290,290,Chain 0,Chain 0 / ARG290,Chain 0 / ARG290,
dataset,mmpbsa_metrics.TOTAL__average,Imported: TOTAL__average,sdt5-homo-3,sdt5-homo-3 (sdt5-homo-3),Chain 0::315,315,Chain 0,Chain 0 / ARG315,Chain 0 / ARG315,
dataset,mmpbsa_metrics.TOTAL__average,Imported: TOTAL__average,sdt5-homo-3,sdt5-homo-3 (sdt5-homo-3),Chain 0::363,363,Chain 0,Chain 0 / TRP363,Chain 0 / TRP363,
dataset,mmpbsa_metrics.TOTAL__average,Imported: TOTAL__average,sdt5-homo-3,sdt5-homo-3 (sdt5-homo-3),Chain 0::364,364,Chain 0,Chain 0 / ASN364,Chain 0 / ASN364,
dataset,mmpbsa_metrics.TOTAL__average,Imported: TOTAL__average,sdt5-homo-3,sdt5-homo-3 (sdt5-homo-3),Chain 0::381,381,Chain 0,Chain 0 / VAL381,Chain 0 / VAL381,
dataset,mmpbsa_metrics.TOTAL__average,Imported: TOTAL__average,sdt5-homo-3,sdt5-homo-3 (sdt5-homo-3),Chain 0::382,382,Chain 0,Chain 0 / PHE382,Chain 0 / PHE382,-0.2444628703999999
dataset,mmpbsa_metrics.TOTAL__average,Imported: TOTAL__average,sdt5-homo-3,sdt5-homo-3 (sdt5-homo-3),Chain 0::383,383,Chain 0,Chain 0 / ALA383,Chain 0 / ALA383,-0.046500185600000035
dataset,mmpbsa_metrics.TOTAL__average,Imported: TOTAL__average,sdt5-homo-3,sdt5-homo-3 (sdt5-homo-3),Chain 0::384,384,Chain 0,Chain 0 / GLU384,Chain 0 / GLU384,
dataset,mmpbsa_metrics.TOTAL__average,Imported: TOTAL__average,sdt5-homo-3,sdt5-homo-3 (sdt5-homo-3),Chain 0::385,385,Chain 0,Chain 0 / GLN385,Chain 0 / GLN385,
dataset,mmpbsa_metrics.TOTAL__average,Imported: TOTAL__average,sdt5-homo-3,sdt5-homo-3 (sdt5-homo-3),Chain 0::388,388,Chain 0,Chain 0 / ASN388,Chain 0 / ASN388,
dataset,mmpbsa_metrics.TOTAL__average,Imported: TOTAL__average,sdt5-homo-3,sdt5-homo-3 (sdt5-homo-3),Chain 0::407,407,Chain 0,Chain 0 / TRP407,Chain 0 / TRP407,-0.11310955200000018
dataset,mmpbsa_metrics.TOTAL__average,Imported: TOTAL__average,sdt5-homo-3,sdt5-homo-3 (sdt5-homo-3),Chain 0::408,408,Chain 0,Chain 0 / ARG408,Chain 0 / LYS408,
dataset,mmpbsa_metrics.TOTAL__average,Imported: TOTAL__average,sdt5-homo-3,sdt5-homo-3 (sdt5-homo-3),Chain 0::409,409,Chain 0,Chain 0 / ARG409,Chain 0 / ARG409,-1.3412522400000018
dataset,mmpbsa_metrics.TOTAL__average,Imported: TOTAL__average,sdt5-homo-3,sdt5-homo-3 (sdt5-homo-3),Chain 0::410,410,Chain 0,Chain 0 / TYR410,Chain 0 / GLU410,
dataset,mmpbsa_metrics.TOTAL__average,Imported: TOTAL__average,sdt5-homo-4,sdt5-homo-4 (sdt5-homo-4),Chain 0::11,11,Chain 0,Chain 0 / VAL11,Chain 0 / VAL11,
dataset,mmpbsa_metrics.TOTAL__average,Imported: TOTAL__average,sdt5-homo-4,sdt5-homo-4 (sdt5-homo-4),Chain 0::12,12,Chain 0,Chain 0 / MET12,Chain 0 / MET12,-0.017983188000000087
dataset,mmpbsa_metrics.TOTAL__average,Imported: TOTAL__average,sdt5-homo-4,sdt5-homo-4 (sdt5-homo-4),Chain 0::13,13,Chain 0,Chain 0 / ALA13,Chain 0 / ALA13,-0.04514423599999996
dataset,mmpbsa_metrics.TOTAL__average,Imported: TOTAL__average,sdt5-homo-4,sdt5-homo-4 (sdt5-homo-4),Chain 0::14,14,Chain 0,Chain 0 / HIS14,Chain 0 / HIS14,0.007028134400000042
dataset,mmpbsa_metrics.TOTAL__average,Imported: TOTAL__average,sdt5-homo-4,sdt5-homo-4 (sdt5-homo-4),Chain 0::15,15,Chain 0,Chain 0 / GLY15,Chain 0 / GLY15,-0.0070897808000000085
dataset,mmpbsa_metrics.TOTAL__average,Imported: TOTAL__average,sdt5-homo-4,sdt5-homo-4 (sdt5-homo-4),Chain 0::16,16,Chain 0,Chain 0 / HISD16,Chain 0 / HISD16,0.020254248000000124
dataset,mmpbsa_metrics.TOTAL__average,Imported: TOTAL__average,sdt5-homo-4,sdt5-homo-4 (sdt5-homo-4),Chain 0::17,17,Chain 0,Chain 0 / MET17,Chain 0 / MET17,
dataset,mmpbsa_metrics.TOTAL__average,Imported: TOTAL__average,sdt5-homo-4,sdt5-homo-4 (sdt5-homo-4),Chain 0::80,80,Chain 0,Chain 0 / ARG80,Chain 0 / ARG80,
dataset,mmpbsa_metrics.TOTAL__average,Imported: TOTAL__average,sdt5-homo-4,sdt5-homo-4 (sdt5-homo-4),Chain 0::81,81,Chain 0,Chain 0 / LEU81,Chain 0 / LEU81,-0.908372208
dataset,mmpbsa_metrics.TOTAL__average,Imported: TOTAL__average,sdt5-homo-4,sdt5-homo-4 (sdt5-homo-4),Chain 0::82,82,Chain 0,Chain 0 / ASP82,Chain 0 / ASP82,-0.05181495359999991
dataset,mmpbsa_metrics.TOTAL__average,Imported: TOTAL__average,sdt5-homo-4,sdt5-homo-4 (sdt5-homo-4),Chain 0::83,83,Chain 0,Chain 0 / GLN83,Chain 0 / ASP83,
dataset,mmpbsa_metrics.TOTAL__average,Imported: TOTAL__average,sdt5-homo-4,sdt5-homo-4 (sdt5-homo-4),Chain 0::84,84,Chain 0,Chain 0 / VAL84,Chain 0 / VAL84,-0.34923342159999987
dataset,mmpbsa_metrics.TOTAL__average,Imported: TOTAL__average,sdt5-homo-4,sdt5-homo-4 (sdt5-homo-4),Chain 0::85,85,Chain 0,Chain 0 / PRO85,Chain 0 / PRO85,
dataset,mmpbsa_metrics.TOTAL__average,Imported: TOTAL__average,sdt5-homo-4,sdt5-homo-4 (sdt5-homo-4),Chain 0::87,87,Chain 0,Chain 0 / ASP87,Chain 0 / ASP87,
dataset,mmpbsa_metrics.TOTAL__average,Imported: TOTAL__average,sdt5-homo-4,sdt5-homo-4 (sdt5-homo-4),Chain 0::90,90,Chain 0,Chain 0 / LEU90,Chain 0 / LEU90,-1.0012116095999999
dataset,mmpbsa_metrics.TOTAL__average,Imported: TOTAL__average,sdt5-homo-4,sdt5-homo-4 (sdt5-homo-4),Chain 0::93,93,Chain 0,Chain 0 / PHE93,Chain 0 / PHE93,
dataset,mmpbsa_metrics.TOTAL__average,Imported: TOTAL__average,sdt5-homo-4,sdt5-homo-4 (sdt5-homo-4),Chain 0::94,94,Chain 0,Chain 0 / PHE94,Chain 0 / PHE94,-0.3387069136000001
dataset,mmpbsa_metrics.TOTAL__average,Imported: TOTAL__average,sdt5-homo-4,sdt5-homo-4 (sdt5-homo-4),Chain 0::119,119,Chain 0,Chain 0 / ASP119,Chain 0 / ASP119,
dataset,mmpbsa_metrics.TOTAL__average,Imported: TOTAL__average,sdt5-homo-4,sdt5-homo-4 (sdt5-homo-4),Chain 0::120,120,Chain 0,Chain 0 / MET120,Chain 0 / MET120,-0.06028078799999996
dataset,mmpbsa_metrics.TOTAL__average,Imported: TOTAL__average,sdt5-homo-4,sdt5-homo-4 (sdt5-homo-4),Chain 0::121,121,Chain 0,Chain 0 / PHE121,Chain 0 / PHE121,-0.8783474215999995
dataset,mmpbsa_metrics.TOTAL__average,Imported: TOTAL__average,sdt5-homo-4,sdt5-homo-4 (sdt5-homo-4),Chain 0::139,139,Chain 0,Chain 0 / PHE139,Chain 0 / PHE139,
dataset,mmpbsa_metrics.TOTAL__average,Imported: TOTAL__average,sdt5-homo-4,sdt5-homo-4 (sdt5-homo-4),Chain 0::140,140,Chain 0,Chain 0 / HIS140,Chain 0 / HIS140,
dataset,mmpbsa_metrics.TOTAL__average,Imported: TOTAL__average,sdt5-homo-4,sdt5-homo-4 (sdt5-homo-4),Chain 0::141,141,Chain 0,Chain 0 / GLY141,Chain 0 / GLY141,
dataset,mmpbsa_metrics.TOTAL__average,Imported: TOTAL__average,sdt5-homo-4,sdt5-homo-4 (sdt5-homo-4),Chain 0::142,142,Chain 0,Chain 0 / THR142,Chain 0 / THR142,
dataset,mmpbsa_metrics.TOTAL__average,Imported: TOTAL__average,sdt5-homo-4,sdt5-homo-4 (sdt5-homo-4),Chain 0::150,150,Chain 0,Chain 0 / GLU150,Chain 0 / GLU150,
dataset,mmpbsa_metrics.TOTAL__average,Imported: TOTAL__average,sdt5-homo-4,sdt5-homo-4 (sdt5-homo-4),Chain 0::186,186,Chain 0,Chain 0 / SER186,Chain 0 / SER186,
dataset,mmpbsa_metrics.TOTAL__average,Imported: TOTAL__average,sdt5-homo-4,sdt5-homo-4 (sdt5-homo-4),Chain 0::187,187,Chain 0,Chain 0 / PRO187,Chain 0 / PRO187,
dataset,mmpbsa_metrics.TOTAL__average,Imported: TOTAL__average,sdt5-homo-4,sdt5-homo-4 (sdt5-homo-4),Chain 0::188,188,Chain 0,Chain 0 / PHE188,Chain 0 / PHE188,
dataset,mmpbsa_metrics.TOTAL__average,Imported: TOTAL__average,sdt5-homo-4,sdt5-homo-4 (sdt5-homo-4),Chain 0::197,197,Chain 0,Chain 0 / MET197,Chain 0 / MET197,-0.5531716815999999
dataset,mmpbsa_metrics.TOTAL__average,Imported: TOTAL__average,sdt5-homo-4,sdt5-homo-4 (sdt5-homo-4),Chain 0::200,200,Chain 0,Chain 0 / LEU200,Chain 0 / LEU200,-0.1616400024000001
dataset,mmpbsa_metrics.TOTAL__average,Imported: TOTAL__average,sdt5-homo-4,sdt5-homo-4 (sdt5-homo-4),Chain 0::201,201,Chain 0,Chain 0 / ILE201,Chain 0 / ILE201,
dataset,mmpbsa_metrics.TOTAL__average,Imported: TOTAL__average,sdt5-homo-4,sdt5-homo-4 (sdt5-homo-4),Chain 0::204,204,Chain 0,Chain 0 / MET204,Chain 0 / MET204,-0.09694105279999997
dataset,mmpbsa_metrics.TOTAL__average,Imported: TOTAL__average,sdt5-homo-4,sdt5-homo-4 (sdt5-homo-4),Chain 0::205,205,Chain 0,Chain 0 / ARG205,Chain 0 / TYR205,
dataset,mmpbsa_metrics.TOTAL__average,Imported: TOTAL__average,sdt5-homo-4,sdt5-homo-4 (sdt5-homo-4),Chain 0::287,287,Chain 0,Chain 0 / SER287,Chain 0 / SER287,-0.010366708799999928
dataset,mmpbsa_metrics.TOTAL__average,Imported: TOTAL__average,sdt5-homo-4,sdt5-homo-4 (sdt5-homo-4),Chain 0::288,288,Chain 0,Chain 0 / VAL288,Chain 0 / VAL288,-0.22696041200000028
dataset,mmpbsa_metrics.TOTAL__average,Imported: TOTAL__average,sdt5-homo-4,sdt5-homo-4 (sdt5-homo-4),Chain 0::289,289,Chain 0,Chain 0 / ALA289,Chain 0 / ALA289,-0.0062116816000001105
dataset,mmpbsa_metrics.TOTAL__average,Imported: TOTAL__average,sdt5-homo-4,sdt5-homo-4 (sdt5-homo-4),Chain 0::290,290,Chain 0,Chain 0 / ARG290,Chain 0 / ARG290,
dataset,mmpbsa_metrics.TOTAL__average,Imported: TOTAL__average,sdt5-homo-4,sdt5-homo-4 (sdt5-homo-4),Chain 0::315,315,Chain 0,Chain 0 / ARG315,Chain 0 / ARG315,
dataset,mmpbsa_metrics.TOTAL__average,Imported: TOTAL__average,sdt5-homo-4,sdt5-homo-4 (sdt5-homo-4),Chain 0::363,363,Chain 0,Chain 0 / TRP363,Chain 0 / TRP363,
dataset,mmpbsa_metrics.TOTAL__average,Imported: TOTAL__average,sdt5-homo-4,sdt5-homo-4 (sdt5-homo-4),Chain 0::364,364,Chain 0,Chain 0 / ASN364,Chain 0 / ASN364,
dataset,mmpbsa_metrics.TOTAL__average,Imported: TOTAL__average,sdt5-homo-4,sdt5-homo-4 (sdt5-homo-4),Chain 0::381,381,Chain 0,Chain 0 / VAL381,Chain 0 / VAL381,
dataset,mmpbsa_metrics.TOTAL__average,Imported: TOTAL__average,sdt5-homo-4,sdt5-homo-4 (sdt5-homo-4),Chain 0::382,382,Chain 0,Chain 0 / PHE382,Chain 0 / PHE382,-0.8304855663999999
dataset,mmpbsa_metrics.TOTAL__average,Imported: TOTAL__average,sdt5-homo-4,sdt5-homo-4 (sdt5-homo-4),Chain 0::383,383,Chain 0,Chain 0 / ALA383,Chain 0 / ALA383,-0.28797266720000003
dataset,mmpbsa_metrics.TOTAL__average,Imported: TOTAL__average,sdt5-homo-4,sdt5-homo-4 (sdt5-homo-4),Chain 0::384,384,Chain 0,Chain 0 / GLU384,Chain 0 / GLU384,0.17234324800000014
dataset,mmpbsa_metrics.TOTAL__average,Imported: TOTAL__average,sdt5-homo-4,sdt5-homo-4 (sdt5-homo-4),Chain 0::385,385,Chain 0,Chain 0 / GLN385,Chain 0 / GLN385,
dataset,mmpbsa_metrics.TOTAL__average,Imported: TOTAL__average,sdt5-homo-4,sdt5-homo-4 (sdt5-homo-4),Chain 0::388,388,Chain 0,Chain 0 / ASN388,Chain 0 / ASN388,
dataset,mmpbsa_metrics.TOTAL__average,Imported: TOTAL__average,sdt5-homo-4,sdt5-homo-4 (sdt5-homo-4),Chain 0::407,407,Chain 0,Chain 0 / TRP407,Chain 0 / TRP407,-0.3960610080000004
dataset,mmpbsa_metrics.TOTAL__average,Imported: TOTAL__average,sdt5-homo-4,sdt5-homo-4 (sdt5-homo-4),Chain 0::408,408,Chain 0,Chain 0 / ARG408,Chain 0 / LYS408,
dataset,mmpbsa_metrics.TOTAL__average,Imported: TOTAL__average,sdt5-homo-4,sdt5-homo-4 (sdt5-homo-4),Chain 0::409,409,Chain 0,Chain 0 / ARG409,Chain 0 / ARG409,-0.3851506024000007
dataset,mmpbsa_metrics.TOTAL__average,Imported: TOTAL__average,sdt5-homo-4,sdt5-homo-4 (sdt5-homo-4),Chain 0::410,410,Chain 0,Chain 0 / TYR410,Chain 0 / GLU410,
dataset,mmpbsa_metrics.TOTAL__average,Imported: TOTAL__average,sdt8-homo,sdt8-homo (sdt8-homo),Chain 0::11,11,Chain 0,Chain 0 / VAL11,Chain 0 / VAL11,-0.12442345519999998
dataset,mmpbsa_metrics.TOTAL__average,Imported: TOTAL__average,sdt8-homo,sdt8-homo (sdt8-homo),Chain 0::12,12,Chain 0,Chain 0 / MET12,Chain 0 / MET12,
dataset,mmpbsa_metrics.TOTAL__average,Imported: TOTAL__average,sdt8-homo,sdt8-homo (sdt8-homo),Chain 0::13,13,Chain 0,Chain 0 / ALA13,Chain 0 / ALA13,-0.019689984799999904
dataset,mmpbsa_metrics.TOTAL__average,Imported: TOTAL__average,sdt8-homo,sdt8-homo (sdt8-homo),Chain 0::14,14,Chain 0,Chain 0 / HIS14,Chain 0 / HIS14,
dataset,mmpbsa_metrics.TOTAL__average,Imported: TOTAL__average,sdt8-homo,sdt8-homo (sdt8-homo),Chain 0::15,15,Chain 0,Chain 0 / GLY15,Chain 0 / GLY15,-0.0083039152
dataset,mmpbsa_metrics.TOTAL__average,Imported: TOTAL__average,sdt8-homo,sdt8-homo (sdt8-homo),Chain 0::16,16,Chain 0,Chain 0 / HISD16,Chain 0 / HISD16,0.3207609824
dataset,mmpbsa_metrics.TOTAL__average,Imported: TOTAL__average,sdt8-homo,sdt8-homo (sdt8-homo),Chain 0::17,17,Chain 0,Chain 0 / MET17,Chain 0 / MET17,
dataset,mmpbsa_metrics.TOTAL__average,Imported: TOTAL__average,sdt8-homo,sdt8-homo (sdt8-homo),Chain 0::80,80,Chain 0,Chain 0 / ARG80,Chain 0 / ARG80,
dataset,mmpbsa_metrics.TOTAL__average,Imported: TOTAL__average,sdt8-homo,sdt8-homo (sdt8-homo),Chain 0::81,81,Chain 0,Chain 0 / LEU81,Chain 0 / LEU81,-0.29716704159999996
dataset,mmpbsa_metrics.TOTAL__average,Imported: TOTAL__average,sdt8-homo,sdt8-homo (sdt8-homo),Chain 0::82,82,Chain 0,Chain 0 / ASP82,Chain 0 / ASP82,
dataset,mmpbsa_metrics.TOTAL__average,Imported: TOTAL__average,sdt8-homo,sdt8-homo (sdt8-homo),Chain 0::83,83,Chain 0,Chain 0 / GLN83,Chain 0 / GLN83,
dataset,mmpbsa_metrics.TOTAL__average,Imported: TOTAL__average,sdt8-homo,sdt8-homo (sdt8-homo),Chain 0::84,84,Chain 0,Chain 0 / VAL84,Chain 0 / VAL84,
dataset,mmpbsa_metrics.TOTAL__average,Imported: TOTAL__average,sdt8-homo,sdt8-homo (sdt8-homo),Chain 0::85,85,Chain 0,Chain 0 / PRO85,Chain 0 / PRO85,
dataset,mmpbsa_metrics.TOTAL__average,Imported: TOTAL__average,sdt8-homo,sdt8-homo (sdt8-homo),Chain 0::87,87,Chain 0,Chain 0 / ASP87,Chain 0 / ASP87,
dataset,mmpbsa_metrics.TOTAL__average,Imported: TOTAL__average,sdt8-homo,sdt8-homo (sdt8-homo),Chain 0::90,90,Chain 0,Chain 0 / LEU90,Chain 0 / LEU90,-0.37941990159999983
dataset,mmpbsa_metrics.TOTAL__average,Imported: TOTAL__average,sdt8-homo,sdt8-homo (sdt8-homo),Chain 0::93,93,Chain 0,Chain 0 / PHE93,Chain 0 / PHE93,
dataset,mmpbsa_metrics.TOTAL__average,Imported: TOTAL__average,sdt8-homo,sdt8-homo (sdt8-homo),Chain 0::94,94,Chain 0,Chain 0 / PHE94,Chain 0 / PHE94,-0.14633862400000003
dataset,mmpbsa_metrics.TOTAL__average,Imported: TOTAL__average,sdt8-homo,sdt8-homo (sdt8-homo),Chain 0::119,119,Chain 0,Chain 0 / ASP119,Chain 0 / ASP119,
dataset,mmpbsa_metrics.TOTAL__average,Imported: TOTAL__average,sdt8-homo,sdt8-homo (sdt8-homo),Chain 0::120,120,Chain 0,Chain 0 / MET120,Chain 0 / MET120,
dataset,mmpbsa_metrics.TOTAL__average,Imported: TOTAL__average,sdt8-homo,sdt8-homo (sdt8-homo),Chain 0::121,121,Chain 0,Chain 0 / PHE121,Chain 0 / PHE121,-0.7775806424
dataset,mmpbsa_metrics.TOTAL__average,Imported: TOTAL__average,sdt8-homo,sdt8-homo (sdt8-homo),Chain 0::139,139,Chain 0,Chain 0 / PHE139,Chain 0 / PHE139,
dataset,mmpbsa_metrics.TOTAL__average,Imported: TOTAL__average,sdt8-homo,sdt8-homo (sdt8-homo),Chain 0::140,140,Chain 0,Chain 0 / HIS140,Chain 0 / HIS140,0.0237080384
dataset,mmpbsa_metrics.TOTAL__average,Imported: TOTAL__average,sdt8-homo,sdt8-homo (sdt8-homo),Chain 0::141,141,Chain 0,Chain 0 / GLY141,Chain 0 / GLY141,0.013859029599999956
dataset,mmpbsa_metrics.TOTAL__average,Imported: TOTAL__average,sdt8-homo,sdt8-homo (sdt8-homo),Chain 0::142,142,Chain 0,Chain 0 / THR142,Chain 0 / THR142,-0.024048229600000002
dataset,mmpbsa_metrics.TOTAL__average,Imported: TOTAL__average,sdt8-homo,sdt8-homo (sdt8-homo),Chain 0::150,150,Chain 0,Chain 0 / GLU150,Chain 0 / GLU150,
dataset,mmpbsa_metrics.TOTAL__average,Imported: TOTAL__average,sdt8-homo,sdt8-homo (sdt8-homo),Chain 0::186,186,Chain 0,Chain 0 / SER186,Chain 0 / SER186,-0.023230388800000057
dataset,mmpbsa_metrics.TOTAL__average,Imported: TOTAL__average,sdt8-homo,sdt8-homo (sdt8-homo),Chain 0::187,187,Chain 0,Chain 0 / PRO187,Chain 0 / PRO187,
dataset,mmpbsa_metrics.TOTAL__average,Imported: TOTAL__average,sdt8-homo,sdt8-homo (sdt8-homo),Chain 0::188,188,Chain 0,Chain 0 / PHE188,Chain 0 / PHE188,-1.4057615175999998
dataset,mmpbsa_metrics.TOTAL__average,Imported: TOTAL__average,sdt8-homo,sdt8-homo (sdt8-homo),Chain 0::197,197,Chain 0,Chain 0 / MET197,Chain 0 / MET197,-1.0980906551999998
dataset,mmpbsa_metrics.TOTAL__average,Imported: TOTAL__average,sdt8-homo,sdt8-homo (sdt8-homo),Chain 0::200,200,Chain 0,Chain 0 / LEU200,Chain 0 / ARG200,
dataset,mmpbsa_metrics.TOTAL__average,Imported: TOTAL__average,sdt8-homo,sdt8-homo (sdt8-homo),Chain 0::201,201,Chain 0,Chain 0 / ILE201,Chain 0 / ILE201,-0.8212727216000002
dataset,mmpbsa_metrics.TOTAL__average,Imported: TOTAL__average,sdt8-homo,sdt8-homo (sdt8-homo),Chain 0::204,204,Chain 0,Chain 0 / MET204,Chain 0 / MET204,
dataset,mmpbsa_metrics.TOTAL__average,Imported: TOTAL__average,sdt8-homo,sdt8-homo (sdt8-homo),Chain 0::205,205,Chain 0,Chain 0 / ARG205,Chain 0 / TYR205,-0.03398120639999995
dataset,mmpbsa_metrics.TOTAL__average,Imported: TOTAL__average,sdt8-homo,sdt8-homo (sdt8-homo),Chain 0::287,287,Chain 0,Chain 0 / SER287,Chain 0 / SER287,
dataset,mmpbsa_metrics.TOTAL__average,Imported: TOTAL__average,sdt8-homo,sdt8-homo (sdt8-homo),Chain 0::288,288,Chain 0,Chain 0 / VAL288,Chain 0 / VAL288,-0.14034135039999995
dataset,mmpbsa_metrics.TOTAL__average,Imported: TOTAL__average,sdt8-homo,sdt8-homo (sdt8-homo),Chain 0::289,289,Chain 0,Chain 0 / ALA289,Chain 0 / ALA289,
dataset,mmpbsa_metrics.TOTAL__average,Imported: TOTAL__average,sdt8-homo,sdt8-homo (sdt8-homo),Chain 0::290,290,Chain 0,Chain 0 / ARG290,Chain 0 / ARG290,
dataset,mmpbsa_metrics.TOTAL__average,Imported: TOTAL__average,sdt8-homo,sdt8-homo (sdt8-homo),Chain 0::315,315,Chain 0,Chain 0 / ARG315,Chain 0 / ARG315,
dataset,mmpbsa_metrics.TOTAL__average,Imported: TOTAL__average,sdt8-homo,sdt8-homo (sdt8-homo),Chain 0::363,363,Chain 0,Chain 0 / TRP363,Chain 0 / TRP363,
dataset,mmpbsa_metrics.TOTAL__average,Imported: TOTAL__average,sdt8-homo,sdt8-homo (sdt8-homo),Chain 0::364,364,Chain 0,Chain 0 / ASN364,Chain 0 / ASN364,
dataset,mmpbsa_metrics.TOTAL__average,Imported: TOTAL__average,sdt8-homo,sdt8-homo (sdt8-homo),Chain 0::381,381,Chain 0,Chain 0 / VAL381,Chain 0 / VAL381,
dataset,mmpbsa_metrics.TOTAL__average,Imported: TOTAL__average,sdt8-homo,sdt8-homo (sdt8-homo),Chain 0::382,382,Chain 0,Chain 0 / PHE382,Chain 0 / PHE382,-0.5629663816000002
dataset,mmpbsa_metrics.TOTAL__average,Imported: TOTAL__average,sdt8-homo,sdt8-homo (sdt8-homo),Chain 0::383,383,Chain 0,Chain 0 / ALA383,Chain 0 / ALA383,-0.24405448080000006
dataset,mmpbsa_metrics.TOTAL__average,Imported: TOTAL__average,sdt8-homo,sdt8-homo (sdt8-homo),Chain 0::384,384,Chain 0,Chain 0 / GLU384,Chain 0 / GLU384,-0.7719911080000001
dataset,mmpbsa_metrics.TOTAL__average,Imported: TOTAL__average,sdt8-homo,sdt8-homo (sdt8-homo),Chain 0::385,385,Chain 0,Chain 0 / GLN385,Chain 0 / GLN385,-0.05281763919999969
dataset,mmpbsa_metrics.TOTAL__average,Imported: TOTAL__average,sdt8-homo,sdt8-homo (sdt8-homo),Chain 0::388,388,Chain 0,Chain 0 / ASN388,Chain 0 / ASN388,
dataset,mmpbsa_metrics.TOTAL__average,Imported: TOTAL__average,sdt8-homo,sdt8-homo (sdt8-homo),Chain 0::407,407,Chain 0,Chain 0 / TRP407,Chain 0 / TRP407,-0.21069573519999976
dataset,mmpbsa_metrics.TOTAL__average,Imported: TOTAL__average,sdt8-homo,sdt8-homo (sdt8-homo),Chain 0::408,408,Chain 0,Chain 0 / ARG408,Chain 0 / LYS408,
dataset,mmpbsa_metrics.TOTAL__average,Imported: TOTAL__average,sdt8-homo,sdt8-homo (sdt8-homo),Chain 0::409,409,Chain 0,Chain 0 / ARG409,Chain 0 / ARG409,-0.19008241839999954
dataset,mmpbsa_metrics.TOTAL__average,Imported: TOTAL__average,sdt8-homo,sdt8-homo (sdt8-homo),Chain 0::410,410,Chain 0,Chain 0 / TYR410,Chain 0 / ARG410,
dataset,mmpbsa_metrics.TOTAL__average,Imported: TOTAL__average,sdt8-homo-2,sdt8-homo-2 (sdt8-homo-2),Chain 0::11,11,Chain 0,Chain 0 / VAL11,Chain 0 / VAL11,-0.028940803999999962
dataset,mmpbsa_metrics.TOTAL__average,Imported: TOTAL__average,sdt8-homo-2,sdt8-homo-2 (sdt8-homo-2),Chain 0::12,12,Chain 0,Chain 0 / MET12,Chain 0 / MET12,
dataset,mmpbsa_metrics.TOTAL__average,Imported: TOTAL__average,sdt8-homo-2,sdt8-homo-2 (sdt8-homo-2),Chain 0::13,13,Chain 0,Chain 0 / ALA13,Chain 0 / ALA13,-0.1052817736
dataset,mmpbsa_metrics.TOTAL__average,Imported: TOTAL__average,sdt8-homo-2,sdt8-homo-2 (sdt8-homo-2),Chain 0::14,14,Chain 0,Chain 0 / HIS14,Chain 0 / HIS14,-0.015313292799999993
dataset,mmpbsa_metrics.TOTAL__average,Imported: TOTAL__average,sdt8-homo-2,sdt8-homo-2 (sdt8-homo-2),Chain 0::15,15,Chain 0,Chain 0 / GLY15,Chain 0 / GLY15,-0.12614827280000002
dataset,mmpbsa_metrics.TOTAL__average,Imported: TOTAL__average,sdt8-homo-2,sdt8-homo-2 (sdt8-homo-2),Chain 0::16,16,Chain 0,Chain 0 / HISD16,Chain 0 / HISD16,0.06018981999999999
dataset,mmpbsa_metrics.TOTAL__average,Imported: TOTAL__average,sdt8-homo-2,sdt8-homo-2 (sdt8-homo-2),Chain 0::17,17,Chain 0,Chain 0 / MET17,Chain 0 / MET17,-0.007732000000000015
dataset,mmpbsa_metrics.TOTAL__average,Imported: TOTAL__average,sdt8-homo-2,sdt8-homo-2 (sdt8-homo-2),Chain 0::80,80,Chain 0,Chain 0 / ARG80,Chain 0 / ARG80,
dataset,mmpbsa_metrics.TOTAL__average,Imported: TOTAL__average,sdt8-homo-2,sdt8-homo-2 (sdt8-homo-2),Chain 0::81,81,Chain 0,Chain 0 / LEU81,Chain 0 / LEU81,-1.5784055656
dataset,mmpbsa_metrics.TOTAL__average,Imported: TOTAL__average,sdt8-homo-2,sdt8-homo-2 (sdt8-homo-2),Chain 0::82,82,Chain 0,Chain 0 / ASP82,Chain 0 / ASP82,-0.3576773704000005
dataset,mmpbsa_metrics.TOTAL__average,Imported: TOTAL__average,sdt8-homo-2,sdt8-homo-2 (sdt8-homo-2),Chain 0::83,83,Chain 0,Chain 0 / GLN83,Chain 0 / GLN83,
dataset,mmpbsa_metrics.TOTAL__average,Imported: TOTAL__average,sdt8-homo-2,sdt8-homo-2 (sdt8-homo-2),Chain 0::84,84,Chain 0,Chain 0 / VAL84,Chain 0 / VAL84,
dataset,mmpbsa_metrics.TOTAL__average,Imported: TOTAL__average,sdt8-homo-2,sdt8-homo-2 (sdt8-homo-2),Chain 0::85,85,Chain 0,Chain 0 / PRO85,Chain 0 / PRO85,
dataset,mmpbsa_metrics.TOTAL__average,Imported: TOTAL__average,sdt8-homo-2,sdt8-homo-2 (sdt8-homo-2),Chain 0::87,87,Chain 0,Chain 0 / ASP87,Chain 0 / ASP87,
dataset,mmpbsa_metrics.TOTAL__average,Imported: TOTAL__average,sdt8-homo-2,sdt8-homo-2 (sdt8-homo-2),Chain 0::90,90,Chain 0,Chain 0 / LEU90,Chain 0 / LEU90,-0.6429183919999999
dataset,mmpbsa_metrics.TOTAL__average,Imported: TOTAL__average,sdt8-homo-2,sdt8-homo-2 (sdt8-homo-2),Chain 0::93,93,Chain 0,Chain 0 / PHE93,Chain 0 / PHE93,
dataset,mmpbsa_metrics.TOTAL__average,Imported: TOTAL__average,sdt8-homo-2,sdt8-homo-2 (sdt8-homo-2),Chain 0::94,94,Chain 0,Chain 0 / PHE94,Chain 0 / PHE94,
dataset,mmpbsa_metrics.TOTAL__average,Imported: TOTAL__average,sdt8-homo-2,sdt8-homo-2 (sdt8-homo-2),Chain 0::119,119,Chain 0,Chain 0 / ASP119,Chain 0 / ASP119,0.08019399999999992
dataset,mmpbsa_metrics.TOTAL__average,Imported: TOTAL__average,sdt8-homo-2,sdt8-homo-2 (sdt8-homo-2),Chain 0::120,120,Chain 0,Chain 0 / MET120,Chain 0 / MET120,-0.02037281439999993
dataset,mmpbsa_metrics.TOTAL__average,Imported: TOTAL__average,sdt8-homo-2,sdt8-homo-2 (sdt8-homo-2),Chain 0::121,121,Chain 0,Chain 0 / PHE121,Chain 0 / PHE121,-0.17658258480000036
dataset,mmpbsa_metrics.TOTAL__average,Imported: TOTAL__average,sdt8-homo-2,sdt8-homo-2 (sdt8-homo-2),Chain 0::139,139,Chain 0,Chain 0 / PHE139,Chain 0 / PHE139,0.006991000000000035
dataset,mmpbsa_metrics.TOTAL__average,Imported: TOTAL__average,sdt8-homo-2,sdt8-homo-2 (sdt8-homo-2),Chain 0::140,140,Chain 0,Chain 0 / HIS140,Chain 0 / HIS140,0.01233399999999995
dataset,mmpbsa_metrics.TOTAL__average,Imported: TOTAL__average,sdt8-homo-2,sdt8-homo-2 (sdt8-homo-2),Chain 0::141,141,Chain 0,Chain 0 / GLY141,Chain 0 / GLY141,0.018073
dataset,mmpbsa_metrics.TOTAL__average,Imported: TOTAL__average,sdt8-homo-2,sdt8-homo-2 (sdt8-homo-2),Chain 0::142,142,Chain 0,Chain 0 / THR142,Chain 0 / THR142,
dataset,mmpbsa_metrics.TOTAL__average,Imported: TOTAL__average,sdt8-homo-2,sdt8-homo-2 (sdt8-homo-2),Chain 0::150,150,Chain 0,Chain 0 / GLU150,Chain 0 / GLU150,
dataset,mmpbsa_metrics.TOTAL__average,Imported: TOTAL__average,sdt8-homo-2,sdt8-homo-2 (sdt8-homo-2),Chain 0::186,186,Chain 0,Chain 0 / SER186,Chain 0 / SER186,
dataset,mmpbsa_metrics.TOTAL__average,Imported: TOTAL__average,sdt8-homo-2,sdt8-homo-2 (sdt8-homo-2),Chain 0::187,187,Chain 0,Chain 0 / PRO187,Chain 0 / PRO187,
dataset,mmpbsa_metrics.TOTAL__average,Imported: TOTAL__average,sdt8-homo-2,sdt8-homo-2 (sdt8-homo-2),Chain 0::188,188,Chain 0,Chain 0 / PHE188,Chain 0 / PHE188,
dataset,mmpbsa_metrics.TOTAL__average,Imported: TOTAL__average,sdt8-homo-2,sdt8-homo-2 (sdt8-homo-2),Chain 0::197,197,Chain 0,Chain 0 / MET197,Chain 0 / MET197,-0.031873168799999976
dataset,mmpbsa_metrics.TOTAL__average,Imported: TOTAL__average,sdt8-homo-2,sdt8-homo-2 (sdt8-homo-2),Chain 0::200,200,Chain 0,Chain 0 / LEU200,Chain 0 / ARG200,
dataset,mmpbsa_metrics.TOTAL__average,Imported: TOTAL__average,sdt8-homo-2,sdt8-homo-2 (sdt8-homo-2),Chain 0::201,201,Chain 0,Chain 0 / ILE201,Chain 0 / ILE201,
dataset,mmpbsa_metrics.TOTAL__average,Imported: TOTAL__average,sdt8-homo-2,sdt8-homo-2 (sdt8-homo-2),Chain 0::204,204,Chain 0,Chain 0 / MET204,Chain 0 / MET204,-0.006714501599999908
dataset,mmpbsa_metrics.TOTAL__average,Imported: TOTAL__average,sdt8-homo-2,sdt8-homo-2 (sdt8-homo-2),Chain 0::205,205,Chain 0,Chain 0 / ARG205,Chain 0 / TYR205,0.0010278695999999287
dataset,mmpbsa_metrics.TOTAL__average,Imported: TOTAL__average,sdt8-homo-2,sdt8-homo-2 (sdt8-homo-2),Chain 0::287,287,Chain 0,Chain 0 / SER287,Chain 0 / SER287,-0.06087791279999996
dataset,mmpbsa_metrics.TOTAL__average,Imported: TOTAL__average,sdt8-homo-2,sdt8-homo-2 (sdt8-homo-2),Chain 0::288,288,Chain 0,Chain 0 / VAL288,Chain 0 / VAL288,-1.3072283928
dataset,mmpbsa_metrics.TOTAL__average,Imported: TOTAL__average,sdt8-homo-2,sdt8-homo-2 (sdt8-homo-2),Chain 0::289,289,Chain 0,Chain 0 / ALA289,Chain 0 / ALA289,
dataset,mmpbsa_metrics.TOTAL__average,Imported: TOTAL__average,sdt8-homo-2,sdt8-homo-2 (sdt8-homo-2),Chain 0::290,290,Chain 0,Chain 0 / ARG290,Chain 0 / ARG290,
dataset,mmpbsa_metrics.TOTAL__average,Imported: TOTAL__average,sdt8-homo-2,sdt8-homo-2 (sdt8-homo-2),Chain 0::315,315,Chain 0,Chain 0 / ARG315,Chain 0 / ARG315,
dataset,mmpbsa_metrics.TOTAL__average,Imported: TOTAL__average,sdt8-homo-2,sdt8-homo-2 (sdt8-homo-2),Chain 0::363,363,Chain 0,Chain 0 / TRP363,Chain 0 / TRP363,
dataset,mmpbsa_metrics.TOTAL__average,Imported: TOTAL__average,sdt8-homo-2,sdt8-homo-2 (sdt8-homo-2),Chain 0::364,364,Chain 0,Chain 0 / ASN364,Chain 0 / ASN364,-0.09145700000000022
dataset,mmpbsa_metrics.TOTAL__average,Imported: TOTAL__average,sdt8-homo-2,sdt8-homo-2 (sdt8-homo-2),Chain 0::381,381,Chain 0,Chain 0 / VAL381,Chain 0 / VAL381,
dataset,mmpbsa_metrics.TOTAL__average,Imported: TOTAL__average,sdt8-homo-2,sdt8-homo-2 (sdt8-homo-2),Chain 0::382,382,Chain 0,Chain 0 / PHE382,Chain 0 / PHE382,-1.1097418272
dataset,mmpbsa_metrics.TOTAL__average,Imported: TOTAL__average,sdt8-homo-2,sdt8-homo-2 (sdt8-homo-2),Chain 0::383,383,Chain 0,Chain 0 / ALA383,Chain 0 / ALA383,-0.05013798559999993
dataset,mmpbsa_metrics.TOTAL__average,Imported: TOTAL__average,sdt8-homo-2,sdt8-homo-2 (sdt8-homo-2),Chain 0::384,384,Chain 0,Chain 0 / GLU384,Chain 0 / GLU384,
dataset,mmpbsa_metrics.TOTAL__average,Imported: TOTAL__average,sdt8-homo-2,sdt8-homo-2 (sdt8-homo-2),Chain 0::385,385,Chain 0,Chain 0 / GLN385,Chain 0 / GLN385,
dataset,mmpbsa_metrics.TOTAL__average,Imported: TOTAL__average,sdt8-homo-2,sdt8-homo-2 (sdt8-homo-2),Chain 0::388,388,Chain 0,Chain 0 / ASN388,Chain 0 / ASN388,
dataset,mmpbsa_metrics.TOTAL__average,Imported: TOTAL__average,sdt8-homo-2,sdt8-homo-2 (sdt8-homo-2),Chain 0::407,407,Chain 0,Chain 0 / TRP407,Chain 0 / TRP407,-0.062280592800000034
dataset,mmpbsa_metrics.TOTAL__average,Imported: TOTAL__average,sdt8-homo-2,sdt8-homo-2 (sdt8-homo-2),Chain 0::408,408,Chain 0,Chain 0 / ARG408,Chain 0 / LYS408,
dataset,mmpbsa_metrics.TOTAL__average,Imported: TOTAL__average,sdt8-homo-2,sdt8-homo-2 (sdt8-homo-2),Chain 0::409,409,Chain 0,Chain 0 / ARG409,Chain 0 / ARG409,-1.9678588648000008
dataset,mmpbsa_metrics.TOTAL__average,Imported: TOTAL__average,sdt8-homo-2,sdt8-homo-2 (sdt8-homo-2),Chain 0::410,410,Chain 0,Chain 0 / TYR410,Chain 0 / ARG410,-0.4656681296000005
dataset,mmpbsa_metrics.TOTAL__average,Imported: TOTAL__average,sdt8-homo-3,sdt8-homo-3 (sdt8-homo-3),Chain 0::11,11,Chain 0,Chain 0 / VAL11,Chain 0 / VAL11,-0.0025460000000000916
dataset,mmpbsa_metrics.TOTAL__average,Imported: TOTAL__average,sdt8-homo-3,sdt8-homo-3 (sdt8-homo-3),Chain 0::12,12,Chain 0,Chain 0 / MET12,Chain 0 / MET12,
dataset,mmpbsa_metrics.TOTAL__average,Imported: TOTAL__average,sdt8-homo-3,sdt8-homo-3 (sdt8-homo-3),Chain 0::13,13,Chain 0,Chain 0 / ALA13,Chain 0 / ALA13,-0.0001268712000001102
dataset,mmpbsa_metrics.TOTAL__average,Imported: TOTAL__average,sdt8-homo-3,sdt8-homo-3 (sdt8-homo-3),Chain 0::14,14,Chain 0,Chain 0 / HIS14,Chain 0 / HIS14,
dataset,mmpbsa_metrics.TOTAL__average,Imported: TOTAL__average,sdt8-homo-3,sdt8-homo-3 (sdt8-homo-3),Chain 0::15,15,Chain 0,Chain 0 / GLY15,Chain 0 / GLY15,
dataset,mmpbsa_metrics.TOTAL__average,Imported: TOTAL__average,sdt8-homo-3,sdt8-homo-3 (sdt8-homo-3),Chain 0::16,16,Chain 0,Chain 0 / HISD16,Chain 0 / HISD16,0.01978866639999998
dataset,mmpbsa_metrics.TOTAL__average,Imported: TOTAL__average,sdt8-homo-3,sdt8-homo-3 (sdt8-homo-3),Chain 0::17,17,Chain 0,Chain 0 / MET17,Chain 0 / MET17,
dataset,mmpbsa_metrics.TOTAL__average,Imported: TOTAL__average,sdt8-homo-3,sdt8-homo-3 (sdt8-homo-3),Chain 0::80,80,Chain 0,Chain 0 / ARG80,Chain 0 / ARG80,
dataset,mmpbsa_metrics.TOTAL__average,Imported: TOTAL__average,sdt8-homo-3,sdt8-homo-3 (sdt8-homo-3),Chain 0::81,81,Chain 0,Chain 0 / LEU81,Chain 0 / LEU81,-0.033213131199999996
dataset,mmpbsa_metrics.TOTAL__average,Imported: TOTAL__average,sdt8-homo-3,sdt8-homo-3 (sdt8-homo-3),Chain 0::82,82,Chain 0,Chain 0 / ASP82,Chain 0 / ASP82,
dataset,mmpbsa_metrics.TOTAL__average,Imported: TOTAL__average,sdt8-homo-3,sdt8-homo-3 (sdt8-homo-3),Chain 0::83,83,Chain 0,Chain 0 / GLN83,Chain 0 / GLN83,
dataset,mmpbsa_metrics.TOTAL__average,Imported: TOTAL__average,sdt8-homo-3,sdt8-homo-3 (sdt8-homo-3),Chain 0::84,84,Chain 0,Chain 0 / VAL84,Chain 0 / VAL84,
dataset,mmpbsa_metrics.TOTAL__average,Imported: TOTAL__average,sdt8-homo-3,sdt8-homo-3 (sdt8-homo-3),Chain 0::85,85,Chain 0,Chain 0 / PRO85,Chain 0 / PRO85,
dataset,mmpbsa_metrics.TOTAL__average,Imported: TOTAL__average,sdt8-homo-3,sdt8-homo-3 (sdt8-homo-3),Chain 0::87,87,Chain 0,Chain 0 / ASP87,Chain 0 / ASP87,-0.1431853895999995
dataset,mmpbsa_metrics.TOTAL__average,Imported: TOTAL__average,sdt8-homo-3,sdt8-homo-3 (sdt8-homo-3),Chain 0::90,90,Chain 0,Chain 0 / LEU90,Chain 0 / LEU90,-0.18714268719999994
dataset,mmpbsa_metrics.TOTAL__average,Imported: TOTAL__average,sdt8-homo-3,sdt8-homo-3 (sdt8-homo-3),Chain 0::93,93,Chain 0,Chain 0 / PHE93,Chain 0 / PHE93,
dataset,mmpbsa_metrics.TOTAL__average,Imported: TOTAL__average,sdt8-homo-3,sdt8-homo-3 (sdt8-homo-3),Chain 0::94,94,Chain 0,Chain 0 / PHE94,Chain 0 / PHE94,
dataset,mmpbsa_metrics.TOTAL__average,Imported: TOTAL__average,sdt8-homo-3,sdt8-homo-3 (sdt8-homo-3),Chain 0::119,119,Chain 0,Chain 0 / ASP119,Chain 0 / ASP119,
dataset,mmpbsa_metrics.TOTAL__average,Imported: TOTAL__average,sdt8-homo-3,sdt8-homo-3 (sdt8-homo-3),Chain 0::120,120,Chain 0,Chain 0 / MET120,Chain 0 / MET120,
dataset,mmpbsa_metrics.TOTAL__average,Imported: TOTAL__average,sdt8-homo-3,sdt8-homo-3 (sdt8-homo-3),Chain 0::121,121,Chain 0,Chain 0 / PHE121,Chain 0 / PHE121,-0.02731061760000012
dataset,mmpbsa_metrics.TOTAL__average,Imported: TOTAL__average,sdt8-homo-3,sdt8-homo-3 (sdt8-homo-3),Chain 0::139,139,Chain 0,Chain 0 / PHE139,Chain 0 / PHE139,
dataset,mmpbsa_metrics.TOTAL__average,Imported: TOTAL__average,sdt8-homo-3,sdt8-homo-3 (sdt8-homo-3),Chain 0::140,140,Chain 0,Chain 0 / HIS140,Chain 0 / HIS140,
dataset,mmpbsa_metrics.TOTAL__average,Imported: TOTAL__average,sdt8-homo-3,sdt8-homo-3 (sdt8-homo-3),Chain 0::141,141,Chain 0,Chain 0 / GLY141,Chain 0 / GLY141,
dataset,mmpbsa_metrics.TOTAL__average,Imported: TOTAL__average,sdt8-homo-3,sdt8-homo-3 (sdt8-homo-3),Chain 0::142,142,Chain 0,Chain 0 / THR142,Chain 0 / THR142,
dataset,mmpbsa_metrics.TOTAL__average,Imported: TOTAL__average,sdt8-homo-3,sdt8-homo-3 (sdt8-homo-3),Chain 0::150,150,Chain 0,Chain 0 / GLU150,Chain 0 / GLU150,
dataset,mmpbsa_metrics.TOTAL__average,Imported: TOTAL__average,sdt8-homo-3,sdt8-homo-3 (sdt8-homo-3),Chain 0::186,186,Chain 0,Chain 0 / SER186,Chain 0 / SER186,-0.006452271200000034
dataset,mmpbsa_metrics.TOTAL__average,Imported: TOTAL__average,sdt8-homo-3,sdt8-homo-3 (sdt8-homo-3),Chain 0::187,187,Chain 0,Chain 0 / PRO187,Chain 0 / PRO187,
dataset,mmpbsa_metrics.TOTAL__average,Imported: TOTAL__average,sdt8-homo-3,sdt8-homo-3 (sdt8-homo-3),Chain 0::188,188,Chain 0,Chain 0 / PHE188,Chain 0 / PHE188,
dataset,mmpbsa_metrics.TOTAL__average,Imported: TOTAL__average,sdt8-homo-3,sdt8-homo-3 (sdt8-homo-3),Chain 0::197,197,Chain 0,Chain 0 / MET197,Chain 0 / MET197,
dataset,mmpbsa_metrics.TOTAL__average,Imported: TOTAL__average,sdt8-homo-3,sdt8-homo-3 (sdt8-homo-3),Chain 0::200,200,Chain 0,Chain 0 / LEU200,Chain 0 / ARG200,
dataset,mmpbsa_metrics.TOTAL__average,Imported: TOTAL__average,sdt8-homo-3,sdt8-homo-3 (sdt8-homo-3),Chain 0::201,201,Chain 0,Chain 0 / ILE201,Chain 0 / ILE201,
dataset,mmpbsa_metrics.TOTAL__average,Imported: TOTAL__average,sdt8-homo-3,sdt8-homo-3 (sdt8-homo-3),Chain 0::204,204,Chain 0,Chain 0 / MET204,Chain 0 / MET204,
dataset,mmpbsa_metrics.TOTAL__average,Imported: TOTAL__average,sdt8-homo-3,sdt8-homo-3 (sdt8-homo-3),Chain 0::205,205,Chain 0,Chain 0 / ARG205,Chain 0 / TYR205,
dataset,mmpbsa_metrics.TOTAL__average,Imported: TOTAL__average,sdt8-homo-3,sdt8-homo-3 (sdt8-homo-3),Chain 0::287,287,Chain 0,Chain 0 / SER287,Chain 0 / SER287,-0.10494784720000001
dataset,mmpbsa_metrics.TOTAL__average,Imported: TOTAL__average,sdt8-homo-3,sdt8-homo-3 (sdt8-homo-3),Chain 0::288,288,Chain 0,Chain 0 / VAL288,Chain 0 / VAL288,-0.49046254559999997
dataset,mmpbsa_metrics.TOTAL__average,Imported: TOTAL__average,sdt8-homo-3,sdt8-homo-3 (sdt8-homo-3),Chain 0::289,289,Chain 0,Chain 0 / ALA289,Chain 0 / ALA289,
dataset,mmpbsa_metrics.TOTAL__average,Imported: TOTAL__average,sdt8-homo-3,sdt8-homo-3 (sdt8-homo-3),Chain 0::290,290,Chain 0,Chain 0 / ARG290,Chain 0 / ARG290,
dataset,mmpbsa_metrics.TOTAL__average,Imported: TOTAL__average,sdt8-homo-3,sdt8-homo-3 (sdt8-homo-3),Chain 0::315,315,Chain 0,Chain 0 / ARG315,Chain 0 / ARG315,
dataset,mmpbsa_metrics.TOTAL__average,Imported: TOTAL__average,sdt8-homo-3,sdt8-homo-3 (sdt8-homo-3),Chain 0::363,363,Chain 0,Chain 0 / TRP363,Chain 0 / TRP363,
dataset,mmpbsa_metrics.TOTAL__average,Imported: TOTAL__average,sdt8-homo-3,sdt8-homo-3 (sdt8-homo-3),Chain 0::364,364,Chain 0,Chain 0 / ASN364,Chain 0 / ASN364,
dataset,mmpbsa_metrics.TOTAL__average,Imported: TOTAL__average,sdt8-homo-3,sdt8-homo-3 (sdt8-homo-3),Chain 0::381,381,Chain 0,Chain 0 / VAL381,Chain 0 / VAL381,-0.11667146960000009
dataset,mmpbsa_metrics.TOTAL__average,Imported: TOTAL__average,sdt8-homo-3,sdt8-homo-3 (sdt8-homo-3),Chain 0::382,382,Chain 0,Chain 0 / PHE382,Chain 0 / PHE382,-0.8143489640000001
dataset,mmpbsa_metrics.TOTAL__average,Imported: TOTAL__average,sdt8-homo-3,sdt8-homo-3 (sdt8-homo-3),Chain 0::383,383,Chain 0,Chain 0 / ALA383,Chain 0 / ALA383,-0.04219286880000009
dataset,mmpbsa_metrics.TOTAL__average,Imported: TOTAL__average,sdt8-homo-3,sdt8-homo-3 (sdt8-homo-3),Chain 0::384,384,Chain 0,Chain 0 / GLU384,Chain 0 / GLU384,0.06753170479999966
dataset,mmpbsa_metrics.TOTAL__average,Imported: TOTAL__average,sdt8-homo-3,sdt8-homo-3 (sdt8-homo-3),Chain 0::385,385,Chain 0,Chain 0 / GLN385,Chain 0 / GLN385,
dataset,mmpbsa_metrics.TOTAL__average,Imported: TOTAL__average,sdt8-homo-3,sdt8-homo-3 (sdt8-homo-3),Chain 0::388,388,Chain 0,Chain 0 / ASN388,Chain 0 / ASN388,
dataset,mmpbsa_metrics.TOTAL__average,Imported: TOTAL__average,sdt8-homo-3,sdt8-homo-3 (sdt8-homo-3),Chain 0::407,407,Chain 0,Chain 0 / TRP407,Chain 0 / TRP407,-0.07442085039999978
dataset,mmpbsa_metrics.TOTAL__average,Imported: TOTAL__average,sdt8-homo-3,sdt8-homo-3 (sdt8-homo-3),Chain 0::408,408,Chain 0,Chain 0 / ARG408,Chain 0 / LYS408,-0.01161981760000003
dataset,mmpbsa_metrics.TOTAL__average,Imported: TOTAL__average,sdt8-homo-3,sdt8-homo-3 (sdt8-homo-3),Chain 0::409,409,Chain 0,Chain 0 / ARG409,Chain 0 / ARG409,-0.5078509623999978
dataset,mmpbsa_metrics.TOTAL__average,Imported: TOTAL__average,sdt8-homo-3,sdt8-homo-3 (sdt8-homo-3),Chain 0::410,410,Chain 0,Chain 0 / TYR410,Chain 0 / ARG410,-0.2363706703999978
dataset,mmpbsa_metrics.TOTAL__average,Imported: TOTAL__average,sdt8-homo-4,sdt8-homo-4 (sdt8-homo-4),Chain 0::11,11,Chain 0,Chain 0 / VAL11,Chain 0 / VAL11,-0.03820752800000001
dataset,mmpbsa_metrics.TOTAL__average,Imported: TOTAL__average,sdt8-homo-4,sdt8-homo-4 (sdt8-homo-4),Chain 0::12,12,Chain 0,Chain 0 / MET12,Chain 0 / MET12,-0.0033230000000000607
dataset,mmpbsa_metrics.TOTAL__average,Imported: TOTAL__average,sdt8-homo-4,sdt8-homo-4 (sdt8-homo-4),Chain 0::13,13,Chain 0,Chain 0 / ALA13,Chain 0 / ALA13,-0.04477066399999997
dataset,mmpbsa_metrics.TOTAL__average,Imported: TOTAL__average,sdt8-homo-4,sdt8-homo-4 (sdt8-homo-4),Chain 0::14,14,Chain 0,Chain 0 / HIS14,Chain 0 / HIS14,0.0015058151999999998
dataset,mmpbsa_metrics.TOTAL__average,Imported: TOTAL__average,sdt8-homo-4,sdt8-homo-4 (sdt8-homo-4),Chain 0::15,15,Chain 0,Chain 0 / GLY15,Chain 0 / GLY15,-0.006272670399999982
dataset,mmpbsa_metrics.TOTAL__average,Imported: TOTAL__average,sdt8-homo-4,sdt8-homo-4 (sdt8-homo-4),Chain 0::16,16,Chain 0,Chain 0 / HISD16,Chain 0 / HISD16,0.02922744239999998
dataset,mmpbsa_metrics.TOTAL__average,Imported: TOTAL__average,sdt8-homo-4,sdt8-homo-4 (sdt8-homo-4),Chain 0::17,17,Chain 0,Chain 0 / MET17,Chain 0 / MET17,
dataset,mmpbsa_metrics.TOTAL__average,Imported: TOTAL__average,sdt8-homo-4,sdt8-homo-4 (sdt8-homo-4),Chain 0::80,80,Chain 0,Chain 0 / ARG80,Chain 0 / ARG80,
dataset,mmpbsa_metrics.TOTAL__average,Imported: TOTAL__average,sdt8-homo-4,sdt8-homo-4 (sdt8-homo-4),Chain 0::81,81,Chain 0,Chain 0 / LEU81,Chain 0 / LEU81,-1.1698415344
dataset,mmpbsa_metrics.TOTAL__average,Imported: TOTAL__average,sdt8-homo-4,sdt8-homo-4 (sdt8-homo-4),Chain 0::82,82,Chain 0,Chain 0 / ASP82,Chain 0 / ASP82,-0.03433501519999993
dataset,mmpbsa_metrics.TOTAL__average,Imported: TOTAL__average,sdt8-homo-4,sdt8-homo-4 (sdt8-homo-4),Chain 0::83,83,Chain 0,Chain 0 / GLN83,Chain 0 / GLN83,
dataset,mmpbsa_metrics.TOTAL__average,Imported: TOTAL__average,sdt8-homo-4,sdt8-homo-4 (sdt8-homo-4),Chain 0::84,84,Chain 0,Chain 0 / VAL84,Chain 0 / VAL84,-0.4068172119999999
dataset,mmpbsa_metrics.TOTAL__average,Imported: TOTAL__average,sdt8-homo-4,sdt8-homo-4 (sdt8-homo-4),Chain 0::85,85,Chain 0,Chain 0 / PRO85,Chain 0 / PRO85,
dataset,mmpbsa_metrics.TOTAL__average,Imported: TOTAL__average,sdt8-homo-4,sdt8-homo-4 (sdt8-homo-4),Chain 0::87,87,Chain 0,Chain 0 / ASP87,Chain 0 / ASP87,-3.0011621359999996
dataset,mmpbsa_metrics.TOTAL__average,Imported: TOTAL__average,sdt8-homo-4,sdt8-homo-4 (sdt8-homo-4),Chain 0::90,90,Chain 0,Chain 0 / LEU90,Chain 0 / LEU90,-1.2358003496
dataset,mmpbsa_metrics.TOTAL__average,Imported: TOTAL__average,sdt8-homo-4,sdt8-homo-4 (sdt8-homo-4),Chain 0::93,93,Chain 0,Chain 0 / PHE93,Chain 0 / PHE93,
dataset,mmpbsa_metrics.TOTAL__average,Imported: TOTAL__average,sdt8-homo-4,sdt8-homo-4 (sdt8-homo-4),Chain 0::94,94,Chain 0,Chain 0 / PHE94,Chain 0 / PHE94,-0.14666114319999995
dataset,mmpbsa_metrics.TOTAL__average,Imported: TOTAL__average,sdt8-homo-4,sdt8-homo-4 (sdt8-homo-4),Chain 0::119,119,Chain 0,Chain 0 / ASP119,Chain 0 / ASP119,
dataset,mmpbsa_metrics.TOTAL__average,Imported: TOTAL__average,sdt8-homo-4,sdt8-homo-4 (sdt8-homo-4),Chain 0::120,120,Chain 0,Chain 0 / MET120,Chain 0 / MET120,
dataset,mmpbsa_metrics.TOTAL__average,Imported: TOTAL__average,sdt8-homo-4,sdt8-homo-4 (sdt8-homo-4),Chain 0::121,121,Chain 0,Chain 0 / PHE121,Chain 0 / PHE121,-0.2720665136000002
dataset,mmpbsa_metrics.TOTAL__average,Imported: TOTAL__average,sdt8-homo-4,sdt8-homo-4 (sdt8-homo-4),Chain 0::139,139,Chain 0,Chain 0 / PHE139,Chain 0 / PHE139,
dataset,mmpbsa_metrics.TOTAL__average,Imported: TOTAL__average,sdt8-homo-4,sdt8-homo-4 (sdt8-homo-4),Chain 0::140,140,Chain 0,Chain 0 / HIS140,Chain 0 / HIS140,
dataset,mmpbsa_metrics.TOTAL__average,Imported: TOTAL__average,sdt8-homo-4,sdt8-homo-4 (sdt8-homo-4),Chain 0::141,141,Chain 0,Chain 0 / GLY141,Chain 0 / GLY141,
dataset,mmpbsa_metrics.TOTAL__average,Imported: TOTAL__average,sdt8-homo-4,sdt8-homo-4 (sdt8-homo-4),Chain 0::142,142,Chain 0,Chain 0 / THR142,Chain 0 / THR142,
dataset,mmpbsa_metrics.TOTAL__average,Imported: TOTAL__average,sdt8-homo-4,sdt8-homo-4 (sdt8-homo-4),Chain 0::150,150,Chain 0,Chain 0 / GLU150,Chain 0 / GLU150,
dataset,mmpbsa_metrics.TOTAL__average,Imported: TOTAL__average,sdt8-homo-4,sdt8-homo-4 (sdt8-homo-4),Chain 0::186,186,Chain 0,Chain 0 / SER186,Chain 0 / SER186,
dataset,mmpbsa_metrics.TOTAL__average,Imported: TOTAL__average,sdt8-homo-4,sdt8-homo-4 (sdt8-homo-4),Chain 0::187,187,Chain 0,Chain 0 / PRO187,Chain 0 / PRO187,
dataset,mmpbsa_metrics.TOTAL__average,Imported: TOTAL__average,sdt8-homo-4,sdt8-homo-4 (sdt8-homo-4),Chain 0::188,188,Chain 0,Chain 0 / PHE188,Chain 0 / PHE188,
dataset,mmpbsa_metrics.TOTAL__average,Imported: TOTAL__average,sdt8-homo-4,sdt8-homo-4 (sdt8-homo-4),Chain 0::197,197,Chain 0,Chain 0 / MET197,Chain 0 / MET197,-0.7005375967999999
dataset,mmpbsa_metrics.TOTAL__average,Imported: TOTAL__average,sdt8-homo-4,sdt8-homo-4 (sdt8-homo-4),Chain 0::200,200,Chain 0,Chain 0 / LEU200,Chain 0 / ARG200,
dataset,mmpbsa_metrics.TOTAL__average,Imported: TOTAL__average,sdt8-homo-4,sdt8-homo-4 (sdt8-homo-4),Chain 0::201,201,Chain 0,Chain 0 / ILE201,Chain 0 / ILE201,-0.33627193040000003
dataset,mmpbsa_metrics.TOTAL__average,Imported: TOTAL__average,sdt8-homo-4,sdt8-homo-4 (sdt8-homo-4),Chain 0::204,204,Chain 0,Chain 0 / MET204,Chain 0 / MET204,
dataset,mmpbsa_metrics.TOTAL__average,Imported: TOTAL__average,sdt8-homo-4,sdt8-homo-4 (sdt8-homo-4),Chain 0::205,205,Chain 0,Chain 0 / ARG205,Chain 0 / TYR205,
dataset,mmpbsa_metrics.TOTAL__average,Imported: TOTAL__average,sdt8-homo-4,sdt8-homo-4 (sdt8-homo-4),Chain 0::287,287,Chain 0,Chain 0 / SER287,Chain 0 / SER287,-0.02344157120000007
dataset,mmpbsa_metrics.TOTAL__average,Imported: TOTAL__average,sdt8-homo-4,sdt8-homo-4 (sdt8-homo-4),Chain 0::288,288,Chain 0,Chain 0 / VAL288,Chain 0 / VAL288,-0.0962363568
dataset,mmpbsa_metrics.TOTAL__average,Imported: TOTAL__average,sdt8-homo-4,sdt8-homo-4 (sdt8-homo-4),Chain 0::289,289,Chain 0,Chain 0 / ALA289,Chain 0 / ALA289,
dataset,mmpbsa_metrics.TOTAL__average,Imported: TOTAL__average,sdt8-homo-4,sdt8-homo-4 (sdt8-homo-4),Chain 0::290,290,Chain 0,Chain 0 / ARG290,Chain 0 / ARG290,
dataset,mmpbsa_metrics.TOTAL__average,Imported: TOTAL__average,sdt8-homo-4,sdt8-homo-4 (sdt8-homo-4),Chain 0::315,315,Chain 0,Chain 0 / ARG315,Chain 0 / ARG315,
dataset,mmpbsa_metrics.TOTAL__average,Imported: TOTAL__average,sdt8-homo-4,sdt8-homo-4 (sdt8-homo-4),Chain 0::363,363,Chain 0,Chain 0 / TRP363,Chain 0 / TRP363,
dataset,mmpbsa_metrics.TOTAL__average,Imported: TOTAL__average,sdt8-homo-4,sdt8-homo-4 (sdt8-homo-4),Chain 0::364,364,Chain 0,Chain 0 / ASN364,Chain 0 / ASN364,
dataset,mmpbsa_metrics.TOTAL__average,Imported: TOTAL__average,sdt8-homo-4,sdt8-homo-4 (sdt8-homo-4),Chain 0::381,381,Chain 0,Chain 0 / VAL381,Chain 0 / VAL381,
dataset,mmpbsa_metrics.TOTAL__average,Imported: TOTAL__average,sdt8-homo-4,sdt8-homo-4 (sdt8-homo-4),Chain 0::382,382,Chain 0,Chain 0 / PHE382,Chain 0 / PHE382,-0.854505904
dataset,mmpbsa_metrics.TOTAL__average,Imported: TOTAL__average,sdt8-homo-4,sdt8-homo-4 (sdt8-homo-4),Chain 0::383,383,Chain 0,Chain 0 / ALA383,Chain 0 / ALA383,-0.03674571680000009
dataset,mmpbsa_metrics.TOTAL__average,Imported: TOTAL__average,sdt8-homo-4,sdt8-homo-4 (sdt8-homo-4),Chain 0::384,384,Chain 0,Chain 0 / GLU384,Chain 0 / GLU384,
dataset,mmpbsa_metrics.TOTAL__average,Imported: TOTAL__average,sdt8-homo-4,sdt8-homo-4 (sdt8-homo-4),Chain 0::385,385,Chain 0,Chain 0 / GLN385,Chain 0 / GLN385,
dataset,mmpbsa_metrics.TOTAL__average,Imported: TOTAL__average,sdt8-homo-4,sdt8-homo-4 (sdt8-homo-4),Chain 0::388,388,Chain 0,Chain 0 / ASN388,Chain 0 / ASN388,
dataset,mmpbsa_metrics.TOTAL__average,Imported: TOTAL__average,sdt8-homo-4,sdt8-homo-4 (sdt8-homo-4),Chain 0::407,407,Chain 0,Chain 0 / TRP407,Chain 0 / TRP407,
dataset,mmpbsa_metrics.TOTAL__average,Imported: TOTAL__average,sdt8-homo-4,sdt8-homo-4 (sdt8-homo-4),Chain 0::408,408,Chain 0,Chain 0 / ARG408,Chain 0 / LYS408,
dataset,mmpbsa_metrics.TOTAL__average,Imported: TOTAL__average,sdt8-homo-4,sdt8-homo-4 (sdt8-homo-4),Chain 0::409,409,Chain 0,Chain 0 / ARG409,Chain 0 / ARG409,-0.3964591688000002
dataset,mmpbsa_metrics.TOTAL__average,Imported: TOTAL__average,sdt8-homo-4,sdt8-homo-4 (sdt8-homo-4),Chain 0::410,410,Chain 0,Chain 0 / TYR410,Chain 0 / ARG410,
dataset,mmpbsa_metrics.TOTAL__average,Imported: TOTAL__average,wt-homo,wt-homo (wt-homo),Chain 0::11,11,Chain 0,Chain 0 / VAL11,Chain 0 / VAL11,-0.09881436960000002
dataset,mmpbsa_metrics.TOTAL__average,Imported: TOTAL__average,wt-homo,wt-homo (wt-homo),Chain 0::12,12,Chain 0,Chain 0 / MET12,Chain 0 / MET12,
dataset,mmpbsa_metrics.TOTAL__average,Imported: TOTAL__average,wt-homo,wt-homo (wt-homo),Chain 0::13,13,Chain 0,Chain 0 / ALA13,Chain 0 / ALA13,-0.009841349599999997
dataset,mmpbsa_metrics.TOTAL__average,Imported: TOTAL__average,wt-homo,wt-homo (wt-homo),Chain 0::14,14,Chain 0,Chain 0 / HIS14,Chain 0 / HIS14,
dataset,mmpbsa_metrics.TOTAL__average,Imported: TOTAL__average,wt-homo,wt-homo (wt-homo),Chain 0::15,15,Chain 0,Chain 0 / GLY15,Chain 0 / GLY15,-0.013152908000000015
dataset,mmpbsa_metrics.TOTAL__average,Imported: TOTAL__average,wt-homo,wt-homo (wt-homo),Chain 0::16,16,Chain 0,Chain 0 / HISD16,Chain 0 / HISD16,0.09335936560000001
dataset,mmpbsa_metrics.TOTAL__average,Imported: TOTAL__average,wt-homo,wt-homo (wt-homo),Chain 0::17,17,Chain 0,Chain 0 / MET17,Chain 0 / MET17,
dataset,mmpbsa_metrics.TOTAL__average,Imported: TOTAL__average,wt-homo,wt-homo (wt-homo),Chain 0::80,80,Chain 0,Chain 0 / ARG80,Chain 0 / ARG80,
dataset,mmpbsa_metrics.TOTAL__average,Imported: TOTAL__average,wt-homo,wt-homo (wt-homo),Chain 0::81,81,Chain 0,Chain 0 / LEU81,Chain 0 / LEU81,-0.2881821096
dataset,mmpbsa_metrics.TOTAL__average,Imported: TOTAL__average,wt-homo,wt-homo (wt-homo),Chain 0::82,82,Chain 0,Chain 0 / ASP82,Chain 0 / ASP82,
dataset,mmpbsa_metrics.TOTAL__average,Imported: TOTAL__average,wt-homo,wt-homo (wt-homo),Chain 0::83,83,Chain 0,Chain 0 / GLN83,Chain 0 / GLN83,
dataset,mmpbsa_metrics.TOTAL__average,Imported: TOTAL__average,wt-homo,wt-homo (wt-homo),Chain 0::84,84,Chain 0,Chain 0 / VAL84,Chain 0 / ILE84,
dataset,mmpbsa_metrics.TOTAL__average,Imported: TOTAL__average,wt-homo,wt-homo (wt-homo),Chain 0::85,85,Chain 0,Chain 0 / PRO85,Chain 0 / PRO85,
dataset,mmpbsa_metrics.TOTAL__average,Imported: TOTAL__average,wt-homo,wt-homo (wt-homo),Chain 0::87,87,Chain 0,Chain 0 / ASP87,Chain 0 / ASP87,
dataset,mmpbsa_metrics.TOTAL__average,Imported: TOTAL__average,wt-homo,wt-homo (wt-homo),Chain 0::90,90,Chain 0,Chain 0 / LEU90,Chain 0 / LEU90,-0.7126206752
dataset,mmpbsa_metrics.TOTAL__average,Imported: TOTAL__average,wt-homo,wt-homo (wt-homo),Chain 0::93,93,Chain 0,Chain 0 / PHE93,Chain 0 / PHE93,
dataset,mmpbsa_metrics.TOTAL__average,Imported: TOTAL__average,wt-homo,wt-homo (wt-homo),Chain 0::94,94,Chain 0,Chain 0 / PHE94,Chain 0 / PHE94,-0.4210925768000002
dataset,mmpbsa_metrics.TOTAL__average,Imported: TOTAL__average,wt-homo,wt-homo (wt-homo),Chain 0::119,119,Chain 0,Chain 0 / ASP119,Chain 0 / ASP119,0.12509372559999993
dataset,mmpbsa_metrics.TOTAL__average,Imported: TOTAL__average,wt-homo,wt-homo (wt-homo),Chain 0::120,120,Chain 0,Chain 0 / MET120,Chain 0 / MET120,-0.4099804232
dataset,mmpbsa_metrics.TOTAL__average,Imported: TOTAL__average,wt-homo,wt-homo (wt-homo),Chain 0::121,121,Chain 0,Chain 0 / PHE121,Chain 0 / PHE121,-1.1773834584
dataset,mmpbsa_metrics.TOTAL__average,Imported: TOTAL__average,wt-homo,wt-homo (wt-homo),Chain 0::139,139,Chain 0,Chain 0 / PHE139,Chain 0 / PHE139,
dataset,mmpbsa_metrics.TOTAL__average,Imported: TOTAL__average,wt-homo,wt-homo (wt-homo),Chain 0::140,140,Chain 0,Chain 0 / HIS140,Chain 0 / HIS140,0.03133671919999996
dataset,mmpbsa_metrics.TOTAL__average,Imported: TOTAL__average,wt-homo,wt-homo (wt-homo),Chain 0::141,141,Chain 0,Chain 0 / GLY141,Chain 0 / GLY141,0.0034810520000000435
dataset,mmpbsa_metrics.TOTAL__average,Imported: TOTAL__average,wt-homo,wt-homo (wt-homo),Chain 0::142,142,Chain 0,Chain 0 / THR142,Chain 0 / THR142,-0.03860170000000001
dataset,mmpbsa_metrics.TOTAL__average,Imported: TOTAL__average,wt-homo,wt-homo (wt-homo),Chain 0::150,150,Chain 0,Chain 0 / GLU150,Chain 0 / GLU150,
dataset,mmpbsa_metrics.TOTAL__average,Imported: TOTAL__average,wt-homo,wt-homo (wt-homo),Chain 0::186,186,Chain 0,Chain 0 / SER186,Chain 0 / SER186,-0.007884876799999873
dataset,mmpbsa_metrics.TOTAL__average,Imported: TOTAL__average,wt-homo,wt-homo (wt-homo),Chain 0::187,187,Chain 0,Chain 0 / PRO187,Chain 0 / PRO187,-0.0457026824
dataset,mmpbsa_metrics.TOTAL__average,Imported: TOTAL__average,wt-homo,wt-homo (wt-homo),Chain 0::188,188,Chain 0,Chain 0 / PHE188,Chain 0 / PHE188,-0.44215323279999996
dataset,mmpbsa_metrics.TOTAL__average,Imported: TOTAL__average,wt-homo,wt-homo (wt-homo),Chain 0::197,197,Chain 0,Chain 0 / MET197,Chain 0 / MET197,-0.9609369440000001
dataset,mmpbsa_metrics.TOTAL__average,Imported: TOTAL__average,wt-homo,wt-homo (wt-homo),Chain 0::200,200,Chain 0,Chain 0 / LEU200,Chain 0 / MET200,
dataset,mmpbsa_metrics.TOTAL__average,Imported: TOTAL__average,wt-homo,wt-homo (wt-homo),Chain 0::201,201,Chain 0,Chain 0 / ILE201,Chain 0 / ILE201,-0.5567166496000001
dataset,mmpbsa_metrics.TOTAL__average,Imported: TOTAL__average,wt-homo,wt-homo (wt-homo),Chain 0::204,204,Chain 0,Chain 0 / MET204,Chain 0 / VAL204,
dataset,mmpbsa_metrics.TOTAL__average,Imported: TOTAL__average,wt-homo,wt-homo (wt-homo),Chain 0::205,205,Chain 0,Chain 0 / ARG205,Chain 0 / ARG205,
dataset,mmpbsa_metrics.TOTAL__average,Imported: TOTAL__average,wt-homo,wt-homo (wt-homo),Chain 0::287,287,Chain 0,Chain 0 / SER287,Chain 0 / SER287,
dataset,mmpbsa_metrics.TOTAL__average,Imported: TOTAL__average,wt-homo,wt-homo (wt-homo),Chain 0::288,288,Chain 0,Chain 0 / VAL288,Chain 0 / VAL288,-0.0760437024
dataset,mmpbsa_metrics.TOTAL__average,Imported: TOTAL__average,wt-homo,wt-homo (wt-homo),Chain 0::289,289,Chain 0,Chain 0 / ALA289,Chain 0 / ALA289,
dataset,mmpbsa_metrics.TOTAL__average,Imported: TOTAL__average,wt-homo,wt-homo (wt-homo),Chain 0::290,290,Chain 0,Chain 0 / ARG290,Chain 0 / ASN290,
dataset,mmpbsa_metrics.TOTAL__average,Imported: TOTAL__average,wt-homo,wt-homo (wt-homo),Chain 0::315,315,Chain 0,Chain 0 / ARG315,Chain 0 / ARG315,
dataset,mmpbsa_metrics.TOTAL__average,Imported: TOTAL__average,wt-homo,wt-homo (wt-homo),Chain 0::363,363,Chain 0,Chain 0 / TRP363,Chain 0 / TRP363,
dataset,mmpbsa_metrics.TOTAL__average,Imported: TOTAL__average,wt-homo,wt-homo (wt-homo),Chain 0::364,364,Chain 0,Chain 0 / ASN364,Chain 0 / ASN364,-0.016485000000000225
dataset,mmpbsa_metrics.TOTAL__average,Imported: TOTAL__average,wt-homo,wt-homo (wt-homo),Chain 0::381,381,Chain 0,Chain 0 / VAL381,Chain 0 / VAL381,
dataset,mmpbsa_metrics.TOTAL__average,Imported: TOTAL__average,wt-homo,wt-homo (wt-homo),Chain 0::382,382,Chain 0,Chain 0 / PHE382,Chain 0 / PHE382,-0.3358591967999999
dataset,mmpbsa_metrics.TOTAL__average,Imported: TOTAL__average,wt-homo,wt-homo (wt-homo),Chain 0::383,383,Chain 0,Chain 0 / ALA383,Chain 0 / ALA383,-0.3179747376
dataset,mmpbsa_metrics.TOTAL__average,Imported: TOTAL__average,wt-homo,wt-homo (wt-homo),Chain 0::384,384,Chain 0,Chain 0 / GLU384,Chain 0 / GLU384,-0.2464979959999997
dataset,mmpbsa_metrics.TOTAL__average,Imported: TOTAL__average,wt-homo,wt-homo (wt-homo),Chain 0::385,385,Chain 0,Chain 0 / GLN385,Chain 0 / GLN385,-0.014826999999999852
dataset,mmpbsa_metrics.TOTAL__average,Imported: TOTAL__average,wt-homo,wt-homo (wt-homo),Chain 0::388,388,Chain 0,Chain 0 / ASN388,Chain 0 / ASN388,
dataset,mmpbsa_metrics.TOTAL__average,Imported: TOTAL__average,wt-homo,wt-homo (wt-homo),Chain 0::407,407,Chain 0,Chain 0 / TRP407,Chain 0 / TRP407,-0.44503035759999987
dataset,mmpbsa_metrics.TOTAL__average,Imported: TOTAL__average,wt-homo,wt-homo (wt-homo),Chain 0::408,408,Chain 0,Chain 0 / ARG408,Chain 0 / LYS408,
dataset,mmpbsa_metrics.TOTAL__average,Imported: TOTAL__average,wt-homo,wt-homo (wt-homo),Chain 0::409,409,Chain 0,Chain 0 / ARG409,Chain 0 / ARG409,-0.7579991456000011
dataset,mmpbsa_metrics.TOTAL__average,Imported: TOTAL__average,wt-homo,wt-homo (wt-homo),Chain 0::410,410,Chain 0,Chain 0 / TYR410,Chain 0 / SER410,
dataset,mmpbsa_metrics.TOTAL__average,Imported: TOTAL__average,wt-homo-2,wt-homo-2 (wt-homo-2),Chain 0::11,11,Chain 0,Chain 0 / VAL11,Chain 0 / VAL11,
dataset,mmpbsa_metrics.TOTAL__average,Imported: TOTAL__average,wt-homo-2,wt-homo-2 (wt-homo-2),Chain 0::12,12,Chain 0,Chain 0 / MET12,Chain 0 / MET12,
dataset,mmpbsa_metrics.TOTAL__average,Imported: TOTAL__average,wt-homo-2,wt-homo-2 (wt-homo-2),Chain 0::13,13,Chain 0,Chain 0 / ALA13,Chain 0 / ALA13,
dataset,mmpbsa_metrics.TOTAL__average,Imported: TOTAL__average,wt-homo-2,wt-homo-2 (wt-homo-2),Chain 0::14,14,Chain 0,Chain 0 / HIS14,Chain 0 / HIS14,
dataset,mmpbsa_metrics.TOTAL__average,Imported: TOTAL__average,wt-homo-2,wt-homo-2 (wt-homo-2),Chain 0::15,15,Chain 0,Chain 0 / GLY15,Chain 0 / GLY15,-0.0012439999999999862
dataset,mmpbsa_metrics.TOTAL__average,Imported: TOTAL__average,wt-homo-2,wt-homo-2 (wt-homo-2),Chain 0::16,16,Chain 0,Chain 0 / HISD16,Chain 0 / HISD16,0.021192456800000082
dataset,mmpbsa_metrics.TOTAL__average,Imported: TOTAL__average,wt-homo-2,wt-homo-2 (wt-homo-2),Chain 0::17,17,Chain 0,Chain 0 / MET17,Chain 0 / MET17,
dataset,mmpbsa_metrics.TOTAL__average,Imported: TOTAL__average,wt-homo-2,wt-homo-2 (wt-homo-2),Chain 0::80,80,Chain 0,Chain 0 / ARG80,Chain 0 / ARG80,
dataset,mmpbsa_metrics.TOTAL__average,Imported: TOTAL__average,wt-homo-2,wt-homo-2 (wt-homo-2),Chain 0::81,81,Chain 0,Chain 0 / LEU81,Chain 0 / LEU81,-0.015217837600000065
dataset,mmpbsa_metrics.TOTAL__average,Imported: TOTAL__average,wt-homo-2,wt-homo-2 (wt-homo-2),Chain 0::82,82,Chain 0,Chain 0 / ASP82,Chain 0 / ASP82,
dataset,mmpbsa_metrics.TOTAL__average,Imported: TOTAL__average,wt-homo-2,wt-homo-2 (wt-homo-2),Chain 0::83,83,Chain 0,Chain 0 / GLN83,Chain 0 / GLN83,
dataset,mmpbsa_metrics.TOTAL__average,Imported: TOTAL__average,wt-homo-2,wt-homo-2 (wt-homo-2),Chain 0::84,84,Chain 0,Chain 0 / VAL84,Chain 0 / ILE84,
dataset,mmpbsa_metrics.TOTAL__average,Imported: TOTAL__average,wt-homo-2,wt-homo-2 (wt-homo-2),Chain 0::85,85,Chain 0,Chain 0 / PRO85,Chain 0 / PRO85,
dataset,mmpbsa_metrics.TOTAL__average,Imported: TOTAL__average,wt-homo-2,wt-homo-2 (wt-homo-2),Chain 0::87,87,Chain 0,Chain 0 / ASP87,Chain 0 / ASP87,
dataset,mmpbsa_metrics.TOTAL__average,Imported: TOTAL__average,wt-homo-2,wt-homo-2 (wt-homo-2),Chain 0::90,90,Chain 0,Chain 0 / LEU90,Chain 0 / LEU90,-0.26759421279999995
dataset,mmpbsa_metrics.TOTAL__average,Imported: TOTAL__average,wt-homo-2,wt-homo-2 (wt-homo-2),Chain 0::93,93,Chain 0,Chain 0 / PHE93,Chain 0 / PHE93,
dataset,mmpbsa_metrics.TOTAL__average,Imported: TOTAL__average,wt-homo-2,wt-homo-2 (wt-homo-2),Chain 0::94,94,Chain 0,Chain 0 / PHE94,Chain 0 / PHE94,-0.1175117167999999
dataset,mmpbsa_metrics.TOTAL__average,Imported: TOTAL__average,wt-homo-2,wt-homo-2 (wt-homo-2),Chain 0::119,119,Chain 0,Chain 0 / ASP119,Chain 0 / ASP119,
dataset,mmpbsa_metrics.TOTAL__average,Imported: TOTAL__average,wt-homo-2,wt-homo-2 (wt-homo-2),Chain 0::120,120,Chain 0,Chain 0 / MET120,Chain 0 / MET120,-0.28511036879999996
dataset,mmpbsa_metrics.TOTAL__average,Imported: TOTAL__average,wt-homo-2,wt-homo-2 (wt-homo-2),Chain 0::121,121,Chain 0,Chain 0 / PHE121,Chain 0 / PHE121,-0.7167793904000003
dataset,mmpbsa_metrics.TOTAL__average,Imported: TOTAL__average,wt-homo-2,wt-homo-2 (wt-homo-2),Chain 0::139,139,Chain 0,Chain 0 / PHE139,Chain 0 / PHE139,
dataset,mmpbsa_metrics.TOTAL__average,Imported: TOTAL__average,wt-homo-2,wt-homo-2 (wt-homo-2),Chain 0::140,140,Chain 0,Chain 0 / HIS140,Chain 0 / HIS140,0.01822562639999995
dataset,mmpbsa_metrics.TOTAL__average,Imported: TOTAL__average,wt-homo-2,wt-homo-2 (wt-homo-2),Chain 0::141,141,Chain 0,Chain 0 / GLY141,Chain 0 / GLY141,0.004800804799999968
dataset,mmpbsa_metrics.TOTAL__average,Imported: TOTAL__average,wt-homo-2,wt-homo-2 (wt-homo-2),Chain 0::142,142,Chain 0,Chain 0 / THR142,Chain 0 / THR142,-0.003039379199999937
dataset,mmpbsa_metrics.TOTAL__average,Imported: TOTAL__average,wt-homo-2,wt-homo-2 (wt-homo-2),Chain 0::150,150,Chain 0,Chain 0 / GLU150,Chain 0 / GLU150,0.05431569920000021
dataset,mmpbsa_metrics.TOTAL__average,Imported: TOTAL__average,wt-homo-2,wt-homo-2 (wt-homo-2),Chain 0::186,186,Chain 0,Chain 0 / SER186,Chain 0 / SER186,-0.4369822272000004
dataset,mmpbsa_metrics.TOTAL__average,Imported: TOTAL__average,wt-homo-2,wt-homo-2 (wt-homo-2),Chain 0::187,187,Chain 0,Chain 0 / PRO187,Chain 0 / PRO187,-0.10670200000000003
dataset,mmpbsa_metrics.TOTAL__average,Imported: TOTAL__average,wt-homo-2,wt-homo-2 (wt-homo-2),Chain 0::188,188,Chain 0,Chain 0 / PHE188,Chain 0 / PHE188,-1.0821190392000004
dataset,mmpbsa_metrics.TOTAL__average,Imported: TOTAL__average,wt-homo-2,wt-homo-2 (wt-homo-2),Chain 0::197,197,Chain 0,Chain 0 / MET197,Chain 0 / MET197,-1.3457764888000001
dataset,mmpbsa_metrics.TOTAL__average,Imported: TOTAL__average,wt-homo-2,wt-homo-2 (wt-homo-2),Chain 0::200,200,Chain 0,Chain 0 / LEU200,Chain 0 / MET200,
dataset,mmpbsa_metrics.TOTAL__average,Imported: TOTAL__average,wt-homo-2,wt-homo-2 (wt-homo-2),Chain 0::201,201,Chain 0,Chain 0 / ILE201,Chain 0 / ILE201,-1.6053423512
dataset,mmpbsa_metrics.TOTAL__average,Imported: TOTAL__average,wt-homo-2,wt-homo-2 (wt-homo-2),Chain 0::204,204,Chain 0,Chain 0 / MET204,Chain 0 / VAL204,
dataset,mmpbsa_metrics.TOTAL__average,Imported: TOTAL__average,wt-homo-2,wt-homo-2 (wt-homo-2),Chain 0::205,205,Chain 0,Chain 0 / ARG205,Chain 0 / ARG205,0.06700832880000186
dataset,mmpbsa_metrics.TOTAL__average,Imported: TOTAL__average,wt-homo-2,wt-homo-2 (wt-homo-2),Chain 0::287,287,Chain 0,Chain 0 / SER287,Chain 0 / SER287,
dataset,mmpbsa_metrics.TOTAL__average,Imported: TOTAL__average,wt-homo-2,wt-homo-2 (wt-homo-2),Chain 0::288,288,Chain 0,Chain 0 / VAL288,Chain 0 / VAL288,-0.013770167999999985
dataset,mmpbsa_metrics.TOTAL__average,Imported: TOTAL__average,wt-homo-2,wt-homo-2 (wt-homo-2),Chain 0::289,289,Chain 0,Chain 0 / ALA289,Chain 0 / ALA289,
dataset,mmpbsa_metrics.TOTAL__average,Imported: TOTAL__average,wt-homo-2,wt-homo-2 (wt-homo-2),Chain 0::290,290,Chain 0,Chain 0 / ARG290,Chain 0 / ASN290,
dataset,mmpbsa_metrics.TOTAL__average,Imported: TOTAL__average,wt-homo-2,wt-homo-2 (wt-homo-2),Chain 0::315,315,Chain 0,Chain 0 / ARG315,Chain 0 / ARG315,
dataset,mmpbsa_metrics.TOTAL__average,Imported: TOTAL__average,wt-homo-2,wt-homo-2 (wt-homo-2),Chain 0::363,363,Chain 0,Chain 0 / TRP363,Chain 0 / TRP363,0.004196000000000268
dataset,mmpbsa_metrics.TOTAL__average,Imported: TOTAL__average,wt-homo-2,wt-homo-2 (wt-homo-2),Chain 0::364,364,Chain 0,Chain 0 / ASN364,Chain 0 / ASN364,
dataset,mmpbsa_metrics.TOTAL__average,Imported: TOTAL__average,wt-homo-2,wt-homo-2 (wt-homo-2),Chain 0::381,381,Chain 0,Chain 0 / VAL381,Chain 0 / VAL381,
dataset,mmpbsa_metrics.TOTAL__average,Imported: TOTAL__average,wt-homo-2,wt-homo-2 (wt-homo-2),Chain 0::382,382,Chain 0,Chain 0 / PHE382,Chain 0 / PHE382,-0.5187581008000003
dataset,mmpbsa_metrics.TOTAL__average,Imported: TOTAL__average,wt-homo-2,wt-homo-2 (wt-homo-2),Chain 0::383,383,Chain 0,Chain 0 / ALA383,Chain 0 / ALA383,-0.4023677071999998
dataset,mmpbsa_metrics.TOTAL__average,Imported: TOTAL__average,wt-homo-2,wt-homo-2 (wt-homo-2),Chain 0::384,384,Chain 0,Chain 0 / GLU384,Chain 0 / GLU384,-1.2210974496000002
dataset,mmpbsa_metrics.TOTAL__average,Imported: TOTAL__average,wt-homo-2,wt-homo-2 (wt-homo-2),Chain 0::385,385,Chain 0,Chain 0 / GLN385,Chain 0 / GLN385,0.007773000000000174
dataset,mmpbsa_metrics.TOTAL__average,Imported: TOTAL__average,wt-homo-2,wt-homo-2 (wt-homo-2),Chain 0::388,388,Chain 0,Chain 0 / ASN388,Chain 0 / ASN388,0.0026809999999998697
dataset,mmpbsa_metrics.TOTAL__average,Imported: TOTAL__average,wt-homo-2,wt-homo-2 (wt-homo-2),Chain 0::407,407,Chain 0,Chain 0 / TRP407,Chain 0 / TRP407,-0.8764566655999998
dataset,mmpbsa_metrics.TOTAL__average,Imported: TOTAL__average,wt-homo-2,wt-homo-2 (wt-homo-2),Chain 0::408,408,Chain 0,Chain 0 / ARG408,Chain 0 / LYS408,
dataset,mmpbsa_metrics.TOTAL__average,Imported: TOTAL__average,wt-homo-2,wt-homo-2 (wt-homo-2),Chain 0::409,409,Chain 0,Chain 0 / ARG409,Chain 0 / ARG409,-1.0657798104000005
dataset,mmpbsa_metrics.TOTAL__average,Imported: TOTAL__average,wt-homo-2,wt-homo-2 (wt-homo-2),Chain 0::410,410,Chain 0,Chain 0 / TYR410,Chain 0 / SER410,
dataset,mmpbsa_metrics.TOTAL__average,Imported: TOTAL__average,wt-homo-3,wt-homo-3 (wt-homo-3),Chain 0::11,11,Chain 0,Chain 0 / VAL11,Chain 0 / VAL11,
dataset,mmpbsa_metrics.TOTAL__average,Imported: TOTAL__average,wt-homo-3,wt-homo-3 (wt-homo-3),Chain 0::12,12,Chain 0,Chain 0 / MET12,Chain 0 / MET12,
dataset,mmpbsa_metrics.TOTAL__average,Imported: TOTAL__average,wt-homo-3,wt-homo-3 (wt-homo-3),Chain 0::13,13,Chain 0,Chain 0 / ALA13,Chain 0 / ALA13,-0.022390334399999982
dataset,mmpbsa_metrics.TOTAL__average,Imported: TOTAL__average,wt-homo-3,wt-homo-3 (wt-homo-3),Chain 0::14,14,Chain 0,Chain 0 / HIS14,Chain 0 / HIS14,
dataset,mmpbsa_metrics.TOTAL__average,Imported: TOTAL__average,wt-homo-3,wt-homo-3 (wt-homo-3),Chain 0::15,15,Chain 0,Chain 0 / GLY15,Chain 0 / GLY15,-0.009724085600000005
dataset,mmpbsa_metrics.TOTAL__average,Imported: TOTAL__average,wt-homo-3,wt-homo-3 (wt-homo-3),Chain 0::16,16,Chain 0,Chain 0 / HISD16,Chain 0 / HISD16,0.04023993680000007
dataset,mmpbsa_metrics.TOTAL__average,Imported: TOTAL__average,wt-homo-3,wt-homo-3 (wt-homo-3),Chain 0::17,17,Chain 0,Chain 0 / MET17,Chain 0 / MET17,
dataset,mmpbsa_metrics.TOTAL__average,Imported: TOTAL__average,wt-homo-3,wt-homo-3 (wt-homo-3),Chain 0::80,80,Chain 0,Chain 0 / ARG80,Chain 0 / ARG80,
dataset,mmpbsa_metrics.TOTAL__average,Imported: TOTAL__average,wt-homo-3,wt-homo-3 (wt-homo-3),Chain 0::81,81,Chain 0,Chain 0 / LEU81,Chain 0 / LEU81,-1.3487011696
dataset,mmpbsa_metrics.TOTAL__average,Imported: TOTAL__average,wt-homo-3,wt-homo-3 (wt-homo-3),Chain 0::82,82,Chain 0,Chain 0 / ASP82,Chain 0 / ASP82,
dataset,mmpbsa_metrics.TOTAL__average,Imported: TOTAL__average,wt-homo-3,wt-homo-3 (wt-homo-3),Chain 0::83,83,Chain 0,Chain 0 / GLN83,Chain 0 / GLN83,
dataset,mmpbsa_metrics.TOTAL__average,Imported: TOTAL__average,wt-homo-3,wt-homo-3 (wt-homo-3),Chain 0::84,84,Chain 0,Chain 0 / VAL84,Chain 0 / ILE84,
dataset,mmpbsa_metrics.TOTAL__average,Imported: TOTAL__average,wt-homo-3,wt-homo-3 (wt-homo-3),Chain 0::85,85,Chain 0,Chain 0 / PRO85,Chain 0 / PRO85,
dataset,mmpbsa_metrics.TOTAL__average,Imported: TOTAL__average,wt-homo-3,wt-homo-3 (wt-homo-3),Chain 0::87,87,Chain 0,Chain 0 / ASP87,Chain 0 / ASP87,
dataset,mmpbsa_metrics.TOTAL__average,Imported: TOTAL__average,wt-homo-3,wt-homo-3 (wt-homo-3),Chain 0::90,90,Chain 0,Chain 0 / LEU90,Chain 0 / LEU90,-1.1614471520000003
dataset,mmpbsa_metrics.TOTAL__average,Imported: TOTAL__average,wt-homo-3,wt-homo-3 (wt-homo-3),Chain 0::93,93,Chain 0,Chain 0 / PHE93,Chain 0 / PHE93,
dataset,mmpbsa_metrics.TOTAL__average,Imported: TOTAL__average,wt-homo-3,wt-homo-3 (wt-homo-3),Chain 0::94,94,Chain 0,Chain 0 / PHE94,Chain 0 / PHE94,-0.09250162479999986
dataset,mmpbsa_metrics.TOTAL__average,Imported: TOTAL__average,wt-homo-3,wt-homo-3 (wt-homo-3),Chain 0::119,119,Chain 0,Chain 0 / ASP119,Chain 0 / ASP119,
dataset,mmpbsa_metrics.TOTAL__average,Imported: TOTAL__average,wt-homo-3,wt-homo-3 (wt-homo-3),Chain 0::120,120,Chain 0,Chain 0 / MET120,Chain 0 / MET120,-0.05396540559999992
dataset,mmpbsa_metrics.TOTAL__average,Imported: TOTAL__average,wt-homo-3,wt-homo-3 (wt-homo-3),Chain 0::121,121,Chain 0,Chain 0 / PHE121,Chain 0 / PHE121,-0.4834848512
dataset,mmpbsa_metrics.TOTAL__average,Imported: TOTAL__average,wt-homo-3,wt-homo-3 (wt-homo-3),Chain 0::139,139,Chain 0,Chain 0 / PHE139,Chain 0 / PHE139,
dataset,mmpbsa_metrics.TOTAL__average,Imported: TOTAL__average,wt-homo-3,wt-homo-3 (wt-homo-3),Chain 0::140,140,Chain 0,Chain 0 / HIS140,Chain 0 / HIS140,0.0064146464000000665
dataset,mmpbsa_metrics.TOTAL__average,Imported: TOTAL__average,wt-homo-3,wt-homo-3 (wt-homo-3),Chain 0::141,141,Chain 0,Chain 0 / GLY141,Chain 0 / GLY141,
dataset,mmpbsa_metrics.TOTAL__average,Imported: TOTAL__average,wt-homo-3,wt-homo-3 (wt-homo-3),Chain 0::142,142,Chain 0,Chain 0 / THR142,Chain 0 / THR142,-0.0028162008000000792
dataset,mmpbsa_metrics.TOTAL__average,Imported: TOTAL__average,wt-homo-3,wt-homo-3 (wt-homo-3),Chain 0::150,150,Chain 0,Chain 0 / GLU150,Chain 0 / GLU150,
dataset,mmpbsa_metrics.TOTAL__average,Imported: TOTAL__average,wt-homo-3,wt-homo-3 (wt-homo-3),Chain 0::186,186,Chain 0,Chain 0 / SER186,Chain 0 / SER186,-0.0132830535999998
dataset,mmpbsa_metrics.TOTAL__average,Imported: TOTAL__average,wt-homo-3,wt-homo-3 (wt-homo-3),Chain 0::187,187,Chain 0,Chain 0 / PRO187,Chain 0 / PRO187,-0.04265222400000003
dataset,mmpbsa_metrics.TOTAL__average,Imported: TOTAL__average,wt-homo-3,wt-homo-3 (wt-homo-3),Chain 0::188,188,Chain 0,Chain 0 / PHE188,Chain 0 / PHE188,-0.6394371024
dataset,mmpbsa_metrics.TOTAL__average,Imported: TOTAL__average,wt-homo-3,wt-homo-3 (wt-homo-3),Chain 0::197,197,Chain 0,Chain 0 / MET197,Chain 0 / MET197,-0.9800062432000002
dataset,mmpbsa_metrics.TOTAL__average,Imported: TOTAL__average,wt-homo-3,wt-homo-3 (wt-homo-3),Chain 0::200,200,Chain 0,Chain 0 / LEU200,Chain 0 / MET200,
dataset,mmpbsa_metrics.TOTAL__average,Imported: TOTAL__average,wt-homo-3,wt-homo-3 (wt-homo-3),Chain 0::201,201,Chain 0,Chain 0 / ILE201,Chain 0 / ILE201,-0.1628694015999998
dataset,mmpbsa_metrics.TOTAL__average,Imported: TOTAL__average,wt-homo-3,wt-homo-3 (wt-homo-3),Chain 0::204,204,Chain 0,Chain 0 / MET204,Chain 0 / VAL204,
dataset,mmpbsa_metrics.TOTAL__average,Imported: TOTAL__average,wt-homo-3,wt-homo-3 (wt-homo-3),Chain 0::205,205,Chain 0,Chain 0 / ARG205,Chain 0 / ARG205,-0.0329436455999994
dataset,mmpbsa_metrics.TOTAL__average,Imported: TOTAL__average,wt-homo-3,wt-homo-3 (wt-homo-3),Chain 0::287,287,Chain 0,Chain 0 / SER287,Chain 0 / SER287,
dataset,mmpbsa_metrics.TOTAL__average,Imported: TOTAL__average,wt-homo-3,wt-homo-3 (wt-homo-3),Chain 0::288,288,Chain 0,Chain 0 / VAL288,Chain 0 / VAL288,-0.1336858384
dataset,mmpbsa_metrics.TOTAL__average,Imported: TOTAL__average,wt-homo-3,wt-homo-3 (wt-homo-3),Chain 0::289,289,Chain 0,Chain 0 / ALA289,Chain 0 / ALA289,
dataset,mmpbsa_metrics.TOTAL__average,Imported: TOTAL__average,wt-homo-3,wt-homo-3 (wt-homo-3),Chain 0::290,290,Chain 0,Chain 0 / ARG290,Chain 0 / ASN290,
dataset,mmpbsa_metrics.TOTAL__average,Imported: TOTAL__average,wt-homo-3,wt-homo-3 (wt-homo-3),Chain 0::315,315,Chain 0,Chain 0 / ARG315,Chain 0 / ARG315,
dataset,mmpbsa_metrics.TOTAL__average,Imported: TOTAL__average,wt-homo-3,wt-homo-3 (wt-homo-3),Chain 0::363,363,Chain 0,Chain 0 / TRP363,Chain 0 / TRP363,
dataset,mmpbsa_metrics.TOTAL__average,Imported: TOTAL__average,wt-homo-3,wt-homo-3 (wt-homo-3),Chain 0::364,364,Chain 0,Chain 0 / ASN364,Chain 0 / ASN364,
dataset,mmpbsa_metrics.TOTAL__average,Imported: TOTAL__average,wt-homo-3,wt-homo-3 (wt-homo-3),Chain 0::381,381,Chain 0,Chain 0 / VAL381,Chain 0 / VAL381,
dataset,mmpbsa_metrics.TOTAL__average,Imported: TOTAL__average,wt-homo-3,wt-homo-3 (wt-homo-3),Chain 0::382,382,Chain 0,Chain 0 / PHE382,Chain 0 / PHE382,-0.13545641360000005
dataset,mmpbsa_metrics.TOTAL__average,Imported: TOTAL__average,wt-homo-3,wt-homo-3 (wt-homo-3),Chain 0::383,383,Chain 0,Chain 0 / ALA383,Chain 0 / ALA383,-0.06310755839999996
dataset,mmpbsa_metrics.TOTAL__average,Imported: TOTAL__average,wt-homo-3,wt-homo-3 (wt-homo-3),Chain 0::384,384,Chain 0,Chain 0 / GLU384,Chain 0 / GLU384,0.07520146799999945
dataset,mmpbsa_metrics.TOTAL__average,Imported: TOTAL__average,wt-homo-3,wt-homo-3 (wt-homo-3),Chain 0::385,385,Chain 0,Chain 0 / GLN385,Chain 0 / GLN385,-0.0030259999999997086
dataset,mmpbsa_metrics.TOTAL__average,Imported: TOTAL__average,wt-homo-3,wt-homo-3 (wt-homo-3),Chain 0::388,388,Chain 0,Chain 0 / ASN388,Chain 0 / ASN388,
dataset,mmpbsa_metrics.TOTAL__average,Imported: TOTAL__average,wt-homo-3,wt-homo-3 (wt-homo-3),Chain 0::407,407,Chain 0,Chain 0 / TRP407,Chain 0 / TRP407,-0.34903551200000016
dataset,mmpbsa_metrics.TOTAL__average,Imported: TOTAL__average,wt-homo-3,wt-homo-3 (wt-homo-3),Chain 0::408,408,Chain 0,Chain 0 / ARG408,Chain 0 / LYS408,
dataset,mmpbsa_metrics.TOTAL__average,Imported: TOTAL__average,wt-homo-3,wt-homo-3 (wt-homo-3),Chain 0::409,409,Chain 0,Chain 0 / ARG409,Chain 0 / ARG409,-1.0631446791999997
dataset,mmpbsa_metrics.TOTAL__average,Imported: TOTAL__average,wt-homo-3,wt-homo-3 (wt-homo-3),Chain 0::410,410,Chain 0,Chain 0 / TYR410,Chain 0 / SER410,
dataset,mmpbsa_metrics.TOTAL__average,Imported: TOTAL__average,wt-homo-4,wt-homo-4 (wt-homo-4),Chain 0::11,11,Chain 0,Chain 0 / VAL11,Chain 0 / VAL11,-0.06816998560000002
dataset,mmpbsa_metrics.TOTAL__average,Imported: TOTAL__average,wt-homo-4,wt-homo-4 (wt-homo-4),Chain 0::12,12,Chain 0,Chain 0 / MET12,Chain 0 / MET12,
dataset,mmpbsa_metrics.TOTAL__average,Imported: TOTAL__average,wt-homo-4,wt-homo-4 (wt-homo-4),Chain 0::13,13,Chain 0,Chain 0 / ALA13,Chain 0 / ALA13,-0.15297772799999995
dataset,mmpbsa_metrics.TOTAL__average,Imported: TOTAL__average,wt-homo-4,wt-homo-4 (wt-homo-4),Chain 0::14,14,Chain 0,Chain 0 / HIS14,Chain 0 / HIS14,
dataset,mmpbsa_metrics.TOTAL__average,Imported: TOTAL__average,wt-homo-4,wt-homo-4 (wt-homo-4),Chain 0::15,15,Chain 0,Chain 0 / GLY15,Chain 0 / GLY15,-0.08333073519999999
dataset,mmpbsa_metrics.TOTAL__average,Imported: TOTAL__average,wt-homo-4,wt-homo-4 (wt-homo-4),Chain 0::16,16,Chain 0,Chain 0 / HISD16,Chain 0 / HISD16,-1.4694699447999997
dataset,mmpbsa_metrics.TOTAL__average,Imported: TOTAL__average,wt-homo-4,wt-homo-4 (wt-homo-4),Chain 0::17,17,Chain 0,Chain 0 / MET17,Chain 0 / MET17,
dataset,mmpbsa_metrics.TOTAL__average,Imported: TOTAL__average,wt-homo-4,wt-homo-4 (wt-homo-4),Chain 0::80,80,Chain 0,Chain 0 / ARG80,Chain 0 / ARG80,
dataset,mmpbsa_metrics.TOTAL__average,Imported: TOTAL__average,wt-homo-4,wt-homo-4 (wt-homo-4),Chain 0::81,81,Chain 0,Chain 0 / LEU81,Chain 0 / LEU81,-1.1265600431999998
dataset,mmpbsa_metrics.TOTAL__average,Imported: TOTAL__average,wt-homo-4,wt-homo-4 (wt-homo-4),Chain 0::82,82,Chain 0,Chain 0 / ASP82,Chain 0 / ASP82,-0.07925488720000001
dataset,mmpbsa_metrics.TOTAL__average,Imported: TOTAL__average,wt-homo-4,wt-homo-4 (wt-homo-4),Chain 0::83,83,Chain 0,Chain 0 / GLN83,Chain 0 / GLN83,
dataset,mmpbsa_metrics.TOTAL__average,Imported: TOTAL__average,wt-homo-4,wt-homo-4 (wt-homo-4),Chain 0::84,84,Chain 0,Chain 0 / VAL84,Chain 0 / ILE84,-0.10502758559999975
dataset,mmpbsa_metrics.TOTAL__average,Imported: TOTAL__average,wt-homo-4,wt-homo-4 (wt-homo-4),Chain 0::85,85,Chain 0,Chain 0 / PRO85,Chain 0 / PRO85,-0.030763053600000097
dataset,mmpbsa_metrics.TOTAL__average,Imported: TOTAL__average,wt-homo-4,wt-homo-4 (wt-homo-4),Chain 0::87,87,Chain 0,Chain 0 / ASP87,Chain 0 / ASP87,
dataset,mmpbsa_metrics.TOTAL__average,Imported: TOTAL__average,wt-homo-4,wt-homo-4 (wt-homo-4),Chain 0::90,90,Chain 0,Chain 0 / LEU90,Chain 0 / LEU90,-0.7113395032
dataset,mmpbsa_metrics.TOTAL__average,Imported: TOTAL__average,wt-homo-4,wt-homo-4 (wt-homo-4),Chain 0::93,93,Chain 0,Chain 0 / PHE93,Chain 0 / PHE93,
dataset,mmpbsa_metrics.TOTAL__average,Imported: TOTAL__average,wt-homo-4,wt-homo-4 (wt-homo-4),Chain 0::94,94,Chain 0,Chain 0 / PHE94,Chain 0 / PHE94,-0.16680080399999997
dataset,mmpbsa_metrics.TOTAL__average,Imported: TOTAL__average,wt-homo-4,wt-homo-4 (wt-homo-4),Chain 0::119,119,Chain 0,Chain 0 / ASP119,Chain 0 / ASP119,
dataset,mmpbsa_metrics.TOTAL__average,Imported: TOTAL__average,wt-homo-4,wt-homo-4 (wt-homo-4),Chain 0::120,120,Chain 0,Chain 0 / MET120,Chain 0 / MET120,-0.25811832960000014
dataset,mmpbsa_metrics.TOTAL__average,Imported: TOTAL__average,wt-homo-4,wt-homo-4 (wt-homo-4),Chain 0::121,121,Chain 0,Chain 0 / PHE121,Chain 0 / PHE121,-0.9246137352000001
dataset,mmpbsa_metrics.TOTAL__average,Imported: TOTAL__average,wt-homo-4,wt-homo-4 (wt-homo-4),Chain 0::139,139,Chain 0,Chain 0 / PHE139,Chain 0 / PHE139,
dataset,mmpbsa_metrics.TOTAL__average,Imported: TOTAL__average,wt-homo-4,wt-homo-4 (wt-homo-4),Chain 0::140,140,Chain 0,Chain 0 / HIS140,Chain 0 / HIS140,0.025232472000000034
dataset,mmpbsa_metrics.TOTAL__average,Imported: TOTAL__average,wt-homo-4,wt-homo-4 (wt-homo-4),Chain 0::141,141,Chain 0,Chain 0 / GLY141,Chain 0 / GLY141,0.01635302000000003
dataset,mmpbsa_metrics.TOTAL__average,Imported: TOTAL__average,wt-homo-4,wt-homo-4 (wt-homo-4),Chain 0::142,142,Chain 0,Chain 0 / THR142,Chain 0 / THR142,
dataset,mmpbsa_metrics.TOTAL__average,Imported: TOTAL__average,wt-homo-4,wt-homo-4 (wt-homo-4),Chain 0::150,150,Chain 0,Chain 0 / GLU150,Chain 0 / GLU150,
dataset,mmpbsa_metrics.TOTAL__average,Imported: TOTAL__average,wt-homo-4,wt-homo-4 (wt-homo-4),Chain 0::186,186,Chain 0,Chain 0 / SER186,Chain 0 / SER186,
dataset,mmpbsa_metrics.TOTAL__average,Imported: TOTAL__average,wt-homo-4,wt-homo-4 (wt-homo-4),Chain 0::187,187,Chain 0,Chain 0 / PRO187,Chain 0 / PRO187,
dataset,mmpbsa_metrics.TOTAL__average,Imported: TOTAL__average,wt-homo-4,wt-homo-4 (wt-homo-4),Chain 0::188,188,Chain 0,Chain 0 / PHE188,Chain 0 / PHE188,-0.12014566799999996
dataset,mmpbsa_metrics.TOTAL__average,Imported: TOTAL__average,wt-homo-4,wt-homo-4 (wt-homo-4),Chain 0::197,197,Chain 0,Chain 0 / MET197,Chain 0 / MET197,-0.19862262079999998
dataset,mmpbsa_metrics.TOTAL__average,Imported: TOTAL__average,wt-homo-4,wt-homo-4 (wt-homo-4),Chain 0::200,200,Chain 0,Chain 0 / LEU200,Chain 0 / MET200,
dataset,mmpbsa_metrics.TOTAL__average,Imported: TOTAL__average,wt-homo-4,wt-homo-4 (wt-homo-4),Chain 0::201,201,Chain 0,Chain 0 / ILE201,Chain 0 / ILE201,-0.043231964800000154
dataset,mmpbsa_metrics.TOTAL__average,Imported: TOTAL__average,wt-homo-4,wt-homo-4 (wt-homo-4),Chain 0::204,204,Chain 0,Chain 0 / MET204,Chain 0 / VAL204,
dataset,mmpbsa_metrics.TOTAL__average,Imported: TOTAL__average,wt-homo-4,wt-homo-4 (wt-homo-4),Chain 0::205,205,Chain 0,Chain 0 / ARG205,Chain 0 / ARG205,
dataset,mmpbsa_metrics.TOTAL__average,Imported: TOTAL__average,wt-homo-4,wt-homo-4 (wt-homo-4),Chain 0::287,287,Chain 0,Chain 0 / SER287,Chain 0 / SER287,
dataset,mmpbsa_metrics.TOTAL__average,Imported: TOTAL__average,wt-homo-4,wt-homo-4 (wt-homo-4),Chain 0::288,288,Chain 0,Chain 0 / VAL288,Chain 0 / VAL288,-0.6127654023999999
dataset,mmpbsa_metrics.TOTAL__average,Imported: TOTAL__average,wt-homo-4,wt-homo-4 (wt-homo-4),Chain 0::289,289,Chain 0,Chain 0 / ALA289,Chain 0 / ALA289,
dataset,mmpbsa_metrics.TOTAL__average,Imported: TOTAL__average,wt-homo-4,wt-homo-4 (wt-homo-4),Chain 0::290,290,Chain 0,Chain 0 / ARG290,Chain 0 / ASN290,
dataset,mmpbsa_metrics.TOTAL__average,Imported: TOTAL__average,wt-homo-4,wt-homo-4 (wt-homo-4),Chain 0::315,315,Chain 0,Chain 0 / ARG315,Chain 0 / ARG315,
dataset,mmpbsa_metrics.TOTAL__average,Imported: TOTAL__average,wt-homo-4,wt-homo-4 (wt-homo-4),Chain 0::363,363,Chain 0,Chain 0 / TRP363,Chain 0 / TRP363,
dataset,mmpbsa_metrics.TOTAL__average,Imported: TOTAL__average,wt-homo-4,wt-homo-4 (wt-homo-4),Chain 0::364,364,Chain 0,Chain 0 / ASN364,Chain 0 / ASN364,
dataset,mmpbsa_metrics.TOTAL__average,Imported: TOTAL__average,wt-homo-4,wt-homo-4 (wt-homo-4),Chain 0::381,381,Chain 0,Chain 0 / VAL381,Chain 0 / VAL381,
dataset,mmpbsa_metrics.TOTAL__average,Imported: TOTAL__average,wt-homo-4,wt-homo-4 (wt-homo-4),Chain 0::382,382,Chain 0,Chain 0 / PHE382,Chain 0 / PHE382,-1.1341893048000005
dataset,mmpbsa_metrics.TOTAL__average,Imported: TOTAL__average,wt-homo-4,wt-homo-4 (wt-homo-4),Chain 0::383,383,Chain 0,Chain 0 / ALA383,Chain 0 / ALA383,-0.5340795736000002
dataset,mmpbsa_metrics.TOTAL__average,Imported: TOTAL__average,wt-homo-4,wt-homo-4 (wt-homo-4),Chain 0::384,384,Chain 0,Chain 0 / GLU384,Chain 0 / GLU384,0.005850953600000558
dataset,mmpbsa_metrics.TOTAL__average,Imported: TOTAL__average,wt-homo-4,wt-homo-4 (wt-homo-4),Chain 0::385,385,Chain 0,Chain 0 / GLN385,Chain 0 / GLN385,
dataset,mmpbsa_metrics.TOTAL__average,Imported: TOTAL__average,wt-homo-4,wt-homo-4 (wt-homo-4),Chain 0::388,388,Chain 0,Chain 0 / ASN388,Chain 0 / ASN388,
dataset,mmpbsa_metrics.TOTAL__average,Imported: TOTAL__average,wt-homo-4,wt-homo-4 (wt-homo-4),Chain 0::407,407,Chain 0,Chain 0 / TRP407,Chain 0 / TRP407,-0.3847217135999999
dataset,mmpbsa_metrics.TOTAL__average,Imported: TOTAL__average,wt-homo-4,wt-homo-4 (wt-homo-4),Chain 0::408,408,Chain 0,Chain 0 / ARG408,Chain 0 / LYS408,
dataset,mmpbsa_metrics.TOTAL__average,Imported: TOTAL__average,wt-homo-4,wt-homo-4 (wt-homo-4),Chain 0::409,409,Chain 0,Chain 0 / ARG409,Chain 0 / ARG409,-1.744331383200001
dataset,mmpbsa_metrics.TOTAL__average,Imported: TOTAL__average,wt-homo-4,wt-homo-4 (wt-homo-4),Chain 0::410,410,Chain 0,Chain 0 / TYR410,Chain 0 / SER410,
