project_residue_id,chain_id,aligned_residue_number,reference_residue_label,reference_residue_name,tags,dataset_count,mmpbsa_dataset_count,hbond_dataset_count,sasa_dataset_count,rmsf_dataset_count,avg_mmpbsa_total,max_hbond_occupancy,avg_total_sasa,avg_polar_sasa,avg_apolar_sasa,avg_relative_sasa,avg_rmsf,project_notes,evidence_summary,custom_fields_json
Chain 0::1,Chain 0,1,Chain 0 / MET1,MET,conserved | Exposed,16,0,0,16,16,,,1.792505235586426,0.3739615927201391,1.4185436325203074,0.8830075052149884,0.35056407687499996,,Imported structure residue from md_100_prolig_center.gro | Manual tag: M1 | SASA: total=1.976471742781082 | SASA: total=1.9182977534756802 | RMSF: value=0.38866702 | SASA: total=1.8862523300812977 | RMSF: value=0.30355513 | SASA: total=1.8566715599286674,
Chain 0::2,Chain 0,2,Chain 0 / LYS2,LYS,Mixed_exposure,16,0,0,16,16,,,1.2178656397995973,0.0839823222036778,1.1338832756725723,0.5935883574682757,0.224020976875,,Imported structure residue from md_100_prolig_center.gro | SASA: total=1.5079465384530548 | RMSF: value=0.22918251 | SASA: total=1.4239340949766706 | RMSF: value=0.24845608 | SASA: total=1.4160587091257077 | RMSF: value=0.19287308 | SASA: total=1.6395562828177273,
Chain 0::3,Chain 0,3,Chain 0 / GLN3,GLN,conserved | Exposed,16,0,0,16,16,,,1.241579222723399,0.39852050868425476,0.8430587025267063,0.580177206880093,0.11404222318750001,,Imported structure residue from md_100_prolig_center.gro | Manual tag: Q3 | SASA: total=1.1415976604612748 | SASA: total=1.1586906248980229 | RMSF: value=0.12702285 | SASA: total=1.140556540819678 | RMSF: value=0.10818051 | SASA: total=1.2295188502509995,
Chain 0::4,Chain 0,4,Chain 0 / LEU4,LEU,conserved | Buried,16,0,0,16,16,,,0.14521797591276317,0.003652109628290256,0.14156586862639478,0.07603035388102786,0.0664741925625,,Imported structure residue from md_100_prolig_center.gro | Manual tag: L4 | SASA: total=0.1564428437464308 | SASA: total=0.16093119927267036 | RMSF: value=0.065929435 | SASA: total=0.1475359845795844 | RMSF: value=0.064347714 | SASA: total=0.1438209576771991,
Chain 0::5,Chain 0,5,Chain 0 / HIS5,HIS,conserved | Mixed_exposure,16,0,0,16,16,,,0.3084767469248762,0.04746798018516862,0.2610087658151207,0.14281330876151677,0.05912006449999999,,Imported structure residue from md_100_prolig_center.gro | Manual tag: H5 | SASA: total=0.3642291184699181 | SASA: total=0.2800512160405074 | RMSF: value=0.05711518 | SASA: total=0.2830228315721644 | RMSF: value=0.056877665 | SASA: total=0.2640482107417123,
Chain 0::6,Chain 0,6,Chain 0 / PHE6,PHE,conserved | Buried,16,0,0,16,16,,,0.0016749048221448327,0.00009275452525753732,0.0015821502874501622,0.0007346073781336987,0.0500121495,,Imported structure residue from md_100_prolig_center.gro | Manual tag: F6 | SASA: total=0.0012124998882265374 | SASA: total=0.002931056949909371 | RMSF: value=0.049373426 | SASA: total=0.0034497772703076354 | RMSF: value=0.04895275 | SASA: total=0.002583663320482367,
Chain 0::7,Chain 0,7,Chain 0 / PHE7,PHE,conserved | Buried,16,0,0,16,16,,,0.007056951041821515,0.0006199666746433292,0.006436984405935268,0.0030951539657111914,0.04629456156249999,,Imported structure residue from md_100_prolig_center.gro | Manual tag: F7 | SASA: total=0.018656874057089927 | SASA: total=0.009152639534504218 | RMSF: value=0.04576413 | SASA: total=0.022196544057661943 | RMSF: value=0.046006385 | SASA: total=0.002876878079801503,
Chain 0::8,Chain 0,8,Chain 0 / PHE8,PHE,conserved | Buried,16,0,0,16,16,,,0.003607598947932238,0.000014545516780056613,0.003593053409036152,0.0015822802403211574,0.04608050949999999,,Imported structure residue from md_100_prolig_center.gro | Manual tag: F8 | SASA: total=0.0036315747702697124 | SASA: total=0.0034429266954320347 | RMSF: value=0.050249536 | SASA: total=0.005622473659482554 | RMSF: value=0.050075546 | SASA: total=0.0028749644424360577,
Chain 0::9,Chain 0,9,Chain 0 / PHE9,PHE,conserved | Buried,16,0,0,16,16,,,0.029440406749963222,0.0035634362100627,0.025876970748453965,0.012912459100861064,0.05034660256250001,,Imported structure residue from md_100_prolig_center.gro | Manual tag: F9 | SASA: total=0.10603225245924279 | SASA: total=0.033714310865443534 | RMSF: value=0.06374996 | SASA: total=0.065178894723701 | RMSF: value=0.06265881 | SASA: total=0.0224767796473928,
Chain 0::10,Chain 0,10,Chain 0 / PRO10,PRO,conserved | Buried,16,0,0,16,16,,,0.01989906839021432,0.007893768844158978,0.012005299728602637,0.012921472980658646,0.05290987362499999,,Imported structure residue from md_100_prolig_center.gro | Manual tag: P10 | SASA: total=0.05393798073919693 | SASA: total=0.017395834207977398 | RMSF: value=0.09365626 | SASA: total=0.021764029198934758 | RMSF: value=0.060711604 | SASA: total=0.00958201113055543,
Chain 0::11,Chain 0,11,Chain 0 / VAL11,VAL,second shell | Buried,16,13,0,16,16,-0.050923267200000004,,0.023659853037045625,0.00044515891009849485,0.023214694101589342,0.014339304870936742,0.0554625525,,Imported structure residue from md_100_prolig_center.gro | Manual tag: V11 | MMPBSA traj_nowat_100_f100 Total: TOTAL=NA | MMPBSA traj_nowat_100_f100 Total: TOTAL=-0.008602000000000085 | MMPBSA traj_nowat_100_f100 Total: TOTAL=-0.035467235999999985 | MMPBSA traj_nowat_100_f100 Total: TOTAL=-0.11678821119999992 | MMPBSA traj_nowat_100_f100 Total: TOTAL=-0.062065657600000004 | MMPBSA traj_nowat_100_f100 Total: TOTAL=-0.021271250399999945,
Chain 0::12,Chain 0,12,Chain 0 / MET12,MET,conserved | Buried,16,4,0,16,16,-0.018364047000000047,,0.03532964859712791,0.005211261029171961,0.030118387159926006,0.017403767781836405,0.064695637625,,Imported structure residue from md_100_prolig_center.gro | Manual tag: M12 | MMPBSA traj_nowat_100_f100 Total: TOTAL=NA | SASA: total=0.031404371013735784 | RMSF: value=0.07703638 | SASA: total=0.06144379713747761 | RMSF: value=0.08304361 | MMPBSA traj_nowat_100_f100 Total: TOTAL=-0.04200000000000004,
Chain 0::13,Chain 0,13,Chain 0 / ALA13,ALA,second shell | conserved | Buried,16,15,0,16,16,-0.09275762421333332,,0.05071029853689371,0.0011760213495621752,0.04953427721974918,0.041909337633796465,0.07197923500000002,,Imported structure residue from md_100_prolig_center.gro | Manual tag: A13 | MMPBSA traj_nowat_100_f100 Total: TOTAL=NA | MMPBSA traj_nowat_100_f100 Total: TOTAL=-0.021812799200000038 | MMPBSA traj_nowat_100_f100 Total: TOTAL=-0.13765750239999988 | MMPBSA traj_nowat_100_f100 Total: TOTAL=-0.4333551272 | MMPBSA traj_nowat_100_f100 Total: TOTAL=-0.2732480175999999 | MMPBSA traj_nowat_100_f100 Total: TOTAL=-0.01754700560000004,
Chain 0::14,Chain 0,14,Chain 0 / HIS14,HIS,second shell | conserved | Mixed_exposure,16,5,0,16,16,-0.01058482415999997,,0.32137490530489093,0.04829672650067542,0.27307817659174816,0.14878467838189396,0.0811924370625,,Imported structure residue from md_100_prolig_center.gro | Manual tag: H14 | SASA: total=0.327354088868245 | SASA: total=0.21269575528579182 | RMSF: value=0.08255677 | MMPBSA traj_nowat_100_f100 Total: TOTAL=NA | MMPBSA traj_nowat_100_f100 Total: TOTAL=6.590799999998698e-05 | MMPBSA traj_nowat_100_f100 Total: TOTAL=-0.04621068559999989,
Chain 0::15,Chain 0,15,Chain 0 / GLY15,GLY,first shell | conserved | Buried,16,14,3,16,16,-0.03345070605714286,0.006993006993006993,0.04050580831712842,0.012500727758757279,0.028005080622702138,0.04175856527539014,0.08071376168750002,,Manual tag: G15 | Imported structure residue from md_100_prolig_center.gro | MMPBSA traj_nowat_100_f100 Total: TOTAL=NA | MMPBSA traj_nowat_100_f100 Total: TOTAL=-0.009733476800000022 | MMPBSA traj_nowat_100_f100 Total: TOTAL=-0.03796061999999999 | MMPBSA traj_nowat_100_f100 Total: TOTAL=-0.1242350376 | MMPBSA traj_nowat_100_f100 Total: TOTAL=-0.03600967199999999 | SASA: total=0.003919576137962908,
Chain 0::16,Chain 0,16,Chain 0 / HISD16,HISD,first shell | conserved | Buried,16,16,12,16,16,-0.021231943349999977,0.1232933732933733,0.20101346310901247,0.07415688457428524,0.12685657901018582,0.09306178847639464,0.060182571500000004,,Manual tag: H16 | Imported structure residue from md_100_prolig_center.gro | MMPBSA traj_nowat_100_f100 Total: TOTAL=NA | MMPBSA traj_nowat_100_f100 Total: TOTAL=0.026252140799999962 | MMPBSA traj_nowat_100_f100 Total: TOTAL=0.05877133679999994 | MMPBSA traj_nowat_100_f100 Total: TOTAL=0.40774460479999997 | MMPBSA traj_nowat_100_f100 Total: TOTAL=0.10537357760000003 | MMPBSA traj_nowat_100_f100 Total: TOTAL=0.037424359999999934,
Chain 0::17,Chain 0,17,Chain 0 / MET17,MET,second shell | conserved | Buried,16,1,0,16,16,-0.007732000000000015,,0.060252086208312884,0.004440214531179196,0.055811871400323114,0.029680830644489113,0.051856547249999996,,Imported structure residue from md_100_prolig_center.gro | Manual tag: M17 | SASA: total=0.1874863906662063 | SASA: total=0.140305495498204 | RMSF: value=0.05386691 | SASA: total=0.1485661949114044 | RMSF: value=0.046124525 | SASA: total=0.011124283788808724,
Chain 0::18,Chain 0,18,Chain 0 / ILE18,ILE,second shell | conserved | Buried,16,0,0,16,16,,,0.06707838055542135,0.0013772919512553242,0.06570108865293654,0.037059878759901285,0.0536617281875,,Imported structure residue from md_100_prolig_center.gro | Manual tag: I18 | SASA: total=0.03989676701476668 | SASA: total=0.05476242882928046 | RMSF: value=0.04605262 | SASA: total=0.045838023729548594 | RMSF: value=0.04880175 | SASA: total=0.15908776629384203,
Chain 0::19,Chain 0,19,Chain 0 / PRO19,PRO,second shell | conserved | Buried,16,0,0,16,16,,,0.039674057424677035,0.00002924734454240078,0.03964481005989162,0.025762374951088983,0.0503221475625,,Imported structure residue from md_100_prolig_center.gro | Manual tag: P19 | SASA: total=0.016188832792905297 | SASA: total=0.04606450544578014 | RMSF: value=0.046108674 | SASA: total=0.028216835922828996 | RMSF: value=0.049786925 | SASA: total=0.07475881197369925,
Chain 0::20,Chain 0,20,Chain 0 / THR20,THR,conserved | Buried,16,0,0,16,16,,,0.031544650864492325,0.010983366271109773,0.02056128418448815,0.01935254654263333,0.0463836331875,,Imported structure residue from md_100_prolig_center.gro | Manual tag: T20 | SASA: total=0.027791397922699995 | SASA: total=0.035305596076615965 | RMSF: value=0.048649106 | SASA: total=0.03531415509705496 | RMSF: value=0.0485528 | SASA: total=0.027872018737368064,
Chain 0::21,Chain 0,21,Chain 0 / LEU21,LEU,conserved | Buried,16,0,0,16,16,,,0.07688468986647295,0.00021590580019781755,0.07666878419407266,0.040253764327996315,0.0482080439375,,Imported structure residue from md_100_prolig_center.gro | Manual tag: L21 | SASA: total=0.12810943024878454 | SASA: total=0.15500229597091675 | RMSF: value=0.049056128 | SASA: total=0.11743062601821257 | RMSF: value=0.05017169 | SASA: total=0.029418681738990368,
Chain 0::22,Chain 0,22,Chain 0 / ASP22,ASP,second shell | conserved | Buried,16,0,0,16,16,,,0.05135494160373974,0.044441381342075696,0.006913560229894765,0.027462535616973118,0.047787437125,,Imported structure residue from md_100_prolig_center.gro | Manual tag: D22 | SASA: total=0.030083065926290974 | SASA: total=0.06698259453077128 | RMSF: value=0.049983907 | SASA: total=0.03335283165520961 | RMSF: value=0.051773638 | SASA: total=0.06507514129475792,
Chain 0::23,Chain 0,23,Chain 0 / MET23,MET,conserved | Buried,16,0,0,16,16,,,0.007659150523869528,0.0016475501472428948,0.0060116004568062445,0.0037729805536303096,0.0468148396875,,Imported structure residue from md_100_prolig_center.gro | Manual tag: M23 | SASA: total=0.01105434147843925 | SASA: total=0.009144029234268583 | RMSF: value=0.05063169 | SASA: total=0.010713423120484936 | RMSF: value=0.047630552 | SASA: total=0.006787379189292983,
Chain 0::24,Chain 0,24,Chain 0 / ALA24,ALA,conserved | Buried,16,0,0,16,16,,,0.0001187935628724229,0.00001382549082408521,0.00010496807240853363,0.00009817649824167185,0.048644127125,,Imported structure residue from md_100_prolig_center.gro | Manual tag: A24 | SASA: total=0.0005828490858842241 | SASA: total=0.0001388985553000233 | RMSF: value=0.050189994 | SASA: total=0.00010522752815839087 | RMSF: value=0.048500866 | SASA: total=1.7537932501792317e-05,
Chain 0::25,Chain 0,25,Chain 0 / LYS25,LYS,conserved | Buried,16,0,0,16,16,,,0.14035304437208768,0.003569475363877759,0.13678356967932698,0.06102306277047291,0.0534057014375,,Imported structure residue from md_100_prolig_center.gro | Manual tag: K25 | SASA: total=0.12233331209362143 | SASA: total=0.1933257162275881 | RMSF: value=0.056918226 | SASA: total=0.1179764167507096 | RMSF: value=0.050061844 | SASA: total=0.1699856816246958,
Chain 0::26,Chain 0,26,Chain 0 / LEU26,LEU,conserved | Buried,16,0,0,16,16,,,0.21004722692939165,0.0028184806294958248,0.2072287472472111,0.10997237012010036,0.054389884062500005,,Imported structure residue from md_100_prolig_center.gro | Manual tag: L26 | SASA: total=0.2004694956364018 | SASA: total=0.20220724884236213 | RMSF: value=0.058830053 | SASA: total=0.1569607169321268 | RMSF: value=0.05225029 | SASA: total=0.10577627404196428,
Chain 0::27,Chain 0,27,Chain 0 / PHE27,PHE,conserved | Buried,16,0,0,16,16,,,0.0030559283238316953,0.0000014106480382834698,0.003054517670966786,0.0013403194402770596,0.05373512993750001,,Imported structure residue from md_100_prolig_center.gro | Manual tag: F27 | SASA: total=0.0024224006303466194 | SASA: total=0.004877926477480052 | RMSF: value=0.05741983 | SASA: total=0.005614329240109661 | RMSF: value=0.052069698 | SASA: total=0.0053254361494933025,
Chain 0::28,Chain 0,28,Chain 0 / ALA28,ALA,conserved | Buried,16,0,0,16,16,,,0.09062903136588947,0.07244845543639956,0.018180575710202634,0.07490002592222268,0.060636889875,,Imported structure residue from md_100_prolig_center.gro | Manual tag: A28 | SASA: total=0.10087982233208005 | SASA: total=0.11565275785356464 | RMSF: value=0.06492016 | SASA: total=0.1074188030739822 | RMSF: value=0.057421174 | SASA: total=0.08575659650977295,
Chain 0::29,Chain 0,29,Chain 0 / SER29,SER,Mixed_exposure,16,0,0,16,16,,,0.6645653008271266,0.40563501270100616,0.25893028725012396,0.4647309795993893,0.0726943783125,,Imported structure residue from md_100_prolig_center.gro | SASA: total=0.6385853001386812 | RMSF: value=0.07567694 | SASA: total=0.6510842082524063 | RMSF: value=0.08041154 | SASA: total=0.6090865625013219 | RMSF: value=0.069226615 | SASA: total=0.6460930796542971,
Chain 0::30,Chain 0,30,Chain 0 / ARG30,ARG,conserved | Intermediate,16,0,0,16,16,,,0.90488489779948,0.319415350200258,0.5854695339751715,0.3414659991696152,0.0748345890625,,Imported structure residue from md_100_prolig_center.gro | Manual tag: R30 | SASA: total=1.0827864184237943 | SASA: total=1.0503326583616803 | RMSF: value=0.08284353 | SASA: total=1.0224786914221131 | RMSF: value=0.0762194 | SASA: total=1.0512635046892826,
Chain 0::31,Chain 0,31,Chain 0 / GLY31,GLY,conserved | Intermediate,16,0,0,16,16,,,0.39820266747386146,0.1061348525131822,0.2920678079699968,0.4105182138905788,0.0753951885,,Imported structure residue from md_100_prolig_center.gro | Manual tag: G31 | SASA: total=0.42075691807388077 | SASA: total=0.4124975499540272 | RMSF: value=0.08376031 | SASA: total=0.4175690264985113 | RMSF: value=0.08117099 | SASA: total=0.44604158519518255,
Chain 0::32,Chain 0,32,Chain 0 / VAL32,VAL,conserved | Buried,16,0,0,16,16,,,0.06168540708378067,0.020689711385028495,0.040995695594979724,0.03738509520229131,0.0618544995625,,Imported structure residue from md_100_prolig_center.gro | Manual tag: V32 | SASA: total=0.0644537789175416 | SASA: total=0.06435554644258895 | RMSF: value=0.0596223 | SASA: total=0.06678566897269522 | RMSF: value=0.060657464 | SASA: total=0.06792233095015629,
Chain 0::33,Chain 0,33,Chain 0 / LYS33,LYS,conserved | Intermediate,16,0,0,16,16,,,1.0059987092482865,0.01083319949111233,0.9951655090334688,0.437390743151429,0.0607513436875,,Imported structure residue from md_100_prolig_center.gro | Manual tag: K33 | SASA: total=1.0121716910069531 | SASA: total=1.0285137192447587 | RMSF: value=0.058437858 | SASA: total=0.9460564757337665 | RMSF: value=0.059280764 | SASA: total=0.9696481098042856,
Chain 0::34,Chain 0,34,Chain 0 / ALA34,ALA,Buried,16,0,0,16,16,,,0.017334191777756653,0.007103186320873106,0.010231005637845979,0.01432577832872451,0.0566284225625,,Imported structure residue from md_100_prolig_center.gro | SASA: total=0.021404331937284752 | RMSF: value=0.06018125 | SASA: total=0.023522294393860468 | RMSF: value=0.05475921 | SASA: total=0.014549878951494056 | RMSF: value=0.054295354 | SASA: total=0.014756807116883815,
Chain 0::35,Chain 0,35,Chain 0 / THR35,THR,conserved | Buried,16,0,0,16,16,,,0.021109798661920722,0.01269992338117422,0.008409875281646993,0.012950796725104739,0.053762205249999986,,Imported structure residue from md_100_prolig_center.gro | Manual tag: T35 | SASA: total=0.030826452086762626 | SASA: total=0.020145345516134016 | RMSF: value=0.05429063 | SASA: total=0.01997930855296626 | RMSF: value=0.051140957 | SASA: total=0.019465319590993447,
Chain 0::36,Chain 0,36,Chain 0 / ILE36,ILE,conserved | Buried,16,0,0,16,16,,,0.0020869631761262,0,0.0020869631761262,0.0011530183293514916,0.0536239775625,,Imported structure residue from md_100_prolig_center.gro | Manual tag: I36 | SASA: total=0.0031317137550599503 | SASA: total=0.0039000152656347444 | RMSF: value=0.05785721 | SASA: total=0.004125516874356066 | RMSF: value=0.05370474 | SASA: total=0.0026792293727988066,
Chain 0::37,Chain 0,37,Chain 0 / ILE37,ILE,conserved | Buried,16,0,0,16,16,,,0.004173201551539293,0.0013677558200641325,0.002805445860857536,0.0023056362163200515,0.0597752598125,,Imported structure residue from md_100_prolig_center.gro | Manual tag: I37 | SASA: total=0.03198178809615645 | SASA: total=0.004367442561848329 | RMSF: value=0.0653734 | SASA: total=0.004792590782341391 | RMSF: value=0.06542181 | SASA: total=0.001920574962502659,
Chain 0::38,Chain 0,38,Chain 0 / THR38,THR,conserved | Buried,16,0,0,16,16,,,0.011058483804115914,0.0004112368212847989,0.01064724730448607,0.006784345892095654,0.06570374206249999,,Imported structure residue from md_100_prolig_center.gro | Manual tag: T38 | SASA: total=0.039075502369663506 | SASA: total=0.01394447029595918 | RMSF: value=0.07363862 | SASA: total=0.024705471378741878 | RMSF: value=0.06937702 | SASA: total=0.002442772435669852,
Chain 0::39,Chain 0,39,Chain 0 / THR39,THR,conserved | Buried,16,0,0,16,16,,,0.03774865352145095,0.005646409418812543,0.032102242673741184,0.02315868314199445,0.0760221663125,,Imported structure residue from md_100_prolig_center.gro | Manual tag: T39 | SASA: total=0.12499030266362841 | SASA: total=0.06327452754030133 | RMSF: value=0.07987343 | SASA: total=0.11414948504159947 | RMSF: value=0.08136718 | SASA: total=0.015550612813175315,
Chain 0::40,Chain 0,40,Chain 0 / PRO40,PRO,conserved | Intermediate,16,0,0,16,16,,,0.5539271373781237,0.08647693785502217,0.4674502003864192,0.3596929463494309,0.08873234756250001,,Imported structure residue from md_100_prolig_center.gro | Manual tag: P40 | SASA: total=0.5702333432613033 | SASA: total=0.5489063159664078 | RMSF: value=0.08878541 | SASA: total=0.5444808431191019 | RMSF: value=0.0935587 | SASA: total=0.5682799290902544,
Chain 0::41,Chain 0,41,Chain 0 / GLY41,GLY,Mixed_exposure,16,0,0,16,16,,,0.5752545993885781,0.15018620851131542,0.42506838695026283,0.4711538255328486,0.1055308186875,,Imported structure residue from md_100_prolig_center.gro | SASA: total=0.5357463088366065 | RMSF: value=0.15494184 | SASA: total=0.5143442820794512 | RMSF: value=0.11350248 | SASA: total=0.5221880184541835 | RMSF: value=0.12012895 | SASA: total=0.45997086786987756,
Chain 0::42,Chain 0,42,Chain 0 / ASN42,ASN,conserved | Buried,16,0,0,16,16,,,0.08614334018971878,0.05507540233073916,0.031067938438210686,0.04606595732070522,0.0966215480625,,Imported structure residue from md_100_prolig_center.gro | Manual tag: N42 | SASA: total=0.15951416538198396 | SASA: total=0.19288093087696792 | RMSF: value=0.10109485 | SASA: total=0.26188944560466426 | RMSF: value=0.09511929 | SASA: total=0.03509676777342759,
Chain 0::43,Chain 0,43,Chain 0 / GLU43,GLU,conserved | Intermediate,16,0,0,16,16,,,0.7565182291045047,0.6530871823577596,0.10343104866356359,0.3535131911703293,0.1029369790625,,Imported structure residue from md_100_prolig_center.gro | Manual tag: E43 | SASA: total=0.8796297530136487 | SASA: total=0.8648246538521039 | RMSF: value=0.1088618 | SASA: total=0.9324651744106028 | RMSF: value=0.1092446 | SASA: total=0.6930984477005383,
Chain 0::44,Chain 0,44,Chain 0 / PRO44,PRO,Mixed_exposure,16,0,0,16,16,,,1.0149328930321895,0.18964903396653707,0.825283873014816,0.5653613284476348,0.123355057125,,Imported structure residue from md_100_prolig_center.gro | SASA: total=0.976068110749273 | RMSF: value=0.1899697 | SASA: total=0.9700746955257831 | RMSF: value=0.12376731 | SASA: total=0.9795090455820065 | RMSF: value=0.12192622 | SASA: total=0.9277649964436446,
Chain 0::45,Chain 0,45,Chain 0 / VAL45,VAL,Mixed_exposure,16,0,0,16,16,,,0.39142820851803567,0.032242130165926,0.35918608036740585,0.23722921728365798,0.12005137975,,Imported structure residue from md_100_prolig_center.gro | SASA: total=0.7163405878709095 | RMSF: value=0.19857982 | SASA: total=0.5245028073244756 | RMSF: value=0.1100367 | SASA: total=0.8173106643232969 | RMSF: value=0.11083996 | SASA: total=0.2706514090889751,
Chain 0::46,Chain 0,46,Chain 0 / PHE46,PHE,conserved | Buried,16,0,0,16,16,,,0.034651672341953044,0.001179445165455558,0.033472227206970066,0.015198101904365373,0.09443047012500001,,Imported structure residue from md_100_prolig_center.gro | Manual tag: F46 | SASA: total=0.044601096190733484 | SASA: total=0.07633307133570756 | RMSF: value=0.11510326 | SASA: total=0.1732047451014566 | RMSF: value=0.10222122 | SASA: total=0.004131460396370085,
Chain 0::47,Chain 0,47,Chain 0 / SER47,SER,Mixed_exposure,16,0,0,16,16,,,0.39667795948905527,0.17606277068636592,0.220615189351916,0.27739717446787077,0.11074194387500001,,Imported structure residue from md_100_prolig_center.gro | SASA: total=0.5220679487332259 | RMSF: value=0.17197739 | SASA: total=0.5651211809403826 | RMSF: value=0.14202516 | SASA: total=0.5460559590028065 | RMSF: value=0.12514848 | SASA: total=0.42128857144034737,
Chain 0::48,Chain 0,48,Chain 0 / LYS48,LYS,Mixed_exposure,16,0,0,16,16,,,0.9698200001574978,0.03805603948882826,0.9317639751525799,0.4216608696336947,0.10429147993749999,,Imported structure residue from md_100_prolig_center.gro | SASA: total=1.168132254392794 | RMSF: value=0.15093145 | SASA: total=0.8523269868133092 | RMSF: value=0.13268226 | SASA: total=1.5280943306365815 | RMSF: value=0.1154878 | SASA: total=0.8088402913348509,
Chain 0::49,Chain 0,49,Chain 0 / GLU49,GLU,Buried,16,0,0,16,16,,,0.07725906376248586,0.03464879362531567,0.04261026981947737,0.040676434881861165,0.08853037937500002,,Imported structure residue from md_100_prolig_center.gro | SASA: total=0.18181482134479107 | RMSF: value=0.10439275 | SASA: total=0.09047845242047074 | RMSF: value=0.10098481 | SASA: total=0.1775880706782388 | RMSF: value=0.09242271 | SASA: total=0.019127449864466295,
Chain 0::50,Chain 0,50,Chain 0 / ILE50,ILE,conserved | Mixed_exposure,16,0,0,16,16,,,0.27993489568361474,0.0035632570859276467,0.27637163892452893,0.15466016336111316,0.095975714625,,Imported structure residue from md_100_prolig_center.gro | Manual tag: I50 | SASA: total=0.37643001457252123 | SASA: total=0.4561286497824263 | RMSF: value=0.12873231 | SASA: total=0.3875964959659199 | RMSF: value=0.09250022 | SASA: total=0.7672324918284275,
Chain 0::51,Chain 0,51,Chain 0 / GLU51,GLU,Mixed_exposure,16,0,0,16,16,,,1.148993034542787,0.4605322165978326,0.6884608135217488,0.5270897237903773,0.11275991506250001,,Imported structure residue from md_100_prolig_center.gro | SASA: total=1.0628724405080965 | RMSF: value=0.12538403 | SASA: total=1.123465358620823 | RMSF: value=0.14186981 | SASA: total=0.9883967838665046 | RMSF: value=0.10358523 | SASA: total=1.2704031030730445,
Chain 0::52,Chain 0,52,Chain 0 / ARG52,ARG,Mixed_exposure,16,0,0,16,16,,,0.5044113229960203,0.05296993750553247,0.45144138783032056,0.19034389547019634,0.1109902030625,,Imported structure residue from md_100_prolig_center.gro | SASA: total=0.3460572633412805 | RMSF: value=0.14425077 | SASA: total=0.3678781027250951 | RMSF: value=0.110724784 | SASA: total=0.3790174687262809 | RMSF: value=0.09908819 | SASA: total=0.33910505016251363,
Chain 0::53,Chain 0,53,Chain 0 / TRP53,TRP,Buried,16,0,0,16,16,,,0.10349921695005561,0.011708189565691253,0.09179102662427895,0.041930484043812805,0.10717109093749999,,Imported structure residue from md_100_prolig_center.gro | SASA: total=0.04754114865629685 | RMSF: value=0.14774352 | SASA: total=0.052310061069334494 | RMSF: value=0.11098835 | SASA: total=0.05817966782810664 | RMSF: value=0.0863607 | SASA: total=0.10159272213678548,
Chain 0::54,Chain 0,54,Chain 0 / LYS54,LYS,Mixed_exposure,16,0,0,16,16,,,1.2258422204689814,0.25020433279298393,0.9756378903616182,0.5383006359135083,0.1307889145,,Imported structure residue from md_100_prolig_center.gro | SASA: total=1.4187403492408224 | RMSF: value=0.13650288 | SASA: total=1.3794252093475643 | RMSF: value=0.13268876 | SASA: total=1.2864556430590035 | RMSF: value=0.10523906 | SASA: total=1.5697015110809025,
Chain 0::55,Chain 0,55,Chain 0 / LYS55,LYS,Mixed_exposure,16,0,0,16,16,,,1.6617785231164186,0.523092015526525,1.1386864797424268,0.7463212209796272,0.15804078943750002,,Imported structure residue from md_100_prolig_center.gro | SASA: total=1.3901558890201078 | RMSF: value=0.15769657 | SASA: total=1.8018004197885495 | RMSF: value=0.14321266 | SASA: total=1.7014758445248745 | RMSF: value=0.13642132 | SASA: total=1.7174231651985998,
Chain 0::56,Chain 0,56,Chain 0 / ASP56,ASP,Mixed_exposure,16,0,0,16,16,,,1.0250548892239535,0.5010842290928237,0.5239706637964833,0.4784682756015859,0.142719544,,Imported structure residue from md_100_prolig_center.gro | SASA: total=0.7616184873156028 | RMSF: value=0.13659242 | SASA: total=0.8769144356840908 | RMSF: value=0.13798861 | SASA: total=0.7599015200492178 | RMSF: value=0.12854716 | SASA: total=0.9217854325133975,
Chain 0::57,Chain 0,57,Chain 0 / GLY57,GLY,Exposed,16,0,0,16,16,,,0.5904352513169594,0.26595060634749507,0.32448464378456376,0.6086961353783086,0.13145540556250002,,Imported structure residue from md_100_prolig_center.gro | SASA: total=0.5950735323499925 | RMSF: value=0.12536325 | SASA: total=0.5963074452806227 | RMSF: value=0.12657371 | SASA: total=0.5468646866260188 | RMSF: value=0.113378994 | SASA: total=0.6164883752860645,
Chain 0::58,Chain 0,58,Chain 0 / ILE58,ILE,Mixed_exposure,16,0,0,16,16,,,0.35630626677729105,0.022723022406479335,0.3335832467044492,0.19685429103717744,0.10817044875000001,,Imported structure residue from md_100_prolig_center.gro | SASA: total=0.23984858600219877 | RMSF: value=0.12285118 | SASA: total=0.31579663729903723 | RMSF: value=0.10880667 | SASA: total=0.2670830973599217 | RMSF: value=0.07890746 | SASA: total=0.25391599447420327,
Chain 0::59,Chain 0,59,Chain 0 / GLU59,GLU,Mixed_exposure,16,0,0,16,16,,,1.1424792941549036,0.4465994660184709,0.6958798098350222,0.5384000934341336,0.10978376324999999,,Imported structure residue from md_100_prolig_center.gro | SASA: total=1.1410045730005396 | RMSF: value=0.14175038 | SASA: total=1.1395947508292623 | RMSF: value=0.13177419 | SASA: total=0.992017950751994 | RMSF: value=0.076607406 | SASA: total=1.3296291308827919,
Chain 0::60,Chain 0,60,Chain 0 / ILE60,ILE,conserved | Buried,16,0,0,16,16,,,0.07439027434992394,0.05985290907270916,0.014537365303977364,0.041099599088355775,0.069497672625,,Imported structure residue from md_100_prolig_center.gro | Manual tag: I60 | SASA: total=0.08797265655628525 | SASA: total=0.0860411808042243 | RMSF: value=0.06955321 | SASA: total=0.056550824387681366 | RMSF: value=0.06896564 | SASA: total=0.12255267990697728,
Chain 0::61,Chain 0,61,Chain 0 / GLU61,GLU,Intermediate,16,0,0,16,16,,,0.6844732010792387,0.44696087661282263,0.23751232253000287,0.32749857984910236,0.06676819350000002,,Imported structure residue from md_100_prolig_center.gro | SASA: total=0.8528700807307026 | RMSF: value=0.07443126 | SASA: total=0.7770117556694711 | RMSF: value=0.06885725 | SASA: total=0.7129885684145559 | RMSF: value=0.06494621 | SASA: total=0.8021100901141025,
Chain 0::62,Chain 0,62,Chain 0 / ILE62,ILE,conserved | Mixed_exposure,16,0,0,16,16,,,0.36174648741979415,0.11820467385361985,0.24354181437762357,0.19985993780099123,0.0671869845,,Imported structure residue from md_100_prolig_center.gro | Manual tag: I62 | SASA: total=0.3964945131009168 | SASA: total=0.34510472328355996 | RMSF: value=0.07322563 | SASA: total=0.3292284430843769 | RMSF: value=0.068526685 | SASA: total=0.38578521792251286,
Chain 0::63,Chain 0,63,Chain 0 / ARG63,ARG,conserved | Intermediate,16,0,0,16,16,,,0.7855269166060013,0.1658586044196445,0.6196683127211757,0.2964252515494345,0.06995969593750001,,Imported structure residue from md_100_prolig_center.gro | Manual tag: R63 | SASA: total=0.8292752893844454 | SASA: total=0.8364985301943109 | RMSF: value=0.069449954 | SASA: total=0.7729754477444262 | RMSF: value=0.06973173 | SASA: total=0.8205685096211953,
Chain 0::64,Chain 0,64,Chain 0 / LEU64,LEU,Intermediate,16,0,0,16,16,,,0.7346084513655393,0.1919493648583199,0.5426590864795565,0.38461175464164366,0.0782246975,,Imported structure residue from md_100_prolig_center.gro | SASA: total=0.70373403140814 | RMSF: value=0.09258392 | SASA: total=0.691097649017183 | RMSF: value=0.07787897 | SASA: total=0.6585466649272654 | RMSF: value=0.077233 | SASA: total=0.7467434176123968,
Chain 0::65,Chain 0,65,Chain 0 / ILE65,ILE,conserved | Buried,16,0,0,16,16,,,0.11694895451148457,0.0004936979628585298,0.11645525579956259,0.06461268205054396,0.0787895893125,,Imported structure residue from md_100_prolig_center.gro | Manual tag: I65 | SASA: total=0.12409635094722898 | SASA: total=0.15561897226489416 | RMSF: value=0.07719985 | SASA: total=0.09855770024627743 | RMSF: value=0.07775236 | SASA: total=0.09110372329112326,
Chain 0::66,Chain 0,66,Chain 0 / LYS66,LYS,conserved | Exposed,16,0,0,16,16,,,1.7298631707187928,0.06329797680194646,1.666565202840484,0.7521144220516491,0.08892052562499997,,Imported structure residue from md_100_prolig_center.gro | Manual tag: K66 | SASA: total=1.5953923416609812 | SASA: total=1.7795241221342937 | RMSF: value=0.09031908 | SASA: total=1.7171978041677192 | RMSF: value=0.088598244 | SASA: total=1.745763117724126,
Chain 0::67,Chain 0,67,Chain 0 / PHE67,PHE,conserved | Buried,16,0,0,16,16,,,0.15851372683254797,0.10843091024982623,0.05008281496544207,0.06952356440024035,0.08195807675,,Imported structure residue from md_100_prolig_center.gro | Manual tag: F67 | SASA: total=0.17397570816597135 | SASA: total=0.16971360338796485 | RMSF: value=0.080143765 | SASA: total=0.2217026916470858 | RMSF: value=0.085718915 | SASA: total=0.15552775303621102,
Chain 0::68,Chain 0,68,Chain 0 / PRO68,PRO,conserved | Mixed_exposure,16,0,0,16,16,,,0.2936375045890708,0.00016804250344198366,0.2934694598972945,0.19067370427861738,0.08750251731249999,,Imported structure residue from md_100_prolig_center.gro | Manual tag: P68 | SASA: total=0.27100642600862107 | SASA: total=0.2952384842504369 | RMSF: value=0.08213611 | SASA: total=0.2922295857184004 | RMSF: value=0.091447555 | SASA: total=0.2992393395098129,
Chain 0::69,Chain 0,69,Chain 0 / ALA69,ALA,Buried,16,0,0,16,16,,,0.05314164712957665,0.00014978203773244957,0.05299186398143221,0.04391871663601376,0.095999396625,,Imported structure residue from md_100_prolig_center.gro | SASA: total=0.06358357087367832 | RMSF: value=0.14187844 | SASA: total=0.07243875760843257 | RMSF: value=0.087976225 | SASA: total=0.0914313679579461 | RMSF: value=0.10791482 | SASA: total=0.06723334495264041,
Chain 0::70,Chain 0,70,Chain 0 / LYS70,LYS,Exposed,16,0,0,16,16,,,1.4306225410782465,0.15778332068077705,1.272839230180967,0.6655783189031318,0.12262985593750002,,Imported structure residue from md_100_prolig_center.gro | SASA: total=1.5768431531320704 | RMSF: value=0.18268657 | SASA: total=1.623018976485375 | RMSF: value=0.12014658 | SASA: total=1.5819133543732142 | RMSF: value=0.13904518 | SASA: total=1.625123900942283,
Chain 0::71,Chain 0,71,Chain 0 / GLU71,GLU,conserved | Exposed,16,0,0,16,16,,,1.514442302581697,1.0611068745798402,0.4533354422391051,0.7076833189634102,0.1231332885,,Imported structure residue from md_100_prolig_center.gro | Manual tag: E71 | SASA: total=1.5125583587306561 | SASA: total=1.5433753540020179 | RMSF: value=0.13270786 | SASA: total=1.5122055511663455 | RMSF: value=0.13951829 | SASA: total=1.5091449636043888,
Chain 0::72,Chain 0,72,Chain 0 / PHE72,PHE,Mixed_exposure,16,0,0,16,16,,,0.5893061689589874,0.110011550473723,0.4792946268444752,0.2675750361272837,0.1102627908125,,Imported structure residue from md_100_prolig_center.gro | SASA: total=0.8190813884876742 | RMSF: value=0.15671338 | SASA: total=0.847012454920476 | RMSF: value=0.11703307 | SASA: total=0.8220771120326353 | RMSF: value=0.12684867 | SASA: total=0.809299109595837,
Chain 0::73,Chain 0,73,Chain 0 / GLY73,GLY,conserved | Mixed_exposure,16,0,0,16,16,,,0.5226952379735389,0.1937940651412574,0.3289011781758601,0.5388610700758133,0.12638687281250002,,Imported structure residue from md_100_prolig_center.gro | Manual tag: G73 | SASA: total=0.5680951664943507 | SASA: total=0.5589831666191025 | RMSF: value=0.12251563 | SASA: total=0.5652275994272515 | RMSF: value=0.13961689 | SASA: total=0.5740989906953113,
Chain 0::74,Chain 0,74,Chain 0 / LEU74,LEU,conserved | Buried,16,0,0,16,16,,,0.07841410730979269,0.06375988330323214,0.014654224856262724,0.04105450644491763,0.1101255709375,,Imported structure residue from md_100_prolig_center.gro | Manual tag: L74 | SASA: total=0.07260682315814614 | SASA: total=0.08629656118331569 | RMSF: value=0.09311741 | SASA: total=0.08953661348043691 | RMSF: value=0.12833829 | SASA: total=0.0869088001032867,
Chain 0::75,Chain 0,75,Chain 0 / PRO75,PRO,conserved | Mixed_exposure,16,0,0,16,16,,,0.6594542710313408,0.005154869841693527,0.6542994179532375,0.4282170591112603,0.13361870625000002,,Imported structure residue from md_100_prolig_center.gro | Manual tag: P75 | SASA: total=0.6605902060423747 | SASA: total=0.5998768054022647 | RMSF: value=0.11672748 | SASA: total=0.6185114702375809 | RMSF: value=0.18442494 | SASA: total=0.7150589180464791,
Chain 0::76,Chain 0,76,Chain 0 / GLU76,GLU,conserved | Exposed,16,0,0,16,16,,,1.401665886144827,0.9058443138209901,0.49582156395115473,0.6549840589461807,0.16239892031249997,,Imported structure residue from md_100_prolig_center.gro | Manual tag: E76 | SASA: total=1.372859554715676 | SASA: total=1.44714884238668 | RMSF: value=0.17349373 | SASA: total=1.4760377926401573 | RMSF: value=0.23916629 | SASA: total=1.3975591812983599,
Chain 0::77,Chain 0,77,Chain 0 / GLU77,GLU,Exposed,16,0,0,16,16,,,1.5204487825089161,0.9313821577937298,0.5890666080989165,0.7104900852845402,0.16773537562500007,,Imported structure residue from md_100_prolig_center.gro | SASA: total=1.4599566011145564 | RMSF: value=0.22267246 | SASA: total=1.4473944784391044 | RMSF: value=0.20216885 | SASA: total=1.5052534495249834 | RMSF: value=0.26376504 | SASA: total=1.5871717835416888,
Chain 0::78,Chain 0,78,Chain 0 / CYS78,CYS,conserved | Buried,16,0,0,16,16,,,0.03343138973185986,0.015273521040173797,0.01815786905350287,0.02258877684585126,0.126417506375,,Imported structure residue from md_100_prolig_center.gro | Manual tag: C78 | SASA: total=0.030514622457546763 | SASA: total=0.022129917425094264 | RMSF: value=0.14149846 | SASA: total=0.03510695445065451 | RMSF: value=0.19097196 | SASA: total=0.08445706816002874,
Chain 0::79,Chain 0,79,Chain 0 / GLU79,GLU,conserved | Mixed_exposure,16,0,0,16,16,,,0.41767473303998764,0.32827936004994823,0.08939537509012561,0.19517510889719047,0.10356598181249999,,Imported structure residue from md_100_prolig_center.gro | Manual tag: E79 | SASA: total=0.48716325334983296 | SASA: total=0.630113405756431 | RMSF: value=0.104982905 | SASA: total=0.7441781712050485 | RMSF: value=0.14511524 | SASA: total=0.36410277255690926,
Chain 0::80,Chain 0,80,Chain 0 / ARG80,ARG,conserved | Mixed_exposure,16,1,0,16,16,-0.06277501999999882,,0.5483702347512439,0.08392974349789986,0.46444048056618703,0.2069321640570732,0.08852888825000002,,Imported structure residue from md_100_prolig_center.gro | Manual tag: R80 | SASA: total=0.5653050772034296 | SASA: total=0.5310650957692967 | RMSF: value=0.07981243 | SASA: total=0.6337346641143949 | RMSF: value=0.10415804 | MMPBSA traj_nowat_100_f100 Total: TOTAL=NA,
Chain 0::81,Chain 0,81,Chain 0 / LEU81,LEU,second shell | conserved | Mixed_exposure,16,16,11,16,16,-1.0293084808000001,0.10752883480156208,0.16524636364221518,0.018189795444936187,0.14705657045268178,0.08651642075508649,0.09577839462500001,,Imported structure residue from md_100_prolig_center.gro | Manual tag: L81 | MMPBSA traj_nowat_100_f100 Total: TOTAL=NA | MMPBSA traj_nowat_100_f100 Total: TOTAL=-3.0888427632 | MMPBSA traj_nowat_100_f100 Total: TOTAL=-1.3672644328 | MMPBSA traj_nowat_100_f100 Total: TOTAL=-1.2439459064 | MMPBSA traj_nowat_100_f100 Total: TOTAL=-1.1325484160000001 | MMPBSA traj_nowat_100_f100 Total: TOTAL=-1.0925385984,
Chain 0::82,Chain 0,82,Chain 0 / ASP82,ASP,second shell | conserved | Mixed_exposure,16,5,6,16,16,-0.22787466687999997,0.09773559773559772,0.4922557204205653,0.31271939057773807,0.17953633210543396,0.2632383531660777,0.120911675375,,Imported structure residue from md_100_prolig_center.gro | Manual tag: D82 | SASA: total=0.5460401838368708 | HBond protein_to_ESC: max_occ=0.006993006993006993 | SASA: total=0.17062411877778497 | SASA: total=0.3539372113081488 | RMSF: value=0.15009445 | MMPBSA traj_nowat_100_f100 Total: TOTAL=NA,
Chain 0::83,Chain 0,83,Chain 0 / GLN83,GLN,Intermediate,16,1,0,16,16,-0.11450440720000003,,0.6643490079642816,0.26800904659517477,0.39633996511283937,0.32062429787579866,0.120408934375,,Imported structure residue from md_100_prolig_center.gro | SASA: total=0.8697338352108946 | RMSF: value=0.16231759 | SASA: total=0.6797935390236354 | RMSF: value=0.09564028 | SASA: total=0.596745223692148 | RMSF: value=0.16636094 | MMPBSA traj_nowat_100_f100 Total: TOTAL=NA,
Chain 0::84,Chain 0,84,Chain 0 / VAL84,VAL,Buried,16,4,11,16,16,-0.24799501059999984,0.04722550177095632,0.10836215984166453,0.08056135796851048,0.027800802414600582,0.06389162285392672,0.11984931,,Imported structure residue from md_100_prolig_center.gro | HBond protein_to_ESC: max_occ=0.09490509490509491 | SASA: total=0.15367305514836074 | HBond protein_to_ESC: max_occ=0.057942057942057944 | SASA: total=0.02263556578021386 | HBond protein_to_ESC: max_occ=0.015984015984015984 | SASA: total=0.11521120965111964 | MMPBSA traj_nowat_100_f100 Total: TOTAL=NA,
Chain 0::85,Chain 0,85,Chain 0 / PRO85,PRO,Mixed_exposure,16,1,4,16,16,-0.030763053600000097,0.007992007992007992,0.8614441764421097,0.19930896035506215,0.6621351877208983,0.5593793353520193,0.1671790915625,,Imported structure residue from md_100_prolig_center.gro | HBond protein_to_ESC: max_occ=0.000999000999000999 | SASA: total=0.8563662519549379 | SASA: total=0.8083986811118551 | RMSF: value=0.1018314 | SASA: total=0.8633447307171208 | RMSF: value=0.1998244 | SASA: total=0.7854097603571297,
Chain 0::86,Chain 0,86,Chain 0 / SER86,SER,conserved | Intermediate,16,0,4,16,16,,0.009990009990009992,0.4728309357617198,0.0691585176385764,0.40367241274095184,0.3306510040291747,0.14872753937500005,,Imported structure residue from md_100_prolig_center.gro | Manual tag: S86 | SASA: total=0.4822388261851698 | SASA: total=0.44183024026379725 | RMSF: value=0.09594203 | HBond protein_to_ESC: max_occ=0.012987012987012988 | SASA: total=0.4550716596664769 | SASA: total=0.41519507946501866,
Chain 0::87,Chain 0,87,Chain 0 / ASP87,ASP,second shell | Intermediate,16,3,11,16,16,-1.0402537695999998,0.2166015802379439,0.695221001706501,0.47748536182253953,0.21773562798654608,0.3717759367414444,0.1453073265625,,Imported structure residue from md_100_prolig_center.gro | Manual tag: D87 | HBond protein_to_ESC: max_occ=0.04095904095904096 | SASA: total=0.6143953121534669 | RMSF: value=0.095523864 | HBond protein_to_ESC: max_occ=0.014985014985014986 | SASA: total=0.598956018391222 | SASA: total=0.6616098597498223,
Chain 0::88,Chain 0,88,Chain 0 / ASP88,ASP,Exposed,16,0,0,16,16,,,1.3364900000909765,0.871295047684176,0.4651949938644868,0.6434321913870892,0.13982553,,Imported structure residue from md_100_prolig_center.gro | SASA: total=1.1338613552622276 | RMSF: value=0.20743358 | SASA: total=1.1351615190505981 | RMSF: value=0.10484446 | SASA: total=1.0690993530915516 | RMSF: value=0.13526404 | SASA: total=1.14487885838688,
Chain 0::89,Chain 0,89,Chain 0 / GLN89,GLN,Mixed_exposure,16,0,0,16,16,,,0.6150272493665614,0.1698697238208468,0.44515753896344484,0.2689991456861036,0.11294675900000001,,Imported structure residue from md_100_prolig_center.gro | SASA: total=0.4899589555098279 | RMSF: value=0.17814063 | SASA: total=0.49693762901986 | RMSF: value=0.08781032 | SASA: total=0.5131072050864154 | RMSF: value=0.113400914 | SASA: total=0.5364118064984237,
Chain 0::90,Chain 0,90,Chain 0 / LEU90,LEU,second shell | Buried,16,14,0,16,16,-0.844342594057143,,0.09332417238746901,0.000048405998908006355,0.09327576619124565,0.04886082323951257,0.104177851,,Imported structure residue from md_100_prolig_center.gro | Manual tag: L90 | MMPBSA traj_nowat_100_f100 Total: TOTAL=NA | SASA: total=0.01738442186874771 | RMSF: value=0.078743726 | MMPBSA traj_nowat_100_f100 Total: TOTAL=-0.7580526368 | SASA: total=0.13608622167370107 | RMSF: value=0.101389654,
Chain 0::91,Chain 0,91,Chain 0 / PRO91,PRO,Mixed_exposure,16,0,0,16,16,,,0.28596993224086736,0.023474451209796535,0.26249548482090823,0.18569476119536849,0.1062668018125,,Imported structure residue from md_100_prolig_center.gro | SASA: total=0.403466302643318 | RMSF: value=0.16763549 | SASA: total=0.2674955828945235 | RMSF: value=0.085642666 | SASA: total=0.2393955378839285 | RMSF: value=0.104565345 | SASA: total=0.3255455493927002,
Chain 0::92,Chain 0,92,Chain 0 / ASN92,ASN,Intermediate,16,0,0,16,16,,,0.7288209291009029,0.1134395265466497,0.6153813917005416,0.34236740340756533,0.09765197975000002,,Imported structure residue from md_100_prolig_center.gro | SASA: total=0.5217069263505464 | RMSF: value=0.15644579 | SASA: total=0.5276912775370154 | RMSF: value=0.07880696 | SASA: total=0.5402823143666333 | RMSF: value=0.09779344 | SASA: total=0.5537152219526839,
Chain 0::93,Chain 0,93,Chain 0 / PHE93,PHE,conserved | Buried,16,1,0,16,16,-0.06271534480000003,,0.005638418987050185,0.000006914295551210347,0.005631504682277959,0.0024729907837939408,0.082246806625,,Imported structure residue from md_100_prolig_center.gro | Manual tag: F93 | SASA: total=0.024081325066266673 | SASA: total=0.00027775898170058087 | RMSF: value=0.067024104 | SASA: total=0.0005334247235614474 | RMSF: value=0.08486504 | SASA: total=0.010648924354832657,
Chain 0::94,Chain 0,94,Chain 0 / PHE94,PHE,second shell | Buried,16,10,0,16,16,-0.21375059320000003,,0.12367353749364653,0.012330830464886483,0.11134270644178478,0.05424277960247656,0.08368381656250001,,Imported structure residue from md_100_prolig_center.gro | Manual tag: F94 | MMPBSA traj_nowat_100_f100 Total: TOTAL=NA | SASA: total=0.18992105613250543 | RMSF: value=0.07192964 | SASA: total=0.14578177459021607 | RMSF: value=0.0880701 | SASA: total=0.20212959166210476,
Chain 0::95,Chain 0,95,Chain 0 / ALA95,ALA,Mixed_exposure,16,0,0,16,16,,,0.5561447217415023,0.02129308480998768,0.5348516300154647,0.33197301869445434,0.0864072363125,,Imported structure residue from md_100_prolig_center.gro | SASA: total=0.40851024648930767 | RMSF: value=0.13238534 | SASA: total=0.39404316821900925 | RMSF: value=0.07578412 | SASA: total=0.3758598079185675 | RMSF: value=0.08920508 | SASA: total=0.3956462221570534,
Chain 0::96,Chain 0,96,Chain 0 / ALA96,ALA,conserved | Buried,16,0,0,16,16,,,0.000056112198735988414,0.000016211001271621722,0.000039901198004660576,0.00004637371796362679,0.076440119,,Imported structure residue from md_100_prolig_center.gro | Manual tag: A96 | SASA: total=0.0 | SASA: total=6.390541865684019e-05 | RMSF: value=0.06869591 | RMSF: value=0.07988509 | RMSF: value=0.072750695 | RMSF: value=0.07869519,
Chain 0::97,Chain 0,97,Chain 0 / LEU97,LEU,Buried,16,0,0,16,16,,,0.02433788628094238,0.0002785448544966472,0.024059341415711897,0.013501488524323136,0.0733679998125,,Imported structure residue from md_100_prolig_center.gro | SASA: total=0.12212066426135526 | RMSF: value=0.112908445 | SASA: total=0.014878457135493212 | RMSF: value=0.068915606 | SASA: total=0.007325317009840861 | RMSF: value=0.07215573 | SASA: total=0.05163552549363363,
Chain 0::98,Chain 0,98,Chain 0 / ALA98,ALA,Intermediate,16,0,0,16,16,,,0.5926668936995292,0.19652814175795283,0.39613874454401643,0.3063898467400556,0.078812253,,Imported structure residue from md_100_prolig_center.gro | SASA: total=0.3452959883921217 | RMSF: value=0.1200727 | SASA: total=0.2979591925545494 | RMSF: value=0.07679932 | SASA: total=0.3255828565890246 | RMSF: value=0.07472884 | SASA: total=0.3281391003344319,
Chain 0::99,Chain 0,99,Chain 0 / ALA99,ALA,Mixed_exposure,16,0,0,16,16,,,0.5952565745072494,0.2104610442875488,0.38479553116024423,0.39416773291939344,0.0804923785,,Imported structure residue from md_100_prolig_center.gro | SASA: total=0.43603152862869865 | RMSF: value=0.11677323 | SASA: total=0.43988770305520236 | RMSF: value=0.07564682 | SASA: total=0.4537517906415581 | RMSF: value=0.0803388 | SASA: total=0.43587850048990534,
Chain 0::100,Chain 0,100,Chain 0 / MET100,MET,conserved | Buried,16,0,0,16,16,,,0.022600230948822592,0.002854003492955437,0.019746228223876904,0.011133118694001277,0.0794350505625,,Imported structure residue from md_100_prolig_center.gro | Manual tag: M100 | SASA: total=0.10623415507892571 | SASA: total=0.01920360309592826 | RMSF: value=0.079038605 | SASA: total=0.015385725747535724 | RMSF: value=0.07772265 | SASA: total=0.021863550427231458,
Chain 0::101,Chain 0,101,Chain 0 / GLN101,GLN,conserved | Mixed_exposure,16,0,0,16,16,,,0.5457848689777058,0.24556936746887348,0.30021550208975617,0.255039658400797,0.0803037230625,,Imported structure residue from md_100_prolig_center.gro | Manual tag: Q101 | SASA: total=0.5938706746195802 | SASA: total=0.6246002676463364 | RMSF: value=0.0770095 | SASA: total=0.5073533902073851 | RMSF: value=0.07567849 | SASA: total=0.6590985130555559,
Chain 0::102,Chain 0,102,Chain 0 / LYS102,LYS,Exposed,16,0,0,16,16,,,1.1541650947736632,0.4402811604391756,0.7138839480789877,0.5881325692736143,0.08790629368749998,,Imported structure residue from md_100_prolig_center.gro | SASA: total=1.449569564054508 | RMSF: value=0.14300376 | SASA: total=1.391235592341659 | RMSF: value=0.082123704 | SASA: total=1.431530480337615 | RMSF: value=0.080924734 | SASA: total=1.3858075661234337,
Chain 0::103,Chain 0,103,Chain 0 / PRO103,PRO,conserved | Intermediate,16,0,0,16,16,,,0.5891506375726496,0.02275344876671616,0.5663971926389946,0.38256534907314915,0.08738785818750001,,Imported structure residue from md_100_prolig_center.gro | Manual tag: P103 | SASA: total=0.6150532595001825 | SASA: total=0.6015105814036756 | RMSF: value=0.09202405 | SASA: total=0.6316171672084544 | RMSF: value=0.0793778 | SASA: total=0.578523866020807,
Chain 0::104,Chain 0,104,Chain 0 / LEU104,LEU,conserved | Buried,16,0,0,16,16,,,0.0055283141378768596,0.0000309994669589629,0.005497314660256098,0.0028944053077889316,0.0742957690625,,Imported structure residue from md_100_prolig_center.gro | Manual tag: L104 | SASA: total=0.017325935461143457 | SASA: total=0.010673548768062403 | RMSF: value=0.07355241 | SASA: total=0.02077485475283448 | RMSF: value=0.067397825 | SASA: total=0.002089513410436045,
Chain 0::105,Chain 0,105,Chain 0 / GLU105,GLU,conserved | Mixed_exposure,16,0,0,16,16,,,0.3175736858905985,0.26444704570613875,0.05312663736743945,0.14839891864046656,0.07801605775,,Imported structure residue from md_100_prolig_center.gro | Manual tag: E105 | SASA: total=0.24369433315673678 | SASA: total=0.23040240162079878 | RMSF: value=0.072765894 | SASA: total=0.19961779468720503 | RMSF: value=0.07042664 | SASA: total=0.22083295306356826,
Chain 0::106,Chain 0,106,Chain 0 / GLU106,GLU,Mixed_exposure,16,0,0,16,16,,,1.2539453517534946,0.4943533575849257,0.7595919753507813,0.5739158576180987,0.08920458737499999,,Imported structure residue from md_100_prolig_center.gro | SASA: total=1.1140491277864664 | RMSF: value=0.14440009 | SASA: total=1.1510156168796049 | RMSF: value=0.085251674 | SASA: total=1.2466201758620763 | RMSF: value=0.07974579 | SASA: total=1.1734132282804735,
Chain 0::107,Chain 0,107,Chain 0 / LEU107,LEU,conserved | Buried,16,0,0,16,16,,,0.2159489201483234,0.0032105739922885152,0.2127383457782614,0.11306226185776093,0.08063595587500001,,Imported structure residue from md_100_prolig_center.gro | Manual tag: L107 | SASA: total=0.1616757045878042 | SASA: total=0.16188240759443528 | RMSF: value=0.07801241 | SASA: total=0.21441884737203618 | RMSF: value=0.07274893 | SASA: total=0.1400686254595766,
Chain 0::108,Chain 0,108,Chain 0 / ILE108,ILE,conserved | Buried,16,0,0,16,16,,,0.00953300812898756,0.0023961368210395884,0.007136871397420638,0.005266855319882629,0.07212850600000001,,Imported structure residue from md_100_prolig_center.gro | Manual tag: I108 | SASA: total=0.011474263611120531 | SASA: total=0.004681062580335258 | RMSF: value=0.068494506 | SASA: total=0.011534131095182188 | RMSF: value=0.066408716 | SASA: total=0.004205654559675419,
Chain 0::109,Chain 0,109,Chain 0 / ALA109,ALA,Intermediate,16,0,0,16,16,,,0.5199929001455259,0.23195812415267056,0.2880347754603418,0.3521594485921778,0.09295484825000001,,Imported structure residue from md_100_prolig_center.gro | SASA: total=0.3918158869342049 | RMSF: value=0.13961706 | SASA: total=0.37020995091683795 | RMSF: value=0.08596606 | SASA: total=0.4368541730512487 | RMSF: value=0.08611011 | SASA: total=0.3868377379851766,
Chain 0::110,Chain 0,110,Chain 0 / GLU110,GLU,Exposed,16,0,0,16,16,,,1.3355829439835976,0.9264025309003227,0.40918044019306066,0.6241041794315875,0.1034967900625,,Imported structure residue from md_100_prolig_center.gro | SASA: total=1.2978557230222343 | RMSF: value=0.14247663 | SASA: total=1.3167478459896427 | RMSF: value=0.097130656 | SASA: total=1.3510703108098248 | RMSF: value=0.095463425 | SASA: total=1.3149806084019122,
Chain 0::111,Chain 0,111,Chain 0 / GLU111,GLU,Mixed_exposure,16,0,0,16,16,,,0.5317228325817844,0.42426164226034785,0.1074611824466893,0.2658944063974387,0.0893637544375,,Imported structure residue from md_100_prolig_center.gro | SASA: total=0.6121840016676647 | RMSF: value=0.11220226 | SASA: total=0.6344830718370947 | RMSF: value=0.08279903 | SASA: total=0.6028920954996997 | RMSF: value=0.085777245 | SASA: total=0.6273919951797712,
Chain 0::112,Chain 0,112,Chain 0 / LYS112,LYS,Exposed,16,0,0,16,16,,,1.4867028895728658,0.1271207390703482,1.3595821658278453,0.6245384510205885,0.08237574843750001,,Imported structure residue from md_100_prolig_center.gro | SASA: total=1.49713403045541 | RMSF: value=0.106012754 | SASA: total=1.4512067726342985 | RMSF: value=0.07864071 | SASA: total=1.257757071221229 | RMSF: value=0.07650326 | SASA: total=1.3206190862277947,
Chain 0::113,Chain 0,113,Chain 0 / PRO113,PRO,conserved | Buried,16,0,0,16,16,,,0.03285064368019178,0.030077017379574827,0.0027736259578905265,0.02133158680531934,0.062425252375,,Imported structure residue from md_100_prolig_center.gro | Manual tag: P113 | SASA: total=0.014565111386894 | SASA: total=0.013946695880282044 | RMSF: value=0.06231569 | SASA: total=0.013090202713956927 | RMSF: value=0.062411483 | SASA: total=0.012904382578217157,
Chain 0::114,Chain 0,114,Chain 0 / ASP114,ASP,conserved | Mixed_exposure,16,0,0,16,16,,,0.21759613071300898,0.19864212062283612,0.018954001394467023,0.11636156722620801,0.05612239837499999,,Imported structure residue from md_100_prolig_center.gro | Manual tag: D114 | SASA: total=0.13141874821469335 | SASA: total=0.14928949351357942 | RMSF: value=0.05805 | SASA: total=0.1217258368978406 | RMSF: value=0.05541104 | SASA: total=0.1486895813210176,
Chain 0::115,Chain 0,115,Chain 0 / CYS115,CYS,conserved | Buried,16,0,0,16,16,,,0.00020106136082068758,0.00015512178760047283,0.00004593957422876335,0.0001358522708247889,0.052481438000000005,,Imported structure residue from md_100_prolig_center.gro | Manual tag: C115 | SASA: total=0.00024715419121012827 | SASA: total=0.00014130509283282968 | RMSF: value=0.056196816 | SASA: total=9.297105797225296e-05 | RMSF: value=0.05527688 | SASA: total=0.0003269169719354941,
Chain 0::116,Chain 0,116,Chain 0 / LEU116,LEU,conserved | Buried,16,0,0,16,16,,,0.008384727726956729,7.049225087480453e-7,0.008384022805672646,0.004389909804689386,0.04721045037500001,,Imported structure residue from md_100_prolig_center.gro | Manual tag: L116 | SASA: total=0.017635706037578015 | SASA: total=0.011884123308233695 | RMSF: value=0.05124528 | SASA: total=0.052432437344352795 | RMSF: value=0.049856048 | SASA: total=0.0013914017172733156,
Chain 0::117,Chain 0,117,Chain 0 / ILE117,ILE,conserved | Buried,16,0,0,16,16,,,0.022299037160499406,0.005304257910382257,0.016994779039402542,0.012319910033425086,0.045469404375,,Imported structure residue from md_100_prolig_center.gro | Manual tag: I117 | SASA: total=0.01568204935381908 | SASA: total=0.02179098612453678 | RMSF: value=0.055881817 | SASA: total=0.030945867263149508 | RMSF: value=0.05602498 | SASA: total=0.0257772045892359,
Chain 0::118,Chain 0,118,Chain 0 / SER118,SER,Buried,16,0,0,16,16,,,0.015296767296910397,0.000025617253521715505,0.015271149950890368,0.010697040067769508,0.04586036975,,Imported structure residue from md_100_prolig_center.gro | SASA: total=0.018321669927918085 | RMSF: value=0.04927341 | SASA: total=0.023160385170785506 | RMSF: value=0.052421384 | SASA: total=0.024530446876098615 | RMSF: value=0.058301277 | SASA: total=0.011947083996959252,
Chain 0::119,Chain 0,119,Chain 0 / ASP119,ASP,second shell | conserved | Buried,16,3,0,16,16,0.08281990853333317,,0.051893165140265214,0.03881804173348914,0.013075124599276709,0.027750355689981392,0.04682985025,,Imported structure residue from md_100_prolig_center.gro | Manual tag: D119 | SASA: total=0.04054733244056749 | SASA: total=0.08390858725155934 | RMSF: value=0.056813918 | SASA: total=0.07525820653922487 | RMSF: value=0.053349867 | SASA: total=0.03316614603494654,
Chain 0::120,Chain 0,120,Chain 0 / MET120,MET,second shell | conserved | Mixed_exposure,16,12,0,16,16,-0.1184946299333333,,0.28874140343453625,0.052060667382170536,0.23668074537769404,0.14223714454903263,0.05745460318750001,,Imported structure residue from md_100_prolig_center.gro | Manual tag: M120 | MMPBSA traj_nowat_100_f100 Total: TOTAL=NA | MMPBSA traj_nowat_100_f100 Total: TOTAL=-0.0019350591999999676 | MMPBSA traj_nowat_100_f100 Total: TOTAL=-0.15161264080000011 | MMPBSA traj_nowat_100_f100 Total: TOTAL=-0.013662379199999948 | SASA: total=0.23249742462493406 | RMSF: value=0.045219965,
Chain 0::121,Chain 0,121,Chain 0 / PHE121,PHE,second shell | conserved | Mixed_exposure,16,15,0,16,16,-0.5390583947733334,,0.3538460353997969,0.008426224114877602,0.34541981143526507,0.15519562956131444,0.0659830790625,,Imported structure residue from md_100_prolig_center.gro | Manual tag: F121 | MMPBSA traj_nowat_100_f100 Total: TOTAL=NA | MMPBSA traj_nowat_100_f100 Total: TOTAL=-0.03299859279999993 | MMPBSA traj_nowat_100_f100 Total: TOTAL=-0.6324532351999999 | SASA: total=0.39813040624750723 | RMSF: value=0.064859495 | MMPBSA traj_nowat_100_f100 Total: TOTAL=-0.9201926311999999,
Chain 0::122,Chain 0,122,Chain 0 / LEU122,LEU,conserved | Buried,16,0,0,16,16,,,0.006054261259303548,0.00003793354151657515,0.006016327652879669,0.0031697702928290827,0.06056783281250001,,Imported structure residue from md_100_prolig_center.gro | Manual tag: L122 | SASA: total=0.01766457224246299 | SASA: total=0.02888958370036418 | RMSF: value=0.07430526 | SASA: total=0.0014135183969346604 | RMSF: value=0.06273769 | SASA: total=0.0020911651525166953,
Chain 0::123,Chain 0,123,Chain 0 / PRO123,PRO,Buried,16,0,0,16,16,,,0.12455845404056701,0.022274377644376134,0.1022840757845062,0.0808821130133552,0.070785167375,,Imported structure residue from md_100_prolig_center.gro | SASA: total=0.13356403460597047 | RMSF: value=0.09079977 | SASA: total=0.20278010008358718 | RMSF: value=0.080299325 | SASA: total=0.1190277444991735 | RMSF: value=0.0686508 | SASA: total=0.08672628389431698,
Chain 0::124,Chain 0,124,Chain 0 / TRP124,TRP,conserved | Mixed_exposure,16,0,0,16,16,,,0.22933930457376017,0.0037920824081336133,0.22554721884281917,0.08687094870218189,0.0659588616875,,Imported structure residue from md_100_prolig_center.gro | Manual tag: W124 | SASA: total=0.2526429782409479 | SASA: total=0.17470547556877136 | RMSF: value=0.07198771 | SASA: total=0.27260043508935683 | RMSF: value=0.068782926 | SASA: total=0.26825315527396626,
Chain 0::125,Chain 0,125,Chain 0 / THR125,THR,Buried,16,0,0,16,16,,,0.0025969371250755668,0.00003732984011305846,0.002559607335534016,0.0015932129601690598,0.0587913648125,,Imported structure residue from md_100_prolig_center.gro | SASA: total=0.007243455636619342 | RMSF: value=0.07049304 | SASA: total=0.004710682277627621 | RMSF: value=0.0654619 | SASA: total=0.011754383471342597 | RMSF: value=0.058016505 | SASA: total=0.0006470765577315694,
Chain 0::126,Chain 0,126,Chain 0 / VAL126,VAL,Buried,16,0,0,16,16,,,0.08648776662614342,0.009882831930887128,0.07660493490950084,0.05275618271465335,0.06359162462500001,,Imported structure residue from md_100_prolig_center.gro | SASA: total=0.06602949372465068 | RMSF: value=0.06885885 | SASA: total=0.05760610981447862 | RMSF: value=0.064565405 | SASA: total=0.098883056404567 | RMSF: value=0.06536812 | SASA: total=0.04458816432495519,
Chain 0::127,Chain 0,127,Chain 0 / ASP127,ASP,Intermediate,16,0,0,16,16,,,0.7686500409156969,0.5155320171414329,0.2531180278407318,0.4110428026287149,0.072233150625,,Imported structure residue from md_100_prolig_center.gro | SASA: total=0.6816663854192979 | RMSF: value=0.07945986 | SASA: total=0.6891709613327933 | RMSF: value=0.0781599 | SASA: total=0.7362117253907836 | RMSF: value=0.07733903 | SASA: total=0.6224031277222208,
Chain 0::128,Chain 0,128,Chain 0 / VAL128,VAL,Buried,16,0,0,16,16,,,0.03626142080042207,0.0023127804212197244,0.03394863987413563,0.021227606772157223,0.068270819125,,Imported structure residue from md_100_prolig_center.gro | SASA: total=0.029529197381274536 | RMSF: value=0.07973236 | SASA: total=0.04076799559453041 | RMSF: value=0.07003581 | SASA: total=0.026930973832818245 | RMSF: value=0.06830257 | SASA: total=0.043490002798562,
Chain 0::129,Chain 0,129,Chain 0 / ALA129,ALA,conserved | Buried,16,0,0,16,16,,,0.013003972609049645,0.00026650712711536004,0.012737465626084691,0.010747084800867475,0.06675255731249999,,Imported structure residue from md_100_prolig_center.gro | Manual tag: A129 | SASA: total=0.007511362092255956 | SASA: total=0.003733519492394263 | RMSF: value=0.07020671 | SASA: total=0.018374648055817823 | RMSF: value=0.06319941 | SASA: total=0.002719355900979389,
Chain 0::130,Chain 0,130,Chain 0 / ALA130,ALA,conserved | Mixed_exposure,16,0,0,16,16,,,0.6331111806454044,0.10667931864563707,0.5264318664696547,0.5232323806986815,0.075430975125,,Imported structure residue from md_100_prolig_center.gro | Manual tag: A130 | SASA: total=0.5828863010548129 | SASA: total=0.5620157258345349 | RMSF: value=0.07617699 | SASA: total=0.649019440802017 | RMSF: value=0.076581575 | SASA: total=0.5524519935692891,
Chain 0::131,Chain 0,131,Chain 0 / LYS131,LYS,conserved | Exposed,16,0,0,16,16,,,1.3847216685662174,0.23045263147110695,1.1542690405161071,0.6020528993766163,0.086970907875,,Imported structure residue from md_100_prolig_center.gro | Manual tag: K131 | SASA: total=1.3897872927165267 | SASA: total=1.3602626182065152 | RMSF: value=0.08639197 | SASA: total=1.3445282100450875 | RMSF: value=0.090746395 | SASA: total=1.3357820522667159,
Chain 0::132,Chain 0,132,Chain 0 / PHE132,PHE,conserved | Mixed_exposure,16,0,0,16,16,,,0.5965033137414715,0.11895599583449709,0.4775473132250038,0.26162426041292614,0.08170863306250001,,Imported structure residue from md_100_prolig_center.gro | Manual tag: F132 | SASA: total=0.6881130727210848 | SASA: total=0.6579586444514813 | RMSF: value=0.0798398 | SASA: total=0.5848810059009212 | RMSF: value=0.083702676 | SASA: total=0.6248038458352042,
Chain 0::133,Chain 0,133,Chain 0 / ASN133,ASN,Exposed,16,0,0,16,16,,,1.1274076156170652,0.4474833716481629,0.6799242214327401,0.602891773057254,0.0785861115,,Imported structure residue from md_100_prolig_center.gro | SASA: total=1.1742464303970337 | RMSF: value=0.08210446 | SASA: total=1.1976466497572342 | RMSF: value=0.07989033 | SASA: total=1.1384780631207003 | RMSF: value=0.08022563 | SASA: total=1.137248144291415,
Chain 0::134,Chain 0,134,Chain 0 / ILE134,ILE,conserved | Buried,16,0,0,16,16,,,0.1223492492774114,0.05706947082008171,0.06527977987851874,0.06759627031901183,0.0642857794375,,Imported structure residue from md_100_prolig_center.gro | Manual tag: I134 | SASA: total=0.09725867020021571 | SASA: total=0.09134303321047585 | RMSF: value=0.06633028 | SASA: total=0.09191698234270115 | RMSF: value=0.06635572 | SASA: total=0.07445121386853776,
Chain 0::135,Chain 0,135,Chain 0 / PRO135,PRO,conserved | Buried,16,0,0,16,16,,,0.06434865240467248,0.00112725584400359,0.06322139585850298,0.041784839223813305,0.057782784999999996,,Imported structure residue from md_100_prolig_center.gro | Manual tag: P135 | SASA: total=0.06047133390796325 | SASA: total=0.09278686602812002 | RMSF: value=0.0658748 | SASA: total=0.04790807714556704 | RMSF: value=0.057469003 | SASA: total=0.07343517251238965,
Chain 0::136,Chain 0,136,Chain 0 / ARG136,ARG,conserved | Buried,16,0,0,16,16,,,0.037718626558158254,0.00021513793323567083,0.03750348863904226,0.014233443984210661,0.04766847518749999,,Imported structure residue from md_100_prolig_center.gro | Manual tag: R136 | SASA: total=0.02815020980663819 | SASA: total=0.02244304341844993 | RMSF: value=0.052502822 | SASA: total=0.029789159978085226 | RMSF: value=0.048896793 | SASA: total=0.02756799189466061,
Chain 0::137,Chain 0,137,Chain 0 / ILE137,ILE,conserved | Buried,16,0,0,16,16,,,0.00187509483247154,0,0.00187509483247154,0.0010359639958406296,0.04534630118750001,,Imported structure residue from md_100_prolig_center.gro | Manual tag: I137 | SASA: total=0.0015627686487566126 | SASA: total=0.0032935068195704188 | RMSF: value=0.052128404 | SASA: total=0.004114250587944937 | RMSF: value=0.05077702 | SASA: total=0.0028436665635297796,
Chain 0::138,Chain 0,138,Chain 0 / ILE138,ILE,Buried,16,0,0,16,16,,,0.024367999781629394,0,0.024367999781629394,0.013862240346544555,0.044409784375000004,,Imported structure residue from md_100_prolig_center.gro | SASA: total=0.07275604877141442 | RMSF: value=0.046996407 | SASA: total=0.032077330819303446 | RMSF: value=0.0470773 | SASA: total=0.00715033591051798 | RMSF: value=0.045976236 | SASA: total=0.03963381369220148,
Chain 0::139,Chain 0,139,Chain 0 / PHE139,PHE,second shell | conserved | Buried,16,1,0,16,16,0.006991000000000035,,0.06152942584623528,0.007311917028400243,0.05421750796532332,0.026986590283436522,0.045407372875,,Imported structure residue from md_100_prolig_center.gro | Manual tag: F139 | SASA: total=0.021383190559831882 | SASA: total=0.05335382906959789 | RMSF: value=0.04707792 | SASA: total=0.08348535193075048 | RMSF: value=0.044933643 | SASA: total=0.047799266100224884,
Chain 0::140,Chain 0,140,Chain 0 / HIS140,HIS,second shell | conserved | Buried,16,8,0,16,16,0.015848874700000008,,0.14935330316737883,0.07198810957874734,0.07736519221008968,0.06914504776267538,0.05818738537499999,,Imported structure residue from md_100_prolig_center.gro | Manual tag: H140 | SASA: total=0.14694960857972061 | SASA: total=0.14761286870677873 | RMSF: value=0.05271512 | MMPBSA traj_nowat_100_f100 Total: TOTAL=NA | MMPBSA traj_nowat_100_f100 Total: TOTAL=0.00021537520000005283 | SASA: total=0.0848100140395731,
Chain 0::141,Chain 0,141,Chain 0 / GLY141,GLY,second shell | conserved | Buried,16,6,0,16,16,0.00906122813333334,,0.08476157118981281,0.024010780597645054,0.06075079102497916,0.08738306308228125,0.061305465,,Imported structure residue from md_100_prolig_center.gro | Manual tag: G141 | SASA: total=0.030749855028225644 | SASA: total=0.17276595798459385 | RMSF: value=0.09058116 | SASA: total=0.17218631948574936 | RMSF: value=0.077466324 | MMPBSA traj_nowat_100_f100 Total: TOTAL=NA,
Chain 0::142,Chain 0,142,Chain 0 / THR142,THR,second shell | conserved | Buried,16,7,0,16,16,-0.02090989600000001,,0.08615870243814396,0.008898623325354259,0.07726007942652034,0.05285809965530304,0.055181880875,,Imported structure residue from md_100_prolig_center.gro | Manual tag: T142 | SASA: total=0.1500831256703575 | MMPBSA traj_nowat_100_f100 Total: TOTAL=NA | MMPBSA traj_nowat_100_f100 Total: TOTAL=-0.0023632816000000193 | SASA: total=0.09575459449598105 | RMSF: value=0.072391324 | MMPBSA traj_nowat_100_f100 Total: TOTAL=-0.06682836480000001,
Chain 0::143,Chain 0,143,Chain 0 / SER143,SER,second shell | conserved | Buried,16,0,0,16,16,,,0.0005220044316740656,0.00007949624201086912,0.0004425081821351017,0.0003650380641077382,0.05212746981249999,,Imported structure residue from md_100_prolig_center.gro | Manual tag: S143 | SASA: total=0.00031681583807019904 | SASA: total=0.0009630551875227749 | RMSF: value=0.07488302 | SASA: total=0.000806449700405102 | RMSF: value=0.07236188 | SASA: total=4.842485494837903e-05,
Chain 0::144,Chain 0,144,Chain 0 / LEU144,LEU,Buried,16,0,0,16,16,,,0.012367154977327308,0.00004567986709817248,0.012321475204888625,0.006031334054895738,0.050886985937500004,,Imported structure residue from md_100_prolig_center.gro | SASA: total=0.007861966838931093 | RMSF: value=0.053423233 | SASA: total=0.01207842263519893 | RMSF: value=0.059288763 | SASA: total=0.012068820471810822 | RMSF: value=0.06625553 | SASA: total=0.007470402032100033,
Chain 0::145,Chain 0,145,Chain 0 / PHE145,PHE,conserved | Buried,16,0,0,16,16,,,0.0030066650462037734,0.0000020742869796461918,0.0030045907522363263,0.0013187127395630585,0.050374942437499994,,Imported structure residue from md_100_prolig_center.gro | Manual tag: F145 | SASA: total=0.0027378355660060845 | SASA: total=0.004115495646353996 | RMSF: value=0.055876356 | SASA: total=0.0025352770739262647 | RMSF: value=0.05715146 | SASA: total=0.0019423798369797001,
Chain 0::146,Chain 0,146,Chain 0 / ALA146,ALA,second shell | Buried,16,0,0,16,16,,,0.009602978468542956,0.001756285513548923,0.00784669306737516,0.007936345841771037,0.0525244375625,,Imported structure residue from md_100_prolig_center.gro | Manual tag: A146 | SASA: total=0.020953169885543313 | SASA: total=0.028743517502109604 | RMSF: value=0.05803888 | SASA: total=0.008737887043764096 | RMSF: value=0.056372073 | SASA: total=0.008506186429807676,
Chain 0::147,Chain 0,147,Chain 0 / LEU147,LEU,Buried,16,0,0,16,16,,,0.17504946214820047,0.013258387431609538,0.16179107981826188,0.08663064148528545,0.05475840424999999,,Imported structure residue from md_100_prolig_center.gro | SASA: total=0.3597510507201204 | RMSF: value=0.05852318 | SASA: total=0.17443527473081458 | RMSF: value=0.05610122 | SASA: total=0.12844134719655065 | RMSF: value=0.054608338 | SASA: total=0.19610568556455102,
Chain 0::148,Chain 0,148,Chain 0 / VAL148,VAL,Buried,16,0,0,16,16,,,0.030728207367453908,0.0022568251562447724,0.028471382083195506,0.01876153708227971,0.05471483618749999,,Imported structure residue from md_100_prolig_center.gro | SASA: total=0.12693013649175663 | RMSF: value=0.05908442 | SASA: total=0.06410724322984715 | RMSF: value=0.05858089 | SASA: total=0.01898600146321967 | RMSF: value=0.054699276 | SASA: total=0.14038382470607758,
Chain 0::149,Chain 0,149,Chain 0 / VAL149,VAL,Buried,16,0,0,16,16,,,0.002500937398706648,0,0.002500937398706648,0.0015157196355797863,0.0551716091875,,Imported structure residue from md_100_prolig_center.gro | SASA: total=0.0015992494207797664 | RMSF: value=0.057441864 | SASA: total=0.002729840355344338 | RMSF: value=0.059034526 | SASA: total=0.0018192493531963613 | RMSF: value=0.057043504 | SASA: total=0.001783389180303911,
Chain 0::150,Chain 0,150,Chain 0 / GLU150,GLU,second shell | Mixed_exposure,16,1,1,16,16,0.05431569920000021,0.008991008991008992,0.29549757089226114,0.2503406740517567,0.04515689249351588,0.13808297705245845,0.063048971375,,Imported structure residue from md_100_prolig_center.gro | Manual tag: E150 | HBond protein_to_ESC: max_occ=0.008991008991008992 | SASA: total=0.3694625998487567 | RMSF: value=0.063566074 | SASA: total=0.3355942722594384 | RMSF: value=0.06579321 | SASA: total=0.27838215054851945,
Chain 0::151,Chain 0,151,Chain 0 / GLU151,GLU,Mixed_exposure,16,0,0,16,16,,,0.36867860001788505,0.1287668827301039,0.2399117141076834,0.16850989190332644,0.070675490875,,Imported structure residue from md_100_prolig_center.gro | SASA: total=0.50464265004243 | RMSF: value=0.074753165 | SASA: total=0.24223915480151034 | RMSF: value=0.06492566 | SASA: total=0.35201434835348977 | RMSF: value=0.07298651 | SASA: total=0.43585984777696063,
Chain 0::152,Chain 0,152,Chain 0 / SER152,SER,conserved | Buried,16,0,0,16,16,,,0.04481753962656764,0.02184957725046051,0.02296796318899729,0.031340936801795546,0.0726525525,,Imported structure residue from md_100_prolig_center.gro | Manual tag: S152 | SASA: total=0.07855830319447092 | SASA: total=0.08005780479548001 | RMSF: value=0.06928846 | SASA: total=0.04130285329157763 | RMSF: value=0.07393367 | SASA: total=0.053310723219177514,
Chain 0::153,Chain 0,153,Chain 0 / VAL153,VAL,Buried,16,0,0,16,16,,,0.01679470559722879,0.0006703252938407759,0.016124380694560785,0.010178609452865932,0.07364095531249999,,Imported structure residue from md_100_prolig_center.gro | SASA: total=0.003487865966145355 | RMSF: value=0.07912013 | SASA: total=0.0033106390792544526 | RMSF: value=0.06833928 | SASA: total=0.006823185425583679 | RMSF: value=0.07371962 | SASA: total=0.005674628499378958,
Chain 0::154,Chain 0,154,Chain 0 / ARG154,ARG,Mixed_exposure,16,0,4,16,16,,0.021728271728271728,0.5974699478817752,0.12274243616231596,0.47472752135542057,0.22546035769123596,0.08543723831250001,,Imported structure residue from md_100_prolig_center.gro | SASA: total=0.5848679802205303 | RMSF: value=0.09521787 | SASA: total=0.6133517640652043 | RMSF: value=0.0751 | HBond protein_to_ESC: max_occ=0.011988011988011988 | SASA: total=0.48403188556727794 | SASA: total=0.3633913568931051,
Chain 0::155,Chain 0,155,Chain 0 / LYS155,LYS,Mixed_exposure,16,0,0,16,16,,,1.3542763742037334,0.22516040710529478,1.1291159643690185,0.6168633483570206,0.10320026937499999,,Imported structure residue from md_100_prolig_center.gro | SASA: total=1.4183905785626705 | RMSF: value=0.10364599 | SASA: total=1.3694161707812016 | RMSF: value=0.08447606 | SASA: total=1.5027303613058411 | RMSF: value=0.1014255 | SASA: total=1.434630539157603,
Chain 0::156,Chain 0,156,Chain 0 / HIS156,HIS,Intermediate,16,0,0,16,16,,,0.8651578206163231,0.3340370613565244,0.5311207627822266,0.39457024243565725,0.104747959375,,Imported structure residue from md_100_prolig_center.gro | SASA: total=0.947163191172156 | RMSF: value=0.10784296 | SASA: total=0.984455663378876 | RMSF: value=0.08602805 | SASA: total=0.8110131715783978 | RMSF: value=0.101816446 | SASA: total=0.8129249067589788,
Chain 0::157,Chain 0,157,Chain 0 / LYS157,LYS,Intermediate,16,0,0,16,16,,,0.9148642092869426,0.10021797951834165,0.8146462267504471,0.4043370600416734,0.10198438431250001,,Imported structure residue from md_100_prolig_center.gro | SASA: total=1.087440051654778 | RMSF: value=0.107586645 | SASA: total=1.0447256541488195 | RMSF: value=0.08437397 | SASA: total=1.1106492540623882 | RMSF: value=0.09647601 | SASA: total=1.0840092797090513,
Chain 0::158,Chain 0,158,Chain 0 / PRO158,PRO,conserved | Buried,16,0,0,16,16,,,0.12559997540161516,0.024305354107037595,0.10129462037823916,0.08155842558546438,0.113044024375,,Imported structure residue from md_100_prolig_center.gro | Manual tag: P158 | SASA: total=0.22677724225686327 | SASA: total=0.257775621248944 | RMSF: value=0.09036967 | SASA: total=0.1576848570073005 | RMSF: value=0.08973084 | SASA: total=0.1955465034093007,
Chain 0::159,Chain 0,159,Chain 0 / TYR159,TYR,Buried,16,0,0,16,16,,,0.2482689277056863,0.05590617722760491,0.19236274955720448,0.09726062434155912,0.13353179175,,Imported structure residue from md_100_prolig_center.gro | SASA: total=0.13453877857415983 | RMSF: value=0.119729474 | SASA: total=0.14396993720000334 | RMSF: value=0.10551374 | SASA: total=0.1740879451874459 | RMSF: value=0.09843533 | SASA: total=0.19318650935841078,
Chain 0::160,Chain 0,160,Chain 0 / LEU160,LEU,Exposed,16,0,0,16,16,,,1.4601834766788055,0.22512483346220657,1.235058638387092,0.6617565563703028,0.15451500281250002,,Imported structure residue from md_100_prolig_center.gro | SASA: total=1.2231836000291427 | RMSF: value=0.1391201 | SASA: total=1.2527217369268435 | RMSF: value=0.117158115 | SASA: total=1.2133178144398302 | RMSF: value=0.12057073 | SASA: total=1.1577968148901912,
Chain 0::161,Chain 0,161,Chain 0 / SER161,SER,Exposed,16,0,0,16,16,,,1.304278305224558,0.3537291000818484,0.95054919143567,0.715452423222061,0.18707546375,,Imported structure residue from md_100_prolig_center.gro | SASA: total=1.019105335273365 | RMSF: value=0.15609005 | SASA: total=1.055798058462615 | RMSF: value=0.13962765 | SASA: total=0.964328666724781 | RMSF: value=0.154069 | SASA: total=1.01601772615225,
Chain 0::162,Chain 0,162,Chain 0 / VAL162,VAL,Mixed_exposure,16,0,0,16,16,,,0.2826544953980437,0.0803995228298746,0.20225496825273376,0.1713057547866932,0.1681675834375,,Imported structure residue from md_100_prolig_center.gro | SASA: total=0.2035312519805266 | RMSF: value=0.13207003 | SASA: total=0.2236649482557089 | RMSF: value=0.12052205 | SASA: total=0.18092073131315778 | RMSF: value=0.12115462 | SASA: total=0.26366590715870997,
Chain 0::163,Chain 0,163,Chain 0 / LYS163,LYS,Exposed,16,0,0,16,16,,,1.766967312617246,0.29769413886905305,1.4692731723051038,0.833793541795566,0.21057429375,,Imported structure residue from md_100_prolig_center.gro | SASA: total=1.873215925575483 | RMSF: value=0.16368769 | SASA: total=1.905720545513795 | RMSF: value=0.15142311 | SASA: total=1.96473496267111 | RMSF: value=0.15971956 | SASA: total=1.9585705865727794,
Chain 0::164,Chain 0,164,Chain 0 / SER164,SER,conserved | Intermediate,16,0,0,16,16,,,0.4808070394994304,0.08900826930478768,0.39179877155820036,0.33622869895065055,0.19072311493749997,,Imported structure residue from md_100_prolig_center.gro | Manual tag: S164 | SASA: total=0.4296709971852822 | SASA: total=0.39975122679578196 | RMSF: value=0.14365052 | SASA: total=0.47932016731488825 | RMSF: value=0.1244769 | SASA: total=0.502615195689815,
Chain 0::165,Chain 0,165,Chain 0 / ASP165,ASP,conserved | Mixed_exposure,16,0,0,16,16,,,0.844818824404242,0.5771452057737821,0.26767360689210706,0.4517747724086856,0.19091515725,,Imported structure residue from md_100_prolig_center.gro | Manual tag: D165 | SASA: total=0.7038374655317552 | SASA: total=0.7187616494622561 | RMSF: value=0.13540275 | SASA: total=0.77672278881073 | RMSF: value=0.1169243 | SASA: total=0.8957251959508008,
Chain 0::166,Chain 0,166,Chain 0 / THR166,THR,Exposed,16,0,0,16,16,,,1.13885514725848,0.3367779354408088,0.8020772153493201,0.7218290888409076,0.18377412875000002,,Imported structure residue from md_100_prolig_center.gro | SASA: total=1.1809559092663302 | RMSF: value=0.17246209 | SASA: total=1.2335778994135338 | RMSF: value=0.14608595 | SASA: total=1.1591654886113536 | RMSF: value=0.12089211 | SASA: total=1.148230005018782,
Chain 0::167,Chain 0,167,Chain 0 / GLU167,GLU,conserved | Intermediate,16,0,0,16,16,,,0.9018920541989922,0.5670641635793565,0.3348278840911566,0.42144488513971595,0.14222047843749996,,Imported structure residue from md_100_prolig_center.gro | Manual tag: E167 | SASA: total=0.9215751012953202 | SASA: total=0.9758614691177218 | RMSF: value=0.13532925 | SASA: total=0.7939476105246214 | RMSF: value=0.10298853 | SASA: total=0.9116994632352696,
Chain 0::168,Chain 0,168,Chain 0 / GLU168,GLU,Intermediate,16,0,0,16,16,,,0.8776445103311302,0.5857254800266855,0.291919017957505,0.4376326621502904,0.11053738318750002,,Imported structure residue from md_100_prolig_center.gro | SASA: total=0.9259145413294877 | RMSF: value=0.11701339 | SASA: total=0.9155390475055959 | RMSF: value=0.11088156 | SASA: total=0.9396432998156784 | RMSF: value=0.0867129 | SASA: total=0.8596044153270155,
Chain 0::169,Chain 0,169,Chain 0 / PHE169,PHE,conserved | Buried,16,0,0,16,16,,,0.1395953227601609,0.00011588113247313177,0.13947944163481965,0.06122601875445653,0.100534351625,,Imported structure residue from md_100_prolig_center.gro | Manual tag: F169 | SASA: total=0.1569823559262965 | SASA: total=0.15675266205084207 | RMSF: value=0.09687208 | SASA: total=0.09360487947222029 | RMSF: value=0.079706915 | SASA: total=0.09354160999012466,
Chain 0::170,Chain 0,170,Chain 0 / VAL170,VAL,Mixed_exposure,16,0,0,16,16,,,0.7470404096685426,0.04821260088459949,0.6988277968461856,0.4527517634354802,0.09397117999999999,,Imported structure residue from md_100_prolig_center.gro | SASA: total=0.79558262022415 | RMSF: value=0.09646961 | SASA: total=0.8432070713232059 | RMSF: value=0.0924812 | SASA: total=0.7829409825919879 | RMSF: value=0.07898646 | SASA: total=0.9254297820648344,
Chain 0::171,Chain 0,171,Chain 0 / VAL171,VAL,conserved | Buried,16,0,0,16,16,,,0.027949602978023364,0.02635926231178559,0.0015903402918501354,0.016939153320014156,0.08645373956249999,,Imported structure residue from md_100_prolig_center.gro | Manual tag: V171 | SASA: total=0.02991380053802882 | SASA: total=0.02979513816535473 | RMSF: value=0.08277067 | SASA: total=0.024472449537329743 | RMSF: value=0.079400755 | SASA: total=0.0383249542463829,
Chain 0::172,Chain 0,172,Chain 0 / PRO172,PRO,conserved | Intermediate,16,0,0,16,16,,,0.461973185475805,0.0029552537579196595,0.4590179370439584,0.299982587971302,0.101484720625,,Imported structure residue from md_100_prolig_center.gro | Manual tag: P172 | SASA: total=0.4302680141264849 | SASA: total=0.4766103170885898 | RMSF: value=0.09667848 | SASA: total=0.5117189004869744 | RMSF: value=0.09413226 | SASA: total=0.5064339324979499,
Chain 0::173,Chain 0,173,Chain 0 / ASP173,ASP,Mixed_exposure,16,0,0,16,16,,,1.0697963111987798,0.6774062116694922,0.3923900899209894,0.5720835888763529,0.12041345806250002,,Imported structure residue from md_100_prolig_center.gro | SASA: total=1.1811959731696855 | RMSF: value=0.12461069 | SASA: total=1.1305894232032323 | RMSF: value=0.12407384 | SASA: total=0.8667241264097761 | RMSF: value=0.120822065 | SASA: total=0.9506433576640516,
Chain 0::174,Chain 0,174,Chain 0 / LEU174,LEU,conserved | Buried,16,0,0,16,16,,,0.2256358303521566,0.18201506870572848,0.04362075913218853,0.11813394259275214,0.11001659812499999,,Imported structure residue from md_100_prolig_center.gro | Manual tag: L174 | SASA: total=0.25065427782511945 | SASA: total=0.23164149233610323 | RMSF: value=0.121235184 | SASA: total=0.19437688614914914 | RMSF: value=0.1340671 | SASA: total=0.2287118393595856,
Chain 0::175,Chain 0,175,Chain 0 / PRO175,PRO,conserved | Mixed_exposure,16,0,0,16,16,,,0.8047693428758642,0.2511897502277718,0.5535796059498399,0.5225774953739378,0.1391502465,,Imported structure residue from md_100_prolig_center.gro | Manual tag: P175 | SASA: total=1.0217843315388897 | SASA: total=0.6891819533735218 | RMSF: value=0.14741582 | SASA: total=0.7046617322629041 | RMSF: value=0.13846812 | SASA: total=1.0054747255721894,
Chain 0::176,Chain 0,176,Chain 0 / HIS176,HIS,Intermediate,16,0,0,16,16,,,0.8440883379097621,0.13626233418933165,0.7078259872401707,0.3907816379211862,0.1200228946875,,Imported structure residue from md_100_prolig_center.gro | SASA: total=0.7744280324123873 | RMSF: value=0.13803026 | SASA: total=0.9948508190636588 | RMSF: value=0.13397075 | SASA: total=0.937230365111096 | RMSF: value=0.11503316 | SASA: total=0.6382545510140976,
Chain 0::177,Chain 0,177,Chain 0 / GLU177,GLU,Exposed,16,0,0,16,16,,,1.3297992848450004,0.8637847903710191,0.4660144744274935,0.6214015349742994,0.11667197443749999,,Imported structure residue from md_100_prolig_center.gro | SASA: total=1.3928870800698157 | RMSF: value=0.12406966 | SASA: total=1.427211295260061 | RMSF: value=0.1315149 | SASA: total=1.3451629841681754 | RMSF: value=0.122708365 | SASA: total=1.5718721411015728,
Chain 0::178,Chain 0,178,Chain 0 / ILE178,ILE,conserved | Buried,16,0,0,16,16,,,0.029035187506685746,0.0005124755339013495,0.028522711644213678,0.0160415400589424,0.091542935625,,Imported structure residue from md_100_prolig_center.gro | Manual tag: I178 | SASA: total=0.025022123119618635 | SASA: total=0.0447549423073778 | RMSF: value=0.10057321 | SASA: total=0.014660729113781806 | RMSF: value=0.09246586 | SASA: total=0.0357871041218243,
Chain 0::179,Chain 0,179,Chain 0 / LYS179,LYS,Intermediate,16,0,0,16,16,,,1.01794956325747,0.06852683730683945,0.9494227401838445,0.42632096595955987,0.09228897231250001,,Imported structure residue from md_100_prolig_center.gro | SASA: total=0.9268948736757335 | RMSF: value=0.096527815 | SASA: total=0.8908864672821347 | RMSF: value=0.099999204 | SASA: total=0.8889548731322335 | RMSF: value=0.08591624 | SASA: total=1.0484134891245624,
Chain 0::180,Chain 0,180,Chain 0 / LEU180,LEU,conserved | Buried,16,0,0,16,16,,,0.014155996718232424,0.0003938864721192766,0.013762110274064352,0.007411516606404411,0.08291185881250002,,Imported structure residue from md_100_prolig_center.gro | Manual tag: L180 | SASA: total=0.004401537894022347 | SASA: total=0.009195894952679034 | RMSF: value=0.08789408 | SASA: total=0.007259350601989444 | RMSF: value=0.06814825 | SASA: total=0.019198153340280757,
Chain 0::181,Chain 0,181,Chain 0 / THR181,THR,conserved | Buried,16,0,0,16,16,,,0.17815100663632044,0.020932708716476428,0.15721830248136517,0.1092950960959021,0.08704978543750001,,Imported structure residue from md_100_prolig_center.gro | Manual tag: T181 | SASA: total=0.11717501843329703 | SASA: total=0.20868483156260878 | RMSF: value=0.09008977 | SASA: total=0.1442174367090263 | RMSF: value=0.06775025 | SASA: total=0.17829454859884658,
Chain 0::182,Chain 0,182,Chain 0 / ARG182,ARG,Intermediate,16,0,0,16,16,,,0.6723451868511073,0.0942787297639424,0.5780664640156055,0.2623651951734436,0.09183343856249998,,Imported structure residue from md_100_prolig_center.gro | SASA: total=0.5623504492906061 | RMSF: value=0.097928494 | SASA: total=0.5809600164394567 | RMSF: value=0.09289452 | SASA: total=0.5800417183649422 | RMSF: value=0.07040006 | SASA: total=0.6432610844621564,
Chain 0::183,Chain 0,183,Chain 0 / THR183,THR,Mixed_exposure,16,0,0,16,16,,,0.3679762473790953,0.043715295262258994,0.3242609531544887,0.2257522990055799,0.09135484049999999,,Imported structure residue from md_100_prolig_center.gro | SASA: total=0.27015456321215864 | RMSF: value=0.09858553 | SASA: total=0.3268901803115807 | RMSF: value=0.102549285 | SASA: total=0.307360976934433 | RMSF: value=0.06613484 | SASA: total=0.4209712065092408,
Chain 0::184,Chain 0,184,Chain 0 / GLN184,GLN,conserved | Buried,16,0,0,16,16,,,0.11504782651698603,0.04296232360279151,0.07208550473765037,0.05376066659672245,0.08054518987499999,,Imported structure residue from md_100_prolig_center.gro | Manual tag: Q184 | SASA: total=0.09701559670490793 | SASA: total=0.11785559835705427 | RMSF: value=0.09257269 | SASA: total=0.09063825228869325 | RMSF: value=0.061005037 | SASA: total=0.18205579982535675,
Chain 0::185,Chain 0,185,Chain 0 / VAL185,VAL,conserved | Buried,16,0,0,16,16,,,0.03990621329782274,0.014712761813402406,0.025193451563879563,0.024185583816862272,0.0861117898125,,Imported structure residue from md_100_prolig_center.gro | Manual tag: V185 | SASA: total=0.018993880839483574 | SASA: total=0.015504218625264372 | RMSF: value=0.08647864 | SASA: total=0.018499545587023887 | RMSF: value=0.068757966 | SASA: total=0.020013444015000124,
Chain 0::186,Chain 0,186,Chain 0 / SER186,SER,second shell | Buried,16,9,10,16,16,-0.062081668888888886,0.059840159840159834,0.16021689363308064,0.01318482044302757,0.147032068365733,0.11203978575739908,0.0916354894375,,Imported structure residue from md_100_prolig_center.gro | Manual tag: S186 | HBond protein_to_ESC: max_occ=0.001998001998001998 | MMPBSA traj_nowat_100_f100 Total: TOTAL=NA | MMPBSA traj_nowat_100_f100 Total: TOTAL=-0.004335175999999919 | MMPBSA traj_nowat_100_f100 Total: TOTAL=0.002995512000000204 | SASA: total=0.19550914804239083 | RMSF: value=0.11115759,
Chain 0::187,Chain 0,187,Chain 0 / PRO187,PRO,second shell | Intermediate,16,6,0,16,16,-0.04332881119999996,,0.5783787231597274,0.034655240012821505,0.5437234840770759,0.37557059945436844,0.09965664506250001,,Imported structure residue from md_100_prolig_center.gro | Manual tag: P187 | SASA: total=0.5455338695261738 | MMPBSA traj_nowat_100_f100 Total: TOTAL=NA | MMPBSA traj_nowat_100_f100 Total: TOTAL=-0.004319999999999968 | SASA: total=0.4644293755587965 | RMSF: value=0.095754504 | SASA: total=0.4441339113924763,
Chain 0::188,Chain 0,188,Chain 0 / PHE188,PHE,second shell | Mixed_exposure,16,11,1,16,16,-0.44857257592727273,0.007992007992007992,0.5309299686093731,0.0417351292525931,0.4891948363476313,0.2328640213199005,0.10905839156250001,,Imported structure residue from md_100_prolig_center.gro | Manual tag: F188 | MMPBSA traj_nowat_100_f100 Total: TOTAL=NA | MMPBSA traj_nowat_100_f100 Total: TOTAL=-0.021315774400000088 | MMPBSA traj_nowat_100_f100 Total: TOTAL=-0.08367937760000006 | SASA: total=0.5166767888730115 | RMSF: value=0.10638717 | MMPBSA traj_nowat_100_f100 Total: TOTAL=-0.23371858880000002,
Chain 0::189,Chain 0,189,Chain 0 / LEU189,LEU,Buried,16,0,0,16,16,,,0.2214970148484324,0.09919526487128409,0.12230174901067063,0.11255475425943956,0.10733656656250001,,Imported structure residue from md_100_prolig_center.gro | SASA: total=0.31619816192305916 | RMSF: value=0.16079612 | SASA: total=0.3807640834019916 | RMSF: value=0.12473755 | SASA: total=0.14029560260253376 | RMSF: value=0.11166064 | SASA: total=0.15128320472148976,
Chain 0::190,Chain 0,190,Chain 0 / ARG190,ARG,Mixed_exposure,16,0,0,16,16,,,0.7289079205354326,0.23035061016383743,0.49855730395376835,0.2950712269160667,0.11922108287499998,,Imported structure residue from md_100_prolig_center.gro | SASA: total=0.9588351863445622 | RMSF: value=0.17942275 | SASA: total=0.9092879230433172 | RMSF: value=0.12805207 | SASA: total=0.7512489864141634 | RMSF: value=0.11864967 | SASA: total=0.662585454412026,
Chain 0::191,Chain 0,191,Chain 0 / SER191,SER,Mixed_exposure,16,0,3,16,16,,0.0029970029970029974,0.5163687949741979,0.23157669625494,0.28479208474941925,0.36109705942251596,0.140114826125,,Imported structure residue from md_100_prolig_center.gro | HBond protein_to_ESC: max_occ=0.000999000999000999 | SASA: total=0.5282562327857064 | SASA: total=0.5462369836202943 | RMSF: value=0.14836152 | SASA: total=0.7547494167148476 | RMSF: value=0.17094205 | SASA: total=0.35125290934402165,
Chain 0::192,Chain 0,192,Chain 0 / GLY192,GLY,Mixed_exposure,16,0,0,16,16,,,0.845397372536435,0.3653728165064414,0.48002454858863414,0.7079230791868645,0.18387588,,Imported structure residue from md_100_prolig_center.gro | SASA: total=0.8058866103096763 | RMSF: value=0.24118985 | SASA: total=0.8331652071216319 | RMSF: value=0.18283382 | SASA: total=0.4804142206022055 | RMSF: value=0.22215678 | SASA: total=0.6696754174657388,
Chain 0::193,Chain 0,193,Chain 0 / LYS193,LYS,Exposed,16,0,2,16,16,,0.0024975024975024975,1.4929602077175483,0.6399882373994789,0.8529719521319217,0.6823293677712384,0.16603462875000002,,Imported structure residue from md_100_prolig_center.gro | SASA: total=1.866162086477374 | RMSF: value=0.20554689 | SASA: total=1.9162386596792995 | RMSF: value=0.16113523 | SASA: total=1.90943712291151 | RMSF: value=0.23490308 | SASA: total=1.8464950889644056,
Chain 0::194,Chain 0,194,Chain 0 / GLU194,GLU,Mixed_exposure,16,0,0,16,16,,,1.2692382538894027,0.7684180302416332,0.5008202134308839,0.5931019877987862,0.159401247875,,Imported structure residue from md_100_prolig_center.gro | SASA: total=1.2285646495252553 | RMSF: value=0.2073716 | SASA: total=1.2491111531115995 | RMSF: value=0.16000159 | SASA: total=1.2943873145792744 | RMSF: value=0.20699114 | SASA: total=1.3171216037013742,
Chain 0::195,Chain 0,195,Chain 0 / THR195,THR,Intermediate,16,0,4,16,16,,0.03146853146853147,0.5881053584415724,0.06095948002174656,0.527145882893243,0.36080083339973773,0.132776435,,Imported structure residue from md_100_prolig_center.gro | HBond protein_to_ESC: max_occ=0.023976023976023976 | SASA: total=0.46261646428910813 | SASA: total=0.4621444816636567 | RMSF: value=0.14755017 | SASA: total=0.47313427364472116 | RMSF: value=0.1312687 | SASA: total=0.4170615773389835,
Chain 0::196,Chain 0,196,Chain 0 / PRO196,PRO,Mixed_exposure,16,0,0,16,16,,,0.8060386574153999,0.0333026919120895,0.7727359663971728,0.5448129675022686,0.12067302718750002,,Imported structure residue from md_100_prolig_center.gro | SASA: total=0.8402793926767783 | RMSF: value=0.17935723 | SASA: total=0.8746459543114842 | RMSF: value=0.12815596 | SASA: total=0.963411295768058 | RMSF: value=0.13420282 | SASA: total=0.8306043366394421,
Chain 0::197,Chain 0,197,Chain 0 / MET197,MET,second shell | Buried,16,13,1,16,16,-0.5829355934153846,0.001998001998001998,0.18520598158374024,0.008191413061530789,0.17701457093336093,0.09123447368657155,0.103694425625,,Imported structure residue from md_100_prolig_center.gro | Manual tag: M197 | MMPBSA traj_nowat_100_f100 Total: TOTAL=NA | SASA: total=0.19952467865873091 | RMSF: value=0.10890086 | MMPBSA traj_nowat_100_f100 Total: TOTAL=-0.16774109040000001 | SASA: total=0.19610954629312646 | RMSF: value=0.10191226,
Chain 0::198,Chain 0,198,Chain 0 / THR198,THR,Buried,16,0,5,16,16,,0.029970029970029965,0.17074485885360885,0.04032486303502551,0.13041999511706576,0.11029781702457163,0.10321597525000001,,Imported structure residue from md_100_prolig_center.gro | HBond protein_to_ESC: max_occ=0.003996003996003996 | SASA: total=0.2525020280096791 | SASA: total=0.2717251093080728 | RMSF: value=0.12907375 | SASA: total=0.2796095096238769 | RMSF: value=0.10859498 | SASA: total=0.24328145060208764,
Chain 0::199,Chain 0,199,Chain 0 / LYS199,LYS,Mixed_exposure,16,0,0,16,16,,,1.2783222915881343,0.08149841970747965,1.1968238810722782,0.5354191006365339,0.09963853924999999,,Imported structure residue from md_100_prolig_center.gro | SASA: total=1.4037294907144982 | RMSF: value=0.15777162 | SASA: total=1.3502528325165852 | RMSF: value=0.12402239 | SASA: total=1.426051641454791 | RMSF: value=0.1120224 | SASA: total=1.2406771301042916,
Chain 0::200,Chain 0,200,Chain 0 / LEU200,LEU,Mixed_exposure,16,3,0,16,16,-0.1323776538666667,,0.3490573137394605,0.04672069223537133,0.3023366176726131,0.15861945852068254,0.0887852028125,,Imported structure residue from md_100_prolig_center.gro | MMPBSA traj_nowat_100_f100 Total: TOTAL=NA | MMPBSA traj_nowat_100_f100 Total: TOTAL=-0.2171215664 | SASA: total=0.35103808564714867 | RMSF: value=0.0991482 | SASA: total=0.3757637936880093 | RMSF: value=0.10012851 | SASA: total=0.2530319990202932,
Chain 0::201,Chain 0,201,Chain 0 / ILE201,ILE,second shell | Mixed_exposure,16,10,0,16,16,-0.4016204522400001,,0.2453757955388415,0.00026077727512295113,0.2451150197683289,0.13556673786676324,0.08777984693749999,,Imported structure residue from md_100_prolig_center.gro | Manual tag: I201 | MMPBSA traj_nowat_100_f100 Total: TOTAL=NA | MMPBSA traj_nowat_100_f100 Total: TOTAL=-0.003602882399999977 | MMPBSA traj_nowat_100_f100 Total: TOTAL=-0.13355069520000007 | SASA: total=0.2804655910718559 | RMSF: value=0.13177107 | SASA: total=0.1840663714574115,
Chain 0::202,Chain 0,202,Chain 0 / LYS202,LYS,Mixed_exposure,16,0,1,16,16,,0.002997002997002997,0.978373535456929,0.02346181459690324,0.9549117348903772,0.470171905280157,0.090980935875,,Imported structure residue from md_100_prolig_center.gro | SASA: total=1.166219431574982 | RMSF: value=0.124069616 | SASA: total=1.3085184829069836 | RMSF: value=0.105609454 | SASA: total=1.144562338838483 | RMSF: value=0.085864335 | SASA: total=1.235223115080654,
Chain 0::203,Chain 0,203,Chain 0 / ALA203,ALA,Intermediate,16,0,0,16,16,,,0.5173760418697159,0.17565342908008214,0.34172261324203995,0.33389740745917257,0.08259222712500001,,Imported structure residue from md_100_prolig_center.gro | SASA: total=0.35888144196850236 | RMSF: value=0.106790364 | SASA: total=0.35506858920106793 | RMSF: value=0.09843241 | SASA: total=0.4134212413636765 | RMSF: value=0.078242764 | SASA: total=0.3777047563897501,
Chain 0::204,Chain 0,204,Chain 0 / MET204,MET,Buried,16,3,0,16,16,-0.10460614346666665,,0.13085471787132638,0.02612861797517848,0.10472610045805351,0.06717978882511294,0.0730762339375,,Imported structure residue from md_100_prolig_center.gro | MMPBSA traj_nowat_100_f100 Total: TOTAL=NA | MMPBSA traj_nowat_100_f100 Total: TOTAL=-0.21016287600000008 | SASA: total=0.16426900988168056 | RMSF: value=0.08300815 | SASA: total=0.10315556160294183 | RMSF: value=0.07186438 | SASA: total=0.20396731956170336,
Chain 0::205,Chain 0,205,Chain 0 / ARG205,ARG,Mixed_exposure,16,4,3,16,16,0.00027783660000061,0.001998001998001998,0.56738118600506,0.07555305178416662,0.4918281341912134,0.21785812181536182,0.08517629431249998,,Imported structure residue from md_100_prolig_center.gro | SASA: total=0.8504558211506004 | RMSF: value=0.09202852 | SASA: total=0.488627820911974 | RMSF: value=0.08727313 | SASA: total=0.9261296869504569 | RMSF: value=0.07954637 | SASA: total=1.0295802189572023,
Chain 0::206,Chain 0,206,Chain 0 / GLU206,GLU,Mixed_exposure,16,0,0,16,16,,,0.9921792372323499,0.6605587370583033,0.3316205090446638,0.4636351575852103,0.09284922812500002,,Imported structure residue from md_100_prolig_center.gro | SASA: total=1.0160142159698033 | RMSF: value=0.08472737 | SASA: total=0.9014846051093375 | RMSF: value=0.08857102 | SASA: total=0.98144531722116 | RMSF: value=0.08101886 | SASA: total=0.8568198875625535,
Chain 0::207,Chain 0,207,Chain 0 / SER207,SER,conserved | Buried,16,0,0,16,16,,,0.03886563626753677,0.004931849144695391,0.03393378770506208,0.027178766620655097,0.077051835125,,Imported structure residue from md_100_prolig_center.gro | Manual tag: S207 | SASA: total=0.03892332861329069 | SASA: total=0.0223982849960575 | RMSF: value=0.07661299 | SASA: total=0.03547041407684878 | RMSF: value=0.06841951 | SASA: total=0.029506709758598027,
Chain 0::208,Chain 0,208,Chain 0 / ASP208,ASP,Mixed_exposure,16,0,0,16,16,,,0.18393196135362846,0.1409956204755656,0.04293634429199985,0.09835933762226122,0.0836454314375,,Imported structure residue from md_100_prolig_center.gro | SASA: total=0.3039282014464388 | RMSF: value=0.065434754 | SASA: total=0.3811315669871793 | RMSF: value=0.07741857 | SASA: total=0.13861925250822954 | RMSF: value=0.08225297 | SASA: total=0.2031620938589077,
Chain 0::209,Chain 0,209,Chain 0 / LYS209,LYS,Exposed,16,0,0,16,16,,,1.207739701144176,0.6167775561276935,0.590962126325484,0.6015610927151862,0.09606906425000002,,Imported structure residue from md_100_prolig_center.gro | SASA: total=1.6279785550466859 | RMSF: value=0.090601526 | SASA: total=1.7170833361030806 | RMSF: value=0.08884677 | SASA: total=1.2528983177524982 | RMSF: value=0.09916845 | SASA: total=1.5605921934146691,
Chain 0::210,Chain 0,210,Chain 0 / LYS210,LYS,Exposed,16,0,0,16,16,,,1.3829673162781366,0.2368368599748257,1.1461304724954144,0.6012901375122335,0.07976207618749999,,Imported structure residue from md_100_prolig_center.gro | SASA: total=1.296762187882225 | RMSF: value=0.06986674 | SASA: total=1.2889389885534155 | RMSF: value=0.079267085 | SASA: total=1.348518971169349 | RMSF: value=0.082889736 | SASA: total=1.1876121452539274,
Chain 0::211,Chain 0,211,Chain 0 / SER211,SER,conserved | Buried,16,0,0,16,16,,,0.11856191503206766,0.10879753943818554,0.009764373811344514,0.08291043009235502,0.0570306086875,,Imported structure residue from md_100_prolig_center.gro | Manual tag: S211 | SASA: total=0.10813731117413776 | SASA: total=0.1644615419577844 | RMSF: value=0.0609033 | SASA: total=0.09682413920907691 | RMSF: value=0.06248207 | SASA: total=0.10851534208891415,
Chain 0::212,Chain 0,212,Chain 0 / TRP212,TRP,Mixed_exposure,16,0,0,16,16,,,0.5046427013666028,0.08076331385245344,0.4238793911357032,0.1928009138685199,0.056187246375000006,,Imported structure residue from md_100_prolig_center.gro | SASA: total=0.4811551644660459 | RMSF: value=0.055406637 | SASA: total=0.49911192708676405 | RMSF: value=0.058736723 | SASA: total=0.5460340770164339 | RMSF: value=0.056313664 | SASA: total=0.4586613836264846,
Chain 0::213,Chain 0,213,Chain 0 / GLY213,GLY,conserved | Buried,16,0,0,16,16,,,0.01777641089236315,0.0006063573832806929,0.01717005360467846,0.018326196796250672,0.0567933065,,Imported structure residue from md_100_prolig_center.gro | Manual tag: G213 | SASA: total=0.012410971004110162 | SASA: total=0.051822416484355927 | RMSF: value=0.057991795 | SASA: total=0.0075804530827347 | RMSF: value=0.06227955 | SASA: total=0.020829521506877228,
Chain 0::214,Chain 0,214,Chain 0 / VAL214,VAL,conserved | Buried,16,0,0,16,16,,,0.023150610473659062,0.000014588414385366151,0.02313602225529232,0.014030673014338826,0.0477786491875,,Imported structure residue from md_100_prolig_center.gro | Manual tag: V214 | SASA: total=0.03196952860839296 | SASA: total=0.10373470954375692 | RMSF: value=0.049551826 | SASA: total=0.0014747529737835767 | RMSF: value=0.04889812 | SASA: total=0.018585827090952654,
Chain 0::215,Chain 0,215,Chain 0 / VAL215,VAL,conserved | Buried,16,0,0,16,16,,,0.003676217820251586,0.0010034582686569025,0.002672759579762005,0.0022280108001524763,0.0429472264375,,Imported structure residue from md_100_prolig_center.gro | Manual tag: V215 | SASA: total=0.0015690471276198284 | SASA: total=0.0035649712870616723 | RMSF: value=0.047539216 | SASA: total=0.006161324274126846 | RMSF: value=0.045634195 | SASA: total=0.003987378413134282,
Chain 0::216,Chain 0,216,Chain 0 / PHE216,PHE,Buried,16,0,0,16,16,,,0.009091726759825267,0.00013060526868171693,0.008961121209038105,0.003987599456063714,0.0445758386875,,Imported structure residue from md_100_prolig_center.gro | SASA: total=0.01276868150228321 | RMSF: value=0.046552513 | SASA: total=0.011890990696478598 | RMSF: value=0.05178928 | SASA: total=0.02420153859818336 | RMSF: value=0.049484555 | SASA: total=0.004451775563751707,
Chain 0::217,Chain 0,217,Chain 0 / ASN217,ASN,second shell | conserved | Buried,16,0,0,16,16,,,0.026358236650945523,0.0016569894615164264,0.024701247080217696,0.014095313717083169,0.0446681556875,,Imported structure residue from md_100_prolig_center.gro | Manual tag: N217 | SASA: total=0.030610975223860824 | SASA: total=0.026071066829827752 | RMSF: value=0.047678586 | SASA: total=0.03580121607473581 | RMSF: value=0.053402644 | SASA: total=0.017638834986356225,
Chain 0::218,Chain 0,218,Chain 0 / SER218,SER,conserved | Buried,16,0,0,16,16,,,0.007178761157216411,0.0010035107224761269,0.00617525035409242,0.005020112697354136,0.04743295475,,Imported structure residue from md_100_prolig_center.gro | Manual tag: S218 | SASA: total=0.02356365428186289 | SASA: total=0.021987824027638624 | RMSF: value=0.050028462 | SASA: total=0.012048067335998364 | RMSF: value=0.053521186 | SASA: total=0.012275112968048837,
Chain 0::219,Chain 0,219,Chain 0 / PHE219,PHE,conserved | Buried,16,0,0,16,16,,,0.007516587061839499,0.002328598449821584,0.005187988633341514,0.0032967487113331135,0.050172762437500004,,Imported structure residue from md_100_prolig_center.gro | Manual tag: F219 | SASA: total=0.014471510406767968 | SASA: total=0.012183942435549037 | RMSF: value=0.052379217 | SASA: total=0.01079691744105208 | RMSF: value=0.054766774 | SASA: total=0.014951703221638604,
Chain 0::220,Chain 0,220,Chain 0 / TYR220,TYR,conserved | Intermediate,16,0,0,16,16,,,0.8941000834254935,0.19162365204879683,0.7024764500484607,0.350627483696272,0.056893695875,,Imported structure residue from md_100_prolig_center.gro | Manual tag: Y220 | SASA: total=0.8238885030888095 | SASA: total=0.7975979535886557 | RMSF: value=0.059389703 | SASA: total=0.8440802050108956 | RMSF: value=0.06549191 | SASA: total=0.7364337149232921,
Chain 0::221,Chain 0,221,Chain 0 / GLU221,GLU,conserved | Intermediate,16,0,0,16,16,,,0.7059842142654528,0.5273418624396666,0.17864234896438969,0.32989916554460413,0.0623256761875,,Imported structure residue from md_100_prolig_center.gro | Manual tag: E221 | SASA: total=0.5749565221295498 | SASA: total=0.5777854258471197 | RMSF: value=0.06348431 | SASA: total=0.6048585176467896 | RMSF: value=0.07384969 | SASA: total=0.5211121498948277,
Chain 0::222,Chain 0,222,Chain 0 / LEU222,LEU,conserved | Buried,16,0,0,16,16,,,0.08512860674198976,0.07905900098053775,0.006069605602497538,0.044569951173816624,0.054716147374999996,,Imported structure residue from md_100_prolig_center.gro | Manual tag: L222 | SASA: total=0.06257574090568147 | SASA: total=0.06884579360485077 | RMSF: value=0.060022306 | SASA: total=0.08887419207851485 | RMSF: value=0.06465078 | SASA: total=0.09035269388615495,
Chain 0::223,Chain 0,223,Chain 0 / GLU223,GLU,conserved | Buried,16,0,0,16,16,,,0.02912050663691825,0.005209609534545907,0.0239108967693352,0.0136077133817375,0.0558545043125,,Imported structure residue from md_100_prolig_center.gro | Manual tag: E223 | SASA: total=0.04345730349126429 | SASA: total=0.0397941720220122 | RMSF: value=0.07169827 | SASA: total=0.029739753758110624 | RMSF: value=0.06936704 | SASA: total=0.03715848616591775,
Chain 0::224,Chain 0,224,Chain 0 / LYS224,LYS,Intermediate,16,0,0,16,16,,,0.7364796089875225,0.035909420468021494,0.7005701754795443,0.37132040420954837,0.06453192275,,Imported structure residue from md_100_prolig_center.gro | SASA: total=0.9030286463180391 | RMSF: value=0.06597311 | SASA: total=0.8885817315318797 | RMSF: value=0.07044191 | SASA: total=0.9563864375104999 | RMSF: value=0.06902904 | SASA: total=0.925515628097081,
Chain 0::225,Chain 0,225,Chain 0 / ASP225,ASP,Intermediate,16,0,0,16,16,,,0.7924240430687914,0.6492892238910836,0.1431348200675358,0.4237561727640595,0.066461859,,Imported structure residue from md_100_prolig_center.gro | SASA: total=0.7898572034174853 | RMSF: value=0.07225878 | SASA: total=0.7335547196983111 | RMSF: value=0.08376184 | SASA: total=0.7662167599295625 | RMSF: value=0.06924228 | SASA: total=0.8989117003903531,
Chain 0::226,Chain 0,226,Chain 0 / TYR226,TYR,conserved | Buried,16,0,0,16,16,,,0.09218600397989488,0.004081549626123275,0.08810445476014463,0.0361513741097627,0.059910283187499996,,Imported structure residue from md_100_prolig_center.gro | Manual tag: Y226 | SASA: total=0.11059425306497234 | SASA: total=0.08116079387393328 | RMSF: value=0.0769172 | SASA: total=0.0796862008548019 | RMSF: value=0.06736707 | SASA: total=0.14583113155152538,
Chain 0::227,Chain 0,227,Chain 0 / TYR227,TYR,Mixed_exposure,16,0,0,16,16,,,0.34507144771811393,0.08285545301695682,0.2622159912278599,0.14672629781044383,0.0585615331875,,Imported structure residue from md_100_prolig_center.gro | SASA: total=0.44418219705619433 | RMSF: value=0.062100407 | SASA: total=0.4462056868147142 | RMSF: value=0.07109906 | SASA: total=0.4213679586306657 | RMSF: value=0.061415654 | SASA: total=0.33880308860599406,
Chain 0::228,Chain 0,228,Chain 0 / ASN228,ASN,Mixed_exposure,16,0,0,16,16,,,0.7684626051289315,0.27969578627769554,0.4887668234618878,0.36954163077636143,0.06882565743749999,,Imported structure residue from md_100_prolig_center.gro | SASA: total=0.5631102465166904 | RMSF: value=0.07207934 | SASA: total=0.5822888925524041 | RMSF: value=0.086310826 | SASA: total=0.6894354112077468 | RMSF: value=0.07005773 | SASA: total=0.5679544712057208,
Chain 0::229,Chain 0,229,Chain 0 / HIS229,HIS,Mixed_exposure,16,0,0,16,16,,,0.3357372594591563,0.0715102180677217,0.26422704330249003,0.15543391641627602,0.07283092031249999,,Imported structure residue from md_100_prolig_center.gro | SASA: total=0.6318281788637142 | RMSF: value=0.078973986 | SASA: total=0.3756913976504071 | RMSF: value=0.09691642 | SASA: total=0.3036569955915508 | RMSF: value=0.07577896 | SASA: total=0.5847341146799597,
Chain 0::230,Chain 0,230,Chain 0 / TYR230,TYR,conserved | Buried,16,0,0,16,16,,,0.04197900911728566,0.0037163198746321263,0.03826268907811603,0.016462356516582607,0.0661790004375,,Imported structure residue from md_100_prolig_center.gro | Manual tag: Y230 | SASA: total=0.08707735709624716 | SASA: total=0.05716802260958322 | RMSF: value=0.08613766 | SASA: total=0.03504479899633639 | RMSF: value=0.06659436 | SASA: total=0.08813799371813784,
Chain 0::231,Chain 0,231,Chain 0 / THR231,THR,Mixed_exposure,16,0,0,16,16,,,0.3475631901874474,0.14235135379574712,0.20521184056305722,0.21322895103524386,0.07420614,,Imported structure residue from md_100_prolig_center.gro | SASA: total=0.32433497492629704 | RMSF: value=0.073710084 | SASA: total=0.3543264618014345 | RMSF: value=0.09219638 | SASA: total=0.3277878141639256 | RMSF: value=0.070231706 | SASA: total=0.380475245785005,
Chain 0::232,Chain 0,232,Chain 0 / GLU232,GLU,Mixed_exposure,16,0,0,16,16,,,1.3284504429833726,0.4237465983665015,0.9047038858516677,0.5954739180717438,0.09808116900000001,,Imported structure residue from md_100_prolig_center.gro | SASA: total=1.1496937286735762 | RMSF: value=0.092065915 | SASA: total=1.1425572633743286 | RMSF: value=0.11769237 | SASA: total=1.1319059599744212 | RMSF: value=0.09421196 | SASA: total=1.1594223326975757,
Chain 0::233,Chain 0,233,Chain 0 / LYS233,LYS,Mixed_exposure,16,0,0,16,16,,,1.2562927322665063,0.2399412602933105,1.0163514583307034,0.630132651053973,0.10977611612499999,,Imported structure residue from md_100_prolig_center.gro | SASA: total=1.6180596540469934 | RMSF: value=0.103160486 | SASA: total=1.581851038602319 | RMSF: value=0.124763764 | SASA: total=1.532038976650427 | RMSF: value=0.10647791 | SASA: total=1.60694685784897,
Chain 0::234,Chain 0,234,Chain 0 / LEU234,LEU,Mixed_exposure,16,0,0,16,16,,,0.4400936653468721,0.10908097518598754,0.33101269841138825,0.23041553159522096,0.09905992768750001,,Imported structure residue from md_100_prolig_center.gro | SASA: total=0.7771924409535852 | RMSF: value=0.095291585 | SASA: total=0.573520543551681 | RMSF: value=0.11246421 | SASA: total=0.45756753143107537 | RMSF: value=0.09603397 | SASA: total=0.7644469218678994,
Chain 0::235,Chain 0,235,Chain 0 / LYS235,LYS,Exposed,16,0,0,16,16,,,1.5144395356868754,0.22988174997251665,1.2845578134373419,0.7410673961774691,0.09372923124999999,,Imported structure residue from md_100_prolig_center.gro | SASA: total=1.826425552368164 | RMSF: value=0.09160255 | SASA: total=1.823018729096592 | RMSF: value=0.111010045 | SASA: total=1.838207740594845 | RMSF: value=0.0908004 | SASA: total=1.8636459171181858,
Chain 0::236,Chain 0,236,Chain 0 / ARG236,ARG,conserved | Mixed_exposure,16,0,0,16,16,,,0.451787569200491,0.08868871247545715,0.36309885740796527,0.1704858751699966,0.073763396875,,Imported structure residue from md_100_prolig_center.gro | Manual tag: R236 | SASA: total=0.4471285660373102 | SASA: total=0.7754935560250046 | RMSF: value=0.09067546 | SASA: total=0.26284819664341386 | RMSF: value=0.06799399 | SASA: total=0.4462341232465045,
Chain 0::237,Chain 0,237,Chain 0 / ARG237,ARG,conserved | Mixed_exposure,16,0,0,16,16,,,1.2935759349919784,0.17734972364499718,1.116226226755298,0.48814186226112394,0.06767036981249999,,Imported structure residue from md_100_prolig_center.gro | Manual tag: R237 | SASA: total=1.2296543900329289 | SASA: total=1.2924688700402136 | RMSF: value=0.09445308 | SASA: total=1.297769830958678 | RMSF: value=0.06270401 | SASA: total=1.2478485296268274,
Chain 0::238,Chain 0,238,Chain 0 / ALA238,ALA,conserved | Mixed_exposure,16,0,0,16,16,,,0.13687427730142773,0.09536904656780092,0.04150522911764386,0.1131192374391965,0.05576101949999999,,Imported structure residue from md_100_prolig_center.gro | Manual tag: A238 | SASA: total=0.1097688896231132 | SASA: total=0.10647723654119096 | RMSF: value=0.072339155 | SASA: total=0.09540730862334224 | RMSF: value=0.058110613 | SASA: total=0.1299709922606402,
Chain 0::239,Chain 0,239,Chain 0 / TRP239,TRP,conserved | Buried,16,0,0,16,16,,,0.15348132344257864,0.022854203072008864,0.13062711867347065,0.058136864940370694,0.0483650155625,,Imported structure residue from md_100_prolig_center.gro | Manual tag: W239 | SASA: total=0.1418943344661505 | SASA: total=0.14314011034398977 | RMSF: value=0.05180219 | SASA: total=0.19978481708186688 | RMSF: value=0.05047342 | SASA: total=0.15313621035011687,
Chain 0::240,Chain 0,240,Chain 0 / ALA240,ALA,Buried,16,0,0,16,16,,,0.0914565876307756,0.010253112103359538,0.08120347578971074,0.07558395671964928,0.0525471760625,,Imported structure residue from md_100_prolig_center.gro | SASA: total=0.0938520202837368 | RMSF: value=0.055584654 | SASA: total=0.08760764228530449 | RMSF: value=0.05600108 | SASA: total=0.08610550144521317 | RMSF: value=0.05317065 | SASA: total=0.07139077192485922,
Chain 0::241,Chain 0,241,Chain 0 / ILE241,ILE,conserved | Buried,16,0,0,16,16,,,0.013594308967464651,0.011778310595191487,0.0018159984031779746,0.007510667937825773,0.050907800687500004,,Imported structure residue from md_100_prolig_center.gro | Manual tag: I241 | SASA: total=0.027204658153771172 | SASA: total=0.012240205559473817 | RMSF: value=0.05247137 | SASA: total=0.013377431982962212 | RMSF: value=0.052550286 | SASA: total=0.01042846819883821,
Chain 0::242,Chain 0,242,Chain 0 / GLY242,GLY,conserved | Buried,16,0,0,16,16,,,0.001842467142748796,0.0006657496301023898,0.0011767175154559345,0.0018994506626276249,0.0549080016875,,Imported structure residue from md_100_prolig_center.gro | Manual tag: G242 | SASA: total=0.000397641709682965 | SASA: total=8.850287424750848e-05 | RMSF: value=0.054417375 | SASA: total=0.00023647655483962284 | RMSF: value=0.060552474 | SASA: total=0.007147632230368286,
Chain 0::243,Chain 0,243,Chain 0 / PRO243,PRO,conserved | Buried,16,0,0,16,16,,,0.008274307513971454,0.0062767585699439596,0.001997548896157457,0.00537292695712432,0.0472521715,,Imported structure residue from md_100_prolig_center.gro | Manual tag: P243 | SASA: total=0.01836442699342376 | SASA: total=0.004456514326652678 | RMSF: value=0.045656644 | SASA: total=0.003910706811907268 | RMSF: value=0.046871684 | SASA: total=0.015192069924703918,
Chain 0::244,Chain 0,244,Chain 0 / LEU244,LEU,conserved | Buried,16,0,0,16,16,,,0.018303143334405563,0.0032803460142729656,0.015022797682021437,0.009582797557280398,0.05557090525,,Imported structure residue from md_100_prolig_center.gro | Manual tag: L244 | SASA: total=0.00929135478811689 | SASA: total=0.007416222465805488 | RMSF: value=0.050296247 | SASA: total=0.0108735906421253 | RMSF: value=0.054752197 | SASA: total=0.058264493057043246,
Chain 0::245,Chain 0,245,Chain 0 / SER245,SER,second shell | conserved | Buried,16,0,0,16,16,,,0.06808106436052401,0.02160791405560195,0.046473149752813754,0.047609135916450364,0.0727841038125,,Imported structure residue from md_100_prolig_center.gro | Manual tag: S245 | SASA: total=0.05374201483065539 | SASA: total=0.05039720934363875 | RMSF: value=0.062694356 | SASA: total=0.01958120540522113 | RMSF: value=0.054354105 | SASA: total=0.14377136926839848,
Chain 0::246,Chain 0,246,Chain 0 / MET246,MET,conserved | Buried,16,0,0,16,16,,,0.2687422369565298,0.09525170007439349,0.17349053133454284,0.13238533840223146,0.07444991162500002,,Imported structure residue from md_100_prolig_center.gro | Manual tag: M246 | SASA: total=0.3365450159157857 | SASA: total=0.26648784273921855 | RMSF: value=0.075084165 | SASA: total=0.14714325057102903 | RMSF: value=0.06375673 | SASA: total=0.23538461239031044,
Chain 0::247,Chain 0,247,Chain 0 / CYS247,CYS,Mixed_exposure,16,0,0,16,16,,,0.22289042680127785,0.13467958747377012,0.08821083382227328,0.15060163973059315,0.090319626125,,Imported structure residue from md_100_prolig_center.gro | SASA: total=0.2671604793850738 | RMSF: value=0.07652272 | SASA: total=0.21717862445529146 | RMSF: value=0.10411002 | SASA: total=0.18058795681094178 | RMSF: value=0.09957341 | SASA: total=0.21610483689473406,
Chain 0::248,Chain 0,248,Chain 0 / ASN248,ASN,Mixed_exposure,16,0,0,16,16,,,0.11599770391193946,0.05350831418706215,0.06248938937188532,0.06203085770691949,0.0947190415,,Imported structure residue from md_100_prolig_center.gro | SASA: total=0.09700243337319629 | RMSF: value=0.08892184 | SASA: total=0.14134572394708594 | RMSF: value=0.09935734 | SASA: total=0.13172349333763123 | RMSF: value=0.10060793 | SASA: total=0.4576480241105108,
Chain 0::249,Chain 0,249,Chain 0 / LYS249,LYS,Mixed_exposure,16,0,0,16,16,,,1.5873482605018236,0.24953853666302891,1.3378097099980508,0.6675486088310789,0.118106699125,,Imported structure residue from md_100_prolig_center.gro | SASA: total=1.6544478246481111 | RMSF: value=0.11272174 | SASA: total=1.7090933913051491 | RMSF: value=0.1325527 | SASA: total=1.630486026848897 | RMSF: value=0.12234805 | SASA: total=1.6436073107294518,
Chain 0::250,Chain 0,250,Chain 0 / THR250,THR,Intermediate,16,0,0,16,16,,,0.6509565918540378,0.16068374312143904,0.49027284874239624,0.38685784713319216,0.10608592250000001,,Imported structure residue from md_100_prolig_center.gro | SASA: total=0.7030811805536251 | RMSF: value=0.10201585 | SASA: total=0.584882385659926 | RMSF: value=0.11223399 | SASA: total=0.6234693904914478 | RMSF: value=0.09645597 | SASA: total=0.5929550071163933,
Chain 0::251,Chain 0,251,Chain 0 / LEU251,LEU,Mixed_exposure,16,0,0,16,16,,,0.9228243757924526,0.005948562357150535,0.9168758136727431,0.489932829749007,0.1026664931875,,Imported structure residue from md_100_prolig_center.gro | SASA: total=0.8558207832940734 | RMSF: value=0.09257573 | SASA: total=0.9690377015878658 | RMSF: value=0.11353461 | SASA: total=0.9171441769835973 | RMSF: value=0.09502289 | SASA: total=0.9324743187073434,
Chain 0::252,Chain 0,252,Chain 0 / GLU252,GLU,Mixed_exposure,16,0,0,16,16,,,1.0811143746544227,0.5171710638180121,0.5639432978696456,0.49499782796600134,0.0936665606875,,Imported structure residue from md_100_prolig_center.gro | SASA: total=1.0839125602552206 | RMSF: value=0.094744615 | SASA: total=0.9840887938395585 | RMSF: value=0.09674941 | SASA: total=0.9517281480354838 | RMSF: value=0.086930715 | SASA: total=1.0235219308645418,
Chain 0::253,Chain 0,253,Chain 0 / ASP253,ASP,Buried,16,0,0,16,16,,,0.08493444737231952,0.07036783699407864,0.014566610219754684,0.04541949057343291,0.0828641209375,,Imported structure residue from md_100_prolig_center.gro | SASA: total=0.09353239413830314 | RMSF: value=0.08226371 | SASA: total=0.11641297002535055 | RMSF: value=0.087645434 | SASA: total=0.07810577056785621 | RMSF: value=0.08261046 | SASA: total=0.0679108993251725,
Chain 0::254,Chain 0,254,Chain 0 / LYS254,LYS,second shell | conserved | Buried,16,0,0,16,16,,,0.37199888898908057,0.01724150491083654,0.35475739118375693,0.16173864738655683,0.0809758885,,Imported structure residue from md_100_prolig_center.gro | Manual tag: K254 | SASA: total=0.43650353013879 | SASA: total=0.4098130647498782 | RMSF: value=0.10187467 | SASA: total=0.343720914334944 | RMSF: value=0.0837245 | SASA: total=0.23902389584201397,
Chain 0::255,Chain 0,255,Chain 0 / ALA255,ALA,second shell | conserved | Mixed_exposure,16,0,0,16,16,,,0.0972815306704433,0.03424043176814713,0.06304110021819995,0.08039795923177134,0.08555835406250001,,Imported structure residue from md_100_prolig_center.gro | Manual tag: A255 | SASA: total=0.07277997502005927 | SASA: total=0.14051072107683313 | RMSF: value=0.10421668 | SASA: total=0.07029597136643853 | RMSF: value=0.08970283 | SASA: total=0.2897020743624999,
Chain 0::256,Chain 0,256,Chain 0 / GLU256,GLU,second shell | Mixed_exposure,16,0,0,16,16,,,0.4947056512505111,0.35736736166521454,0.13733829408860998,0.2311708650703323,0.0861875634375,,Imported structure residue from md_100_prolig_center.gro | Manual tag: E256 | SASA: total=0.4144770603368778 | SASA: total=0.41234214707176287 | RMSF: value=0.11055625 | SASA: total=0.4880716703315773 | RMSF: value=0.08015763 | SASA: total=0.9788498016867307,
Chain 0::257,Chain 0,257,Chain 0 / ARG257,ARG,first shell | conserved | Buried,16,0,0,16,16,,,0.11510580472214754,0.017940132232169084,0.09716567427201178,0.043436152725338704,0.0790992583125,,Manual tag: R257 | Imported structure residue from md_100_prolig_center.gro | SASA: total=0.13135828992517867 | SASA: total=0.11806673755740175 | RMSF: value=0.07809859 | SASA: total=0.09754197472835531 | RMSF: value=0.07702811 | SASA: total=0.24220870907353884,
Chain 0::258,Chain 0,258,Chain 0 / GLY258,GLY,second shell | conserved | Mixed_exposure,16,0,0,16,16,,,0.15407009420034387,0.07528872121272996,0.07878137502084788,0.1588351486601483,0.09758940381249999,,Imported structure residue from md_100_prolig_center.gro | Manual tag: G258 | SASA: total=0.2863883281698321 | SASA: total=0.1954441743321938 | RMSF: value=0.15711424 | SASA: total=0.265607890811297 | RMSF: value=0.07951246 | SASA: total=0.39212797183801634,
Chain 0::259,Chain 0,259,Chain 0 / LYS259,LYS,second shell | conserved | Mixed_exposure,16,0,0,16,16,,,1.002033069729805,0.022976154607454415,0.9790569193808749,0.43566655205643706,0.10744934525,,Imported structure residue from md_100_prolig_center.gro | Manual tag: K259 | SASA: total=1.0810966019583221 | SASA: total=1.0459949710581562 | RMSF: value=0.11685208 | SASA: total=0.9904029800160097 | RMSF: value=0.09280496 | SASA: total=1.326995550996006,
Chain 0::260,Chain 0,260,Chain 0 / LYS260,LYS,second shell | Exposed,16,0,0,16,16,,,1.5649448853022982,0.10834799211767344,1.4565969231252625,0.6804108196966515,0.10604180525000001,,Imported structure residue from md_100_prolig_center.gro | Manual tag: K260 | SASA: total=1.5768787447768864 | SASA: total=1.637450376359543 | RMSF: value=0.091835186 | SASA: total=1.2682305975715713 | RMSF: value=0.08291053 | SASA: total=1.6997514526442725,
Chain 0::261,Chain 0,261,Chain 0 / SER261,SER,second shell | Buried,16,0,0,16,16,,,0.2054984949086562,0.13577312598017038,0.0697253717596978,0.14370524119486447,0.094341793875,,Imported structure residue from md_100_prolig_center.gro | Manual tag: S261 | SASA: total=0.17569789083877413 | SASA: total=0.2285044030977948 | RMSF: value=0.07711106 | SASA: total=0.27069366546255524 | RMSF: value=0.06810039 | SASA: total=0.17554496516390602,
Chain 0::262,Chain 0,262,Chain 0 / SER262,SER,second shell | Mixed_exposure,16,0,0,16,16,,,0.7526790501900238,0.3744123722933749,0.378266679113823,0.5263489861468699,0.1041481355625,,Imported structure residue from md_100_prolig_center.gro | Manual tag: S262 | SASA: total=0.7088664486856744 | SASA: total=0.7041980807143863 | RMSF: value=0.079311 | SASA: total=0.7130796024114778 | RMSF: value=0.074509986 | SASA: total=0.7587499825081022,
Chain 0::263,Chain 0,263,Chain 0 / ILE263,ILE,Mixed_exposure,16,0,0,16,16,,,0.33157397954180695,0.007110447553966176,0.32446353522931587,0.18319004394574967,0.09406968812500002,,Imported structure residue from md_100_prolig_center.gro | SASA: total=0.3055274755057722 | RMSF: value=0.08364643 | SASA: total=0.28665178955191434 | RMSF: value=0.076843776 | SASA: total=0.3080233146648596 | RMSF: value=0.07988878 | SASA: total=0.36366546714659964,
Chain 0::264,Chain 0,264,Chain 0 / ASP264,ASP,conserved | Intermediate,16,0,0,16,16,,,0.8163101272934145,0.6198744584096245,0.19643566208790142,0.43652947983605045,0.09596055625,,Imported structure residue from md_100_prolig_center.gro | Manual tag: D264 | SASA: total=0.862142264252842 | SASA: total=0.824701456740351 | RMSF: value=0.08747722 | SASA: total=0.8919822632676304 | RMSF: value=0.09166335 | SASA: total=0.752259621525755,
Chain 0::265,Chain 0,265,Chain 0 / PRO265,PRO,Mixed_exposure,16,0,0,16,16,,,0.3849495492626609,0.0029697258639613876,0.3819798181561919,0.21579860152350544,0.0932167571875,,Imported structure residue from md_100_prolig_center.gro | SASA: total=0.3067461324505287 | RMSF: value=0.08847439 | SASA: total=0.31740203411272255 | RMSF: value=0.08467236 | SASA: total=0.3327421386643211 | RMSF: value=0.087597765 | SASA: total=0.3661621086078115,
Chain 0::266,Chain 0,266,Chain 0 / GLU266,GLU,Exposed,16,0,0,16,16,,,1.2900967980817992,0.6985708318609227,0.5915259868275412,0.6016002452722654,0.1011495640625,,Imported structure residue from md_100_prolig_center.gro | SASA: total=1.3377360766476925 | RMSF: value=0.101946756 | SASA: total=1.3741994647696467 | RMSF: value=0.095671825 | SASA: total=1.337163772913489 | RMSF: value=0.101365924 | SASA: total=1.3931949941238555,
Chain 0::267,Chain 0,267,Chain 0 / GLU267,GLU,Mixed_exposure,16,0,0,16,16,,,1.1009520698375628,0.7476202914546621,0.35333176959527307,0.5144635840362444,0.0930636825,,Imported structure residue from md_100_prolig_center.gro | SASA: total=1.1547136483806195 | RMSF: value=0.09189322 | SASA: total=1.1374781592057484 | RMSF: value=0.0879216 | SASA: total=1.159632120982255 | RMSF: value=0.09250322 | SASA: total=1.1176045247823885,
Chain 0::268,Chain 0,268,Chain 0 / CYS268,CYS,conserved | Buried,16,0,0,16,16,,,0.00596162196670055,0.0020678462583103713,0.003893775825381814,0.004028122950473344,0.07819398693750002,,Imported structure residue from md_100_prolig_center.gro | Manual tag: C268 | SASA: total=0.00482334565408159 | SASA: total=0.003031240659765899 | RMSF: value=0.07086219 | SASA: total=0.007343851693786017 | RMSF: value=0.0767297 | SASA: total=0.006992204059468638,
Chain 0::269,Chain 0,269,Chain 0 / LEU269,LEU,conserved | Mixed_exposure,16,0,0,16,16,,,0.41236518624026586,0.0010034661365604942,0.41136172122441894,0.21589800326715494,0.08158680525,,Imported structure residue from md_100_prolig_center.gro | Manual tag: L269 | SASA: total=0.36098668038254916 | SASA: total=0.4065028393622672 | RMSF: value=0.075306185 | SASA: total=0.3780772140120516 | RMSF: value=0.0796137 | SASA: total=0.46305408749249904,
Chain 0::270,Chain 0,270,Chain 0 / ALA270,ALA,Mixed_exposure,16,0,0,16,16,,,0.7922444928916964,0.047788487199813795,0.7444560092753997,0.5175184820745247,0.0839771796875,,Imported structure residue from md_100_prolig_center.gro | SASA: total=0.5816184719010155 | RMSF: value=0.085622765 | SASA: total=0.594602914139776 | RMSF: value=0.080049686 | SASA: total=0.5773618640285907 | RMSF: value=0.08341646 | SASA: total=0.5820767029677287,
Chain 0::271,Chain 0,271,Chain 0 / TRP271,TRP,conserved | Mixed_exposure,16,0,0,16,16,,,0.5063491338993064,0.028727755941494397,0.47762137000439786,0.19179891435579782,0.074665447375,,Imported structure residue from md_100_prolig_center.gro | Manual tag: W271 | SASA: total=0.5060757658269146 | SASA: total=0.5137168133612906 | RMSF: value=0.071442574 | SASA: total=0.5277640795943761 | RMSF: value=0.075258434 | SASA: total=0.5095373058673178,
Chain 0::272,Chain 0,272,Chain 0 / LEU272,LEU,conserved | Buried,16,0,0,16,16,,,0.0008586986496624431,0.00010229757660481211,0.0007564010723732587,0.00044958044484944666,0.0695837596875,,Imported structure residue from md_100_prolig_center.gro | Manual tag: L272 | SASA: total=0.0008708120203844391 | SASA: total=0.0006185836057261665 | RMSF: value=0.06442386 | SASA: total=0.0007450575433155098 | RMSF: value=0.069306895 | SASA: total=0.0007271327188994624,
Chain 0::273,Chain 0,273,Chain 0 / ASP273,ASP,conserved | Exposed,16,0,0,16,16,,,1.0666651550938588,0.8310566027049383,0.23560855994093244,0.5704091738469833,0.079539594375,,Imported structure residue from md_100_prolig_center.gro | Manual tag: D273 | SASA: total=1.082133125550676 | SASA: total=1.0886194233847137 | RMSF: value=0.07333307 | SASA: total=1.087622341543141 | RMSF: value=0.07887594 | SASA: total=1.0971981109959064,
Chain 0::274,Chain 0,274,Chain 0 / SER274,SER,Exposed,16,0,0,16,16,,,0.974620718103234,0.4939591842011946,0.48066154209030143,0.6815529497225413,0.08477631349999999,,Imported structure residue from md_100_prolig_center.gro | SASA: total=1.004595413066373 | RMSF: value=0.08928036 | SASA: total=1.0169784314561598 | RMSF: value=0.07832918 | SASA: total=1.019288176357156 | RMSF: value=0.08406884 | SASA: total=1.0140499690971752,
Chain 0::275,Chain 0,275,Chain 0 / LYS275,LYS,conserved | Buried,16,0,0,16,16,,,0.3813598644873588,0.04381093888723356,0.33754893506665046,0.1658086367336343,0.072609996,,Imported structure residue from md_100_prolig_center.gro | Manual tag: K275 | SASA: total=0.39665355039114997 | SASA: total=0.3950212261464336 | RMSF: value=0.06755465 | SASA: total=0.41023709248788287 | RMSF: value=0.07258086 | SASA: total=0.40972349165689825,
Chain 0::276,Chain 0,276,Chain 0 / ALA276,ALA,Exposed,16,0,0,16,16,,,1.0819707021928662,0.22888705276856475,0.8530836367961203,0.606721199497049,0.07887700762500001,,Imported structure residue from md_100_prolig_center.gro | SASA: total=0.6478243027583207 | RMSF: value=0.08612427 | SASA: total=0.6306347829280513 | RMSF: value=0.07280022 | SASA: total=0.6422284245491028 | RMSF: value=0.07822154 | SASA: total=0.646446153669074,
Chain 0::277,Chain 0,277,Chain 0 / PRO277,PRO,Exposed,16,0,0,16,16,,,1.1192033361680436,0.1428111876812902,0.9763921683303792,0.7267554130961322,0.0747481044375,,Imported structure residue from md_100_prolig_center.gro | SASA: total=1.207091200469744 | RMSF: value=0.07839618 | SASA: total=1.2110024371949752 | RMSF: value=0.069574796 | SASA: total=1.2034998955112872 | RMSF: value=0.0750836 | SASA: total=1.197808067397316,
Chain 0::278,Chain 0,278,Chain 0 / GLY278,GLY,Mixed_exposure,16,0,0,16,16,,,0.3168476040677933,0.13682026597141003,0.18002734123498645,0.23109086209988342,0.0647361485,,Imported structure residue from md_100_prolig_center.gro | SASA: total=0.2543803922610708 | RMSF: value=0.068294294 | SASA: total=0.18928993544956246 | RMSF: value=0.061841052 | SASA: total=0.2028168602892668 | RMSF: value=0.06757289 | SASA: total=0.18998108228834548,
Chain 0::279,Chain 0,279,Chain 0 / SER279,SER,conserved | Mixed_exposure,16,0,0,16,16,,,0.2633104730941503,0.012354397311913873,0.2509560774836579,0.18413319796793726,0.061569397625,,Imported structure residue from md_100_prolig_center.gro | Manual tag: S279 | SASA: total=0.25650118365146146 | SASA: total=0.282012406552192 | RMSF: value=0.0593077 | SASA: total=0.27909925712807343 | RMSF: value=0.06282248 | SASA: total=0.27498220305631654,
Chain 0::280,Chain 0,280,Chain 0 / VAL280,VAL,conserved | Buried,16,0,0,16,16,,,0.00013878183748566148,0,0.00013878183748566148,0.00008411020453676457,0.048234226624999994,,Imported structure residue from md_100_prolig_center.gro | Manual tag: V280 | SASA: total=0.00028056024497669964 | SASA: total=0.0 | RMSF: value=0.045899656 | RMSF: value=0.04830944 | SASA: total=6.873929863887849e-05 | RMSF: value=0.054543372,
Chain 0::281,Chain 0,281,Chain 0 / VAL281,VAL,conserved | Buried,16,0,0,16,16,,,0.0021274744087151866,6.906578857866623e-7,0.002126783745426461,0.0012893784295243554,0.040819652624999994,,Imported structure residue from md_100_prolig_center.gro | Manual tag: V281 | SASA: total=0.002655513658381925 | SASA: total=0.001472471816705005 | RMSF: value=0.039302982 | SASA: total=0.0013561394471343202 | RMSF: value=0.0421299 | SASA: total=0.0009614818240746413,
Chain 0::282,Chain 0,282,Chain 0 / TYR282,TYR,second shell | conserved | Buried,16,0,0,16,16,,,0.00012142189709518088,0.000022109532437752932,0.00009931236559393733,0.000047616430233404254,0.037880094499999996,,Imported structure residue from md_100_prolig_center.gro | Manual tag: Y282 | SASA: total=3.736975630468661e-05 | SASA: total=2.8593024806036513e-05 | RMSF: value=0.035713524 | SASA: total=0.00015126543216370414 | RMSF: value=0.040454566 | SASA: total=4.38447995572397e-05,
Chain 0::283,Chain 0,283,Chain 0 / VAL283,VAL,second shell | conserved | Buried,16,0,0,16,16,,,0.00137972696710235,0.00000483845922482744,0.0013748884881387862,0.0008361981618802122,0.03894030825,,Imported structure residue from md_100_prolig_center.gro | Manual tag: V283 | SASA: total=0.00033918790297933146 | SASA: total=0.0012894723988553084 | RMSF: value=0.0360076 | SASA: total=0.0017158671623409385 | RMSF: value=0.043874357 | SASA: total=0.004136912063649386,
Chain 0::284,Chain 0,284,Chain 0 / CYS284,CYS,first shell | conserved | Buried,16,0,0,16,16,,,0.013439545573725476,0.011509809183564248,0.0019297364092876299,0.009080774036300997,0.044259827749999994,,Manual tag: C284 | Imported structure residue from md_100_prolig_center.gro | SASA: total=0.020982662178944834 | SASA: total=0.012507444063183104 | RMSF: value=0.041831423 | SASA: total=0.016469895415524446 | RMSF: value=0.04777098 | SASA: total=0.016617173126133363,
Chain 0::285,Chain 0,285,Chain 0 / PHE285,PHE,second shell | conserved | Buried,16,0,0,16,16,,,0.12891152734167433,0.0037873898154340154,0.12512414017692208,0.05654014357090979,0.053656184375,,Imported structure residue from md_100_prolig_center.gro | Manual tag: F285 | SASA: total=0.11217734807788736 | SASA: total=0.1411804714341565 | RMSF: value=0.048142098 | SASA: total=0.13476096993625755 | RMSF: value=0.061800722 | SASA: total=0.1449238774504992,
Chain 0::286,Chain 0,286,Chain 0 / GLY286,GLY,second shell | conserved | Buried,16,0,0,16,16,,,0.045736966640646706,0.03920169893795127,0.006535267783595436,0.0471515120006667,0.0690047890625,,Imported structure residue from md_100_prolig_center.gro | Manual tag: G286 | SASA: total=0.07975313465784092 | SASA: total=0.052572989117095965 | RMSF: value=0.062030934 | SASA: total=0.08005834138481924 | RMSF: value=0.091638714 | SASA: total=0.05178884667630243,
Chain 0::287,Chain 0,287,Chain 0 / SER287,SER,first shell | conserved | Mixed_exposure,16,7,4,16,16,-0.04048072411428573,0.021978021978021976,0.19845720918360396,0.10098651076129887,0.09747070155283989,0.13878126516335942,0.083307713375,,Manual tag: S287 | Imported structure residue from md_100_prolig_center.gro | HBond protein_to_ESC: max_occ=0.07092907092907093 | MMPBSA traj_nowat_100_f100 Total: TOTAL=NA | MMPBSA traj_nowat_100_f100 Total: TOTAL=-0.021203601600000073 | MMPBSA traj_nowat_100_f100 Total: TOTAL=-0.01542023040000003 | MMPBSA traj_nowat_100_f100 Total: TOTAL=-0.04710719680000003 | SASA: total=0.23356274980129582,
Chain 0::288,Chain 0,288,Chain 0 / VAL288,VAL,second shell | conserved | Mixed_exposure,16,16,3,16,16,-0.45711099944999994,0.18281718281718282,0.2549821299742167,0.044307618873441104,0.21067450742281504,0.15453462422679798,0.0891073531875,,Imported structure residue from md_100_prolig_center.gro | Manual tag: V288 | MMPBSA traj_nowat_100_f100 Total: TOTAL=NA | MMPBSA traj_nowat_100_f100 Total: TOTAL=-1.1656322960000003 | MMPBSA traj_nowat_100_f100 Total: TOTAL=-0.7061987424000001 | MMPBSA traj_nowat_100_f100 Total: TOTAL=-1.1186760024 | MMPBSA traj_nowat_100_f100 Total: TOTAL=-0.6197084071999998 | MMPBSA traj_nowat_100_f100 Total: TOTAL=-0.22130377600000004,
Chain 0::289,Chain 0,289,Chain 0 / ALA289,ALA,second shell | conserved | Buried,16,1,2,16,16,-0.0062116816000001105,0.0034965034965034965,0.07985171321508622,0.02053867162252537,0.059313039442443344,0.06599315141742663,0.08534477681249998,,Imported structure residue from md_100_prolig_center.gro | Manual tag: A289 | SASA: total=0.04765602872513308 | SASA: total=0.043532842124747756 | RMSF: value=0.0903555 | SASA: total=0.12279052689376443 | RMSF: value=0.08201065 | SASA: total=0.016116019707209994,
Chain 0::290,Chain 0,290,Chain 0 / ARG290,ARG,Mixed_exposure,16,1,4,16,16,-0.23509462720000046,0.056193806193806185,0.6924088819892985,0.13202786353321072,0.5603810042364171,0.2805444967920935,0.091634286375,,Imported structure residue from md_100_prolig_center.gro | SASA: total=0.7719289914216145 | RMSF: value=0.09276443 | HBond protein_to_ESC: max_occ=0.0919080919080919 | SASA: total=0.4867255817545523 | SASA: total=0.9732643365859985 | RMSF: value=0.07698121 | MMPBSA traj_nowat_100_f100 Total: TOTAL=NA,
Chain 0::291,Chain 0,291,Chain 0 / LEU291,LEU,Buried,16,0,0,16,16,,,0.09765521559453946,0.029192340513359928,0.06846287607395155,0.04772083679056958,0.077896049625,,Imported structure residue from md_100_prolig_center.gro | SASA: total=0.047413273613051615 | RMSF: value=0.080403835 | SASA: total=0.07298697472208797 | RMSF: value=0.07572394 | SASA: total=0.050456067639412266 | RMSF: value=0.07276076 | SASA: total=0.07824198178725668,
Chain 0::292,Chain 0,292,Chain 0 / THR292,THR,conserved | Mixed_exposure,16,0,0,16,16,,,0.30051507625618196,0.013844265890829868,0.286670810137276,0.18436507745778033,0.0781932516875,,Imported structure residue from md_100_prolig_center.gro | Manual tag: T292 | SASA: total=0.26824379675459153 | SASA: total=0.2602630838899329 | RMSF: value=0.07042829 | SASA: total=0.2642402530896782 | RMSF: value=0.0761867 | SASA: total=0.2636044426719741,
Chain 0::293,Chain 0,293,Chain 0 / PRO293,PRO,Mixed_exposure,16,0,0,16,16,,,0.4290987253465717,0.0029633225705117303,0.42613539356959634,0.29589931209083686,0.0839365856875,,Imported structure residue from md_100_prolig_center.gro | SASA: total=0.5784890327123132 | RMSF: value=0.09173663 | SASA: total=0.46214118098268414 | RMSF: value=0.080038086 | SASA: total=0.541779103845653 | RMSF: value=0.08401895 | SASA: total=0.5159429854685718,
Chain 0::294,Chain 0,294,Chain 0 / GLU294,GLU,Mixed_exposure,16,0,0,16,16,,,1.0884184483623152,0.6629406091213078,0.42547785254693277,0.5496450398144377,0.08093900618750001,,Imported structure residue from md_100_prolig_center.gro | SASA: total=1.218469237337018 | RMSF: value=0.088336565 | SASA: total=1.1934849731992967 | RMSF: value=0.07548414 | SASA: total=1.2885167645935964 | RMSF: value=0.08048071 | SASA: total=1.2930273325136392,
Chain 0::295,Chain 0,295,Chain 0 / GLN295,GLN,conserved | Buried,16,0,0,16,16,,,0.021029203731219727,0.008263900733047445,0.012765302889429132,0.009826730715523235,0.066632781625,,Imported structure residue from md_100_prolig_center.gro | Manual tag: Q295 | SASA: total=0.0203693637642825 | SASA: total=0.023760436084305885 | RMSF: value=0.05803696 | SASA: total=0.022961000985659584 | RMSF: value=0.06659083 | SASA: total=0.03405508513350298,
Chain 0::296,Chain 0,296,Chain 0 / LEU296,LEU,conserved | Buried,16,0,0,16,16,,,0.06182149867260642,0.000002764944289119379,0.061818733861733866,0.032367276791940534,0.0668734938125,,Imported structure residue from md_100_prolig_center.gro | Manual tag: L296 | SASA: total=0.015063363726776425 | SASA: total=0.0377665365686511 | RMSF: value=0.05909681 | SASA: total=0.010379484956069747 | RMSF: value=0.06801069 | SASA: total=0.1267055574029979,
Chain 0::297,Chain 0,297,Chain 0 / ARG297,ARG,Intermediate,16,0,0,16,16,,,0.7596593055837226,0.12581910816307115,0.6338401973099991,0.29850711666808893,0.071385101,,Imported structure residue from md_100_prolig_center.gro | SASA: total=0.8186696248479409 | RMSF: value=0.07737482 | SASA: total=0.8658808847465137 | RMSF: value=0.06407477 | SASA: total=0.8369894836208608 | RMSF: value=0.072981924 | SASA: total=0.8348173605333461,
Chain 0::298,Chain 0,298,Chain 0 / GLU298,GLU,conserved | Buried,16,0,0,16,16,,,0.3048946337248798,0.20668469599014755,0.09820993400656036,0.14247412790882233,0.0657020961875,,Imported structure residue from md_100_prolig_center.gro | Manual tag: E298 | SASA: total=0.3627273310529123 | SASA: total=0.34876726110382833 | RMSF: value=0.05708219 | SASA: total=0.3451039611112953 | RMSF: value=0.0656492 | SASA: total=0.3576904054325406,
Chain 0::299,Chain 0,299,Chain 0 / LEU299,LEU,conserved | Buried,16,0,0,16,16,,,0.0021280565078725857,0.000010551704168158334,0.002117504808603092,0.0011141657109280554,0.0578870636875,,Imported structure residue from md_100_prolig_center.gro | Manual tag: L299 | SASA: total=0.0006491966951306504 | SASA: total=0.0016246979438358604 | RMSF: value=0.051246256 | SASA: total=0.0019449410904752145 | RMSF: value=0.056745306 | SASA: total=0.000902116121170987,
Chain 0::300,Chain 0,300,Chain 0 / ALA300,ALA,conserved | Buried,16,0,0,16,16,,,0.00030761255917547385,0.00006841445803621527,0.00023919810261606182,0.0002542252555169205,0.06240002775000001,,Imported structure residue from md_100_prolig_center.gro | Manual tag: A300 | SASA: total=0.00023493527591523556 | SASA: total=0.0006453560314851232 | RMSF: value=0.05841562 | SASA: total=8.718539398200441e-05 | RMSF: value=0.061779257 | SASA: total=0.00039537660408728195,
Chain 0::301,Chain 0,301,Chain 0 / LEU301,LEU,Mixed_exposure,16,0,0,16,16,,,0.4359601627814003,0.038687402283223024,0.3972727664110094,0.22467331589392506,0.0670717269375,,Imported structure residue from md_100_prolig_center.gro | SASA: total=0.44575212379493334 | RMSF: value=0.07475039 | SASA: total=0.4370554543957852 | RMSF: value=0.062121768 | SASA: total=0.4059519304497407 | RMSF: value=0.06550649 | SASA: total=0.4424833038655838,
Chain 0::302,Chain 0,302,Chain 0 / GLY302,GLY,conserved | Buried,16,0,0,16,16,,,0.0004893441493712288,0.0000020735170248444055,0.0004872706316980317,0.0005044785045064214,0.062190467062500004,,Imported structure residue from md_100_prolig_center.gro | Manual tag: G302 | SASA: total=0.0006094677650397367 | SASA: total=0.0009454106082125466 | RMSF: value=0.055753566 | SASA: total=0.0002103542521743491 | RMSF: value=0.060102582 | SASA: total=0.0005697498263994066,
Chain 0::303,Chain 0,303,Chain 0 / ILE303,ILE,conserved | Buried,16,0,0,16,16,,,0.015521323691344981,0.004314065147836757,0.011207258625993088,0.008575316956544189,0.061691022375,,Imported structure residue from md_100_prolig_center.gro | Manual tag: I303 | SASA: total=0.014637948391903745 | SASA: total=0.017031231968857273 | RMSF: value=0.055450086 | SASA: total=0.015382851679154699 | RMSF: value=0.05940667 | SASA: total=0.011446403308960582,
Chain 0::304,Chain 0,304,Chain 0 / GLU304,GLU,conserved | Intermediate,16,0,0,16,16,,,0.7619186677776351,0.4532532561201565,0.30866541760503363,0.3560367606437547,0.07111212887500001,,Imported structure residue from md_100_prolig_center.gro | Manual tag: E304 | SASA: total=0.8112258002309516 | SASA: total=0.7802679574135507 | RMSF: value=0.0649154 | SASA: total=0.743768030464059 | RMSF: value=0.06777823 | SASA: total=0.6907457715213889,
Chain 0::305,Chain 0,305,Chain 0 / ALA305,ALA,conserved | Mixed_exposure,16,0,0,16,16,,,0.6013941760589875,0.17270434078861877,0.42868982663027727,0.4970199802140394,0.074144592875,,Imported structure residue from md_100_prolig_center.gro | Manual tag: A305 | SASA: total=0.5570995630604205 | SASA: total=0.5983800162183176 | RMSF: value=0.06788393 | SASA: total=0.6139919017211045 | RMSF: value=0.07121567 | SASA: total=0.5742844473017324,
Chain 0::306,Chain 0,306,Chain 0 / SER306,SER,conserved | Buried,16,0,0,16,16,,,0.08128051893753323,0.07238262263702984,0.008897896900013465,0.05683952373254072,0.07133966875,,Imported structure residue from md_100_prolig_center.gro | Manual tag: S306 | SASA: total=0.07810929270073919 | SASA: total=0.09513440182303438 | RMSF: value=0.065782696 | SASA: total=0.11369520108593573 | RMSF: value=0.06604385 | SASA: total=0.07741617350516343,
Chain 0::307,Chain 0,307,Chain 0 / GLY307,GLY,conserved | Mixed_exposure,16,0,0,16,16,,,0.3910925670499259,0.13921673349704186,0.2518758344565435,0.4031882134535319,0.071548820375,,Imported structure residue from md_100_prolig_center.gro | Manual tag: G307 | SASA: total=0.3796411062231158 | SASA: total=0.3658175772369498 | RMSF: value=0.06402326 | SASA: total=0.36088675201529324 | RMSF: value=0.065314345 | SASA: total=0.36081571478654845,
Chain 0::308,Chain 0,308,Chain 0 / GLN308,GLN,Buried,16,0,0,16,16,,,0.3295473658876254,0.14494138040653623,0.18460598603665535,0.15399409620917073,0.0595160703125,,Imported structure residue from md_100_prolig_center.gro | SASA: total=0.37528776001222064 | RMSF: value=0.068320215 | SASA: total=0.31284820266289287 | RMSF: value=0.058357954 | SASA: total=0.30890499630776963 | RMSF: value=0.053912304 | SASA: total=0.2991624170600778,
Chain 0::309,Chain 0,309,Chain 0 / ASP309,ASP,Mixed_exposure,16,0,0,16,16,,,0.28047800532053463,0.2364675074188721,0.04401049967537522,0.14305472360818688,0.05404120993750001,,Imported structure residue from md_100_prolig_center.gro | SASA: total=0.2537851186081915 | RMSF: value=0.059302192 | SASA: total=0.24909621418112576 | RMSF: value=0.05216194 | SASA: total=0.2374886654243611 | RMSF: value=0.05154428 | SASA: total=0.22943650289337233,
Chain 0::310,Chain 0,310,Chain 0 / PHE310,PHE,conserved | Buried,16,0,0,16,16,,,0.01591583198744119,7.057264660448205e-7,0.015915126248368286,0.006980628064667189,0.04766428231250001,,Imported structure residue from md_100_prolig_center.gro | Manual tag: F310 | SASA: total=0.01602277130183607 | SASA: total=0.017749474683573636 | RMSF: value=0.046194576 | SASA: total=0.01645385931328972 | RMSF: value=0.04768088 | SASA: total=0.011984609934215499,
Chain 0::311,Chain 0,311,Chain 0 / ILE311,ILE,conserved | Buried,16,0,0,16,16,,,0.0020145065773429474,0,0.0020145065773429474,0.0011129870593054954,0.045956404874999995,,Imported structure residue from md_100_prolig_center.gro | Manual tag: I311 | SASA: total=0.0022179423877508333 | SASA: total=0.0013765326699952014 | RMSF: value=0.0432342 | SASA: total=0.0015271956672762881 | RMSF: value=0.049122088 | SASA: total=0.0007671218844923643,
Chain 0::312,Chain 0,312,Chain 0 / TRP312,TRP,conserved | Buried,16,0,0,16,16,,,0.010699416588166888,0.0004006154653109094,0.010298801121703352,0.004052809313699579,0.04813500762499999,,Imported structure residue from md_100_prolig_center.gro | Manual tag: W312 | SASA: total=0.005349906192548426 | SASA: total=0.009639237721515174 | RMSF: value=0.0468487 | SASA: total=0.009110022575990988 | RMSF: value=0.055318195 | SASA: total=0.031247661882402872,
Chain 0::313,Chain 0,313,Chain 0 / VAL313,VAL,second shell | conserved | Buried,16,0,0,16,16,,,0.051232286696068684,0.02289626750020808,0.028336018440313637,0.031049870724890117,0.053938829,,Imported structure residue from md_100_prolig_center.gro | Manual tag: V313 | SASA: total=0.054799956334109355 | SASA: total=0.07241722715483738 | RMSF: value=0.050812952 | SASA: total=0.06097785656404967 | RMSF: value=0.06269694 | SASA: total=0.07781594593336086,
Chain 0::314,Chain 0,314,Chain 0 / VAL314,VAL,second shell | conserved | Buried,16,0,0,16,16,,,0.05823340883137345,0.00253779539358076,0.05569561337288539,0.03529297504931724,0.07136009474999999,,Imported structure residue from md_100_prolig_center.gro | Manual tag: V314 | SASA: total=0.05127315695333009 | SASA: total=0.03666790379303517 | RMSF: value=0.060790557 | SASA: total=0.05033485163556467 | RMSF: value=0.071070425 | SASA: total=0.06324197610120962,
Chain 0::315,Chain 0,315,Chain 0 / ARG315,ARG,second shell | conserved | Mixed_exposure,16,1,2,16,16,-0.027825171999999725,0.00949050949050949,0.5264315903740059,0.07492134920874666,0.4515102463082806,0.19865343032981356,0.0943467810625,,Imported structure residue from md_100_prolig_center.gro | Manual tag: R315 | HBond protein_to_ESC: max_occ=0.004995004995004995 | SASA: total=0.4372818166076547 | RMSF: value=0.07682834 | HBond protein_to_ESC: max_occ=0.013986013986013986 | SASA: total=0.40423784574659744 | MMPBSA traj_nowat_100_f100 Total: TOTAL=NA,
Chain 0::316,Chain 0,316,Chain 0 / PRO316,PRO,Mixed_exposure,16,0,0,16,16,,,0.7546840717665629,0.1983708409859919,0.5563132255660868,0.48484193767041267,0.152989259375,,Imported structure residue from md_100_prolig_center.gro | SASA: total=0.9117241637541516 | RMSF: value=0.13468866 | SASA: total=0.8026704375106509 | RMSF: value=0.13628988 | SASA: total=0.9423308596752658 | RMSF: value=0.11345487 | SASA: total=0.6361007867473187,
Chain 0::317,Chain 0,317,Chain 0 / ASP317,ASP,Mixed_exposure,16,0,0,16,16,,,0.9771379776077695,0.6035497981206615,0.3735881710821523,0.4992334643619435,0.174355045625,,Imported structure residue from md_100_prolig_center.gro | SASA: total=0.7936832887111324 | RMSF: value=0.13672967 | SASA: total=0.7776755365994897 | RMSF: value=0.13901429 | SASA: total=0.776166583051776 | RMSF: value=0.112655975 | SASA: total=0.9367225087515199,
Chain 0::318,Chain 0,318,Chain 0 / TYR318,TYR,Mixed_exposure,16,0,0,16,16,,,0.5410970877625491,0.14286767330140535,0.39822940697137377,0.24161338856551284,0.18776607343750001,,Imported structure residue from md_100_prolig_center.gro | SASA: total=0.32947112605123235 | RMSF: value=0.14989184 | SASA: total=0.46283921982982373 | RMSF: value=0.18162233 | SASA: total=0.34475021787209087 | RMSF: value=0.122875035 | SASA: total=0.6350538801438738,
Chain 0::319,Chain 0,319,Chain 0 / GLU319,GLU,Exposed,16,0,0,16,16,,,1.640244940129837,1.0315864268727233,0.6086585204495062,0.7908511908635584,0.25125348375,,Imported structure residue from md_100_prolig_center.gro | SASA: total=1.578907050708733 | RMSF: value=0.21451128 | SASA: total=1.8127909273204237 | RMSF: value=0.28389612 | SASA: total=1.7153591554943879 | RMSF: value=0.17954494 | SASA: total=1.7556724288676044,
Chain 0::320,Chain 0,320,Chain 0 / SER320,SER,Mixed_exposure,16,0,0,16,16,,,0.7694943271909317,0.23947725574817916,0.5300170875403403,0.5039381658493484,0.21871396999999998,,Imported structure residue from md_100_prolig_center.gro | SASA: total=0.7926888371458148 | RMSF: value=0.2047793 | SASA: total=0.5720600957917695 | RMSF: value=0.25052053 | SASA: total=0.5791802624664685 | RMSF: value=0.18000668 | SASA: total=0.5446814623209509,
Chain 0::321,Chain 0,321,Chain 0 / GLU321,GLU,Mixed_exposure,16,0,0,16,16,,,1.230611619677874,0.7829823756756463,0.4476292344215926,0.5750521587279785,0.18202402812500001,,Imported structure residue from md_100_prolig_center.gro | SASA: total=1.2845936045788302 | RMSF: value=0.16212553 | SASA: total=1.3963017605318881 | RMSF: value=0.18596902 | SASA: total=1.526445169260006 | RMSF: value=0.21679327 | SASA: total=1.0604042558386775,
Chain 0::322,Chain 0,322,Chain 0 / ASP322,ASP,Exposed,16,0,0,16,16,,,1.099589174853103,0.770656108155404,0.32893308107787284,0.5880156015257236,0.15283096999999998,,Imported structure residue from md_100_prolig_center.gro | SASA: total=0.9632643921540516 | RMSF: value=0.13735165 | SASA: total=1.023414447756097 | RMSF: value=0.16032916 | SASA: total=1.2067030632849967 | RMSF: value=0.16165097 | SASA: total=1.0572872580868182,
Chain 0::323,Chain 0,323,Chain 0 / TRP323,TRP,Buried,16,0,0,16,16,,,0.18125334406031832,0.013749798892442216,0.16750353994539538,0.06865656971981753,0.12480448062499999,,Imported structure residue from md_100_prolig_center.gro | SASA: total=0.08950227926863302 | RMSF: value=0.1015784 | SASA: total=0.17213433685869273 | RMSF: value=0.14668451 | SASA: total=0.2148975315365461 | RMSF: value=0.12618764 | SASA: total=0.08572315221818366,
Chain 0::324,Chain 0,324,Chain 0 / LEU324,LEU,conserved | Buried,16,0,0,16,16,,,0.22945396424072917,0.061746779645996,0.16770718292918724,0.12013296557106239,0.09541787156250002,,Imported structure residue from md_100_prolig_center.gro | Manual tag: L324 | SASA: total=0.10256336420995764 | SASA: total=0.22810427018321386 | RMSF: value=0.09804164 | SASA: total=0.2179241145011222 | RMSF: value=0.09771852 | SASA: total=0.19766692772950276,
Chain 0::325,Chain 0,325,Chain 0 / PRO325,PRO,conserved | Buried,16,0,0,16,16,,,0.14773953232065876,0.018737686156827756,0.12900184603905915,0.095934761247181,0.10119339506250001,,Imported structure residue from md_100_prolig_center.gro | Manual tag: P325 | SASA: total=0.1630943419024496 | SASA: total=0.16144069866968855 | RMSF: value=0.10756283 | SASA: total=0.14771813073075643 | RMSF: value=0.101568855 | SASA: total=0.12480342948790824,
Chain 0::326,Chain 0,326,Chain 0 / GLU326,GLU,Exposed,16,0,0,16,16,,,1.6811274216316718,0.9035722662390459,0.7775551529582775,0.7855735615101268,0.11735802750000002,,Imported structure residue from md_100_prolig_center.gro | SASA: total=1.6368717380089335 | RMSF: value=0.10788463 | SASA: total=1.7123945538360295 | RMSF: value=0.12131371 | SASA: total=1.607433296666287 | RMSF: value=0.11724309 | SASA: total=1.6338518078964535,
Chain 0::327,Chain 0,327,Chain 0 / GLY327,GLY,conserved | Intermediate,16,0,0,16,16,,,0.39571768537827645,0.022037684930705157,0.37367999964937715,0.4079563766786356,0.11217500456250001,,Imported structure residue from md_100_prolig_center.gro | Manual tag: G327 | SASA: total=0.39169426159103315 | SASA: total=0.4368528236847113 | RMSF: value=0.11775617 | SASA: total=0.3870489314050958 | RMSF: value=0.109918654 | SASA: total=0.42397130952023043,
Chain 0::328,Chain 0,328,Chain 0 / PHE328,PHE,conserved | Buried,16,0,0,16,16,,,0.015008282313856126,0.00031879737294315927,0.014689485045802022,0.0065825799622176,0.085711323125,,Imported structure residue from md_100_prolig_center.gro | Manual tag: F328 | SASA: total=0.0157688435646567 | SASA: total=0.012910081350272246 | RMSF: value=0.08815745 | SASA: total=0.018241607906794785 | RMSF: value=0.086533755 | SASA: total=0.011077309797268987,
Chain 0::329,Chain 0,329,Chain 0 / GLU329,GLU,conserved | Intermediate,16,0,0,16,16,,,0.6985575789677919,0.41823182146221694,0.2803257553386363,0.3264287752185944,0.0871451750625,,Imported structure residue from md_100_prolig_center.gro | Manual tag: E329 | SASA: total=0.6385066228927953 | SASA: total=0.7289007807722186 | RMSF: value=0.08761822 | SASA: total=0.7560501977948859 | RMSF: value=0.08518738 | SASA: total=0.8110489833472979,
Chain 0::330,Chain 0,330,Chain 0 / GLU330,GLU,conserved | Exposed,16,0,0,16,16,,,1.3922359957405839,0.9100175914492937,0.4822184009348402,0.6505775681030764,0.10269093675,,Imported structure residue from md_100_prolig_center.gro | Manual tag: E330 | SASA: total=1.4133984062931326 | SASA: total=1.4185253228291426 | RMSF: value=0.11114535 | SASA: total=1.4303227426982161 | RMSF: value=0.100182295 | SASA: total=1.4482213907902783,
Chain 0::331,Chain 0,331,Chain 0 / ARG331,ARG,conserved | Mixed_exposure,16,0,0,16,16,,,1.3603658633361948,0.3224461654404013,1.037919679711951,0.5133456088061112,0.096031675875,,Imported structure residue from md_100_prolig_center.gro | Manual tag: R331 | SASA: total=1.4125631127027 | SASA: total=1.4092870325145155 | RMSF: value=0.11381518 | SASA: total=1.3906788070603173 | RMSF: value=0.091201074 | SASA: total=1.3001164386768151,
Chain 0::332,Chain 0,332,Chain 0 / THR332,THR,conserved | Buried,16,0,0,16,16,,,0.07714459040642503,0.014083754752850793,0.0630608356101346,0.0473279695744939,0.07905477099999998,,Imported structure residue from md_100_prolig_center.gro | Manual tag: T332 | SASA: total=0.08187107668064608 | SASA: total=0.0721035217589671 | RMSF: value=0.08071011 | SASA: total=0.07289977843808655 | RMSF: value=0.075342625 | SASA: total=0.06860001079074227,
Chain 0::333,Chain 0,333,Chain 0 / LYS333,LYS,Exposed,16,0,0,16,16,,,1.6089179715750241,0.19938308836449642,1.4095349123719894,0.6750245195938358,0.09143942793750001,,Imported structure residue from md_100_prolig_center.gro | SASA: total=1.6114801286470772 | RMSF: value=0.101824865 | SASA: total=1.553584856562095 | RMSF: value=0.095886886 | SASA: total=1.5911694611653242 | RMSF: value=0.08626291 | SASA: total=1.5476489621813934,
Chain 0::334,Chain 0,334,Chain 0 / ASP334,ASP,Exposed,16,0,0,16,16,,,1.312816179919951,0.8232352478743191,0.4895809451948003,0.652076735594038,0.09640956518749999,,Imported structure residue from md_100_prolig_center.gro | SASA: total=1.1353886989083621 | RMSF: value=0.1085599 | SASA: total=1.1602827192533134 | RMSF: value=0.0940277 | SASA: total=1.1726385118937728 | RMSF: value=0.086470634 | SASA: total=1.0336655915373623,
Chain 0::335,Chain 0,335,Chain 0 / LYS335,LYS,conserved | Intermediate,16,0,0,16,16,,,0.8626741396613642,0.01262658811865909,0.8500475616443276,0.3750757128962453,0.0735026959375,,Imported structure residue from md_100_prolig_center.gro | Manual tag: K335 | SASA: total=0.8340967480498965 | SASA: total=0.8237982114942948 | RMSF: value=0.068269946 | SASA: total=0.8244563919482845 | RMSF: value=0.070101775 | SASA: total=0.7981212676161586,
Chain 0::336,Chain 0,336,Chain 0 / GLY336,GLY,conserved | Buried,16,0,0,16,16,,,0.06136101437847839,0.060016375739302595,0.0013446387911064432,0.06325877770977155,0.06550668300000001,,Imported structure residue from md_100_prolig_center.gro | Manual tag: G336 | SASA: total=0.051753984008095055 | SASA: total=0.05948041025364753 | RMSF: value=0.058935147 | SASA: total=0.05494408744691622 | RMSF: value=0.064313754 | SASA: total=0.07110474443081582,
Chain 0::337,Chain 0,337,Chain 0 / LEU337,LEU,conserved | Mixed_exposure,16,0,0,16,16,,,0.4189093891199273,0.000011290002647109588,0.4188980985303769,0.21932428749734412,0.06772471312499999,,Imported structure residue from md_100_prolig_center.gro | Manual tag: L337 | SASA: total=0.44805596990160423 | SASA: total=0.4690298665278029 | RMSF: value=0.0633651 | SASA: total=0.45923734419416673 | RMSF: value=0.07782167 | SASA: total=0.2995317017677987,
Chain 0::338,Chain 0,338,Chain 0 / ILE338,ILE,conserved | Buried,16,0,0,16,16,,,0.1567694564409886,0.08403811595946699,0.07273133972943255,0.08661295935966222,0.0660780876875,,Imported structure residue from md_100_prolig_center.gro | Manual tag: I338 | SASA: total=0.13151276200124534 | SASA: total=0.12685309984896442 | RMSF: value=0.05964408 | SASA: total=0.19254230449695398 | RMSF: value=0.07343366 | SASA: total=0.17557304758246584,
Chain 0::339,Chain 0,339,Chain 0 / ILE339,ILE,second shell | conserved | Buried,16,0,0,16,16,,,0.0701882368850402,0,0.07018823689656646,0.038778031428199,0.06529204118749998,,Imported structure residue from md_100_prolig_center.gro | Manual tag: I339 | SASA: total=0.1084818969858755 | SASA: total=0.09181359183448966 | RMSF: value=0.059376154 | SASA: total=0.1044466313306648 | RMSF: value=0.067268044 | SASA: total=0.0243970658814553,
Chain 0::340,Chain 0,340,Chain 0 / ARG340,ARG,second shell | conserved | Intermediate,16,0,0,16,16,,,0.9618292388570782,0.18144254941991206,0.7803867049699668,0.362954429757388,0.0751558804375,,Imported structure residue from md_100_prolig_center.gro | Manual tag: R340 | SASA: total=0.9280266490313086 | SASA: total=0.969759995394414 | RMSF: value=0.068441235 | SASA: total=1.0697606861001194 | RMSF: value=0.07090672 | SASA: total=0.8589742360728803,
Chain 0::341,Chain 0,341,Chain 0 / GLY341,GLY,second shell | conserved | Mixed_exposure,16,0,0,16,16,,,0.15708357394248762,0.024074982407550086,0.13300858895924855,0.16194182880668828,0.08623605462500002,,Imported structure residue from md_100_prolig_center.gro | Manual tag: G341 | SASA: total=0.14684643161178815 | SASA: total=0.12221071758482716 | RMSF: value=0.07416573 | SASA: total=0.12435693271679453 | RMSF: value=0.07285988 | SASA: total=0.10556546572854023,
Chain 0::342,Chain 0,342,Chain 0 / TRP342,TRP,first shell | conserved | Buried,16,0,0,16,16,,,0.16340561816007787,0.004503603060620301,0.15890201243645707,0.06189606748487797,0.070423693125,,Manual tag: W342 | Imported structure residue from md_100_prolig_center.gro | SASA: total=0.1304070104171734 | SASA: total=0.1159131522520934 | RMSF: value=0.058496736 | SASA: total=0.15674192569043377 | RMSF: value=0.061631236 | SASA: total=0.23795198213936078,
Chain 0::343,Chain 0,343,Chain 0 / ALA343,ALA,first shell | conserved | Buried,16,0,0,16,16,,,0.0008754848887553751,0.00040290881566977646,0.0004725760730135596,0.0007235412303763432,0.061906802125,,Manual tag: A343 | Imported structure residue from md_100_prolig_center.gro | SASA: total=0.00035940486900877246 | SASA: total=0.00018634431359201376 | RMSF: value=0.056613263 | SASA: total=0.0002809263360087234 | RMSF: value=0.06002555 | SASA: total=0.0038993668807025,
Chain 0::344,Chain 0,344,Chain 0 / PRO344,PRO,second shell | conserved | Buried,16,0,0,16,16,,,0.028993291611492743,0.000034569317805188904,0.028958722026350137,0.01882681273473555,0.05631906425000001,,Imported structure residue from md_100_prolig_center.gro | Manual tag: P344 | SASA: total=0.02748612458310505 | SASA: total=0.01785516568302813 | RMSF: value=0.050476614 | SASA: total=0.019353375373647945 | RMSF: value=0.05399641 | SASA: total=0.07596521234453314,
Chain 0::345,Chain 0,345,Chain 0 / GLN345,GLN,second shell | conserved | Buried,16,0,0,16,16,,,0.002382677217268576,0.0012036041945327387,0.0011790730332175388,0.0011134005688170918,0.047701815437499996,,Imported structure residue from md_100_prolig_center.gro | Manual tag: Q345 | SASA: total=0.0033274056887862705 | SASA: total=0.0006931601276639665 | RMSF: value=0.04140267 | SASA: total=0.0014911502263149118 | RMSF: value=0.0449184 | SASA: total=0.0027155180918145,
Chain 0::346,Chain 0,346,Chain 0 / VAL346,VAL,second shell | conserved | Buried,16,0,0,16,16,,,0.08494896573097546,0.003824360055821869,0.08112460541156223,0.05148422165513664,0.05503816818750001,,Imported structure residue from md_100_prolig_center.gro | Manual tag: V346 | SASA: total=0.1266077000020754 | SASA: total=0.03451528750581316 | RMSF: value=0.04924484 | SASA: total=0.02127730920173154 | RMSF: value=0.05202803 | SASA: total=0.1107124893898421,
Chain 0::347,Chain 0,347,Chain 0 / LEU347,LEU,second shell | conserved | Buried,16,0,0,16,16,,,0.1109831286870902,0.01631545170575108,0.09466767688466257,0.05810635009795299,0.060175445375,,Imported structure residue from md_100_prolig_center.gro | Manual tag: L347 | SASA: total=0.10097435832318694 | SASA: total=0.11011100796484712 | RMSF: value=0.054853022 | SASA: total=0.10604073121996209 | RMSF: value=0.056679327 | SASA: total=0.2126928216750079,
Chain 0::348,Chain 0,348,Chain 0 / ILE348,ILE,second shell | conserved | Buried,16,0,0,16,16,,,0.0015925927559737377,0.000026778616374220222,0.001565814148676455,0.0008798855005379767,0.04982936843749999,,Imported structure residue from md_100_prolig_center.gro | Manual tag: I348 | SASA: total=0.0010204184615966118 | SASA: total=0.001148012888013837 | RMSF: value=0.045697063 | SASA: total=0.0012690584995959065 | RMSF: value=0.048674863 | SASA: total=0.0019566265884602423,
Chain 0::349,Chain 0,349,Chain 0 / LEU349,LEU,second shell | conserved | Buried,16,0,0,16,16,,,0.020502845325410978,0.010117446582365002,0.01038539887275253,0.010734473992361769,0.05162720112500001,,Imported structure residue from md_100_prolig_center.gro | Manual tag: L349 | SASA: total=0.027983393335696494 | SASA: total=0.01346782341341276 | RMSF: value=0.049492016 | SASA: total=0.007623141437842704 | RMSF: value=0.04689851 | SASA: total=0.010925964941040124,
Chain 0::350,Chain 0,350,Chain 0 / ASP350,ASP,conserved | Intermediate,16,0,0,16,16,,,0.702434985299069,0.5716173432878044,0.13081764280729777,0.3756336819781118,0.06787504356249999,,Imported structure residue from md_100_prolig_center.gro | Manual tag: D350 | SASA: total=0.7938141787406241 | SASA: total=0.7024374976016508 | RMSF: value=0.067087725 | SASA: total=0.5703702858178923 | RMSF: value=0.062192395 | SASA: total=0.7285039778983239,
Chain 0::351,Chain 0,351,Chain 0 / HIS351,HIS,conserved | Buried,16,0,0,16,16,,,0.26283368016454844,0.03246650458106052,0.23036717342692287,0.12168225933543908,0.065297620125,,Imported structure residue from md_100_prolig_center.gro | Manual tag: H351 | SASA: total=0.20526843731946284 | SASA: total=0.2348560357447898 | RMSF: value=0.06241899 | SASA: total=0.24225239499960796 | RMSF: value=0.062994614 | SASA: total=0.24928889209681218,
Chain 0::352,Chain 0,352,Chain 0 / PRO352,PRO,Exposed,16,0,0,16,16,,,1.0650788284100516,0.2297953519708532,0.8352834725623381,0.632510076883451,0.0712649634375,,Imported structure residue from md_100_prolig_center.gro | SASA: total=1.0343039389884119 | RMSF: value=0.07008579 | SASA: total=1.02967763124126 | RMSF: value=0.0684797 | SASA: total=0.9733430501258019 | RMSF: value=0.071098424 | SASA: total=1.071670138599849,
Chain 0::353,Chain 0,353,Chain 0 / SER353,SER,conserved | Buried,16,0,0,16,16,,,0.023623331687006855,0.022019219329023947,0.0016041126341811418,0.016519812368536262,0.0598286670625,,Imported structure residue from md_100_prolig_center.gro | Manual tag: S353 | SASA: total=0.02846081540136054 | SASA: total=0.024805233546412817 | RMSF: value=0.055567537 | SASA: total=0.021425686721311937 | RMSF: value=0.05874067 | SASA: total=0.02297014393958973,
Chain 0::354,Chain 0,354,Chain 0 / VAL354,VAL,conserved | Buried,16,0,0,16,16,,,0.05349061885585842,0.052482030104320156,0.0010085889762644956,0.03241855688233844,0.048817951750000005,,Imported structure residue from md_100_prolig_center.gro | Manual tag: V354 | SASA: total=0.057529877391782135 | SASA: total=0.06592195230250311 | RMSF: value=0.04637332 | SASA: total=0.05684117620608004 | RMSF: value=0.049139645 | SASA: total=0.06906515765603226,
Chain 0::355,Chain 0,355,Chain 0 / GLY355,GLY,conserved | Buried,16,0,0,16,16,,,0.02192345229890958,0.00191157271687603,0.020011879799808008,0.022601497215370706,0.050897056749999996,,Imported structure residue from md_100_prolig_center.gro | Manual tag: G355 | SASA: total=0.040616103770709275 | SASA: total=0.03614589748996319 | RMSF: value=0.049507786 | SASA: total=0.028879372716540157 | RMSF: value=0.051245417 | SASA: total=0.04319238692226977,
Chain 0::356,Chain 0,356,Chain 0 / ALA356,ALA,Buried,16,0,0,16,16,,,0.00023609267585619244,0,0.00023609267585619244,0.0001951179139307376,0.0443384293125,,Imported structure residue from md_100_prolig_center.gro | SASA: total=0.0003567571223870215 | RMSF: value=0.04612242 | SASA: total=0.00016483332095022248 | RMSF: value=0.045973644 | SASA: total=0.00011766710235635833 | RMSF: value=0.04265126 | SASA: total=0.0002228480920490652,
Chain 0::357,Chain 0,357,Chain 0 / PHE357,PHE,second shell | conserved | Buried,16,0,0,16,16,,,0.0007084248568975059,0.000002822099097354319,0.000705602758016269,0.00031071265653399377,0.037541850249999995,,Imported structure residue from md_100_prolig_center.gro | Manual tag: F357 | SASA: total=0.000968924284414711 | SASA: total=0.00025531721398197485 | RMSF: value=0.03788159 | SASA: total=0.0006298057015727062 | RMSF: value=0.036314167 | SASA: total=0.0011682196123765248,
Chain 0::358,Chain 0,358,Chain 0 / VAL358,VAL,conserved | Buried,16,0,0,16,16,,,0.0035267818103861966,0.00013478550206152907,0.003391996233764112,0.00213744352144618,0.0375730055,,Imported structure residue from md_100_prolig_center.gro | Manual tag: V358 | SASA: total=0.0011729071340938605 | SASA: total=0.0006209822592906433 | RMSF: value=0.035622742 | SASA: total=0.0023143275244401234 | RMSF: value=0.038279396 | SASA: total=0.0033527470192650684,
Chain 0::359,Chain 0,359,Chain 0 / THR359,THR,second shell | conserved | Buried,16,0,0,16,16,,,0.001203323653201794,0.00002489340163670517,0.0011784302681341011,0.0007382353700624503,0.04375284225000001,,Imported structure residue from md_100_prolig_center.gro | Manual tag: T359 | SASA: total=0.001285262763186699 | SASA: total=0.000988184285377807 | RMSF: value=0.04498951 | SASA: total=0.0009974570262550127 | RMSF: value=0.049360875 | SASA: total=0.0015032833746385457,
Chain 0::360,Chain 0,360,Chain 0 / HIS360,HIS,first shell | conserved | Buried,16,0,1,16,16,,0.001998001998001998,0.013017295940005738,0.00034421563226589007,0.012673080171081515,0.006026525898150805,0.04429958349999999,,Manual tag: H360 | Imported structure residue from md_100_prolig_center.gro | SASA: total=0.018113061416857312 | SASA: total=0.009434924756020013 | RMSF: value=0.0414677 | SASA: total=0.017251499956197076 | RMSF: value=0.046050284 | SASA: total=0.003255570584004468,
Chain 0::361,Chain 0,361,Chain 0 / CYS361,CYS,second shell | conserved | Buried,16,0,0,16,16,,,0.002877920020740805,0.0011712708578895694,0.001706649191450791,0.0019445405545545974,0.0438539051875,,Imported structure residue from md_100_prolig_center.gro | Manual tag: C361 | SASA: total=0.0037475919563065073 | SASA: total=0.004380164667963982 | RMSF: value=0.040034942 | SASA: total=0.0032690390944480896 | RMSF: value=0.048676606 | SASA: total=0.004115949596951504,
Chain 0::362,Chain 0,362,Chain 0 / GLY362,GLY,second shell | conserved | Buried,16,0,0,16,16,,,0.004412228245164802,0,0.004412228245164802,0.004548688912541034,0.045639096375,,Imported structure residue from md_100_prolig_center.gro | Manual tag: G362 | SASA: total=0.004728062760711896 | SASA: total=0.007405134120790085 | RMSF: value=0.042769816 | SASA: total=0.0010693714075657253 | RMSF: value=0.04947306 | SASA: total=0.0,
Chain 0::363,Chain 0,363,Chain 0 / TRP363,TRP,first shell | conserved | Buried,16,1,0,16,16,0.004196000000000268,,0.01590249012591776,0.0002581435585645775,0.015644346674115257,0.006023670502241576,0.044192272375,,Manual tag: W363 | Imported structure residue from md_100_prolig_center.gro | SASA: total=0.004653091772948161 | SASA: total=0.03353077187986657 | RMSF: value=0.04156147 | SASA: total=0.028194680109177486 | RMSF: value=0.042979565 | SASA: total=0.0020304399457216115,
Chain 0::364,Chain 0,364,Chain 0 / ASN364,ASN,first shell | conserved | Buried,16,3,0,16,16,-0.047074000000000144,,0.04955325504297524,0.015960787584178727,0.03359246772303624,0.026499066867901197,0.0461985404375,,Manual tag: N364 | Imported structure residue from md_100_prolig_center.gro | SASA: total=0.0299739955122223 | SASA: total=0.06705217727340095 | RMSF: value=0.04363606 | MMPBSA traj_nowat_100_f100 Total: TOTAL=NA | MMPBSA traj_nowat_100_f100 Total: TOTAL=-0.03328 | SASA: total=0.0789150061583755,
Chain 0::365,Chain 0,365,Chain 0 / SER365,SER,first shell | conserved | Buried,16,0,0,16,16,,,0.0025607050826720024,0.002030469187290988,0.0005302359226118257,0.0017907028550153865,0.0440629789375,,Manual tag: S365 | Imported structure residue from md_100_prolig_center.gro | SASA: total=0.003933588380574959 | SASA: total=0.0005304556671935733 | RMSF: value=0.04040318 | SASA: total=0.003570454066047574 | RMSF: value=0.042444624 | SASA: total=0.0012829769956003321,
Chain 0::366,Chain 0,366,Chain 0 / THR366,THR,second shell | conserved | Buried,16,0,0,16,16,,,0.004699965764662956,0.0008058832094014512,0.0038940825512633302,0.0028834145795478255,0.042413506,,Imported structure residue from md_100_prolig_center.gro | Manual tag: T366 | SASA: total=0.00590684800639306 | SASA: total=0.006127042686658921 | RMSF: value=0.038755186 | SASA: total=0.0038894998903229536 | RMSF: value=0.042174164 | SASA: total=0.004897854124924334,
Chain 0::367,Chain 0,367,Chain 0 / LEU367,LEU,second shell | conserved | Buried,16,0,0,16,16,,,0.00961284506951469,0.00010454900693010061,0.009508296050193848,0.0050329031777563826,0.0429050468125,,Imported structure residue from md_100_prolig_center.gro | Manual tag: L367 | SASA: total=0.010623945114617743 | SASA: total=0.01232409576820855 | RMSF: value=0.03963971 | SASA: total=0.005561269598432107 | RMSF: value=0.042489238 | SASA: total=0.045325842621450375,
Chain 0::368,Chain 0,368,Chain 0 / GLU368,GLU,first shell | conserved | Buried,16,0,0,16,16,,,0.04908501884339857,0.03266334379066502,0.01642167581721338,0.022936924693176902,0.044873697437500006,,Manual tag: E368 | Imported structure residue from md_100_prolig_center.gro | SASA: total=0.041961427114092474 | SASA: total=0.02460474533831129 | RMSF: value=0.042004574 | SASA: total=0.012185768251962001 | RMSF: value=0.0413457 | SASA: total=0.061311646115661846,
Chain 0::369,Chain 0,369,Chain 0 / GLY369,GLY,second shell | conserved | Buried,16,0,0,16,16,,,0.0013046128863940193,0.0008791353157173961,0.00042547758227493156,0.0013449617385505352,0.046284614875,,Imported structure residue from md_100_prolig_center.gro | Manual tag: G369 | SASA: total=0.0019348960111636928 | SASA: total=0.0009580068843494547 | RMSF: value=0.043774124 | SASA: total=0.0007727646112146944 | RMSF: value=0.043989975 | SASA: total=0.0006360166295809616,
Chain 0::370,Chain 0,370,Chain 0 / VAL370,VAL,conserved | Buried,16,0,0,16,16,,,0.028643355979097174,0.0001699398057062714,0.028473416355938194,0.01735960968430132,0.04847690437500001,,Imported structure residue from md_100_prolig_center.gro | Manual tag: V370 | SASA: total=0.030083839551056965 | SASA: total=0.02094149648553074 | RMSF: value=0.048353232 | SASA: total=0.019497536614970626 | RMSF: value=0.044215586 | SASA: total=0.038710641536382165,
Chain 0::371,Chain 0,371,Chain 0 / ALA371,ALA,Buried,16,0,0,16,16,,,0.06378188430907095,0.0343531182929522,0.029428765383038423,0.0509575556152132,0.0571211876875,,Imported structure residue from md_100_prolig_center.gro | SASA: total=0.09311887444836078 | RMSF: value=0.054605134 | SASA: total=0.05019487632383214 | RMSF: value=0.056541834 | SASA: total=0.030738721647770098 | RMSF: value=0.051554985 | SASA: total=0.06873525032718288,
Chain 0::372,Chain 0,372,Chain 0 / GLY372,GLY,conserved | Mixed_exposure,16,0,0,16,16,,,0.16112808854143956,0.1286167050458233,0.03251138723070392,0.16611143148602012,0.05608304056249999,,Imported structure residue from md_100_prolig_center.gro | Manual tag: G372 | SASA: total=0.1945227546857135 | SASA: total=0.16571810974342988 | RMSF: value=0.053406302 | SASA: total=0.13374251798532977 | RMSF: value=0.05051384 | SASA: total=0.19366363236809722,
Chain 0::373,Chain 0,373,Chain 0 / GLY373,GLY,conserved | Buried,16,0,0,16,16,,,0.09105608878750299,0.0764919838863471,0.014564105865832573,0.09387225648196183,0.052555051874999995,,Imported structure residue from md_100_prolig_center.gro | Manual tag: G373 | SASA: total=0.0907356029152778 | SASA: total=0.10828427961188378 | RMSF: value=0.050870802 | SASA: total=0.0907999035155419 | RMSF: value=0.050939705 | SASA: total=0.15918328797463144,
Chain 0::374,Chain 0,374,Chain 0 / VAL374,VAL,Buried,16,0,0,16,16,,,0.05406702695025988,0.008454545617874685,0.045612481191908784,0.03276789512136963,0.043996775437499996,,Imported structure residue from md_100_prolig_center.gro | SASA: total=0.05906437720992778 | RMSF: value=0.043625128 | SASA: total=0.04650589115548842 | RMSF: value=0.042599093 | SASA: total=0.036134267110598854 | RMSF: value=0.04154966 | SASA: total=0.05712640418274568,
Chain 0::375,Chain 0,375,Chain 0 / PRO375,PRO,conserved | Buried,16,0,0,16,16,,,0.018735394321380893,0,0.01873539431907564,0.012165840468429152,0.0425602424375,,Imported structure residue from md_100_prolig_center.gro | Manual tag: P375 | SASA: total=0.02176487903193672 | SASA: total=0.022237209658516516 | RMSF: value=0.04004168 | SASA: total=0.016852114036089123 | RMSF: value=0.04124722 | SASA: total=0.027644136754593047,
Chain 0::376,Chain 0,376,Chain 0 / MET376,MET,conserved | Buried,16,0,0,16,16,,,0.00915776329872309,0.0014882157393904072,0.007669547612785758,0.004511213447646843,0.042707569499999994,,Imported structure residue from md_100_prolig_center.gro | Manual tag: M376 | SASA: total=0.011410920576441407 | SASA: total=0.0057041208342750475 | RMSF: value=0.04213564 | SASA: total=0.005700680657778636 | RMSF: value=0.042468145 | SASA: total=0.012242570104501626,
Chain 0::377,Chain 0,377,Chain 0 / VAL377,VAL,conserved | Buried,16,0,0,16,16,,,0.0014529398049669925,6.9142870505866e-7,0.001452248376333973,0.0008805695787678743,0.038626818875,,Imported structure residue from md_100_prolig_center.gro | Manual tag: V377 | SASA: total=0.000539469703257379 | SASA: total=0.00026670054043873703 | RMSF: value=0.038284633 | SASA: total=0.0008561921001660941 | RMSF: value=0.037415553 | SASA: total=0.0009802925114584442,
Chain 0::378,Chain 0,378,Chain 0 / THR378,THR,conserved | Buried,16,0,0,16,16,,,0.0011446929962439392,0.000012436466859791907,0.0011322565295282256,0.0007022656418674475,0.039442612249999995,,Imported structure residue from md_100_prolig_center.gro | Manual tag: T378 | SASA: total=0.0012645000720968341 | SASA: total=0.0022250351929428555 | RMSF: value=0.0366786 | SASA: total=0.0008210774769287298 | RMSF: value=0.039448295 | SASA: total=0.0009153322040075713,
Chain 0::379,Chain 0,379,Chain 0 / TRP379,TRP,conserved | Buried,16,0,0,16,16,,,0.027185480390651738,0.005868986609814306,0.021316493681495397,0.010297530451004443,0.041485933749999995,,Imported structure residue from md_100_prolig_center.gro | Manual tag: W379 | SASA: total=0.028822822533179037 | SASA: total=0.023493400175530133 | RMSF: value=0.03789258 | SASA: total=0.03803830188099701 | RMSF: value=0.04069534 | SASA: total=0.020881333981991036,
Chain 0::380,Chain 0,380,Chain 0 / PRO380,PRO,conserved | Buried,16,0,0,16,16,,,0.0018763208122391454,0.0018189583167648126,0.0000573624946819019,0.0012183901378176273,0.044244802437499994,,Imported structure residue from md_100_prolig_center.gro | Manual tag: P380 | SASA: total=0.0024421074771147112 | SASA: total=0.002518423565543524 | RMSF: value=0.041605435 | SASA: total=0.0026868939777780878 | RMSF: value=0.043434143 | SASA: total=0.00231508608206664,
Chain 0::381,Chain 0,381,Chain 0 / VAL381,VAL,second shell | conserved | Buried,16,1,0,16,16,-0.11667146960000009,,0.06384736460039683,0.0005066123764240414,0.06334075178928836,0.038695372485088995,0.057313292875000005,,Imported structure residue from md_100_prolig_center.gro | Manual tag: V381 | SASA: total=0.049525695124475085 | SASA: total=0.03768416668408283 | RMSF: value=0.05411151 | SASA: total=0.12026083521028556 | RMSF: value=0.055045143 | SASA: total=0.014479797493694074,
Chain 0::382,Chain 0,382,Chain 0 / PHE382,PHE,second shell | conserved | Mixed_exposure,16,16,0,16,16,-0.7303725881499998,,0.1849473142364791,0.000020728992312076956,0.18492658371636,0.08111724308617503,0.061153028875,,Imported structure residue from md_100_prolig_center.gro | Manual tag: F382 | MMPBSA traj_nowat_100_f100 Total: TOTAL=NA | MMPBSA traj_nowat_100_f100 Total: TOTAL=-1.4711607328 | MMPBSA traj_nowat_100_f100 Total: TOTAL=-0.7158175023999997 | MMPBSA traj_nowat_100_f100 Total: TOTAL=-1.0515428752 | MMPBSA traj_nowat_100_f100 Total: TOTAL=-0.7696538039999999 | MMPBSA traj_nowat_100_f100 Total: TOTAL=-0.9090814128,
Chain 0::383,Chain 0,383,Chain 0 / ALA383,ALA,second shell | conserved | Mixed_exposure,16,16,2,16,16,-0.18603322860000002,0.005494505494505494,0.20433452618216155,0.020412326041545078,0.18392220148493968,0.1688715092414558,0.0834683771875,,Imported structure residue from md_100_prolig_center.gro | Manual tag: A383 | MMPBSA traj_nowat_100_f100 Total: TOTAL=NA | MMPBSA traj_nowat_100_f100 Total: TOTAL=-0.11725796080000002 | MMPBSA traj_nowat_100_f100 Total: TOTAL=-0.09565698239999995 | MMPBSA traj_nowat_100_f100 Total: TOTAL=-0.3260015528 | MMPBSA traj_nowat_100_f100 Total: TOTAL=-0.2636016536000002 | MMPBSA traj_nowat_100_f100 Total: TOTAL=-0.10730529359999989,
Chain 0::384,Chain 0,384,Chain 0 / GLU384,GLU,first shell | conserved | Mixed_exposure,16,13,8,16,16,-0.23578644412307692,0.19530469530469532,0.34784750266019066,0.2447413161747379,0.10310618415023064,0.1625455619907433,0.05802746943750001,,Manual tag: E384 | Imported structure residue from md_100_prolig_center.gro | MMPBSA traj_nowat_100_f100 Total: TOTAL=NA | MMPBSA traj_nowat_100_f100 Total: TOTAL=0.027263976799999975 | MMPBSA traj_nowat_100_f100 Total: TOTAL=0.06037980400000019 | MMPBSA traj_nowat_100_f100 Total: TOTAL=-1.4521927768 | MMPBSA traj_nowat_100_f100 Total: TOTAL=0.02050509439999965 | MMPBSA traj_nowat_100_f100 Total: TOTAL=0.14308460640000048,
Chain 0::385,Chain 0,385,Chain 0 / GLN385,GLN,first shell | conserved | Buried,16,9,1,16,16,-0.015479233511111024,0.05194805194805195,0.010698438451828843,0.0005396329237339502,0.010158805580251265,0.004999270304592918,0.045997451812500006,,Manual tag: Q385 | Imported structure residue from md_100_prolig_center.gro | MMPBSA traj_nowat_100_f100 Total: TOTAL=NA | MMPBSA traj_nowat_100_f100 Total: TOTAL=-0.0470265119999997 | MMPBSA traj_nowat_100_f100 Total: TOTAL=-0.01256600000000029 | SASA: total=0.0001941857269347304 | RMSF: value=0.046665598 | MMPBSA traj_nowat_100_f100 Total: TOTAL=-0.011097950400000297,
Chain 0::386,Chain 0,386,Chain 0 / PHE386,PHE,second shell | conserved | Buried,16,0,0,16,16,,,0.010751278870920582,0.0015218704284772756,0.009229408850545285,0.004715473189000256,0.0458162965625,,Imported structure residue from md_100_prolig_center.gro | Manual tag: F386 | SASA: total=0.0036548808733425516 | SASA: total=0.008352917609828533 | RMSF: value=0.041292325 | SASA: total=0.00501797621202941 | RMSF: value=0.0435647 | SASA: total=0.024952326892036022,
Chain 0::387,Chain 0,387,Chain 0 / PHE387,PHE,conserved | Buried,16,0,0,16,16,,,0.07108882533865843,0.000032586311027615124,0.07105623899917533,0.031179309359060714,0.04633001443750001,,Imported structure residue from md_100_prolig_center.gro | Manual tag: F387 | SASA: total=0.051596595214145016 | SASA: total=0.06108053098663245 | RMSF: value=0.0430024 | SASA: total=0.051511501838075055 | RMSF: value=0.04508413 | SASA: total=0.0379222244171813,
Chain 0::388,Chain 0,388,Chain 0 / ASN388,ASN,second shell | conserved | Buried,16,1,0,16,16,0.0026809999999998697,,0.0069161906733888195,0.0012488833539698522,0.005667307186578712,0.0036984976863041813,0.04353954537500001,,Imported structure residue from md_100_prolig_center.gro | Manual tag: N388 | SASA: total=0.0019581331179873776 | SASA: total=0.0037074372930784184 | RMSF: value=0.042682912 | SASA: total=0.0061016503241982795 | RMSF: value=0.04439354 | SASA: total=0.0006140334540885864,
Chain 0::389,Chain 0,389,Chain 0 / GLU389,GLU,conserved | Buried,16,0,0,16,16,,,0.08862725313347165,0.07404218040669504,0.01458507124118456,0.041414604267977405,0.04179738075,,Imported structure residue from md_100_prolig_center.gro | Manual tag: E389 | SASA: total=0.05380998293657114 | SASA: total=0.07536655692107017 | RMSF: value=0.039420914 | SASA: total=0.05785683948214691 | RMSF: value=0.04324308 | SASA: total=0.07278916966354493,
Chain 0::390,Chain 0,390,Chain 0 / LYS390,LYS,conserved | Buried,16,0,0,16,16,,,0.2902994329838248,0.00889773734092844,0.28140169856977637,0.12621714477557602,0.0459554658125,,Imported structure residue from md_100_prolig_center.gro | Manual tag: K390 | SASA: total=0.24436326339693354 | SASA: total=0.2636200655805002 | RMSF: value=0.043553855 | SASA: total=0.23550405803293284 | RMSF: value=0.047688346 | SASA: total=0.36087359296213284,
Chain 0::391,Chain 0,391,Chain 0 / LEU391,LEU,conserved | Buried,16,0,0,16,16,,,0.010867628755234067,0,0.010867628755234067,0.005689857987033543,0.0456861510625,,Imported structure residue from md_100_prolig_center.gro | Manual tag: L391 | SASA: total=0.009290988615824666 | SASA: total=0.007885002411238037 | RMSF: value=0.04265583 | SASA: total=0.007301230292472214 | RMSF: value=0.046884008 | SASA: total=0.01791412409136791,
Chain 0::392,Chain 0,392,Chain 0 / VAL392,VAL,conserved | Buried,16,0,0,16,16,,,0.004685332647550421,0,0.004685332647550421,0.002839595543969952,0.04314920275,,Imported structure residue from md_100_prolig_center.gro | Manual tag: V392 | SASA: total=0.006161289925843773 | SASA: total=0.005840167532315348 | RMSF: value=0.041081253 | SASA: total=0.004706317835515088 | RMSF: value=0.043455638 | SASA: total=0.007720288885111856,
Chain 0::393,Chain 0,393,Chain 0 / THR393,THR,conserved | Buried,16,0,0,16,16,,,0.22928608423744393,0.12309949212513936,0.10618659327645778,0.1406663093481251,0.04824110993749999,,Imported structure residue from md_100_prolig_center.gro | Manual tag: T393 | SASA: total=0.20470973082108074 | SASA: total=0.2104495914265661 | RMSF: value=0.04672479 | SASA: total=0.2164586972777206 | RMSF: value=0.04862855 | SASA: total=0.20889105537150165,
Chain 0::394,Chain 0,394,Chain 0 / GLU394,GLU,conserved | Intermediate,16,0,0,16,16,,,0.7170470474232541,0.47718572089135053,0.2398613294365235,0.3350687137491842,0.058751878687499995,,Imported structure residue from md_100_prolig_center.gro | Manual tag: E394 | SASA: total=0.7034906402672871 | SASA: total=0.6601886058797931 | RMSF: value=0.058278732 | SASA: total=0.6599337222552536 | RMSF: value=0.06226329 | SASA: total=0.7157495789008566,
Chain 0::395,Chain 0,395,Chain 0 / VAL395,VAL,conserved | Mixed_exposure,16,0,0,16,16,,,0.3712975462935496,0.15079940019618016,0.22049814546111937,0.2250288159354846,0.05690941381249998,,Imported structure residue from md_100_prolig_center.gro | Manual tag: V395 | SASA: total=0.3953285476948955 | SASA: total=0.41757821446598165 | RMSF: value=0.055269565 | SASA: total=0.3410285495885528 | RMSF: value=0.06047492 | SASA: total=0.37075496280547415,
Chain 0::396,Chain 0,396,Chain 0 / LEU396,LEU,conserved | Buried,16,0,0,16,16,,,0.1757187240844648,0.054063643442667404,0.12165508059598044,0.09199933198139516,0.0533271201875,,Imported structure residue from md_100_prolig_center.gro | Manual tag: L396 | SASA: total=0.25085588072491166 | SASA: total=0.23941226038012173 | RMSF: value=0.051179472 | SASA: total=0.25424962173594107 | RMSF: value=0.057208315 | SASA: total=0.2512994402706033,
Chain 0::397,Chain 0,397,Chain 0 / LYS397,LYS,Exposed,16,0,0,16,16,,,1.1932381685860087,0.017948277613409162,1.1752898968977503,0.5187992037330473,0.05218208049999999,,Imported structure residue from md_100_prolig_center.gro | SASA: total=1.2206041116525632 | RMSF: value=0.050664064 | SASA: total=1.2108976380659802 | RMSF: value=0.05071386 | SASA: total=1.1919250122391352 | RMSF: value=0.05247552 | SASA: total=1.1551624300456282,
Chain 0::398,Chain 0,398,Chain 0 / THR398,THR,conserved | Buried,16,0,0,16,16,,,0.01963136032397172,0.0005494778817934491,0.019081882789695293,0.012043779339859952,0.0484189441875,,Imported structure residue from md_100_prolig_center.gro | Manual tag: T398 | SASA: total=0.02228676695561055 | SASA: total=0.013237682212660513 | RMSF: value=0.044344224 | SASA: total=0.014271519561805347 | RMSF: value=0.047525804 | SASA: total=0.025040816036191318,
Chain 0::399,Chain 0,399,Chain 0 / GLY399,GLY,conserved | Buried,16,0,0,16,16,,,0.025185831981805604,0.02514501499031707,0.00004081693043532357,0.025964775238974856,0.05053835181249999,,Imported structure residue from md_100_prolig_center.gro | Manual tag: G399 | SASA: total=0.024632589282965897 | SASA: total=0.022338052584540725 | RMSF: value=0.049305093 | SASA: total=0.02469281276853958 | RMSF: value=0.048790127 | SASA: total=0.02006850160409392,
Chain 0::400,Chain 0,400,Chain 0 / ALA400,ALA,conserved | Buried,16,0,0,16,16,,,0.07655411295512533,0.00002280790255045389,0.07653130421749664,0.06326786194638458,0.050115654125,,Imported structure residue from md_100_prolig_center.gro | Manual tag: A400 | SASA: total=0.09944836160924175 | SASA: total=0.10672945713642801 | RMSF: value=0.047134697 | SASA: total=0.10869832395917119 | RMSF: value=0.04808838 | SASA: total=0.1085683478429766,
Chain 0::401,Chain 0,401,Chain 0 / SER401,SER,Intermediate,16,0,0,16,16,,,0.4559722520079058,0.21139429239925028,0.24457796467099302,0.3429822516939829,0.05061212937499999,,Imported structure residue from md_100_prolig_center.gro | SASA: total=0.541707420113063 | RMSF: value=0.050661277 | SASA: total=0.5536001531204374 | RMSF: value=0.046818454 | SASA: total=0.537861439261106 | RMSF: value=0.049992595 | SASA: total=0.5376870980357179,
Chain 0::402,Chain 0,402,Chain 0 / VAL402,VAL,conserved | Buried,16,0,0,16,16,,,0.10347895676876409,0.08413622869290459,0.01934272629577127,0.06271451925379642,0.0555032459375,,Imported structure residue from md_100_prolig_center.gro | Manual tag: V402 | SASA: total=0.10680094957904945 | SASA: total=0.10563952556931146 | RMSF: value=0.051535323 | SASA: total=0.10073325598593985 | RMSF: value=0.051569946 | SASA: total=0.07677053106893407,
Chain 0::403,Chain 0,403,Chain 0 / GLY403,GLY,conserved | Exposed,16,0,0,16,16,,,0.5257340485396066,0.18365813629923036,0.34207591257694336,0.5419938644738214,0.0658151786875,,Imported structure residue from md_100_prolig_center.gro | Manual tag: G403 | SASA: total=0.49991835845579013 | SASA: total=0.5075426715435368 | RMSF: value=0.056425665 | SASA: total=0.5167609205340394 | RMSF: value=0.059006274 | SASA: total=0.49393588245505154,
Chain 0::404,Chain 0,404,Chain 0 / ALA404,ALA,Buried,16,0,0,16,16,,,0.07828762427912933,0.02479797771078359,0.05348964668461698,0.06216332847278221,0.06037753262500001,,Imported structure residue from md_100_prolig_center.gro | SASA: total=0.07013261532134349 | RMSF: value=0.065273434 | SASA: total=0.04387471581449603 | RMSF: value=0.054721177 | SASA: total=0.09589297730143707 | RMSF: value=0.056689873 | SASA: total=0.061015252282123754,
Chain 0::405,Chain 0,405,Chain 0 / THR405,THR,Intermediate,16,0,0,16,16,,,0.6671229341611413,0.09602740310392706,0.5710955319354439,0.396498526477603,0.08139945425000002,,Imported structure residue from md_100_prolig_center.gro | SASA: total=0.523405410275601 | RMSF: value=0.11618399 | SASA: total=0.6408071423521137 | RMSF: value=0.07845905 | SASA: total=0.5429668302583223 | RMSF: value=0.058447205 | SASA: total=0.6070426006128292,
Chain 0::406,Chain 0,406,Chain 0 / LYS406,LYS,Mixed_exposure,16,0,0,16,16,,,0.8988308939013149,0.07999918895456906,0.8188316934917232,0.42608623965983694,0.07887688849999999,,Imported structure residue from md_100_prolig_center.gro | SASA: total=0.8923674680218838 | RMSF: value=0.09468017 | SASA: total=0.9755927277083444 | RMSF: value=0.06550437 | SASA: total=1.1401518571494829 | RMSF: value=0.063791074 | SASA: total=0.8447855628362977,
Chain 0::407,Chain 0,407,Chain 0 / TRP407,TRP,second shell | Mixed_exposure,16,14,4,16,16,-0.2711223413142857,0.03096903096903097,0.3719940775415242,0.09531619539714907,0.27667787991519466,0.14090684755360766,0.07097363975000001,,Imported structure residue from md_100_prolig_center.gro | Manual tag: W407 | MMPBSA traj_nowat_100_f100 Total: TOTAL=NA | MMPBSA traj_nowat_100_f100 Total: TOTAL=-0.1457598640000002 | MMPBSA traj_nowat_100_f100 Total: TOTAL=-0.06912746080000001 | SASA: total=0.3682930068214341 | RMSF: value=0.07069231 | MMPBSA traj_nowat_100_f100 Total: TOTAL=-0.24177282480000012,
Chain 0::408,Chain 0,408,Chain 0 / ARG408,ARG,Mixed_exposure,16,3,0,16,16,0.00457239413333342,,0.8026812199945792,0.047214507851905264,0.7554667095958006,0.3366177040054481,0.0811900185625,,Imported structure residue from md_100_prolig_center.gro | SASA: total=0.9630372488852774 | RMSF: value=0.08703663 | MMPBSA traj_nowat_100_f100 Total: TOTAL=NA | MMPBSA traj_nowat_100_f100 Total: TOTAL=0.018960000000000095 | SASA: total=0.4973247697447786 | RMSF: value=0.07823751 | SASA: total=0.9362760841256321,
Chain 0::409,Chain 0,409,Chain 0 / ARG409,ARG,second shell | Mixed_exposure,16,15,16,16,16,-0.7358619891733332,0.15016233766233766,0.5772386265383794,0.10787297167185932,0.46936565783280537,0.21782589680693562,0.09481702975000003,,Imported structure residue from md_100_prolig_center.gro | Manual tag: R409 | MMPBSA traj_nowat_100_f100 Total: TOTAL=NA | MMPBSA traj_nowat_100_f100 Total: TOTAL=-0.1102979695999994 | MMPBSA traj_nowat_100_f100 Total: TOTAL=-0.04932930319999869 | HBond protein_to_ESC: max_occ=0.029970029970029972 | SASA: total=0.47303531783642155 | MMPBSA traj_nowat_100_f100 Total: TOTAL=-0.1957468007999982,
Chain 0::410,Chain 0,410,Chain 0 / TYR410,TYR,Mixed_exposure,16,3,7,16,16,-0.8115798621333327,0.1231625517339803,0.9822938342366626,0.3017235073886406,0.6805703334584094,0.4449615279186517,0.108609108625,,Imported structure residue from md_100_prolig_center.gro | HBond protein_to_ESC: max_occ=0.03496503496503497 | SASA: total=1.1210360999154572 | MMPBSA traj_nowat_100_f100 Total: TOTAL=NA | MMPBSA traj_nowat_100_f100 Total: TOTAL=-1.7327007863999997 | SASA: total=1.4433446343582454 | RMSF: value=0.09818754 | SASA: total=1.1295925532237139,
Chain 0::411,Chain 0,411,Chain 0 / ASP411,ASP,Mixed_exposure,16,0,0,16,16,,,0.533869777059201,0.34725564776065104,0.18661412986290485,0.31407401945081703,0.09270843631249999,,Imported structure residue from md_100_prolig_center.gro | SASA: total=0.6749145146643761 | RMSF: value=0.116607696 | SASA: total=0.762717331990157 | RMSF: value=0.10694278 | SASA: total=0.37836286514112266 | RMSF: value=0.07566942 | SASA: total=0.7166260569402487,
Chain 0::412,Chain 0,412,Chain 0 / ALA412,ALA,Buried,16,0,0,16,16,,,0.03704457372265042,0.004950173271792286,0.03209440080817249,0.028901424554487003,0.08201203587499999,,Imported structure residue from md_100_prolig_center.gro | SASA: total=0.025663679834492137 | RMSF: value=0.08787187 | SASA: total=0.016089788315319778 | RMSF: value=0.09347389 | SASA: total=0.026700149115064357 | RMSF: value=0.074044324 | SASA: total=0.023039091996258438,
Chain 0::413,Chain 0,413,Chain 0 / ASP413,ASP,Intermediate,16,0,0,16,16,,,0.694335947532465,0.5608523137277306,0.13348363503689262,0.35480952121666043,0.07592415175,,Imported structure residue from md_100_prolig_center.gro | SASA: total=0.5671192614158781 | RMSF: value=0.081098676 | SASA: total=0.4664640397128492 | RMSF: value=0.068502635 | SASA: total=0.5942585497799486 | RMSF: value=0.0729466 | SASA: total=0.5598346083471091,
Chain 0::414,Chain 0,414,Chain 0 / GLY414,GLY,Exposed,16,0,0,16,16,,,0.6540160540601994,0.28214581067314237,0.371870259948001,0.6742433547012366,0.0916799553125,,Imported structure residue from md_100_prolig_center.gro | SASA: total=0.6108588405174784 | RMSF: value=0.09921952 | SASA: total=0.5023322270648314 | RMSF: value=0.07975283 | SASA: total=0.7565115170903726 | RMSF: value=0.08714478 | SASA: total=0.5779274460112694,
Chain 0::415,Chain 0,415,Chain 0 / VAL415,VAL,conserved | Buried,16,0,0,16,16,,,0.12067559443294337,0.014214459324954657,0.10646113452713679,0.07313672389875357,0.070989089625,,Imported structure residue from md_100_prolig_center.gro | Manual tag: V415 | SASA: total=0.09293259208155151 | SASA: total=0.08186634091457518 | RMSF: value=0.061736215 | SASA: total=0.11758315268129406 | RMSF: value=0.06939424 | SASA: total=0.08654625463013602,
Chain 0::416,Chain 0,416,Chain 0 / SER416,SER,Mixed_exposure,16,0,0,16,16,,,0.791528469043793,0.06534377110751442,0.7261846856131117,0.46116468438818997,0.0734892405625,,Imported structure residue from md_100_prolig_center.gro | SASA: total=0.5884247746798071 | RMSF: value=0.07371531 | SASA: total=0.5949487184533978 | RMSF: value=0.06800395 | SASA: total=0.5780771085531404 | RMSF: value=0.07013501 | SASA: total=0.6052952768779037,
Chain 0::417,Chain 0,417,Chain 0 / ARG417,ARG,Intermediate,16,0,0,16,16,,,1.028959048229574,0.16428274983577063,0.8646763015058961,0.3882864332941789,0.0669373229375,,Imported structure residue from md_100_prolig_center.gro | SASA: total=1.0889136720411847 | RMSF: value=0.068774186 | SASA: total=1.0514328692219046 | RMSF: value=0.058976047 | SASA: total=1.044130816318021 | RMSF: value=0.06502036 | SASA: total=1.0755698350396488,
Chain 0::418,Chain 0,418,Chain 0 / GLU418,GLU,conserved | Exposed,16,0,0,16,16,,,1.321173765576712,0.8556152152284833,0.4655585468442428,0.6173709184937906,0.0719651476875,,Imported structure residue from md_100_prolig_center.gro | Manual tag: E418 | SASA: total=1.3230892337194764 | SASA: total=1.3315207863798235 | RMSF: value=0.06331388 | SASA: total=1.3179736503280035 | RMSF: value=0.069244094 | SASA: total=1.3292828456009969,
Chain 0::419,Chain 0,419,Chain 0 / ALA419,ALA,conserved | Intermediate,16,0,0,16,16,,,0.34540602188594277,0.01988904901098986,0.32551697305966126,0.2854595222197874,0.0674125450625,,Imported structure residue from md_100_prolig_center.gro | Manual tag: A419 | SASA: total=0.32448245983312624 | SASA: total=0.32593192263404924 | RMSF: value=0.060122833 | SASA: total=0.3408928545984891 | RMSF: value=0.06642619 | SASA: total=0.36146013512469755,
Chain 0::420,Chain 0,420,Chain 0 / ILE420,ILE,conserved | Buried,16,0,0,16,16,,,0.0025988783574107535,0.000009679233716999059,0.0025891991311137903,0.0014358443963595324,0.059189907937499994,,Imported structure residue from md_100_prolig_center.gro | Manual tag: I420 | SASA: total=0.0012767066588938827 | SASA: total=0.0007496845659495581 | RMSF: value=0.05131928 | SASA: total=0.001660322014353063 | RMSF: value=0.057644952 | SASA: total=0.0020169313175207246,
Chain 0::421,Chain 0,421,Chain 0 / ALA421,ALA,Buried,16,0,0,16,16,,,0.044033497158548325,0.0004706449558443187,0.04356285242408042,0.03639131996574242,0.061061241125000006,,Imported structure residue from md_100_prolig_center.gro | SASA: total=0.045042435057682566 | RMSF: value=0.063702464 | SASA: total=0.035960894483740964 | RMSF: value=0.055722483 | SASA: total=0.052527742810768656 | RMSF: value=0.059812907 | SASA: total=0.03106156471047071,
Chain 0::422,Chain 0,422,Chain 0 / ALA422,ALA,Mixed_exposure,16,0,0,16,16,,,0.7437487308415446,0.023910443275466115,0.7198382995395672,0.47224163439863026,0.06274270175,,Imported structure residue from md_100_prolig_center.gro | SASA: total=0.5542388121680458 | RMSF: value=0.066548474 | SASA: total=0.4989448139573088 | RMSF: value=0.057632472 | SASA: total=0.4977562179659853 | RMSF: value=0.06264663 | SASA: total=0.5232252992025697,
Chain 0::423,Chain 0,423,Chain 0 / ALA423,ALA,conserved | Buried,16,0,0,16,16,,,0.0401998764184352,0.005209021800915748,0.034990855322170736,0.03322303836234314,0.056028270625,,Imported structure residue from md_100_prolig_center.gro | Manual tag: A423 | SASA: total=0.039159454608170115 | SASA: total=0.039580011426812355 | RMSF: value=0.05105537 | SASA: total=0.042441663655019043 | RMSF: value=0.05486651 | SASA: total=0.041942339870009095,
Chain 0::424,Chain 0,424,Chain 0 / ILE424,ILE,conserved | Buried,16,0,0,16,16,,,0.0026392222142309794,0,0.002639222213654666,0.0014581338200171155,0.053050364812499994,,Imported structure residue from md_100_prolig_center.gro | Manual tag: I424 | SASA: total=0.002033840717360525 | SASA: total=0.0015866547554390191 | RMSF: value=0.04919987 | SASA: total=0.0016878779129226608 | RMSF: value=0.05136034 | SASA: total=0.0013184253827180012,
Chain 0::425,Chain 0,425,Chain 0 / ARG425,ARG,Intermediate,16,0,0,16,16,,,1.1047764572102836,0.12096735376272219,0.9838091052773565,0.43116296393801756,0.05965782825,,Imported structure residue from md_100_prolig_center.gro | SASA: total=1.1512531160128 | RMSF: value=0.06500933 | SASA: total=1.177189318260344 | RMSF: value=0.056546737 | SASA: total=1.196194857654005 | RMSF: value=0.060706634 | SASA: total=1.1174033396314866,
Chain 0::426,Chain 0,426,Chain 0 / THR426,THR,Intermediate,16,0,0,16,16,,,0.8851713668555021,0.17850141296863997,0.7066699509038635,0.35673765434059296,0.0598463145,,Imported structure residue from md_100_prolig_center.gro | SASA: total=0.4181362015776115 | RMSF: value=0.06418248 | SASA: total=0.38754053576157826 | RMSF: value=0.054496124 | SASA: total=0.38420400289025636 | RMSF: value=0.058255255 | SASA: total=0.3489266315309128,
Chain 0::427,Chain 0,427,Chain 0 / VAL427,VAL,conserved | Buried,16,0,0,16,16,,,0.0009074886356486761,0.0007898375819296587,0.00011765104557858957,0.000549993112514349,0.055551773,,Imported structure residue from md_100_prolig_center.gro | Manual tag: V427 | SASA: total=0.006836184254377195 | SASA: total=0.000311044699484759 | RMSF: value=0.052277766 | SASA: total=0.0009987680944568008 | RMSF: value=0.052687254 | SASA: total=0.0005591740361460955,
Chain 0::428,Chain 0,428,Chain 0 / MET428,MET,conserved | Buried,16,0,0,16,16,,,0.137954005118607,0.09517213736434864,0.04278186833518234,0.06795763798946158,0.0599060375625,,Imported structure residue from md_100_prolig_center.gro | Manual tag: M428 | SASA: total=0.24385435805462374 | SASA: total=0.12380989825371469 | RMSF: value=0.05788717 | SASA: total=0.1494555235794275 | RMSF: value=0.05767976 | SASA: total=0.12116518410125582,
Chain 0::429,Chain 0,429,Chain 0 / THR429,THR,Mixed_exposure,16,0,0,16,16,,,0.9027499819893647,0.23837071412593347,0.6643792533933527,0.5522395793939582,0.0847986884375,,Imported structure residue from md_100_prolig_center.gro | SASA: total=0.8372917535281418 | RMSF: value=0.124130726 | SASA: total=0.920725396364042 | RMSF: value=0.07074117 | SASA: total=0.8866950480064543 | RMSF: value=0.08776719 | SASA: total=0.9363684217528542,
Chain 0::430,Chain 0,430,Chain 0 / SER430,SER,Mixed_exposure,16,0,0,16,16,,,0.44500692955006177,0.10884563555701239,0.3361612885342081,0.31119365702801516,0.11213696075,,Imported structure residue from md_100_prolig_center.gro | SASA: total=0.6082580077766192 | RMSF: value=0.2150068 | SASA: total=0.38517326677199637 | RMSF: value=0.06993008 | SASA: total=0.41947664954874775 | RMSF: value=0.1430961 | SASA: total=0.39694740069974765,
Chain 0::431,Chain 0,431,Chain 0 / GLU431,GLU,conserved | Exposed,16,0,0,16,16,,,1.7406128803544707,1.0323613376015484,0.7082515571377066,0.8133705048385377,0.1136989315625,,Imported structure residue from md_100_prolig_center.gro | Manual tag: E431 | SASA: total=1.7428937217976788 | SASA: total=1.804293991315483 | RMSF: value=0.092184596 | SASA: total=1.7822525182572921 | RMSF: value=0.11486338 | SASA: total=1.8122925994419816,
Chain 0::432,Chain 0,432,Chain 0 / GLU432,GLU,conserved | Mixed_exposure,16,0,0,16,16,,,0.9122541611737542,0.560731711714427,0.3515224300951947,0.426286991202689,0.1001147950625,,Imported structure residue from md_100_prolig_center.gro | Manual tag: E432 | SASA: total=1.0991135369433034 | SASA: total=1.126183012924572 | RMSF: value=0.093727276 | SASA: total=1.1167309543874004 | RMSF: value=0.09626708 | SASA: total=1.131586266036081,
Chain 0::433,Chain 0,433,Chain 0 / ALA433,ALA,conserved | Buried,16,0,0,16,16,,,0.021872547283210496,0.00021557856767811807,0.021656968511949638,0.018076485358025203,0.07178091906249999,,Imported structure residue from md_100_prolig_center.gro | Manual tag: A433 | SASA: total=0.06532455700458867 | SASA: total=0.04339236987404304 | RMSF: value=0.06749289 | SASA: total=0.02252234601517125 | RMSF: value=0.0687788 | SASA: total=0.04459673870760616,
Chain 0::434,Chain 0,434,Chain 0 / ALA434,ALA,Mixed_exposure,16,0,0,16,16,,,0.7822703312861153,0.17676635838783977,0.6055039798398272,0.5107043512974628,0.0781063185,,Imported structure residue from md_100_prolig_center.gro | SASA: total=0.5929601658688913 | RMSF: value=0.087141894 | SASA: total=0.6623500231469032 | RMSF: value=0.07867278 | SASA: total=0.5954594240330233 | RMSF: value=0.0852326 | SASA: total=0.6795921558790868,
Chain 0::435,Chain 0,435,Chain 0 / GLY435,GLY,Mixed_exposure,16,0,0,16,16,,,0.3344405296692016,0.013313073504760534,0.321127461071246,0.30218060036074573,0.07579968756250001,,Imported structure residue from md_100_prolig_center.gro | SASA: total=0.19272087470139607 | RMSF: value=0.07550299 | SASA: total=0.23233180161159817 | RMSF: value=0.07393756 | SASA: total=0.22748848972934307 | RMSF: value=0.08068121 | SASA: total=0.253518950526077,
Chain 0::436,Chain 0,436,Chain 0 / TYR436,TYR,Buried,16,0,0,16,16,,,0.21083889053765645,0.07859323660256388,0.13224565305016328,0.08453321496681826,0.05769190506249999,,Imported structure residue from md_100_prolig_center.gro | SASA: total=0.30622961645079133 | RMSF: value=0.059094638 | SASA: total=0.32903982389091263 | RMSF: value=0.054637857 | SASA: total=0.32012800444470774 | RMSF: value=0.056118235 | SASA: total=0.337815930642704,
Chain 0::437,Chain 0,437,Chain 0 / ARG437,ARG,conserved | Intermediate,16,0,0,16,16,,,0.7704111179797956,0.08238551927682031,0.6880255921162889,0.29072117659614927,0.057055632437499997,,Imported structure residue from md_100_prolig_center.gro | Manual tag: R437 | SASA: total=1.0189401796548674 | SASA: total=0.9228149605269479 | RMSF: value=0.05623481 | SASA: total=0.9018470733472617 | RMSF: value=0.059954494 | SASA: total=0.9838138382033547,
Chain 0::438,Chain 0,438,Chain 0 / GLU438,GLU,Exposed,16,0,0,16,16,,,1.0350932675681195,0.5067443053259993,0.5283489687792441,0.5576233297251236,0.06604813668750001,,Imported structure residue from md_100_prolig_center.gro | SASA: total=1.2240899340941174 | RMSF: value=0.06477394 | SASA: total=1.2371445610971734 | RMSF: value=0.06253787 | SASA: total=1.2434173645359454 | RMSF: value=0.07170698 | SASA: total=1.2396313465467774,
Chain 0::439,Chain 0,439,Chain 0 / ARG439,ARG,conserved | Intermediate,16,0,0,16,16,,,0.9455834513917416,0.10439549041059017,0.8411879451705677,0.35682394392141203,0.059672018125000004,,Imported structure residue from md_100_prolig_center.gro | Manual tag: R439 | SASA: total=0.8780990384592868 | SASA: total=0.9072504846176298 | RMSF: value=0.05293097 | SASA: total=0.9064426268681441 | RMSF: value=0.06117599 | SASA: total=0.9648506275498041,
Chain 0::440,Chain 0,440,Chain 0 / ALA440,ALA,conserved | Buried,16,0,0,16,16,,,0.014904461646419984,0.0002564930134149739,0.014647967912685208,0.012317736897867759,0.0515577588125,,Imported structure residue from md_100_prolig_center.gro | Manual tag: A440 | SASA: total=0.019407712494825372 | SASA: total=0.01231722451347655 | RMSF: value=0.04868555 | SASA: total=0.012145521358983351 | RMSF: value=0.050493855 | SASA: total=0.02269430572886278,
Chain 0::441,Chain 0,441,Chain 0 / LYS441,LYS,Mixed_exposure,16,0,0,16,16,,,1.1878378512983274,0.018983939019553964,1.168853932456805,0.516451239694925,0.05935597087500001,,Imported structure residue from md_100_prolig_center.gro | SASA: total=1.202848207832563 | RMSF: value=0.055651367 | SASA: total=1.2442559723806854 | RMSF: value=0.057738006 | SASA: total=1.168215286613691 | RMSF: value=0.06336166 | SASA: total=1.318374213605824,
Chain 0::442,Chain 0,442,Chain 0 / GLU442,GLU,Mixed_exposure,16,0,0,16,16,,,0.7506513595581055,0.382485480078451,0.36816588683182944,0.4324715032376612,0.06314979518750001,,Imported structure residue from md_100_prolig_center.gro | SASA: total=1.003037978516947 | RMSF: value=0.060793735 | SASA: total=1.0278872121678722 | RMSF: value=0.06417671 | SASA: total=1.0249137087623672 | RMSF: value=0.070102446 | SASA: total=1.0368884294339926,
Chain 0::443,Chain 0,443,Chain 0 / LEU443,LEU,Buried,16,0,0,16,16,,,0.23946003809497496,0.02897686739901708,0.21048316831635958,0.11436695996888105,0.05617834925,,Imported structure residue from md_100_prolig_center.gro | SASA: total=0.17336024742315312 | RMSF: value=0.05641077 | SASA: total=0.16255580537980147 | RMSF: value=0.06226808 | SASA: total=0.19250137668730008 | RMSF: value=0.06117973 | SASA: total=0.19289288632940538,
Chain 0::444,Chain 0,444,Chain 0 / ALA444,ALA,Mixed_exposure,16,0,0,16,16,,,0.19778480298630866,0.005774410778228978,0.1920103940939214,0.10923069360584323,0.0539923408125,,Imported structure residue from md_100_prolig_center.gro | SASA: total=0.06414095511530886 | RMSF: value=0.051741377 | SASA: total=0.061946154230892066 | RMSF: value=0.05530321 | SASA: total=0.06451027796115025 | RMSF: value=0.055646125 | SASA: total=0.07255789608058363,
Chain 0::445,Chain 0,445,Chain 0 / GLU445,GLU,Mixed_exposure,16,0,0,16,16,,,1.0920087579305808,0.45365454945805495,0.638354194027805,0.4975545812467902,0.0585941648125,,Imported structure residue from md_100_prolig_center.gro | SASA: total=0.8228303736979419 | RMSF: value=0.05598015 | SASA: total=0.9845178080077218 | RMSF: value=0.05706992 | SASA: total=1.0097390643440851 | RMSF: value=0.06322527 | SASA: total=0.9465037537093209,
Chain 0::446,Chain 0,446,Chain 0 / LYS446,LYS,Intermediate,16,0,0,16,16,,,0.796651634507545,0.033783166419765406,0.7628684711485807,0.35500387922501464,0.0560214293125,,Imported structure residue from md_100_prolig_center.gro | SASA: total=0.8217520058745205 | RMSF: value=0.05545209 | SASA: total=0.7982207465879988 | RMSF: value=0.05430178 | SASA: total=0.84828651718574 | RMSF: value=0.059676334 | SASA: total=0.8013702548376405,
Chain 0::447,Chain 0,447,Chain 0 / ALA447,ALA,conserved | Buried,16,0,0,16,16,,,0.0017565003327756202,0.0004720956447740582,0.0012844046723690587,0.0014516531675831574,0.0544460474375,,Imported structure residue from md_100_prolig_center.gro | Manual tag: A447 | SASA: total=0.0001476132449242148 | SASA: total=0.0049367132458356345 | RMSF: value=0.054509647 | SASA: total=0.002230553048672062 | RMSF: value=0.05780927 | SASA: total=0.011208704792627014,
Chain 0::448,Chain 0,448,Chain 0 / LYS448,LYS,Mixed_exposure,16,0,0,16,16,,,1.0542612808691982,0.06893375047812778,0.9853275324964877,0.44224942981755533,0.0693054691875,,Imported structure residue from md_100_prolig_center.gro | SASA: total=1.0083236540898237 | RMSF: value=0.06426603 | SASA: total=1.0723568330896962 | RMSF: value=0.07012066 | SASA: total=0.9182153556606557 | RMSF: value=0.07517719 | SASA: total=0.9787405853224272,
Chain 0::449,Chain 0,449,Chain 0 / LYS449,LYS,Mixed_exposure,16,0,0,16,16,,,1.0828524204800918,0.04218555809607231,1.040666865775048,0.5229774836666594,0.07171386356250001,,Imported structure residue from md_100_prolig_center.gro | SASA: total=1.2948053361165641 | RMSF: value=0.06810397 | SASA: total=1.3399306925216523 | RMSF: value=0.06917073 | SASA: total=1.3023069624853607 | RMSF: value=0.076447725 | SASA: total=1.2763284834304658,
Chain 0::450,Chain 0,450,Chain 0 / ALA450,ALA,conserved | Buried,16,0,0,16,16,,,0.025805065749238455,0.0024825285484502543,0.02332253721332302,0.02132650061920534,0.059252156125000004,,Imported structure residue from md_100_prolig_center.gro | Manual tag: A450 | SASA: total=0.03446735810525346 | SASA: total=0.03210232012195162 | RMSF: value=0.05871149 | SASA: total=0.03242649914383298 | RMSF: value=0.062016964 | SASA: total=0.032218421080915056,
Chain 0::451,Chain 0,451,Chain 0 / ILE451,ILE,conserved | Mixed_exposure,16,0,0,16,16,,,0.3231545409169233,0.11208037557518385,0.21107416670068657,0.1785384203960902,0.07513144293749999,,Imported structure residue from md_100_prolig_center.gro | Manual tag: I451 | SASA: total=0.4319521117918562 | SASA: total=0.3479434635379527 | RMSF: value=0.07436636 | SASA: total=0.29644274372275514 | RMSF: value=0.08282867 | SASA: total=0.3444468576719265,
Chain 0::452,Chain 0,452,Chain 0 / GLU452,GLU,Intermediate,16,0,0,16,16,,,0.8414031737437934,0.5355709863337919,0.3058321833481441,0.3931790531513053,0.09223436749999998,,Imported structure residue from md_100_prolig_center.gro | SASA: total=0.8005115224583315 | RMSF: value=0.090499856 | SASA: total=0.8512754357687318 | RMSF: value=0.082597315 | SASA: total=0.8419441675195599 | RMSF: value=0.090758815 | SASA: total=0.7900745791964011,
Chain 0::453,Chain 0,453,Chain 0 / GLU453,GLU,conserved | Exposed,16,0,0,16,16,,,1.6735373442568402,1.0623512043442467,0.6111861609918352,0.7820267963817008,0.1268251034375,,Imported structure residue from md_100_prolig_center.gro | Manual tag: E453 | SASA: total=1.65427828307199 | SASA: total=1.657839831739369 | RMSF: value=0.104108 | SASA: total=1.640593693988158 | RMSF: value=0.12489071 | SASA: total=1.6562108828289674,
Chain 0::454,Chain 0,454,Chain 0 / GLY454,GLY,conserved | Exposed,16,0,0,16,16,,,0.5920728240899815,0.26764293469599276,0.3244298881399307,0.6103843547319397,0.107474020625,,Imported structure residue from md_100_prolig_center.gro | Manual tag: G454 | SASA: total=0.5242363618742122 | SASA: total=0.5346006438283637 | RMSF: value=0.11013186 | SASA: total=0.561475662311705 | RMSF: value=0.102378376 | SASA: total=0.535563575159205,
Chain 0::455,Chain 0,455,Chain 0 / GLY455,GLY,conserved | Buried,16,0,0,16,16,,,0.13929348626164811,0.006457245866318537,0.13283623983198314,0.1436015322285032,0.07902387400000001,,Imported structure residue from md_100_prolig_center.gro | Manual tag: G455 | SASA: total=0.12719976975776182 | SASA: total=0.12779522310979297 | RMSF: value=0.08112479 | SASA: total=0.1323856487132535 | RMSF: value=0.0795007 | SASA: total=0.15064560216252165,
Chain 0::456,Chain 0,456,Chain 0 / SER456,SER,conserved | Intermediate,16,0,0,16,16,,,0.4713492332081689,0.1028276328988705,0.3685216025108159,0.3296148483973209,0.067280902875,,Imported structure residue from md_100_prolig_center.gro | Manual tag: S456 | SASA: total=0.49567813713951864 | SASA: total=0.5009627256653096 | RMSF: value=0.067470595 | SASA: total=0.5248403360347936 | RMSF: value=0.065512046 | SASA: total=0.4407671474584258,
Chain 0::457,Chain 0,457,Chain 0 / SER457,SER,conserved | Buried,16,0,0,16,16,,,0.016978387892912467,0.006542598984133923,0.01043578860686232,0.011872998526512213,0.058354865124999995,,Imported structure residue from md_100_prolig_center.gro | Manual tag: S457 | SASA: total=0.02122212655030855 | SASA: total=0.024097470953913017 | RMSF: value=0.05396239 | SASA: total=0.020085551656118715 | RMSF: value=0.05602077 | SASA: total=0.024041532105443502,
Chain 0::458,Chain 0,458,Chain 0 / ASP458,ASP,Mixed_exposure,16,0,0,16,16,,,0.3720318348225354,0.1938466011577673,0.17818523286974364,0.1698983138031933,0.065722926125,,Imported structure residue from md_100_prolig_center.gro | SASA: total=0.13114384524893052 | RMSF: value=0.06363913 | SASA: total=0.15106321181548704 | RMSF: value=0.064821646 | SASA: total=0.14639598086918934 | RMSF: value=0.06853164 | SASA: total=0.23437476718779837,
Chain 0::459,Chain 0,459,Chain 0 / ASN459,ASN,Mixed_exposure,16,0,0,16,16,,,0.8934409365353017,0.1760922032473252,0.7173487184255727,0.4590893189937759,0.06510578450000001,,Imported structure residue from md_100_prolig_center.gro | SASA: total=0.798021402099345 | RMSF: value=0.06390217 | SASA: total=0.8262112907844015 | RMSF: value=0.06452423 | SASA: total=0.8789639785738275 | RMSF: value=0.06803447 | SASA: total=0.8982713021854363,
Chain 0::460,Chain 0,460,Chain 0 / GLY460,GLY,conserved | Buried,16,0,0,16,16,,,0.10013692754339244,0.004097858910093839,0.09603906729221713,0.10323394592102311,0.059955877,,Imported structure residue from md_100_prolig_center.gro | Manual tag: G460 | SASA: total=0.11048793873869546 | SASA: total=0.11866357745510517 | RMSF: value=0.058489952 | SASA: total=0.1297007836032622 | RMSF: value=0.061549697 | SASA: total=0.12249949736760395,
Chain 0::461,Chain 0,461,Chain 0 / LEU461,LEU,conserved | Buried,16,0,0,16,16,,,0.020899783239386096,0.000010363724184139531,0.020889419405702395,0.010942294889730942,0.0557113204375,,Imported structure residue from md_100_prolig_center.gro | Manual tag: L461 | SASA: total=0.02934158796278557 | SASA: total=0.02433420968527841 | RMSF: value=0.05462139 | SASA: total=0.022892993386134063 | RMSF: value=0.056736056 | SASA: total=0.02107151206767205,
Chain 0::462,Chain 0,462,Chain 0 / LYS462,LYS,Mixed_exposure,16,0,0,16,16,,,0.8417694830142033,0.30471663466841453,0.5370528460295853,0.4115847106103125,0.06049482725,,Imported structure residue from md_100_prolig_center.gro | SASA: total=1.198740579114102 | RMSF: value=0.05791502 | SASA: total=1.2217159867286682 | RMSF: value=0.05969822 | SASA: total=1.1885047844140837 | RMSF: value=0.064085506 | SASA: total=1.3856731275520702,
Chain 0::463,Chain 0,463,Chain 0 / ALA463,ALA,Intermediate,16,0,0,16,16,,,0.6771406492236817,0.3467592483335682,0.33038139110431075,0.38949354431708666,0.061550361000000005,,Imported structure residue from md_100_prolig_center.gro | SASA: total=0.44042519089018944 | RMSF: value=0.056817137 | SASA: total=0.44448339585030433 | RMSF: value=0.060072698 | SASA: total=0.4419631084593216 | RMSF: value=0.06581709 | SASA: total=0.45279450021167794,
Chain 0::464,Chain 0,464,Chain 0 / LEU464,LEU,conserved | Buried,16,0,0,16,16,,,0.0028821861056298583,0.000002765716549175063,0.0028794203980135416,0.0015089979610627528,0.055641635625000005,,Imported structure residue from md_100_prolig_center.gro | Manual tag: L464 | SASA: total=0.0019803893300566343 | SASA: total=0.005049775068712707 | RMSF: value=0.057176307 | SASA: total=0.0066599652613743695 | RMSF: value=0.058860138 | SASA: total=0.004594431065096713,
Chain 0::465,Chain 0,465,Chain 0 / LEU465,LEU,conserved | Buried,16,0,0,16,16,,,0.18292112202114297,0.003658783541402161,0.17926233959317844,0.09577022095347801,0.056238521749999985,,Imported structure residue from md_100_prolig_center.gro | Manual tag: L465 | SASA: total=0.2674663130304601 | SASA: total=0.2621008535422901 | RMSF: value=0.057915345 | SASA: total=0.2583087670921099 | RMSF: value=0.05978282 | SASA: total=0.2558826638920472,
Chain 0::466,Chain 0,466,Chain 0 / ALA466,ALA,Intermediate,16,0,0,16,16,,,0.6475293051525212,0.18449874076197537,0.4630305782642843,0.453600096441269,0.066371947,,Imported structure residue from md_100_prolig_center.gro | SASA: total=0.5684678176842114 | RMSF: value=0.059791453 | SASA: total=0.5678656886119654 | RMSF: value=0.06460672 | SASA: total=0.5884191889574032 | RMSF: value=0.068994485 | SASA: total=0.551637074734905,
Chain 0::467,Chain 0,467,Chain 0 / ASP467,ASP,Intermediate,16,0,0,16,16,,,0.5147813924283969,0.4608884770607594,0.05389290907472662,0.275284167074009,0.07024448293749999,,Imported structure residue from md_100_prolig_center.gro | SASA: total=0.5281272017129577 | RMSF: value=0.06396292 | SASA: total=0.5622732515382295 | RMSF: value=0.07001227 | SASA: total=0.5430076511779635 | RMSF: value=0.069473624 | SASA: total=0.5441256124194306,
Chain 0::468,Chain 0,468,Chain 0 / ILE468,ILE,conserved | Buried,16,0,0,16,16,,,0.0030530343799838,0.001781029032115677,0.0012720053733699947,0.0016867593259579006,0.06391722375,,Imported structure residue from md_100_prolig_center.gro | Manual tag: I468 | SASA: total=0.0010546038646509152 | SASA: total=0.0013906408359508702 | RMSF: value=0.06606289 | SASA: total=0.0016143504935916108 | RMSF: value=0.06551465 | SASA: total=0.0013202482391849602,
Chain 0::469,Chain 0,469,Chain 0 / ALA469,ALA,Mixed_exposure,16,0,0,16,16,,,0.28185517272749444,0.05311240387116882,0.22874276739364202,0.22515235925324362,0.07610143137499999,,Imported structure residue from md_100_prolig_center.gro | SASA: total=0.2708921447248742 | RMSF: value=0.07000764 | SASA: total=0.26193534841041755 | RMSF: value=0.07354421 | SASA: total=0.28106385292393143 | RMSF: value=0.07701195 | SASA: total=0.3013192403434527,
Chain 0::470,Chain 0,470,Chain 0 / ALA470,ALA,Exposed,16,0,0,16,16,,,0.7500948425253282,0.13479371963410022,0.615301126798633,0.5700816449000833,0.090227196,,Imported structure residue from md_100_prolig_center.gro | SASA: total=0.689337912024838 | RMSF: value=0.08171568 | SASA: total=0.6898420854370193 | RMSF: value=0.084209345 | SASA: total=0.762894602105169 | RMSF: value=0.08742335 | SASA: total=0.7018805317359396,
Chain 0::471,Chain 0,471,Chain 0 / PHE471,PHE,Intermediate,16,0,0,16,16,,,0.9713740771138433,0.15581234395336865,0.8155617148864386,0.41426482016367455,0.091532181125,,Imported structure residue from md_100_prolig_center.gro | SASA: total=0.9879353601153534 | RMSF: value=0.080840856 | SASA: total=0.9740517776791412 | RMSF: value=0.088680625 | SASA: total=1.1150531886827828 | RMSF: value=0.08325045 | SASA: total=0.9952508824886662,
Chain 0::472,Chain 0,472,Chain 0 / ARG472,ARG,Mixed_exposure,16,0,0,16,16,,,0.6791003704034161,0.2634244984301674,0.41567588221318647,0.30193404905511145,0.11278204593749999,,Imported structure residue from md_100_prolig_center.gro | SASA: total=0.8279828081036559 | RMSF: value=0.0827292 | SASA: total=0.7764236962441171 | RMSF: value=0.09453874 | SASA: total=0.5802026751017807 | RMSF: value=0.09948759 | SASA: total=0.5154290293702984,
Chain 0::473,Chain 0,473,Chain 0 / ALA473,ALA,Exposed,16,0,0,16,16,,,0.7849444346041372,0.26929547954442923,0.5156489436025963,0.6206609606723164,0.15787162306250002,,Imported structure residue from md_100_prolig_center.gro | SASA: total=0.6982591323333212 | RMSF: value=0.12170936 | SASA: total=0.7136487695250181 | RMSF: value=0.12210983 | SASA: total=0.7986243042615381 | RMSF: value=0.13774055 | SASA: total=0.7574790822397365,
Chain 0::474,Chain 0,474,Chain 0 / ALA474,ALA,Mixed_exposure,16,0,0,16,16,,,0.8648930516066307,0.22276857156586882,0.6421245095408797,0.6564844739780039,0.3312269175,,Imported structure residue from md_100_prolig_center.gro | SASA: total=0.8723821994101647 | RMSF: value=0.29959905 | SASA: total=0.8242035744213821 | RMSF: value=0.34581882 | SASA: total=0.7249369516526118 | RMSF: value=0.39281616 | SASA: total=0.9407086962520486,
Chain 0::475,Chain 0,475,Chain 0 / GLY475,GLY,Mixed_exposure,16,0,0,16,16,,,0.7263501102639602,0.2723011718647979,0.45404893401456936,0.6103188987410711,0.4895839,,Imported structure residue from md_100_prolig_center.gro | SASA: total=0.7248818098318459 | RMSF: value=0.44942683 | SASA: total=0.7062581045792835 | RMSF: value=0.5320943 | SASA: total=0.4823025007649223 | RMSF: value=0.5282307 | SASA: total=0.47869054456748583,
Chain 0::476,Chain 0,476,Chain 0 / HIS476,HIS,Exposed,16,0,0,16,16,,,2.242392681539059,0.9213261498451824,1.3210665283005425,1.0381447599717863,0.69482366,,Imported structure residue from md_100_prolig_center.gro | SASA: total=2.4648942734935497 | RMSF: value=0.70778483 | SASA: total=2.035931476271979 | RMSF: value=0.7983482 | SASA: total=2.0544224611603386 | RMSF: value=0.8011589 | SASA: total=1.9072887897491455,
Chain 0::477,Chain 0,477,Chain 0 / udp477,udp,,16,16,14,0,0,-0.0572315913,0.07485371771086058,,,,,,,Imported structure residue from md_100_prolig_center.gro | MMPBSA traj_nowat_100_f100 Total: TOTAL=NA | MMPBSA traj_nowat_100_f100 Total: TOTAL=0.19626502479999924 | MMPBSA traj_nowat_100_f100 Total: TOTAL=-0.08011285359999994 | MMPBSA traj_nowat_100_f100 Total: TOTAL=0.07481480399999924 | MMPBSA traj_nowat_100_f100 Total: TOTAL=-0.01692204560000141 | MMPBSA traj_nowat_100_f100 Total: TOTAL=-0.17944797360000053 | MMPBSA traj_nowat_100_f100 Total: TOTAL=0.14948373440000007,
Chain 0::478,Chain 0,478,Chain 0 / esc478,esc,,16,16,16,0,0,-7.6457281742999985,0.49232017982017984,,,,,,,Imported structure residue from md_100_prolig_center.gro | MMPBSA traj_nowat_100_f100 Total: TOTAL=NA | MMPBSA traj_nowat_100_f100 Total: TOTAL=-5.047204302400001 | MMPBSA traj_nowat_100_f100 Total: TOTAL=-7.315799805599999 | MMPBSA traj_nowat_100_f100 Total: TOTAL=-4.9459713944 | MMPBSA traj_nowat_100_f100 Total: TOTAL=-7.03616432 | MMPBSA traj_nowat_100_f100 Total: TOTAL=-7.575434656 | MMPBSA traj_nowat_100_f100 Total: TOTAL=-10.600626635199998,
