view_mode,display_mode,dataset_id,dataset_name,metric_type,source_id,series_key,series_label,column,x_label,x_value,y_value,raw_unit,display_unit
line,overlay,sdt3-homo,sdt3-homo,gyrate,5cpdb5hy,5cpdb5hy::Rg,sdt3-homo / Rg,Rg,Time (ps),0,2.2155266852773057,nm,nm
line,overlay,sdt3-homo,sdt3-homo,gyrate,5cpdb5hy,5cpdb5hy::Rg,sdt3-homo / Rg,Rg,Time (ps),1000,2.213968042342322,nm,nm
line,overlay,sdt3-homo,sdt3-homo,gyrate,5cpdb5hy,5cpdb5hy::Rg,sdt3-homo / Rg,Rg,Time (ps),2000,2.216066966860229,nm,nm
line,overlay,sdt3-homo,sdt3-homo,gyrate,5cpdb5hy,5cpdb5hy::Rg,sdt3-homo / Rg,Rg,Time (ps),3000,2.2166193954386544,nm,nm
line,overlay,sdt3-homo,sdt3-homo,gyrate,5cpdb5hy,5cpdb5hy::Rg,sdt3-homo / Rg,Rg,Time (ps),4000,2.22061170852603,nm,nm
line,overlay,sdt3-homo,sdt3-homo,gyrate,5cpdb5hy,5cpdb5hy::Rg,sdt3-homo / Rg,Rg,Time (ps),5000,2.2185465721638837,nm,nm
line,overlay,sdt3-homo,sdt3-homo,gyrate,5cpdb5hy,5cpdb5hy::Rg,sdt3-homo / Rg,Rg,Time (ps),6000,2.2185823664919395,nm,nm
line,overlay,sdt3-homo,sdt3-homo,gyrate,5cpdb5hy,5cpdb5hy::Rg,sdt3-homo / Rg,Rg,Time (ps),7000,2.229008862854391,nm,nm
line,overlay,sdt3-homo,sdt3-homo,gyrate,5cpdb5hy,5cpdb5hy::Rg,sdt3-homo / Rg,Rg,Time (ps),8000,2.2385884998753367,nm,nm
line,overlay,sdt3-homo,sdt3-homo,gyrate,5cpdb5hy,5cpdb5hy::Rg,sdt3-homo / Rg,Rg,Time (ps),9000,2.2266458554083326,nm,nm
line,overlay,sdt3-homo,sdt3-homo,gyrate,5cpdb5hy,5cpdb5hy::Rg,sdt3-homo / Rg,Rg,Time (ps),10000,2.2338934156902104,nm,nm
line,overlay,sdt3-homo,sdt3-homo,gyrate,5cpdb5hy,5cpdb5hy::Rg,sdt3-homo / Rg,Rg,Time (ps),11000,2.225859689061731,nm,nm
line,overlay,sdt3-homo,sdt3-homo,gyrate,5cpdb5hy,5cpdb5hy::Rg,sdt3-homo / Rg,Rg,Time (ps),12000,2.232511907271276,nm,nm
line,overlay,sdt3-homo,sdt3-homo,gyrate,5cpdb5hy,5cpdb5hy::Rg,sdt3-homo / Rg,Rg,Time (ps),13000,2.2350213951405182,nm,nm
line,overlay,sdt3-homo,sdt3-homo,gyrate,5cpdb5hy,5cpdb5hy::Rg,sdt3-homo / Rg,Rg,Time (ps),14000,2.2330960541349567,nm,nm
line,overlay,sdt3-homo,sdt3-homo,gyrate,5cpdb5hy,5cpdb5hy::Rg,sdt3-homo / Rg,Rg,Time (ps),15000,2.218343416507469,nm,nm
line,overlay,sdt3-homo,sdt3-homo,gyrate,5cpdb5hy,5cpdb5hy::Rg,sdt3-homo / Rg,Rg,Time (ps),16000,2.228804282902788,nm,nm
line,overlay,sdt3-homo,sdt3-homo,gyrate,5cpdb5hy,5cpdb5hy::Rg,sdt3-homo / Rg,Rg,Time (ps),17000,2.226359803668408,nm,nm
line,overlay,sdt3-homo,sdt3-homo,gyrate,5cpdb5hy,5cpdb5hy::Rg,sdt3-homo / Rg,Rg,Time (ps),18000,2.220430474528269,nm,nm
line,overlay,sdt3-homo,sdt3-homo,gyrate,5cpdb5hy,5cpdb5hy::Rg,sdt3-homo / Rg,Rg,Time (ps),19000,2.226224984682048,nm,nm
line,overlay,sdt3-homo,sdt3-homo,gyrate,5cpdb5hy,5cpdb5hy::Rg,sdt3-homo / Rg,Rg,Time (ps),20000,2.228764591985671,nm,nm
line,overlay,sdt3-homo,sdt3-homo,gyrate,5cpdb5hy,5cpdb5hy::Rg,sdt3-homo / Rg,Rg,Time (ps),21000,2.231749744372877,nm,nm
line,overlay,sdt3-homo,sdt3-homo,gyrate,5cpdb5hy,5cpdb5hy::Rg,sdt3-homo / Rg,Rg,Time (ps),22000,2.2357154435260256,nm,nm
line,overlay,sdt3-homo,sdt3-homo,gyrate,5cpdb5hy,5cpdb5hy::Rg,sdt3-homo / Rg,Rg,Time (ps),23000,2.2311755947082,nm,nm
line,overlay,sdt3-homo,sdt3-homo,gyrate,5cpdb5hy,5cpdb5hy::Rg,sdt3-homo / Rg,Rg,Time (ps),24000,2.236639240263454,nm,nm
line,overlay,sdt3-homo,sdt3-homo,gyrate,5cpdb5hy,5cpdb5hy::Rg,sdt3-homo / Rg,Rg,Time (ps),25000,2.234013581451856,nm,nm
line,overlay,sdt3-homo,sdt3-homo,gyrate,5cpdb5hy,5cpdb5hy::Rg,sdt3-homo / Rg,Rg,Time (ps),26000,2.2395536494078283,nm,nm
line,overlay,sdt3-homo,sdt3-homo,gyrate,5cpdb5hy,5cpdb5hy::Rg,sdt3-homo / Rg,Rg,Time (ps),27000,2.2279692021442634,nm,nm
line,overlay,sdt3-homo,sdt3-homo,gyrate,5cpdb5hy,5cpdb5hy::Rg,sdt3-homo / Rg,Rg,Time (ps),28000,2.24119812118067,nm,nm
line,overlay,sdt3-homo,sdt3-homo,gyrate,5cpdb5hy,5cpdb5hy::Rg,sdt3-homo / Rg,Rg,Time (ps),29000,2.2450369177412184,nm,nm
line,overlay,sdt3-homo,sdt3-homo,gyrate,5cpdb5hy,5cpdb5hy::Rg,sdt3-homo / Rg,Rg,Time (ps),30000,2.246555020045591,nm,nm
line,overlay,sdt3-homo,sdt3-homo,gyrate,5cpdb5hy,5cpdb5hy::Rg,sdt3-homo / Rg,Rg,Time (ps),31000,2.2456207749741077,nm,nm
line,overlay,sdt3-homo,sdt3-homo,gyrate,5cpdb5hy,5cpdb5hy::Rg,sdt3-homo / Rg,Rg,Time (ps),32000,2.249318998370504,nm,nm
line,overlay,sdt3-homo,sdt3-homo,gyrate,5cpdb5hy,5cpdb5hy::Rg,sdt3-homo / Rg,Rg,Time (ps),33000,2.2371345148127246,nm,nm
line,overlay,sdt3-homo,sdt3-homo,gyrate,5cpdb5hy,5cpdb5hy::Rg,sdt3-homo / Rg,Rg,Time (ps),34000,2.2402107995017504,nm,nm
line,overlay,sdt3-homo,sdt3-homo,gyrate,5cpdb5hy,5cpdb5hy::Rg,sdt3-homo / Rg,Rg,Time (ps),35000,2.244760089914136,nm,nm
line,overlay,sdt3-homo,sdt3-homo,gyrate,5cpdb5hy,5cpdb5hy::Rg,sdt3-homo / Rg,Rg,Time (ps),36000,2.2330410899526103,nm,nm
line,overlay,sdt3-homo,sdt3-homo,gyrate,5cpdb5hy,5cpdb5hy::Rg,sdt3-homo / Rg,Rg,Time (ps),37000,2.236352799207304,nm,nm
line,overlay,sdt3-homo,sdt3-homo,gyrate,5cpdb5hy,5cpdb5hy::Rg,sdt3-homo / Rg,Rg,Time (ps),38000,2.237212805730009,nm,nm
line,overlay,sdt3-homo,sdt3-homo,gyrate,5cpdb5hy,5cpdb5hy::Rg,sdt3-homo / Rg,Rg,Time (ps),39000,2.249272354123552,nm,nm
line,overlay,sdt3-homo,sdt3-homo,gyrate,5cpdb5hy,5cpdb5hy::Rg,sdt3-homo / Rg,Rg,Time (ps),40000,2.2457136317780377,nm,nm
line,overlay,sdt3-homo,sdt3-homo,gyrate,5cpdb5hy,5cpdb5hy::Rg,sdt3-homo / Rg,Rg,Time (ps),41000,2.246451347370901,nm,nm
line,overlay,sdt3-homo,sdt3-homo,gyrate,5cpdb5hy,5cpdb5hy::Rg,sdt3-homo / Rg,Rg,Time (ps),42000,2.242875657902081,nm,nm
line,overlay,sdt3-homo,sdt3-homo,gyrate,5cpdb5hy,5cpdb5hy::Rg,sdt3-homo / Rg,Rg,Time (ps),43000,2.2439959125063216,nm,nm
line,overlay,sdt3-homo,sdt3-homo,gyrate,5cpdb5hy,5cpdb5hy::Rg,sdt3-homo / Rg,Rg,Time (ps),44000,2.267975079818142,nm,nm
line,overlay,sdt3-homo,sdt3-homo,gyrate,5cpdb5hy,5cpdb5hy::Rg,sdt3-homo / Rg,Rg,Time (ps),45000,2.253997531132268,nm,nm
line,overlay,sdt3-homo,sdt3-homo,gyrate,5cpdb5hy,5cpdb5hy::Rg,sdt3-homo / Rg,Rg,Time (ps),46000,2.254699872184679,nm,nm
line,overlay,sdt3-homo,sdt3-homo,gyrate,5cpdb5hy,5cpdb5hy::Rg,sdt3-homo / Rg,Rg,Time (ps),47000,2.2460185078986927,nm,nm
line,overlay,sdt3-homo,sdt3-homo,gyrate,5cpdb5hy,5cpdb5hy::Rg,sdt3-homo / Rg,Rg,Time (ps),48000,2.2553124905177064,nm,nm
line,overlay,sdt3-homo,sdt3-homo,gyrate,5cpdb5hy,5cpdb5hy::Rg,sdt3-homo / Rg,Rg,Time (ps),49000,2.255801036482055,nm,nm
line,overlay,sdt3-homo,sdt3-homo,gyrate,5cpdb5hy,5cpdb5hy::Rg,sdt3-homo / Rg,Rg,Time (ps),50000,2.2414888016337398,nm,nm
line,overlay,sdt3-homo,sdt3-homo,gyrate,5cpdb5hy,5cpdb5hy::Rg,sdt3-homo / Rg,Rg,Time (ps),51000,2.2520332728670995,nm,nm
line,overlay,sdt3-homo,sdt3-homo,gyrate,5cpdb5hy,5cpdb5hy::Rg,sdt3-homo / Rg,Rg,Time (ps),52000,2.2719703767520656,nm,nm
line,overlay,sdt3-homo,sdt3-homo,gyrate,5cpdb5hy,5cpdb5hy::Rg,sdt3-homo / Rg,Rg,Time (ps),53000,2.2656793494710588,nm,nm
line,overlay,sdt3-homo,sdt3-homo,gyrate,5cpdb5hy,5cpdb5hy::Rg,sdt3-homo / Rg,Rg,Time (ps),54000,2.279510326788731,nm,nm
line,overlay,sdt3-homo,sdt3-homo,gyrate,5cpdb5hy,5cpdb5hy::Rg,sdt3-homo / Rg,Rg,Time (ps),55000,2.285783908119786,nm,nm
line,overlay,sdt3-homo,sdt3-homo,gyrate,5cpdb5hy,5cpdb5hy::Rg,sdt3-homo / Rg,Rg,Time (ps),56000,2.273706995013705,nm,nm
line,overlay,sdt3-homo,sdt3-homo,gyrate,5cpdb5hy,5cpdb5hy::Rg,sdt3-homo / Rg,Rg,Time (ps),57000,2.2801613397139278,nm,nm
line,overlay,sdt3-homo,sdt3-homo,gyrate,5cpdb5hy,5cpdb5hy::Rg,sdt3-homo / Rg,Rg,Time (ps),58000,2.265270601844866,nm,nm
line,overlay,sdt3-homo,sdt3-homo,gyrate,5cpdb5hy,5cpdb5hy::Rg,sdt3-homo / Rg,Rg,Time (ps),59000,2.2580207828398344,nm,nm
line,overlay,sdt3-homo,sdt3-homo,gyrate,5cpdb5hy,5cpdb5hy::Rg,sdt3-homo / Rg,Rg,Time (ps),60000,2.263624995807949,nm,nm
line,overlay,sdt3-homo,sdt3-homo,gyrate,5cpdb5hy,5cpdb5hy::Rg,sdt3-homo / Rg,Rg,Time (ps),61000,2.252557712464069,nm,nm
line,overlay,sdt3-homo,sdt3-homo,gyrate,5cpdb5hy,5cpdb5hy::Rg,sdt3-homo / Rg,Rg,Time (ps),62000,2.246398534945893,nm,nm
line,overlay,sdt3-homo,sdt3-homo,gyrate,5cpdb5hy,5cpdb5hy::Rg,sdt3-homo / Rg,Rg,Time (ps),63000,2.241892159543318,nm,nm
line,overlay,sdt3-homo,sdt3-homo,gyrate,5cpdb5hy,5cpdb5hy::Rg,sdt3-homo / Rg,Rg,Time (ps),64000,2.242391711268667,nm,nm
line,overlay,sdt3-homo,sdt3-homo,gyrate,5cpdb5hy,5cpdb5hy::Rg,sdt3-homo / Rg,Rg,Time (ps),65000,2.245104742037262,nm,nm
line,overlay,sdt3-homo,sdt3-homo,gyrate,5cpdb5hy,5cpdb5hy::Rg,sdt3-homo / Rg,Rg,Time (ps),66000,2.2431678951503096,nm,nm
line,overlay,sdt3-homo,sdt3-homo,gyrate,5cpdb5hy,5cpdb5hy::Rg,sdt3-homo / Rg,Rg,Time (ps),67000,2.2482962498413768,nm,nm
line,overlay,sdt3-homo,sdt3-homo,gyrate,5cpdb5hy,5cpdb5hy::Rg,sdt3-homo / Rg,Rg,Time (ps),68000,2.257619851638315,nm,nm
line,overlay,sdt3-homo,sdt3-homo,gyrate,5cpdb5hy,5cpdb5hy::Rg,sdt3-homo / Rg,Rg,Time (ps),69000,2.249803667664352,nm,nm
line,overlay,sdt3-homo,sdt3-homo,gyrate,5cpdb5hy,5cpdb5hy::Rg,sdt3-homo / Rg,Rg,Time (ps),70000,2.253716706198054,nm,nm
line,overlay,sdt3-homo,sdt3-homo,gyrate,5cpdb5hy,5cpdb5hy::Rg,sdt3-homo / Rg,Rg,Time (ps),71000,2.2612660847615658,nm,nm
line,overlay,sdt3-homo,sdt3-homo,gyrate,5cpdb5hy,5cpdb5hy::Rg,sdt3-homo / Rg,Rg,Time (ps),72000,2.259777812453941,nm,nm
line,overlay,sdt3-homo,sdt3-homo,gyrate,5cpdb5hy,5cpdb5hy::Rg,sdt3-homo / Rg,Rg,Time (ps),73000,2.251470919664729,nm,nm
line,overlay,sdt3-homo,sdt3-homo,gyrate,5cpdb5hy,5cpdb5hy::Rg,sdt3-homo / Rg,Rg,Time (ps),74000,2.2504685449187933,nm,nm
line,overlay,sdt3-homo,sdt3-homo,gyrate,5cpdb5hy,5cpdb5hy::Rg,sdt3-homo / Rg,Rg,Time (ps),75000,2.237526373027776,nm,nm
line,overlay,sdt3-homo,sdt3-homo,gyrate,5cpdb5hy,5cpdb5hy::Rg,sdt3-homo / Rg,Rg,Time (ps),76000,2.243323250005396,nm,nm
line,overlay,sdt3-homo,sdt3-homo,gyrate,5cpdb5hy,5cpdb5hy::Rg,sdt3-homo / Rg,Rg,Time (ps),77000,2.2567220380667794,nm,nm
line,overlay,sdt3-homo,sdt3-homo,gyrate,5cpdb5hy,5cpdb5hy::Rg,sdt3-homo / Rg,Rg,Time (ps),78000,2.249678031366426,nm,nm
line,overlay,sdt3-homo,sdt3-homo,gyrate,5cpdb5hy,5cpdb5hy::Rg,sdt3-homo / Rg,Rg,Time (ps),79000,2.2344086563700976,nm,nm
line,overlay,sdt3-homo,sdt3-homo,gyrate,5cpdb5hy,5cpdb5hy::Rg,sdt3-homo / Rg,Rg,Time (ps),80000,2.222038765156632,nm,nm
line,overlay,sdt3-homo,sdt3-homo,gyrate,5cpdb5hy,5cpdb5hy::Rg,sdt3-homo / Rg,Rg,Time (ps),81000,2.251085314564268,nm,nm
line,overlay,sdt3-homo,sdt3-homo,gyrate,5cpdb5hy,5cpdb5hy::Rg,sdt3-homo / Rg,Rg,Time (ps),82000,2.2445924235989563,nm,nm
line,overlay,sdt3-homo,sdt3-homo,gyrate,5cpdb5hy,5cpdb5hy::Rg,sdt3-homo / Rg,Rg,Time (ps),83000,2.24867219503109,nm,nm
line,overlay,sdt3-homo,sdt3-homo,gyrate,5cpdb5hy,5cpdb5hy::Rg,sdt3-homo / Rg,Rg,Time (ps),84000,2.246848086425979,nm,nm
line,overlay,sdt3-homo,sdt3-homo,gyrate,5cpdb5hy,5cpdb5hy::Rg,sdt3-homo / Rg,Rg,Time (ps),85000,2.2430313555702326,nm,nm
line,overlay,sdt3-homo,sdt3-homo,gyrate,5cpdb5hy,5cpdb5hy::Rg,sdt3-homo / Rg,Rg,Time (ps),86000,2.247866705215112,nm,nm
line,overlay,sdt3-homo,sdt3-homo,gyrate,5cpdb5hy,5cpdb5hy::Rg,sdt3-homo / Rg,Rg,Time (ps),87000,2.235718335112208,nm,nm
line,overlay,sdt3-homo,sdt3-homo,gyrate,5cpdb5hy,5cpdb5hy::Rg,sdt3-homo / Rg,Rg,Time (ps),88000,2.2468370967232465,nm,nm
line,overlay,sdt3-homo,sdt3-homo,gyrate,5cpdb5hy,5cpdb5hy::Rg,sdt3-homo / Rg,Rg,Time (ps),89000,2.2597989354874897,nm,nm
line,overlay,sdt3-homo,sdt3-homo,gyrate,5cpdb5hy,5cpdb5hy::Rg,sdt3-homo / Rg,Rg,Time (ps),90000,2.2453413416635253,nm,nm
line,overlay,sdt3-homo,sdt3-homo,gyrate,5cpdb5hy,5cpdb5hy::Rg,sdt3-homo / Rg,Rg,Time (ps),91000,2.246587613685002,nm,nm
line,overlay,sdt3-homo,sdt3-homo,gyrate,5cpdb5hy,5cpdb5hy::Rg,sdt3-homo / Rg,Rg,Time (ps),92000,2.256191532919931,nm,nm
line,overlay,sdt3-homo,sdt3-homo,gyrate,5cpdb5hy,5cpdb5hy::Rg,sdt3-homo / Rg,Rg,Time (ps),93000,2.247288605388894,nm,nm
line,overlay,sdt3-homo,sdt3-homo,gyrate,5cpdb5hy,5cpdb5hy::Rg,sdt3-homo / Rg,Rg,Time (ps),94000,2.2549381763227467,nm,nm
line,overlay,sdt3-homo,sdt3-homo,gyrate,5cpdb5hy,5cpdb5hy::Rg,sdt3-homo / Rg,Rg,Time (ps),95000,2.2452194531899887,nm,nm
line,overlay,sdt3-homo,sdt3-homo,gyrate,5cpdb5hy,5cpdb5hy::Rg,sdt3-homo / Rg,Rg,Time (ps),96000,2.248544270492865,nm,nm
line,overlay,sdt3-homo,sdt3-homo,gyrate,5cpdb5hy,5cpdb5hy::Rg,sdt3-homo / Rg,Rg,Time (ps),97000,2.2624787068273435,nm,nm
line,overlay,sdt3-homo,sdt3-homo,gyrate,5cpdb5hy,5cpdb5hy::Rg,sdt3-homo / Rg,Rg,Time (ps),98000,2.2558752687210726,nm,nm
line,overlay,sdt3-homo,sdt3-homo,gyrate,5cpdb5hy,5cpdb5hy::Rg,sdt3-homo / Rg,Rg,Time (ps),99000,2.254710055589892,nm,nm
line,overlay,sdt3-homo,sdt3-homo,gyrate,5cpdb5hy,5cpdb5hy::Rg,sdt3-homo / Rg,Rg,Time (ps),100000,2.249296347214994,nm,nm
line,overlay,sdt3-homo-2,sdt3-homo-2,gyrate,lu256zlz,lu256zlz::Rg,sdt3-homo-2 / Rg,Rg,Time (ps),0,2.221266191001189,nm,nm
line,overlay,sdt3-homo-2,sdt3-homo-2,gyrate,lu256zlz,lu256zlz::Rg,sdt3-homo-2 / Rg,Rg,Time (ps),1000,2.2331787360110678,nm,nm
line,overlay,sdt3-homo-2,sdt3-homo-2,gyrate,lu256zlz,lu256zlz::Rg,sdt3-homo-2 / Rg,Rg,Time (ps),2000,2.230133034405907,nm,nm
line,overlay,sdt3-homo-2,sdt3-homo-2,gyrate,lu256zlz,lu256zlz::Rg,sdt3-homo-2 / Rg,Rg,Time (ps),3000,2.222579496678024,nm,nm
line,overlay,sdt3-homo-2,sdt3-homo-2,gyrate,lu256zlz,lu256zlz::Rg,sdt3-homo-2 / Rg,Rg,Time (ps),4000,2.2275862729194995,nm,nm
line,overlay,sdt3-homo-2,sdt3-homo-2,gyrate,lu256zlz,lu256zlz::Rg,sdt3-homo-2 / Rg,Rg,Time (ps),5000,2.239130098424032,nm,nm
line,overlay,sdt3-homo-2,sdt3-homo-2,gyrate,lu256zlz,lu256zlz::Rg,sdt3-homo-2 / Rg,Rg,Time (ps),6000,2.2275413619376603,nm,nm
line,overlay,sdt3-homo-2,sdt3-homo-2,gyrate,lu256zlz,lu256zlz::Rg,sdt3-homo-2 / Rg,Rg,Time (ps),7000,2.238978478131616,nm,nm
line,overlay,sdt3-homo-2,sdt3-homo-2,gyrate,lu256zlz,lu256zlz::Rg,sdt3-homo-2 / Rg,Rg,Time (ps),8000,2.227698839835657,nm,nm
line,overlay,sdt3-homo-2,sdt3-homo-2,gyrate,lu256zlz,lu256zlz::Rg,sdt3-homo-2 / Rg,Rg,Time (ps),9000,2.2320455451383827,nm,nm
line,overlay,sdt3-homo-2,sdt3-homo-2,gyrate,lu256zlz,lu256zlz::Rg,sdt3-homo-2 / Rg,Rg,Time (ps),10000,2.2141397157122475,nm,nm
line,overlay,sdt3-homo-2,sdt3-homo-2,gyrate,lu256zlz,lu256zlz::Rg,sdt3-homo-2 / Rg,Rg,Time (ps),11000,2.2165466373222253,nm,nm
line,overlay,sdt3-homo-2,sdt3-homo-2,gyrate,lu256zlz,lu256zlz::Rg,sdt3-homo-2 / Rg,Rg,Time (ps),12000,2.224361014487531,nm,nm
line,overlay,sdt3-homo-2,sdt3-homo-2,gyrate,lu256zlz,lu256zlz::Rg,sdt3-homo-2 / Rg,Rg,Time (ps),13000,2.223551099868597,nm,nm
line,overlay,sdt3-homo-2,sdt3-homo-2,gyrate,lu256zlz,lu256zlz::Rg,sdt3-homo-2 / Rg,Rg,Time (ps),14000,2.2237521495267534,nm,nm
line,overlay,sdt3-homo-2,sdt3-homo-2,gyrate,lu256zlz,lu256zlz::Rg,sdt3-homo-2 / Rg,Rg,Time (ps),15000,2.22385527952017,nm,nm
line,overlay,sdt3-homo-2,sdt3-homo-2,gyrate,lu256zlz,lu256zlz::Rg,sdt3-homo-2 / Rg,Rg,Time (ps),16000,2.235085721826658,nm,nm
line,overlay,sdt3-homo-2,sdt3-homo-2,gyrate,lu256zlz,lu256zlz::Rg,sdt3-homo-2 / Rg,Rg,Time (ps),17000,2.232467553258393,nm,nm
line,overlay,sdt3-homo-2,sdt3-homo-2,gyrate,lu256zlz,lu256zlz::Rg,sdt3-homo-2 / Rg,Rg,Time (ps),18000,2.234115395265339,nm,nm
line,overlay,sdt3-homo-2,sdt3-homo-2,gyrate,lu256zlz,lu256zlz::Rg,sdt3-homo-2 / Rg,Rg,Time (ps),19000,2.2221896892728488,nm,nm
line,overlay,sdt3-homo-2,sdt3-homo-2,gyrate,lu256zlz,lu256zlz::Rg,sdt3-homo-2 / Rg,Rg,Time (ps),20000,2.22865841756506,nm,nm
line,overlay,sdt3-homo-2,sdt3-homo-2,gyrate,lu256zlz,lu256zlz::Rg,sdt3-homo-2 / Rg,Rg,Time (ps),21000,2.2242900832194965,nm,nm
line,overlay,sdt3-homo-2,sdt3-homo-2,gyrate,lu256zlz,lu256zlz::Rg,sdt3-homo-2 / Rg,Rg,Time (ps),22000,2.212466168925469,nm,nm
line,overlay,sdt3-homo-2,sdt3-homo-2,gyrate,lu256zlz,lu256zlz::Rg,sdt3-homo-2 / Rg,Rg,Time (ps),23000,2.2206645294464944,nm,nm
line,overlay,sdt3-homo-2,sdt3-homo-2,gyrate,lu256zlz,lu256zlz::Rg,sdt3-homo-2 / Rg,Rg,Time (ps),24000,2.2200171731795657,nm,nm
line,overlay,sdt3-homo-2,sdt3-homo-2,gyrate,lu256zlz,lu256zlz::Rg,sdt3-homo-2 / Rg,Rg,Time (ps),25000,2.222201904233477,nm,nm
line,overlay,sdt3-homo-2,sdt3-homo-2,gyrate,lu256zlz,lu256zlz::Rg,sdt3-homo-2 / Rg,Rg,Time (ps),26000,2.216605836733723,nm,nm
line,overlay,sdt3-homo-2,sdt3-homo-2,gyrate,lu256zlz,lu256zlz::Rg,sdt3-homo-2 / Rg,Rg,Time (ps),27000,2.224713869775036,nm,nm
line,overlay,sdt3-homo-2,sdt3-homo-2,gyrate,lu256zlz,lu256zlz::Rg,sdt3-homo-2 / Rg,Rg,Time (ps),28000,2.220430094205125,nm,nm
line,overlay,sdt3-homo-2,sdt3-homo-2,gyrate,lu256zlz,lu256zlz::Rg,sdt3-homo-2 / Rg,Rg,Time (ps),29000,2.2304588240779037,nm,nm
line,overlay,sdt3-homo-2,sdt3-homo-2,gyrate,lu256zlz,lu256zlz::Rg,sdt3-homo-2 / Rg,Rg,Time (ps),30000,2.2224021517638617,nm,nm
line,overlay,sdt3-homo-2,sdt3-homo-2,gyrate,lu256zlz,lu256zlz::Rg,sdt3-homo-2 / Rg,Rg,Time (ps),31000,2.2269748156121927,nm,nm
line,overlay,sdt3-homo-2,sdt3-homo-2,gyrate,lu256zlz,lu256zlz::Rg,sdt3-homo-2 / Rg,Rg,Time (ps),32000,2.2268384116758706,nm,nm
line,overlay,sdt3-homo-2,sdt3-homo-2,gyrate,lu256zlz,lu256zlz::Rg,sdt3-homo-2 / Rg,Rg,Time (ps),33000,2.226968459453094,nm,nm
line,overlay,sdt3-homo-2,sdt3-homo-2,gyrate,lu256zlz,lu256zlz::Rg,sdt3-homo-2 / Rg,Rg,Time (ps),34000,2.226602110620543,nm,nm
line,overlay,sdt3-homo-2,sdt3-homo-2,gyrate,lu256zlz,lu256zlz::Rg,sdt3-homo-2 / Rg,Rg,Time (ps),35000,2.2260178197122307,nm,nm
line,overlay,sdt3-homo-2,sdt3-homo-2,gyrate,lu256zlz,lu256zlz::Rg,sdt3-homo-2 / Rg,Rg,Time (ps),36000,2.2202603726269894,nm,nm
line,overlay,sdt3-homo-2,sdt3-homo-2,gyrate,lu256zlz,lu256zlz::Rg,sdt3-homo-2 / Rg,Rg,Time (ps),37000,2.2258909615436275,nm,nm
line,overlay,sdt3-homo-2,sdt3-homo-2,gyrate,lu256zlz,lu256zlz::Rg,sdt3-homo-2 / Rg,Rg,Time (ps),38000,2.2195310625913423,nm,nm
line,overlay,sdt3-homo-2,sdt3-homo-2,gyrate,lu256zlz,lu256zlz::Rg,sdt3-homo-2 / Rg,Rg,Time (ps),39000,2.214787297030477,nm,nm
line,overlay,sdt3-homo-2,sdt3-homo-2,gyrate,lu256zlz,lu256zlz::Rg,sdt3-homo-2 / Rg,Rg,Time (ps),40000,2.220174309195338,nm,nm
line,overlay,sdt3-homo-2,sdt3-homo-2,gyrate,lu256zlz,lu256zlz::Rg,sdt3-homo-2 / Rg,Rg,Time (ps),41000,2.219349392872189,nm,nm
line,overlay,sdt3-homo-2,sdt3-homo-2,gyrate,lu256zlz,lu256zlz::Rg,sdt3-homo-2 / Rg,Rg,Time (ps),42000,2.2169294209834964,nm,nm
line,overlay,sdt3-homo-2,sdt3-homo-2,gyrate,lu256zlz,lu256zlz::Rg,sdt3-homo-2 / Rg,Rg,Time (ps),43000,2.223689451554432,nm,nm
line,overlay,sdt3-homo-2,sdt3-homo-2,gyrate,lu256zlz,lu256zlz::Rg,sdt3-homo-2 / Rg,Rg,Time (ps),44000,2.2251655242923136,nm,nm
line,overlay,sdt3-homo-2,sdt3-homo-2,gyrate,lu256zlz,lu256zlz::Rg,sdt3-homo-2 / Rg,Rg,Time (ps),45000,2.2176917233832745,nm,nm
line,overlay,sdt3-homo-2,sdt3-homo-2,gyrate,lu256zlz,lu256zlz::Rg,sdt3-homo-2 / Rg,Rg,Time (ps),46000,2.231247954399288,nm,nm
line,overlay,sdt3-homo-2,sdt3-homo-2,gyrate,lu256zlz,lu256zlz::Rg,sdt3-homo-2 / Rg,Rg,Time (ps),47000,2.2275471863086693,nm,nm
line,overlay,sdt3-homo-2,sdt3-homo-2,gyrate,lu256zlz,lu256zlz::Rg,sdt3-homo-2 / Rg,Rg,Time (ps),48000,2.225821904583963,nm,nm
line,overlay,sdt3-homo-2,sdt3-homo-2,gyrate,lu256zlz,lu256zlz::Rg,sdt3-homo-2 / Rg,Rg,Time (ps),49000,2.227044306368645,nm,nm
line,overlay,sdt3-homo-2,sdt3-homo-2,gyrate,lu256zlz,lu256zlz::Rg,sdt3-homo-2 / Rg,Rg,Time (ps),50000,2.2345970029247297,nm,nm
line,overlay,sdt3-homo-2,sdt3-homo-2,gyrate,lu256zlz,lu256zlz::Rg,sdt3-homo-2 / Rg,Rg,Time (ps),51000,2.231028244601145,nm,nm
line,overlay,sdt3-homo-2,sdt3-homo-2,gyrate,lu256zlz,lu256zlz::Rg,sdt3-homo-2 / Rg,Rg,Time (ps),52000,2.2287478803392937,nm,nm
line,overlay,sdt3-homo-2,sdt3-homo-2,gyrate,lu256zlz,lu256zlz::Rg,sdt3-homo-2 / Rg,Rg,Time (ps),53000,2.246337332925288,nm,nm
line,overlay,sdt3-homo-2,sdt3-homo-2,gyrate,lu256zlz,lu256zlz::Rg,sdt3-homo-2 / Rg,Rg,Time (ps),54000,2.226227321427982,nm,nm
line,overlay,sdt3-homo-2,sdt3-homo-2,gyrate,lu256zlz,lu256zlz::Rg,sdt3-homo-2 / Rg,Rg,Time (ps),55000,2.228144656267345,nm,nm
line,overlay,sdt3-homo-2,sdt3-homo-2,gyrate,lu256zlz,lu256zlz::Rg,sdt3-homo-2 / Rg,Rg,Time (ps),56000,2.216949179354887,nm,nm
line,overlay,sdt3-homo-2,sdt3-homo-2,gyrate,lu256zlz,lu256zlz::Rg,sdt3-homo-2 / Rg,Rg,Time (ps),57000,2.222337128142742,nm,nm
line,overlay,sdt3-homo-2,sdt3-homo-2,gyrate,lu256zlz,lu256zlz::Rg,sdt3-homo-2 / Rg,Rg,Time (ps),58000,2.231263113149959,nm,nm
line,overlay,sdt3-homo-2,sdt3-homo-2,gyrate,lu256zlz,lu256zlz::Rg,sdt3-homo-2 / Rg,Rg,Time (ps),59000,2.228905766973774,nm,nm
line,overlay,sdt3-homo-2,sdt3-homo-2,gyrate,lu256zlz,lu256zlz::Rg,sdt3-homo-2 / Rg,Rg,Time (ps),60000,2.228688627982109,nm,nm
line,overlay,sdt3-homo-2,sdt3-homo-2,gyrate,lu256zlz,lu256zlz::Rg,sdt3-homo-2 / Rg,Rg,Time (ps),61000,2.2233238615657887,nm,nm
line,overlay,sdt3-homo-2,sdt3-homo-2,gyrate,lu256zlz,lu256zlz::Rg,sdt3-homo-2 / Rg,Rg,Time (ps),62000,2.218792136331309,nm,nm
line,overlay,sdt3-homo-2,sdt3-homo-2,gyrate,lu256zlz,lu256zlz::Rg,sdt3-homo-2 / Rg,Rg,Time (ps),63000,2.2313934823824058,nm,nm
line,overlay,sdt3-homo-2,sdt3-homo-2,gyrate,lu256zlz,lu256zlz::Rg,sdt3-homo-2 / Rg,Rg,Time (ps),64000,2.222108905608506,nm,nm
line,overlay,sdt3-homo-2,sdt3-homo-2,gyrate,lu256zlz,lu256zlz::Rg,sdt3-homo-2 / Rg,Rg,Time (ps),65000,2.2242307205296754,nm,nm
line,overlay,sdt3-homo-2,sdt3-homo-2,gyrate,lu256zlz,lu256zlz::Rg,sdt3-homo-2 / Rg,Rg,Time (ps),66000,2.218332421736252,nm,nm
line,overlay,sdt3-homo-2,sdt3-homo-2,gyrate,lu256zlz,lu256zlz::Rg,sdt3-homo-2 / Rg,Rg,Time (ps),67000,2.224231573862286,nm,nm
line,overlay,sdt3-homo-2,sdt3-homo-2,gyrate,lu256zlz,lu256zlz::Rg,sdt3-homo-2 / Rg,Rg,Time (ps),68000,2.228644875099251,nm,nm
line,overlay,sdt3-homo-2,sdt3-homo-2,gyrate,lu256zlz,lu256zlz::Rg,sdt3-homo-2 / Rg,Rg,Time (ps),69000,2.2149781956759518,nm,nm
line,overlay,sdt3-homo-2,sdt3-homo-2,gyrate,lu256zlz,lu256zlz::Rg,sdt3-homo-2 / Rg,Rg,Time (ps),70000,2.220003137217259,nm,nm
line,overlay,sdt3-homo-2,sdt3-homo-2,gyrate,lu256zlz,lu256zlz::Rg,sdt3-homo-2 / Rg,Rg,Time (ps),71000,2.214051138290559,nm,nm
line,overlay,sdt3-homo-2,sdt3-homo-2,gyrate,lu256zlz,lu256zlz::Rg,sdt3-homo-2 / Rg,Rg,Time (ps),72000,2.213159574288038,nm,nm
line,overlay,sdt3-homo-2,sdt3-homo-2,gyrate,lu256zlz,lu256zlz::Rg,sdt3-homo-2 / Rg,Rg,Time (ps),73000,2.2108618197800105,nm,nm
line,overlay,sdt3-homo-2,sdt3-homo-2,gyrate,lu256zlz,lu256zlz::Rg,sdt3-homo-2 / Rg,Rg,Time (ps),74000,2.2080663864842687,nm,nm
line,overlay,sdt3-homo-2,sdt3-homo-2,gyrate,lu256zlz,lu256zlz::Rg,sdt3-homo-2 / Rg,Rg,Time (ps),75000,2.21338653621902,nm,nm
line,overlay,sdt3-homo-2,sdt3-homo-2,gyrate,lu256zlz,lu256zlz::Rg,sdt3-homo-2 / Rg,Rg,Time (ps),76000,2.212508961366576,nm,nm
line,overlay,sdt3-homo-2,sdt3-homo-2,gyrate,lu256zlz,lu256zlz::Rg,sdt3-homo-2 / Rg,Rg,Time (ps),77000,2.211464762300769,nm,nm
line,overlay,sdt3-homo-2,sdt3-homo-2,gyrate,lu256zlz,lu256zlz::Rg,sdt3-homo-2 / Rg,Rg,Time (ps),78000,2.213585692768914,nm,nm
line,overlay,sdt3-homo-2,sdt3-homo-2,gyrate,lu256zlz,lu256zlz::Rg,sdt3-homo-2 / Rg,Rg,Time (ps),79000,2.2099832139943265,nm,nm
line,overlay,sdt3-homo-2,sdt3-homo-2,gyrate,lu256zlz,lu256zlz::Rg,sdt3-homo-2 / Rg,Rg,Time (ps),80000,2.214762733331633,nm,nm
line,overlay,sdt3-homo-2,sdt3-homo-2,gyrate,lu256zlz,lu256zlz::Rg,sdt3-homo-2 / Rg,Rg,Time (ps),81000,2.2193406910497626,nm,nm
line,overlay,sdt3-homo-2,sdt3-homo-2,gyrate,lu256zlz,lu256zlz::Rg,sdt3-homo-2 / Rg,Rg,Time (ps),82000,2.224129323689236,nm,nm
line,overlay,sdt3-homo-2,sdt3-homo-2,gyrate,lu256zlz,lu256zlz::Rg,sdt3-homo-2 / Rg,Rg,Time (ps),83000,2.2085475368275778,nm,nm
line,overlay,sdt3-homo-2,sdt3-homo-2,gyrate,lu256zlz,lu256zlz::Rg,sdt3-homo-2 / Rg,Rg,Time (ps),84000,2.213545420700713,nm,nm
line,overlay,sdt3-homo-2,sdt3-homo-2,gyrate,lu256zlz,lu256zlz::Rg,sdt3-homo-2 / Rg,Rg,Time (ps),85000,2.220429421147223,nm,nm
line,overlay,sdt3-homo-2,sdt3-homo-2,gyrate,lu256zlz,lu256zlz::Rg,sdt3-homo-2 / Rg,Rg,Time (ps),86000,2.2181153628289056,nm,nm
line,overlay,sdt3-homo-2,sdt3-homo-2,gyrate,lu256zlz,lu256zlz::Rg,sdt3-homo-2 / Rg,Rg,Time (ps),87000,2.213831555991159,nm,nm
line,overlay,sdt3-homo-2,sdt3-homo-2,gyrate,lu256zlz,lu256zlz::Rg,sdt3-homo-2 / Rg,Rg,Time (ps),88000,2.218615804922785,nm,nm
line,overlay,sdt3-homo-2,sdt3-homo-2,gyrate,lu256zlz,lu256zlz::Rg,sdt3-homo-2 / Rg,Rg,Time (ps),89000,2.22634561750933,nm,nm
line,overlay,sdt3-homo-2,sdt3-homo-2,gyrate,lu256zlz,lu256zlz::Rg,sdt3-homo-2 / Rg,Rg,Time (ps),90000,2.2257890231039723,nm,nm
line,overlay,sdt3-homo-2,sdt3-homo-2,gyrate,lu256zlz,lu256zlz::Rg,sdt3-homo-2 / Rg,Rg,Time (ps),91000,2.234272981803266,nm,nm
line,overlay,sdt3-homo-2,sdt3-homo-2,gyrate,lu256zlz,lu256zlz::Rg,sdt3-homo-2 / Rg,Rg,Time (ps),92000,2.217593422042803,nm,nm
line,overlay,sdt3-homo-2,sdt3-homo-2,gyrate,lu256zlz,lu256zlz::Rg,sdt3-homo-2 / Rg,Rg,Time (ps),93000,2.2233111672816848,nm,nm
line,overlay,sdt3-homo-2,sdt3-homo-2,gyrate,lu256zlz,lu256zlz::Rg,sdt3-homo-2 / Rg,Rg,Time (ps),94000,2.218023176329333,nm,nm
line,overlay,sdt3-homo-2,sdt3-homo-2,gyrate,lu256zlz,lu256zlz::Rg,sdt3-homo-2 / Rg,Rg,Time (ps),95000,2.2096676483061346,nm,nm
line,overlay,sdt3-homo-2,sdt3-homo-2,gyrate,lu256zlz,lu256zlz::Rg,sdt3-homo-2 / Rg,Rg,Time (ps),96000,2.2126863114633126,nm,nm
line,overlay,sdt3-homo-2,sdt3-homo-2,gyrate,lu256zlz,lu256zlz::Rg,sdt3-homo-2 / Rg,Rg,Time (ps),97000,2.2092898412946926,nm,nm
line,overlay,sdt3-homo-2,sdt3-homo-2,gyrate,lu256zlz,lu256zlz::Rg,sdt3-homo-2 / Rg,Rg,Time (ps),98000,2.2171945203302164,nm,nm
line,overlay,sdt3-homo-2,sdt3-homo-2,gyrate,lu256zlz,lu256zlz::Rg,sdt3-homo-2 / Rg,Rg,Time (ps),99000,2.220456709038871,nm,nm
line,overlay,sdt3-homo-2,sdt3-homo-2,gyrate,lu256zlz,lu256zlz::Rg,sdt3-homo-2 / Rg,Rg,Time (ps),100000,2.223872978035398,nm,nm
line,overlay,sdt3-homo-3,sdt3-homo-3,gyrate,gnt5kax1,gnt5kax1::Rg,sdt3-homo-3 / Rg,Rg,Time (ps),0,2.2088707209353067,nm,nm
line,overlay,sdt3-homo-3,sdt3-homo-3,gyrate,gnt5kax1,gnt5kax1::Rg,sdt3-homo-3 / Rg,Rg,Time (ps),1000,2.221111322943605,nm,nm
line,overlay,sdt3-homo-3,sdt3-homo-3,gyrate,gnt5kax1,gnt5kax1::Rg,sdt3-homo-3 / Rg,Rg,Time (ps),2000,2.224447859032212,nm,nm
line,overlay,sdt3-homo-3,sdt3-homo-3,gyrate,gnt5kax1,gnt5kax1::Rg,sdt3-homo-3 / Rg,Rg,Time (ps),3000,2.221494936242828,nm,nm
line,overlay,sdt3-homo-3,sdt3-homo-3,gyrate,gnt5kax1,gnt5kax1::Rg,sdt3-homo-3 / Rg,Rg,Time (ps),4000,2.231995694347719,nm,nm
line,overlay,sdt3-homo-3,sdt3-homo-3,gyrate,gnt5kax1,gnt5kax1::Rg,sdt3-homo-3 / Rg,Rg,Time (ps),5000,2.230094877614577,nm,nm
line,overlay,sdt3-homo-3,sdt3-homo-3,gyrate,gnt5kax1,gnt5kax1::Rg,sdt3-homo-3 / Rg,Rg,Time (ps),6000,2.224210485581554,nm,nm
line,overlay,sdt3-homo-3,sdt3-homo-3,gyrate,gnt5kax1,gnt5kax1::Rg,sdt3-homo-3 / Rg,Rg,Time (ps),7000,2.221845052749213,nm,nm
line,overlay,sdt3-homo-3,sdt3-homo-3,gyrate,gnt5kax1,gnt5kax1::Rg,sdt3-homo-3 / Rg,Rg,Time (ps),8000,2.2256368072571595,nm,nm
line,overlay,sdt3-homo-3,sdt3-homo-3,gyrate,gnt5kax1,gnt5kax1::Rg,sdt3-homo-3 / Rg,Rg,Time (ps),9000,2.227883932871837,nm,nm
line,overlay,sdt3-homo-3,sdt3-homo-3,gyrate,gnt5kax1,gnt5kax1::Rg,sdt3-homo-3 / Rg,Rg,Time (ps),10000,2.236079466244973,nm,nm
line,overlay,sdt3-homo-3,sdt3-homo-3,gyrate,gnt5kax1,gnt5kax1::Rg,sdt3-homo-3 / Rg,Rg,Time (ps),11000,2.234943104703957,nm,nm
line,overlay,sdt3-homo-3,sdt3-homo-3,gyrate,gnt5kax1,gnt5kax1::Rg,sdt3-homo-3 / Rg,Rg,Time (ps),12000,2.227883252687793,nm,nm
line,overlay,sdt3-homo-3,sdt3-homo-3,gyrate,gnt5kax1,gnt5kax1::Rg,sdt3-homo-3 / Rg,Rg,Time (ps),13000,2.2333758229946588,nm,nm
line,overlay,sdt3-homo-3,sdt3-homo-3,gyrate,gnt5kax1,gnt5kax1::Rg,sdt3-homo-3 / Rg,Rg,Time (ps),14000,2.2286892844293487,nm,nm
line,overlay,sdt3-homo-3,sdt3-homo-3,gyrate,gnt5kax1,gnt5kax1::Rg,sdt3-homo-3 / Rg,Rg,Time (ps),15000,2.231002627482975,nm,nm
line,overlay,sdt3-homo-3,sdt3-homo-3,gyrate,gnt5kax1,gnt5kax1::Rg,sdt3-homo-3 / Rg,Rg,Time (ps),16000,2.2220389467254,nm,nm
line,overlay,sdt3-homo-3,sdt3-homo-3,gyrate,gnt5kax1,gnt5kax1::Rg,sdt3-homo-3 / Rg,Rg,Time (ps),17000,2.227142515147347,nm,nm
line,overlay,sdt3-homo-3,sdt3-homo-3,gyrate,gnt5kax1,gnt5kax1::Rg,sdt3-homo-3 / Rg,Rg,Time (ps),18000,2.2355321909769192,nm,nm
line,overlay,sdt3-homo-3,sdt3-homo-3,gyrate,gnt5kax1,gnt5kax1::Rg,sdt3-homo-3 / Rg,Rg,Time (ps),19000,2.2328419118023706,nm,nm
line,overlay,sdt3-homo-3,sdt3-homo-3,gyrate,gnt5kax1,gnt5kax1::Rg,sdt3-homo-3 / Rg,Rg,Time (ps),20000,2.2312894465701536,nm,nm
line,overlay,sdt3-homo-3,sdt3-homo-3,gyrate,gnt5kax1,gnt5kax1::Rg,sdt3-homo-3 / Rg,Rg,Time (ps),21000,2.223061897608522,nm,nm
line,overlay,sdt3-homo-3,sdt3-homo-3,gyrate,gnt5kax1,gnt5kax1::Rg,sdt3-homo-3 / Rg,Rg,Time (ps),22000,2.224915155163082,nm,nm
line,overlay,sdt3-homo-3,sdt3-homo-3,gyrate,gnt5kax1,gnt5kax1::Rg,sdt3-homo-3 / Rg,Rg,Time (ps),23000,2.2286343134723023,nm,nm
line,overlay,sdt3-homo-3,sdt3-homo-3,gyrate,gnt5kax1,gnt5kax1::Rg,sdt3-homo-3 / Rg,Rg,Time (ps),24000,2.2243131143314385,nm,nm
line,overlay,sdt3-homo-3,sdt3-homo-3,gyrate,gnt5kax1,gnt5kax1::Rg,sdt3-homo-3 / Rg,Rg,Time (ps),25000,2.212802137952714,nm,nm
line,overlay,sdt3-homo-3,sdt3-homo-3,gyrate,gnt5kax1,gnt5kax1::Rg,sdt3-homo-3 / Rg,Rg,Time (ps),26000,2.2187037328515467,nm,nm
line,overlay,sdt3-homo-3,sdt3-homo-3,gyrate,gnt5kax1,gnt5kax1::Rg,sdt3-homo-3 / Rg,Rg,Time (ps),27000,2.223745833705716,nm,nm
line,overlay,sdt3-homo-3,sdt3-homo-3,gyrate,gnt5kax1,gnt5kax1::Rg,sdt3-homo-3 / Rg,Rg,Time (ps),28000,2.222232838468754,nm,nm
line,overlay,sdt3-homo-3,sdt3-homo-3,gyrate,gnt5kax1,gnt5kax1::Rg,sdt3-homo-3 / Rg,Rg,Time (ps),29000,2.224674889596572,nm,nm
line,overlay,sdt3-homo-3,sdt3-homo-3,gyrate,gnt5kax1,gnt5kax1::Rg,sdt3-homo-3 / Rg,Rg,Time (ps),30000,2.233884444431882,nm,nm
line,overlay,sdt3-homo-3,sdt3-homo-3,gyrate,gnt5kax1,gnt5kax1::Rg,sdt3-homo-3 / Rg,Rg,Time (ps),31000,2.221031160321558,nm,nm
line,overlay,sdt3-homo-3,sdt3-homo-3,gyrate,gnt5kax1,gnt5kax1::Rg,sdt3-homo-3 / Rg,Rg,Time (ps),32000,2.2222505892878037,nm,nm
line,overlay,sdt3-homo-3,sdt3-homo-3,gyrate,gnt5kax1,gnt5kax1::Rg,sdt3-homo-3 / Rg,Rg,Time (ps),33000,2.231839805859932,nm,nm
line,overlay,sdt3-homo-3,sdt3-homo-3,gyrate,gnt5kax1,gnt5kax1::Rg,sdt3-homo-3 / Rg,Rg,Time (ps),34000,2.237092835428871,nm,nm
line,overlay,sdt3-homo-3,sdt3-homo-3,gyrate,gnt5kax1,gnt5kax1::Rg,sdt3-homo-3 / Rg,Rg,Time (ps),35000,2.226416516655539,nm,nm
line,overlay,sdt3-homo-3,sdt3-homo-3,gyrate,gnt5kax1,gnt5kax1::Rg,sdt3-homo-3 / Rg,Rg,Time (ps),36000,2.2271182944406807,nm,nm
line,overlay,sdt3-homo-3,sdt3-homo-3,gyrate,gnt5kax1,gnt5kax1::Rg,sdt3-homo-3 / Rg,Rg,Time (ps),37000,2.2221441165414864,nm,nm
line,overlay,sdt3-homo-3,sdt3-homo-3,gyrate,gnt5kax1,gnt5kax1::Rg,sdt3-homo-3 / Rg,Rg,Time (ps),38000,2.2216484903956557,nm,nm
line,overlay,sdt3-homo-3,sdt3-homo-3,gyrate,gnt5kax1,gnt5kax1::Rg,sdt3-homo-3 / Rg,Rg,Time (ps),39000,2.232808131411254,nm,nm
line,overlay,sdt3-homo-3,sdt3-homo-3,gyrate,gnt5kax1,gnt5kax1::Rg,sdt3-homo-3 / Rg,Rg,Time (ps),40000,2.2229224573595348,nm,nm
line,overlay,sdt3-homo-3,sdt3-homo-3,gyrate,gnt5kax1,gnt5kax1::Rg,sdt3-homo-3 / Rg,Rg,Time (ps),41000,2.2230450676142013,nm,nm
line,overlay,sdt3-homo-3,sdt3-homo-3,gyrate,gnt5kax1,gnt5kax1::Rg,sdt3-homo-3 / Rg,Rg,Time (ps),42000,2.2219592914430604,nm,nm
line,overlay,sdt3-homo-3,sdt3-homo-3,gyrate,gnt5kax1,gnt5kax1::Rg,sdt3-homo-3 / Rg,Rg,Time (ps),43000,2.218571199042084,nm,nm
line,overlay,sdt3-homo-3,sdt3-homo-3,gyrate,gnt5kax1,gnt5kax1::Rg,sdt3-homo-3 / Rg,Rg,Time (ps),44000,2.228720947670979,nm,nm
line,overlay,sdt3-homo-3,sdt3-homo-3,gyrate,gnt5kax1,gnt5kax1::Rg,sdt3-homo-3 / Rg,Rg,Time (ps),45000,2.233832099460533,nm,nm
line,overlay,sdt3-homo-3,sdt3-homo-3,gyrate,gnt5kax1,gnt5kax1::Rg,sdt3-homo-3 / Rg,Rg,Time (ps),46000,2.2366338691287875,nm,nm
line,overlay,sdt3-homo-3,sdt3-homo-3,gyrate,gnt5kax1,gnt5kax1::Rg,sdt3-homo-3 / Rg,Rg,Time (ps),47000,2.22831375092832,nm,nm
line,overlay,sdt3-homo-3,sdt3-homo-3,gyrate,gnt5kax1,gnt5kax1::Rg,sdt3-homo-3 / Rg,Rg,Time (ps),48000,2.2313782114872853,nm,nm
line,overlay,sdt3-homo-3,sdt3-homo-3,gyrate,gnt5kax1,gnt5kax1::Rg,sdt3-homo-3 / Rg,Rg,Time (ps),49000,2.229049121950591,nm,nm
line,overlay,sdt3-homo-3,sdt3-homo-3,gyrate,gnt5kax1,gnt5kax1::Rg,sdt3-homo-3 / Rg,Rg,Time (ps),50000,2.2110222299688087,nm,nm
line,overlay,sdt3-homo-3,sdt3-homo-3,gyrate,gnt5kax1,gnt5kax1::Rg,sdt3-homo-3 / Rg,Rg,Time (ps),51000,2.226735199819851,nm,nm
line,overlay,sdt3-homo-3,sdt3-homo-3,gyrate,gnt5kax1,gnt5kax1::Rg,sdt3-homo-3 / Rg,Rg,Time (ps),52000,2.2395306014566296,nm,nm
line,overlay,sdt3-homo-3,sdt3-homo-3,gyrate,gnt5kax1,gnt5kax1::Rg,sdt3-homo-3 / Rg,Rg,Time (ps),53000,2.2260700219572693,nm,nm
line,overlay,sdt3-homo-3,sdt3-homo-3,gyrate,gnt5kax1,gnt5kax1::Rg,sdt3-homo-3 / Rg,Rg,Time (ps),54000,2.240702299733256,nm,nm
line,overlay,sdt3-homo-3,sdt3-homo-3,gyrate,gnt5kax1,gnt5kax1::Rg,sdt3-homo-3 / Rg,Rg,Time (ps),55000,2.226825976925153,nm,nm
line,overlay,sdt3-homo-3,sdt3-homo-3,gyrate,gnt5kax1,gnt5kax1::Rg,sdt3-homo-3 / Rg,Rg,Time (ps),56000,2.237091977307668,nm,nm
line,overlay,sdt3-homo-3,sdt3-homo-3,gyrate,gnt5kax1,gnt5kax1::Rg,sdt3-homo-3 / Rg,Rg,Time (ps),57000,2.233903902540581,nm,nm
line,overlay,sdt3-homo-3,sdt3-homo-3,gyrate,gnt5kax1,gnt5kax1::Rg,sdt3-homo-3 / Rg,Rg,Time (ps),58000,2.2358863589515856,nm,nm
line,overlay,sdt3-homo-3,sdt3-homo-3,gyrate,gnt5kax1,gnt5kax1::Rg,sdt3-homo-3 / Rg,Rg,Time (ps),59000,2.2260856596454843,nm,nm
line,overlay,sdt3-homo-3,sdt3-homo-3,gyrate,gnt5kax1,gnt5kax1::Rg,sdt3-homo-3 / Rg,Rg,Time (ps),60000,2.2190640245324404,nm,nm
line,overlay,sdt3-homo-3,sdt3-homo-3,gyrate,gnt5kax1,gnt5kax1::Rg,sdt3-homo-3 / Rg,Rg,Time (ps),61000,2.220190395434049,nm,nm
line,overlay,sdt3-homo-3,sdt3-homo-3,gyrate,gnt5kax1,gnt5kax1::Rg,sdt3-homo-3 / Rg,Rg,Time (ps),62000,2.2294847892397,nm,nm
line,overlay,sdt3-homo-3,sdt3-homo-3,gyrate,gnt5kax1,gnt5kax1::Rg,sdt3-homo-3 / Rg,Rg,Time (ps),63000,2.227960768871941,nm,nm
line,overlay,sdt3-homo-3,sdt3-homo-3,gyrate,gnt5kax1,gnt5kax1::Rg,sdt3-homo-3 / Rg,Rg,Time (ps),64000,2.2398726561934783,nm,nm
line,overlay,sdt3-homo-3,sdt3-homo-3,gyrate,gnt5kax1,gnt5kax1::Rg,sdt3-homo-3 / Rg,Rg,Time (ps),65000,2.2229889564036958,nm,nm
line,overlay,sdt3-homo-3,sdt3-homo-3,gyrate,gnt5kax1,gnt5kax1::Rg,sdt3-homo-3 / Rg,Rg,Time (ps),66000,2.2337511104864247,nm,nm
line,overlay,sdt3-homo-3,sdt3-homo-3,gyrate,gnt5kax1,gnt5kax1::Rg,sdt3-homo-3 / Rg,Rg,Time (ps),67000,2.231897276339816,nm,nm
line,overlay,sdt3-homo-3,sdt3-homo-3,gyrate,gnt5kax1,gnt5kax1::Rg,sdt3-homo-3 / Rg,Rg,Time (ps),68000,2.232594957491443,nm,nm
line,overlay,sdt3-homo-3,sdt3-homo-3,gyrate,gnt5kax1,gnt5kax1::Rg,sdt3-homo-3 / Rg,Rg,Time (ps),69000,2.2343489113579382,nm,nm
line,overlay,sdt3-homo-3,sdt3-homo-3,gyrate,gnt5kax1,gnt5kax1::Rg,sdt3-homo-3 / Rg,Rg,Time (ps),70000,2.2238600161353568,nm,nm
line,overlay,sdt3-homo-3,sdt3-homo-3,gyrate,gnt5kax1,gnt5kax1::Rg,sdt3-homo-3 / Rg,Rg,Time (ps),71000,2.2262022226035763,nm,nm
line,overlay,sdt3-homo-3,sdt3-homo-3,gyrate,gnt5kax1,gnt5kax1::Rg,sdt3-homo-3 / Rg,Rg,Time (ps),72000,2.2364498371042405,nm,nm
line,overlay,sdt3-homo-3,sdt3-homo-3,gyrate,gnt5kax1,gnt5kax1::Rg,sdt3-homo-3 / Rg,Rg,Time (ps),73000,2.225472543547183,nm,nm
line,overlay,sdt3-homo-3,sdt3-homo-3,gyrate,gnt5kax1,gnt5kax1::Rg,sdt3-homo-3 / Rg,Rg,Time (ps),74000,2.2294867844653234,nm,nm
line,overlay,sdt3-homo-3,sdt3-homo-3,gyrate,gnt5kax1,gnt5kax1::Rg,sdt3-homo-3 / Rg,Rg,Time (ps),75000,2.223638987222012,nm,nm
line,overlay,sdt3-homo-3,sdt3-homo-3,gyrate,gnt5kax1,gnt5kax1::Rg,sdt3-homo-3 / Rg,Rg,Time (ps),76000,2.2232566107508585,nm,nm
line,overlay,sdt3-homo-3,sdt3-homo-3,gyrate,gnt5kax1,gnt5kax1::Rg,sdt3-homo-3 / Rg,Rg,Time (ps),77000,2.231979577605093,nm,nm
line,overlay,sdt3-homo-3,sdt3-homo-3,gyrate,gnt5kax1,gnt5kax1::Rg,sdt3-homo-3 / Rg,Rg,Time (ps),78000,2.2214817622344327,nm,nm
line,overlay,sdt3-homo-3,sdt3-homo-3,gyrate,gnt5kax1,gnt5kax1::Rg,sdt3-homo-3 / Rg,Rg,Time (ps),79000,2.216283750090492,nm,nm
line,overlay,sdt3-homo-3,sdt3-homo-3,gyrate,gnt5kax1,gnt5kax1::Rg,sdt3-homo-3 / Rg,Rg,Time (ps),80000,2.211555912159189,nm,nm
line,overlay,sdt3-homo-3,sdt3-homo-3,gyrate,gnt5kax1,gnt5kax1::Rg,sdt3-homo-3 / Rg,Rg,Time (ps),81000,2.206809820670865,nm,nm
line,overlay,sdt3-homo-3,sdt3-homo-3,gyrate,gnt5kax1,gnt5kax1::Rg,sdt3-homo-3 / Rg,Rg,Time (ps),82000,2.221172486978826,nm,nm
line,overlay,sdt3-homo-3,sdt3-homo-3,gyrate,gnt5kax1,gnt5kax1::Rg,sdt3-homo-3 / Rg,Rg,Time (ps),83000,2.219059573783144,nm,nm
line,overlay,sdt3-homo-3,sdt3-homo-3,gyrate,gnt5kax1,gnt5kax1::Rg,sdt3-homo-3 / Rg,Rg,Time (ps),84000,2.20885505253413,nm,nm
line,overlay,sdt3-homo-3,sdt3-homo-3,gyrate,gnt5kax1,gnt5kax1::Rg,sdt3-homo-3 / Rg,Rg,Time (ps),85000,2.21361024234179,nm,nm
line,overlay,sdt3-homo-3,sdt3-homo-3,gyrate,gnt5kax1,gnt5kax1::Rg,sdt3-homo-3 / Rg,Rg,Time (ps),86000,2.214239048480088,nm,nm
line,overlay,sdt3-homo-3,sdt3-homo-3,gyrate,gnt5kax1,gnt5kax1::Rg,sdt3-homo-3 / Rg,Rg,Time (ps),87000,2.20706807943744,nm,nm
line,overlay,sdt3-homo-3,sdt3-homo-3,gyrate,gnt5kax1,gnt5kax1::Rg,sdt3-homo-3 / Rg,Rg,Time (ps),88000,2.1993425119391814,nm,nm
line,overlay,sdt3-homo-3,sdt3-homo-3,gyrate,gnt5kax1,gnt5kax1::Rg,sdt3-homo-3 / Rg,Rg,Time (ps),89000,2.204311624111601,nm,nm
line,overlay,sdt3-homo-3,sdt3-homo-3,gyrate,gnt5kax1,gnt5kax1::Rg,sdt3-homo-3 / Rg,Rg,Time (ps),90000,2.2105505299178727,nm,nm
line,overlay,sdt3-homo-3,sdt3-homo-3,gyrate,gnt5kax1,gnt5kax1::Rg,sdt3-homo-3 / Rg,Rg,Time (ps),91000,2.2122581106853425,nm,nm
line,overlay,sdt3-homo-3,sdt3-homo-3,gyrate,gnt5kax1,gnt5kax1::Rg,sdt3-homo-3 / Rg,Rg,Time (ps),92000,2.211844305480761,nm,nm
line,overlay,sdt3-homo-3,sdt3-homo-3,gyrate,gnt5kax1,gnt5kax1::Rg,sdt3-homo-3 / Rg,Rg,Time (ps),93000,2.212974642666123,nm,nm
line,overlay,sdt3-homo-3,sdt3-homo-3,gyrate,gnt5kax1,gnt5kax1::Rg,sdt3-homo-3 / Rg,Rg,Time (ps),94000,2.216389559966785,nm,nm
line,overlay,sdt3-homo-3,sdt3-homo-3,gyrate,gnt5kax1,gnt5kax1::Rg,sdt3-homo-3 / Rg,Rg,Time (ps),95000,2.219724573256527,nm,nm
line,overlay,sdt3-homo-3,sdt3-homo-3,gyrate,gnt5kax1,gnt5kax1::Rg,sdt3-homo-3 / Rg,Rg,Time (ps),96000,2.228670923271297,nm,nm
line,overlay,sdt3-homo-3,sdt3-homo-3,gyrate,gnt5kax1,gnt5kax1::Rg,sdt3-homo-3 / Rg,Rg,Time (ps),97000,2.2316292905492467,nm,nm
line,overlay,sdt3-homo-3,sdt3-homo-3,gyrate,gnt5kax1,gnt5kax1::Rg,sdt3-homo-3 / Rg,Rg,Time (ps),98000,2.228553986100562,nm,nm
line,overlay,sdt3-homo-3,sdt3-homo-3,gyrate,gnt5kax1,gnt5kax1::Rg,sdt3-homo-3 / Rg,Rg,Time (ps),99000,2.2188364538985623,nm,nm
line,overlay,sdt3-homo-3,sdt3-homo-3,gyrate,gnt5kax1,gnt5kax1::Rg,sdt3-homo-3 / Rg,Rg,Time (ps),100000,2.218830384667108,nm,nm
line,overlay,sdt3-homo-4,sdt3-homo-4,gyrate,zmputklt,zmputklt::Rg,sdt3-homo-4 / Rg,Rg,Time (ps),0,2.230010072222346,nm,nm
line,overlay,sdt3-homo-4,sdt3-homo-4,gyrate,zmputklt,zmputklt::Rg,sdt3-homo-4 / Rg,Rg,Time (ps),1000,2.2224027713473977,nm,nm
line,overlay,sdt3-homo-4,sdt3-homo-4,gyrate,zmputklt,zmputklt::Rg,sdt3-homo-4 / Rg,Rg,Time (ps),2000,2.234178563433842,nm,nm
line,overlay,sdt3-homo-4,sdt3-homo-4,gyrate,zmputklt,zmputklt::Rg,sdt3-homo-4 / Rg,Rg,Time (ps),3000,2.231917912303695,nm,nm
line,overlay,sdt3-homo-4,sdt3-homo-4,gyrate,zmputklt,zmputklt::Rg,sdt3-homo-4 / Rg,Rg,Time (ps),4000,2.240176992581853,nm,nm
line,overlay,sdt3-homo-4,sdt3-homo-4,gyrate,zmputklt,zmputklt::Rg,sdt3-homo-4 / Rg,Rg,Time (ps),5000,2.236870648637765,nm,nm
line,overlay,sdt3-homo-4,sdt3-homo-4,gyrate,zmputklt,zmputklt::Rg,sdt3-homo-4 / Rg,Rg,Time (ps),6000,2.2396761705122072,nm,nm
line,overlay,sdt3-homo-4,sdt3-homo-4,gyrate,zmputklt,zmputklt::Rg,sdt3-homo-4 / Rg,Rg,Time (ps),7000,2.23731561491275,nm,nm
line,overlay,sdt3-homo-4,sdt3-homo-4,gyrate,zmputklt,zmputklt::Rg,sdt3-homo-4 / Rg,Rg,Time (ps),8000,2.243129488727613,nm,nm
line,overlay,sdt3-homo-4,sdt3-homo-4,gyrate,zmputklt,zmputklt::Rg,sdt3-homo-4 / Rg,Rg,Time (ps),9000,2.224334760843208,nm,nm
line,overlay,sdt3-homo-4,sdt3-homo-4,gyrate,zmputklt,zmputklt::Rg,sdt3-homo-4 / Rg,Rg,Time (ps),10000,2.22417897731147,nm,nm
line,overlay,sdt3-homo-4,sdt3-homo-4,gyrate,zmputklt,zmputklt::Rg,sdt3-homo-4 / Rg,Rg,Time (ps),11000,2.229806105005549,nm,nm
line,overlay,sdt3-homo-4,sdt3-homo-4,gyrate,zmputklt,zmputklt::Rg,sdt3-homo-4 / Rg,Rg,Time (ps),12000,2.2363144358303417,nm,nm
line,overlay,sdt3-homo-4,sdt3-homo-4,gyrate,zmputklt,zmputklt::Rg,sdt3-homo-4 / Rg,Rg,Time (ps),13000,2.233999537042457,nm,nm
line,overlay,sdt3-homo-4,sdt3-homo-4,gyrate,zmputklt,zmputklt::Rg,sdt3-homo-4 / Rg,Rg,Time (ps),14000,2.241962382628874,nm,nm
line,overlay,sdt3-homo-4,sdt3-homo-4,gyrate,zmputklt,zmputklt::Rg,sdt3-homo-4 / Rg,Rg,Time (ps),15000,2.2303168952779275,nm,nm
line,overlay,sdt3-homo-4,sdt3-homo-4,gyrate,zmputklt,zmputklt::Rg,sdt3-homo-4 / Rg,Rg,Time (ps),16000,2.236905549169174,nm,nm
line,overlay,sdt3-homo-4,sdt3-homo-4,gyrate,zmputklt,zmputklt::Rg,sdt3-homo-4 / Rg,Rg,Time (ps),17000,2.2312355816717,nm,nm
line,overlay,sdt3-homo-4,sdt3-homo-4,gyrate,zmputklt,zmputklt::Rg,sdt3-homo-4 / Rg,Rg,Time (ps),18000,2.232974201677103,nm,nm
line,overlay,sdt3-homo-4,sdt3-homo-4,gyrate,zmputklt,zmputklt::Rg,sdt3-homo-4 / Rg,Rg,Time (ps),19000,2.238225470163607,nm,nm
line,overlay,sdt3-homo-4,sdt3-homo-4,gyrate,zmputklt,zmputklt::Rg,sdt3-homo-4 / Rg,Rg,Time (ps),20000,2.2476262924733827,nm,nm
line,overlay,sdt3-homo-4,sdt3-homo-4,gyrate,zmputklt,zmputklt::Rg,sdt3-homo-4 / Rg,Rg,Time (ps),21000,2.2497971386931552,nm,nm
line,overlay,sdt3-homo-4,sdt3-homo-4,gyrate,zmputklt,zmputklt::Rg,sdt3-homo-4 / Rg,Rg,Time (ps),22000,2.241876667806171,nm,nm
line,overlay,sdt3-homo-4,sdt3-homo-4,gyrate,zmputklt,zmputklt::Rg,sdt3-homo-4 / Rg,Rg,Time (ps),23000,2.2416522815382307,nm,nm
line,overlay,sdt3-homo-4,sdt3-homo-4,gyrate,zmputklt,zmputklt::Rg,sdt3-homo-4 / Rg,Rg,Time (ps),24000,2.2463615031334374,nm,nm
line,overlay,sdt3-homo-4,sdt3-homo-4,gyrate,zmputklt,zmputklt::Rg,sdt3-homo-4 / Rg,Rg,Time (ps),25000,2.240105882963272,nm,nm
line,overlay,sdt3-homo-4,sdt3-homo-4,gyrate,zmputklt,zmputklt::Rg,sdt3-homo-4 / Rg,Rg,Time (ps),26000,2.236337730470976,nm,nm
line,overlay,sdt3-homo-4,sdt3-homo-4,gyrate,zmputklt,zmputklt::Rg,sdt3-homo-4 / Rg,Rg,Time (ps),27000,2.2449990805121165,nm,nm
line,overlay,sdt3-homo-4,sdt3-homo-4,gyrate,zmputklt,zmputklt::Rg,sdt3-homo-4 / Rg,Rg,Time (ps),28000,2.24167587893498,nm,nm
line,overlay,sdt3-homo-4,sdt3-homo-4,gyrate,zmputklt,zmputklt::Rg,sdt3-homo-4 / Rg,Rg,Time (ps),29000,2.246395609375164,nm,nm
line,overlay,sdt3-homo-4,sdt3-homo-4,gyrate,zmputklt,zmputklt::Rg,sdt3-homo-4 / Rg,Rg,Time (ps),30000,2.2432429078896674,nm,nm
line,overlay,sdt3-homo-4,sdt3-homo-4,gyrate,zmputklt,zmputklt::Rg,sdt3-homo-4 / Rg,Rg,Time (ps),31000,2.2427891519590077,nm,nm
line,overlay,sdt3-homo-4,sdt3-homo-4,gyrate,zmputklt,zmputklt::Rg,sdt3-homo-4 / Rg,Rg,Time (ps),32000,2.2415983877495327,nm,nm
line,overlay,sdt3-homo-4,sdt3-homo-4,gyrate,zmputklt,zmputklt::Rg,sdt3-homo-4 / Rg,Rg,Time (ps),33000,2.240128239644803,nm,nm
line,overlay,sdt3-homo-4,sdt3-homo-4,gyrate,zmputklt,zmputklt::Rg,sdt3-homo-4 / Rg,Rg,Time (ps),34000,2.246720098825288,nm,nm
line,overlay,sdt3-homo-4,sdt3-homo-4,gyrate,zmputklt,zmputklt::Rg,sdt3-homo-4 / Rg,Rg,Time (ps),35000,2.2422640823327957,nm,nm
line,overlay,sdt3-homo-4,sdt3-homo-4,gyrate,zmputklt,zmputklt::Rg,sdt3-homo-4 / Rg,Rg,Time (ps),36000,2.2388726855331496,nm,nm
line,overlay,sdt3-homo-4,sdt3-homo-4,gyrate,zmputklt,zmputklt::Rg,sdt3-homo-4 / Rg,Rg,Time (ps),37000,2.236583648024695,nm,nm
line,overlay,sdt3-homo-4,sdt3-homo-4,gyrate,zmputklt,zmputklt::Rg,sdt3-homo-4 / Rg,Rg,Time (ps),38000,2.239861184215872,nm,nm
line,overlay,sdt3-homo-4,sdt3-homo-4,gyrate,zmputklt,zmputklt::Rg,sdt3-homo-4 / Rg,Rg,Time (ps),39000,2.2423439279644857,nm,nm
line,overlay,sdt3-homo-4,sdt3-homo-4,gyrate,zmputklt,zmputklt::Rg,sdt3-homo-4 / Rg,Rg,Time (ps),40000,2.231795210594627,nm,nm
line,overlay,sdt3-homo-4,sdt3-homo-4,gyrate,zmputklt,zmputklt::Rg,sdt3-homo-4 / Rg,Rg,Time (ps),41000,2.232083430541484,nm,nm
line,overlay,sdt3-homo-4,sdt3-homo-4,gyrate,zmputklt,zmputklt::Rg,sdt3-homo-4 / Rg,Rg,Time (ps),42000,2.2325177023587424,nm,nm
line,overlay,sdt3-homo-4,sdt3-homo-4,gyrate,zmputklt,zmputklt::Rg,sdt3-homo-4 / Rg,Rg,Time (ps),43000,2.241707552593691,nm,nm
line,overlay,sdt3-homo-4,sdt3-homo-4,gyrate,zmputklt,zmputklt::Rg,sdt3-homo-4 / Rg,Rg,Time (ps),44000,2.2355190023321327,nm,nm
line,overlay,sdt3-homo-4,sdt3-homo-4,gyrate,zmputklt,zmputklt::Rg,sdt3-homo-4 / Rg,Rg,Time (ps),45000,2.236204056333173,nm,nm
line,overlay,sdt3-homo-4,sdt3-homo-4,gyrate,zmputklt,zmputklt::Rg,sdt3-homo-4 / Rg,Rg,Time (ps),46000,2.243439200059277,nm,nm
line,overlay,sdt3-homo-4,sdt3-homo-4,gyrate,zmputklt,zmputklt::Rg,sdt3-homo-4 / Rg,Rg,Time (ps),47000,2.2372871637179648,nm,nm
line,overlay,sdt3-homo-4,sdt3-homo-4,gyrate,zmputklt,zmputklt::Rg,sdt3-homo-4 / Rg,Rg,Time (ps),48000,2.231380079203539,nm,nm
line,overlay,sdt3-homo-4,sdt3-homo-4,gyrate,zmputklt,zmputklt::Rg,sdt3-homo-4 / Rg,Rg,Time (ps),49000,2.2388004868812343,nm,nm
line,overlay,sdt3-homo-4,sdt3-homo-4,gyrate,zmputklt,zmputklt::Rg,sdt3-homo-4 / Rg,Rg,Time (ps),50000,2.2381810129228223,nm,nm
line,overlay,sdt3-homo-4,sdt3-homo-4,gyrate,zmputklt,zmputklt::Rg,sdt3-homo-4 / Rg,Rg,Time (ps),51000,2.237810963874737,nm,nm
line,overlay,sdt3-homo-4,sdt3-homo-4,gyrate,zmputklt,zmputklt::Rg,sdt3-homo-4 / Rg,Rg,Time (ps),52000,2.238123499499829,nm,nm
line,overlay,sdt3-homo-4,sdt3-homo-4,gyrate,zmputklt,zmputklt::Rg,sdt3-homo-4 / Rg,Rg,Time (ps),53000,2.237914285800599,nm,nm
line,overlay,sdt3-homo-4,sdt3-homo-4,gyrate,zmputklt,zmputklt::Rg,sdt3-homo-4 / Rg,Rg,Time (ps),54000,2.2264355154095434,nm,nm
line,overlay,sdt3-homo-4,sdt3-homo-4,gyrate,zmputklt,zmputklt::Rg,sdt3-homo-4 / Rg,Rg,Time (ps),55000,2.239911830795023,nm,nm
line,overlay,sdt3-homo-4,sdt3-homo-4,gyrate,zmputklt,zmputklt::Rg,sdt3-homo-4 / Rg,Rg,Time (ps),56000,2.243171215085469,nm,nm
line,overlay,sdt3-homo-4,sdt3-homo-4,gyrate,zmputklt,zmputklt::Rg,sdt3-homo-4 / Rg,Rg,Time (ps),57000,2.232837333825377,nm,nm
line,overlay,sdt3-homo-4,sdt3-homo-4,gyrate,zmputklt,zmputklt::Rg,sdt3-homo-4 / Rg,Rg,Time (ps),58000,2.2391064728785057,nm,nm
line,overlay,sdt3-homo-4,sdt3-homo-4,gyrate,zmputklt,zmputklt::Rg,sdt3-homo-4 / Rg,Rg,Time (ps),59000,2.232993654613445,nm,nm
line,overlay,sdt3-homo-4,sdt3-homo-4,gyrate,zmputklt,zmputklt::Rg,sdt3-homo-4 / Rg,Rg,Time (ps),60000,2.232583279595062,nm,nm
line,overlay,sdt3-homo-4,sdt3-homo-4,gyrate,zmputklt,zmputklt::Rg,sdt3-homo-4 / Rg,Rg,Time (ps),61000,2.2381760389807384,nm,nm
line,overlay,sdt3-homo-4,sdt3-homo-4,gyrate,zmputklt,zmputklt::Rg,sdt3-homo-4 / Rg,Rg,Time (ps),62000,2.2369910588303488,nm,nm
line,overlay,sdt3-homo-4,sdt3-homo-4,gyrate,zmputklt,zmputklt::Rg,sdt3-homo-4 / Rg,Rg,Time (ps),63000,2.2306109899324347,nm,nm
line,overlay,sdt3-homo-4,sdt3-homo-4,gyrate,zmputklt,zmputklt::Rg,sdt3-homo-4 / Rg,Rg,Time (ps),64000,2.240415219857389,nm,nm
line,overlay,sdt3-homo-4,sdt3-homo-4,gyrate,zmputklt,zmputklt::Rg,sdt3-homo-4 / Rg,Rg,Time (ps),65000,2.237918876869504,nm,nm
line,overlay,sdt3-homo-4,sdt3-homo-4,gyrate,zmputklt,zmputklt::Rg,sdt3-homo-4 / Rg,Rg,Time (ps),66000,2.234527539927136,nm,nm
line,overlay,sdt3-homo-4,sdt3-homo-4,gyrate,zmputklt,zmputklt::Rg,sdt3-homo-4 / Rg,Rg,Time (ps),67000,2.235470189222604,nm,nm
line,overlay,sdt3-homo-4,sdt3-homo-4,gyrate,zmputklt,zmputklt::Rg,sdt3-homo-4 / Rg,Rg,Time (ps),68000,2.2271364066682744,nm,nm
line,overlay,sdt3-homo-4,sdt3-homo-4,gyrate,zmputklt,zmputklt::Rg,sdt3-homo-4 / Rg,Rg,Time (ps),69000,2.2300515864088357,nm,nm
line,overlay,sdt3-homo-4,sdt3-homo-4,gyrate,zmputklt,zmputklt::Rg,sdt3-homo-4 / Rg,Rg,Time (ps),70000,2.225965739810962,nm,nm
line,overlay,sdt3-homo-4,sdt3-homo-4,gyrate,zmputklt,zmputklt::Rg,sdt3-homo-4 / Rg,Rg,Time (ps),71000,2.227186169211157,nm,nm
line,overlay,sdt3-homo-4,sdt3-homo-4,gyrate,zmputklt,zmputklt::Rg,sdt3-homo-4 / Rg,Rg,Time (ps),72000,2.2444764462520403,nm,nm
line,overlay,sdt3-homo-4,sdt3-homo-4,gyrate,zmputklt,zmputklt::Rg,sdt3-homo-4 / Rg,Rg,Time (ps),73000,2.239375437703408,nm,nm
line,overlay,sdt3-homo-4,sdt3-homo-4,gyrate,zmputklt,zmputklt::Rg,sdt3-homo-4 / Rg,Rg,Time (ps),74000,2.2305302685328865,nm,nm
line,overlay,sdt3-homo-4,sdt3-homo-4,gyrate,zmputklt,zmputklt::Rg,sdt3-homo-4 / Rg,Rg,Time (ps),75000,2.231303736942935,nm,nm
line,overlay,sdt3-homo-4,sdt3-homo-4,gyrate,zmputklt,zmputklt::Rg,sdt3-homo-4 / Rg,Rg,Time (ps),76000,2.233742199839008,nm,nm
line,overlay,sdt3-homo-4,sdt3-homo-4,gyrate,zmputklt,zmputklt::Rg,sdt3-homo-4 / Rg,Rg,Time (ps),77000,2.239183699045427,nm,nm
line,overlay,sdt3-homo-4,sdt3-homo-4,gyrate,zmputklt,zmputklt::Rg,sdt3-homo-4 / Rg,Rg,Time (ps),78000,2.2438630992132964,nm,nm
line,overlay,sdt3-homo-4,sdt3-homo-4,gyrate,zmputklt,zmputklt::Rg,sdt3-homo-4 / Rg,Rg,Time (ps),79000,2.242035163816761,nm,nm
line,overlay,sdt3-homo-4,sdt3-homo-4,gyrate,zmputklt,zmputklt::Rg,sdt3-homo-4 / Rg,Rg,Time (ps),80000,2.237071259717152,nm,nm
line,overlay,sdt3-homo-4,sdt3-homo-4,gyrate,zmputklt,zmputklt::Rg,sdt3-homo-4 / Rg,Rg,Time (ps),81000,2.2385888226038477,nm,nm
line,overlay,sdt3-homo-4,sdt3-homo-4,gyrate,zmputklt,zmputklt::Rg,sdt3-homo-4 / Rg,Rg,Time (ps),82000,2.2543839081466084,nm,nm
line,overlay,sdt3-homo-4,sdt3-homo-4,gyrate,zmputklt,zmputklt::Rg,sdt3-homo-4 / Rg,Rg,Time (ps),83000,2.239360395982495,nm,nm
line,overlay,sdt3-homo-4,sdt3-homo-4,gyrate,zmputklt,zmputklt::Rg,sdt3-homo-4 / Rg,Rg,Time (ps),84000,2.2361089563864818,nm,nm
line,overlay,sdt3-homo-4,sdt3-homo-4,gyrate,zmputklt,zmputklt::Rg,sdt3-homo-4 / Rg,Rg,Time (ps),85000,2.244880425284475,nm,nm
line,overlay,sdt3-homo-4,sdt3-homo-4,gyrate,zmputklt,zmputklt::Rg,sdt3-homo-4 / Rg,Rg,Time (ps),86000,2.243410281781613,nm,nm
line,overlay,sdt3-homo-4,sdt3-homo-4,gyrate,zmputklt,zmputklt::Rg,sdt3-homo-4 / Rg,Rg,Time (ps),87000,2.2467993290259307,nm,nm
line,overlay,sdt3-homo-4,sdt3-homo-4,gyrate,zmputklt,zmputklt::Rg,sdt3-homo-4 / Rg,Rg,Time (ps),88000,2.2389326705052595,nm,nm
line,overlay,sdt3-homo-4,sdt3-homo-4,gyrate,zmputklt,zmputklt::Rg,sdt3-homo-4 / Rg,Rg,Time (ps),89000,2.2368709845075725,nm,nm
line,overlay,sdt3-homo-4,sdt3-homo-4,gyrate,zmputklt,zmputklt::Rg,sdt3-homo-4 / Rg,Rg,Time (ps),90000,2.2403218276454577,nm,nm
line,overlay,sdt3-homo-4,sdt3-homo-4,gyrate,zmputklt,zmputklt::Rg,sdt3-homo-4 / Rg,Rg,Time (ps),91000,2.242677541131713,nm,nm
line,overlay,sdt3-homo-4,sdt3-homo-4,gyrate,zmputklt,zmputklt::Rg,sdt3-homo-4 / Rg,Rg,Time (ps),92000,2.240066098934593,nm,nm
line,overlay,sdt3-homo-4,sdt3-homo-4,gyrate,zmputklt,zmputklt::Rg,sdt3-homo-4 / Rg,Rg,Time (ps),93000,2.243893127773568,nm,nm
line,overlay,sdt3-homo-4,sdt3-homo-4,gyrate,zmputklt,zmputklt::Rg,sdt3-homo-4 / Rg,Rg,Time (ps),94000,2.2346140882660617,nm,nm
line,overlay,sdt3-homo-4,sdt3-homo-4,gyrate,zmputklt,zmputklt::Rg,sdt3-homo-4 / Rg,Rg,Time (ps),95000,2.245893957745684,nm,nm
line,overlay,sdt3-homo-4,sdt3-homo-4,gyrate,zmputklt,zmputklt::Rg,sdt3-homo-4 / Rg,Rg,Time (ps),96000,2.24642877598525,nm,nm
line,overlay,sdt3-homo-4,sdt3-homo-4,gyrate,zmputklt,zmputklt::Rg,sdt3-homo-4 / Rg,Rg,Time (ps),97000,2.2359652062988533,nm,nm
line,overlay,sdt3-homo-4,sdt3-homo-4,gyrate,zmputklt,zmputklt::Rg,sdt3-homo-4 / Rg,Rg,Time (ps),98000,2.2389841245333897,nm,nm
line,overlay,sdt3-homo-4,sdt3-homo-4,gyrate,zmputklt,zmputklt::Rg,sdt3-homo-4 / Rg,Rg,Time (ps),99000,2.24276974178815,nm,nm
line,overlay,sdt3-homo-4,sdt3-homo-4,gyrate,zmputklt,zmputklt::Rg,sdt3-homo-4 / Rg,Rg,Time (ps),100000,2.236802420701047,nm,nm
line,overlay,sdt5-homo,sdt5-homo,gyrate,sacdajuz,sacdajuz::Rg,sdt5-homo / Rg,Rg,Time (ps),0,2.2177456470936883,nm,nm
line,overlay,sdt5-homo,sdt5-homo,gyrate,sacdajuz,sacdajuz::Rg,sdt5-homo / Rg,Rg,Time (ps),1000,2.230826460490634,nm,nm
line,overlay,sdt5-homo,sdt5-homo,gyrate,sacdajuz,sacdajuz::Rg,sdt5-homo / Rg,Rg,Time (ps),2000,2.2315016076621164,nm,nm
line,overlay,sdt5-homo,sdt5-homo,gyrate,sacdajuz,sacdajuz::Rg,sdt5-homo / Rg,Rg,Time (ps),3000,2.2325379900279536,nm,nm
line,overlay,sdt5-homo,sdt5-homo,gyrate,sacdajuz,sacdajuz::Rg,sdt5-homo / Rg,Rg,Time (ps),4000,2.222147726426737,nm,nm
line,overlay,sdt5-homo,sdt5-homo,gyrate,sacdajuz,sacdajuz::Rg,sdt5-homo / Rg,Rg,Time (ps),5000,2.220756283054473,nm,nm
line,overlay,sdt5-homo,sdt5-homo,gyrate,sacdajuz,sacdajuz::Rg,sdt5-homo / Rg,Rg,Time (ps),6000,2.224261779781035,nm,nm
line,overlay,sdt5-homo,sdt5-homo,gyrate,sacdajuz,sacdajuz::Rg,sdt5-homo / Rg,Rg,Time (ps),7000,2.231863726435926,nm,nm
line,overlay,sdt5-homo,sdt5-homo,gyrate,sacdajuz,sacdajuz::Rg,sdt5-homo / Rg,Rg,Time (ps),8000,2.2188424727405884,nm,nm
line,overlay,sdt5-homo,sdt5-homo,gyrate,sacdajuz,sacdajuz::Rg,sdt5-homo / Rg,Rg,Time (ps),9000,2.227044467232362,nm,nm
line,overlay,sdt5-homo,sdt5-homo,gyrate,sacdajuz,sacdajuz::Rg,sdt5-homo / Rg,Rg,Time (ps),10000,2.23588531276634,nm,nm
line,overlay,sdt5-homo,sdt5-homo,gyrate,sacdajuz,sacdajuz::Rg,sdt5-homo / Rg,Rg,Time (ps),11000,2.2229948039700864,nm,nm
line,overlay,sdt5-homo,sdt5-homo,gyrate,sacdajuz,sacdajuz::Rg,sdt5-homo / Rg,Rg,Time (ps),12000,2.226182187598756,nm,nm
line,overlay,sdt5-homo,sdt5-homo,gyrate,sacdajuz,sacdajuz::Rg,sdt5-homo / Rg,Rg,Time (ps),13000,2.224621601960114,nm,nm
line,overlay,sdt5-homo,sdt5-homo,gyrate,sacdajuz,sacdajuz::Rg,sdt5-homo / Rg,Rg,Time (ps),14000,2.2162941736841675,nm,nm
line,overlay,sdt5-homo,sdt5-homo,gyrate,sacdajuz,sacdajuz::Rg,sdt5-homo / Rg,Rg,Time (ps),15000,2.2194858404515507,nm,nm
line,overlay,sdt5-homo,sdt5-homo,gyrate,sacdajuz,sacdajuz::Rg,sdt5-homo / Rg,Rg,Time (ps),16000,2.2272836367124094,nm,nm
line,overlay,sdt5-homo,sdt5-homo,gyrate,sacdajuz,sacdajuz::Rg,sdt5-homo / Rg,Rg,Time (ps),17000,2.218981919266564,nm,nm
line,overlay,sdt5-homo,sdt5-homo,gyrate,sacdajuz,sacdajuz::Rg,sdt5-homo / Rg,Rg,Time (ps),18000,2.2260513775402555,nm,nm
line,overlay,sdt5-homo,sdt5-homo,gyrate,sacdajuz,sacdajuz::Rg,sdt5-homo / Rg,Rg,Time (ps),19000,2.219609695877135,nm,nm
line,overlay,sdt5-homo,sdt5-homo,gyrate,sacdajuz,sacdajuz::Rg,sdt5-homo / Rg,Rg,Time (ps),20000,2.2107019533864367,nm,nm
line,overlay,sdt5-homo,sdt5-homo,gyrate,sacdajuz,sacdajuz::Rg,sdt5-homo / Rg,Rg,Time (ps),21000,2.21071036932992,nm,nm
line,overlay,sdt5-homo,sdt5-homo,gyrate,sacdajuz,sacdajuz::Rg,sdt5-homo / Rg,Rg,Time (ps),22000,2.215493822264857,nm,nm
line,overlay,sdt5-homo,sdt5-homo,gyrate,sacdajuz,sacdajuz::Rg,sdt5-homo / Rg,Rg,Time (ps),23000,2.213067287591656,nm,nm
line,overlay,sdt5-homo,sdt5-homo,gyrate,sacdajuz,sacdajuz::Rg,sdt5-homo / Rg,Rg,Time (ps),24000,2.217236041419995,nm,nm
line,overlay,sdt5-homo,sdt5-homo,gyrate,sacdajuz,sacdajuz::Rg,sdt5-homo / Rg,Rg,Time (ps),25000,2.2219579670618894,nm,nm
line,overlay,sdt5-homo,sdt5-homo,gyrate,sacdajuz,sacdajuz::Rg,sdt5-homo / Rg,Rg,Time (ps),26000,2.21036712856398,nm,nm
line,overlay,sdt5-homo,sdt5-homo,gyrate,sacdajuz,sacdajuz::Rg,sdt5-homo / Rg,Rg,Time (ps),27000,2.2218637854889134,nm,nm
line,overlay,sdt5-homo,sdt5-homo,gyrate,sacdajuz,sacdajuz::Rg,sdt5-homo / Rg,Rg,Time (ps),28000,2.2210591508440247,nm,nm
line,overlay,sdt5-homo,sdt5-homo,gyrate,sacdajuz,sacdajuz::Rg,sdt5-homo / Rg,Rg,Time (ps),29000,2.2163560769568598,nm,nm
line,overlay,sdt5-homo,sdt5-homo,gyrate,sacdajuz,sacdajuz::Rg,sdt5-homo / Rg,Rg,Time (ps),30000,2.2164115742555874,nm,nm
line,overlay,sdt5-homo,sdt5-homo,gyrate,sacdajuz,sacdajuz::Rg,sdt5-homo / Rg,Rg,Time (ps),31000,2.224871951713084,nm,nm
line,overlay,sdt5-homo,sdt5-homo,gyrate,sacdajuz,sacdajuz::Rg,sdt5-homo / Rg,Rg,Time (ps),32000,2.22315708172485,nm,nm
line,overlay,sdt5-homo,sdt5-homo,gyrate,sacdajuz,sacdajuz::Rg,sdt5-homo / Rg,Rg,Time (ps),33000,2.209390724723149,nm,nm
line,overlay,sdt5-homo,sdt5-homo,gyrate,sacdajuz,sacdajuz::Rg,sdt5-homo / Rg,Rg,Time (ps),34000,2.218422742530433,nm,nm
line,overlay,sdt5-homo,sdt5-homo,gyrate,sacdajuz,sacdajuz::Rg,sdt5-homo / Rg,Rg,Time (ps),35000,2.212701865473336,nm,nm
line,overlay,sdt5-homo,sdt5-homo,gyrate,sacdajuz,sacdajuz::Rg,sdt5-homo / Rg,Rg,Time (ps),36000,2.211478541383398,nm,nm
line,overlay,sdt5-homo,sdt5-homo,gyrate,sacdajuz,sacdajuz::Rg,sdt5-homo / Rg,Rg,Time (ps),37000,2.230942339487095,nm,nm
line,overlay,sdt5-homo,sdt5-homo,gyrate,sacdajuz,sacdajuz::Rg,sdt5-homo / Rg,Rg,Time (ps),38000,2.2296837034992785,nm,nm
line,overlay,sdt5-homo,sdt5-homo,gyrate,sacdajuz,sacdajuz::Rg,sdt5-homo / Rg,Rg,Time (ps),39000,2.238934359773061,nm,nm
line,overlay,sdt5-homo,sdt5-homo,gyrate,sacdajuz,sacdajuz::Rg,sdt5-homo / Rg,Rg,Time (ps),40000,2.2280499798015896,nm,nm
line,overlay,sdt5-homo,sdt5-homo,gyrate,sacdajuz,sacdajuz::Rg,sdt5-homo / Rg,Rg,Time (ps),41000,2.2320045372464965,nm,nm
line,overlay,sdt5-homo,sdt5-homo,gyrate,sacdajuz,sacdajuz::Rg,sdt5-homo / Rg,Rg,Time (ps),42000,2.219840049092694,nm,nm
line,overlay,sdt5-homo,sdt5-homo,gyrate,sacdajuz,sacdajuz::Rg,sdt5-homo / Rg,Rg,Time (ps),43000,2.223349017281191,nm,nm
line,overlay,sdt5-homo,sdt5-homo,gyrate,sacdajuz,sacdajuz::Rg,sdt5-homo / Rg,Rg,Time (ps),44000,2.223530652786878,nm,nm
line,overlay,sdt5-homo,sdt5-homo,gyrate,sacdajuz,sacdajuz::Rg,sdt5-homo / Rg,Rg,Time (ps),45000,2.2211948880164285,nm,nm
line,overlay,sdt5-homo,sdt5-homo,gyrate,sacdajuz,sacdajuz::Rg,sdt5-homo / Rg,Rg,Time (ps),46000,2.218819871932052,nm,nm
line,overlay,sdt5-homo,sdt5-homo,gyrate,sacdajuz,sacdajuz::Rg,sdt5-homo / Rg,Rg,Time (ps),47000,2.2221180544742625,nm,nm
line,overlay,sdt5-homo,sdt5-homo,gyrate,sacdajuz,sacdajuz::Rg,sdt5-homo / Rg,Rg,Time (ps),48000,2.2201465140517724,nm,nm
line,overlay,sdt5-homo,sdt5-homo,gyrate,sacdajuz,sacdajuz::Rg,sdt5-homo / Rg,Rg,Time (ps),49000,2.2205398313699227,nm,nm
line,overlay,sdt5-homo,sdt5-homo,gyrate,sacdajuz,sacdajuz::Rg,sdt5-homo / Rg,Rg,Time (ps),50000,2.2266180214203137,nm,nm
line,overlay,sdt5-homo,sdt5-homo,gyrate,sacdajuz,sacdajuz::Rg,sdt5-homo / Rg,Rg,Time (ps),51000,2.222945269668385,nm,nm
line,overlay,sdt5-homo,sdt5-homo,gyrate,sacdajuz,sacdajuz::Rg,sdt5-homo / Rg,Rg,Time (ps),52000,2.221757131686304,nm,nm
line,overlay,sdt5-homo,sdt5-homo,gyrate,sacdajuz,sacdajuz::Rg,sdt5-homo / Rg,Rg,Time (ps),53000,2.2341196806003745,nm,nm
line,overlay,sdt5-homo,sdt5-homo,gyrate,sacdajuz,sacdajuz::Rg,sdt5-homo / Rg,Rg,Time (ps),54000,2.222238047974985,nm,nm
line,overlay,sdt5-homo,sdt5-homo,gyrate,sacdajuz,sacdajuz::Rg,sdt5-homo / Rg,Rg,Time (ps),55000,2.226057980161892,nm,nm
line,overlay,sdt5-homo,sdt5-homo,gyrate,sacdajuz,sacdajuz::Rg,sdt5-homo / Rg,Rg,Time (ps),56000,2.219874266533732,nm,nm
line,overlay,sdt5-homo,sdt5-homo,gyrate,sacdajuz,sacdajuz::Rg,sdt5-homo / Rg,Rg,Time (ps),57000,2.2251591526017185,nm,nm
line,overlay,sdt5-homo,sdt5-homo,gyrate,sacdajuz,sacdajuz::Rg,sdt5-homo / Rg,Rg,Time (ps),58000,2.2334221104527194,nm,nm
line,overlay,sdt5-homo,sdt5-homo,gyrate,sacdajuz,sacdajuz::Rg,sdt5-homo / Rg,Rg,Time (ps),59000,2.2291129456531773,nm,nm
line,overlay,sdt5-homo,sdt5-homo,gyrate,sacdajuz,sacdajuz::Rg,sdt5-homo / Rg,Rg,Time (ps),60000,2.228586904460528,nm,nm
line,overlay,sdt5-homo,sdt5-homo,gyrate,sacdajuz,sacdajuz::Rg,sdt5-homo / Rg,Rg,Time (ps),61000,2.238684073818999,nm,nm
line,overlay,sdt5-homo,sdt5-homo,gyrate,sacdajuz,sacdajuz::Rg,sdt5-homo / Rg,Rg,Time (ps),62000,2.2423946641600816,nm,nm
line,overlay,sdt5-homo,sdt5-homo,gyrate,sacdajuz,sacdajuz::Rg,sdt5-homo / Rg,Rg,Time (ps),63000,2.2392513295317,nm,nm
line,overlay,sdt5-homo,sdt5-homo,gyrate,sacdajuz,sacdajuz::Rg,sdt5-homo / Rg,Rg,Time (ps),64000,2.24317902491522,nm,nm
line,overlay,sdt5-homo,sdt5-homo,gyrate,sacdajuz,sacdajuz::Rg,sdt5-homo / Rg,Rg,Time (ps),65000,2.2293132060741945,nm,nm
line,overlay,sdt5-homo,sdt5-homo,gyrate,sacdajuz,sacdajuz::Rg,sdt5-homo / Rg,Rg,Time (ps),66000,2.2421509050344643,nm,nm
line,overlay,sdt5-homo,sdt5-homo,gyrate,sacdajuz,sacdajuz::Rg,sdt5-homo / Rg,Rg,Time (ps),67000,2.2473923393859274,nm,nm
line,overlay,sdt5-homo,sdt5-homo,gyrate,sacdajuz,sacdajuz::Rg,sdt5-homo / Rg,Rg,Time (ps),68000,2.2325606388392703,nm,nm
line,overlay,sdt5-homo,sdt5-homo,gyrate,sacdajuz,sacdajuz::Rg,sdt5-homo / Rg,Rg,Time (ps),69000,2.231792172980376,nm,nm
line,overlay,sdt5-homo,sdt5-homo,gyrate,sacdajuz,sacdajuz::Rg,sdt5-homo / Rg,Rg,Time (ps),70000,2.232159382781456,nm,nm
line,overlay,sdt5-homo,sdt5-homo,gyrate,sacdajuz,sacdajuz::Rg,sdt5-homo / Rg,Rg,Time (ps),71000,2.244544760669512,nm,nm
line,overlay,sdt5-homo,sdt5-homo,gyrate,sacdajuz,sacdajuz::Rg,sdt5-homo / Rg,Rg,Time (ps),72000,2.245261824373576,nm,nm
line,overlay,sdt5-homo,sdt5-homo,gyrate,sacdajuz,sacdajuz::Rg,sdt5-homo / Rg,Rg,Time (ps),73000,2.2298578383015286,nm,nm
line,overlay,sdt5-homo,sdt5-homo,gyrate,sacdajuz,sacdajuz::Rg,sdt5-homo / Rg,Rg,Time (ps),74000,2.2418248734473503,nm,nm
line,overlay,sdt5-homo,sdt5-homo,gyrate,sacdajuz,sacdajuz::Rg,sdt5-homo / Rg,Rg,Time (ps),75000,2.234612303920132,nm,nm
line,overlay,sdt5-homo,sdt5-homo,gyrate,sacdajuz,sacdajuz::Rg,sdt5-homo / Rg,Rg,Time (ps),76000,2.237239502951068,nm,nm
line,overlay,sdt5-homo,sdt5-homo,gyrate,sacdajuz,sacdajuz::Rg,sdt5-homo / Rg,Rg,Time (ps),77000,2.2408025048379074,nm,nm
line,overlay,sdt5-homo,sdt5-homo,gyrate,sacdajuz,sacdajuz::Rg,sdt5-homo / Rg,Rg,Time (ps),78000,2.232185381485309,nm,nm
line,overlay,sdt5-homo,sdt5-homo,gyrate,sacdajuz,sacdajuz::Rg,sdt5-homo / Rg,Rg,Time (ps),79000,2.250154962386971,nm,nm
line,overlay,sdt5-homo,sdt5-homo,gyrate,sacdajuz,sacdajuz::Rg,sdt5-homo / Rg,Rg,Time (ps),80000,2.2465676826404115,nm,nm
line,overlay,sdt5-homo,sdt5-homo,gyrate,sacdajuz,sacdajuz::Rg,sdt5-homo / Rg,Rg,Time (ps),81000,2.2338410364292174,nm,nm
line,overlay,sdt5-homo,sdt5-homo,gyrate,sacdajuz,sacdajuz::Rg,sdt5-homo / Rg,Rg,Time (ps),82000,2.234351866844487,nm,nm
line,overlay,sdt5-homo,sdt5-homo,gyrate,sacdajuz,sacdajuz::Rg,sdt5-homo / Rg,Rg,Time (ps),83000,2.235742197987308,nm,nm
line,overlay,sdt5-homo,sdt5-homo,gyrate,sacdajuz,sacdajuz::Rg,sdt5-homo / Rg,Rg,Time (ps),84000,2.235630947532982,nm,nm
line,overlay,sdt5-homo,sdt5-homo,gyrate,sacdajuz,sacdajuz::Rg,sdt5-homo / Rg,Rg,Time (ps),85000,2.2305412363414825,nm,nm
line,overlay,sdt5-homo,sdt5-homo,gyrate,sacdajuz,sacdajuz::Rg,sdt5-homo / Rg,Rg,Time (ps),86000,2.2313891342942846,nm,nm
line,overlay,sdt5-homo,sdt5-homo,gyrate,sacdajuz,sacdajuz::Rg,sdt5-homo / Rg,Rg,Time (ps),87000,2.232915513065417,nm,nm
line,overlay,sdt5-homo,sdt5-homo,gyrate,sacdajuz,sacdajuz::Rg,sdt5-homo / Rg,Rg,Time (ps),88000,2.2347848658137743,nm,nm
line,overlay,sdt5-homo,sdt5-homo,gyrate,sacdajuz,sacdajuz::Rg,sdt5-homo / Rg,Rg,Time (ps),89000,2.22386515593424,nm,nm
line,overlay,sdt5-homo,sdt5-homo,gyrate,sacdajuz,sacdajuz::Rg,sdt5-homo / Rg,Rg,Time (ps),90000,2.232280469093457,nm,nm
line,overlay,sdt5-homo,sdt5-homo,gyrate,sacdajuz,sacdajuz::Rg,sdt5-homo / Rg,Rg,Time (ps),91000,2.2237525804387266,nm,nm
line,overlay,sdt5-homo,sdt5-homo,gyrate,sacdajuz,sacdajuz::Rg,sdt5-homo / Rg,Rg,Time (ps),92000,2.229333200405143,nm,nm
line,overlay,sdt5-homo,sdt5-homo,gyrate,sacdajuz,sacdajuz::Rg,sdt5-homo / Rg,Rg,Time (ps),93000,2.230310495352209,nm,nm
line,overlay,sdt5-homo,sdt5-homo,gyrate,sacdajuz,sacdajuz::Rg,sdt5-homo / Rg,Rg,Time (ps),94000,2.239166434659237,nm,nm
line,overlay,sdt5-homo,sdt5-homo,gyrate,sacdajuz,sacdajuz::Rg,sdt5-homo / Rg,Rg,Time (ps),95000,2.234749039349437,nm,nm
line,overlay,sdt5-homo,sdt5-homo,gyrate,sacdajuz,sacdajuz::Rg,sdt5-homo / Rg,Rg,Time (ps),96000,2.2298009078950303,nm,nm
line,overlay,sdt5-homo,sdt5-homo,gyrate,sacdajuz,sacdajuz::Rg,sdt5-homo / Rg,Rg,Time (ps),97000,2.2390739157791284,nm,nm
line,overlay,sdt5-homo,sdt5-homo,gyrate,sacdajuz,sacdajuz::Rg,sdt5-homo / Rg,Rg,Time (ps),98000,2.233681532767604,nm,nm
line,overlay,sdt5-homo,sdt5-homo,gyrate,sacdajuz,sacdajuz::Rg,sdt5-homo / Rg,Rg,Time (ps),99000,2.2319914221926056,nm,nm
line,overlay,sdt5-homo,sdt5-homo,gyrate,sacdajuz,sacdajuz::Rg,sdt5-homo / Rg,Rg,Time (ps),100000,2.239105252157961,nm,nm
line,overlay,sdt5-homo-2,sdt5-homo-2,gyrate,3isihzpx,3isihzpx::Rg,sdt5-homo-2 / Rg,Rg,Time (ps),0,2.240917244379235,nm,nm
line,overlay,sdt5-homo-2,sdt5-homo-2,gyrate,3isihzpx,3isihzpx::Rg,sdt5-homo-2 / Rg,Rg,Time (ps),1000,2.213999793798872,nm,nm
line,overlay,sdt5-homo-2,sdt5-homo-2,gyrate,3isihzpx,3isihzpx::Rg,sdt5-homo-2 / Rg,Rg,Time (ps),2000,2.2140352883699856,nm,nm
line,overlay,sdt5-homo-2,sdt5-homo-2,gyrate,3isihzpx,3isihzpx::Rg,sdt5-homo-2 / Rg,Rg,Time (ps),3000,2.2079974882349007,nm,nm
line,overlay,sdt5-homo-2,sdt5-homo-2,gyrate,3isihzpx,3isihzpx::Rg,sdt5-homo-2 / Rg,Rg,Time (ps),4000,2.2137349340692327,nm,nm
line,overlay,sdt5-homo-2,sdt5-homo-2,gyrate,3isihzpx,3isihzpx::Rg,sdt5-homo-2 / Rg,Rg,Time (ps),5000,2.216033928563943,nm,nm
line,overlay,sdt5-homo-2,sdt5-homo-2,gyrate,3isihzpx,3isihzpx::Rg,sdt5-homo-2 / Rg,Rg,Time (ps),6000,2.225322396268333,nm,nm
line,overlay,sdt5-homo-2,sdt5-homo-2,gyrate,3isihzpx,3isihzpx::Rg,sdt5-homo-2 / Rg,Rg,Time (ps),7000,2.212807376241292,nm,nm
line,overlay,sdt5-homo-2,sdt5-homo-2,gyrate,3isihzpx,3isihzpx::Rg,sdt5-homo-2 / Rg,Rg,Time (ps),8000,2.2124865350555023,nm,nm
line,overlay,sdt5-homo-2,sdt5-homo-2,gyrate,3isihzpx,3isihzpx::Rg,sdt5-homo-2 / Rg,Rg,Time (ps),9000,2.2207022617729155,nm,nm
line,overlay,sdt5-homo-2,sdt5-homo-2,gyrate,3isihzpx,3isihzpx::Rg,sdt5-homo-2 / Rg,Rg,Time (ps),10000,2.2269195958721317,nm,nm
line,overlay,sdt5-homo-2,sdt5-homo-2,gyrate,3isihzpx,3isihzpx::Rg,sdt5-homo-2 / Rg,Rg,Time (ps),11000,2.215238753572493,nm,nm
line,overlay,sdt5-homo-2,sdt5-homo-2,gyrate,3isihzpx,3isihzpx::Rg,sdt5-homo-2 / Rg,Rg,Time (ps),12000,2.2295252610034386,nm,nm
line,overlay,sdt5-homo-2,sdt5-homo-2,gyrate,3isihzpx,3isihzpx::Rg,sdt5-homo-2 / Rg,Rg,Time (ps),13000,2.228110032124123,nm,nm
line,overlay,sdt5-homo-2,sdt5-homo-2,gyrate,3isihzpx,3isihzpx::Rg,sdt5-homo-2 / Rg,Rg,Time (ps),14000,2.227388440699273,nm,nm
line,overlay,sdt5-homo-2,sdt5-homo-2,gyrate,3isihzpx,3isihzpx::Rg,sdt5-homo-2 / Rg,Rg,Time (ps),15000,2.233122379604183,nm,nm
line,overlay,sdt5-homo-2,sdt5-homo-2,gyrate,3isihzpx,3isihzpx::Rg,sdt5-homo-2 / Rg,Rg,Time (ps),16000,2.227398164991976,nm,nm
line,overlay,sdt5-homo-2,sdt5-homo-2,gyrate,3isihzpx,3isihzpx::Rg,sdt5-homo-2 / Rg,Rg,Time (ps),17000,2.235143362866663,nm,nm
line,overlay,sdt5-homo-2,sdt5-homo-2,gyrate,3isihzpx,3isihzpx::Rg,sdt5-homo-2 / Rg,Rg,Time (ps),18000,2.2370750162556914,nm,nm
line,overlay,sdt5-homo-2,sdt5-homo-2,gyrate,3isihzpx,3isihzpx::Rg,sdt5-homo-2 / Rg,Rg,Time (ps),19000,2.2254648525873177,nm,nm
line,overlay,sdt5-homo-2,sdt5-homo-2,gyrate,3isihzpx,3isihzpx::Rg,sdt5-homo-2 / Rg,Rg,Time (ps),20000,2.232341312066587,nm,nm
line,overlay,sdt5-homo-2,sdt5-homo-2,gyrate,3isihzpx,3isihzpx::Rg,sdt5-homo-2 / Rg,Rg,Time (ps),21000,2.226701654247351,nm,nm
line,overlay,sdt5-homo-2,sdt5-homo-2,gyrate,3isihzpx,3isihzpx::Rg,sdt5-homo-2 / Rg,Rg,Time (ps),22000,2.22720713305736,nm,nm
line,overlay,sdt5-homo-2,sdt5-homo-2,gyrate,3isihzpx,3isihzpx::Rg,sdt5-homo-2 / Rg,Rg,Time (ps),23000,2.230008714359364,nm,nm
line,overlay,sdt5-homo-2,sdt5-homo-2,gyrate,3isihzpx,3isihzpx::Rg,sdt5-homo-2 / Rg,Rg,Time (ps),24000,2.2376387585215904,nm,nm
line,overlay,sdt5-homo-2,sdt5-homo-2,gyrate,3isihzpx,3isihzpx::Rg,sdt5-homo-2 / Rg,Rg,Time (ps),25000,2.2347584787855883,nm,nm
line,overlay,sdt5-homo-2,sdt5-homo-2,gyrate,3isihzpx,3isihzpx::Rg,sdt5-homo-2 / Rg,Rg,Time (ps),26000,2.232197612895228,nm,nm
line,overlay,sdt5-homo-2,sdt5-homo-2,gyrate,3isihzpx,3isihzpx::Rg,sdt5-homo-2 / Rg,Rg,Time (ps),27000,2.2368500765341963,nm,nm
line,overlay,sdt5-homo-2,sdt5-homo-2,gyrate,3isihzpx,3isihzpx::Rg,sdt5-homo-2 / Rg,Rg,Time (ps),28000,2.229155163278859,nm,nm
line,overlay,sdt5-homo-2,sdt5-homo-2,gyrate,3isihzpx,3isihzpx::Rg,sdt5-homo-2 / Rg,Rg,Time (ps),29000,2.229670437401209,nm,nm
line,overlay,sdt5-homo-2,sdt5-homo-2,gyrate,3isihzpx,3isihzpx::Rg,sdt5-homo-2 / Rg,Rg,Time (ps),30000,2.2354592055293017,nm,nm
line,overlay,sdt5-homo-2,sdt5-homo-2,gyrate,3isihzpx,3isihzpx::Rg,sdt5-homo-2 / Rg,Rg,Time (ps),31000,2.224659779369321,nm,nm
line,overlay,sdt5-homo-2,sdt5-homo-2,gyrate,3isihzpx,3isihzpx::Rg,sdt5-homo-2 / Rg,Rg,Time (ps),32000,2.228920824687466,nm,nm
line,overlay,sdt5-homo-2,sdt5-homo-2,gyrate,3isihzpx,3isihzpx::Rg,sdt5-homo-2 / Rg,Rg,Time (ps),33000,2.229960421119799,nm,nm
line,overlay,sdt5-homo-2,sdt5-homo-2,gyrate,3isihzpx,3isihzpx::Rg,sdt5-homo-2 / Rg,Rg,Time (ps),34000,2.239236953968349,nm,nm
line,overlay,sdt5-homo-2,sdt5-homo-2,gyrate,3isihzpx,3isihzpx::Rg,sdt5-homo-2 / Rg,Rg,Time (ps),35000,2.2341915939939607,nm,nm
line,overlay,sdt5-homo-2,sdt5-homo-2,gyrate,3isihzpx,3isihzpx::Rg,sdt5-homo-2 / Rg,Rg,Time (ps),36000,2.236399854635532,nm,nm
line,overlay,sdt5-homo-2,sdt5-homo-2,gyrate,3isihzpx,3isihzpx::Rg,sdt5-homo-2 / Rg,Rg,Time (ps),37000,2.2374262837563927,nm,nm
line,overlay,sdt5-homo-2,sdt5-homo-2,gyrate,3isihzpx,3isihzpx::Rg,sdt5-homo-2 / Rg,Rg,Time (ps),38000,2.2255805605204566,nm,nm
line,overlay,sdt5-homo-2,sdt5-homo-2,gyrate,3isihzpx,3isihzpx::Rg,sdt5-homo-2 / Rg,Rg,Time (ps),39000,2.226846357874027,nm,nm
line,overlay,sdt5-homo-2,sdt5-homo-2,gyrate,3isihzpx,3isihzpx::Rg,sdt5-homo-2 / Rg,Rg,Time (ps),40000,2.225827345777978,nm,nm
line,overlay,sdt5-homo-2,sdt5-homo-2,gyrate,3isihzpx,3isihzpx::Rg,sdt5-homo-2 / Rg,Rg,Time (ps),41000,2.2245898865134004,nm,nm
line,overlay,sdt5-homo-2,sdt5-homo-2,gyrate,3isihzpx,3isihzpx::Rg,sdt5-homo-2 / Rg,Rg,Time (ps),42000,2.2317895638724123,nm,nm
line,overlay,sdt5-homo-2,sdt5-homo-2,gyrate,3isihzpx,3isihzpx::Rg,sdt5-homo-2 / Rg,Rg,Time (ps),43000,2.232942732833733,nm,nm
line,overlay,sdt5-homo-2,sdt5-homo-2,gyrate,3isihzpx,3isihzpx::Rg,sdt5-homo-2 / Rg,Rg,Time (ps),44000,2.2269921163133173,nm,nm
line,overlay,sdt5-homo-2,sdt5-homo-2,gyrate,3isihzpx,3isihzpx::Rg,sdt5-homo-2 / Rg,Rg,Time (ps),45000,2.2254765055240253,nm,nm
line,overlay,sdt5-homo-2,sdt5-homo-2,gyrate,3isihzpx,3isihzpx::Rg,sdt5-homo-2 / Rg,Rg,Time (ps),46000,2.230822258450973,nm,nm
line,overlay,sdt5-homo-2,sdt5-homo-2,gyrate,3isihzpx,3isihzpx::Rg,sdt5-homo-2 / Rg,Rg,Time (ps),47000,2.221706038258429,nm,nm
line,overlay,sdt5-homo-2,sdt5-homo-2,gyrate,3isihzpx,3isihzpx::Rg,sdt5-homo-2 / Rg,Rg,Time (ps),48000,2.213795983323424,nm,nm
line,overlay,sdt5-homo-2,sdt5-homo-2,gyrate,3isihzpx,3isihzpx::Rg,sdt5-homo-2 / Rg,Rg,Time (ps),49000,2.223996047188355,nm,nm
line,overlay,sdt5-homo-2,sdt5-homo-2,gyrate,3isihzpx,3isihzpx::Rg,sdt5-homo-2 / Rg,Rg,Time (ps),50000,2.2289941444531904,nm,nm
line,overlay,sdt5-homo-2,sdt5-homo-2,gyrate,3isihzpx,3isihzpx::Rg,sdt5-homo-2 / Rg,Rg,Time (ps),51000,2.222495912510023,nm,nm
line,overlay,sdt5-homo-2,sdt5-homo-2,gyrate,3isihzpx,3isihzpx::Rg,sdt5-homo-2 / Rg,Rg,Time (ps),52000,2.2210158610849398,nm,nm
line,overlay,sdt5-homo-2,sdt5-homo-2,gyrate,3isihzpx,3isihzpx::Rg,sdt5-homo-2 / Rg,Rg,Time (ps),53000,2.220516043049172,nm,nm
line,overlay,sdt5-homo-2,sdt5-homo-2,gyrate,3isihzpx,3isihzpx::Rg,sdt5-homo-2 / Rg,Rg,Time (ps),54000,2.232810651668249,nm,nm
line,overlay,sdt5-homo-2,sdt5-homo-2,gyrate,3isihzpx,3isihzpx::Rg,sdt5-homo-2 / Rg,Rg,Time (ps),55000,2.225679482621454,nm,nm
line,overlay,sdt5-homo-2,sdt5-homo-2,gyrate,3isihzpx,3isihzpx::Rg,sdt5-homo-2 / Rg,Rg,Time (ps),56000,2.2150666134191965,nm,nm
line,overlay,sdt5-homo-2,sdt5-homo-2,gyrate,3isihzpx,3isihzpx::Rg,sdt5-homo-2 / Rg,Rg,Time (ps),57000,2.222313449808348,nm,nm
line,overlay,sdt5-homo-2,sdt5-homo-2,gyrate,3isihzpx,3isihzpx::Rg,sdt5-homo-2 / Rg,Rg,Time (ps),58000,2.226244553213104,nm,nm
line,overlay,sdt5-homo-2,sdt5-homo-2,gyrate,3isihzpx,3isihzpx::Rg,sdt5-homo-2 / Rg,Rg,Time (ps),59000,2.2202564549593387,nm,nm
line,overlay,sdt5-homo-2,sdt5-homo-2,gyrate,3isihzpx,3isihzpx::Rg,sdt5-homo-2 / Rg,Rg,Time (ps),60000,2.2226180892541016,nm,nm
line,overlay,sdt5-homo-2,sdt5-homo-2,gyrate,3isihzpx,3isihzpx::Rg,sdt5-homo-2 / Rg,Rg,Time (ps),61000,2.224260386902503,nm,nm
line,overlay,sdt5-homo-2,sdt5-homo-2,gyrate,3isihzpx,3isihzpx::Rg,sdt5-homo-2 / Rg,Rg,Time (ps),62000,2.222321564184931,nm,nm
line,overlay,sdt5-homo-2,sdt5-homo-2,gyrate,3isihzpx,3isihzpx::Rg,sdt5-homo-2 / Rg,Rg,Time (ps),63000,2.219341866124565,nm,nm
line,overlay,sdt5-homo-2,sdt5-homo-2,gyrate,3isihzpx,3isihzpx::Rg,sdt5-homo-2 / Rg,Rg,Time (ps),64000,2.2249553090254155,nm,nm
line,overlay,sdt5-homo-2,sdt5-homo-2,gyrate,3isihzpx,3isihzpx::Rg,sdt5-homo-2 / Rg,Rg,Time (ps),65000,2.224785013312638,nm,nm
line,overlay,sdt5-homo-2,sdt5-homo-2,gyrate,3isihzpx,3isihzpx::Rg,sdt5-homo-2 / Rg,Rg,Time (ps),66000,2.221909782150262,nm,nm
line,overlay,sdt5-homo-2,sdt5-homo-2,gyrate,3isihzpx,3isihzpx::Rg,sdt5-homo-2 / Rg,Rg,Time (ps),67000,2.2247233632022256,nm,nm
line,overlay,sdt5-homo-2,sdt5-homo-2,gyrate,3isihzpx,3isihzpx::Rg,sdt5-homo-2 / Rg,Rg,Time (ps),68000,2.2203257098735856,nm,nm
line,overlay,sdt5-homo-2,sdt5-homo-2,gyrate,3isihzpx,3isihzpx::Rg,sdt5-homo-2 / Rg,Rg,Time (ps),69000,2.2355541715318776,nm,nm
line,overlay,sdt5-homo-2,sdt5-homo-2,gyrate,3isihzpx,3isihzpx::Rg,sdt5-homo-2 / Rg,Rg,Time (ps),70000,2.225887383413224,nm,nm
line,overlay,sdt5-homo-2,sdt5-homo-2,gyrate,3isihzpx,3isihzpx::Rg,sdt5-homo-2 / Rg,Rg,Time (ps),71000,2.2202391724523367,nm,nm
line,overlay,sdt5-homo-2,sdt5-homo-2,gyrate,3isihzpx,3isihzpx::Rg,sdt5-homo-2 / Rg,Rg,Time (ps),72000,2.223980889979096,nm,nm
line,overlay,sdt5-homo-2,sdt5-homo-2,gyrate,3isihzpx,3isihzpx::Rg,sdt5-homo-2 / Rg,Rg,Time (ps),73000,2.218783830544134,nm,nm
line,overlay,sdt5-homo-2,sdt5-homo-2,gyrate,3isihzpx,3isihzpx::Rg,sdt5-homo-2 / Rg,Rg,Time (ps),74000,2.23261926336801,nm,nm
line,overlay,sdt5-homo-2,sdt5-homo-2,gyrate,3isihzpx,3isihzpx::Rg,sdt5-homo-2 / Rg,Rg,Time (ps),75000,2.224716360233282,nm,nm
line,overlay,sdt5-homo-2,sdt5-homo-2,gyrate,3isihzpx,3isihzpx::Rg,sdt5-homo-2 / Rg,Rg,Time (ps),76000,2.2372514521902445,nm,nm
line,overlay,sdt5-homo-2,sdt5-homo-2,gyrate,3isihzpx,3isihzpx::Rg,sdt5-homo-2 / Rg,Rg,Time (ps),77000,2.2288966087995594,nm,nm
line,overlay,sdt5-homo-2,sdt5-homo-2,gyrate,3isihzpx,3isihzpx::Rg,sdt5-homo-2 / Rg,Rg,Time (ps),78000,2.220358855522321,nm,nm
line,overlay,sdt5-homo-2,sdt5-homo-2,gyrate,3isihzpx,3isihzpx::Rg,sdt5-homo-2 / Rg,Rg,Time (ps),79000,2.22487851181813,nm,nm
line,overlay,sdt5-homo-2,sdt5-homo-2,gyrate,3isihzpx,3isihzpx::Rg,sdt5-homo-2 / Rg,Rg,Time (ps),80000,2.220412347116093,nm,nm
line,overlay,sdt5-homo-2,sdt5-homo-2,gyrate,3isihzpx,3isihzpx::Rg,sdt5-homo-2 / Rg,Rg,Time (ps),81000,2.225353371527821,nm,nm
line,overlay,sdt5-homo-2,sdt5-homo-2,gyrate,3isihzpx,3isihzpx::Rg,sdt5-homo-2 / Rg,Rg,Time (ps),82000,2.2248435999283864,nm,nm
line,overlay,sdt5-homo-2,sdt5-homo-2,gyrate,3isihzpx,3isihzpx::Rg,sdt5-homo-2 / Rg,Rg,Time (ps),83000,2.224776403052294,nm,nm
line,overlay,sdt5-homo-2,sdt5-homo-2,gyrate,3isihzpx,3isihzpx::Rg,sdt5-homo-2 / Rg,Rg,Time (ps),84000,2.2227361815122304,nm,nm
line,overlay,sdt5-homo-2,sdt5-homo-2,gyrate,3isihzpx,3isihzpx::Rg,sdt5-homo-2 / Rg,Rg,Time (ps),85000,2.235420797875771,nm,nm
line,overlay,sdt5-homo-2,sdt5-homo-2,gyrate,3isihzpx,3isihzpx::Rg,sdt5-homo-2 / Rg,Rg,Time (ps),86000,2.2303324009319185,nm,nm
line,overlay,sdt5-homo-2,sdt5-homo-2,gyrate,3isihzpx,3isihzpx::Rg,sdt5-homo-2 / Rg,Rg,Time (ps),87000,2.2298159998645954,nm,nm
line,overlay,sdt5-homo-2,sdt5-homo-2,gyrate,3isihzpx,3isihzpx::Rg,sdt5-homo-2 / Rg,Rg,Time (ps),88000,2.2345487464765275,nm,nm
line,overlay,sdt5-homo-2,sdt5-homo-2,gyrate,3isihzpx,3isihzpx::Rg,sdt5-homo-2 / Rg,Rg,Time (ps),89000,2.2308785882423745,nm,nm
line,overlay,sdt5-homo-2,sdt5-homo-2,gyrate,3isihzpx,3isihzpx::Rg,sdt5-homo-2 / Rg,Rg,Time (ps),90000,2.226806270319765,nm,nm
line,overlay,sdt5-homo-2,sdt5-homo-2,gyrate,3isihzpx,3isihzpx::Rg,sdt5-homo-2 / Rg,Rg,Time (ps),91000,2.229793410225681,nm,nm
line,overlay,sdt5-homo-2,sdt5-homo-2,gyrate,3isihzpx,3isihzpx::Rg,sdt5-homo-2 / Rg,Rg,Time (ps),92000,2.232217320502313,nm,nm
line,overlay,sdt5-homo-2,sdt5-homo-2,gyrate,3isihzpx,3isihzpx::Rg,sdt5-homo-2 / Rg,Rg,Time (ps),93000,2.233000011721539,nm,nm
line,overlay,sdt5-homo-2,sdt5-homo-2,gyrate,3isihzpx,3isihzpx::Rg,sdt5-homo-2 / Rg,Rg,Time (ps),94000,2.23370423938789,nm,nm
line,overlay,sdt5-homo-2,sdt5-homo-2,gyrate,3isihzpx,3isihzpx::Rg,sdt5-homo-2 / Rg,Rg,Time (ps),95000,2.2302258282600045,nm,nm
line,overlay,sdt5-homo-2,sdt5-homo-2,gyrate,3isihzpx,3isihzpx::Rg,sdt5-homo-2 / Rg,Rg,Time (ps),96000,2.2336822955572204,nm,nm
line,overlay,sdt5-homo-2,sdt5-homo-2,gyrate,3isihzpx,3isihzpx::Rg,sdt5-homo-2 / Rg,Rg,Time (ps),97000,2.2327820979412625,nm,nm
line,overlay,sdt5-homo-2,sdt5-homo-2,gyrate,3isihzpx,3isihzpx::Rg,sdt5-homo-2 / Rg,Rg,Time (ps),98000,2.2232209571681114,nm,nm
line,overlay,sdt5-homo-2,sdt5-homo-2,gyrate,3isihzpx,3isihzpx::Rg,sdt5-homo-2 / Rg,Rg,Time (ps),99000,2.230363837481557,nm,nm
line,overlay,sdt5-homo-2,sdt5-homo-2,gyrate,3isihzpx,3isihzpx::Rg,sdt5-homo-2 / Rg,Rg,Time (ps),100000,2.221286383001448,nm,nm
line,overlay,sdt5-homo-3,sdt5-homo-3,gyrate,elfsv8sh,elfsv8sh::Rg,sdt5-homo-3 / Rg,Rg,Time (ps),0,2.214312366513696,nm,nm
line,overlay,sdt5-homo-3,sdt5-homo-3,gyrate,elfsv8sh,elfsv8sh::Rg,sdt5-homo-3 / Rg,Rg,Time (ps),1000,2.2153645878305213,nm,nm
line,overlay,sdt5-homo-3,sdt5-homo-3,gyrate,elfsv8sh,elfsv8sh::Rg,sdt5-homo-3 / Rg,Rg,Time (ps),2000,2.219092304500337,nm,nm
line,overlay,sdt5-homo-3,sdt5-homo-3,gyrate,elfsv8sh,elfsv8sh::Rg,sdt5-homo-3 / Rg,Rg,Time (ps),3000,2.2150506294432817,nm,nm
line,overlay,sdt5-homo-3,sdt5-homo-3,gyrate,elfsv8sh,elfsv8sh::Rg,sdt5-homo-3 / Rg,Rg,Time (ps),4000,2.2142703570131994,nm,nm
line,overlay,sdt5-homo-3,sdt5-homo-3,gyrate,elfsv8sh,elfsv8sh::Rg,sdt5-homo-3 / Rg,Rg,Time (ps),5000,2.2243743330999903,nm,nm
line,overlay,sdt5-homo-3,sdt5-homo-3,gyrate,elfsv8sh,elfsv8sh::Rg,sdt5-homo-3 / Rg,Rg,Time (ps),6000,2.230297528216095,nm,nm
line,overlay,sdt5-homo-3,sdt5-homo-3,gyrate,elfsv8sh,elfsv8sh::Rg,sdt5-homo-3 / Rg,Rg,Time (ps),7000,2.227457383657945,nm,nm
line,overlay,sdt5-homo-3,sdt5-homo-3,gyrate,elfsv8sh,elfsv8sh::Rg,sdt5-homo-3 / Rg,Rg,Time (ps),8000,2.2340707427311592,nm,nm
line,overlay,sdt5-homo-3,sdt5-homo-3,gyrate,elfsv8sh,elfsv8sh::Rg,sdt5-homo-3 / Rg,Rg,Time (ps),9000,2.240988471257435,nm,nm
line,overlay,sdt5-homo-3,sdt5-homo-3,gyrate,elfsv8sh,elfsv8sh::Rg,sdt5-homo-3 / Rg,Rg,Time (ps),10000,2.23044715476392,nm,nm
line,overlay,sdt5-homo-3,sdt5-homo-3,gyrate,elfsv8sh,elfsv8sh::Rg,sdt5-homo-3 / Rg,Rg,Time (ps),11000,2.2323228677439064,nm,nm
line,overlay,sdt5-homo-3,sdt5-homo-3,gyrate,elfsv8sh,elfsv8sh::Rg,sdt5-homo-3 / Rg,Rg,Time (ps),12000,2.234333708937652,nm,nm
line,overlay,sdt5-homo-3,sdt5-homo-3,gyrate,elfsv8sh,elfsv8sh::Rg,sdt5-homo-3 / Rg,Rg,Time (ps),13000,2.230106806489056,nm,nm
line,overlay,sdt5-homo-3,sdt5-homo-3,gyrate,elfsv8sh,elfsv8sh::Rg,sdt5-homo-3 / Rg,Rg,Time (ps),14000,2.245079055822316,nm,nm
line,overlay,sdt5-homo-3,sdt5-homo-3,gyrate,elfsv8sh,elfsv8sh::Rg,sdt5-homo-3 / Rg,Rg,Time (ps),15000,2.226185222269438,nm,nm
line,overlay,sdt5-homo-3,sdt5-homo-3,gyrate,elfsv8sh,elfsv8sh::Rg,sdt5-homo-3 / Rg,Rg,Time (ps),16000,2.2305584129259515,nm,nm
line,overlay,sdt5-homo-3,sdt5-homo-3,gyrate,elfsv8sh,elfsv8sh::Rg,sdt5-homo-3 / Rg,Rg,Time (ps),17000,2.2336492254282425,nm,nm
line,overlay,sdt5-homo-3,sdt5-homo-3,gyrate,elfsv8sh,elfsv8sh::Rg,sdt5-homo-3 / Rg,Rg,Time (ps),18000,2.223639724016081,nm,nm
line,overlay,sdt5-homo-3,sdt5-homo-3,gyrate,elfsv8sh,elfsv8sh::Rg,sdt5-homo-3 / Rg,Rg,Time (ps),19000,2.2233997475430067,nm,nm
line,overlay,sdt5-homo-3,sdt5-homo-3,gyrate,elfsv8sh,elfsv8sh::Rg,sdt5-homo-3 / Rg,Rg,Time (ps),20000,2.215575652011819,nm,nm
line,overlay,sdt5-homo-3,sdt5-homo-3,gyrate,elfsv8sh,elfsv8sh::Rg,sdt5-homo-3 / Rg,Rg,Time (ps),21000,2.218686734208827,nm,nm
line,overlay,sdt5-homo-3,sdt5-homo-3,gyrate,elfsv8sh,elfsv8sh::Rg,sdt5-homo-3 / Rg,Rg,Time (ps),22000,2.220991688272955,nm,nm
line,overlay,sdt5-homo-3,sdt5-homo-3,gyrate,elfsv8sh,elfsv8sh::Rg,sdt5-homo-3 / Rg,Rg,Time (ps),23000,2.226807516329715,nm,nm
line,overlay,sdt5-homo-3,sdt5-homo-3,gyrate,elfsv8sh,elfsv8sh::Rg,sdt5-homo-3 / Rg,Rg,Time (ps),24000,2.226218713198494,nm,nm
line,overlay,sdt5-homo-3,sdt5-homo-3,gyrate,elfsv8sh,elfsv8sh::Rg,sdt5-homo-3 / Rg,Rg,Time (ps),25000,2.226604926362998,nm,nm
line,overlay,sdt5-homo-3,sdt5-homo-3,gyrate,elfsv8sh,elfsv8sh::Rg,sdt5-homo-3 / Rg,Rg,Time (ps),26000,2.232702751787592,nm,nm
line,overlay,sdt5-homo-3,sdt5-homo-3,gyrate,elfsv8sh,elfsv8sh::Rg,sdt5-homo-3 / Rg,Rg,Time (ps),27000,2.2261309140888463,nm,nm
line,overlay,sdt5-homo-3,sdt5-homo-3,gyrate,elfsv8sh,elfsv8sh::Rg,sdt5-homo-3 / Rg,Rg,Time (ps),28000,2.225724098108639,nm,nm
line,overlay,sdt5-homo-3,sdt5-homo-3,gyrate,elfsv8sh,elfsv8sh::Rg,sdt5-homo-3 / Rg,Rg,Time (ps),29000,2.2204065253892318,nm,nm
line,overlay,sdt5-homo-3,sdt5-homo-3,gyrate,elfsv8sh,elfsv8sh::Rg,sdt5-homo-3 / Rg,Rg,Time (ps),30000,2.2250226208706123,nm,nm
line,overlay,sdt5-homo-3,sdt5-homo-3,gyrate,elfsv8sh,elfsv8sh::Rg,sdt5-homo-3 / Rg,Rg,Time (ps),31000,2.22782213047396,nm,nm
line,overlay,sdt5-homo-3,sdt5-homo-3,gyrate,elfsv8sh,elfsv8sh::Rg,sdt5-homo-3 / Rg,Rg,Time (ps),32000,2.2256354105189065,nm,nm
line,overlay,sdt5-homo-3,sdt5-homo-3,gyrate,elfsv8sh,elfsv8sh::Rg,sdt5-homo-3 / Rg,Rg,Time (ps),33000,2.233901918966994,nm,nm
line,overlay,sdt5-homo-3,sdt5-homo-3,gyrate,elfsv8sh,elfsv8sh::Rg,sdt5-homo-3 / Rg,Rg,Time (ps),34000,2.222416330892788,nm,nm
line,overlay,sdt5-homo-3,sdt5-homo-3,gyrate,elfsv8sh,elfsv8sh::Rg,sdt5-homo-3 / Rg,Rg,Time (ps),35000,2.234256159384128,nm,nm
line,overlay,sdt5-homo-3,sdt5-homo-3,gyrate,elfsv8sh,elfsv8sh::Rg,sdt5-homo-3 / Rg,Rg,Time (ps),36000,2.227368409436231,nm,nm
line,overlay,sdt5-homo-3,sdt5-homo-3,gyrate,elfsv8sh,elfsv8sh::Rg,sdt5-homo-3 / Rg,Rg,Time (ps),37000,2.236100697139052,nm,nm
line,overlay,sdt5-homo-3,sdt5-homo-3,gyrate,elfsv8sh,elfsv8sh::Rg,sdt5-homo-3 / Rg,Rg,Time (ps),38000,2.2252616707524604,nm,nm
line,overlay,sdt5-homo-3,sdt5-homo-3,gyrate,elfsv8sh,elfsv8sh::Rg,sdt5-homo-3 / Rg,Rg,Time (ps),39000,2.23055159246476,nm,nm
line,overlay,sdt5-homo-3,sdt5-homo-3,gyrate,elfsv8sh,elfsv8sh::Rg,sdt5-homo-3 / Rg,Rg,Time (ps),40000,2.228354292193244,nm,nm
line,overlay,sdt5-homo-3,sdt5-homo-3,gyrate,elfsv8sh,elfsv8sh::Rg,sdt5-homo-3 / Rg,Rg,Time (ps),41000,2.2294075041620003,nm,nm
line,overlay,sdt5-homo-3,sdt5-homo-3,gyrate,elfsv8sh,elfsv8sh::Rg,sdt5-homo-3 / Rg,Rg,Time (ps),42000,2.221049620997356,nm,nm
line,overlay,sdt5-homo-3,sdt5-homo-3,gyrate,elfsv8sh,elfsv8sh::Rg,sdt5-homo-3 / Rg,Rg,Time (ps),43000,2.225511097085737,nm,nm
line,overlay,sdt5-homo-3,sdt5-homo-3,gyrate,elfsv8sh,elfsv8sh::Rg,sdt5-homo-3 / Rg,Rg,Time (ps),44000,2.2292322155981625,nm,nm
line,overlay,sdt5-homo-3,sdt5-homo-3,gyrate,elfsv8sh,elfsv8sh::Rg,sdt5-homo-3 / Rg,Rg,Time (ps),45000,2.2275391619870506,nm,nm
line,overlay,sdt5-homo-3,sdt5-homo-3,gyrate,elfsv8sh,elfsv8sh::Rg,sdt5-homo-3 / Rg,Rg,Time (ps),46000,2.22691576454953,nm,nm
line,overlay,sdt5-homo-3,sdt5-homo-3,gyrate,elfsv8sh,elfsv8sh::Rg,sdt5-homo-3 / Rg,Rg,Time (ps),47000,2.235079867855839,nm,nm
line,overlay,sdt5-homo-3,sdt5-homo-3,gyrate,elfsv8sh,elfsv8sh::Rg,sdt5-homo-3 / Rg,Rg,Time (ps),48000,2.2333177425091986,nm,nm
line,overlay,sdt5-homo-3,sdt5-homo-3,gyrate,elfsv8sh,elfsv8sh::Rg,sdt5-homo-3 / Rg,Rg,Time (ps),49000,2.234726810930874,nm,nm
line,overlay,sdt5-homo-3,sdt5-homo-3,gyrate,elfsv8sh,elfsv8sh::Rg,sdt5-homo-3 / Rg,Rg,Time (ps),50000,2.225905624284581,nm,nm
line,overlay,sdt5-homo-3,sdt5-homo-3,gyrate,elfsv8sh,elfsv8sh::Rg,sdt5-homo-3 / Rg,Rg,Time (ps),51000,2.2206014894653032,nm,nm
line,overlay,sdt5-homo-3,sdt5-homo-3,gyrate,elfsv8sh,elfsv8sh::Rg,sdt5-homo-3 / Rg,Rg,Time (ps),52000,2.2254172618556414,nm,nm
line,overlay,sdt5-homo-3,sdt5-homo-3,gyrate,elfsv8sh,elfsv8sh::Rg,sdt5-homo-3 / Rg,Rg,Time (ps),53000,2.236723171481902,nm,nm
line,overlay,sdt5-homo-3,sdt5-homo-3,gyrate,elfsv8sh,elfsv8sh::Rg,sdt5-homo-3 / Rg,Rg,Time (ps),54000,2.228249363149144,nm,nm
line,overlay,sdt5-homo-3,sdt5-homo-3,gyrate,elfsv8sh,elfsv8sh::Rg,sdt5-homo-3 / Rg,Rg,Time (ps),55000,2.2274202480134084,nm,nm
line,overlay,sdt5-homo-3,sdt5-homo-3,gyrate,elfsv8sh,elfsv8sh::Rg,sdt5-homo-3 / Rg,Rg,Time (ps),56000,2.231669300896665,nm,nm
line,overlay,sdt5-homo-3,sdt5-homo-3,gyrate,elfsv8sh,elfsv8sh::Rg,sdt5-homo-3 / Rg,Rg,Time (ps),57000,2.2277698417086294,nm,nm
line,overlay,sdt5-homo-3,sdt5-homo-3,gyrate,elfsv8sh,elfsv8sh::Rg,sdt5-homo-3 / Rg,Rg,Time (ps),58000,2.234473992166071,nm,nm
line,overlay,sdt5-homo-3,sdt5-homo-3,gyrate,elfsv8sh,elfsv8sh::Rg,sdt5-homo-3 / Rg,Rg,Time (ps),59000,2.234586089477311,nm,nm
line,overlay,sdt5-homo-3,sdt5-homo-3,gyrate,elfsv8sh,elfsv8sh::Rg,sdt5-homo-3 / Rg,Rg,Time (ps),60000,2.2292416313224512,nm,nm
line,overlay,sdt5-homo-3,sdt5-homo-3,gyrate,elfsv8sh,elfsv8sh::Rg,sdt5-homo-3 / Rg,Rg,Time (ps),61000,2.2248513543470185,nm,nm
line,overlay,sdt5-homo-3,sdt5-homo-3,gyrate,elfsv8sh,elfsv8sh::Rg,sdt5-homo-3 / Rg,Rg,Time (ps),62000,2.2175655463063246,nm,nm
line,overlay,sdt5-homo-3,sdt5-homo-3,gyrate,elfsv8sh,elfsv8sh::Rg,sdt5-homo-3 / Rg,Rg,Time (ps),63000,2.2151357421019657,nm,nm
line,overlay,sdt5-homo-3,sdt5-homo-3,gyrate,elfsv8sh,elfsv8sh::Rg,sdt5-homo-3 / Rg,Rg,Time (ps),64000,2.2242935310047227,nm,nm
line,overlay,sdt5-homo-3,sdt5-homo-3,gyrate,elfsv8sh,elfsv8sh::Rg,sdt5-homo-3 / Rg,Rg,Time (ps),65000,2.220479303879465,nm,nm
line,overlay,sdt5-homo-3,sdt5-homo-3,gyrate,elfsv8sh,elfsv8sh::Rg,sdt5-homo-3 / Rg,Rg,Time (ps),66000,2.225307330735028,nm,nm
line,overlay,sdt5-homo-3,sdt5-homo-3,gyrate,elfsv8sh,elfsv8sh::Rg,sdt5-homo-3 / Rg,Rg,Time (ps),67000,2.2281992558380046,nm,nm
line,overlay,sdt5-homo-3,sdt5-homo-3,gyrate,elfsv8sh,elfsv8sh::Rg,sdt5-homo-3 / Rg,Rg,Time (ps),68000,2.226434069247242,nm,nm
line,overlay,sdt5-homo-3,sdt5-homo-3,gyrate,elfsv8sh,elfsv8sh::Rg,sdt5-homo-3 / Rg,Rg,Time (ps),69000,2.238022278838905,nm,nm
line,overlay,sdt5-homo-3,sdt5-homo-3,gyrate,elfsv8sh,elfsv8sh::Rg,sdt5-homo-3 / Rg,Rg,Time (ps),70000,2.2227638097201865,nm,nm
line,overlay,sdt5-homo-3,sdt5-homo-3,gyrate,elfsv8sh,elfsv8sh::Rg,sdt5-homo-3 / Rg,Rg,Time (ps),71000,2.2332323583935554,nm,nm
line,overlay,sdt5-homo-3,sdt5-homo-3,gyrate,elfsv8sh,elfsv8sh::Rg,sdt5-homo-3 / Rg,Rg,Time (ps),72000,2.226850286789804,nm,nm
line,overlay,sdt5-homo-3,sdt5-homo-3,gyrate,elfsv8sh,elfsv8sh::Rg,sdt5-homo-3 / Rg,Rg,Time (ps),73000,2.230937037543497,nm,nm
line,overlay,sdt5-homo-3,sdt5-homo-3,gyrate,elfsv8sh,elfsv8sh::Rg,sdt5-homo-3 / Rg,Rg,Time (ps),74000,2.225822026734994,nm,nm
line,overlay,sdt5-homo-3,sdt5-homo-3,gyrate,elfsv8sh,elfsv8sh::Rg,sdt5-homo-3 / Rg,Rg,Time (ps),75000,2.234582648913836,nm,nm
line,overlay,sdt5-homo-3,sdt5-homo-3,gyrate,elfsv8sh,elfsv8sh::Rg,sdt5-homo-3 / Rg,Rg,Time (ps),76000,2.2228804491733523,nm,nm
line,overlay,sdt5-homo-3,sdt5-homo-3,gyrate,elfsv8sh,elfsv8sh::Rg,sdt5-homo-3 / Rg,Rg,Time (ps),77000,2.2345693992470914,nm,nm
line,overlay,sdt5-homo-3,sdt5-homo-3,gyrate,elfsv8sh,elfsv8sh::Rg,sdt5-homo-3 / Rg,Rg,Time (ps),78000,2.240680224947764,nm,nm
line,overlay,sdt5-homo-3,sdt5-homo-3,gyrate,elfsv8sh,elfsv8sh::Rg,sdt5-homo-3 / Rg,Rg,Time (ps),79000,2.224017595456191,nm,nm
line,overlay,sdt5-homo-3,sdt5-homo-3,gyrate,elfsv8sh,elfsv8sh::Rg,sdt5-homo-3 / Rg,Rg,Time (ps),80000,2.232434124763809,nm,nm
line,overlay,sdt5-homo-3,sdt5-homo-3,gyrate,elfsv8sh,elfsv8sh::Rg,sdt5-homo-3 / Rg,Rg,Time (ps),81000,2.234741865821395,nm,nm
line,overlay,sdt5-homo-3,sdt5-homo-3,gyrate,elfsv8sh,elfsv8sh::Rg,sdt5-homo-3 / Rg,Rg,Time (ps),82000,2.2323975643069773,nm,nm
line,overlay,sdt5-homo-3,sdt5-homo-3,gyrate,elfsv8sh,elfsv8sh::Rg,sdt5-homo-3 / Rg,Rg,Time (ps),83000,2.2312201470735804,nm,nm
line,overlay,sdt5-homo-3,sdt5-homo-3,gyrate,elfsv8sh,elfsv8sh::Rg,sdt5-homo-3 / Rg,Rg,Time (ps),84000,2.227344311060423,nm,nm
line,overlay,sdt5-homo-3,sdt5-homo-3,gyrate,elfsv8sh,elfsv8sh::Rg,sdt5-homo-3 / Rg,Rg,Time (ps),85000,2.226548614792732,nm,nm
line,overlay,sdt5-homo-3,sdt5-homo-3,gyrate,elfsv8sh,elfsv8sh::Rg,sdt5-homo-3 / Rg,Rg,Time (ps),86000,2.2298742861527217,nm,nm
line,overlay,sdt5-homo-3,sdt5-homo-3,gyrate,elfsv8sh,elfsv8sh::Rg,sdt5-homo-3 / Rg,Rg,Time (ps),87000,2.239786193076965,nm,nm
line,overlay,sdt5-homo-3,sdt5-homo-3,gyrate,elfsv8sh,elfsv8sh::Rg,sdt5-homo-3 / Rg,Rg,Time (ps),88000,2.2320805815416014,nm,nm
line,overlay,sdt5-homo-3,sdt5-homo-3,gyrate,elfsv8sh,elfsv8sh::Rg,sdt5-homo-3 / Rg,Rg,Time (ps),89000,2.2276446588466747,nm,nm
line,overlay,sdt5-homo-3,sdt5-homo-3,gyrate,elfsv8sh,elfsv8sh::Rg,sdt5-homo-3 / Rg,Rg,Time (ps),90000,2.226699016980854,nm,nm
line,overlay,sdt5-homo-3,sdt5-homo-3,gyrate,elfsv8sh,elfsv8sh::Rg,sdt5-homo-3 / Rg,Rg,Time (ps),91000,2.234955647697865,nm,nm
line,overlay,sdt5-homo-3,sdt5-homo-3,gyrate,elfsv8sh,elfsv8sh::Rg,sdt5-homo-3 / Rg,Rg,Time (ps),92000,2.226087934237896,nm,nm
line,overlay,sdt5-homo-3,sdt5-homo-3,gyrate,elfsv8sh,elfsv8sh::Rg,sdt5-homo-3 / Rg,Rg,Time (ps),93000,2.2245741797437955,nm,nm
line,overlay,sdt5-homo-3,sdt5-homo-3,gyrate,elfsv8sh,elfsv8sh::Rg,sdt5-homo-3 / Rg,Rg,Time (ps),94000,2.219296569917305,nm,nm
line,overlay,sdt5-homo-3,sdt5-homo-3,gyrate,elfsv8sh,elfsv8sh::Rg,sdt5-homo-3 / Rg,Rg,Time (ps),95000,2.2234703369889552,nm,nm
line,overlay,sdt5-homo-3,sdt5-homo-3,gyrate,elfsv8sh,elfsv8sh::Rg,sdt5-homo-3 / Rg,Rg,Time (ps),96000,2.2265681427681168,nm,nm
line,overlay,sdt5-homo-3,sdt5-homo-3,gyrate,elfsv8sh,elfsv8sh::Rg,sdt5-homo-3 / Rg,Rg,Time (ps),97000,2.2264471245983763,nm,nm
line,overlay,sdt5-homo-3,sdt5-homo-3,gyrate,elfsv8sh,elfsv8sh::Rg,sdt5-homo-3 / Rg,Rg,Time (ps),98000,2.2339663718794704,nm,nm
line,overlay,sdt5-homo-3,sdt5-homo-3,gyrate,elfsv8sh,elfsv8sh::Rg,sdt5-homo-3 / Rg,Rg,Time (ps),99000,2.225836008877666,nm,nm
line,overlay,sdt5-homo-3,sdt5-homo-3,gyrate,elfsv8sh,elfsv8sh::Rg,sdt5-homo-3 / Rg,Rg,Time (ps),100000,2.23442728759364,nm,nm
line,overlay,sdt5-homo-4,sdt5-homo-4,gyrate,8ghinjbu,8ghinjbu::Rg,sdt5-homo-4 / Rg,Rg,Time (ps),0,2.2208620734767384,nm,nm
line,overlay,sdt5-homo-4,sdt5-homo-4,gyrate,8ghinjbu,8ghinjbu::Rg,sdt5-homo-4 / Rg,Rg,Time (ps),1000,2.224426554424788,nm,nm
line,overlay,sdt5-homo-4,sdt5-homo-4,gyrate,8ghinjbu,8ghinjbu::Rg,sdt5-homo-4 / Rg,Rg,Time (ps),2000,2.227212322086913,nm,nm
line,overlay,sdt5-homo-4,sdt5-homo-4,gyrate,8ghinjbu,8ghinjbu::Rg,sdt5-homo-4 / Rg,Rg,Time (ps),3000,2.2318754021494023,nm,nm
line,overlay,sdt5-homo-4,sdt5-homo-4,gyrate,8ghinjbu,8ghinjbu::Rg,sdt5-homo-4 / Rg,Rg,Time (ps),4000,2.23077824566507,nm,nm
line,overlay,sdt5-homo-4,sdt5-homo-4,gyrate,8ghinjbu,8ghinjbu::Rg,sdt5-homo-4 / Rg,Rg,Time (ps),5000,2.2301956691439178,nm,nm
line,overlay,sdt5-homo-4,sdt5-homo-4,gyrate,8ghinjbu,8ghinjbu::Rg,sdt5-homo-4 / Rg,Rg,Time (ps),6000,2.235547011291487,nm,nm
line,overlay,sdt5-homo-4,sdt5-homo-4,gyrate,8ghinjbu,8ghinjbu::Rg,sdt5-homo-4 / Rg,Rg,Time (ps),7000,2.2305434669969526,nm,nm
line,overlay,sdt5-homo-4,sdt5-homo-4,gyrate,8ghinjbu,8ghinjbu::Rg,sdt5-homo-4 / Rg,Rg,Time (ps),8000,2.24081783650099,nm,nm
line,overlay,sdt5-homo-4,sdt5-homo-4,gyrate,8ghinjbu,8ghinjbu::Rg,sdt5-homo-4 / Rg,Rg,Time (ps),9000,2.229403928529394,nm,nm
line,overlay,sdt5-homo-4,sdt5-homo-4,gyrate,8ghinjbu,8ghinjbu::Rg,sdt5-homo-4 / Rg,Rg,Time (ps),10000,2.229286602607327,nm,nm
line,overlay,sdt5-homo-4,sdt5-homo-4,gyrate,8ghinjbu,8ghinjbu::Rg,sdt5-homo-4 / Rg,Rg,Time (ps),11000,2.2208128190763934,nm,nm
line,overlay,sdt5-homo-4,sdt5-homo-4,gyrate,8ghinjbu,8ghinjbu::Rg,sdt5-homo-4 / Rg,Rg,Time (ps),12000,2.221465519143409,nm,nm
line,overlay,sdt5-homo-4,sdt5-homo-4,gyrate,8ghinjbu,8ghinjbu::Rg,sdt5-homo-4 / Rg,Rg,Time (ps),13000,2.229468228860437,nm,nm
line,overlay,sdt5-homo-4,sdt5-homo-4,gyrate,8ghinjbu,8ghinjbu::Rg,sdt5-homo-4 / Rg,Rg,Time (ps),14000,2.220927514382564,nm,nm
line,overlay,sdt5-homo-4,sdt5-homo-4,gyrate,8ghinjbu,8ghinjbu::Rg,sdt5-homo-4 / Rg,Rg,Time (ps),15000,2.231828576990936,nm,nm
line,overlay,sdt5-homo-4,sdt5-homo-4,gyrate,8ghinjbu,8ghinjbu::Rg,sdt5-homo-4 / Rg,Rg,Time (ps),16000,2.2266653378546746,nm,nm
line,overlay,sdt5-homo-4,sdt5-homo-4,gyrate,8ghinjbu,8ghinjbu::Rg,sdt5-homo-4 / Rg,Rg,Time (ps),17000,2.2266488706066023,nm,nm
line,overlay,sdt5-homo-4,sdt5-homo-4,gyrate,8ghinjbu,8ghinjbu::Rg,sdt5-homo-4 / Rg,Rg,Time (ps),18000,2.2241747742148283,nm,nm
line,overlay,sdt5-homo-4,sdt5-homo-4,gyrate,8ghinjbu,8ghinjbu::Rg,sdt5-homo-4 / Rg,Rg,Time (ps),19000,2.213555889726454,nm,nm
line,overlay,sdt5-homo-4,sdt5-homo-4,gyrate,8ghinjbu,8ghinjbu::Rg,sdt5-homo-4 / Rg,Rg,Time (ps),20000,2.222626389657755,nm,nm
line,overlay,sdt5-homo-4,sdt5-homo-4,gyrate,8ghinjbu,8ghinjbu::Rg,sdt5-homo-4 / Rg,Rg,Time (ps),21000,2.2240831398461403,nm,nm
line,overlay,sdt5-homo-4,sdt5-homo-4,gyrate,8ghinjbu,8ghinjbu::Rg,sdt5-homo-4 / Rg,Rg,Time (ps),22000,2.2264034913526465,nm,nm
line,overlay,sdt5-homo-4,sdt5-homo-4,gyrate,8ghinjbu,8ghinjbu::Rg,sdt5-homo-4 / Rg,Rg,Time (ps),23000,2.23459472104665,nm,nm
line,overlay,sdt5-homo-4,sdt5-homo-4,gyrate,8ghinjbu,8ghinjbu::Rg,sdt5-homo-4 / Rg,Rg,Time (ps),24000,2.2221485226965,nm,nm
line,overlay,sdt5-homo-4,sdt5-homo-4,gyrate,8ghinjbu,8ghinjbu::Rg,sdt5-homo-4 / Rg,Rg,Time (ps),25000,2.220786433836219,nm,nm
line,overlay,sdt5-homo-4,sdt5-homo-4,gyrate,8ghinjbu,8ghinjbu::Rg,sdt5-homo-4 / Rg,Rg,Time (ps),26000,2.2441473187746768,nm,nm
line,overlay,sdt5-homo-4,sdt5-homo-4,gyrate,8ghinjbu,8ghinjbu::Rg,sdt5-homo-4 / Rg,Rg,Time (ps),27000,2.218626429060202,nm,nm
line,overlay,sdt5-homo-4,sdt5-homo-4,gyrate,8ghinjbu,8ghinjbu::Rg,sdt5-homo-4 / Rg,Rg,Time (ps),28000,2.2216777424627585,nm,nm
line,overlay,sdt5-homo-4,sdt5-homo-4,gyrate,8ghinjbu,8ghinjbu::Rg,sdt5-homo-4 / Rg,Rg,Time (ps),29000,2.228020183990026,nm,nm
line,overlay,sdt5-homo-4,sdt5-homo-4,gyrate,8ghinjbu,8ghinjbu::Rg,sdt5-homo-4 / Rg,Rg,Time (ps),30000,2.22277475894169,nm,nm
line,overlay,sdt5-homo-4,sdt5-homo-4,gyrate,8ghinjbu,8ghinjbu::Rg,sdt5-homo-4 / Rg,Rg,Time (ps),31000,2.22890616300523,nm,nm
line,overlay,sdt5-homo-4,sdt5-homo-4,gyrate,8ghinjbu,8ghinjbu::Rg,sdt5-homo-4 / Rg,Rg,Time (ps),32000,2.2194168662346354,nm,nm
line,overlay,sdt5-homo-4,sdt5-homo-4,gyrate,8ghinjbu,8ghinjbu::Rg,sdt5-homo-4 / Rg,Rg,Time (ps),33000,2.2232807672778097,nm,nm
line,overlay,sdt5-homo-4,sdt5-homo-4,gyrate,8ghinjbu,8ghinjbu::Rg,sdt5-homo-4 / Rg,Rg,Time (ps),34000,2.218253493165102,nm,nm
line,overlay,sdt5-homo-4,sdt5-homo-4,gyrate,8ghinjbu,8ghinjbu::Rg,sdt5-homo-4 / Rg,Rg,Time (ps),35000,2.2099107909827365,nm,nm
line,overlay,sdt5-homo-4,sdt5-homo-4,gyrate,8ghinjbu,8ghinjbu::Rg,sdt5-homo-4 / Rg,Rg,Time (ps),36000,2.215489009562445,nm,nm
line,overlay,sdt5-homo-4,sdt5-homo-4,gyrate,8ghinjbu,8ghinjbu::Rg,sdt5-homo-4 / Rg,Rg,Time (ps),37000,2.214430680050896,nm,nm
line,overlay,sdt5-homo-4,sdt5-homo-4,gyrate,8ghinjbu,8ghinjbu::Rg,sdt5-homo-4 / Rg,Rg,Time (ps),38000,2.2194827779641337,nm,nm
line,overlay,sdt5-homo-4,sdt5-homo-4,gyrate,8ghinjbu,8ghinjbu::Rg,sdt5-homo-4 / Rg,Rg,Time (ps),39000,2.233710435066486,nm,nm
line,overlay,sdt5-homo-4,sdt5-homo-4,gyrate,8ghinjbu,8ghinjbu::Rg,sdt5-homo-4 / Rg,Rg,Time (ps),40000,2.224012601400731,nm,nm
line,overlay,sdt5-homo-4,sdt5-homo-4,gyrate,8ghinjbu,8ghinjbu::Rg,sdt5-homo-4 / Rg,Rg,Time (ps),41000,2.2266200584446003,nm,nm
line,overlay,sdt5-homo-4,sdt5-homo-4,gyrate,8ghinjbu,8ghinjbu::Rg,sdt5-homo-4 / Rg,Rg,Time (ps),42000,2.2307570101885705,nm,nm
line,overlay,sdt5-homo-4,sdt5-homo-4,gyrate,8ghinjbu,8ghinjbu::Rg,sdt5-homo-4 / Rg,Rg,Time (ps),43000,2.220211949158932,nm,nm
line,overlay,sdt5-homo-4,sdt5-homo-4,gyrate,8ghinjbu,8ghinjbu::Rg,sdt5-homo-4 / Rg,Rg,Time (ps),44000,2.2221915976955637,nm,nm
line,overlay,sdt5-homo-4,sdt5-homo-4,gyrate,8ghinjbu,8ghinjbu::Rg,sdt5-homo-4 / Rg,Rg,Time (ps),45000,2.214891228880345,nm,nm
line,overlay,sdt5-homo-4,sdt5-homo-4,gyrate,8ghinjbu,8ghinjbu::Rg,sdt5-homo-4 / Rg,Rg,Time (ps),46000,2.218632386835929,nm,nm
line,overlay,sdt5-homo-4,sdt5-homo-4,gyrate,8ghinjbu,8ghinjbu::Rg,sdt5-homo-4 / Rg,Rg,Time (ps),47000,2.2195689560843417,nm,nm
line,overlay,sdt5-homo-4,sdt5-homo-4,gyrate,8ghinjbu,8ghinjbu::Rg,sdt5-homo-4 / Rg,Rg,Time (ps),48000,2.227798006603169,nm,nm
line,overlay,sdt5-homo-4,sdt5-homo-4,gyrate,8ghinjbu,8ghinjbu::Rg,sdt5-homo-4 / Rg,Rg,Time (ps),49000,2.222712024964467,nm,nm
line,overlay,sdt5-homo-4,sdt5-homo-4,gyrate,8ghinjbu,8ghinjbu::Rg,sdt5-homo-4 / Rg,Rg,Time (ps),50000,2.22053944109401,nm,nm
line,overlay,sdt5-homo-4,sdt5-homo-4,gyrate,8ghinjbu,8ghinjbu::Rg,sdt5-homo-4 / Rg,Rg,Time (ps),51000,2.2305062642890765,nm,nm
line,overlay,sdt5-homo-4,sdt5-homo-4,gyrate,8ghinjbu,8ghinjbu::Rg,sdt5-homo-4 / Rg,Rg,Time (ps),52000,2.2273525435187467,nm,nm
line,overlay,sdt5-homo-4,sdt5-homo-4,gyrate,8ghinjbu,8ghinjbu::Rg,sdt5-homo-4 / Rg,Rg,Time (ps),53000,2.226385984493476,nm,nm
line,overlay,sdt5-homo-4,sdt5-homo-4,gyrate,8ghinjbu,8ghinjbu::Rg,sdt5-homo-4 / Rg,Rg,Time (ps),54000,2.2251663871463587,nm,nm
line,overlay,sdt5-homo-4,sdt5-homo-4,gyrate,8ghinjbu,8ghinjbu::Rg,sdt5-homo-4 / Rg,Rg,Time (ps),55000,2.2175031987348794,nm,nm
line,overlay,sdt5-homo-4,sdt5-homo-4,gyrate,8ghinjbu,8ghinjbu::Rg,sdt5-homo-4 / Rg,Rg,Time (ps),56000,2.2275620623120207,nm,nm
line,overlay,sdt5-homo-4,sdt5-homo-4,gyrate,8ghinjbu,8ghinjbu::Rg,sdt5-homo-4 / Rg,Rg,Time (ps),57000,2.2250742169046576,nm,nm
line,overlay,sdt5-homo-4,sdt5-homo-4,gyrate,8ghinjbu,8ghinjbu::Rg,sdt5-homo-4 / Rg,Rg,Time (ps),58000,2.2271899353556703,nm,nm
line,overlay,sdt5-homo-4,sdt5-homo-4,gyrate,8ghinjbu,8ghinjbu::Rg,sdt5-homo-4 / Rg,Rg,Time (ps),59000,2.224240598603183,nm,nm
line,overlay,sdt5-homo-4,sdt5-homo-4,gyrate,8ghinjbu,8ghinjbu::Rg,sdt5-homo-4 / Rg,Rg,Time (ps),60000,2.2209276003085523,nm,nm
line,overlay,sdt5-homo-4,sdt5-homo-4,gyrate,8ghinjbu,8ghinjbu::Rg,sdt5-homo-4 / Rg,Rg,Time (ps),61000,2.2302985314376,nm,nm
line,overlay,sdt5-homo-4,sdt5-homo-4,gyrate,8ghinjbu,8ghinjbu::Rg,sdt5-homo-4 / Rg,Rg,Time (ps),62000,2.235430995830271,nm,nm
line,overlay,sdt5-homo-4,sdt5-homo-4,gyrate,8ghinjbu,8ghinjbu::Rg,sdt5-homo-4 / Rg,Rg,Time (ps),63000,2.229420336344919,nm,nm
line,overlay,sdt5-homo-4,sdt5-homo-4,gyrate,8ghinjbu,8ghinjbu::Rg,sdt5-homo-4 / Rg,Rg,Time (ps),64000,2.224156115449034,nm,nm
line,overlay,sdt5-homo-4,sdt5-homo-4,gyrate,8ghinjbu,8ghinjbu::Rg,sdt5-homo-4 / Rg,Rg,Time (ps),65000,2.2247367392158486,nm,nm
line,overlay,sdt5-homo-4,sdt5-homo-4,gyrate,8ghinjbu,8ghinjbu::Rg,sdt5-homo-4 / Rg,Rg,Time (ps),66000,2.232104111118074,nm,nm
line,overlay,sdt5-homo-4,sdt5-homo-4,gyrate,8ghinjbu,8ghinjbu::Rg,sdt5-homo-4 / Rg,Rg,Time (ps),67000,2.230051778265421,nm,nm
line,overlay,sdt5-homo-4,sdt5-homo-4,gyrate,8ghinjbu,8ghinjbu::Rg,sdt5-homo-4 / Rg,Rg,Time (ps),68000,2.2317016681561404,nm,nm
line,overlay,sdt5-homo-4,sdt5-homo-4,gyrate,8ghinjbu,8ghinjbu::Rg,sdt5-homo-4 / Rg,Rg,Time (ps),69000,2.234993208494681,nm,nm
line,overlay,sdt5-homo-4,sdt5-homo-4,gyrate,8ghinjbu,8ghinjbu::Rg,sdt5-homo-4 / Rg,Rg,Time (ps),70000,2.227426451949744,nm,nm
line,overlay,sdt5-homo-4,sdt5-homo-4,gyrate,8ghinjbu,8ghinjbu::Rg,sdt5-homo-4 / Rg,Rg,Time (ps),71000,2.229246039491195,nm,nm
line,overlay,sdt5-homo-4,sdt5-homo-4,gyrate,8ghinjbu,8ghinjbu::Rg,sdt5-homo-4 / Rg,Rg,Time (ps),72000,2.229130246065312,nm,nm
line,overlay,sdt5-homo-4,sdt5-homo-4,gyrate,8ghinjbu,8ghinjbu::Rg,sdt5-homo-4 / Rg,Rg,Time (ps),73000,2.227107675772018,nm,nm
line,overlay,sdt5-homo-4,sdt5-homo-4,gyrate,8ghinjbu,8ghinjbu::Rg,sdt5-homo-4 / Rg,Rg,Time (ps),74000,2.222537075143874,nm,nm
line,overlay,sdt5-homo-4,sdt5-homo-4,gyrate,8ghinjbu,8ghinjbu::Rg,sdt5-homo-4 / Rg,Rg,Time (ps),75000,2.222232168079385,nm,nm
line,overlay,sdt5-homo-4,sdt5-homo-4,gyrate,8ghinjbu,8ghinjbu::Rg,sdt5-homo-4 / Rg,Rg,Time (ps),76000,2.221047870459869,nm,nm
line,overlay,sdt5-homo-4,sdt5-homo-4,gyrate,8ghinjbu,8ghinjbu::Rg,sdt5-homo-4 / Rg,Rg,Time (ps),77000,2.2226294932222954,nm,nm
line,overlay,sdt5-homo-4,sdt5-homo-4,gyrate,8ghinjbu,8ghinjbu::Rg,sdt5-homo-4 / Rg,Rg,Time (ps),78000,2.228414323973416,nm,nm
line,overlay,sdt5-homo-4,sdt5-homo-4,gyrate,8ghinjbu,8ghinjbu::Rg,sdt5-homo-4 / Rg,Rg,Time (ps),79000,2.22089771475836,nm,nm
line,overlay,sdt5-homo-4,sdt5-homo-4,gyrate,8ghinjbu,8ghinjbu::Rg,sdt5-homo-4 / Rg,Rg,Time (ps),80000,2.22519057543506,nm,nm
line,overlay,sdt5-homo-4,sdt5-homo-4,gyrate,8ghinjbu,8ghinjbu::Rg,sdt5-homo-4 / Rg,Rg,Time (ps),81000,2.2225332803192948,nm,nm
line,overlay,sdt5-homo-4,sdt5-homo-4,gyrate,8ghinjbu,8ghinjbu::Rg,sdt5-homo-4 / Rg,Rg,Time (ps),82000,2.216908428010908,nm,nm
line,overlay,sdt5-homo-4,sdt5-homo-4,gyrate,8ghinjbu,8ghinjbu::Rg,sdt5-homo-4 / Rg,Rg,Time (ps),83000,2.2239753826681032,nm,nm
line,overlay,sdt5-homo-4,sdt5-homo-4,gyrate,8ghinjbu,8ghinjbu::Rg,sdt5-homo-4 / Rg,Rg,Time (ps),84000,2.228207684144116,nm,nm
line,overlay,sdt5-homo-4,sdt5-homo-4,gyrate,8ghinjbu,8ghinjbu::Rg,sdt5-homo-4 / Rg,Rg,Time (ps),85000,2.224153270023493,nm,nm
line,overlay,sdt5-homo-4,sdt5-homo-4,gyrate,8ghinjbu,8ghinjbu::Rg,sdt5-homo-4 / Rg,Rg,Time (ps),86000,2.231487921047401,nm,nm
line,overlay,sdt5-homo-4,sdt5-homo-4,gyrate,8ghinjbu,8ghinjbu::Rg,sdt5-homo-4 / Rg,Rg,Time (ps),87000,2.223483540615564,nm,nm
line,overlay,sdt5-homo-4,sdt5-homo-4,gyrate,8ghinjbu,8ghinjbu::Rg,sdt5-homo-4 / Rg,Rg,Time (ps),88000,2.229626503868943,nm,nm
line,overlay,sdt5-homo-4,sdt5-homo-4,gyrate,8ghinjbu,8ghinjbu::Rg,sdt5-homo-4 / Rg,Rg,Time (ps),89000,2.236673798888689,nm,nm
line,overlay,sdt5-homo-4,sdt5-homo-4,gyrate,8ghinjbu,8ghinjbu::Rg,sdt5-homo-4 / Rg,Rg,Time (ps),90000,2.229850923671972,nm,nm
line,overlay,sdt5-homo-4,sdt5-homo-4,gyrate,8ghinjbu,8ghinjbu::Rg,sdt5-homo-4 / Rg,Rg,Time (ps),91000,2.2388063575219306,nm,nm
line,overlay,sdt5-homo-4,sdt5-homo-4,gyrate,8ghinjbu,8ghinjbu::Rg,sdt5-homo-4 / Rg,Rg,Time (ps),92000,2.2327868057396327,nm,nm
line,overlay,sdt5-homo-4,sdt5-homo-4,gyrate,8ghinjbu,8ghinjbu::Rg,sdt5-homo-4 / Rg,Rg,Time (ps),93000,2.226170269312317,nm,nm
line,overlay,sdt5-homo-4,sdt5-homo-4,gyrate,8ghinjbu,8ghinjbu::Rg,sdt5-homo-4 / Rg,Rg,Time (ps),94000,2.2282109897178577,nm,nm
line,overlay,sdt5-homo-4,sdt5-homo-4,gyrate,8ghinjbu,8ghinjbu::Rg,sdt5-homo-4 / Rg,Rg,Time (ps),95000,2.2403039429565137,nm,nm
line,overlay,sdt5-homo-4,sdt5-homo-4,gyrate,8ghinjbu,8ghinjbu::Rg,sdt5-homo-4 / Rg,Rg,Time (ps),96000,2.250698837964592,nm,nm
line,overlay,sdt5-homo-4,sdt5-homo-4,gyrate,8ghinjbu,8ghinjbu::Rg,sdt5-homo-4 / Rg,Rg,Time (ps),97000,2.243163808259418,nm,nm
line,overlay,sdt5-homo-4,sdt5-homo-4,gyrate,8ghinjbu,8ghinjbu::Rg,sdt5-homo-4 / Rg,Rg,Time (ps),98000,2.2299221742875965,nm,nm
line,overlay,sdt5-homo-4,sdt5-homo-4,gyrate,8ghinjbu,8ghinjbu::Rg,sdt5-homo-4 / Rg,Rg,Time (ps),99000,2.230896886100133,nm,nm
line,overlay,sdt5-homo-4,sdt5-homo-4,gyrate,8ghinjbu,8ghinjbu::Rg,sdt5-homo-4 / Rg,Rg,Time (ps),100000,2.226907776497365,nm,nm
line,overlay,sdt8-homo,sdt8-homo,gyrate,zmqfnxdx,zmqfnxdx::Rg,sdt8-homo / Rg,Rg,Time (ps),0,2.222379189136798,nm,nm
line,overlay,sdt8-homo,sdt8-homo,gyrate,zmqfnxdx,zmqfnxdx::Rg,sdt8-homo / Rg,Rg,Time (ps),1000,2.2199599956494698,nm,nm
line,overlay,sdt8-homo,sdt8-homo,gyrate,zmqfnxdx,zmqfnxdx::Rg,sdt8-homo / Rg,Rg,Time (ps),2000,2.2240324579038915,nm,nm
line,overlay,sdt8-homo,sdt8-homo,gyrate,zmqfnxdx,zmqfnxdx::Rg,sdt8-homo / Rg,Rg,Time (ps),3000,2.224086249276859,nm,nm
line,overlay,sdt8-homo,sdt8-homo,gyrate,zmqfnxdx,zmqfnxdx::Rg,sdt8-homo / Rg,Rg,Time (ps),4000,2.2294111118873365,nm,nm
line,overlay,sdt8-homo,sdt8-homo,gyrate,zmqfnxdx,zmqfnxdx::Rg,sdt8-homo / Rg,Rg,Time (ps),5000,2.233457958301848,nm,nm
line,overlay,sdt8-homo,sdt8-homo,gyrate,zmqfnxdx,zmqfnxdx::Rg,sdt8-homo / Rg,Rg,Time (ps),6000,2.2298095210755493,nm,nm
line,overlay,sdt8-homo,sdt8-homo,gyrate,zmqfnxdx,zmqfnxdx::Rg,sdt8-homo / Rg,Rg,Time (ps),7000,2.233290833463825,nm,nm
line,overlay,sdt8-homo,sdt8-homo,gyrate,zmqfnxdx,zmqfnxdx::Rg,sdt8-homo / Rg,Rg,Time (ps),8000,2.2344504741834035,nm,nm
line,overlay,sdt8-homo,sdt8-homo,gyrate,zmqfnxdx,zmqfnxdx::Rg,sdt8-homo / Rg,Rg,Time (ps),9000,2.229423301655418,nm,nm
line,overlay,sdt8-homo,sdt8-homo,gyrate,zmqfnxdx,zmqfnxdx::Rg,sdt8-homo / Rg,Rg,Time (ps),10000,2.231390094397038,nm,nm
line,overlay,sdt8-homo,sdt8-homo,gyrate,zmqfnxdx,zmqfnxdx::Rg,sdt8-homo / Rg,Rg,Time (ps),11000,2.2325428543074004,nm,nm
line,overlay,sdt8-homo,sdt8-homo,gyrate,zmqfnxdx,zmqfnxdx::Rg,sdt8-homo / Rg,Rg,Time (ps),12000,2.2284583399467577,nm,nm
line,overlay,sdt8-homo,sdt8-homo,gyrate,zmqfnxdx,zmqfnxdx::Rg,sdt8-homo / Rg,Rg,Time (ps),13000,2.2351906758631817,nm,nm
line,overlay,sdt8-homo,sdt8-homo,gyrate,zmqfnxdx,zmqfnxdx::Rg,sdt8-homo / Rg,Rg,Time (ps),14000,2.231342494625288,nm,nm
line,overlay,sdt8-homo,sdt8-homo,gyrate,zmqfnxdx,zmqfnxdx::Rg,sdt8-homo / Rg,Rg,Time (ps),15000,2.2333470410539,nm,nm
line,overlay,sdt8-homo,sdt8-homo,gyrate,zmqfnxdx,zmqfnxdx::Rg,sdt8-homo / Rg,Rg,Time (ps),16000,2.234817298201742,nm,nm
line,overlay,sdt8-homo,sdt8-homo,gyrate,zmqfnxdx,zmqfnxdx::Rg,sdt8-homo / Rg,Rg,Time (ps),17000,2.224020716671386,nm,nm
line,overlay,sdt8-homo,sdt8-homo,gyrate,zmqfnxdx,zmqfnxdx::Rg,sdt8-homo / Rg,Rg,Time (ps),18000,2.232014034554916,nm,nm
line,overlay,sdt8-homo,sdt8-homo,gyrate,zmqfnxdx,zmqfnxdx::Rg,sdt8-homo / Rg,Rg,Time (ps),19000,2.2263808079796363,nm,nm
line,overlay,sdt8-homo,sdt8-homo,gyrate,zmqfnxdx,zmqfnxdx::Rg,sdt8-homo / Rg,Rg,Time (ps),20000,2.2303758773798816,nm,nm
line,overlay,sdt8-homo,sdt8-homo,gyrate,zmqfnxdx,zmqfnxdx::Rg,sdt8-homo / Rg,Rg,Time (ps),21000,2.238361859029969,nm,nm
line,overlay,sdt8-homo,sdt8-homo,gyrate,zmqfnxdx,zmqfnxdx::Rg,sdt8-homo / Rg,Rg,Time (ps),22000,2.233735619049152,nm,nm
line,overlay,sdt8-homo,sdt8-homo,gyrate,zmqfnxdx,zmqfnxdx::Rg,sdt8-homo / Rg,Rg,Time (ps),23000,2.22657584109125,nm,nm
line,overlay,sdt8-homo,sdt8-homo,gyrate,zmqfnxdx,zmqfnxdx::Rg,sdt8-homo / Rg,Rg,Time (ps),24000,2.2425293478097346,nm,nm
line,overlay,sdt8-homo,sdt8-homo,gyrate,zmqfnxdx,zmqfnxdx::Rg,sdt8-homo / Rg,Rg,Time (ps),25000,2.229445517958268,nm,nm
line,overlay,sdt8-homo,sdt8-homo,gyrate,zmqfnxdx,zmqfnxdx::Rg,sdt8-homo / Rg,Rg,Time (ps),26000,2.242086836272007,nm,nm
line,overlay,sdt8-homo,sdt8-homo,gyrate,zmqfnxdx,zmqfnxdx::Rg,sdt8-homo / Rg,Rg,Time (ps),27000,2.235098260452702,nm,nm
line,overlay,sdt8-homo,sdt8-homo,gyrate,zmqfnxdx,zmqfnxdx::Rg,sdt8-homo / Rg,Rg,Time (ps),28000,2.242831862337898,nm,nm
line,overlay,sdt8-homo,sdt8-homo,gyrate,zmqfnxdx,zmqfnxdx::Rg,sdt8-homo / Rg,Rg,Time (ps),29000,2.2316686778378023,nm,nm
line,overlay,sdt8-homo,sdt8-homo,gyrate,zmqfnxdx,zmqfnxdx::Rg,sdt8-homo / Rg,Rg,Time (ps),30000,2.2357654785533305,nm,nm
line,overlay,sdt8-homo,sdt8-homo,gyrate,zmqfnxdx,zmqfnxdx::Rg,sdt8-homo / Rg,Rg,Time (ps),31000,2.231900383390132,nm,nm
line,overlay,sdt8-homo,sdt8-homo,gyrate,zmqfnxdx,zmqfnxdx::Rg,sdt8-homo / Rg,Rg,Time (ps),32000,2.239450548556865,nm,nm
line,overlay,sdt8-homo,sdt8-homo,gyrate,zmqfnxdx,zmqfnxdx::Rg,sdt8-homo / Rg,Rg,Time (ps),33000,2.237633639687965,nm,nm
line,overlay,sdt8-homo,sdt8-homo,gyrate,zmqfnxdx,zmqfnxdx::Rg,sdt8-homo / Rg,Rg,Time (ps),34000,2.2311388279796938,nm,nm
line,overlay,sdt8-homo,sdt8-homo,gyrate,zmqfnxdx,zmqfnxdx::Rg,sdt8-homo / Rg,Rg,Time (ps),35000,2.2275778372393917,nm,nm
line,overlay,sdt8-homo,sdt8-homo,gyrate,zmqfnxdx,zmqfnxdx::Rg,sdt8-homo / Rg,Rg,Time (ps),36000,2.2293990675064204,nm,nm
line,overlay,sdt8-homo,sdt8-homo,gyrate,zmqfnxdx,zmqfnxdx::Rg,sdt8-homo / Rg,Rg,Time (ps),37000,2.224497803193823,nm,nm
line,overlay,sdt8-homo,sdt8-homo,gyrate,zmqfnxdx,zmqfnxdx::Rg,sdt8-homo / Rg,Rg,Time (ps),38000,2.2412149895731304,nm,nm
line,overlay,sdt8-homo,sdt8-homo,gyrate,zmqfnxdx,zmqfnxdx::Rg,sdt8-homo / Rg,Rg,Time (ps),39000,2.236073017175473,nm,nm
line,overlay,sdt8-homo,sdt8-homo,gyrate,zmqfnxdx,zmqfnxdx::Rg,sdt8-homo / Rg,Rg,Time (ps),40000,2.225360943514572,nm,nm
line,overlay,sdt8-homo,sdt8-homo,gyrate,zmqfnxdx,zmqfnxdx::Rg,sdt8-homo / Rg,Rg,Time (ps),41000,2.2412414867812296,nm,nm
line,overlay,sdt8-homo,sdt8-homo,gyrate,zmqfnxdx,zmqfnxdx::Rg,sdt8-homo / Rg,Rg,Time (ps),42000,2.2316848307431,nm,nm
line,overlay,sdt8-homo,sdt8-homo,gyrate,zmqfnxdx,zmqfnxdx::Rg,sdt8-homo / Rg,Rg,Time (ps),43000,2.230789489972457,nm,nm
line,overlay,sdt8-homo,sdt8-homo,gyrate,zmqfnxdx,zmqfnxdx::Rg,sdt8-homo / Rg,Rg,Time (ps),44000,2.227620166775465,nm,nm
line,overlay,sdt8-homo,sdt8-homo,gyrate,zmqfnxdx,zmqfnxdx::Rg,sdt8-homo / Rg,Rg,Time (ps),45000,2.239280602457108,nm,nm
line,overlay,sdt8-homo,sdt8-homo,gyrate,zmqfnxdx,zmqfnxdx::Rg,sdt8-homo / Rg,Rg,Time (ps),46000,2.2459412397483987,nm,nm
line,overlay,sdt8-homo,sdt8-homo,gyrate,zmqfnxdx,zmqfnxdx::Rg,sdt8-homo / Rg,Rg,Time (ps),47000,2.241147623521823,nm,nm
line,overlay,sdt8-homo,sdt8-homo,gyrate,zmqfnxdx,zmqfnxdx::Rg,sdt8-homo / Rg,Rg,Time (ps),48000,2.2432246900013504,nm,nm
line,overlay,sdt8-homo,sdt8-homo,gyrate,zmqfnxdx,zmqfnxdx::Rg,sdt8-homo / Rg,Rg,Time (ps),49000,2.2379108075503127,nm,nm
line,overlay,sdt8-homo,sdt8-homo,gyrate,zmqfnxdx,zmqfnxdx::Rg,sdt8-homo / Rg,Rg,Time (ps),50000,2.234787162357145,nm,nm
line,overlay,sdt8-homo,sdt8-homo,gyrate,zmqfnxdx,zmqfnxdx::Rg,sdt8-homo / Rg,Rg,Time (ps),51000,2.2322336582473907,nm,nm
line,overlay,sdt8-homo,sdt8-homo,gyrate,zmqfnxdx,zmqfnxdx::Rg,sdt8-homo / Rg,Rg,Time (ps),52000,2.2395276983512744,nm,nm
line,overlay,sdt8-homo,sdt8-homo,gyrate,zmqfnxdx,zmqfnxdx::Rg,sdt8-homo / Rg,Rg,Time (ps),53000,2.250392311717855,nm,nm
line,overlay,sdt8-homo,sdt8-homo,gyrate,zmqfnxdx,zmqfnxdx::Rg,sdt8-homo / Rg,Rg,Time (ps),54000,2.247818394588112,nm,nm
line,overlay,sdt8-homo,sdt8-homo,gyrate,zmqfnxdx,zmqfnxdx::Rg,sdt8-homo / Rg,Rg,Time (ps),55000,2.2437166288107515,nm,nm
line,overlay,sdt8-homo,sdt8-homo,gyrate,zmqfnxdx,zmqfnxdx::Rg,sdt8-homo / Rg,Rg,Time (ps),56000,2.250541169258622,nm,nm
line,overlay,sdt8-homo,sdt8-homo,gyrate,zmqfnxdx,zmqfnxdx::Rg,sdt8-homo / Rg,Rg,Time (ps),57000,2.2429667052463977,nm,nm
line,overlay,sdt8-homo,sdt8-homo,gyrate,zmqfnxdx,zmqfnxdx::Rg,sdt8-homo / Rg,Rg,Time (ps),58000,2.244262228124898,nm,nm
line,overlay,sdt8-homo,sdt8-homo,gyrate,zmqfnxdx,zmqfnxdx::Rg,sdt8-homo / Rg,Rg,Time (ps),59000,2.2418333339687884,nm,nm
line,overlay,sdt8-homo,sdt8-homo,gyrate,zmqfnxdx,zmqfnxdx::Rg,sdt8-homo / Rg,Rg,Time (ps),60000,2.2534621624311737,nm,nm
line,overlay,sdt8-homo,sdt8-homo,gyrate,zmqfnxdx,zmqfnxdx::Rg,sdt8-homo / Rg,Rg,Time (ps),61000,2.2454573543085625,nm,nm
line,overlay,sdt8-homo,sdt8-homo,gyrate,zmqfnxdx,zmqfnxdx::Rg,sdt8-homo / Rg,Rg,Time (ps),62000,2.2506835697355854,nm,nm
line,overlay,sdt8-homo,sdt8-homo,gyrate,zmqfnxdx,zmqfnxdx::Rg,sdt8-homo / Rg,Rg,Time (ps),63000,2.255057698529169,nm,nm
line,overlay,sdt8-homo,sdt8-homo,gyrate,zmqfnxdx,zmqfnxdx::Rg,sdt8-homo / Rg,Rg,Time (ps),64000,2.2447510155423283,nm,nm
line,overlay,sdt8-homo,sdt8-homo,gyrate,zmqfnxdx,zmqfnxdx::Rg,sdt8-homo / Rg,Rg,Time (ps),65000,2.2509226056464606,nm,nm
line,overlay,sdt8-homo,sdt8-homo,gyrate,zmqfnxdx,zmqfnxdx::Rg,sdt8-homo / Rg,Rg,Time (ps),66000,2.2437382504329886,nm,nm
line,overlay,sdt8-homo,sdt8-homo,gyrate,zmqfnxdx,zmqfnxdx::Rg,sdt8-homo / Rg,Rg,Time (ps),67000,2.2493648774854065,nm,nm
line,overlay,sdt8-homo,sdt8-homo,gyrate,zmqfnxdx,zmqfnxdx::Rg,sdt8-homo / Rg,Rg,Time (ps),68000,2.2546105306050377,nm,nm
line,overlay,sdt8-homo,sdt8-homo,gyrate,zmqfnxdx,zmqfnxdx::Rg,sdt8-homo / Rg,Rg,Time (ps),69000,2.239956138112394,nm,nm
line,overlay,sdt8-homo,sdt8-homo,gyrate,zmqfnxdx,zmqfnxdx::Rg,sdt8-homo / Rg,Rg,Time (ps),70000,2.245740183758058,nm,nm
line,overlay,sdt8-homo,sdt8-homo,gyrate,zmqfnxdx,zmqfnxdx::Rg,sdt8-homo / Rg,Rg,Time (ps),71000,2.2519945862883897,nm,nm
line,overlay,sdt8-homo,sdt8-homo,gyrate,zmqfnxdx,zmqfnxdx::Rg,sdt8-homo / Rg,Rg,Time (ps),72000,2.261168962668556,nm,nm
line,overlay,sdt8-homo,sdt8-homo,gyrate,zmqfnxdx,zmqfnxdx::Rg,sdt8-homo / Rg,Rg,Time (ps),73000,2.263451771743353,nm,nm
line,overlay,sdt8-homo,sdt8-homo,gyrate,zmqfnxdx,zmqfnxdx::Rg,sdt8-homo / Rg,Rg,Time (ps),74000,2.2543199584040505,nm,nm
line,overlay,sdt8-homo,sdt8-homo,gyrate,zmqfnxdx,zmqfnxdx::Rg,sdt8-homo / Rg,Rg,Time (ps),75000,2.2616590075228853,nm,nm
line,overlay,sdt8-homo,sdt8-homo,gyrate,zmqfnxdx,zmqfnxdx::Rg,sdt8-homo / Rg,Rg,Time (ps),76000,2.26698942978162,nm,nm
line,overlay,sdt8-homo,sdt8-homo,gyrate,zmqfnxdx,zmqfnxdx::Rg,sdt8-homo / Rg,Rg,Time (ps),77000,2.2502724699956365,nm,nm
line,overlay,sdt8-homo,sdt8-homo,gyrate,zmqfnxdx,zmqfnxdx::Rg,sdt8-homo / Rg,Rg,Time (ps),78000,2.2538239793583514,nm,nm
line,overlay,sdt8-homo,sdt8-homo,gyrate,zmqfnxdx,zmqfnxdx::Rg,sdt8-homo / Rg,Rg,Time (ps),79000,2.2437161979962066,nm,nm
line,overlay,sdt8-homo,sdt8-homo,gyrate,zmqfnxdx,zmqfnxdx::Rg,sdt8-homo / Rg,Rg,Time (ps),80000,2.257352749474683,nm,nm
line,overlay,sdt8-homo,sdt8-homo,gyrate,zmqfnxdx,zmqfnxdx::Rg,sdt8-homo / Rg,Rg,Time (ps),81000,2.264569425304713,nm,nm
line,overlay,sdt8-homo,sdt8-homo,gyrate,zmqfnxdx,zmqfnxdx::Rg,sdt8-homo / Rg,Rg,Time (ps),82000,2.2547105160753,nm,nm
line,overlay,sdt8-homo,sdt8-homo,gyrate,zmqfnxdx,zmqfnxdx::Rg,sdt8-homo / Rg,Rg,Time (ps),83000,2.250861416548396,nm,nm
line,overlay,sdt8-homo,sdt8-homo,gyrate,zmqfnxdx,zmqfnxdx::Rg,sdt8-homo / Rg,Rg,Time (ps),84000,2.253778845391833,nm,nm
line,overlay,sdt8-homo,sdt8-homo,gyrate,zmqfnxdx,zmqfnxdx::Rg,sdt8-homo / Rg,Rg,Time (ps),85000,2.234877424058266,nm,nm
line,overlay,sdt8-homo,sdt8-homo,gyrate,zmqfnxdx,zmqfnxdx::Rg,sdt8-homo / Rg,Rg,Time (ps),86000,2.258872358584962,nm,nm
line,overlay,sdt8-homo,sdt8-homo,gyrate,zmqfnxdx,zmqfnxdx::Rg,sdt8-homo / Rg,Rg,Time (ps),87000,2.2436389932726373,nm,nm
line,overlay,sdt8-homo,sdt8-homo,gyrate,zmqfnxdx,zmqfnxdx::Rg,sdt8-homo / Rg,Rg,Time (ps),88000,2.2589122412219047,nm,nm
line,overlay,sdt8-homo,sdt8-homo,gyrate,zmqfnxdx,zmqfnxdx::Rg,sdt8-homo / Rg,Rg,Time (ps),89000,2.243624471353576,nm,nm
line,overlay,sdt8-homo,sdt8-homo,gyrate,zmqfnxdx,zmqfnxdx::Rg,sdt8-homo / Rg,Rg,Time (ps),90000,2.249290862169571,nm,nm
line,overlay,sdt8-homo,sdt8-homo,gyrate,zmqfnxdx,zmqfnxdx::Rg,sdt8-homo / Rg,Rg,Time (ps),91000,2.249815958644439,nm,nm
line,overlay,sdt8-homo,sdt8-homo,gyrate,zmqfnxdx,zmqfnxdx::Rg,sdt8-homo / Rg,Rg,Time (ps),92000,2.252823323745976,nm,nm
line,overlay,sdt8-homo,sdt8-homo,gyrate,zmqfnxdx,zmqfnxdx::Rg,sdt8-homo / Rg,Rg,Time (ps),93000,2.249122304251518,nm,nm
line,overlay,sdt8-homo,sdt8-homo,gyrate,zmqfnxdx,zmqfnxdx::Rg,sdt8-homo / Rg,Rg,Time (ps),94000,2.248926364312819,nm,nm
line,overlay,sdt8-homo,sdt8-homo,gyrate,zmqfnxdx,zmqfnxdx::Rg,sdt8-homo / Rg,Rg,Time (ps),95000,2.2481350029098244,nm,nm
line,overlay,sdt8-homo,sdt8-homo,gyrate,zmqfnxdx,zmqfnxdx::Rg,sdt8-homo / Rg,Rg,Time (ps),96000,2.25191710669286,nm,nm
line,overlay,sdt8-homo,sdt8-homo,gyrate,zmqfnxdx,zmqfnxdx::Rg,sdt8-homo / Rg,Rg,Time (ps),97000,2.25629651233621,nm,nm
line,overlay,sdt8-homo,sdt8-homo,gyrate,zmqfnxdx,zmqfnxdx::Rg,sdt8-homo / Rg,Rg,Time (ps),98000,2.2652489618483496,nm,nm
line,overlay,sdt8-homo,sdt8-homo,gyrate,zmqfnxdx,zmqfnxdx::Rg,sdt8-homo / Rg,Rg,Time (ps),99000,2.23549912986945,nm,nm
line,overlay,sdt8-homo,sdt8-homo,gyrate,zmqfnxdx,zmqfnxdx::Rg,sdt8-homo / Rg,Rg,Time (ps),100000,2.241833567069761,nm,nm
line,overlay,sdt8-homo-2,sdt8-homo-2,gyrate,ww1xpvxk,ww1xpvxk::Rg,sdt8-homo-2 / Rg,Rg,Time (ps),0,2.207842027643779,nm,nm
line,overlay,sdt8-homo-2,sdt8-homo-2,gyrate,ww1xpvxk,ww1xpvxk::Rg,sdt8-homo-2 / Rg,Rg,Time (ps),1000,2.219358014822776,nm,nm
line,overlay,sdt8-homo-2,sdt8-homo-2,gyrate,ww1xpvxk,ww1xpvxk::Rg,sdt8-homo-2 / Rg,Rg,Time (ps),2000,2.2160786141062663,nm,nm
line,overlay,sdt8-homo-2,sdt8-homo-2,gyrate,ww1xpvxk,ww1xpvxk::Rg,sdt8-homo-2 / Rg,Rg,Time (ps),3000,2.2279032093062896,nm,nm
line,overlay,sdt8-homo-2,sdt8-homo-2,gyrate,ww1xpvxk,ww1xpvxk::Rg,sdt8-homo-2 / Rg,Rg,Time (ps),4000,2.220344156763964,nm,nm
line,overlay,sdt8-homo-2,sdt8-homo-2,gyrate,ww1xpvxk,ww1xpvxk::Rg,sdt8-homo-2 / Rg,Rg,Time (ps),5000,2.220856527639694,nm,nm
line,overlay,sdt8-homo-2,sdt8-homo-2,gyrate,ww1xpvxk,ww1xpvxk::Rg,sdt8-homo-2 / Rg,Rg,Time (ps),6000,2.227797940604316,nm,nm
line,overlay,sdt8-homo-2,sdt8-homo-2,gyrate,ww1xpvxk,ww1xpvxk::Rg,sdt8-homo-2 / Rg,Rg,Time (ps),7000,2.2309630100521223,nm,nm
line,overlay,sdt8-homo-2,sdt8-homo-2,gyrate,ww1xpvxk,ww1xpvxk::Rg,sdt8-homo-2 / Rg,Rg,Time (ps),8000,2.225149501472775,nm,nm
line,overlay,sdt8-homo-2,sdt8-homo-2,gyrate,ww1xpvxk,ww1xpvxk::Rg,sdt8-homo-2 / Rg,Rg,Time (ps),9000,2.2371184934137665,nm,nm
line,overlay,sdt8-homo-2,sdt8-homo-2,gyrate,ww1xpvxk,ww1xpvxk::Rg,sdt8-homo-2 / Rg,Rg,Time (ps),10000,2.223803257517152,nm,nm
line,overlay,sdt8-homo-2,sdt8-homo-2,gyrate,ww1xpvxk,ww1xpvxk::Rg,sdt8-homo-2 / Rg,Rg,Time (ps),11000,2.237354458731834,nm,nm
line,overlay,sdt8-homo-2,sdt8-homo-2,gyrate,ww1xpvxk,ww1xpvxk::Rg,sdt8-homo-2 / Rg,Rg,Time (ps),12000,2.2258661198785235,nm,nm
line,overlay,sdt8-homo-2,sdt8-homo-2,gyrate,ww1xpvxk,ww1xpvxk::Rg,sdt8-homo-2 / Rg,Rg,Time (ps),13000,2.2311035927190503,nm,nm
line,overlay,sdt8-homo-2,sdt8-homo-2,gyrate,ww1xpvxk,ww1xpvxk::Rg,sdt8-homo-2 / Rg,Rg,Time (ps),14000,2.222786196764322,nm,nm
line,overlay,sdt8-homo-2,sdt8-homo-2,gyrate,ww1xpvxk,ww1xpvxk::Rg,sdt8-homo-2 / Rg,Rg,Time (ps),15000,2.2300224738950085,nm,nm
line,overlay,sdt8-homo-2,sdt8-homo-2,gyrate,ww1xpvxk,ww1xpvxk::Rg,sdt8-homo-2 / Rg,Rg,Time (ps),16000,2.236494685839644,nm,nm
line,overlay,sdt8-homo-2,sdt8-homo-2,gyrate,ww1xpvxk,ww1xpvxk::Rg,sdt8-homo-2 / Rg,Rg,Time (ps),17000,2.2328815256486827,nm,nm
line,overlay,sdt8-homo-2,sdt8-homo-2,gyrate,ww1xpvxk,ww1xpvxk::Rg,sdt8-homo-2 / Rg,Rg,Time (ps),18000,2.2161912252571514,nm,nm
line,overlay,sdt8-homo-2,sdt8-homo-2,gyrate,ww1xpvxk,ww1xpvxk::Rg,sdt8-homo-2 / Rg,Rg,Time (ps),19000,2.218101471769092,nm,nm
line,overlay,sdt8-homo-2,sdt8-homo-2,gyrate,ww1xpvxk,ww1xpvxk::Rg,sdt8-homo-2 / Rg,Rg,Time (ps),20000,2.220622598147568,nm,nm
line,overlay,sdt8-homo-2,sdt8-homo-2,gyrate,ww1xpvxk,ww1xpvxk::Rg,sdt8-homo-2 / Rg,Rg,Time (ps),21000,2.232341461350764,nm,nm
line,overlay,sdt8-homo-2,sdt8-homo-2,gyrate,ww1xpvxk,ww1xpvxk::Rg,sdt8-homo-2 / Rg,Rg,Time (ps),22000,2.229123218289616,nm,nm
line,overlay,sdt8-homo-2,sdt8-homo-2,gyrate,ww1xpvxk,ww1xpvxk::Rg,sdt8-homo-2 / Rg,Rg,Time (ps),23000,2.223074093982699,nm,nm
line,overlay,sdt8-homo-2,sdt8-homo-2,gyrate,ww1xpvxk,ww1xpvxk::Rg,sdt8-homo-2 / Rg,Rg,Time (ps),24000,2.2237609999389645,nm,nm
line,overlay,sdt8-homo-2,sdt8-homo-2,gyrate,ww1xpvxk,ww1xpvxk::Rg,sdt8-homo-2 / Rg,Rg,Time (ps),25000,2.2293734059141106,nm,nm
line,overlay,sdt8-homo-2,sdt8-homo-2,gyrate,ww1xpvxk,ww1xpvxk::Rg,sdt8-homo-2 / Rg,Rg,Time (ps),26000,2.2303422139076785,nm,nm
line,overlay,sdt8-homo-2,sdt8-homo-2,gyrate,ww1xpvxk,ww1xpvxk::Rg,sdt8-homo-2 / Rg,Rg,Time (ps),27000,2.2327586188489748,nm,nm
line,overlay,sdt8-homo-2,sdt8-homo-2,gyrate,ww1xpvxk,ww1xpvxk::Rg,sdt8-homo-2 / Rg,Rg,Time (ps),28000,2.23266538482055,nm,nm
line,overlay,sdt8-homo-2,sdt8-homo-2,gyrate,ww1xpvxk,ww1xpvxk::Rg,sdt8-homo-2 / Rg,Rg,Time (ps),29000,2.230202782208804,nm,nm
line,overlay,sdt8-homo-2,sdt8-homo-2,gyrate,ww1xpvxk,ww1xpvxk::Rg,sdt8-homo-2 / Rg,Rg,Time (ps),30000,2.2276152559338223,nm,nm
line,overlay,sdt8-homo-2,sdt8-homo-2,gyrate,ww1xpvxk,ww1xpvxk::Rg,sdt8-homo-2 / Rg,Rg,Time (ps),31000,2.227059873239001,nm,nm
line,overlay,sdt8-homo-2,sdt8-homo-2,gyrate,ww1xpvxk,ww1xpvxk::Rg,sdt8-homo-2 / Rg,Rg,Time (ps),32000,2.2309305205373997,nm,nm
line,overlay,sdt8-homo-2,sdt8-homo-2,gyrate,ww1xpvxk,ww1xpvxk::Rg,sdt8-homo-2 / Rg,Rg,Time (ps),33000,2.239152933460464,nm,nm
line,overlay,sdt8-homo-2,sdt8-homo-2,gyrate,ww1xpvxk,ww1xpvxk::Rg,sdt8-homo-2 / Rg,Rg,Time (ps),34000,2.2360828945552083,nm,nm
line,overlay,sdt8-homo-2,sdt8-homo-2,gyrate,ww1xpvxk,ww1xpvxk::Rg,sdt8-homo-2 / Rg,Rg,Time (ps),35000,2.2292658177826823,nm,nm
line,overlay,sdt8-homo-2,sdt8-homo-2,gyrate,ww1xpvxk,ww1xpvxk::Rg,sdt8-homo-2 / Rg,Rg,Time (ps),36000,2.2276070495309,nm,nm
line,overlay,sdt8-homo-2,sdt8-homo-2,gyrate,ww1xpvxk,ww1xpvxk::Rg,sdt8-homo-2 / Rg,Rg,Time (ps),37000,2.220668475354469,nm,nm
line,overlay,sdt8-homo-2,sdt8-homo-2,gyrate,ww1xpvxk,ww1xpvxk::Rg,sdt8-homo-2 / Rg,Rg,Time (ps),38000,2.225447522952623,nm,nm
line,overlay,sdt8-homo-2,sdt8-homo-2,gyrate,ww1xpvxk,ww1xpvxk::Rg,sdt8-homo-2 / Rg,Rg,Time (ps),39000,2.2297166672308046,nm,nm
line,overlay,sdt8-homo-2,sdt8-homo-2,gyrate,ww1xpvxk,ww1xpvxk::Rg,sdt8-homo-2 / Rg,Rg,Time (ps),40000,2.2198136758350944,nm,nm
line,overlay,sdt8-homo-2,sdt8-homo-2,gyrate,ww1xpvxk,ww1xpvxk::Rg,sdt8-homo-2 / Rg,Rg,Time (ps),41000,2.23233668450317,nm,nm
line,overlay,sdt8-homo-2,sdt8-homo-2,gyrate,ww1xpvxk,ww1xpvxk::Rg,sdt8-homo-2 / Rg,Rg,Time (ps),42000,2.2254557332530616,nm,nm
line,overlay,sdt8-homo-2,sdt8-homo-2,gyrate,ww1xpvxk,ww1xpvxk::Rg,sdt8-homo-2 / Rg,Rg,Time (ps),43000,2.216540339770441,nm,nm
line,overlay,sdt8-homo-2,sdt8-homo-2,gyrate,ww1xpvxk,ww1xpvxk::Rg,sdt8-homo-2 / Rg,Rg,Time (ps),44000,2.2261621982689204,nm,nm
line,overlay,sdt8-homo-2,sdt8-homo-2,gyrate,ww1xpvxk,ww1xpvxk::Rg,sdt8-homo-2 / Rg,Rg,Time (ps),45000,2.2266888834658816,nm,nm
line,overlay,sdt8-homo-2,sdt8-homo-2,gyrate,ww1xpvxk,ww1xpvxk::Rg,sdt8-homo-2 / Rg,Rg,Time (ps),46000,2.2259464530368454,nm,nm
line,overlay,sdt8-homo-2,sdt8-homo-2,gyrate,ww1xpvxk,ww1xpvxk::Rg,sdt8-homo-2 / Rg,Rg,Time (ps),47000,2.222168095274901,nm,nm
line,overlay,sdt8-homo-2,sdt8-homo-2,gyrate,ww1xpvxk,ww1xpvxk::Rg,sdt8-homo-2 / Rg,Rg,Time (ps),48000,2.2222725465503466,nm,nm
line,overlay,sdt8-homo-2,sdt8-homo-2,gyrate,ww1xpvxk,ww1xpvxk::Rg,sdt8-homo-2 / Rg,Rg,Time (ps),49000,2.232653203469721,nm,nm
line,overlay,sdt8-homo-2,sdt8-homo-2,gyrate,ww1xpvxk,ww1xpvxk::Rg,sdt8-homo-2 / Rg,Rg,Time (ps),50000,2.225461434652753,nm,nm
line,overlay,sdt8-homo-2,sdt8-homo-2,gyrate,ww1xpvxk,ww1xpvxk::Rg,sdt8-homo-2 / Rg,Rg,Time (ps),51000,2.222348353806604,nm,nm
line,overlay,sdt8-homo-2,sdt8-homo-2,gyrate,ww1xpvxk,ww1xpvxk::Rg,sdt8-homo-2 / Rg,Rg,Time (ps),52000,2.2183225577330257,nm,nm
line,overlay,sdt8-homo-2,sdt8-homo-2,gyrate,ww1xpvxk,ww1xpvxk::Rg,sdt8-homo-2 / Rg,Rg,Time (ps),53000,2.21231321268254,nm,nm
line,overlay,sdt8-homo-2,sdt8-homo-2,gyrate,ww1xpvxk,ww1xpvxk::Rg,sdt8-homo-2 / Rg,Rg,Time (ps),54000,2.221722959068073,nm,nm
line,overlay,sdt8-homo-2,sdt8-homo-2,gyrate,ww1xpvxk,ww1xpvxk::Rg,sdt8-homo-2 / Rg,Rg,Time (ps),55000,2.221025845700954,nm,nm
line,overlay,sdt8-homo-2,sdt8-homo-2,gyrate,ww1xpvxk,ww1xpvxk::Rg,sdt8-homo-2 / Rg,Rg,Time (ps),56000,2.2118571916480967,nm,nm
line,overlay,sdt8-homo-2,sdt8-homo-2,gyrate,ww1xpvxk,ww1xpvxk::Rg,sdt8-homo-2 / Rg,Rg,Time (ps),57000,2.2146814370243213,nm,nm
line,overlay,sdt8-homo-2,sdt8-homo-2,gyrate,ww1xpvxk,ww1xpvxk::Rg,sdt8-homo-2 / Rg,Rg,Time (ps),58000,2.2122435134425134,nm,nm
line,overlay,sdt8-homo-2,sdt8-homo-2,gyrate,ww1xpvxk,ww1xpvxk::Rg,sdt8-homo-2 / Rg,Rg,Time (ps),59000,2.2197144029881635,nm,nm
line,overlay,sdt8-homo-2,sdt8-homo-2,gyrate,ww1xpvxk,ww1xpvxk::Rg,sdt8-homo-2 / Rg,Rg,Time (ps),60000,2.225145463900738,nm,nm
line,overlay,sdt8-homo-2,sdt8-homo-2,gyrate,ww1xpvxk,ww1xpvxk::Rg,sdt8-homo-2 / Rg,Rg,Time (ps),61000,2.2218322959534533,nm,nm
line,overlay,sdt8-homo-2,sdt8-homo-2,gyrate,ww1xpvxk,ww1xpvxk::Rg,sdt8-homo-2 / Rg,Rg,Time (ps),62000,2.2154516085972515,nm,nm
line,overlay,sdt8-homo-2,sdt8-homo-2,gyrate,ww1xpvxk,ww1xpvxk::Rg,sdt8-homo-2 / Rg,Rg,Time (ps),63000,2.22318583898795,nm,nm
line,overlay,sdt8-homo-2,sdt8-homo-2,gyrate,ww1xpvxk,ww1xpvxk::Rg,sdt8-homo-2 / Rg,Rg,Time (ps),64000,2.2208970501049494,nm,nm
line,overlay,sdt8-homo-2,sdt8-homo-2,gyrate,ww1xpvxk,ww1xpvxk::Rg,sdt8-homo-2 / Rg,Rg,Time (ps),65000,2.2125946124076474,nm,nm
line,overlay,sdt8-homo-2,sdt8-homo-2,gyrate,ww1xpvxk,ww1xpvxk::Rg,sdt8-homo-2 / Rg,Rg,Time (ps),66000,2.2215824616782966,nm,nm
line,overlay,sdt8-homo-2,sdt8-homo-2,gyrate,ww1xpvxk,ww1xpvxk::Rg,sdt8-homo-2 / Rg,Rg,Time (ps),67000,2.220185508299922,nm,nm
line,overlay,sdt8-homo-2,sdt8-homo-2,gyrate,ww1xpvxk,ww1xpvxk::Rg,sdt8-homo-2 / Rg,Rg,Time (ps),68000,2.221085302135313,nm,nm
line,overlay,sdt8-homo-2,sdt8-homo-2,gyrate,ww1xpvxk,ww1xpvxk::Rg,sdt8-homo-2 / Rg,Rg,Time (ps),69000,2.232100723934557,nm,nm
line,overlay,sdt8-homo-2,sdt8-homo-2,gyrate,ww1xpvxk,ww1xpvxk::Rg,sdt8-homo-2 / Rg,Rg,Time (ps),70000,2.228577261766461,nm,nm
line,overlay,sdt8-homo-2,sdt8-homo-2,gyrate,ww1xpvxk,ww1xpvxk::Rg,sdt8-homo-2 / Rg,Rg,Time (ps),71000,2.225420049221665,nm,nm
line,overlay,sdt8-homo-2,sdt8-homo-2,gyrate,ww1xpvxk,ww1xpvxk::Rg,sdt8-homo-2 / Rg,Rg,Time (ps),72000,2.22152287771594,nm,nm
line,overlay,sdt8-homo-2,sdt8-homo-2,gyrate,ww1xpvxk,ww1xpvxk::Rg,sdt8-homo-2 / Rg,Rg,Time (ps),73000,2.2209281945966506,nm,nm
line,overlay,sdt8-homo-2,sdt8-homo-2,gyrate,ww1xpvxk,ww1xpvxk::Rg,sdt8-homo-2 / Rg,Rg,Time (ps),74000,2.2138252705718484,nm,nm
line,overlay,sdt8-homo-2,sdt8-homo-2,gyrate,ww1xpvxk,ww1xpvxk::Rg,sdt8-homo-2 / Rg,Rg,Time (ps),75000,2.227134807186062,nm,nm
line,overlay,sdt8-homo-2,sdt8-homo-2,gyrate,ww1xpvxk,ww1xpvxk::Rg,sdt8-homo-2 / Rg,Rg,Time (ps),76000,2.2238843897529046,nm,nm
line,overlay,sdt8-homo-2,sdt8-homo-2,gyrate,ww1xpvxk,ww1xpvxk::Rg,sdt8-homo-2 / Rg,Rg,Time (ps),77000,2.2283999671148105,nm,nm
line,overlay,sdt8-homo-2,sdt8-homo-2,gyrate,ww1xpvxk,ww1xpvxk::Rg,sdt8-homo-2 / Rg,Rg,Time (ps),78000,2.2182838319791367,nm,nm
line,overlay,sdt8-homo-2,sdt8-homo-2,gyrate,ww1xpvxk,ww1xpvxk::Rg,sdt8-homo-2 / Rg,Rg,Time (ps),79000,2.226023965241126,nm,nm
line,overlay,sdt8-homo-2,sdt8-homo-2,gyrate,ww1xpvxk,ww1xpvxk::Rg,sdt8-homo-2 / Rg,Rg,Time (ps),80000,2.216394983184452,nm,nm
line,overlay,sdt8-homo-2,sdt8-homo-2,gyrate,ww1xpvxk,ww1xpvxk::Rg,sdt8-homo-2 / Rg,Rg,Time (ps),81000,2.228623608969321,nm,nm
line,overlay,sdt8-homo-2,sdt8-homo-2,gyrate,ww1xpvxk,ww1xpvxk::Rg,sdt8-homo-2 / Rg,Rg,Time (ps),82000,2.2176649930895573,nm,nm
line,overlay,sdt8-homo-2,sdt8-homo-2,gyrate,ww1xpvxk,ww1xpvxk::Rg,sdt8-homo-2 / Rg,Rg,Time (ps),83000,2.225263210818944,nm,nm
line,overlay,sdt8-homo-2,sdt8-homo-2,gyrate,ww1xpvxk,ww1xpvxk::Rg,sdt8-homo-2 / Rg,Rg,Time (ps),84000,2.2171580870515712,nm,nm
line,overlay,sdt8-homo-2,sdt8-homo-2,gyrate,ww1xpvxk,ww1xpvxk::Rg,sdt8-homo-2 / Rg,Rg,Time (ps),85000,2.214687336993412,nm,nm
line,overlay,sdt8-homo-2,sdt8-homo-2,gyrate,ww1xpvxk,ww1xpvxk::Rg,sdt8-homo-2 / Rg,Rg,Time (ps),86000,2.2195059840739217,nm,nm
line,overlay,sdt8-homo-2,sdt8-homo-2,gyrate,ww1xpvxk,ww1xpvxk::Rg,sdt8-homo-2 / Rg,Rg,Time (ps),87000,2.2221402944560125,nm,nm
line,overlay,sdt8-homo-2,sdt8-homo-2,gyrate,ww1xpvxk,ww1xpvxk::Rg,sdt8-homo-2 / Rg,Rg,Time (ps),88000,2.2279629389033526,nm,nm
line,overlay,sdt8-homo-2,sdt8-homo-2,gyrate,ww1xpvxk,ww1xpvxk::Rg,sdt8-homo-2 / Rg,Rg,Time (ps),89000,2.217175287840856,nm,nm
line,overlay,sdt8-homo-2,sdt8-homo-2,gyrate,ww1xpvxk,ww1xpvxk::Rg,sdt8-homo-2 / Rg,Rg,Time (ps),90000,2.225562265911911,nm,nm
line,overlay,sdt8-homo-2,sdt8-homo-2,gyrate,ww1xpvxk,ww1xpvxk::Rg,sdt8-homo-2 / Rg,Rg,Time (ps),91000,2.221495228163884,nm,nm
line,overlay,sdt8-homo-2,sdt8-homo-2,gyrate,ww1xpvxk,ww1xpvxk::Rg,sdt8-homo-2 / Rg,Rg,Time (ps),92000,2.216358619687134,nm,nm
line,overlay,sdt8-homo-2,sdt8-homo-2,gyrate,ww1xpvxk,ww1xpvxk::Rg,sdt8-homo-2 / Rg,Rg,Time (ps),93000,2.2193809136860656,nm,nm
line,overlay,sdt8-homo-2,sdt8-homo-2,gyrate,ww1xpvxk,ww1xpvxk::Rg,sdt8-homo-2 / Rg,Rg,Time (ps),94000,2.222782188872615,nm,nm
line,overlay,sdt8-homo-2,sdt8-homo-2,gyrate,ww1xpvxk,ww1xpvxk::Rg,sdt8-homo-2 / Rg,Rg,Time (ps),95000,2.2219530896950315,nm,nm
line,overlay,sdt8-homo-2,sdt8-homo-2,gyrate,ww1xpvxk,ww1xpvxk::Rg,sdt8-homo-2 / Rg,Rg,Time (ps),96000,2.226927366197099,nm,nm
line,overlay,sdt8-homo-2,sdt8-homo-2,gyrate,ww1xpvxk,ww1xpvxk::Rg,sdt8-homo-2 / Rg,Rg,Time (ps),97000,2.218108157171848,nm,nm
line,overlay,sdt8-homo-2,sdt8-homo-2,gyrate,ww1xpvxk,ww1xpvxk::Rg,sdt8-homo-2 / Rg,Rg,Time (ps),98000,2.219996558364808,nm,nm
line,overlay,sdt8-homo-2,sdt8-homo-2,gyrate,ww1xpvxk,ww1xpvxk::Rg,sdt8-homo-2 / Rg,Rg,Time (ps),99000,2.215869839689018,nm,nm
line,overlay,sdt8-homo-2,sdt8-homo-2,gyrate,ww1xpvxk,ww1xpvxk::Rg,sdt8-homo-2 / Rg,Rg,Time (ps),100000,2.2111571957816505,nm,nm
line,overlay,sdt8-homo-3,sdt8-homo-3,gyrate,6akcbr06,6akcbr06::Rg,sdt8-homo-3 / Rg,Rg,Time (ps),0,2.2298503437498773,nm,nm
line,overlay,sdt8-homo-3,sdt8-homo-3,gyrate,6akcbr06,6akcbr06::Rg,sdt8-homo-3 / Rg,Rg,Time (ps),1000,2.221607675651906,nm,nm
line,overlay,sdt8-homo-3,sdt8-homo-3,gyrate,6akcbr06,6akcbr06::Rg,sdt8-homo-3 / Rg,Rg,Time (ps),2000,2.221881137434341,nm,nm
line,overlay,sdt8-homo-3,sdt8-homo-3,gyrate,6akcbr06,6akcbr06::Rg,sdt8-homo-3 / Rg,Rg,Time (ps),3000,2.224688682022213,nm,nm
line,overlay,sdt8-homo-3,sdt8-homo-3,gyrate,6akcbr06,6akcbr06::Rg,sdt8-homo-3 / Rg,Rg,Time (ps),4000,2.2262682750975022,nm,nm
line,overlay,sdt8-homo-3,sdt8-homo-3,gyrate,6akcbr06,6akcbr06::Rg,sdt8-homo-3 / Rg,Rg,Time (ps),5000,2.220188419851445,nm,nm
line,overlay,sdt8-homo-3,sdt8-homo-3,gyrate,6akcbr06,6akcbr06::Rg,sdt8-homo-3 / Rg,Rg,Time (ps),6000,2.2270663308367147,nm,nm
line,overlay,sdt8-homo-3,sdt8-homo-3,gyrate,6akcbr06,6akcbr06::Rg,sdt8-homo-3 / Rg,Rg,Time (ps),7000,2.223311315235528,nm,nm
line,overlay,sdt8-homo-3,sdt8-homo-3,gyrate,6akcbr06,6akcbr06::Rg,sdt8-homo-3 / Rg,Rg,Time (ps),8000,2.2235617219138226,nm,nm
line,overlay,sdt8-homo-3,sdt8-homo-3,gyrate,6akcbr06,6akcbr06::Rg,sdt8-homo-3 / Rg,Rg,Time (ps),9000,2.220356377729352,nm,nm
line,overlay,sdt8-homo-3,sdt8-homo-3,gyrate,6akcbr06,6akcbr06::Rg,sdt8-homo-3 / Rg,Rg,Time (ps),10000,2.2253091469953348,nm,nm
line,overlay,sdt8-homo-3,sdt8-homo-3,gyrate,6akcbr06,6akcbr06::Rg,sdt8-homo-3 / Rg,Rg,Time (ps),11000,2.225781971236473,nm,nm
line,overlay,sdt8-homo-3,sdt8-homo-3,gyrate,6akcbr06,6akcbr06::Rg,sdt8-homo-3 / Rg,Rg,Time (ps),12000,2.241065627596805,nm,nm
line,overlay,sdt8-homo-3,sdt8-homo-3,gyrate,6akcbr06,6akcbr06::Rg,sdt8-homo-3 / Rg,Rg,Time (ps),13000,2.2393813386814863,nm,nm
line,overlay,sdt8-homo-3,sdt8-homo-3,gyrate,6akcbr06,6akcbr06::Rg,sdt8-homo-3 / Rg,Rg,Time (ps),14000,2.241295813726572,nm,nm
line,overlay,sdt8-homo-3,sdt8-homo-3,gyrate,6akcbr06,6akcbr06::Rg,sdt8-homo-3 / Rg,Rg,Time (ps),15000,2.2441452606304235,nm,nm
line,overlay,sdt8-homo-3,sdt8-homo-3,gyrate,6akcbr06,6akcbr06::Rg,sdt8-homo-3 / Rg,Rg,Time (ps),16000,2.247378149415447,nm,nm
line,overlay,sdt8-homo-3,sdt8-homo-3,gyrate,6akcbr06,6akcbr06::Rg,sdt8-homo-3 / Rg,Rg,Time (ps),17000,2.233147898240713,nm,nm
line,overlay,sdt8-homo-3,sdt8-homo-3,gyrate,6akcbr06,6akcbr06::Rg,sdt8-homo-3 / Rg,Rg,Time (ps),18000,2.231396921636964,nm,nm
line,overlay,sdt8-homo-3,sdt8-homo-3,gyrate,6akcbr06,6akcbr06::Rg,sdt8-homo-3 / Rg,Rg,Time (ps),19000,2.235107121167755,nm,nm
line,overlay,sdt8-homo-3,sdt8-homo-3,gyrate,6akcbr06,6akcbr06::Rg,sdt8-homo-3 / Rg,Rg,Time (ps),20000,2.235934504539473,nm,nm
line,overlay,sdt8-homo-3,sdt8-homo-3,gyrate,6akcbr06,6akcbr06::Rg,sdt8-homo-3 / Rg,Rg,Time (ps),21000,2.2400995403742527,nm,nm
line,overlay,sdt8-homo-3,sdt8-homo-3,gyrate,6akcbr06,6akcbr06::Rg,sdt8-homo-3 / Rg,Rg,Time (ps),22000,2.23643716313888,nm,nm
line,overlay,sdt8-homo-3,sdt8-homo-3,gyrate,6akcbr06,6akcbr06::Rg,sdt8-homo-3 / Rg,Rg,Time (ps),23000,2.245451858652414,nm,nm
line,overlay,sdt8-homo-3,sdt8-homo-3,gyrate,6akcbr06,6akcbr06::Rg,sdt8-homo-3 / Rg,Rg,Time (ps),24000,2.247359654900831,nm,nm
line,overlay,sdt8-homo-3,sdt8-homo-3,gyrate,6akcbr06,6akcbr06::Rg,sdt8-homo-3 / Rg,Rg,Time (ps),25000,2.23581989118032,nm,nm
line,overlay,sdt8-homo-3,sdt8-homo-3,gyrate,6akcbr06,6akcbr06::Rg,sdt8-homo-3 / Rg,Rg,Time (ps),26000,2.234780769113149,nm,nm
line,overlay,sdt8-homo-3,sdt8-homo-3,gyrate,6akcbr06,6akcbr06::Rg,sdt8-homo-3 / Rg,Rg,Time (ps),27000,2.2418505828441737,nm,nm
line,overlay,sdt8-homo-3,sdt8-homo-3,gyrate,6akcbr06,6akcbr06::Rg,sdt8-homo-3 / Rg,Rg,Time (ps),28000,2.2306104515918643,nm,nm
line,overlay,sdt8-homo-3,sdt8-homo-3,gyrate,6akcbr06,6akcbr06::Rg,sdt8-homo-3 / Rg,Rg,Time (ps),29000,2.248411602777572,nm,nm
line,overlay,sdt8-homo-3,sdt8-homo-3,gyrate,6akcbr06,6akcbr06::Rg,sdt8-homo-3 / Rg,Rg,Time (ps),30000,2.250323029060465,nm,nm
line,overlay,sdt8-homo-3,sdt8-homo-3,gyrate,6akcbr06,6akcbr06::Rg,sdt8-homo-3 / Rg,Rg,Time (ps),31000,2.251178645365135,nm,nm
line,overlay,sdt8-homo-3,sdt8-homo-3,gyrate,6akcbr06,6akcbr06::Rg,sdt8-homo-3 / Rg,Rg,Time (ps),32000,2.2416448228150565,nm,nm
line,overlay,sdt8-homo-3,sdt8-homo-3,gyrate,6akcbr06,6akcbr06::Rg,sdt8-homo-3 / Rg,Rg,Time (ps),33000,2.2525447353184207,nm,nm
line,overlay,sdt8-homo-3,sdt8-homo-3,gyrate,6akcbr06,6akcbr06::Rg,sdt8-homo-3 / Rg,Rg,Time (ps),34000,2.2502440923718727,nm,nm
line,overlay,sdt8-homo-3,sdt8-homo-3,gyrate,6akcbr06,6akcbr06::Rg,sdt8-homo-3 / Rg,Rg,Time (ps),35000,2.2405698032383263,nm,nm
line,overlay,sdt8-homo-3,sdt8-homo-3,gyrate,6akcbr06,6akcbr06::Rg,sdt8-homo-3 / Rg,Rg,Time (ps),36000,2.2429957580822464,nm,nm
line,overlay,sdt8-homo-3,sdt8-homo-3,gyrate,6akcbr06,6akcbr06::Rg,sdt8-homo-3 / Rg,Rg,Time (ps),37000,2.240550761346537,nm,nm
line,overlay,sdt8-homo-3,sdt8-homo-3,gyrate,6akcbr06,6akcbr06::Rg,sdt8-homo-3 / Rg,Rg,Time (ps),38000,2.240460994445665,nm,nm
line,overlay,sdt8-homo-3,sdt8-homo-3,gyrate,6akcbr06,6akcbr06::Rg,sdt8-homo-3 / Rg,Rg,Time (ps),39000,2.2598090990042565,nm,nm
line,overlay,sdt8-homo-3,sdt8-homo-3,gyrate,6akcbr06,6akcbr06::Rg,sdt8-homo-3 / Rg,Rg,Time (ps),40000,2.2380906403226133,nm,nm
line,overlay,sdt8-homo-3,sdt8-homo-3,gyrate,6akcbr06,6akcbr06::Rg,sdt8-homo-3 / Rg,Rg,Time (ps),41000,2.243664551226942,nm,nm
line,overlay,sdt8-homo-3,sdt8-homo-3,gyrate,6akcbr06,6akcbr06::Rg,sdt8-homo-3 / Rg,Rg,Time (ps),42000,2.2476699407113983,nm,nm
line,overlay,sdt8-homo-3,sdt8-homo-3,gyrate,6akcbr06,6akcbr06::Rg,sdt8-homo-3 / Rg,Rg,Time (ps),43000,2.248678907384356,nm,nm
line,overlay,sdt8-homo-3,sdt8-homo-3,gyrate,6akcbr06,6akcbr06::Rg,sdt8-homo-3 / Rg,Rg,Time (ps),44000,2.2471537972865097,nm,nm
line,overlay,sdt8-homo-3,sdt8-homo-3,gyrate,6akcbr06,6akcbr06::Rg,sdt8-homo-3 / Rg,Rg,Time (ps),45000,2.2406472516658225,nm,nm
line,overlay,sdt8-homo-3,sdt8-homo-3,gyrate,6akcbr06,6akcbr06::Rg,sdt8-homo-3 / Rg,Rg,Time (ps),46000,2.240905894978992,nm,nm
line,overlay,sdt8-homo-3,sdt8-homo-3,gyrate,6akcbr06,6akcbr06::Rg,sdt8-homo-3 / Rg,Rg,Time (ps),47000,2.250587309507527,nm,nm
line,overlay,sdt8-homo-3,sdt8-homo-3,gyrate,6akcbr06,6akcbr06::Rg,sdt8-homo-3 / Rg,Rg,Time (ps),48000,2.2346214361240686,nm,nm
line,overlay,sdt8-homo-3,sdt8-homo-3,gyrate,6akcbr06,6akcbr06::Rg,sdt8-homo-3 / Rg,Rg,Time (ps),49000,2.239265235565864,nm,nm
line,overlay,sdt8-homo-3,sdt8-homo-3,gyrate,6akcbr06,6akcbr06::Rg,sdt8-homo-3 / Rg,Rg,Time (ps),50000,2.2402508399223726,nm,nm
line,overlay,sdt8-homo-3,sdt8-homo-3,gyrate,6akcbr06,6akcbr06::Rg,sdt8-homo-3 / Rg,Rg,Time (ps),51000,2.2394963149969804,nm,nm
line,overlay,sdt8-homo-3,sdt8-homo-3,gyrate,6akcbr06,6akcbr06::Rg,sdt8-homo-3 / Rg,Rg,Time (ps),52000,2.2389520021762914,nm,nm
line,overlay,sdt8-homo-3,sdt8-homo-3,gyrate,6akcbr06,6akcbr06::Rg,sdt8-homo-3 / Rg,Rg,Time (ps),53000,2.242838170733655,nm,nm
line,overlay,sdt8-homo-3,sdt8-homo-3,gyrate,6akcbr06,6akcbr06::Rg,sdt8-homo-3 / Rg,Rg,Time (ps),54000,2.241634460722572,nm,nm
line,overlay,sdt8-homo-3,sdt8-homo-3,gyrate,6akcbr06,6akcbr06::Rg,sdt8-homo-3 / Rg,Rg,Time (ps),55000,2.24458914761217,nm,nm
line,overlay,sdt8-homo-3,sdt8-homo-3,gyrate,6akcbr06,6akcbr06::Rg,sdt8-homo-3 / Rg,Rg,Time (ps),56000,2.2511543929230045,nm,nm
line,overlay,sdt8-homo-3,sdt8-homo-3,gyrate,6akcbr06,6akcbr06::Rg,sdt8-homo-3 / Rg,Rg,Time (ps),57000,2.238826502791048,nm,nm
line,overlay,sdt8-homo-3,sdt8-homo-3,gyrate,6akcbr06,6akcbr06::Rg,sdt8-homo-3 / Rg,Rg,Time (ps),58000,2.240622540891428,nm,nm
line,overlay,sdt8-homo-3,sdt8-homo-3,gyrate,6akcbr06,6akcbr06::Rg,sdt8-homo-3 / Rg,Rg,Time (ps),59000,2.2393472712587585,nm,nm
line,overlay,sdt8-homo-3,sdt8-homo-3,gyrate,6akcbr06,6akcbr06::Rg,sdt8-homo-3 / Rg,Rg,Time (ps),60000,2.246197999182741,nm,nm
line,overlay,sdt8-homo-3,sdt8-homo-3,gyrate,6akcbr06,6akcbr06::Rg,sdt8-homo-3 / Rg,Rg,Time (ps),61000,2.242842452396577,nm,nm
line,overlay,sdt8-homo-3,sdt8-homo-3,gyrate,6akcbr06,6akcbr06::Rg,sdt8-homo-3 / Rg,Rg,Time (ps),62000,2.2447919532591545,nm,nm
line,overlay,sdt8-homo-3,sdt8-homo-3,gyrate,6akcbr06,6akcbr06::Rg,sdt8-homo-3 / Rg,Rg,Time (ps),63000,2.239824930717162,nm,nm
line,overlay,sdt8-homo-3,sdt8-homo-3,gyrate,6akcbr06,6akcbr06::Rg,sdt8-homo-3 / Rg,Rg,Time (ps),64000,2.243656644681706,nm,nm
line,overlay,sdt8-homo-3,sdt8-homo-3,gyrate,6akcbr06,6akcbr06::Rg,sdt8-homo-3 / Rg,Rg,Time (ps),65000,2.2398201593505256,nm,nm
line,overlay,sdt8-homo-3,sdt8-homo-3,gyrate,6akcbr06,6akcbr06::Rg,sdt8-homo-3 / Rg,Rg,Time (ps),66000,2.2402168145451933,nm,nm
line,overlay,sdt8-homo-3,sdt8-homo-3,gyrate,6akcbr06,6akcbr06::Rg,sdt8-homo-3 / Rg,Rg,Time (ps),67000,2.240352578783777,nm,nm
line,overlay,sdt8-homo-3,sdt8-homo-3,gyrate,6akcbr06,6akcbr06::Rg,sdt8-homo-3 / Rg,Rg,Time (ps),68000,2.2516358866492205,nm,nm
line,overlay,sdt8-homo-3,sdt8-homo-3,gyrate,6akcbr06,6akcbr06::Rg,sdt8-homo-3 / Rg,Rg,Time (ps),69000,2.2411486091691337,nm,nm
line,overlay,sdt8-homo-3,sdt8-homo-3,gyrate,6akcbr06,6akcbr06::Rg,sdt8-homo-3 / Rg,Rg,Time (ps),70000,2.2339515595504014,nm,nm
line,overlay,sdt8-homo-3,sdt8-homo-3,gyrate,6akcbr06,6akcbr06::Rg,sdt8-homo-3 / Rg,Rg,Time (ps),71000,2.241957680406096,nm,nm
line,overlay,sdt8-homo-3,sdt8-homo-3,gyrate,6akcbr06,6akcbr06::Rg,sdt8-homo-3 / Rg,Rg,Time (ps),72000,2.240779149386641,nm,nm
line,overlay,sdt8-homo-3,sdt8-homo-3,gyrate,6akcbr06,6akcbr06::Rg,sdt8-homo-3 / Rg,Rg,Time (ps),73000,2.2387718847936178,nm,nm
line,overlay,sdt8-homo-3,sdt8-homo-3,gyrate,6akcbr06,6akcbr06::Rg,sdt8-homo-3 / Rg,Rg,Time (ps),74000,2.2406784601356597,nm,nm
line,overlay,sdt8-homo-3,sdt8-homo-3,gyrate,6akcbr06,6akcbr06::Rg,sdt8-homo-3 / Rg,Rg,Time (ps),75000,2.2400631850641672,nm,nm
line,overlay,sdt8-homo-3,sdt8-homo-3,gyrate,6akcbr06,6akcbr06::Rg,sdt8-homo-3 / Rg,Rg,Time (ps),76000,2.2283199169782173,nm,nm
line,overlay,sdt8-homo-3,sdt8-homo-3,gyrate,6akcbr06,6akcbr06::Rg,sdt8-homo-3 / Rg,Rg,Time (ps),77000,2.246969320808597,nm,nm
line,overlay,sdt8-homo-3,sdt8-homo-3,gyrate,6akcbr06,6akcbr06::Rg,sdt8-homo-3 / Rg,Rg,Time (ps),78000,2.2284914661323576,nm,nm
line,overlay,sdt8-homo-3,sdt8-homo-3,gyrate,6akcbr06,6akcbr06::Rg,sdt8-homo-3 / Rg,Rg,Time (ps),79000,2.238429675816845,nm,nm
line,overlay,sdt8-homo-3,sdt8-homo-3,gyrate,6akcbr06,6akcbr06::Rg,sdt8-homo-3 / Rg,Rg,Time (ps),80000,2.237780173527803,nm,nm
line,overlay,sdt8-homo-3,sdt8-homo-3,gyrate,6akcbr06,6akcbr06::Rg,sdt8-homo-3 / Rg,Rg,Time (ps),81000,2.241914433055204,nm,nm
line,overlay,sdt8-homo-3,sdt8-homo-3,gyrate,6akcbr06,6akcbr06::Rg,sdt8-homo-3 / Rg,Rg,Time (ps),82000,2.2417490497076717,nm,nm
line,overlay,sdt8-homo-3,sdt8-homo-3,gyrate,6akcbr06,6akcbr06::Rg,sdt8-homo-3 / Rg,Rg,Time (ps),83000,2.2282821435127005,nm,nm
line,overlay,sdt8-homo-3,sdt8-homo-3,gyrate,6akcbr06,6akcbr06::Rg,sdt8-homo-3 / Rg,Rg,Time (ps),84000,2.2496648543743647,nm,nm
line,overlay,sdt8-homo-3,sdt8-homo-3,gyrate,6akcbr06,6akcbr06::Rg,sdt8-homo-3 / Rg,Rg,Time (ps),85000,2.2443404787224046,nm,nm
line,overlay,sdt8-homo-3,sdt8-homo-3,gyrate,6akcbr06,6akcbr06::Rg,sdt8-homo-3 / Rg,Rg,Time (ps),86000,2.2382408348372587,nm,nm
line,overlay,sdt8-homo-3,sdt8-homo-3,gyrate,6akcbr06,6akcbr06::Rg,sdt8-homo-3 / Rg,Rg,Time (ps),87000,2.242585397589388,nm,nm
line,overlay,sdt8-homo-3,sdt8-homo-3,gyrate,6akcbr06,6akcbr06::Rg,sdt8-homo-3 / Rg,Rg,Time (ps),88000,2.2484060662621723,nm,nm
line,overlay,sdt8-homo-3,sdt8-homo-3,gyrate,6akcbr06,6akcbr06::Rg,sdt8-homo-3 / Rg,Rg,Time (ps),89000,2.248375666480816,nm,nm
line,overlay,sdt8-homo-3,sdt8-homo-3,gyrate,6akcbr06,6akcbr06::Rg,sdt8-homo-3 / Rg,Rg,Time (ps),90000,2.236254617500838,nm,nm
line,overlay,sdt8-homo-3,sdt8-homo-3,gyrate,6akcbr06,6akcbr06::Rg,sdt8-homo-3 / Rg,Rg,Time (ps),91000,2.245176515152667,nm,nm
line,overlay,sdt8-homo-3,sdt8-homo-3,gyrate,6akcbr06,6akcbr06::Rg,sdt8-homo-3 / Rg,Rg,Time (ps),92000,2.245671270320304,nm,nm
line,overlay,sdt8-homo-3,sdt8-homo-3,gyrate,6akcbr06,6akcbr06::Rg,sdt8-homo-3 / Rg,Rg,Time (ps),93000,2.2462591014001587,nm,nm
line,overlay,sdt8-homo-3,sdt8-homo-3,gyrate,6akcbr06,6akcbr06::Rg,sdt8-homo-3 / Rg,Rg,Time (ps),94000,2.242024728749436,nm,nm
line,overlay,sdt8-homo-3,sdt8-homo-3,gyrate,6akcbr06,6akcbr06::Rg,sdt8-homo-3 / Rg,Rg,Time (ps),95000,2.246885358369156,nm,nm
line,overlay,sdt8-homo-3,sdt8-homo-3,gyrate,6akcbr06,6akcbr06::Rg,sdt8-homo-3 / Rg,Rg,Time (ps),96000,2.2408052916113177,nm,nm
line,overlay,sdt8-homo-3,sdt8-homo-3,gyrate,6akcbr06,6akcbr06::Rg,sdt8-homo-3 / Rg,Rg,Time (ps),97000,2.2410912180610016,nm,nm
line,overlay,sdt8-homo-3,sdt8-homo-3,gyrate,6akcbr06,6akcbr06::Rg,sdt8-homo-3 / Rg,Rg,Time (ps),98000,2.2474736189829105,nm,nm
line,overlay,sdt8-homo-3,sdt8-homo-3,gyrate,6akcbr06,6akcbr06::Rg,sdt8-homo-3 / Rg,Rg,Time (ps),99000,2.241603442100048,nm,nm
line,overlay,sdt8-homo-3,sdt8-homo-3,gyrate,6akcbr06,6akcbr06::Rg,sdt8-homo-3 / Rg,Rg,Time (ps),100000,2.248720213655593,nm,nm
line,overlay,sdt8-homo-4,sdt8-homo-4,gyrate,68op0v3q,68op0v3q::Rg,sdt8-homo-4 / Rg,Rg,Time (ps),0,2.217394369601532,nm,nm
line,overlay,sdt8-homo-4,sdt8-homo-4,gyrate,68op0v3q,68op0v3q::Rg,sdt8-homo-4 / Rg,Rg,Time (ps),1000,2.2256398495745304,nm,nm
line,overlay,sdt8-homo-4,sdt8-homo-4,gyrate,68op0v3q,68op0v3q::Rg,sdt8-homo-4 / Rg,Rg,Time (ps),2000,2.2259985637168613,nm,nm
line,overlay,sdt8-homo-4,sdt8-homo-4,gyrate,68op0v3q,68op0v3q::Rg,sdt8-homo-4 / Rg,Rg,Time (ps),3000,2.217804745663424,nm,nm
line,overlay,sdt8-homo-4,sdt8-homo-4,gyrate,68op0v3q,68op0v3q::Rg,sdt8-homo-4 / Rg,Rg,Time (ps),4000,2.2172102565966285,nm,nm
line,overlay,sdt8-homo-4,sdt8-homo-4,gyrate,68op0v3q,68op0v3q::Rg,sdt8-homo-4 / Rg,Rg,Time (ps),5000,2.2225195915910936,nm,nm
line,overlay,sdt8-homo-4,sdt8-homo-4,gyrate,68op0v3q,68op0v3q::Rg,sdt8-homo-4 / Rg,Rg,Time (ps),6000,2.219869739227891,nm,nm
line,overlay,sdt8-homo-4,sdt8-homo-4,gyrate,68op0v3q,68op0v3q::Rg,sdt8-homo-4 / Rg,Rg,Time (ps),7000,2.224742785589389,nm,nm
line,overlay,sdt8-homo-4,sdt8-homo-4,gyrate,68op0v3q,68op0v3q::Rg,sdt8-homo-4 / Rg,Rg,Time (ps),8000,2.21145750526478,nm,nm
line,overlay,sdt8-homo-4,sdt8-homo-4,gyrate,68op0v3q,68op0v3q::Rg,sdt8-homo-4 / Rg,Rg,Time (ps),9000,2.225011535040533,nm,nm
line,overlay,sdt8-homo-4,sdt8-homo-4,gyrate,68op0v3q,68op0v3q::Rg,sdt8-homo-4 / Rg,Rg,Time (ps),10000,2.2171151006102883,nm,nm
line,overlay,sdt8-homo-4,sdt8-homo-4,gyrate,68op0v3q,68op0v3q::Rg,sdt8-homo-4 / Rg,Rg,Time (ps),11000,2.21919052367484,nm,nm
line,overlay,sdt8-homo-4,sdt8-homo-4,gyrate,68op0v3q,68op0v3q::Rg,sdt8-homo-4 / Rg,Rg,Time (ps),12000,2.2238860446911493,nm,nm
line,overlay,sdt8-homo-4,sdt8-homo-4,gyrate,68op0v3q,68op0v3q::Rg,sdt8-homo-4 / Rg,Rg,Time (ps),13000,2.2304856397883066,nm,nm
line,overlay,sdt8-homo-4,sdt8-homo-4,gyrate,68op0v3q,68op0v3q::Rg,sdt8-homo-4 / Rg,Rg,Time (ps),14000,2.2450330704656247,nm,nm
line,overlay,sdt8-homo-4,sdt8-homo-4,gyrate,68op0v3q,68op0v3q::Rg,sdt8-homo-4 / Rg,Rg,Time (ps),15000,2.253409993903622,nm,nm
line,overlay,sdt8-homo-4,sdt8-homo-4,gyrate,68op0v3q,68op0v3q::Rg,sdt8-homo-4 / Rg,Rg,Time (ps),16000,2.239931034301452,nm,nm
line,overlay,sdt8-homo-4,sdt8-homo-4,gyrate,68op0v3q,68op0v3q::Rg,sdt8-homo-4 / Rg,Rg,Time (ps),17000,2.2335622603815746,nm,nm
line,overlay,sdt8-homo-4,sdt8-homo-4,gyrate,68op0v3q,68op0v3q::Rg,sdt8-homo-4 / Rg,Rg,Time (ps),18000,2.2415214946364657,nm,nm
line,overlay,sdt8-homo-4,sdt8-homo-4,gyrate,68op0v3q,68op0v3q::Rg,sdt8-homo-4 / Rg,Rg,Time (ps),19000,2.254044651177973,nm,nm
line,overlay,sdt8-homo-4,sdt8-homo-4,gyrate,68op0v3q,68op0v3q::Rg,sdt8-homo-4 / Rg,Rg,Time (ps),20000,2.243338331230726,nm,nm
line,overlay,sdt8-homo-4,sdt8-homo-4,gyrate,68op0v3q,68op0v3q::Rg,sdt8-homo-4 / Rg,Rg,Time (ps),21000,2.250744946671293,nm,nm
line,overlay,sdt8-homo-4,sdt8-homo-4,gyrate,68op0v3q,68op0v3q::Rg,sdt8-homo-4 / Rg,Rg,Time (ps),22000,2.2434810921441235,nm,nm
line,overlay,sdt8-homo-4,sdt8-homo-4,gyrate,68op0v3q,68op0v3q::Rg,sdt8-homo-4 / Rg,Rg,Time (ps),23000,2.2424512563021075,nm,nm
line,overlay,sdt8-homo-4,sdt8-homo-4,gyrate,68op0v3q,68op0v3q::Rg,sdt8-homo-4 / Rg,Rg,Time (ps),24000,2.2436779079422697,nm,nm
line,overlay,sdt8-homo-4,sdt8-homo-4,gyrate,68op0v3q,68op0v3q::Rg,sdt8-homo-4 / Rg,Rg,Time (ps),25000,2.251015451849616,nm,nm
line,overlay,sdt8-homo-4,sdt8-homo-4,gyrate,68op0v3q,68op0v3q::Rg,sdt8-homo-4 / Rg,Rg,Time (ps),26000,2.255488560029407,nm,nm
line,overlay,sdt8-homo-4,sdt8-homo-4,gyrate,68op0v3q,68op0v3q::Rg,sdt8-homo-4 / Rg,Rg,Time (ps),27000,2.245060067123569,nm,nm
line,overlay,sdt8-homo-4,sdt8-homo-4,gyrate,68op0v3q,68op0v3q::Rg,sdt8-homo-4 / Rg,Rg,Time (ps),28000,2.253070939329478,nm,nm
line,overlay,sdt8-homo-4,sdt8-homo-4,gyrate,68op0v3q,68op0v3q::Rg,sdt8-homo-4 / Rg,Rg,Time (ps),29000,2.2629026392444174,nm,nm
line,overlay,sdt8-homo-4,sdt8-homo-4,gyrate,68op0v3q,68op0v3q::Rg,sdt8-homo-4 / Rg,Rg,Time (ps),30000,2.265736642452273,nm,nm
line,overlay,sdt8-homo-4,sdt8-homo-4,gyrate,68op0v3q,68op0v3q::Rg,sdt8-homo-4 / Rg,Rg,Time (ps),31000,2.246307577088668,nm,nm
line,overlay,sdt8-homo-4,sdt8-homo-4,gyrate,68op0v3q,68op0v3q::Rg,sdt8-homo-4 / Rg,Rg,Time (ps),32000,2.255575803240253,nm,nm
line,overlay,sdt8-homo-4,sdt8-homo-4,gyrate,68op0v3q,68op0v3q::Rg,sdt8-homo-4 / Rg,Rg,Time (ps),33000,2.265597548180716,nm,nm
line,overlay,sdt8-homo-4,sdt8-homo-4,gyrate,68op0v3q,68op0v3q::Rg,sdt8-homo-4 / Rg,Rg,Time (ps),34000,2.263259730259421,nm,nm
line,overlay,sdt8-homo-4,sdt8-homo-4,gyrate,68op0v3q,68op0v3q::Rg,sdt8-homo-4 / Rg,Rg,Time (ps),35000,2.255069879577033,nm,nm
line,overlay,sdt8-homo-4,sdt8-homo-4,gyrate,68op0v3q,68op0v3q::Rg,sdt8-homo-4 / Rg,Rg,Time (ps),36000,2.262454953454645,nm,nm
line,overlay,sdt8-homo-4,sdt8-homo-4,gyrate,68op0v3q,68op0v3q::Rg,sdt8-homo-4 / Rg,Rg,Time (ps),37000,2.253341044759687,nm,nm
line,overlay,sdt8-homo-4,sdt8-homo-4,gyrate,68op0v3q,68op0v3q::Rg,sdt8-homo-4 / Rg,Rg,Time (ps),38000,2.243457485982898,nm,nm
line,overlay,sdt8-homo-4,sdt8-homo-4,gyrate,68op0v3q,68op0v3q::Rg,sdt8-homo-4 / Rg,Rg,Time (ps),39000,2.243621013181825,nm,nm
line,overlay,sdt8-homo-4,sdt8-homo-4,gyrate,68op0v3q,68op0v3q::Rg,sdt8-homo-4 / Rg,Rg,Time (ps),40000,2.255236231481222,nm,nm
line,overlay,sdt8-homo-4,sdt8-homo-4,gyrate,68op0v3q,68op0v3q::Rg,sdt8-homo-4 / Rg,Rg,Time (ps),41000,2.249023375903766,nm,nm
line,overlay,sdt8-homo-4,sdt8-homo-4,gyrate,68op0v3q,68op0v3q::Rg,sdt8-homo-4 / Rg,Rg,Time (ps),42000,2.2371832248431454,nm,nm
line,overlay,sdt8-homo-4,sdt8-homo-4,gyrate,68op0v3q,68op0v3q::Rg,sdt8-homo-4 / Rg,Rg,Time (ps),43000,2.248678718789941,nm,nm
line,overlay,sdt8-homo-4,sdt8-homo-4,gyrate,68op0v3q,68op0v3q::Rg,sdt8-homo-4 / Rg,Rg,Time (ps),44000,2.241285136405633,nm,nm
line,overlay,sdt8-homo-4,sdt8-homo-4,gyrate,68op0v3q,68op0v3q::Rg,sdt8-homo-4 / Rg,Rg,Time (ps),45000,2.2479337912555843,nm,nm
line,overlay,sdt8-homo-4,sdt8-homo-4,gyrate,68op0v3q,68op0v3q::Rg,sdt8-homo-4 / Rg,Rg,Time (ps),46000,2.255117356646255,nm,nm
line,overlay,sdt8-homo-4,sdt8-homo-4,gyrate,68op0v3q,68op0v3q::Rg,sdt8-homo-4 / Rg,Rg,Time (ps),47000,2.260022665073606,nm,nm
line,overlay,sdt8-homo-4,sdt8-homo-4,gyrate,68op0v3q,68op0v3q::Rg,sdt8-homo-4 / Rg,Rg,Time (ps),48000,2.25760349680336,nm,nm
line,overlay,sdt8-homo-4,sdt8-homo-4,gyrate,68op0v3q,68op0v3q::Rg,sdt8-homo-4 / Rg,Rg,Time (ps),49000,2.244569964388325,nm,nm
line,overlay,sdt8-homo-4,sdt8-homo-4,gyrate,68op0v3q,68op0v3q::Rg,sdt8-homo-4 / Rg,Rg,Time (ps),50000,2.254427836597016,nm,nm
line,overlay,sdt8-homo-4,sdt8-homo-4,gyrate,68op0v3q,68op0v3q::Rg,sdt8-homo-4 / Rg,Rg,Time (ps),51000,2.2532856705491247,nm,nm
line,overlay,sdt8-homo-4,sdt8-homo-4,gyrate,68op0v3q,68op0v3q::Rg,sdt8-homo-4 / Rg,Rg,Time (ps),52000,2.244325923987547,nm,nm
line,overlay,sdt8-homo-4,sdt8-homo-4,gyrate,68op0v3q,68op0v3q::Rg,sdt8-homo-4 / Rg,Rg,Time (ps),53000,2.251811929941626,nm,nm
line,overlay,sdt8-homo-4,sdt8-homo-4,gyrate,68op0v3q,68op0v3q::Rg,sdt8-homo-4 / Rg,Rg,Time (ps),54000,2.2535536327491137,nm,nm
line,overlay,sdt8-homo-4,sdt8-homo-4,gyrate,68op0v3q,68op0v3q::Rg,sdt8-homo-4 / Rg,Rg,Time (ps),55000,2.2471194507099064,nm,nm
line,overlay,sdt8-homo-4,sdt8-homo-4,gyrate,68op0v3q,68op0v3q::Rg,sdt8-homo-4 / Rg,Rg,Time (ps),56000,2.2433253253980867,nm,nm
line,overlay,sdt8-homo-4,sdt8-homo-4,gyrate,68op0v3q,68op0v3q::Rg,sdt8-homo-4 / Rg,Rg,Time (ps),57000,2.250030928571157,nm,nm
line,overlay,sdt8-homo-4,sdt8-homo-4,gyrate,68op0v3q,68op0v3q::Rg,sdt8-homo-4 / Rg,Rg,Time (ps),58000,2.2368113442494777,nm,nm
line,overlay,sdt8-homo-4,sdt8-homo-4,gyrate,68op0v3q,68op0v3q::Rg,sdt8-homo-4 / Rg,Rg,Time (ps),59000,2.248877347934995,nm,nm
line,overlay,sdt8-homo-4,sdt8-homo-4,gyrate,68op0v3q,68op0v3q::Rg,sdt8-homo-4 / Rg,Rg,Time (ps),60000,2.2425316613534885,nm,nm
line,overlay,sdt8-homo-4,sdt8-homo-4,gyrate,68op0v3q,68op0v3q::Rg,sdt8-homo-4 / Rg,Rg,Time (ps),61000,2.245011478352785,nm,nm
line,overlay,sdt8-homo-4,sdt8-homo-4,gyrate,68op0v3q,68op0v3q::Rg,sdt8-homo-4 / Rg,Rg,Time (ps),62000,2.249487409677711,nm,nm
line,overlay,sdt8-homo-4,sdt8-homo-4,gyrate,68op0v3q,68op0v3q::Rg,sdt8-homo-4 / Rg,Rg,Time (ps),63000,2.25059419586636,nm,nm
line,overlay,sdt8-homo-4,sdt8-homo-4,gyrate,68op0v3q,68op0v3q::Rg,sdt8-homo-4 / Rg,Rg,Time (ps),64000,2.246043682503523,nm,nm
line,overlay,sdt8-homo-4,sdt8-homo-4,gyrate,68op0v3q,68op0v3q::Rg,sdt8-homo-4 / Rg,Rg,Time (ps),65000,2.241082469960415,nm,nm
line,overlay,sdt8-homo-4,sdt8-homo-4,gyrate,68op0v3q,68op0v3q::Rg,sdt8-homo-4 / Rg,Rg,Time (ps),66000,2.236718424224661,nm,nm
line,overlay,sdt8-homo-4,sdt8-homo-4,gyrate,68op0v3q,68op0v3q::Rg,sdt8-homo-4 / Rg,Rg,Time (ps),67000,2.23733705436034,nm,nm
line,overlay,sdt8-homo-4,sdt8-homo-4,gyrate,68op0v3q,68op0v3q::Rg,sdt8-homo-4 / Rg,Rg,Time (ps),68000,2.2497350365555304,nm,nm
line,overlay,sdt8-homo-4,sdt8-homo-4,gyrate,68op0v3q,68op0v3q::Rg,sdt8-homo-4 / Rg,Rg,Time (ps),69000,2.2459653821640626,nm,nm
line,overlay,sdt8-homo-4,sdt8-homo-4,gyrate,68op0v3q,68op0v3q::Rg,sdt8-homo-4 / Rg,Rg,Time (ps),70000,2.2426670444541927,nm,nm
line,overlay,sdt8-homo-4,sdt8-homo-4,gyrate,68op0v3q,68op0v3q::Rg,sdt8-homo-4 / Rg,Rg,Time (ps),71000,2.2398956909463767,nm,nm
line,overlay,sdt8-homo-4,sdt8-homo-4,gyrate,68op0v3q,68op0v3q::Rg,sdt8-homo-4 / Rg,Rg,Time (ps),72000,2.24215615050834,nm,nm
line,overlay,sdt8-homo-4,sdt8-homo-4,gyrate,68op0v3q,68op0v3q::Rg,sdt8-homo-4 / Rg,Rg,Time (ps),73000,2.245478552675901,nm,nm
line,overlay,sdt8-homo-4,sdt8-homo-4,gyrate,68op0v3q,68op0v3q::Rg,sdt8-homo-4 / Rg,Rg,Time (ps),74000,2.235342498270294,nm,nm
line,overlay,sdt8-homo-4,sdt8-homo-4,gyrate,68op0v3q,68op0v3q::Rg,sdt8-homo-4 / Rg,Rg,Time (ps),75000,2.237633576564666,nm,nm
line,overlay,sdt8-homo-4,sdt8-homo-4,gyrate,68op0v3q,68op0v3q::Rg,sdt8-homo-4 / Rg,Rg,Time (ps),76000,2.2396609135327403,nm,nm
line,overlay,sdt8-homo-4,sdt8-homo-4,gyrate,68op0v3q,68op0v3q::Rg,sdt8-homo-4 / Rg,Rg,Time (ps),77000,2.237764411580299,nm,nm
line,overlay,sdt8-homo-4,sdt8-homo-4,gyrate,68op0v3q,68op0v3q::Rg,sdt8-homo-4 / Rg,Rg,Time (ps),78000,2.2371924833577457,nm,nm
line,overlay,sdt8-homo-4,sdt8-homo-4,gyrate,68op0v3q,68op0v3q::Rg,sdt8-homo-4 / Rg,Rg,Time (ps),79000,2.231072478325386,nm,nm
line,overlay,sdt8-homo-4,sdt8-homo-4,gyrate,68op0v3q,68op0v3q::Rg,sdt8-homo-4 / Rg,Rg,Time (ps),80000,2.2395374065349536,nm,nm
line,overlay,sdt8-homo-4,sdt8-homo-4,gyrate,68op0v3q,68op0v3q::Rg,sdt8-homo-4 / Rg,Rg,Time (ps),81000,2.2487990721242896,nm,nm
line,overlay,sdt8-homo-4,sdt8-homo-4,gyrate,68op0v3q,68op0v3q::Rg,sdt8-homo-4 / Rg,Rg,Time (ps),82000,2.2372557262841326,nm,nm
line,overlay,sdt8-homo-4,sdt8-homo-4,gyrate,68op0v3q,68op0v3q::Rg,sdt8-homo-4 / Rg,Rg,Time (ps),83000,2.246019555475026,nm,nm
line,overlay,sdt8-homo-4,sdt8-homo-4,gyrate,68op0v3q,68op0v3q::Rg,sdt8-homo-4 / Rg,Rg,Time (ps),84000,2.233740515400668,nm,nm
line,overlay,sdt8-homo-4,sdt8-homo-4,gyrate,68op0v3q,68op0v3q::Rg,sdt8-homo-4 / Rg,Rg,Time (ps),85000,2.240781714734764,nm,nm
line,overlay,sdt8-homo-4,sdt8-homo-4,gyrate,68op0v3q,68op0v3q::Rg,sdt8-homo-4 / Rg,Rg,Time (ps),86000,2.233116997730936,nm,nm
line,overlay,sdt8-homo-4,sdt8-homo-4,gyrate,68op0v3q,68op0v3q::Rg,sdt8-homo-4 / Rg,Rg,Time (ps),87000,2.230546851854438,nm,nm
line,overlay,sdt8-homo-4,sdt8-homo-4,gyrate,68op0v3q,68op0v3q::Rg,sdt8-homo-4 / Rg,Rg,Time (ps),88000,2.238473658219903,nm,nm
line,overlay,sdt8-homo-4,sdt8-homo-4,gyrate,68op0v3q,68op0v3q::Rg,sdt8-homo-4 / Rg,Rg,Time (ps),89000,2.234548804026902,nm,nm
line,overlay,sdt8-homo-4,sdt8-homo-4,gyrate,68op0v3q,68op0v3q::Rg,sdt8-homo-4 / Rg,Rg,Time (ps),90000,2.2407892781444505,nm,nm
line,overlay,sdt8-homo-4,sdt8-homo-4,gyrate,68op0v3q,68op0v3q::Rg,sdt8-homo-4 / Rg,Rg,Time (ps),91000,2.233978547932541,nm,nm
line,overlay,sdt8-homo-4,sdt8-homo-4,gyrate,68op0v3q,68op0v3q::Rg,sdt8-homo-4 / Rg,Rg,Time (ps),92000,2.2407741510596804,nm,nm
line,overlay,sdt8-homo-4,sdt8-homo-4,gyrate,68op0v3q,68op0v3q::Rg,sdt8-homo-4 / Rg,Rg,Time (ps),93000,2.2426067692125238,nm,nm
line,overlay,sdt8-homo-4,sdt8-homo-4,gyrate,68op0v3q,68op0v3q::Rg,sdt8-homo-4 / Rg,Rg,Time (ps),94000,2.246859647015253,nm,nm
line,overlay,sdt8-homo-4,sdt8-homo-4,gyrate,68op0v3q,68op0v3q::Rg,sdt8-homo-4 / Rg,Rg,Time (ps),95000,2.232125882804206,nm,nm
line,overlay,sdt8-homo-4,sdt8-homo-4,gyrate,68op0v3q,68op0v3q::Rg,sdt8-homo-4 / Rg,Rg,Time (ps),96000,2.2361621429880287,nm,nm
line,overlay,sdt8-homo-4,sdt8-homo-4,gyrate,68op0v3q,68op0v3q::Rg,sdt8-homo-4 / Rg,Rg,Time (ps),97000,2.2353921367533207,nm,nm
line,overlay,sdt8-homo-4,sdt8-homo-4,gyrate,68op0v3q,68op0v3q::Rg,sdt8-homo-4 / Rg,Rg,Time (ps),98000,2.2400651065758788,nm,nm
line,overlay,sdt8-homo-4,sdt8-homo-4,gyrate,68op0v3q,68op0v3q::Rg,sdt8-homo-4 / Rg,Rg,Time (ps),99000,2.242434924515705,nm,nm
line,overlay,sdt8-homo-4,sdt8-homo-4,gyrate,68op0v3q,68op0v3q::Rg,sdt8-homo-4 / Rg,Rg,Time (ps),100000,2.241307013459736,nm,nm
line,overlay,wt-homo,wt-homo,gyrate,p45adcys,p45adcys::Rg,wt-homo / Rg,Rg,Time (ps),0,2.1887697966172683,nm,nm
line,overlay,wt-homo,wt-homo,gyrate,p45adcys,p45adcys::Rg,wt-homo / Rg,Rg,Time (ps),1000,2.205513897961339,nm,nm
line,overlay,wt-homo,wt-homo,gyrate,p45adcys,p45adcys::Rg,wt-homo / Rg,Rg,Time (ps),2000,2.207110782046794,nm,nm
line,overlay,wt-homo,wt-homo,gyrate,p45adcys,p45adcys::Rg,wt-homo / Rg,Rg,Time (ps),3000,2.2022991668597003,nm,nm
line,overlay,wt-homo,wt-homo,gyrate,p45adcys,p45adcys::Rg,wt-homo / Rg,Rg,Time (ps),4000,2.1978759461835256,nm,nm
line,overlay,wt-homo,wt-homo,gyrate,p45adcys,p45adcys::Rg,wt-homo / Rg,Rg,Time (ps),5000,2.200087244314893,nm,nm
line,overlay,wt-homo,wt-homo,gyrate,p45adcys,p45adcys::Rg,wt-homo / Rg,Rg,Time (ps),6000,2.1969041537542635,nm,nm
line,overlay,wt-homo,wt-homo,gyrate,p45adcys,p45adcys::Rg,wt-homo / Rg,Rg,Time (ps),7000,2.208832554631817,nm,nm
line,overlay,wt-homo,wt-homo,gyrate,p45adcys,p45adcys::Rg,wt-homo / Rg,Rg,Time (ps),8000,2.196915338567807,nm,nm
line,overlay,wt-homo,wt-homo,gyrate,p45adcys,p45adcys::Rg,wt-homo / Rg,Rg,Time (ps),9000,2.190794833549078,nm,nm
line,overlay,wt-homo,wt-homo,gyrate,p45adcys,p45adcys::Rg,wt-homo / Rg,Rg,Time (ps),10000,2.1977732286489893,nm,nm
line,overlay,wt-homo,wt-homo,gyrate,p45adcys,p45adcys::Rg,wt-homo / Rg,Rg,Time (ps),11000,2.1951245655994653,nm,nm
line,overlay,wt-homo,wt-homo,gyrate,p45adcys,p45adcys::Rg,wt-homo / Rg,Rg,Time (ps),12000,2.1998300663828467,nm,nm
line,overlay,wt-homo,wt-homo,gyrate,p45adcys,p45adcys::Rg,wt-homo / Rg,Rg,Time (ps),13000,2.206430456299018,nm,nm
line,overlay,wt-homo,wt-homo,gyrate,p45adcys,p45adcys::Rg,wt-homo / Rg,Rg,Time (ps),14000,2.202597712418287,nm,nm
line,overlay,wt-homo,wt-homo,gyrate,p45adcys,p45adcys::Rg,wt-homo / Rg,Rg,Time (ps),15000,2.2016949146622715,nm,nm
line,overlay,wt-homo,wt-homo,gyrate,p45adcys,p45adcys::Rg,wt-homo / Rg,Rg,Time (ps),16000,2.2038862764400875,nm,nm
line,overlay,wt-homo,wt-homo,gyrate,p45adcys,p45adcys::Rg,wt-homo / Rg,Rg,Time (ps),17000,2.1981416526687325,nm,nm
line,overlay,wt-homo,wt-homo,gyrate,p45adcys,p45adcys::Rg,wt-homo / Rg,Rg,Time (ps),18000,2.1967382991874067,nm,nm
line,overlay,wt-homo,wt-homo,gyrate,p45adcys,p45adcys::Rg,wt-homo / Rg,Rg,Time (ps),19000,2.2020530314950983,nm,nm
line,overlay,wt-homo,wt-homo,gyrate,p45adcys,p45adcys::Rg,wt-homo / Rg,Rg,Time (ps),20000,2.2103284948106663,nm,nm
line,overlay,wt-homo,wt-homo,gyrate,p45adcys,p45adcys::Rg,wt-homo / Rg,Rg,Time (ps),21000,2.204610895369069,nm,nm
line,overlay,wt-homo,wt-homo,gyrate,p45adcys,p45adcys::Rg,wt-homo / Rg,Rg,Time (ps),22000,2.205313468587886,nm,nm
line,overlay,wt-homo,wt-homo,gyrate,p45adcys,p45adcys::Rg,wt-homo / Rg,Rg,Time (ps),23000,2.208387014093662,nm,nm
line,overlay,wt-homo,wt-homo,gyrate,p45adcys,p45adcys::Rg,wt-homo / Rg,Rg,Time (ps),24000,2.2074667965348653,nm,nm
line,overlay,wt-homo,wt-homo,gyrate,p45adcys,p45adcys::Rg,wt-homo / Rg,Rg,Time (ps),25000,2.2085405553324,nm,nm
line,overlay,wt-homo,wt-homo,gyrate,p45adcys,p45adcys::Rg,wt-homo / Rg,Rg,Time (ps),26000,2.2110341416935424,nm,nm
line,overlay,wt-homo,wt-homo,gyrate,p45adcys,p45adcys::Rg,wt-homo / Rg,Rg,Time (ps),27000,2.2054459405532643,nm,nm
line,overlay,wt-homo,wt-homo,gyrate,p45adcys,p45adcys::Rg,wt-homo / Rg,Rg,Time (ps),28000,2.202874999446081,nm,nm
line,overlay,wt-homo,wt-homo,gyrate,p45adcys,p45adcys::Rg,wt-homo / Rg,Rg,Time (ps),29000,2.21058105082876,nm,nm
line,overlay,wt-homo,wt-homo,gyrate,p45adcys,p45adcys::Rg,wt-homo / Rg,Rg,Time (ps),30000,2.2051181107140945,nm,nm
line,overlay,wt-homo,wt-homo,gyrate,p45adcys,p45adcys::Rg,wt-homo / Rg,Rg,Time (ps),31000,2.210670303773654,nm,nm
line,overlay,wt-homo,wt-homo,gyrate,p45adcys,p45adcys::Rg,wt-homo / Rg,Rg,Time (ps),32000,2.2103060865416246,nm,nm
line,overlay,wt-homo,wt-homo,gyrate,p45adcys,p45adcys::Rg,wt-homo / Rg,Rg,Time (ps),33000,2.2037260935007787,nm,nm
line,overlay,wt-homo,wt-homo,gyrate,p45adcys,p45adcys::Rg,wt-homo / Rg,Rg,Time (ps),34000,2.2051022708251637,nm,nm
line,overlay,wt-homo,wt-homo,gyrate,p45adcys,p45adcys::Rg,wt-homo / Rg,Rg,Time (ps),35000,2.2061081555139195,nm,nm
line,overlay,wt-homo,wt-homo,gyrate,p45adcys,p45adcys::Rg,wt-homo / Rg,Rg,Time (ps),36000,2.2055385981834665,nm,nm
line,overlay,wt-homo,wt-homo,gyrate,p45adcys,p45adcys::Rg,wt-homo / Rg,Rg,Time (ps),37000,2.204055101400122,nm,nm
line,overlay,wt-homo,wt-homo,gyrate,p45adcys,p45adcys::Rg,wt-homo / Rg,Rg,Time (ps),38000,2.211639056801732,nm,nm
line,overlay,wt-homo,wt-homo,gyrate,p45adcys,p45adcys::Rg,wt-homo / Rg,Rg,Time (ps),39000,2.213086896205981,nm,nm
line,overlay,wt-homo,wt-homo,gyrate,p45adcys,p45adcys::Rg,wt-homo / Rg,Rg,Time (ps),40000,2.2023508281864963,nm,nm
line,overlay,wt-homo,wt-homo,gyrate,p45adcys,p45adcys::Rg,wt-homo / Rg,Rg,Time (ps),41000,2.2146604129034744,nm,nm
line,overlay,wt-homo,wt-homo,gyrate,p45adcys,p45adcys::Rg,wt-homo / Rg,Rg,Time (ps),42000,2.2035316871014654,nm,nm
line,overlay,wt-homo,wt-homo,gyrate,p45adcys,p45adcys::Rg,wt-homo / Rg,Rg,Time (ps),43000,2.1970726710907638,nm,nm
line,overlay,wt-homo,wt-homo,gyrate,p45adcys,p45adcys::Rg,wt-homo / Rg,Rg,Time (ps),44000,2.202008559977008,nm,nm
line,overlay,wt-homo,wt-homo,gyrate,p45adcys,p45adcys::Rg,wt-homo / Rg,Rg,Time (ps),45000,2.2184760098582497,nm,nm
line,overlay,wt-homo,wt-homo,gyrate,p45adcys,p45adcys::Rg,wt-homo / Rg,Rg,Time (ps),46000,2.198743923725273,nm,nm
line,overlay,wt-homo,wt-homo,gyrate,p45adcys,p45adcys::Rg,wt-homo / Rg,Rg,Time (ps),47000,2.197202510865809,nm,nm
line,overlay,wt-homo,wt-homo,gyrate,p45adcys,p45adcys::Rg,wt-homo / Rg,Rg,Time (ps),48000,2.197839404056635,nm,nm
line,overlay,wt-homo,wt-homo,gyrate,p45adcys,p45adcys::Rg,wt-homo / Rg,Rg,Time (ps),49000,2.200576798623494,nm,nm
line,overlay,wt-homo,wt-homo,gyrate,p45adcys,p45adcys::Rg,wt-homo / Rg,Rg,Time (ps),50000,2.210374834722802,nm,nm
line,overlay,wt-homo,wt-homo,gyrate,p45adcys,p45adcys::Rg,wt-homo / Rg,Rg,Time (ps),51000,2.202830103523205,nm,nm
line,overlay,wt-homo,wt-homo,gyrate,p45adcys,p45adcys::Rg,wt-homo / Rg,Rg,Time (ps),52000,2.205159796462441,nm,nm
line,overlay,wt-homo,wt-homo,gyrate,p45adcys,p45adcys::Rg,wt-homo / Rg,Rg,Time (ps),53000,2.2057044844599445,nm,nm
line,overlay,wt-homo,wt-homo,gyrate,p45adcys,p45adcys::Rg,wt-homo / Rg,Rg,Time (ps),54000,2.207506793509769,nm,nm
line,overlay,wt-homo,wt-homo,gyrate,p45adcys,p45adcys::Rg,wt-homo / Rg,Rg,Time (ps),55000,2.2158004960683715,nm,nm
line,overlay,wt-homo,wt-homo,gyrate,p45adcys,p45adcys::Rg,wt-homo / Rg,Rg,Time (ps),56000,2.218833283910938,nm,nm
line,overlay,wt-homo,wt-homo,gyrate,p45adcys,p45adcys::Rg,wt-homo / Rg,Rg,Time (ps),57000,2.213524161284924,nm,nm
line,overlay,wt-homo,wt-homo,gyrate,p45adcys,p45adcys::Rg,wt-homo / Rg,Rg,Time (ps),58000,2.211859047657516,nm,nm
line,overlay,wt-homo,wt-homo,gyrate,p45adcys,p45adcys::Rg,wt-homo / Rg,Rg,Time (ps),59000,2.2117144814628635,nm,nm
line,overlay,wt-homo,wt-homo,gyrate,p45adcys,p45adcys::Rg,wt-homo / Rg,Rg,Time (ps),60000,2.2109890367903016,nm,nm
line,overlay,wt-homo,wt-homo,gyrate,p45adcys,p45adcys::Rg,wt-homo / Rg,Rg,Time (ps),61000,2.204942645764677,nm,nm
line,overlay,wt-homo,wt-homo,gyrate,p45adcys,p45adcys::Rg,wt-homo / Rg,Rg,Time (ps),62000,2.214484110596978,nm,nm
line,overlay,wt-homo,wt-homo,gyrate,p45adcys,p45adcys::Rg,wt-homo / Rg,Rg,Time (ps),63000,2.2191104934625545,nm,nm
line,overlay,wt-homo,wt-homo,gyrate,p45adcys,p45adcys::Rg,wt-homo / Rg,Rg,Time (ps),64000,2.2132843002862783,nm,nm
line,overlay,wt-homo,wt-homo,gyrate,p45adcys,p45adcys::Rg,wt-homo / Rg,Rg,Time (ps),65000,2.2158060322302133,nm,nm
line,overlay,wt-homo,wt-homo,gyrate,p45adcys,p45adcys::Rg,wt-homo / Rg,Rg,Time (ps),66000,2.209996669954159,nm,nm
line,overlay,wt-homo,wt-homo,gyrate,p45adcys,p45adcys::Rg,wt-homo / Rg,Rg,Time (ps),67000,2.208561333972736,nm,nm
line,overlay,wt-homo,wt-homo,gyrate,p45adcys,p45adcys::Rg,wt-homo / Rg,Rg,Time (ps),68000,2.211879913796392,nm,nm
line,overlay,wt-homo,wt-homo,gyrate,p45adcys,p45adcys::Rg,wt-homo / Rg,Rg,Time (ps),69000,2.223800907719727,nm,nm
line,overlay,wt-homo,wt-homo,gyrate,p45adcys,p45adcys::Rg,wt-homo / Rg,Rg,Time (ps),70000,2.218391153593613,nm,nm
line,overlay,wt-homo,wt-homo,gyrate,p45adcys,p45adcys::Rg,wt-homo / Rg,Rg,Time (ps),71000,2.2160371649148334,nm,nm
line,overlay,wt-homo,wt-homo,gyrate,p45adcys,p45adcys::Rg,wt-homo / Rg,Rg,Time (ps),72000,2.198244580083756,nm,nm
line,overlay,wt-homo,wt-homo,gyrate,p45adcys,p45adcys::Rg,wt-homo / Rg,Rg,Time (ps),73000,2.204959267572481,nm,nm
line,overlay,wt-homo,wt-homo,gyrate,p45adcys,p45adcys::Rg,wt-homo / Rg,Rg,Time (ps),74000,2.2042423611190074,nm,nm
line,overlay,wt-homo,wt-homo,gyrate,p45adcys,p45adcys::Rg,wt-homo / Rg,Rg,Time (ps),75000,2.201787273066988,nm,nm
line,overlay,wt-homo,wt-homo,gyrate,p45adcys,p45adcys::Rg,wt-homo / Rg,Rg,Time (ps),76000,2.2017912800122814,nm,nm
line,overlay,wt-homo,wt-homo,gyrate,p45adcys,p45adcys::Rg,wt-homo / Rg,Rg,Time (ps),77000,2.206849991129065,nm,nm
line,overlay,wt-homo,wt-homo,gyrate,p45adcys,p45adcys::Rg,wt-homo / Rg,Rg,Time (ps),78000,2.2046960159100086,nm,nm
line,overlay,wt-homo,wt-homo,gyrate,p45adcys,p45adcys::Rg,wt-homo / Rg,Rg,Time (ps),79000,2.224560516434219,nm,nm
line,overlay,wt-homo,wt-homo,gyrate,p45adcys,p45adcys::Rg,wt-homo / Rg,Rg,Time (ps),80000,2.2143223683285003,nm,nm
line,overlay,wt-homo,wt-homo,gyrate,p45adcys,p45adcys::Rg,wt-homo / Rg,Rg,Time (ps),81000,2.223345842387268,nm,nm
line,overlay,wt-homo,wt-homo,gyrate,p45adcys,p45adcys::Rg,wt-homo / Rg,Rg,Time (ps),82000,2.2135338685718686,nm,nm
line,overlay,wt-homo,wt-homo,gyrate,p45adcys,p45adcys::Rg,wt-homo / Rg,Rg,Time (ps),83000,2.221876167615197,nm,nm
line,overlay,wt-homo,wt-homo,gyrate,p45adcys,p45adcys::Rg,wt-homo / Rg,Rg,Time (ps),84000,2.2195791915259973,nm,nm
line,overlay,wt-homo,wt-homo,gyrate,p45adcys,p45adcys::Rg,wt-homo / Rg,Rg,Time (ps),85000,2.2016677872417514,nm,nm
line,overlay,wt-homo,wt-homo,gyrate,p45adcys,p45adcys::Rg,wt-homo / Rg,Rg,Time (ps),86000,2.208658744408844,nm,nm
line,overlay,wt-homo,wt-homo,gyrate,p45adcys,p45adcys::Rg,wt-homo / Rg,Rg,Time (ps),87000,2.2094087634570303,nm,nm
line,overlay,wt-homo,wt-homo,gyrate,p45adcys,p45adcys::Rg,wt-homo / Rg,Rg,Time (ps),88000,2.2166729826244955,nm,nm
line,overlay,wt-homo,wt-homo,gyrate,p45adcys,p45adcys::Rg,wt-homo / Rg,Rg,Time (ps),89000,2.212805791203602,nm,nm
line,overlay,wt-homo,wt-homo,gyrate,p45adcys,p45adcys::Rg,wt-homo / Rg,Rg,Time (ps),90000,2.219647810967647,nm,nm
line,overlay,wt-homo,wt-homo,gyrate,p45adcys,p45adcys::Rg,wt-homo / Rg,Rg,Time (ps),91000,2.226005232128058,nm,nm
line,overlay,wt-homo,wt-homo,gyrate,p45adcys,p45adcys::Rg,wt-homo / Rg,Rg,Time (ps),92000,2.2244961127279925,nm,nm
line,overlay,wt-homo,wt-homo,gyrate,p45adcys,p45adcys::Rg,wt-homo / Rg,Rg,Time (ps),93000,2.2357769616899734,nm,nm
line,overlay,wt-homo,wt-homo,gyrate,p45adcys,p45adcys::Rg,wt-homo / Rg,Rg,Time (ps),94000,2.214167866674287,nm,nm
line,overlay,wt-homo,wt-homo,gyrate,p45adcys,p45adcys::Rg,wt-homo / Rg,Rg,Time (ps),95000,2.225178365794078,nm,nm
line,overlay,wt-homo,wt-homo,gyrate,p45adcys,p45adcys::Rg,wt-homo / Rg,Rg,Time (ps),96000,2.227238455594655,nm,nm
line,overlay,wt-homo,wt-homo,gyrate,p45adcys,p45adcys::Rg,wt-homo / Rg,Rg,Time (ps),97000,2.2147474522618857,nm,nm
line,overlay,wt-homo,wt-homo,gyrate,p45adcys,p45adcys::Rg,wt-homo / Rg,Rg,Time (ps),98000,2.227357923086738,nm,nm
line,overlay,wt-homo,wt-homo,gyrate,p45adcys,p45adcys::Rg,wt-homo / Rg,Rg,Time (ps),99000,2.2162835213642675,nm,nm
line,overlay,wt-homo,wt-homo,gyrate,p45adcys,p45adcys::Rg,wt-homo / Rg,Rg,Time (ps),100000,2.222980858703593,nm,nm
line,overlay,wt-homo-2,wt-homo-2,gyrate,mmzu6ao5,mmzu6ao5::Rg,wt-homo-2 / Rg,Rg,Time (ps),0,2.1923242778303305,nm,nm
line,overlay,wt-homo-2,wt-homo-2,gyrate,mmzu6ao5,mmzu6ao5::Rg,wt-homo-2 / Rg,Rg,Time (ps),1000,2.2020136629117584,nm,nm
line,overlay,wt-homo-2,wt-homo-2,gyrate,mmzu6ao5,mmzu6ao5::Rg,wt-homo-2 / Rg,Rg,Time (ps),2000,2.208682295359099,nm,nm
line,overlay,wt-homo-2,wt-homo-2,gyrate,mmzu6ao5,mmzu6ao5::Rg,wt-homo-2 / Rg,Rg,Time (ps),3000,2.2046913313097423,nm,nm
line,overlay,wt-homo-2,wt-homo-2,gyrate,mmzu6ao5,mmzu6ao5::Rg,wt-homo-2 / Rg,Rg,Time (ps),4000,2.204455592599776,nm,nm
line,overlay,wt-homo-2,wt-homo-2,gyrate,mmzu6ao5,mmzu6ao5::Rg,wt-homo-2 / Rg,Rg,Time (ps),5000,2.2007055984176325,nm,nm
line,overlay,wt-homo-2,wt-homo-2,gyrate,mmzu6ao5,mmzu6ao5::Rg,wt-homo-2 / Rg,Rg,Time (ps),6000,2.2066756239390224,nm,nm
line,overlay,wt-homo-2,wt-homo-2,gyrate,mmzu6ao5,mmzu6ao5::Rg,wt-homo-2 / Rg,Rg,Time (ps),7000,2.2156428631761047,nm,nm
line,overlay,wt-homo-2,wt-homo-2,gyrate,mmzu6ao5,mmzu6ao5::Rg,wt-homo-2 / Rg,Rg,Time (ps),8000,2.218380499671424,nm,nm
line,overlay,wt-homo-2,wt-homo-2,gyrate,mmzu6ao5,mmzu6ao5::Rg,wt-homo-2 / Rg,Rg,Time (ps),9000,2.202276162492606,nm,nm
line,overlay,wt-homo-2,wt-homo-2,gyrate,mmzu6ao5,mmzu6ao5::Rg,wt-homo-2 / Rg,Rg,Time (ps),10000,2.207997007355266,nm,nm
line,overlay,wt-homo-2,wt-homo-2,gyrate,mmzu6ao5,mmzu6ao5::Rg,wt-homo-2 / Rg,Rg,Time (ps),11000,2.209587479737485,nm,nm
line,overlay,wt-homo-2,wt-homo-2,gyrate,mmzu6ao5,mmzu6ao5::Rg,wt-homo-2 / Rg,Rg,Time (ps),12000,2.208450949215897,nm,nm
line,overlay,wt-homo-2,wt-homo-2,gyrate,mmzu6ao5,mmzu6ao5::Rg,wt-homo-2 / Rg,Rg,Time (ps),13000,2.1971679041764505,nm,nm
line,overlay,wt-homo-2,wt-homo-2,gyrate,mmzu6ao5,mmzu6ao5::Rg,wt-homo-2 / Rg,Rg,Time (ps),14000,2.2061454122775395,nm,nm
line,overlay,wt-homo-2,wt-homo-2,gyrate,mmzu6ao5,mmzu6ao5::Rg,wt-homo-2 / Rg,Rg,Time (ps),15000,2.207976421016676,nm,nm
line,overlay,wt-homo-2,wt-homo-2,gyrate,mmzu6ao5,mmzu6ao5::Rg,wt-homo-2 / Rg,Rg,Time (ps),16000,2.200820335856368,nm,nm
line,overlay,wt-homo-2,wt-homo-2,gyrate,mmzu6ao5,mmzu6ao5::Rg,wt-homo-2 / Rg,Rg,Time (ps),17000,2.2105180896940677,nm,nm
line,overlay,wt-homo-2,wt-homo-2,gyrate,mmzu6ao5,mmzu6ao5::Rg,wt-homo-2 / Rg,Rg,Time (ps),18000,2.210033294879534,nm,nm
line,overlay,wt-homo-2,wt-homo-2,gyrate,mmzu6ao5,mmzu6ao5::Rg,wt-homo-2 / Rg,Rg,Time (ps),19000,2.2071857979713805,nm,nm
line,overlay,wt-homo-2,wt-homo-2,gyrate,mmzu6ao5,mmzu6ao5::Rg,wt-homo-2 / Rg,Rg,Time (ps),20000,2.2060279361419517,nm,nm
line,overlay,wt-homo-2,wt-homo-2,gyrate,mmzu6ao5,mmzu6ao5::Rg,wt-homo-2 / Rg,Rg,Time (ps),21000,2.212699445428596,nm,nm
line,overlay,wt-homo-2,wt-homo-2,gyrate,mmzu6ao5,mmzu6ao5::Rg,wt-homo-2 / Rg,Rg,Time (ps),22000,2.204316448240623,nm,nm
line,overlay,wt-homo-2,wt-homo-2,gyrate,mmzu6ao5,mmzu6ao5::Rg,wt-homo-2 / Rg,Rg,Time (ps),23000,2.202814811315355,nm,nm
line,overlay,wt-homo-2,wt-homo-2,gyrate,mmzu6ao5,mmzu6ao5::Rg,wt-homo-2 / Rg,Rg,Time (ps),24000,2.210611326317623,nm,nm
line,overlay,wt-homo-2,wt-homo-2,gyrate,mmzu6ao5,mmzu6ao5::Rg,wt-homo-2 / Rg,Rg,Time (ps),25000,2.2192648885594437,nm,nm
line,overlay,wt-homo-2,wt-homo-2,gyrate,mmzu6ao5,mmzu6ao5::Rg,wt-homo-2 / Rg,Rg,Time (ps),26000,2.2066147520147434,nm,nm
line,overlay,wt-homo-2,wt-homo-2,gyrate,mmzu6ao5,mmzu6ao5::Rg,wt-homo-2 / Rg,Rg,Time (ps),27000,2.2129516974972527,nm,nm
line,overlay,wt-homo-2,wt-homo-2,gyrate,mmzu6ao5,mmzu6ao5::Rg,wt-homo-2 / Rg,Rg,Time (ps),28000,2.2168182890443924,nm,nm
line,overlay,wt-homo-2,wt-homo-2,gyrate,mmzu6ao5,mmzu6ao5::Rg,wt-homo-2 / Rg,Rg,Time (ps),29000,2.228824904423669,nm,nm
line,overlay,wt-homo-2,wt-homo-2,gyrate,mmzu6ao5,mmzu6ao5::Rg,wt-homo-2 / Rg,Rg,Time (ps),30000,2.217976996692989,nm,nm
line,overlay,wt-homo-2,wt-homo-2,gyrate,mmzu6ao5,mmzu6ao5::Rg,wt-homo-2 / Rg,Rg,Time (ps),31000,2.2199794192544617,nm,nm
line,overlay,wt-homo-2,wt-homo-2,gyrate,mmzu6ao5,mmzu6ao5::Rg,wt-homo-2 / Rg,Rg,Time (ps),32000,2.2214282822217117,nm,nm
line,overlay,wt-homo-2,wt-homo-2,gyrate,mmzu6ao5,mmzu6ao5::Rg,wt-homo-2 / Rg,Rg,Time (ps),33000,2.22062353307478,nm,nm
line,overlay,wt-homo-2,wt-homo-2,gyrate,mmzu6ao5,mmzu6ao5::Rg,wt-homo-2 / Rg,Rg,Time (ps),34000,2.217787123731443,nm,nm
line,overlay,wt-homo-2,wt-homo-2,gyrate,mmzu6ao5,mmzu6ao5::Rg,wt-homo-2 / Rg,Rg,Time (ps),35000,2.211190982035192,nm,nm
line,overlay,wt-homo-2,wt-homo-2,gyrate,mmzu6ao5,mmzu6ao5::Rg,wt-homo-2 / Rg,Rg,Time (ps),36000,2.207764525310717,nm,nm
line,overlay,wt-homo-2,wt-homo-2,gyrate,mmzu6ao5,mmzu6ao5::Rg,wt-homo-2 / Rg,Rg,Time (ps),37000,2.2090412885812105,nm,nm
line,overlay,wt-homo-2,wt-homo-2,gyrate,mmzu6ao5,mmzu6ao5::Rg,wt-homo-2 / Rg,Rg,Time (ps),38000,2.205109869993513,nm,nm
line,overlay,wt-homo-2,wt-homo-2,gyrate,mmzu6ao5,mmzu6ao5::Rg,wt-homo-2 / Rg,Rg,Time (ps),39000,2.1998935800708943,nm,nm
line,overlay,wt-homo-2,wt-homo-2,gyrate,mmzu6ao5,mmzu6ao5::Rg,wt-homo-2 / Rg,Rg,Time (ps),40000,2.201307981686296,nm,nm
line,overlay,wt-homo-2,wt-homo-2,gyrate,mmzu6ao5,mmzu6ao5::Rg,wt-homo-2 / Rg,Rg,Time (ps),41000,2.217137203559816,nm,nm
line,overlay,wt-homo-2,wt-homo-2,gyrate,mmzu6ao5,mmzu6ao5::Rg,wt-homo-2 / Rg,Rg,Time (ps),42000,2.1995983927500524,nm,nm
line,overlay,wt-homo-2,wt-homo-2,gyrate,mmzu6ao5,mmzu6ao5::Rg,wt-homo-2 / Rg,Rg,Time (ps),43000,2.1997474884536525,nm,nm
line,overlay,wt-homo-2,wt-homo-2,gyrate,mmzu6ao5,mmzu6ao5::Rg,wt-homo-2 / Rg,Rg,Time (ps),44000,2.206945983337444,nm,nm
line,overlay,wt-homo-2,wt-homo-2,gyrate,mmzu6ao5,mmzu6ao5::Rg,wt-homo-2 / Rg,Rg,Time (ps),45000,2.2115067246694724,nm,nm
line,overlay,wt-homo-2,wt-homo-2,gyrate,mmzu6ao5,mmzu6ao5::Rg,wt-homo-2 / Rg,Rg,Time (ps),46000,2.217125725479716,nm,nm
line,overlay,wt-homo-2,wt-homo-2,gyrate,mmzu6ao5,mmzu6ao5::Rg,wt-homo-2 / Rg,Rg,Time (ps),47000,2.2123412168801355,nm,nm
line,overlay,wt-homo-2,wt-homo-2,gyrate,mmzu6ao5,mmzu6ao5::Rg,wt-homo-2 / Rg,Rg,Time (ps),48000,2.208348806876238,nm,nm
line,overlay,wt-homo-2,wt-homo-2,gyrate,mmzu6ao5,mmzu6ao5::Rg,wt-homo-2 / Rg,Rg,Time (ps),49000,2.202726070009825,nm,nm
line,overlay,wt-homo-2,wt-homo-2,gyrate,mmzu6ao5,mmzu6ao5::Rg,wt-homo-2 / Rg,Rg,Time (ps),50000,2.2032855311046577,nm,nm
line,overlay,wt-homo-2,wt-homo-2,gyrate,mmzu6ao5,mmzu6ao5::Rg,wt-homo-2 / Rg,Rg,Time (ps),51000,2.2055045523169423,nm,nm
line,overlay,wt-homo-2,wt-homo-2,gyrate,mmzu6ao5,mmzu6ao5::Rg,wt-homo-2 / Rg,Rg,Time (ps),52000,2.206845467476473,nm,nm
line,overlay,wt-homo-2,wt-homo-2,gyrate,mmzu6ao5,mmzu6ao5::Rg,wt-homo-2 / Rg,Rg,Time (ps),53000,2.2151983507218542,nm,nm
line,overlay,wt-homo-2,wt-homo-2,gyrate,mmzu6ao5,mmzu6ao5::Rg,wt-homo-2 / Rg,Rg,Time (ps),54000,2.2120529625489977,nm,nm
line,overlay,wt-homo-2,wt-homo-2,gyrate,mmzu6ao5,mmzu6ao5::Rg,wt-homo-2 / Rg,Rg,Time (ps),55000,2.207460280866182,nm,nm
line,overlay,wt-homo-2,wt-homo-2,gyrate,mmzu6ao5,mmzu6ao5::Rg,wt-homo-2 / Rg,Rg,Time (ps),56000,2.2061908630265785,nm,nm
line,overlay,wt-homo-2,wt-homo-2,gyrate,mmzu6ao5,mmzu6ao5::Rg,wt-homo-2 / Rg,Rg,Time (ps),57000,2.213159959977739,nm,nm
line,overlay,wt-homo-2,wt-homo-2,gyrate,mmzu6ao5,mmzu6ao5::Rg,wt-homo-2 / Rg,Rg,Time (ps),58000,2.198125325238953,nm,nm
line,overlay,wt-homo-2,wt-homo-2,gyrate,mmzu6ao5,mmzu6ao5::Rg,wt-homo-2 / Rg,Rg,Time (ps),59000,2.2034791664747133,nm,nm
line,overlay,wt-homo-2,wt-homo-2,gyrate,mmzu6ao5,mmzu6ao5::Rg,wt-homo-2 / Rg,Rg,Time (ps),60000,2.1960900487041743,nm,nm
line,overlay,wt-homo-2,wt-homo-2,gyrate,mmzu6ao5,mmzu6ao5::Rg,wt-homo-2 / Rg,Rg,Time (ps),61000,2.20187480354577,nm,nm
line,overlay,wt-homo-2,wt-homo-2,gyrate,mmzu6ao5,mmzu6ao5::Rg,wt-homo-2 / Rg,Rg,Time (ps),62000,2.206192885484261,nm,nm
line,overlay,wt-homo-2,wt-homo-2,gyrate,mmzu6ao5,mmzu6ao5::Rg,wt-homo-2 / Rg,Rg,Time (ps),63000,2.198891605765015,nm,nm
line,overlay,wt-homo-2,wt-homo-2,gyrate,mmzu6ao5,mmzu6ao5::Rg,wt-homo-2 / Rg,Rg,Time (ps),64000,2.1959804888552363,nm,nm
line,overlay,wt-homo-2,wt-homo-2,gyrate,mmzu6ao5,mmzu6ao5::Rg,wt-homo-2 / Rg,Rg,Time (ps),65000,2.1983993288337054,nm,nm
line,overlay,wt-homo-2,wt-homo-2,gyrate,mmzu6ao5,mmzu6ao5::Rg,wt-homo-2 / Rg,Rg,Time (ps),66000,2.203227285681057,nm,nm
line,overlay,wt-homo-2,wt-homo-2,gyrate,mmzu6ao5,mmzu6ao5::Rg,wt-homo-2 / Rg,Rg,Time (ps),67000,2.2082354338219985,nm,nm
line,overlay,wt-homo-2,wt-homo-2,gyrate,mmzu6ao5,mmzu6ao5::Rg,wt-homo-2 / Rg,Rg,Time (ps),68000,2.2082913661886066,nm,nm
line,overlay,wt-homo-2,wt-homo-2,gyrate,mmzu6ao5,mmzu6ao5::Rg,wt-homo-2 / Rg,Rg,Time (ps),69000,2.192183819126117,nm,nm
line,overlay,wt-homo-2,wt-homo-2,gyrate,mmzu6ao5,mmzu6ao5::Rg,wt-homo-2 / Rg,Rg,Time (ps),70000,2.2017238564509958,nm,nm
line,overlay,wt-homo-2,wt-homo-2,gyrate,mmzu6ao5,mmzu6ao5::Rg,wt-homo-2 / Rg,Rg,Time (ps),71000,2.1916081795687,nm,nm
line,overlay,wt-homo-2,wt-homo-2,gyrate,mmzu6ao5,mmzu6ao5::Rg,wt-homo-2 / Rg,Rg,Time (ps),72000,2.1922737971675894,nm,nm
line,overlay,wt-homo-2,wt-homo-2,gyrate,mmzu6ao5,mmzu6ao5::Rg,wt-homo-2 / Rg,Rg,Time (ps),73000,2.2049352466416106,nm,nm
line,overlay,wt-homo-2,wt-homo-2,gyrate,mmzu6ao5,mmzu6ao5::Rg,wt-homo-2 / Rg,Rg,Time (ps),74000,2.207283407178636,nm,nm
line,overlay,wt-homo-2,wt-homo-2,gyrate,mmzu6ao5,mmzu6ao5::Rg,wt-homo-2 / Rg,Rg,Time (ps),75000,2.2101529853548723,nm,nm
line,overlay,wt-homo-2,wt-homo-2,gyrate,mmzu6ao5,mmzu6ao5::Rg,wt-homo-2 / Rg,Rg,Time (ps),76000,2.2116092227359694,nm,nm
line,overlay,wt-homo-2,wt-homo-2,gyrate,mmzu6ao5,mmzu6ao5::Rg,wt-homo-2 / Rg,Rg,Time (ps),77000,2.2101446430445826,nm,nm
line,overlay,wt-homo-2,wt-homo-2,gyrate,mmzu6ao5,mmzu6ao5::Rg,wt-homo-2 / Rg,Rg,Time (ps),78000,2.206159658475275,nm,nm
line,overlay,wt-homo-2,wt-homo-2,gyrate,mmzu6ao5,mmzu6ao5::Rg,wt-homo-2 / Rg,Rg,Time (ps),79000,2.201175889719845,nm,nm
line,overlay,wt-homo-2,wt-homo-2,gyrate,mmzu6ao5,mmzu6ao5::Rg,wt-homo-2 / Rg,Rg,Time (ps),80000,2.200995890163751,nm,nm
line,overlay,wt-homo-2,wt-homo-2,gyrate,mmzu6ao5,mmzu6ao5::Rg,wt-homo-2 / Rg,Rg,Time (ps),81000,2.203122016384279,nm,nm
line,overlay,wt-homo-2,wt-homo-2,gyrate,mmzu6ao5,mmzu6ao5::Rg,wt-homo-2 / Rg,Rg,Time (ps),82000,2.206133650853242,nm,nm
line,overlay,wt-homo-2,wt-homo-2,gyrate,mmzu6ao5,mmzu6ao5::Rg,wt-homo-2 / Rg,Rg,Time (ps),83000,2.2072078537071183,nm,nm
line,overlay,wt-homo-2,wt-homo-2,gyrate,mmzu6ao5,mmzu6ao5::Rg,wt-homo-2 / Rg,Rg,Time (ps),84000,2.205592110652008,nm,nm
line,overlay,wt-homo-2,wt-homo-2,gyrate,mmzu6ao5,mmzu6ao5::Rg,wt-homo-2 / Rg,Rg,Time (ps),85000,2.214261445688789,nm,nm
line,overlay,wt-homo-2,wt-homo-2,gyrate,mmzu6ao5,mmzu6ao5::Rg,wt-homo-2 / Rg,Rg,Time (ps),86000,2.2156503259730465,nm,nm
line,overlay,wt-homo-2,wt-homo-2,gyrate,mmzu6ao5,mmzu6ao5::Rg,wt-homo-2 / Rg,Rg,Time (ps),87000,2.217537212404414,nm,nm
line,overlay,wt-homo-2,wt-homo-2,gyrate,mmzu6ao5,mmzu6ao5::Rg,wt-homo-2 / Rg,Rg,Time (ps),88000,2.212911284935532,nm,nm
line,overlay,wt-homo-2,wt-homo-2,gyrate,mmzu6ao5,mmzu6ao5::Rg,wt-homo-2 / Rg,Rg,Time (ps),89000,2.2225800359492047,nm,nm
line,overlay,wt-homo-2,wt-homo-2,gyrate,mmzu6ao5,mmzu6ao5::Rg,wt-homo-2 / Rg,Rg,Time (ps),90000,2.215300637158648,nm,nm
line,overlay,wt-homo-2,wt-homo-2,gyrate,mmzu6ao5,mmzu6ao5::Rg,wt-homo-2 / Rg,Rg,Time (ps),91000,2.221193357612361,nm,nm
line,overlay,wt-homo-2,wt-homo-2,gyrate,mmzu6ao5,mmzu6ao5::Rg,wt-homo-2 / Rg,Rg,Time (ps),92000,2.2121258857551136,nm,nm
line,overlay,wt-homo-2,wt-homo-2,gyrate,mmzu6ao5,mmzu6ao5::Rg,wt-homo-2 / Rg,Rg,Time (ps),93000,2.2184903675300145,nm,nm
line,overlay,wt-homo-2,wt-homo-2,gyrate,mmzu6ao5,mmzu6ao5::Rg,wt-homo-2 / Rg,Rg,Time (ps),94000,2.212032573196957,nm,nm
line,overlay,wt-homo-2,wt-homo-2,gyrate,mmzu6ao5,mmzu6ao5::Rg,wt-homo-2 / Rg,Rg,Time (ps),95000,2.2147080407853816,nm,nm
line,overlay,wt-homo-2,wt-homo-2,gyrate,mmzu6ao5,mmzu6ao5::Rg,wt-homo-2 / Rg,Rg,Time (ps),96000,2.2160020639585083,nm,nm
line,overlay,wt-homo-2,wt-homo-2,gyrate,mmzu6ao5,mmzu6ao5::Rg,wt-homo-2 / Rg,Rg,Time (ps),97000,2.216752921382708,nm,nm
line,overlay,wt-homo-2,wt-homo-2,gyrate,mmzu6ao5,mmzu6ao5::Rg,wt-homo-2 / Rg,Rg,Time (ps),98000,2.222730615756094,nm,nm
line,overlay,wt-homo-2,wt-homo-2,gyrate,mmzu6ao5,mmzu6ao5::Rg,wt-homo-2 / Rg,Rg,Time (ps),99000,2.2051921941273727,nm,nm
line,overlay,wt-homo-2,wt-homo-2,gyrate,mmzu6ao5,mmzu6ao5::Rg,wt-homo-2 / Rg,Rg,Time (ps),100000,2.205375429828385,nm,nm
line,overlay,wt-homo-3,wt-homo-3,gyrate,e612tf0l,e612tf0l::Rg,wt-homo-3 / Rg,Rg,Time (ps),0,2.19009696465399,nm,nm
line,overlay,wt-homo-3,wt-homo-3,gyrate,e612tf0l,e612tf0l::Rg,wt-homo-3 / Rg,Rg,Time (ps),1000,2.2074232911974976,nm,nm
line,overlay,wt-homo-3,wt-homo-3,gyrate,e612tf0l,e612tf0l::Rg,wt-homo-3 / Rg,Rg,Time (ps),2000,2.2028168246702475,nm,nm
line,overlay,wt-homo-3,wt-homo-3,gyrate,e612tf0l,e612tf0l::Rg,wt-homo-3 / Rg,Rg,Time (ps),3000,2.2021177537857053,nm,nm
line,overlay,wt-homo-3,wt-homo-3,gyrate,e612tf0l,e612tf0l::Rg,wt-homo-3 / Rg,Rg,Time (ps),4000,2.207421489667312,nm,nm
line,overlay,wt-homo-3,wt-homo-3,gyrate,e612tf0l,e612tf0l::Rg,wt-homo-3 / Rg,Rg,Time (ps),5000,2.204050920600402,nm,nm
line,overlay,wt-homo-3,wt-homo-3,gyrate,e612tf0l,e612tf0l::Rg,wt-homo-3 / Rg,Rg,Time (ps),6000,2.214469498426249,nm,nm
line,overlay,wt-homo-3,wt-homo-3,gyrate,e612tf0l,e612tf0l::Rg,wt-homo-3 / Rg,Rg,Time (ps),7000,2.211867425933669,nm,nm
line,overlay,wt-homo-3,wt-homo-3,gyrate,e612tf0l,e612tf0l::Rg,wt-homo-3 / Rg,Rg,Time (ps),8000,2.211510539973085,nm,nm
line,overlay,wt-homo-3,wt-homo-3,gyrate,e612tf0l,e612tf0l::Rg,wt-homo-3 / Rg,Rg,Time (ps),9000,2.212694740290124,nm,nm
line,overlay,wt-homo-3,wt-homo-3,gyrate,e612tf0l,e612tf0l::Rg,wt-homo-3 / Rg,Rg,Time (ps),10000,2.2111176821097693,nm,nm
line,overlay,wt-homo-3,wt-homo-3,gyrate,e612tf0l,e612tf0l::Rg,wt-homo-3 / Rg,Rg,Time (ps),11000,2.2061409111536183,nm,nm
line,overlay,wt-homo-3,wt-homo-3,gyrate,e612tf0l,e612tf0l::Rg,wt-homo-3 / Rg,Rg,Time (ps),12000,2.222394590199642,nm,nm
line,overlay,wt-homo-3,wt-homo-3,gyrate,e612tf0l,e612tf0l::Rg,wt-homo-3 / Rg,Rg,Time (ps),13000,2.217374083077631,nm,nm
line,overlay,wt-homo-3,wt-homo-3,gyrate,e612tf0l,e612tf0l::Rg,wt-homo-3 / Rg,Rg,Time (ps),14000,2.217152775803092,nm,nm
line,overlay,wt-homo-3,wt-homo-3,gyrate,e612tf0l,e612tf0l::Rg,wt-homo-3 / Rg,Rg,Time (ps),15000,2.21308524502518,nm,nm
line,overlay,wt-homo-3,wt-homo-3,gyrate,e612tf0l,e612tf0l::Rg,wt-homo-3 / Rg,Rg,Time (ps),16000,2.209580606500833,nm,nm
line,overlay,wt-homo-3,wt-homo-3,gyrate,e612tf0l,e612tf0l::Rg,wt-homo-3 / Rg,Rg,Time (ps),17000,2.2080158795869407,nm,nm
line,overlay,wt-homo-3,wt-homo-3,gyrate,e612tf0l,e612tf0l::Rg,wt-homo-3 / Rg,Rg,Time (ps),18000,2.2105296476807283,nm,nm
line,overlay,wt-homo-3,wt-homo-3,gyrate,e612tf0l,e612tf0l::Rg,wt-homo-3 / Rg,Rg,Time (ps),19000,2.20525112806806,nm,nm
line,overlay,wt-homo-3,wt-homo-3,gyrate,e612tf0l,e612tf0l::Rg,wt-homo-3 / Rg,Rg,Time (ps),20000,2.2062497471134863,nm,nm
line,overlay,wt-homo-3,wt-homo-3,gyrate,e612tf0l,e612tf0l::Rg,wt-homo-3 / Rg,Rg,Time (ps),21000,2.20241736614862,nm,nm
line,overlay,wt-homo-3,wt-homo-3,gyrate,e612tf0l,e612tf0l::Rg,wt-homo-3 / Rg,Rg,Time (ps),22000,2.206881581528472,nm,nm
line,overlay,wt-homo-3,wt-homo-3,gyrate,e612tf0l,e612tf0l::Rg,wt-homo-3 / Rg,Rg,Time (ps),23000,2.207481826008065,nm,nm
line,overlay,wt-homo-3,wt-homo-3,gyrate,e612tf0l,e612tf0l::Rg,wt-homo-3 / Rg,Rg,Time (ps),24000,2.21876763814624,nm,nm
line,overlay,wt-homo-3,wt-homo-3,gyrate,e612tf0l,e612tf0l::Rg,wt-homo-3 / Rg,Rg,Time (ps),25000,2.2265011640008674,nm,nm
line,overlay,wt-homo-3,wt-homo-3,gyrate,e612tf0l,e612tf0l::Rg,wt-homo-3 / Rg,Rg,Time (ps),26000,2.214381029864854,nm,nm
line,overlay,wt-homo-3,wt-homo-3,gyrate,e612tf0l,e612tf0l::Rg,wt-homo-3 / Rg,Rg,Time (ps),27000,2.212574075158175,nm,nm
line,overlay,wt-homo-3,wt-homo-3,gyrate,e612tf0l,e612tf0l::Rg,wt-homo-3 / Rg,Rg,Time (ps),28000,2.2079840102738304,nm,nm
line,overlay,wt-homo-3,wt-homo-3,gyrate,e612tf0l,e612tf0l::Rg,wt-homo-3 / Rg,Rg,Time (ps),29000,2.2061645902119142,nm,nm
line,overlay,wt-homo-3,wt-homo-3,gyrate,e612tf0l,e612tf0l::Rg,wt-homo-3 / Rg,Rg,Time (ps),30000,2.2171855508425247,nm,nm
line,overlay,wt-homo-3,wt-homo-3,gyrate,e612tf0l,e612tf0l::Rg,wt-homo-3 / Rg,Rg,Time (ps),31000,2.214397895627937,nm,nm
line,overlay,wt-homo-3,wt-homo-3,gyrate,e612tf0l,e612tf0l::Rg,wt-homo-3 / Rg,Rg,Time (ps),32000,2.194555375872988,nm,nm
line,overlay,wt-homo-3,wt-homo-3,gyrate,e612tf0l,e612tf0l::Rg,wt-homo-3 / Rg,Rg,Time (ps),33000,2.207025329878246,nm,nm
line,overlay,wt-homo-3,wt-homo-3,gyrate,e612tf0l,e612tf0l::Rg,wt-homo-3 / Rg,Rg,Time (ps),34000,2.196461196959848,nm,nm
line,overlay,wt-homo-3,wt-homo-3,gyrate,e612tf0l,e612tf0l::Rg,wt-homo-3 / Rg,Rg,Time (ps),35000,2.2118998279471374,nm,nm
line,overlay,wt-homo-3,wt-homo-3,gyrate,e612tf0l,e612tf0l::Rg,wt-homo-3 / Rg,Rg,Time (ps),36000,2.208498901288672,nm,nm
line,overlay,wt-homo-3,wt-homo-3,gyrate,e612tf0l,e612tf0l::Rg,wt-homo-3 / Rg,Rg,Time (ps),37000,2.2116992612936377,nm,nm
line,overlay,wt-homo-3,wt-homo-3,gyrate,e612tf0l,e612tf0l::Rg,wt-homo-3 / Rg,Rg,Time (ps),38000,2.2080796471179003,nm,nm
line,overlay,wt-homo-3,wt-homo-3,gyrate,e612tf0l,e612tf0l::Rg,wt-homo-3 / Rg,Rg,Time (ps),39000,2.206175436967051,nm,nm
line,overlay,wt-homo-3,wt-homo-3,gyrate,e612tf0l,e612tf0l::Rg,wt-homo-3 / Rg,Rg,Time (ps),40000,2.2137406242380653,nm,nm
line,overlay,wt-homo-3,wt-homo-3,gyrate,e612tf0l,e612tf0l::Rg,wt-homo-3 / Rg,Rg,Time (ps),41000,2.212949146534715,nm,nm
line,overlay,wt-homo-3,wt-homo-3,gyrate,e612tf0l,e612tf0l::Rg,wt-homo-3 / Rg,Rg,Time (ps),42000,2.215127039450605,nm,nm
line,overlay,wt-homo-3,wt-homo-3,gyrate,e612tf0l,e612tf0l::Rg,wt-homo-3 / Rg,Rg,Time (ps),43000,2.227472053408936,nm,nm
line,overlay,wt-homo-3,wt-homo-3,gyrate,e612tf0l,e612tf0l::Rg,wt-homo-3 / Rg,Rg,Time (ps),44000,2.213508563472812,nm,nm
line,overlay,wt-homo-3,wt-homo-3,gyrate,e612tf0l,e612tf0l::Rg,wt-homo-3 / Rg,Rg,Time (ps),45000,2.2197140096886923,nm,nm
line,overlay,wt-homo-3,wt-homo-3,gyrate,e612tf0l,e612tf0l::Rg,wt-homo-3 / Rg,Rg,Time (ps),46000,2.210520658126643,nm,nm
line,overlay,wt-homo-3,wt-homo-3,gyrate,e612tf0l,e612tf0l::Rg,wt-homo-3 / Rg,Rg,Time (ps),47000,2.2031547165221763,nm,nm
line,overlay,wt-homo-3,wt-homo-3,gyrate,e612tf0l,e612tf0l::Rg,wt-homo-3 / Rg,Rg,Time (ps),48000,2.208519092215767,nm,nm
line,overlay,wt-homo-3,wt-homo-3,gyrate,e612tf0l,e612tf0l::Rg,wt-homo-3 / Rg,Rg,Time (ps),49000,2.21757910608094,nm,nm
line,overlay,wt-homo-3,wt-homo-3,gyrate,e612tf0l,e612tf0l::Rg,wt-homo-3 / Rg,Rg,Time (ps),50000,2.209968907037032,nm,nm
line,overlay,wt-homo-3,wt-homo-3,gyrate,e612tf0l,e612tf0l::Rg,wt-homo-3 / Rg,Rg,Time (ps),51000,2.2043571406381908,nm,nm
line,overlay,wt-homo-3,wt-homo-3,gyrate,e612tf0l,e612tf0l::Rg,wt-homo-3 / Rg,Rg,Time (ps),52000,2.2123438756151157,nm,nm
line,overlay,wt-homo-3,wt-homo-3,gyrate,e612tf0l,e612tf0l::Rg,wt-homo-3 / Rg,Rg,Time (ps),53000,2.2103019089512683,nm,nm
line,overlay,wt-homo-3,wt-homo-3,gyrate,e612tf0l,e612tf0l::Rg,wt-homo-3 / Rg,Rg,Time (ps),54000,2.219585578364252,nm,nm
line,overlay,wt-homo-3,wt-homo-3,gyrate,e612tf0l,e612tf0l::Rg,wt-homo-3 / Rg,Rg,Time (ps),55000,2.2214590762460698,nm,nm
line,overlay,wt-homo-3,wt-homo-3,gyrate,e612tf0l,e612tf0l::Rg,wt-homo-3 / Rg,Rg,Time (ps),56000,2.224127355336726,nm,nm
line,overlay,wt-homo-3,wt-homo-3,gyrate,e612tf0l,e612tf0l::Rg,wt-homo-3 / Rg,Rg,Time (ps),57000,2.227233362155722,nm,nm
line,overlay,wt-homo-3,wt-homo-3,gyrate,e612tf0l,e612tf0l::Rg,wt-homo-3 / Rg,Rg,Time (ps),58000,2.2132605928147,nm,nm
line,overlay,wt-homo-3,wt-homo-3,gyrate,e612tf0l,e612tf0l::Rg,wt-homo-3 / Rg,Rg,Time (ps),59000,2.221957391515375,nm,nm
line,overlay,wt-homo-3,wt-homo-3,gyrate,e612tf0l,e612tf0l::Rg,wt-homo-3 / Rg,Rg,Time (ps),60000,2.216843784150778,nm,nm
line,overlay,wt-homo-3,wt-homo-3,gyrate,e612tf0l,e612tf0l::Rg,wt-homo-3 / Rg,Rg,Time (ps),61000,2.2168239144795066,nm,nm
line,overlay,wt-homo-3,wt-homo-3,gyrate,e612tf0l,e612tf0l::Rg,wt-homo-3 / Rg,Rg,Time (ps),62000,2.22817123200792,nm,nm
line,overlay,wt-homo-3,wt-homo-3,gyrate,e612tf0l,e612tf0l::Rg,wt-homo-3 / Rg,Rg,Time (ps),63000,2.218342380747834,nm,nm
line,overlay,wt-homo-3,wt-homo-3,gyrate,e612tf0l,e612tf0l::Rg,wt-homo-3 / Rg,Rg,Time (ps),64000,2.223050027816581,nm,nm
line,overlay,wt-homo-3,wt-homo-3,gyrate,e612tf0l,e612tf0l::Rg,wt-homo-3 / Rg,Rg,Time (ps),65000,2.227361608014169,nm,nm
line,overlay,wt-homo-3,wt-homo-3,gyrate,e612tf0l,e612tf0l::Rg,wt-homo-3 / Rg,Rg,Time (ps),66000,2.2218226573266,nm,nm
line,overlay,wt-homo-3,wt-homo-3,gyrate,e612tf0l,e612tf0l::Rg,wt-homo-3 / Rg,Rg,Time (ps),67000,2.232389728834105,nm,nm
line,overlay,wt-homo-3,wt-homo-3,gyrate,e612tf0l,e612tf0l::Rg,wt-homo-3 / Rg,Rg,Time (ps),68000,2.2251762750345194,nm,nm
line,overlay,wt-homo-3,wt-homo-3,gyrate,e612tf0l,e612tf0l::Rg,wt-homo-3 / Rg,Rg,Time (ps),69000,2.222566809449652,nm,nm
line,overlay,wt-homo-3,wt-homo-3,gyrate,e612tf0l,e612tf0l::Rg,wt-homo-3 / Rg,Rg,Time (ps),70000,2.2207848757576114,nm,nm
line,overlay,wt-homo-3,wt-homo-3,gyrate,e612tf0l,e612tf0l::Rg,wt-homo-3 / Rg,Rg,Time (ps),71000,2.220506029435021,nm,nm
line,overlay,wt-homo-3,wt-homo-3,gyrate,e612tf0l,e612tf0l::Rg,wt-homo-3 / Rg,Rg,Time (ps),72000,2.226395310466593,nm,nm
line,overlay,wt-homo-3,wt-homo-3,gyrate,e612tf0l,e612tf0l::Rg,wt-homo-3 / Rg,Rg,Time (ps),73000,2.225907811556642,nm,nm
line,overlay,wt-homo-3,wt-homo-3,gyrate,e612tf0l,e612tf0l::Rg,wt-homo-3 / Rg,Rg,Time (ps),74000,2.2292023671990786,nm,nm
line,overlay,wt-homo-3,wt-homo-3,gyrate,e612tf0l,e612tf0l::Rg,wt-homo-3 / Rg,Rg,Time (ps),75000,2.222675719365774,nm,nm
line,overlay,wt-homo-3,wt-homo-3,gyrate,e612tf0l,e612tf0l::Rg,wt-homo-3 / Rg,Rg,Time (ps),76000,2.2219511363232325,nm,nm
line,overlay,wt-homo-3,wt-homo-3,gyrate,e612tf0l,e612tf0l::Rg,wt-homo-3 / Rg,Rg,Time (ps),77000,2.216606591983791,nm,nm
line,overlay,wt-homo-3,wt-homo-3,gyrate,e612tf0l,e612tf0l::Rg,wt-homo-3 / Rg,Rg,Time (ps),78000,2.210906695101897,nm,nm
line,overlay,wt-homo-3,wt-homo-3,gyrate,e612tf0l,e612tf0l::Rg,wt-homo-3 / Rg,Rg,Time (ps),79000,2.223856967784088,nm,nm
line,overlay,wt-homo-3,wt-homo-3,gyrate,e612tf0l,e612tf0l::Rg,wt-homo-3 / Rg,Rg,Time (ps),80000,2.2087951513298005,nm,nm
line,overlay,wt-homo-3,wt-homo-3,gyrate,e612tf0l,e612tf0l::Rg,wt-homo-3 / Rg,Rg,Time (ps),81000,2.224573795484396,nm,nm
line,overlay,wt-homo-3,wt-homo-3,gyrate,e612tf0l,e612tf0l::Rg,wt-homo-3 / Rg,Rg,Time (ps),82000,2.219973024992268,nm,nm
line,overlay,wt-homo-3,wt-homo-3,gyrate,e612tf0l,e612tf0l::Rg,wt-homo-3 / Rg,Rg,Time (ps),83000,2.224898346160625,nm,nm
line,overlay,wt-homo-3,wt-homo-3,gyrate,e612tf0l,e612tf0l::Rg,wt-homo-3 / Rg,Rg,Time (ps),84000,2.2190215736735746,nm,nm
line,overlay,wt-homo-3,wt-homo-3,gyrate,e612tf0l,e612tf0l::Rg,wt-homo-3 / Rg,Rg,Time (ps),85000,2.219185719420874,nm,nm
line,overlay,wt-homo-3,wt-homo-3,gyrate,e612tf0l,e612tf0l::Rg,wt-homo-3 / Rg,Rg,Time (ps),86000,2.2178224551900856,nm,nm
line,overlay,wt-homo-3,wt-homo-3,gyrate,e612tf0l,e612tf0l::Rg,wt-homo-3 / Rg,Rg,Time (ps),87000,2.220955110112318,nm,nm
line,overlay,wt-homo-3,wt-homo-3,gyrate,e612tf0l,e612tf0l::Rg,wt-homo-3 / Rg,Rg,Time (ps),88000,2.2259311356516704,nm,nm
line,overlay,wt-homo-3,wt-homo-3,gyrate,e612tf0l,e612tf0l::Rg,wt-homo-3 / Rg,Rg,Time (ps),89000,2.221294689046973,nm,nm
line,overlay,wt-homo-3,wt-homo-3,gyrate,e612tf0l,e612tf0l::Rg,wt-homo-3 / Rg,Rg,Time (ps),90000,2.221994008843628,nm,nm
line,overlay,wt-homo-3,wt-homo-3,gyrate,e612tf0l,e612tf0l::Rg,wt-homo-3 / Rg,Rg,Time (ps),91000,2.219439875992461,nm,nm
line,overlay,wt-homo-3,wt-homo-3,gyrate,e612tf0l,e612tf0l::Rg,wt-homo-3 / Rg,Rg,Time (ps),92000,2.212630222481773,nm,nm
line,overlay,wt-homo-3,wt-homo-3,gyrate,e612tf0l,e612tf0l::Rg,wt-homo-3 / Rg,Rg,Time (ps),93000,2.214465264901321,nm,nm
line,overlay,wt-homo-3,wt-homo-3,gyrate,e612tf0l,e612tf0l::Rg,wt-homo-3 / Rg,Rg,Time (ps),94000,2.214240923586566,nm,nm
line,overlay,wt-homo-3,wt-homo-3,gyrate,e612tf0l,e612tf0l::Rg,wt-homo-3 / Rg,Rg,Time (ps),95000,2.2147239843576134,nm,nm
line,overlay,wt-homo-3,wt-homo-3,gyrate,e612tf0l,e612tf0l::Rg,wt-homo-3 / Rg,Rg,Time (ps),96000,2.213427267876969,nm,nm
line,overlay,wt-homo-3,wt-homo-3,gyrate,e612tf0l,e612tf0l::Rg,wt-homo-3 / Rg,Rg,Time (ps),97000,2.2177037779196285,nm,nm
line,overlay,wt-homo-3,wt-homo-3,gyrate,e612tf0l,e612tf0l::Rg,wt-homo-3 / Rg,Rg,Time (ps),98000,2.2173851754794143,nm,nm
line,overlay,wt-homo-3,wt-homo-3,gyrate,e612tf0l,e612tf0l::Rg,wt-homo-3 / Rg,Rg,Time (ps),99000,2.2183714250327835,nm,nm
line,overlay,wt-homo-3,wt-homo-3,gyrate,e612tf0l,e612tf0l::Rg,wt-homo-3 / Rg,Rg,Time (ps),100000,2.2234260539853343,nm,nm
line,overlay,wt-homo-4,wt-homo-4,gyrate,1p7a6138,1p7a6138::Rg,wt-homo-4 / Rg,Rg,Time (ps),0,2.2129537175081007,nm,nm
line,overlay,wt-homo-4,wt-homo-4,gyrate,1p7a6138,1p7a6138::Rg,wt-homo-4 / Rg,Rg,Time (ps),1000,2.224863516225468,nm,nm
line,overlay,wt-homo-4,wt-homo-4,gyrate,1p7a6138,1p7a6138::Rg,wt-homo-4 / Rg,Rg,Time (ps),2000,2.21351741574472,nm,nm
line,overlay,wt-homo-4,wt-homo-4,gyrate,1p7a6138,1p7a6138::Rg,wt-homo-4 / Rg,Rg,Time (ps),3000,2.2170354621260477,nm,nm
line,overlay,wt-homo-4,wt-homo-4,gyrate,1p7a6138,1p7a6138::Rg,wt-homo-4 / Rg,Rg,Time (ps),4000,2.208780394614755,nm,nm
line,overlay,wt-homo-4,wt-homo-4,gyrate,1p7a6138,1p7a6138::Rg,wt-homo-4 / Rg,Rg,Time (ps),5000,2.2029646141283683,nm,nm
line,overlay,wt-homo-4,wt-homo-4,gyrate,1p7a6138,1p7a6138::Rg,wt-homo-4 / Rg,Rg,Time (ps),6000,2.2192412335402207,nm,nm
line,overlay,wt-homo-4,wt-homo-4,gyrate,1p7a6138,1p7a6138::Rg,wt-homo-4 / Rg,Rg,Time (ps),7000,2.2150627843643558,nm,nm
line,overlay,wt-homo-4,wt-homo-4,gyrate,1p7a6138,1p7a6138::Rg,wt-homo-4 / Rg,Rg,Time (ps),8000,2.2129139932071538,nm,nm
line,overlay,wt-homo-4,wt-homo-4,gyrate,1p7a6138,1p7a6138::Rg,wt-homo-4 / Rg,Rg,Time (ps),9000,2.2141075344386034,nm,nm
line,overlay,wt-homo-4,wt-homo-4,gyrate,1p7a6138,1p7a6138::Rg,wt-homo-4 / Rg,Rg,Time (ps),10000,2.2226536634189467,nm,nm
line,overlay,wt-homo-4,wt-homo-4,gyrate,1p7a6138,1p7a6138::Rg,wt-homo-4 / Rg,Rg,Time (ps),11000,2.2132507476597283,nm,nm
line,overlay,wt-homo-4,wt-homo-4,gyrate,1p7a6138,1p7a6138::Rg,wt-homo-4 / Rg,Rg,Time (ps),12000,2.205768316437817,nm,nm
line,overlay,wt-homo-4,wt-homo-4,gyrate,1p7a6138,1p7a6138::Rg,wt-homo-4 / Rg,Rg,Time (ps),13000,2.213511947675056,nm,nm
line,overlay,wt-homo-4,wt-homo-4,gyrate,1p7a6138,1p7a6138::Rg,wt-homo-4 / Rg,Rg,Time (ps),14000,2.211276761952404,nm,nm
line,overlay,wt-homo-4,wt-homo-4,gyrate,1p7a6138,1p7a6138::Rg,wt-homo-4 / Rg,Rg,Time (ps),15000,2.206668628815581,nm,nm
line,overlay,wt-homo-4,wt-homo-4,gyrate,1p7a6138,1p7a6138::Rg,wt-homo-4 / Rg,Rg,Time (ps),16000,2.20212104338063,nm,nm
line,overlay,wt-homo-4,wt-homo-4,gyrate,1p7a6138,1p7a6138::Rg,wt-homo-4 / Rg,Rg,Time (ps),17000,2.214187339291552,nm,nm
line,overlay,wt-homo-4,wt-homo-4,gyrate,1p7a6138,1p7a6138::Rg,wt-homo-4 / Rg,Rg,Time (ps),18000,2.2057205944949905,nm,nm
line,overlay,wt-homo-4,wt-homo-4,gyrate,1p7a6138,1p7a6138::Rg,wt-homo-4 / Rg,Rg,Time (ps),19000,2.210517252794155,nm,nm
line,overlay,wt-homo-4,wt-homo-4,gyrate,1p7a6138,1p7a6138::Rg,wt-homo-4 / Rg,Rg,Time (ps),20000,2.210956593901171,nm,nm
line,overlay,wt-homo-4,wt-homo-4,gyrate,1p7a6138,1p7a6138::Rg,wt-homo-4 / Rg,Rg,Time (ps),21000,2.2171099829600043,nm,nm
line,overlay,wt-homo-4,wt-homo-4,gyrate,1p7a6138,1p7a6138::Rg,wt-homo-4 / Rg,Rg,Time (ps),22000,2.2126940434706355,nm,nm
line,overlay,wt-homo-4,wt-homo-4,gyrate,1p7a6138,1p7a6138::Rg,wt-homo-4 / Rg,Rg,Time (ps),23000,2.2189952449052006,nm,nm
line,overlay,wt-homo-4,wt-homo-4,gyrate,1p7a6138,1p7a6138::Rg,wt-homo-4 / Rg,Rg,Time (ps),24000,2.2161333854066614,nm,nm
line,overlay,wt-homo-4,wt-homo-4,gyrate,1p7a6138,1p7a6138::Rg,wt-homo-4 / Rg,Rg,Time (ps),25000,2.2175899629398748,nm,nm
line,overlay,wt-homo-4,wt-homo-4,gyrate,1p7a6138,1p7a6138::Rg,wt-homo-4 / Rg,Rg,Time (ps),26000,2.2116950807586027,nm,nm
line,overlay,wt-homo-4,wt-homo-4,gyrate,1p7a6138,1p7a6138::Rg,wt-homo-4 / Rg,Rg,Time (ps),27000,2.2067526340012105,nm,nm
line,overlay,wt-homo-4,wt-homo-4,gyrate,1p7a6138,1p7a6138::Rg,wt-homo-4 / Rg,Rg,Time (ps),28000,2.2150190014304623,nm,nm
line,overlay,wt-homo-4,wt-homo-4,gyrate,1p7a6138,1p7a6138::Rg,wt-homo-4 / Rg,Rg,Time (ps),29000,2.209479615834941,nm,nm
line,overlay,wt-homo-4,wt-homo-4,gyrate,1p7a6138,1p7a6138::Rg,wt-homo-4 / Rg,Rg,Time (ps),30000,2.2178759939300647,nm,nm
line,overlay,wt-homo-4,wt-homo-4,gyrate,1p7a6138,1p7a6138::Rg,wt-homo-4 / Rg,Rg,Time (ps),31000,2.214738640528759,nm,nm
line,overlay,wt-homo-4,wt-homo-4,gyrate,1p7a6138,1p7a6138::Rg,wt-homo-4 / Rg,Rg,Time (ps),32000,2.2043139501865374,nm,nm
line,overlay,wt-homo-4,wt-homo-4,gyrate,1p7a6138,1p7a6138::Rg,wt-homo-4 / Rg,Rg,Time (ps),33000,2.210689589955153,nm,nm
line,overlay,wt-homo-4,wt-homo-4,gyrate,1p7a6138,1p7a6138::Rg,wt-homo-4 / Rg,Rg,Time (ps),34000,2.216568752627281,nm,nm
line,overlay,wt-homo-4,wt-homo-4,gyrate,1p7a6138,1p7a6138::Rg,wt-homo-4 / Rg,Rg,Time (ps),35000,2.2062696843929417,nm,nm
line,overlay,wt-homo-4,wt-homo-4,gyrate,1p7a6138,1p7a6138::Rg,wt-homo-4 / Rg,Rg,Time (ps),36000,2.2109728146178416,nm,nm
line,overlay,wt-homo-4,wt-homo-4,gyrate,1p7a6138,1p7a6138::Rg,wt-homo-4 / Rg,Rg,Time (ps),37000,2.21022319765108,nm,nm
line,overlay,wt-homo-4,wt-homo-4,gyrate,1p7a6138,1p7a6138::Rg,wt-homo-4 / Rg,Rg,Time (ps),38000,2.21861259808517,nm,nm
line,overlay,wt-homo-4,wt-homo-4,gyrate,1p7a6138,1p7a6138::Rg,wt-homo-4 / Rg,Rg,Time (ps),39000,2.2118367403753343,nm,nm
line,overlay,wt-homo-4,wt-homo-4,gyrate,1p7a6138,1p7a6138::Rg,wt-homo-4 / Rg,Rg,Time (ps),40000,2.212834184308166,nm,nm
line,overlay,wt-homo-4,wt-homo-4,gyrate,1p7a6138,1p7a6138::Rg,wt-homo-4 / Rg,Rg,Time (ps),41000,2.2130223123416237,nm,nm
line,overlay,wt-homo-4,wt-homo-4,gyrate,1p7a6138,1p7a6138::Rg,wt-homo-4 / Rg,Rg,Time (ps),42000,2.203906272484541,nm,nm
line,overlay,wt-homo-4,wt-homo-4,gyrate,1p7a6138,1p7a6138::Rg,wt-homo-4 / Rg,Rg,Time (ps),43000,2.201999708889589,nm,nm
line,overlay,wt-homo-4,wt-homo-4,gyrate,1p7a6138,1p7a6138::Rg,wt-homo-4 / Rg,Rg,Time (ps),44000,2.2098479733117844,nm,nm
line,overlay,wt-homo-4,wt-homo-4,gyrate,1p7a6138,1p7a6138::Rg,wt-homo-4 / Rg,Rg,Time (ps),45000,2.208794301725726,nm,nm
line,overlay,wt-homo-4,wt-homo-4,gyrate,1p7a6138,1p7a6138::Rg,wt-homo-4 / Rg,Rg,Time (ps),46000,2.204863133308132,nm,nm
line,overlay,wt-homo-4,wt-homo-4,gyrate,1p7a6138,1p7a6138::Rg,wt-homo-4 / Rg,Rg,Time (ps),47000,2.2163812184248446,nm,nm
line,overlay,wt-homo-4,wt-homo-4,gyrate,1p7a6138,1p7a6138::Rg,wt-homo-4 / Rg,Rg,Time (ps),48000,2.208572004123928,nm,nm
line,overlay,wt-homo-4,wt-homo-4,gyrate,1p7a6138,1p7a6138::Rg,wt-homo-4 / Rg,Rg,Time (ps),49000,2.21136159704672,nm,nm
line,overlay,wt-homo-4,wt-homo-4,gyrate,1p7a6138,1p7a6138::Rg,wt-homo-4 / Rg,Rg,Time (ps),50000,2.2100234415747533,nm,nm
line,overlay,wt-homo-4,wt-homo-4,gyrate,1p7a6138,1p7a6138::Rg,wt-homo-4 / Rg,Rg,Time (ps),51000,2.2088076569148964,nm,nm
line,overlay,wt-homo-4,wt-homo-4,gyrate,1p7a6138,1p7a6138::Rg,wt-homo-4 / Rg,Rg,Time (ps),52000,2.2101580762834674,nm,nm
line,overlay,wt-homo-4,wt-homo-4,gyrate,1p7a6138,1p7a6138::Rg,wt-homo-4 / Rg,Rg,Time (ps),53000,2.2145798836494985,nm,nm
line,overlay,wt-homo-4,wt-homo-4,gyrate,1p7a6138,1p7a6138::Rg,wt-homo-4 / Rg,Rg,Time (ps),54000,2.212359416543145,nm,nm
line,overlay,wt-homo-4,wt-homo-4,gyrate,1p7a6138,1p7a6138::Rg,wt-homo-4 / Rg,Rg,Time (ps),55000,2.2146561177384343,nm,nm
line,overlay,wt-homo-4,wt-homo-4,gyrate,1p7a6138,1p7a6138::Rg,wt-homo-4 / Rg,Rg,Time (ps),56000,2.2194638821761554,nm,nm
line,overlay,wt-homo-4,wt-homo-4,gyrate,1p7a6138,1p7a6138::Rg,wt-homo-4 / Rg,Rg,Time (ps),57000,2.214290069407897,nm,nm
line,overlay,wt-homo-4,wt-homo-4,gyrate,1p7a6138,1p7a6138::Rg,wt-homo-4 / Rg,Rg,Time (ps),58000,2.205457667290608,nm,nm
line,overlay,wt-homo-4,wt-homo-4,gyrate,1p7a6138,1p7a6138::Rg,wt-homo-4 / Rg,Rg,Time (ps),59000,2.2180239834516917,nm,nm
line,overlay,wt-homo-4,wt-homo-4,gyrate,1p7a6138,1p7a6138::Rg,wt-homo-4 / Rg,Rg,Time (ps),60000,2.211036137593759,nm,nm
line,overlay,wt-homo-4,wt-homo-4,gyrate,1p7a6138,1p7a6138::Rg,wt-homo-4 / Rg,Rg,Time (ps),61000,2.2240099231201667,nm,nm
line,overlay,wt-homo-4,wt-homo-4,gyrate,1p7a6138,1p7a6138::Rg,wt-homo-4 / Rg,Rg,Time (ps),62000,2.212241568038077,nm,nm
line,overlay,wt-homo-4,wt-homo-4,gyrate,1p7a6138,1p7a6138::Rg,wt-homo-4 / Rg,Rg,Time (ps),63000,2.212394510372712,nm,nm
line,overlay,wt-homo-4,wt-homo-4,gyrate,1p7a6138,1p7a6138::Rg,wt-homo-4 / Rg,Rg,Time (ps),64000,2.214796039593257,nm,nm
line,overlay,wt-homo-4,wt-homo-4,gyrate,1p7a6138,1p7a6138::Rg,wt-homo-4 / Rg,Rg,Time (ps),65000,2.2055723225450543,nm,nm
line,overlay,wt-homo-4,wt-homo-4,gyrate,1p7a6138,1p7a6138::Rg,wt-homo-4 / Rg,Rg,Time (ps),66000,2.224738030631884,nm,nm
line,overlay,wt-homo-4,wt-homo-4,gyrate,1p7a6138,1p7a6138::Rg,wt-homo-4 / Rg,Rg,Time (ps),67000,2.2223526305934884,nm,nm
line,overlay,wt-homo-4,wt-homo-4,gyrate,1p7a6138,1p7a6138::Rg,wt-homo-4 / Rg,Rg,Time (ps),68000,2.228420625749119,nm,nm
line,overlay,wt-homo-4,wt-homo-4,gyrate,1p7a6138,1p7a6138::Rg,wt-homo-4 / Rg,Rg,Time (ps),69000,2.231122269885415,nm,nm
line,overlay,wt-homo-4,wt-homo-4,gyrate,1p7a6138,1p7a6138::Rg,wt-homo-4 / Rg,Rg,Time (ps),70000,2.237563569405208,nm,nm
line,overlay,wt-homo-4,wt-homo-4,gyrate,1p7a6138,1p7a6138::Rg,wt-homo-4 / Rg,Rg,Time (ps),71000,2.233663068032668,nm,nm
line,overlay,wt-homo-4,wt-homo-4,gyrate,1p7a6138,1p7a6138::Rg,wt-homo-4 / Rg,Rg,Time (ps),72000,2.241004391435115,nm,nm
line,overlay,wt-homo-4,wt-homo-4,gyrate,1p7a6138,1p7a6138::Rg,wt-homo-4 / Rg,Rg,Time (ps),73000,2.2257439119838214,nm,nm
line,overlay,wt-homo-4,wt-homo-4,gyrate,1p7a6138,1p7a6138::Rg,wt-homo-4 / Rg,Rg,Time (ps),74000,2.2377544801451443,nm,nm
line,overlay,wt-homo-4,wt-homo-4,gyrate,1p7a6138,1p7a6138::Rg,wt-homo-4 / Rg,Rg,Time (ps),75000,2.2285583261281365,nm,nm
line,overlay,wt-homo-4,wt-homo-4,gyrate,1p7a6138,1p7a6138::Rg,wt-homo-4 / Rg,Rg,Time (ps),76000,2.2369468311133183,nm,nm
line,overlay,wt-homo-4,wt-homo-4,gyrate,1p7a6138,1p7a6138::Rg,wt-homo-4 / Rg,Rg,Time (ps),77000,2.231138533601439,nm,nm
line,overlay,wt-homo-4,wt-homo-4,gyrate,1p7a6138,1p7a6138::Rg,wt-homo-4 / Rg,Rg,Time (ps),78000,2.229868215340022,nm,nm
line,overlay,wt-homo-4,wt-homo-4,gyrate,1p7a6138,1p7a6138::Rg,wt-homo-4 / Rg,Rg,Time (ps),79000,2.2273551738863504,nm,nm
line,overlay,wt-homo-4,wt-homo-4,gyrate,1p7a6138,1p7a6138::Rg,wt-homo-4 / Rg,Rg,Time (ps),80000,2.2162868027611538,nm,nm
line,overlay,wt-homo-4,wt-homo-4,gyrate,1p7a6138,1p7a6138::Rg,wt-homo-4 / Rg,Rg,Time (ps),81000,2.227913827902983,nm,nm
line,overlay,wt-homo-4,wt-homo-4,gyrate,1p7a6138,1p7a6138::Rg,wt-homo-4 / Rg,Rg,Time (ps),82000,2.230111708712727,nm,nm
line,overlay,wt-homo-4,wt-homo-4,gyrate,1p7a6138,1p7a6138::Rg,wt-homo-4 / Rg,Rg,Time (ps),83000,2.233470681305546,nm,nm
line,overlay,wt-homo-4,wt-homo-4,gyrate,1p7a6138,1p7a6138::Rg,wt-homo-4 / Rg,Rg,Time (ps),84000,2.2217733746968054,nm,nm
line,overlay,wt-homo-4,wt-homo-4,gyrate,1p7a6138,1p7a6138::Rg,wt-homo-4 / Rg,Rg,Time (ps),85000,2.229853412100625,nm,nm
line,overlay,wt-homo-4,wt-homo-4,gyrate,1p7a6138,1p7a6138::Rg,wt-homo-4 / Rg,Rg,Time (ps),86000,2.2349405938935845,nm,nm
line,overlay,wt-homo-4,wt-homo-4,gyrate,1p7a6138,1p7a6138::Rg,wt-homo-4 / Rg,Rg,Time (ps),87000,2.225305343453343,nm,nm
line,overlay,wt-homo-4,wt-homo-4,gyrate,1p7a6138,1p7a6138::Rg,wt-homo-4 / Rg,Rg,Time (ps),88000,2.217927697432359,nm,nm
line,overlay,wt-homo-4,wt-homo-4,gyrate,1p7a6138,1p7a6138::Rg,wt-homo-4 / Rg,Rg,Time (ps),89000,2.2250028748739594,nm,nm
line,overlay,wt-homo-4,wt-homo-4,gyrate,1p7a6138,1p7a6138::Rg,wt-homo-4 / Rg,Rg,Time (ps),90000,2.2357806185341915,nm,nm
line,overlay,wt-homo-4,wt-homo-4,gyrate,1p7a6138,1p7a6138::Rg,wt-homo-4 / Rg,Rg,Time (ps),91000,2.233459836978748,nm,nm
line,overlay,wt-homo-4,wt-homo-4,gyrate,1p7a6138,1p7a6138::Rg,wt-homo-4 / Rg,Rg,Time (ps),92000,2.229879990571287,nm,nm
line,overlay,wt-homo-4,wt-homo-4,gyrate,1p7a6138,1p7a6138::Rg,wt-homo-4 / Rg,Rg,Time (ps),93000,2.229960765101177,nm,nm
line,overlay,wt-homo-4,wt-homo-4,gyrate,1p7a6138,1p7a6138::Rg,wt-homo-4 / Rg,Rg,Time (ps),94000,2.2355650029502687,nm,nm
line,overlay,wt-homo-4,wt-homo-4,gyrate,1p7a6138,1p7a6138::Rg,wt-homo-4 / Rg,Rg,Time (ps),95000,2.253367099516987,nm,nm
line,overlay,wt-homo-4,wt-homo-4,gyrate,1p7a6138,1p7a6138::Rg,wt-homo-4 / Rg,Rg,Time (ps),96000,2.24465614442383,nm,nm
line,overlay,wt-homo-4,wt-homo-4,gyrate,1p7a6138,1p7a6138::Rg,wt-homo-4 / Rg,Rg,Time (ps),97000,2.239509115495647,nm,nm
line,overlay,wt-homo-4,wt-homo-4,gyrate,1p7a6138,1p7a6138::Rg,wt-homo-4 / Rg,Rg,Time (ps),98000,2.247354123746834,nm,nm
line,overlay,wt-homo-4,wt-homo-4,gyrate,1p7a6138,1p7a6138::Rg,wt-homo-4 / Rg,Rg,Time (ps),99000,2.244699658028247,nm,nm
line,overlay,wt-homo-4,wt-homo-4,gyrate,1p7a6138,1p7a6138::Rg,wt-homo-4 / Rg,Rg,Time (ps),100000,2.241115472406209,nm,nm