view_mode,display_mode,dataset_id,dataset_name,metric_type,source_id,series_key,series_label,column,x_label,x_value,y_value,raw_unit,display_unit
line,overlay,sdt3-homo,sdt3-homo,rmsf,92281da5,92281da5::RMSF,sdt3-homo / RMSF,RMSF,Residue,1,0.35336578,nm,nm
line,overlay,sdt3-homo,sdt3-homo,rmsf,92281da5,92281da5::RMSF,sdt3-homo / RMSF,RMSF,Residue,2,0.22918251,nm,nm
line,overlay,sdt3-homo,sdt3-homo,rmsf,92281da5,92281da5::RMSF,sdt3-homo / RMSF,RMSF,Residue,3,0.11539999,nm,nm
line,overlay,sdt3-homo,sdt3-homo,rmsf,92281da5,92281da5::RMSF,sdt3-homo / RMSF,RMSF,Residue,4,0.06461023,nm,nm
line,overlay,sdt3-homo,sdt3-homo,rmsf,92281da5,92281da5::RMSF,sdt3-homo / RMSF,RMSF,Residue,5,0.05674196,nm,nm
line,overlay,sdt3-homo,sdt3-homo,rmsf,92281da5,92281da5::RMSF,sdt3-homo / RMSF,RMSF,Residue,6,0.054642066,nm,nm
line,overlay,sdt3-homo,sdt3-homo,rmsf,92281da5,92281da5::RMSF,sdt3-homo / RMSF,RMSF,Residue,7,0.06118123,nm,nm
line,overlay,sdt3-homo,sdt3-homo,rmsf,92281da5,92281da5::RMSF,sdt3-homo / RMSF,RMSF,Residue,8,0.05131578,nm,nm
line,overlay,sdt3-homo,sdt3-homo,rmsf,92281da5,92281da5::RMSF,sdt3-homo / RMSF,RMSF,Residue,9,0.055943802,nm,nm
line,overlay,sdt3-homo,sdt3-homo,rmsf,92281da5,92281da5::RMSF,sdt3-homo / RMSF,RMSF,Residue,10,0.072165914,nm,nm
line,overlay,sdt3-homo,sdt3-homo,rmsf,92281da5,92281da5::RMSF,sdt3-homo / RMSF,RMSF,Residue,11,0.082254,nm,nm
line,overlay,sdt3-homo,sdt3-homo,rmsf,92281da5,92281da5::RMSF,sdt3-homo / RMSF,RMSF,Residue,12,0.087669395,nm,nm
line,overlay,sdt3-homo,sdt3-homo,rmsf,92281da5,92281da5::RMSF,sdt3-homo / RMSF,RMSF,Residue,13,0.06570006,nm,nm
line,overlay,sdt3-homo,sdt3-homo,rmsf,92281da5,92281da5::RMSF,sdt3-homo / RMSF,RMSF,Residue,14,0.05876098,nm,nm
line,overlay,sdt3-homo,sdt3-homo,rmsf,92281da5,92281da5::RMSF,sdt3-homo / RMSF,RMSF,Residue,15,0.056734618,nm,nm
line,overlay,sdt3-homo,sdt3-homo,rmsf,92281da5,92281da5::RMSF,sdt3-homo / RMSF,RMSF,Residue,16,0.049518768,nm,nm
line,overlay,sdt3-homo,sdt3-homo,rmsf,92281da5,92281da5::RMSF,sdt3-homo / RMSF,RMSF,Residue,17,0.046795227,nm,nm
line,overlay,sdt3-homo,sdt3-homo,rmsf,92281da5,92281da5::RMSF,sdt3-homo / RMSF,RMSF,Residue,18,0.046663858,nm,nm
line,overlay,sdt3-homo,sdt3-homo,rmsf,92281da5,92281da5::RMSF,sdt3-homo / RMSF,RMSF,Residue,19,0.048050504,nm,nm
line,overlay,sdt3-homo,sdt3-homo,rmsf,92281da5,92281da5::RMSF,sdt3-homo / RMSF,RMSF,Residue,20,0.04752167,nm,nm
line,overlay,sdt3-homo,sdt3-homo,rmsf,92281da5,92281da5::RMSF,sdt3-homo / RMSF,RMSF,Residue,21,0.044454373,nm,nm
line,overlay,sdt3-homo,sdt3-homo,rmsf,92281da5,92281da5::RMSF,sdt3-homo / RMSF,RMSF,Residue,22,0.043700196,nm,nm
line,overlay,sdt3-homo,sdt3-homo,rmsf,92281da5,92281da5::RMSF,sdt3-homo / RMSF,RMSF,Residue,23,0.04640347,nm,nm
line,overlay,sdt3-homo,sdt3-homo,rmsf,92281da5,92281da5::RMSF,sdt3-homo / RMSF,RMSF,Residue,24,0.045776628,nm,nm
line,overlay,sdt3-homo,sdt3-homo,rmsf,92281da5,92281da5::RMSF,sdt3-homo / RMSF,RMSF,Residue,25,0.05051924,nm,nm
line,overlay,sdt3-homo,sdt3-homo,rmsf,92281da5,92281da5::RMSF,sdt3-homo / RMSF,RMSF,Residue,26,0.055217344,nm,nm
line,overlay,sdt3-homo,sdt3-homo,rmsf,92281da5,92281da5::RMSF,sdt3-homo / RMSF,RMSF,Residue,27,0.057705637,nm,nm
line,overlay,sdt3-homo,sdt3-homo,rmsf,92281da5,92281da5::RMSF,sdt3-homo / RMSF,RMSF,Residue,28,0.06314229,nm,nm
line,overlay,sdt3-homo,sdt3-homo,rmsf,92281da5,92281da5::RMSF,sdt3-homo / RMSF,RMSF,Residue,29,0.07567694,nm,nm
line,overlay,sdt3-homo,sdt3-homo,rmsf,92281da5,92281da5::RMSF,sdt3-homo / RMSF,RMSF,Residue,30,0.08196817,nm,nm
line,overlay,sdt3-homo,sdt3-homo,rmsf,92281da5,92281da5::RMSF,sdt3-homo / RMSF,RMSF,Residue,31,0.083262846,nm,nm
line,overlay,sdt3-homo,sdt3-homo,rmsf,92281da5,92281da5::RMSF,sdt3-homo / RMSF,RMSF,Residue,32,0.06274445,nm,nm
line,overlay,sdt3-homo,sdt3-homo,rmsf,92281da5,92281da5::RMSF,sdt3-homo / RMSF,RMSF,Residue,33,0.060659476,nm,nm
line,overlay,sdt3-homo,sdt3-homo,rmsf,92281da5,92281da5::RMSF,sdt3-homo / RMSF,RMSF,Residue,34,0.06018125,nm,nm
line,overlay,sdt3-homo,sdt3-homo,rmsf,92281da5,92281da5::RMSF,sdt3-homo / RMSF,RMSF,Residue,35,0.067628056,nm,nm
line,overlay,sdt3-homo,sdt3-homo,rmsf,92281da5,92281da5::RMSF,sdt3-homo / RMSF,RMSF,Residue,36,0.06461,nm,nm
line,overlay,sdt3-homo,sdt3-homo,rmsf,92281da5,92281da5::RMSF,sdt3-homo / RMSF,RMSF,Residue,37,0.089986965,nm,nm
line,overlay,sdt3-homo,sdt3-homo,rmsf,92281da5,92281da5::RMSF,sdt3-homo / RMSF,RMSF,Residue,38,0.11452331,nm,nm
line,overlay,sdt3-homo,sdt3-homo,rmsf,92281da5,92281da5::RMSF,sdt3-homo / RMSF,RMSF,Residue,39,0.13398626,nm,nm
line,overlay,sdt3-homo,sdt3-homo,rmsf,92281da5,92281da5::RMSF,sdt3-homo / RMSF,RMSF,Residue,40,0.12605953,nm,nm
line,overlay,sdt3-homo,sdt3-homo,rmsf,92281da5,92281da5::RMSF,sdt3-homo / RMSF,RMSF,Residue,41,0.15494184,nm,nm
line,overlay,sdt3-homo,sdt3-homo,rmsf,92281da5,92281da5::RMSF,sdt3-homo / RMSF,RMSF,Residue,42,0.15856571,nm,nm
line,overlay,sdt3-homo,sdt3-homo,rmsf,92281da5,92281da5::RMSF,sdt3-homo / RMSF,RMSF,Residue,43,0.1430788,nm,nm
line,overlay,sdt3-homo,sdt3-homo,rmsf,92281da5,92281da5::RMSF,sdt3-homo / RMSF,RMSF,Residue,44,0.1899697,nm,nm
line,overlay,sdt3-homo,sdt3-homo,rmsf,92281da5,92281da5::RMSF,sdt3-homo / RMSF,RMSF,Residue,45,0.19857982,nm,nm
line,overlay,sdt3-homo,sdt3-homo,rmsf,92281da5,92281da5::RMSF,sdt3-homo / RMSF,RMSF,Residue,46,0.12238406,nm,nm
line,overlay,sdt3-homo,sdt3-homo,rmsf,92281da5,92281da5::RMSF,sdt3-homo / RMSF,RMSF,Residue,47,0.17197739,nm,nm
line,overlay,sdt3-homo,sdt3-homo,rmsf,92281da5,92281da5::RMSF,sdt3-homo / RMSF,RMSF,Residue,48,0.15093145,nm,nm
line,overlay,sdt3-homo,sdt3-homo,rmsf,92281da5,92281da5::RMSF,sdt3-homo / RMSF,RMSF,Residue,49,0.10439275,nm,nm
line,overlay,sdt3-homo,sdt3-homo,rmsf,92281da5,92281da5::RMSF,sdt3-homo / RMSF,RMSF,Residue,50,0.10848686,nm,nm
line,overlay,sdt3-homo,sdt3-homo,rmsf,92281da5,92281da5::RMSF,sdt3-homo / RMSF,RMSF,Residue,51,0.12538403,nm,nm
line,overlay,sdt3-homo,sdt3-homo,rmsf,92281da5,92281da5::RMSF,sdt3-homo / RMSF,RMSF,Residue,52,0.14425077,nm,nm
line,overlay,sdt3-homo,sdt3-homo,rmsf,92281da5,92281da5::RMSF,sdt3-homo / RMSF,RMSF,Residue,53,0.14774352,nm,nm
line,overlay,sdt3-homo,sdt3-homo,rmsf,92281da5,92281da5::RMSF,sdt3-homo / RMSF,RMSF,Residue,54,0.13650288,nm,nm
line,overlay,sdt3-homo,sdt3-homo,rmsf,92281da5,92281da5::RMSF,sdt3-homo / RMSF,RMSF,Residue,55,0.15769657,nm,nm
line,overlay,sdt3-homo,sdt3-homo,rmsf,92281da5,92281da5::RMSF,sdt3-homo / RMSF,RMSF,Residue,56,0.13659242,nm,nm
line,overlay,sdt3-homo,sdt3-homo,rmsf,92281da5,92281da5::RMSF,sdt3-homo / RMSF,RMSF,Residue,57,0.12536325,nm,nm
line,overlay,sdt3-homo,sdt3-homo,rmsf,92281da5,92281da5::RMSF,sdt3-homo / RMSF,RMSF,Residue,58,0.12285118,nm,nm
line,overlay,sdt3-homo,sdt3-homo,rmsf,92281da5,92281da5::RMSF,sdt3-homo / RMSF,RMSF,Residue,59,0.14175038,nm,nm
line,overlay,sdt3-homo,sdt3-homo,rmsf,92281da5,92281da5::RMSF,sdt3-homo / RMSF,RMSF,Residue,60,0.08197042,nm,nm
line,overlay,sdt3-homo,sdt3-homo,rmsf,92281da5,92281da5::RMSF,sdt3-homo / RMSF,RMSF,Residue,61,0.07443126,nm,nm
line,overlay,sdt3-homo,sdt3-homo,rmsf,92281da5,92281da5::RMSF,sdt3-homo / RMSF,RMSF,Residue,62,0.07631139,nm,nm
line,overlay,sdt3-homo,sdt3-homo,rmsf,92281da5,92281da5::RMSF,sdt3-homo / RMSF,RMSF,Residue,63,0.08105254,nm,nm
line,overlay,sdt3-homo,sdt3-homo,rmsf,92281da5,92281da5::RMSF,sdt3-homo / RMSF,RMSF,Residue,64,0.09258392,nm,nm
line,overlay,sdt3-homo,sdt3-homo,rmsf,92281da5,92281da5::RMSF,sdt3-homo / RMSF,RMSF,Residue,65,0.11254754,nm,nm
line,overlay,sdt3-homo,sdt3-homo,rmsf,92281da5,92281da5::RMSF,sdt3-homo / RMSF,RMSF,Residue,66,0.12742545,nm,nm
line,overlay,sdt3-homo,sdt3-homo,rmsf,92281da5,92281da5::RMSF,sdt3-homo / RMSF,RMSF,Residue,67,0.12077114,nm,nm
line,overlay,sdt3-homo,sdt3-homo,rmsf,92281da5,92281da5::RMSF,sdt3-homo / RMSF,RMSF,Residue,68,0.12956429,nm,nm
line,overlay,sdt3-homo,sdt3-homo,rmsf,92281da5,92281da5::RMSF,sdt3-homo / RMSF,RMSF,Residue,69,0.14187844,nm,nm
line,overlay,sdt3-homo,sdt3-homo,rmsf,92281da5,92281da5::RMSF,sdt3-homo / RMSF,RMSF,Residue,70,0.18268657,nm,nm
line,overlay,sdt3-homo,sdt3-homo,rmsf,92281da5,92281da5::RMSF,sdt3-homo / RMSF,RMSF,Residue,71,0.17597145,nm,nm
line,overlay,sdt3-homo,sdt3-homo,rmsf,92281da5,92281da5::RMSF,sdt3-homo / RMSF,RMSF,Residue,72,0.15671338,nm,nm
line,overlay,sdt3-homo,sdt3-homo,rmsf,92281da5,92281da5::RMSF,sdt3-homo / RMSF,RMSF,Residue,73,0.18584727,nm,nm
line,overlay,sdt3-homo,sdt3-homo,rmsf,92281da5,92281da5::RMSF,sdt3-homo / RMSF,RMSF,Residue,74,0.16724259,nm,nm
line,overlay,sdt3-homo,sdt3-homo,rmsf,92281da5,92281da5::RMSF,sdt3-homo / RMSF,RMSF,Residue,75,0.18934955,nm,nm
line,overlay,sdt3-homo,sdt3-homo,rmsf,92281da5,92281da5::RMSF,sdt3-homo / RMSF,RMSF,Residue,76,0.22162645,nm,nm
line,overlay,sdt3-homo,sdt3-homo,rmsf,92281da5,92281da5::RMSF,sdt3-homo / RMSF,RMSF,Residue,77,0.22267246,nm,nm
line,overlay,sdt3-homo,sdt3-homo,rmsf,92281da5,92281da5::RMSF,sdt3-homo / RMSF,RMSF,Residue,78,0.18060844,nm,nm
line,overlay,sdt3-homo,sdt3-homo,rmsf,92281da5,92281da5::RMSF,sdt3-homo / RMSF,RMSF,Residue,79,0.16041835,nm,nm
line,overlay,sdt3-homo,sdt3-homo,rmsf,92281da5,92281da5::RMSF,sdt3-homo / RMSF,RMSF,Residue,80,0.14968203,nm,nm
line,overlay,sdt3-homo,sdt3-homo,rmsf,92281da5,92281da5::RMSF,sdt3-homo / RMSF,RMSF,Residue,81,0.14308017,nm,nm
line,overlay,sdt3-homo,sdt3-homo,rmsf,92281da5,92281da5::RMSF,sdt3-homo / RMSF,RMSF,Residue,82,0.16356952,nm,nm
line,overlay,sdt3-homo,sdt3-homo,rmsf,92281da5,92281da5::RMSF,sdt3-homo / RMSF,RMSF,Residue,83,0.16231759,nm,nm
line,overlay,sdt3-homo,sdt3-homo,rmsf,92281da5,92281da5::RMSF,sdt3-homo / RMSF,RMSF,Residue,84,0.16423589,nm,nm
line,overlay,sdt3-homo,sdt3-homo,rmsf,92281da5,92281da5::RMSF,sdt3-homo / RMSF,RMSF,Residue,85,0.21412282,nm,nm
line,overlay,sdt3-homo,sdt3-homo,rmsf,92281da5,92281da5::RMSF,sdt3-homo / RMSF,RMSF,Residue,86,0.21293175,nm,nm
line,overlay,sdt3-homo,sdt3-homo,rmsf,92281da5,92281da5::RMSF,sdt3-homo / RMSF,RMSF,Residue,87,0.20812313,nm,nm
line,overlay,sdt3-homo,sdt3-homo,rmsf,92281da5,92281da5::RMSF,sdt3-homo / RMSF,RMSF,Residue,88,0.20743358,nm,nm
line,overlay,sdt3-homo,sdt3-homo,rmsf,92281da5,92281da5::RMSF,sdt3-homo / RMSF,RMSF,Residue,89,0.17814063,nm,nm
line,overlay,sdt3-homo,sdt3-homo,rmsf,92281da5,92281da5::RMSF,sdt3-homo / RMSF,RMSF,Residue,90,0.16148041,nm,nm
line,overlay,sdt3-homo,sdt3-homo,rmsf,92281da5,92281da5::RMSF,sdt3-homo / RMSF,RMSF,Residue,91,0.16763549,nm,nm
line,overlay,sdt3-homo,sdt3-homo,rmsf,92281da5,92281da5::RMSF,sdt3-homo / RMSF,RMSF,Residue,92,0.15644579,nm,nm
line,overlay,sdt3-homo,sdt3-homo,rmsf,92281da5,92281da5::RMSF,sdt3-homo / RMSF,RMSF,Residue,93,0.1292078,nm,nm
line,overlay,sdt3-homo,sdt3-homo,rmsf,92281da5,92281da5::RMSF,sdt3-homo / RMSF,RMSF,Residue,94,0.13323131,nm,nm
line,overlay,sdt3-homo,sdt3-homo,rmsf,92281da5,92281da5::RMSF,sdt3-homo / RMSF,RMSF,Residue,95,0.13238534,nm,nm
line,overlay,sdt3-homo,sdt3-homo,rmsf,92281da5,92281da5::RMSF,sdt3-homo / RMSF,RMSF,Residue,96,0.114979066,nm,nm
line,overlay,sdt3-homo,sdt3-homo,rmsf,92281da5,92281da5::RMSF,sdt3-homo / RMSF,RMSF,Residue,97,0.112908445,nm,nm
line,overlay,sdt3-homo,sdt3-homo,rmsf,92281da5,92281da5::RMSF,sdt3-homo / RMSF,RMSF,Residue,98,0.1200727,nm,nm
line,overlay,sdt3-homo,sdt3-homo,rmsf,92281da5,92281da5::RMSF,sdt3-homo / RMSF,RMSF,Residue,99,0.11677323,nm,nm
line,overlay,sdt3-homo,sdt3-homo,rmsf,92281da5,92281da5::RMSF,sdt3-homo / RMSF,RMSF,Residue,100,0.13008751,nm,nm
line,overlay,sdt3-homo,sdt3-homo,rmsf,92281da5,92281da5::RMSF,sdt3-homo / RMSF,RMSF,Residue,101,0.13829345,nm,nm
line,overlay,sdt3-homo,sdt3-homo,rmsf,92281da5,92281da5::RMSF,sdt3-homo / RMSF,RMSF,Residue,102,0.14300376,nm,nm
line,overlay,sdt3-homo,sdt3-homo,rmsf,92281da5,92281da5::RMSF,sdt3-homo / RMSF,RMSF,Residue,103,0.14631294,nm,nm
line,overlay,sdt3-homo,sdt3-homo,rmsf,92281da5,92281da5::RMSF,sdt3-homo / RMSF,RMSF,Residue,104,0.1265563,nm,nm
line,overlay,sdt3-homo,sdt3-homo,rmsf,92281da5,92281da5::RMSF,sdt3-homo / RMSF,RMSF,Residue,105,0.13182029,nm,nm
line,overlay,sdt3-homo,sdt3-homo,rmsf,92281da5,92281da5::RMSF,sdt3-homo / RMSF,RMSF,Residue,106,0.14440009,nm,nm
line,overlay,sdt3-homo,sdt3-homo,rmsf,92281da5,92281da5::RMSF,sdt3-homo / RMSF,RMSF,Residue,107,0.12072085,nm,nm
line,overlay,sdt3-homo,sdt3-homo,rmsf,92281da5,92281da5::RMSF,sdt3-homo / RMSF,RMSF,Residue,108,0.11054756,nm,nm
line,overlay,sdt3-homo,sdt3-homo,rmsf,92281da5,92281da5::RMSF,sdt3-homo / RMSF,RMSF,Residue,109,0.13961706,nm,nm
line,overlay,sdt3-homo,sdt3-homo,rmsf,92281da5,92281da5::RMSF,sdt3-homo / RMSF,RMSF,Residue,110,0.14247663,nm,nm
line,overlay,sdt3-homo,sdt3-homo,rmsf,92281da5,92281da5::RMSF,sdt3-homo / RMSF,RMSF,Residue,111,0.11220226,nm,nm
line,overlay,sdt3-homo,sdt3-homo,rmsf,92281da5,92281da5::RMSF,sdt3-homo / RMSF,RMSF,Residue,112,0.106012754,nm,nm
line,overlay,sdt3-homo,sdt3-homo,rmsf,92281da5,92281da5::RMSF,sdt3-homo / RMSF,RMSF,Residue,113,0.069782026,nm,nm
line,overlay,sdt3-homo,sdt3-homo,rmsf,92281da5,92281da5::RMSF,sdt3-homo / RMSF,RMSF,Residue,114,0.054562926,nm,nm
line,overlay,sdt3-homo,sdt3-homo,rmsf,92281da5,92281da5::RMSF,sdt3-homo / RMSF,RMSF,Residue,115,0.056572817,nm,nm
line,overlay,sdt3-homo,sdt3-homo,rmsf,92281da5,92281da5::RMSF,sdt3-homo / RMSF,RMSF,Residue,116,0.05550913,nm,nm
line,overlay,sdt3-homo,sdt3-homo,rmsf,92281da5,92281da5::RMSF,sdt3-homo / RMSF,RMSF,Residue,117,0.059672188,nm,nm
line,overlay,sdt3-homo,sdt3-homo,rmsf,92281da5,92281da5::RMSF,sdt3-homo / RMSF,RMSF,Residue,118,0.04927341,nm,nm
line,overlay,sdt3-homo,sdt3-homo,rmsf,92281da5,92281da5::RMSF,sdt3-homo / RMSF,RMSF,Residue,119,0.050668485,nm,nm
line,overlay,sdt3-homo,sdt3-homo,rmsf,92281da5,92281da5::RMSF,sdt3-homo / RMSF,RMSF,Residue,120,0.073607035,nm,nm
line,overlay,sdt3-homo,sdt3-homo,rmsf,92281da5,92281da5::RMSF,sdt3-homo / RMSF,RMSF,Residue,121,0.09804717,nm,nm
line,overlay,sdt3-homo,sdt3-homo,rmsf,92281da5,92281da5::RMSF,sdt3-homo / RMSF,RMSF,Residue,122,0.0821566,nm,nm
line,overlay,sdt3-homo,sdt3-homo,rmsf,92281da5,92281da5::RMSF,sdt3-homo / RMSF,RMSF,Residue,123,0.09079977,nm,nm
line,overlay,sdt3-homo,sdt3-homo,rmsf,92281da5,92281da5::RMSF,sdt3-homo / RMSF,RMSF,Residue,124,0.095832415,nm,nm
line,overlay,sdt3-homo,sdt3-homo,rmsf,92281da5,92281da5::RMSF,sdt3-homo / RMSF,RMSF,Residue,125,0.07049304,nm,nm
line,overlay,sdt3-homo,sdt3-homo,rmsf,92281da5,92281da5::RMSF,sdt3-homo / RMSF,RMSF,Residue,126,0.06885885,nm,nm
line,overlay,sdt3-homo,sdt3-homo,rmsf,92281da5,92281da5::RMSF,sdt3-homo / RMSF,RMSF,Residue,127,0.07945986,nm,nm
line,overlay,sdt3-homo,sdt3-homo,rmsf,92281da5,92281da5::RMSF,sdt3-homo / RMSF,RMSF,Residue,128,0.07973236,nm,nm
line,overlay,sdt3-homo,sdt3-homo,rmsf,92281da5,92281da5::RMSF,sdt3-homo / RMSF,RMSF,Residue,129,0.071204275,nm,nm
line,overlay,sdt3-homo,sdt3-homo,rmsf,92281da5,92281da5::RMSF,sdt3-homo / RMSF,RMSF,Residue,130,0.080958836,nm,nm
line,overlay,sdt3-homo,sdt3-homo,rmsf,92281da5,92281da5::RMSF,sdt3-homo / RMSF,RMSF,Residue,131,0.097215965,nm,nm
line,overlay,sdt3-homo,sdt3-homo,rmsf,92281da5,92281da5::RMSF,sdt3-homo / RMSF,RMSF,Residue,132,0.0873035,nm,nm
line,overlay,sdt3-homo,sdt3-homo,rmsf,92281da5,92281da5::RMSF,sdt3-homo / RMSF,RMSF,Residue,133,0.08210446,nm,nm
line,overlay,sdt3-homo,sdt3-homo,rmsf,92281da5,92281da5::RMSF,sdt3-homo / RMSF,RMSF,Residue,134,0.06452623,nm,nm
line,overlay,sdt3-homo,sdt3-homo,rmsf,92281da5,92281da5::RMSF,sdt3-homo / RMSF,RMSF,Residue,135,0.058666993,nm,nm
line,overlay,sdt3-homo,sdt3-homo,rmsf,92281da5,92281da5::RMSF,sdt3-homo / RMSF,RMSF,Residue,136,0.05010529,nm,nm
line,overlay,sdt3-homo,sdt3-homo,rmsf,92281da5,92281da5::RMSF,sdt3-homo / RMSF,RMSF,Residue,137,0.050593525,nm,nm
line,overlay,sdt3-homo,sdt3-homo,rmsf,92281da5,92281da5::RMSF,sdt3-homo / RMSF,RMSF,Residue,138,0.046996407,nm,nm
line,overlay,sdt3-homo,sdt3-homo,rmsf,92281da5,92281da5::RMSF,sdt3-homo / RMSF,RMSF,Residue,139,0.04531849,nm,nm
line,overlay,sdt3-homo,sdt3-homo,rmsf,92281da5,92281da5::RMSF,sdt3-homo / RMSF,RMSF,Residue,140,0.05262005,nm,nm
line,overlay,sdt3-homo,sdt3-homo,rmsf,92281da5,92281da5::RMSF,sdt3-homo / RMSF,RMSF,Residue,141,0.059783407,nm,nm
line,overlay,sdt3-homo,sdt3-homo,rmsf,92281da5,92281da5::RMSF,sdt3-homo / RMSF,RMSF,Residue,142,0.05080913,nm,nm
line,overlay,sdt3-homo,sdt3-homo,rmsf,92281da5,92281da5::RMSF,sdt3-homo / RMSF,RMSF,Residue,143,0.05121048,nm,nm
line,overlay,sdt3-homo,sdt3-homo,rmsf,92281da5,92281da5::RMSF,sdt3-homo / RMSF,RMSF,Residue,144,0.053423233,nm,nm
line,overlay,sdt3-homo,sdt3-homo,rmsf,92281da5,92281da5::RMSF,sdt3-homo / RMSF,RMSF,Residue,145,0.050067455,nm,nm
line,overlay,sdt3-homo,sdt3-homo,rmsf,92281da5,92281da5::RMSF,sdt3-homo / RMSF,RMSF,Residue,146,0.052648555,nm,nm
line,overlay,sdt3-homo,sdt3-homo,rmsf,92281da5,92281da5::RMSF,sdt3-homo / RMSF,RMSF,Residue,147,0.05852318,nm,nm
line,overlay,sdt3-homo,sdt3-homo,rmsf,92281da5,92281da5::RMSF,sdt3-homo / RMSF,RMSF,Residue,148,0.05908442,nm,nm
line,overlay,sdt3-homo,sdt3-homo,rmsf,92281da5,92281da5::RMSF,sdt3-homo / RMSF,RMSF,Residue,149,0.057441864,nm,nm
line,overlay,sdt3-homo,sdt3-homo,rmsf,92281da5,92281da5::RMSF,sdt3-homo / RMSF,RMSF,Residue,150,0.06900262,nm,nm
line,overlay,sdt3-homo,sdt3-homo,rmsf,92281da5,92281da5::RMSF,sdt3-homo / RMSF,RMSF,Residue,151,0.074753165,nm,nm
line,overlay,sdt3-homo,sdt3-homo,rmsf,92281da5,92281da5::RMSF,sdt3-homo / RMSF,RMSF,Residue,152,0.0750644,nm,nm
line,overlay,sdt3-homo,sdt3-homo,rmsf,92281da5,92281da5::RMSF,sdt3-homo / RMSF,RMSF,Residue,153,0.07912013,nm,nm
line,overlay,sdt3-homo,sdt3-homo,rmsf,92281da5,92281da5::RMSF,sdt3-homo / RMSF,RMSF,Residue,154,0.09521787,nm,nm
line,overlay,sdt3-homo,sdt3-homo,rmsf,92281da5,92281da5::RMSF,sdt3-homo / RMSF,RMSF,Residue,155,0.10364599,nm,nm
line,overlay,sdt3-homo,sdt3-homo,rmsf,92281da5,92281da5::RMSF,sdt3-homo / RMSF,RMSF,Residue,156,0.10784296,nm,nm
line,overlay,sdt3-homo,sdt3-homo,rmsf,92281da5,92281da5::RMSF,sdt3-homo / RMSF,RMSF,Residue,157,0.107586645,nm,nm
line,overlay,sdt3-homo,sdt3-homo,rmsf,92281da5,92281da5::RMSF,sdt3-homo / RMSF,RMSF,Residue,158,0.10704082,nm,nm
line,overlay,sdt3-homo,sdt3-homo,rmsf,92281da5,92281da5::RMSF,sdt3-homo / RMSF,RMSF,Residue,159,0.119729474,nm,nm
line,overlay,sdt3-homo,sdt3-homo,rmsf,92281da5,92281da5::RMSF,sdt3-homo / RMSF,RMSF,Residue,160,0.1391201,nm,nm
line,overlay,sdt3-homo,sdt3-homo,rmsf,92281da5,92281da5::RMSF,sdt3-homo / RMSF,RMSF,Residue,161,0.15609005,nm,nm
line,overlay,sdt3-homo,sdt3-homo,rmsf,92281da5,92281da5::RMSF,sdt3-homo / RMSF,RMSF,Residue,162,0.13207003,nm,nm
line,overlay,sdt3-homo,sdt3-homo,rmsf,92281da5,92281da5::RMSF,sdt3-homo / RMSF,RMSF,Residue,163,0.16368769,nm,nm
line,overlay,sdt3-homo,sdt3-homo,rmsf,92281da5,92281da5::RMSF,sdt3-homo / RMSF,RMSF,Residue,164,0.16191727,nm,nm
line,overlay,sdt3-homo,sdt3-homo,rmsf,92281da5,92281da5::RMSF,sdt3-homo / RMSF,RMSF,Residue,165,0.16482356,nm,nm
line,overlay,sdt3-homo,sdt3-homo,rmsf,92281da5,92281da5::RMSF,sdt3-homo / RMSF,RMSF,Residue,166,0.17246209,nm,nm
line,overlay,sdt3-homo,sdt3-homo,rmsf,92281da5,92281da5::RMSF,sdt3-homo / RMSF,RMSF,Residue,167,0.14424251,nm,nm
line,overlay,sdt3-homo,sdt3-homo,rmsf,92281da5,92281da5::RMSF,sdt3-homo / RMSF,RMSF,Residue,168,0.11701339,nm,nm
line,overlay,sdt3-homo,sdt3-homo,rmsf,92281da5,92281da5::RMSF,sdt3-homo / RMSF,RMSF,Residue,169,0.10554437,nm,nm
line,overlay,sdt3-homo,sdt3-homo,rmsf,92281da5,92281da5::RMSF,sdt3-homo / RMSF,RMSF,Residue,170,0.09646961,nm,nm
line,overlay,sdt3-homo,sdt3-homo,rmsf,92281da5,92281da5::RMSF,sdt3-homo / RMSF,RMSF,Residue,171,0.08782801,nm,nm
line,overlay,sdt3-homo,sdt3-homo,rmsf,92281da5,92281da5::RMSF,sdt3-homo / RMSF,RMSF,Residue,172,0.10373968,nm,nm
line,overlay,sdt3-homo,sdt3-homo,rmsf,92281da5,92281da5::RMSF,sdt3-homo / RMSF,RMSF,Residue,173,0.12461069,nm,nm
line,overlay,sdt3-homo,sdt3-homo,rmsf,92281da5,92281da5::RMSF,sdt3-homo / RMSF,RMSF,Residue,174,0.116227366,nm,nm
line,overlay,sdt3-homo,sdt3-homo,rmsf,92281da5,92281da5::RMSF,sdt3-homo / RMSF,RMSF,Residue,175,0.16837245,nm,nm
line,overlay,sdt3-homo,sdt3-homo,rmsf,92281da5,92281da5::RMSF,sdt3-homo / RMSF,RMSF,Residue,176,0.13803026,nm,nm
line,overlay,sdt3-homo,sdt3-homo,rmsf,92281da5,92281da5::RMSF,sdt3-homo / RMSF,RMSF,Residue,177,0.12406966,nm,nm
line,overlay,sdt3-homo,sdt3-homo,rmsf,92281da5,92281da5::RMSF,sdt3-homo / RMSF,RMSF,Residue,178,0.093086,nm,nm
line,overlay,sdt3-homo,sdt3-homo,rmsf,92281da5,92281da5::RMSF,sdt3-homo / RMSF,RMSF,Residue,179,0.096527815,nm,nm
line,overlay,sdt3-homo,sdt3-homo,rmsf,92281da5,92281da5::RMSF,sdt3-homo / RMSF,RMSF,Residue,180,0.08866459,nm,nm
line,overlay,sdt3-homo,sdt3-homo,rmsf,92281da5,92281da5::RMSF,sdt3-homo / RMSF,RMSF,Residue,181,0.09888696,nm,nm
line,overlay,sdt3-homo,sdt3-homo,rmsf,92281da5,92281da5::RMSF,sdt3-homo / RMSF,RMSF,Residue,182,0.097928494,nm,nm
line,overlay,sdt3-homo,sdt3-homo,rmsf,92281da5,92281da5::RMSF,sdt3-homo / RMSF,RMSF,Residue,183,0.09858553,nm,nm
line,overlay,sdt3-homo,sdt3-homo,rmsf,92281da5,92281da5::RMSF,sdt3-homo / RMSF,RMSF,Residue,184,0.08538103,nm,nm
line,overlay,sdt3-homo,sdt3-homo,rmsf,92281da5,92281da5::RMSF,sdt3-homo / RMSF,RMSF,Residue,185,0.092782356,nm,nm
line,overlay,sdt3-homo,sdt3-homo,rmsf,92281da5,92281da5::RMSF,sdt3-homo / RMSF,RMSF,Residue,186,0.10635514,nm,nm
line,overlay,sdt3-homo,sdt3-homo,rmsf,92281da5,92281da5::RMSF,sdt3-homo / RMSF,RMSF,Residue,187,0.12778932,nm,nm
line,overlay,sdt3-homo,sdt3-homo,rmsf,92281da5,92281da5::RMSF,sdt3-homo / RMSF,RMSF,Residue,188,0.14715122,nm,nm
line,overlay,sdt3-homo,sdt3-homo,rmsf,92281da5,92281da5::RMSF,sdt3-homo / RMSF,RMSF,Residue,189,0.16079612,nm,nm
line,overlay,sdt3-homo,sdt3-homo,rmsf,92281da5,92281da5::RMSF,sdt3-homo / RMSF,RMSF,Residue,190,0.17942275,nm,nm
line,overlay,sdt3-homo,sdt3-homo,rmsf,92281da5,92281da5::RMSF,sdt3-homo / RMSF,RMSF,Residue,191,0.19484562,nm,nm
line,overlay,sdt3-homo,sdt3-homo,rmsf,92281da5,92281da5::RMSF,sdt3-homo / RMSF,RMSF,Residue,192,0.24118985,nm,nm
line,overlay,sdt3-homo,sdt3-homo,rmsf,92281da5,92281da5::RMSF,sdt3-homo / RMSF,RMSF,Residue,193,0.20554689,nm,nm
line,overlay,sdt3-homo,sdt3-homo,rmsf,92281da5,92281da5::RMSF,sdt3-homo / RMSF,RMSF,Residue,194,0.2073716,nm,nm
line,overlay,sdt3-homo,sdt3-homo,rmsf,92281da5,92281da5::RMSF,sdt3-homo / RMSF,RMSF,Residue,195,0.18225974,nm,nm
line,overlay,sdt3-homo,sdt3-homo,rmsf,92281da5,92281da5::RMSF,sdt3-homo / RMSF,RMSF,Residue,196,0.17935723,nm,nm
line,overlay,sdt3-homo,sdt3-homo,rmsf,92281da5,92281da5::RMSF,sdt3-homo / RMSF,RMSF,Residue,197,0.15398434,nm,nm
line,overlay,sdt3-homo,sdt3-homo,rmsf,92281da5,92281da5::RMSF,sdt3-homo / RMSF,RMSF,Residue,198,0.1719291,nm,nm
line,overlay,sdt3-homo,sdt3-homo,rmsf,92281da5,92281da5::RMSF,sdt3-homo / RMSF,RMSF,Residue,199,0.15777162,nm,nm
line,overlay,sdt3-homo,sdt3-homo,rmsf,92281da5,92281da5::RMSF,sdt3-homo / RMSF,RMSF,Residue,200,0.13209258,nm,nm
line,overlay,sdt3-homo,sdt3-homo,rmsf,92281da5,92281da5::RMSF,sdt3-homo / RMSF,RMSF,Residue,201,0.12941521,nm,nm
line,overlay,sdt3-homo,sdt3-homo,rmsf,92281da5,92281da5::RMSF,sdt3-homo / RMSF,RMSF,Residue,202,0.124069616,nm,nm
line,overlay,sdt3-homo,sdt3-homo,rmsf,92281da5,92281da5::RMSF,sdt3-homo / RMSF,RMSF,Residue,203,0.106790364,nm,nm
line,overlay,sdt3-homo,sdt3-homo,rmsf,92281da5,92281da5::RMSF,sdt3-homo / RMSF,RMSF,Residue,204,0.09400301,nm,nm
line,overlay,sdt3-homo,sdt3-homo,rmsf,92281da5,92281da5::RMSF,sdt3-homo / RMSF,RMSF,Residue,205,0.09202852,nm,nm
line,overlay,sdt3-homo,sdt3-homo,rmsf,92281da5,92281da5::RMSF,sdt3-homo / RMSF,RMSF,Residue,206,0.08472737,nm,nm
line,overlay,sdt3-homo,sdt3-homo,rmsf,92281da5,92281da5::RMSF,sdt3-homo / RMSF,RMSF,Residue,207,0.06897337,nm,nm
line,overlay,sdt3-homo,sdt3-homo,rmsf,92281da5,92281da5::RMSF,sdt3-homo / RMSF,RMSF,Residue,208,0.065434754,nm,nm
line,overlay,sdt3-homo,sdt3-homo,rmsf,92281da5,92281da5::RMSF,sdt3-homo / RMSF,RMSF,Residue,209,0.090601526,nm,nm
line,overlay,sdt3-homo,sdt3-homo,rmsf,92281da5,92281da5::RMSF,sdt3-homo / RMSF,RMSF,Residue,210,0.06986674,nm,nm
line,overlay,sdt3-homo,sdt3-homo,rmsf,92281da5,92281da5::RMSF,sdt3-homo / RMSF,RMSF,Residue,211,0.05397974,nm,nm
line,overlay,sdt3-homo,sdt3-homo,rmsf,92281da5,92281da5::RMSF,sdt3-homo / RMSF,RMSF,Residue,212,0.055406637,nm,nm
line,overlay,sdt3-homo,sdt3-homo,rmsf,92281da5,92281da5::RMSF,sdt3-homo / RMSF,RMSF,Residue,213,0.058485165,nm,nm
line,overlay,sdt3-homo,sdt3-homo,rmsf,92281da5,92281da5::RMSF,sdt3-homo / RMSF,RMSF,Residue,214,0.050002202,nm,nm
line,overlay,sdt3-homo,sdt3-homo,rmsf,92281da5,92281da5::RMSF,sdt3-homo / RMSF,RMSF,Residue,215,0.047204737,nm,nm
line,overlay,sdt3-homo,sdt3-homo,rmsf,92281da5,92281da5::RMSF,sdt3-homo / RMSF,RMSF,Residue,216,0.046552513,nm,nm
line,overlay,sdt3-homo,sdt3-homo,rmsf,92281da5,92281da5::RMSF,sdt3-homo / RMSF,RMSF,Residue,217,0.044056576,nm,nm
line,overlay,sdt3-homo,sdt3-homo,rmsf,92281da5,92281da5::RMSF,sdt3-homo / RMSF,RMSF,Residue,218,0.047629587,nm,nm
line,overlay,sdt3-homo,sdt3-homo,rmsf,92281da5,92281da5::RMSF,sdt3-homo / RMSF,RMSF,Residue,219,0.049348388,nm,nm
line,overlay,sdt3-homo,sdt3-homo,rmsf,92281da5,92281da5::RMSF,sdt3-homo / RMSF,RMSF,Residue,220,0.055165134,nm,nm
line,overlay,sdt3-homo,sdt3-homo,rmsf,92281da5,92281da5::RMSF,sdt3-homo / RMSF,RMSF,Residue,221,0.06266376,nm,nm
line,overlay,sdt3-homo,sdt3-homo,rmsf,92281da5,92281da5::RMSF,sdt3-homo / RMSF,RMSF,Residue,222,0.05753862,nm,nm
line,overlay,sdt3-homo,sdt3-homo,rmsf,92281da5,92281da5::RMSF,sdt3-homo / RMSF,RMSF,Residue,223,0.05729336,nm,nm
line,overlay,sdt3-homo,sdt3-homo,rmsf,92281da5,92281da5::RMSF,sdt3-homo / RMSF,RMSF,Residue,224,0.06597311,nm,nm
line,overlay,sdt3-homo,sdt3-homo,rmsf,92281da5,92281da5::RMSF,sdt3-homo / RMSF,RMSF,Residue,225,0.07225878,nm,nm
line,overlay,sdt3-homo,sdt3-homo,rmsf,92281da5,92281da5::RMSF,sdt3-homo / RMSF,RMSF,Residue,226,0.06692369,nm,nm
line,overlay,sdt3-homo,sdt3-homo,rmsf,92281da5,92281da5::RMSF,sdt3-homo / RMSF,RMSF,Residue,227,0.062100407,nm,nm
line,overlay,sdt3-homo,sdt3-homo,rmsf,92281da5,92281da5::RMSF,sdt3-homo / RMSF,RMSF,Residue,228,0.07207934,nm,nm
line,overlay,sdt3-homo,sdt3-homo,rmsf,92281da5,92281da5::RMSF,sdt3-homo / RMSF,RMSF,Residue,229,0.078973986,nm,nm
line,overlay,sdt3-homo,sdt3-homo,rmsf,92281da5,92281da5::RMSF,sdt3-homo / RMSF,RMSF,Residue,230,0.071022056,nm,nm
line,overlay,sdt3-homo,sdt3-homo,rmsf,92281da5,92281da5::RMSF,sdt3-homo / RMSF,RMSF,Residue,231,0.073710084,nm,nm
line,overlay,sdt3-homo,sdt3-homo,rmsf,92281da5,92281da5::RMSF,sdt3-homo / RMSF,RMSF,Residue,232,0.092065915,nm,nm
line,overlay,sdt3-homo,sdt3-homo,rmsf,92281da5,92281da5::RMSF,sdt3-homo / RMSF,RMSF,Residue,233,0.103160486,nm,nm
line,overlay,sdt3-homo,sdt3-homo,rmsf,92281da5,92281da5::RMSF,sdt3-homo / RMSF,RMSF,Residue,234,0.095291585,nm,nm
line,overlay,sdt3-homo,sdt3-homo,rmsf,92281da5,92281da5::RMSF,sdt3-homo / RMSF,RMSF,Residue,235,0.09160255,nm,nm
line,overlay,sdt3-homo,sdt3-homo,rmsf,92281da5,92281da5::RMSF,sdt3-homo / RMSF,RMSF,Residue,236,0.07378631,nm,nm
line,overlay,sdt3-homo,sdt3-homo,rmsf,92281da5,92281da5::RMSF,sdt3-homo / RMSF,RMSF,Residue,237,0.07153466,nm,nm
line,overlay,sdt3-homo,sdt3-homo,rmsf,92281da5,92281da5::RMSF,sdt3-homo / RMSF,RMSF,Residue,238,0.05839087,nm,nm
line,overlay,sdt3-homo,sdt3-homo,rmsf,92281da5,92281da5::RMSF,sdt3-homo / RMSF,RMSF,Residue,239,0.05284593,nm,nm
line,overlay,sdt3-homo,sdt3-homo,rmsf,92281da5,92281da5::RMSF,sdt3-homo / RMSF,RMSF,Residue,240,0.055584654,nm,nm
line,overlay,sdt3-homo,sdt3-homo,rmsf,92281da5,92281da5::RMSF,sdt3-homo / RMSF,RMSF,Residue,241,0.052375756,nm,nm
line,overlay,sdt3-homo,sdt3-homo,rmsf,92281da5,92281da5::RMSF,sdt3-homo / RMSF,RMSF,Residue,242,0.051506918,nm,nm
line,overlay,sdt3-homo,sdt3-homo,rmsf,92281da5,92281da5::RMSF,sdt3-homo / RMSF,RMSF,Residue,243,0.047145203,nm,nm
line,overlay,sdt3-homo,sdt3-homo,rmsf,92281da5,92281da5::RMSF,sdt3-homo / RMSF,RMSF,Residue,244,0.05057208,nm,nm
line,overlay,sdt3-homo,sdt3-homo,rmsf,92281da5,92281da5::RMSF,sdt3-homo / RMSF,RMSF,Residue,245,0.053627998,nm,nm
line,overlay,sdt3-homo,sdt3-homo,rmsf,92281da5,92281da5::RMSF,sdt3-homo / RMSF,RMSF,Residue,246,0.068956755,nm,nm
line,overlay,sdt3-homo,sdt3-homo,rmsf,92281da5,92281da5::RMSF,sdt3-homo / RMSF,RMSF,Residue,247,0.07652272,nm,nm
line,overlay,sdt3-homo,sdt3-homo,rmsf,92281da5,92281da5::RMSF,sdt3-homo / RMSF,RMSF,Residue,248,0.08892184,nm,nm
line,overlay,sdt3-homo,sdt3-homo,rmsf,92281da5,92281da5::RMSF,sdt3-homo / RMSF,RMSF,Residue,249,0.11272174,nm,nm
line,overlay,sdt3-homo,sdt3-homo,rmsf,92281da5,92281da5::RMSF,sdt3-homo / RMSF,RMSF,Residue,250,0.10201585,nm,nm
line,overlay,sdt3-homo,sdt3-homo,rmsf,92281da5,92281da5::RMSF,sdt3-homo / RMSF,RMSF,Residue,251,0.09257573,nm,nm
line,overlay,sdt3-homo,sdt3-homo,rmsf,92281da5,92281da5::RMSF,sdt3-homo / RMSF,RMSF,Residue,252,0.094744615,nm,nm
line,overlay,sdt3-homo,sdt3-homo,rmsf,92281da5,92281da5::RMSF,sdt3-homo / RMSF,RMSF,Residue,253,0.08226371,nm,nm
line,overlay,sdt3-homo,sdt3-homo,rmsf,92281da5,92281da5::RMSF,sdt3-homo / RMSF,RMSF,Residue,254,0.07201053,nm,nm
line,overlay,sdt3-homo,sdt3-homo,rmsf,92281da5,92281da5::RMSF,sdt3-homo / RMSF,RMSF,Residue,255,0.08037318,nm,nm
line,overlay,sdt3-homo,sdt3-homo,rmsf,92281da5,92281da5::RMSF,sdt3-homo / RMSF,RMSF,Residue,256,0.07757558,nm,nm
line,overlay,sdt3-homo,sdt3-homo,rmsf,92281da5,92281da5::RMSF,sdt3-homo / RMSF,RMSF,Residue,257,0.07162786,nm,nm
line,overlay,sdt3-homo,sdt3-homo,rmsf,92281da5,92281da5::RMSF,sdt3-homo / RMSF,RMSF,Residue,258,0.077922344,nm,nm
line,overlay,sdt3-homo,sdt3-homo,rmsf,92281da5,92281da5::RMSF,sdt3-homo / RMSF,RMSF,Residue,259,0.10180413,nm,nm
line,overlay,sdt3-homo,sdt3-homo,rmsf,92281da5,92281da5::RMSF,sdt3-homo / RMSF,RMSF,Residue,260,0.093076535,nm,nm
line,overlay,sdt3-homo,sdt3-homo,rmsf,92281da5,92281da5::RMSF,sdt3-homo / RMSF,RMSF,Residue,261,0.07842316,nm,nm
line,overlay,sdt3-homo,sdt3-homo,rmsf,92281da5,92281da5::RMSF,sdt3-homo / RMSF,RMSF,Residue,262,0.078541234,nm,nm
line,overlay,sdt3-homo,sdt3-homo,rmsf,92281da5,92281da5::RMSF,sdt3-homo / RMSF,RMSF,Residue,263,0.08364643,nm,nm
line,overlay,sdt3-homo,sdt3-homo,rmsf,92281da5,92281da5::RMSF,sdt3-homo / RMSF,RMSF,Residue,264,0.093102515,nm,nm
line,overlay,sdt3-homo,sdt3-homo,rmsf,92281da5,92281da5::RMSF,sdt3-homo / RMSF,RMSF,Residue,265,0.08847439,nm,nm
line,overlay,sdt3-homo,sdt3-homo,rmsf,92281da5,92281da5::RMSF,sdt3-homo / RMSF,RMSF,Residue,266,0.101946756,nm,nm
line,overlay,sdt3-homo,sdt3-homo,rmsf,92281da5,92281da5::RMSF,sdt3-homo / RMSF,RMSF,Residue,267,0.09189322,nm,nm
line,overlay,sdt3-homo,sdt3-homo,rmsf,92281da5,92281da5::RMSF,sdt3-homo / RMSF,RMSF,Residue,268,0.076633155,nm,nm
line,overlay,sdt3-homo,sdt3-homo,rmsf,92281da5,92281da5::RMSF,sdt3-homo / RMSF,RMSF,Residue,269,0.08166801,nm,nm
line,overlay,sdt3-homo,sdt3-homo,rmsf,92281da5,92281da5::RMSF,sdt3-homo / RMSF,RMSF,Residue,270,0.085622765,nm,nm
line,overlay,sdt3-homo,sdt3-homo,rmsf,92281da5,92281da5::RMSF,sdt3-homo / RMSF,RMSF,Residue,271,0.07487769,nm,nm
line,overlay,sdt3-homo,sdt3-homo,rmsf,92281da5,92281da5::RMSF,sdt3-homo / RMSF,RMSF,Residue,272,0.07057232,nm,nm
line,overlay,sdt3-homo,sdt3-homo,rmsf,92281da5,92281da5::RMSF,sdt3-homo / RMSF,RMSF,Residue,273,0.08104112,nm,nm
line,overlay,sdt3-homo,sdt3-homo,rmsf,92281da5,92281da5::RMSF,sdt3-homo / RMSF,RMSF,Residue,274,0.08928036,nm,nm
line,overlay,sdt3-homo,sdt3-homo,rmsf,92281da5,92281da5::RMSF,sdt3-homo / RMSF,RMSF,Residue,275,0.080673955,nm,nm
line,overlay,sdt3-homo,sdt3-homo,rmsf,92281da5,92281da5::RMSF,sdt3-homo / RMSF,RMSF,Residue,276,0.08612427,nm,nm
line,overlay,sdt3-homo,sdt3-homo,rmsf,92281da5,92281da5::RMSF,sdt3-homo / RMSF,RMSF,Residue,277,0.07839618,nm,nm
line,overlay,sdt3-homo,sdt3-homo,rmsf,92281da5,92281da5::RMSF,sdt3-homo / RMSF,RMSF,Residue,278,0.068294294,nm,nm
line,overlay,sdt3-homo,sdt3-homo,rmsf,92281da5,92281da5::RMSF,sdt3-homo / RMSF,RMSF,Residue,279,0.067566656,nm,nm
line,overlay,sdt3-homo,sdt3-homo,rmsf,92281da5,92281da5::RMSF,sdt3-homo / RMSF,RMSF,Residue,280,0.05160639,nm,nm
line,overlay,sdt3-homo,sdt3-homo,rmsf,92281da5,92281da5::RMSF,sdt3-homo / RMSF,RMSF,Residue,281,0.043519124,nm,nm
line,overlay,sdt3-homo,sdt3-homo,rmsf,92281da5,92281da5::RMSF,sdt3-homo / RMSF,RMSF,Residue,282,0.040423784,nm,nm
line,overlay,sdt3-homo,sdt3-homo,rmsf,92281da5,92281da5::RMSF,sdt3-homo / RMSF,RMSF,Residue,283,0.04017113,nm,nm
line,overlay,sdt3-homo,sdt3-homo,rmsf,92281da5,92281da5::RMSF,sdt3-homo / RMSF,RMSF,Residue,284,0.04691825,nm,nm
line,overlay,sdt3-homo,sdt3-homo,rmsf,92281da5,92281da5::RMSF,sdt3-homo / RMSF,RMSF,Residue,285,0.0558111,nm,nm
line,overlay,sdt3-homo,sdt3-homo,rmsf,92281da5,92281da5::RMSF,sdt3-homo / RMSF,RMSF,Residue,286,0.075510375,nm,nm
line,overlay,sdt3-homo,sdt3-homo,rmsf,92281da5,92281da5::RMSF,sdt3-homo / RMSF,RMSF,Residue,287,0.10745323,nm,nm
line,overlay,sdt3-homo,sdt3-homo,rmsf,92281da5,92281da5::RMSF,sdt3-homo / RMSF,RMSF,Residue,288,0.117804386,nm,nm
line,overlay,sdt3-homo,sdt3-homo,rmsf,92281da5,92281da5::RMSF,sdt3-homo / RMSF,RMSF,Residue,289,0.08728994,nm,nm
line,overlay,sdt3-homo,sdt3-homo,rmsf,92281da5,92281da5::RMSF,sdt3-homo / RMSF,RMSF,Residue,290,0.09276443,nm,nm
line,overlay,sdt3-homo,sdt3-homo,rmsf,92281da5,92281da5::RMSF,sdt3-homo / RMSF,RMSF,Residue,291,0.080403835,nm,nm
line,overlay,sdt3-homo,sdt3-homo,rmsf,92281da5,92281da5::RMSF,sdt3-homo / RMSF,RMSF,Residue,292,0.083924524,nm,nm
line,overlay,sdt3-homo,sdt3-homo,rmsf,92281da5,92281da5::RMSF,sdt3-homo / RMSF,RMSF,Residue,293,0.09173663,nm,nm
line,overlay,sdt3-homo,sdt3-homo,rmsf,92281da5,92281da5::RMSF,sdt3-homo / RMSF,RMSF,Residue,294,0.088336565,nm,nm
line,overlay,sdt3-homo,sdt3-homo,rmsf,92281da5,92281da5::RMSF,sdt3-homo / RMSF,RMSF,Residue,295,0.07171417,nm,nm
line,overlay,sdt3-homo,sdt3-homo,rmsf,92281da5,92281da5::RMSF,sdt3-homo / RMSF,RMSF,Residue,296,0.07101402,nm,nm
line,overlay,sdt3-homo,sdt3-homo,rmsf,92281da5,92281da5::RMSF,sdt3-homo / RMSF,RMSF,Residue,297,0.07737482,nm,nm
line,overlay,sdt3-homo,sdt3-homo,rmsf,92281da5,92281da5::RMSF,sdt3-homo / RMSF,RMSF,Residue,298,0.070448935,nm,nm
line,overlay,sdt3-homo,sdt3-homo,rmsf,92281da5,92281da5::RMSF,sdt3-homo / RMSF,RMSF,Residue,299,0.061990637,nm,nm
line,overlay,sdt3-homo,sdt3-homo,rmsf,92281da5,92281da5::RMSF,sdt3-homo / RMSF,RMSF,Residue,300,0.06780164,nm,nm
line,overlay,sdt3-homo,sdt3-homo,rmsf,92281da5,92281da5::RMSF,sdt3-homo / RMSF,RMSF,Residue,301,0.07475039,nm,nm
line,overlay,sdt3-homo,sdt3-homo,rmsf,92281da5,92281da5::RMSF,sdt3-homo / RMSF,RMSF,Residue,302,0.0695738,nm,nm
line,overlay,sdt3-homo,sdt3-homo,rmsf,92281da5,92281da5::RMSF,sdt3-homo / RMSF,RMSF,Residue,303,0.07157201,nm,nm
line,overlay,sdt3-homo,sdt3-homo,rmsf,92281da5,92281da5::RMSF,sdt3-homo / RMSF,RMSF,Residue,304,0.0842454,nm,nm
line,overlay,sdt3-homo,sdt3-homo,rmsf,92281da5,92281da5::RMSF,sdt3-homo / RMSF,RMSF,Residue,305,0.08899352,nm,nm
line,overlay,sdt3-homo,sdt3-homo,rmsf,92281da5,92281da5::RMSF,sdt3-homo / RMSF,RMSF,Residue,306,0.098271586,nm,nm
line,overlay,sdt3-homo,sdt3-homo,rmsf,92281da5,92281da5::RMSF,sdt3-homo / RMSF,RMSF,Residue,307,0.08669893,nm,nm
line,overlay,sdt3-homo,sdt3-homo,rmsf,92281da5,92281da5::RMSF,sdt3-homo / RMSF,RMSF,Residue,308,0.068320215,nm,nm
line,overlay,sdt3-homo,sdt3-homo,rmsf,92281da5,92281da5::RMSF,sdt3-homo / RMSF,RMSF,Residue,309,0.059302192,nm,nm
line,overlay,sdt3-homo,sdt3-homo,rmsf,92281da5,92281da5::RMSF,sdt3-homo / RMSF,RMSF,Residue,310,0.054080892,nm,nm
line,overlay,sdt3-homo,sdt3-homo,rmsf,92281da5,92281da5::RMSF,sdt3-homo / RMSF,RMSF,Residue,311,0.05312081,nm,nm
line,overlay,sdt3-homo,sdt3-homo,rmsf,92281da5,92281da5::RMSF,sdt3-homo / RMSF,RMSF,Residue,312,0.049505536,nm,nm
line,overlay,sdt3-homo,sdt3-homo,rmsf,92281da5,92281da5::RMSF,sdt3-homo / RMSF,RMSF,Residue,313,0.056332063,nm,nm
line,overlay,sdt3-homo,sdt3-homo,rmsf,92281da5,92281da5::RMSF,sdt3-homo / RMSF,RMSF,Residue,314,0.07156793,nm,nm
line,overlay,sdt3-homo,sdt3-homo,rmsf,92281da5,92281da5::RMSF,sdt3-homo / RMSF,RMSF,Residue,315,0.090436794,nm,nm
line,overlay,sdt3-homo,sdt3-homo,rmsf,92281da5,92281da5::RMSF,sdt3-homo / RMSF,RMSF,Residue,316,0.13468866,nm,nm
line,overlay,sdt3-homo,sdt3-homo,rmsf,92281da5,92281da5::RMSF,sdt3-homo / RMSF,RMSF,Residue,317,0.13672967,nm,nm
line,overlay,sdt3-homo,sdt3-homo,rmsf,92281da5,92281da5::RMSF,sdt3-homo / RMSF,RMSF,Residue,318,0.14989184,nm,nm
line,overlay,sdt3-homo,sdt3-homo,rmsf,92281da5,92281da5::RMSF,sdt3-homo / RMSF,RMSF,Residue,319,0.21451128,nm,nm
line,overlay,sdt3-homo,sdt3-homo,rmsf,92281da5,92281da5::RMSF,sdt3-homo / RMSF,RMSF,Residue,320,0.2047793,nm,nm
line,overlay,sdt3-homo,sdt3-homo,rmsf,92281da5,92281da5::RMSF,sdt3-homo / RMSF,RMSF,Residue,321,0.16212553,nm,nm
line,overlay,sdt3-homo,sdt3-homo,rmsf,92281da5,92281da5::RMSF,sdt3-homo / RMSF,RMSF,Residue,322,0.13735165,nm,nm
line,overlay,sdt3-homo,sdt3-homo,rmsf,92281da5,92281da5::RMSF,sdt3-homo / RMSF,RMSF,Residue,323,0.1015784,nm,nm
line,overlay,sdt3-homo,sdt3-homo,rmsf,92281da5,92281da5::RMSF,sdt3-homo / RMSF,RMSF,Residue,324,0.09197277,nm,nm
line,overlay,sdt3-homo,sdt3-homo,rmsf,92281da5,92281da5::RMSF,sdt3-homo / RMSF,RMSF,Residue,325,0.09626147,nm,nm
line,overlay,sdt3-homo,sdt3-homo,rmsf,92281da5,92281da5::RMSF,sdt3-homo / RMSF,RMSF,Residue,326,0.10788463,nm,nm
line,overlay,sdt3-homo,sdt3-homo,rmsf,92281da5,92281da5::RMSF,sdt3-homo / RMSF,RMSF,Residue,327,0.10544253,nm,nm
line,overlay,sdt3-homo,sdt3-homo,rmsf,92281da5,92281da5::RMSF,sdt3-homo / RMSF,RMSF,Residue,328,0.08633093,nm,nm
line,overlay,sdt3-homo,sdt3-homo,rmsf,92281da5,92281da5::RMSF,sdt3-homo / RMSF,RMSF,Residue,329,0.08925813,nm,nm
line,overlay,sdt3-homo,sdt3-homo,rmsf,92281da5,92281da5::RMSF,sdt3-homo / RMSF,RMSF,Residue,330,0.105224736,nm,nm
line,overlay,sdt3-homo,sdt3-homo,rmsf,92281da5,92281da5::RMSF,sdt3-homo / RMSF,RMSF,Residue,331,0.10821163,nm,nm
line,overlay,sdt3-homo,sdt3-homo,rmsf,92281da5,92281da5::RMSF,sdt3-homo / RMSF,RMSF,Residue,332,0.08847888,nm,nm
line,overlay,sdt3-homo,sdt3-homo,rmsf,92281da5,92281da5::RMSF,sdt3-homo / RMSF,RMSF,Residue,333,0.101824865,nm,nm
line,overlay,sdt3-homo,sdt3-homo,rmsf,92281da5,92281da5::RMSF,sdt3-homo / RMSF,RMSF,Residue,334,0.1085599,nm,nm
line,overlay,sdt3-homo,sdt3-homo,rmsf,92281da5,92281da5::RMSF,sdt3-homo / RMSF,RMSF,Residue,335,0.079320945,nm,nm
line,overlay,sdt3-homo,sdt3-homo,rmsf,92281da5,92281da5::RMSF,sdt3-homo / RMSF,RMSF,Residue,336,0.069737844,nm,nm
line,overlay,sdt3-homo,sdt3-homo,rmsf,92281da5,92281da5::RMSF,sdt3-homo / RMSF,RMSF,Residue,337,0.0719818,nm,nm
line,overlay,sdt3-homo,sdt3-homo,rmsf,92281da5,92281da5::RMSF,sdt3-homo / RMSF,RMSF,Residue,338,0.06804454,nm,nm
line,overlay,sdt3-homo,sdt3-homo,rmsf,92281da5,92281da5::RMSF,sdt3-homo / RMSF,RMSF,Residue,339,0.06586601,nm,nm
line,overlay,sdt3-homo,sdt3-homo,rmsf,92281da5,92281da5::RMSF,sdt3-homo / RMSF,RMSF,Residue,340,0.07265619,nm,nm
line,overlay,sdt3-homo,sdt3-homo,rmsf,92281da5,92281da5::RMSF,sdt3-homo / RMSF,RMSF,Residue,341,0.08117016,nm,nm
line,overlay,sdt3-homo,sdt3-homo,rmsf,92281da5,92281da5::RMSF,sdt3-homo / RMSF,RMSF,Residue,342,0.07022683,nm,nm
line,overlay,sdt3-homo,sdt3-homo,rmsf,92281da5,92281da5::RMSF,sdt3-homo / RMSF,RMSF,Residue,343,0.06364425,nm,nm
line,overlay,sdt3-homo,sdt3-homo,rmsf,92281da5,92281da5::RMSF,sdt3-homo / RMSF,RMSF,Residue,344,0.053898633,nm,nm
line,overlay,sdt3-homo,sdt3-homo,rmsf,92281da5,92281da5::RMSF,sdt3-homo / RMSF,RMSF,Residue,345,0.045811415,nm,nm
line,overlay,sdt3-homo,sdt3-homo,rmsf,92281da5,92281da5::RMSF,sdt3-homo / RMSF,RMSF,Residue,346,0.04993858,nm,nm
line,overlay,sdt3-homo,sdt3-homo,rmsf,92281da5,92281da5::RMSF,sdt3-homo / RMSF,RMSF,Residue,347,0.054427728,nm,nm
line,overlay,sdt3-homo,sdt3-homo,rmsf,92281da5,92281da5::RMSF,sdt3-homo / RMSF,RMSF,Residue,348,0.0482008,nm,nm
line,overlay,sdt3-homo,sdt3-homo,rmsf,92281da5,92281da5::RMSF,sdt3-homo / RMSF,RMSF,Residue,349,0.0512403,nm,nm
line,overlay,sdt3-homo,sdt3-homo,rmsf,92281da5,92281da5::RMSF,sdt3-homo / RMSF,RMSF,Residue,350,0.06493242,nm,nm
line,overlay,sdt3-homo,sdt3-homo,rmsf,92281da5,92281da5::RMSF,sdt3-homo / RMSF,RMSF,Residue,351,0.06236711,nm,nm
line,overlay,sdt3-homo,sdt3-homo,rmsf,92281da5,92281da5::RMSF,sdt3-homo / RMSF,RMSF,Residue,352,0.07008579,nm,nm
line,overlay,sdt3-homo,sdt3-homo,rmsf,92281da5,92281da5::RMSF,sdt3-homo / RMSF,RMSF,Residue,353,0.059904125,nm,nm
line,overlay,sdt3-homo,sdt3-homo,rmsf,92281da5,92281da5::RMSF,sdt3-homo / RMSF,RMSF,Residue,354,0.04941791,nm,nm
line,overlay,sdt3-homo,sdt3-homo,rmsf,92281da5,92281da5::RMSF,sdt3-homo / RMSF,RMSF,Residue,355,0.053307094,nm,nm
line,overlay,sdt3-homo,sdt3-homo,rmsf,92281da5,92281da5::RMSF,sdt3-homo / RMSF,RMSF,Residue,356,0.04612242,nm,nm
line,overlay,sdt3-homo,sdt3-homo,rmsf,92281da5,92281da5::RMSF,sdt3-homo / RMSF,RMSF,Residue,357,0.0391296,nm,nm
line,overlay,sdt3-homo,sdt3-homo,rmsf,92281da5,92281da5::RMSF,sdt3-homo / RMSF,RMSF,Residue,358,0.039354,nm,nm
line,overlay,sdt3-homo,sdt3-homo,rmsf,92281da5,92281da5::RMSF,sdt3-homo / RMSF,RMSF,Residue,359,0.04287466,nm,nm
line,overlay,sdt3-homo,sdt3-homo,rmsf,92281da5,92281da5::RMSF,sdt3-homo / RMSF,RMSF,Residue,360,0.04331474,nm,nm
line,overlay,sdt3-homo,sdt3-homo,rmsf,92281da5,92281da5::RMSF,sdt3-homo / RMSF,RMSF,Residue,361,0.045291178,nm,nm
line,overlay,sdt3-homo,sdt3-homo,rmsf,92281da5,92281da5::RMSF,sdt3-homo / RMSF,RMSF,Residue,362,0.044973817,nm,nm
line,overlay,sdt3-homo,sdt3-homo,rmsf,92281da5,92281da5::RMSF,sdt3-homo / RMSF,RMSF,Residue,363,0.04004073,nm,nm
line,overlay,sdt3-homo,sdt3-homo,rmsf,92281da5,92281da5::RMSF,sdt3-homo / RMSF,RMSF,Residue,364,0.03930654,nm,nm
line,overlay,sdt3-homo,sdt3-homo,rmsf,92281da5,92281da5::RMSF,sdt3-homo / RMSF,RMSF,Residue,365,0.039626323,nm,nm
line,overlay,sdt3-homo,sdt3-homo,rmsf,92281da5,92281da5::RMSF,sdt3-homo / RMSF,RMSF,Residue,366,0.043794524,nm,nm
line,overlay,sdt3-homo,sdt3-homo,rmsf,92281da5,92281da5::RMSF,sdt3-homo / RMSF,RMSF,Residue,367,0.048386257,nm,nm
line,overlay,sdt3-homo,sdt3-homo,rmsf,92281da5,92281da5::RMSF,sdt3-homo / RMSF,RMSF,Residue,368,0.046953324,nm,nm
line,overlay,sdt3-homo,sdt3-homo,rmsf,92281da5,92281da5::RMSF,sdt3-homo / RMSF,RMSF,Residue,369,0.04634672,nm,nm
line,overlay,sdt3-homo,sdt3-homo,rmsf,92281da5,92281da5::RMSF,sdt3-homo / RMSF,RMSF,Residue,370,0.045407742,nm,nm
line,overlay,sdt3-homo,sdt3-homo,rmsf,92281da5,92281da5::RMSF,sdt3-homo / RMSF,RMSF,Residue,371,0.054605134,nm,nm
line,overlay,sdt3-homo,sdt3-homo,rmsf,92281da5,92281da5::RMSF,sdt3-homo / RMSF,RMSF,Residue,372,0.05543485,nm,nm
line,overlay,sdt3-homo,sdt3-homo,rmsf,92281da5,92281da5::RMSF,sdt3-homo / RMSF,RMSF,Residue,373,0.0512716,nm,nm
line,overlay,sdt3-homo,sdt3-homo,rmsf,92281da5,92281da5::RMSF,sdt3-homo / RMSF,RMSF,Residue,374,0.043625128,nm,nm
line,overlay,sdt3-homo,sdt3-homo,rmsf,92281da5,92281da5::RMSF,sdt3-homo / RMSF,RMSF,Residue,375,0.045254007,nm,nm
line,overlay,sdt3-homo,sdt3-homo,rmsf,92281da5,92281da5::RMSF,sdt3-homo / RMSF,RMSF,Residue,376,0.045344017,nm,nm
line,overlay,sdt3-homo,sdt3-homo,rmsf,92281da5,92281da5::RMSF,sdt3-homo / RMSF,RMSF,Residue,377,0.040865414,nm,nm
line,overlay,sdt3-homo,sdt3-homo,rmsf,92281da5,92281da5::RMSF,sdt3-homo / RMSF,RMSF,Residue,378,0.041957665,nm,nm
line,overlay,sdt3-homo,sdt3-homo,rmsf,92281da5,92281da5::RMSF,sdt3-homo / RMSF,RMSF,Residue,379,0.04575018,nm,nm
line,overlay,sdt3-homo,sdt3-homo,rmsf,92281da5,92281da5::RMSF,sdt3-homo / RMSF,RMSF,Residue,380,0.047293127,nm,nm
line,overlay,sdt3-homo,sdt3-homo,rmsf,92281da5,92281da5::RMSF,sdt3-homo / RMSF,RMSF,Residue,381,0.06223517,nm,nm
line,overlay,sdt3-homo,sdt3-homo,rmsf,92281da5,92281da5::RMSF,sdt3-homo / RMSF,RMSF,Residue,382,0.06898784,nm,nm
line,overlay,sdt3-homo,sdt3-homo,rmsf,92281da5,92281da5::RMSF,sdt3-homo / RMSF,RMSF,Residue,383,0.07836674,nm,nm
line,overlay,sdt3-homo,sdt3-homo,rmsf,92281da5,92281da5::RMSF,sdt3-homo / RMSF,RMSF,Residue,384,0.06000081,nm,nm
line,overlay,sdt3-homo,sdt3-homo,rmsf,92281da5,92281da5::RMSF,sdt3-homo / RMSF,RMSF,Residue,385,0.047308885,nm,nm
line,overlay,sdt3-homo,sdt3-homo,rmsf,92281da5,92281da5::RMSF,sdt3-homo / RMSF,RMSF,Residue,386,0.050023686,nm,nm
line,overlay,sdt3-homo,sdt3-homo,rmsf,92281da5,92281da5::RMSF,sdt3-homo / RMSF,RMSF,Residue,387,0.04739056,nm,nm
line,overlay,sdt3-homo,sdt3-homo,rmsf,92281da5,92281da5::RMSF,sdt3-homo / RMSF,RMSF,Residue,388,0.04251682,nm,nm
line,overlay,sdt3-homo,sdt3-homo,rmsf,92281da5,92281da5::RMSF,sdt3-homo / RMSF,RMSF,Residue,389,0.04160547,nm,nm
line,overlay,sdt3-homo,sdt3-homo,rmsf,92281da5,92281da5::RMSF,sdt3-homo / RMSF,RMSF,Residue,390,0.04471579,nm,nm
line,overlay,sdt3-homo,sdt3-homo,rmsf,92281da5,92281da5::RMSF,sdt3-homo / RMSF,RMSF,Residue,391,0.043467596,nm,nm
line,overlay,sdt3-homo,sdt3-homo,rmsf,92281da5,92281da5::RMSF,sdt3-homo / RMSF,RMSF,Residue,392,0.041867487,nm,nm
line,overlay,sdt3-homo,sdt3-homo,rmsf,92281da5,92281da5::RMSF,sdt3-homo / RMSF,RMSF,Residue,393,0.048496217,nm,nm
line,overlay,sdt3-homo,sdt3-homo,rmsf,92281da5,92281da5::RMSF,sdt3-homo / RMSF,RMSF,Residue,394,0.059094526,nm,nm
line,overlay,sdt3-homo,sdt3-homo,rmsf,92281da5,92281da5::RMSF,sdt3-homo / RMSF,RMSF,Residue,395,0.055522345,nm,nm
line,overlay,sdt3-homo,sdt3-homo,rmsf,92281da5,92281da5::RMSF,sdt3-homo / RMSF,RMSF,Residue,396,0.052197903,nm,nm
line,overlay,sdt3-homo,sdt3-homo,rmsf,92281da5,92281da5::RMSF,sdt3-homo / RMSF,RMSF,Residue,397,0.050664064,nm,nm
line,overlay,sdt3-homo,sdt3-homo,rmsf,92281da5,92281da5::RMSF,sdt3-homo / RMSF,RMSF,Residue,398,0.0463628,nm,nm
line,overlay,sdt3-homo,sdt3-homo,rmsf,92281da5,92281da5::RMSF,sdt3-homo / RMSF,RMSF,Residue,399,0.049941756,nm,nm
line,overlay,sdt3-homo,sdt3-homo,rmsf,92281da5,92281da5::RMSF,sdt3-homo / RMSF,RMSF,Residue,400,0.050877143,nm,nm
line,overlay,sdt3-homo,sdt3-homo,rmsf,92281da5,92281da5::RMSF,sdt3-homo / RMSF,RMSF,Residue,401,0.050661277,nm,nm
line,overlay,sdt3-homo,sdt3-homo,rmsf,92281da5,92281da5::RMSF,sdt3-homo / RMSF,RMSF,Residue,402,0.0573274,nm,nm
line,overlay,sdt3-homo,sdt3-homo,rmsf,92281da5,92281da5::RMSF,sdt3-homo / RMSF,RMSF,Residue,403,0.065903544,nm,nm
line,overlay,sdt3-homo,sdt3-homo,rmsf,92281da5,92281da5::RMSF,sdt3-homo / RMSF,RMSF,Residue,404,0.065273434,nm,nm
line,overlay,sdt3-homo,sdt3-homo,rmsf,92281da5,92281da5::RMSF,sdt3-homo / RMSF,RMSF,Residue,405,0.11618399,nm,nm
line,overlay,sdt3-homo,sdt3-homo,rmsf,92281da5,92281da5::RMSF,sdt3-homo / RMSF,RMSF,Residue,406,0.09468017,nm,nm
line,overlay,sdt3-homo,sdt3-homo,rmsf,92281da5,92281da5::RMSF,sdt3-homo / RMSF,RMSF,Residue,407,0.07751499,nm,nm
line,overlay,sdt3-homo,sdt3-homo,rmsf,92281da5,92281da5::RMSF,sdt3-homo / RMSF,RMSF,Residue,408,0.08703663,nm,nm
line,overlay,sdt3-homo,sdt3-homo,rmsf,92281da5,92281da5::RMSF,sdt3-homo / RMSF,RMSF,Residue,409,0.15147074,nm,nm
line,overlay,sdt3-homo,sdt3-homo,rmsf,92281da5,92281da5::RMSF,sdt3-homo / RMSF,RMSF,Residue,410,0.13608617,nm,nm
line,overlay,sdt3-homo,sdt3-homo,rmsf,92281da5,92281da5::RMSF,sdt3-homo / RMSF,RMSF,Residue,411,0.116607696,nm,nm
line,overlay,sdt3-homo,sdt3-homo,rmsf,92281da5,92281da5::RMSF,sdt3-homo / RMSF,RMSF,Residue,412,0.08787187,nm,nm
line,overlay,sdt3-homo,sdt3-homo,rmsf,92281da5,92281da5::RMSF,sdt3-homo / RMSF,RMSF,Residue,413,0.081098676,nm,nm
line,overlay,sdt3-homo,sdt3-homo,rmsf,92281da5,92281da5::RMSF,sdt3-homo / RMSF,RMSF,Residue,414,0.09921952,nm,nm
line,overlay,sdt3-homo,sdt3-homo,rmsf,92281da5,92281da5::RMSF,sdt3-homo / RMSF,RMSF,Residue,415,0.0714281,nm,nm
line,overlay,sdt3-homo,sdt3-homo,rmsf,92281da5,92281da5::RMSF,sdt3-homo / RMSF,RMSF,Residue,416,0.07371531,nm,nm
line,overlay,sdt3-homo,sdt3-homo,rmsf,92281da5,92281da5::RMSF,sdt3-homo / RMSF,RMSF,Residue,417,0.068774186,nm,nm
line,overlay,sdt3-homo,sdt3-homo,rmsf,92281da5,92281da5::RMSF,sdt3-homo / RMSF,RMSF,Residue,418,0.07255642,nm,nm
line,overlay,sdt3-homo,sdt3-homo,rmsf,92281da5,92281da5::RMSF,sdt3-homo / RMSF,RMSF,Residue,419,0.06676855,nm,nm
line,overlay,sdt3-homo,sdt3-homo,rmsf,92281da5,92281da5::RMSF,sdt3-homo / RMSF,RMSF,Residue,420,0.059648234,nm,nm
line,overlay,sdt3-homo,sdt3-homo,rmsf,92281da5,92281da5::RMSF,sdt3-homo / RMSF,RMSF,Residue,421,0.063702464,nm,nm
line,overlay,sdt3-homo,sdt3-homo,rmsf,92281da5,92281da5::RMSF,sdt3-homo / RMSF,RMSF,Residue,422,0.066548474,nm,nm
line,overlay,sdt3-homo,sdt3-homo,rmsf,92281da5,92281da5::RMSF,sdt3-homo / RMSF,RMSF,Residue,423,0.059551638,nm,nm
line,overlay,sdt3-homo,sdt3-homo,rmsf,92281da5,92281da5::RMSF,sdt3-homo / RMSF,RMSF,Residue,424,0.058088627,nm,nm
line,overlay,sdt3-homo,sdt3-homo,rmsf,92281da5,92281da5::RMSF,sdt3-homo / RMSF,RMSF,Residue,425,0.06500933,nm,nm
line,overlay,sdt3-homo,sdt3-homo,rmsf,92281da5,92281da5::RMSF,sdt3-homo / RMSF,RMSF,Residue,426,0.06418248,nm,nm
line,overlay,sdt3-homo,sdt3-homo,rmsf,92281da5,92281da5::RMSF,sdt3-homo / RMSF,RMSF,Residue,427,0.058005657,nm,nm
line,overlay,sdt3-homo,sdt3-homo,rmsf,92281da5,92281da5::RMSF,sdt3-homo / RMSF,RMSF,Residue,428,0.06832154,nm,nm
line,overlay,sdt3-homo,sdt3-homo,rmsf,92281da5,92281da5::RMSF,sdt3-homo / RMSF,RMSF,Residue,429,0.124130726,nm,nm
line,overlay,sdt3-homo,sdt3-homo,rmsf,92281da5,92281da5::RMSF,sdt3-homo / RMSF,RMSF,Residue,430,0.2150068,nm,nm
line,overlay,sdt3-homo,sdt3-homo,rmsf,92281da5,92281da5::RMSF,sdt3-homo / RMSF,RMSF,Residue,431,0.17748283,nm,nm
line,overlay,sdt3-homo,sdt3-homo,rmsf,92281da5,92281da5::RMSF,sdt3-homo / RMSF,RMSF,Residue,432,0.10217015,nm,nm
line,overlay,sdt3-homo,sdt3-homo,rmsf,92281da5,92281da5::RMSF,sdt3-homo / RMSF,RMSF,Residue,433,0.08503831,nm,nm
line,overlay,sdt3-homo,sdt3-homo,rmsf,92281da5,92281da5::RMSF,sdt3-homo / RMSF,RMSF,Residue,434,0.087141894,nm,nm
line,overlay,sdt3-homo,sdt3-homo,rmsf,92281da5,92281da5::RMSF,sdt3-homo / RMSF,RMSF,Residue,435,0.07550299,nm,nm
line,overlay,sdt3-homo,sdt3-homo,rmsf,92281da5,92281da5::RMSF,sdt3-homo / RMSF,RMSF,Residue,436,0.059094638,nm,nm
line,overlay,sdt3-homo,sdt3-homo,rmsf,92281da5,92281da5::RMSF,sdt3-homo / RMSF,RMSF,Residue,437,0.062318187,nm,nm
line,overlay,sdt3-homo,sdt3-homo,rmsf,92281da5,92281da5::RMSF,sdt3-homo / RMSF,RMSF,Residue,438,0.06477394,nm,nm
line,overlay,sdt3-homo,sdt3-homo,rmsf,92281da5,92281da5::RMSF,sdt3-homo / RMSF,RMSF,Residue,439,0.05491874,nm,nm
line,overlay,sdt3-homo,sdt3-homo,rmsf,92281da5,92281da5::RMSF,sdt3-homo / RMSF,RMSF,Residue,440,0.048681635,nm,nm
line,overlay,sdt3-homo,sdt3-homo,rmsf,92281da5,92281da5::RMSF,sdt3-homo / RMSF,RMSF,Residue,441,0.055651367,nm,nm
line,overlay,sdt3-homo,sdt3-homo,rmsf,92281da5,92281da5::RMSF,sdt3-homo / RMSF,RMSF,Residue,442,0.060793735,nm,nm
line,overlay,sdt3-homo,sdt3-homo,rmsf,92281da5,92281da5::RMSF,sdt3-homo / RMSF,RMSF,Residue,443,0.05641077,nm,nm
line,overlay,sdt3-homo,sdt3-homo,rmsf,92281da5,92281da5::RMSF,sdt3-homo / RMSF,RMSF,Residue,444,0.051741377,nm,nm
line,overlay,sdt3-homo,sdt3-homo,rmsf,92281da5,92281da5::RMSF,sdt3-homo / RMSF,RMSF,Residue,445,0.05598015,nm,nm
line,overlay,sdt3-homo,sdt3-homo,rmsf,92281da5,92281da5::RMSF,sdt3-homo / RMSF,RMSF,Residue,446,0.05545209,nm,nm
line,overlay,sdt3-homo,sdt3-homo,rmsf,92281da5,92281da5::RMSF,sdt3-homo / RMSF,RMSF,Residue,447,0.054440808,nm,nm
line,overlay,sdt3-homo,sdt3-homo,rmsf,92281da5,92281da5::RMSF,sdt3-homo / RMSF,RMSF,Residue,448,0.06426603,nm,nm
line,overlay,sdt3-homo,sdt3-homo,rmsf,92281da5,92281da5::RMSF,sdt3-homo / RMSF,RMSF,Residue,449,0.06810397,nm,nm
line,overlay,sdt3-homo,sdt3-homo,rmsf,92281da5,92281da5::RMSF,sdt3-homo / RMSF,RMSF,Residue,450,0.057475977,nm,nm
line,overlay,sdt3-homo,sdt3-homo,rmsf,92281da5,92281da5::RMSF,sdt3-homo / RMSF,RMSF,Residue,451,0.06648579,nm,nm
line,overlay,sdt3-homo,sdt3-homo,rmsf,92281da5,92281da5::RMSF,sdt3-homo / RMSF,RMSF,Residue,452,0.090499856,nm,nm
line,overlay,sdt3-homo,sdt3-homo,rmsf,92281da5,92281da5::RMSF,sdt3-homo / RMSF,RMSF,Residue,453,0.13119854,nm,nm
line,overlay,sdt3-homo,sdt3-homo,rmsf,92281da5,92281da5::RMSF,sdt3-homo / RMSF,RMSF,Residue,454,0.09808957,nm,nm
line,overlay,sdt3-homo,sdt3-homo,rmsf,92281da5,92281da5::RMSF,sdt3-homo / RMSF,RMSF,Residue,455,0.07792282,nm,nm
line,overlay,sdt3-homo,sdt3-homo,rmsf,92281da5,92281da5::RMSF,sdt3-homo / RMSF,RMSF,Residue,456,0.064567186,nm,nm
line,overlay,sdt3-homo,sdt3-homo,rmsf,92281da5,92281da5::RMSF,sdt3-homo / RMSF,RMSF,Residue,457,0.052225795,nm,nm
line,overlay,sdt3-homo,sdt3-homo,rmsf,92281da5,92281da5::RMSF,sdt3-homo / RMSF,RMSF,Residue,458,0.06363913,nm,nm
line,overlay,sdt3-homo,sdt3-homo,rmsf,92281da5,92281da5::RMSF,sdt3-homo / RMSF,RMSF,Residue,459,0.06390217,nm,nm
line,overlay,sdt3-homo,sdt3-homo,rmsf,92281da5,92281da5::RMSF,sdt3-homo / RMSF,RMSF,Residue,460,0.057584334,nm,nm
line,overlay,sdt3-homo,sdt3-homo,rmsf,92281da5,92281da5::RMSF,sdt3-homo / RMSF,RMSF,Residue,461,0.054385927,nm,nm
line,overlay,sdt3-homo,sdt3-homo,rmsf,92281da5,92281da5::RMSF,sdt3-homo / RMSF,RMSF,Residue,462,0.05791502,nm,nm
line,overlay,sdt3-homo,sdt3-homo,rmsf,92281da5,92281da5::RMSF,sdt3-homo / RMSF,RMSF,Residue,463,0.056817137,nm,nm
line,overlay,sdt3-homo,sdt3-homo,rmsf,92281da5,92281da5::RMSF,sdt3-homo / RMSF,RMSF,Residue,464,0.05348458,nm,nm
line,overlay,sdt3-homo,sdt3-homo,rmsf,92281da5,92281da5::RMSF,sdt3-homo / RMSF,RMSF,Residue,465,0.053414926,nm,nm
line,overlay,sdt3-homo,sdt3-homo,rmsf,92281da5,92281da5::RMSF,sdt3-homo / RMSF,RMSF,Residue,466,0.059791453,nm,nm
line,overlay,sdt3-homo,sdt3-homo,rmsf,92281da5,92281da5::RMSF,sdt3-homo / RMSF,RMSF,Residue,467,0.06396292,nm,nm
line,overlay,sdt3-homo,sdt3-homo,rmsf,92281da5,92281da5::RMSF,sdt3-homo / RMSF,RMSF,Residue,468,0.058944575,nm,nm
line,overlay,sdt3-homo,sdt3-homo,rmsf,92281da5,92281da5::RMSF,sdt3-homo / RMSF,RMSF,Residue,469,0.07000764,nm,nm
line,overlay,sdt3-homo,sdt3-homo,rmsf,92281da5,92281da5::RMSF,sdt3-homo / RMSF,RMSF,Residue,470,0.08171568,nm,nm
line,overlay,sdt3-homo,sdt3-homo,rmsf,92281da5,92281da5::RMSF,sdt3-homo / RMSF,RMSF,Residue,471,0.080840856,nm,nm
line,overlay,sdt3-homo,sdt3-homo,rmsf,92281da5,92281da5::RMSF,sdt3-homo / RMSF,RMSF,Residue,472,0.0827292,nm,nm
line,overlay,sdt3-homo,sdt3-homo,rmsf,92281da5,92281da5::RMSF,sdt3-homo / RMSF,RMSF,Residue,473,0.12170936,nm,nm
line,overlay,sdt3-homo,sdt3-homo,rmsf,92281da5,92281da5::RMSF,sdt3-homo / RMSF,RMSF,Residue,474,0.29959905,nm,nm
line,overlay,sdt3-homo,sdt3-homo,rmsf,92281da5,92281da5::RMSF,sdt3-homo / RMSF,RMSF,Residue,475,0.44942683,nm,nm
line,overlay,sdt3-homo,sdt3-homo,rmsf,92281da5,92281da5::RMSF,sdt3-homo / RMSF,RMSF,Residue,476,0.70778483,nm,nm
line,overlay,sdt3-homo-2,sdt3-homo-2,rmsf,0gntokbh,0gntokbh::RMSF,sdt3-homo-2 / RMSF,RMSF,Residue,1,0.38866702,nm,nm
line,overlay,sdt3-homo-2,sdt3-homo-2,rmsf,0gntokbh,0gntokbh::RMSF,sdt3-homo-2 / RMSF,RMSF,Residue,2,0.24845608,nm,nm
line,overlay,sdt3-homo-2,sdt3-homo-2,rmsf,0gntokbh,0gntokbh::RMSF,sdt3-homo-2 / RMSF,RMSF,Residue,3,0.12702285,nm,nm
line,overlay,sdt3-homo-2,sdt3-homo-2,rmsf,0gntokbh,0gntokbh::RMSF,sdt3-homo-2 / RMSF,RMSF,Residue,4,0.065929435,nm,nm
line,overlay,sdt3-homo-2,sdt3-homo-2,rmsf,0gntokbh,0gntokbh::RMSF,sdt3-homo-2 / RMSF,RMSF,Residue,5,0.05711518,nm,nm
line,overlay,sdt3-homo-2,sdt3-homo-2,rmsf,0gntokbh,0gntokbh::RMSF,sdt3-homo-2 / RMSF,RMSF,Residue,6,0.049373426,nm,nm
line,overlay,sdt3-homo-2,sdt3-homo-2,rmsf,0gntokbh,0gntokbh::RMSF,sdt3-homo-2 / RMSF,RMSF,Residue,7,0.04576413,nm,nm
line,overlay,sdt3-homo-2,sdt3-homo-2,rmsf,0gntokbh,0gntokbh::RMSF,sdt3-homo-2 / RMSF,RMSF,Residue,8,0.050249536,nm,nm
line,overlay,sdt3-homo-2,sdt3-homo-2,rmsf,0gntokbh,0gntokbh::RMSF,sdt3-homo-2 / RMSF,RMSF,Residue,9,0.06374996,nm,nm
line,overlay,sdt3-homo-2,sdt3-homo-2,rmsf,0gntokbh,0gntokbh::RMSF,sdt3-homo-2 / RMSF,RMSF,Residue,10,0.09365626,nm,nm
line,overlay,sdt3-homo-2,sdt3-homo-2,rmsf,0gntokbh,0gntokbh::RMSF,sdt3-homo-2 / RMSF,RMSF,Residue,11,0.07569201,nm,nm
line,overlay,sdt3-homo-2,sdt3-homo-2,rmsf,0gntokbh,0gntokbh::RMSF,sdt3-homo-2 / RMSF,RMSF,Residue,12,0.07703638,nm,nm
line,overlay,sdt3-homo-2,sdt3-homo-2,rmsf,0gntokbh,0gntokbh::RMSF,sdt3-homo-2 / RMSF,RMSF,Residue,13,0.07947358,nm,nm
line,overlay,sdt3-homo-2,sdt3-homo-2,rmsf,0gntokbh,0gntokbh::RMSF,sdt3-homo-2 / RMSF,RMSF,Residue,14,0.08255677,nm,nm
line,overlay,sdt3-homo-2,sdt3-homo-2,rmsf,0gntokbh,0gntokbh::RMSF,sdt3-homo-2 / RMSF,RMSF,Residue,15,0.07733736,nm,nm
line,overlay,sdt3-homo-2,sdt3-homo-2,rmsf,0gntokbh,0gntokbh::RMSF,sdt3-homo-2 / RMSF,RMSF,Residue,16,0.058486484,nm,nm
line,overlay,sdt3-homo-2,sdt3-homo-2,rmsf,0gntokbh,0gntokbh::RMSF,sdt3-homo-2 / RMSF,RMSF,Residue,17,0.05386691,nm,nm
line,overlay,sdt3-homo-2,sdt3-homo-2,rmsf,0gntokbh,0gntokbh::RMSF,sdt3-homo-2 / RMSF,RMSF,Residue,18,0.04605262,nm,nm
line,overlay,sdt3-homo-2,sdt3-homo-2,rmsf,0gntokbh,0gntokbh::RMSF,sdt3-homo-2 / RMSF,RMSF,Residue,19,0.046108674,nm,nm
line,overlay,sdt3-homo-2,sdt3-homo-2,rmsf,0gntokbh,0gntokbh::RMSF,sdt3-homo-2 / RMSF,RMSF,Residue,20,0.048649106,nm,nm
line,overlay,sdt3-homo-2,sdt3-homo-2,rmsf,0gntokbh,0gntokbh::RMSF,sdt3-homo-2 / RMSF,RMSF,Residue,21,0.049056128,nm,nm
line,overlay,sdt3-homo-2,sdt3-homo-2,rmsf,0gntokbh,0gntokbh::RMSF,sdt3-homo-2 / RMSF,RMSF,Residue,22,0.049983907,nm,nm
line,overlay,sdt3-homo-2,sdt3-homo-2,rmsf,0gntokbh,0gntokbh::RMSF,sdt3-homo-2 / RMSF,RMSF,Residue,23,0.05063169,nm,nm
line,overlay,sdt3-homo-2,sdt3-homo-2,rmsf,0gntokbh,0gntokbh::RMSF,sdt3-homo-2 / RMSF,RMSF,Residue,24,0.050189994,nm,nm
line,overlay,sdt3-homo-2,sdt3-homo-2,rmsf,0gntokbh,0gntokbh::RMSF,sdt3-homo-2 / RMSF,RMSF,Residue,25,0.056918226,nm,nm
line,overlay,sdt3-homo-2,sdt3-homo-2,rmsf,0gntokbh,0gntokbh::RMSF,sdt3-homo-2 / RMSF,RMSF,Residue,26,0.058830053,nm,nm
line,overlay,sdt3-homo-2,sdt3-homo-2,rmsf,0gntokbh,0gntokbh::RMSF,sdt3-homo-2 / RMSF,RMSF,Residue,27,0.05741983,nm,nm
line,overlay,sdt3-homo-2,sdt3-homo-2,rmsf,0gntokbh,0gntokbh::RMSF,sdt3-homo-2 / RMSF,RMSF,Residue,28,0.06492016,nm,nm
line,overlay,sdt3-homo-2,sdt3-homo-2,rmsf,0gntokbh,0gntokbh::RMSF,sdt3-homo-2 / RMSF,RMSF,Residue,29,0.08041154,nm,nm
line,overlay,sdt3-homo-2,sdt3-homo-2,rmsf,0gntokbh,0gntokbh::RMSF,sdt3-homo-2 / RMSF,RMSF,Residue,30,0.08284353,nm,nm
line,overlay,sdt3-homo-2,sdt3-homo-2,rmsf,0gntokbh,0gntokbh::RMSF,sdt3-homo-2 / RMSF,RMSF,Residue,31,0.08376031,nm,nm
line,overlay,sdt3-homo-2,sdt3-homo-2,rmsf,0gntokbh,0gntokbh::RMSF,sdt3-homo-2 / RMSF,RMSF,Residue,32,0.0596223,nm,nm
line,overlay,sdt3-homo-2,sdt3-homo-2,rmsf,0gntokbh,0gntokbh::RMSF,sdt3-homo-2 / RMSF,RMSF,Residue,33,0.058437858,nm,nm
line,overlay,sdt3-homo-2,sdt3-homo-2,rmsf,0gntokbh,0gntokbh::RMSF,sdt3-homo-2 / RMSF,RMSF,Residue,34,0.05475921,nm,nm
line,overlay,sdt3-homo-2,sdt3-homo-2,rmsf,0gntokbh,0gntokbh::RMSF,sdt3-homo-2 / RMSF,RMSF,Residue,35,0.05429063,nm,nm
line,overlay,sdt3-homo-2,sdt3-homo-2,rmsf,0gntokbh,0gntokbh::RMSF,sdt3-homo-2 / RMSF,RMSF,Residue,36,0.05785721,nm,nm
line,overlay,sdt3-homo-2,sdt3-homo-2,rmsf,0gntokbh,0gntokbh::RMSF,sdt3-homo-2 / RMSF,RMSF,Residue,37,0.0653734,nm,nm
line,overlay,sdt3-homo-2,sdt3-homo-2,rmsf,0gntokbh,0gntokbh::RMSF,sdt3-homo-2 / RMSF,RMSF,Residue,38,0.07363862,nm,nm
line,overlay,sdt3-homo-2,sdt3-homo-2,rmsf,0gntokbh,0gntokbh::RMSF,sdt3-homo-2 / RMSF,RMSF,Residue,39,0.07987343,nm,nm
line,overlay,sdt3-homo-2,sdt3-homo-2,rmsf,0gntokbh,0gntokbh::RMSF,sdt3-homo-2 / RMSF,RMSF,Residue,40,0.08878541,nm,nm
line,overlay,sdt3-homo-2,sdt3-homo-2,rmsf,0gntokbh,0gntokbh::RMSF,sdt3-homo-2 / RMSF,RMSF,Residue,41,0.11350248,nm,nm
line,overlay,sdt3-homo-2,sdt3-homo-2,rmsf,0gntokbh,0gntokbh::RMSF,sdt3-homo-2 / RMSF,RMSF,Residue,42,0.10109485,nm,nm
line,overlay,sdt3-homo-2,sdt3-homo-2,rmsf,0gntokbh,0gntokbh::RMSF,sdt3-homo-2 / RMSF,RMSF,Residue,43,0.1088618,nm,nm
line,overlay,sdt3-homo-2,sdt3-homo-2,rmsf,0gntokbh,0gntokbh::RMSF,sdt3-homo-2 / RMSF,RMSF,Residue,44,0.12376731,nm,nm
line,overlay,sdt3-homo-2,sdt3-homo-2,rmsf,0gntokbh,0gntokbh::RMSF,sdt3-homo-2 / RMSF,RMSF,Residue,45,0.1100367,nm,nm
line,overlay,sdt3-homo-2,sdt3-homo-2,rmsf,0gntokbh,0gntokbh::RMSF,sdt3-homo-2 / RMSF,RMSF,Residue,46,0.11510326,nm,nm
line,overlay,sdt3-homo-2,sdt3-homo-2,rmsf,0gntokbh,0gntokbh::RMSF,sdt3-homo-2 / RMSF,RMSF,Residue,47,0.14202516,nm,nm
line,overlay,sdt3-homo-2,sdt3-homo-2,rmsf,0gntokbh,0gntokbh::RMSF,sdt3-homo-2 / RMSF,RMSF,Residue,48,0.13268226,nm,nm
line,overlay,sdt3-homo-2,sdt3-homo-2,rmsf,0gntokbh,0gntokbh::RMSF,sdt3-homo-2 / RMSF,RMSF,Residue,49,0.10098481,nm,nm
line,overlay,sdt3-homo-2,sdt3-homo-2,rmsf,0gntokbh,0gntokbh::RMSF,sdt3-homo-2 / RMSF,RMSF,Residue,50,0.12873231,nm,nm
line,overlay,sdt3-homo-2,sdt3-homo-2,rmsf,0gntokbh,0gntokbh::RMSF,sdt3-homo-2 / RMSF,RMSF,Residue,51,0.14186981,nm,nm
line,overlay,sdt3-homo-2,sdt3-homo-2,rmsf,0gntokbh,0gntokbh::RMSF,sdt3-homo-2 / RMSF,RMSF,Residue,52,0.110724784,nm,nm
line,overlay,sdt3-homo-2,sdt3-homo-2,rmsf,0gntokbh,0gntokbh::RMSF,sdt3-homo-2 / RMSF,RMSF,Residue,53,0.11098835,nm,nm
line,overlay,sdt3-homo-2,sdt3-homo-2,rmsf,0gntokbh,0gntokbh::RMSF,sdt3-homo-2 / RMSF,RMSF,Residue,54,0.13268876,nm,nm
line,overlay,sdt3-homo-2,sdt3-homo-2,rmsf,0gntokbh,0gntokbh::RMSF,sdt3-homo-2 / RMSF,RMSF,Residue,55,0.14321266,nm,nm
line,overlay,sdt3-homo-2,sdt3-homo-2,rmsf,0gntokbh,0gntokbh::RMSF,sdt3-homo-2 / RMSF,RMSF,Residue,56,0.13798861,nm,nm
line,overlay,sdt3-homo-2,sdt3-homo-2,rmsf,0gntokbh,0gntokbh::RMSF,sdt3-homo-2 / RMSF,RMSF,Residue,57,0.12657371,nm,nm
line,overlay,sdt3-homo-2,sdt3-homo-2,rmsf,0gntokbh,0gntokbh::RMSF,sdt3-homo-2 / RMSF,RMSF,Residue,58,0.10880667,nm,nm
line,overlay,sdt3-homo-2,sdt3-homo-2,rmsf,0gntokbh,0gntokbh::RMSF,sdt3-homo-2 / RMSF,RMSF,Residue,59,0.13177419,nm,nm
line,overlay,sdt3-homo-2,sdt3-homo-2,rmsf,0gntokbh,0gntokbh::RMSF,sdt3-homo-2 / RMSF,RMSF,Residue,60,0.06955321,nm,nm
line,overlay,sdt3-homo-2,sdt3-homo-2,rmsf,0gntokbh,0gntokbh::RMSF,sdt3-homo-2 / RMSF,RMSF,Residue,61,0.06885725,nm,nm
line,overlay,sdt3-homo-2,sdt3-homo-2,rmsf,0gntokbh,0gntokbh::RMSF,sdt3-homo-2 / RMSF,RMSF,Residue,62,0.07322563,nm,nm
line,overlay,sdt3-homo-2,sdt3-homo-2,rmsf,0gntokbh,0gntokbh::RMSF,sdt3-homo-2 / RMSF,RMSF,Residue,63,0.069449954,nm,nm
line,overlay,sdt3-homo-2,sdt3-homo-2,rmsf,0gntokbh,0gntokbh::RMSF,sdt3-homo-2 / RMSF,RMSF,Residue,64,0.07787897,nm,nm
line,overlay,sdt3-homo-2,sdt3-homo-2,rmsf,0gntokbh,0gntokbh::RMSF,sdt3-homo-2 / RMSF,RMSF,Residue,65,0.07719985,nm,nm
line,overlay,sdt3-homo-2,sdt3-homo-2,rmsf,0gntokbh,0gntokbh::RMSF,sdt3-homo-2 / RMSF,RMSF,Residue,66,0.09031908,nm,nm
line,overlay,sdt3-homo-2,sdt3-homo-2,rmsf,0gntokbh,0gntokbh::RMSF,sdt3-homo-2 / RMSF,RMSF,Residue,67,0.080143765,nm,nm
line,overlay,sdt3-homo-2,sdt3-homo-2,rmsf,0gntokbh,0gntokbh::RMSF,sdt3-homo-2 / RMSF,RMSF,Residue,68,0.08213611,nm,nm
line,overlay,sdt3-homo-2,sdt3-homo-2,rmsf,0gntokbh,0gntokbh::RMSF,sdt3-homo-2 / RMSF,RMSF,Residue,69,0.087976225,nm,nm
line,overlay,sdt3-homo-2,sdt3-homo-2,rmsf,0gntokbh,0gntokbh::RMSF,sdt3-homo-2 / RMSF,RMSF,Residue,70,0.12014658,nm,nm
line,overlay,sdt3-homo-2,sdt3-homo-2,rmsf,0gntokbh,0gntokbh::RMSF,sdt3-homo-2 / RMSF,RMSF,Residue,71,0.13270786,nm,nm
line,overlay,sdt3-homo-2,sdt3-homo-2,rmsf,0gntokbh,0gntokbh::RMSF,sdt3-homo-2 / RMSF,RMSF,Residue,72,0.11703307,nm,nm
line,overlay,sdt3-homo-2,sdt3-homo-2,rmsf,0gntokbh,0gntokbh::RMSF,sdt3-homo-2 / RMSF,RMSF,Residue,73,0.12251563,nm,nm
line,overlay,sdt3-homo-2,sdt3-homo-2,rmsf,0gntokbh,0gntokbh::RMSF,sdt3-homo-2 / RMSF,RMSF,Residue,74,0.09311741,nm,nm
line,overlay,sdt3-homo-2,sdt3-homo-2,rmsf,0gntokbh,0gntokbh::RMSF,sdt3-homo-2 / RMSF,RMSF,Residue,75,0.11672748,nm,nm
line,overlay,sdt3-homo-2,sdt3-homo-2,rmsf,0gntokbh,0gntokbh::RMSF,sdt3-homo-2 / RMSF,RMSF,Residue,76,0.17349373,nm,nm
line,overlay,sdt3-homo-2,sdt3-homo-2,rmsf,0gntokbh,0gntokbh::RMSF,sdt3-homo-2 / RMSF,RMSF,Residue,77,0.20216885,nm,nm
line,overlay,sdt3-homo-2,sdt3-homo-2,rmsf,0gntokbh,0gntokbh::RMSF,sdt3-homo-2 / RMSF,RMSF,Residue,78,0.14149846,nm,nm
line,overlay,sdt3-homo-2,sdt3-homo-2,rmsf,0gntokbh,0gntokbh::RMSF,sdt3-homo-2 / RMSF,RMSF,Residue,79,0.104982905,nm,nm
line,overlay,sdt3-homo-2,sdt3-homo-2,rmsf,0gntokbh,0gntokbh::RMSF,sdt3-homo-2 / RMSF,RMSF,Residue,80,0.07981243,nm,nm
line,overlay,sdt3-homo-2,sdt3-homo-2,rmsf,0gntokbh,0gntokbh::RMSF,sdt3-homo-2 / RMSF,RMSF,Residue,81,0.081417106,nm,nm
line,overlay,sdt3-homo-2,sdt3-homo-2,rmsf,0gntokbh,0gntokbh::RMSF,sdt3-homo-2 / RMSF,RMSF,Residue,82,0.09684575,nm,nm
line,overlay,sdt3-homo-2,sdt3-homo-2,rmsf,0gntokbh,0gntokbh::RMSF,sdt3-homo-2 / RMSF,RMSF,Residue,83,0.09564028,nm,nm
line,overlay,sdt3-homo-2,sdt3-homo-2,rmsf,0gntokbh,0gntokbh::RMSF,sdt3-homo-2 / RMSF,RMSF,Residue,84,0.08291464,nm,nm
line,overlay,sdt3-homo-2,sdt3-homo-2,rmsf,0gntokbh,0gntokbh::RMSF,sdt3-homo-2 / RMSF,RMSF,Residue,85,0.1018314,nm,nm
line,overlay,sdt3-homo-2,sdt3-homo-2,rmsf,0gntokbh,0gntokbh::RMSF,sdt3-homo-2 / RMSF,RMSF,Residue,86,0.09594203,nm,nm
line,overlay,sdt3-homo-2,sdt3-homo-2,rmsf,0gntokbh,0gntokbh::RMSF,sdt3-homo-2 / RMSF,RMSF,Residue,87,0.095523864,nm,nm
line,overlay,sdt3-homo-2,sdt3-homo-2,rmsf,0gntokbh,0gntokbh::RMSF,sdt3-homo-2 / RMSF,RMSF,Residue,88,0.10484446,nm,nm
line,overlay,sdt3-homo-2,sdt3-homo-2,rmsf,0gntokbh,0gntokbh::RMSF,sdt3-homo-2 / RMSF,RMSF,Residue,89,0.08781032,nm,nm
line,overlay,sdt3-homo-2,sdt3-homo-2,rmsf,0gntokbh,0gntokbh::RMSF,sdt3-homo-2 / RMSF,RMSF,Residue,90,0.078743726,nm,nm
line,overlay,sdt3-homo-2,sdt3-homo-2,rmsf,0gntokbh,0gntokbh::RMSF,sdt3-homo-2 / RMSF,RMSF,Residue,91,0.085642666,nm,nm
line,overlay,sdt3-homo-2,sdt3-homo-2,rmsf,0gntokbh,0gntokbh::RMSF,sdt3-homo-2 / RMSF,RMSF,Residue,92,0.07880696,nm,nm
line,overlay,sdt3-homo-2,sdt3-homo-2,rmsf,0gntokbh,0gntokbh::RMSF,sdt3-homo-2 / RMSF,RMSF,Residue,93,0.067024104,nm,nm
line,overlay,sdt3-homo-2,sdt3-homo-2,rmsf,0gntokbh,0gntokbh::RMSF,sdt3-homo-2 / RMSF,RMSF,Residue,94,0.07192964,nm,nm
line,overlay,sdt3-homo-2,sdt3-homo-2,rmsf,0gntokbh,0gntokbh::RMSF,sdt3-homo-2 / RMSF,RMSF,Residue,95,0.07578412,nm,nm
line,overlay,sdt3-homo-2,sdt3-homo-2,rmsf,0gntokbh,0gntokbh::RMSF,sdt3-homo-2 / RMSF,RMSF,Residue,96,0.06869591,nm,nm
line,overlay,sdt3-homo-2,sdt3-homo-2,rmsf,0gntokbh,0gntokbh::RMSF,sdt3-homo-2 / RMSF,RMSF,Residue,97,0.068915606,nm,nm
line,overlay,sdt3-homo-2,sdt3-homo-2,rmsf,0gntokbh,0gntokbh::RMSF,sdt3-homo-2 / RMSF,RMSF,Residue,98,0.07679932,nm,nm
line,overlay,sdt3-homo-2,sdt3-homo-2,rmsf,0gntokbh,0gntokbh::RMSF,sdt3-homo-2 / RMSF,RMSF,Residue,99,0.07564682,nm,nm
line,overlay,sdt3-homo-2,sdt3-homo-2,rmsf,0gntokbh,0gntokbh::RMSF,sdt3-homo-2 / RMSF,RMSF,Residue,100,0.079038605,nm,nm
line,overlay,sdt3-homo-2,sdt3-homo-2,rmsf,0gntokbh,0gntokbh::RMSF,sdt3-homo-2 / RMSF,RMSF,Residue,101,0.0770095,nm,nm
line,overlay,sdt3-homo-2,sdt3-homo-2,rmsf,0gntokbh,0gntokbh::RMSF,sdt3-homo-2 / RMSF,RMSF,Residue,102,0.082123704,nm,nm
line,overlay,sdt3-homo-2,sdt3-homo-2,rmsf,0gntokbh,0gntokbh::RMSF,sdt3-homo-2 / RMSF,RMSF,Residue,103,0.09202405,nm,nm
line,overlay,sdt3-homo-2,sdt3-homo-2,rmsf,0gntokbh,0gntokbh::RMSF,sdt3-homo-2 / RMSF,RMSF,Residue,104,0.07355241,nm,nm
line,overlay,sdt3-homo-2,sdt3-homo-2,rmsf,0gntokbh,0gntokbh::RMSF,sdt3-homo-2 / RMSF,RMSF,Residue,105,0.072765894,nm,nm
line,overlay,sdt3-homo-2,sdt3-homo-2,rmsf,0gntokbh,0gntokbh::RMSF,sdt3-homo-2 / RMSF,RMSF,Residue,106,0.085251674,nm,nm
line,overlay,sdt3-homo-2,sdt3-homo-2,rmsf,0gntokbh,0gntokbh::RMSF,sdt3-homo-2 / RMSF,RMSF,Residue,107,0.07801241,nm,nm
line,overlay,sdt3-homo-2,sdt3-homo-2,rmsf,0gntokbh,0gntokbh::RMSF,sdt3-homo-2 / RMSF,RMSF,Residue,108,0.068494506,nm,nm
line,overlay,sdt3-homo-2,sdt3-homo-2,rmsf,0gntokbh,0gntokbh::RMSF,sdt3-homo-2 / RMSF,RMSF,Residue,109,0.08596606,nm,nm
line,overlay,sdt3-homo-2,sdt3-homo-2,rmsf,0gntokbh,0gntokbh::RMSF,sdt3-homo-2 / RMSF,RMSF,Residue,110,0.097130656,nm,nm
line,overlay,sdt3-homo-2,sdt3-homo-2,rmsf,0gntokbh,0gntokbh::RMSF,sdt3-homo-2 / RMSF,RMSF,Residue,111,0.08279903,nm,nm
line,overlay,sdt3-homo-2,sdt3-homo-2,rmsf,0gntokbh,0gntokbh::RMSF,sdt3-homo-2 / RMSF,RMSF,Residue,112,0.07864071,nm,nm
line,overlay,sdt3-homo-2,sdt3-homo-2,rmsf,0gntokbh,0gntokbh::RMSF,sdt3-homo-2 / RMSF,RMSF,Residue,113,0.06231569,nm,nm
line,overlay,sdt3-homo-2,sdt3-homo-2,rmsf,0gntokbh,0gntokbh::RMSF,sdt3-homo-2 / RMSF,RMSF,Residue,114,0.05805,nm,nm
line,overlay,sdt3-homo-2,sdt3-homo-2,rmsf,0gntokbh,0gntokbh::RMSF,sdt3-homo-2 / RMSF,RMSF,Residue,115,0.056196816,nm,nm
line,overlay,sdt3-homo-2,sdt3-homo-2,rmsf,0gntokbh,0gntokbh::RMSF,sdt3-homo-2 / RMSF,RMSF,Residue,116,0.05124528,nm,nm
line,overlay,sdt3-homo-2,sdt3-homo-2,rmsf,0gntokbh,0gntokbh::RMSF,sdt3-homo-2 / RMSF,RMSF,Residue,117,0.055881817,nm,nm
line,overlay,sdt3-homo-2,sdt3-homo-2,rmsf,0gntokbh,0gntokbh::RMSF,sdt3-homo-2 / RMSF,RMSF,Residue,118,0.052421384,nm,nm
line,overlay,sdt3-homo-2,sdt3-homo-2,rmsf,0gntokbh,0gntokbh::RMSF,sdt3-homo-2 / RMSF,RMSF,Residue,119,0.056813918,nm,nm
line,overlay,sdt3-homo-2,sdt3-homo-2,rmsf,0gntokbh,0gntokbh::RMSF,sdt3-homo-2 / RMSF,RMSF,Residue,120,0.06882114,nm,nm
line,overlay,sdt3-homo-2,sdt3-homo-2,rmsf,0gntokbh,0gntokbh::RMSF,sdt3-homo-2 / RMSF,RMSF,Residue,121,0.08139744,nm,nm
line,overlay,sdt3-homo-2,sdt3-homo-2,rmsf,0gntokbh,0gntokbh::RMSF,sdt3-homo-2 / RMSF,RMSF,Residue,122,0.07430526,nm,nm
line,overlay,sdt3-homo-2,sdt3-homo-2,rmsf,0gntokbh,0gntokbh::RMSF,sdt3-homo-2 / RMSF,RMSF,Residue,123,0.080299325,nm,nm
line,overlay,sdt3-homo-2,sdt3-homo-2,rmsf,0gntokbh,0gntokbh::RMSF,sdt3-homo-2 / RMSF,RMSF,Residue,124,0.07198771,nm,nm
line,overlay,sdt3-homo-2,sdt3-homo-2,rmsf,0gntokbh,0gntokbh::RMSF,sdt3-homo-2 / RMSF,RMSF,Residue,125,0.0654619,nm,nm
line,overlay,sdt3-homo-2,sdt3-homo-2,rmsf,0gntokbh,0gntokbh::RMSF,sdt3-homo-2 / RMSF,RMSF,Residue,126,0.064565405,nm,nm
line,overlay,sdt3-homo-2,sdt3-homo-2,rmsf,0gntokbh,0gntokbh::RMSF,sdt3-homo-2 / RMSF,RMSF,Residue,127,0.0781599,nm,nm
line,overlay,sdt3-homo-2,sdt3-homo-2,rmsf,0gntokbh,0gntokbh::RMSF,sdt3-homo-2 / RMSF,RMSF,Residue,128,0.07003581,nm,nm
line,overlay,sdt3-homo-2,sdt3-homo-2,rmsf,0gntokbh,0gntokbh::RMSF,sdt3-homo-2 / RMSF,RMSF,Residue,129,0.07020671,nm,nm
line,overlay,sdt3-homo-2,sdt3-homo-2,rmsf,0gntokbh,0gntokbh::RMSF,sdt3-homo-2 / RMSF,RMSF,Residue,130,0.07617699,nm,nm
line,overlay,sdt3-homo-2,sdt3-homo-2,rmsf,0gntokbh,0gntokbh::RMSF,sdt3-homo-2 / RMSF,RMSF,Residue,131,0.08639197,nm,nm
line,overlay,sdt3-homo-2,sdt3-homo-2,rmsf,0gntokbh,0gntokbh::RMSF,sdt3-homo-2 / RMSF,RMSF,Residue,132,0.0798398,nm,nm
line,overlay,sdt3-homo-2,sdt3-homo-2,rmsf,0gntokbh,0gntokbh::RMSF,sdt3-homo-2 / RMSF,RMSF,Residue,133,0.07989033,nm,nm
line,overlay,sdt3-homo-2,sdt3-homo-2,rmsf,0gntokbh,0gntokbh::RMSF,sdt3-homo-2 / RMSF,RMSF,Residue,134,0.06633028,nm,nm
line,overlay,sdt3-homo-2,sdt3-homo-2,rmsf,0gntokbh,0gntokbh::RMSF,sdt3-homo-2 / RMSF,RMSF,Residue,135,0.0658748,nm,nm
line,overlay,sdt3-homo-2,sdt3-homo-2,rmsf,0gntokbh,0gntokbh::RMSF,sdt3-homo-2 / RMSF,RMSF,Residue,136,0.052502822,nm,nm
line,overlay,sdt3-homo-2,sdt3-homo-2,rmsf,0gntokbh,0gntokbh::RMSF,sdt3-homo-2 / RMSF,RMSF,Residue,137,0.052128404,nm,nm
line,overlay,sdt3-homo-2,sdt3-homo-2,rmsf,0gntokbh,0gntokbh::RMSF,sdt3-homo-2 / RMSF,RMSF,Residue,138,0.0470773,nm,nm
line,overlay,sdt3-homo-2,sdt3-homo-2,rmsf,0gntokbh,0gntokbh::RMSF,sdt3-homo-2 / RMSF,RMSF,Residue,139,0.04707792,nm,nm
line,overlay,sdt3-homo-2,sdt3-homo-2,rmsf,0gntokbh,0gntokbh::RMSF,sdt3-homo-2 / RMSF,RMSF,Residue,140,0.05271512,nm,nm
line,overlay,sdt3-homo-2,sdt3-homo-2,rmsf,0gntokbh,0gntokbh::RMSF,sdt3-homo-2 / RMSF,RMSF,Residue,141,0.09058116,nm,nm
line,overlay,sdt3-homo-2,sdt3-homo-2,rmsf,0gntokbh,0gntokbh::RMSF,sdt3-homo-2 / RMSF,RMSF,Residue,142,0.07037542,nm,nm
line,overlay,sdt3-homo-2,sdt3-homo-2,rmsf,0gntokbh,0gntokbh::RMSF,sdt3-homo-2 / RMSF,RMSF,Residue,143,0.07488302,nm,nm
line,overlay,sdt3-homo-2,sdt3-homo-2,rmsf,0gntokbh,0gntokbh::RMSF,sdt3-homo-2 / RMSF,RMSF,Residue,144,0.059288763,nm,nm
line,overlay,sdt3-homo-2,sdt3-homo-2,rmsf,0gntokbh,0gntokbh::RMSF,sdt3-homo-2 / RMSF,RMSF,Residue,145,0.055876356,nm,nm
line,overlay,sdt3-homo-2,sdt3-homo-2,rmsf,0gntokbh,0gntokbh::RMSF,sdt3-homo-2 / RMSF,RMSF,Residue,146,0.05803888,nm,nm
line,overlay,sdt3-homo-2,sdt3-homo-2,rmsf,0gntokbh,0gntokbh::RMSF,sdt3-homo-2 / RMSF,RMSF,Residue,147,0.05610122,nm,nm
line,overlay,sdt3-homo-2,sdt3-homo-2,rmsf,0gntokbh,0gntokbh::RMSF,sdt3-homo-2 / RMSF,RMSF,Residue,148,0.05858089,nm,nm
line,overlay,sdt3-homo-2,sdt3-homo-2,rmsf,0gntokbh,0gntokbh::RMSF,sdt3-homo-2 / RMSF,RMSF,Residue,149,0.059034526,nm,nm
line,overlay,sdt3-homo-2,sdt3-homo-2,rmsf,0gntokbh,0gntokbh::RMSF,sdt3-homo-2 / RMSF,RMSF,Residue,150,0.063566074,nm,nm
line,overlay,sdt3-homo-2,sdt3-homo-2,rmsf,0gntokbh,0gntokbh::RMSF,sdt3-homo-2 / RMSF,RMSF,Residue,151,0.06492566,nm,nm
line,overlay,sdt3-homo-2,sdt3-homo-2,rmsf,0gntokbh,0gntokbh::RMSF,sdt3-homo-2 / RMSF,RMSF,Residue,152,0.06928846,nm,nm
line,overlay,sdt3-homo-2,sdt3-homo-2,rmsf,0gntokbh,0gntokbh::RMSF,sdt3-homo-2 / RMSF,RMSF,Residue,153,0.06833928,nm,nm
line,overlay,sdt3-homo-2,sdt3-homo-2,rmsf,0gntokbh,0gntokbh::RMSF,sdt3-homo-2 / RMSF,RMSF,Residue,154,0.0751,nm,nm
line,overlay,sdt3-homo-2,sdt3-homo-2,rmsf,0gntokbh,0gntokbh::RMSF,sdt3-homo-2 / RMSF,RMSF,Residue,155,0.08447606,nm,nm
line,overlay,sdt3-homo-2,sdt3-homo-2,rmsf,0gntokbh,0gntokbh::RMSF,sdt3-homo-2 / RMSF,RMSF,Residue,156,0.08602805,nm,nm
line,overlay,sdt3-homo-2,sdt3-homo-2,rmsf,0gntokbh,0gntokbh::RMSF,sdt3-homo-2 / RMSF,RMSF,Residue,157,0.08437397,nm,nm
line,overlay,sdt3-homo-2,sdt3-homo-2,rmsf,0gntokbh,0gntokbh::RMSF,sdt3-homo-2 / RMSF,RMSF,Residue,158,0.09036967,nm,nm
line,overlay,sdt3-homo-2,sdt3-homo-2,rmsf,0gntokbh,0gntokbh::RMSF,sdt3-homo-2 / RMSF,RMSF,Residue,159,0.10551374,nm,nm
line,overlay,sdt3-homo-2,sdt3-homo-2,rmsf,0gntokbh,0gntokbh::RMSF,sdt3-homo-2 / RMSF,RMSF,Residue,160,0.117158115,nm,nm
line,overlay,sdt3-homo-2,sdt3-homo-2,rmsf,0gntokbh,0gntokbh::RMSF,sdt3-homo-2 / RMSF,RMSF,Residue,161,0.13962765,nm,nm
line,overlay,sdt3-homo-2,sdt3-homo-2,rmsf,0gntokbh,0gntokbh::RMSF,sdt3-homo-2 / RMSF,RMSF,Residue,162,0.12052205,nm,nm
line,overlay,sdt3-homo-2,sdt3-homo-2,rmsf,0gntokbh,0gntokbh::RMSF,sdt3-homo-2 / RMSF,RMSF,Residue,163,0.15142311,nm,nm
line,overlay,sdt3-homo-2,sdt3-homo-2,rmsf,0gntokbh,0gntokbh::RMSF,sdt3-homo-2 / RMSF,RMSF,Residue,164,0.14365052,nm,nm
line,overlay,sdt3-homo-2,sdt3-homo-2,rmsf,0gntokbh,0gntokbh::RMSF,sdt3-homo-2 / RMSF,RMSF,Residue,165,0.13540275,nm,nm
line,overlay,sdt3-homo-2,sdt3-homo-2,rmsf,0gntokbh,0gntokbh::RMSF,sdt3-homo-2 / RMSF,RMSF,Residue,166,0.14608595,nm,nm
line,overlay,sdt3-homo-2,sdt3-homo-2,rmsf,0gntokbh,0gntokbh::RMSF,sdt3-homo-2 / RMSF,RMSF,Residue,167,0.13532925,nm,nm
line,overlay,sdt3-homo-2,sdt3-homo-2,rmsf,0gntokbh,0gntokbh::RMSF,sdt3-homo-2 / RMSF,RMSF,Residue,168,0.11088156,nm,nm
line,overlay,sdt3-homo-2,sdt3-homo-2,rmsf,0gntokbh,0gntokbh::RMSF,sdt3-homo-2 / RMSF,RMSF,Residue,169,0.09687208,nm,nm
line,overlay,sdt3-homo-2,sdt3-homo-2,rmsf,0gntokbh,0gntokbh::RMSF,sdt3-homo-2 / RMSF,RMSF,Residue,170,0.0924812,nm,nm
line,overlay,sdt3-homo-2,sdt3-homo-2,rmsf,0gntokbh,0gntokbh::RMSF,sdt3-homo-2 / RMSF,RMSF,Residue,171,0.08277067,nm,nm
line,overlay,sdt3-homo-2,sdt3-homo-2,rmsf,0gntokbh,0gntokbh::RMSF,sdt3-homo-2 / RMSF,RMSF,Residue,172,0.09667848,nm,nm
line,overlay,sdt3-homo-2,sdt3-homo-2,rmsf,0gntokbh,0gntokbh::RMSF,sdt3-homo-2 / RMSF,RMSF,Residue,173,0.12407384,nm,nm
line,overlay,sdt3-homo-2,sdt3-homo-2,rmsf,0gntokbh,0gntokbh::RMSF,sdt3-homo-2 / RMSF,RMSF,Residue,174,0.121235184,nm,nm
line,overlay,sdt3-homo-2,sdt3-homo-2,rmsf,0gntokbh,0gntokbh::RMSF,sdt3-homo-2 / RMSF,RMSF,Residue,175,0.14741582,nm,nm
line,overlay,sdt3-homo-2,sdt3-homo-2,rmsf,0gntokbh,0gntokbh::RMSF,sdt3-homo-2 / RMSF,RMSF,Residue,176,0.13397075,nm,nm
line,overlay,sdt3-homo-2,sdt3-homo-2,rmsf,0gntokbh,0gntokbh::RMSF,sdt3-homo-2 / RMSF,RMSF,Residue,177,0.1315149,nm,nm
line,overlay,sdt3-homo-2,sdt3-homo-2,rmsf,0gntokbh,0gntokbh::RMSF,sdt3-homo-2 / RMSF,RMSF,Residue,178,0.10057321,nm,nm
line,overlay,sdt3-homo-2,sdt3-homo-2,rmsf,0gntokbh,0gntokbh::RMSF,sdt3-homo-2 / RMSF,RMSF,Residue,179,0.099999204,nm,nm
line,overlay,sdt3-homo-2,sdt3-homo-2,rmsf,0gntokbh,0gntokbh::RMSF,sdt3-homo-2 / RMSF,RMSF,Residue,180,0.08789408,nm,nm
line,overlay,sdt3-homo-2,sdt3-homo-2,rmsf,0gntokbh,0gntokbh::RMSF,sdt3-homo-2 / RMSF,RMSF,Residue,181,0.09008977,nm,nm
line,overlay,sdt3-homo-2,sdt3-homo-2,rmsf,0gntokbh,0gntokbh::RMSF,sdt3-homo-2 / RMSF,RMSF,Residue,182,0.09289452,nm,nm
line,overlay,sdt3-homo-2,sdt3-homo-2,rmsf,0gntokbh,0gntokbh::RMSF,sdt3-homo-2 / RMSF,RMSF,Residue,183,0.102549285,nm,nm
line,overlay,sdt3-homo-2,sdt3-homo-2,rmsf,0gntokbh,0gntokbh::RMSF,sdt3-homo-2 / RMSF,RMSF,Residue,184,0.09257269,nm,nm
line,overlay,sdt3-homo-2,sdt3-homo-2,rmsf,0gntokbh,0gntokbh::RMSF,sdt3-homo-2 / RMSF,RMSF,Residue,185,0.08647864,nm,nm
line,overlay,sdt3-homo-2,sdt3-homo-2,rmsf,0gntokbh,0gntokbh::RMSF,sdt3-homo-2 / RMSF,RMSF,Residue,186,0.09365995,nm,nm
line,overlay,sdt3-homo-2,sdt3-homo-2,rmsf,0gntokbh,0gntokbh::RMSF,sdt3-homo-2 / RMSF,RMSF,Residue,187,0.1037425,nm,nm
line,overlay,sdt3-homo-2,sdt3-homo-2,rmsf,0gntokbh,0gntokbh::RMSF,sdt3-homo-2 / RMSF,RMSF,Residue,188,0.11788056,nm,nm
line,overlay,sdt3-homo-2,sdt3-homo-2,rmsf,0gntokbh,0gntokbh::RMSF,sdt3-homo-2 / RMSF,RMSF,Residue,189,0.12473755,nm,nm
line,overlay,sdt3-homo-2,sdt3-homo-2,rmsf,0gntokbh,0gntokbh::RMSF,sdt3-homo-2 / RMSF,RMSF,Residue,190,0.12805207,nm,nm
line,overlay,sdt3-homo-2,sdt3-homo-2,rmsf,0gntokbh,0gntokbh::RMSF,sdt3-homo-2 / RMSF,RMSF,Residue,191,0.14836152,nm,nm
line,overlay,sdt3-homo-2,sdt3-homo-2,rmsf,0gntokbh,0gntokbh::RMSF,sdt3-homo-2 / RMSF,RMSF,Residue,192,0.18283382,nm,nm
line,overlay,sdt3-homo-2,sdt3-homo-2,rmsf,0gntokbh,0gntokbh::RMSF,sdt3-homo-2 / RMSF,RMSF,Residue,193,0.16113523,nm,nm
line,overlay,sdt3-homo-2,sdt3-homo-2,rmsf,0gntokbh,0gntokbh::RMSF,sdt3-homo-2 / RMSF,RMSF,Residue,194,0.16000159,nm,nm
line,overlay,sdt3-homo-2,sdt3-homo-2,rmsf,0gntokbh,0gntokbh::RMSF,sdt3-homo-2 / RMSF,RMSF,Residue,195,0.14755017,nm,nm
line,overlay,sdt3-homo-2,sdt3-homo-2,rmsf,0gntokbh,0gntokbh::RMSF,sdt3-homo-2 / RMSF,RMSF,Residue,196,0.12815596,nm,nm
line,overlay,sdt3-homo-2,sdt3-homo-2,rmsf,0gntokbh,0gntokbh::RMSF,sdt3-homo-2 / RMSF,RMSF,Residue,197,0.10890086,nm,nm
line,overlay,sdt3-homo-2,sdt3-homo-2,rmsf,0gntokbh,0gntokbh::RMSF,sdt3-homo-2 / RMSF,RMSF,Residue,198,0.12907375,nm,nm
line,overlay,sdt3-homo-2,sdt3-homo-2,rmsf,0gntokbh,0gntokbh::RMSF,sdt3-homo-2 / RMSF,RMSF,Residue,199,0.12402239,nm,nm
line,overlay,sdt3-homo-2,sdt3-homo-2,rmsf,0gntokbh,0gntokbh::RMSF,sdt3-homo-2 / RMSF,RMSF,Residue,200,0.0991482,nm,nm
line,overlay,sdt3-homo-2,sdt3-homo-2,rmsf,0gntokbh,0gntokbh::RMSF,sdt3-homo-2 / RMSF,RMSF,Residue,201,0.09686944,nm,nm
line,overlay,sdt3-homo-2,sdt3-homo-2,rmsf,0gntokbh,0gntokbh::RMSF,sdt3-homo-2 / RMSF,RMSF,Residue,202,0.105609454,nm,nm
line,overlay,sdt3-homo-2,sdt3-homo-2,rmsf,0gntokbh,0gntokbh::RMSF,sdt3-homo-2 / RMSF,RMSF,Residue,203,0.09843241,nm,nm
line,overlay,sdt3-homo-2,sdt3-homo-2,rmsf,0gntokbh,0gntokbh::RMSF,sdt3-homo-2 / RMSF,RMSF,Residue,204,0.08300815,nm,nm
line,overlay,sdt3-homo-2,sdt3-homo-2,rmsf,0gntokbh,0gntokbh::RMSF,sdt3-homo-2 / RMSF,RMSF,Residue,205,0.08727313,nm,nm
line,overlay,sdt3-homo-2,sdt3-homo-2,rmsf,0gntokbh,0gntokbh::RMSF,sdt3-homo-2 / RMSF,RMSF,Residue,206,0.08857102,nm,nm
line,overlay,sdt3-homo-2,sdt3-homo-2,rmsf,0gntokbh,0gntokbh::RMSF,sdt3-homo-2 / RMSF,RMSF,Residue,207,0.07661299,nm,nm
line,overlay,sdt3-homo-2,sdt3-homo-2,rmsf,0gntokbh,0gntokbh::RMSF,sdt3-homo-2 / RMSF,RMSF,Residue,208,0.07741857,nm,nm
line,overlay,sdt3-homo-2,sdt3-homo-2,rmsf,0gntokbh,0gntokbh::RMSF,sdt3-homo-2 / RMSF,RMSF,Residue,209,0.08884677,nm,nm
line,overlay,sdt3-homo-2,sdt3-homo-2,rmsf,0gntokbh,0gntokbh::RMSF,sdt3-homo-2 / RMSF,RMSF,Residue,210,0.079267085,nm,nm
line,overlay,sdt3-homo-2,sdt3-homo-2,rmsf,0gntokbh,0gntokbh::RMSF,sdt3-homo-2 / RMSF,RMSF,Residue,211,0.0609033,nm,nm
line,overlay,sdt3-homo-2,sdt3-homo-2,rmsf,0gntokbh,0gntokbh::RMSF,sdt3-homo-2 / RMSF,RMSF,Residue,212,0.058736723,nm,nm
line,overlay,sdt3-homo-2,sdt3-homo-2,rmsf,0gntokbh,0gntokbh::RMSF,sdt3-homo-2 / RMSF,RMSF,Residue,213,0.057991795,nm,nm
line,overlay,sdt3-homo-2,sdt3-homo-2,rmsf,0gntokbh,0gntokbh::RMSF,sdt3-homo-2 / RMSF,RMSF,Residue,214,0.049551826,nm,nm
line,overlay,sdt3-homo-2,sdt3-homo-2,rmsf,0gntokbh,0gntokbh::RMSF,sdt3-homo-2 / RMSF,RMSF,Residue,215,0.047539216,nm,nm
line,overlay,sdt3-homo-2,sdt3-homo-2,rmsf,0gntokbh,0gntokbh::RMSF,sdt3-homo-2 / RMSF,RMSF,Residue,216,0.05178928,nm,nm
line,overlay,sdt3-homo-2,sdt3-homo-2,rmsf,0gntokbh,0gntokbh::RMSF,sdt3-homo-2 / RMSF,RMSF,Residue,217,0.047678586,nm,nm
line,overlay,sdt3-homo-2,sdt3-homo-2,rmsf,0gntokbh,0gntokbh::RMSF,sdt3-homo-2 / RMSF,RMSF,Residue,218,0.050028462,nm,nm
line,overlay,sdt3-homo-2,sdt3-homo-2,rmsf,0gntokbh,0gntokbh::RMSF,sdt3-homo-2 / RMSF,RMSF,Residue,219,0.052379217,nm,nm
line,overlay,sdt3-homo-2,sdt3-homo-2,rmsf,0gntokbh,0gntokbh::RMSF,sdt3-homo-2 / RMSF,RMSF,Residue,220,0.059389703,nm,nm
line,overlay,sdt3-homo-2,sdt3-homo-2,rmsf,0gntokbh,0gntokbh::RMSF,sdt3-homo-2 / RMSF,RMSF,Residue,221,0.06348431,nm,nm
line,overlay,sdt3-homo-2,sdt3-homo-2,rmsf,0gntokbh,0gntokbh::RMSF,sdt3-homo-2 / RMSF,RMSF,Residue,222,0.060022306,nm,nm
line,overlay,sdt3-homo-2,sdt3-homo-2,rmsf,0gntokbh,0gntokbh::RMSF,sdt3-homo-2 / RMSF,RMSF,Residue,223,0.07169827,nm,nm
line,overlay,sdt3-homo-2,sdt3-homo-2,rmsf,0gntokbh,0gntokbh::RMSF,sdt3-homo-2 / RMSF,RMSF,Residue,224,0.07044191,nm,nm
line,overlay,sdt3-homo-2,sdt3-homo-2,rmsf,0gntokbh,0gntokbh::RMSF,sdt3-homo-2 / RMSF,RMSF,Residue,225,0.08376184,nm,nm
line,overlay,sdt3-homo-2,sdt3-homo-2,rmsf,0gntokbh,0gntokbh::RMSF,sdt3-homo-2 / RMSF,RMSF,Residue,226,0.0769172,nm,nm
line,overlay,sdt3-homo-2,sdt3-homo-2,rmsf,0gntokbh,0gntokbh::RMSF,sdt3-homo-2 / RMSF,RMSF,Residue,227,0.07109906,nm,nm
line,overlay,sdt3-homo-2,sdt3-homo-2,rmsf,0gntokbh,0gntokbh::RMSF,sdt3-homo-2 / RMSF,RMSF,Residue,228,0.086310826,nm,nm
line,overlay,sdt3-homo-2,sdt3-homo-2,rmsf,0gntokbh,0gntokbh::RMSF,sdt3-homo-2 / RMSF,RMSF,Residue,229,0.09691642,nm,nm
line,overlay,sdt3-homo-2,sdt3-homo-2,rmsf,0gntokbh,0gntokbh::RMSF,sdt3-homo-2 / RMSF,RMSF,Residue,230,0.08613766,nm,nm
line,overlay,sdt3-homo-2,sdt3-homo-2,rmsf,0gntokbh,0gntokbh::RMSF,sdt3-homo-2 / RMSF,RMSF,Residue,231,0.09219638,nm,nm
line,overlay,sdt3-homo-2,sdt3-homo-2,rmsf,0gntokbh,0gntokbh::RMSF,sdt3-homo-2 / RMSF,RMSF,Residue,232,0.11769237,nm,nm
line,overlay,sdt3-homo-2,sdt3-homo-2,rmsf,0gntokbh,0gntokbh::RMSF,sdt3-homo-2 / RMSF,RMSF,Residue,233,0.124763764,nm,nm
line,overlay,sdt3-homo-2,sdt3-homo-2,rmsf,0gntokbh,0gntokbh::RMSF,sdt3-homo-2 / RMSF,RMSF,Residue,234,0.11246421,nm,nm
line,overlay,sdt3-homo-2,sdt3-homo-2,rmsf,0gntokbh,0gntokbh::RMSF,sdt3-homo-2 / RMSF,RMSF,Residue,235,0.111010045,nm,nm
line,overlay,sdt3-homo-2,sdt3-homo-2,rmsf,0gntokbh,0gntokbh::RMSF,sdt3-homo-2 / RMSF,RMSF,Residue,236,0.09067546,nm,nm
line,overlay,sdt3-homo-2,sdt3-homo-2,rmsf,0gntokbh,0gntokbh::RMSF,sdt3-homo-2 / RMSF,RMSF,Residue,237,0.09445308,nm,nm
line,overlay,sdt3-homo-2,sdt3-homo-2,rmsf,0gntokbh,0gntokbh::RMSF,sdt3-homo-2 / RMSF,RMSF,Residue,238,0.072339155,nm,nm
line,overlay,sdt3-homo-2,sdt3-homo-2,rmsf,0gntokbh,0gntokbh::RMSF,sdt3-homo-2 / RMSF,RMSF,Residue,239,0.05180219,nm,nm
line,overlay,sdt3-homo-2,sdt3-homo-2,rmsf,0gntokbh,0gntokbh::RMSF,sdt3-homo-2 / RMSF,RMSF,Residue,240,0.05600108,nm,nm
line,overlay,sdt3-homo-2,sdt3-homo-2,rmsf,0gntokbh,0gntokbh::RMSF,sdt3-homo-2 / RMSF,RMSF,Residue,241,0.05247137,nm,nm
line,overlay,sdt3-homo-2,sdt3-homo-2,rmsf,0gntokbh,0gntokbh::RMSF,sdt3-homo-2 / RMSF,RMSF,Residue,242,0.054417375,nm,nm
line,overlay,sdt3-homo-2,sdt3-homo-2,rmsf,0gntokbh,0gntokbh::RMSF,sdt3-homo-2 / RMSF,RMSF,Residue,243,0.045656644,nm,nm
line,overlay,sdt3-homo-2,sdt3-homo-2,rmsf,0gntokbh,0gntokbh::RMSF,sdt3-homo-2 / RMSF,RMSF,Residue,244,0.050296247,nm,nm
line,overlay,sdt3-homo-2,sdt3-homo-2,rmsf,0gntokbh,0gntokbh::RMSF,sdt3-homo-2 / RMSF,RMSF,Residue,245,0.062694356,nm,nm
line,overlay,sdt3-homo-2,sdt3-homo-2,rmsf,0gntokbh,0gntokbh::RMSF,sdt3-homo-2 / RMSF,RMSF,Residue,246,0.075084165,nm,nm
line,overlay,sdt3-homo-2,sdt3-homo-2,rmsf,0gntokbh,0gntokbh::RMSF,sdt3-homo-2 / RMSF,RMSF,Residue,247,0.10411002,nm,nm
line,overlay,sdt3-homo-2,sdt3-homo-2,rmsf,0gntokbh,0gntokbh::RMSF,sdt3-homo-2 / RMSF,RMSF,Residue,248,0.09935734,nm,nm
line,overlay,sdt3-homo-2,sdt3-homo-2,rmsf,0gntokbh,0gntokbh::RMSF,sdt3-homo-2 / RMSF,RMSF,Residue,249,0.1325527,nm,nm
line,overlay,sdt3-homo-2,sdt3-homo-2,rmsf,0gntokbh,0gntokbh::RMSF,sdt3-homo-2 / RMSF,RMSF,Residue,250,0.11223399,nm,nm
line,overlay,sdt3-homo-2,sdt3-homo-2,rmsf,0gntokbh,0gntokbh::RMSF,sdt3-homo-2 / RMSF,RMSF,Residue,251,0.11353461,nm,nm
line,overlay,sdt3-homo-2,sdt3-homo-2,rmsf,0gntokbh,0gntokbh::RMSF,sdt3-homo-2 / RMSF,RMSF,Residue,252,0.09674941,nm,nm
line,overlay,sdt3-homo-2,sdt3-homo-2,rmsf,0gntokbh,0gntokbh::RMSF,sdt3-homo-2 / RMSF,RMSF,Residue,253,0.087645434,nm,nm
line,overlay,sdt3-homo-2,sdt3-homo-2,rmsf,0gntokbh,0gntokbh::RMSF,sdt3-homo-2 / RMSF,RMSF,Residue,254,0.10187467,nm,nm
line,overlay,sdt3-homo-2,sdt3-homo-2,rmsf,0gntokbh,0gntokbh::RMSF,sdt3-homo-2 / RMSF,RMSF,Residue,255,0.10421668,nm,nm
line,overlay,sdt3-homo-2,sdt3-homo-2,rmsf,0gntokbh,0gntokbh::RMSF,sdt3-homo-2 / RMSF,RMSF,Residue,256,0.11055625,nm,nm
line,overlay,sdt3-homo-2,sdt3-homo-2,rmsf,0gntokbh,0gntokbh::RMSF,sdt3-homo-2 / RMSF,RMSF,Residue,257,0.07809859,nm,nm
line,overlay,sdt3-homo-2,sdt3-homo-2,rmsf,0gntokbh,0gntokbh::RMSF,sdt3-homo-2 / RMSF,RMSF,Residue,258,0.15711424,nm,nm
line,overlay,sdt3-homo-2,sdt3-homo-2,rmsf,0gntokbh,0gntokbh::RMSF,sdt3-homo-2 / RMSF,RMSF,Residue,259,0.11685208,nm,nm
line,overlay,sdt3-homo-2,sdt3-homo-2,rmsf,0gntokbh,0gntokbh::RMSF,sdt3-homo-2 / RMSF,RMSF,Residue,260,0.091835186,nm,nm
line,overlay,sdt3-homo-2,sdt3-homo-2,rmsf,0gntokbh,0gntokbh::RMSF,sdt3-homo-2 / RMSF,RMSF,Residue,261,0.07711106,nm,nm
line,overlay,sdt3-homo-2,sdt3-homo-2,rmsf,0gntokbh,0gntokbh::RMSF,sdt3-homo-2 / RMSF,RMSF,Residue,262,0.079311,nm,nm
line,overlay,sdt3-homo-2,sdt3-homo-2,rmsf,0gntokbh,0gntokbh::RMSF,sdt3-homo-2 / RMSF,RMSF,Residue,263,0.076843776,nm,nm
line,overlay,sdt3-homo-2,sdt3-homo-2,rmsf,0gntokbh,0gntokbh::RMSF,sdt3-homo-2 / RMSF,RMSF,Residue,264,0.08747722,nm,nm
line,overlay,sdt3-homo-2,sdt3-homo-2,rmsf,0gntokbh,0gntokbh::RMSF,sdt3-homo-2 / RMSF,RMSF,Residue,265,0.08467236,nm,nm
line,overlay,sdt3-homo-2,sdt3-homo-2,rmsf,0gntokbh,0gntokbh::RMSF,sdt3-homo-2 / RMSF,RMSF,Residue,266,0.095671825,nm,nm
line,overlay,sdt3-homo-2,sdt3-homo-2,rmsf,0gntokbh,0gntokbh::RMSF,sdt3-homo-2 / RMSF,RMSF,Residue,267,0.0879216,nm,nm
line,overlay,sdt3-homo-2,sdt3-homo-2,rmsf,0gntokbh,0gntokbh::RMSF,sdt3-homo-2 / RMSF,RMSF,Residue,268,0.07086219,nm,nm
line,overlay,sdt3-homo-2,sdt3-homo-2,rmsf,0gntokbh,0gntokbh::RMSF,sdt3-homo-2 / RMSF,RMSF,Residue,269,0.075306185,nm,nm
line,overlay,sdt3-homo-2,sdt3-homo-2,rmsf,0gntokbh,0gntokbh::RMSF,sdt3-homo-2 / RMSF,RMSF,Residue,270,0.080049686,nm,nm
line,overlay,sdt3-homo-2,sdt3-homo-2,rmsf,0gntokbh,0gntokbh::RMSF,sdt3-homo-2 / RMSF,RMSF,Residue,271,0.071442574,nm,nm
line,overlay,sdt3-homo-2,sdt3-homo-2,rmsf,0gntokbh,0gntokbh::RMSF,sdt3-homo-2 / RMSF,RMSF,Residue,272,0.06442386,nm,nm
line,overlay,sdt3-homo-2,sdt3-homo-2,rmsf,0gntokbh,0gntokbh::RMSF,sdt3-homo-2 / RMSF,RMSF,Residue,273,0.07333307,nm,nm
line,overlay,sdt3-homo-2,sdt3-homo-2,rmsf,0gntokbh,0gntokbh::RMSF,sdt3-homo-2 / RMSF,RMSF,Residue,274,0.07832918,nm,nm
line,overlay,sdt3-homo-2,sdt3-homo-2,rmsf,0gntokbh,0gntokbh::RMSF,sdt3-homo-2 / RMSF,RMSF,Residue,275,0.06755465,nm,nm
line,overlay,sdt3-homo-2,sdt3-homo-2,rmsf,0gntokbh,0gntokbh::RMSF,sdt3-homo-2 / RMSF,RMSF,Residue,276,0.07280022,nm,nm
line,overlay,sdt3-homo-2,sdt3-homo-2,rmsf,0gntokbh,0gntokbh::RMSF,sdt3-homo-2 / RMSF,RMSF,Residue,277,0.069574796,nm,nm
line,overlay,sdt3-homo-2,sdt3-homo-2,rmsf,0gntokbh,0gntokbh::RMSF,sdt3-homo-2 / RMSF,RMSF,Residue,278,0.061841052,nm,nm
line,overlay,sdt3-homo-2,sdt3-homo-2,rmsf,0gntokbh,0gntokbh::RMSF,sdt3-homo-2 / RMSF,RMSF,Residue,279,0.0593077,nm,nm
line,overlay,sdt3-homo-2,sdt3-homo-2,rmsf,0gntokbh,0gntokbh::RMSF,sdt3-homo-2 / RMSF,RMSF,Residue,280,0.045899656,nm,nm
line,overlay,sdt3-homo-2,sdt3-homo-2,rmsf,0gntokbh,0gntokbh::RMSF,sdt3-homo-2 / RMSF,RMSF,Residue,281,0.039302982,nm,nm
line,overlay,sdt3-homo-2,sdt3-homo-2,rmsf,0gntokbh,0gntokbh::RMSF,sdt3-homo-2 / RMSF,RMSF,Residue,282,0.035713524,nm,nm
line,overlay,sdt3-homo-2,sdt3-homo-2,rmsf,0gntokbh,0gntokbh::RMSF,sdt3-homo-2 / RMSF,RMSF,Residue,283,0.0360076,nm,nm
line,overlay,sdt3-homo-2,sdt3-homo-2,rmsf,0gntokbh,0gntokbh::RMSF,sdt3-homo-2 / RMSF,RMSF,Residue,284,0.041831423,nm,nm
line,overlay,sdt3-homo-2,sdt3-homo-2,rmsf,0gntokbh,0gntokbh::RMSF,sdt3-homo-2 / RMSF,RMSF,Residue,285,0.048142098,nm,nm
line,overlay,sdt3-homo-2,sdt3-homo-2,rmsf,0gntokbh,0gntokbh::RMSF,sdt3-homo-2 / RMSF,RMSF,Residue,286,0.062030934,nm,nm
line,overlay,sdt3-homo-2,sdt3-homo-2,rmsf,0gntokbh,0gntokbh::RMSF,sdt3-homo-2 / RMSF,RMSF,Residue,287,0.08699302,nm,nm
line,overlay,sdt3-homo-2,sdt3-homo-2,rmsf,0gntokbh,0gntokbh::RMSF,sdt3-homo-2 / RMSF,RMSF,Residue,288,0.09079967,nm,nm
line,overlay,sdt3-homo-2,sdt3-homo-2,rmsf,0gntokbh,0gntokbh::RMSF,sdt3-homo-2 / RMSF,RMSF,Residue,289,0.0903555,nm,nm
line,overlay,sdt3-homo-2,sdt3-homo-2,rmsf,0gntokbh,0gntokbh::RMSF,sdt3-homo-2 / RMSF,RMSF,Residue,290,0.107686274,nm,nm
line,overlay,sdt3-homo-2,sdt3-homo-2,rmsf,0gntokbh,0gntokbh::RMSF,sdt3-homo-2 / RMSF,RMSF,Residue,291,0.07572394,nm,nm
line,overlay,sdt3-homo-2,sdt3-homo-2,rmsf,0gntokbh,0gntokbh::RMSF,sdt3-homo-2 / RMSF,RMSF,Residue,292,0.07042829,nm,nm
line,overlay,sdt3-homo-2,sdt3-homo-2,rmsf,0gntokbh,0gntokbh::RMSF,sdt3-homo-2 / RMSF,RMSF,Residue,293,0.080038086,nm,nm
line,overlay,sdt3-homo-2,sdt3-homo-2,rmsf,0gntokbh,0gntokbh::RMSF,sdt3-homo-2 / RMSF,RMSF,Residue,294,0.07548414,nm,nm
line,overlay,sdt3-homo-2,sdt3-homo-2,rmsf,0gntokbh,0gntokbh::RMSF,sdt3-homo-2 / RMSF,RMSF,Residue,295,0.05803696,nm,nm
line,overlay,sdt3-homo-2,sdt3-homo-2,rmsf,0gntokbh,0gntokbh::RMSF,sdt3-homo-2 / RMSF,RMSF,Residue,296,0.05909681,nm,nm
line,overlay,sdt3-homo-2,sdt3-homo-2,rmsf,0gntokbh,0gntokbh::RMSF,sdt3-homo-2 / RMSF,RMSF,Residue,297,0.06407477,nm,nm
line,overlay,sdt3-homo-2,sdt3-homo-2,rmsf,0gntokbh,0gntokbh::RMSF,sdt3-homo-2 / RMSF,RMSF,Residue,298,0.05708219,nm,nm
line,overlay,sdt3-homo-2,sdt3-homo-2,rmsf,0gntokbh,0gntokbh::RMSF,sdt3-homo-2 / RMSF,RMSF,Residue,299,0.051246256,nm,nm
line,overlay,sdt3-homo-2,sdt3-homo-2,rmsf,0gntokbh,0gntokbh::RMSF,sdt3-homo-2 / RMSF,RMSF,Residue,300,0.05841562,nm,nm
line,overlay,sdt3-homo-2,sdt3-homo-2,rmsf,0gntokbh,0gntokbh::RMSF,sdt3-homo-2 / RMSF,RMSF,Residue,301,0.062121768,nm,nm
line,overlay,sdt3-homo-2,sdt3-homo-2,rmsf,0gntokbh,0gntokbh::RMSF,sdt3-homo-2 / RMSF,RMSF,Residue,302,0.055753566,nm,nm
line,overlay,sdt3-homo-2,sdt3-homo-2,rmsf,0gntokbh,0gntokbh::RMSF,sdt3-homo-2 / RMSF,RMSF,Residue,303,0.055450086,nm,nm
line,overlay,sdt3-homo-2,sdt3-homo-2,rmsf,0gntokbh,0gntokbh::RMSF,sdt3-homo-2 / RMSF,RMSF,Residue,304,0.0649154,nm,nm
line,overlay,sdt3-homo-2,sdt3-homo-2,rmsf,0gntokbh,0gntokbh::RMSF,sdt3-homo-2 / RMSF,RMSF,Residue,305,0.06788393,nm,nm
line,overlay,sdt3-homo-2,sdt3-homo-2,rmsf,0gntokbh,0gntokbh::RMSF,sdt3-homo-2 / RMSF,RMSF,Residue,306,0.065782696,nm,nm
line,overlay,sdt3-homo-2,sdt3-homo-2,rmsf,0gntokbh,0gntokbh::RMSF,sdt3-homo-2 / RMSF,RMSF,Residue,307,0.06402326,nm,nm
line,overlay,sdt3-homo-2,sdt3-homo-2,rmsf,0gntokbh,0gntokbh::RMSF,sdt3-homo-2 / RMSF,RMSF,Residue,308,0.058357954,nm,nm
line,overlay,sdt3-homo-2,sdt3-homo-2,rmsf,0gntokbh,0gntokbh::RMSF,sdt3-homo-2 / RMSF,RMSF,Residue,309,0.05216194,nm,nm
line,overlay,sdt3-homo-2,sdt3-homo-2,rmsf,0gntokbh,0gntokbh::RMSF,sdt3-homo-2 / RMSF,RMSF,Residue,310,0.046194576,nm,nm
line,overlay,sdt3-homo-2,sdt3-homo-2,rmsf,0gntokbh,0gntokbh::RMSF,sdt3-homo-2 / RMSF,RMSF,Residue,311,0.0432342,nm,nm
line,overlay,sdt3-homo-2,sdt3-homo-2,rmsf,0gntokbh,0gntokbh::RMSF,sdt3-homo-2 / RMSF,RMSF,Residue,312,0.0468487,nm,nm
line,overlay,sdt3-homo-2,sdt3-homo-2,rmsf,0gntokbh,0gntokbh::RMSF,sdt3-homo-2 / RMSF,RMSF,Residue,313,0.050812952,nm,nm
line,overlay,sdt3-homo-2,sdt3-homo-2,rmsf,0gntokbh,0gntokbh::RMSF,sdt3-homo-2 / RMSF,RMSF,Residue,314,0.060790557,nm,nm
line,overlay,sdt3-homo-2,sdt3-homo-2,rmsf,0gntokbh,0gntokbh::RMSF,sdt3-homo-2 / RMSF,RMSF,Residue,315,0.07682834,nm,nm
line,overlay,sdt3-homo-2,sdt3-homo-2,rmsf,0gntokbh,0gntokbh::RMSF,sdt3-homo-2 / RMSF,RMSF,Residue,316,0.13628988,nm,nm
line,overlay,sdt3-homo-2,sdt3-homo-2,rmsf,0gntokbh,0gntokbh::RMSF,sdt3-homo-2 / RMSF,RMSF,Residue,317,0.13901429,nm,nm
line,overlay,sdt3-homo-2,sdt3-homo-2,rmsf,0gntokbh,0gntokbh::RMSF,sdt3-homo-2 / RMSF,RMSF,Residue,318,0.18162233,nm,nm
line,overlay,sdt3-homo-2,sdt3-homo-2,rmsf,0gntokbh,0gntokbh::RMSF,sdt3-homo-2 / RMSF,RMSF,Residue,319,0.28389612,nm,nm
line,overlay,sdt3-homo-2,sdt3-homo-2,rmsf,0gntokbh,0gntokbh::RMSF,sdt3-homo-2 / RMSF,RMSF,Residue,320,0.25052053,nm,nm
line,overlay,sdt3-homo-2,sdt3-homo-2,rmsf,0gntokbh,0gntokbh::RMSF,sdt3-homo-2 / RMSF,RMSF,Residue,321,0.18596902,nm,nm
line,overlay,sdt3-homo-2,sdt3-homo-2,rmsf,0gntokbh,0gntokbh::RMSF,sdt3-homo-2 / RMSF,RMSF,Residue,322,0.16032916,nm,nm
line,overlay,sdt3-homo-2,sdt3-homo-2,rmsf,0gntokbh,0gntokbh::RMSF,sdt3-homo-2 / RMSF,RMSF,Residue,323,0.14668451,nm,nm
line,overlay,sdt3-homo-2,sdt3-homo-2,rmsf,0gntokbh,0gntokbh::RMSF,sdt3-homo-2 / RMSF,RMSF,Residue,324,0.09804164,nm,nm
line,overlay,sdt3-homo-2,sdt3-homo-2,rmsf,0gntokbh,0gntokbh::RMSF,sdt3-homo-2 / RMSF,RMSF,Residue,325,0.10756283,nm,nm
line,overlay,sdt3-homo-2,sdt3-homo-2,rmsf,0gntokbh,0gntokbh::RMSF,sdt3-homo-2 / RMSF,RMSF,Residue,326,0.12131371,nm,nm
line,overlay,sdt3-homo-2,sdt3-homo-2,rmsf,0gntokbh,0gntokbh::RMSF,sdt3-homo-2 / RMSF,RMSF,Residue,327,0.11775617,nm,nm
line,overlay,sdt3-homo-2,sdt3-homo-2,rmsf,0gntokbh,0gntokbh::RMSF,sdt3-homo-2 / RMSF,RMSF,Residue,328,0.08815745,nm,nm
line,overlay,sdt3-homo-2,sdt3-homo-2,rmsf,0gntokbh,0gntokbh::RMSF,sdt3-homo-2 / RMSF,RMSF,Residue,329,0.08761822,nm,nm
line,overlay,sdt3-homo-2,sdt3-homo-2,rmsf,0gntokbh,0gntokbh::RMSF,sdt3-homo-2 / RMSF,RMSF,Residue,330,0.11114535,nm,nm
line,overlay,sdt3-homo-2,sdt3-homo-2,rmsf,0gntokbh,0gntokbh::RMSF,sdt3-homo-2 / RMSF,RMSF,Residue,331,0.11381518,nm,nm
line,overlay,sdt3-homo-2,sdt3-homo-2,rmsf,0gntokbh,0gntokbh::RMSF,sdt3-homo-2 / RMSF,RMSF,Residue,332,0.08071011,nm,nm
line,overlay,sdt3-homo-2,sdt3-homo-2,rmsf,0gntokbh,0gntokbh::RMSF,sdt3-homo-2 / RMSF,RMSF,Residue,333,0.095886886,nm,nm
line,overlay,sdt3-homo-2,sdt3-homo-2,rmsf,0gntokbh,0gntokbh::RMSF,sdt3-homo-2 / RMSF,RMSF,Residue,334,0.0940277,nm,nm
line,overlay,sdt3-homo-2,sdt3-homo-2,rmsf,0gntokbh,0gntokbh::RMSF,sdt3-homo-2 / RMSF,RMSF,Residue,335,0.068269946,nm,nm
line,overlay,sdt3-homo-2,sdt3-homo-2,rmsf,0gntokbh,0gntokbh::RMSF,sdt3-homo-2 / RMSF,RMSF,Residue,336,0.058935147,nm,nm
line,overlay,sdt3-homo-2,sdt3-homo-2,rmsf,0gntokbh,0gntokbh::RMSF,sdt3-homo-2 / RMSF,RMSF,Residue,337,0.0633651,nm,nm
line,overlay,sdt3-homo-2,sdt3-homo-2,rmsf,0gntokbh,0gntokbh::RMSF,sdt3-homo-2 / RMSF,RMSF,Residue,338,0.05964408,nm,nm
line,overlay,sdt3-homo-2,sdt3-homo-2,rmsf,0gntokbh,0gntokbh::RMSF,sdt3-homo-2 / RMSF,RMSF,Residue,339,0.059376154,nm,nm
line,overlay,sdt3-homo-2,sdt3-homo-2,rmsf,0gntokbh,0gntokbh::RMSF,sdt3-homo-2 / RMSF,RMSF,Residue,340,0.068441235,nm,nm
line,overlay,sdt3-homo-2,sdt3-homo-2,rmsf,0gntokbh,0gntokbh::RMSF,sdt3-homo-2 / RMSF,RMSF,Residue,341,0.07416573,nm,nm
line,overlay,sdt3-homo-2,sdt3-homo-2,rmsf,0gntokbh,0gntokbh::RMSF,sdt3-homo-2 / RMSF,RMSF,Residue,342,0.058496736,nm,nm
line,overlay,sdt3-homo-2,sdt3-homo-2,rmsf,0gntokbh,0gntokbh::RMSF,sdt3-homo-2 / RMSF,RMSF,Residue,343,0.056613263,nm,nm
line,overlay,sdt3-homo-2,sdt3-homo-2,rmsf,0gntokbh,0gntokbh::RMSF,sdt3-homo-2 / RMSF,RMSF,Residue,344,0.050476614,nm,nm
line,overlay,sdt3-homo-2,sdt3-homo-2,rmsf,0gntokbh,0gntokbh::RMSF,sdt3-homo-2 / RMSF,RMSF,Residue,345,0.04140267,nm,nm
line,overlay,sdt3-homo-2,sdt3-homo-2,rmsf,0gntokbh,0gntokbh::RMSF,sdt3-homo-2 / RMSF,RMSF,Residue,346,0.04924484,nm,nm
line,overlay,sdt3-homo-2,sdt3-homo-2,rmsf,0gntokbh,0gntokbh::RMSF,sdt3-homo-2 / RMSF,RMSF,Residue,347,0.054853022,nm,nm
line,overlay,sdt3-homo-2,sdt3-homo-2,rmsf,0gntokbh,0gntokbh::RMSF,sdt3-homo-2 / RMSF,RMSF,Residue,348,0.045697063,nm,nm
line,overlay,sdt3-homo-2,sdt3-homo-2,rmsf,0gntokbh,0gntokbh::RMSF,sdt3-homo-2 / RMSF,RMSF,Residue,349,0.049492016,nm,nm
line,overlay,sdt3-homo-2,sdt3-homo-2,rmsf,0gntokbh,0gntokbh::RMSF,sdt3-homo-2 / RMSF,RMSF,Residue,350,0.067087725,nm,nm
line,overlay,sdt3-homo-2,sdt3-homo-2,rmsf,0gntokbh,0gntokbh::RMSF,sdt3-homo-2 / RMSF,RMSF,Residue,351,0.06241899,nm,nm
line,overlay,sdt3-homo-2,sdt3-homo-2,rmsf,0gntokbh,0gntokbh::RMSF,sdt3-homo-2 / RMSF,RMSF,Residue,352,0.0684797,nm,nm
line,overlay,sdt3-homo-2,sdt3-homo-2,rmsf,0gntokbh,0gntokbh::RMSF,sdt3-homo-2 / RMSF,RMSF,Residue,353,0.055567537,nm,nm
line,overlay,sdt3-homo-2,sdt3-homo-2,rmsf,0gntokbh,0gntokbh::RMSF,sdt3-homo-2 / RMSF,RMSF,Residue,354,0.04637332,nm,nm
line,overlay,sdt3-homo-2,sdt3-homo-2,rmsf,0gntokbh,0gntokbh::RMSF,sdt3-homo-2 / RMSF,RMSF,Residue,355,0.049507786,nm,nm
line,overlay,sdt3-homo-2,sdt3-homo-2,rmsf,0gntokbh,0gntokbh::RMSF,sdt3-homo-2 / RMSF,RMSF,Residue,356,0.045973644,nm,nm
line,overlay,sdt3-homo-2,sdt3-homo-2,rmsf,0gntokbh,0gntokbh::RMSF,sdt3-homo-2 / RMSF,RMSF,Residue,357,0.03788159,nm,nm
line,overlay,sdt3-homo-2,sdt3-homo-2,rmsf,0gntokbh,0gntokbh::RMSF,sdt3-homo-2 / RMSF,RMSF,Residue,358,0.035622742,nm,nm
line,overlay,sdt3-homo-2,sdt3-homo-2,rmsf,0gntokbh,0gntokbh::RMSF,sdt3-homo-2 / RMSF,RMSF,Residue,359,0.04498951,nm,nm
line,overlay,sdt3-homo-2,sdt3-homo-2,rmsf,0gntokbh,0gntokbh::RMSF,sdt3-homo-2 / RMSF,RMSF,Residue,360,0.0414677,nm,nm
line,overlay,sdt3-homo-2,sdt3-homo-2,rmsf,0gntokbh,0gntokbh::RMSF,sdt3-homo-2 / RMSF,RMSF,Residue,361,0.040034942,nm,nm
line,overlay,sdt3-homo-2,sdt3-homo-2,rmsf,0gntokbh,0gntokbh::RMSF,sdt3-homo-2 / RMSF,RMSF,Residue,362,0.042769816,nm,nm
line,overlay,sdt3-homo-2,sdt3-homo-2,rmsf,0gntokbh,0gntokbh::RMSF,sdt3-homo-2 / RMSF,RMSF,Residue,363,0.04156147,nm,nm
line,overlay,sdt3-homo-2,sdt3-homo-2,rmsf,0gntokbh,0gntokbh::RMSF,sdt3-homo-2 / RMSF,RMSF,Residue,364,0.04363606,nm,nm
line,overlay,sdt3-homo-2,sdt3-homo-2,rmsf,0gntokbh,0gntokbh::RMSF,sdt3-homo-2 / RMSF,RMSF,Residue,365,0.04040318,nm,nm
line,overlay,sdt3-homo-2,sdt3-homo-2,rmsf,0gntokbh,0gntokbh::RMSF,sdt3-homo-2 / RMSF,RMSF,Residue,366,0.038755186,nm,nm
line,overlay,sdt3-homo-2,sdt3-homo-2,rmsf,0gntokbh,0gntokbh::RMSF,sdt3-homo-2 / RMSF,RMSF,Residue,367,0.03963971,nm,nm
line,overlay,sdt3-homo-2,sdt3-homo-2,rmsf,0gntokbh,0gntokbh::RMSF,sdt3-homo-2 / RMSF,RMSF,Residue,368,0.042004574,nm,nm
line,overlay,sdt3-homo-2,sdt3-homo-2,rmsf,0gntokbh,0gntokbh::RMSF,sdt3-homo-2 / RMSF,RMSF,Residue,369,0.043774124,nm,nm
line,overlay,sdt3-homo-2,sdt3-homo-2,rmsf,0gntokbh,0gntokbh::RMSF,sdt3-homo-2 / RMSF,RMSF,Residue,370,0.048353232,nm,nm
line,overlay,sdt3-homo-2,sdt3-homo-2,rmsf,0gntokbh,0gntokbh::RMSF,sdt3-homo-2 / RMSF,RMSF,Residue,371,0.056541834,nm,nm
line,overlay,sdt3-homo-2,sdt3-homo-2,rmsf,0gntokbh,0gntokbh::RMSF,sdt3-homo-2 / RMSF,RMSF,Residue,372,0.053406302,nm,nm
line,overlay,sdt3-homo-2,sdt3-homo-2,rmsf,0gntokbh,0gntokbh::RMSF,sdt3-homo-2 / RMSF,RMSF,Residue,373,0.050870802,nm,nm
line,overlay,sdt3-homo-2,sdt3-homo-2,rmsf,0gntokbh,0gntokbh::RMSF,sdt3-homo-2 / RMSF,RMSF,Residue,374,0.042599093,nm,nm
line,overlay,sdt3-homo-2,sdt3-homo-2,rmsf,0gntokbh,0gntokbh::RMSF,sdt3-homo-2 / RMSF,RMSF,Residue,375,0.04004168,nm,nm
line,overlay,sdt3-homo-2,sdt3-homo-2,rmsf,0gntokbh,0gntokbh::RMSF,sdt3-homo-2 / RMSF,RMSF,Residue,376,0.04213564,nm,nm
line,overlay,sdt3-homo-2,sdt3-homo-2,rmsf,0gntokbh,0gntokbh::RMSF,sdt3-homo-2 / RMSF,RMSF,Residue,377,0.038284633,nm,nm
line,overlay,sdt3-homo-2,sdt3-homo-2,rmsf,0gntokbh,0gntokbh::RMSF,sdt3-homo-2 / RMSF,RMSF,Residue,378,0.0366786,nm,nm
line,overlay,sdt3-homo-2,sdt3-homo-2,rmsf,0gntokbh,0gntokbh::RMSF,sdt3-homo-2 / RMSF,RMSF,Residue,379,0.03789258,nm,nm
line,overlay,sdt3-homo-2,sdt3-homo-2,rmsf,0gntokbh,0gntokbh::RMSF,sdt3-homo-2 / RMSF,RMSF,Residue,380,0.041605435,nm,nm
line,overlay,sdt3-homo-2,sdt3-homo-2,rmsf,0gntokbh,0gntokbh::RMSF,sdt3-homo-2 / RMSF,RMSF,Residue,381,0.05411151,nm,nm
line,overlay,sdt3-homo-2,sdt3-homo-2,rmsf,0gntokbh,0gntokbh::RMSF,sdt3-homo-2 / RMSF,RMSF,Residue,382,0.058974605,nm,nm
line,overlay,sdt3-homo-2,sdt3-homo-2,rmsf,0gntokbh,0gntokbh::RMSF,sdt3-homo-2 / RMSF,RMSF,Residue,383,0.091396496,nm,nm
line,overlay,sdt3-homo-2,sdt3-homo-2,rmsf,0gntokbh,0gntokbh::RMSF,sdt3-homo-2 / RMSF,RMSF,Residue,384,0.058387835,nm,nm
line,overlay,sdt3-homo-2,sdt3-homo-2,rmsf,0gntokbh,0gntokbh::RMSF,sdt3-homo-2 / RMSF,RMSF,Residue,385,0.04171707,nm,nm
line,overlay,sdt3-homo-2,sdt3-homo-2,rmsf,0gntokbh,0gntokbh::RMSF,sdt3-homo-2 / RMSF,RMSF,Residue,386,0.041292325,nm,nm
line,overlay,sdt3-homo-2,sdt3-homo-2,rmsf,0gntokbh,0gntokbh::RMSF,sdt3-homo-2 / RMSF,RMSF,Residue,387,0.0430024,nm,nm
line,overlay,sdt3-homo-2,sdt3-homo-2,rmsf,0gntokbh,0gntokbh::RMSF,sdt3-homo-2 / RMSF,RMSF,Residue,388,0.042682912,nm,nm
line,overlay,sdt3-homo-2,sdt3-homo-2,rmsf,0gntokbh,0gntokbh::RMSF,sdt3-homo-2 / RMSF,RMSF,Residue,389,0.039420914,nm,nm
line,overlay,sdt3-homo-2,sdt3-homo-2,rmsf,0gntokbh,0gntokbh::RMSF,sdt3-homo-2 / RMSF,RMSF,Residue,390,0.043553855,nm,nm
line,overlay,sdt3-homo-2,sdt3-homo-2,rmsf,0gntokbh,0gntokbh::RMSF,sdt3-homo-2 / RMSF,RMSF,Residue,391,0.04265583,nm,nm
line,overlay,sdt3-homo-2,sdt3-homo-2,rmsf,0gntokbh,0gntokbh::RMSF,sdt3-homo-2 / RMSF,RMSF,Residue,392,0.041081253,nm,nm
line,overlay,sdt3-homo-2,sdt3-homo-2,rmsf,0gntokbh,0gntokbh::RMSF,sdt3-homo-2 / RMSF,RMSF,Residue,393,0.04672479,nm,nm
line,overlay,sdt3-homo-2,sdt3-homo-2,rmsf,0gntokbh,0gntokbh::RMSF,sdt3-homo-2 / RMSF,RMSF,Residue,394,0.058278732,nm,nm
line,overlay,sdt3-homo-2,sdt3-homo-2,rmsf,0gntokbh,0gntokbh::RMSF,sdt3-homo-2 / RMSF,RMSF,Residue,395,0.055269565,nm,nm
line,overlay,sdt3-homo-2,sdt3-homo-2,rmsf,0gntokbh,0gntokbh::RMSF,sdt3-homo-2 / RMSF,RMSF,Residue,396,0.051179472,nm,nm
line,overlay,sdt3-homo-2,sdt3-homo-2,rmsf,0gntokbh,0gntokbh::RMSF,sdt3-homo-2 / RMSF,RMSF,Residue,397,0.05071386,nm,nm
line,overlay,sdt3-homo-2,sdt3-homo-2,rmsf,0gntokbh,0gntokbh::RMSF,sdt3-homo-2 / RMSF,RMSF,Residue,398,0.044344224,nm,nm
line,overlay,sdt3-homo-2,sdt3-homo-2,rmsf,0gntokbh,0gntokbh::RMSF,sdt3-homo-2 / RMSF,RMSF,Residue,399,0.049305093,nm,nm
line,overlay,sdt3-homo-2,sdt3-homo-2,rmsf,0gntokbh,0gntokbh::RMSF,sdt3-homo-2 / RMSF,RMSF,Residue,400,0.047134697,nm,nm
line,overlay,sdt3-homo-2,sdt3-homo-2,rmsf,0gntokbh,0gntokbh::RMSF,sdt3-homo-2 / RMSF,RMSF,Residue,401,0.046818454,nm,nm
line,overlay,sdt3-homo-2,sdt3-homo-2,rmsf,0gntokbh,0gntokbh::RMSF,sdt3-homo-2 / RMSF,RMSF,Residue,402,0.051535323,nm,nm
line,overlay,sdt3-homo-2,sdt3-homo-2,rmsf,0gntokbh,0gntokbh::RMSF,sdt3-homo-2 / RMSF,RMSF,Residue,403,0.056425665,nm,nm
line,overlay,sdt3-homo-2,sdt3-homo-2,rmsf,0gntokbh,0gntokbh::RMSF,sdt3-homo-2 / RMSF,RMSF,Residue,404,0.054721177,nm,nm
line,overlay,sdt3-homo-2,sdt3-homo-2,rmsf,0gntokbh,0gntokbh::RMSF,sdt3-homo-2 / RMSF,RMSF,Residue,405,0.07845905,nm,nm
line,overlay,sdt3-homo-2,sdt3-homo-2,rmsf,0gntokbh,0gntokbh::RMSF,sdt3-homo-2 / RMSF,RMSF,Residue,406,0.06550437,nm,nm
line,overlay,sdt3-homo-2,sdt3-homo-2,rmsf,0gntokbh,0gntokbh::RMSF,sdt3-homo-2 / RMSF,RMSF,Residue,407,0.0667336,nm,nm
line,overlay,sdt3-homo-2,sdt3-homo-2,rmsf,0gntokbh,0gntokbh::RMSF,sdt3-homo-2 / RMSF,RMSF,Residue,408,0.07311003,nm,nm
line,overlay,sdt3-homo-2,sdt3-homo-2,rmsf,0gntokbh,0gntokbh::RMSF,sdt3-homo-2 / RMSF,RMSF,Residue,409,0.06906068,nm,nm
line,overlay,sdt3-homo-2,sdt3-homo-2,rmsf,0gntokbh,0gntokbh::RMSF,sdt3-homo-2 / RMSF,RMSF,Residue,410,0.07412772,nm,nm
line,overlay,sdt3-homo-2,sdt3-homo-2,rmsf,0gntokbh,0gntokbh::RMSF,sdt3-homo-2 / RMSF,RMSF,Residue,411,0.10694278,nm,nm
line,overlay,sdt3-homo-2,sdt3-homo-2,rmsf,0gntokbh,0gntokbh::RMSF,sdt3-homo-2 / RMSF,RMSF,Residue,412,0.09347389,nm,nm
line,overlay,sdt3-homo-2,sdt3-homo-2,rmsf,0gntokbh,0gntokbh::RMSF,sdt3-homo-2 / RMSF,RMSF,Residue,413,0.068502635,nm,nm
line,overlay,sdt3-homo-2,sdt3-homo-2,rmsf,0gntokbh,0gntokbh::RMSF,sdt3-homo-2 / RMSF,RMSF,Residue,414,0.07975283,nm,nm
line,overlay,sdt3-homo-2,sdt3-homo-2,rmsf,0gntokbh,0gntokbh::RMSF,sdt3-homo-2 / RMSF,RMSF,Residue,415,0.061736215,nm,nm
line,overlay,sdt3-homo-2,sdt3-homo-2,rmsf,0gntokbh,0gntokbh::RMSF,sdt3-homo-2 / RMSF,RMSF,Residue,416,0.06800395,nm,nm
line,overlay,sdt3-homo-2,sdt3-homo-2,rmsf,0gntokbh,0gntokbh::RMSF,sdt3-homo-2 / RMSF,RMSF,Residue,417,0.058976047,nm,nm
line,overlay,sdt3-homo-2,sdt3-homo-2,rmsf,0gntokbh,0gntokbh::RMSF,sdt3-homo-2 / RMSF,RMSF,Residue,418,0.06331388,nm,nm
line,overlay,sdt3-homo-2,sdt3-homo-2,rmsf,0gntokbh,0gntokbh::RMSF,sdt3-homo-2 / RMSF,RMSF,Residue,419,0.060122833,nm,nm
line,overlay,sdt3-homo-2,sdt3-homo-2,rmsf,0gntokbh,0gntokbh::RMSF,sdt3-homo-2 / RMSF,RMSF,Residue,420,0.05131928,nm,nm
line,overlay,sdt3-homo-2,sdt3-homo-2,rmsf,0gntokbh,0gntokbh::RMSF,sdt3-homo-2 / RMSF,RMSF,Residue,421,0.055722483,nm,nm
line,overlay,sdt3-homo-2,sdt3-homo-2,rmsf,0gntokbh,0gntokbh::RMSF,sdt3-homo-2 / RMSF,RMSF,Residue,422,0.057632472,nm,nm
line,overlay,sdt3-homo-2,sdt3-homo-2,rmsf,0gntokbh,0gntokbh::RMSF,sdt3-homo-2 / RMSF,RMSF,Residue,423,0.05105537,nm,nm
line,overlay,sdt3-homo-2,sdt3-homo-2,rmsf,0gntokbh,0gntokbh::RMSF,sdt3-homo-2 / RMSF,RMSF,Residue,424,0.04919987,nm,nm
line,overlay,sdt3-homo-2,sdt3-homo-2,rmsf,0gntokbh,0gntokbh::RMSF,sdt3-homo-2 / RMSF,RMSF,Residue,425,0.056546737,nm,nm
line,overlay,sdt3-homo-2,sdt3-homo-2,rmsf,0gntokbh,0gntokbh::RMSF,sdt3-homo-2 / RMSF,RMSF,Residue,426,0.054496124,nm,nm
line,overlay,sdt3-homo-2,sdt3-homo-2,rmsf,0gntokbh,0gntokbh::RMSF,sdt3-homo-2 / RMSF,RMSF,Residue,427,0.052277766,nm,nm
line,overlay,sdt3-homo-2,sdt3-homo-2,rmsf,0gntokbh,0gntokbh::RMSF,sdt3-homo-2 / RMSF,RMSF,Residue,428,0.05788717,nm,nm
line,overlay,sdt3-homo-2,sdt3-homo-2,rmsf,0gntokbh,0gntokbh::RMSF,sdt3-homo-2 / RMSF,RMSF,Residue,429,0.07074117,nm,nm
line,overlay,sdt3-homo-2,sdt3-homo-2,rmsf,0gntokbh,0gntokbh::RMSF,sdt3-homo-2 / RMSF,RMSF,Residue,430,0.06993008,nm,nm
line,overlay,sdt3-homo-2,sdt3-homo-2,rmsf,0gntokbh,0gntokbh::RMSF,sdt3-homo-2 / RMSF,RMSF,Residue,431,0.092184596,nm,nm
line,overlay,sdt3-homo-2,sdt3-homo-2,rmsf,0gntokbh,0gntokbh::RMSF,sdt3-homo-2 / RMSF,RMSF,Residue,432,0.093727276,nm,nm
line,overlay,sdt3-homo-2,sdt3-homo-2,rmsf,0gntokbh,0gntokbh::RMSF,sdt3-homo-2 / RMSF,RMSF,Residue,433,0.06749289,nm,nm
line,overlay,sdt3-homo-2,sdt3-homo-2,rmsf,0gntokbh,0gntokbh::RMSF,sdt3-homo-2 / RMSF,RMSF,Residue,434,0.07867278,nm,nm
line,overlay,sdt3-homo-2,sdt3-homo-2,rmsf,0gntokbh,0gntokbh::RMSF,sdt3-homo-2 / RMSF,RMSF,Residue,435,0.07393756,nm,nm
line,overlay,sdt3-homo-2,sdt3-homo-2,rmsf,0gntokbh,0gntokbh::RMSF,sdt3-homo-2 / RMSF,RMSF,Residue,436,0.054637857,nm,nm
line,overlay,sdt3-homo-2,sdt3-homo-2,rmsf,0gntokbh,0gntokbh::RMSF,sdt3-homo-2 / RMSF,RMSF,Residue,437,0.05623481,nm,nm
line,overlay,sdt3-homo-2,sdt3-homo-2,rmsf,0gntokbh,0gntokbh::RMSF,sdt3-homo-2 / RMSF,RMSF,Residue,438,0.06253787,nm,nm
line,overlay,sdt3-homo-2,sdt3-homo-2,rmsf,0gntokbh,0gntokbh::RMSF,sdt3-homo-2 / RMSF,RMSF,Residue,439,0.05293097,nm,nm
line,overlay,sdt3-homo-2,sdt3-homo-2,rmsf,0gntokbh,0gntokbh::RMSF,sdt3-homo-2 / RMSF,RMSF,Residue,440,0.04868555,nm,nm
line,overlay,sdt3-homo-2,sdt3-homo-2,rmsf,0gntokbh,0gntokbh::RMSF,sdt3-homo-2 / RMSF,RMSF,Residue,441,0.057738006,nm,nm
line,overlay,sdt3-homo-2,sdt3-homo-2,rmsf,0gntokbh,0gntokbh::RMSF,sdt3-homo-2 / RMSF,RMSF,Residue,442,0.06417671,nm,nm
line,overlay,sdt3-homo-2,sdt3-homo-2,rmsf,0gntokbh,0gntokbh::RMSF,sdt3-homo-2 / RMSF,RMSF,Residue,443,0.06226808,nm,nm
line,overlay,sdt3-homo-2,sdt3-homo-2,rmsf,0gntokbh,0gntokbh::RMSF,sdt3-homo-2 / RMSF,RMSF,Residue,444,0.05530321,nm,nm
line,overlay,sdt3-homo-2,sdt3-homo-2,rmsf,0gntokbh,0gntokbh::RMSF,sdt3-homo-2 / RMSF,RMSF,Residue,445,0.05706992,nm,nm
line,overlay,sdt3-homo-2,sdt3-homo-2,rmsf,0gntokbh,0gntokbh::RMSF,sdt3-homo-2 / RMSF,RMSF,Residue,446,0.05430178,nm,nm
line,overlay,sdt3-homo-2,sdt3-homo-2,rmsf,0gntokbh,0gntokbh::RMSF,sdt3-homo-2 / RMSF,RMSF,Residue,447,0.054509647,nm,nm
line,overlay,sdt3-homo-2,sdt3-homo-2,rmsf,0gntokbh,0gntokbh::RMSF,sdt3-homo-2 / RMSF,RMSF,Residue,448,0.07012066,nm,nm
line,overlay,sdt3-homo-2,sdt3-homo-2,rmsf,0gntokbh,0gntokbh::RMSF,sdt3-homo-2 / RMSF,RMSF,Residue,449,0.06917073,nm,nm
line,overlay,sdt3-homo-2,sdt3-homo-2,rmsf,0gntokbh,0gntokbh::RMSF,sdt3-homo-2 / RMSF,RMSF,Residue,450,0.05871149,nm,nm
line,overlay,sdt3-homo-2,sdt3-homo-2,rmsf,0gntokbh,0gntokbh::RMSF,sdt3-homo-2 / RMSF,RMSF,Residue,451,0.07436636,nm,nm
line,overlay,sdt3-homo-2,sdt3-homo-2,rmsf,0gntokbh,0gntokbh::RMSF,sdt3-homo-2 / RMSF,RMSF,Residue,452,0.082597315,nm,nm
line,overlay,sdt3-homo-2,sdt3-homo-2,rmsf,0gntokbh,0gntokbh::RMSF,sdt3-homo-2 / RMSF,RMSF,Residue,453,0.104108,nm,nm
line,overlay,sdt3-homo-2,sdt3-homo-2,rmsf,0gntokbh,0gntokbh::RMSF,sdt3-homo-2 / RMSF,RMSF,Residue,454,0.11013186,nm,nm
line,overlay,sdt3-homo-2,sdt3-homo-2,rmsf,0gntokbh,0gntokbh::RMSF,sdt3-homo-2 / RMSF,RMSF,Residue,455,0.08112479,nm,nm
line,overlay,sdt3-homo-2,sdt3-homo-2,rmsf,0gntokbh,0gntokbh::RMSF,sdt3-homo-2 / RMSF,RMSF,Residue,456,0.067470595,nm,nm
line,overlay,sdt3-homo-2,sdt3-homo-2,rmsf,0gntokbh,0gntokbh::RMSF,sdt3-homo-2 / RMSF,RMSF,Residue,457,0.05396239,nm,nm
line,overlay,sdt3-homo-2,sdt3-homo-2,rmsf,0gntokbh,0gntokbh::RMSF,sdt3-homo-2 / RMSF,RMSF,Residue,458,0.064821646,nm,nm
line,overlay,sdt3-homo-2,sdt3-homo-2,rmsf,0gntokbh,0gntokbh::RMSF,sdt3-homo-2 / RMSF,RMSF,Residue,459,0.06452423,nm,nm
line,overlay,sdt3-homo-2,sdt3-homo-2,rmsf,0gntokbh,0gntokbh::RMSF,sdt3-homo-2 / RMSF,RMSF,Residue,460,0.058489952,nm,nm
line,overlay,sdt3-homo-2,sdt3-homo-2,rmsf,0gntokbh,0gntokbh::RMSF,sdt3-homo-2 / RMSF,RMSF,Residue,461,0.05462139,nm,nm
line,overlay,sdt3-homo-2,sdt3-homo-2,rmsf,0gntokbh,0gntokbh::RMSF,sdt3-homo-2 / RMSF,RMSF,Residue,462,0.05969822,nm,nm
line,overlay,sdt3-homo-2,sdt3-homo-2,rmsf,0gntokbh,0gntokbh::RMSF,sdt3-homo-2 / RMSF,RMSF,Residue,463,0.060072698,nm,nm
line,overlay,sdt3-homo-2,sdt3-homo-2,rmsf,0gntokbh,0gntokbh::RMSF,sdt3-homo-2 / RMSF,RMSF,Residue,464,0.057176307,nm,nm
line,overlay,sdt3-homo-2,sdt3-homo-2,rmsf,0gntokbh,0gntokbh::RMSF,sdt3-homo-2 / RMSF,RMSF,Residue,465,0.057915345,nm,nm
line,overlay,sdt3-homo-2,sdt3-homo-2,rmsf,0gntokbh,0gntokbh::RMSF,sdt3-homo-2 / RMSF,RMSF,Residue,466,0.06460672,nm,nm
line,overlay,sdt3-homo-2,sdt3-homo-2,rmsf,0gntokbh,0gntokbh::RMSF,sdt3-homo-2 / RMSF,RMSF,Residue,467,0.07001227,nm,nm
line,overlay,sdt3-homo-2,sdt3-homo-2,rmsf,0gntokbh,0gntokbh::RMSF,sdt3-homo-2 / RMSF,RMSF,Residue,468,0.06606289,nm,nm
line,overlay,sdt3-homo-2,sdt3-homo-2,rmsf,0gntokbh,0gntokbh::RMSF,sdt3-homo-2 / RMSF,RMSF,Residue,469,0.07354421,nm,nm
line,overlay,sdt3-homo-2,sdt3-homo-2,rmsf,0gntokbh,0gntokbh::RMSF,sdt3-homo-2 / RMSF,RMSF,Residue,470,0.084209345,nm,nm
line,overlay,sdt3-homo-2,sdt3-homo-2,rmsf,0gntokbh,0gntokbh::RMSF,sdt3-homo-2 / RMSF,RMSF,Residue,471,0.088680625,nm,nm
line,overlay,sdt3-homo-2,sdt3-homo-2,rmsf,0gntokbh,0gntokbh::RMSF,sdt3-homo-2 / RMSF,RMSF,Residue,472,0.09453874,nm,nm
line,overlay,sdt3-homo-2,sdt3-homo-2,rmsf,0gntokbh,0gntokbh::RMSF,sdt3-homo-2 / RMSF,RMSF,Residue,473,0.12210983,nm,nm
line,overlay,sdt3-homo-2,sdt3-homo-2,rmsf,0gntokbh,0gntokbh::RMSF,sdt3-homo-2 / RMSF,RMSF,Residue,474,0.34581882,nm,nm
line,overlay,sdt3-homo-2,sdt3-homo-2,rmsf,0gntokbh,0gntokbh::RMSF,sdt3-homo-2 / RMSF,RMSF,Residue,475,0.5320943,nm,nm
line,overlay,sdt3-homo-2,sdt3-homo-2,rmsf,0gntokbh,0gntokbh::RMSF,sdt3-homo-2 / RMSF,RMSF,Residue,476,0.7983482,nm,nm
line,overlay,sdt3-homo-3,sdt3-homo-3,rmsf,498fwxg3,498fwxg3::RMSF,sdt3-homo-3 / RMSF,RMSF,Residue,1,0.30355513,nm,nm
line,overlay,sdt3-homo-3,sdt3-homo-3,rmsf,498fwxg3,498fwxg3::RMSF,sdt3-homo-3 / RMSF,RMSF,Residue,2,0.19287308,nm,nm
line,overlay,sdt3-homo-3,sdt3-homo-3,rmsf,498fwxg3,498fwxg3::RMSF,sdt3-homo-3 / RMSF,RMSF,Residue,3,0.10818051,nm,nm
line,overlay,sdt3-homo-3,sdt3-homo-3,rmsf,498fwxg3,498fwxg3::RMSF,sdt3-homo-3 / RMSF,RMSF,Residue,4,0.064347714,nm,nm
line,overlay,sdt3-homo-3,sdt3-homo-3,rmsf,498fwxg3,498fwxg3::RMSF,sdt3-homo-3 / RMSF,RMSF,Residue,5,0.056877665,nm,nm
line,overlay,sdt3-homo-3,sdt3-homo-3,rmsf,498fwxg3,498fwxg3::RMSF,sdt3-homo-3 / RMSF,RMSF,Residue,6,0.04895275,nm,nm
line,overlay,sdt3-homo-3,sdt3-homo-3,rmsf,498fwxg3,498fwxg3::RMSF,sdt3-homo-3 / RMSF,RMSF,Residue,7,0.046006385,nm,nm
line,overlay,sdt3-homo-3,sdt3-homo-3,rmsf,498fwxg3,498fwxg3::RMSF,sdt3-homo-3 / RMSF,RMSF,Residue,8,0.050075546,nm,nm
line,overlay,sdt3-homo-3,sdt3-homo-3,rmsf,498fwxg3,498fwxg3::RMSF,sdt3-homo-3 / RMSF,RMSF,Residue,9,0.06265881,nm,nm
line,overlay,sdt3-homo-3,sdt3-homo-3,rmsf,498fwxg3,498fwxg3::RMSF,sdt3-homo-3 / RMSF,RMSF,Residue,10,0.060711604,nm,nm
line,overlay,sdt3-homo-3,sdt3-homo-3,rmsf,498fwxg3,498fwxg3::RMSF,sdt3-homo-3 / RMSF,RMSF,Residue,11,0.05949595,nm,nm
line,overlay,sdt3-homo-3,sdt3-homo-3,rmsf,498fwxg3,498fwxg3::RMSF,sdt3-homo-3 / RMSF,RMSF,Residue,12,0.08304361,nm,nm
line,overlay,sdt3-homo-3,sdt3-homo-3,rmsf,498fwxg3,498fwxg3::RMSF,sdt3-homo-3 / RMSF,RMSF,Residue,13,0.09050892,nm,nm
line,overlay,sdt3-homo-3,sdt3-homo-3,rmsf,498fwxg3,498fwxg3::RMSF,sdt3-homo-3 / RMSF,RMSF,Residue,14,0.11534026,nm,nm
line,overlay,sdt3-homo-3,sdt3-homo-3,rmsf,498fwxg3,498fwxg3::RMSF,sdt3-homo-3 / RMSF,RMSF,Residue,15,0.10727321,nm,nm
line,overlay,sdt3-homo-3,sdt3-homo-3,rmsf,498fwxg3,498fwxg3::RMSF,sdt3-homo-3 / RMSF,RMSF,Residue,16,0.062976055,nm,nm
line,overlay,sdt3-homo-3,sdt3-homo-3,rmsf,498fwxg3,498fwxg3::RMSF,sdt3-homo-3 / RMSF,RMSF,Residue,17,0.046124525,nm,nm
line,overlay,sdt3-homo-3,sdt3-homo-3,rmsf,498fwxg3,498fwxg3::RMSF,sdt3-homo-3 / RMSF,RMSF,Residue,18,0.04880175,nm,nm
line,overlay,sdt3-homo-3,sdt3-homo-3,rmsf,498fwxg3,498fwxg3::RMSF,sdt3-homo-3 / RMSF,RMSF,Residue,19,0.049786925,nm,nm
line,overlay,sdt3-homo-3,sdt3-homo-3,rmsf,498fwxg3,498fwxg3::RMSF,sdt3-homo-3 / RMSF,RMSF,Residue,20,0.0485528,nm,nm
line,overlay,sdt3-homo-3,sdt3-homo-3,rmsf,498fwxg3,498fwxg3::RMSF,sdt3-homo-3 / RMSF,RMSF,Residue,21,0.05017169,nm,nm
line,overlay,sdt3-homo-3,sdt3-homo-3,rmsf,498fwxg3,498fwxg3::RMSF,sdt3-homo-3 / RMSF,RMSF,Residue,22,0.051773638,nm,nm
line,overlay,sdt3-homo-3,sdt3-homo-3,rmsf,498fwxg3,498fwxg3::RMSF,sdt3-homo-3 / RMSF,RMSF,Residue,23,0.047630552,nm,nm
line,overlay,sdt3-homo-3,sdt3-homo-3,rmsf,498fwxg3,498fwxg3::RMSF,sdt3-homo-3 / RMSF,RMSF,Residue,24,0.048500866,nm,nm
line,overlay,sdt3-homo-3,sdt3-homo-3,rmsf,498fwxg3,498fwxg3::RMSF,sdt3-homo-3 / RMSF,RMSF,Residue,25,0.050061844,nm,nm
line,overlay,sdt3-homo-3,sdt3-homo-3,rmsf,498fwxg3,498fwxg3::RMSF,sdt3-homo-3 / RMSF,RMSF,Residue,26,0.05225029,nm,nm
line,overlay,sdt3-homo-3,sdt3-homo-3,rmsf,498fwxg3,498fwxg3::RMSF,sdt3-homo-3 / RMSF,RMSF,Residue,27,0.052069698,nm,nm
line,overlay,sdt3-homo-3,sdt3-homo-3,rmsf,498fwxg3,498fwxg3::RMSF,sdt3-homo-3 / RMSF,RMSF,Residue,28,0.057421174,nm,nm
line,overlay,sdt3-homo-3,sdt3-homo-3,rmsf,498fwxg3,498fwxg3::RMSF,sdt3-homo-3 / RMSF,RMSF,Residue,29,0.069226615,nm,nm
line,overlay,sdt3-homo-3,sdt3-homo-3,rmsf,498fwxg3,498fwxg3::RMSF,sdt3-homo-3 / RMSF,RMSF,Residue,30,0.0762194,nm,nm
line,overlay,sdt3-homo-3,sdt3-homo-3,rmsf,498fwxg3,498fwxg3::RMSF,sdt3-homo-3 / RMSF,RMSF,Residue,31,0.08117099,nm,nm
line,overlay,sdt3-homo-3,sdt3-homo-3,rmsf,498fwxg3,498fwxg3::RMSF,sdt3-homo-3 / RMSF,RMSF,Residue,32,0.060657464,nm,nm
line,overlay,sdt3-homo-3,sdt3-homo-3,rmsf,498fwxg3,498fwxg3::RMSF,sdt3-homo-3 / RMSF,RMSF,Residue,33,0.059280764,nm,nm
line,overlay,sdt3-homo-3,sdt3-homo-3,rmsf,498fwxg3,498fwxg3::RMSF,sdt3-homo-3 / RMSF,RMSF,Residue,34,0.054295354,nm,nm
line,overlay,sdt3-homo-3,sdt3-homo-3,rmsf,498fwxg3,498fwxg3::RMSF,sdt3-homo-3 / RMSF,RMSF,Residue,35,0.051140957,nm,nm
line,overlay,sdt3-homo-3,sdt3-homo-3,rmsf,498fwxg3,498fwxg3::RMSF,sdt3-homo-3 / RMSF,RMSF,Residue,36,0.05370474,nm,nm
line,overlay,sdt3-homo-3,sdt3-homo-3,rmsf,498fwxg3,498fwxg3::RMSF,sdt3-homo-3 / RMSF,RMSF,Residue,37,0.06542181,nm,nm
line,overlay,sdt3-homo-3,sdt3-homo-3,rmsf,498fwxg3,498fwxg3::RMSF,sdt3-homo-3 / RMSF,RMSF,Residue,38,0.06937702,nm,nm
line,overlay,sdt3-homo-3,sdt3-homo-3,rmsf,498fwxg3,498fwxg3::RMSF,sdt3-homo-3 / RMSF,RMSF,Residue,39,0.08136718,nm,nm
line,overlay,sdt3-homo-3,sdt3-homo-3,rmsf,498fwxg3,498fwxg3::RMSF,sdt3-homo-3 / RMSF,RMSF,Residue,40,0.0935587,nm,nm
line,overlay,sdt3-homo-3,sdt3-homo-3,rmsf,498fwxg3,498fwxg3::RMSF,sdt3-homo-3 / RMSF,RMSF,Residue,41,0.12012895,nm,nm
line,overlay,sdt3-homo-3,sdt3-homo-3,rmsf,498fwxg3,498fwxg3::RMSF,sdt3-homo-3 / RMSF,RMSF,Residue,42,0.09511929,nm,nm
line,overlay,sdt3-homo-3,sdt3-homo-3,rmsf,498fwxg3,498fwxg3::RMSF,sdt3-homo-3 / RMSF,RMSF,Residue,43,0.1092446,nm,nm
line,overlay,sdt3-homo-3,sdt3-homo-3,rmsf,498fwxg3,498fwxg3::RMSF,sdt3-homo-3 / RMSF,RMSF,Residue,44,0.12192622,nm,nm
line,overlay,sdt3-homo-3,sdt3-homo-3,rmsf,498fwxg3,498fwxg3::RMSF,sdt3-homo-3 / RMSF,RMSF,Residue,45,0.11083996,nm,nm
line,overlay,sdt3-homo-3,sdt3-homo-3,rmsf,498fwxg3,498fwxg3::RMSF,sdt3-homo-3 / RMSF,RMSF,Residue,46,0.10222122,nm,nm
line,overlay,sdt3-homo-3,sdt3-homo-3,rmsf,498fwxg3,498fwxg3::RMSF,sdt3-homo-3 / RMSF,RMSF,Residue,47,0.12514848,nm,nm
line,overlay,sdt3-homo-3,sdt3-homo-3,rmsf,498fwxg3,498fwxg3::RMSF,sdt3-homo-3 / RMSF,RMSF,Residue,48,0.1154878,nm,nm
line,overlay,sdt3-homo-3,sdt3-homo-3,rmsf,498fwxg3,498fwxg3::RMSF,sdt3-homo-3 / RMSF,RMSF,Residue,49,0.09242271,nm,nm
line,overlay,sdt3-homo-3,sdt3-homo-3,rmsf,498fwxg3,498fwxg3::RMSF,sdt3-homo-3 / RMSF,RMSF,Residue,50,0.09250022,nm,nm
line,overlay,sdt3-homo-3,sdt3-homo-3,rmsf,498fwxg3,498fwxg3::RMSF,sdt3-homo-3 / RMSF,RMSF,Residue,51,0.10358523,nm,nm
line,overlay,sdt3-homo-3,sdt3-homo-3,rmsf,498fwxg3,498fwxg3::RMSF,sdt3-homo-3 / RMSF,RMSF,Residue,52,0.09908819,nm,nm
line,overlay,sdt3-homo-3,sdt3-homo-3,rmsf,498fwxg3,498fwxg3::RMSF,sdt3-homo-3 / RMSF,RMSF,Residue,53,0.0863607,nm,nm
line,overlay,sdt3-homo-3,sdt3-homo-3,rmsf,498fwxg3,498fwxg3::RMSF,sdt3-homo-3 / RMSF,RMSF,Residue,54,0.10523906,nm,nm
line,overlay,sdt3-homo-3,sdt3-homo-3,rmsf,498fwxg3,498fwxg3::RMSF,sdt3-homo-3 / RMSF,RMSF,Residue,55,0.13642132,nm,nm
line,overlay,sdt3-homo-3,sdt3-homo-3,rmsf,498fwxg3,498fwxg3::RMSF,sdt3-homo-3 / RMSF,RMSF,Residue,56,0.12854716,nm,nm
line,overlay,sdt3-homo-3,sdt3-homo-3,rmsf,498fwxg3,498fwxg3::RMSF,sdt3-homo-3 / RMSF,RMSF,Residue,57,0.113378994,nm,nm
line,overlay,sdt3-homo-3,sdt3-homo-3,rmsf,498fwxg3,498fwxg3::RMSF,sdt3-homo-3 / RMSF,RMSF,Residue,58,0.07890746,nm,nm
line,overlay,sdt3-homo-3,sdt3-homo-3,rmsf,498fwxg3,498fwxg3::RMSF,sdt3-homo-3 / RMSF,RMSF,Residue,59,0.076607406,nm,nm
line,overlay,sdt3-homo-3,sdt3-homo-3,rmsf,498fwxg3,498fwxg3::RMSF,sdt3-homo-3 / RMSF,RMSF,Residue,60,0.06896564,nm,nm
line,overlay,sdt3-homo-3,sdt3-homo-3,rmsf,498fwxg3,498fwxg3::RMSF,sdt3-homo-3 / RMSF,RMSF,Residue,61,0.06494621,nm,nm
line,overlay,sdt3-homo-3,sdt3-homo-3,rmsf,498fwxg3,498fwxg3::RMSF,sdt3-homo-3 / RMSF,RMSF,Residue,62,0.068526685,nm,nm
line,overlay,sdt3-homo-3,sdt3-homo-3,rmsf,498fwxg3,498fwxg3::RMSF,sdt3-homo-3 / RMSF,RMSF,Residue,63,0.06973173,nm,nm
line,overlay,sdt3-homo-3,sdt3-homo-3,rmsf,498fwxg3,498fwxg3::RMSF,sdt3-homo-3 / RMSF,RMSF,Residue,64,0.077233,nm,nm
line,overlay,sdt3-homo-3,sdt3-homo-3,rmsf,498fwxg3,498fwxg3::RMSF,sdt3-homo-3 / RMSF,RMSF,Residue,65,0.07775236,nm,nm
line,overlay,sdt3-homo-3,sdt3-homo-3,rmsf,498fwxg3,498fwxg3::RMSF,sdt3-homo-3 / RMSF,RMSF,Residue,66,0.088598244,nm,nm
line,overlay,sdt3-homo-3,sdt3-homo-3,rmsf,498fwxg3,498fwxg3::RMSF,sdt3-homo-3 / RMSF,RMSF,Residue,67,0.085718915,nm,nm
line,overlay,sdt3-homo-3,sdt3-homo-3,rmsf,498fwxg3,498fwxg3::RMSF,sdt3-homo-3 / RMSF,RMSF,Residue,68,0.091447555,nm,nm
line,overlay,sdt3-homo-3,sdt3-homo-3,rmsf,498fwxg3,498fwxg3::RMSF,sdt3-homo-3 / RMSF,RMSF,Residue,69,0.10791482,nm,nm
line,overlay,sdt3-homo-3,sdt3-homo-3,rmsf,498fwxg3,498fwxg3::RMSF,sdt3-homo-3 / RMSF,RMSF,Residue,70,0.13904518,nm,nm
line,overlay,sdt3-homo-3,sdt3-homo-3,rmsf,498fwxg3,498fwxg3::RMSF,sdt3-homo-3 / RMSF,RMSF,Residue,71,0.13951829,nm,nm
line,overlay,sdt3-homo-3,sdt3-homo-3,rmsf,498fwxg3,498fwxg3::RMSF,sdt3-homo-3 / RMSF,RMSF,Residue,72,0.12684867,nm,nm
line,overlay,sdt3-homo-3,sdt3-homo-3,rmsf,498fwxg3,498fwxg3::RMSF,sdt3-homo-3 / RMSF,RMSF,Residue,73,0.13961689,nm,nm
line,overlay,sdt3-homo-3,sdt3-homo-3,rmsf,498fwxg3,498fwxg3::RMSF,sdt3-homo-3 / RMSF,RMSF,Residue,74,0.12833829,nm,nm
line,overlay,sdt3-homo-3,sdt3-homo-3,rmsf,498fwxg3,498fwxg3::RMSF,sdt3-homo-3 / RMSF,RMSF,Residue,75,0.18442494,nm,nm
line,overlay,sdt3-homo-3,sdt3-homo-3,rmsf,498fwxg3,498fwxg3::RMSF,sdt3-homo-3 / RMSF,RMSF,Residue,76,0.23916629,nm,nm
line,overlay,sdt3-homo-3,sdt3-homo-3,rmsf,498fwxg3,498fwxg3::RMSF,sdt3-homo-3 / RMSF,RMSF,Residue,77,0.26376504,nm,nm
line,overlay,sdt3-homo-3,sdt3-homo-3,rmsf,498fwxg3,498fwxg3::RMSF,sdt3-homo-3 / RMSF,RMSF,Residue,78,0.19097196,nm,nm
line,overlay,sdt3-homo-3,sdt3-homo-3,rmsf,498fwxg3,498fwxg3::RMSF,sdt3-homo-3 / RMSF,RMSF,Residue,79,0.14511524,nm,nm
line,overlay,sdt3-homo-3,sdt3-homo-3,rmsf,498fwxg3,498fwxg3::RMSF,sdt3-homo-3 / RMSF,RMSF,Residue,80,0.10415804,nm,nm
line,overlay,sdt3-homo-3,sdt3-homo-3,rmsf,498fwxg3,498fwxg3::RMSF,sdt3-homo-3 / RMSF,RMSF,Residue,81,0.099774785,nm,nm
line,overlay,sdt3-homo-3,sdt3-homo-3,rmsf,498fwxg3,498fwxg3::RMSF,sdt3-homo-3 / RMSF,RMSF,Residue,82,0.15009445,nm,nm
line,overlay,sdt3-homo-3,sdt3-homo-3,rmsf,498fwxg3,498fwxg3::RMSF,sdt3-homo-3 / RMSF,RMSF,Residue,83,0.16636094,nm,nm
line,overlay,sdt3-homo-3,sdt3-homo-3,rmsf,498fwxg3,498fwxg3::RMSF,sdt3-homo-3 / RMSF,RMSF,Residue,84,0.15419044,nm,nm
line,overlay,sdt3-homo-3,sdt3-homo-3,rmsf,498fwxg3,498fwxg3::RMSF,sdt3-homo-3 / RMSF,RMSF,Residue,85,0.1998244,nm,nm
line,overlay,sdt3-homo-3,sdt3-homo-3,rmsf,498fwxg3,498fwxg3::RMSF,sdt3-homo-3 / RMSF,RMSF,Residue,86,0.16779833,nm,nm
line,overlay,sdt3-homo-3,sdt3-homo-3,rmsf,498fwxg3,498fwxg3::RMSF,sdt3-homo-3 / RMSF,RMSF,Residue,87,0.16082701,nm,nm
line,overlay,sdt3-homo-3,sdt3-homo-3,rmsf,498fwxg3,498fwxg3::RMSF,sdt3-homo-3 / RMSF,RMSF,Residue,88,0.13526404,nm,nm
line,overlay,sdt3-homo-3,sdt3-homo-3,rmsf,498fwxg3,498fwxg3::RMSF,sdt3-homo-3 / RMSF,RMSF,Residue,89,0.113400914,nm,nm
line,overlay,sdt3-homo-3,sdt3-homo-3,rmsf,498fwxg3,498fwxg3::RMSF,sdt3-homo-3 / RMSF,RMSF,Residue,90,0.10592165,nm,nm
line,overlay,sdt3-homo-3,sdt3-homo-3,rmsf,498fwxg3,498fwxg3::RMSF,sdt3-homo-3 / RMSF,RMSF,Residue,91,0.104565345,nm,nm
line,overlay,sdt3-homo-3,sdt3-homo-3,rmsf,498fwxg3,498fwxg3::RMSF,sdt3-homo-3 / RMSF,RMSF,Residue,92,0.09779344,nm,nm
line,overlay,sdt3-homo-3,sdt3-homo-3,rmsf,498fwxg3,498fwxg3::RMSF,sdt3-homo-3 / RMSF,RMSF,Residue,93,0.08486504,nm,nm
line,overlay,sdt3-homo-3,sdt3-homo-3,rmsf,498fwxg3,498fwxg3::RMSF,sdt3-homo-3 / RMSF,RMSF,Residue,94,0.0880701,nm,nm
line,overlay,sdt3-homo-3,sdt3-homo-3,rmsf,498fwxg3,498fwxg3::RMSF,sdt3-homo-3 / RMSF,RMSF,Residue,95,0.08920508,nm,nm
line,overlay,sdt3-homo-3,sdt3-homo-3,rmsf,498fwxg3,498fwxg3::RMSF,sdt3-homo-3 / RMSF,RMSF,Residue,96,0.07988509,nm,nm
line,overlay,sdt3-homo-3,sdt3-homo-3,rmsf,498fwxg3,498fwxg3::RMSF,sdt3-homo-3 / RMSF,RMSF,Residue,97,0.07215573,nm,nm
line,overlay,sdt3-homo-3,sdt3-homo-3,rmsf,498fwxg3,498fwxg3::RMSF,sdt3-homo-3 / RMSF,RMSF,Residue,98,0.07472884,nm,nm
line,overlay,sdt3-homo-3,sdt3-homo-3,rmsf,498fwxg3,498fwxg3::RMSF,sdt3-homo-3 / RMSF,RMSF,Residue,99,0.0803388,nm,nm
line,overlay,sdt3-homo-3,sdt3-homo-3,rmsf,498fwxg3,498fwxg3::RMSF,sdt3-homo-3 / RMSF,RMSF,Residue,100,0.07772265,nm,nm
line,overlay,sdt3-homo-3,sdt3-homo-3,rmsf,498fwxg3,498fwxg3::RMSF,sdt3-homo-3 / RMSF,RMSF,Residue,101,0.07567849,nm,nm
line,overlay,sdt3-homo-3,sdt3-homo-3,rmsf,498fwxg3,498fwxg3::RMSF,sdt3-homo-3 / RMSF,RMSF,Residue,102,0.080924734,nm,nm
line,overlay,sdt3-homo-3,sdt3-homo-3,rmsf,498fwxg3,498fwxg3::RMSF,sdt3-homo-3 / RMSF,RMSF,Residue,103,0.0793778,nm,nm
line,overlay,sdt3-homo-3,sdt3-homo-3,rmsf,498fwxg3,498fwxg3::RMSF,sdt3-homo-3 / RMSF,RMSF,Residue,104,0.067397825,nm,nm
line,overlay,sdt3-homo-3,sdt3-homo-3,rmsf,498fwxg3,498fwxg3::RMSF,sdt3-homo-3 / RMSF,RMSF,Residue,105,0.07042664,nm,nm
line,overlay,sdt3-homo-3,sdt3-homo-3,rmsf,498fwxg3,498fwxg3::RMSF,sdt3-homo-3 / RMSF,RMSF,Residue,106,0.07974579,nm,nm
line,overlay,sdt3-homo-3,sdt3-homo-3,rmsf,498fwxg3,498fwxg3::RMSF,sdt3-homo-3 / RMSF,RMSF,Residue,107,0.07274893,nm,nm
line,overlay,sdt3-homo-3,sdt3-homo-3,rmsf,498fwxg3,498fwxg3::RMSF,sdt3-homo-3 / RMSF,RMSF,Residue,108,0.066408716,nm,nm
line,overlay,sdt3-homo-3,sdt3-homo-3,rmsf,498fwxg3,498fwxg3::RMSF,sdt3-homo-3 / RMSF,RMSF,Residue,109,0.08611011,nm,nm
line,overlay,sdt3-homo-3,sdt3-homo-3,rmsf,498fwxg3,498fwxg3::RMSF,sdt3-homo-3 / RMSF,RMSF,Residue,110,0.095463425,nm,nm
line,overlay,sdt3-homo-3,sdt3-homo-3,rmsf,498fwxg3,498fwxg3::RMSF,sdt3-homo-3 / RMSF,RMSF,Residue,111,0.085777245,nm,nm
line,overlay,sdt3-homo-3,sdt3-homo-3,rmsf,498fwxg3,498fwxg3::RMSF,sdt3-homo-3 / RMSF,RMSF,Residue,112,0.07650326,nm,nm
line,overlay,sdt3-homo-3,sdt3-homo-3,rmsf,498fwxg3,498fwxg3::RMSF,sdt3-homo-3 / RMSF,RMSF,Residue,113,0.062411483,nm,nm
line,overlay,sdt3-homo-3,sdt3-homo-3,rmsf,498fwxg3,498fwxg3::RMSF,sdt3-homo-3 / RMSF,RMSF,Residue,114,0.05541104,nm,nm
line,overlay,sdt3-homo-3,sdt3-homo-3,rmsf,498fwxg3,498fwxg3::RMSF,sdt3-homo-3 / RMSF,RMSF,Residue,115,0.05527688,nm,nm
line,overlay,sdt3-homo-3,sdt3-homo-3,rmsf,498fwxg3,498fwxg3::RMSF,sdt3-homo-3 / RMSF,RMSF,Residue,116,0.049856048,nm,nm
line,overlay,sdt3-homo-3,sdt3-homo-3,rmsf,498fwxg3,498fwxg3::RMSF,sdt3-homo-3 / RMSF,RMSF,Residue,117,0.05602498,nm,nm
line,overlay,sdt3-homo-3,sdt3-homo-3,rmsf,498fwxg3,498fwxg3::RMSF,sdt3-homo-3 / RMSF,RMSF,Residue,118,0.058301277,nm,nm
line,overlay,sdt3-homo-3,sdt3-homo-3,rmsf,498fwxg3,498fwxg3::RMSF,sdt3-homo-3 / RMSF,RMSF,Residue,119,0.053349867,nm,nm
line,overlay,sdt3-homo-3,sdt3-homo-3,rmsf,498fwxg3,498fwxg3::RMSF,sdt3-homo-3 / RMSF,RMSF,Residue,120,0.060400352,nm,nm
line,overlay,sdt3-homo-3,sdt3-homo-3,rmsf,498fwxg3,498fwxg3::RMSF,sdt3-homo-3 / RMSF,RMSF,Residue,121,0.06797678,nm,nm
line,overlay,sdt3-homo-3,sdt3-homo-3,rmsf,498fwxg3,498fwxg3::RMSF,sdt3-homo-3 / RMSF,RMSF,Residue,122,0.06273769,nm,nm
line,overlay,sdt3-homo-3,sdt3-homo-3,rmsf,498fwxg3,498fwxg3::RMSF,sdt3-homo-3 / RMSF,RMSF,Residue,123,0.0686508,nm,nm
line,overlay,sdt3-homo-3,sdt3-homo-3,rmsf,498fwxg3,498fwxg3::RMSF,sdt3-homo-3 / RMSF,RMSF,Residue,124,0.068782926,nm,nm
line,overlay,sdt3-homo-3,sdt3-homo-3,rmsf,498fwxg3,498fwxg3::RMSF,sdt3-homo-3 / RMSF,RMSF,Residue,125,0.058016505,nm,nm
line,overlay,sdt3-homo-3,sdt3-homo-3,rmsf,498fwxg3,498fwxg3::RMSF,sdt3-homo-3 / RMSF,RMSF,Residue,126,0.06536812,nm,nm
line,overlay,sdt3-homo-3,sdt3-homo-3,rmsf,498fwxg3,498fwxg3::RMSF,sdt3-homo-3 / RMSF,RMSF,Residue,127,0.07733903,nm,nm
line,overlay,sdt3-homo-3,sdt3-homo-3,rmsf,498fwxg3,498fwxg3::RMSF,sdt3-homo-3 / RMSF,RMSF,Residue,128,0.06830257,nm,nm
line,overlay,sdt3-homo-3,sdt3-homo-3,rmsf,498fwxg3,498fwxg3::RMSF,sdt3-homo-3 / RMSF,RMSF,Residue,129,0.06319941,nm,nm
line,overlay,sdt3-homo-3,sdt3-homo-3,rmsf,498fwxg3,498fwxg3::RMSF,sdt3-homo-3 / RMSF,RMSF,Residue,130,0.076581575,nm,nm
line,overlay,sdt3-homo-3,sdt3-homo-3,rmsf,498fwxg3,498fwxg3::RMSF,sdt3-homo-3 / RMSF,RMSF,Residue,131,0.090746395,nm,nm
line,overlay,sdt3-homo-3,sdt3-homo-3,rmsf,498fwxg3,498fwxg3::RMSF,sdt3-homo-3 / RMSF,RMSF,Residue,132,0.083702676,nm,nm
line,overlay,sdt3-homo-3,sdt3-homo-3,rmsf,498fwxg3,498fwxg3::RMSF,sdt3-homo-3 / RMSF,RMSF,Residue,133,0.08022563,nm,nm
line,overlay,sdt3-homo-3,sdt3-homo-3,rmsf,498fwxg3,498fwxg3::RMSF,sdt3-homo-3 / RMSF,RMSF,Residue,134,0.06635572,nm,nm
line,overlay,sdt3-homo-3,sdt3-homo-3,rmsf,498fwxg3,498fwxg3::RMSF,sdt3-homo-3 / RMSF,RMSF,Residue,135,0.057469003,nm,nm
line,overlay,sdt3-homo-3,sdt3-homo-3,rmsf,498fwxg3,498fwxg3::RMSF,sdt3-homo-3 / RMSF,RMSF,Residue,136,0.048896793,nm,nm
line,overlay,sdt3-homo-3,sdt3-homo-3,rmsf,498fwxg3,498fwxg3::RMSF,sdt3-homo-3 / RMSF,RMSF,Residue,137,0.05077702,nm,nm
line,overlay,sdt3-homo-3,sdt3-homo-3,rmsf,498fwxg3,498fwxg3::RMSF,sdt3-homo-3 / RMSF,RMSF,Residue,138,0.045976236,nm,nm
line,overlay,sdt3-homo-3,sdt3-homo-3,rmsf,498fwxg3,498fwxg3::RMSF,sdt3-homo-3 / RMSF,RMSF,Residue,139,0.044933643,nm,nm
line,overlay,sdt3-homo-3,sdt3-homo-3,rmsf,498fwxg3,498fwxg3::RMSF,sdt3-homo-3 / RMSF,RMSF,Residue,140,0.055506088,nm,nm
line,overlay,sdt3-homo-3,sdt3-homo-3,rmsf,498fwxg3,498fwxg3::RMSF,sdt3-homo-3 / RMSF,RMSF,Residue,141,0.077466324,nm,nm
line,overlay,sdt3-homo-3,sdt3-homo-3,rmsf,498fwxg3,498fwxg3::RMSF,sdt3-homo-3 / RMSF,RMSF,Residue,142,0.072391324,nm,nm
line,overlay,sdt3-homo-3,sdt3-homo-3,rmsf,498fwxg3,498fwxg3::RMSF,sdt3-homo-3 / RMSF,RMSF,Residue,143,0.07236188,nm,nm
line,overlay,sdt3-homo-3,sdt3-homo-3,rmsf,498fwxg3,498fwxg3::RMSF,sdt3-homo-3 / RMSF,RMSF,Residue,144,0.06625553,nm,nm
line,overlay,sdt3-homo-3,sdt3-homo-3,rmsf,498fwxg3,498fwxg3::RMSF,sdt3-homo-3 / RMSF,RMSF,Residue,145,0.05715146,nm,nm
line,overlay,sdt3-homo-3,sdt3-homo-3,rmsf,498fwxg3,498fwxg3::RMSF,sdt3-homo-3 / RMSF,RMSF,Residue,146,0.056372073,nm,nm
line,overlay,sdt3-homo-3,sdt3-homo-3,rmsf,498fwxg3,498fwxg3::RMSF,sdt3-homo-3 / RMSF,RMSF,Residue,147,0.054608338,nm,nm
line,overlay,sdt3-homo-3,sdt3-homo-3,rmsf,498fwxg3,498fwxg3::RMSF,sdt3-homo-3 / RMSF,RMSF,Residue,148,0.054699276,nm,nm
line,overlay,sdt3-homo-3,sdt3-homo-3,rmsf,498fwxg3,498fwxg3::RMSF,sdt3-homo-3 / RMSF,RMSF,Residue,149,0.057043504,nm,nm
line,overlay,sdt3-homo-3,sdt3-homo-3,rmsf,498fwxg3,498fwxg3::RMSF,sdt3-homo-3 / RMSF,RMSF,Residue,150,0.06579321,nm,nm
line,overlay,sdt3-homo-3,sdt3-homo-3,rmsf,498fwxg3,498fwxg3::RMSF,sdt3-homo-3 / RMSF,RMSF,Residue,151,0.07298651,nm,nm
line,overlay,sdt3-homo-3,sdt3-homo-3,rmsf,498fwxg3,498fwxg3::RMSF,sdt3-homo-3 / RMSF,RMSF,Residue,152,0.07393367,nm,nm
line,overlay,sdt3-homo-3,sdt3-homo-3,rmsf,498fwxg3,498fwxg3::RMSF,sdt3-homo-3 / RMSF,RMSF,Residue,153,0.07371962,nm,nm
line,overlay,sdt3-homo-3,sdt3-homo-3,rmsf,498fwxg3,498fwxg3::RMSF,sdt3-homo-3 / RMSF,RMSF,Residue,154,0.089174934,nm,nm
line,overlay,sdt3-homo-3,sdt3-homo-3,rmsf,498fwxg3,498fwxg3::RMSF,sdt3-homo-3 / RMSF,RMSF,Residue,155,0.1014255,nm,nm
line,overlay,sdt3-homo-3,sdt3-homo-3,rmsf,498fwxg3,498fwxg3::RMSF,sdt3-homo-3 / RMSF,RMSF,Residue,156,0.101816446,nm,nm
line,overlay,sdt3-homo-3,sdt3-homo-3,rmsf,498fwxg3,498fwxg3::RMSF,sdt3-homo-3 / RMSF,RMSF,Residue,157,0.09647601,nm,nm
line,overlay,sdt3-homo-3,sdt3-homo-3,rmsf,498fwxg3,498fwxg3::RMSF,sdt3-homo-3 / RMSF,RMSF,Residue,158,0.08973084,nm,nm
line,overlay,sdt3-homo-3,sdt3-homo-3,rmsf,498fwxg3,498fwxg3::RMSF,sdt3-homo-3 / RMSF,RMSF,Residue,159,0.09843533,nm,nm
line,overlay,sdt3-homo-3,sdt3-homo-3,rmsf,498fwxg3,498fwxg3::RMSF,sdt3-homo-3 / RMSF,RMSF,Residue,160,0.12057073,nm,nm
line,overlay,sdt3-homo-3,sdt3-homo-3,rmsf,498fwxg3,498fwxg3::RMSF,sdt3-homo-3 / RMSF,RMSF,Residue,161,0.154069,nm,nm
line,overlay,sdt3-homo-3,sdt3-homo-3,rmsf,498fwxg3,498fwxg3::RMSF,sdt3-homo-3 / RMSF,RMSF,Residue,162,0.12115462,nm,nm
line,overlay,sdt3-homo-3,sdt3-homo-3,rmsf,498fwxg3,498fwxg3::RMSF,sdt3-homo-3 / RMSF,RMSF,Residue,163,0.15971956,nm,nm
line,overlay,sdt3-homo-3,sdt3-homo-3,rmsf,498fwxg3,498fwxg3::RMSF,sdt3-homo-3 / RMSF,RMSF,Residue,164,0.1244769,nm,nm
line,overlay,sdt3-homo-3,sdt3-homo-3,rmsf,498fwxg3,498fwxg3::RMSF,sdt3-homo-3 / RMSF,RMSF,Residue,165,0.1169243,nm,nm
line,overlay,sdt3-homo-3,sdt3-homo-3,rmsf,498fwxg3,498fwxg3::RMSF,sdt3-homo-3 / RMSF,RMSF,Residue,166,0.12089211,nm,nm
line,overlay,sdt3-homo-3,sdt3-homo-3,rmsf,498fwxg3,498fwxg3::RMSF,sdt3-homo-3 / RMSF,RMSF,Residue,167,0.10298853,nm,nm
line,overlay,sdt3-homo-3,sdt3-homo-3,rmsf,498fwxg3,498fwxg3::RMSF,sdt3-homo-3 / RMSF,RMSF,Residue,168,0.0867129,nm,nm
line,overlay,sdt3-homo-3,sdt3-homo-3,rmsf,498fwxg3,498fwxg3::RMSF,sdt3-homo-3 / RMSF,RMSF,Residue,169,0.079706915,nm,nm
line,overlay,sdt3-homo-3,sdt3-homo-3,rmsf,498fwxg3,498fwxg3::RMSF,sdt3-homo-3 / RMSF,RMSF,Residue,170,0.07898646,nm,nm
line,overlay,sdt3-homo-3,sdt3-homo-3,rmsf,498fwxg3,498fwxg3::RMSF,sdt3-homo-3 / RMSF,RMSF,Residue,171,0.079400755,nm,nm
line,overlay,sdt3-homo-3,sdt3-homo-3,rmsf,498fwxg3,498fwxg3::RMSF,sdt3-homo-3 / RMSF,RMSF,Residue,172,0.09413226,nm,nm
line,overlay,sdt3-homo-3,sdt3-homo-3,rmsf,498fwxg3,498fwxg3::RMSF,sdt3-homo-3 / RMSF,RMSF,Residue,173,0.120822065,nm,nm
line,overlay,sdt3-homo-3,sdt3-homo-3,rmsf,498fwxg3,498fwxg3::RMSF,sdt3-homo-3 / RMSF,RMSF,Residue,174,0.1340671,nm,nm
line,overlay,sdt3-homo-3,sdt3-homo-3,rmsf,498fwxg3,498fwxg3::RMSF,sdt3-homo-3 / RMSF,RMSF,Residue,175,0.13846812,nm,nm
line,overlay,sdt3-homo-3,sdt3-homo-3,rmsf,498fwxg3,498fwxg3::RMSF,sdt3-homo-3 / RMSF,RMSF,Residue,176,0.11503316,nm,nm
line,overlay,sdt3-homo-3,sdt3-homo-3,rmsf,498fwxg3,498fwxg3::RMSF,sdt3-homo-3 / RMSF,RMSF,Residue,177,0.122708365,nm,nm
line,overlay,sdt3-homo-3,sdt3-homo-3,rmsf,498fwxg3,498fwxg3::RMSF,sdt3-homo-3 / RMSF,RMSF,Residue,178,0.09246586,nm,nm
line,overlay,sdt3-homo-3,sdt3-homo-3,rmsf,498fwxg3,498fwxg3::RMSF,sdt3-homo-3 / RMSF,RMSF,Residue,179,0.08591624,nm,nm
line,overlay,sdt3-homo-3,sdt3-homo-3,rmsf,498fwxg3,498fwxg3::RMSF,sdt3-homo-3 / RMSF,RMSF,Residue,180,0.06814825,nm,nm
line,overlay,sdt3-homo-3,sdt3-homo-3,rmsf,498fwxg3,498fwxg3::RMSF,sdt3-homo-3 / RMSF,RMSF,Residue,181,0.06775025,nm,nm
line,overlay,sdt3-homo-3,sdt3-homo-3,rmsf,498fwxg3,498fwxg3::RMSF,sdt3-homo-3 / RMSF,RMSF,Residue,182,0.07040006,nm,nm
line,overlay,sdt3-homo-3,sdt3-homo-3,rmsf,498fwxg3,498fwxg3::RMSF,sdt3-homo-3 / RMSF,RMSF,Residue,183,0.06613484,nm,nm
line,overlay,sdt3-homo-3,sdt3-homo-3,rmsf,498fwxg3,498fwxg3::RMSF,sdt3-homo-3 / RMSF,RMSF,Residue,184,0.061005037,nm,nm
line,overlay,sdt3-homo-3,sdt3-homo-3,rmsf,498fwxg3,498fwxg3::RMSF,sdt3-homo-3 / RMSF,RMSF,Residue,185,0.068757966,nm,nm
line,overlay,sdt3-homo-3,sdt3-homo-3,rmsf,498fwxg3,498fwxg3::RMSF,sdt3-homo-3 / RMSF,RMSF,Residue,186,0.07578745,nm,nm
line,overlay,sdt3-homo-3,sdt3-homo-3,rmsf,498fwxg3,498fwxg3::RMSF,sdt3-homo-3 / RMSF,RMSF,Residue,187,0.095754504,nm,nm
line,overlay,sdt3-homo-3,sdt3-homo-3,rmsf,498fwxg3,498fwxg3::RMSF,sdt3-homo-3 / RMSF,RMSF,Residue,188,0.11644652,nm,nm
line,overlay,sdt3-homo-3,sdt3-homo-3,rmsf,498fwxg3,498fwxg3::RMSF,sdt3-homo-3 / RMSF,RMSF,Residue,189,0.11166064,nm,nm
line,overlay,sdt3-homo-3,sdt3-homo-3,rmsf,498fwxg3,498fwxg3::RMSF,sdt3-homo-3 / RMSF,RMSF,Residue,190,0.11864967,nm,nm
line,overlay,sdt3-homo-3,sdt3-homo-3,rmsf,498fwxg3,498fwxg3::RMSF,sdt3-homo-3 / RMSF,RMSF,Residue,191,0.17094205,nm,nm
line,overlay,sdt3-homo-3,sdt3-homo-3,rmsf,498fwxg3,498fwxg3::RMSF,sdt3-homo-3 / RMSF,RMSF,Residue,192,0.22215678,nm,nm
line,overlay,sdt3-homo-3,sdt3-homo-3,rmsf,498fwxg3,498fwxg3::RMSF,sdt3-homo-3 / RMSF,RMSF,Residue,193,0.23490308,nm,nm
line,overlay,sdt3-homo-3,sdt3-homo-3,rmsf,498fwxg3,498fwxg3::RMSF,sdt3-homo-3 / RMSF,RMSF,Residue,194,0.20699114,nm,nm
line,overlay,sdt3-homo-3,sdt3-homo-3,rmsf,498fwxg3,498fwxg3::RMSF,sdt3-homo-3 / RMSF,RMSF,Residue,195,0.1312687,nm,nm
line,overlay,sdt3-homo-3,sdt3-homo-3,rmsf,498fwxg3,498fwxg3::RMSF,sdt3-homo-3 / RMSF,RMSF,Residue,196,0.13420282,nm,nm
line,overlay,sdt3-homo-3,sdt3-homo-3,rmsf,498fwxg3,498fwxg3::RMSF,sdt3-homo-3 / RMSF,RMSF,Residue,197,0.114400014,nm,nm
line,overlay,sdt3-homo-3,sdt3-homo-3,rmsf,498fwxg3,498fwxg3::RMSF,sdt3-homo-3 / RMSF,RMSF,Residue,198,0.10859498,nm,nm
line,overlay,sdt3-homo-3,sdt3-homo-3,rmsf,498fwxg3,498fwxg3::RMSF,sdt3-homo-3 / RMSF,RMSF,Residue,199,0.1120224,nm,nm
line,overlay,sdt3-homo-3,sdt3-homo-3,rmsf,498fwxg3,498fwxg3::RMSF,sdt3-homo-3 / RMSF,RMSF,Residue,200,0.10012851,nm,nm
line,overlay,sdt3-homo-3,sdt3-homo-3,rmsf,498fwxg3,498fwxg3::RMSF,sdt3-homo-3 / RMSF,RMSF,Residue,201,0.087592006,nm,nm
line,overlay,sdt3-homo-3,sdt3-homo-3,rmsf,498fwxg3,498fwxg3::RMSF,sdt3-homo-3 / RMSF,RMSF,Residue,202,0.085864335,nm,nm
line,overlay,sdt3-homo-3,sdt3-homo-3,rmsf,498fwxg3,498fwxg3::RMSF,sdt3-homo-3 / RMSF,RMSF,Residue,203,0.078242764,nm,nm
line,overlay,sdt3-homo-3,sdt3-homo-3,rmsf,498fwxg3,498fwxg3::RMSF,sdt3-homo-3 / RMSF,RMSF,Residue,204,0.07186438,nm,nm
line,overlay,sdt3-homo-3,sdt3-homo-3,rmsf,498fwxg3,498fwxg3::RMSF,sdt3-homo-3 / RMSF,RMSF,Residue,205,0.07954637,nm,nm
line,overlay,sdt3-homo-3,sdt3-homo-3,rmsf,498fwxg3,498fwxg3::RMSF,sdt3-homo-3 / RMSF,RMSF,Residue,206,0.08101886,nm,nm
line,overlay,sdt3-homo-3,sdt3-homo-3,rmsf,498fwxg3,498fwxg3::RMSF,sdt3-homo-3 / RMSF,RMSF,Residue,207,0.06841951,nm,nm
line,overlay,sdt3-homo-3,sdt3-homo-3,rmsf,498fwxg3,498fwxg3::RMSF,sdt3-homo-3 / RMSF,RMSF,Residue,208,0.08225297,nm,nm
line,overlay,sdt3-homo-3,sdt3-homo-3,rmsf,498fwxg3,498fwxg3::RMSF,sdt3-homo-3 / RMSF,RMSF,Residue,209,0.09916845,nm,nm
line,overlay,sdt3-homo-3,sdt3-homo-3,rmsf,498fwxg3,498fwxg3::RMSF,sdt3-homo-3 / RMSF,RMSF,Residue,210,0.082889736,nm,nm
line,overlay,sdt3-homo-3,sdt3-homo-3,rmsf,498fwxg3,498fwxg3::RMSF,sdt3-homo-3 / RMSF,RMSF,Residue,211,0.06248207,nm,nm
line,overlay,sdt3-homo-3,sdt3-homo-3,rmsf,498fwxg3,498fwxg3::RMSF,sdt3-homo-3 / RMSF,RMSF,Residue,212,0.056313664,nm,nm
line,overlay,sdt3-homo-3,sdt3-homo-3,rmsf,498fwxg3,498fwxg3::RMSF,sdt3-homo-3 / RMSF,RMSF,Residue,213,0.06227955,nm,nm
line,overlay,sdt3-homo-3,sdt3-homo-3,rmsf,498fwxg3,498fwxg3::RMSF,sdt3-homo-3 / RMSF,RMSF,Residue,214,0.04889812,nm,nm
line,overlay,sdt3-homo-3,sdt3-homo-3,rmsf,498fwxg3,498fwxg3::RMSF,sdt3-homo-3 / RMSF,RMSF,Residue,215,0.045634195,nm,nm
line,overlay,sdt3-homo-3,sdt3-homo-3,rmsf,498fwxg3,498fwxg3::RMSF,sdt3-homo-3 / RMSF,RMSF,Residue,216,0.049484555,nm,nm
line,overlay,sdt3-homo-3,sdt3-homo-3,rmsf,498fwxg3,498fwxg3::RMSF,sdt3-homo-3 / RMSF,RMSF,Residue,217,0.053402644,nm,nm
line,overlay,sdt3-homo-3,sdt3-homo-3,rmsf,498fwxg3,498fwxg3::RMSF,sdt3-homo-3 / RMSF,RMSF,Residue,218,0.053521186,nm,nm
line,overlay,sdt3-homo-3,sdt3-homo-3,rmsf,498fwxg3,498fwxg3::RMSF,sdt3-homo-3 / RMSF,RMSF,Residue,219,0.054766774,nm,nm
line,overlay,sdt3-homo-3,sdt3-homo-3,rmsf,498fwxg3,498fwxg3::RMSF,sdt3-homo-3 / RMSF,RMSF,Residue,220,0.06549191,nm,nm
line,overlay,sdt3-homo-3,sdt3-homo-3,rmsf,498fwxg3,498fwxg3::RMSF,sdt3-homo-3 / RMSF,RMSF,Residue,221,0.07384969,nm,nm
line,overlay,sdt3-homo-3,sdt3-homo-3,rmsf,498fwxg3,498fwxg3::RMSF,sdt3-homo-3 / RMSF,RMSF,Residue,222,0.06465078,nm,nm
line,overlay,sdt3-homo-3,sdt3-homo-3,rmsf,498fwxg3,498fwxg3::RMSF,sdt3-homo-3 / RMSF,RMSF,Residue,223,0.06936704,nm,nm
line,overlay,sdt3-homo-3,sdt3-homo-3,rmsf,498fwxg3,498fwxg3::RMSF,sdt3-homo-3 / RMSF,RMSF,Residue,224,0.06902904,nm,nm
line,overlay,sdt3-homo-3,sdt3-homo-3,rmsf,498fwxg3,498fwxg3::RMSF,sdt3-homo-3 / RMSF,RMSF,Residue,225,0.06924228,nm,nm
line,overlay,sdt3-homo-3,sdt3-homo-3,rmsf,498fwxg3,498fwxg3::RMSF,sdt3-homo-3 / RMSF,RMSF,Residue,226,0.06736707,nm,nm
line,overlay,sdt3-homo-3,sdt3-homo-3,rmsf,498fwxg3,498fwxg3::RMSF,sdt3-homo-3 / RMSF,RMSF,Residue,227,0.061415654,nm,nm
line,overlay,sdt3-homo-3,sdt3-homo-3,rmsf,498fwxg3,498fwxg3::RMSF,sdt3-homo-3 / RMSF,RMSF,Residue,228,0.07005773,nm,nm
line,overlay,sdt3-homo-3,sdt3-homo-3,rmsf,498fwxg3,498fwxg3::RMSF,sdt3-homo-3 / RMSF,RMSF,Residue,229,0.07577896,nm,nm
line,overlay,sdt3-homo-3,sdt3-homo-3,rmsf,498fwxg3,498fwxg3::RMSF,sdt3-homo-3 / RMSF,RMSF,Residue,230,0.06659436,nm,nm
line,overlay,sdt3-homo-3,sdt3-homo-3,rmsf,498fwxg3,498fwxg3::RMSF,sdt3-homo-3 / RMSF,RMSF,Residue,231,0.070231706,nm,nm
line,overlay,sdt3-homo-3,sdt3-homo-3,rmsf,498fwxg3,498fwxg3::RMSF,sdt3-homo-3 / RMSF,RMSF,Residue,232,0.09421196,nm,nm
line,overlay,sdt3-homo-3,sdt3-homo-3,rmsf,498fwxg3,498fwxg3::RMSF,sdt3-homo-3 / RMSF,RMSF,Residue,233,0.10647791,nm,nm
line,overlay,sdt3-homo-3,sdt3-homo-3,rmsf,498fwxg3,498fwxg3::RMSF,sdt3-homo-3 / RMSF,RMSF,Residue,234,0.09603397,nm,nm
line,overlay,sdt3-homo-3,sdt3-homo-3,rmsf,498fwxg3,498fwxg3::RMSF,sdt3-homo-3 / RMSF,RMSF,Residue,235,0.0908004,nm,nm
line,overlay,sdt3-homo-3,sdt3-homo-3,rmsf,498fwxg3,498fwxg3::RMSF,sdt3-homo-3 / RMSF,RMSF,Residue,236,0.06799399,nm,nm
line,overlay,sdt3-homo-3,sdt3-homo-3,rmsf,498fwxg3,498fwxg3::RMSF,sdt3-homo-3 / RMSF,RMSF,Residue,237,0.06270401,nm,nm
line,overlay,sdt3-homo-3,sdt3-homo-3,rmsf,498fwxg3,498fwxg3::RMSF,sdt3-homo-3 / RMSF,RMSF,Residue,238,0.058110613,nm,nm
line,overlay,sdt3-homo-3,sdt3-homo-3,rmsf,498fwxg3,498fwxg3::RMSF,sdt3-homo-3 / RMSF,RMSF,Residue,239,0.05047342,nm,nm
line,overlay,sdt3-homo-3,sdt3-homo-3,rmsf,498fwxg3,498fwxg3::RMSF,sdt3-homo-3 / RMSF,RMSF,Residue,240,0.05317065,nm,nm
line,overlay,sdt3-homo-3,sdt3-homo-3,rmsf,498fwxg3,498fwxg3::RMSF,sdt3-homo-3 / RMSF,RMSF,Residue,241,0.052550286,nm,nm
line,overlay,sdt3-homo-3,sdt3-homo-3,rmsf,498fwxg3,498fwxg3::RMSF,sdt3-homo-3 / RMSF,RMSF,Residue,242,0.060552474,nm,nm
line,overlay,sdt3-homo-3,sdt3-homo-3,rmsf,498fwxg3,498fwxg3::RMSF,sdt3-homo-3 / RMSF,RMSF,Residue,243,0.046871684,nm,nm
line,overlay,sdt3-homo-3,sdt3-homo-3,rmsf,498fwxg3,498fwxg3::RMSF,sdt3-homo-3 / RMSF,RMSF,Residue,244,0.054752197,nm,nm
line,overlay,sdt3-homo-3,sdt3-homo-3,rmsf,498fwxg3,498fwxg3::RMSF,sdt3-homo-3 / RMSF,RMSF,Residue,245,0.054354105,nm,nm
line,overlay,sdt3-homo-3,sdt3-homo-3,rmsf,498fwxg3,498fwxg3::RMSF,sdt3-homo-3 / RMSF,RMSF,Residue,246,0.06375673,nm,nm
line,overlay,sdt3-homo-3,sdt3-homo-3,rmsf,498fwxg3,498fwxg3::RMSF,sdt3-homo-3 / RMSF,RMSF,Residue,247,0.09957341,nm,nm
line,overlay,sdt3-homo-3,sdt3-homo-3,rmsf,498fwxg3,498fwxg3::RMSF,sdt3-homo-3 / RMSF,RMSF,Residue,248,0.10060793,nm,nm
line,overlay,sdt3-homo-3,sdt3-homo-3,rmsf,498fwxg3,498fwxg3::RMSF,sdt3-homo-3 / RMSF,RMSF,Residue,249,0.12234805,nm,nm
line,overlay,sdt3-homo-3,sdt3-homo-3,rmsf,498fwxg3,498fwxg3::RMSF,sdt3-homo-3 / RMSF,RMSF,Residue,250,0.09645597,nm,nm
line,overlay,sdt3-homo-3,sdt3-homo-3,rmsf,498fwxg3,498fwxg3::RMSF,sdt3-homo-3 / RMSF,RMSF,Residue,251,0.09502289,nm,nm
line,overlay,sdt3-homo-3,sdt3-homo-3,rmsf,498fwxg3,498fwxg3::RMSF,sdt3-homo-3 / RMSF,RMSF,Residue,252,0.086930715,nm,nm
line,overlay,sdt3-homo-3,sdt3-homo-3,rmsf,498fwxg3,498fwxg3::RMSF,sdt3-homo-3 / RMSF,RMSF,Residue,253,0.08261046,nm,nm
line,overlay,sdt3-homo-3,sdt3-homo-3,rmsf,498fwxg3,498fwxg3::RMSF,sdt3-homo-3 / RMSF,RMSF,Residue,254,0.0837245,nm,nm
line,overlay,sdt3-homo-3,sdt3-homo-3,rmsf,498fwxg3,498fwxg3::RMSF,sdt3-homo-3 / RMSF,RMSF,Residue,255,0.08970283,nm,nm
line,overlay,sdt3-homo-3,sdt3-homo-3,rmsf,498fwxg3,498fwxg3::RMSF,sdt3-homo-3 / RMSF,RMSF,Residue,256,0.08015763,nm,nm
line,overlay,sdt3-homo-3,sdt3-homo-3,rmsf,498fwxg3,498fwxg3::RMSF,sdt3-homo-3 / RMSF,RMSF,Residue,257,0.07702811,nm,nm
line,overlay,sdt3-homo-3,sdt3-homo-3,rmsf,498fwxg3,498fwxg3::RMSF,sdt3-homo-3 / RMSF,RMSF,Residue,258,0.07951246,nm,nm
line,overlay,sdt3-homo-3,sdt3-homo-3,rmsf,498fwxg3,498fwxg3::RMSF,sdt3-homo-3 / RMSF,RMSF,Residue,259,0.09280496,nm,nm
line,overlay,sdt3-homo-3,sdt3-homo-3,rmsf,498fwxg3,498fwxg3::RMSF,sdt3-homo-3 / RMSF,RMSF,Residue,260,0.08291053,nm,nm
line,overlay,sdt3-homo-3,sdt3-homo-3,rmsf,498fwxg3,498fwxg3::RMSF,sdt3-homo-3 / RMSF,RMSF,Residue,261,0.06810039,nm,nm
line,overlay,sdt3-homo-3,sdt3-homo-3,rmsf,498fwxg3,498fwxg3::RMSF,sdt3-homo-3 / RMSF,RMSF,Residue,262,0.074509986,nm,nm
line,overlay,sdt3-homo-3,sdt3-homo-3,rmsf,498fwxg3,498fwxg3::RMSF,sdt3-homo-3 / RMSF,RMSF,Residue,263,0.07988878,nm,nm
line,overlay,sdt3-homo-3,sdt3-homo-3,rmsf,498fwxg3,498fwxg3::RMSF,sdt3-homo-3 / RMSF,RMSF,Residue,264,0.09166335,nm,nm
line,overlay,sdt3-homo-3,sdt3-homo-3,rmsf,498fwxg3,498fwxg3::RMSF,sdt3-homo-3 / RMSF,RMSF,Residue,265,0.087597765,nm,nm
line,overlay,sdt3-homo-3,sdt3-homo-3,rmsf,498fwxg3,498fwxg3::RMSF,sdt3-homo-3 / RMSF,RMSF,Residue,266,0.101365924,nm,nm
line,overlay,sdt3-homo-3,sdt3-homo-3,rmsf,498fwxg3,498fwxg3::RMSF,sdt3-homo-3 / RMSF,RMSF,Residue,267,0.09250322,nm,nm
line,overlay,sdt3-homo-3,sdt3-homo-3,rmsf,498fwxg3,498fwxg3::RMSF,sdt3-homo-3 / RMSF,RMSF,Residue,268,0.0767297,nm,nm
line,overlay,sdt3-homo-3,sdt3-homo-3,rmsf,498fwxg3,498fwxg3::RMSF,sdt3-homo-3 / RMSF,RMSF,Residue,269,0.0796137,nm,nm
line,overlay,sdt3-homo-3,sdt3-homo-3,rmsf,498fwxg3,498fwxg3::RMSF,sdt3-homo-3 / RMSF,RMSF,Residue,270,0.08341646,nm,nm
line,overlay,sdt3-homo-3,sdt3-homo-3,rmsf,498fwxg3,498fwxg3::RMSF,sdt3-homo-3 / RMSF,RMSF,Residue,271,0.075258434,nm,nm
line,overlay,sdt3-homo-3,sdt3-homo-3,rmsf,498fwxg3,498fwxg3::RMSF,sdt3-homo-3 / RMSF,RMSF,Residue,272,0.069306895,nm,nm
line,overlay,sdt3-homo-3,sdt3-homo-3,rmsf,498fwxg3,498fwxg3::RMSF,sdt3-homo-3 / RMSF,RMSF,Residue,273,0.07887594,nm,nm
line,overlay,sdt3-homo-3,sdt3-homo-3,rmsf,498fwxg3,498fwxg3::RMSF,sdt3-homo-3 / RMSF,RMSF,Residue,274,0.08406884,nm,nm
line,overlay,sdt3-homo-3,sdt3-homo-3,rmsf,498fwxg3,498fwxg3::RMSF,sdt3-homo-3 / RMSF,RMSF,Residue,275,0.07258086,nm,nm
line,overlay,sdt3-homo-3,sdt3-homo-3,rmsf,498fwxg3,498fwxg3::RMSF,sdt3-homo-3 / RMSF,RMSF,Residue,276,0.07822154,nm,nm
line,overlay,sdt3-homo-3,sdt3-homo-3,rmsf,498fwxg3,498fwxg3::RMSF,sdt3-homo-3 / RMSF,RMSF,Residue,277,0.0750836,nm,nm
line,overlay,sdt3-homo-3,sdt3-homo-3,rmsf,498fwxg3,498fwxg3::RMSF,sdt3-homo-3 / RMSF,RMSF,Residue,278,0.06757289,nm,nm
line,overlay,sdt3-homo-3,sdt3-homo-3,rmsf,498fwxg3,498fwxg3::RMSF,sdt3-homo-3 / RMSF,RMSF,Residue,279,0.06282248,nm,nm
line,overlay,sdt3-homo-3,sdt3-homo-3,rmsf,498fwxg3,498fwxg3::RMSF,sdt3-homo-3 / RMSF,RMSF,Residue,280,0.04830944,nm,nm
line,overlay,sdt3-homo-3,sdt3-homo-3,rmsf,498fwxg3,498fwxg3::RMSF,sdt3-homo-3 / RMSF,RMSF,Residue,281,0.0421299,nm,nm
line,overlay,sdt3-homo-3,sdt3-homo-3,rmsf,498fwxg3,498fwxg3::RMSF,sdt3-homo-3 / RMSF,RMSF,Residue,282,0.040454566,nm,nm
line,overlay,sdt3-homo-3,sdt3-homo-3,rmsf,498fwxg3,498fwxg3::RMSF,sdt3-homo-3 / RMSF,RMSF,Residue,283,0.043874357,nm,nm
line,overlay,sdt3-homo-3,sdt3-homo-3,rmsf,498fwxg3,498fwxg3::RMSF,sdt3-homo-3 / RMSF,RMSF,Residue,284,0.04777098,nm,nm
line,overlay,sdt3-homo-3,sdt3-homo-3,rmsf,498fwxg3,498fwxg3::RMSF,sdt3-homo-3 / RMSF,RMSF,Residue,285,0.061800722,nm,nm
line,overlay,sdt3-homo-3,sdt3-homo-3,rmsf,498fwxg3,498fwxg3::RMSF,sdt3-homo-3 / RMSF,RMSF,Residue,286,0.091638714,nm,nm
line,overlay,sdt3-homo-3,sdt3-homo-3,rmsf,498fwxg3,498fwxg3::RMSF,sdt3-homo-3 / RMSF,RMSF,Residue,287,0.10710473,nm,nm
line,overlay,sdt3-homo-3,sdt3-homo-3,rmsf,498fwxg3,498fwxg3::RMSF,sdt3-homo-3 / RMSF,RMSF,Residue,288,0.10101637,nm,nm
line,overlay,sdt3-homo-3,sdt3-homo-3,rmsf,498fwxg3,498fwxg3::RMSF,sdt3-homo-3 / RMSF,RMSF,Residue,289,0.08201065,nm,nm
line,overlay,sdt3-homo-3,sdt3-homo-3,rmsf,498fwxg3,498fwxg3::RMSF,sdt3-homo-3 / RMSF,RMSF,Residue,290,0.07698121,nm,nm
line,overlay,sdt3-homo-3,sdt3-homo-3,rmsf,498fwxg3,498fwxg3::RMSF,sdt3-homo-3 / RMSF,RMSF,Residue,291,0.07276076,nm,nm
line,overlay,sdt3-homo-3,sdt3-homo-3,rmsf,498fwxg3,498fwxg3::RMSF,sdt3-homo-3 / RMSF,RMSF,Residue,292,0.0761867,nm,nm
line,overlay,sdt3-homo-3,sdt3-homo-3,rmsf,498fwxg3,498fwxg3::RMSF,sdt3-homo-3 / RMSF,RMSF,Residue,293,0.08401895,nm,nm
line,overlay,sdt3-homo-3,sdt3-homo-3,rmsf,498fwxg3,498fwxg3::RMSF,sdt3-homo-3 / RMSF,RMSF,Residue,294,0.08048071,nm,nm
line,overlay,sdt3-homo-3,sdt3-homo-3,rmsf,498fwxg3,498fwxg3::RMSF,sdt3-homo-3 / RMSF,RMSF,Residue,295,0.06659083,nm,nm
line,overlay,sdt3-homo-3,sdt3-homo-3,rmsf,498fwxg3,498fwxg3::RMSF,sdt3-homo-3 / RMSF,RMSF,Residue,296,0.06801069,nm,nm
line,overlay,sdt3-homo-3,sdt3-homo-3,rmsf,498fwxg3,498fwxg3::RMSF,sdt3-homo-3 / RMSF,RMSF,Residue,297,0.072981924,nm,nm
line,overlay,sdt3-homo-3,sdt3-homo-3,rmsf,498fwxg3,498fwxg3::RMSF,sdt3-homo-3 / RMSF,RMSF,Residue,298,0.0656492,nm,nm
line,overlay,sdt3-homo-3,sdt3-homo-3,rmsf,498fwxg3,498fwxg3::RMSF,sdt3-homo-3 / RMSF,RMSF,Residue,299,0.056745306,nm,nm
line,overlay,sdt3-homo-3,sdt3-homo-3,rmsf,498fwxg3,498fwxg3::RMSF,sdt3-homo-3 / RMSF,RMSF,Residue,300,0.061779257,nm,nm
line,overlay,sdt3-homo-3,sdt3-homo-3,rmsf,498fwxg3,498fwxg3::RMSF,sdt3-homo-3 / RMSF,RMSF,Residue,301,0.06550649,nm,nm
line,overlay,sdt3-homo-3,sdt3-homo-3,rmsf,498fwxg3,498fwxg3::RMSF,sdt3-homo-3 / RMSF,RMSF,Residue,302,0.060102582,nm,nm
line,overlay,sdt3-homo-3,sdt3-homo-3,rmsf,498fwxg3,498fwxg3::RMSF,sdt3-homo-3 / RMSF,RMSF,Residue,303,0.05940667,nm,nm
line,overlay,sdt3-homo-3,sdt3-homo-3,rmsf,498fwxg3,498fwxg3::RMSF,sdt3-homo-3 / RMSF,RMSF,Residue,304,0.06777823,nm,nm
line,overlay,sdt3-homo-3,sdt3-homo-3,rmsf,498fwxg3,498fwxg3::RMSF,sdt3-homo-3 / RMSF,RMSF,Residue,305,0.07121567,nm,nm
line,overlay,sdt3-homo-3,sdt3-homo-3,rmsf,498fwxg3,498fwxg3::RMSF,sdt3-homo-3 / RMSF,RMSF,Residue,306,0.06604385,nm,nm
line,overlay,sdt3-homo-3,sdt3-homo-3,rmsf,498fwxg3,498fwxg3::RMSF,sdt3-homo-3 / RMSF,RMSF,Residue,307,0.065314345,nm,nm
line,overlay,sdt3-homo-3,sdt3-homo-3,rmsf,498fwxg3,498fwxg3::RMSF,sdt3-homo-3 / RMSF,RMSF,Residue,308,0.053912304,nm,nm
line,overlay,sdt3-homo-3,sdt3-homo-3,rmsf,498fwxg3,498fwxg3::RMSF,sdt3-homo-3 / RMSF,RMSF,Residue,309,0.05154428,nm,nm
line,overlay,sdt3-homo-3,sdt3-homo-3,rmsf,498fwxg3,498fwxg3::RMSF,sdt3-homo-3 / RMSF,RMSF,Residue,310,0.04768088,nm,nm
line,overlay,sdt3-homo-3,sdt3-homo-3,rmsf,498fwxg3,498fwxg3::RMSF,sdt3-homo-3 / RMSF,RMSF,Residue,311,0.049122088,nm,nm
line,overlay,sdt3-homo-3,sdt3-homo-3,rmsf,498fwxg3,498fwxg3::RMSF,sdt3-homo-3 / RMSF,RMSF,Residue,312,0.055318195,nm,nm
line,overlay,sdt3-homo-3,sdt3-homo-3,rmsf,498fwxg3,498fwxg3::RMSF,sdt3-homo-3 / RMSF,RMSF,Residue,313,0.06269694,nm,nm
line,overlay,sdt3-homo-3,sdt3-homo-3,rmsf,498fwxg3,498fwxg3::RMSF,sdt3-homo-3 / RMSF,RMSF,Residue,314,0.071070425,nm,nm
line,overlay,sdt3-homo-3,sdt3-homo-3,rmsf,498fwxg3,498fwxg3::RMSF,sdt3-homo-3 / RMSF,RMSF,Residue,315,0.0819766,nm,nm
line,overlay,sdt3-homo-3,sdt3-homo-3,rmsf,498fwxg3,498fwxg3::RMSF,sdt3-homo-3 / RMSF,RMSF,Residue,316,0.11345487,nm,nm
line,overlay,sdt3-homo-3,sdt3-homo-3,rmsf,498fwxg3,498fwxg3::RMSF,sdt3-homo-3 / RMSF,RMSF,Residue,317,0.112655975,nm,nm
line,overlay,sdt3-homo-3,sdt3-homo-3,rmsf,498fwxg3,498fwxg3::RMSF,sdt3-homo-3 / RMSF,RMSF,Residue,318,0.122875035,nm,nm
line,overlay,sdt3-homo-3,sdt3-homo-3,rmsf,498fwxg3,498fwxg3::RMSF,sdt3-homo-3 / RMSF,RMSF,Residue,319,0.17954494,nm,nm
line,overlay,sdt3-homo-3,sdt3-homo-3,rmsf,498fwxg3,498fwxg3::RMSF,sdt3-homo-3 / RMSF,RMSF,Residue,320,0.18000668,nm,nm
line,overlay,sdt3-homo-3,sdt3-homo-3,rmsf,498fwxg3,498fwxg3::RMSF,sdt3-homo-3 / RMSF,RMSF,Residue,321,0.21679327,nm,nm
line,overlay,sdt3-homo-3,sdt3-homo-3,rmsf,498fwxg3,498fwxg3::RMSF,sdt3-homo-3 / RMSF,RMSF,Residue,322,0.16165097,nm,nm
line,overlay,sdt3-homo-3,sdt3-homo-3,rmsf,498fwxg3,498fwxg3::RMSF,sdt3-homo-3 / RMSF,RMSF,Residue,323,0.12618764,nm,nm
line,overlay,sdt3-homo-3,sdt3-homo-3,rmsf,498fwxg3,498fwxg3::RMSF,sdt3-homo-3 / RMSF,RMSF,Residue,324,0.09771852,nm,nm
line,overlay,sdt3-homo-3,sdt3-homo-3,rmsf,498fwxg3,498fwxg3::RMSF,sdt3-homo-3 / RMSF,RMSF,Residue,325,0.101568855,nm,nm
line,overlay,sdt3-homo-3,sdt3-homo-3,rmsf,498fwxg3,498fwxg3::RMSF,sdt3-homo-3 / RMSF,RMSF,Residue,326,0.11724309,nm,nm
line,overlay,sdt3-homo-3,sdt3-homo-3,rmsf,498fwxg3,498fwxg3::RMSF,sdt3-homo-3 / RMSF,RMSF,Residue,327,0.109918654,nm,nm
line,overlay,sdt3-homo-3,sdt3-homo-3,rmsf,498fwxg3,498fwxg3::RMSF,sdt3-homo-3 / RMSF,RMSF,Residue,328,0.086533755,nm,nm
line,overlay,sdt3-homo-3,sdt3-homo-3,rmsf,498fwxg3,498fwxg3::RMSF,sdt3-homo-3 / RMSF,RMSF,Residue,329,0.08518738,nm,nm
line,overlay,sdt3-homo-3,sdt3-homo-3,rmsf,498fwxg3,498fwxg3::RMSF,sdt3-homo-3 / RMSF,RMSF,Residue,330,0.100182295,nm,nm
line,overlay,sdt3-homo-3,sdt3-homo-3,rmsf,498fwxg3,498fwxg3::RMSF,sdt3-homo-3 / RMSF,RMSF,Residue,331,0.091201074,nm,nm
line,overlay,sdt3-homo-3,sdt3-homo-3,rmsf,498fwxg3,498fwxg3::RMSF,sdt3-homo-3 / RMSF,RMSF,Residue,332,0.075342625,nm,nm
line,overlay,sdt3-homo-3,sdt3-homo-3,rmsf,498fwxg3,498fwxg3::RMSF,sdt3-homo-3 / RMSF,RMSF,Residue,333,0.08626291,nm,nm
line,overlay,sdt3-homo-3,sdt3-homo-3,rmsf,498fwxg3,498fwxg3::RMSF,sdt3-homo-3 / RMSF,RMSF,Residue,334,0.086470634,nm,nm
line,overlay,sdt3-homo-3,sdt3-homo-3,rmsf,498fwxg3,498fwxg3::RMSF,sdt3-homo-3 / RMSF,RMSF,Residue,335,0.070101775,nm,nm
line,overlay,sdt3-homo-3,sdt3-homo-3,rmsf,498fwxg3,498fwxg3::RMSF,sdt3-homo-3 / RMSF,RMSF,Residue,336,0.064313754,nm,nm
line,overlay,sdt3-homo-3,sdt3-homo-3,rmsf,498fwxg3,498fwxg3::RMSF,sdt3-homo-3 / RMSF,RMSF,Residue,337,0.07782167,nm,nm
line,overlay,sdt3-homo-3,sdt3-homo-3,rmsf,498fwxg3,498fwxg3::RMSF,sdt3-homo-3 / RMSF,RMSF,Residue,338,0.07343366,nm,nm
line,overlay,sdt3-homo-3,sdt3-homo-3,rmsf,498fwxg3,498fwxg3::RMSF,sdt3-homo-3 / RMSF,RMSF,Residue,339,0.067268044,nm,nm
line,overlay,sdt3-homo-3,sdt3-homo-3,rmsf,498fwxg3,498fwxg3::RMSF,sdt3-homo-3 / RMSF,RMSF,Residue,340,0.07090672,nm,nm
line,overlay,sdt3-homo-3,sdt3-homo-3,rmsf,498fwxg3,498fwxg3::RMSF,sdt3-homo-3 / RMSF,RMSF,Residue,341,0.07285988,nm,nm
line,overlay,sdt3-homo-3,sdt3-homo-3,rmsf,498fwxg3,498fwxg3::RMSF,sdt3-homo-3 / RMSF,RMSF,Residue,342,0.061631236,nm,nm
line,overlay,sdt3-homo-3,sdt3-homo-3,rmsf,498fwxg3,498fwxg3::RMSF,sdt3-homo-3 / RMSF,RMSF,Residue,343,0.06002555,nm,nm
line,overlay,sdt3-homo-3,sdt3-homo-3,rmsf,498fwxg3,498fwxg3::RMSF,sdt3-homo-3 / RMSF,RMSF,Residue,344,0.05399641,nm,nm
line,overlay,sdt3-homo-3,sdt3-homo-3,rmsf,498fwxg3,498fwxg3::RMSF,sdt3-homo-3 / RMSF,RMSF,Residue,345,0.0449184,nm,nm
line,overlay,sdt3-homo-3,sdt3-homo-3,rmsf,498fwxg3,498fwxg3::RMSF,sdt3-homo-3 / RMSF,RMSF,Residue,346,0.05202803,nm,nm
line,overlay,sdt3-homo-3,sdt3-homo-3,rmsf,498fwxg3,498fwxg3::RMSF,sdt3-homo-3 / RMSF,RMSF,Residue,347,0.056679327,nm,nm
line,overlay,sdt3-homo-3,sdt3-homo-3,rmsf,498fwxg3,498fwxg3::RMSF,sdt3-homo-3 / RMSF,RMSF,Residue,348,0.048674863,nm,nm
line,overlay,sdt3-homo-3,sdt3-homo-3,rmsf,498fwxg3,498fwxg3::RMSF,sdt3-homo-3 / RMSF,RMSF,Residue,349,0.04689851,nm,nm
line,overlay,sdt3-homo-3,sdt3-homo-3,rmsf,498fwxg3,498fwxg3::RMSF,sdt3-homo-3 / RMSF,RMSF,Residue,350,0.062192395,nm,nm
line,overlay,sdt3-homo-3,sdt3-homo-3,rmsf,498fwxg3,498fwxg3::RMSF,sdt3-homo-3 / RMSF,RMSF,Residue,351,0.062994614,nm,nm
line,overlay,sdt3-homo-3,sdt3-homo-3,rmsf,498fwxg3,498fwxg3::RMSF,sdt3-homo-3 / RMSF,RMSF,Residue,352,0.071098424,nm,nm
line,overlay,sdt3-homo-3,sdt3-homo-3,rmsf,498fwxg3,498fwxg3::RMSF,sdt3-homo-3 / RMSF,RMSF,Residue,353,0.05874067,nm,nm
line,overlay,sdt3-homo-3,sdt3-homo-3,rmsf,498fwxg3,498fwxg3::RMSF,sdt3-homo-3 / RMSF,RMSF,Residue,354,0.049139645,nm,nm
line,overlay,sdt3-homo-3,sdt3-homo-3,rmsf,498fwxg3,498fwxg3::RMSF,sdt3-homo-3 / RMSF,RMSF,Residue,355,0.051245417,nm,nm
line,overlay,sdt3-homo-3,sdt3-homo-3,rmsf,498fwxg3,498fwxg3::RMSF,sdt3-homo-3 / RMSF,RMSF,Residue,356,0.04265126,nm,nm
line,overlay,sdt3-homo-3,sdt3-homo-3,rmsf,498fwxg3,498fwxg3::RMSF,sdt3-homo-3 / RMSF,RMSF,Residue,357,0.036314167,nm,nm
line,overlay,sdt3-homo-3,sdt3-homo-3,rmsf,498fwxg3,498fwxg3::RMSF,sdt3-homo-3 / RMSF,RMSF,Residue,358,0.038279396,nm,nm
line,overlay,sdt3-homo-3,sdt3-homo-3,rmsf,498fwxg3,498fwxg3::RMSF,sdt3-homo-3 / RMSF,RMSF,Residue,359,0.049360875,nm,nm
line,overlay,sdt3-homo-3,sdt3-homo-3,rmsf,498fwxg3,498fwxg3::RMSF,sdt3-homo-3 / RMSF,RMSF,Residue,360,0.046050284,nm,nm
line,overlay,sdt3-homo-3,sdt3-homo-3,rmsf,498fwxg3,498fwxg3::RMSF,sdt3-homo-3 / RMSF,RMSF,Residue,361,0.048676606,nm,nm
line,overlay,sdt3-homo-3,sdt3-homo-3,rmsf,498fwxg3,498fwxg3::RMSF,sdt3-homo-3 / RMSF,RMSF,Residue,362,0.04947306,nm,nm
line,overlay,sdt3-homo-3,sdt3-homo-3,rmsf,498fwxg3,498fwxg3::RMSF,sdt3-homo-3 / RMSF,RMSF,Residue,363,0.042979565,nm,nm
line,overlay,sdt3-homo-3,sdt3-homo-3,rmsf,498fwxg3,498fwxg3::RMSF,sdt3-homo-3 / RMSF,RMSF,Residue,364,0.043116577,nm,nm
line,overlay,sdt3-homo-3,sdt3-homo-3,rmsf,498fwxg3,498fwxg3::RMSF,sdt3-homo-3 / RMSF,RMSF,Residue,365,0.042444624,nm,nm
line,overlay,sdt3-homo-3,sdt3-homo-3,rmsf,498fwxg3,498fwxg3::RMSF,sdt3-homo-3 / RMSF,RMSF,Residue,366,0.042174164,nm,nm
line,overlay,sdt3-homo-3,sdt3-homo-3,rmsf,498fwxg3,498fwxg3::RMSF,sdt3-homo-3 / RMSF,RMSF,Residue,367,0.042489238,nm,nm
line,overlay,sdt3-homo-3,sdt3-homo-3,rmsf,498fwxg3,498fwxg3::RMSF,sdt3-homo-3 / RMSF,RMSF,Residue,368,0.0413457,nm,nm
line,overlay,sdt3-homo-3,sdt3-homo-3,rmsf,498fwxg3,498fwxg3::RMSF,sdt3-homo-3 / RMSF,RMSF,Residue,369,0.043989975,nm,nm
line,overlay,sdt3-homo-3,sdt3-homo-3,rmsf,498fwxg3,498fwxg3::RMSF,sdt3-homo-3 / RMSF,RMSF,Residue,370,0.044215586,nm,nm
line,overlay,sdt3-homo-3,sdt3-homo-3,rmsf,498fwxg3,498fwxg3::RMSF,sdt3-homo-3 / RMSF,RMSF,Residue,371,0.051554985,nm,nm
line,overlay,sdt3-homo-3,sdt3-homo-3,rmsf,498fwxg3,498fwxg3::RMSF,sdt3-homo-3 / RMSF,RMSF,Residue,372,0.05051384,nm,nm
line,overlay,sdt3-homo-3,sdt3-homo-3,rmsf,498fwxg3,498fwxg3::RMSF,sdt3-homo-3 / RMSF,RMSF,Residue,373,0.050939705,nm,nm
line,overlay,sdt3-homo-3,sdt3-homo-3,rmsf,498fwxg3,498fwxg3::RMSF,sdt3-homo-3 / RMSF,RMSF,Residue,374,0.04154966,nm,nm
line,overlay,sdt3-homo-3,sdt3-homo-3,rmsf,498fwxg3,498fwxg3::RMSF,sdt3-homo-3 / RMSF,RMSF,Residue,375,0.04124722,nm,nm
line,overlay,sdt3-homo-3,sdt3-homo-3,rmsf,498fwxg3,498fwxg3::RMSF,sdt3-homo-3 / RMSF,RMSF,Residue,376,0.042468145,nm,nm
line,overlay,sdt3-homo-3,sdt3-homo-3,rmsf,498fwxg3,498fwxg3::RMSF,sdt3-homo-3 / RMSF,RMSF,Residue,377,0.037415553,nm,nm
line,overlay,sdt3-homo-3,sdt3-homo-3,rmsf,498fwxg3,498fwxg3::RMSF,sdt3-homo-3 / RMSF,RMSF,Residue,378,0.039448295,nm,nm
line,overlay,sdt3-homo-3,sdt3-homo-3,rmsf,498fwxg3,498fwxg3::RMSF,sdt3-homo-3 / RMSF,RMSF,Residue,379,0.04069534,nm,nm
line,overlay,sdt3-homo-3,sdt3-homo-3,rmsf,498fwxg3,498fwxg3::RMSF,sdt3-homo-3 / RMSF,RMSF,Residue,380,0.043434143,nm,nm
line,overlay,sdt3-homo-3,sdt3-homo-3,rmsf,498fwxg3,498fwxg3::RMSF,sdt3-homo-3 / RMSF,RMSF,Residue,381,0.055045143,nm,nm
line,overlay,sdt3-homo-3,sdt3-homo-3,rmsf,498fwxg3,498fwxg3::RMSF,sdt3-homo-3 / RMSF,RMSF,Residue,382,0.056129903,nm,nm
line,overlay,sdt3-homo-3,sdt3-homo-3,rmsf,498fwxg3,498fwxg3::RMSF,sdt3-homo-3 / RMSF,RMSF,Residue,383,0.06940874,nm,nm
line,overlay,sdt3-homo-3,sdt3-homo-3,rmsf,498fwxg3,498fwxg3::RMSF,sdt3-homo-3 / RMSF,RMSF,Residue,384,0.056933936,nm,nm
line,overlay,sdt3-homo-3,sdt3-homo-3,rmsf,498fwxg3,498fwxg3::RMSF,sdt3-homo-3 / RMSF,RMSF,Residue,385,0.045709934,nm,nm
line,overlay,sdt3-homo-3,sdt3-homo-3,rmsf,498fwxg3,498fwxg3::RMSF,sdt3-homo-3 / RMSF,RMSF,Residue,386,0.0435647,nm,nm
line,overlay,sdt3-homo-3,sdt3-homo-3,rmsf,498fwxg3,498fwxg3::RMSF,sdt3-homo-3 / RMSF,RMSF,Residue,387,0.04508413,nm,nm
line,overlay,sdt3-homo-3,sdt3-homo-3,rmsf,498fwxg3,498fwxg3::RMSF,sdt3-homo-3 / RMSF,RMSF,Residue,388,0.04439354,nm,nm
line,overlay,sdt3-homo-3,sdt3-homo-3,rmsf,498fwxg3,498fwxg3::RMSF,sdt3-homo-3 / RMSF,RMSF,Residue,389,0.04324308,nm,nm
line,overlay,sdt3-homo-3,sdt3-homo-3,rmsf,498fwxg3,498fwxg3::RMSF,sdt3-homo-3 / RMSF,RMSF,Residue,390,0.047688346,nm,nm
line,overlay,sdt3-homo-3,sdt3-homo-3,rmsf,498fwxg3,498fwxg3::RMSF,sdt3-homo-3 / RMSF,RMSF,Residue,391,0.046884008,nm,nm
line,overlay,sdt3-homo-3,sdt3-homo-3,rmsf,498fwxg3,498fwxg3::RMSF,sdt3-homo-3 / RMSF,RMSF,Residue,392,0.043455638,nm,nm
line,overlay,sdt3-homo-3,sdt3-homo-3,rmsf,498fwxg3,498fwxg3::RMSF,sdt3-homo-3 / RMSF,RMSF,Residue,393,0.04862855,nm,nm
line,overlay,sdt3-homo-3,sdt3-homo-3,rmsf,498fwxg3,498fwxg3::RMSF,sdt3-homo-3 / RMSF,RMSF,Residue,394,0.06226329,nm,nm
line,overlay,sdt3-homo-3,sdt3-homo-3,rmsf,498fwxg3,498fwxg3::RMSF,sdt3-homo-3 / RMSF,RMSF,Residue,395,0.06047492,nm,nm
line,overlay,sdt3-homo-3,sdt3-homo-3,rmsf,498fwxg3,498fwxg3::RMSF,sdt3-homo-3 / RMSF,RMSF,Residue,396,0.057208315,nm,nm
line,overlay,sdt3-homo-3,sdt3-homo-3,rmsf,498fwxg3,498fwxg3::RMSF,sdt3-homo-3 / RMSF,RMSF,Residue,397,0.05247552,nm,nm
line,overlay,sdt3-homo-3,sdt3-homo-3,rmsf,498fwxg3,498fwxg3::RMSF,sdt3-homo-3 / RMSF,RMSF,Residue,398,0.047525804,nm,nm
line,overlay,sdt3-homo-3,sdt3-homo-3,rmsf,498fwxg3,498fwxg3::RMSF,sdt3-homo-3 / RMSF,RMSF,Residue,399,0.048790127,nm,nm
line,overlay,sdt3-homo-3,sdt3-homo-3,rmsf,498fwxg3,498fwxg3::RMSF,sdt3-homo-3 / RMSF,RMSF,Residue,400,0.04808838,nm,nm
line,overlay,sdt3-homo-3,sdt3-homo-3,rmsf,498fwxg3,498fwxg3::RMSF,sdt3-homo-3 / RMSF,RMSF,Residue,401,0.049992595,nm,nm
line,overlay,sdt3-homo-3,sdt3-homo-3,rmsf,498fwxg3,498fwxg3::RMSF,sdt3-homo-3 / RMSF,RMSF,Residue,402,0.051569946,nm,nm
line,overlay,sdt3-homo-3,sdt3-homo-3,rmsf,498fwxg3,498fwxg3::RMSF,sdt3-homo-3 / RMSF,RMSF,Residue,403,0.059006274,nm,nm
line,overlay,sdt3-homo-3,sdt3-homo-3,rmsf,498fwxg3,498fwxg3::RMSF,sdt3-homo-3 / RMSF,RMSF,Residue,404,0.056689873,nm,nm
line,overlay,sdt3-homo-3,sdt3-homo-3,rmsf,498fwxg3,498fwxg3::RMSF,sdt3-homo-3 / RMSF,RMSF,Residue,405,0.058447205,nm,nm
line,overlay,sdt3-homo-3,sdt3-homo-3,rmsf,498fwxg3,498fwxg3::RMSF,sdt3-homo-3 / RMSF,RMSF,Residue,406,0.063791074,nm,nm
line,overlay,sdt3-homo-3,sdt3-homo-3,rmsf,498fwxg3,498fwxg3::RMSF,sdt3-homo-3 / RMSF,RMSF,Residue,407,0.061730497,nm,nm
line,overlay,sdt3-homo-3,sdt3-homo-3,rmsf,498fwxg3,498fwxg3::RMSF,sdt3-homo-3 / RMSF,RMSF,Residue,408,0.07823751,nm,nm
line,overlay,sdt3-homo-3,sdt3-homo-3,rmsf,498fwxg3,498fwxg3::RMSF,sdt3-homo-3 / RMSF,RMSF,Residue,409,0.08902076,nm,nm
line,overlay,sdt3-homo-3,sdt3-homo-3,rmsf,498fwxg3,498fwxg3::RMSF,sdt3-homo-3 / RMSF,RMSF,Residue,410,0.09818754,nm,nm
line,overlay,sdt3-homo-3,sdt3-homo-3,rmsf,498fwxg3,498fwxg3::RMSF,sdt3-homo-3 / RMSF,RMSF,Residue,411,0.07566942,nm,nm
line,overlay,sdt3-homo-3,sdt3-homo-3,rmsf,498fwxg3,498fwxg3::RMSF,sdt3-homo-3 / RMSF,RMSF,Residue,412,0.074044324,nm,nm
line,overlay,sdt3-homo-3,sdt3-homo-3,rmsf,498fwxg3,498fwxg3::RMSF,sdt3-homo-3 / RMSF,RMSF,Residue,413,0.0729466,nm,nm
line,overlay,sdt3-homo-3,sdt3-homo-3,rmsf,498fwxg3,498fwxg3::RMSF,sdt3-homo-3 / RMSF,RMSF,Residue,414,0.08714478,nm,nm
line,overlay,sdt3-homo-3,sdt3-homo-3,rmsf,498fwxg3,498fwxg3::RMSF,sdt3-homo-3 / RMSF,RMSF,Residue,415,0.06939424,nm,nm
line,overlay,sdt3-homo-3,sdt3-homo-3,rmsf,498fwxg3,498fwxg3::RMSF,sdt3-homo-3 / RMSF,RMSF,Residue,416,0.07013501,nm,nm
line,overlay,sdt3-homo-3,sdt3-homo-3,rmsf,498fwxg3,498fwxg3::RMSF,sdt3-homo-3 / RMSF,RMSF,Residue,417,0.06502036,nm,nm
line,overlay,sdt3-homo-3,sdt3-homo-3,rmsf,498fwxg3,498fwxg3::RMSF,sdt3-homo-3 / RMSF,RMSF,Residue,418,0.069244094,nm,nm
line,overlay,sdt3-homo-3,sdt3-homo-3,rmsf,498fwxg3,498fwxg3::RMSF,sdt3-homo-3 / RMSF,RMSF,Residue,419,0.06642619,nm,nm
line,overlay,sdt3-homo-3,sdt3-homo-3,rmsf,498fwxg3,498fwxg3::RMSF,sdt3-homo-3 / RMSF,RMSF,Residue,420,0.057644952,nm,nm
line,overlay,sdt3-homo-3,sdt3-homo-3,rmsf,498fwxg3,498fwxg3::RMSF,sdt3-homo-3 / RMSF,RMSF,Residue,421,0.059812907,nm,nm
line,overlay,sdt3-homo-3,sdt3-homo-3,rmsf,498fwxg3,498fwxg3::RMSF,sdt3-homo-3 / RMSF,RMSF,Residue,422,0.06264663,nm,nm
line,overlay,sdt3-homo-3,sdt3-homo-3,rmsf,498fwxg3,498fwxg3::RMSF,sdt3-homo-3 / RMSF,RMSF,Residue,423,0.05486651,nm,nm
line,overlay,sdt3-homo-3,sdt3-homo-3,rmsf,498fwxg3,498fwxg3::RMSF,sdt3-homo-3 / RMSF,RMSF,Residue,424,0.05136034,nm,nm
line,overlay,sdt3-homo-3,sdt3-homo-3,rmsf,498fwxg3,498fwxg3::RMSF,sdt3-homo-3 / RMSF,RMSF,Residue,425,0.060706634,nm,nm
line,overlay,sdt3-homo-3,sdt3-homo-3,rmsf,498fwxg3,498fwxg3::RMSF,sdt3-homo-3 / RMSF,RMSF,Residue,426,0.058255255,nm,nm
line,overlay,sdt3-homo-3,sdt3-homo-3,rmsf,498fwxg3,498fwxg3::RMSF,sdt3-homo-3 / RMSF,RMSF,Residue,427,0.052687254,nm,nm
line,overlay,sdt3-homo-3,sdt3-homo-3,rmsf,498fwxg3,498fwxg3::RMSF,sdt3-homo-3 / RMSF,RMSF,Residue,428,0.05767976,nm,nm
line,overlay,sdt3-homo-3,sdt3-homo-3,rmsf,498fwxg3,498fwxg3::RMSF,sdt3-homo-3 / RMSF,RMSF,Residue,429,0.08776719,nm,nm
line,overlay,sdt3-homo-3,sdt3-homo-3,rmsf,498fwxg3,498fwxg3::RMSF,sdt3-homo-3 / RMSF,RMSF,Residue,430,0.1430961,nm,nm
line,overlay,sdt3-homo-3,sdt3-homo-3,rmsf,498fwxg3,498fwxg3::RMSF,sdt3-homo-3 / RMSF,RMSF,Residue,431,0.11486338,nm,nm
line,overlay,sdt3-homo-3,sdt3-homo-3,rmsf,498fwxg3,498fwxg3::RMSF,sdt3-homo-3 / RMSF,RMSF,Residue,432,0.09626708,nm,nm
line,overlay,sdt3-homo-3,sdt3-homo-3,rmsf,498fwxg3,498fwxg3::RMSF,sdt3-homo-3 / RMSF,RMSF,Residue,433,0.0687788,nm,nm
line,overlay,sdt3-homo-3,sdt3-homo-3,rmsf,498fwxg3,498fwxg3::RMSF,sdt3-homo-3 / RMSF,RMSF,Residue,434,0.0852326,nm,nm
line,overlay,sdt3-homo-3,sdt3-homo-3,rmsf,498fwxg3,498fwxg3::RMSF,sdt3-homo-3 / RMSF,RMSF,Residue,435,0.08068121,nm,nm
line,overlay,sdt3-homo-3,sdt3-homo-3,rmsf,498fwxg3,498fwxg3::RMSF,sdt3-homo-3 / RMSF,RMSF,Residue,436,0.056118235,nm,nm
line,overlay,sdt3-homo-3,sdt3-homo-3,rmsf,498fwxg3,498fwxg3::RMSF,sdt3-homo-3 / RMSF,RMSF,Residue,437,0.059954494,nm,nm
line,overlay,sdt3-homo-3,sdt3-homo-3,rmsf,498fwxg3,498fwxg3::RMSF,sdt3-homo-3 / RMSF,RMSF,Residue,438,0.07170698,nm,nm
line,overlay,sdt3-homo-3,sdt3-homo-3,rmsf,498fwxg3,498fwxg3::RMSF,sdt3-homo-3 / RMSF,RMSF,Residue,439,0.06117599,nm,nm
line,overlay,sdt3-homo-3,sdt3-homo-3,rmsf,498fwxg3,498fwxg3::RMSF,sdt3-homo-3 / RMSF,RMSF,Residue,440,0.050493855,nm,nm
line,overlay,sdt3-homo-3,sdt3-homo-3,rmsf,498fwxg3,498fwxg3::RMSF,sdt3-homo-3 / RMSF,RMSF,Residue,441,0.06336166,nm,nm
line,overlay,sdt3-homo-3,sdt3-homo-3,rmsf,498fwxg3,498fwxg3::RMSF,sdt3-homo-3 / RMSF,RMSF,Residue,442,0.070102446,nm,nm
line,overlay,sdt3-homo-3,sdt3-homo-3,rmsf,498fwxg3,498fwxg3::RMSF,sdt3-homo-3 / RMSF,RMSF,Residue,443,0.06117973,nm,nm
line,overlay,sdt3-homo-3,sdt3-homo-3,rmsf,498fwxg3,498fwxg3::RMSF,sdt3-homo-3 / RMSF,RMSF,Residue,444,0.055646125,nm,nm
line,overlay,sdt3-homo-3,sdt3-homo-3,rmsf,498fwxg3,498fwxg3::RMSF,sdt3-homo-3 / RMSF,RMSF,Residue,445,0.06322527,nm,nm
line,overlay,sdt3-homo-3,sdt3-homo-3,rmsf,498fwxg3,498fwxg3::RMSF,sdt3-homo-3 / RMSF,RMSF,Residue,446,0.059676334,nm,nm
line,overlay,sdt3-homo-3,sdt3-homo-3,rmsf,498fwxg3,498fwxg3::RMSF,sdt3-homo-3 / RMSF,RMSF,Residue,447,0.05780927,nm,nm
line,overlay,sdt3-homo-3,sdt3-homo-3,rmsf,498fwxg3,498fwxg3::RMSF,sdt3-homo-3 / RMSF,RMSF,Residue,448,0.07517719,nm,nm
line,overlay,sdt3-homo-3,sdt3-homo-3,rmsf,498fwxg3,498fwxg3::RMSF,sdt3-homo-3 / RMSF,RMSF,Residue,449,0.076447725,nm,nm
line,overlay,sdt3-homo-3,sdt3-homo-3,rmsf,498fwxg3,498fwxg3::RMSF,sdt3-homo-3 / RMSF,RMSF,Residue,450,0.062016964,nm,nm
line,overlay,sdt3-homo-3,sdt3-homo-3,rmsf,498fwxg3,498fwxg3::RMSF,sdt3-homo-3 / RMSF,RMSF,Residue,451,0.08282867,nm,nm
line,overlay,sdt3-homo-3,sdt3-homo-3,rmsf,498fwxg3,498fwxg3::RMSF,sdt3-homo-3 / RMSF,RMSF,Residue,452,0.090758815,nm,nm
line,overlay,sdt3-homo-3,sdt3-homo-3,rmsf,498fwxg3,498fwxg3::RMSF,sdt3-homo-3 / RMSF,RMSF,Residue,453,0.12489071,nm,nm
line,overlay,sdt3-homo-3,sdt3-homo-3,rmsf,498fwxg3,498fwxg3::RMSF,sdt3-homo-3 / RMSF,RMSF,Residue,454,0.102378376,nm,nm
line,overlay,sdt3-homo-3,sdt3-homo-3,rmsf,498fwxg3,498fwxg3::RMSF,sdt3-homo-3 / RMSF,RMSF,Residue,455,0.0795007,nm,nm
line,overlay,sdt3-homo-3,sdt3-homo-3,rmsf,498fwxg3,498fwxg3::RMSF,sdt3-homo-3 / RMSF,RMSF,Residue,456,0.065512046,nm,nm
line,overlay,sdt3-homo-3,sdt3-homo-3,rmsf,498fwxg3,498fwxg3::RMSF,sdt3-homo-3 / RMSF,RMSF,Residue,457,0.05602077,nm,nm
line,overlay,sdt3-homo-3,sdt3-homo-3,rmsf,498fwxg3,498fwxg3::RMSF,sdt3-homo-3 / RMSF,RMSF,Residue,458,0.06853164,nm,nm
line,overlay,sdt3-homo-3,sdt3-homo-3,rmsf,498fwxg3,498fwxg3::RMSF,sdt3-homo-3 / RMSF,RMSF,Residue,459,0.06803447,nm,nm
line,overlay,sdt3-homo-3,sdt3-homo-3,rmsf,498fwxg3,498fwxg3::RMSF,sdt3-homo-3 / RMSF,RMSF,Residue,460,0.061549697,nm,nm
line,overlay,sdt3-homo-3,sdt3-homo-3,rmsf,498fwxg3,498fwxg3::RMSF,sdt3-homo-3 / RMSF,RMSF,Residue,461,0.056736056,nm,nm
line,overlay,sdt3-homo-3,sdt3-homo-3,rmsf,498fwxg3,498fwxg3::RMSF,sdt3-homo-3 / RMSF,RMSF,Residue,462,0.064085506,nm,nm
line,overlay,sdt3-homo-3,sdt3-homo-3,rmsf,498fwxg3,498fwxg3::RMSF,sdt3-homo-3 / RMSF,RMSF,Residue,463,0.06581709,nm,nm
line,overlay,sdt3-homo-3,sdt3-homo-3,rmsf,498fwxg3,498fwxg3::RMSF,sdt3-homo-3 / RMSF,RMSF,Residue,464,0.058860138,nm,nm
line,overlay,sdt3-homo-3,sdt3-homo-3,rmsf,498fwxg3,498fwxg3::RMSF,sdt3-homo-3 / RMSF,RMSF,Residue,465,0.05978282,nm,nm
line,overlay,sdt3-homo-3,sdt3-homo-3,rmsf,498fwxg3,498fwxg3::RMSF,sdt3-homo-3 / RMSF,RMSF,Residue,466,0.068994485,nm,nm
line,overlay,sdt3-homo-3,sdt3-homo-3,rmsf,498fwxg3,498fwxg3::RMSF,sdt3-homo-3 / RMSF,RMSF,Residue,467,0.069473624,nm,nm
line,overlay,sdt3-homo-3,sdt3-homo-3,rmsf,498fwxg3,498fwxg3::RMSF,sdt3-homo-3 / RMSF,RMSF,Residue,468,0.06551465,nm,nm
line,overlay,sdt3-homo-3,sdt3-homo-3,rmsf,498fwxg3,498fwxg3::RMSF,sdt3-homo-3 / RMSF,RMSF,Residue,469,0.07701195,nm,nm
line,overlay,sdt3-homo-3,sdt3-homo-3,rmsf,498fwxg3,498fwxg3::RMSF,sdt3-homo-3 / RMSF,RMSF,Residue,470,0.08742335,nm,nm
line,overlay,sdt3-homo-3,sdt3-homo-3,rmsf,498fwxg3,498fwxg3::RMSF,sdt3-homo-3 / RMSF,RMSF,Residue,471,0.08325045,nm,nm
line,overlay,sdt3-homo-3,sdt3-homo-3,rmsf,498fwxg3,498fwxg3::RMSF,sdt3-homo-3 / RMSF,RMSF,Residue,472,0.09948759,nm,nm
line,overlay,sdt3-homo-3,sdt3-homo-3,rmsf,498fwxg3,498fwxg3::RMSF,sdt3-homo-3 / RMSF,RMSF,Residue,473,0.13774055,nm,nm
line,overlay,sdt3-homo-3,sdt3-homo-3,rmsf,498fwxg3,498fwxg3::RMSF,sdt3-homo-3 / RMSF,RMSF,Residue,474,0.39281616,nm,nm
line,overlay,sdt3-homo-3,sdt3-homo-3,rmsf,498fwxg3,498fwxg3::RMSF,sdt3-homo-3 / RMSF,RMSF,Residue,475,0.5282307,nm,nm
line,overlay,sdt3-homo-3,sdt3-homo-3,rmsf,498fwxg3,498fwxg3::RMSF,sdt3-homo-3 / RMSF,RMSF,Residue,476,0.8011589,nm,nm
line,overlay,sdt3-homo-4,sdt3-homo-4,rmsf,xp93sb73,xp93sb73::RMSF,sdt3-homo-4 / RMSF,RMSF,Residue,1,0.35375944,nm,nm
line,overlay,sdt3-homo-4,sdt3-homo-4,rmsf,xp93sb73,xp93sb73::RMSF,sdt3-homo-4 / RMSF,RMSF,Residue,2,0.22594337,nm,nm
line,overlay,sdt3-homo-4,sdt3-homo-4,rmsf,xp93sb73,xp93sb73::RMSF,sdt3-homo-4 / RMSF,RMSF,Residue,3,0.11194854,nm,nm
line,overlay,sdt3-homo-4,sdt3-homo-4,rmsf,xp93sb73,xp93sb73::RMSF,sdt3-homo-4 / RMSF,RMSF,Residue,4,0.07874198,nm,nm
line,overlay,sdt3-homo-4,sdt3-homo-4,rmsf,xp93sb73,xp93sb73::RMSF,sdt3-homo-4 / RMSF,RMSF,Residue,5,0.07948143,nm,nm
line,overlay,sdt3-homo-4,sdt3-homo-4,rmsf,xp93sb73,xp93sb73::RMSF,sdt3-homo-4 / RMSF,RMSF,Residue,6,0.05914488,nm,nm
line,overlay,sdt3-homo-4,sdt3-homo-4,rmsf,xp93sb73,xp93sb73::RMSF,sdt3-homo-4 / RMSF,RMSF,Residue,7,0.05415657,nm,nm
line,overlay,sdt3-homo-4,sdt3-homo-4,rmsf,xp93sb73,xp93sb73::RMSF,sdt3-homo-4 / RMSF,RMSF,Residue,8,0.04430505,nm,nm
line,overlay,sdt3-homo-4,sdt3-homo-4,rmsf,xp93sb73,xp93sb73::RMSF,sdt3-homo-4 / RMSF,RMSF,Residue,9,0.046477966,nm,nm
line,overlay,sdt3-homo-4,sdt3-homo-4,rmsf,xp93sb73,xp93sb73::RMSF,sdt3-homo-4 / RMSF,RMSF,Residue,10,0.04503663,nm,nm
line,overlay,sdt3-homo-4,sdt3-homo-4,rmsf,xp93sb73,xp93sb73::RMSF,sdt3-homo-4 / RMSF,RMSF,Residue,11,0.048031643,nm,nm
line,overlay,sdt3-homo-4,sdt3-homo-4,rmsf,xp93sb73,xp93sb73::RMSF,sdt3-homo-4 / RMSF,RMSF,Residue,12,0.051585276,nm,nm
line,overlay,sdt3-homo-4,sdt3-homo-4,rmsf,xp93sb73,xp93sb73::RMSF,sdt3-homo-4 / RMSF,RMSF,Residue,13,0.054942496,nm,nm
line,overlay,sdt3-homo-4,sdt3-homo-4,rmsf,xp93sb73,xp93sb73::RMSF,sdt3-homo-4 / RMSF,RMSF,Residue,14,0.053336427,nm,nm
line,overlay,sdt3-homo-4,sdt3-homo-4,rmsf,xp93sb73,xp93sb73::RMSF,sdt3-homo-4 / RMSF,RMSF,Residue,15,0.053200845,nm,nm
line,overlay,sdt3-homo-4,sdt3-homo-4,rmsf,xp93sb73,xp93sb73::RMSF,sdt3-homo-4 / RMSF,RMSF,Residue,16,0.045899015,nm,nm
line,overlay,sdt3-homo-4,sdt3-homo-4,rmsf,xp93sb73,xp93sb73::RMSF,sdt3-homo-4 / RMSF,RMSF,Residue,17,0.050670102,nm,nm
line,overlay,sdt3-homo-4,sdt3-homo-4,rmsf,xp93sb73,xp93sb73::RMSF,sdt3-homo-4 / RMSF,RMSF,Residue,18,0.06714216,nm,nm
line,overlay,sdt3-homo-4,sdt3-homo-4,rmsf,xp93sb73,xp93sb73::RMSF,sdt3-homo-4 / RMSF,RMSF,Residue,19,0.059410118,nm,nm
line,overlay,sdt3-homo-4,sdt3-homo-4,rmsf,xp93sb73,xp93sb73::RMSF,sdt3-homo-4 / RMSF,RMSF,Residue,20,0.044638842,nm,nm
line,overlay,sdt3-homo-4,sdt3-homo-4,rmsf,xp93sb73,xp93sb73::RMSF,sdt3-homo-4 / RMSF,RMSF,Residue,21,0.056757893,nm,nm
line,overlay,sdt3-homo-4,sdt3-homo-4,rmsf,xp93sb73,xp93sb73::RMSF,sdt3-homo-4 / RMSF,RMSF,Residue,22,0.06506556,nm,nm
line,overlay,sdt3-homo-4,sdt3-homo-4,rmsf,xp93sb73,xp93sb73::RMSF,sdt3-homo-4 / RMSF,RMSF,Residue,23,0.054671746,nm,nm
line,overlay,sdt3-homo-4,sdt3-homo-4,rmsf,xp93sb73,xp93sb73::RMSF,sdt3-homo-4 / RMSF,RMSF,Residue,24,0.053740926,nm,nm
line,overlay,sdt3-homo-4,sdt3-homo-4,rmsf,xp93sb73,xp93sb73::RMSF,sdt3-homo-4 / RMSF,RMSF,Residue,25,0.065380014,nm,nm
line,overlay,sdt3-homo-4,sdt3-homo-4,rmsf,xp93sb73,xp93sb73::RMSF,sdt3-homo-4 / RMSF,RMSF,Residue,26,0.06860088,nm,nm
line,overlay,sdt3-homo-4,sdt3-homo-4,rmsf,xp93sb73,xp93sb73::RMSF,sdt3-homo-4 / RMSF,RMSF,Residue,27,0.0643768,nm,nm
line,overlay,sdt3-homo-4,sdt3-homo-4,rmsf,xp93sb73,xp93sb73::RMSF,sdt3-homo-4 / RMSF,RMSF,Residue,28,0.072091654,nm,nm
line,overlay,sdt3-homo-4,sdt3-homo-4,rmsf,xp93sb73,xp93sb73::RMSF,sdt3-homo-4 / RMSF,RMSF,Residue,29,0.08782825,nm,nm
line,overlay,sdt3-homo-4,sdt3-homo-4,rmsf,xp93sb73,xp93sb73::RMSF,sdt3-homo-4 / RMSF,RMSF,Residue,30,0.08741896,nm,nm
line,overlay,sdt3-homo-4,sdt3-homo-4,rmsf,xp93sb73,xp93sb73::RMSF,sdt3-homo-4 / RMSF,RMSF,Residue,31,0.08305321,nm,nm
line,overlay,sdt3-homo-4,sdt3-homo-4,rmsf,xp93sb73,xp93sb73::RMSF,sdt3-homo-4 / RMSF,RMSF,Residue,32,0.06672184,nm,nm
line,overlay,sdt3-homo-4,sdt3-homo-4,rmsf,xp93sb73,xp93sb73::RMSF,sdt3-homo-4 / RMSF,RMSF,Residue,33,0.081361905,nm,nm
line,overlay,sdt3-homo-4,sdt3-homo-4,rmsf,xp93sb73,xp93sb73::RMSF,sdt3-homo-4 / RMSF,RMSF,Residue,34,0.069832295,nm,nm
line,overlay,sdt3-homo-4,sdt3-homo-4,rmsf,xp93sb73,xp93sb73::RMSF,sdt3-homo-4 / RMSF,RMSF,Residue,35,0.06618178,nm,nm
line,overlay,sdt3-homo-4,sdt3-homo-4,rmsf,xp93sb73,xp93sb73::RMSF,sdt3-homo-4 / RMSF,RMSF,Residue,36,0.059500422,nm,nm
line,overlay,sdt3-homo-4,sdt3-homo-4,rmsf,xp93sb73,xp93sb73::RMSF,sdt3-homo-4 / RMSF,RMSF,Residue,37,0.06623231,nm,nm
line,overlay,sdt3-homo-4,sdt3-homo-4,rmsf,xp93sb73,xp93sb73::RMSF,sdt3-homo-4 / RMSF,RMSF,Residue,38,0.07190019,nm,nm
line,overlay,sdt3-homo-4,sdt3-homo-4,rmsf,xp93sb73,xp93sb73::RMSF,sdt3-homo-4 / RMSF,RMSF,Residue,39,0.08069224,nm,nm
line,overlay,sdt3-homo-4,sdt3-homo-4,rmsf,xp93sb73,xp93sb73::RMSF,sdt3-homo-4 / RMSF,RMSF,Residue,40,0.09989871,nm,nm
line,overlay,sdt3-homo-4,sdt3-homo-4,rmsf,xp93sb73,xp93sb73::RMSF,sdt3-homo-4 / RMSF,RMSF,Residue,41,0.10941926,nm,nm
line,overlay,sdt3-homo-4,sdt3-homo-4,rmsf,xp93sb73,xp93sb73::RMSF,sdt3-homo-4 / RMSF,RMSF,Residue,42,0.08863819,nm,nm
line,overlay,sdt3-homo-4,sdt3-homo-4,rmsf,xp93sb73,xp93sb73::RMSF,sdt3-homo-4 / RMSF,RMSF,Residue,43,0.09873099,nm,nm
line,overlay,sdt3-homo-4,sdt3-homo-4,rmsf,xp93sb73,xp93sb73::RMSF,sdt3-homo-4 / RMSF,RMSF,Residue,44,0.109001055,nm,nm
line,overlay,sdt3-homo-4,sdt3-homo-4,rmsf,xp93sb73,xp93sb73::RMSF,sdt3-homo-4 / RMSF,RMSF,Residue,45,0.097099096,nm,nm
line,overlay,sdt3-homo-4,sdt3-homo-4,rmsf,xp93sb73,xp93sb73::RMSF,sdt3-homo-4 / RMSF,RMSF,Residue,46,0.101909116,nm,nm
line,overlay,sdt3-homo-4,sdt3-homo-4,rmsf,xp93sb73,xp93sb73::RMSF,sdt3-homo-4 / RMSF,RMSF,Residue,47,0.10718453,nm,nm
line,overlay,sdt3-homo-4,sdt3-homo-4,rmsf,xp93sb73,xp93sb73::RMSF,sdt3-homo-4 / RMSF,RMSF,Residue,48,0.10271297,nm,nm
line,overlay,sdt3-homo-4,sdt3-homo-4,rmsf,xp93sb73,xp93sb73::RMSF,sdt3-homo-4 / RMSF,RMSF,Residue,49,0.08685963,nm,nm
line,overlay,sdt3-homo-4,sdt3-homo-4,rmsf,xp93sb73,xp93sb73::RMSF,sdt3-homo-4 / RMSF,RMSF,Residue,50,0.09743838,nm,nm
line,overlay,sdt3-homo-4,sdt3-homo-4,rmsf,xp93sb73,xp93sb73::RMSF,sdt3-homo-4 / RMSF,RMSF,Residue,51,0.1150905,nm,nm
line,overlay,sdt3-homo-4,sdt3-homo-4,rmsf,xp93sb73,xp93sb73::RMSF,sdt3-homo-4 / RMSF,RMSF,Residue,52,0.10741615,nm,nm
line,overlay,sdt3-homo-4,sdt3-homo-4,rmsf,xp93sb73,xp93sb73::RMSF,sdt3-homo-4 / RMSF,RMSF,Residue,53,0.09810748,nm,nm
line,overlay,sdt3-homo-4,sdt3-homo-4,rmsf,xp93sb73,xp93sb73::RMSF,sdt3-homo-4 / RMSF,RMSF,Residue,54,0.117526814,nm,nm
line,overlay,sdt3-homo-4,sdt3-homo-4,rmsf,xp93sb73,xp93sb73::RMSF,sdt3-homo-4 / RMSF,RMSF,Residue,55,0.13834508,nm,nm
line,overlay,sdt3-homo-4,sdt3-homo-4,rmsf,xp93sb73,xp93sb73::RMSF,sdt3-homo-4 / RMSF,RMSF,Residue,56,0.13697636,nm,nm
line,overlay,sdt3-homo-4,sdt3-homo-4,rmsf,xp93sb73,xp93sb73::RMSF,sdt3-homo-4 / RMSF,RMSF,Residue,57,0.12602879,nm,nm
line,overlay,sdt3-homo-4,sdt3-homo-4,rmsf,xp93sb73,xp93sb73::RMSF,sdt3-homo-4 / RMSF,RMSF,Residue,58,0.1176827,nm,nm
line,overlay,sdt3-homo-4,sdt3-homo-4,rmsf,xp93sb73,xp93sb73::RMSF,sdt3-homo-4 / RMSF,RMSF,Residue,59,0.12058933,nm,nm
line,overlay,sdt3-homo-4,sdt3-homo-4,rmsf,xp93sb73,xp93sb73::RMSF,sdt3-homo-4 / RMSF,RMSF,Residue,60,0.085384354,nm,nm
line,overlay,sdt3-homo-4,sdt3-homo-4,rmsf,xp93sb73,xp93sb73::RMSF,sdt3-homo-4 / RMSF,RMSF,Residue,61,0.09196693,nm,nm
line,overlay,sdt3-homo-4,sdt3-homo-4,rmsf,xp93sb73,xp93sb73::RMSF,sdt3-homo-4 / RMSF,RMSF,Residue,62,0.080174215,nm,nm
line,overlay,sdt3-homo-4,sdt3-homo-4,rmsf,xp93sb73,xp93sb73::RMSF,sdt3-homo-4 / RMSF,RMSF,Residue,63,0.08041435,nm,nm
line,overlay,sdt3-homo-4,sdt3-homo-4,rmsf,xp93sb73,xp93sb73::RMSF,sdt3-homo-4 / RMSF,RMSF,Residue,64,0.087128,nm,nm
line,overlay,sdt3-homo-4,sdt3-homo-4,rmsf,xp93sb73,xp93sb73::RMSF,sdt3-homo-4 / RMSF,RMSF,Residue,65,0.08793488,nm,nm
line,overlay,sdt3-homo-4,sdt3-homo-4,rmsf,xp93sb73,xp93sb73::RMSF,sdt3-homo-4 / RMSF,RMSF,Residue,66,0.099424616,nm,nm
line,overlay,sdt3-homo-4,sdt3-homo-4,rmsf,xp93sb73,xp93sb73::RMSF,sdt3-homo-4 / RMSF,RMSF,Residue,67,0.082103536,nm,nm
line,overlay,sdt3-homo-4,sdt3-homo-4,rmsf,xp93sb73,xp93sb73::RMSF,sdt3-homo-4 / RMSF,RMSF,Residue,68,0.088086836,nm,nm
line,overlay,sdt3-homo-4,sdt3-homo-4,rmsf,xp93sb73,xp93sb73::RMSF,sdt3-homo-4 / RMSF,RMSF,Residue,69,0.087800056,nm,nm
line,overlay,sdt3-homo-4,sdt3-homo-4,rmsf,xp93sb73,xp93sb73::RMSF,sdt3-homo-4 / RMSF,RMSF,Residue,70,0.11096137,nm,nm
line,overlay,sdt3-homo-4,sdt3-homo-4,rmsf,xp93sb73,xp93sb73::RMSF,sdt3-homo-4 / RMSF,RMSF,Residue,71,0.1084469,nm,nm
line,overlay,sdt3-homo-4,sdt3-homo-4,rmsf,xp93sb73,xp93sb73::RMSF,sdt3-homo-4 / RMSF,RMSF,Residue,72,0.096812814,nm,nm
line,overlay,sdt3-homo-4,sdt3-homo-4,rmsf,xp93sb73,xp93sb73::RMSF,sdt3-homo-4 / RMSF,RMSF,Residue,73,0.110934325,nm,nm
line,overlay,sdt3-homo-4,sdt3-homo-4,rmsf,xp93sb73,xp93sb73::RMSF,sdt3-homo-4 / RMSF,RMSF,Residue,74,0.10346913,nm,nm
line,overlay,sdt3-homo-4,sdt3-homo-4,rmsf,xp93sb73,xp93sb73::RMSF,sdt3-homo-4 / RMSF,RMSF,Residue,75,0.15090238,nm,nm
line,overlay,sdt3-homo-4,sdt3-homo-4,rmsf,xp93sb73,xp93sb73::RMSF,sdt3-homo-4 / RMSF,RMSF,Residue,76,0.20037608,nm,nm
line,overlay,sdt3-homo-4,sdt3-homo-4,rmsf,xp93sb73,xp93sb73::RMSF,sdt3-homo-4 / RMSF,RMSF,Residue,77,0.22087061,nm,nm
line,overlay,sdt3-homo-4,sdt3-homo-4,rmsf,xp93sb73,xp93sb73::RMSF,sdt3-homo-4 / RMSF,RMSF,Residue,78,0.15978305,nm,nm
line,overlay,sdt3-homo-4,sdt3-homo-4,rmsf,xp93sb73,xp93sb73::RMSF,sdt3-homo-4 / RMSF,RMSF,Residue,79,0.102476925,nm,nm
line,overlay,sdt3-homo-4,sdt3-homo-4,rmsf,xp93sb73,xp93sb73::RMSF,sdt3-homo-4 / RMSF,RMSF,Residue,80,0.07773671,nm,nm
line,overlay,sdt3-homo-4,sdt3-homo-4,rmsf,xp93sb73,xp93sb73::RMSF,sdt3-homo-4 / RMSF,RMSF,Residue,81,0.07926413,nm,nm
line,overlay,sdt3-homo-4,sdt3-homo-4,rmsf,xp93sb73,xp93sb73::RMSF,sdt3-homo-4 / RMSF,RMSF,Residue,82,0.10149136,nm,nm
line,overlay,sdt3-homo-4,sdt3-homo-4,rmsf,xp93sb73,xp93sb73::RMSF,sdt3-homo-4 / RMSF,RMSF,Residue,83,0.11898415,nm,nm
line,overlay,sdt3-homo-4,sdt3-homo-4,rmsf,xp93sb73,xp93sb73::RMSF,sdt3-homo-4 / RMSF,RMSF,Residue,84,0.12870324,nm,nm
line,overlay,sdt3-homo-4,sdt3-homo-4,rmsf,xp93sb73,xp93sb73::RMSF,sdt3-homo-4 / RMSF,RMSF,Residue,85,0.19274527,nm,nm
line,overlay,sdt3-homo-4,sdt3-homo-4,rmsf,xp93sb73,xp93sb73::RMSF,sdt3-homo-4 / RMSF,RMSF,Residue,86,0.15827067,nm,nm
line,overlay,sdt3-homo-4,sdt3-homo-4,rmsf,xp93sb73,xp93sb73::RMSF,sdt3-homo-4 / RMSF,RMSF,Residue,87,0.1540034,nm,nm
line,overlay,sdt3-homo-4,sdt3-homo-4,rmsf,xp93sb73,xp93sb73::RMSF,sdt3-homo-4 / RMSF,RMSF,Residue,88,0.14050919,nm,nm
line,overlay,sdt3-homo-4,sdt3-homo-4,rmsf,xp93sb73,xp93sb73::RMSF,sdt3-homo-4 / RMSF,RMSF,Residue,89,0.1132122,nm,nm
line,overlay,sdt3-homo-4,sdt3-homo-4,rmsf,xp93sb73,xp93sb73::RMSF,sdt3-homo-4 / RMSF,RMSF,Residue,90,0.101389654,nm,nm
line,overlay,sdt3-homo-4,sdt3-homo-4,rmsf,xp93sb73,xp93sb73::RMSF,sdt3-homo-4 / RMSF,RMSF,Residue,91,0.10875145,nm,nm
line,overlay,sdt3-homo-4,sdt3-homo-4,rmsf,xp93sb73,xp93sb73::RMSF,sdt3-homo-4 / RMSF,RMSF,Residue,92,0.092756815,nm,nm
line,overlay,sdt3-homo-4,sdt3-homo-4,rmsf,xp93sb73,xp93sb73::RMSF,sdt3-homo-4 / RMSF,RMSF,Residue,93,0.07403598,nm,nm
line,overlay,sdt3-homo-4,sdt3-homo-4,rmsf,xp93sb73,xp93sb73::RMSF,sdt3-homo-4 / RMSF,RMSF,Residue,94,0.076069966,nm,nm
line,overlay,sdt3-homo-4,sdt3-homo-4,rmsf,xp93sb73,xp93sb73::RMSF,sdt3-homo-4 / RMSF,RMSF,Residue,95,0.082932875,nm,nm
line,overlay,sdt3-homo-4,sdt3-homo-4,rmsf,xp93sb73,xp93sb73::RMSF,sdt3-homo-4 / RMSF,RMSF,Residue,96,0.072750695,nm,nm
line,overlay,sdt3-homo-4,sdt3-homo-4,rmsf,xp93sb73,xp93sb73::RMSF,sdt3-homo-4 / RMSF,RMSF,Residue,97,0.070692964,nm,nm
line,overlay,sdt3-homo-4,sdt3-homo-4,rmsf,xp93sb73,xp93sb73::RMSF,sdt3-homo-4 / RMSF,RMSF,Residue,98,0.08079862,nm,nm
line,overlay,sdt3-homo-4,sdt3-homo-4,rmsf,xp93sb73,xp93sb73::RMSF,sdt3-homo-4 / RMSF,RMSF,Residue,99,0.086345896,nm,nm
line,overlay,sdt3-homo-4,sdt3-homo-4,rmsf,xp93sb73,xp93sb73::RMSF,sdt3-homo-4 / RMSF,RMSF,Residue,100,0.08727187,nm,nm
line,overlay,sdt3-homo-4,sdt3-homo-4,rmsf,xp93sb73,xp93sb73::RMSF,sdt3-homo-4 / RMSF,RMSF,Residue,101,0.08439726,nm,nm
line,overlay,sdt3-homo-4,sdt3-homo-4,rmsf,xp93sb73,xp93sb73::RMSF,sdt3-homo-4 / RMSF,RMSF,Residue,102,0.08770405,nm,nm
line,overlay,sdt3-homo-4,sdt3-homo-4,rmsf,xp93sb73,xp93sb73::RMSF,sdt3-homo-4 / RMSF,RMSF,Residue,103,0.09061455,nm,nm
line,overlay,sdt3-homo-4,sdt3-homo-4,rmsf,xp93sb73,xp93sb73::RMSF,sdt3-homo-4 / RMSF,RMSF,Residue,104,0.07801729,nm,nm
line,overlay,sdt3-homo-4,sdt3-homo-4,rmsf,xp93sb73,xp93sb73::RMSF,sdt3-homo-4 / RMSF,RMSF,Residue,105,0.08226124,nm,nm
line,overlay,sdt3-homo-4,sdt3-homo-4,rmsf,xp93sb73,xp93sb73::RMSF,sdt3-homo-4 / RMSF,RMSF,Residue,106,0.09225949,nm,nm
line,overlay,sdt3-homo-4,sdt3-homo-4,rmsf,xp93sb73,xp93sb73::RMSF,sdt3-homo-4 / RMSF,RMSF,Residue,107,0.08695403,nm,nm
line,overlay,sdt3-homo-4,sdt3-homo-4,rmsf,xp93sb73,xp93sb73::RMSF,sdt3-homo-4 / RMSF,RMSF,Residue,108,0.08006183,nm,nm
line,overlay,sdt3-homo-4,sdt3-homo-4,rmsf,xp93sb73,xp93sb73::RMSF,sdt3-homo-4 / RMSF,RMSF,Residue,109,0.095102996,nm,nm
line,overlay,sdt3-homo-4,sdt3-homo-4,rmsf,xp93sb73,xp93sb73::RMSF,sdt3-homo-4 / RMSF,RMSF,Residue,110,0.10250271,nm,nm
line,overlay,sdt3-homo-4,sdt3-homo-4,rmsf,xp93sb73,xp93sb73::RMSF,sdt3-homo-4 / RMSF,RMSF,Residue,111,0.08974858,nm,nm
line,overlay,sdt3-homo-4,sdt3-homo-4,rmsf,xp93sb73,xp93sb73::RMSF,sdt3-homo-4 / RMSF,RMSF,Residue,112,0.08698689,nm,nm
line,overlay,sdt3-homo-4,sdt3-homo-4,rmsf,xp93sb73,xp93sb73::RMSF,sdt3-homo-4 / RMSF,RMSF,Residue,113,0.070687845,nm,nm
line,overlay,sdt3-homo-4,sdt3-homo-4,rmsf,xp93sb73,xp93sb73::RMSF,sdt3-homo-4 / RMSF,RMSF,Residue,114,0.07180795,nm,nm
line,overlay,sdt3-homo-4,sdt3-homo-4,rmsf,xp93sb73,xp93sb73::RMSF,sdt3-homo-4 / RMSF,RMSF,Residue,115,0.06112203,nm,nm
line,overlay,sdt3-homo-4,sdt3-homo-4,rmsf,xp93sb73,xp93sb73::RMSF,sdt3-homo-4 / RMSF,RMSF,Residue,116,0.052172102,nm,nm
line,overlay,sdt3-homo-4,sdt3-homo-4,rmsf,xp93sb73,xp93sb73::RMSF,sdt3-homo-4 / RMSF,RMSF,Residue,117,0.043597374,nm,nm
line,overlay,sdt3-homo-4,sdt3-homo-4,rmsf,xp93sb73,xp93sb73::RMSF,sdt3-homo-4 / RMSF,RMSF,Residue,118,0.042017307,nm,nm
line,overlay,sdt3-homo-4,sdt3-homo-4,rmsf,xp93sb73,xp93sb73::RMSF,sdt3-homo-4 / RMSF,RMSF,Residue,119,0.043575205,nm,nm
line,overlay,sdt3-homo-4,sdt3-homo-4,rmsf,xp93sb73,xp93sb73::RMSF,sdt3-homo-4 / RMSF,RMSF,Residue,120,0.059840184,nm,nm
line,overlay,sdt3-homo-4,sdt3-homo-4,rmsf,xp93sb73,xp93sb73::RMSF,sdt3-homo-4 / RMSF,RMSF,Residue,121,0.064859495,nm,nm
line,overlay,sdt3-homo-4,sdt3-homo-4,rmsf,xp93sb73,xp93sb73::RMSF,sdt3-homo-4 / RMSF,RMSF,Residue,122,0.056750774,nm,nm
line,overlay,sdt3-homo-4,sdt3-homo-4,rmsf,xp93sb73,xp93sb73::RMSF,sdt3-homo-4 / RMSF,RMSF,Residue,123,0.06575722,nm,nm
line,overlay,sdt3-homo-4,sdt3-homo-4,rmsf,xp93sb73,xp93sb73::RMSF,sdt3-homo-4 / RMSF,RMSF,Residue,124,0.06768836,nm,nm
line,overlay,sdt3-homo-4,sdt3-homo-4,rmsf,xp93sb73,xp93sb73::RMSF,sdt3-homo-4 / RMSF,RMSF,Residue,125,0.059135586,nm,nm
line,overlay,sdt3-homo-4,sdt3-homo-4,rmsf,xp93sb73,xp93sb73::RMSF,sdt3-homo-4 / RMSF,RMSF,Residue,126,0.070590094,nm,nm
line,overlay,sdt3-homo-4,sdt3-homo-4,rmsf,xp93sb73,xp93sb73::RMSF,sdt3-homo-4 / RMSF,RMSF,Residue,127,0.08024523,nm,nm
line,overlay,sdt3-homo-4,sdt3-homo-4,rmsf,xp93sb73,xp93sb73::RMSF,sdt3-homo-4 / RMSF,RMSF,Residue,128,0.07704844,nm,nm
line,overlay,sdt3-homo-4,sdt3-homo-4,rmsf,xp93sb73,xp93sb73::RMSF,sdt3-homo-4 / RMSF,RMSF,Residue,129,0.081373364,nm,nm
line,overlay,sdt3-homo-4,sdt3-homo-4,rmsf,xp93sb73,xp93sb73::RMSF,sdt3-homo-4 / RMSF,RMSF,Residue,130,0.0898054,nm,nm
line,overlay,sdt3-homo-4,sdt3-homo-4,rmsf,xp93sb73,xp93sb73::RMSF,sdt3-homo-4 / RMSF,RMSF,Residue,131,0.102171496,nm,nm
line,overlay,sdt3-homo-4,sdt3-homo-4,rmsf,xp93sb73,xp93sb73::RMSF,sdt3-homo-4 / RMSF,RMSF,Residue,132,0.09882886,nm,nm
line,overlay,sdt3-homo-4,sdt3-homo-4,rmsf,xp93sb73,xp93sb73::RMSF,sdt3-homo-4 / RMSF,RMSF,Residue,133,0.095775925,nm,nm
line,overlay,sdt3-homo-4,sdt3-homo-4,rmsf,xp93sb73,xp93sb73::RMSF,sdt3-homo-4 / RMSF,RMSF,Residue,134,0.08048582,nm,nm
line,overlay,sdt3-homo-4,sdt3-homo-4,rmsf,xp93sb73,xp93sb73::RMSF,sdt3-homo-4 / RMSF,RMSF,Residue,135,0.07253268,nm,nm
line,overlay,sdt3-homo-4,sdt3-homo-4,rmsf,xp93sb73,xp93sb73::RMSF,sdt3-homo-4 / RMSF,RMSF,Residue,136,0.056666613,nm,nm
line,overlay,sdt3-homo-4,sdt3-homo-4,rmsf,xp93sb73,xp93sb73::RMSF,sdt3-homo-4 / RMSF,RMSF,Residue,137,0.05024497,nm,nm
line,overlay,sdt3-homo-4,sdt3-homo-4,rmsf,xp93sb73,xp93sb73::RMSF,sdt3-homo-4 / RMSF,RMSF,Residue,138,0.044566717,nm,nm
line,overlay,sdt3-homo-4,sdt3-homo-4,rmsf,xp93sb73,xp93sb73::RMSF,sdt3-homo-4 / RMSF,RMSF,Residue,139,0.04130735,nm,nm
line,overlay,sdt3-homo-4,sdt3-homo-4,rmsf,xp93sb73,xp93sb73::RMSF,sdt3-homo-4 / RMSF,RMSF,Residue,140,0.04573654,nm,nm
line,overlay,sdt3-homo-4,sdt3-homo-4,rmsf,xp93sb73,xp93sb73::RMSF,sdt3-homo-4 / RMSF,RMSF,Residue,141,0.049942065,nm,nm
line,overlay,sdt3-homo-4,sdt3-homo-4,rmsf,xp93sb73,xp93sb73::RMSF,sdt3-homo-4 / RMSF,RMSF,Residue,142,0.050129335,nm,nm
line,overlay,sdt3-homo-4,sdt3-homo-4,rmsf,xp93sb73,xp93sb73::RMSF,sdt3-homo-4 / RMSF,RMSF,Residue,143,0.04784212,nm,nm
line,overlay,sdt3-homo-4,sdt3-homo-4,rmsf,xp93sb73,xp93sb73::RMSF,sdt3-homo-4 / RMSF,RMSF,Residue,144,0.058400966,nm,nm
line,overlay,sdt3-homo-4,sdt3-homo-4,rmsf,xp93sb73,xp93sb73::RMSF,sdt3-homo-4 / RMSF,RMSF,Residue,145,0.05146879,nm,nm
line,overlay,sdt3-homo-4,sdt3-homo-4,rmsf,xp93sb73,xp93sb73::RMSF,sdt3-homo-4 / RMSF,RMSF,Residue,146,0.048272844,nm,nm
line,overlay,sdt3-homo-4,sdt3-homo-4,rmsf,xp93sb73,xp93sb73::RMSF,sdt3-homo-4 / RMSF,RMSF,Residue,147,0.058774475,nm,nm
line,overlay,sdt3-homo-4,sdt3-homo-4,rmsf,xp93sb73,xp93sb73::RMSF,sdt3-homo-4 / RMSF,RMSF,Residue,148,0.06711006,nm,nm
line,overlay,sdt3-homo-4,sdt3-homo-4,rmsf,xp93sb73,xp93sb73::RMSF,sdt3-homo-4 / RMSF,RMSF,Residue,149,0.065448985,nm,nm
line,overlay,sdt3-homo-4,sdt3-homo-4,rmsf,xp93sb73,xp93sb73::RMSF,sdt3-homo-4 / RMSF,RMSF,Residue,150,0.07583401,nm,nm
line,overlay,sdt3-homo-4,sdt3-homo-4,rmsf,xp93sb73,xp93sb73::RMSF,sdt3-homo-4 / RMSF,RMSF,Residue,151,0.09166889,nm,nm
line,overlay,sdt3-homo-4,sdt3-homo-4,rmsf,xp93sb73,xp93sb73::RMSF,sdt3-homo-4 / RMSF,RMSF,Residue,152,0.08774853,nm,nm
line,overlay,sdt3-homo-4,sdt3-homo-4,rmsf,xp93sb73,xp93sb73::RMSF,sdt3-homo-4 / RMSF,RMSF,Residue,153,0.09796486,nm,nm
line,overlay,sdt3-homo-4,sdt3-homo-4,rmsf,xp93sb73,xp93sb73::RMSF,sdt3-homo-4 / RMSF,RMSF,Residue,154,0.12022314,nm,nm
line,overlay,sdt3-homo-4,sdt3-homo-4,rmsf,xp93sb73,xp93sb73::RMSF,sdt3-homo-4 / RMSF,RMSF,Residue,155,0.12477361,nm,nm
line,overlay,sdt3-homo-4,sdt3-homo-4,rmsf,xp93sb73,xp93sb73::RMSF,sdt3-homo-4 / RMSF,RMSF,Residue,156,0.12348689,nm,nm
line,overlay,sdt3-homo-4,sdt3-homo-4,rmsf,xp93sb73,xp93sb73::RMSF,sdt3-homo-4 / RMSF,RMSF,Residue,157,0.13365196,nm,nm
line,overlay,sdt3-homo-4,sdt3-homo-4,rmsf,xp93sb73,xp93sb73::RMSF,sdt3-homo-4 / RMSF,RMSF,Residue,158,0.13900414,nm,nm
line,overlay,sdt3-homo-4,sdt3-homo-4,rmsf,xp93sb73,xp93sb73::RMSF,sdt3-homo-4 / RMSF,RMSF,Residue,159,0.15996094,nm,nm
line,overlay,sdt3-homo-4,sdt3-homo-4,rmsf,xp93sb73,xp93sb73::RMSF,sdt3-homo-4 / RMSF,RMSF,Residue,160,0.18871883,nm,nm
line,overlay,sdt3-homo-4,sdt3-homo-4,rmsf,xp93sb73,xp93sb73::RMSF,sdt3-homo-4 / RMSF,RMSF,Residue,161,0.2511973,nm,nm
line,overlay,sdt3-homo-4,sdt3-homo-4,rmsf,xp93sb73,xp93sb73::RMSF,sdt3-homo-4 / RMSF,RMSF,Residue,162,0.23392045,nm,nm
line,overlay,sdt3-homo-4,sdt3-homo-4,rmsf,xp93sb73,xp93sb73::RMSF,sdt3-homo-4 / RMSF,RMSF,Residue,163,0.3173381,nm,nm
line,overlay,sdt3-homo-4,sdt3-homo-4,rmsf,xp93sb73,xp93sb73::RMSF,sdt3-homo-4 / RMSF,RMSF,Residue,164,0.2846634,nm,nm
line,overlay,sdt3-homo-4,sdt3-homo-4,rmsf,xp93sb73,xp93sb73::RMSF,sdt3-homo-4 / RMSF,RMSF,Residue,165,0.29905125,nm,nm
line,overlay,sdt3-homo-4,sdt3-homo-4,rmsf,xp93sb73,xp93sb73::RMSF,sdt3-homo-4 / RMSF,RMSF,Residue,166,0.27064645,nm,nm
line,overlay,sdt3-homo-4,sdt3-homo-4,rmsf,xp93sb73,xp93sb73::RMSF,sdt3-homo-4 / RMSF,RMSF,Residue,167,0.20970498,nm,nm
line,overlay,sdt3-homo-4,sdt3-homo-4,rmsf,xp93sb73,xp93sb73::RMSF,sdt3-homo-4 / RMSF,RMSF,Residue,168,0.16839719,nm,nm
line,overlay,sdt3-homo-4,sdt3-homo-4,rmsf,xp93sb73,xp93sb73::RMSF,sdt3-homo-4 / RMSF,RMSF,Residue,169,0.16017304,nm,nm
line,overlay,sdt3-homo-4,sdt3-homo-4,rmsf,xp93sb73,xp93sb73::RMSF,sdt3-homo-4 / RMSF,RMSF,Residue,170,0.13949162,nm,nm
line,overlay,sdt3-homo-4,sdt3-homo-4,rmsf,xp93sb73,xp93sb73::RMSF,sdt3-homo-4 / RMSF,RMSF,Residue,171,0.11128579,nm,nm
line,overlay,sdt3-homo-4,sdt3-homo-4,rmsf,xp93sb73,xp93sb73::RMSF,sdt3-homo-4 / RMSF,RMSF,Residue,172,0.10909161,nm,nm
line,overlay,sdt3-homo-4,sdt3-homo-4,rmsf,xp93sb73,xp93sb73::RMSF,sdt3-homo-4 / RMSF,RMSF,Residue,173,0.12134559,nm,nm
line,overlay,sdt3-homo-4,sdt3-homo-4,rmsf,xp93sb73,xp93sb73::RMSF,sdt3-homo-4 / RMSF,RMSF,Residue,174,0.11773568,nm,nm
line,overlay,sdt3-homo-4,sdt3-homo-4,rmsf,xp93sb73,xp93sb73::RMSF,sdt3-homo-4 / RMSF,RMSF,Residue,175,0.14250381,nm,nm
line,overlay,sdt3-homo-4,sdt3-homo-4,rmsf,xp93sb73,xp93sb73::RMSF,sdt3-homo-4 / RMSF,RMSF,Residue,176,0.13622496,nm,nm
line,overlay,sdt3-homo-4,sdt3-homo-4,rmsf,xp93sb73,xp93sb73::RMSF,sdt3-homo-4 / RMSF,RMSF,Residue,177,0.13418412,nm,nm
line,overlay,sdt3-homo-4,sdt3-homo-4,rmsf,xp93sb73,xp93sb73::RMSF,sdt3-homo-4 / RMSF,RMSF,Residue,178,0.121108316,nm,nm
line,overlay,sdt3-homo-4,sdt3-homo-4,rmsf,xp93sb73,xp93sb73::RMSF,sdt3-homo-4 / RMSF,RMSF,Residue,179,0.13220386,nm,nm
line,overlay,sdt3-homo-4,sdt3-homo-4,rmsf,xp93sb73,xp93sb73::RMSF,sdt3-homo-4 / RMSF,RMSF,Residue,180,0.13206442,nm,nm
line,overlay,sdt3-homo-4,sdt3-homo-4,rmsf,xp93sb73,xp93sb73::RMSF,sdt3-homo-4 / RMSF,RMSF,Residue,181,0.12725914,nm,nm
line,overlay,sdt3-homo-4,sdt3-homo-4,rmsf,xp93sb73,xp93sb73::RMSF,sdt3-homo-4 / RMSF,RMSF,Residue,182,0.12885804,nm,nm
line,overlay,sdt3-homo-4,sdt3-homo-4,rmsf,xp93sb73,xp93sb73::RMSF,sdt3-homo-4 / RMSF,RMSF,Residue,183,0.115108825,nm,nm
line,overlay,sdt3-homo-4,sdt3-homo-4,rmsf,xp93sb73,xp93sb73::RMSF,sdt3-homo-4 / RMSF,RMSF,Residue,184,0.1121301,nm,nm
line,overlay,sdt3-homo-4,sdt3-homo-4,rmsf,xp93sb73,xp93sb73::RMSF,sdt3-homo-4 / RMSF,RMSF,Residue,185,0.124559365,nm,nm
line,overlay,sdt3-homo-4,sdt3-homo-4,rmsf,xp93sb73,xp93sb73::RMSF,sdt3-homo-4 / RMSF,RMSF,Residue,186,0.11115759,nm,nm
line,overlay,sdt3-homo-4,sdt3-homo-4,rmsf,xp93sb73,xp93sb73::RMSF,sdt3-homo-4 / RMSF,RMSF,Residue,187,0.1040411,nm,nm
line,overlay,sdt3-homo-4,sdt3-homo-4,rmsf,xp93sb73,xp93sb73::RMSF,sdt3-homo-4 / RMSF,RMSF,Residue,188,0.10638717,nm,nm
line,overlay,sdt3-homo-4,sdt3-homo-4,rmsf,xp93sb73,xp93sb73::RMSF,sdt3-homo-4 / RMSF,RMSF,Residue,189,0.104702465,nm,nm
line,overlay,sdt3-homo-4,sdt3-homo-4,rmsf,xp93sb73,xp93sb73::RMSF,sdt3-homo-4 / RMSF,RMSF,Residue,190,0.1118421,nm,nm
line,overlay,sdt3-homo-4,sdt3-homo-4,rmsf,xp93sb73,xp93sb73::RMSF,sdt3-homo-4 / RMSF,RMSF,Residue,191,0.14199476,nm,nm
line,overlay,sdt3-homo-4,sdt3-homo-4,rmsf,xp93sb73,xp93sb73::RMSF,sdt3-homo-4 / RMSF,RMSF,Residue,192,0.19237204,nm,nm
line,overlay,sdt3-homo-4,sdt3-homo-4,rmsf,xp93sb73,xp93sb73::RMSF,sdt3-homo-4 / RMSF,RMSF,Residue,193,0.17776488,nm,nm
line,overlay,sdt3-homo-4,sdt3-homo-4,rmsf,xp93sb73,xp93sb73::RMSF,sdt3-homo-4 / RMSF,RMSF,Residue,194,0.16886836,nm,nm
line,overlay,sdt3-homo-4,sdt3-homo-4,rmsf,xp93sb73,xp93sb73::RMSF,sdt3-homo-4 / RMSF,RMSF,Residue,195,0.13518223,nm,nm
line,overlay,sdt3-homo-4,sdt3-homo-4,rmsf,xp93sb73,xp93sb73::RMSF,sdt3-homo-4 / RMSF,RMSF,Residue,196,0.11995118,nm,nm
line,overlay,sdt3-homo-4,sdt3-homo-4,rmsf,xp93sb73,xp93sb73::RMSF,sdt3-homo-4 / RMSF,RMSF,Residue,197,0.10191226,nm,nm
line,overlay,sdt3-homo-4,sdt3-homo-4,rmsf,xp93sb73,xp93sb73::RMSF,sdt3-homo-4 / RMSF,RMSF,Residue,198,0.10398278,nm,nm
line,overlay,sdt3-homo-4,sdt3-homo-4,rmsf,xp93sb73,xp93sb73::RMSF,sdt3-homo-4 / RMSF,RMSF,Residue,199,0.11016352,nm,nm
line,overlay,sdt3-homo-4,sdt3-homo-4,rmsf,xp93sb73,xp93sb73::RMSF,sdt3-homo-4 / RMSF,RMSF,Residue,200,0.11442343,nm,nm
line,overlay,sdt3-homo-4,sdt3-homo-4,rmsf,xp93sb73,xp93sb73::RMSF,sdt3-homo-4 / RMSF,RMSF,Residue,201,0.13177107,nm,nm
line,overlay,sdt3-homo-4,sdt3-homo-4,rmsf,xp93sb73,xp93sb73::RMSF,sdt3-homo-4 / RMSF,RMSF,Residue,202,0.13433237,nm,nm
line,overlay,sdt3-homo-4,sdt3-homo-4,rmsf,xp93sb73,xp93sb73::RMSF,sdt3-homo-4 / RMSF,RMSF,Residue,203,0.1004697,nm,nm
line,overlay,sdt3-homo-4,sdt3-homo-4,rmsf,xp93sb73,xp93sb73::RMSF,sdt3-homo-4 / RMSF,RMSF,Residue,204,0.08942756,nm,nm
line,overlay,sdt3-homo-4,sdt3-homo-4,rmsf,xp93sb73,xp93sb73::RMSF,sdt3-homo-4 / RMSF,RMSF,Residue,205,0.11544907,nm,nm
line,overlay,sdt3-homo-4,sdt3-homo-4,rmsf,xp93sb73,xp93sb73::RMSF,sdt3-homo-4 / RMSF,RMSF,Residue,206,0.11375285,nm,nm
line,overlay,sdt3-homo-4,sdt3-homo-4,rmsf,xp93sb73,xp93sb73::RMSF,sdt3-homo-4 / RMSF,RMSF,Residue,207,0.08415144,nm,nm
line,overlay,sdt3-homo-4,sdt3-homo-4,rmsf,xp93sb73,xp93sb73::RMSF,sdt3-homo-4 / RMSF,RMSF,Residue,208,0.08985282,nm,nm
line,overlay,sdt3-homo-4,sdt3-homo-4,rmsf,xp93sb73,xp93sb73::RMSF,sdt3-homo-4 / RMSF,RMSF,Residue,209,0.1124027,nm,nm
line,overlay,sdt3-homo-4,sdt3-homo-4,rmsf,xp93sb73,xp93sb73::RMSF,sdt3-homo-4 / RMSF,RMSF,Residue,210,0.10320457,nm,nm
line,overlay,sdt3-homo-4,sdt3-homo-4,rmsf,xp93sb73,xp93sb73::RMSF,sdt3-homo-4 / RMSF,RMSF,Residue,211,0.07315614,nm,nm
line,overlay,sdt3-homo-4,sdt3-homo-4,rmsf,xp93sb73,xp93sb73::RMSF,sdt3-homo-4 / RMSF,RMSF,Residue,212,0.074949734,nm,nm
line,overlay,sdt3-homo-4,sdt3-homo-4,rmsf,xp93sb73,xp93sb73::RMSF,sdt3-homo-4 / RMSF,RMSF,Residue,213,0.06519374,nm,nm
line,overlay,sdt3-homo-4,sdt3-homo-4,rmsf,xp93sb73,xp93sb73::RMSF,sdt3-homo-4 / RMSF,RMSF,Residue,214,0.050375327,nm,nm
line,overlay,sdt3-homo-4,sdt3-homo-4,rmsf,xp93sb73,xp93sb73::RMSF,sdt3-homo-4 / RMSF,RMSF,Residue,215,0.041311536,nm,nm
line,overlay,sdt3-homo-4,sdt3-homo-4,rmsf,xp93sb73,xp93sb73::RMSF,sdt3-homo-4 / RMSF,RMSF,Residue,216,0.046029948,nm,nm
line,overlay,sdt3-homo-4,sdt3-homo-4,rmsf,xp93sb73,xp93sb73::RMSF,sdt3-homo-4 / RMSF,RMSF,Residue,217,0.04718648,nm,nm
line,overlay,sdt3-homo-4,sdt3-homo-4,rmsf,xp93sb73,xp93sb73::RMSF,sdt3-homo-4 / RMSF,RMSF,Residue,218,0.04746716,nm,nm
line,overlay,sdt3-homo-4,sdt3-homo-4,rmsf,xp93sb73,xp93sb73::RMSF,sdt3-homo-4 / RMSF,RMSF,Residue,219,0.053346824,nm,nm
line,overlay,sdt3-homo-4,sdt3-homo-4,rmsf,xp93sb73,xp93sb73::RMSF,sdt3-homo-4 / RMSF,RMSF,Residue,220,0.0566157,nm,nm
line,overlay,sdt3-homo-4,sdt3-homo-4,rmsf,xp93sb73,xp93sb73::RMSF,sdt3-homo-4 / RMSF,RMSF,Residue,221,0.061878826,nm,nm
line,overlay,sdt3-homo-4,sdt3-homo-4,rmsf,xp93sb73,xp93sb73::RMSF,sdt3-homo-4 / RMSF,RMSF,Residue,222,0.057606276,nm,nm
line,overlay,sdt3-homo-4,sdt3-homo-4,rmsf,xp93sb73,xp93sb73::RMSF,sdt3-homo-4 / RMSF,RMSF,Residue,223,0.054332573,nm,nm
line,overlay,sdt3-homo-4,sdt3-homo-4,rmsf,xp93sb73,xp93sb73::RMSF,sdt3-homo-4 / RMSF,RMSF,Residue,224,0.06101631,nm,nm
line,overlay,sdt3-homo-4,sdt3-homo-4,rmsf,xp93sb73,xp93sb73::RMSF,sdt3-homo-4 / RMSF,RMSF,Residue,225,0.07148013,nm,nm
line,overlay,sdt3-homo-4,sdt3-homo-4,rmsf,xp93sb73,xp93sb73::RMSF,sdt3-homo-4 / RMSF,RMSF,Residue,226,0.067243025,nm,nm
line,overlay,sdt3-homo-4,sdt3-homo-4,rmsf,xp93sb73,xp93sb73::RMSF,sdt3-homo-4 / RMSF,RMSF,Residue,227,0.05557675,nm,nm
line,overlay,sdt3-homo-4,sdt3-homo-4,rmsf,xp93sb73,xp93sb73::RMSF,sdt3-homo-4 / RMSF,RMSF,Residue,228,0.06969498,nm,nm
line,overlay,sdt3-homo-4,sdt3-homo-4,rmsf,xp93sb73,xp93sb73::RMSF,sdt3-homo-4 / RMSF,RMSF,Residue,229,0.08593854,nm,nm
line,overlay,sdt3-homo-4,sdt3-homo-4,rmsf,xp93sb73,xp93sb73::RMSF,sdt3-homo-4 / RMSF,RMSF,Residue,230,0.076055676,nm,nm
line,overlay,sdt3-homo-4,sdt3-homo-4,rmsf,xp93sb73,xp93sb73::RMSF,sdt3-homo-4 / RMSF,RMSF,Residue,231,0.078001976,nm,nm
line,overlay,sdt3-homo-4,sdt3-homo-4,rmsf,xp93sb73,xp93sb73::RMSF,sdt3-homo-4 / RMSF,RMSF,Residue,232,0.10571197,nm,nm
line,overlay,sdt3-homo-4,sdt3-homo-4,rmsf,xp93sb73,xp93sb73::RMSF,sdt3-homo-4 / RMSF,RMSF,Residue,233,0.12166898,nm,nm
line,overlay,sdt3-homo-4,sdt3-homo-4,rmsf,xp93sb73,xp93sb73::RMSF,sdt3-homo-4 / RMSF,RMSF,Residue,234,0.114623934,nm,nm
line,overlay,sdt3-homo-4,sdt3-homo-4,rmsf,xp93sb73,xp93sb73::RMSF,sdt3-homo-4 / RMSF,RMSF,Residue,235,0.10875329,nm,nm
line,overlay,sdt3-homo-4,sdt3-homo-4,rmsf,xp93sb73,xp93sb73::RMSF,sdt3-homo-4 / RMSF,RMSF,Residue,236,0.08341067,nm,nm
line,overlay,sdt3-homo-4,sdt3-homo-4,rmsf,xp93sb73,xp93sb73::RMSF,sdt3-homo-4 / RMSF,RMSF,Residue,237,0.07872615,nm,nm
line,overlay,sdt3-homo-4,sdt3-homo-4,rmsf,xp93sb73,xp93sb73::RMSF,sdt3-homo-4 / RMSF,RMSF,Residue,238,0.065686576,nm,nm
line,overlay,sdt3-homo-4,sdt3-homo-4,rmsf,xp93sb73,xp93sb73::RMSF,sdt3-homo-4 / RMSF,RMSF,Residue,239,0.0531224,nm,nm
line,overlay,sdt3-homo-4,sdt3-homo-4,rmsf,xp93sb73,xp93sb73::RMSF,sdt3-homo-4 / RMSF,RMSF,Residue,240,0.054604128,nm,nm
line,overlay,sdt3-homo-4,sdt3-homo-4,rmsf,xp93sb73,xp93sb73::RMSF,sdt3-homo-4 / RMSF,RMSF,Residue,241,0.060895924,nm,nm
line,overlay,sdt3-homo-4,sdt3-homo-4,rmsf,xp93sb73,xp93sb73::RMSF,sdt3-homo-4 / RMSF,RMSF,Residue,242,0.061113924,nm,nm
line,overlay,sdt3-homo-4,sdt3-homo-4,rmsf,xp93sb73,xp93sb73::RMSF,sdt3-homo-4 / RMSF,RMSF,Residue,243,0.06116546,nm,nm
line,overlay,sdt3-homo-4,sdt3-homo-4,rmsf,xp93sb73,xp93sb73::RMSF,sdt3-homo-4 / RMSF,RMSF,Residue,244,0.0723672,nm,nm
line,overlay,sdt3-homo-4,sdt3-homo-4,rmsf,xp93sb73,xp93sb73::RMSF,sdt3-homo-4 / RMSF,RMSF,Residue,245,0.11670928,nm,nm
line,overlay,sdt3-homo-4,sdt3-homo-4,rmsf,xp93sb73,xp93sb73::RMSF,sdt3-homo-4 / RMSF,RMSF,Residue,246,0.08866632,nm,nm
line,overlay,sdt3-homo-4,sdt3-homo-4,rmsf,xp93sb73,xp93sb73::RMSF,sdt3-homo-4 / RMSF,RMSF,Residue,247,0.10688303,nm,nm
line,overlay,sdt3-homo-4,sdt3-homo-4,rmsf,xp93sb73,xp93sb73::RMSF,sdt3-homo-4 / RMSF,RMSF,Residue,248,0.16533504,nm,nm
line,overlay,sdt3-homo-4,sdt3-homo-4,rmsf,xp93sb73,xp93sb73::RMSF,sdt3-homo-4 / RMSF,RMSF,Residue,249,0.17628556,nm,nm
line,overlay,sdt3-homo-4,sdt3-homo-4,rmsf,xp93sb73,xp93sb73::RMSF,sdt3-homo-4 / RMSF,RMSF,Residue,250,0.1387269,nm,nm
line,overlay,sdt3-homo-4,sdt3-homo-4,rmsf,xp93sb73,xp93sb73::RMSF,sdt3-homo-4 / RMSF,RMSF,Residue,251,0.14582275,nm,nm
line,overlay,sdt3-homo-4,sdt3-homo-4,rmsf,xp93sb73,xp93sb73::RMSF,sdt3-homo-4 / RMSF,RMSF,Residue,252,0.11430715,nm,nm
line,overlay,sdt3-homo-4,sdt3-homo-4,rmsf,xp93sb73,xp93sb73::RMSF,sdt3-homo-4 / RMSF,RMSF,Residue,253,0.0888332,nm,nm
line,overlay,sdt3-homo-4,sdt3-homo-4,rmsf,xp93sb73,xp93sb73::RMSF,sdt3-homo-4 / RMSF,RMSF,Residue,254,0.1156659,nm,nm
line,overlay,sdt3-homo-4,sdt3-homo-4,rmsf,xp93sb73,xp93sb73::RMSF,sdt3-homo-4 / RMSF,RMSF,Residue,255,0.12120308,nm,nm
line,overlay,sdt3-homo-4,sdt3-homo-4,rmsf,xp93sb73,xp93sb73::RMSF,sdt3-homo-4 / RMSF,RMSF,Residue,256,0.1423341,nm,nm
line,overlay,sdt3-homo-4,sdt3-homo-4,rmsf,xp93sb73,xp93sb73::RMSF,sdt3-homo-4 / RMSF,RMSF,Residue,257,0.16434772,nm,nm
line,overlay,sdt3-homo-4,sdt3-homo-4,rmsf,xp93sb73,xp93sb73::RMSF,sdt3-homo-4 / RMSF,RMSF,Residue,258,0.2015095,nm,nm
line,overlay,sdt3-homo-4,sdt3-homo-4,rmsf,xp93sb73,xp93sb73::RMSF,sdt3-homo-4 / RMSF,RMSF,Residue,259,0.2180792,nm,nm
line,overlay,sdt3-homo-4,sdt3-homo-4,rmsf,xp93sb73,xp93sb73::RMSF,sdt3-homo-4 / RMSF,RMSF,Residue,260,0.21769834,nm,nm
line,overlay,sdt3-homo-4,sdt3-homo-4,rmsf,xp93sb73,xp93sb73::RMSF,sdt3-homo-4 / RMSF,RMSF,Residue,261,0.19290797,nm,nm
line,overlay,sdt3-homo-4,sdt3-homo-4,rmsf,xp93sb73,xp93sb73::RMSF,sdt3-homo-4 / RMSF,RMSF,Residue,262,0.21182209,nm,nm
line,overlay,sdt3-homo-4,sdt3-homo-4,rmsf,xp93sb73,xp93sb73::RMSF,sdt3-homo-4 / RMSF,RMSF,Residue,263,0.17390497,nm,nm
line,overlay,sdt3-homo-4,sdt3-homo-4,rmsf,xp93sb73,xp93sb73::RMSF,sdt3-homo-4 / RMSF,RMSF,Residue,264,0.13461415,nm,nm
line,overlay,sdt3-homo-4,sdt3-homo-4,rmsf,xp93sb73,xp93sb73::RMSF,sdt3-homo-4 / RMSF,RMSF,Residue,265,0.11845295,nm,nm
line,overlay,sdt3-homo-4,sdt3-homo-4,rmsf,xp93sb73,xp93sb73::RMSF,sdt3-homo-4 / RMSF,RMSF,Residue,266,0.12079851,nm,nm
line,overlay,sdt3-homo-4,sdt3-homo-4,rmsf,xp93sb73,xp93sb73::RMSF,sdt3-homo-4 / RMSF,RMSF,Residue,267,0.11841497,nm,nm
line,overlay,sdt3-homo-4,sdt3-homo-4,rmsf,xp93sb73,xp93sb73::RMSF,sdt3-homo-4 / RMSF,RMSF,Residue,268,0.101437315,nm,nm
line,overlay,sdt3-homo-4,sdt3-homo-4,rmsf,xp93sb73,xp93sb73::RMSF,sdt3-homo-4 / RMSF,RMSF,Residue,269,0.098073035,nm,nm
line,overlay,sdt3-homo-4,sdt3-homo-4,rmsf,xp93sb73,xp93sb73::RMSF,sdt3-homo-4 / RMSF,RMSF,Residue,270,0.10178994,nm,nm
line,overlay,sdt3-homo-4,sdt3-homo-4,rmsf,xp93sb73,xp93sb73::RMSF,sdt3-homo-4 / RMSF,RMSF,Residue,271,0.091544084,nm,nm
line,overlay,sdt3-homo-4,sdt3-homo-4,rmsf,xp93sb73,xp93sb73::RMSF,sdt3-homo-4 / RMSF,RMSF,Residue,272,0.08285434,nm,nm
line,overlay,sdt3-homo-4,sdt3-homo-4,rmsf,xp93sb73,xp93sb73::RMSF,sdt3-homo-4 / RMSF,RMSF,Residue,273,0.09521162,nm,nm
line,overlay,sdt3-homo-4,sdt3-homo-4,rmsf,xp93sb73,xp93sb73::RMSF,sdt3-homo-4 / RMSF,RMSF,Residue,274,0.10136094,nm,nm
line,overlay,sdt3-homo-4,sdt3-homo-4,rmsf,xp93sb73,xp93sb73::RMSF,sdt3-homo-4 / RMSF,RMSF,Residue,275,0.0851071,nm,nm
line,overlay,sdt3-homo-4,sdt3-homo-4,rmsf,xp93sb73,xp93sb73::RMSF,sdt3-homo-4 / RMSF,RMSF,Residue,276,0.08912531,nm,nm
line,overlay,sdt3-homo-4,sdt3-homo-4,rmsf,xp93sb73,xp93sb73::RMSF,sdt3-homo-4 / RMSF,RMSF,Residue,277,0.08123702,nm,nm
line,overlay,sdt3-homo-4,sdt3-homo-4,rmsf,xp93sb73,xp93sb73::RMSF,sdt3-homo-4 / RMSF,RMSF,Residue,278,0.068580315,nm,nm
line,overlay,sdt3-homo-4,sdt3-homo-4,rmsf,xp93sb73,xp93sb73::RMSF,sdt3-homo-4 / RMSF,RMSF,Residue,279,0.06724886,nm,nm
line,overlay,sdt3-homo-4,sdt3-homo-4,rmsf,xp93sb73,xp93sb73::RMSF,sdt3-homo-4 / RMSF,RMSF,Residue,280,0.054543372,nm,nm
line,overlay,sdt3-homo-4,sdt3-homo-4,rmsf,xp93sb73,xp93sb73::RMSF,sdt3-homo-4 / RMSF,RMSF,Residue,281,0.04417752,nm,nm
line,overlay,sdt3-homo-4,sdt3-homo-4,rmsf,xp93sb73,xp93sb73::RMSF,sdt3-homo-4 / RMSF,RMSF,Residue,282,0.041841898,nm,nm
line,overlay,sdt3-homo-4,sdt3-homo-4,rmsf,xp93sb73,xp93sb73::RMSF,sdt3-homo-4 / RMSF,RMSF,Residue,283,0.040810525,nm,nm
line,overlay,sdt3-homo-4,sdt3-homo-4,rmsf,xp93sb73,xp93sb73::RMSF,sdt3-homo-4 / RMSF,RMSF,Residue,284,0.04443743,nm,nm
line,overlay,sdt3-homo-4,sdt3-homo-4,rmsf,xp93sb73,xp93sb73::RMSF,sdt3-homo-4 / RMSF,RMSF,Residue,285,0.04894868,nm,nm
line,overlay,sdt3-homo-4,sdt3-homo-4,rmsf,xp93sb73,xp93sb73::RMSF,sdt3-homo-4 / RMSF,RMSF,Residue,286,0.05615549,nm,nm
line,overlay,sdt3-homo-4,sdt3-homo-4,rmsf,xp93sb73,xp93sb73::RMSF,sdt3-homo-4 / RMSF,RMSF,Residue,287,0.07158176,nm,nm
line,overlay,sdt3-homo-4,sdt3-homo-4,rmsf,xp93sb73,xp93sb73::RMSF,sdt3-homo-4 / RMSF,RMSF,Residue,288,0.071470745,nm,nm
line,overlay,sdt3-homo-4,sdt3-homo-4,rmsf,xp93sb73,xp93sb73::RMSF,sdt3-homo-4 / RMSF,RMSF,Residue,289,0.06441345,nm,nm
line,overlay,sdt3-homo-4,sdt3-homo-4,rmsf,xp93sb73,xp93sb73::RMSF,sdt3-homo-4 / RMSF,RMSF,Residue,290,0.08419108,nm,nm
line,overlay,sdt3-homo-4,sdt3-homo-4,rmsf,xp93sb73,xp93sb73::RMSF,sdt3-homo-4 / RMSF,RMSF,Residue,291,0.06390639,nm,nm
line,overlay,sdt3-homo-4,sdt3-homo-4,rmsf,xp93sb73,xp93sb73::RMSF,sdt3-homo-4 / RMSF,RMSF,Residue,292,0.067191094,nm,nm
line,overlay,sdt3-homo-4,sdt3-homo-4,rmsf,xp93sb73,xp93sb73::RMSF,sdt3-homo-4 / RMSF,RMSF,Residue,293,0.074912705,nm,nm
line,overlay,sdt3-homo-4,sdt3-homo-4,rmsf,xp93sb73,xp93sb73::RMSF,sdt3-homo-4 / RMSF,RMSF,Residue,294,0.072494954,nm,nm
line,overlay,sdt3-homo-4,sdt3-homo-4,rmsf,xp93sb73,xp93sb73::RMSF,sdt3-homo-4 / RMSF,RMSF,Residue,295,0.058506135,nm,nm
line,overlay,sdt3-homo-4,sdt3-homo-4,rmsf,xp93sb73,xp93sb73::RMSF,sdt3-homo-4 / RMSF,RMSF,Residue,296,0.062104903,nm,nm
line,overlay,sdt3-homo-4,sdt3-homo-4,rmsf,xp93sb73,xp93sb73::RMSF,sdt3-homo-4 / RMSF,RMSF,Residue,297,0.06845182,nm,nm
line,overlay,sdt3-homo-4,sdt3-homo-4,rmsf,xp93sb73,xp93sb73::RMSF,sdt3-homo-4 / RMSF,RMSF,Residue,298,0.062727295,nm,nm
line,overlay,sdt3-homo-4,sdt3-homo-4,rmsf,xp93sb73,xp93sb73::RMSF,sdt3-homo-4 / RMSF,RMSF,Residue,299,0.057560995,nm,nm
line,overlay,sdt3-homo-4,sdt3-homo-4,rmsf,xp93sb73,xp93sb73::RMSF,sdt3-homo-4 / RMSF,RMSF,Residue,300,0.06277453,nm,nm
line,overlay,sdt3-homo-4,sdt3-homo-4,rmsf,xp93sb73,xp93sb73::RMSF,sdt3-homo-4 / RMSF,RMSF,Residue,301,0.06449438,nm,nm
line,overlay,sdt3-homo-4,sdt3-homo-4,rmsf,xp93sb73,xp93sb73::RMSF,sdt3-homo-4 / RMSF,RMSF,Residue,302,0.061236568,nm,nm
line,overlay,sdt3-homo-4,sdt3-homo-4,rmsf,xp93sb73,xp93sb73::RMSF,sdt3-homo-4 / RMSF,RMSF,Residue,303,0.06343425,nm,nm
line,overlay,sdt3-homo-4,sdt3-homo-4,rmsf,xp93sb73,xp93sb73::RMSF,sdt3-homo-4 / RMSF,RMSF,Residue,304,0.069579914,nm,nm
line,overlay,sdt3-homo-4,sdt3-homo-4,rmsf,xp93sb73,xp93sb73::RMSF,sdt3-homo-4 / RMSF,RMSF,Residue,305,0.07137396,nm,nm
line,overlay,sdt3-homo-4,sdt3-homo-4,rmsf,xp93sb73,xp93sb73::RMSF,sdt3-homo-4 / RMSF,RMSF,Residue,306,0.07034554,nm,nm
line,overlay,sdt3-homo-4,sdt3-homo-4,rmsf,xp93sb73,xp93sb73::RMSF,sdt3-homo-4 / RMSF,RMSF,Residue,307,0.07096908,nm,nm
line,overlay,sdt3-homo-4,sdt3-homo-4,rmsf,xp93sb73,xp93sb73::RMSF,sdt3-homo-4 / RMSF,RMSF,Residue,308,0.062113713,nm,nm
line,overlay,sdt3-homo-4,sdt3-homo-4,rmsf,xp93sb73,xp93sb73::RMSF,sdt3-homo-4 / RMSF,RMSF,Residue,309,0.05930941,nm,nm
line,overlay,sdt3-homo-4,sdt3-homo-4,rmsf,xp93sb73,xp93sb73::RMSF,sdt3-homo-4 / RMSF,RMSF,Residue,310,0.052978363,nm,nm
line,overlay,sdt3-homo-4,sdt3-homo-4,rmsf,xp93sb73,xp93sb73::RMSF,sdt3-homo-4 / RMSF,RMSF,Residue,311,0.051952686,nm,nm
line,overlay,sdt3-homo-4,sdt3-homo-4,rmsf,xp93sb73,xp93sb73::RMSF,sdt3-homo-4 / RMSF,RMSF,Residue,312,0.053105168,nm,nm
line,overlay,sdt3-homo-4,sdt3-homo-4,rmsf,xp93sb73,xp93sb73::RMSF,sdt3-homo-4 / RMSF,RMSF,Residue,313,0.058719058,nm,nm
line,overlay,sdt3-homo-4,sdt3-homo-4,rmsf,xp93sb73,xp93sb73::RMSF,sdt3-homo-4 / RMSF,RMSF,Residue,314,0.09339663,nm,nm
line,overlay,sdt3-homo-4,sdt3-homo-4,rmsf,xp93sb73,xp93sb73::RMSF,sdt3-homo-4 / RMSF,RMSF,Residue,315,0.09712428,nm,nm
line,overlay,sdt3-homo-4,sdt3-homo-4,rmsf,xp93sb73,xp93sb73::RMSF,sdt3-homo-4 / RMSF,RMSF,Residue,316,0.21423545,nm,nm
line,overlay,sdt3-homo-4,sdt3-homo-4,rmsf,xp93sb73,xp93sb73::RMSF,sdt3-homo-4 / RMSF,RMSF,Residue,317,0.25072196,nm,nm
line,overlay,sdt3-homo-4,sdt3-homo-4,rmsf,xp93sb73,xp93sb73::RMSF,sdt3-homo-4 / RMSF,RMSF,Residue,318,0.2215417,nm,nm
line,overlay,sdt3-homo-4,sdt3-homo-4,rmsf,xp93sb73,xp93sb73::RMSF,sdt3-homo-4 / RMSF,RMSF,Residue,319,0.24207938,nm,nm
line,overlay,sdt3-homo-4,sdt3-homo-4,rmsf,xp93sb73,xp93sb73::RMSF,sdt3-homo-4 / RMSF,RMSF,Residue,320,0.21568859,nm,nm
line,overlay,sdt3-homo-4,sdt3-homo-4,rmsf,xp93sb73,xp93sb73::RMSF,sdt3-homo-4 / RMSF,RMSF,Residue,321,0.14646375,nm,nm
line,overlay,sdt3-homo-4,sdt3-homo-4,rmsf,xp93sb73,xp93sb73::RMSF,sdt3-homo-4 / RMSF,RMSF,Residue,322,0.15321085,nm,nm
line,overlay,sdt3-homo-4,sdt3-homo-4,rmsf,xp93sb73,xp93sb73::RMSF,sdt3-homo-4 / RMSF,RMSF,Residue,323,0.14128304,nm,nm
line,overlay,sdt3-homo-4,sdt3-homo-4,rmsf,xp93sb73,xp93sb73::RMSF,sdt3-homo-4 / RMSF,RMSF,Residue,324,0.09157044,nm,nm
line,overlay,sdt3-homo-4,sdt3-homo-4,rmsf,xp93sb73,xp93sb73::RMSF,sdt3-homo-4 / RMSF,RMSF,Residue,325,0.0970381,nm,nm
line,overlay,sdt3-homo-4,sdt3-homo-4,rmsf,xp93sb73,xp93sb73::RMSF,sdt3-homo-4 / RMSF,RMSF,Residue,326,0.116623,nm,nm
line,overlay,sdt3-homo-4,sdt3-homo-4,rmsf,xp93sb73,xp93sb73::RMSF,sdt3-homo-4 / RMSF,RMSF,Residue,327,0.11507129,nm,nm
line,overlay,sdt3-homo-4,sdt3-homo-4,rmsf,xp93sb73,xp93sb73::RMSF,sdt3-homo-4 / RMSF,RMSF,Residue,328,0.08272146,nm,nm
line,overlay,sdt3-homo-4,sdt3-homo-4,rmsf,xp93sb73,xp93sb73::RMSF,sdt3-homo-4 / RMSF,RMSF,Residue,329,0.089639366,nm,nm
line,overlay,sdt3-homo-4,sdt3-homo-4,rmsf,xp93sb73,xp93sb73::RMSF,sdt3-homo-4 / RMSF,RMSF,Residue,330,0.104319446,nm,nm
line,overlay,sdt3-homo-4,sdt3-homo-4,rmsf,xp93sb73,xp93sb73::RMSF,sdt3-homo-4 / RMSF,RMSF,Residue,331,0.097622104,nm,nm
line,overlay,sdt3-homo-4,sdt3-homo-4,rmsf,xp93sb73,xp93sb73::RMSF,sdt3-homo-4 / RMSF,RMSF,Residue,332,0.07997377,nm,nm
line,overlay,sdt3-homo-4,sdt3-homo-4,rmsf,xp93sb73,xp93sb73::RMSF,sdt3-homo-4 / RMSF,RMSF,Residue,333,0.09256529,nm,nm
line,overlay,sdt3-homo-4,sdt3-homo-4,rmsf,xp93sb73,xp93sb73::RMSF,sdt3-homo-4 / RMSF,RMSF,Residue,334,0.09751994,nm,nm
line,overlay,sdt3-homo-4,sdt3-homo-4,rmsf,xp93sb73,xp93sb73::RMSF,sdt3-homo-4 / RMSF,RMSF,Residue,335,0.080685675,nm,nm
line,overlay,sdt3-homo-4,sdt3-homo-4,rmsf,xp93sb73,xp93sb73::RMSF,sdt3-homo-4 / RMSF,RMSF,Residue,336,0.078144684,nm,nm
line,overlay,sdt3-homo-4,sdt3-homo-4,rmsf,xp93sb73,xp93sb73::RMSF,sdt3-homo-4 / RMSF,RMSF,Residue,337,0.07709724,nm,nm
line,overlay,sdt3-homo-4,sdt3-homo-4,rmsf,xp93sb73,xp93sb73::RMSF,sdt3-homo-4 / RMSF,RMSF,Residue,338,0.079700194,nm,nm
line,overlay,sdt3-homo-4,sdt3-homo-4,rmsf,xp93sb73,xp93sb73::RMSF,sdt3-homo-4 / RMSF,RMSF,Residue,339,0.08279379,nm,nm
line,overlay,sdt3-homo-4,sdt3-homo-4,rmsf,xp93sb73,xp93sb73::RMSF,sdt3-homo-4 / RMSF,RMSF,Residue,340,0.10660405,nm,nm
line,overlay,sdt3-homo-4,sdt3-homo-4,rmsf,xp93sb73,xp93sb73::RMSF,sdt3-homo-4 / RMSF,RMSF,Residue,341,0.1388389,nm,nm
line,overlay,sdt3-homo-4,sdt3-homo-4,rmsf,xp93sb73,xp93sb73::RMSF,sdt3-homo-4 / RMSF,RMSF,Residue,342,0.09136106,nm,nm
line,overlay,sdt3-homo-4,sdt3-homo-4,rmsf,xp93sb73,xp93sb73::RMSF,sdt3-homo-4 / RMSF,RMSF,Residue,343,0.06514845,nm,nm
line,overlay,sdt3-homo-4,sdt3-homo-4,rmsf,xp93sb73,xp93sb73::RMSF,sdt3-homo-4 / RMSF,RMSF,Residue,344,0.06957782,nm,nm
line,overlay,sdt3-homo-4,sdt3-homo-4,rmsf,xp93sb73,xp93sb73::RMSF,sdt3-homo-4 / RMSF,RMSF,Residue,345,0.058435727,nm,nm
line,overlay,sdt3-homo-4,sdt3-homo-4,rmsf,xp93sb73,xp93sb73::RMSF,sdt3-homo-4 / RMSF,RMSF,Residue,346,0.06858326,nm,nm
line,overlay,sdt3-homo-4,sdt3-homo-4,rmsf,xp93sb73,xp93sb73::RMSF,sdt3-homo-4 / RMSF,RMSF,Residue,347,0.07112465,nm,nm
line,overlay,sdt3-homo-4,sdt3-homo-4,rmsf,xp93sb73,xp93sb73::RMSF,sdt3-homo-4 / RMSF,RMSF,Residue,348,0.06167098,nm,nm
line,overlay,sdt3-homo-4,sdt3-homo-4,rmsf,xp93sb73,xp93sb73::RMSF,sdt3-homo-4 / RMSF,RMSF,Residue,349,0.060491215,nm,nm
line,overlay,sdt3-homo-4,sdt3-homo-4,rmsf,xp93sb73,xp93sb73::RMSF,sdt3-homo-4 / RMSF,RMSF,Residue,350,0.078165665,nm,nm
line,overlay,sdt3-homo-4,sdt3-homo-4,rmsf,xp93sb73,xp93sb73::RMSF,sdt3-homo-4 / RMSF,RMSF,Residue,351,0.074921176,nm,nm
line,overlay,sdt3-homo-4,sdt3-homo-4,rmsf,xp93sb73,xp93sb73::RMSF,sdt3-homo-4 / RMSF,RMSF,Residue,352,0.076986775,nm,nm
line,overlay,sdt3-homo-4,sdt3-homo-4,rmsf,xp93sb73,xp93sb73::RMSF,sdt3-homo-4 / RMSF,RMSF,Residue,353,0.0693486,nm,nm
line,overlay,sdt3-homo-4,sdt3-homo-4,rmsf,xp93sb73,xp93sb73::RMSF,sdt3-homo-4 / RMSF,RMSF,Residue,354,0.053157162,nm,nm
line,overlay,sdt3-homo-4,sdt3-homo-4,rmsf,xp93sb73,xp93sb73::RMSF,sdt3-homo-4 / RMSF,RMSF,Residue,355,0.05338037,nm,nm
line,overlay,sdt3-homo-4,sdt3-homo-4,rmsf,xp93sb73,xp93sb73::RMSF,sdt3-homo-4 / RMSF,RMSF,Residue,356,0.04437355,nm,nm
line,overlay,sdt3-homo-4,sdt3-homo-4,rmsf,xp93sb73,xp93sb73::RMSF,sdt3-homo-4 / RMSF,RMSF,Residue,357,0.037532244,nm,nm
line,overlay,sdt3-homo-4,sdt3-homo-4,rmsf,xp93sb73,xp93sb73::RMSF,sdt3-homo-4 / RMSF,RMSF,Residue,358,0.03737174,nm,nm
line,overlay,sdt3-homo-4,sdt3-homo-4,rmsf,xp93sb73,xp93sb73::RMSF,sdt3-homo-4 / RMSF,RMSF,Residue,359,0.04140703,nm,nm
line,overlay,sdt3-homo-4,sdt3-homo-4,rmsf,xp93sb73,xp93sb73::RMSF,sdt3-homo-4 / RMSF,RMSF,Residue,360,0.042716272,nm,nm
line,overlay,sdt3-homo-4,sdt3-homo-4,rmsf,xp93sb73,xp93sb73::RMSF,sdt3-homo-4 / RMSF,RMSF,Residue,361,0.04274324,nm,nm
line,overlay,sdt3-homo-4,sdt3-homo-4,rmsf,xp93sb73,xp93sb73::RMSF,sdt3-homo-4 / RMSF,RMSF,Residue,362,0.045865692,nm,nm
line,overlay,sdt3-homo-4,sdt3-homo-4,rmsf,xp93sb73,xp93sb73::RMSF,sdt3-homo-4 / RMSF,RMSF,Residue,363,0.04677185,nm,nm
line,overlay,sdt3-homo-4,sdt3-homo-4,rmsf,xp93sb73,xp93sb73::RMSF,sdt3-homo-4 / RMSF,RMSF,Residue,364,0.048378687,nm,nm
line,overlay,sdt3-homo-4,sdt3-homo-4,rmsf,xp93sb73,xp93sb73::RMSF,sdt3-homo-4 / RMSF,RMSF,Residue,365,0.04717227,nm,nm
line,overlay,sdt3-homo-4,sdt3-homo-4,rmsf,xp93sb73,xp93sb73::RMSF,sdt3-homo-4 / RMSF,RMSF,Residue,366,0.046642415,nm,nm
line,overlay,sdt3-homo-4,sdt3-homo-4,rmsf,xp93sb73,xp93sb73::RMSF,sdt3-homo-4 / RMSF,RMSF,Residue,367,0.051356673,nm,nm
line,overlay,sdt3-homo-4,sdt3-homo-4,rmsf,xp93sb73,xp93sb73::RMSF,sdt3-homo-4 / RMSF,RMSF,Residue,368,0.052237865,nm,nm
line,overlay,sdt3-homo-4,sdt3-homo-4,rmsf,xp93sb73,xp93sb73::RMSF,sdt3-homo-4 / RMSF,RMSF,Residue,369,0.04924723,nm,nm
line,overlay,sdt3-homo-4,sdt3-homo-4,rmsf,xp93sb73,xp93sb73::RMSF,sdt3-homo-4 / RMSF,RMSF,Residue,370,0.051160216,nm,nm
line,overlay,sdt3-homo-4,sdt3-homo-4,rmsf,xp93sb73,xp93sb73::RMSF,sdt3-homo-4 / RMSF,RMSF,Residue,371,0.06213731,nm,nm
line,overlay,sdt3-homo-4,sdt3-homo-4,rmsf,xp93sb73,xp93sb73::RMSF,sdt3-homo-4 / RMSF,RMSF,Residue,372,0.06271963,nm,nm
line,overlay,sdt3-homo-4,sdt3-homo-4,rmsf,xp93sb73,xp93sb73::RMSF,sdt3-homo-4 / RMSF,RMSF,Residue,373,0.058664937,nm,nm
line,overlay,sdt3-homo-4,sdt3-homo-4,rmsf,xp93sb73,xp93sb73::RMSF,sdt3-homo-4 / RMSF,RMSF,Residue,374,0.04747864,nm,nm
line,overlay,sdt3-homo-4,sdt3-homo-4,rmsf,xp93sb73,xp93sb73::RMSF,sdt3-homo-4 / RMSF,RMSF,Residue,375,0.04255544,nm,nm
line,overlay,sdt3-homo-4,sdt3-homo-4,rmsf,xp93sb73,xp93sb73::RMSF,sdt3-homo-4 / RMSF,RMSF,Residue,376,0.041166082,nm,nm
line,overlay,sdt3-homo-4,sdt3-homo-4,rmsf,xp93sb73,xp93sb73::RMSF,sdt3-homo-4 / RMSF,RMSF,Residue,377,0.037861414,nm,nm
line,overlay,sdt3-homo-4,sdt3-homo-4,rmsf,xp93sb73,xp93sb73::RMSF,sdt3-homo-4 / RMSF,RMSF,Residue,378,0.038335957,nm,nm
line,overlay,sdt3-homo-4,sdt3-homo-4,rmsf,xp93sb73,xp93sb73::RMSF,sdt3-homo-4 / RMSF,RMSF,Residue,379,0.03947083,nm,nm
line,overlay,sdt3-homo-4,sdt3-homo-4,rmsf,xp93sb73,xp93sb73::RMSF,sdt3-homo-4 / RMSF,RMSF,Residue,380,0.04261443,nm,nm
line,overlay,sdt3-homo-4,sdt3-homo-4,rmsf,xp93sb73,xp93sb73::RMSF,sdt3-homo-4 / RMSF,RMSF,Residue,381,0.051591013,nm,nm
line,overlay,sdt3-homo-4,sdt3-homo-4,rmsf,xp93sb73,xp93sb73::RMSF,sdt3-homo-4 / RMSF,RMSF,Residue,382,0.060156513,nm,nm
line,overlay,sdt3-homo-4,sdt3-homo-4,rmsf,xp93sb73,xp93sb73::RMSF,sdt3-homo-4 / RMSF,RMSF,Residue,383,0.08475524,nm,nm
line,overlay,sdt3-homo-4,sdt3-homo-4,rmsf,xp93sb73,xp93sb73::RMSF,sdt3-homo-4 / RMSF,RMSF,Residue,384,0.057581678,nm,nm
line,overlay,sdt3-homo-4,sdt3-homo-4,rmsf,xp93sb73,xp93sb73::RMSF,sdt3-homo-4 / RMSF,RMSF,Residue,385,0.046665598,nm,nm
line,overlay,sdt3-homo-4,sdt3-homo-4,rmsf,xp93sb73,xp93sb73::RMSF,sdt3-homo-4 / RMSF,RMSF,Residue,386,0.046946745,nm,nm
line,overlay,sdt3-homo-4,sdt3-homo-4,rmsf,xp93sb73,xp93sb73::RMSF,sdt3-homo-4 / RMSF,RMSF,Residue,387,0.04723373,nm,nm
line,overlay,sdt3-homo-4,sdt3-homo-4,rmsf,xp93sb73,xp93sb73::RMSF,sdt3-homo-4 / RMSF,RMSF,Residue,388,0.042105876,nm,nm
line,overlay,sdt3-homo-4,sdt3-homo-4,rmsf,xp93sb73,xp93sb73::RMSF,sdt3-homo-4 / RMSF,RMSF,Residue,389,0.040492266,nm,nm
line,overlay,sdt3-homo-4,sdt3-homo-4,rmsf,xp93sb73,xp93sb73::RMSF,sdt3-homo-4 / RMSF,RMSF,Residue,390,0.04605997,nm,nm
line,overlay,sdt3-homo-4,sdt3-homo-4,rmsf,xp93sb73,xp93sb73::RMSF,sdt3-homo-4 / RMSF,RMSF,Residue,391,0.045048177,nm,nm
line,overlay,sdt3-homo-4,sdt3-homo-4,rmsf,xp93sb73,xp93sb73::RMSF,sdt3-homo-4 / RMSF,RMSF,Residue,392,0.042442705,nm,nm
line,overlay,sdt3-homo-4,sdt3-homo-4,rmsf,xp93sb73,xp93sb73::RMSF,sdt3-homo-4 / RMSF,RMSF,Residue,393,0.0463526,nm,nm
line,overlay,sdt3-homo-4,sdt3-homo-4,rmsf,xp93sb73,xp93sb73::RMSF,sdt3-homo-4 / RMSF,RMSF,Residue,394,0.060197257,nm,nm
line,overlay,sdt3-homo-4,sdt3-homo-4,rmsf,xp93sb73,xp93sb73::RMSF,sdt3-homo-4 / RMSF,RMSF,Residue,395,0.060271,nm,nm
line,overlay,sdt3-homo-4,sdt3-homo-4,rmsf,xp93sb73,xp93sb73::RMSF,sdt3-homo-4 / RMSF,RMSF,Residue,396,0.057808194,nm,nm
line,overlay,sdt3-homo-4,sdt3-homo-4,rmsf,xp93sb73,xp93sb73::RMSF,sdt3-homo-4 / RMSF,RMSF,Residue,397,0.055186797,nm,nm
line,overlay,sdt3-homo-4,sdt3-homo-4,rmsf,xp93sb73,xp93sb73::RMSF,sdt3-homo-4 / RMSF,RMSF,Residue,398,0.04544579,nm,nm
line,overlay,sdt3-homo-4,sdt3-homo-4,rmsf,xp93sb73,xp93sb73::RMSF,sdt3-homo-4 / RMSF,RMSF,Residue,399,0.046829347,nm,nm
line,overlay,sdt3-homo-4,sdt3-homo-4,rmsf,xp93sb73,xp93sb73::RMSF,sdt3-homo-4 / RMSF,RMSF,Residue,400,0.046563137,nm,nm
line,overlay,sdt3-homo-4,sdt3-homo-4,rmsf,xp93sb73,xp93sb73::RMSF,sdt3-homo-4 / RMSF,RMSF,Residue,401,0.044933125,nm,nm
line,overlay,sdt3-homo-4,sdt3-homo-4,rmsf,xp93sb73,xp93sb73::RMSF,sdt3-homo-4 / RMSF,RMSF,Residue,402,0.049561363,nm,nm
line,overlay,sdt3-homo-4,sdt3-homo-4,rmsf,xp93sb73,xp93sb73::RMSF,sdt3-homo-4 / RMSF,RMSF,Residue,403,0.05690382,nm,nm
line,overlay,sdt3-homo-4,sdt3-homo-4,rmsf,xp93sb73,xp93sb73::RMSF,sdt3-homo-4 / RMSF,RMSF,Residue,404,0.054324664,nm,nm
line,overlay,sdt3-homo-4,sdt3-homo-4,rmsf,xp93sb73,xp93sb73::RMSF,sdt3-homo-4 / RMSF,RMSF,Residue,405,0.09106303,nm,nm
line,overlay,sdt3-homo-4,sdt3-homo-4,rmsf,xp93sb73,xp93sb73::RMSF,sdt3-homo-4 / RMSF,RMSF,Residue,406,0.08081728,nm,nm
line,overlay,sdt3-homo-4,sdt3-homo-4,rmsf,xp93sb73,xp93sb73::RMSF,sdt3-homo-4 / RMSF,RMSF,Residue,407,0.07069231,nm,nm
line,overlay,sdt3-homo-4,sdt3-homo-4,rmsf,xp93sb73,xp93sb73::RMSF,sdt3-homo-4 / RMSF,RMSF,Residue,408,0.06602003,nm,nm
line,overlay,sdt3-homo-4,sdt3-homo-4,rmsf,xp93sb73,xp93sb73::RMSF,sdt3-homo-4 / RMSF,RMSF,Residue,409,0.07750311,nm,nm
line,overlay,sdt3-homo-4,sdt3-homo-4,rmsf,xp93sb73,xp93sb73::RMSF,sdt3-homo-4 / RMSF,RMSF,Residue,410,0.08293567,nm,nm
line,overlay,sdt3-homo-4,sdt3-homo-4,rmsf,xp93sb73,xp93sb73::RMSF,sdt3-homo-4 / RMSF,RMSF,Residue,411,0.09688029,nm,nm
line,overlay,sdt3-homo-4,sdt3-homo-4,rmsf,xp93sb73,xp93sb73::RMSF,sdt3-homo-4 / RMSF,RMSF,Residue,412,0.06578956,nm,nm
line,overlay,sdt3-homo-4,sdt3-homo-4,rmsf,xp93sb73,xp93sb73::RMSF,sdt3-homo-4 / RMSF,RMSF,Residue,413,0.066819556,nm,nm
line,overlay,sdt3-homo-4,sdt3-homo-4,rmsf,xp93sb73,xp93sb73::RMSF,sdt3-homo-4 / RMSF,RMSF,Residue,414,0.08489651,nm,nm
line,overlay,sdt3-homo-4,sdt3-homo-4,rmsf,xp93sb73,xp93sb73::RMSF,sdt3-homo-4 / RMSF,RMSF,Residue,415,0.061770845,nm,nm
line,overlay,sdt3-homo-4,sdt3-homo-4,rmsf,xp93sb73,xp93sb73::RMSF,sdt3-homo-4 / RMSF,RMSF,Residue,416,0.06797763,nm,nm
line,overlay,sdt3-homo-4,sdt3-homo-4,rmsf,xp93sb73,xp93sb73::RMSF,sdt3-homo-4 / RMSF,RMSF,Residue,417,0.062303815,nm,nm
line,overlay,sdt3-homo-4,sdt3-homo-4,rmsf,xp93sb73,xp93sb73::RMSF,sdt3-homo-4 / RMSF,RMSF,Residue,418,0.06757017,nm,nm
line,overlay,sdt3-homo-4,sdt3-homo-4,rmsf,xp93sb73,xp93sb73::RMSF,sdt3-homo-4 / RMSF,RMSF,Residue,419,0.06349366,nm,nm
line,overlay,sdt3-homo-4,sdt3-homo-4,rmsf,xp93sb73,xp93sb73::RMSF,sdt3-homo-4 / RMSF,RMSF,Residue,420,0.05601828,nm,nm
line,overlay,sdt3-homo-4,sdt3-homo-4,rmsf,xp93sb73,xp93sb73::RMSF,sdt3-homo-4 / RMSF,RMSF,Residue,421,0.058847226,nm,nm
line,overlay,sdt3-homo-4,sdt3-homo-4,rmsf,xp93sb73,xp93sb73::RMSF,sdt3-homo-4 / RMSF,RMSF,Residue,422,0.061158672,nm,nm
line,overlay,sdt3-homo-4,sdt3-homo-4,rmsf,xp93sb73,xp93sb73::RMSF,sdt3-homo-4 / RMSF,RMSF,Residue,423,0.053177476,nm,nm
line,overlay,sdt3-homo-4,sdt3-homo-4,rmsf,xp93sb73,xp93sb73::RMSF,sdt3-homo-4 / RMSF,RMSF,Residue,424,0.052520584,nm,nm
line,overlay,sdt3-homo-4,sdt3-homo-4,rmsf,xp93sb73,xp93sb73::RMSF,sdt3-homo-4 / RMSF,RMSF,Residue,425,0.058676638,nm,nm
line,overlay,sdt3-homo-4,sdt3-homo-4,rmsf,xp93sb73,xp93sb73::RMSF,sdt3-homo-4 / RMSF,RMSF,Residue,426,0.05583022,nm,nm
line,overlay,sdt3-homo-4,sdt3-homo-4,rmsf,xp93sb73,xp93sb73::RMSF,sdt3-homo-4 / RMSF,RMSF,Residue,427,0.051548738,nm,nm
line,overlay,sdt3-homo-4,sdt3-homo-4,rmsf,xp93sb73,xp93sb73::RMSF,sdt3-homo-4 / RMSF,RMSF,Residue,428,0.05861171,nm,nm
line,overlay,sdt3-homo-4,sdt3-homo-4,rmsf,xp93sb73,xp93sb73::RMSF,sdt3-homo-4 / RMSF,RMSF,Residue,429,0.0729673,nm,nm
line,overlay,sdt3-homo-4,sdt3-homo-4,rmsf,xp93sb73,xp93sb73::RMSF,sdt3-homo-4 / RMSF,RMSF,Residue,430,0.071487926,nm,nm
line,overlay,sdt3-homo-4,sdt3-homo-4,rmsf,xp93sb73,xp93sb73::RMSF,sdt3-homo-4 / RMSF,RMSF,Residue,431,0.089920454,nm,nm
line,overlay,sdt3-homo-4,sdt3-homo-4,rmsf,xp93sb73,xp93sb73::RMSF,sdt3-homo-4 / RMSF,RMSF,Residue,432,0.08714394,nm,nm
line,overlay,sdt3-homo-4,sdt3-homo-4,rmsf,xp93sb73,xp93sb73::RMSF,sdt3-homo-4 / RMSF,RMSF,Residue,433,0.06502812,nm,nm
line,overlay,sdt3-homo-4,sdt3-homo-4,rmsf,xp93sb73,xp93sb73::RMSF,sdt3-homo-4 / RMSF,RMSF,Residue,434,0.07441484,nm,nm
line,overlay,sdt3-homo-4,sdt3-homo-4,rmsf,xp93sb73,xp93sb73::RMSF,sdt3-homo-4 / RMSF,RMSF,Residue,435,0.07183091,nm,nm
line,overlay,sdt3-homo-4,sdt3-homo-4,rmsf,xp93sb73,xp93sb73::RMSF,sdt3-homo-4 / RMSF,RMSF,Residue,436,0.05476165,nm,nm
line,overlay,sdt3-homo-4,sdt3-homo-4,rmsf,xp93sb73,xp93sb73::RMSF,sdt3-homo-4 / RMSF,RMSF,Residue,437,0.05533462,nm,nm
line,overlay,sdt3-homo-4,sdt3-homo-4,rmsf,xp93sb73,xp93sb73::RMSF,sdt3-homo-4 / RMSF,RMSF,Residue,438,0.06203256,nm,nm
line,overlay,sdt3-homo-4,sdt3-homo-4,rmsf,xp93sb73,xp93sb73::RMSF,sdt3-homo-4 / RMSF,RMSF,Residue,439,0.058771998,nm,nm
line,overlay,sdt3-homo-4,sdt3-homo-4,rmsf,xp93sb73,xp93sb73::RMSF,sdt3-homo-4 / RMSF,RMSF,Residue,440,0.051917348,nm,nm
line,overlay,sdt3-homo-4,sdt3-homo-4,rmsf,xp93sb73,xp93sb73::RMSF,sdt3-homo-4 / RMSF,RMSF,Residue,441,0.059060987,nm,nm
line,overlay,sdt3-homo-4,sdt3-homo-4,rmsf,xp93sb73,xp93sb73::RMSF,sdt3-homo-4 / RMSF,RMSF,Residue,442,0.06388931,nm,nm
line,overlay,sdt3-homo-4,sdt3-homo-4,rmsf,xp93sb73,xp93sb73::RMSF,sdt3-homo-4 / RMSF,RMSF,Residue,443,0.060230415,nm,nm
line,overlay,sdt3-homo-4,sdt3-homo-4,rmsf,xp93sb73,xp93sb73::RMSF,sdt3-homo-4 / RMSF,RMSF,Residue,444,0.05852249,nm,nm
line,overlay,sdt3-homo-4,sdt3-homo-4,rmsf,xp93sb73,xp93sb73::RMSF,sdt3-homo-4 / RMSF,RMSF,Residue,445,0.06356088,nm,nm
line,overlay,sdt3-homo-4,sdt3-homo-4,rmsf,xp93sb73,xp93sb73::RMSF,sdt3-homo-4 / RMSF,RMSF,Residue,446,0.06532806,nm,nm
line,overlay,sdt3-homo-4,sdt3-homo-4,rmsf,xp93sb73,xp93sb73::RMSF,sdt3-homo-4 / RMSF,RMSF,Residue,447,0.0650221,nm,nm
line,overlay,sdt3-homo-4,sdt3-homo-4,rmsf,xp93sb73,xp93sb73::RMSF,sdt3-homo-4 / RMSF,RMSF,Residue,448,0.0827509,nm,nm
line,overlay,sdt3-homo-4,sdt3-homo-4,rmsf,xp93sb73,xp93sb73::RMSF,sdt3-homo-4 / RMSF,RMSF,Residue,449,0.086384825,nm,nm
line,overlay,sdt3-homo-4,sdt3-homo-4,rmsf,xp93sb73,xp93sb73::RMSF,sdt3-homo-4 / RMSF,RMSF,Residue,450,0.08119805,nm,nm
line,overlay,sdt3-homo-4,sdt3-homo-4,rmsf,xp93sb73,xp93sb73::RMSF,sdt3-homo-4 / RMSF,RMSF,Residue,451,0.12745552,nm,nm
line,overlay,sdt3-homo-4,sdt3-homo-4,rmsf,xp93sb73,xp93sb73::RMSF,sdt3-homo-4 / RMSF,RMSF,Residue,452,0.11062815,nm,nm
line,overlay,sdt3-homo-4,sdt3-homo-4,rmsf,xp93sb73,xp93sb73::RMSF,sdt3-homo-4 / RMSF,RMSF,Residue,453,0.19377074,nm,nm
line,overlay,sdt3-homo-4,sdt3-homo-4,rmsf,xp93sb73,xp93sb73::RMSF,sdt3-homo-4 / RMSF,RMSF,Residue,454,0.17638102,nm,nm
line,overlay,sdt3-homo-4,sdt3-homo-4,rmsf,xp93sb73,xp93sb73::RMSF,sdt3-homo-4 / RMSF,RMSF,Residue,455,0.13612933,nm,nm
line,overlay,sdt3-homo-4,sdt3-homo-4,rmsf,xp93sb73,xp93sb73::RMSF,sdt3-homo-4 / RMSF,RMSF,Residue,456,0.13688244,nm,nm
line,overlay,sdt3-homo-4,sdt3-homo-4,rmsf,xp93sb73,xp93sb73::RMSF,sdt3-homo-4 / RMSF,RMSF,Residue,457,0.13938709,nm,nm
line,overlay,sdt3-homo-4,sdt3-homo-4,rmsf,xp93sb73,xp93sb73::RMSF,sdt3-homo-4 / RMSF,RMSF,Residue,458,0.11794025,nm,nm
line,overlay,sdt3-homo-4,sdt3-homo-4,rmsf,xp93sb73,xp93sb73::RMSF,sdt3-homo-4 / RMSF,RMSF,Residue,459,0.095421895,nm,nm
line,overlay,sdt3-homo-4,sdt3-homo-4,rmsf,xp93sb73,xp93sb73::RMSF,sdt3-homo-4 / RMSF,RMSF,Residue,460,0.09050012,nm,nm
line,overlay,sdt3-homo-4,sdt3-homo-4,rmsf,xp93sb73,xp93sb73::RMSF,sdt3-homo-4 / RMSF,RMSF,Residue,461,0.07937367,nm,nm
line,overlay,sdt3-homo-4,sdt3-homo-4,rmsf,xp93sb73,xp93sb73::RMSF,sdt3-homo-4 / RMSF,RMSF,Residue,462,0.07500248,nm,nm
line,overlay,sdt3-homo-4,sdt3-homo-4,rmsf,xp93sb73,xp93sb73::RMSF,sdt3-homo-4 / RMSF,RMSF,Residue,463,0.07178033,nm,nm
line,overlay,sdt3-homo-4,sdt3-homo-4,rmsf,xp93sb73,xp93sb73::RMSF,sdt3-homo-4 / RMSF,RMSF,Residue,464,0.06347881,nm,nm
line,overlay,sdt3-homo-4,sdt3-homo-4,rmsf,xp93sb73,xp93sb73::RMSF,sdt3-homo-4 / RMSF,RMSF,Residue,465,0.065451555,nm,nm
line,overlay,sdt3-homo-4,sdt3-homo-4,rmsf,xp93sb73,xp93sb73::RMSF,sdt3-homo-4 / RMSF,RMSF,Residue,466,0.075235434,nm,nm
line,overlay,sdt3-homo-4,sdt3-homo-4,rmsf,xp93sb73,xp93sb73::RMSF,sdt3-homo-4 / RMSF,RMSF,Residue,467,0.08247409,nm,nm
line,overlay,sdt3-homo-4,sdt3-homo-4,rmsf,xp93sb73,xp93sb73::RMSF,sdt3-homo-4 / RMSF,RMSF,Residue,468,0.07376465,nm,nm
line,overlay,sdt3-homo-4,sdt3-homo-4,rmsf,xp93sb73,xp93sb73::RMSF,sdt3-homo-4 / RMSF,RMSF,Residue,469,0.09300846,nm,nm
line,overlay,sdt3-homo-4,sdt3-homo-4,rmsf,xp93sb73,xp93sb73::RMSF,sdt3-homo-4 / RMSF,RMSF,Residue,470,0.11069694,nm,nm
line,overlay,sdt3-homo-4,sdt3-homo-4,rmsf,xp93sb73,xp93sb73::RMSF,sdt3-homo-4 / RMSF,RMSF,Residue,471,0.1075074,nm,nm
line,overlay,sdt3-homo-4,sdt3-homo-4,rmsf,xp93sb73,xp93sb73::RMSF,sdt3-homo-4 / RMSF,RMSF,Residue,472,0.11116813,nm,nm
line,overlay,sdt3-homo-4,sdt3-homo-4,rmsf,xp93sb73,xp93sb73::RMSF,sdt3-homo-4 / RMSF,RMSF,Residue,473,0.1453076,nm,nm
line,overlay,sdt3-homo-4,sdt3-homo-4,rmsf,xp93sb73,xp93sb73::RMSF,sdt3-homo-4 / RMSF,RMSF,Residue,474,0.29687768,nm,nm
line,overlay,sdt3-homo-4,sdt3-homo-4,rmsf,xp93sb73,xp93sb73::RMSF,sdt3-homo-4 / RMSF,RMSF,Residue,475,0.39058653,nm,nm
line,overlay,sdt3-homo-4,sdt3-homo-4,rmsf,xp93sb73,xp93sb73::RMSF,sdt3-homo-4 / RMSF,RMSF,Residue,476,0.5002391,nm,nm
line,overlay,sdt5-homo,sdt5-homo,rmsf,q900br52,q900br52::RMSF,sdt5-homo / RMSF,RMSF,Residue,1,0.35767254,nm,nm
line,overlay,sdt5-homo,sdt5-homo,rmsf,q900br52,q900br52::RMSF,sdt5-homo / RMSF,RMSF,Residue,2,0.23372507,nm,nm
line,overlay,sdt5-homo,sdt5-homo,rmsf,q900br52,q900br52::RMSF,sdt5-homo / RMSF,RMSF,Residue,3,0.103944756,nm,nm
line,overlay,sdt5-homo,sdt5-homo,rmsf,q900br52,q900br52::RMSF,sdt5-homo / RMSF,RMSF,Residue,4,0.061041556,nm,nm
line,overlay,sdt5-homo,sdt5-homo,rmsf,q900br52,q900br52::RMSF,sdt5-homo / RMSF,RMSF,Residue,5,0.051126327,nm,nm
line,overlay,sdt5-homo,sdt5-homo,rmsf,q900br52,q900br52::RMSF,sdt5-homo / RMSF,RMSF,Residue,6,0.043638937,nm,nm
line,overlay,sdt5-homo,sdt5-homo,rmsf,q900br52,q900br52::RMSF,sdt5-homo / RMSF,RMSF,Residue,7,0.040528618,nm,nm
line,overlay,sdt5-homo,sdt5-homo,rmsf,q900br52,q900br52::RMSF,sdt5-homo / RMSF,RMSF,Residue,8,0.044220734,nm,nm
line,overlay,sdt5-homo,sdt5-homo,rmsf,q900br52,q900br52::RMSF,sdt5-homo / RMSF,RMSF,Residue,9,0.053382043,nm,nm
line,overlay,sdt5-homo,sdt5-homo,rmsf,q900br52,q900br52::RMSF,sdt5-homo / RMSF,RMSF,Residue,10,0.04522306,nm,nm
line,overlay,sdt5-homo,sdt5-homo,rmsf,q900br52,q900br52::RMSF,sdt5-homo / RMSF,RMSF,Residue,11,0.048662324,nm,nm
line,overlay,sdt5-homo,sdt5-homo,rmsf,q900br52,q900br52::RMSF,sdt5-homo / RMSF,RMSF,Residue,12,0.05863104,nm,nm
line,overlay,sdt5-homo,sdt5-homo,rmsf,q900br52,q900br52::RMSF,sdt5-homo / RMSF,RMSF,Residue,13,0.06063845,nm,nm
line,overlay,sdt5-homo,sdt5-homo,rmsf,q900br52,q900br52::RMSF,sdt5-homo / RMSF,RMSF,Residue,14,0.07243666,nm,nm
line,overlay,sdt5-homo,sdt5-homo,rmsf,q900br52,q900br52::RMSF,sdt5-homo / RMSF,RMSF,Residue,15,0.064586826,nm,nm
line,overlay,sdt5-homo,sdt5-homo,rmsf,q900br52,q900br52::RMSF,sdt5-homo / RMSF,RMSF,Residue,16,0.041013733,nm,nm
line,overlay,sdt5-homo,sdt5-homo,rmsf,q900br52,q900br52::RMSF,sdt5-homo / RMSF,RMSF,Residue,17,0.040769037,nm,nm
line,overlay,sdt5-homo,sdt5-homo,rmsf,q900br52,q900br52::RMSF,sdt5-homo / RMSF,RMSF,Residue,18,0.04405375,nm,nm
line,overlay,sdt5-homo,sdt5-homo,rmsf,q900br52,q900br52::RMSF,sdt5-homo / RMSF,RMSF,Residue,19,0.040283743,nm,nm
line,overlay,sdt5-homo,sdt5-homo,rmsf,q900br52,q900br52::RMSF,sdt5-homo / RMSF,RMSF,Residue,20,0.03644193,nm,nm
line,overlay,sdt5-homo,sdt5-homo,rmsf,q900br52,q900br52::RMSF,sdt5-homo / RMSF,RMSF,Residue,21,0.03884442,nm,nm
line,overlay,sdt5-homo,sdt5-homo,rmsf,q900br52,q900br52::RMSF,sdt5-homo / RMSF,RMSF,Residue,22,0.03656731,nm,nm
line,overlay,sdt5-homo,sdt5-homo,rmsf,q900br52,q900br52::RMSF,sdt5-homo / RMSF,RMSF,Residue,23,0.03962123,nm,nm
line,overlay,sdt5-homo,sdt5-homo,rmsf,q900br52,q900br52::RMSF,sdt5-homo / RMSF,RMSF,Residue,24,0.043170866,nm,nm
line,overlay,sdt5-homo,sdt5-homo,rmsf,q900br52,q900br52::RMSF,sdt5-homo / RMSF,RMSF,Residue,25,0.044204745,nm,nm
line,overlay,sdt5-homo,sdt5-homo,rmsf,q900br52,q900br52::RMSF,sdt5-homo / RMSF,RMSF,Residue,26,0.048446313,nm,nm
line,overlay,sdt5-homo,sdt5-homo,rmsf,q900br52,q900br52::RMSF,sdt5-homo / RMSF,RMSF,Residue,27,0.048230052,nm,nm
line,overlay,sdt5-homo,sdt5-homo,rmsf,q900br52,q900br52::RMSF,sdt5-homo / RMSF,RMSF,Residue,28,0.05315549,nm,nm
line,overlay,sdt5-homo,sdt5-homo,rmsf,q900br52,q900br52::RMSF,sdt5-homo / RMSF,RMSF,Residue,29,0.06538947,nm,nm
line,overlay,sdt5-homo,sdt5-homo,rmsf,q900br52,q900br52::RMSF,sdt5-homo / RMSF,RMSF,Residue,30,0.07011614,nm,nm
line,overlay,sdt5-homo,sdt5-homo,rmsf,q900br52,q900br52::RMSF,sdt5-homo / RMSF,RMSF,Residue,31,0.06742858,nm,nm
line,overlay,sdt5-homo,sdt5-homo,rmsf,q900br52,q900br52::RMSF,sdt5-homo / RMSF,RMSF,Residue,32,0.06442609,nm,nm
line,overlay,sdt5-homo,sdt5-homo,rmsf,q900br52,q900br52::RMSF,sdt5-homo / RMSF,RMSF,Residue,33,0.054641053,nm,nm
line,overlay,sdt5-homo,sdt5-homo,rmsf,q900br52,q900br52::RMSF,sdt5-homo / RMSF,RMSF,Residue,34,0.050302092,nm,nm
line,overlay,sdt5-homo,sdt5-homo,rmsf,q900br52,q900br52::RMSF,sdt5-homo / RMSF,RMSF,Residue,35,0.04638552,nm,nm
line,overlay,sdt5-homo,sdt5-homo,rmsf,q900br52,q900br52::RMSF,sdt5-homo / RMSF,RMSF,Residue,36,0.046104323,nm,nm
line,overlay,sdt5-homo,sdt5-homo,rmsf,q900br52,q900br52::RMSF,sdt5-homo / RMSF,RMSF,Residue,37,0.05717734,nm,nm
line,overlay,sdt5-homo,sdt5-homo,rmsf,q900br52,q900br52::RMSF,sdt5-homo / RMSF,RMSF,Residue,38,0.059148908,nm,nm
line,overlay,sdt5-homo,sdt5-homo,rmsf,q900br52,q900br52::RMSF,sdt5-homo / RMSF,RMSF,Residue,39,0.069165364,nm,nm
line,overlay,sdt5-homo,sdt5-homo,rmsf,q900br52,q900br52::RMSF,sdt5-homo / RMSF,RMSF,Residue,40,0.08294947,nm,nm
line,overlay,sdt5-homo,sdt5-homo,rmsf,q900br52,q900br52::RMSF,sdt5-homo / RMSF,RMSF,Residue,41,0.08590565,nm,nm
line,overlay,sdt5-homo,sdt5-homo,rmsf,q900br52,q900br52::RMSF,sdt5-homo / RMSF,RMSF,Residue,42,0.07437914,nm,nm
line,overlay,sdt5-homo,sdt5-homo,rmsf,q900br52,q900br52::RMSF,sdt5-homo / RMSF,RMSF,Residue,43,0.08208273,nm,nm
line,overlay,sdt5-homo,sdt5-homo,rmsf,q900br52,q900br52::RMSF,sdt5-homo / RMSF,RMSF,Residue,44,0.09213646,nm,nm
line,overlay,sdt5-homo,sdt5-homo,rmsf,q900br52,q900br52::RMSF,sdt5-homo / RMSF,RMSF,Residue,45,0.081108645,nm,nm
line,overlay,sdt5-homo,sdt5-homo,rmsf,q900br52,q900br52::RMSF,sdt5-homo / RMSF,RMSF,Residue,46,0.056805827,nm,nm
line,overlay,sdt5-homo,sdt5-homo,rmsf,q900br52,q900br52::RMSF,sdt5-homo / RMSF,RMSF,Residue,47,0.06379946,nm,nm
line,overlay,sdt5-homo,sdt5-homo,rmsf,q900br52,q900br52::RMSF,sdt5-homo / RMSF,RMSF,Residue,48,0.07010781,nm,nm
line,overlay,sdt5-homo,sdt5-homo,rmsf,q900br52,q900br52::RMSF,sdt5-homo / RMSF,RMSF,Residue,49,0.057959083,nm,nm
line,overlay,sdt5-homo,sdt5-homo,rmsf,q900br52,q900br52::RMSF,sdt5-homo / RMSF,RMSF,Residue,50,0.054221414,nm,nm
line,overlay,sdt5-homo,sdt5-homo,rmsf,q900br52,q900br52::RMSF,sdt5-homo / RMSF,RMSF,Residue,51,0.06637226,nm,nm
line,overlay,sdt5-homo,sdt5-homo,rmsf,q900br52,q900br52::RMSF,sdt5-homo / RMSF,RMSF,Residue,52,0.06708621,nm,nm
line,overlay,sdt5-homo,sdt5-homo,rmsf,q900br52,q900br52::RMSF,sdt5-homo / RMSF,RMSF,Residue,53,0.07296815,nm,nm
line,overlay,sdt5-homo,sdt5-homo,rmsf,q900br52,q900br52::RMSF,sdt5-homo / RMSF,RMSF,Residue,54,0.081971504,nm,nm
line,overlay,sdt5-homo,sdt5-homo,rmsf,q900br52,q900br52::RMSF,sdt5-homo / RMSF,RMSF,Residue,55,0.0911188,nm,nm
line,overlay,sdt5-homo,sdt5-homo,rmsf,q900br52,q900br52::RMSF,sdt5-homo / RMSF,RMSF,Residue,56,0.08597466,nm,nm
line,overlay,sdt5-homo,sdt5-homo,rmsf,q900br52,q900br52::RMSF,sdt5-homo / RMSF,RMSF,Residue,57,0.09472316,nm,nm
line,overlay,sdt5-homo,sdt5-homo,rmsf,q900br52,q900br52::RMSF,sdt5-homo / RMSF,RMSF,Residue,58,0.093028024,nm,nm
line,overlay,sdt5-homo,sdt5-homo,rmsf,q900br52,q900br52::RMSF,sdt5-homo / RMSF,RMSF,Residue,59,0.08771695,nm,nm
line,overlay,sdt5-homo,sdt5-homo,rmsf,q900br52,q900br52::RMSF,sdt5-homo / RMSF,RMSF,Residue,60,0.05997498,nm,nm
line,overlay,sdt5-homo,sdt5-homo,rmsf,q900br52,q900br52::RMSF,sdt5-homo / RMSF,RMSF,Residue,61,0.056509625,nm,nm
line,overlay,sdt5-homo,sdt5-homo,rmsf,q900br52,q900br52::RMSF,sdt5-homo / RMSF,RMSF,Residue,62,0.06399401,nm,nm
line,overlay,sdt5-homo,sdt5-homo,rmsf,q900br52,q900br52::RMSF,sdt5-homo / RMSF,RMSF,Residue,63,0.07600566,nm,nm
line,overlay,sdt5-homo,sdt5-homo,rmsf,q900br52,q900br52::RMSF,sdt5-homo / RMSF,RMSF,Residue,64,0.08701709,nm,nm
line,overlay,sdt5-homo,sdt5-homo,rmsf,q900br52,q900br52::RMSF,sdt5-homo / RMSF,RMSF,Residue,65,0.083415136,nm,nm
line,overlay,sdt5-homo,sdt5-homo,rmsf,q900br52,q900br52::RMSF,sdt5-homo / RMSF,RMSF,Residue,66,0.08207529,nm,nm
line,overlay,sdt5-homo,sdt5-homo,rmsf,q900br52,q900br52::RMSF,sdt5-homo / RMSF,RMSF,Residue,67,0.07522672,nm,nm
line,overlay,sdt5-homo,sdt5-homo,rmsf,q900br52,q900br52::RMSF,sdt5-homo / RMSF,RMSF,Residue,68,0.0827726,nm,nm
line,overlay,sdt5-homo,sdt5-homo,rmsf,q900br52,q900br52::RMSF,sdt5-homo / RMSF,RMSF,Residue,69,0.093931705,nm,nm
line,overlay,sdt5-homo,sdt5-homo,rmsf,q900br52,q900br52::RMSF,sdt5-homo / RMSF,RMSF,Residue,70,0.11749706,nm,nm
line,overlay,sdt5-homo,sdt5-homo,rmsf,q900br52,q900br52::RMSF,sdt5-homo / RMSF,RMSF,Residue,71,0.11280136,nm,nm
line,overlay,sdt5-homo,sdt5-homo,rmsf,q900br52,q900br52::RMSF,sdt5-homo / RMSF,RMSF,Residue,72,0.10335971,nm,nm
line,overlay,sdt5-homo,sdt5-homo,rmsf,q900br52,q900br52::RMSF,sdt5-homo / RMSF,RMSF,Residue,73,0.12153073,nm,nm
line,overlay,sdt5-homo,sdt5-homo,rmsf,q900br52,q900br52::RMSF,sdt5-homo / RMSF,RMSF,Residue,74,0.10811713,nm,nm
line,overlay,sdt5-homo,sdt5-homo,rmsf,q900br52,q900br52::RMSF,sdt5-homo / RMSF,RMSF,Residue,75,0.11809293,nm,nm
line,overlay,sdt5-homo,sdt5-homo,rmsf,q900br52,q900br52::RMSF,sdt5-homo / RMSF,RMSF,Residue,76,0.13175614,nm,nm
line,overlay,sdt5-homo,sdt5-homo,rmsf,q900br52,q900br52::RMSF,sdt5-homo / RMSF,RMSF,Residue,77,0.12193831,nm,nm
line,overlay,sdt5-homo,sdt5-homo,rmsf,q900br52,q900br52::RMSF,sdt5-homo / RMSF,RMSF,Residue,78,0.09285758,nm,nm
line,overlay,sdt5-homo,sdt5-homo,rmsf,q900br52,q900br52::RMSF,sdt5-homo / RMSF,RMSF,Residue,79,0.078312285,nm,nm
line,overlay,sdt5-homo,sdt5-homo,rmsf,q900br52,q900br52::RMSF,sdt5-homo / RMSF,RMSF,Residue,80,0.07733822,nm,nm
line,overlay,sdt5-homo,sdt5-homo,rmsf,q900br52,q900br52::RMSF,sdt5-homo / RMSF,RMSF,Residue,81,0.09428086,nm,nm
line,overlay,sdt5-homo,sdt5-homo,rmsf,q900br52,q900br52::RMSF,sdt5-homo / RMSF,RMSF,Residue,82,0.11047271,nm,nm
line,overlay,sdt5-homo,sdt5-homo,rmsf,q900br52,q900br52::RMSF,sdt5-homo / RMSF,RMSF,Residue,83,0.10659414,nm,nm
line,overlay,sdt5-homo,sdt5-homo,rmsf,q900br52,q900br52::RMSF,sdt5-homo / RMSF,RMSF,Residue,84,0.09966558,nm,nm
line,overlay,sdt5-homo,sdt5-homo,rmsf,q900br52,q900br52::RMSF,sdt5-homo / RMSF,RMSF,Residue,85,0.13143992,nm,nm
line,overlay,sdt5-homo,sdt5-homo,rmsf,q900br52,q900br52::RMSF,sdt5-homo / RMSF,RMSF,Residue,86,0.12376235,nm,nm
line,overlay,sdt5-homo,sdt5-homo,rmsf,q900br52,q900br52::RMSF,sdt5-homo / RMSF,RMSF,Residue,87,0.12796283,nm,nm
line,overlay,sdt5-homo,sdt5-homo,rmsf,q900br52,q900br52::RMSF,sdt5-homo / RMSF,RMSF,Residue,88,0.12303335,nm,nm
line,overlay,sdt5-homo,sdt5-homo,rmsf,q900br52,q900br52::RMSF,sdt5-homo / RMSF,RMSF,Residue,89,0.10952706,nm,nm
line,overlay,sdt5-homo,sdt5-homo,rmsf,q900br52,q900br52::RMSF,sdt5-homo / RMSF,RMSF,Residue,90,0.104596026,nm,nm
line,overlay,sdt5-homo,sdt5-homo,rmsf,q900br52,q900br52::RMSF,sdt5-homo / RMSF,RMSF,Residue,91,0.10359318,nm,nm
line,overlay,sdt5-homo,sdt5-homo,rmsf,q900br52,q900br52::RMSF,sdt5-homo / RMSF,RMSF,Residue,92,0.09583486,nm,nm
line,overlay,sdt5-homo,sdt5-homo,rmsf,q900br52,q900br52::RMSF,sdt5-homo / RMSF,RMSF,Residue,93,0.0849073,nm,nm
line,overlay,sdt5-homo,sdt5-homo,rmsf,q900br52,q900br52::RMSF,sdt5-homo / RMSF,RMSF,Residue,94,0.0840196,nm,nm
line,overlay,sdt5-homo,sdt5-homo,rmsf,q900br52,q900br52::RMSF,sdt5-homo / RMSF,RMSF,Residue,95,0.08684881,nm,nm
line,overlay,sdt5-homo,sdt5-homo,rmsf,q900br52,q900br52::RMSF,sdt5-homo / RMSF,RMSF,Residue,96,0.07869519,nm,nm
line,overlay,sdt5-homo,sdt5-homo,rmsf,q900br52,q900br52::RMSF,sdt5-homo / RMSF,RMSF,Residue,97,0.07399614,nm,nm
line,overlay,sdt5-homo,sdt5-homo,rmsf,q900br52,q900br52::RMSF,sdt5-homo / RMSF,RMSF,Residue,98,0.07348438,nm,nm
line,overlay,sdt5-homo,sdt5-homo,rmsf,q900br52,q900br52::RMSF,sdt5-homo / RMSF,RMSF,Residue,99,0.07334599,nm,nm
line,overlay,sdt5-homo,sdt5-homo,rmsf,q900br52,q900br52::RMSF,sdt5-homo / RMSF,RMSF,Residue,100,0.07500193,nm,nm
line,overlay,sdt5-homo,sdt5-homo,rmsf,q900br52,q900br52::RMSF,sdt5-homo / RMSF,RMSF,Residue,101,0.072976604,nm,nm
line,overlay,sdt5-homo,sdt5-homo,rmsf,q900br52,q900br52::RMSF,sdt5-homo / RMSF,RMSF,Residue,102,0.08387066,nm,nm
line,overlay,sdt5-homo,sdt5-homo,rmsf,q900br52,q900br52::RMSF,sdt5-homo / RMSF,RMSF,Residue,103,0.08316784,nm,nm
line,overlay,sdt5-homo,sdt5-homo,rmsf,q900br52,q900br52::RMSF,sdt5-homo / RMSF,RMSF,Residue,104,0.071193576,nm,nm
line,overlay,sdt5-homo,sdt5-homo,rmsf,q900br52,q900br52::RMSF,sdt5-homo / RMSF,RMSF,Residue,105,0.07001197,nm,nm
line,overlay,sdt5-homo,sdt5-homo,rmsf,q900br52,q900br52::RMSF,sdt5-homo / RMSF,RMSF,Residue,106,0.08010062,nm,nm
line,overlay,sdt5-homo,sdt5-homo,rmsf,q900br52,q900br52::RMSF,sdt5-homo / RMSF,RMSF,Residue,107,0.074862584,nm,nm
line,overlay,sdt5-homo,sdt5-homo,rmsf,q900br52,q900br52::RMSF,sdt5-homo / RMSF,RMSF,Residue,108,0.06415219,nm,nm
line,overlay,sdt5-homo,sdt5-homo,rmsf,q900br52,q900br52::RMSF,sdt5-homo / RMSF,RMSF,Residue,109,0.07722898,nm,nm
line,overlay,sdt5-homo,sdt5-homo,rmsf,q900br52,q900br52::RMSF,sdt5-homo / RMSF,RMSF,Residue,110,0.08853179,nm,nm
line,overlay,sdt5-homo,sdt5-homo,rmsf,q900br52,q900br52::RMSF,sdt5-homo / RMSF,RMSF,Residue,111,0.07778934,nm,nm
line,overlay,sdt5-homo,sdt5-homo,rmsf,q900br52,q900br52::RMSF,sdt5-homo / RMSF,RMSF,Residue,112,0.068398766,nm,nm
line,overlay,sdt5-homo,sdt5-homo,rmsf,q900br52,q900br52::RMSF,sdt5-homo / RMSF,RMSF,Residue,113,0.05309557,nm,nm
line,overlay,sdt5-homo,sdt5-homo,rmsf,q900br52,q900br52::RMSF,sdt5-homo / RMSF,RMSF,Residue,114,0.04860384,nm,nm
line,overlay,sdt5-homo,sdt5-homo,rmsf,q900br52,q900br52::RMSF,sdt5-homo / RMSF,RMSF,Residue,115,0.04336887,nm,nm
line,overlay,sdt5-homo,sdt5-homo,rmsf,q900br52,q900br52::RMSF,sdt5-homo / RMSF,RMSF,Residue,116,0.03849943,nm,nm
line,overlay,sdt5-homo,sdt5-homo,rmsf,q900br52,q900br52::RMSF,sdt5-homo / RMSF,RMSF,Residue,117,0.037967388,nm,nm
line,overlay,sdt5-homo,sdt5-homo,rmsf,q900br52,q900br52::RMSF,sdt5-homo / RMSF,RMSF,Residue,118,0.046982657,nm,nm
line,overlay,sdt5-homo,sdt5-homo,rmsf,q900br52,q900br52::RMSF,sdt5-homo / RMSF,RMSF,Residue,119,0.04044207,nm,nm
line,overlay,sdt5-homo,sdt5-homo,rmsf,q900br52,q900br52::RMSF,sdt5-homo / RMSF,RMSF,Residue,120,0.045219965,nm,nm
line,overlay,sdt5-homo,sdt5-homo,rmsf,q900br52,q900br52::RMSF,sdt5-homo / RMSF,RMSF,Residue,121,0.054475836,nm,nm
line,overlay,sdt5-homo,sdt5-homo,rmsf,q900br52,q900br52::RMSF,sdt5-homo / RMSF,RMSF,Residue,122,0.048257522,nm,nm
line,overlay,sdt5-homo,sdt5-homo,rmsf,q900br52,q900br52::RMSF,sdt5-homo / RMSF,RMSF,Residue,123,0.051991697,nm,nm
line,overlay,sdt5-homo,sdt5-homo,rmsf,q900br52,q900br52::RMSF,sdt5-homo / RMSF,RMSF,Residue,124,0.051773977,nm,nm
line,overlay,sdt5-homo,sdt5-homo,rmsf,q900br52,q900br52::RMSF,sdt5-homo / RMSF,RMSF,Residue,125,0.04694825,nm,nm
line,overlay,sdt5-homo,sdt5-homo,rmsf,q900br52,q900br52::RMSF,sdt5-homo / RMSF,RMSF,Residue,126,0.05619448,nm,nm
line,overlay,sdt5-homo,sdt5-homo,rmsf,q900br52,q900br52::RMSF,sdt5-homo / RMSF,RMSF,Residue,127,0.06340828,nm,nm
line,overlay,sdt5-homo,sdt5-homo,rmsf,q900br52,q900br52::RMSF,sdt5-homo / RMSF,RMSF,Residue,128,0.057695907,nm,nm
line,overlay,sdt5-homo,sdt5-homo,rmsf,q900br52,q900br52::RMSF,sdt5-homo / RMSF,RMSF,Residue,129,0.05298053,nm,nm
line,overlay,sdt5-homo,sdt5-homo,rmsf,q900br52,q900br52::RMSF,sdt5-homo / RMSF,RMSF,Residue,130,0.0644354,nm,nm
line,overlay,sdt5-homo,sdt5-homo,rmsf,q900br52,q900br52::RMSF,sdt5-homo / RMSF,RMSF,Residue,131,0.07245741,nm,nm
line,overlay,sdt5-homo,sdt5-homo,rmsf,q900br52,q900br52::RMSF,sdt5-homo / RMSF,RMSF,Residue,132,0.06833453,nm,nm
line,overlay,sdt5-homo,sdt5-homo,rmsf,q900br52,q900br52::RMSF,sdt5-homo / RMSF,RMSF,Residue,133,0.06724976,nm,nm
line,overlay,sdt5-homo,sdt5-homo,rmsf,q900br52,q900br52::RMSF,sdt5-homo / RMSF,RMSF,Residue,134,0.05222844,nm,nm
line,overlay,sdt5-homo,sdt5-homo,rmsf,q900br52,q900br52::RMSF,sdt5-homo / RMSF,RMSF,Residue,135,0.048502475,nm,nm
line,overlay,sdt5-homo,sdt5-homo,rmsf,q900br52,q900br52::RMSF,sdt5-homo / RMSF,RMSF,Residue,136,0.040281832,nm,nm
line,overlay,sdt5-homo,sdt5-homo,rmsf,q900br52,q900br52::RMSF,sdt5-homo / RMSF,RMSF,Residue,137,0.03632828,nm,nm
line,overlay,sdt5-homo,sdt5-homo,rmsf,q900br52,q900br52::RMSF,sdt5-homo / RMSF,RMSF,Residue,138,0.037447155,nm,nm
line,overlay,sdt5-homo,sdt5-homo,rmsf,q900br52,q900br52::RMSF,sdt5-homo / RMSF,RMSF,Residue,139,0.038916595,nm,nm
line,overlay,sdt5-homo,sdt5-homo,rmsf,q900br52,q900br52::RMSF,sdt5-homo / RMSF,RMSF,Residue,140,0.04645029,nm,nm
line,overlay,sdt5-homo,sdt5-homo,rmsf,q900br52,q900br52::RMSF,sdt5-homo / RMSF,RMSF,Residue,141,0.045636028,nm,nm
line,overlay,sdt5-homo,sdt5-homo,rmsf,q900br52,q900br52::RMSF,sdt5-homo / RMSF,RMSF,Residue,142,0.03782876,nm,nm
line,overlay,sdt5-homo,sdt5-homo,rmsf,q900br52,q900br52::RMSF,sdt5-homo / RMSF,RMSF,Residue,143,0.039026733,nm,nm
line,overlay,sdt5-homo,sdt5-homo,rmsf,q900br52,q900br52::RMSF,sdt5-homo / RMSF,RMSF,Residue,144,0.04213284,nm,nm
line,overlay,sdt5-homo,sdt5-homo,rmsf,q900br52,q900br52::RMSF,sdt5-homo / RMSF,RMSF,Residue,145,0.04369296,nm,nm
line,overlay,sdt5-homo,sdt5-homo,rmsf,q900br52,q900br52::RMSF,sdt5-homo / RMSF,RMSF,Residue,146,0.04625385,nm,nm
line,overlay,sdt5-homo,sdt5-homo,rmsf,q900br52,q900br52::RMSF,sdt5-homo / RMSF,RMSF,Residue,147,0.04868583,nm,nm
line,overlay,sdt5-homo,sdt5-homo,rmsf,q900br52,q900br52::RMSF,sdt5-homo / RMSF,RMSF,Residue,148,0.047161303,nm,nm
line,overlay,sdt5-homo,sdt5-homo,rmsf,q900br52,q900br52::RMSF,sdt5-homo / RMSF,RMSF,Residue,149,0.047002647,nm,nm
line,overlay,sdt5-homo,sdt5-homo,rmsf,q900br52,q900br52::RMSF,sdt5-homo / RMSF,RMSF,Residue,150,0.048397,nm,nm
line,overlay,sdt5-homo,sdt5-homo,rmsf,q900br52,q900br52::RMSF,sdt5-homo / RMSF,RMSF,Residue,151,0.057753965,nm,nm
line,overlay,sdt5-homo,sdt5-homo,rmsf,q900br52,q900br52::RMSF,sdt5-homo / RMSF,RMSF,Residue,152,0.0606137,nm,nm
line,overlay,sdt5-homo,sdt5-homo,rmsf,q900br52,q900br52::RMSF,sdt5-homo / RMSF,RMSF,Residue,153,0.064057775,nm,nm
line,overlay,sdt5-homo,sdt5-homo,rmsf,q900br52,q900br52::RMSF,sdt5-homo / RMSF,RMSF,Residue,154,0.075350344,nm,nm
line,overlay,sdt5-homo,sdt5-homo,rmsf,q900br52,q900br52::RMSF,sdt5-homo / RMSF,RMSF,Residue,155,0.10277726,nm,nm
line,overlay,sdt5-homo,sdt5-homo,rmsf,q900br52,q900br52::RMSF,sdt5-homo / RMSF,RMSF,Residue,156,0.113163434,nm,nm
line,overlay,sdt5-homo,sdt5-homo,rmsf,q900br52,q900br52::RMSF,sdt5-homo / RMSF,RMSF,Residue,157,0.12024834,nm,nm
line,overlay,sdt5-homo,sdt5-homo,rmsf,q900br52,q900br52::RMSF,sdt5-homo / RMSF,RMSF,Residue,158,0.11936298,nm,nm
line,overlay,sdt5-homo,sdt5-homo,rmsf,q900br52,q900br52::RMSF,sdt5-homo / RMSF,RMSF,Residue,159,0.17043199,nm,nm
line,overlay,sdt5-homo,sdt5-homo,rmsf,q900br52,q900br52::RMSF,sdt5-homo / RMSF,RMSF,Residue,160,0.17694548,nm,nm
line,overlay,sdt5-homo,sdt5-homo,rmsf,q900br52,q900br52::RMSF,sdt5-homo / RMSF,RMSF,Residue,161,0.18355577,nm,nm
line,overlay,sdt5-homo,sdt5-homo,rmsf,q900br52,q900br52::RMSF,sdt5-homo / RMSF,RMSF,Residue,162,0.20370896,nm,nm
line,overlay,sdt5-homo,sdt5-homo,rmsf,q900br52,q900br52::RMSF,sdt5-homo / RMSF,RMSF,Residue,163,0.2520942,nm,nm
line,overlay,sdt5-homo,sdt5-homo,rmsf,q900br52,q900br52::RMSF,sdt5-homo / RMSF,RMSF,Residue,164,0.20638631,nm,nm
line,overlay,sdt5-homo,sdt5-homo,rmsf,q900br52,q900br52::RMSF,sdt5-homo / RMSF,RMSF,Residue,165,0.2153867,nm,nm
line,overlay,sdt5-homo,sdt5-homo,rmsf,q900br52,q900br52::RMSF,sdt5-homo / RMSF,RMSF,Residue,166,0.17682281,nm,nm
line,overlay,sdt5-homo,sdt5-homo,rmsf,q900br52,q900br52::RMSF,sdt5-homo / RMSF,RMSF,Residue,167,0.114570655,nm,nm
line,overlay,sdt5-homo,sdt5-homo,rmsf,q900br52,q900br52::RMSF,sdt5-homo / RMSF,RMSF,Residue,168,0.08907104,nm,nm
line,overlay,sdt5-homo,sdt5-homo,rmsf,q900br52,q900br52::RMSF,sdt5-homo / RMSF,RMSF,Residue,169,0.08500587,nm,nm
line,overlay,sdt5-homo,sdt5-homo,rmsf,q900br52,q900br52::RMSF,sdt5-homo / RMSF,RMSF,Residue,170,0.081750914,nm,nm
line,overlay,sdt5-homo,sdt5-homo,rmsf,q900br52,q900br52::RMSF,sdt5-homo / RMSF,RMSF,Residue,171,0.071453094,nm,nm
line,overlay,sdt5-homo,sdt5-homo,rmsf,q900br52,q900br52::RMSF,sdt5-homo / RMSF,RMSF,Residue,172,0.10243163,nm,nm
line,overlay,sdt5-homo,sdt5-homo,rmsf,q900br52,q900br52::RMSF,sdt5-homo / RMSF,RMSF,Residue,173,0.101145,nm,nm
line,overlay,sdt5-homo,sdt5-homo,rmsf,q900br52,q900br52::RMSF,sdt5-homo / RMSF,RMSF,Residue,174,0.1039025,nm,nm
line,overlay,sdt5-homo,sdt5-homo,rmsf,q900br52,q900br52::RMSF,sdt5-homo / RMSF,RMSF,Residue,175,0.12908597,nm,nm
line,overlay,sdt5-homo,sdt5-homo,rmsf,q900br52,q900br52::RMSF,sdt5-homo / RMSF,RMSF,Residue,176,0.11796027,nm,nm
line,overlay,sdt5-homo,sdt5-homo,rmsf,q900br52,q900br52::RMSF,sdt5-homo / RMSF,RMSF,Residue,177,0.12225474,nm,nm
line,overlay,sdt5-homo,sdt5-homo,rmsf,q900br52,q900br52::RMSF,sdt5-homo / RMSF,RMSF,Residue,178,0.08637941,nm,nm
line,overlay,sdt5-homo,sdt5-homo,rmsf,q900br52,q900br52::RMSF,sdt5-homo / RMSF,RMSF,Residue,179,0.08313043,nm,nm
line,overlay,sdt5-homo,sdt5-homo,rmsf,q900br52,q900br52::RMSF,sdt5-homo / RMSF,RMSF,Residue,180,0.0810793,nm,nm
line,overlay,sdt5-homo,sdt5-homo,rmsf,q900br52,q900br52::RMSF,sdt5-homo / RMSF,RMSF,Residue,181,0.08614127,nm,nm
line,overlay,sdt5-homo,sdt5-homo,rmsf,q900br52,q900br52::RMSF,sdt5-homo / RMSF,RMSF,Residue,182,0.086976364,nm,nm
line,overlay,sdt5-homo,sdt5-homo,rmsf,q900br52,q900br52::RMSF,sdt5-homo / RMSF,RMSF,Residue,183,0.08000543,nm,nm
line,overlay,sdt5-homo,sdt5-homo,rmsf,q900br52,q900br52::RMSF,sdt5-homo / RMSF,RMSF,Residue,184,0.06501452,nm,nm
line,overlay,sdt5-homo,sdt5-homo,rmsf,q900br52,q900br52::RMSF,sdt5-homo / RMSF,RMSF,Residue,185,0.06791596,nm,nm
line,overlay,sdt5-homo,sdt5-homo,rmsf,q900br52,q900br52::RMSF,sdt5-homo / RMSF,RMSF,Residue,186,0.07437425,nm,nm
line,overlay,sdt5-homo,sdt5-homo,rmsf,q900br52,q900br52::RMSF,sdt5-homo / RMSF,RMSF,Residue,187,0.08418738,nm,nm
line,overlay,sdt5-homo,sdt5-homo,rmsf,q900br52,q900br52::RMSF,sdt5-homo / RMSF,RMSF,Residue,188,0.0784017,nm,nm
line,overlay,sdt5-homo,sdt5-homo,rmsf,q900br52,q900br52::RMSF,sdt5-homo / RMSF,RMSF,Residue,189,0.07510982,nm,nm
line,overlay,sdt5-homo,sdt5-homo,rmsf,q900br52,q900br52::RMSF,sdt5-homo / RMSF,RMSF,Residue,190,0.096918486,nm,nm
line,overlay,sdt5-homo,sdt5-homo,rmsf,q900br52,q900br52::RMSF,sdt5-homo / RMSF,RMSF,Residue,191,0.10908778,nm,nm
line,overlay,sdt5-homo,sdt5-homo,rmsf,q900br52,q900br52::RMSF,sdt5-homo / RMSF,RMSF,Residue,192,0.2508507,nm,nm
line,overlay,sdt5-homo,sdt5-homo,rmsf,q900br52,q900br52::RMSF,sdt5-homo / RMSF,RMSF,Residue,193,0.20025752,nm,nm
line,overlay,sdt5-homo,sdt5-homo,rmsf,q900br52,q900br52::RMSF,sdt5-homo / RMSF,RMSF,Residue,194,0.15942635,nm,nm
line,overlay,sdt5-homo,sdt5-homo,rmsf,q900br52,q900br52::RMSF,sdt5-homo / RMSF,RMSF,Residue,195,0.10752699,nm,nm
line,overlay,sdt5-homo,sdt5-homo,rmsf,q900br52,q900br52::RMSF,sdt5-homo / RMSF,RMSF,Residue,196,0.09211484,nm,nm
line,overlay,sdt5-homo,sdt5-homo,rmsf,q900br52,q900br52::RMSF,sdt5-homo / RMSF,RMSF,Residue,197,0.084370404,nm,nm
line,overlay,sdt5-homo,sdt5-homo,rmsf,q900br52,q900br52::RMSF,sdt5-homo / RMSF,RMSF,Residue,198,0.08186684,nm,nm
line,overlay,sdt5-homo,sdt5-homo,rmsf,q900br52,q900br52::RMSF,sdt5-homo / RMSF,RMSF,Residue,199,0.076914065,nm,nm
line,overlay,sdt5-homo,sdt5-homo,rmsf,q900br52,q900br52::RMSF,sdt5-homo / RMSF,RMSF,Residue,200,0.07125351,nm,nm
line,overlay,sdt5-homo,sdt5-homo,rmsf,q900br52,q900br52::RMSF,sdt5-homo / RMSF,RMSF,Residue,201,0.06847136,nm,nm
line,overlay,sdt5-homo,sdt5-homo,rmsf,q900br52,q900br52::RMSF,sdt5-homo / RMSF,RMSF,Residue,202,0.07191617,nm,nm
line,overlay,sdt5-homo,sdt5-homo,rmsf,q900br52,q900br52::RMSF,sdt5-homo / RMSF,RMSF,Residue,203,0.06332183,nm,nm
line,overlay,sdt5-homo,sdt5-homo,rmsf,q900br52,q900br52::RMSF,sdt5-homo / RMSF,RMSF,Residue,204,0.055901892,nm,nm
line,overlay,sdt5-homo,sdt5-homo,rmsf,q900br52,q900br52::RMSF,sdt5-homo / RMSF,RMSF,Residue,205,0.06774035,nm,nm
line,overlay,sdt5-homo,sdt5-homo,rmsf,q900br52,q900br52::RMSF,sdt5-homo / RMSF,RMSF,Residue,206,0.07248827,nm,nm
line,overlay,sdt5-homo,sdt5-homo,rmsf,q900br52,q900br52::RMSF,sdt5-homo / RMSF,RMSF,Residue,207,0.059246298,nm,nm
line,overlay,sdt5-homo,sdt5-homo,rmsf,q900br52,q900br52::RMSF,sdt5-homo / RMSF,RMSF,Residue,208,0.063068286,nm,nm
line,overlay,sdt5-homo,sdt5-homo,rmsf,q900br52,q900br52::RMSF,sdt5-homo / RMSF,RMSF,Residue,209,0.07828463,nm,nm
line,overlay,sdt5-homo,sdt5-homo,rmsf,q900br52,q900br52::RMSF,sdt5-homo / RMSF,RMSF,Residue,210,0.06882965,nm,nm
line,overlay,sdt5-homo,sdt5-homo,rmsf,q900br52,q900br52::RMSF,sdt5-homo / RMSF,RMSF,Residue,211,0.049702123,nm,nm
line,overlay,sdt5-homo,sdt5-homo,rmsf,q900br52,q900br52::RMSF,sdt5-homo / RMSF,RMSF,Residue,212,0.051188443,nm,nm
line,overlay,sdt5-homo,sdt5-homo,rmsf,q900br52,q900br52::RMSF,sdt5-homo / RMSF,RMSF,Residue,213,0.049300887,nm,nm
line,overlay,sdt5-homo,sdt5-homo,rmsf,q900br52,q900br52::RMSF,sdt5-homo / RMSF,RMSF,Residue,214,0.04190569,nm,nm
line,overlay,sdt5-homo,sdt5-homo,rmsf,q900br52,q900br52::RMSF,sdt5-homo / RMSF,RMSF,Residue,215,0.03635976,nm,nm
line,overlay,sdt5-homo,sdt5-homo,rmsf,q900br52,q900br52::RMSF,sdt5-homo / RMSF,RMSF,Residue,216,0.036488835,nm,nm
line,overlay,sdt5-homo,sdt5-homo,rmsf,q900br52,q900br52::RMSF,sdt5-homo / RMSF,RMSF,Residue,217,0.036324646,nm,nm
line,overlay,sdt5-homo,sdt5-homo,rmsf,q900br52,q900br52::RMSF,sdt5-homo / RMSF,RMSF,Residue,218,0.03968029,nm,nm
line,overlay,sdt5-homo,sdt5-homo,rmsf,q900br52,q900br52::RMSF,sdt5-homo / RMSF,RMSF,Residue,219,0.044358324,nm,nm
line,overlay,sdt5-homo,sdt5-homo,rmsf,q900br52,q900br52::RMSF,sdt5-homo / RMSF,RMSF,Residue,220,0.04930651,nm,nm
line,overlay,sdt5-homo,sdt5-homo,rmsf,q900br52,q900br52::RMSF,sdt5-homo / RMSF,RMSF,Residue,221,0.054552913,nm,nm
line,overlay,sdt5-homo,sdt5-homo,rmsf,q900br52,q900br52::RMSF,sdt5-homo / RMSF,RMSF,Residue,222,0.04487648,nm,nm
line,overlay,sdt5-homo,sdt5-homo,rmsf,q900br52,q900br52::RMSF,sdt5-homo / RMSF,RMSF,Residue,223,0.043146767,nm,nm
line,overlay,sdt5-homo,sdt5-homo,rmsf,q900br52,q900br52::RMSF,sdt5-homo / RMSF,RMSF,Residue,224,0.05068905,nm,nm
line,overlay,sdt5-homo,sdt5-homo,rmsf,q900br52,q900br52::RMSF,sdt5-homo / RMSF,RMSF,Residue,225,0.05288606,nm,nm
line,overlay,sdt5-homo,sdt5-homo,rmsf,q900br52,q900br52::RMSF,sdt5-homo / RMSF,RMSF,Residue,226,0.046366308,nm,nm
line,overlay,sdt5-homo,sdt5-homo,rmsf,q900br52,q900br52::RMSF,sdt5-homo / RMSF,RMSF,Residue,227,0.0455333,nm,nm
line,overlay,sdt5-homo,sdt5-homo,rmsf,q900br52,q900br52::RMSF,sdt5-homo / RMSF,RMSF,Residue,228,0.051877096,nm,nm
line,overlay,sdt5-homo,sdt5-homo,rmsf,q900br52,q900br52::RMSF,sdt5-homo / RMSF,RMSF,Residue,229,0.05547511,nm,nm
line,overlay,sdt5-homo,sdt5-homo,rmsf,q900br52,q900br52::RMSF,sdt5-homo / RMSF,RMSF,Residue,230,0.050299574,nm,nm
line,overlay,sdt5-homo,sdt5-homo,rmsf,q900br52,q900br52::RMSF,sdt5-homo / RMSF,RMSF,Residue,231,0.05576089,nm,nm
line,overlay,sdt5-homo,sdt5-homo,rmsf,q900br52,q900br52::RMSF,sdt5-homo / RMSF,RMSF,Residue,232,0.074290544,nm,nm
line,overlay,sdt5-homo,sdt5-homo,rmsf,q900br52,q900br52::RMSF,sdt5-homo / RMSF,RMSF,Residue,233,0.08417228,nm,nm
line,overlay,sdt5-homo,sdt5-homo,rmsf,q900br52,q900br52::RMSF,sdt5-homo / RMSF,RMSF,Residue,234,0.080918714,nm,nm
line,overlay,sdt5-homo,sdt5-homo,rmsf,q900br52,q900br52::RMSF,sdt5-homo / RMSF,RMSF,Residue,235,0.07850938,nm,nm
line,overlay,sdt5-homo,sdt5-homo,rmsf,q900br52,q900br52::RMSF,sdt5-homo / RMSF,RMSF,Residue,236,0.07015734,nm,nm
line,overlay,sdt5-homo,sdt5-homo,rmsf,q900br52,q900br52::RMSF,sdt5-homo / RMSF,RMSF,Residue,237,0.05803441,nm,nm
line,overlay,sdt5-homo,sdt5-homo,rmsf,q900br52,q900br52::RMSF,sdt5-homo / RMSF,RMSF,Residue,238,0.05054498,nm,nm
line,overlay,sdt5-homo,sdt5-homo,rmsf,q900br52,q900br52::RMSF,sdt5-homo / RMSF,RMSF,Residue,239,0.04275462,nm,nm
line,overlay,sdt5-homo,sdt5-homo,rmsf,q900br52,q900br52::RMSF,sdt5-homo / RMSF,RMSF,Residue,240,0.044391755,nm,nm
line,overlay,sdt5-homo,sdt5-homo,rmsf,q900br52,q900br52::RMSF,sdt5-homo / RMSF,RMSF,Residue,241,0.042620435,nm,nm
line,overlay,sdt5-homo,sdt5-homo,rmsf,q900br52,q900br52::RMSF,sdt5-homo / RMSF,RMSF,Residue,242,0.044046357,nm,nm
line,overlay,sdt5-homo,sdt5-homo,rmsf,q900br52,q900br52::RMSF,sdt5-homo / RMSF,RMSF,Residue,243,0.039935436,nm,nm
line,overlay,sdt5-homo,sdt5-homo,rmsf,q900br52,q900br52::RMSF,sdt5-homo / RMSF,RMSF,Residue,244,0.0433352,nm,nm
line,overlay,sdt5-homo,sdt5-homo,rmsf,q900br52,q900br52::RMSF,sdt5-homo / RMSF,RMSF,Residue,245,0.046797812,nm,nm
line,overlay,sdt5-homo,sdt5-homo,rmsf,q900br52,q900br52::RMSF,sdt5-homo / RMSF,RMSF,Residue,246,0.05057615,nm,nm
line,overlay,sdt5-homo,sdt5-homo,rmsf,q900br52,q900br52::RMSF,sdt5-homo / RMSF,RMSF,Residue,247,0.04967012,nm,nm
line,overlay,sdt5-homo,sdt5-homo,rmsf,q900br52,q900br52::RMSF,sdt5-homo / RMSF,RMSF,Residue,248,0.055766363,nm,nm
line,overlay,sdt5-homo,sdt5-homo,rmsf,q900br52,q900br52::RMSF,sdt5-homo / RMSF,RMSF,Residue,249,0.08059402,nm,nm
line,overlay,sdt5-homo,sdt5-homo,rmsf,q900br52,q900br52::RMSF,sdt5-homo / RMSF,RMSF,Residue,250,0.078797564,nm,nm
line,overlay,sdt5-homo,sdt5-homo,rmsf,q900br52,q900br52::RMSF,sdt5-homo / RMSF,RMSF,Residue,251,0.07716053,nm,nm
line,overlay,sdt5-homo,sdt5-homo,rmsf,q900br52,q900br52::RMSF,sdt5-homo / RMSF,RMSF,Residue,252,0.07388448,nm,nm
line,overlay,sdt5-homo,sdt5-homo,rmsf,q900br52,q900br52::RMSF,sdt5-homo / RMSF,RMSF,Residue,253,0.06315443,nm,nm
line,overlay,sdt5-homo,sdt5-homo,rmsf,q900br52,q900br52::RMSF,sdt5-homo / RMSF,RMSF,Residue,254,0.06077096,nm,nm
line,overlay,sdt5-homo,sdt5-homo,rmsf,q900br52,q900br52::RMSF,sdt5-homo / RMSF,RMSF,Residue,255,0.06429582,nm,nm
line,overlay,sdt5-homo,sdt5-homo,rmsf,q900br52,q900br52::RMSF,sdt5-homo / RMSF,RMSF,Residue,256,0.06703905,nm,nm
line,overlay,sdt5-homo,sdt5-homo,rmsf,q900br52,q900br52::RMSF,sdt5-homo / RMSF,RMSF,Residue,257,0.05499936,nm,nm
line,overlay,sdt5-homo,sdt5-homo,rmsf,q900br52,q900br52::RMSF,sdt5-homo / RMSF,RMSF,Residue,258,0.08276219,nm,nm
line,overlay,sdt5-homo,sdt5-homo,rmsf,q900br52,q900br52::RMSF,sdt5-homo / RMSF,RMSF,Residue,259,0.10743808,nm,nm
line,overlay,sdt5-homo,sdt5-homo,rmsf,q900br52,q900br52::RMSF,sdt5-homo / RMSF,RMSF,Residue,260,0.107822634,nm,nm
line,overlay,sdt5-homo,sdt5-homo,rmsf,q900br52,q900br52::RMSF,sdt5-homo / RMSF,RMSF,Residue,261,0.085842036,nm,nm
line,overlay,sdt5-homo,sdt5-homo,rmsf,q900br52,q900br52::RMSF,sdt5-homo / RMSF,RMSF,Residue,262,0.10378757,nm,nm
line,overlay,sdt5-homo,sdt5-homo,rmsf,q900br52,q900br52::RMSF,sdt5-homo / RMSF,RMSF,Residue,263,0.085381806,nm,nm
line,overlay,sdt5-homo,sdt5-homo,rmsf,q900br52,q900br52::RMSF,sdt5-homo / RMSF,RMSF,Residue,264,0.093115754,nm,nm
line,overlay,sdt5-homo,sdt5-homo,rmsf,q900br52,q900br52::RMSF,sdt5-homo / RMSF,RMSF,Residue,265,0.08657019,nm,nm
line,overlay,sdt5-homo,sdt5-homo,rmsf,q900br52,q900br52::RMSF,sdt5-homo / RMSF,RMSF,Residue,266,0.10030148,nm,nm
line,overlay,sdt5-homo,sdt5-homo,rmsf,q900br52,q900br52::RMSF,sdt5-homo / RMSF,RMSF,Residue,267,0.0887392,nm,nm
line,overlay,sdt5-homo,sdt5-homo,rmsf,q900br52,q900br52::RMSF,sdt5-homo / RMSF,RMSF,Residue,268,0.07141563,nm,nm
line,overlay,sdt5-homo,sdt5-homo,rmsf,q900br52,q900br52::RMSF,sdt5-homo / RMSF,RMSF,Residue,269,0.075386874,nm,nm
line,overlay,sdt5-homo,sdt5-homo,rmsf,q900br52,q900br52::RMSF,sdt5-homo / RMSF,RMSF,Residue,270,0.080232106,nm,nm
line,overlay,sdt5-homo,sdt5-homo,rmsf,q900br52,q900br52::RMSF,sdt5-homo / RMSF,RMSF,Residue,271,0.06795632,nm,nm
line,overlay,sdt5-homo,sdt5-homo,rmsf,q900br52,q900br52::RMSF,sdt5-homo / RMSF,RMSF,Residue,272,0.06398155,nm,nm
line,overlay,sdt5-homo,sdt5-homo,rmsf,q900br52,q900br52::RMSF,sdt5-homo / RMSF,RMSF,Residue,273,0.077668965,nm,nm
line,overlay,sdt5-homo,sdt5-homo,rmsf,q900br52,q900br52::RMSF,sdt5-homo / RMSF,RMSF,Residue,274,0.08370544,nm,nm
line,overlay,sdt5-homo,sdt5-homo,rmsf,q900br52,q900br52::RMSF,sdt5-homo / RMSF,RMSF,Residue,275,0.07172171,nm,nm
line,overlay,sdt5-homo,sdt5-homo,rmsf,q900br52,q900br52::RMSF,sdt5-homo / RMSF,RMSF,Residue,276,0.08191061,nm,nm
line,overlay,sdt5-homo,sdt5-homo,rmsf,q900br52,q900br52::RMSF,sdt5-homo / RMSF,RMSF,Residue,277,0.077307865,nm,nm
line,overlay,sdt5-homo,sdt5-homo,rmsf,q900br52,q900br52::RMSF,sdt5-homo / RMSF,RMSF,Residue,278,0.06712103,nm,nm
line,overlay,sdt5-homo,sdt5-homo,rmsf,q900br52,q900br52::RMSF,sdt5-homo / RMSF,RMSF,Residue,279,0.06305574,nm,nm
line,overlay,sdt5-homo,sdt5-homo,rmsf,q900br52,q900br52::RMSF,sdt5-homo / RMSF,RMSF,Residue,280,0.046690833,nm,nm
line,overlay,sdt5-homo,sdt5-homo,rmsf,q900br52,q900br52::RMSF,sdt5-homo / RMSF,RMSF,Residue,281,0.041110184,nm,nm
line,overlay,sdt5-homo,sdt5-homo,rmsf,q900br52,q900br52::RMSF,sdt5-homo / RMSF,RMSF,Residue,282,0.037432216,nm,nm
line,overlay,sdt5-homo,sdt5-homo,rmsf,q900br52,q900br52::RMSF,sdt5-homo / RMSF,RMSF,Residue,283,0.04258135,nm,nm
line,overlay,sdt5-homo,sdt5-homo,rmsf,q900br52,q900br52::RMSF,sdt5-homo / RMSF,RMSF,Residue,284,0.049126837,nm,nm
line,overlay,sdt5-homo,sdt5-homo,rmsf,q900br52,q900br52::RMSF,sdt5-homo / RMSF,RMSF,Residue,285,0.061879355,nm,nm
line,overlay,sdt5-homo,sdt5-homo,rmsf,q900br52,q900br52::RMSF,sdt5-homo / RMSF,RMSF,Residue,286,0.075239085,nm,nm
line,overlay,sdt5-homo,sdt5-homo,rmsf,q900br52,q900br52::RMSF,sdt5-homo / RMSF,RMSF,Residue,287,0.10557894,nm,nm
line,overlay,sdt5-homo,sdt5-homo,rmsf,q900br52,q900br52::RMSF,sdt5-homo / RMSF,RMSF,Residue,288,0.106422454,nm,nm
line,overlay,sdt5-homo,sdt5-homo,rmsf,q900br52,q900br52::RMSF,sdt5-homo / RMSF,RMSF,Residue,289,0.09737484,nm,nm
line,overlay,sdt5-homo,sdt5-homo,rmsf,q900br52,q900br52::RMSF,sdt5-homo / RMSF,RMSF,Residue,290,0.099277094,nm,nm
line,overlay,sdt5-homo,sdt5-homo,rmsf,q900br52,q900br52::RMSF,sdt5-homo / RMSF,RMSF,Residue,291,0.0896119,nm,nm
line,overlay,sdt5-homo,sdt5-homo,rmsf,q900br52,q900br52::RMSF,sdt5-homo / RMSF,RMSF,Residue,292,0.09717755,nm,nm
line,overlay,sdt5-homo,sdt5-homo,rmsf,q900br52,q900br52::RMSF,sdt5-homo / RMSF,RMSF,Residue,293,0.10630514,nm,nm
line,overlay,sdt5-homo,sdt5-homo,rmsf,q900br52,q900br52::RMSF,sdt5-homo / RMSF,RMSF,Residue,294,0.10188749,nm,nm
line,overlay,sdt5-homo,sdt5-homo,rmsf,q900br52,q900br52::RMSF,sdt5-homo / RMSF,RMSF,Residue,295,0.081273146,nm,nm
line,overlay,sdt5-homo,sdt5-homo,rmsf,q900br52,q900br52::RMSF,sdt5-homo / RMSF,RMSF,Residue,296,0.07896704,nm,nm
line,overlay,sdt5-homo,sdt5-homo,rmsf,q900br52,q900br52::RMSF,sdt5-homo / RMSF,RMSF,Residue,297,0.08401483,nm,nm
line,overlay,sdt5-homo,sdt5-homo,rmsf,q900br52,q900br52::RMSF,sdt5-homo / RMSF,RMSF,Residue,298,0.076417685,nm,nm
line,overlay,sdt5-homo,sdt5-homo,rmsf,q900br52,q900br52::RMSF,sdt5-homo / RMSF,RMSF,Residue,299,0.06541209,nm,nm
line,overlay,sdt5-homo,sdt5-homo,rmsf,q900br52,q900br52::RMSF,sdt5-homo / RMSF,RMSF,Residue,300,0.06840999,nm,nm
line,overlay,sdt5-homo,sdt5-homo,rmsf,q900br52,q900br52::RMSF,sdt5-homo / RMSF,RMSF,Residue,301,0.0744151,nm,nm
line,overlay,sdt5-homo,sdt5-homo,rmsf,q900br52,q900br52::RMSF,sdt5-homo / RMSF,RMSF,Residue,302,0.067432314,nm,nm
line,overlay,sdt5-homo,sdt5-homo,rmsf,q900br52,q900br52::RMSF,sdt5-homo / RMSF,RMSF,Residue,303,0.061030075,nm,nm
line,overlay,sdt5-homo,sdt5-homo,rmsf,q900br52,q900br52::RMSF,sdt5-homo / RMSF,RMSF,Residue,304,0.070190795,nm,nm
line,overlay,sdt5-homo,sdt5-homo,rmsf,q900br52,q900br52::RMSF,sdt5-homo / RMSF,RMSF,Residue,305,0.07823063,nm,nm
line,overlay,sdt5-homo,sdt5-homo,rmsf,q900br52,q900br52::RMSF,sdt5-homo / RMSF,RMSF,Residue,306,0.072185375,nm,nm
line,overlay,sdt5-homo,sdt5-homo,rmsf,q900br52,q900br52::RMSF,sdt5-homo / RMSF,RMSF,Residue,307,0.07134988,nm,nm
line,overlay,sdt5-homo,sdt5-homo,rmsf,q900br52,q900br52::RMSF,sdt5-homo / RMSF,RMSF,Residue,308,0.058852524,nm,nm
line,overlay,sdt5-homo,sdt5-homo,rmsf,q900br52,q900br52::RMSF,sdt5-homo / RMSF,RMSF,Residue,309,0.052313335,nm,nm
line,overlay,sdt5-homo,sdt5-homo,rmsf,q900br52,q900br52::RMSF,sdt5-homo / RMSF,RMSF,Residue,310,0.04569836,nm,nm
line,overlay,sdt5-homo,sdt5-homo,rmsf,q900br52,q900br52::RMSF,sdt5-homo / RMSF,RMSF,Residue,311,0.043187972,nm,nm
line,overlay,sdt5-homo,sdt5-homo,rmsf,q900br52,q900br52::RMSF,sdt5-homo / RMSF,RMSF,Residue,312,0.0491592,nm,nm
line,overlay,sdt5-homo,sdt5-homo,rmsf,q900br52,q900br52::RMSF,sdt5-homo / RMSF,RMSF,Residue,313,0.057095785,nm,nm
line,overlay,sdt5-homo,sdt5-homo,rmsf,q900br52,q900br52::RMSF,sdt5-homo / RMSF,RMSF,Residue,314,0.07839855,nm,nm
line,overlay,sdt5-homo,sdt5-homo,rmsf,q900br52,q900br52::RMSF,sdt5-homo / RMSF,RMSF,Residue,315,0.105865605,nm,nm
line,overlay,sdt5-homo,sdt5-homo,rmsf,q900br52,q900br52::RMSF,sdt5-homo / RMSF,RMSF,Residue,316,0.13355155,nm,nm
line,overlay,sdt5-homo,sdt5-homo,rmsf,q900br52,q900br52::RMSF,sdt5-homo / RMSF,RMSF,Residue,317,0.14643377,nm,nm
line,overlay,sdt5-homo,sdt5-homo,rmsf,q900br52,q900br52::RMSF,sdt5-homo / RMSF,RMSF,Residue,318,0.1624904,nm,nm
line,overlay,sdt5-homo,sdt5-homo,rmsf,q900br52,q900br52::RMSF,sdt5-homo / RMSF,RMSF,Residue,319,0.22893152,nm,nm
line,overlay,sdt5-homo,sdt5-homo,rmsf,q900br52,q900br52::RMSF,sdt5-homo / RMSF,RMSF,Residue,320,0.20604032,nm,nm
line,overlay,sdt5-homo,sdt5-homo,rmsf,q900br52,q900br52::RMSF,sdt5-homo / RMSF,RMSF,Residue,321,0.17381215,nm,nm
line,overlay,sdt5-homo,sdt5-homo,rmsf,q900br52,q900br52::RMSF,sdt5-homo / RMSF,RMSF,Residue,322,0.14836311,nm,nm
line,overlay,sdt5-homo,sdt5-homo,rmsf,q900br52,q900br52::RMSF,sdt5-homo / RMSF,RMSF,Residue,323,0.11740525,nm,nm
line,overlay,sdt5-homo,sdt5-homo,rmsf,q900br52,q900br52::RMSF,sdt5-homo / RMSF,RMSF,Residue,324,0.100735895,nm,nm
line,overlay,sdt5-homo,sdt5-homo,rmsf,q900br52,q900br52::RMSF,sdt5-homo / RMSF,RMSF,Residue,325,0.103531376,nm,nm
line,overlay,sdt5-homo,sdt5-homo,rmsf,q900br52,q900br52::RMSF,sdt5-homo / RMSF,RMSF,Residue,326,0.11590721,nm,nm
line,overlay,sdt5-homo,sdt5-homo,rmsf,q900br52,q900br52::RMSF,sdt5-homo / RMSF,RMSF,Residue,327,0.1095703,nm,nm
line,overlay,sdt5-homo,sdt5-homo,rmsf,q900br52,q900br52::RMSF,sdt5-homo / RMSF,RMSF,Residue,328,0.08455824,nm,nm
line,overlay,sdt5-homo,sdt5-homo,rmsf,q900br52,q900br52::RMSF,sdt5-homo / RMSF,RMSF,Residue,329,0.08469417,nm,nm
line,overlay,sdt5-homo,sdt5-homo,rmsf,q900br52,q900br52::RMSF,sdt5-homo / RMSF,RMSF,Residue,330,0.095382616,nm,nm
line,overlay,sdt5-homo,sdt5-homo,rmsf,q900br52,q900br52::RMSF,sdt5-homo / RMSF,RMSF,Residue,331,0.08825204,nm,nm
line,overlay,sdt5-homo,sdt5-homo,rmsf,q900br52,q900br52::RMSF,sdt5-homo / RMSF,RMSF,Residue,332,0.07111954,nm,nm
line,overlay,sdt5-homo,sdt5-homo,rmsf,q900br52,q900br52::RMSF,sdt5-homo / RMSF,RMSF,Residue,333,0.08166435,nm,nm
line,overlay,sdt5-homo,sdt5-homo,rmsf,q900br52,q900br52::RMSF,sdt5-homo / RMSF,RMSF,Residue,334,0.089540824,nm,nm
line,overlay,sdt5-homo,sdt5-homo,rmsf,q900br52,q900br52::RMSF,sdt5-homo / RMSF,RMSF,Residue,335,0.06993363,nm,nm
line,overlay,sdt5-homo,sdt5-homo,rmsf,q900br52,q900br52::RMSF,sdt5-homo / RMSF,RMSF,Residue,336,0.067288294,nm,nm
line,overlay,sdt5-homo,sdt5-homo,rmsf,q900br52,q900br52::RMSF,sdt5-homo / RMSF,RMSF,Residue,337,0.06480395,nm,nm
line,overlay,sdt5-homo,sdt5-homo,rmsf,q900br52,q900br52::RMSF,sdt5-homo / RMSF,RMSF,Residue,338,0.06814753,nm,nm
line,overlay,sdt5-homo,sdt5-homo,rmsf,q900br52,q900br52::RMSF,sdt5-homo / RMSF,RMSF,Residue,339,0.0726544,nm,nm
line,overlay,sdt5-homo,sdt5-homo,rmsf,q900br52,q900br52::RMSF,sdt5-homo / RMSF,RMSF,Residue,340,0.087893695,nm,nm
line,overlay,sdt5-homo,sdt5-homo,rmsf,q900br52,q900br52::RMSF,sdt5-homo / RMSF,RMSF,Residue,341,0.08489678,nm,nm
line,overlay,sdt5-homo,sdt5-homo,rmsf,q900br52,q900br52::RMSF,sdt5-homo / RMSF,RMSF,Residue,342,0.07350784,nm,nm
line,overlay,sdt5-homo,sdt5-homo,rmsf,q900br52,q900br52::RMSF,sdt5-homo / RMSF,RMSF,Residue,343,0.06377132,nm,nm
line,overlay,sdt5-homo,sdt5-homo,rmsf,q900br52,q900br52::RMSF,sdt5-homo / RMSF,RMSF,Residue,344,0.054833133,nm,nm
line,overlay,sdt5-homo,sdt5-homo,rmsf,q900br52,q900br52::RMSF,sdt5-homo / RMSF,RMSF,Residue,345,0.044253923,nm,nm
line,overlay,sdt5-homo,sdt5-homo,rmsf,q900br52,q900br52::RMSF,sdt5-homo / RMSF,RMSF,Residue,346,0.046788674,nm,nm
line,overlay,sdt5-homo,sdt5-homo,rmsf,q900br52,q900br52::RMSF,sdt5-homo / RMSF,RMSF,Residue,347,0.05380631,nm,nm
line,overlay,sdt5-homo,sdt5-homo,rmsf,q900br52,q900br52::RMSF,sdt5-homo / RMSF,RMSF,Residue,348,0.046469875,nm,nm
line,overlay,sdt5-homo,sdt5-homo,rmsf,q900br52,q900br52::RMSF,sdt5-homo / RMSF,RMSF,Residue,349,0.04861295,nm,nm
line,overlay,sdt5-homo,sdt5-homo,rmsf,q900br52,q900br52::RMSF,sdt5-homo / RMSF,RMSF,Residue,350,0.06415318,nm,nm
line,overlay,sdt5-homo,sdt5-homo,rmsf,q900br52,q900br52::RMSF,sdt5-homo / RMSF,RMSF,Residue,351,0.060250144,nm,nm
line,overlay,sdt5-homo,sdt5-homo,rmsf,q900br52,q900br52::RMSF,sdt5-homo / RMSF,RMSF,Residue,352,0.0675044,nm,nm
line,overlay,sdt5-homo,sdt5-homo,rmsf,q900br52,q900br52::RMSF,sdt5-homo / RMSF,RMSF,Residue,353,0.057147473,nm,nm
line,overlay,sdt5-homo,sdt5-homo,rmsf,q900br52,q900br52::RMSF,sdt5-homo / RMSF,RMSF,Residue,354,0.046606503,nm,nm
line,overlay,sdt5-homo,sdt5-homo,rmsf,q900br52,q900br52::RMSF,sdt5-homo / RMSF,RMSF,Residue,355,0.050511826,nm,nm
line,overlay,sdt5-homo,sdt5-homo,rmsf,q900br52,q900br52::RMSF,sdt5-homo / RMSF,RMSF,Residue,356,0.04435804,nm,nm
line,overlay,sdt5-homo,sdt5-homo,rmsf,q900br52,q900br52::RMSF,sdt5-homo / RMSF,RMSF,Residue,357,0.03828083,nm,nm
line,overlay,sdt5-homo,sdt5-homo,rmsf,q900br52,q900br52::RMSF,sdt5-homo / RMSF,RMSF,Residue,358,0.040488567,nm,nm
line,overlay,sdt5-homo,sdt5-homo,rmsf,q900br52,q900br52::RMSF,sdt5-homo / RMSF,RMSF,Residue,359,0.044378895,nm,nm
line,overlay,sdt5-homo,sdt5-homo,rmsf,q900br52,q900br52::RMSF,sdt5-homo / RMSF,RMSF,Residue,360,0.045106098,nm,nm
line,overlay,sdt5-homo,sdt5-homo,rmsf,q900br52,q900br52::RMSF,sdt5-homo / RMSF,RMSF,Residue,361,0.044347905,nm,nm
line,overlay,sdt5-homo,sdt5-homo,rmsf,q900br52,q900br52::RMSF,sdt5-homo / RMSF,RMSF,Residue,362,0.04693153,nm,nm
line,overlay,sdt5-homo,sdt5-homo,rmsf,q900br52,q900br52::RMSF,sdt5-homo / RMSF,RMSF,Residue,363,0.039434843,nm,nm
line,overlay,sdt5-homo,sdt5-homo,rmsf,q900br52,q900br52::RMSF,sdt5-homo / RMSF,RMSF,Residue,364,0.03980855,nm,nm
line,overlay,sdt5-homo,sdt5-homo,rmsf,q900br52,q900br52::RMSF,sdt5-homo / RMSF,RMSF,Residue,365,0.038826805,nm,nm
line,overlay,sdt5-homo,sdt5-homo,rmsf,q900br52,q900br52::RMSF,sdt5-homo / RMSF,RMSF,Residue,366,0.038976926,nm,nm
line,overlay,sdt5-homo,sdt5-homo,rmsf,q900br52,q900br52::RMSF,sdt5-homo / RMSF,RMSF,Residue,367,0.036398552,nm,nm
line,overlay,sdt5-homo,sdt5-homo,rmsf,q900br52,q900br52::RMSF,sdt5-homo / RMSF,RMSF,Residue,368,0.036919363,nm,nm
line,overlay,sdt5-homo,sdt5-homo,rmsf,q900br52,q900br52::RMSF,sdt5-homo / RMSF,RMSF,Residue,369,0.04207297,nm,nm
line,overlay,sdt5-homo,sdt5-homo,rmsf,q900br52,q900br52::RMSF,sdt5-homo / RMSF,RMSF,Residue,370,0.047079585,nm,nm
line,overlay,sdt5-homo,sdt5-homo,rmsf,q900br52,q900br52::RMSF,sdt5-homo / RMSF,RMSF,Residue,371,0.054109644,nm,nm
line,overlay,sdt5-homo,sdt5-homo,rmsf,q900br52,q900br52::RMSF,sdt5-homo / RMSF,RMSF,Residue,372,0.051262025,nm,nm
line,overlay,sdt5-homo,sdt5-homo,rmsf,q900br52,q900br52::RMSF,sdt5-homo / RMSF,RMSF,Residue,373,0.047123898,nm,nm
line,overlay,sdt5-homo,sdt5-homo,rmsf,q900br52,q900br52::RMSF,sdt5-homo / RMSF,RMSF,Residue,374,0.042156946,nm,nm
line,overlay,sdt5-homo,sdt5-homo,rmsf,q900br52,q900br52::RMSF,sdt5-homo / RMSF,RMSF,Residue,375,0.040639967,nm,nm
line,overlay,sdt5-homo,sdt5-homo,rmsf,q900br52,q900br52::RMSF,sdt5-homo / RMSF,RMSF,Residue,376,0.041275676,nm,nm
line,overlay,sdt5-homo,sdt5-homo,rmsf,q900br52,q900br52::RMSF,sdt5-homo / RMSF,RMSF,Residue,377,0.039598458,nm,nm
line,overlay,sdt5-homo,sdt5-homo,rmsf,q900br52,q900br52::RMSF,sdt5-homo / RMSF,RMSF,Residue,378,0.040818684,nm,nm
line,overlay,sdt5-homo,sdt5-homo,rmsf,q900br52,q900br52::RMSF,sdt5-homo / RMSF,RMSF,Residue,379,0.046310894,nm,nm
line,overlay,sdt5-homo,sdt5-homo,rmsf,q900br52,q900br52::RMSF,sdt5-homo / RMSF,RMSF,Residue,380,0.04643277,nm,nm
line,overlay,sdt5-homo,sdt5-homo,rmsf,q900br52,q900br52::RMSF,sdt5-homo / RMSF,RMSF,Residue,381,0.061003655,nm,nm
line,overlay,sdt5-homo,sdt5-homo,rmsf,q900br52,q900br52::RMSF,sdt5-homo / RMSF,RMSF,Residue,382,0.05787569,nm,nm
line,overlay,sdt5-homo,sdt5-homo,rmsf,q900br52,q900br52::RMSF,sdt5-homo / RMSF,RMSF,Residue,383,0.06454215,nm,nm
line,overlay,sdt5-homo,sdt5-homo,rmsf,q900br52,q900br52::RMSF,sdt5-homo / RMSF,RMSF,Residue,384,0.05355476,nm,nm
line,overlay,sdt5-homo,sdt5-homo,rmsf,q900br52,q900br52::RMSF,sdt5-homo / RMSF,RMSF,Residue,385,0.047534417,nm,nm
line,overlay,sdt5-homo,sdt5-homo,rmsf,q900br52,q900br52::RMSF,sdt5-homo / RMSF,RMSF,Residue,386,0.04426886,nm,nm
line,overlay,sdt5-homo,sdt5-homo,rmsf,q900br52,q900br52::RMSF,sdt5-homo / RMSF,RMSF,Residue,387,0.043977343,nm,nm
line,overlay,sdt5-homo,sdt5-homo,rmsf,q900br52,q900br52::RMSF,sdt5-homo / RMSF,RMSF,Residue,388,0.04075679,nm,nm
line,overlay,sdt5-homo,sdt5-homo,rmsf,q900br52,q900br52::RMSF,sdt5-homo / RMSF,RMSF,Residue,389,0.039091613,nm,nm
line,overlay,sdt5-homo,sdt5-homo,rmsf,q900br52,q900br52::RMSF,sdt5-homo / RMSF,RMSF,Residue,390,0.041689903,nm,nm
line,overlay,sdt5-homo,sdt5-homo,rmsf,q900br52,q900br52::RMSF,sdt5-homo / RMSF,RMSF,Residue,391,0.041556094,nm,nm
line,overlay,sdt5-homo,sdt5-homo,rmsf,q900br52,q900br52::RMSF,sdt5-homo / RMSF,RMSF,Residue,392,0.039419148,nm,nm
line,overlay,sdt5-homo,sdt5-homo,rmsf,q900br52,q900br52::RMSF,sdt5-homo / RMSF,RMSF,Residue,393,0.044841673,nm,nm
line,overlay,sdt5-homo,sdt5-homo,rmsf,q900br52,q900br52::RMSF,sdt5-homo / RMSF,RMSF,Residue,394,0.05460027,nm,nm
line,overlay,sdt5-homo,sdt5-homo,rmsf,q900br52,q900br52::RMSF,sdt5-homo / RMSF,RMSF,Residue,395,0.050916445,nm,nm
line,overlay,sdt5-homo,sdt5-homo,rmsf,q900br52,q900br52::RMSF,sdt5-homo / RMSF,RMSF,Residue,396,0.048312824,nm,nm
line,overlay,sdt5-homo,sdt5-homo,rmsf,q900br52,q900br52::RMSF,sdt5-homo / RMSF,RMSF,Residue,397,0.048623793,nm,nm
line,overlay,sdt5-homo,sdt5-homo,rmsf,q900br52,q900br52::RMSF,sdt5-homo / RMSF,RMSF,Residue,398,0.045859814,nm,nm
line,overlay,sdt5-homo,sdt5-homo,rmsf,q900br52,q900br52::RMSF,sdt5-homo / RMSF,RMSF,Residue,399,0.0484569,nm,nm
line,overlay,sdt5-homo,sdt5-homo,rmsf,q900br52,q900br52::RMSF,sdt5-homo / RMSF,RMSF,Residue,400,0.051923055,nm,nm
line,overlay,sdt5-homo,sdt5-homo,rmsf,q900br52,q900br52::RMSF,sdt5-homo / RMSF,RMSF,Residue,401,0.05385769,nm,nm
line,overlay,sdt5-homo,sdt5-homo,rmsf,q900br52,q900br52::RMSF,sdt5-homo / RMSF,RMSF,Residue,402,0.06375172,nm,nm
line,overlay,sdt5-homo,sdt5-homo,rmsf,q900br52,q900br52::RMSF,sdt5-homo / RMSF,RMSF,Residue,403,0.07175937,nm,nm
line,overlay,sdt5-homo,sdt5-homo,rmsf,q900br52,q900br52::RMSF,sdt5-homo / RMSF,RMSF,Residue,404,0.067241035,nm,nm
line,overlay,sdt5-homo,sdt5-homo,rmsf,q900br52,q900br52::RMSF,sdt5-homo / RMSF,RMSF,Residue,405,0.076021,nm,nm
line,overlay,sdt5-homo,sdt5-homo,rmsf,q900br52,q900br52::RMSF,sdt5-homo / RMSF,RMSF,Residue,406,0.08408848,nm,nm
line,overlay,sdt5-homo,sdt5-homo,rmsf,q900br52,q900br52::RMSF,sdt5-homo / RMSF,RMSF,Residue,407,0.07183215,nm,nm
line,overlay,sdt5-homo,sdt5-homo,rmsf,q900br52,q900br52::RMSF,sdt5-homo / RMSF,RMSF,Residue,408,0.096103385,nm,nm
line,overlay,sdt5-homo,sdt5-homo,rmsf,q900br52,q900br52::RMSF,sdt5-homo / RMSF,RMSF,Residue,409,0.10571479,nm,nm
line,overlay,sdt5-homo,sdt5-homo,rmsf,q900br52,q900br52::RMSF,sdt5-homo / RMSF,RMSF,Residue,410,0.13961208,nm,nm
line,overlay,sdt5-homo,sdt5-homo,rmsf,q900br52,q900br52::RMSF,sdt5-homo / RMSF,RMSF,Residue,411,0.09560918,nm,nm
line,overlay,sdt5-homo,sdt5-homo,rmsf,q900br52,q900br52::RMSF,sdt5-homo / RMSF,RMSF,Residue,412,0.08884771,nm,nm
line,overlay,sdt5-homo,sdt5-homo,rmsf,q900br52,q900br52::RMSF,sdt5-homo / RMSF,RMSF,Residue,413,0.08813154,nm,nm
line,overlay,sdt5-homo,sdt5-homo,rmsf,q900br52,q900br52::RMSF,sdt5-homo / RMSF,RMSF,Residue,414,0.096342765,nm,nm
line,overlay,sdt5-homo,sdt5-homo,rmsf,q900br52,q900br52::RMSF,sdt5-homo / RMSF,RMSF,Residue,415,0.081413254,nm,nm
line,overlay,sdt5-homo,sdt5-homo,rmsf,q900br52,q900br52::RMSF,sdt5-homo / RMSF,RMSF,Residue,416,0.08408648,nm,nm
line,overlay,sdt5-homo,sdt5-homo,rmsf,q900br52,q900br52::RMSF,sdt5-homo / RMSF,RMSF,Residue,417,0.07654653,nm,nm
line,overlay,sdt5-homo,sdt5-homo,rmsf,q900br52,q900br52::RMSF,sdt5-homo / RMSF,RMSF,Residue,418,0.0805824,nm,nm
line,overlay,sdt5-homo,sdt5-homo,rmsf,q900br52,q900br52::RMSF,sdt5-homo / RMSF,RMSF,Residue,419,0.07429987,nm,nm
line,overlay,sdt5-homo,sdt5-homo,rmsf,q900br52,q900br52::RMSF,sdt5-homo / RMSF,RMSF,Residue,420,0.065483324,nm,nm
line,overlay,sdt5-homo,sdt5-homo,rmsf,q900br52,q900br52::RMSF,sdt5-homo / RMSF,RMSF,Residue,421,0.06548528,nm,nm
line,overlay,sdt5-homo,sdt5-homo,rmsf,q900br52,q900br52::RMSF,sdt5-homo / RMSF,RMSF,Residue,422,0.067392044,nm,nm
line,overlay,sdt5-homo,sdt5-homo,rmsf,q900br52,q900br52::RMSF,sdt5-homo / RMSF,RMSF,Residue,423,0.06023909,nm,nm
line,overlay,sdt5-homo,sdt5-homo,rmsf,q900br52,q900br52::RMSF,sdt5-homo / RMSF,RMSF,Residue,424,0.0552865,nm,nm
line,overlay,sdt5-homo,sdt5-homo,rmsf,q900br52,q900br52::RMSF,sdt5-homo / RMSF,RMSF,Residue,425,0.060648855,nm,nm
line,overlay,sdt5-homo,sdt5-homo,rmsf,q900br52,q900br52::RMSF,sdt5-homo / RMSF,RMSF,Residue,426,0.061060704,nm,nm
line,overlay,sdt5-homo,sdt5-homo,rmsf,q900br52,q900br52::RMSF,sdt5-homo / RMSF,RMSF,Residue,427,0.057096932,nm,nm
line,overlay,sdt5-homo,sdt5-homo,rmsf,q900br52,q900br52::RMSF,sdt5-homo / RMSF,RMSF,Residue,428,0.060096506,nm,nm
line,overlay,sdt5-homo,sdt5-homo,rmsf,q900br52,q900br52::RMSF,sdt5-homo / RMSF,RMSF,Residue,429,0.08370066,nm,nm
line,overlay,sdt5-homo,sdt5-homo,rmsf,q900br52,q900br52::RMSF,sdt5-homo / RMSF,RMSF,Residue,430,0.0839429,nm,nm
line,overlay,sdt5-homo,sdt5-homo,rmsf,q900br52,q900br52::RMSF,sdt5-homo / RMSF,RMSF,Residue,431,0.106940515,nm,nm
line,overlay,sdt5-homo,sdt5-homo,rmsf,q900br52,q900br52::RMSF,sdt5-homo / RMSF,RMSF,Residue,432,0.10571887,nm,nm
line,overlay,sdt5-homo,sdt5-homo,rmsf,q900br52,q900br52::RMSF,sdt5-homo / RMSF,RMSF,Residue,433,0.071063854,nm,nm
line,overlay,sdt5-homo,sdt5-homo,rmsf,q900br52,q900br52::RMSF,sdt5-homo / RMSF,RMSF,Residue,434,0.074913226,nm,nm
line,overlay,sdt5-homo,sdt5-homo,rmsf,q900br52,q900br52::RMSF,sdt5-homo / RMSF,RMSF,Residue,435,0.0722112,nm,nm
line,overlay,sdt5-homo,sdt5-homo,rmsf,q900br52,q900br52::RMSF,sdt5-homo / RMSF,RMSF,Residue,436,0.05503922,nm,nm
line,overlay,sdt5-homo,sdt5-homo,rmsf,q900br52,q900br52::RMSF,sdt5-homo / RMSF,RMSF,Residue,437,0.05442064,nm,nm
line,overlay,sdt5-homo,sdt5-homo,rmsf,q900br52,q900br52::RMSF,sdt5-homo / RMSF,RMSF,Residue,438,0.059556786,nm,nm
line,overlay,sdt5-homo,sdt5-homo,rmsf,q900br52,q900br52::RMSF,sdt5-homo / RMSF,RMSF,Residue,439,0.052002016,nm,nm
line,overlay,sdt5-homo,sdt5-homo,rmsf,q900br52,q900br52::RMSF,sdt5-homo / RMSF,RMSF,Residue,440,0.049515504,nm,nm
line,overlay,sdt5-homo,sdt5-homo,rmsf,q900br52,q900br52::RMSF,sdt5-homo / RMSF,RMSF,Residue,441,0.054643616,nm,nm
line,overlay,sdt5-homo,sdt5-homo,rmsf,q900br52,q900br52::RMSF,sdt5-homo / RMSF,RMSF,Residue,442,0.05394741,nm,nm
line,overlay,sdt5-homo,sdt5-homo,rmsf,q900br52,q900br52::RMSF,sdt5-homo / RMSF,RMSF,Residue,443,0.04781993,nm,nm
line,overlay,sdt5-homo,sdt5-homo,rmsf,q900br52,q900br52::RMSF,sdt5-homo / RMSF,RMSF,Residue,444,0.048077222,nm,nm
line,overlay,sdt5-homo,sdt5-homo,rmsf,q900br52,q900br52::RMSF,sdt5-homo / RMSF,RMSF,Residue,445,0.049591925,nm,nm
line,overlay,sdt5-homo,sdt5-homo,rmsf,q900br52,q900br52::RMSF,sdt5-homo / RMSF,RMSF,Residue,446,0.0470117,nm,nm
line,overlay,sdt5-homo,sdt5-homo,rmsf,q900br52,q900br52::RMSF,sdt5-homo / RMSF,RMSF,Residue,447,0.04774529,nm,nm
line,overlay,sdt5-homo,sdt5-homo,rmsf,q900br52,q900br52::RMSF,sdt5-homo / RMSF,RMSF,Residue,448,0.05577466,nm,nm
line,overlay,sdt5-homo,sdt5-homo,rmsf,q900br52,q900br52::RMSF,sdt5-homo / RMSF,RMSF,Residue,449,0.057324287,nm,nm
line,overlay,sdt5-homo,sdt5-homo,rmsf,q900br52,q900br52::RMSF,sdt5-homo / RMSF,RMSF,Residue,450,0.053911258,nm,nm
line,overlay,sdt5-homo,sdt5-homo,rmsf,q900br52,q900br52::RMSF,sdt5-homo / RMSF,RMSF,Residue,451,0.06516829,nm,nm
line,overlay,sdt5-homo,sdt5-homo,rmsf,q900br52,q900br52::RMSF,sdt5-homo / RMSF,RMSF,Residue,452,0.08830127,nm,nm
line,overlay,sdt5-homo,sdt5-homo,rmsf,q900br52,q900br52::RMSF,sdt5-homo / RMSF,RMSF,Residue,453,0.1300592,nm,nm
line,overlay,sdt5-homo,sdt5-homo,rmsf,q900br52,q900br52::RMSF,sdt5-homo / RMSF,RMSF,Residue,454,0.112369314,nm,nm
line,overlay,sdt5-homo,sdt5-homo,rmsf,q900br52,q900br52::RMSF,sdt5-homo / RMSF,RMSF,Residue,455,0.079529956,nm,nm
line,overlay,sdt5-homo,sdt5-homo,rmsf,q900br52,q900br52::RMSF,sdt5-homo / RMSF,RMSF,Residue,456,0.07110515,nm,nm
line,overlay,sdt5-homo,sdt5-homo,rmsf,q900br52,q900br52::RMSF,sdt5-homo / RMSF,RMSF,Residue,457,0.0662348,nm,nm
line,overlay,sdt5-homo,sdt5-homo,rmsf,q900br52,q900br52::RMSF,sdt5-homo / RMSF,RMSF,Residue,458,0.071946755,nm,nm
line,overlay,sdt5-homo,sdt5-homo,rmsf,q900br52,q900br52::RMSF,sdt5-homo / RMSF,RMSF,Residue,459,0.062530935,nm,nm
line,overlay,sdt5-homo,sdt5-homo,rmsf,q900br52,q900br52::RMSF,sdt5-homo / RMSF,RMSF,Residue,460,0.0576993,nm,nm
line,overlay,sdt5-homo,sdt5-homo,rmsf,q900br52,q900br52::RMSF,sdt5-homo / RMSF,RMSF,Residue,461,0.055830784,nm,nm
line,overlay,sdt5-homo,sdt5-homo,rmsf,q900br52,q900br52::RMSF,sdt5-homo / RMSF,RMSF,Residue,462,0.057183247,nm,nm
line,overlay,sdt5-homo,sdt5-homo,rmsf,q900br52,q900br52::RMSF,sdt5-homo / RMSF,RMSF,Residue,463,0.05611971,nm,nm
line,overlay,sdt5-homo,sdt5-homo,rmsf,q900br52,q900br52::RMSF,sdt5-homo / RMSF,RMSF,Residue,464,0.05068249,nm,nm
line,overlay,sdt5-homo,sdt5-homo,rmsf,q900br52,q900br52::RMSF,sdt5-homo / RMSF,RMSF,Residue,465,0.054326925,nm,nm
line,overlay,sdt5-homo,sdt5-homo,rmsf,q900br52,q900br52::RMSF,sdt5-homo / RMSF,RMSF,Residue,466,0.06384479,nm,nm
line,overlay,sdt5-homo,sdt5-homo,rmsf,q900br52,q900br52::RMSF,sdt5-homo / RMSF,RMSF,Residue,467,0.06530799,nm,nm
line,overlay,sdt5-homo,sdt5-homo,rmsf,q900br52,q900br52::RMSF,sdt5-homo / RMSF,RMSF,Residue,468,0.06251593,nm,nm
line,overlay,sdt5-homo,sdt5-homo,rmsf,q900br52,q900br52::RMSF,sdt5-homo / RMSF,RMSF,Residue,469,0.07641434,nm,nm
line,overlay,sdt5-homo,sdt5-homo,rmsf,q900br52,q900br52::RMSF,sdt5-homo / RMSF,RMSF,Residue,470,0.09129619,nm,nm
line,overlay,sdt5-homo,sdt5-homo,rmsf,q900br52,q900br52::RMSF,sdt5-homo / RMSF,RMSF,Residue,471,0.093203776,nm,nm
line,overlay,sdt5-homo,sdt5-homo,rmsf,q900br52,q900br52::RMSF,sdt5-homo / RMSF,RMSF,Residue,472,0.13599661,nm,nm
line,overlay,sdt5-homo,sdt5-homo,rmsf,q900br52,q900br52::RMSF,sdt5-homo / RMSF,RMSF,Residue,473,0.17668046,nm,nm
line,overlay,sdt5-homo,sdt5-homo,rmsf,q900br52,q900br52::RMSF,sdt5-homo / RMSF,RMSF,Residue,474,0.2428765,nm,nm
line,overlay,sdt5-homo,sdt5-homo,rmsf,q900br52,q900br52::RMSF,sdt5-homo / RMSF,RMSF,Residue,475,0.41923276,nm,nm
line,overlay,sdt5-homo,sdt5-homo,rmsf,q900br52,q900br52::RMSF,sdt5-homo / RMSF,RMSF,Residue,476,0.6263295,nm,nm
line,overlay,sdt5-homo-2,sdt5-homo-2,rmsf,cjrbg3ln,cjrbg3ln::RMSF,sdt5-homo-2 / RMSF,RMSF,Residue,1,0.34798902,nm,nm
line,overlay,sdt5-homo-2,sdt5-homo-2,rmsf,cjrbg3ln,cjrbg3ln::RMSF,sdt5-homo-2 / RMSF,RMSF,Residue,2,0.20392603,nm,nm
line,overlay,sdt5-homo-2,sdt5-homo-2,rmsf,cjrbg3ln,cjrbg3ln::RMSF,sdt5-homo-2 / RMSF,RMSF,Residue,3,0.11379997,nm,nm
line,overlay,sdt5-homo-2,sdt5-homo-2,rmsf,cjrbg3ln,cjrbg3ln::RMSF,sdt5-homo-2 / RMSF,RMSF,Residue,4,0.07222322,nm,nm
line,overlay,sdt5-homo-2,sdt5-homo-2,rmsf,cjrbg3ln,cjrbg3ln::RMSF,sdt5-homo-2 / RMSF,RMSF,Residue,5,0.0636238,nm,nm
line,overlay,sdt5-homo-2,sdt5-homo-2,rmsf,cjrbg3ln,cjrbg3ln::RMSF,sdt5-homo-2 / RMSF,RMSF,Residue,6,0.050956428,nm,nm
line,overlay,sdt5-homo-2,sdt5-homo-2,rmsf,cjrbg3ln,cjrbg3ln::RMSF,sdt5-homo-2 / RMSF,RMSF,Residue,7,0.042287003,nm,nm
line,overlay,sdt5-homo-2,sdt5-homo-2,rmsf,cjrbg3ln,cjrbg3ln::RMSF,sdt5-homo-2 / RMSF,RMSF,Residue,8,0.0407393,nm,nm
line,overlay,sdt5-homo-2,sdt5-homo-2,rmsf,cjrbg3ln,cjrbg3ln::RMSF,sdt5-homo-2 / RMSF,RMSF,Residue,9,0.038645893,nm,nm
line,overlay,sdt5-homo-2,sdt5-homo-2,rmsf,cjrbg3ln,cjrbg3ln::RMSF,sdt5-homo-2 / RMSF,RMSF,Residue,10,0.037950657,nm,nm
line,overlay,sdt5-homo-2,sdt5-homo-2,rmsf,cjrbg3ln,cjrbg3ln::RMSF,sdt5-homo-2 / RMSF,RMSF,Residue,11,0.039951913,nm,nm
line,overlay,sdt5-homo-2,sdt5-homo-2,rmsf,cjrbg3ln,cjrbg3ln::RMSF,sdt5-homo-2 / RMSF,RMSF,Residue,12,0.042707764,nm,nm
line,overlay,sdt5-homo-2,sdt5-homo-2,rmsf,cjrbg3ln,cjrbg3ln::RMSF,sdt5-homo-2 / RMSF,RMSF,Residue,13,0.04663185,nm,nm
line,overlay,sdt5-homo-2,sdt5-homo-2,rmsf,cjrbg3ln,cjrbg3ln::RMSF,sdt5-homo-2 / RMSF,RMSF,Residue,14,0.047937512,nm,nm
line,overlay,sdt5-homo-2,sdt5-homo-2,rmsf,cjrbg3ln,cjrbg3ln::RMSF,sdt5-homo-2 / RMSF,RMSF,Residue,15,0.041733067,nm,nm
line,overlay,sdt5-homo-2,sdt5-homo-2,rmsf,cjrbg3ln,cjrbg3ln::RMSF,sdt5-homo-2 / RMSF,RMSF,Residue,16,0.037094943,nm,nm
line,overlay,sdt5-homo-2,sdt5-homo-2,rmsf,cjrbg3ln,cjrbg3ln::RMSF,sdt5-homo-2 / RMSF,RMSF,Residue,17,0.037958328,nm,nm
line,overlay,sdt5-homo-2,sdt5-homo-2,rmsf,cjrbg3ln,cjrbg3ln::RMSF,sdt5-homo-2 / RMSF,RMSF,Residue,18,0.044006906,nm,nm
line,overlay,sdt5-homo-2,sdt5-homo-2,rmsf,cjrbg3ln,cjrbg3ln::RMSF,sdt5-homo-2 / RMSF,RMSF,Residue,19,0.04327752,nm,nm
line,overlay,sdt5-homo-2,sdt5-homo-2,rmsf,cjrbg3ln,cjrbg3ln::RMSF,sdt5-homo-2 / RMSF,RMSF,Residue,20,0.038192723,nm,nm
line,overlay,sdt5-homo-2,sdt5-homo-2,rmsf,cjrbg3ln,cjrbg3ln::RMSF,sdt5-homo-2 / RMSF,RMSF,Residue,21,0.037977763,nm,nm
line,overlay,sdt5-homo-2,sdt5-homo-2,rmsf,cjrbg3ln,cjrbg3ln::RMSF,sdt5-homo-2 / RMSF,RMSF,Residue,22,0.03922891,nm,nm
line,overlay,sdt5-homo-2,sdt5-homo-2,rmsf,cjrbg3ln,cjrbg3ln::RMSF,sdt5-homo-2 / RMSF,RMSF,Residue,23,0.041865736,nm,nm
line,overlay,sdt5-homo-2,sdt5-homo-2,rmsf,cjrbg3ln,cjrbg3ln::RMSF,sdt5-homo-2 / RMSF,RMSF,Residue,24,0.04320888,nm,nm
line,overlay,sdt5-homo-2,sdt5-homo-2,rmsf,cjrbg3ln,cjrbg3ln::RMSF,sdt5-homo-2 / RMSF,RMSF,Residue,25,0.042785686,nm,nm
line,overlay,sdt5-homo-2,sdt5-homo-2,rmsf,cjrbg3ln,cjrbg3ln::RMSF,sdt5-homo-2 / RMSF,RMSF,Residue,26,0.04416698,nm,nm
line,overlay,sdt5-homo-2,sdt5-homo-2,rmsf,cjrbg3ln,cjrbg3ln::RMSF,sdt5-homo-2 / RMSF,RMSF,Residue,27,0.045707133,nm,nm
line,overlay,sdt5-homo-2,sdt5-homo-2,rmsf,cjrbg3ln,cjrbg3ln::RMSF,sdt5-homo-2 / RMSF,RMSF,Residue,28,0.051316157,nm,nm
line,overlay,sdt5-homo-2,sdt5-homo-2,rmsf,cjrbg3ln,cjrbg3ln::RMSF,sdt5-homo-2 / RMSF,RMSF,Residue,29,0.05966427,nm,nm
line,overlay,sdt5-homo-2,sdt5-homo-2,rmsf,cjrbg3ln,cjrbg3ln::RMSF,sdt5-homo-2 / RMSF,RMSF,Residue,30,0.06345999,nm,nm
line,overlay,sdt5-homo-2,sdt5-homo-2,rmsf,cjrbg3ln,cjrbg3ln::RMSF,sdt5-homo-2 / RMSF,RMSF,Residue,31,0.067704074,nm,nm
line,overlay,sdt5-homo-2,sdt5-homo-2,rmsf,cjrbg3ln,cjrbg3ln::RMSF,sdt5-homo-2 / RMSF,RMSF,Residue,32,0.058152273,nm,nm
line,overlay,sdt5-homo-2,sdt5-homo-2,rmsf,cjrbg3ln,cjrbg3ln::RMSF,sdt5-homo-2 / RMSF,RMSF,Residue,33,0.06371877,nm,nm
line,overlay,sdt5-homo-2,sdt5-homo-2,rmsf,cjrbg3ln,cjrbg3ln::RMSF,sdt5-homo-2 / RMSF,RMSF,Residue,34,0.057409935,nm,nm
line,overlay,sdt5-homo-2,sdt5-homo-2,rmsf,cjrbg3ln,cjrbg3ln::RMSF,sdt5-homo-2 / RMSF,RMSF,Residue,35,0.05113014,nm,nm
line,overlay,sdt5-homo-2,sdt5-homo-2,rmsf,cjrbg3ln,cjrbg3ln::RMSF,sdt5-homo-2 / RMSF,RMSF,Residue,36,0.0490319,nm,nm
line,overlay,sdt5-homo-2,sdt5-homo-2,rmsf,cjrbg3ln,cjrbg3ln::RMSF,sdt5-homo-2 / RMSF,RMSF,Residue,37,0.045778587,nm,nm
line,overlay,sdt5-homo-2,sdt5-homo-2,rmsf,cjrbg3ln,cjrbg3ln::RMSF,sdt5-homo-2 / RMSF,RMSF,Residue,38,0.048350167,nm,nm
line,overlay,sdt5-homo-2,sdt5-homo-2,rmsf,cjrbg3ln,cjrbg3ln::RMSF,sdt5-homo-2 / RMSF,RMSF,Residue,39,0.059190966,nm,nm
line,overlay,sdt5-homo-2,sdt5-homo-2,rmsf,cjrbg3ln,cjrbg3ln::RMSF,sdt5-homo-2 / RMSF,RMSF,Residue,40,0.07619675,nm,nm
line,overlay,sdt5-homo-2,sdt5-homo-2,rmsf,cjrbg3ln,cjrbg3ln::RMSF,sdt5-homo-2 / RMSF,RMSF,Residue,41,0.08430435,nm,nm
line,overlay,sdt5-homo-2,sdt5-homo-2,rmsf,cjrbg3ln,cjrbg3ln::RMSF,sdt5-homo-2 / RMSF,RMSF,Residue,42,0.07349056,nm,nm
line,overlay,sdt5-homo-2,sdt5-homo-2,rmsf,cjrbg3ln,cjrbg3ln::RMSF,sdt5-homo-2 / RMSF,RMSF,Residue,43,0.07743926,nm,nm
line,overlay,sdt5-homo-2,sdt5-homo-2,rmsf,cjrbg3ln,cjrbg3ln::RMSF,sdt5-homo-2 / RMSF,RMSF,Residue,44,0.09416399,nm,nm
line,overlay,sdt5-homo-2,sdt5-homo-2,rmsf,cjrbg3ln,cjrbg3ln::RMSF,sdt5-homo-2 / RMSF,RMSF,Residue,45,0.12192894,nm,nm
line,overlay,sdt5-homo-2,sdt5-homo-2,rmsf,cjrbg3ln,cjrbg3ln::RMSF,sdt5-homo-2 / RMSF,RMSF,Residue,46,0.083482854,nm,nm
line,overlay,sdt5-homo-2,sdt5-homo-2,rmsf,cjrbg3ln,cjrbg3ln::RMSF,sdt5-homo-2 / RMSF,RMSF,Residue,47,0.08728389,nm,nm
line,overlay,sdt5-homo-2,sdt5-homo-2,rmsf,cjrbg3ln,cjrbg3ln::RMSF,sdt5-homo-2 / RMSF,RMSF,Residue,48,0.085780695,nm,nm
line,overlay,sdt5-homo-2,sdt5-homo-2,rmsf,cjrbg3ln,cjrbg3ln::RMSF,sdt5-homo-2 / RMSF,RMSF,Residue,49,0.065675646,nm,nm
line,overlay,sdt5-homo-2,sdt5-homo-2,rmsf,cjrbg3ln,cjrbg3ln::RMSF,sdt5-homo-2 / RMSF,RMSF,Residue,50,0.06664508,nm,nm
line,overlay,sdt5-homo-2,sdt5-homo-2,rmsf,cjrbg3ln,cjrbg3ln::RMSF,sdt5-homo-2 / RMSF,RMSF,Residue,51,0.07377771,nm,nm
line,overlay,sdt5-homo-2,sdt5-homo-2,rmsf,cjrbg3ln,cjrbg3ln::RMSF,sdt5-homo-2 / RMSF,RMSF,Residue,52,0.074292175,nm,nm
line,overlay,sdt5-homo-2,sdt5-homo-2,rmsf,cjrbg3ln,cjrbg3ln::RMSF,sdt5-homo-2 / RMSF,RMSF,Residue,53,0.07446322,nm,nm
line,overlay,sdt5-homo-2,sdt5-homo-2,rmsf,cjrbg3ln,cjrbg3ln::RMSF,sdt5-homo-2 / RMSF,RMSF,Residue,54,0.0841268,nm,nm
line,overlay,sdt5-homo-2,sdt5-homo-2,rmsf,cjrbg3ln,cjrbg3ln::RMSF,sdt5-homo-2 / RMSF,RMSF,Residue,55,0.09669784,nm,nm
line,overlay,sdt5-homo-2,sdt5-homo-2,rmsf,cjrbg3ln,cjrbg3ln::RMSF,sdt5-homo-2 / RMSF,RMSF,Residue,56,0.094243,nm,nm
line,overlay,sdt5-homo-2,sdt5-homo-2,rmsf,cjrbg3ln,cjrbg3ln::RMSF,sdt5-homo-2 / RMSF,RMSF,Residue,57,0.09943204,nm,nm
line,overlay,sdt5-homo-2,sdt5-homo-2,rmsf,cjrbg3ln,cjrbg3ln::RMSF,sdt5-homo-2 / RMSF,RMSF,Residue,58,0.09243226,nm,nm
line,overlay,sdt5-homo-2,sdt5-homo-2,rmsf,cjrbg3ln,cjrbg3ln::RMSF,sdt5-homo-2 / RMSF,RMSF,Residue,59,0.098330684,nm,nm
line,overlay,sdt5-homo-2,sdt5-homo-2,rmsf,cjrbg3ln,cjrbg3ln::RMSF,sdt5-homo-2 / RMSF,RMSF,Residue,60,0.06740478,nm,nm
line,overlay,sdt5-homo-2,sdt5-homo-2,rmsf,cjrbg3ln,cjrbg3ln::RMSF,sdt5-homo-2 / RMSF,RMSF,Residue,61,0.065640844,nm,nm
line,overlay,sdt5-homo-2,sdt5-homo-2,rmsf,cjrbg3ln,cjrbg3ln::RMSF,sdt5-homo-2 / RMSF,RMSF,Residue,62,0.061331466,nm,nm
line,overlay,sdt5-homo-2,sdt5-homo-2,rmsf,cjrbg3ln,cjrbg3ln::RMSF,sdt5-homo-2 / RMSF,RMSF,Residue,63,0.05901948,nm,nm
line,overlay,sdt5-homo-2,sdt5-homo-2,rmsf,cjrbg3ln,cjrbg3ln::RMSF,sdt5-homo-2 / RMSF,RMSF,Residue,64,0.06451346,nm,nm
line,overlay,sdt5-homo-2,sdt5-homo-2,rmsf,cjrbg3ln,cjrbg3ln::RMSF,sdt5-homo-2 / RMSF,RMSF,Residue,65,0.062752336,nm,nm
line,overlay,sdt5-homo-2,sdt5-homo-2,rmsf,cjrbg3ln,cjrbg3ln::RMSF,sdt5-homo-2 / RMSF,RMSF,Residue,66,0.075272,nm,nm
line,overlay,sdt5-homo-2,sdt5-homo-2,rmsf,cjrbg3ln,cjrbg3ln::RMSF,sdt5-homo-2 / RMSF,RMSF,Residue,67,0.07007883,nm,nm
line,overlay,sdt5-homo-2,sdt5-homo-2,rmsf,cjrbg3ln,cjrbg3ln::RMSF,sdt5-homo-2 / RMSF,RMSF,Residue,68,0.077380165,nm,nm
line,overlay,sdt5-homo-2,sdt5-homo-2,rmsf,cjrbg3ln,cjrbg3ln::RMSF,sdt5-homo-2 / RMSF,RMSF,Residue,69,0.08974282,nm,nm
line,overlay,sdt5-homo-2,sdt5-homo-2,rmsf,cjrbg3ln,cjrbg3ln::RMSF,sdt5-homo-2 / RMSF,RMSF,Residue,70,0.11139228,nm,nm
line,overlay,sdt5-homo-2,sdt5-homo-2,rmsf,cjrbg3ln,cjrbg3ln::RMSF,sdt5-homo-2 / RMSF,RMSF,Residue,71,0.1074728,nm,nm
line,overlay,sdt5-homo-2,sdt5-homo-2,rmsf,cjrbg3ln,cjrbg3ln::RMSF,sdt5-homo-2 / RMSF,RMSF,Residue,72,0.09910109,nm,nm
line,overlay,sdt5-homo-2,sdt5-homo-2,rmsf,cjrbg3ln,cjrbg3ln::RMSF,sdt5-homo-2 / RMSF,RMSF,Residue,73,0.11589068,nm,nm
line,overlay,sdt5-homo-2,sdt5-homo-2,rmsf,cjrbg3ln,cjrbg3ln::RMSF,sdt5-homo-2 / RMSF,RMSF,Residue,74,0.10169445,nm,nm
line,overlay,sdt5-homo-2,sdt5-homo-2,rmsf,cjrbg3ln,cjrbg3ln::RMSF,sdt5-homo-2 / RMSF,RMSF,Residue,75,0.114231,nm,nm
line,overlay,sdt5-homo-2,sdt5-homo-2,rmsf,cjrbg3ln,cjrbg3ln::RMSF,sdt5-homo-2 / RMSF,RMSF,Residue,76,0.12874848,nm,nm
line,overlay,sdt5-homo-2,sdt5-homo-2,rmsf,cjrbg3ln,cjrbg3ln::RMSF,sdt5-homo-2 / RMSF,RMSF,Residue,77,0.11560347,nm,nm
line,overlay,sdt5-homo-2,sdt5-homo-2,rmsf,cjrbg3ln,cjrbg3ln::RMSF,sdt5-homo-2 / RMSF,RMSF,Residue,78,0.0861944,nm,nm
line,overlay,sdt5-homo-2,sdt5-homo-2,rmsf,cjrbg3ln,cjrbg3ln::RMSF,sdt5-homo-2 / RMSF,RMSF,Residue,79,0.06945881,nm,nm
line,overlay,sdt5-homo-2,sdt5-homo-2,rmsf,cjrbg3ln,cjrbg3ln::RMSF,sdt5-homo-2 / RMSF,RMSF,Residue,80,0.06946592,nm,nm
line,overlay,sdt5-homo-2,sdt5-homo-2,rmsf,cjrbg3ln,cjrbg3ln::RMSF,sdt5-homo-2 / RMSF,RMSF,Residue,81,0.072308786,nm,nm
line,overlay,sdt5-homo-2,sdt5-homo-2,rmsf,cjrbg3ln,cjrbg3ln::RMSF,sdt5-homo-2 / RMSF,RMSF,Residue,82,0.10359483,nm,nm
line,overlay,sdt5-homo-2,sdt5-homo-2,rmsf,cjrbg3ln,cjrbg3ln::RMSF,sdt5-homo-2 / RMSF,RMSF,Residue,83,0.10466164,nm,nm
line,overlay,sdt5-homo-2,sdt5-homo-2,rmsf,cjrbg3ln,cjrbg3ln::RMSF,sdt5-homo-2 / RMSF,RMSF,Residue,84,0.09844296,nm,nm
line,overlay,sdt5-homo-2,sdt5-homo-2,rmsf,cjrbg3ln,cjrbg3ln::RMSF,sdt5-homo-2 / RMSF,RMSF,Residue,85,0.12651092,nm,nm
line,overlay,sdt5-homo-2,sdt5-homo-2,rmsf,cjrbg3ln,cjrbg3ln::RMSF,sdt5-homo-2 / RMSF,RMSF,Residue,86,0.12592421,nm,nm
line,overlay,sdt5-homo-2,sdt5-homo-2,rmsf,cjrbg3ln,cjrbg3ln::RMSF,sdt5-homo-2 / RMSF,RMSF,Residue,87,0.12621504,nm,nm
line,overlay,sdt5-homo-2,sdt5-homo-2,rmsf,cjrbg3ln,cjrbg3ln::RMSF,sdt5-homo-2 / RMSF,RMSF,Residue,88,0.12670317,nm,nm
line,overlay,sdt5-homo-2,sdt5-homo-2,rmsf,cjrbg3ln,cjrbg3ln::RMSF,sdt5-homo-2 / RMSF,RMSF,Residue,89,0.10504179,nm,nm
line,overlay,sdt5-homo-2,sdt5-homo-2,rmsf,cjrbg3ln,cjrbg3ln::RMSF,sdt5-homo-2 / RMSF,RMSF,Residue,90,0.09110954,nm,nm
line,overlay,sdt5-homo-2,sdt5-homo-2,rmsf,cjrbg3ln,cjrbg3ln::RMSF,sdt5-homo-2 / RMSF,RMSF,Residue,91,0.099176824,nm,nm
line,overlay,sdt5-homo-2,sdt5-homo-2,rmsf,cjrbg3ln,cjrbg3ln::RMSF,sdt5-homo-2 / RMSF,RMSF,Residue,92,0.09527483,nm,nm
line,overlay,sdt5-homo-2,sdt5-homo-2,rmsf,cjrbg3ln,cjrbg3ln::RMSF,sdt5-homo-2 / RMSF,RMSF,Residue,93,0.07120781,nm,nm
line,overlay,sdt5-homo-2,sdt5-homo-2,rmsf,cjrbg3ln,cjrbg3ln::RMSF,sdt5-homo-2 / RMSF,RMSF,Residue,94,0.070450805,nm,nm
line,overlay,sdt5-homo-2,sdt5-homo-2,rmsf,cjrbg3ln,cjrbg3ln::RMSF,sdt5-homo-2 / RMSF,RMSF,Residue,95,0.07702468,nm,nm
line,overlay,sdt5-homo-2,sdt5-homo-2,rmsf,cjrbg3ln,cjrbg3ln::RMSF,sdt5-homo-2 / RMSF,RMSF,Residue,96,0.06583703,nm,nm
line,overlay,sdt5-homo-2,sdt5-homo-2,rmsf,cjrbg3ln,cjrbg3ln::RMSF,sdt5-homo-2 / RMSF,RMSF,Residue,97,0.056183666,nm,nm
line,overlay,sdt5-homo-2,sdt5-homo-2,rmsf,cjrbg3ln,cjrbg3ln::RMSF,sdt5-homo-2 / RMSF,RMSF,Residue,98,0.06316615,nm,nm
line,overlay,sdt5-homo-2,sdt5-homo-2,rmsf,cjrbg3ln,cjrbg3ln::RMSF,sdt5-homo-2 / RMSF,RMSF,Residue,99,0.066567086,nm,nm
line,overlay,sdt5-homo-2,sdt5-homo-2,rmsf,cjrbg3ln,cjrbg3ln::RMSF,sdt5-homo-2 / RMSF,RMSF,Residue,100,0.06301764,nm,nm
line,overlay,sdt5-homo-2,sdt5-homo-2,rmsf,cjrbg3ln,cjrbg3ln::RMSF,sdt5-homo-2 / RMSF,RMSF,Residue,101,0.06376865,nm,nm
line,overlay,sdt5-homo-2,sdt5-homo-2,rmsf,cjrbg3ln,cjrbg3ln::RMSF,sdt5-homo-2 / RMSF,RMSF,Residue,102,0.072791785,nm,nm
line,overlay,sdt5-homo-2,sdt5-homo-2,rmsf,cjrbg3ln,cjrbg3ln::RMSF,sdt5-homo-2 / RMSF,RMSF,Residue,103,0.07236329,nm,nm
line,overlay,sdt5-homo-2,sdt5-homo-2,rmsf,cjrbg3ln,cjrbg3ln::RMSF,sdt5-homo-2 / RMSF,RMSF,Residue,104,0.06085381,nm,nm
line,overlay,sdt5-homo-2,sdt5-homo-2,rmsf,cjrbg3ln,cjrbg3ln::RMSF,sdt5-homo-2 / RMSF,RMSF,Residue,105,0.06391931,nm,nm
line,overlay,sdt5-homo-2,sdt5-homo-2,rmsf,cjrbg3ln,cjrbg3ln::RMSF,sdt5-homo-2 / RMSF,RMSF,Residue,106,0.07648944,nm,nm
line,overlay,sdt5-homo-2,sdt5-homo-2,rmsf,cjrbg3ln,cjrbg3ln::RMSF,sdt5-homo-2 / RMSF,RMSF,Residue,107,0.06996242,nm,nm
line,overlay,sdt5-homo-2,sdt5-homo-2,rmsf,cjrbg3ln,cjrbg3ln::RMSF,sdt5-homo-2 / RMSF,RMSF,Residue,108,0.058636077,nm,nm
line,overlay,sdt5-homo-2,sdt5-homo-2,rmsf,cjrbg3ln,cjrbg3ln::RMSF,sdt5-homo-2 / RMSF,RMSF,Residue,109,0.07730347,nm,nm
line,overlay,sdt5-homo-2,sdt5-homo-2,rmsf,cjrbg3ln,cjrbg3ln::RMSF,sdt5-homo-2 / RMSF,RMSF,Residue,110,0.09048284,nm,nm
line,overlay,sdt5-homo-2,sdt5-homo-2,rmsf,cjrbg3ln,cjrbg3ln::RMSF,sdt5-homo-2 / RMSF,RMSF,Residue,111,0.07865215,nm,nm
line,overlay,sdt5-homo-2,sdt5-homo-2,rmsf,cjrbg3ln,cjrbg3ln::RMSF,sdt5-homo-2 / RMSF,RMSF,Residue,112,0.07375779,nm,nm
line,overlay,sdt5-homo-2,sdt5-homo-2,rmsf,cjrbg3ln,cjrbg3ln::RMSF,sdt5-homo-2 / RMSF,RMSF,Residue,113,0.05633049,nm,nm
line,overlay,sdt5-homo-2,sdt5-homo-2,rmsf,cjrbg3ln,cjrbg3ln::RMSF,sdt5-homo-2 / RMSF,RMSF,Residue,114,0.056464452,nm,nm
line,overlay,sdt5-homo-2,sdt5-homo-2,rmsf,cjrbg3ln,cjrbg3ln::RMSF,sdt5-homo-2 / RMSF,RMSF,Residue,115,0.053364947,nm,nm
line,overlay,sdt5-homo-2,sdt5-homo-2,rmsf,cjrbg3ln,cjrbg3ln::RMSF,sdt5-homo-2 / RMSF,RMSF,Residue,116,0.046722084,nm,nm
line,overlay,sdt5-homo-2,sdt5-homo-2,rmsf,cjrbg3ln,cjrbg3ln::RMSF,sdt5-homo-2 / RMSF,RMSF,Residue,117,0.043635808,nm,nm
line,overlay,sdt5-homo-2,sdt5-homo-2,rmsf,cjrbg3ln,cjrbg3ln::RMSF,sdt5-homo-2 / RMSF,RMSF,Residue,118,0.042104453,nm,nm
line,overlay,sdt5-homo-2,sdt5-homo-2,rmsf,cjrbg3ln,cjrbg3ln::RMSF,sdt5-homo-2 / RMSF,RMSF,Residue,119,0.040592454,nm,nm
line,overlay,sdt5-homo-2,sdt5-homo-2,rmsf,cjrbg3ln,cjrbg3ln::RMSF,sdt5-homo-2 / RMSF,RMSF,Residue,120,0.05240853,nm,nm
line,overlay,sdt5-homo-2,sdt5-homo-2,rmsf,cjrbg3ln,cjrbg3ln::RMSF,sdt5-homo-2 / RMSF,RMSF,Residue,121,0.056320187,nm,nm
line,overlay,sdt5-homo-2,sdt5-homo-2,rmsf,cjrbg3ln,cjrbg3ln::RMSF,sdt5-homo-2 / RMSF,RMSF,Residue,122,0.05103987,nm,nm
line,overlay,sdt5-homo-2,sdt5-homo-2,rmsf,cjrbg3ln,cjrbg3ln::RMSF,sdt5-homo-2 / RMSF,RMSF,Residue,123,0.057320725,nm,nm
line,overlay,sdt5-homo-2,sdt5-homo-2,rmsf,cjrbg3ln,cjrbg3ln::RMSF,sdt5-homo-2 / RMSF,RMSF,Residue,124,0.057425156,nm,nm
line,overlay,sdt5-homo-2,sdt5-homo-2,rmsf,cjrbg3ln,cjrbg3ln::RMSF,sdt5-homo-2 / RMSF,RMSF,Residue,125,0.050386894,nm,nm
line,overlay,sdt5-homo-2,sdt5-homo-2,rmsf,cjrbg3ln,cjrbg3ln::RMSF,sdt5-homo-2 / RMSF,RMSF,Residue,126,0.061203662,nm,nm
line,overlay,sdt5-homo-2,sdt5-homo-2,rmsf,cjrbg3ln,cjrbg3ln::RMSF,sdt5-homo-2 / RMSF,RMSF,Residue,127,0.065963626,nm,nm
line,overlay,sdt5-homo-2,sdt5-homo-2,rmsf,cjrbg3ln,cjrbg3ln::RMSF,sdt5-homo-2 / RMSF,RMSF,Residue,128,0.05937254,nm,nm
line,overlay,sdt5-homo-2,sdt5-homo-2,rmsf,cjrbg3ln,cjrbg3ln::RMSF,sdt5-homo-2 / RMSF,RMSF,Residue,129,0.062101718,nm,nm
line,overlay,sdt5-homo-2,sdt5-homo-2,rmsf,cjrbg3ln,cjrbg3ln::RMSF,sdt5-homo-2 / RMSF,RMSF,Residue,130,0.07075575,nm,nm
line,overlay,sdt5-homo-2,sdt5-homo-2,rmsf,cjrbg3ln,cjrbg3ln::RMSF,sdt5-homo-2 / RMSF,RMSF,Residue,131,0.07922712,nm,nm
line,overlay,sdt5-homo-2,sdt5-homo-2,rmsf,cjrbg3ln,cjrbg3ln::RMSF,sdt5-homo-2 / RMSF,RMSF,Residue,132,0.07299215,nm,nm
line,overlay,sdt5-homo-2,sdt5-homo-2,rmsf,cjrbg3ln,cjrbg3ln::RMSF,sdt5-homo-2 / RMSF,RMSF,Residue,133,0.0728151,nm,nm
line,overlay,sdt5-homo-2,sdt5-homo-2,rmsf,cjrbg3ln,cjrbg3ln::RMSF,sdt5-homo-2 / RMSF,RMSF,Residue,134,0.059715502,nm,nm
line,overlay,sdt5-homo-2,sdt5-homo-2,rmsf,cjrbg3ln,cjrbg3ln::RMSF,sdt5-homo-2 / RMSF,RMSF,Residue,135,0.06094957,nm,nm
line,overlay,sdt5-homo-2,sdt5-homo-2,rmsf,cjrbg3ln,cjrbg3ln::RMSF,sdt5-homo-2 / RMSF,RMSF,Residue,136,0.051926978,nm,nm
line,overlay,sdt5-homo-2,sdt5-homo-2,rmsf,cjrbg3ln,cjrbg3ln::RMSF,sdt5-homo-2 / RMSF,RMSF,Residue,137,0.045151968,nm,nm
line,overlay,sdt5-homo-2,sdt5-homo-2,rmsf,cjrbg3ln,cjrbg3ln::RMSF,sdt5-homo-2 / RMSF,RMSF,Residue,138,0.039120957,nm,nm
line,overlay,sdt5-homo-2,sdt5-homo-2,rmsf,cjrbg3ln,cjrbg3ln::RMSF,sdt5-homo-2 / RMSF,RMSF,Residue,139,0.037518647,nm,nm
line,overlay,sdt5-homo-2,sdt5-homo-2,rmsf,cjrbg3ln,cjrbg3ln::RMSF,sdt5-homo-2 / RMSF,RMSF,Residue,140,0.053939052,nm,nm
line,overlay,sdt5-homo-2,sdt5-homo-2,rmsf,cjrbg3ln,cjrbg3ln::RMSF,sdt5-homo-2 / RMSF,RMSF,Residue,141,0.04684998,nm,nm
line,overlay,sdt5-homo-2,sdt5-homo-2,rmsf,cjrbg3ln,cjrbg3ln::RMSF,sdt5-homo-2 / RMSF,RMSF,Residue,142,0.045172587,nm,nm
line,overlay,sdt5-homo-2,sdt5-homo-2,rmsf,cjrbg3ln,cjrbg3ln::RMSF,sdt5-homo-2 / RMSF,RMSF,Residue,143,0.04469973,nm,nm
line,overlay,sdt5-homo-2,sdt5-homo-2,rmsf,cjrbg3ln,cjrbg3ln::RMSF,sdt5-homo-2 / RMSF,RMSF,Residue,144,0.047322217,nm,nm
line,overlay,sdt5-homo-2,sdt5-homo-2,rmsf,cjrbg3ln,cjrbg3ln::RMSF,sdt5-homo-2 / RMSF,RMSF,Residue,145,0.047024306,nm,nm
line,overlay,sdt5-homo-2,sdt5-homo-2,rmsf,cjrbg3ln,cjrbg3ln::RMSF,sdt5-homo-2 / RMSF,RMSF,Residue,146,0.045400735,nm,nm
line,overlay,sdt5-homo-2,sdt5-homo-2,rmsf,cjrbg3ln,cjrbg3ln::RMSF,sdt5-homo-2 / RMSF,RMSF,Residue,147,0.04756271,nm,nm
line,overlay,sdt5-homo-2,sdt5-homo-2,rmsf,cjrbg3ln,cjrbg3ln::RMSF,sdt5-homo-2 / RMSF,RMSF,Residue,148,0.05012245,nm,nm
line,overlay,sdt5-homo-2,sdt5-homo-2,rmsf,cjrbg3ln,cjrbg3ln::RMSF,sdt5-homo-2 / RMSF,RMSF,Residue,149,0.051601082,nm,nm
line,overlay,sdt5-homo-2,sdt5-homo-2,rmsf,cjrbg3ln,cjrbg3ln::RMSF,sdt5-homo-2 / RMSF,RMSF,Residue,150,0.054676548,nm,nm
line,overlay,sdt5-homo-2,sdt5-homo-2,rmsf,cjrbg3ln,cjrbg3ln::RMSF,sdt5-homo-2 / RMSF,RMSF,Residue,151,0.06645841,nm,nm
line,overlay,sdt5-homo-2,sdt5-homo-2,rmsf,cjrbg3ln,cjrbg3ln::RMSF,sdt5-homo-2 / RMSF,RMSF,Residue,152,0.06620613,nm,nm
line,overlay,sdt5-homo-2,sdt5-homo-2,rmsf,cjrbg3ln,cjrbg3ln::RMSF,sdt5-homo-2 / RMSF,RMSF,Residue,153,0.072325274,nm,nm
line,overlay,sdt5-homo-2,sdt5-homo-2,rmsf,cjrbg3ln,cjrbg3ln::RMSF,sdt5-homo-2 / RMSF,RMSF,Residue,154,0.08271857,nm,nm
line,overlay,sdt5-homo-2,sdt5-homo-2,rmsf,cjrbg3ln,cjrbg3ln::RMSF,sdt5-homo-2 / RMSF,RMSF,Residue,155,0.10616374,nm,nm
line,overlay,sdt5-homo-2,sdt5-homo-2,rmsf,cjrbg3ln,cjrbg3ln::RMSF,sdt5-homo-2 / RMSF,RMSF,Residue,156,0.12372879,nm,nm
line,overlay,sdt5-homo-2,sdt5-homo-2,rmsf,cjrbg3ln,cjrbg3ln::RMSF,sdt5-homo-2 / RMSF,RMSF,Residue,157,0.11458771,nm,nm
line,overlay,sdt5-homo-2,sdt5-homo-2,rmsf,cjrbg3ln,cjrbg3ln::RMSF,sdt5-homo-2 / RMSF,RMSF,Residue,158,0.14835165,nm,nm
line,overlay,sdt5-homo-2,sdt5-homo-2,rmsf,cjrbg3ln,cjrbg3ln::RMSF,sdt5-homo-2 / RMSF,RMSF,Residue,159,0.1606429,nm,nm
line,overlay,sdt5-homo-2,sdt5-homo-2,rmsf,cjrbg3ln,cjrbg3ln::RMSF,sdt5-homo-2 / RMSF,RMSF,Residue,160,0.2171259,nm,nm
line,overlay,sdt5-homo-2,sdt5-homo-2,rmsf,cjrbg3ln,cjrbg3ln::RMSF,sdt5-homo-2 / RMSF,RMSF,Residue,161,0.20991458,nm,nm
line,overlay,sdt5-homo-2,sdt5-homo-2,rmsf,cjrbg3ln,cjrbg3ln::RMSF,sdt5-homo-2 / RMSF,RMSF,Residue,162,0.1854408,nm,nm
line,overlay,sdt5-homo-2,sdt5-homo-2,rmsf,cjrbg3ln,cjrbg3ln::RMSF,sdt5-homo-2 / RMSF,RMSF,Residue,163,0.23188914,nm,nm
line,overlay,sdt5-homo-2,sdt5-homo-2,rmsf,cjrbg3ln,cjrbg3ln::RMSF,sdt5-homo-2 / RMSF,RMSF,Residue,164,0.22151837,nm,nm
line,overlay,sdt5-homo-2,sdt5-homo-2,rmsf,cjrbg3ln,cjrbg3ln::RMSF,sdt5-homo-2 / RMSF,RMSF,Residue,165,0.21794502,nm,nm
line,overlay,sdt5-homo-2,sdt5-homo-2,rmsf,cjrbg3ln,cjrbg3ln::RMSF,sdt5-homo-2 / RMSF,RMSF,Residue,166,0.22783026,nm,nm
line,overlay,sdt5-homo-2,sdt5-homo-2,rmsf,cjrbg3ln,cjrbg3ln::RMSF,sdt5-homo-2 / RMSF,RMSF,Residue,167,0.17461027,nm,nm
line,overlay,sdt5-homo-2,sdt5-homo-2,rmsf,cjrbg3ln,cjrbg3ln::RMSF,sdt5-homo-2 / RMSF,RMSF,Residue,168,0.1183661,nm,nm
line,overlay,sdt5-homo-2,sdt5-homo-2,rmsf,cjrbg3ln,cjrbg3ln::RMSF,sdt5-homo-2 / RMSF,RMSF,Residue,169,0.101267636,nm,nm
line,overlay,sdt5-homo-2,sdt5-homo-2,rmsf,cjrbg3ln,cjrbg3ln::RMSF,sdt5-homo-2 / RMSF,RMSF,Residue,170,0.0830783,nm,nm
line,overlay,sdt5-homo-2,sdt5-homo-2,rmsf,cjrbg3ln,cjrbg3ln::RMSF,sdt5-homo-2 / RMSF,RMSF,Residue,171,0.09235433,nm,nm
line,overlay,sdt5-homo-2,sdt5-homo-2,rmsf,cjrbg3ln,cjrbg3ln::RMSF,sdt5-homo-2 / RMSF,RMSF,Residue,172,0.11665449,nm,nm
line,overlay,sdt5-homo-2,sdt5-homo-2,rmsf,cjrbg3ln,cjrbg3ln::RMSF,sdt5-homo-2 / RMSF,RMSF,Residue,173,0.13647681,nm,nm
line,overlay,sdt5-homo-2,sdt5-homo-2,rmsf,cjrbg3ln,cjrbg3ln::RMSF,sdt5-homo-2 / RMSF,RMSF,Residue,174,0.12004773,nm,nm
line,overlay,sdt5-homo-2,sdt5-homo-2,rmsf,cjrbg3ln,cjrbg3ln::RMSF,sdt5-homo-2 / RMSF,RMSF,Residue,175,0.14945279,nm,nm
line,overlay,sdt5-homo-2,sdt5-homo-2,rmsf,cjrbg3ln,cjrbg3ln::RMSF,sdt5-homo-2 / RMSF,RMSF,Residue,176,0.12404986,nm,nm
line,overlay,sdt5-homo-2,sdt5-homo-2,rmsf,cjrbg3ln,cjrbg3ln::RMSF,sdt5-homo-2 / RMSF,RMSF,Residue,177,0.107010216,nm,nm
line,overlay,sdt5-homo-2,sdt5-homo-2,rmsf,cjrbg3ln,cjrbg3ln::RMSF,sdt5-homo-2 / RMSF,RMSF,Residue,178,0.08072283,nm,nm
line,overlay,sdt5-homo-2,sdt5-homo-2,rmsf,cjrbg3ln,cjrbg3ln::RMSF,sdt5-homo-2 / RMSF,RMSF,Residue,179,0.08322615,nm,nm
line,overlay,sdt5-homo-2,sdt5-homo-2,rmsf,cjrbg3ln,cjrbg3ln::RMSF,sdt5-homo-2 / RMSF,RMSF,Residue,180,0.07376774,nm,nm
line,overlay,sdt5-homo-2,sdt5-homo-2,rmsf,cjrbg3ln,cjrbg3ln::RMSF,sdt5-homo-2 / RMSF,RMSF,Residue,181,0.07959172,nm,nm
line,overlay,sdt5-homo-2,sdt5-homo-2,rmsf,cjrbg3ln,cjrbg3ln::RMSF,sdt5-homo-2 / RMSF,RMSF,Residue,182,0.09177302,nm,nm
line,overlay,sdt5-homo-2,sdt5-homo-2,rmsf,cjrbg3ln,cjrbg3ln::RMSF,sdt5-homo-2 / RMSF,RMSF,Residue,183,0.08278717,nm,nm
line,overlay,sdt5-homo-2,sdt5-homo-2,rmsf,cjrbg3ln,cjrbg3ln::RMSF,sdt5-homo-2 / RMSF,RMSF,Residue,184,0.0801113,nm,nm
line,overlay,sdt5-homo-2,sdt5-homo-2,rmsf,cjrbg3ln,cjrbg3ln::RMSF,sdt5-homo-2 / RMSF,RMSF,Residue,185,0.10233116,nm,nm
line,overlay,sdt5-homo-2,sdt5-homo-2,rmsf,cjrbg3ln,cjrbg3ln::RMSF,sdt5-homo-2 / RMSF,RMSF,Residue,186,0.095478155,nm,nm
line,overlay,sdt5-homo-2,sdt5-homo-2,rmsf,cjrbg3ln,cjrbg3ln::RMSF,sdt5-homo-2 / RMSF,RMSF,Residue,187,0.090252034,nm,nm
line,overlay,sdt5-homo-2,sdt5-homo-2,rmsf,cjrbg3ln,cjrbg3ln::RMSF,sdt5-homo-2 / RMSF,RMSF,Residue,188,0.093269564,nm,nm
line,overlay,sdt5-homo-2,sdt5-homo-2,rmsf,cjrbg3ln,cjrbg3ln::RMSF,sdt5-homo-2 / RMSF,RMSF,Residue,189,0.10254345,nm,nm
line,overlay,sdt5-homo-2,sdt5-homo-2,rmsf,cjrbg3ln,cjrbg3ln::RMSF,sdt5-homo-2 / RMSF,RMSF,Residue,190,0.10856778,nm,nm
line,overlay,sdt5-homo-2,sdt5-homo-2,rmsf,cjrbg3ln,cjrbg3ln::RMSF,sdt5-homo-2 / RMSF,RMSF,Residue,191,0.118324876,nm,nm
line,overlay,sdt5-homo-2,sdt5-homo-2,rmsf,cjrbg3ln,cjrbg3ln::RMSF,sdt5-homo-2 / RMSF,RMSF,Residue,192,0.1874158,nm,nm
line,overlay,sdt5-homo-2,sdt5-homo-2,rmsf,cjrbg3ln,cjrbg3ln::RMSF,sdt5-homo-2 / RMSF,RMSF,Residue,193,0.16709423,nm,nm
line,overlay,sdt5-homo-2,sdt5-homo-2,rmsf,cjrbg3ln,cjrbg3ln::RMSF,sdt5-homo-2 / RMSF,RMSF,Residue,194,0.1574132,nm,nm
line,overlay,sdt5-homo-2,sdt5-homo-2,rmsf,cjrbg3ln,cjrbg3ln::RMSF,sdt5-homo-2 / RMSF,RMSF,Residue,195,0.11952543,nm,nm
line,overlay,sdt5-homo-2,sdt5-homo-2,rmsf,cjrbg3ln,cjrbg3ln::RMSF,sdt5-homo-2 / RMSF,RMSF,Residue,196,0.10262636,nm,nm
line,overlay,sdt5-homo-2,sdt5-homo-2,rmsf,cjrbg3ln,cjrbg3ln::RMSF,sdt5-homo-2 / RMSF,RMSF,Residue,197,0.08813822,nm,nm
line,overlay,sdt5-homo-2,sdt5-homo-2,rmsf,cjrbg3ln,cjrbg3ln::RMSF,sdt5-homo-2 / RMSF,RMSF,Residue,198,0.08791024,nm,nm
line,overlay,sdt5-homo-2,sdt5-homo-2,rmsf,cjrbg3ln,cjrbg3ln::RMSF,sdt5-homo-2 / RMSF,RMSF,Residue,199,0.08742616,nm,nm
line,overlay,sdt5-homo-2,sdt5-homo-2,rmsf,cjrbg3ln,cjrbg3ln::RMSF,sdt5-homo-2 / RMSF,RMSF,Residue,200,0.0782246,nm,nm
line,overlay,sdt5-homo-2,sdt5-homo-2,rmsf,cjrbg3ln,cjrbg3ln::RMSF,sdt5-homo-2 / RMSF,RMSF,Residue,201,0.07496698,nm,nm
line,overlay,sdt5-homo-2,sdt5-homo-2,rmsf,cjrbg3ln,cjrbg3ln::RMSF,sdt5-homo-2 / RMSF,RMSF,Residue,202,0.07805499,nm,nm
line,overlay,sdt5-homo-2,sdt5-homo-2,rmsf,cjrbg3ln,cjrbg3ln::RMSF,sdt5-homo-2 / RMSF,RMSF,Residue,203,0.070785336,nm,nm
line,overlay,sdt5-homo-2,sdt5-homo-2,rmsf,cjrbg3ln,cjrbg3ln::RMSF,sdt5-homo-2 / RMSF,RMSF,Residue,204,0.06427888,nm,nm
line,overlay,sdt5-homo-2,sdt5-homo-2,rmsf,cjrbg3ln,cjrbg3ln::RMSF,sdt5-homo-2 / RMSF,RMSF,Residue,205,0.07607616,nm,nm
line,overlay,sdt5-homo-2,sdt5-homo-2,rmsf,cjrbg3ln,cjrbg3ln::RMSF,sdt5-homo-2 / RMSF,RMSF,Residue,206,0.07414416,nm,nm
line,overlay,sdt5-homo-2,sdt5-homo-2,rmsf,cjrbg3ln,cjrbg3ln::RMSF,sdt5-homo-2 / RMSF,RMSF,Residue,207,0.063403144,nm,nm
line,overlay,sdt5-homo-2,sdt5-homo-2,rmsf,cjrbg3ln,cjrbg3ln::RMSF,sdt5-homo-2 / RMSF,RMSF,Residue,208,0.06731889,nm,nm
line,overlay,sdt5-homo-2,sdt5-homo-2,rmsf,cjrbg3ln,cjrbg3ln::RMSF,sdt5-homo-2 / RMSF,RMSF,Residue,209,0.07920303,nm,nm
line,overlay,sdt5-homo-2,sdt5-homo-2,rmsf,cjrbg3ln,cjrbg3ln::RMSF,sdt5-homo-2 / RMSF,RMSF,Residue,210,0.07620405,nm,nm
line,overlay,sdt5-homo-2,sdt5-homo-2,rmsf,cjrbg3ln,cjrbg3ln::RMSF,sdt5-homo-2 / RMSF,RMSF,Residue,211,0.05813926,nm,nm
line,overlay,sdt5-homo-2,sdt5-homo-2,rmsf,cjrbg3ln,cjrbg3ln::RMSF,sdt5-homo-2 / RMSF,RMSF,Residue,212,0.06041792,nm,nm
line,overlay,sdt5-homo-2,sdt5-homo-2,rmsf,cjrbg3ln,cjrbg3ln::RMSF,sdt5-homo-2 / RMSF,RMSF,Residue,213,0.05374097,nm,nm
line,overlay,sdt5-homo-2,sdt5-homo-2,rmsf,cjrbg3ln,cjrbg3ln::RMSF,sdt5-homo-2 / RMSF,RMSF,Residue,214,0.040809598,nm,nm
line,overlay,sdt5-homo-2,sdt5-homo-2,rmsf,cjrbg3ln,cjrbg3ln::RMSF,sdt5-homo-2 / RMSF,RMSF,Residue,215,0.03689726,nm,nm
line,overlay,sdt5-homo-2,sdt5-homo-2,rmsf,cjrbg3ln,cjrbg3ln::RMSF,sdt5-homo-2 / RMSF,RMSF,Residue,216,0.036844496,nm,nm
line,overlay,sdt5-homo-2,sdt5-homo-2,rmsf,cjrbg3ln,cjrbg3ln::RMSF,sdt5-homo-2 / RMSF,RMSF,Residue,217,0.03545749,nm,nm
line,overlay,sdt5-homo-2,sdt5-homo-2,rmsf,cjrbg3ln,cjrbg3ln::RMSF,sdt5-homo-2 / RMSF,RMSF,Residue,218,0.040767625,nm,nm
line,overlay,sdt5-homo-2,sdt5-homo-2,rmsf,cjrbg3ln,cjrbg3ln::RMSF,sdt5-homo-2 / RMSF,RMSF,Residue,219,0.04613059,nm,nm
line,overlay,sdt5-homo-2,sdt5-homo-2,rmsf,cjrbg3ln,cjrbg3ln::RMSF,sdt5-homo-2 / RMSF,RMSF,Residue,220,0.055735983,nm,nm
line,overlay,sdt5-homo-2,sdt5-homo-2,rmsf,cjrbg3ln,cjrbg3ln::RMSF,sdt5-homo-2 / RMSF,RMSF,Residue,221,0.05536349,nm,nm
line,overlay,sdt5-homo-2,sdt5-homo-2,rmsf,cjrbg3ln,cjrbg3ln::RMSF,sdt5-homo-2 / RMSF,RMSF,Residue,222,0.047892224,nm,nm
line,overlay,sdt5-homo-2,sdt5-homo-2,rmsf,cjrbg3ln,cjrbg3ln::RMSF,sdt5-homo-2 / RMSF,RMSF,Residue,223,0.052543957,nm,nm
line,overlay,sdt5-homo-2,sdt5-homo-2,rmsf,cjrbg3ln,cjrbg3ln::RMSF,sdt5-homo-2 / RMSF,RMSF,Residue,224,0.0630323,nm,nm
line,overlay,sdt5-homo-2,sdt5-homo-2,rmsf,cjrbg3ln,cjrbg3ln::RMSF,sdt5-homo-2 / RMSF,RMSF,Residue,225,0.06944043,nm,nm
line,overlay,sdt5-homo-2,sdt5-homo-2,rmsf,cjrbg3ln,cjrbg3ln::RMSF,sdt5-homo-2 / RMSF,RMSF,Residue,226,0.061427403,nm,nm
line,overlay,sdt5-homo-2,sdt5-homo-2,rmsf,cjrbg3ln,cjrbg3ln::RMSF,sdt5-homo-2 / RMSF,RMSF,Residue,227,0.059294622,nm,nm
line,overlay,sdt5-homo-2,sdt5-homo-2,rmsf,cjrbg3ln,cjrbg3ln::RMSF,sdt5-homo-2 / RMSF,RMSF,Residue,228,0.07263589,nm,nm
line,overlay,sdt5-homo-2,sdt5-homo-2,rmsf,cjrbg3ln,cjrbg3ln::RMSF,sdt5-homo-2 / RMSF,RMSF,Residue,229,0.07415597,nm,nm
line,overlay,sdt5-homo-2,sdt5-homo-2,rmsf,cjrbg3ln,cjrbg3ln::RMSF,sdt5-homo-2 / RMSF,RMSF,Residue,230,0.0642466,nm,nm
line,overlay,sdt5-homo-2,sdt5-homo-2,rmsf,cjrbg3ln,cjrbg3ln::RMSF,sdt5-homo-2 / RMSF,RMSF,Residue,231,0.075446926,nm,nm
line,overlay,sdt5-homo-2,sdt5-homo-2,rmsf,cjrbg3ln,cjrbg3ln::RMSF,sdt5-homo-2 / RMSF,RMSF,Residue,232,0.10985527,nm,nm
line,overlay,sdt5-homo-2,sdt5-homo-2,rmsf,cjrbg3ln,cjrbg3ln::RMSF,sdt5-homo-2 / RMSF,RMSF,Residue,233,0.12297946,nm,nm
line,overlay,sdt5-homo-2,sdt5-homo-2,rmsf,cjrbg3ln,cjrbg3ln::RMSF,sdt5-homo-2 / RMSF,RMSF,Residue,234,0.11161785,nm,nm
line,overlay,sdt5-homo-2,sdt5-homo-2,rmsf,cjrbg3ln,cjrbg3ln::RMSF,sdt5-homo-2 / RMSF,RMSF,Residue,235,0.108397216,nm,nm
line,overlay,sdt5-homo-2,sdt5-homo-2,rmsf,cjrbg3ln,cjrbg3ln::RMSF,sdt5-homo-2 / RMSF,RMSF,Residue,236,0.07301199,nm,nm
line,overlay,sdt5-homo-2,sdt5-homo-2,rmsf,cjrbg3ln,cjrbg3ln::RMSF,sdt5-homo-2 / RMSF,RMSF,Residue,237,0.06572665,nm,nm
line,overlay,sdt5-homo-2,sdt5-homo-2,rmsf,cjrbg3ln,cjrbg3ln::RMSF,sdt5-homo-2 / RMSF,RMSF,Residue,238,0.054636188,nm,nm
line,overlay,sdt5-homo-2,sdt5-homo-2,rmsf,cjrbg3ln,cjrbg3ln::RMSF,sdt5-homo-2 / RMSF,RMSF,Residue,239,0.044115387,nm,nm
line,overlay,sdt5-homo-2,sdt5-homo-2,rmsf,cjrbg3ln,cjrbg3ln::RMSF,sdt5-homo-2 / RMSF,RMSF,Residue,240,0.047323372,nm,nm
line,overlay,sdt5-homo-2,sdt5-homo-2,rmsf,cjrbg3ln,cjrbg3ln::RMSF,sdt5-homo-2 / RMSF,RMSF,Residue,241,0.043035485,nm,nm
line,overlay,sdt5-homo-2,sdt5-homo-2,rmsf,cjrbg3ln,cjrbg3ln::RMSF,sdt5-homo-2 / RMSF,RMSF,Residue,242,0.0440801,nm,nm
line,overlay,sdt5-homo-2,sdt5-homo-2,rmsf,cjrbg3ln,cjrbg3ln::RMSF,sdt5-homo-2 / RMSF,RMSF,Residue,243,0.037790906,nm,nm
line,overlay,sdt5-homo-2,sdt5-homo-2,rmsf,cjrbg3ln,cjrbg3ln::RMSF,sdt5-homo-2 / RMSF,RMSF,Residue,244,0.03905921,nm,nm
line,overlay,sdt5-homo-2,sdt5-homo-2,rmsf,cjrbg3ln,cjrbg3ln::RMSF,sdt5-homo-2 / RMSF,RMSF,Residue,245,0.05090009,nm,nm
line,overlay,sdt5-homo-2,sdt5-homo-2,rmsf,cjrbg3ln,cjrbg3ln::RMSF,sdt5-homo-2 / RMSF,RMSF,Residue,246,0.057465974,nm,nm
line,overlay,sdt5-homo-2,sdt5-homo-2,rmsf,cjrbg3ln,cjrbg3ln::RMSF,sdt5-homo-2 / RMSF,RMSF,Residue,247,0.060996354,nm,nm
line,overlay,sdt5-homo-2,sdt5-homo-2,rmsf,cjrbg3ln,cjrbg3ln::RMSF,sdt5-homo-2 / RMSF,RMSF,Residue,248,0.060313225,nm,nm
line,overlay,sdt5-homo-2,sdt5-homo-2,rmsf,cjrbg3ln,cjrbg3ln::RMSF,sdt5-homo-2 / RMSF,RMSF,Residue,249,0.09721414,nm,nm
line,overlay,sdt5-homo-2,sdt5-homo-2,rmsf,cjrbg3ln,cjrbg3ln::RMSF,sdt5-homo-2 / RMSF,RMSF,Residue,250,0.098079495,nm,nm
line,overlay,sdt5-homo-2,sdt5-homo-2,rmsf,cjrbg3ln,cjrbg3ln::RMSF,sdt5-homo-2 / RMSF,RMSF,Residue,251,0.097675815,nm,nm
line,overlay,sdt5-homo-2,sdt5-homo-2,rmsf,cjrbg3ln,cjrbg3ln::RMSF,sdt5-homo-2 / RMSF,RMSF,Residue,252,0.09542097,nm,nm
line,overlay,sdt5-homo-2,sdt5-homo-2,rmsf,cjrbg3ln,cjrbg3ln::RMSF,sdt5-homo-2 / RMSF,RMSF,Residue,253,0.07555384,nm,nm
line,overlay,sdt5-homo-2,sdt5-homo-2,rmsf,cjrbg3ln,cjrbg3ln::RMSF,sdt5-homo-2 / RMSF,RMSF,Residue,254,0.07449443,nm,nm
line,overlay,sdt5-homo-2,sdt5-homo-2,rmsf,cjrbg3ln,cjrbg3ln::RMSF,sdt5-homo-2 / RMSF,RMSF,Residue,255,0.08370896,nm,nm
line,overlay,sdt5-homo-2,sdt5-homo-2,rmsf,cjrbg3ln,cjrbg3ln::RMSF,sdt5-homo-2 / RMSF,RMSF,Residue,256,0.07842101,nm,nm
line,overlay,sdt5-homo-2,sdt5-homo-2,rmsf,cjrbg3ln,cjrbg3ln::RMSF,sdt5-homo-2 / RMSF,RMSF,Residue,257,0.06479078,nm,nm
line,overlay,sdt5-homo-2,sdt5-homo-2,rmsf,cjrbg3ln,cjrbg3ln::RMSF,sdt5-homo-2 / RMSF,RMSF,Residue,258,0.0733743,nm,nm
line,overlay,sdt5-homo-2,sdt5-homo-2,rmsf,cjrbg3ln,cjrbg3ln::RMSF,sdt5-homo-2 / RMSF,RMSF,Residue,259,0.09402014,nm,nm
line,overlay,sdt5-homo-2,sdt5-homo-2,rmsf,cjrbg3ln,cjrbg3ln::RMSF,sdt5-homo-2 / RMSF,RMSF,Residue,260,0.08154548,nm,nm
line,overlay,sdt5-homo-2,sdt5-homo-2,rmsf,cjrbg3ln,cjrbg3ln::RMSF,sdt5-homo-2 / RMSF,RMSF,Residue,261,0.066743806,nm,nm
line,overlay,sdt5-homo-2,sdt5-homo-2,rmsf,cjrbg3ln,cjrbg3ln::RMSF,sdt5-homo-2 / RMSF,RMSF,Residue,262,0.07314802,nm,nm
line,overlay,sdt5-homo-2,sdt5-homo-2,rmsf,cjrbg3ln,cjrbg3ln::RMSF,sdt5-homo-2 / RMSF,RMSF,Residue,263,0.074328214,nm,nm
line,overlay,sdt5-homo-2,sdt5-homo-2,rmsf,cjrbg3ln,cjrbg3ln::RMSF,sdt5-homo-2 / RMSF,RMSF,Residue,264,0.08576685,nm,nm
line,overlay,sdt5-homo-2,sdt5-homo-2,rmsf,cjrbg3ln,cjrbg3ln::RMSF,sdt5-homo-2 / RMSF,RMSF,Residue,265,0.083856605,nm,nm
line,overlay,sdt5-homo-2,sdt5-homo-2,rmsf,cjrbg3ln,cjrbg3ln::RMSF,sdt5-homo-2 / RMSF,RMSF,Residue,266,0.092714846,nm,nm
line,overlay,sdt5-homo-2,sdt5-homo-2,rmsf,cjrbg3ln,cjrbg3ln::RMSF,sdt5-homo-2 / RMSF,RMSF,Residue,267,0.0842633,nm,nm
line,overlay,sdt5-homo-2,sdt5-homo-2,rmsf,cjrbg3ln,cjrbg3ln::RMSF,sdt5-homo-2 / RMSF,RMSF,Residue,268,0.06879449,nm,nm
line,overlay,sdt5-homo-2,sdt5-homo-2,rmsf,cjrbg3ln,cjrbg3ln::RMSF,sdt5-homo-2 / RMSF,RMSF,Residue,269,0.07255829,nm,nm
line,overlay,sdt5-homo-2,sdt5-homo-2,rmsf,cjrbg3ln,cjrbg3ln::RMSF,sdt5-homo-2 / RMSF,RMSF,Residue,270,0.07702899,nm,nm
line,overlay,sdt5-homo-2,sdt5-homo-2,rmsf,cjrbg3ln,cjrbg3ln::RMSF,sdt5-homo-2 / RMSF,RMSF,Residue,271,0.067464516,nm,nm
line,overlay,sdt5-homo-2,sdt5-homo-2,rmsf,cjrbg3ln,cjrbg3ln::RMSF,sdt5-homo-2 / RMSF,RMSF,Residue,272,0.0625478,nm,nm
line,overlay,sdt5-homo-2,sdt5-homo-2,rmsf,cjrbg3ln,cjrbg3ln::RMSF,sdt5-homo-2 / RMSF,RMSF,Residue,273,0.072921254,nm,nm
line,overlay,sdt5-homo-2,sdt5-homo-2,rmsf,cjrbg3ln,cjrbg3ln::RMSF,sdt5-homo-2 / RMSF,RMSF,Residue,274,0.07838078,nm,nm
line,overlay,sdt5-homo-2,sdt5-homo-2,rmsf,cjrbg3ln,cjrbg3ln::RMSF,sdt5-homo-2 / RMSF,RMSF,Residue,275,0.06818037,nm,nm
line,overlay,sdt5-homo-2,sdt5-homo-2,rmsf,cjrbg3ln,cjrbg3ln::RMSF,sdt5-homo-2 / RMSF,RMSF,Residue,276,0.07489819,nm,nm
line,overlay,sdt5-homo-2,sdt5-homo-2,rmsf,cjrbg3ln,cjrbg3ln::RMSF,sdt5-homo-2 / RMSF,RMSF,Residue,277,0.0709442,nm,nm
line,overlay,sdt5-homo-2,sdt5-homo-2,rmsf,cjrbg3ln,cjrbg3ln::RMSF,sdt5-homo-2 / RMSF,RMSF,Residue,278,0.06288785,nm,nm
line,overlay,sdt5-homo-2,sdt5-homo-2,rmsf,cjrbg3ln,cjrbg3ln::RMSF,sdt5-homo-2 / RMSF,RMSF,Residue,279,0.05674741,nm,nm
line,overlay,sdt5-homo-2,sdt5-homo-2,rmsf,cjrbg3ln,cjrbg3ln::RMSF,sdt5-homo-2 / RMSF,RMSF,Residue,280,0.04373763,nm,nm
line,overlay,sdt5-homo-2,sdt5-homo-2,rmsf,cjrbg3ln,cjrbg3ln::RMSF,sdt5-homo-2 / RMSF,RMSF,Residue,281,0.036109056,nm,nm
line,overlay,sdt5-homo-2,sdt5-homo-2,rmsf,cjrbg3ln,cjrbg3ln::RMSF,sdt5-homo-2 / RMSF,RMSF,Residue,282,0.03311176,nm,nm
line,overlay,sdt5-homo-2,sdt5-homo-2,rmsf,cjrbg3ln,cjrbg3ln::RMSF,sdt5-homo-2 / RMSF,RMSF,Residue,283,0.031969372,nm,nm
line,overlay,sdt5-homo-2,sdt5-homo-2,rmsf,cjrbg3ln,cjrbg3ln::RMSF,sdt5-homo-2 / RMSF,RMSF,Residue,284,0.036869835,nm,nm
line,overlay,sdt5-homo-2,sdt5-homo-2,rmsf,cjrbg3ln,cjrbg3ln::RMSF,sdt5-homo-2 / RMSF,RMSF,Residue,285,0.04334307,nm,nm
line,overlay,sdt5-homo-2,sdt5-homo-2,rmsf,cjrbg3ln,cjrbg3ln::RMSF,sdt5-homo-2 / RMSF,RMSF,Residue,286,0.050403565,nm,nm
line,overlay,sdt5-homo-2,sdt5-homo-2,rmsf,cjrbg3ln,cjrbg3ln::RMSF,sdt5-homo-2 / RMSF,RMSF,Residue,287,0.07786015,nm,nm
line,overlay,sdt5-homo-2,sdt5-homo-2,rmsf,cjrbg3ln,cjrbg3ln::RMSF,sdt5-homo-2 / RMSF,RMSF,Residue,288,0.09259621,nm,nm
line,overlay,sdt5-homo-2,sdt5-homo-2,rmsf,cjrbg3ln,cjrbg3ln::RMSF,sdt5-homo-2 / RMSF,RMSF,Residue,289,0.062211078,nm,nm
line,overlay,sdt5-homo-2,sdt5-homo-2,rmsf,cjrbg3ln,cjrbg3ln::RMSF,sdt5-homo-2 / RMSF,RMSF,Residue,290,0.07560328,nm,nm
line,overlay,sdt5-homo-2,sdt5-homo-2,rmsf,cjrbg3ln,cjrbg3ln::RMSF,sdt5-homo-2 / RMSF,RMSF,Residue,291,0.06776054,nm,nm
line,overlay,sdt5-homo-2,sdt5-homo-2,rmsf,cjrbg3ln,cjrbg3ln::RMSF,sdt5-homo-2 / RMSF,RMSF,Residue,292,0.061241373,nm,nm
line,overlay,sdt5-homo-2,sdt5-homo-2,rmsf,cjrbg3ln,cjrbg3ln::RMSF,sdt5-homo-2 / RMSF,RMSF,Residue,293,0.06816547,nm,nm
line,overlay,sdt5-homo-2,sdt5-homo-2,rmsf,cjrbg3ln,cjrbg3ln::RMSF,sdt5-homo-2 / RMSF,RMSF,Residue,294,0.06715639,nm,nm
line,overlay,sdt5-homo-2,sdt5-homo-2,rmsf,cjrbg3ln,cjrbg3ln::RMSF,sdt5-homo-2 / RMSF,RMSF,Residue,295,0.055646226,nm,nm
line,overlay,sdt5-homo-2,sdt5-homo-2,rmsf,cjrbg3ln,cjrbg3ln::RMSF,sdt5-homo-2 / RMSF,RMSF,Residue,296,0.057970803,nm,nm
line,overlay,sdt5-homo-2,sdt5-homo-2,rmsf,cjrbg3ln,cjrbg3ln::RMSF,sdt5-homo-2 / RMSF,RMSF,Residue,297,0.06212276,nm,nm
line,overlay,sdt5-homo-2,sdt5-homo-2,rmsf,cjrbg3ln,cjrbg3ln::RMSF,sdt5-homo-2 / RMSF,RMSF,Residue,298,0.055800866,nm,nm
line,overlay,sdt5-homo-2,sdt5-homo-2,rmsf,cjrbg3ln,cjrbg3ln::RMSF,sdt5-homo-2 / RMSF,RMSF,Residue,299,0.04863883,nm,nm
line,overlay,sdt5-homo-2,sdt5-homo-2,rmsf,cjrbg3ln,cjrbg3ln::RMSF,sdt5-homo-2 / RMSF,RMSF,Residue,300,0.055145215,nm,nm
line,overlay,sdt5-homo-2,sdt5-homo-2,rmsf,cjrbg3ln,cjrbg3ln::RMSF,sdt5-homo-2 / RMSF,RMSF,Residue,301,0.058687117,nm,nm
line,overlay,sdt5-homo-2,sdt5-homo-2,rmsf,cjrbg3ln,cjrbg3ln::RMSF,sdt5-homo-2 / RMSF,RMSF,Residue,302,0.053265613,nm,nm
line,overlay,sdt5-homo-2,sdt5-homo-2,rmsf,cjrbg3ln,cjrbg3ln::RMSF,sdt5-homo-2 / RMSF,RMSF,Residue,303,0.052699506,nm,nm
line,overlay,sdt5-homo-2,sdt5-homo-2,rmsf,cjrbg3ln,cjrbg3ln::RMSF,sdt5-homo-2 / RMSF,RMSF,Residue,304,0.060639363,nm,nm
line,overlay,sdt5-homo-2,sdt5-homo-2,rmsf,cjrbg3ln,cjrbg3ln::RMSF,sdt5-homo-2 / RMSF,RMSF,Residue,305,0.062619306,nm,nm
line,overlay,sdt5-homo-2,sdt5-homo-2,rmsf,cjrbg3ln,cjrbg3ln::RMSF,sdt5-homo-2 / RMSF,RMSF,Residue,306,0.059575614,nm,nm
line,overlay,sdt5-homo-2,sdt5-homo-2,rmsf,cjrbg3ln,cjrbg3ln::RMSF,sdt5-homo-2 / RMSF,RMSF,Residue,307,0.061975118,nm,nm
line,overlay,sdt5-homo-2,sdt5-homo-2,rmsf,cjrbg3ln,cjrbg3ln::RMSF,sdt5-homo-2 / RMSF,RMSF,Residue,308,0.051524393,nm,nm
line,overlay,sdt5-homo-2,sdt5-homo-2,rmsf,cjrbg3ln,cjrbg3ln::RMSF,sdt5-homo-2 / RMSF,RMSF,Residue,309,0.047528286,nm,nm
line,overlay,sdt5-homo-2,sdt5-homo-2,rmsf,cjrbg3ln,cjrbg3ln::RMSF,sdt5-homo-2 / RMSF,RMSF,Residue,310,0.041414674,nm,nm
line,overlay,sdt5-homo-2,sdt5-homo-2,rmsf,cjrbg3ln,cjrbg3ln::RMSF,sdt5-homo-2 / RMSF,RMSF,Residue,311,0.03905033,nm,nm
line,overlay,sdt5-homo-2,sdt5-homo-2,rmsf,cjrbg3ln,cjrbg3ln::RMSF,sdt5-homo-2 / RMSF,RMSF,Residue,312,0.040307134,nm,nm
line,overlay,sdt5-homo-2,sdt5-homo-2,rmsf,cjrbg3ln,cjrbg3ln::RMSF,sdt5-homo-2 / RMSF,RMSF,Residue,313,0.045543686,nm,nm
line,overlay,sdt5-homo-2,sdt5-homo-2,rmsf,cjrbg3ln,cjrbg3ln::RMSF,sdt5-homo-2 / RMSF,RMSF,Residue,314,0.058262426,nm,nm
line,overlay,sdt5-homo-2,sdt5-homo-2,rmsf,cjrbg3ln,cjrbg3ln::RMSF,sdt5-homo-2 / RMSF,RMSF,Residue,315,0.071712844,nm,nm
line,overlay,sdt5-homo-2,sdt5-homo-2,rmsf,cjrbg3ln,cjrbg3ln::RMSF,sdt5-homo-2 / RMSF,RMSF,Residue,316,0.11679712,nm,nm
line,overlay,sdt5-homo-2,sdt5-homo-2,rmsf,cjrbg3ln,cjrbg3ln::RMSF,sdt5-homo-2 / RMSF,RMSF,Residue,317,0.12969072,nm,nm
line,overlay,sdt5-homo-2,sdt5-homo-2,rmsf,cjrbg3ln,cjrbg3ln::RMSF,sdt5-homo-2 / RMSF,RMSF,Residue,318,0.18644492,nm,nm
line,overlay,sdt5-homo-2,sdt5-homo-2,rmsf,cjrbg3ln,cjrbg3ln::RMSF,sdt5-homo-2 / RMSF,RMSF,Residue,319,0.2761043,nm,nm
line,overlay,sdt5-homo-2,sdt5-homo-2,rmsf,cjrbg3ln,cjrbg3ln::RMSF,sdt5-homo-2 / RMSF,RMSF,Residue,320,0.23891973,nm,nm
line,overlay,sdt5-homo-2,sdt5-homo-2,rmsf,cjrbg3ln,cjrbg3ln::RMSF,sdt5-homo-2 / RMSF,RMSF,Residue,321,0.21517442,nm,nm
line,overlay,sdt5-homo-2,sdt5-homo-2,rmsf,cjrbg3ln,cjrbg3ln::RMSF,sdt5-homo-2 / RMSF,RMSF,Residue,322,0.16576616,nm,nm
line,overlay,sdt5-homo-2,sdt5-homo-2,rmsf,cjrbg3ln,cjrbg3ln::RMSF,sdt5-homo-2 / RMSF,RMSF,Residue,323,0.13402218,nm,nm
line,overlay,sdt5-homo-2,sdt5-homo-2,rmsf,cjrbg3ln,cjrbg3ln::RMSF,sdt5-homo-2 / RMSF,RMSF,Residue,324,0.099491544,nm,nm
line,overlay,sdt5-homo-2,sdt5-homo-2,rmsf,cjrbg3ln,cjrbg3ln::RMSF,sdt5-homo-2 / RMSF,RMSF,Residue,325,0.10207623,nm,nm
line,overlay,sdt5-homo-2,sdt5-homo-2,rmsf,cjrbg3ln,cjrbg3ln::RMSF,sdt5-homo-2 / RMSF,RMSF,Residue,326,0.11001137,nm,nm
line,overlay,sdt5-homo-2,sdt5-homo-2,rmsf,cjrbg3ln,cjrbg3ln::RMSF,sdt5-homo-2 / RMSF,RMSF,Residue,327,0.100551024,nm,nm
line,overlay,sdt5-homo-2,sdt5-homo-2,rmsf,cjrbg3ln,cjrbg3ln::RMSF,sdt5-homo-2 / RMSF,RMSF,Residue,328,0.07758481,nm,nm
line,overlay,sdt5-homo-2,sdt5-homo-2,rmsf,cjrbg3ln,cjrbg3ln::RMSF,sdt5-homo-2 / RMSF,RMSF,Residue,329,0.075387105,nm,nm
line,overlay,sdt5-homo-2,sdt5-homo-2,rmsf,cjrbg3ln,cjrbg3ln::RMSF,sdt5-homo-2 / RMSF,RMSF,Residue,330,0.09134746,nm,nm
line,overlay,sdt5-homo-2,sdt5-homo-2,rmsf,cjrbg3ln,cjrbg3ln::RMSF,sdt5-homo-2 / RMSF,RMSF,Residue,331,0.09093326,nm,nm
line,overlay,sdt5-homo-2,sdt5-homo-2,rmsf,cjrbg3ln,cjrbg3ln::RMSF,sdt5-homo-2 / RMSF,RMSF,Residue,332,0.0776903,nm,nm
line,overlay,sdt5-homo-2,sdt5-homo-2,rmsf,cjrbg3ln,cjrbg3ln::RMSF,sdt5-homo-2 / RMSF,RMSF,Residue,333,0.08894709,nm,nm
line,overlay,sdt5-homo-2,sdt5-homo-2,rmsf,cjrbg3ln,cjrbg3ln::RMSF,sdt5-homo-2 / RMSF,RMSF,Residue,334,0.09196311,nm,nm
line,overlay,sdt5-homo-2,sdt5-homo-2,rmsf,cjrbg3ln,cjrbg3ln::RMSF,sdt5-homo-2 / RMSF,RMSF,Residue,335,0.066822015,nm,nm
line,overlay,sdt5-homo-2,sdt5-homo-2,rmsf,cjrbg3ln,cjrbg3ln::RMSF,sdt5-homo-2 / RMSF,RMSF,Residue,336,0.05674843,nm,nm
line,overlay,sdt5-homo-2,sdt5-homo-2,rmsf,cjrbg3ln,cjrbg3ln::RMSF,sdt5-homo-2 / RMSF,RMSF,Residue,337,0.057775263,nm,nm
line,overlay,sdt5-homo-2,sdt5-homo-2,rmsf,cjrbg3ln,cjrbg3ln::RMSF,sdt5-homo-2 / RMSF,RMSF,Residue,338,0.055948447,nm,nm
line,overlay,sdt5-homo-2,sdt5-homo-2,rmsf,cjrbg3ln,cjrbg3ln::RMSF,sdt5-homo-2 / RMSF,RMSF,Residue,339,0.055048708,nm,nm
line,overlay,sdt5-homo-2,sdt5-homo-2,rmsf,cjrbg3ln,cjrbg3ln::RMSF,sdt5-homo-2 / RMSF,RMSF,Residue,340,0.060166247,nm,nm
line,overlay,sdt5-homo-2,sdt5-homo-2,rmsf,cjrbg3ln,cjrbg3ln::RMSF,sdt5-homo-2 / RMSF,RMSF,Residue,341,0.06609624,nm,nm
line,overlay,sdt5-homo-2,sdt5-homo-2,rmsf,cjrbg3ln,cjrbg3ln::RMSF,sdt5-homo-2 / RMSF,RMSF,Residue,342,0.057959273,nm,nm
line,overlay,sdt5-homo-2,sdt5-homo-2,rmsf,cjrbg3ln,cjrbg3ln::RMSF,sdt5-homo-2 / RMSF,RMSF,Residue,343,0.054834254,nm,nm
line,overlay,sdt5-homo-2,sdt5-homo-2,rmsf,cjrbg3ln,cjrbg3ln::RMSF,sdt5-homo-2 / RMSF,RMSF,Residue,344,0.04817176,nm,nm
line,overlay,sdt5-homo-2,sdt5-homo-2,rmsf,cjrbg3ln,cjrbg3ln::RMSF,sdt5-homo-2 / RMSF,RMSF,Residue,345,0.03883127,nm,nm
line,overlay,sdt5-homo-2,sdt5-homo-2,rmsf,cjrbg3ln,cjrbg3ln::RMSF,sdt5-homo-2 / RMSF,RMSF,Residue,346,0.045484014,nm,nm
line,overlay,sdt5-homo-2,sdt5-homo-2,rmsf,cjrbg3ln,cjrbg3ln::RMSF,sdt5-homo-2 / RMSF,RMSF,Residue,347,0.053587776,nm,nm
line,overlay,sdt5-homo-2,sdt5-homo-2,rmsf,cjrbg3ln,cjrbg3ln::RMSF,sdt5-homo-2 / RMSF,RMSF,Residue,348,0.045059882,nm,nm
line,overlay,sdt5-homo-2,sdt5-homo-2,rmsf,cjrbg3ln,cjrbg3ln::RMSF,sdt5-homo-2 / RMSF,RMSF,Residue,349,0.045430023,nm,nm
line,overlay,sdt5-homo-2,sdt5-homo-2,rmsf,cjrbg3ln,cjrbg3ln::RMSF,sdt5-homo-2 / RMSF,RMSF,Residue,350,0.06180797,nm,nm
line,overlay,sdt5-homo-2,sdt5-homo-2,rmsf,cjrbg3ln,cjrbg3ln::RMSF,sdt5-homo-2 / RMSF,RMSF,Residue,351,0.06068401,nm,nm
line,overlay,sdt5-homo-2,sdt5-homo-2,rmsf,cjrbg3ln,cjrbg3ln::RMSF,sdt5-homo-2 / RMSF,RMSF,Residue,352,0.06816552,nm,nm
line,overlay,sdt5-homo-2,sdt5-homo-2,rmsf,cjrbg3ln,cjrbg3ln::RMSF,sdt5-homo-2 / RMSF,RMSF,Residue,353,0.054481894,nm,nm
line,overlay,sdt5-homo-2,sdt5-homo-2,rmsf,cjrbg3ln,cjrbg3ln::RMSF,sdt5-homo-2 / RMSF,RMSF,Residue,354,0.04565327,nm,nm
line,overlay,sdt5-homo-2,sdt5-homo-2,rmsf,cjrbg3ln,cjrbg3ln::RMSF,sdt5-homo-2 / RMSF,RMSF,Residue,355,0.04908673,nm,nm
line,overlay,sdt5-homo-2,sdt5-homo-2,rmsf,cjrbg3ln,cjrbg3ln::RMSF,sdt5-homo-2 / RMSF,RMSF,Residue,356,0.041361965,nm,nm
line,overlay,sdt5-homo-2,sdt5-homo-2,rmsf,cjrbg3ln,cjrbg3ln::RMSF,sdt5-homo-2 / RMSF,RMSF,Residue,357,0.033993732,nm,nm
line,overlay,sdt5-homo-2,sdt5-homo-2,rmsf,cjrbg3ln,cjrbg3ln::RMSF,sdt5-homo-2 / RMSF,RMSF,Residue,358,0.032289695,nm,nm
line,overlay,sdt5-homo-2,sdt5-homo-2,rmsf,cjrbg3ln,cjrbg3ln::RMSF,sdt5-homo-2 / RMSF,RMSF,Residue,359,0.03482554,nm,nm
line,overlay,sdt5-homo-2,sdt5-homo-2,rmsf,cjrbg3ln,cjrbg3ln::RMSF,sdt5-homo-2 / RMSF,RMSF,Residue,360,0.034278333,nm,nm
line,overlay,sdt5-homo-2,sdt5-homo-2,rmsf,cjrbg3ln,cjrbg3ln::RMSF,sdt5-homo-2 / RMSF,RMSF,Residue,361,0.03688637,nm,nm
line,overlay,sdt5-homo-2,sdt5-homo-2,rmsf,cjrbg3ln,cjrbg3ln::RMSF,sdt5-homo-2 / RMSF,RMSF,Residue,362,0.037106287,nm,nm
line,overlay,sdt5-homo-2,sdt5-homo-2,rmsf,cjrbg3ln,cjrbg3ln::RMSF,sdt5-homo-2 / RMSF,RMSF,Residue,363,0.032154504,nm,nm
line,overlay,sdt5-homo-2,sdt5-homo-2,rmsf,cjrbg3ln,cjrbg3ln::RMSF,sdt5-homo-2 / RMSF,RMSF,Residue,364,0.03342716,nm,nm
line,overlay,sdt5-homo-2,sdt5-homo-2,rmsf,cjrbg3ln,cjrbg3ln::RMSF,sdt5-homo-2 / RMSF,RMSF,Residue,365,0.033477742,nm,nm
line,overlay,sdt5-homo-2,sdt5-homo-2,rmsf,cjrbg3ln,cjrbg3ln::RMSF,sdt5-homo-2 / RMSF,RMSF,Residue,366,0.035273563,nm,nm
line,overlay,sdt5-homo-2,sdt5-homo-2,rmsf,cjrbg3ln,cjrbg3ln::RMSF,sdt5-homo-2 / RMSF,RMSF,Residue,367,0.033496637,nm,nm
line,overlay,sdt5-homo-2,sdt5-homo-2,rmsf,cjrbg3ln,cjrbg3ln::RMSF,sdt5-homo-2 / RMSF,RMSF,Residue,368,0.035195008,nm,nm
line,overlay,sdt5-homo-2,sdt5-homo-2,rmsf,cjrbg3ln,cjrbg3ln::RMSF,sdt5-homo-2 / RMSF,RMSF,Residue,369,0.039025426,nm,nm
line,overlay,sdt5-homo-2,sdt5-homo-2,rmsf,cjrbg3ln,cjrbg3ln::RMSF,sdt5-homo-2 / RMSF,RMSF,Residue,370,0.040126424,nm,nm
line,overlay,sdt5-homo-2,sdt5-homo-2,rmsf,cjrbg3ln,cjrbg3ln::RMSF,sdt5-homo-2 / RMSF,RMSF,Residue,371,0.045186333,nm,nm
line,overlay,sdt5-homo-2,sdt5-homo-2,rmsf,cjrbg3ln,cjrbg3ln::RMSF,sdt5-homo-2 / RMSF,RMSF,Residue,372,0.04674289,nm,nm
line,overlay,sdt5-homo-2,sdt5-homo-2,rmsf,cjrbg3ln,cjrbg3ln::RMSF,sdt5-homo-2 / RMSF,RMSF,Residue,373,0.04583631,nm,nm
line,overlay,sdt5-homo-2,sdt5-homo-2,rmsf,cjrbg3ln,cjrbg3ln::RMSF,sdt5-homo-2 / RMSF,RMSF,Residue,374,0.04191527,nm,nm
line,overlay,sdt5-homo-2,sdt5-homo-2,rmsf,cjrbg3ln,cjrbg3ln::RMSF,sdt5-homo-2 / RMSF,RMSF,Residue,375,0.04061672,nm,nm
line,overlay,sdt5-homo-2,sdt5-homo-2,rmsf,cjrbg3ln,cjrbg3ln::RMSF,sdt5-homo-2 / RMSF,RMSF,Residue,376,0.040417187,nm,nm
line,overlay,sdt5-homo-2,sdt5-homo-2,rmsf,cjrbg3ln,cjrbg3ln::RMSF,sdt5-homo-2 / RMSF,RMSF,Residue,377,0.035454266,nm,nm
line,overlay,sdt5-homo-2,sdt5-homo-2,rmsf,cjrbg3ln,cjrbg3ln::RMSF,sdt5-homo-2 / RMSF,RMSF,Residue,378,0.03536039,nm,nm
line,overlay,sdt5-homo-2,sdt5-homo-2,rmsf,cjrbg3ln,cjrbg3ln::RMSF,sdt5-homo-2 / RMSF,RMSF,Residue,379,0.036058474,nm,nm
line,overlay,sdt5-homo-2,sdt5-homo-2,rmsf,cjrbg3ln,cjrbg3ln::RMSF,sdt5-homo-2 / RMSF,RMSF,Residue,380,0.038460866,nm,nm
line,overlay,sdt5-homo-2,sdt5-homo-2,rmsf,cjrbg3ln,cjrbg3ln::RMSF,sdt5-homo-2 / RMSF,RMSF,Residue,381,0.045850653,nm,nm
line,overlay,sdt5-homo-2,sdt5-homo-2,rmsf,cjrbg3ln,cjrbg3ln::RMSF,sdt5-homo-2 / RMSF,RMSF,Residue,382,0.053315893,nm,nm
line,overlay,sdt5-homo-2,sdt5-homo-2,rmsf,cjrbg3ln,cjrbg3ln::RMSF,sdt5-homo-2 / RMSF,RMSF,Residue,383,0.068319745,nm,nm
line,overlay,sdt5-homo-2,sdt5-homo-2,rmsf,cjrbg3ln,cjrbg3ln::RMSF,sdt5-homo-2 / RMSF,RMSF,Residue,384,0.050410382,nm,nm
line,overlay,sdt5-homo-2,sdt5-homo-2,rmsf,cjrbg3ln,cjrbg3ln::RMSF,sdt5-homo-2 / RMSF,RMSF,Residue,385,0.041674577,nm,nm
line,overlay,sdt5-homo-2,sdt5-homo-2,rmsf,cjrbg3ln,cjrbg3ln::RMSF,sdt5-homo-2 / RMSF,RMSF,Residue,386,0.040485542,nm,nm
line,overlay,sdt5-homo-2,sdt5-homo-2,rmsf,cjrbg3ln,cjrbg3ln::RMSF,sdt5-homo-2 / RMSF,RMSF,Residue,387,0.044333175,nm,nm
line,overlay,sdt5-homo-2,sdt5-homo-2,rmsf,cjrbg3ln,cjrbg3ln::RMSF,sdt5-homo-2 / RMSF,RMSF,Residue,388,0.041765165,nm,nm
line,overlay,sdt5-homo-2,sdt5-homo-2,rmsf,cjrbg3ln,cjrbg3ln::RMSF,sdt5-homo-2 / RMSF,RMSF,Residue,389,0.039825045,nm,nm
line,overlay,sdt5-homo-2,sdt5-homo-2,rmsf,cjrbg3ln,cjrbg3ln::RMSF,sdt5-homo-2 / RMSF,RMSF,Residue,390,0.04436772,nm,nm
line,overlay,sdt5-homo-2,sdt5-homo-2,rmsf,cjrbg3ln,cjrbg3ln::RMSF,sdt5-homo-2 / RMSF,RMSF,Residue,391,0.043429844,nm,nm
line,overlay,sdt5-homo-2,sdt5-homo-2,rmsf,cjrbg3ln,cjrbg3ln::RMSF,sdt5-homo-2 / RMSF,RMSF,Residue,392,0.040630538,nm,nm
line,overlay,sdt5-homo-2,sdt5-homo-2,rmsf,cjrbg3ln,cjrbg3ln::RMSF,sdt5-homo-2 / RMSF,RMSF,Residue,393,0.046642374,nm,nm
line,overlay,sdt5-homo-2,sdt5-homo-2,rmsf,cjrbg3ln,cjrbg3ln::RMSF,sdt5-homo-2 / RMSF,RMSF,Residue,394,0.057245515,nm,nm
line,overlay,sdt5-homo-2,sdt5-homo-2,rmsf,cjrbg3ln,cjrbg3ln::RMSF,sdt5-homo-2 / RMSF,RMSF,Residue,395,0.0542063,nm,nm
line,overlay,sdt5-homo-2,sdt5-homo-2,rmsf,cjrbg3ln,cjrbg3ln::RMSF,sdt5-homo-2 / RMSF,RMSF,Residue,396,0.05042813,nm,nm
line,overlay,sdt5-homo-2,sdt5-homo-2,rmsf,cjrbg3ln,cjrbg3ln::RMSF,sdt5-homo-2 / RMSF,RMSF,Residue,397,0.049670875,nm,nm
line,overlay,sdt5-homo-2,sdt5-homo-2,rmsf,cjrbg3ln,cjrbg3ln::RMSF,sdt5-homo-2 / RMSF,RMSF,Residue,398,0.046268657,nm,nm
line,overlay,sdt5-homo-2,sdt5-homo-2,rmsf,cjrbg3ln,cjrbg3ln::RMSF,sdt5-homo-2 / RMSF,RMSF,Residue,399,0.053433813,nm,nm
line,overlay,sdt5-homo-2,sdt5-homo-2,rmsf,cjrbg3ln,cjrbg3ln::RMSF,sdt5-homo-2 / RMSF,RMSF,Residue,400,0.049728118,nm,nm
line,overlay,sdt5-homo-2,sdt5-homo-2,rmsf,cjrbg3ln,cjrbg3ln::RMSF,sdt5-homo-2 / RMSF,RMSF,Residue,401,0.04750131,nm,nm
line,overlay,sdt5-homo-2,sdt5-homo-2,rmsf,cjrbg3ln,cjrbg3ln::RMSF,sdt5-homo-2 / RMSF,RMSF,Residue,402,0.052389916,nm,nm
line,overlay,sdt5-homo-2,sdt5-homo-2,rmsf,cjrbg3ln,cjrbg3ln::RMSF,sdt5-homo-2 / RMSF,RMSF,Residue,403,0.06462374,nm,nm
line,overlay,sdt5-homo-2,sdt5-homo-2,rmsf,cjrbg3ln,cjrbg3ln::RMSF,sdt5-homo-2 / RMSF,RMSF,Residue,404,0.05637703,nm,nm
line,overlay,sdt5-homo-2,sdt5-homo-2,rmsf,cjrbg3ln,cjrbg3ln::RMSF,sdt5-homo-2 / RMSF,RMSF,Residue,405,0.0644791,nm,nm
line,overlay,sdt5-homo-2,sdt5-homo-2,rmsf,cjrbg3ln,cjrbg3ln::RMSF,sdt5-homo-2 / RMSF,RMSF,Residue,406,0.062470973,nm,nm
line,overlay,sdt5-homo-2,sdt5-homo-2,rmsf,cjrbg3ln,cjrbg3ln::RMSF,sdt5-homo-2 / RMSF,RMSF,Residue,407,0.05771843,nm,nm
line,overlay,sdt5-homo-2,sdt5-homo-2,rmsf,cjrbg3ln,cjrbg3ln::RMSF,sdt5-homo-2 / RMSF,RMSF,Residue,408,0.067461684,nm,nm
line,overlay,sdt5-homo-2,sdt5-homo-2,rmsf,cjrbg3ln,cjrbg3ln::RMSF,sdt5-homo-2 / RMSF,RMSF,Residue,409,0.07913878,nm,nm
line,overlay,sdt5-homo-2,sdt5-homo-2,rmsf,cjrbg3ln,cjrbg3ln::RMSF,sdt5-homo-2 / RMSF,RMSF,Residue,410,0.094314374,nm,nm
line,overlay,sdt5-homo-2,sdt5-homo-2,rmsf,cjrbg3ln,cjrbg3ln::RMSF,sdt5-homo-2 / RMSF,RMSF,Residue,411,0.067749575,nm,nm
line,overlay,sdt5-homo-2,sdt5-homo-2,rmsf,cjrbg3ln,cjrbg3ln::RMSF,sdt5-homo-2 / RMSF,RMSF,Residue,412,0.07277486,nm,nm
line,overlay,sdt5-homo-2,sdt5-homo-2,rmsf,cjrbg3ln,cjrbg3ln::RMSF,sdt5-homo-2 / RMSF,RMSF,Residue,413,0.06768256,nm,nm
line,overlay,sdt5-homo-2,sdt5-homo-2,rmsf,cjrbg3ln,cjrbg3ln::RMSF,sdt5-homo-2 / RMSF,RMSF,Residue,414,0.08734219,nm,nm
line,overlay,sdt5-homo-2,sdt5-homo-2,rmsf,cjrbg3ln,cjrbg3ln::RMSF,sdt5-homo-2 / RMSF,RMSF,Residue,415,0.06704322,nm,nm
line,overlay,sdt5-homo-2,sdt5-homo-2,rmsf,cjrbg3ln,cjrbg3ln::RMSF,sdt5-homo-2 / RMSF,RMSF,Residue,416,0.06851133,nm,nm
line,overlay,sdt5-homo-2,sdt5-homo-2,rmsf,cjrbg3ln,cjrbg3ln::RMSF,sdt5-homo-2 / RMSF,RMSF,Residue,417,0.060738973,nm,nm
line,overlay,sdt5-homo-2,sdt5-homo-2,rmsf,cjrbg3ln,cjrbg3ln::RMSF,sdt5-homo-2 / RMSF,RMSF,Residue,418,0.06482399,nm,nm
line,overlay,sdt5-homo-2,sdt5-homo-2,rmsf,cjrbg3ln,cjrbg3ln::RMSF,sdt5-homo-2 / RMSF,RMSF,Residue,419,0.06276517,nm,nm
line,overlay,sdt5-homo-2,sdt5-homo-2,rmsf,cjrbg3ln,cjrbg3ln::RMSF,sdt5-homo-2 / RMSF,RMSF,Residue,420,0.05580082,nm,nm
line,overlay,sdt5-homo-2,sdt5-homo-2,rmsf,cjrbg3ln,cjrbg3ln::RMSF,sdt5-homo-2 / RMSF,RMSF,Residue,421,0.055912096,nm,nm
line,overlay,sdt5-homo-2,sdt5-homo-2,rmsf,cjrbg3ln,cjrbg3ln::RMSF,sdt5-homo-2 / RMSF,RMSF,Residue,422,0.056193747,nm,nm
line,overlay,sdt5-homo-2,sdt5-homo-2,rmsf,cjrbg3ln,cjrbg3ln::RMSF,sdt5-homo-2 / RMSF,RMSF,Residue,423,0.05294971,nm,nm
line,overlay,sdt5-homo-2,sdt5-homo-2,rmsf,cjrbg3ln,cjrbg3ln::RMSF,sdt5-homo-2 / RMSF,RMSF,Residue,424,0.048218176,nm,nm
line,overlay,sdt5-homo-2,sdt5-homo-2,rmsf,cjrbg3ln,cjrbg3ln::RMSF,sdt5-homo-2 / RMSF,RMSF,Residue,425,0.052465044,nm,nm
line,overlay,sdt5-homo-2,sdt5-homo-2,rmsf,cjrbg3ln,cjrbg3ln::RMSF,sdt5-homo-2 / RMSF,RMSF,Residue,426,0.05351941,nm,nm
line,overlay,sdt5-homo-2,sdt5-homo-2,rmsf,cjrbg3ln,cjrbg3ln::RMSF,sdt5-homo-2 / RMSF,RMSF,Residue,427,0.050907064,nm,nm
line,overlay,sdt5-homo-2,sdt5-homo-2,rmsf,cjrbg3ln,cjrbg3ln::RMSF,sdt5-homo-2 / RMSF,RMSF,Residue,428,0.05374491,nm,nm
line,overlay,sdt5-homo-2,sdt5-homo-2,rmsf,cjrbg3ln,cjrbg3ln::RMSF,sdt5-homo-2 / RMSF,RMSF,Residue,429,0.07445751,nm,nm
line,overlay,sdt5-homo-2,sdt5-homo-2,rmsf,cjrbg3ln,cjrbg3ln::RMSF,sdt5-homo-2 / RMSF,RMSF,Residue,430,0.071854256,nm,nm
line,overlay,sdt5-homo-2,sdt5-homo-2,rmsf,cjrbg3ln,cjrbg3ln::RMSF,sdt5-homo-2 / RMSF,RMSF,Residue,431,0.09671191,nm,nm
line,overlay,sdt5-homo-2,sdt5-homo-2,rmsf,cjrbg3ln,cjrbg3ln::RMSF,sdt5-homo-2 / RMSF,RMSF,Residue,432,0.09750798,nm,nm
line,overlay,sdt5-homo-2,sdt5-homo-2,rmsf,cjrbg3ln,cjrbg3ln::RMSF,sdt5-homo-2 / RMSF,RMSF,Residue,433,0.06880245,nm,nm
line,overlay,sdt5-homo-2,sdt5-homo-2,rmsf,cjrbg3ln,cjrbg3ln::RMSF,sdt5-homo-2 / RMSF,RMSF,Residue,434,0.07469465,nm,nm
line,overlay,sdt5-homo-2,sdt5-homo-2,rmsf,cjrbg3ln,cjrbg3ln::RMSF,sdt5-homo-2 / RMSF,RMSF,Residue,435,0.0739573,nm,nm
line,overlay,sdt5-homo-2,sdt5-homo-2,rmsf,cjrbg3ln,cjrbg3ln::RMSF,sdt5-homo-2 / RMSF,RMSF,Residue,436,0.054968994,nm,nm
line,overlay,sdt5-homo-2,sdt5-homo-2,rmsf,cjrbg3ln,cjrbg3ln::RMSF,sdt5-homo-2 / RMSF,RMSF,Residue,437,0.05370267,nm,nm
line,overlay,sdt5-homo-2,sdt5-homo-2,rmsf,cjrbg3ln,cjrbg3ln::RMSF,sdt5-homo-2 / RMSF,RMSF,Residue,438,0.061621238,nm,nm
line,overlay,sdt5-homo-2,sdt5-homo-2,rmsf,cjrbg3ln,cjrbg3ln::RMSF,sdt5-homo-2 / RMSF,RMSF,Residue,439,0.056950375,nm,nm
line,overlay,sdt5-homo-2,sdt5-homo-2,rmsf,cjrbg3ln,cjrbg3ln::RMSF,sdt5-homo-2 / RMSF,RMSF,Residue,440,0.04620977,nm,nm
line,overlay,sdt5-homo-2,sdt5-homo-2,rmsf,cjrbg3ln,cjrbg3ln::RMSF,sdt5-homo-2 / RMSF,RMSF,Residue,441,0.05300712,nm,nm
line,overlay,sdt5-homo-2,sdt5-homo-2,rmsf,cjrbg3ln,cjrbg3ln::RMSF,sdt5-homo-2 / RMSF,RMSF,Residue,442,0.057549454,nm,nm
line,overlay,sdt5-homo-2,sdt5-homo-2,rmsf,cjrbg3ln,cjrbg3ln::RMSF,sdt5-homo-2 / RMSF,RMSF,Residue,443,0.04959739,nm,nm
line,overlay,sdt5-homo-2,sdt5-homo-2,rmsf,cjrbg3ln,cjrbg3ln::RMSF,sdt5-homo-2 / RMSF,RMSF,Residue,444,0.047202222,nm,nm
line,overlay,sdt5-homo-2,sdt5-homo-2,rmsf,cjrbg3ln,cjrbg3ln::RMSF,sdt5-homo-2 / RMSF,RMSF,Residue,445,0.051712334,nm,nm
line,overlay,sdt5-homo-2,sdt5-homo-2,rmsf,cjrbg3ln,cjrbg3ln::RMSF,sdt5-homo-2 / RMSF,RMSF,Residue,446,0.048829023,nm,nm
line,overlay,sdt5-homo-2,sdt5-homo-2,rmsf,cjrbg3ln,cjrbg3ln::RMSF,sdt5-homo-2 / RMSF,RMSF,Residue,447,0.044790227,nm,nm
line,overlay,sdt5-homo-2,sdt5-homo-2,rmsf,cjrbg3ln,cjrbg3ln::RMSF,sdt5-homo-2 / RMSF,RMSF,Residue,448,0.05850283,nm,nm
line,overlay,sdt5-homo-2,sdt5-homo-2,rmsf,cjrbg3ln,cjrbg3ln::RMSF,sdt5-homo-2 / RMSF,RMSF,Residue,449,0.06339508,nm,nm
line,overlay,sdt5-homo-2,sdt5-homo-2,rmsf,cjrbg3ln,cjrbg3ln::RMSF,sdt5-homo-2 / RMSF,RMSF,Residue,450,0.051296722,nm,nm
line,overlay,sdt5-homo-2,sdt5-homo-2,rmsf,cjrbg3ln,cjrbg3ln::RMSF,sdt5-homo-2 / RMSF,RMSF,Residue,451,0.061160557,nm,nm
line,overlay,sdt5-homo-2,sdt5-homo-2,rmsf,cjrbg3ln,cjrbg3ln::RMSF,sdt5-homo-2 / RMSF,RMSF,Residue,452,0.08215141,nm,nm
line,overlay,sdt5-homo-2,sdt5-homo-2,rmsf,cjrbg3ln,cjrbg3ln::RMSF,sdt5-homo-2 / RMSF,RMSF,Residue,453,0.11506028,nm,nm
line,overlay,sdt5-homo-2,sdt5-homo-2,rmsf,cjrbg3ln,cjrbg3ln::RMSF,sdt5-homo-2 / RMSF,RMSF,Residue,454,0.09446431,nm,nm
line,overlay,sdt5-homo-2,sdt5-homo-2,rmsf,cjrbg3ln,cjrbg3ln::RMSF,sdt5-homo-2 / RMSF,RMSF,Residue,455,0.07136071,nm,nm
line,overlay,sdt5-homo-2,sdt5-homo-2,rmsf,cjrbg3ln,cjrbg3ln::RMSF,sdt5-homo-2 / RMSF,RMSF,Residue,456,0.05993506,nm,nm
line,overlay,sdt5-homo-2,sdt5-homo-2,rmsf,cjrbg3ln,cjrbg3ln::RMSF,sdt5-homo-2 / RMSF,RMSF,Residue,457,0.046205483,nm,nm
line,overlay,sdt5-homo-2,sdt5-homo-2,rmsf,cjrbg3ln,cjrbg3ln::RMSF,sdt5-homo-2 / RMSF,RMSF,Residue,458,0.056596283,nm,nm
line,overlay,sdt5-homo-2,sdt5-homo-2,rmsf,cjrbg3ln,cjrbg3ln::RMSF,sdt5-homo-2 / RMSF,RMSF,Residue,459,0.061329126,nm,nm
line,overlay,sdt5-homo-2,sdt5-homo-2,rmsf,cjrbg3ln,cjrbg3ln::RMSF,sdt5-homo-2 / RMSF,RMSF,Residue,460,0.05571421,nm,nm
line,overlay,sdt5-homo-2,sdt5-homo-2,rmsf,cjrbg3ln,cjrbg3ln::RMSF,sdt5-homo-2 / RMSF,RMSF,Residue,461,0.050751545,nm,nm
line,overlay,sdt5-homo-2,sdt5-homo-2,rmsf,cjrbg3ln,cjrbg3ln::RMSF,sdt5-homo-2 / RMSF,RMSF,Residue,462,0.059139747,nm,nm
line,overlay,sdt5-homo-2,sdt5-homo-2,rmsf,cjrbg3ln,cjrbg3ln::RMSF,sdt5-homo-2 / RMSF,RMSF,Residue,463,0.06243876,nm,nm
line,overlay,sdt5-homo-2,sdt5-homo-2,rmsf,cjrbg3ln,cjrbg3ln::RMSF,sdt5-homo-2 / RMSF,RMSF,Residue,464,0.05468227,nm,nm
line,overlay,sdt5-homo-2,sdt5-homo-2,rmsf,cjrbg3ln,cjrbg3ln::RMSF,sdt5-homo-2 / RMSF,RMSF,Residue,465,0.056153182,nm,nm
line,overlay,sdt5-homo-2,sdt5-homo-2,rmsf,cjrbg3ln,cjrbg3ln::RMSF,sdt5-homo-2 / RMSF,RMSF,Residue,466,0.06971674,nm,nm
line,overlay,sdt5-homo-2,sdt5-homo-2,rmsf,cjrbg3ln,cjrbg3ln::RMSF,sdt5-homo-2 / RMSF,RMSF,Residue,467,0.07455167,nm,nm
line,overlay,sdt5-homo-2,sdt5-homo-2,rmsf,cjrbg3ln,cjrbg3ln::RMSF,sdt5-homo-2 / RMSF,RMSF,Residue,468,0.06569164,nm,nm
line,overlay,sdt5-homo-2,sdt5-homo-2,rmsf,cjrbg3ln,cjrbg3ln::RMSF,sdt5-homo-2 / RMSF,RMSF,Residue,469,0.08037409,nm,nm
line,overlay,sdt5-homo-2,sdt5-homo-2,rmsf,cjrbg3ln,cjrbg3ln::RMSF,sdt5-homo-2 / RMSF,RMSF,Residue,470,0.09660502,nm,nm
line,overlay,sdt5-homo-2,sdt5-homo-2,rmsf,cjrbg3ln,cjrbg3ln::RMSF,sdt5-homo-2 / RMSF,RMSF,Residue,471,0.09427196,nm,nm
line,overlay,sdt5-homo-2,sdt5-homo-2,rmsf,cjrbg3ln,cjrbg3ln::RMSF,sdt5-homo-2 / RMSF,RMSF,Residue,472,0.10002207,nm,nm
line,overlay,sdt5-homo-2,sdt5-homo-2,rmsf,cjrbg3ln,cjrbg3ln::RMSF,sdt5-homo-2 / RMSF,RMSF,Residue,473,0.1481875,nm,nm
line,overlay,sdt5-homo-2,sdt5-homo-2,rmsf,cjrbg3ln,cjrbg3ln::RMSF,sdt5-homo-2 / RMSF,RMSF,Residue,474,0.25763813,nm,nm
line,overlay,sdt5-homo-2,sdt5-homo-2,rmsf,cjrbg3ln,cjrbg3ln::RMSF,sdt5-homo-2 / RMSF,RMSF,Residue,475,0.4480286,nm,nm
line,overlay,sdt5-homo-2,sdt5-homo-2,rmsf,cjrbg3ln,cjrbg3ln::RMSF,sdt5-homo-2 / RMSF,RMSF,Residue,476,0.653589,nm,nm
line,overlay,sdt5-homo-3,sdt5-homo-3,rmsf,ka9smsfg,ka9smsfg::RMSF,sdt5-homo-3 / RMSF,RMSF,Residue,1,0.4175732,nm,nm
line,overlay,sdt5-homo-3,sdt5-homo-3,rmsf,ka9smsfg,ka9smsfg::RMSF,sdt5-homo-3 / RMSF,RMSF,Residue,2,0.25592917,nm,nm
line,overlay,sdt5-homo-3,sdt5-homo-3,rmsf,ka9smsfg,ka9smsfg::RMSF,sdt5-homo-3 / RMSF,RMSF,Residue,3,0.11783404,nm,nm
line,overlay,sdt5-homo-3,sdt5-homo-3,rmsf,ka9smsfg,ka9smsfg::RMSF,sdt5-homo-3 / RMSF,RMSF,Residue,4,0.06281341,nm,nm
line,overlay,sdt5-homo-3,sdt5-homo-3,rmsf,ka9smsfg,ka9smsfg::RMSF,sdt5-homo-3 / RMSF,RMSF,Residue,5,0.055158198,nm,nm
line,overlay,sdt5-homo-3,sdt5-homo-3,rmsf,ka9smsfg,ka9smsfg::RMSF,sdt5-homo-3 / RMSF,RMSF,Residue,6,0.0467308,nm,nm
line,overlay,sdt5-homo-3,sdt5-homo-3,rmsf,ka9smsfg,ka9smsfg::RMSF,sdt5-homo-3 / RMSF,RMSF,Residue,7,0.042137384,nm,nm
line,overlay,sdt5-homo-3,sdt5-homo-3,rmsf,ka9smsfg,ka9smsfg::RMSF,sdt5-homo-3 / RMSF,RMSF,Residue,8,0.042594507,nm,nm
line,overlay,sdt5-homo-3,sdt5-homo-3,rmsf,ka9smsfg,ka9smsfg::RMSF,sdt5-homo-3 / RMSF,RMSF,Residue,9,0.04370287,nm,nm
line,overlay,sdt5-homo-3,sdt5-homo-3,rmsf,ka9smsfg,ka9smsfg::RMSF,sdt5-homo-3 / RMSF,RMSF,Residue,10,0.047032323,nm,nm
line,overlay,sdt5-homo-3,sdt5-homo-3,rmsf,ka9smsfg,ka9smsfg::RMSF,sdt5-homo-3 / RMSF,RMSF,Residue,11,0.048729386,nm,nm
line,overlay,sdt5-homo-3,sdt5-homo-3,rmsf,ka9smsfg,ka9smsfg::RMSF,sdt5-homo-3 / RMSF,RMSF,Residue,12,0.05667404,nm,nm
line,overlay,sdt5-homo-3,sdt5-homo-3,rmsf,ka9smsfg,ka9smsfg::RMSF,sdt5-homo-3 / RMSF,RMSF,Residue,13,0.064140394,nm,nm
line,overlay,sdt5-homo-3,sdt5-homo-3,rmsf,ka9smsfg,ka9smsfg::RMSF,sdt5-homo-3 / RMSF,RMSF,Residue,14,0.07783639,nm,nm
line,overlay,sdt5-homo-3,sdt5-homo-3,rmsf,ka9smsfg,ka9smsfg::RMSF,sdt5-homo-3 / RMSF,RMSF,Residue,15,0.073729455,nm,nm
line,overlay,sdt5-homo-3,sdt5-homo-3,rmsf,ka9smsfg,ka9smsfg::RMSF,sdt5-homo-3 / RMSF,RMSF,Residue,16,0.054279227,nm,nm
line,overlay,sdt5-homo-3,sdt5-homo-3,rmsf,ka9smsfg,ka9smsfg::RMSF,sdt5-homo-3 / RMSF,RMSF,Residue,17,0.047132082,nm,nm
line,overlay,sdt5-homo-3,sdt5-homo-3,rmsf,ka9smsfg,ka9smsfg::RMSF,sdt5-homo-3 / RMSF,RMSF,Residue,18,0.045737695,nm,nm
line,overlay,sdt5-homo-3,sdt5-homo-3,rmsf,ka9smsfg,ka9smsfg::RMSF,sdt5-homo-3 / RMSF,RMSF,Residue,19,0.044456575,nm,nm
line,overlay,sdt5-homo-3,sdt5-homo-3,rmsf,ka9smsfg,ka9smsfg::RMSF,sdt5-homo-3 / RMSF,RMSF,Residue,20,0.045383345,nm,nm
line,overlay,sdt5-homo-3,sdt5-homo-3,rmsf,ka9smsfg,ka9smsfg::RMSF,sdt5-homo-3 / RMSF,RMSF,Residue,21,0.044758562,nm,nm
line,overlay,sdt5-homo-3,sdt5-homo-3,rmsf,ka9smsfg,ka9smsfg::RMSF,sdt5-homo-3 / RMSF,RMSF,Residue,22,0.038652837,nm,nm
line,overlay,sdt5-homo-3,sdt5-homo-3,rmsf,ka9smsfg,ka9smsfg::RMSF,sdt5-homo-3 / RMSF,RMSF,Residue,23,0.0418547,nm,nm
line,overlay,sdt5-homo-3,sdt5-homo-3,rmsf,ka9smsfg,ka9smsfg::RMSF,sdt5-homo-3 / RMSF,RMSF,Residue,24,0.047338832,nm,nm
line,overlay,sdt5-homo-3,sdt5-homo-3,rmsf,ka9smsfg,ka9smsfg::RMSF,sdt5-homo-3 / RMSF,RMSF,Residue,25,0.04961688,nm,nm
line,overlay,sdt5-homo-3,sdt5-homo-3,rmsf,ka9smsfg,ka9smsfg::RMSF,sdt5-homo-3 / RMSF,RMSF,Residue,26,0.04817667,nm,nm
line,overlay,sdt5-homo-3,sdt5-homo-3,rmsf,ka9smsfg,ka9smsfg::RMSF,sdt5-homo-3 / RMSF,RMSF,Residue,27,0.050183807,nm,nm
line,overlay,sdt5-homo-3,sdt5-homo-3,rmsf,ka9smsfg,ka9smsfg::RMSF,sdt5-homo-3 / RMSF,RMSF,Residue,28,0.055104595,nm,nm
line,overlay,sdt5-homo-3,sdt5-homo-3,rmsf,ka9smsfg,ka9smsfg::RMSF,sdt5-homo-3 / RMSF,RMSF,Residue,29,0.067893915,nm,nm
line,overlay,sdt5-homo-3,sdt5-homo-3,rmsf,ka9smsfg,ka9smsfg::RMSF,sdt5-homo-3 / RMSF,RMSF,Residue,30,0.07316471,nm,nm
line,overlay,sdt5-homo-3,sdt5-homo-3,rmsf,ka9smsfg,ka9smsfg::RMSF,sdt5-homo-3 / RMSF,RMSF,Residue,31,0.07216929,nm,nm
line,overlay,sdt5-homo-3,sdt5-homo-3,rmsf,ka9smsfg,ka9smsfg::RMSF,sdt5-homo-3 / RMSF,RMSF,Residue,32,0.056891605,nm,nm
line,overlay,sdt5-homo-3,sdt5-homo-3,rmsf,ka9smsfg,ka9smsfg::RMSF,sdt5-homo-3 / RMSF,RMSF,Residue,33,0.05551153,nm,nm
line,overlay,sdt5-homo-3,sdt5-homo-3,rmsf,ka9smsfg,ka9smsfg::RMSF,sdt5-homo-3 / RMSF,RMSF,Residue,34,0.050936155,nm,nm
line,overlay,sdt5-homo-3,sdt5-homo-3,rmsf,ka9smsfg,ka9smsfg::RMSF,sdt5-homo-3 / RMSF,RMSF,Residue,35,0.048857715,nm,nm
line,overlay,sdt5-homo-3,sdt5-homo-3,rmsf,ka9smsfg,ka9smsfg::RMSF,sdt5-homo-3 / RMSF,RMSF,Residue,36,0.04822529,nm,nm
line,overlay,sdt5-homo-3,sdt5-homo-3,rmsf,ka9smsfg,ka9smsfg::RMSF,sdt5-homo-3 / RMSF,RMSF,Residue,37,0.056626804,nm,nm
line,overlay,sdt5-homo-3,sdt5-homo-3,rmsf,ka9smsfg,ka9smsfg::RMSF,sdt5-homo-3 / RMSF,RMSF,Residue,38,0.061058506,nm,nm
line,overlay,sdt5-homo-3,sdt5-homo-3,rmsf,ka9smsfg,ka9smsfg::RMSF,sdt5-homo-3 / RMSF,RMSF,Residue,39,0.07932301,nm,nm
line,overlay,sdt5-homo-3,sdt5-homo-3,rmsf,ka9smsfg,ka9smsfg::RMSF,sdt5-homo-3 / RMSF,RMSF,Residue,40,0.08621663,nm,nm
line,overlay,sdt5-homo-3,sdt5-homo-3,rmsf,ka9smsfg,ka9smsfg::RMSF,sdt5-homo-3 / RMSF,RMSF,Residue,41,0.09883258,nm,nm
line,overlay,sdt5-homo-3,sdt5-homo-3,rmsf,ka9smsfg,ka9smsfg::RMSF,sdt5-homo-3 / RMSF,RMSF,Residue,42,0.08321731,nm,nm
line,overlay,sdt5-homo-3,sdt5-homo-3,rmsf,ka9smsfg,ka9smsfg::RMSF,sdt5-homo-3 / RMSF,RMSF,Residue,43,0.10040866,nm,nm
line,overlay,sdt5-homo-3,sdt5-homo-3,rmsf,ka9smsfg,ka9smsfg::RMSF,sdt5-homo-3 / RMSF,RMSF,Residue,44,0.12135019,nm,nm
line,overlay,sdt5-homo-3,sdt5-homo-3,rmsf,ka9smsfg,ka9smsfg::RMSF,sdt5-homo-3 / RMSF,RMSF,Residue,45,0.10664216,nm,nm
line,overlay,sdt5-homo-3,sdt5-homo-3,rmsf,ka9smsfg,ka9smsfg::RMSF,sdt5-homo-3 / RMSF,RMSF,Residue,46,0.07673958,nm,nm
line,overlay,sdt5-homo-3,sdt5-homo-3,rmsf,ka9smsfg,ka9smsfg::RMSF,sdt5-homo-3 / RMSF,RMSF,Residue,47,0.08276007,nm,nm
line,overlay,sdt5-homo-3,sdt5-homo-3,rmsf,ka9smsfg,ka9smsfg::RMSF,sdt5-homo-3 / RMSF,RMSF,Residue,48,0.08048098,nm,nm
line,overlay,sdt5-homo-3,sdt5-homo-3,rmsf,ka9smsfg,ka9smsfg::RMSF,sdt5-homo-3 / RMSF,RMSF,Residue,49,0.07038485,nm,nm
line,overlay,sdt5-homo-3,sdt5-homo-3,rmsf,ka9smsfg,ka9smsfg::RMSF,sdt5-homo-3 / RMSF,RMSF,Residue,50,0.059549354,nm,nm
line,overlay,sdt5-homo-3,sdt5-homo-3,rmsf,ka9smsfg,ka9smsfg::RMSF,sdt5-homo-3 / RMSF,RMSF,Residue,51,0.06732146,nm,nm
line,overlay,sdt5-homo-3,sdt5-homo-3,rmsf,ka9smsfg,ka9smsfg::RMSF,sdt5-homo-3 / RMSF,RMSF,Residue,52,0.072884634,nm,nm
line,overlay,sdt5-homo-3,sdt5-homo-3,rmsf,ka9smsfg,ka9smsfg::RMSF,sdt5-homo-3 / RMSF,RMSF,Residue,53,0.07827339,nm,nm
line,overlay,sdt5-homo-3,sdt5-homo-3,rmsf,ka9smsfg,ka9smsfg::RMSF,sdt5-homo-3 / RMSF,RMSF,Residue,54,0.08778148,nm,nm
line,overlay,sdt5-homo-3,sdt5-homo-3,rmsf,ka9smsfg,ka9smsfg::RMSF,sdt5-homo-3 / RMSF,RMSF,Residue,55,0.096788436,nm,nm
line,overlay,sdt5-homo-3,sdt5-homo-3,rmsf,ka9smsfg,ka9smsfg::RMSF,sdt5-homo-3 / RMSF,RMSF,Residue,56,0.09102462,nm,nm
line,overlay,sdt5-homo-3,sdt5-homo-3,rmsf,ka9smsfg,ka9smsfg::RMSF,sdt5-homo-3 / RMSF,RMSF,Residue,57,0.10015675,nm,nm
line,overlay,sdt5-homo-3,sdt5-homo-3,rmsf,ka9smsfg,ka9smsfg::RMSF,sdt5-homo-3 / RMSF,RMSF,Residue,58,0.10184931,nm,nm
line,overlay,sdt5-homo-3,sdt5-homo-3,rmsf,ka9smsfg,ka9smsfg::RMSF,sdt5-homo-3 / RMSF,RMSF,Residue,59,0.09470615,nm,nm
line,overlay,sdt5-homo-3,sdt5-homo-3,rmsf,ka9smsfg,ka9smsfg::RMSF,sdt5-homo-3 / RMSF,RMSF,Residue,60,0.06322668,nm,nm
line,overlay,sdt5-homo-3,sdt5-homo-3,rmsf,ka9smsfg,ka9smsfg::RMSF,sdt5-homo-3 / RMSF,RMSF,Residue,61,0.05931807,nm,nm
line,overlay,sdt5-homo-3,sdt5-homo-3,rmsf,ka9smsfg,ka9smsfg::RMSF,sdt5-homo-3 / RMSF,RMSF,Residue,62,0.06753612,nm,nm
line,overlay,sdt5-homo-3,sdt5-homo-3,rmsf,ka9smsfg,ka9smsfg::RMSF,sdt5-homo-3 / RMSF,RMSF,Residue,63,0.08214096,nm,nm
line,overlay,sdt5-homo-3,sdt5-homo-3,rmsf,ka9smsfg,ka9smsfg::RMSF,sdt5-homo-3 / RMSF,RMSF,Residue,64,0.09691307,nm,nm
line,overlay,sdt5-homo-3,sdt5-homo-3,rmsf,ka9smsfg,ka9smsfg::RMSF,sdt5-homo-3 / RMSF,RMSF,Residue,65,0.08246421,nm,nm
line,overlay,sdt5-homo-3,sdt5-homo-3,rmsf,ka9smsfg,ka9smsfg::RMSF,sdt5-homo-3 / RMSF,RMSF,Residue,66,0.09137472,nm,nm
line,overlay,sdt5-homo-3,sdt5-homo-3,rmsf,ka9smsfg,ka9smsfg::RMSF,sdt5-homo-3 / RMSF,RMSF,Residue,67,0.07971155,nm,nm
line,overlay,sdt5-homo-3,sdt5-homo-3,rmsf,ka9smsfg,ka9smsfg::RMSF,sdt5-homo-3 / RMSF,RMSF,Residue,68,0.08367105,nm,nm
line,overlay,sdt5-homo-3,sdt5-homo-3,rmsf,ka9smsfg,ka9smsfg::RMSF,sdt5-homo-3 / RMSF,RMSF,Residue,69,0.09033063,nm,nm
line,overlay,sdt5-homo-3,sdt5-homo-3,rmsf,ka9smsfg,ka9smsfg::RMSF,sdt5-homo-3 / RMSF,RMSF,Residue,70,0.11235834,nm,nm
line,overlay,sdt5-homo-3,sdt5-homo-3,rmsf,ka9smsfg,ka9smsfg::RMSF,sdt5-homo-3 / RMSF,RMSF,Residue,71,0.1083291,nm,nm
line,overlay,sdt5-homo-3,sdt5-homo-3,rmsf,ka9smsfg,ka9smsfg::RMSF,sdt5-homo-3 / RMSF,RMSF,Residue,72,0.093814254,nm,nm
line,overlay,sdt5-homo-3,sdt5-homo-3,rmsf,ka9smsfg,ka9smsfg::RMSF,sdt5-homo-3 / RMSF,RMSF,Residue,73,0.11008239,nm,nm
line,overlay,sdt5-homo-3,sdt5-homo-3,rmsf,ka9smsfg,ka9smsfg::RMSF,sdt5-homo-3 / RMSF,RMSF,Residue,74,0.09724409,nm,nm
line,overlay,sdt5-homo-3,sdt5-homo-3,rmsf,ka9smsfg,ka9smsfg::RMSF,sdt5-homo-3 / RMSF,RMSF,Residue,75,0.11505508,nm,nm
line,overlay,sdt5-homo-3,sdt5-homo-3,rmsf,ka9smsfg,ka9smsfg::RMSF,sdt5-homo-3 / RMSF,RMSF,Residue,76,0.13503574,nm,nm
line,overlay,sdt5-homo-3,sdt5-homo-3,rmsf,ka9smsfg,ka9smsfg::RMSF,sdt5-homo-3 / RMSF,RMSF,Residue,77,0.12730105,nm,nm
line,overlay,sdt5-homo-3,sdt5-homo-3,rmsf,ka9smsfg,ka9smsfg::RMSF,sdt5-homo-3 / RMSF,RMSF,Residue,78,0.09618078,nm,nm
line,overlay,sdt5-homo-3,sdt5-homo-3,rmsf,ka9smsfg,ka9smsfg::RMSF,sdt5-homo-3 / RMSF,RMSF,Residue,79,0.080565,nm,nm
line,overlay,sdt5-homo-3,sdt5-homo-3,rmsf,ka9smsfg,ka9smsfg::RMSF,sdt5-homo-3 / RMSF,RMSF,Residue,80,0.07268487,nm,nm
line,overlay,sdt5-homo-3,sdt5-homo-3,rmsf,ka9smsfg,ka9smsfg::RMSF,sdt5-homo-3 / RMSF,RMSF,Residue,81,0.07847865,nm,nm
line,overlay,sdt5-homo-3,sdt5-homo-3,rmsf,ka9smsfg,ka9smsfg::RMSF,sdt5-homo-3 / RMSF,RMSF,Residue,82,0.1079525,nm,nm
line,overlay,sdt5-homo-3,sdt5-homo-3,rmsf,ka9smsfg,ka9smsfg::RMSF,sdt5-homo-3 / RMSF,RMSF,Residue,83,0.09815189,nm,nm
line,overlay,sdt5-homo-3,sdt5-homo-3,rmsf,ka9smsfg,ka9smsfg::RMSF,sdt5-homo-3 / RMSF,RMSF,Residue,84,0.09127684,nm,nm
line,overlay,sdt5-homo-3,sdt5-homo-3,rmsf,ka9smsfg,ka9smsfg::RMSF,sdt5-homo-3 / RMSF,RMSF,Residue,85,0.116095915,nm,nm
line,overlay,sdt5-homo-3,sdt5-homo-3,rmsf,ka9smsfg,ka9smsfg::RMSF,sdt5-homo-3 / RMSF,RMSF,Residue,86,0.10492621,nm,nm
line,overlay,sdt5-homo-3,sdt5-homo-3,rmsf,ka9smsfg,ka9smsfg::RMSF,sdt5-homo-3 / RMSF,RMSF,Residue,87,0.105886936,nm,nm
line,overlay,sdt5-homo-3,sdt5-homo-3,rmsf,ka9smsfg,ka9smsfg::RMSF,sdt5-homo-3 / RMSF,RMSF,Residue,88,0.108561546,nm,nm
line,overlay,sdt5-homo-3,sdt5-homo-3,rmsf,ka9smsfg,ka9smsfg::RMSF,sdt5-homo-3 / RMSF,RMSF,Residue,89,0.09330379,nm,nm
line,overlay,sdt5-homo-3,sdt5-homo-3,rmsf,ka9smsfg,ka9smsfg::RMSF,sdt5-homo-3 / RMSF,RMSF,Residue,90,0.08172321,nm,nm
line,overlay,sdt5-homo-3,sdt5-homo-3,rmsf,ka9smsfg,ka9smsfg::RMSF,sdt5-homo-3 / RMSF,RMSF,Residue,91,0.08832781,nm,nm
line,overlay,sdt5-homo-3,sdt5-homo-3,rmsf,ka9smsfg,ka9smsfg::RMSF,sdt5-homo-3 / RMSF,RMSF,Residue,92,0.082069315,nm,nm
line,overlay,sdt5-homo-3,sdt5-homo-3,rmsf,ka9smsfg,ka9smsfg::RMSF,sdt5-homo-3 / RMSF,RMSF,Residue,93,0.06804119,nm,nm
line,overlay,sdt5-homo-3,sdt5-homo-3,rmsf,ka9smsfg,ka9smsfg::RMSF,sdt5-homo-3 / RMSF,RMSF,Residue,94,0.070560366,nm,nm
line,overlay,sdt5-homo-3,sdt5-homo-3,rmsf,ka9smsfg,ka9smsfg::RMSF,sdt5-homo-3 / RMSF,RMSF,Residue,95,0.075191446,nm,nm
line,overlay,sdt5-homo-3,sdt5-homo-3,rmsf,ka9smsfg,ka9smsfg::RMSF,sdt5-homo-3 / RMSF,RMSF,Residue,96,0.06979979,nm,nm
line,overlay,sdt5-homo-3,sdt5-homo-3,rmsf,ka9smsfg,ka9smsfg::RMSF,sdt5-homo-3 / RMSF,RMSF,Residue,97,0.0682173,nm,nm
line,overlay,sdt5-homo-3,sdt5-homo-3,rmsf,ka9smsfg,ka9smsfg::RMSF,sdt5-homo-3 / RMSF,RMSF,Residue,98,0.07271818,nm,nm
line,overlay,sdt5-homo-3,sdt5-homo-3,rmsf,ka9smsfg,ka9smsfg::RMSF,sdt5-homo-3 / RMSF,RMSF,Residue,99,0.07858077,nm,nm
line,overlay,sdt5-homo-3,sdt5-homo-3,rmsf,ka9smsfg,ka9smsfg::RMSF,sdt5-homo-3 / RMSF,RMSF,Residue,100,0.08063346,nm,nm
line,overlay,sdt5-homo-3,sdt5-homo-3,rmsf,ka9smsfg,ka9smsfg::RMSF,sdt5-homo-3 / RMSF,RMSF,Residue,101,0.07718347,nm,nm
line,overlay,sdt5-homo-3,sdt5-homo-3,rmsf,ka9smsfg,ka9smsfg::RMSF,sdt5-homo-3 / RMSF,RMSF,Residue,102,0.08453946,nm,nm
line,overlay,sdt5-homo-3,sdt5-homo-3,rmsf,ka9smsfg,ka9smsfg::RMSF,sdt5-homo-3 / RMSF,RMSF,Residue,103,0.08358299,nm,nm
line,overlay,sdt5-homo-3,sdt5-homo-3,rmsf,ka9smsfg,ka9smsfg::RMSF,sdt5-homo-3 / RMSF,RMSF,Residue,104,0.071045764,nm,nm
line,overlay,sdt5-homo-3,sdt5-homo-3,rmsf,ka9smsfg,ka9smsfg::RMSF,sdt5-homo-3 / RMSF,RMSF,Residue,105,0.07003478,nm,nm
line,overlay,sdt5-homo-3,sdt5-homo-3,rmsf,ka9smsfg,ka9smsfg::RMSF,sdt5-homo-3 / RMSF,RMSF,Residue,106,0.07866885,nm,nm
line,overlay,sdt5-homo-3,sdt5-homo-3,rmsf,ka9smsfg,ka9smsfg::RMSF,sdt5-homo-3 / RMSF,RMSF,Residue,107,0.07385405,nm,nm
line,overlay,sdt5-homo-3,sdt5-homo-3,rmsf,ka9smsfg,ka9smsfg::RMSF,sdt5-homo-3 / RMSF,RMSF,Residue,108,0.06664441,nm,nm
line,overlay,sdt5-homo-3,sdt5-homo-3,rmsf,ka9smsfg,ka9smsfg::RMSF,sdt5-homo-3 / RMSF,RMSF,Residue,109,0.08212573,nm,nm
line,overlay,sdt5-homo-3,sdt5-homo-3,rmsf,ka9smsfg,ka9smsfg::RMSF,sdt5-homo-3 / RMSF,RMSF,Residue,110,0.09227669,nm,nm
line,overlay,sdt5-homo-3,sdt5-homo-3,rmsf,ka9smsfg,ka9smsfg::RMSF,sdt5-homo-3 / RMSF,RMSF,Residue,111,0.08235373,nm,nm
line,overlay,sdt5-homo-3,sdt5-homo-3,rmsf,ka9smsfg,ka9smsfg::RMSF,sdt5-homo-3 / RMSF,RMSF,Residue,112,0.07949599,nm,nm
line,overlay,sdt5-homo-3,sdt5-homo-3,rmsf,ka9smsfg,ka9smsfg::RMSF,sdt5-homo-3 / RMSF,RMSF,Residue,113,0.058951825,nm,nm
line,overlay,sdt5-homo-3,sdt5-homo-3,rmsf,ka9smsfg,ka9smsfg::RMSF,sdt5-homo-3 / RMSF,RMSF,Residue,114,0.05212302,nm,nm
line,overlay,sdt5-homo-3,sdt5-homo-3,rmsf,ka9smsfg,ka9smsfg::RMSF,sdt5-homo-3 / RMSF,RMSF,Residue,115,0.04993621,nm,nm
line,overlay,sdt5-homo-3,sdt5-homo-3,rmsf,ka9smsfg,ka9smsfg::RMSF,sdt5-homo-3 / RMSF,RMSF,Residue,116,0.043569595,nm,nm
line,overlay,sdt5-homo-3,sdt5-homo-3,rmsf,ka9smsfg,ka9smsfg::RMSF,sdt5-homo-3 / RMSF,RMSF,Residue,117,0.040101532,nm,nm
line,overlay,sdt5-homo-3,sdt5-homo-3,rmsf,ka9smsfg,ka9smsfg::RMSF,sdt5-homo-3 / RMSF,RMSF,Residue,118,0.039073065,nm,nm
line,overlay,sdt5-homo-3,sdt5-homo-3,rmsf,ka9smsfg,ka9smsfg::RMSF,sdt5-homo-3 / RMSF,RMSF,Residue,119,0.042225286,nm,nm
line,overlay,sdt5-homo-3,sdt5-homo-3,rmsf,ka9smsfg,ka9smsfg::RMSF,sdt5-homo-3 / RMSF,RMSF,Residue,120,0.04929853,nm,nm
line,overlay,sdt5-homo-3,sdt5-homo-3,rmsf,ka9smsfg,ka9smsfg::RMSF,sdt5-homo-3 / RMSF,RMSF,Residue,121,0.05873566,nm,nm
line,overlay,sdt5-homo-3,sdt5-homo-3,rmsf,ka9smsfg,ka9smsfg::RMSF,sdt5-homo-3 / RMSF,RMSF,Residue,122,0.05288329,nm,nm
line,overlay,sdt5-homo-3,sdt5-homo-3,rmsf,ka9smsfg,ka9smsfg::RMSF,sdt5-homo-3 / RMSF,RMSF,Residue,123,0.06499942,nm,nm
line,overlay,sdt5-homo-3,sdt5-homo-3,rmsf,ka9smsfg,ka9smsfg::RMSF,sdt5-homo-3 / RMSF,RMSF,Residue,124,0.065334,nm,nm
line,overlay,sdt5-homo-3,sdt5-homo-3,rmsf,ka9smsfg,ka9smsfg::RMSF,sdt5-homo-3 / RMSF,RMSF,Residue,125,0.056310706,nm,nm
line,overlay,sdt5-homo-3,sdt5-homo-3,rmsf,ka9smsfg,ka9smsfg::RMSF,sdt5-homo-3 / RMSF,RMSF,Residue,126,0.061670095,nm,nm
line,overlay,sdt5-homo-3,sdt5-homo-3,rmsf,ka9smsfg,ka9smsfg::RMSF,sdt5-homo-3 / RMSF,RMSF,Residue,127,0.07091807,nm,nm
line,overlay,sdt5-homo-3,sdt5-homo-3,rmsf,ka9smsfg,ka9smsfg::RMSF,sdt5-homo-3 / RMSF,RMSF,Residue,128,0.06565665,nm,nm
line,overlay,sdt5-homo-3,sdt5-homo-3,rmsf,ka9smsfg,ka9smsfg::RMSF,sdt5-homo-3 / RMSF,RMSF,Residue,129,0.061972506,nm,nm
line,overlay,sdt5-homo-3,sdt5-homo-3,rmsf,ka9smsfg,ka9smsfg::RMSF,sdt5-homo-3 / RMSF,RMSF,Residue,130,0.072178766,nm,nm
line,overlay,sdt5-homo-3,sdt5-homo-3,rmsf,ka9smsfg,ka9smsfg::RMSF,sdt5-homo-3 / RMSF,RMSF,Residue,131,0.085818216,nm,nm
line,overlay,sdt5-homo-3,sdt5-homo-3,rmsf,ka9smsfg,ka9smsfg::RMSF,sdt5-homo-3 / RMSF,RMSF,Residue,132,0.078876495,nm,nm
line,overlay,sdt5-homo-3,sdt5-homo-3,rmsf,ka9smsfg,ka9smsfg::RMSF,sdt5-homo-3 / RMSF,RMSF,Residue,133,0.075473554,nm,nm
line,overlay,sdt5-homo-3,sdt5-homo-3,rmsf,ka9smsfg,ka9smsfg::RMSF,sdt5-homo-3 / RMSF,RMSF,Residue,134,0.0558106,nm,nm
line,overlay,sdt5-homo-3,sdt5-homo-3,rmsf,ka9smsfg,ka9smsfg::RMSF,sdt5-homo-3 / RMSF,RMSF,Residue,135,0.05151398,nm,nm
line,overlay,sdt5-homo-3,sdt5-homo-3,rmsf,ka9smsfg,ka9smsfg::RMSF,sdt5-homo-3 / RMSF,RMSF,Residue,136,0.041770555,nm,nm
line,overlay,sdt5-homo-3,sdt5-homo-3,rmsf,ka9smsfg,ka9smsfg::RMSF,sdt5-homo-3 / RMSF,RMSF,Residue,137,0.040787756,nm,nm
line,overlay,sdt5-homo-3,sdt5-homo-3,rmsf,ka9smsfg,ka9smsfg::RMSF,sdt5-homo-3 / RMSF,RMSF,Residue,138,0.041073523,nm,nm
line,overlay,sdt5-homo-3,sdt5-homo-3,rmsf,ka9smsfg,ka9smsfg::RMSF,sdt5-homo-3 / RMSF,RMSF,Residue,139,0.041546833,nm,nm
line,overlay,sdt5-homo-3,sdt5-homo-3,rmsf,ka9smsfg,ka9smsfg::RMSF,sdt5-homo-3 / RMSF,RMSF,Residue,140,0.042340126,nm,nm
line,overlay,sdt5-homo-3,sdt5-homo-3,rmsf,ka9smsfg,ka9smsfg::RMSF,sdt5-homo-3 / RMSF,RMSF,Residue,141,0.047560826,nm,nm
line,overlay,sdt5-homo-3,sdt5-homo-3,rmsf,ka9smsfg,ka9smsfg::RMSF,sdt5-homo-3 / RMSF,RMSF,Residue,142,0.044597227,nm,nm
line,overlay,sdt5-homo-3,sdt5-homo-3,rmsf,ka9smsfg,ka9smsfg::RMSF,sdt5-homo-3 / RMSF,RMSF,Residue,143,0.043005478,nm,nm
line,overlay,sdt5-homo-3,sdt5-homo-3,rmsf,ka9smsfg,ka9smsfg::RMSF,sdt5-homo-3 / RMSF,RMSF,Residue,144,0.04271416,nm,nm
line,overlay,sdt5-homo-3,sdt5-homo-3,rmsf,ka9smsfg,ka9smsfg::RMSF,sdt5-homo-3 / RMSF,RMSF,Residue,145,0.045547806,nm,nm
line,overlay,sdt5-homo-3,sdt5-homo-3,rmsf,ka9smsfg,ka9smsfg::RMSF,sdt5-homo-3 / RMSF,RMSF,Residue,146,0.04512187,nm,nm
line,overlay,sdt5-homo-3,sdt5-homo-3,rmsf,ka9smsfg,ka9smsfg::RMSF,sdt5-homo-3 / RMSF,RMSF,Residue,147,0.043433532,nm,nm
line,overlay,sdt5-homo-3,sdt5-homo-3,rmsf,ka9smsfg,ka9smsfg::RMSF,sdt5-homo-3 / RMSF,RMSF,Residue,148,0.04449748,nm,nm
line,overlay,sdt5-homo-3,sdt5-homo-3,rmsf,ka9smsfg,ka9smsfg::RMSF,sdt5-homo-3 / RMSF,RMSF,Residue,149,0.045348093,nm,nm
line,overlay,sdt5-homo-3,sdt5-homo-3,rmsf,ka9smsfg,ka9smsfg::RMSF,sdt5-homo-3 / RMSF,RMSF,Residue,150,0.04789055,nm,nm
line,overlay,sdt5-homo-3,sdt5-homo-3,rmsf,ka9smsfg,ka9smsfg::RMSF,sdt5-homo-3 / RMSF,RMSF,Residue,151,0.05408787,nm,nm
line,overlay,sdt5-homo-3,sdt5-homo-3,rmsf,ka9smsfg,ka9smsfg::RMSF,sdt5-homo-3 / RMSF,RMSF,Residue,152,0.06335524,nm,nm
line,overlay,sdt5-homo-3,sdt5-homo-3,rmsf,ka9smsfg,ka9smsfg::RMSF,sdt5-homo-3 / RMSF,RMSF,Residue,153,0.06207445,nm,nm
line,overlay,sdt5-homo-3,sdt5-homo-3,rmsf,ka9smsfg,ka9smsfg::RMSF,sdt5-homo-3 / RMSF,RMSF,Residue,154,0.06370579,nm,nm
line,overlay,sdt5-homo-3,sdt5-homo-3,rmsf,ka9smsfg,ka9smsfg::RMSF,sdt5-homo-3 / RMSF,RMSF,Residue,155,0.084915794,nm,nm
line,overlay,sdt5-homo-3,sdt5-homo-3,rmsf,ka9smsfg,ka9smsfg::RMSF,sdt5-homo-3 / RMSF,RMSF,Residue,156,0.10164519,nm,nm
line,overlay,sdt5-homo-3,sdt5-homo-3,rmsf,ka9smsfg,ka9smsfg::RMSF,sdt5-homo-3 / RMSF,RMSF,Residue,157,0.102475196,nm,nm
line,overlay,sdt5-homo-3,sdt5-homo-3,rmsf,ka9smsfg,ka9smsfg::RMSF,sdt5-homo-3 / RMSF,RMSF,Residue,158,0.15214947,nm,nm
line,overlay,sdt5-homo-3,sdt5-homo-3,rmsf,ka9smsfg,ka9smsfg::RMSF,sdt5-homo-3 / RMSF,RMSF,Residue,159,0.18584253,nm,nm
line,overlay,sdt5-homo-3,sdt5-homo-3,rmsf,ka9smsfg,ka9smsfg::RMSF,sdt5-homo-3 / RMSF,RMSF,Residue,160,0.17812565,nm,nm
line,overlay,sdt5-homo-3,sdt5-homo-3,rmsf,ka9smsfg,ka9smsfg::RMSF,sdt5-homo-3 / RMSF,RMSF,Residue,161,0.210998,nm,nm
line,overlay,sdt5-homo-3,sdt5-homo-3,rmsf,ka9smsfg,ka9smsfg::RMSF,sdt5-homo-3 / RMSF,RMSF,Residue,162,0.2106426,nm,nm
line,overlay,sdt5-homo-3,sdt5-homo-3,rmsf,ka9smsfg,ka9smsfg::RMSF,sdt5-homo-3 / RMSF,RMSF,Residue,163,0.2804717,nm,nm
line,overlay,sdt5-homo-3,sdt5-homo-3,rmsf,ka9smsfg,ka9smsfg::RMSF,sdt5-homo-3 / RMSF,RMSF,Residue,164,0.27779165,nm,nm
line,overlay,sdt5-homo-3,sdt5-homo-3,rmsf,ka9smsfg,ka9smsfg::RMSF,sdt5-homo-3 / RMSF,RMSF,Residue,165,0.2538966,nm,nm
line,overlay,sdt5-homo-3,sdt5-homo-3,rmsf,ka9smsfg,ka9smsfg::RMSF,sdt5-homo-3 / RMSF,RMSF,Residue,166,0.22292516,nm,nm
line,overlay,sdt5-homo-3,sdt5-homo-3,rmsf,ka9smsfg,ka9smsfg::RMSF,sdt5-homo-3 / RMSF,RMSF,Residue,167,0.2055257,nm,nm
line,overlay,sdt5-homo-3,sdt5-homo-3,rmsf,ka9smsfg,ka9smsfg::RMSF,sdt5-homo-3 / RMSF,RMSF,Residue,168,0.14931926,nm,nm
line,overlay,sdt5-homo-3,sdt5-homo-3,rmsf,ka9smsfg,ka9smsfg::RMSF,sdt5-homo-3 / RMSF,RMSF,Residue,169,0.12704727,nm,nm
line,overlay,sdt5-homo-3,sdt5-homo-3,rmsf,ka9smsfg,ka9smsfg::RMSF,sdt5-homo-3 / RMSF,RMSF,Residue,170,0.114271566,nm,nm
line,overlay,sdt5-homo-3,sdt5-homo-3,rmsf,ka9smsfg,ka9smsfg::RMSF,sdt5-homo-3 / RMSF,RMSF,Residue,171,0.092862755,nm,nm
line,overlay,sdt5-homo-3,sdt5-homo-3,rmsf,ka9smsfg,ka9smsfg::RMSF,sdt5-homo-3 / RMSF,RMSF,Residue,172,0.10581176,nm,nm
line,overlay,sdt5-homo-3,sdt5-homo-3,rmsf,ka9smsfg,ka9smsfg::RMSF,sdt5-homo-3 / RMSF,RMSF,Residue,173,0.1357768,nm,nm
line,overlay,sdt5-homo-3,sdt5-homo-3,rmsf,ka9smsfg,ka9smsfg::RMSF,sdt5-homo-3 / RMSF,RMSF,Residue,174,0.14472124,nm,nm
line,overlay,sdt5-homo-3,sdt5-homo-3,rmsf,ka9smsfg,ka9smsfg::RMSF,sdt5-homo-3 / RMSF,RMSF,Residue,175,0.16569807,nm,nm
line,overlay,sdt5-homo-3,sdt5-homo-3,rmsf,ka9smsfg,ka9smsfg::RMSF,sdt5-homo-3 / RMSF,RMSF,Residue,176,0.15606973,nm,nm
line,overlay,sdt5-homo-3,sdt5-homo-3,rmsf,ka9smsfg,ka9smsfg::RMSF,sdt5-homo-3 / RMSF,RMSF,Residue,177,0.13937528,nm,nm
line,overlay,sdt5-homo-3,sdt5-homo-3,rmsf,ka9smsfg,ka9smsfg::RMSF,sdt5-homo-3 / RMSF,RMSF,Residue,178,0.124353215,nm,nm
line,overlay,sdt5-homo-3,sdt5-homo-3,rmsf,ka9smsfg,ka9smsfg::RMSF,sdt5-homo-3 / RMSF,RMSF,Residue,179,0.1204112,nm,nm
line,overlay,sdt5-homo-3,sdt5-homo-3,rmsf,ka9smsfg,ka9smsfg::RMSF,sdt5-homo-3 / RMSF,RMSF,Residue,180,0.10217898,nm,nm
line,overlay,sdt5-homo-3,sdt5-homo-3,rmsf,ka9smsfg,ka9smsfg::RMSF,sdt5-homo-3 / RMSF,RMSF,Residue,181,0.11312484,nm,nm
line,overlay,sdt5-homo-3,sdt5-homo-3,rmsf,ka9smsfg,ka9smsfg::RMSF,sdt5-homo-3 / RMSF,RMSF,Residue,182,0.12535307,nm,nm
line,overlay,sdt5-homo-3,sdt5-homo-3,rmsf,ka9smsfg,ka9smsfg::RMSF,sdt5-homo-3 / RMSF,RMSF,Residue,183,0.12766638,nm,nm
line,overlay,sdt5-homo-3,sdt5-homo-3,rmsf,ka9smsfg,ka9smsfg::RMSF,sdt5-homo-3 / RMSF,RMSF,Residue,184,0.096779615,nm,nm
line,overlay,sdt5-homo-3,sdt5-homo-3,rmsf,ka9smsfg,ka9smsfg::RMSF,sdt5-homo-3 / RMSF,RMSF,Residue,185,0.08539113,nm,nm
line,overlay,sdt5-homo-3,sdt5-homo-3,rmsf,ka9smsfg,ka9smsfg::RMSF,sdt5-homo-3 / RMSF,RMSF,Residue,186,0.087157845,nm,nm
line,overlay,sdt5-homo-3,sdt5-homo-3,rmsf,ka9smsfg,ka9smsfg::RMSF,sdt5-homo-3 / RMSF,RMSF,Residue,187,0.11221617,nm,nm
line,overlay,sdt5-homo-3,sdt5-homo-3,rmsf,ka9smsfg,ka9smsfg::RMSF,sdt5-homo-3 / RMSF,RMSF,Residue,188,0.11737483,nm,nm
line,overlay,sdt5-homo-3,sdt5-homo-3,rmsf,ka9smsfg,ka9smsfg::RMSF,sdt5-homo-3 / RMSF,RMSF,Residue,189,0.12832354,nm,nm
line,overlay,sdt5-homo-3,sdt5-homo-3,rmsf,ka9smsfg,ka9smsfg::RMSF,sdt5-homo-3 / RMSF,RMSF,Residue,190,0.15589151,nm,nm
line,overlay,sdt5-homo-3,sdt5-homo-3,rmsf,ka9smsfg,ka9smsfg::RMSF,sdt5-homo-3 / RMSF,RMSF,Residue,191,0.18425599,nm,nm
line,overlay,sdt5-homo-3,sdt5-homo-3,rmsf,ka9smsfg,ka9smsfg::RMSF,sdt5-homo-3 / RMSF,RMSF,Residue,192,0.21950054,nm,nm
line,overlay,sdt5-homo-3,sdt5-homo-3,rmsf,ka9smsfg,ka9smsfg::RMSF,sdt5-homo-3 / RMSF,RMSF,Residue,193,0.17678021,nm,nm
line,overlay,sdt5-homo-3,sdt5-homo-3,rmsf,ka9smsfg,ka9smsfg::RMSF,sdt5-homo-3 / RMSF,RMSF,Residue,194,0.16104367,nm,nm
line,overlay,sdt5-homo-3,sdt5-homo-3,rmsf,ka9smsfg,ka9smsfg::RMSF,sdt5-homo-3 / RMSF,RMSF,Residue,195,0.12510411,nm,nm
line,overlay,sdt5-homo-3,sdt5-homo-3,rmsf,ka9smsfg,ka9smsfg::RMSF,sdt5-homo-3 / RMSF,RMSF,Residue,196,0.10855835,nm,nm
line,overlay,sdt5-homo-3,sdt5-homo-3,rmsf,ka9smsfg,ka9smsfg::RMSF,sdt5-homo-3 / RMSF,RMSF,Residue,197,0.09106029,nm,nm
line,overlay,sdt5-homo-3,sdt5-homo-3,rmsf,ka9smsfg,ka9smsfg::RMSF,sdt5-homo-3 / RMSF,RMSF,Residue,198,0.08683709,nm,nm
line,overlay,sdt5-homo-3,sdt5-homo-3,rmsf,ka9smsfg,ka9smsfg::RMSF,sdt5-homo-3 / RMSF,RMSF,Residue,199,0.08293562,nm,nm
line,overlay,sdt5-homo-3,sdt5-homo-3,rmsf,ka9smsfg,ka9smsfg::RMSF,sdt5-homo-3 / RMSF,RMSF,Residue,200,0.07076692,nm,nm
line,overlay,sdt5-homo-3,sdt5-homo-3,rmsf,ka9smsfg,ka9smsfg::RMSF,sdt5-homo-3 / RMSF,RMSF,Residue,201,0.06600224,nm,nm
line,overlay,sdt5-homo-3,sdt5-homo-3,rmsf,ka9smsfg,ka9smsfg::RMSF,sdt5-homo-3 / RMSF,RMSF,Residue,202,0.0691365,nm,nm
line,overlay,sdt5-homo-3,sdt5-homo-3,rmsf,ka9smsfg,ka9smsfg::RMSF,sdt5-homo-3 / RMSF,RMSF,Residue,203,0.066631876,nm,nm
line,overlay,sdt5-homo-3,sdt5-homo-3,rmsf,ka9smsfg,ka9smsfg::RMSF,sdt5-homo-3 / RMSF,RMSF,Residue,204,0.05669728,nm,nm
line,overlay,sdt5-homo-3,sdt5-homo-3,rmsf,ka9smsfg,ka9smsfg::RMSF,sdt5-homo-3 / RMSF,RMSF,Residue,205,0.058953922,nm,nm
line,overlay,sdt5-homo-3,sdt5-homo-3,rmsf,ka9smsfg,ka9smsfg::RMSF,sdt5-homo-3 / RMSF,RMSF,Residue,206,0.06344634,nm,nm
line,overlay,sdt5-homo-3,sdt5-homo-3,rmsf,ka9smsfg,ka9smsfg::RMSF,sdt5-homo-3 / RMSF,RMSF,Residue,207,0.05323467,nm,nm
line,overlay,sdt5-homo-3,sdt5-homo-3,rmsf,ka9smsfg,ka9smsfg::RMSF,sdt5-homo-3 / RMSF,RMSF,Residue,208,0.051958255,nm,nm
line,overlay,sdt5-homo-3,sdt5-homo-3,rmsf,ka9smsfg,ka9smsfg::RMSF,sdt5-homo-3 / RMSF,RMSF,Residue,209,0.062613145,nm,nm
line,overlay,sdt5-homo-3,sdt5-homo-3,rmsf,ka9smsfg,ka9smsfg::RMSF,sdt5-homo-3 / RMSF,RMSF,Residue,210,0.06052182,nm,nm
line,overlay,sdt5-homo-3,sdt5-homo-3,rmsf,ka9smsfg,ka9smsfg::RMSF,sdt5-homo-3 / RMSF,RMSF,Residue,211,0.04649781,nm,nm
line,overlay,sdt5-homo-3,sdt5-homo-3,rmsf,ka9smsfg,ka9smsfg::RMSF,sdt5-homo-3 / RMSF,RMSF,Residue,212,0.04680791,nm,nm
line,overlay,sdt5-homo-3,sdt5-homo-3,rmsf,ka9smsfg,ka9smsfg::RMSF,sdt5-homo-3 / RMSF,RMSF,Residue,213,0.049237538,nm,nm
line,overlay,sdt5-homo-3,sdt5-homo-3,rmsf,ka9smsfg,ka9smsfg::RMSF,sdt5-homo-3 / RMSF,RMSF,Residue,214,0.040164106,nm,nm
line,overlay,sdt5-homo-3,sdt5-homo-3,rmsf,ka9smsfg,ka9smsfg::RMSF,sdt5-homo-3 / RMSF,RMSF,Residue,215,0.036995232,nm,nm
line,overlay,sdt5-homo-3,sdt5-homo-3,rmsf,ka9smsfg,ka9smsfg::RMSF,sdt5-homo-3 / RMSF,RMSF,Residue,216,0.03699946,nm,nm
line,overlay,sdt5-homo-3,sdt5-homo-3,rmsf,ka9smsfg,ka9smsfg::RMSF,sdt5-homo-3 / RMSF,RMSF,Residue,217,0.03544377,nm,nm
line,overlay,sdt5-homo-3,sdt5-homo-3,rmsf,ka9smsfg,ka9smsfg::RMSF,sdt5-homo-3 / RMSF,RMSF,Residue,218,0.038705718,nm,nm
line,overlay,sdt5-homo-3,sdt5-homo-3,rmsf,ka9smsfg,ka9smsfg::RMSF,sdt5-homo-3 / RMSF,RMSF,Residue,219,0.044349015,nm,nm
line,overlay,sdt5-homo-3,sdt5-homo-3,rmsf,ka9smsfg,ka9smsfg::RMSF,sdt5-homo-3 / RMSF,RMSF,Residue,220,0.053741634,nm,nm
line,overlay,sdt5-homo-3,sdt5-homo-3,rmsf,ka9smsfg,ka9smsfg::RMSF,sdt5-homo-3 / RMSF,RMSF,Residue,221,0.05329831,nm,nm
line,overlay,sdt5-homo-3,sdt5-homo-3,rmsf,ka9smsfg,ka9smsfg::RMSF,sdt5-homo-3 / RMSF,RMSF,Residue,222,0.048147477,nm,nm
line,overlay,sdt5-homo-3,sdt5-homo-3,rmsf,ka9smsfg,ka9smsfg::RMSF,sdt5-homo-3 / RMSF,RMSF,Residue,223,0.04677349,nm,nm
line,overlay,sdt5-homo-3,sdt5-homo-3,rmsf,ka9smsfg,ka9smsfg::RMSF,sdt5-homo-3 / RMSF,RMSF,Residue,224,0.05512216,nm,nm
line,overlay,sdt5-homo-3,sdt5-homo-3,rmsf,ka9smsfg,ka9smsfg::RMSF,sdt5-homo-3 / RMSF,RMSF,Residue,225,0.059983537,nm,nm
line,overlay,sdt5-homo-3,sdt5-homo-3,rmsf,ka9smsfg,ka9smsfg::RMSF,sdt5-homo-3 / RMSF,RMSF,Residue,226,0.05225604,nm,nm
line,overlay,sdt5-homo-3,sdt5-homo-3,rmsf,ka9smsfg,ka9smsfg::RMSF,sdt5-homo-3 / RMSF,RMSF,Residue,227,0.052161414,nm,nm
line,overlay,sdt5-homo-3,sdt5-homo-3,rmsf,ka9smsfg,ka9smsfg::RMSF,sdt5-homo-3 / RMSF,RMSF,Residue,228,0.062468987,nm,nm
line,overlay,sdt5-homo-3,sdt5-homo-3,rmsf,ka9smsfg,ka9smsfg::RMSF,sdt5-homo-3 / RMSF,RMSF,Residue,229,0.063304015,nm,nm
line,overlay,sdt5-homo-3,sdt5-homo-3,rmsf,ka9smsfg,ka9smsfg::RMSF,sdt5-homo-3 / RMSF,RMSF,Residue,230,0.054561097,nm,nm
line,overlay,sdt5-homo-3,sdt5-homo-3,rmsf,ka9smsfg,ka9smsfg::RMSF,sdt5-homo-3 / RMSF,RMSF,Residue,231,0.061514173,nm,nm
line,overlay,sdt5-homo-3,sdt5-homo-3,rmsf,ka9smsfg,ka9smsfg::RMSF,sdt5-homo-3 / RMSF,RMSF,Residue,232,0.07896956,nm,nm
line,overlay,sdt5-homo-3,sdt5-homo-3,rmsf,ka9smsfg,ka9smsfg::RMSF,sdt5-homo-3 / RMSF,RMSF,Residue,233,0.087758824,nm,nm
line,overlay,sdt5-homo-3,sdt5-homo-3,rmsf,ka9smsfg,ka9smsfg::RMSF,sdt5-homo-3 / RMSF,RMSF,Residue,234,0.07877416,nm,nm
line,overlay,sdt5-homo-3,sdt5-homo-3,rmsf,ka9smsfg,ka9smsfg::RMSF,sdt5-homo-3 / RMSF,RMSF,Residue,235,0.07591454,nm,nm
line,overlay,sdt5-homo-3,sdt5-homo-3,rmsf,ka9smsfg,ka9smsfg::RMSF,sdt5-homo-3 / RMSF,RMSF,Residue,236,0.05738171,nm,nm
line,overlay,sdt5-homo-3,sdt5-homo-3,rmsf,ka9smsfg,ka9smsfg::RMSF,sdt5-homo-3 / RMSF,RMSF,Residue,237,0.056027506,nm,nm
line,overlay,sdt5-homo-3,sdt5-homo-3,rmsf,ka9smsfg,ka9smsfg::RMSF,sdt5-homo-3 / RMSF,RMSF,Residue,238,0.045583207,nm,nm
line,overlay,sdt5-homo-3,sdt5-homo-3,rmsf,ka9smsfg,ka9smsfg::RMSF,sdt5-homo-3 / RMSF,RMSF,Residue,239,0.042043503,nm,nm
line,overlay,sdt5-homo-3,sdt5-homo-3,rmsf,ka9smsfg,ka9smsfg::RMSF,sdt5-homo-3 / RMSF,RMSF,Residue,240,0.04605396,nm,nm
line,overlay,sdt5-homo-3,sdt5-homo-3,rmsf,ka9smsfg,ka9smsfg::RMSF,sdt5-homo-3 / RMSF,RMSF,Residue,241,0.044716902,nm,nm
line,overlay,sdt5-homo-3,sdt5-homo-3,rmsf,ka9smsfg,ka9smsfg::RMSF,sdt5-homo-3 / RMSF,RMSF,Residue,242,0.04441431,nm,nm
line,overlay,sdt5-homo-3,sdt5-homo-3,rmsf,ka9smsfg,ka9smsfg::RMSF,sdt5-homo-3 / RMSF,RMSF,Residue,243,0.03822057,nm,nm
line,overlay,sdt5-homo-3,sdt5-homo-3,rmsf,ka9smsfg,ka9smsfg::RMSF,sdt5-homo-3 / RMSF,RMSF,Residue,244,0.04303847,nm,nm
line,overlay,sdt5-homo-3,sdt5-homo-3,rmsf,ka9smsfg,ka9smsfg::RMSF,sdt5-homo-3 / RMSF,RMSF,Residue,245,0.049111146,nm,nm
line,overlay,sdt5-homo-3,sdt5-homo-3,rmsf,ka9smsfg,ka9smsfg::RMSF,sdt5-homo-3 / RMSF,RMSF,Residue,246,0.04849155,nm,nm
line,overlay,sdt5-homo-3,sdt5-homo-3,rmsf,ka9smsfg,ka9smsfg::RMSF,sdt5-homo-3 / RMSF,RMSF,Residue,247,0.05503007,nm,nm
line,overlay,sdt5-homo-3,sdt5-homo-3,rmsf,ka9smsfg,ka9smsfg::RMSF,sdt5-homo-3 / RMSF,RMSF,Residue,248,0.060018636,nm,nm
line,overlay,sdt5-homo-3,sdt5-homo-3,rmsf,ka9smsfg,ka9smsfg::RMSF,sdt5-homo-3 / RMSF,RMSF,Residue,249,0.08339415,nm,nm
line,overlay,sdt5-homo-3,sdt5-homo-3,rmsf,ka9smsfg,ka9smsfg::RMSF,sdt5-homo-3 / RMSF,RMSF,Residue,250,0.08600134,nm,nm
line,overlay,sdt5-homo-3,sdt5-homo-3,rmsf,ka9smsfg,ka9smsfg::RMSF,sdt5-homo-3 / RMSF,RMSF,Residue,251,0.08666908,nm,nm
line,overlay,sdt5-homo-3,sdt5-homo-3,rmsf,ka9smsfg,ka9smsfg::RMSF,sdt5-homo-3 / RMSF,RMSF,Residue,252,0.08544294,nm,nm
line,overlay,sdt5-homo-3,sdt5-homo-3,rmsf,ka9smsfg,ka9smsfg::RMSF,sdt5-homo-3 / RMSF,RMSF,Residue,253,0.06789026,nm,nm
line,overlay,sdt5-homo-3,sdt5-homo-3,rmsf,ka9smsfg,ka9smsfg::RMSF,sdt5-homo-3 / RMSF,RMSF,Residue,254,0.06307895,nm,nm
line,overlay,sdt5-homo-3,sdt5-homo-3,rmsf,ka9smsfg,ka9smsfg::RMSF,sdt5-homo-3 / RMSF,RMSF,Residue,255,0.06585706,nm,nm
line,overlay,sdt5-homo-3,sdt5-homo-3,rmsf,ka9smsfg,ka9smsfg::RMSF,sdt5-homo-3 / RMSF,RMSF,Residue,256,0.070587456,nm,nm
line,overlay,sdt5-homo-3,sdt5-homo-3,rmsf,ka9smsfg,ka9smsfg::RMSF,sdt5-homo-3 / RMSF,RMSF,Residue,257,0.05412931,nm,nm
line,overlay,sdt5-homo-3,sdt5-homo-3,rmsf,ka9smsfg,ka9smsfg::RMSF,sdt5-homo-3 / RMSF,RMSF,Residue,258,0.06750949,nm,nm
line,overlay,sdt5-homo-3,sdt5-homo-3,rmsf,ka9smsfg,ka9smsfg::RMSF,sdt5-homo-3 / RMSF,RMSF,Residue,259,0.09314111,nm,nm
line,overlay,sdt5-homo-3,sdt5-homo-3,rmsf,ka9smsfg,ka9smsfg::RMSF,sdt5-homo-3 / RMSF,RMSF,Residue,260,0.095782265,nm,nm
line,overlay,sdt5-homo-3,sdt5-homo-3,rmsf,ka9smsfg,ka9smsfg::RMSF,sdt5-homo-3 / RMSF,RMSF,Residue,261,0.07498006,nm,nm
line,overlay,sdt5-homo-3,sdt5-homo-3,rmsf,ka9smsfg,ka9smsfg::RMSF,sdt5-homo-3 / RMSF,RMSF,Residue,262,0.071794845,nm,nm
line,overlay,sdt5-homo-3,sdt5-homo-3,rmsf,ka9smsfg,ka9smsfg::RMSF,sdt5-homo-3 / RMSF,RMSF,Residue,263,0.07551087,nm,nm
line,overlay,sdt5-homo-3,sdt5-homo-3,rmsf,ka9smsfg,ka9smsfg::RMSF,sdt5-homo-3 / RMSF,RMSF,Residue,264,0.08484399,nm,nm
line,overlay,sdt5-homo-3,sdt5-homo-3,rmsf,ka9smsfg,ka9smsfg::RMSF,sdt5-homo-3 / RMSF,RMSF,Residue,265,0.080973975,nm,nm
line,overlay,sdt5-homo-3,sdt5-homo-3,rmsf,ka9smsfg,ka9smsfg::RMSF,sdt5-homo-3 / RMSF,RMSF,Residue,266,0.09319085,nm,nm
line,overlay,sdt5-homo-3,sdt5-homo-3,rmsf,ka9smsfg,ka9smsfg::RMSF,sdt5-homo-3 / RMSF,RMSF,Residue,267,0.08480593,nm,nm
line,overlay,sdt5-homo-3,sdt5-homo-3,rmsf,ka9smsfg,ka9smsfg::RMSF,sdt5-homo-3 / RMSF,RMSF,Residue,268,0.06788476,nm,nm
line,overlay,sdt5-homo-3,sdt5-homo-3,rmsf,ka9smsfg,ka9smsfg::RMSF,sdt5-homo-3 / RMSF,RMSF,Residue,269,0.07223764,nm,nm
line,overlay,sdt5-homo-3,sdt5-homo-3,rmsf,ka9smsfg,ka9smsfg::RMSF,sdt5-homo-3 / RMSF,RMSF,Residue,270,0.076776944,nm,nm
line,overlay,sdt5-homo-3,sdt5-homo-3,rmsf,ka9smsfg,ka9smsfg::RMSF,sdt5-homo-3 / RMSF,RMSF,Residue,271,0.06598692,nm,nm
line,overlay,sdt5-homo-3,sdt5-homo-3,rmsf,ka9smsfg,ka9smsfg::RMSF,sdt5-homo-3 / RMSF,RMSF,Residue,272,0.060947858,nm,nm
line,overlay,sdt5-homo-3,sdt5-homo-3,rmsf,ka9smsfg,ka9smsfg::RMSF,sdt5-homo-3 / RMSF,RMSF,Residue,273,0.07412509,nm,nm
line,overlay,sdt5-homo-3,sdt5-homo-3,rmsf,ka9smsfg,ka9smsfg::RMSF,sdt5-homo-3 / RMSF,RMSF,Residue,274,0.078330405,nm,nm
line,overlay,sdt5-homo-3,sdt5-homo-3,rmsf,ka9smsfg,ka9smsfg::RMSF,sdt5-homo-3 / RMSF,RMSF,Residue,275,0.06705412,nm,nm
line,overlay,sdt5-homo-3,sdt5-homo-3,rmsf,ka9smsfg,ka9smsfg::RMSF,sdt5-homo-3 / RMSF,RMSF,Residue,276,0.07830316,nm,nm
line,overlay,sdt5-homo-3,sdt5-homo-3,rmsf,ka9smsfg,ka9smsfg::RMSF,sdt5-homo-3 / RMSF,RMSF,Residue,277,0.074973114,nm,nm
line,overlay,sdt5-homo-3,sdt5-homo-3,rmsf,ka9smsfg,ka9smsfg::RMSF,sdt5-homo-3 / RMSF,RMSF,Residue,278,0.06347059,nm,nm
line,overlay,sdt5-homo-3,sdt5-homo-3,rmsf,ka9smsfg,ka9smsfg::RMSF,sdt5-homo-3 / RMSF,RMSF,Residue,279,0.05835313,nm,nm
line,overlay,sdt5-homo-3,sdt5-homo-3,rmsf,ka9smsfg,ka9smsfg::RMSF,sdt5-homo-3 / RMSF,RMSF,Residue,280,0.04298648,nm,nm
line,overlay,sdt5-homo-3,sdt5-homo-3,rmsf,ka9smsfg,ka9smsfg::RMSF,sdt5-homo-3 / RMSF,RMSF,Residue,281,0.03608298,nm,nm
line,overlay,sdt5-homo-3,sdt5-homo-3,rmsf,ka9smsfg,ka9smsfg::RMSF,sdt5-homo-3 / RMSF,RMSF,Residue,282,0.03309437,nm,nm
line,overlay,sdt5-homo-3,sdt5-homo-3,rmsf,ka9smsfg,ka9smsfg::RMSF,sdt5-homo-3 / RMSF,RMSF,Residue,283,0.034195364,nm,nm
line,overlay,sdt5-homo-3,sdt5-homo-3,rmsf,ka9smsfg,ka9smsfg::RMSF,sdt5-homo-3 / RMSF,RMSF,Residue,284,0.03884884,nm,nm
line,overlay,sdt5-homo-3,sdt5-homo-3,rmsf,ka9smsfg,ka9smsfg::RMSF,sdt5-homo-3 / RMSF,RMSF,Residue,285,0.048414204,nm,nm
line,overlay,sdt5-homo-3,sdt5-homo-3,rmsf,ka9smsfg,ka9smsfg::RMSF,sdt5-homo-3 / RMSF,RMSF,Residue,286,0.05818489,nm,nm
line,overlay,sdt5-homo-3,sdt5-homo-3,rmsf,ka9smsfg,ka9smsfg::RMSF,sdt5-homo-3 / RMSF,RMSF,Residue,287,0.066559464,nm,nm
line,overlay,sdt5-homo-3,sdt5-homo-3,rmsf,ka9smsfg,ka9smsfg::RMSF,sdt5-homo-3 / RMSF,RMSF,Residue,288,0.06887169,nm,nm
line,overlay,sdt5-homo-3,sdt5-homo-3,rmsf,ka9smsfg,ka9smsfg::RMSF,sdt5-homo-3 / RMSF,RMSF,Residue,289,0.06714366,nm,nm
line,overlay,sdt5-homo-3,sdt5-homo-3,rmsf,ka9smsfg,ka9smsfg::RMSF,sdt5-homo-3 / RMSF,RMSF,Residue,290,0.073477715,nm,nm
line,overlay,sdt5-homo-3,sdt5-homo-3,rmsf,ka9smsfg,ka9smsfg::RMSF,sdt5-homo-3 / RMSF,RMSF,Residue,291,0.07283129,nm,nm
line,overlay,sdt5-homo-3,sdt5-homo-3,rmsf,ka9smsfg,ka9smsfg::RMSF,sdt5-homo-3 / RMSF,RMSF,Residue,292,0.07605149,nm,nm
line,overlay,sdt5-homo-3,sdt5-homo-3,rmsf,ka9smsfg,ka9smsfg::RMSF,sdt5-homo-3 / RMSF,RMSF,Residue,293,0.076571465,nm,nm
line,overlay,sdt5-homo-3,sdt5-homo-3,rmsf,ka9smsfg,ka9smsfg::RMSF,sdt5-homo-3 / RMSF,RMSF,Residue,294,0.07408278,nm,nm
line,overlay,sdt5-homo-3,sdt5-homo-3,rmsf,ka9smsfg,ka9smsfg::RMSF,sdt5-homo-3 / RMSF,RMSF,Residue,295,0.06315302,nm,nm
line,overlay,sdt5-homo-3,sdt5-homo-3,rmsf,ka9smsfg,ka9smsfg::RMSF,sdt5-homo-3 / RMSF,RMSF,Residue,296,0.060780503,nm,nm
line,overlay,sdt5-homo-3,sdt5-homo-3,rmsf,ka9smsfg,ka9smsfg::RMSF,sdt5-homo-3 / RMSF,RMSF,Residue,297,0.06307501,nm,nm
line,overlay,sdt5-homo-3,sdt5-homo-3,rmsf,ka9smsfg,ka9smsfg::RMSF,sdt5-homo-3 / RMSF,RMSF,Residue,298,0.060380235,nm,nm
line,overlay,sdt5-homo-3,sdt5-homo-3,rmsf,ka9smsfg,ka9smsfg::RMSF,sdt5-homo-3 / RMSF,RMSF,Residue,299,0.052258566,nm,nm
line,overlay,sdt5-homo-3,sdt5-homo-3,rmsf,ka9smsfg,ka9smsfg::RMSF,sdt5-homo-3 / RMSF,RMSF,Residue,300,0.054215785,nm,nm
line,overlay,sdt5-homo-3,sdt5-homo-3,rmsf,ka9smsfg,ka9smsfg::RMSF,sdt5-homo-3 / RMSF,RMSF,Residue,301,0.05885172,nm,nm
line,overlay,sdt5-homo-3,sdt5-homo-3,rmsf,ka9smsfg,ka9smsfg::RMSF,sdt5-homo-3 / RMSF,RMSF,Residue,302,0.055463802,nm,nm
line,overlay,sdt5-homo-3,sdt5-homo-3,rmsf,ka9smsfg,ka9smsfg::RMSF,sdt5-homo-3 / RMSF,RMSF,Residue,303,0.05417776,nm,nm
line,overlay,sdt5-homo-3,sdt5-homo-3,rmsf,ka9smsfg,ka9smsfg::RMSF,sdt5-homo-3 / RMSF,RMSF,Residue,304,0.06052644,nm,nm
line,overlay,sdt5-homo-3,sdt5-homo-3,rmsf,ka9smsfg,ka9smsfg::RMSF,sdt5-homo-3 / RMSF,RMSF,Residue,305,0.06454644,nm,nm
line,overlay,sdt5-homo-3,sdt5-homo-3,rmsf,ka9smsfg,ka9smsfg::RMSF,sdt5-homo-3 / RMSF,RMSF,Residue,306,0.061855063,nm,nm
line,overlay,sdt5-homo-3,sdt5-homo-3,rmsf,ka9smsfg,ka9smsfg::RMSF,sdt5-homo-3 / RMSF,RMSF,Residue,307,0.061314393,nm,nm
line,overlay,sdt5-homo-3,sdt5-homo-3,rmsf,ka9smsfg,ka9smsfg::RMSF,sdt5-homo-3 / RMSF,RMSF,Residue,308,0.052336633,nm,nm
line,overlay,sdt5-homo-3,sdt5-homo-3,rmsf,ka9smsfg,ka9smsfg::RMSF,sdt5-homo-3 / RMSF,RMSF,Residue,309,0.046680775,nm,nm
line,overlay,sdt5-homo-3,sdt5-homo-3,rmsf,ka9smsfg,ka9smsfg::RMSF,sdt5-homo-3 / RMSF,RMSF,Residue,310,0.039934598,nm,nm
line,overlay,sdt5-homo-3,sdt5-homo-3,rmsf,ka9smsfg,ka9smsfg::RMSF,sdt5-homo-3 / RMSF,RMSF,Residue,311,0.038122702,nm,nm
line,overlay,sdt5-homo-3,sdt5-homo-3,rmsf,ka9smsfg,ka9smsfg::RMSF,sdt5-homo-3 / RMSF,RMSF,Residue,312,0.040924665,nm,nm
line,overlay,sdt5-homo-3,sdt5-homo-3,rmsf,ka9smsfg,ka9smsfg::RMSF,sdt5-homo-3 / RMSF,RMSF,Residue,313,0.047821473,nm,nm
line,overlay,sdt5-homo-3,sdt5-homo-3,rmsf,ka9smsfg,ka9smsfg::RMSF,sdt5-homo-3 / RMSF,RMSF,Residue,314,0.0635077,nm,nm
line,overlay,sdt5-homo-3,sdt5-homo-3,rmsf,ka9smsfg,ka9smsfg::RMSF,sdt5-homo-3 / RMSF,RMSF,Residue,315,0.08162817,nm,nm
line,overlay,sdt5-homo-3,sdt5-homo-3,rmsf,ka9smsfg,ka9smsfg::RMSF,sdt5-homo-3 / RMSF,RMSF,Residue,316,0.13566726,nm,nm
line,overlay,sdt5-homo-3,sdt5-homo-3,rmsf,ka9smsfg,ka9smsfg::RMSF,sdt5-homo-3 / RMSF,RMSF,Residue,317,0.1265829,nm,nm
line,overlay,sdt5-homo-3,sdt5-homo-3,rmsf,ka9smsfg,ka9smsfg::RMSF,sdt5-homo-3 / RMSF,RMSF,Residue,318,0.15250859,nm,nm
line,overlay,sdt5-homo-3,sdt5-homo-3,rmsf,ka9smsfg,ka9smsfg::RMSF,sdt5-homo-3 / RMSF,RMSF,Residue,319,0.2362248,nm,nm
line,overlay,sdt5-homo-3,sdt5-homo-3,rmsf,ka9smsfg,ka9smsfg::RMSF,sdt5-homo-3 / RMSF,RMSF,Residue,320,0.18457241,nm,nm
line,overlay,sdt5-homo-3,sdt5-homo-3,rmsf,ka9smsfg,ka9smsfg::RMSF,sdt5-homo-3 / RMSF,RMSF,Residue,321,0.16338955,nm,nm
line,overlay,sdt5-homo-3,sdt5-homo-3,rmsf,ka9smsfg,ka9smsfg::RMSF,sdt5-homo-3 / RMSF,RMSF,Residue,322,0.15312815,nm,nm
line,overlay,sdt5-homo-3,sdt5-homo-3,rmsf,ka9smsfg,ka9smsfg::RMSF,sdt5-homo-3 / RMSF,RMSF,Residue,323,0.15238371,nm,nm
line,overlay,sdt5-homo-3,sdt5-homo-3,rmsf,ka9smsfg,ka9smsfg::RMSF,sdt5-homo-3 / RMSF,RMSF,Residue,324,0.09869341,nm,nm
line,overlay,sdt5-homo-3,sdt5-homo-3,rmsf,ka9smsfg,ka9smsfg::RMSF,sdt5-homo-3 / RMSF,RMSF,Residue,325,0.10385833,nm,nm
line,overlay,sdt5-homo-3,sdt5-homo-3,rmsf,ka9smsfg,ka9smsfg::RMSF,sdt5-homo-3 / RMSF,RMSF,Residue,326,0.11827235,nm,nm
line,overlay,sdt5-homo-3,sdt5-homo-3,rmsf,ka9smsfg,ka9smsfg::RMSF,sdt5-homo-3 / RMSF,RMSF,Residue,327,0.10785488,nm,nm
line,overlay,sdt5-homo-3,sdt5-homo-3,rmsf,ka9smsfg,ka9smsfg::RMSF,sdt5-homo-3 / RMSF,RMSF,Residue,328,0.07744861,nm,nm
line,overlay,sdt5-homo-3,sdt5-homo-3,rmsf,ka9smsfg,ka9smsfg::RMSF,sdt5-homo-3 / RMSF,RMSF,Residue,329,0.075640514,nm,nm
line,overlay,sdt5-homo-3,sdt5-homo-3,rmsf,ka9smsfg,ka9smsfg::RMSF,sdt5-homo-3 / RMSF,RMSF,Residue,330,0.09078648,nm,nm
line,overlay,sdt5-homo-3,sdt5-homo-3,rmsf,ka9smsfg,ka9smsfg::RMSF,sdt5-homo-3 / RMSF,RMSF,Residue,331,0.08224263,nm,nm
line,overlay,sdt5-homo-3,sdt5-homo-3,rmsf,ka9smsfg,ka9smsfg::RMSF,sdt5-homo-3 / RMSF,RMSF,Residue,332,0.06560739,nm,nm
line,overlay,sdt5-homo-3,sdt5-homo-3,rmsf,ka9smsfg,ka9smsfg::RMSF,sdt5-homo-3 / RMSF,RMSF,Residue,333,0.077129446,nm,nm
line,overlay,sdt5-homo-3,sdt5-homo-3,rmsf,ka9smsfg,ka9smsfg::RMSF,sdt5-homo-3 / RMSF,RMSF,Residue,334,0.08293613,nm,nm
line,overlay,sdt5-homo-3,sdt5-homo-3,rmsf,ka9smsfg,ka9smsfg::RMSF,sdt5-homo-3 / RMSF,RMSF,Residue,335,0.059132285,nm,nm
line,overlay,sdt5-homo-3,sdt5-homo-3,rmsf,ka9smsfg,ka9smsfg::RMSF,sdt5-homo-3 / RMSF,RMSF,Residue,336,0.05410161,nm,nm
line,overlay,sdt5-homo-3,sdt5-homo-3,rmsf,ka9smsfg,ka9smsfg::RMSF,sdt5-homo-3 / RMSF,RMSF,Residue,337,0.057834536,nm,nm
line,overlay,sdt5-homo-3,sdt5-homo-3,rmsf,ka9smsfg,ka9smsfg::RMSF,sdt5-homo-3 / RMSF,RMSF,Residue,338,0.055781927,nm,nm
line,overlay,sdt5-homo-3,sdt5-homo-3,rmsf,ka9smsfg,ka9smsfg::RMSF,sdt5-homo-3 / RMSF,RMSF,Residue,339,0.055847578,nm,nm
line,overlay,sdt5-homo-3,sdt5-homo-3,rmsf,ka9smsfg,ka9smsfg::RMSF,sdt5-homo-3 / RMSF,RMSF,Residue,340,0.06369427,nm,nm
line,overlay,sdt5-homo-3,sdt5-homo-3,rmsf,ka9smsfg,ka9smsfg::RMSF,sdt5-homo-3 / RMSF,RMSF,Residue,341,0.0753017,nm,nm
line,overlay,sdt5-homo-3,sdt5-homo-3,rmsf,ka9smsfg,ka9smsfg::RMSF,sdt5-homo-3 / RMSF,RMSF,Residue,342,0.06396558,nm,nm
line,overlay,sdt5-homo-3,sdt5-homo-3,rmsf,ka9smsfg,ka9smsfg::RMSF,sdt5-homo-3 / RMSF,RMSF,Residue,343,0.056987766,nm,nm
line,overlay,sdt5-homo-3,sdt5-homo-3,rmsf,ka9smsfg,ka9smsfg::RMSF,sdt5-homo-3 / RMSF,RMSF,Residue,344,0.05021777,nm,nm
line,overlay,sdt5-homo-3,sdt5-homo-3,rmsf,ka9smsfg,ka9smsfg::RMSF,sdt5-homo-3 / RMSF,RMSF,Residue,345,0.039224524,nm,nm
line,overlay,sdt5-homo-3,sdt5-homo-3,rmsf,ka9smsfg,ka9smsfg::RMSF,sdt5-homo-3 / RMSF,RMSF,Residue,346,0.04373612,nm,nm
line,overlay,sdt5-homo-3,sdt5-homo-3,rmsf,ka9smsfg,ka9smsfg::RMSF,sdt5-homo-3 / RMSF,RMSF,Residue,347,0.052249208,nm,nm
line,overlay,sdt5-homo-3,sdt5-homo-3,rmsf,ka9smsfg,ka9smsfg::RMSF,sdt5-homo-3 / RMSF,RMSF,Residue,348,0.041948713,nm,nm
line,overlay,sdt5-homo-3,sdt5-homo-3,rmsf,ka9smsfg,ka9smsfg::RMSF,sdt5-homo-3 / RMSF,RMSF,Residue,349,0.04519059,nm,nm
line,overlay,sdt5-homo-3,sdt5-homo-3,rmsf,ka9smsfg,ka9smsfg::RMSF,sdt5-homo-3 / RMSF,RMSF,Residue,350,0.06236714,nm,nm
line,overlay,sdt5-homo-3,sdt5-homo-3,rmsf,ka9smsfg,ka9smsfg::RMSF,sdt5-homo-3 / RMSF,RMSF,Residue,351,0.059080414,nm,nm
line,overlay,sdt5-homo-3,sdt5-homo-3,rmsf,ka9smsfg,ka9smsfg::RMSF,sdt5-homo-3 / RMSF,RMSF,Residue,352,0.067810066,nm,nm
line,overlay,sdt5-homo-3,sdt5-homo-3,rmsf,ka9smsfg,ka9smsfg::RMSF,sdt5-homo-3 / RMSF,RMSF,Residue,353,0.05600881,nm,nm
line,overlay,sdt5-homo-3,sdt5-homo-3,rmsf,ka9smsfg,ka9smsfg::RMSF,sdt5-homo-3 / RMSF,RMSF,Residue,354,0.043519855,nm,nm
line,overlay,sdt5-homo-3,sdt5-homo-3,rmsf,ka9smsfg,ka9smsfg::RMSF,sdt5-homo-3 / RMSF,RMSF,Residue,355,0.049018268,nm,nm
line,overlay,sdt5-homo-3,sdt5-homo-3,rmsf,ka9smsfg,ka9smsfg::RMSF,sdt5-homo-3 / RMSF,RMSF,Residue,356,0.04165715,nm,nm
line,overlay,sdt5-homo-3,sdt5-homo-3,rmsf,ka9smsfg,ka9smsfg::RMSF,sdt5-homo-3 / RMSF,RMSF,Residue,357,0.036168974,nm,nm
line,overlay,sdt5-homo-3,sdt5-homo-3,rmsf,ka9smsfg,ka9smsfg::RMSF,sdt5-homo-3 / RMSF,RMSF,Residue,358,0.035821427,nm,nm
line,overlay,sdt5-homo-3,sdt5-homo-3,rmsf,ka9smsfg,ka9smsfg::RMSF,sdt5-homo-3 / RMSF,RMSF,Residue,359,0.041671958,nm,nm
line,overlay,sdt5-homo-3,sdt5-homo-3,rmsf,ka9smsfg,ka9smsfg::RMSF,sdt5-homo-3 / RMSF,RMSF,Residue,360,0.04866607,nm,nm
line,overlay,sdt5-homo-3,sdt5-homo-3,rmsf,ka9smsfg,ka9smsfg::RMSF,sdt5-homo-3 / RMSF,RMSF,Residue,361,0.043033816,nm,nm
line,overlay,sdt5-homo-3,sdt5-homo-3,rmsf,ka9smsfg,ka9smsfg::RMSF,sdt5-homo-3 / RMSF,RMSF,Residue,362,0.040069245,nm,nm
line,overlay,sdt5-homo-3,sdt5-homo-3,rmsf,ka9smsfg,ka9smsfg::RMSF,sdt5-homo-3 / RMSF,RMSF,Residue,363,0.04047449,nm,nm
line,overlay,sdt5-homo-3,sdt5-homo-3,rmsf,ka9smsfg,ka9smsfg::RMSF,sdt5-homo-3 / RMSF,RMSF,Residue,364,0.042024434,nm,nm
line,overlay,sdt5-homo-3,sdt5-homo-3,rmsf,ka9smsfg,ka9smsfg::RMSF,sdt5-homo-3 / RMSF,RMSF,Residue,365,0.03778266,nm,nm
line,overlay,sdt5-homo-3,sdt5-homo-3,rmsf,ka9smsfg,ka9smsfg::RMSF,sdt5-homo-3 / RMSF,RMSF,Residue,366,0.036262784,nm,nm
line,overlay,sdt5-homo-3,sdt5-homo-3,rmsf,ka9smsfg,ka9smsfg::RMSF,sdt5-homo-3 / RMSF,RMSF,Residue,367,0.03526283,nm,nm
line,overlay,sdt5-homo-3,sdt5-homo-3,rmsf,ka9smsfg,ka9smsfg::RMSF,sdt5-homo-3 / RMSF,RMSF,Residue,368,0.03563112,nm,nm
line,overlay,sdt5-homo-3,sdt5-homo-3,rmsf,ka9smsfg,ka9smsfg::RMSF,sdt5-homo-3 / RMSF,RMSF,Residue,369,0.040508494,nm,nm
line,overlay,sdt5-homo-3,sdt5-homo-3,rmsf,ka9smsfg,ka9smsfg::RMSF,sdt5-homo-3 / RMSF,RMSF,Residue,370,0.043277003,nm,nm
line,overlay,sdt5-homo-3,sdt5-homo-3,rmsf,ka9smsfg,ka9smsfg::RMSF,sdt5-homo-3 / RMSF,RMSF,Residue,371,0.053146355,nm,nm
line,overlay,sdt5-homo-3,sdt5-homo-3,rmsf,ka9smsfg,ka9smsfg::RMSF,sdt5-homo-3 / RMSF,RMSF,Residue,372,0.051503755,nm,nm
line,overlay,sdt5-homo-3,sdt5-homo-3,rmsf,ka9smsfg,ka9smsfg::RMSF,sdt5-homo-3 / RMSF,RMSF,Residue,373,0.047217984,nm,nm
line,overlay,sdt5-homo-3,sdt5-homo-3,rmsf,ka9smsfg,ka9smsfg::RMSF,sdt5-homo-3 / RMSF,RMSF,Residue,374,0.041313462,nm,nm
line,overlay,sdt5-homo-3,sdt5-homo-3,rmsf,ka9smsfg,ka9smsfg::RMSF,sdt5-homo-3 / RMSF,RMSF,Residue,375,0.04081662,nm,nm
line,overlay,sdt5-homo-3,sdt5-homo-3,rmsf,ka9smsfg,ka9smsfg::RMSF,sdt5-homo-3 / RMSF,RMSF,Residue,376,0.042160455,nm,nm
line,overlay,sdt5-homo-3,sdt5-homo-3,rmsf,ka9smsfg,ka9smsfg::RMSF,sdt5-homo-3 / RMSF,RMSF,Residue,377,0.038791243,nm,nm
line,overlay,sdt5-homo-3,sdt5-homo-3,rmsf,ka9smsfg,ka9smsfg::RMSF,sdt5-homo-3 / RMSF,RMSF,Residue,378,0.039574318,nm,nm
line,overlay,sdt5-homo-3,sdt5-homo-3,rmsf,ka9smsfg,ka9smsfg::RMSF,sdt5-homo-3 / RMSF,RMSF,Residue,379,0.04032178,nm,nm
line,overlay,sdt5-homo-3,sdt5-homo-3,rmsf,ka9smsfg,ka9smsfg::RMSF,sdt5-homo-3 / RMSF,RMSF,Residue,380,0.043120146,nm,nm
line,overlay,sdt5-homo-3,sdt5-homo-3,rmsf,ka9smsfg,ka9smsfg::RMSF,sdt5-homo-3 / RMSF,RMSF,Residue,381,0.057275075,nm,nm
line,overlay,sdt5-homo-3,sdt5-homo-3,rmsf,ka9smsfg,ka9smsfg::RMSF,sdt5-homo-3 / RMSF,RMSF,Residue,382,0.06670162,nm,nm
line,overlay,sdt5-homo-3,sdt5-homo-3,rmsf,ka9smsfg,ka9smsfg::RMSF,sdt5-homo-3 / RMSF,RMSF,Residue,383,0.11222355,nm,nm
line,overlay,sdt5-homo-3,sdt5-homo-3,rmsf,ka9smsfg,ka9smsfg::RMSF,sdt5-homo-3 / RMSF,RMSF,Residue,384,0.060635865,nm,nm
line,overlay,sdt5-homo-3,sdt5-homo-3,rmsf,ka9smsfg,ka9smsfg::RMSF,sdt5-homo-3 / RMSF,RMSF,Residue,385,0.04488256,nm,nm
line,overlay,sdt5-homo-3,sdt5-homo-3,rmsf,ka9smsfg,ka9smsfg::RMSF,sdt5-homo-3 / RMSF,RMSF,Residue,386,0.045686148,nm,nm
line,overlay,sdt5-homo-3,sdt5-homo-3,rmsf,ka9smsfg,ka9smsfg::RMSF,sdt5-homo-3 / RMSF,RMSF,Residue,387,0.044995643,nm,nm
line,overlay,sdt5-homo-3,sdt5-homo-3,rmsf,ka9smsfg,ka9smsfg::RMSF,sdt5-homo-3 / RMSF,RMSF,Residue,388,0.040638953,nm,nm
line,overlay,sdt5-homo-3,sdt5-homo-3,rmsf,ka9smsfg,ka9smsfg::RMSF,sdt5-homo-3 / RMSF,RMSF,Residue,389,0.040148918,nm,nm
line,overlay,sdt5-homo-3,sdt5-homo-3,rmsf,ka9smsfg,ka9smsfg::RMSF,sdt5-homo-3 / RMSF,RMSF,Residue,390,0.045586377,nm,nm
line,overlay,sdt5-homo-3,sdt5-homo-3,rmsf,ka9smsfg,ka9smsfg::RMSF,sdt5-homo-3 / RMSF,RMSF,Residue,391,0.044724803,nm,nm
line,overlay,sdt5-homo-3,sdt5-homo-3,rmsf,ka9smsfg,ka9smsfg::RMSF,sdt5-homo-3 / RMSF,RMSF,Residue,392,0.043165836,nm,nm
line,overlay,sdt5-homo-3,sdt5-homo-3,rmsf,ka9smsfg,ka9smsfg::RMSF,sdt5-homo-3 / RMSF,RMSF,Residue,393,0.04832765,nm,nm
line,overlay,sdt5-homo-3,sdt5-homo-3,rmsf,ka9smsfg,ka9smsfg::RMSF,sdt5-homo-3 / RMSF,RMSF,Residue,394,0.05797443,nm,nm
line,overlay,sdt5-homo-3,sdt5-homo-3,rmsf,ka9smsfg,ka9smsfg::RMSF,sdt5-homo-3 / RMSF,RMSF,Residue,395,0.05721095,nm,nm
line,overlay,sdt5-homo-3,sdt5-homo-3,rmsf,ka9smsfg,ka9smsfg::RMSF,sdt5-homo-3 / RMSF,RMSF,Residue,396,0.054463424,nm,nm
line,overlay,sdt5-homo-3,sdt5-homo-3,rmsf,ka9smsfg,ka9smsfg::RMSF,sdt5-homo-3 / RMSF,RMSF,Residue,397,0.051856,nm,nm
line,overlay,sdt5-homo-3,sdt5-homo-3,rmsf,ka9smsfg,ka9smsfg::RMSF,sdt5-homo-3 / RMSF,RMSF,Residue,398,0.048988823,nm,nm
line,overlay,sdt5-homo-3,sdt5-homo-3,rmsf,ka9smsfg,ka9smsfg::RMSF,sdt5-homo-3 / RMSF,RMSF,Residue,399,0.051561564,nm,nm
line,overlay,sdt5-homo-3,sdt5-homo-3,rmsf,ka9smsfg,ka9smsfg::RMSF,sdt5-homo-3 / RMSF,RMSF,Residue,400,0.05086069,nm,nm
line,overlay,sdt5-homo-3,sdt5-homo-3,rmsf,ka9smsfg,ka9smsfg::RMSF,sdt5-homo-3 / RMSF,RMSF,Residue,401,0.04994346,nm,nm
line,overlay,sdt5-homo-3,sdt5-homo-3,rmsf,ka9smsfg,ka9smsfg::RMSF,sdt5-homo-3 / RMSF,RMSF,Residue,402,0.053889155,nm,nm
line,overlay,sdt5-homo-3,sdt5-homo-3,rmsf,ka9smsfg,ka9smsfg::RMSF,sdt5-homo-3 / RMSF,RMSF,Residue,403,0.06333765,nm,nm
line,overlay,sdt5-homo-3,sdt5-homo-3,rmsf,ka9smsfg,ka9smsfg::RMSF,sdt5-homo-3 / RMSF,RMSF,Residue,404,0.062955834,nm,nm
line,overlay,sdt5-homo-3,sdt5-homo-3,rmsf,ka9smsfg,ka9smsfg::RMSF,sdt5-homo-3 / RMSF,RMSF,Residue,405,0.08906682,nm,nm
line,overlay,sdt5-homo-3,sdt5-homo-3,rmsf,ka9smsfg,ka9smsfg::RMSF,sdt5-homo-3 / RMSF,RMSF,Residue,406,0.09780352,nm,nm
line,overlay,sdt5-homo-3,sdt5-homo-3,rmsf,ka9smsfg,ka9smsfg::RMSF,sdt5-homo-3 / RMSF,RMSF,Residue,407,0.07543148,nm,nm
line,overlay,sdt5-homo-3,sdt5-homo-3,rmsf,ka9smsfg,ka9smsfg::RMSF,sdt5-homo-3 / RMSF,RMSF,Residue,408,0.08612942,nm,nm
line,overlay,sdt5-homo-3,sdt5-homo-3,rmsf,ka9smsfg,ka9smsfg::RMSF,sdt5-homo-3 / RMSF,RMSF,Residue,409,0.07982005,nm,nm
line,overlay,sdt5-homo-3,sdt5-homo-3,rmsf,ka9smsfg,ka9smsfg::RMSF,sdt5-homo-3 / RMSF,RMSF,Residue,410,0.08746003,nm,nm
line,overlay,sdt5-homo-3,sdt5-homo-3,rmsf,ka9smsfg,ka9smsfg::RMSF,sdt5-homo-3 / RMSF,RMSF,Residue,411,0.08735981,nm,nm
line,overlay,sdt5-homo-3,sdt5-homo-3,rmsf,ka9smsfg,ka9smsfg::RMSF,sdt5-homo-3 / RMSF,RMSF,Residue,412,0.08564085,nm,nm
line,overlay,sdt5-homo-3,sdt5-homo-3,rmsf,ka9smsfg,ka9smsfg::RMSF,sdt5-homo-3 / RMSF,RMSF,Residue,413,0.080563195,nm,nm
line,overlay,sdt5-homo-3,sdt5-homo-3,rmsf,ka9smsfg,ka9smsfg::RMSF,sdt5-homo-3 / RMSF,RMSF,Residue,414,0.093294285,nm,nm
line,overlay,sdt5-homo-3,sdt5-homo-3,rmsf,ka9smsfg,ka9smsfg::RMSF,sdt5-homo-3 / RMSF,RMSF,Residue,415,0.06942249,nm,nm
line,overlay,sdt5-homo-3,sdt5-homo-3,rmsf,ka9smsfg,ka9smsfg::RMSF,sdt5-homo-3 / RMSF,RMSF,Residue,416,0.07282662,nm,nm
line,overlay,sdt5-homo-3,sdt5-homo-3,rmsf,ka9smsfg,ka9smsfg::RMSF,sdt5-homo-3 / RMSF,RMSF,Residue,417,0.06396861,nm,nm
line,overlay,sdt5-homo-3,sdt5-homo-3,rmsf,ka9smsfg,ka9smsfg::RMSF,sdt5-homo-3 / RMSF,RMSF,Residue,418,0.06819535,nm,nm
line,overlay,sdt5-homo-3,sdt5-homo-3,rmsf,ka9smsfg,ka9smsfg::RMSF,sdt5-homo-3 / RMSF,RMSF,Residue,419,0.064681776,nm,nm
line,overlay,sdt5-homo-3,sdt5-homo-3,rmsf,ka9smsfg,ka9smsfg::RMSF,sdt5-homo-3 / RMSF,RMSF,Residue,420,0.05531541,nm,nm
line,overlay,sdt5-homo-3,sdt5-homo-3,rmsf,ka9smsfg,ka9smsfg::RMSF,sdt5-homo-3 / RMSF,RMSF,Residue,421,0.056289874,nm,nm
line,overlay,sdt5-homo-3,sdt5-homo-3,rmsf,ka9smsfg,ka9smsfg::RMSF,sdt5-homo-3 / RMSF,RMSF,Residue,422,0.060134336,nm,nm
line,overlay,sdt5-homo-3,sdt5-homo-3,rmsf,ka9smsfg,ka9smsfg::RMSF,sdt5-homo-3 / RMSF,RMSF,Residue,423,0.053363636,nm,nm
line,overlay,sdt5-homo-3,sdt5-homo-3,rmsf,ka9smsfg,ka9smsfg::RMSF,sdt5-homo-3 / RMSF,RMSF,Residue,424,0.050626058,nm,nm
line,overlay,sdt5-homo-3,sdt5-homo-3,rmsf,ka9smsfg,ka9smsfg::RMSF,sdt5-homo-3 / RMSF,RMSF,Residue,425,0.05758984,nm,nm
line,overlay,sdt5-homo-3,sdt5-homo-3,rmsf,ka9smsfg,ka9smsfg::RMSF,sdt5-homo-3 / RMSF,RMSF,Residue,426,0.05840211,nm,nm
line,overlay,sdt5-homo-3,sdt5-homo-3,rmsf,ka9smsfg,ka9smsfg::RMSF,sdt5-homo-3 / RMSF,RMSF,Residue,427,0.054944474,nm,nm
line,overlay,sdt5-homo-3,sdt5-homo-3,rmsf,ka9smsfg,ka9smsfg::RMSF,sdt5-homo-3 / RMSF,RMSF,Residue,428,0.056039218,nm,nm
line,overlay,sdt5-homo-3,sdt5-homo-3,rmsf,ka9smsfg,ka9smsfg::RMSF,sdt5-homo-3 / RMSF,RMSF,Residue,429,0.07698971,nm,nm
line,overlay,sdt5-homo-3,sdt5-homo-3,rmsf,ka9smsfg,ka9smsfg::RMSF,sdt5-homo-3 / RMSF,RMSF,Residue,430,0.07899673,nm,nm
line,overlay,sdt5-homo-3,sdt5-homo-3,rmsf,ka9smsfg,ka9smsfg::RMSF,sdt5-homo-3 / RMSF,RMSF,Residue,431,0.10342302,nm,nm
line,overlay,sdt5-homo-3,sdt5-homo-3,rmsf,ka9smsfg,ka9smsfg::RMSF,sdt5-homo-3 / RMSF,RMSF,Residue,432,0.106664315,nm,nm
line,overlay,sdt5-homo-3,sdt5-homo-3,rmsf,ka9smsfg,ka9smsfg::RMSF,sdt5-homo-3 / RMSF,RMSF,Residue,433,0.07206059,nm,nm
line,overlay,sdt5-homo-3,sdt5-homo-3,rmsf,ka9smsfg,ka9smsfg::RMSF,sdt5-homo-3 / RMSF,RMSF,Residue,434,0.07580332,nm,nm
line,overlay,sdt5-homo-3,sdt5-homo-3,rmsf,ka9smsfg,ka9smsfg::RMSF,sdt5-homo-3 / RMSF,RMSF,Residue,435,0.07541362,nm,nm
line,overlay,sdt5-homo-3,sdt5-homo-3,rmsf,ka9smsfg,ka9smsfg::RMSF,sdt5-homo-3 / RMSF,RMSF,Residue,436,0.057126883,nm,nm
line,overlay,sdt5-homo-3,sdt5-homo-3,rmsf,ka9smsfg,ka9smsfg::RMSF,sdt5-homo-3 / RMSF,RMSF,Residue,437,0.05475556,nm,nm
line,overlay,sdt5-homo-3,sdt5-homo-3,rmsf,ka9smsfg,ka9smsfg::RMSF,sdt5-homo-3 / RMSF,RMSF,Residue,438,0.0621276,nm,nm
line,overlay,sdt5-homo-3,sdt5-homo-3,rmsf,ka9smsfg,ka9smsfg::RMSF,sdt5-homo-3 / RMSF,RMSF,Residue,439,0.054423533,nm,nm
line,overlay,sdt5-homo-3,sdt5-homo-3,rmsf,ka9smsfg,ka9smsfg::RMSF,sdt5-homo-3 / RMSF,RMSF,Residue,440,0.048950855,nm,nm
line,overlay,sdt5-homo-3,sdt5-homo-3,rmsf,ka9smsfg,ka9smsfg::RMSF,sdt5-homo-3 / RMSF,RMSF,Residue,441,0.05468234,nm,nm
line,overlay,sdt5-homo-3,sdt5-homo-3,rmsf,ka9smsfg,ka9smsfg::RMSF,sdt5-homo-3 / RMSF,RMSF,Residue,442,0.055175032,nm,nm
line,overlay,sdt5-homo-3,sdt5-homo-3,rmsf,ka9smsfg,ka9smsfg::RMSF,sdt5-homo-3 / RMSF,RMSF,Residue,443,0.049223796,nm,nm
line,overlay,sdt5-homo-3,sdt5-homo-3,rmsf,ka9smsfg,ka9smsfg::RMSF,sdt5-homo-3 / RMSF,RMSF,Residue,444,0.047887124,nm,nm
line,overlay,sdt5-homo-3,sdt5-homo-3,rmsf,ka9smsfg,ka9smsfg::RMSF,sdt5-homo-3 / RMSF,RMSF,Residue,445,0.05292046,nm,nm
line,overlay,sdt5-homo-3,sdt5-homo-3,rmsf,ka9smsfg,ka9smsfg::RMSF,sdt5-homo-3 / RMSF,RMSF,Residue,446,0.05090777,nm,nm
line,overlay,sdt5-homo-3,sdt5-homo-3,rmsf,ka9smsfg,ka9smsfg::RMSF,sdt5-homo-3 / RMSF,RMSF,Residue,447,0.04968352,nm,nm
line,overlay,sdt5-homo-3,sdt5-homo-3,rmsf,ka9smsfg,ka9smsfg::RMSF,sdt5-homo-3 / RMSF,RMSF,Residue,448,0.060073897,nm,nm
line,overlay,sdt5-homo-3,sdt5-homo-3,rmsf,ka9smsfg,ka9smsfg::RMSF,sdt5-homo-3 / RMSF,RMSF,Residue,449,0.06305275,nm,nm
line,overlay,sdt5-homo-3,sdt5-homo-3,rmsf,ka9smsfg,ka9smsfg::RMSF,sdt5-homo-3 / RMSF,RMSF,Residue,450,0.052876025,nm,nm
line,overlay,sdt5-homo-3,sdt5-homo-3,rmsf,ka9smsfg,ka9smsfg::RMSF,sdt5-homo-3 / RMSF,RMSF,Residue,451,0.07125599,nm,nm
line,overlay,sdt5-homo-3,sdt5-homo-3,rmsf,ka9smsfg,ka9smsfg::RMSF,sdt5-homo-3 / RMSF,RMSF,Residue,452,0.10217535,nm,nm
line,overlay,sdt5-homo-3,sdt5-homo-3,rmsf,ka9smsfg,ka9smsfg::RMSF,sdt5-homo-3 / RMSF,RMSF,Residue,453,0.12334193,nm,nm
line,overlay,sdt5-homo-3,sdt5-homo-3,rmsf,ka9smsfg,ka9smsfg::RMSF,sdt5-homo-3 / RMSF,RMSF,Residue,454,0.10235588,nm,nm
line,overlay,sdt5-homo-3,sdt5-homo-3,rmsf,ka9smsfg,ka9smsfg::RMSF,sdt5-homo-3 / RMSF,RMSF,Residue,455,0.071783096,nm,nm
line,overlay,sdt5-homo-3,sdt5-homo-3,rmsf,ka9smsfg,ka9smsfg::RMSF,sdt5-homo-3 / RMSF,RMSF,Residue,456,0.058680907,nm,nm
line,overlay,sdt5-homo-3,sdt5-homo-3,rmsf,ka9smsfg,ka9smsfg::RMSF,sdt5-homo-3 / RMSF,RMSF,Residue,457,0.049766183,nm,nm
line,overlay,sdt5-homo-3,sdt5-homo-3,rmsf,ka9smsfg,ka9smsfg::RMSF,sdt5-homo-3 / RMSF,RMSF,Residue,458,0.058930233,nm,nm
line,overlay,sdt5-homo-3,sdt5-homo-3,rmsf,ka9smsfg,ka9smsfg::RMSF,sdt5-homo-3 / RMSF,RMSF,Residue,459,0.05780427,nm,nm
line,overlay,sdt5-homo-3,sdt5-homo-3,rmsf,ka9smsfg,ka9smsfg::RMSF,sdt5-homo-3 / RMSF,RMSF,Residue,460,0.054333873,nm,nm
line,overlay,sdt5-homo-3,sdt5-homo-3,rmsf,ka9smsfg,ka9smsfg::RMSF,sdt5-homo-3 / RMSF,RMSF,Residue,461,0.052933756,nm,nm
line,overlay,sdt5-homo-3,sdt5-homo-3,rmsf,ka9smsfg,ka9smsfg::RMSF,sdt5-homo-3 / RMSF,RMSF,Residue,462,0.057340752,nm,nm
line,overlay,sdt5-homo-3,sdt5-homo-3,rmsf,ka9smsfg,ka9smsfg::RMSF,sdt5-homo-3 / RMSF,RMSF,Residue,463,0.057198822,nm,nm
line,overlay,sdt5-homo-3,sdt5-homo-3,rmsf,ka9smsfg,ka9smsfg::RMSF,sdt5-homo-3 / RMSF,RMSF,Residue,464,0.052399985,nm,nm
line,overlay,sdt5-homo-3,sdt5-homo-3,rmsf,ka9smsfg,ka9smsfg::RMSF,sdt5-homo-3 / RMSF,RMSF,Residue,465,0.05195348,nm,nm
line,overlay,sdt5-homo-3,sdt5-homo-3,rmsf,ka9smsfg,ka9smsfg::RMSF,sdt5-homo-3 / RMSF,RMSF,Residue,466,0.062253043,nm,nm
line,overlay,sdt5-homo-3,sdt5-homo-3,rmsf,ka9smsfg,ka9smsfg::RMSF,sdt5-homo-3 / RMSF,RMSF,Residue,467,0.06541557,nm,nm
line,overlay,sdt5-homo-3,sdt5-homo-3,rmsf,ka9smsfg,ka9smsfg::RMSF,sdt5-homo-3 / RMSF,RMSF,Residue,468,0.057502065,nm,nm
line,overlay,sdt5-homo-3,sdt5-homo-3,rmsf,ka9smsfg,ka9smsfg::RMSF,sdt5-homo-3 / RMSF,RMSF,Residue,469,0.071035974,nm,nm
line,overlay,sdt5-homo-3,sdt5-homo-3,rmsf,ka9smsfg,ka9smsfg::RMSF,sdt5-homo-3 / RMSF,RMSF,Residue,470,0.08507788,nm,nm
line,overlay,sdt5-homo-3,sdt5-homo-3,rmsf,ka9smsfg,ka9smsfg::RMSF,sdt5-homo-3 / RMSF,RMSF,Residue,471,0.08235933,nm,nm
line,overlay,sdt5-homo-3,sdt5-homo-3,rmsf,ka9smsfg,ka9smsfg::RMSF,sdt5-homo-3 / RMSF,RMSF,Residue,472,0.08596706,nm,nm
line,overlay,sdt5-homo-3,sdt5-homo-3,rmsf,ka9smsfg,ka9smsfg::RMSF,sdt5-homo-3 / RMSF,RMSF,Residue,473,0.11170667,nm,nm
line,overlay,sdt5-homo-3,sdt5-homo-3,rmsf,ka9smsfg,ka9smsfg::RMSF,sdt5-homo-3 / RMSF,RMSF,Residue,474,0.31486467,nm,nm
line,overlay,sdt5-homo-3,sdt5-homo-3,rmsf,ka9smsfg,ka9smsfg::RMSF,sdt5-homo-3 / RMSF,RMSF,Residue,475,0.49332675,nm,nm
line,overlay,sdt5-homo-3,sdt5-homo-3,rmsf,ka9smsfg,ka9smsfg::RMSF,sdt5-homo-3 / RMSF,RMSF,Residue,476,0.7179009,nm,nm
line,overlay,sdt5-homo-4,sdt5-homo-4,rmsf,u60oqmg5,u60oqmg5::RMSF,sdt5-homo-4 / RMSF,RMSF,Residue,1,0.31698328,nm,nm
line,overlay,sdt5-homo-4,sdt5-homo-4,rmsf,u60oqmg5,u60oqmg5::RMSF,sdt5-homo-4 / RMSF,RMSF,Residue,2,0.20275603,nm,nm
line,overlay,sdt5-homo-4,sdt5-homo-4,rmsf,u60oqmg5,u60oqmg5::RMSF,sdt5-homo-4 / RMSF,RMSF,Residue,3,0.10364693,nm,nm
line,overlay,sdt5-homo-4,sdt5-homo-4,rmsf,u60oqmg5,u60oqmg5::RMSF,sdt5-homo-4 / RMSF,RMSF,Residue,4,0.055244617,nm,nm
line,overlay,sdt5-homo-4,sdt5-homo-4,rmsf,u60oqmg5,u60oqmg5::RMSF,sdt5-homo-4 / RMSF,RMSF,Residue,5,0.04686816,nm,nm
line,overlay,sdt5-homo-4,sdt5-homo-4,rmsf,u60oqmg5,u60oqmg5::RMSF,sdt5-homo-4 / RMSF,RMSF,Residue,6,0.04127178,nm,nm
line,overlay,sdt5-homo-4,sdt5-homo-4,rmsf,u60oqmg5,u60oqmg5::RMSF,sdt5-homo-4 / RMSF,RMSF,Residue,7,0.03615757,nm,nm
line,overlay,sdt5-homo-4,sdt5-homo-4,rmsf,u60oqmg5,u60oqmg5::RMSF,sdt5-homo-4 / RMSF,RMSF,Residue,8,0.039290644,nm,nm
line,overlay,sdt5-homo-4,sdt5-homo-4,rmsf,u60oqmg5,u60oqmg5::RMSF,sdt5-homo-4 / RMSF,RMSF,Residue,9,0.041790888,nm,nm
line,overlay,sdt5-homo-4,sdt5-homo-4,rmsf,u60oqmg5,u60oqmg5::RMSF,sdt5-homo-4 / RMSF,RMSF,Residue,10,0.041812625,nm,nm
line,overlay,sdt5-homo-4,sdt5-homo-4,rmsf,u60oqmg5,u60oqmg5::RMSF,sdt5-homo-4 / RMSF,RMSF,Residue,11,0.044650942,nm,nm
line,overlay,sdt5-homo-4,sdt5-homo-4,rmsf,u60oqmg5,u60oqmg5::RMSF,sdt5-homo-4 / RMSF,RMSF,Residue,12,0.048369005,nm,nm
line,overlay,sdt5-homo-4,sdt5-homo-4,rmsf,u60oqmg5,u60oqmg5::RMSF,sdt5-homo-4 / RMSF,RMSF,Residue,13,0.053179115,nm,nm
line,overlay,sdt5-homo-4,sdt5-homo-4,rmsf,u60oqmg5,u60oqmg5::RMSF,sdt5-homo-4 / RMSF,RMSF,Residue,14,0.05868111,nm,nm
line,overlay,sdt5-homo-4,sdt5-homo-4,rmsf,u60oqmg5,u60oqmg5::RMSF,sdt5-homo-4 / RMSF,RMSF,Residue,15,0.057794806,nm,nm
line,overlay,sdt5-homo-4,sdt5-homo-4,rmsf,u60oqmg5,u60oqmg5::RMSF,sdt5-homo-4 / RMSF,RMSF,Residue,16,0.043958593,nm,nm
line,overlay,sdt5-homo-4,sdt5-homo-4,rmsf,u60oqmg5,u60oqmg5::RMSF,sdt5-homo-4 / RMSF,RMSF,Residue,17,0.041547205,nm,nm
line,overlay,sdt5-homo-4,sdt5-homo-4,rmsf,u60oqmg5,u60oqmg5::RMSF,sdt5-homo-4 / RMSF,RMSF,Residue,18,0.047685333,nm,nm
line,overlay,sdt5-homo-4,sdt5-homo-4,rmsf,u60oqmg5,u60oqmg5::RMSF,sdt5-homo-4 / RMSF,RMSF,Residue,19,0.044432,nm,nm
line,overlay,sdt5-homo-4,sdt5-homo-4,rmsf,u60oqmg5,u60oqmg5::RMSF,sdt5-homo-4 / RMSF,RMSF,Residue,20,0.0386679,nm,nm
line,overlay,sdt5-homo-4,sdt5-homo-4,rmsf,u60oqmg5,u60oqmg5::RMSF,sdt5-homo-4 / RMSF,RMSF,Residue,21,0.039369624,nm,nm
line,overlay,sdt5-homo-4,sdt5-homo-4,rmsf,u60oqmg5,u60oqmg5::RMSF,sdt5-homo-4 / RMSF,RMSF,Residue,22,0.038828548,nm,nm
line,overlay,sdt5-homo-4,sdt5-homo-4,rmsf,u60oqmg5,u60oqmg5::RMSF,sdt5-homo-4 / RMSF,RMSF,Residue,23,0.039999407,nm,nm
line,overlay,sdt5-homo-4,sdt5-homo-4,rmsf,u60oqmg5,u60oqmg5::RMSF,sdt5-homo-4 / RMSF,RMSF,Residue,24,0.041361652,nm,nm
line,overlay,sdt5-homo-4,sdt5-homo-4,rmsf,u60oqmg5,u60oqmg5::RMSF,sdt5-homo-4 / RMSF,RMSF,Residue,25,0.044008587,nm,nm
line,overlay,sdt5-homo-4,sdt5-homo-4,rmsf,u60oqmg5,u60oqmg5::RMSF,sdt5-homo-4 / RMSF,RMSF,Residue,26,0.045111377,nm,nm
line,overlay,sdt5-homo-4,sdt5-homo-4,rmsf,u60oqmg5,u60oqmg5::RMSF,sdt5-homo-4 / RMSF,RMSF,Residue,27,0.04436135,nm,nm
line,overlay,sdt5-homo-4,sdt5-homo-4,rmsf,u60oqmg5,u60oqmg5::RMSF,sdt5-homo-4 / RMSF,RMSF,Residue,28,0.052588634,nm,nm
line,overlay,sdt5-homo-4,sdt5-homo-4,rmsf,u60oqmg5,u60oqmg5::RMSF,sdt5-homo-4 / RMSF,RMSF,Residue,29,0.063379854,nm,nm
line,overlay,sdt5-homo-4,sdt5-homo-4,rmsf,u60oqmg5,u60oqmg5::RMSF,sdt5-homo-4 / RMSF,RMSF,Residue,30,0.06433678,nm,nm
line,overlay,sdt5-homo-4,sdt5-homo-4,rmsf,u60oqmg5,u60oqmg5::RMSF,sdt5-homo-4 / RMSF,RMSF,Residue,31,0.06818915,nm,nm
line,overlay,sdt5-homo-4,sdt5-homo-4,rmsf,u60oqmg5,u60oqmg5::RMSF,sdt5-homo-4 / RMSF,RMSF,Residue,32,0.057730764,nm,nm
line,overlay,sdt5-homo-4,sdt5-homo-4,rmsf,u60oqmg5,u60oqmg5::RMSF,sdt5-homo-4 / RMSF,RMSF,Residue,33,0.051906914,nm,nm
line,overlay,sdt5-homo-4,sdt5-homo-4,rmsf,u60oqmg5,u60oqmg5::RMSF,sdt5-homo-4 / RMSF,RMSF,Residue,34,0.05053679,nm,nm
line,overlay,sdt5-homo-4,sdt5-homo-4,rmsf,u60oqmg5,u60oqmg5::RMSF,sdt5-homo-4 / RMSF,RMSF,Residue,35,0.045995336,nm,nm
line,overlay,sdt5-homo-4,sdt5-homo-4,rmsf,u60oqmg5,u60oqmg5::RMSF,sdt5-homo-4 / RMSF,RMSF,Residue,36,0.04934414,nm,nm
line,overlay,sdt5-homo-4,sdt5-homo-4,rmsf,u60oqmg5,u60oqmg5::RMSF,sdt5-homo-4 / RMSF,RMSF,Residue,37,0.051534593,nm,nm
line,overlay,sdt5-homo-4,sdt5-homo-4,rmsf,u60oqmg5,u60oqmg5::RMSF,sdt5-homo-4 / RMSF,RMSF,Residue,38,0.054069534,nm,nm
line,overlay,sdt5-homo-4,sdt5-homo-4,rmsf,u60oqmg5,u60oqmg5::RMSF,sdt5-homo-4 / RMSF,RMSF,Residue,39,0.05859297,nm,nm
line,overlay,sdt5-homo-4,sdt5-homo-4,rmsf,u60oqmg5,u60oqmg5::RMSF,sdt5-homo-4 / RMSF,RMSF,Residue,40,0.070409626,nm,nm
line,overlay,sdt5-homo-4,sdt5-homo-4,rmsf,u60oqmg5,u60oqmg5::RMSF,sdt5-homo-4 / RMSF,RMSF,Residue,41,0.07544089,nm,nm
line,overlay,sdt5-homo-4,sdt5-homo-4,rmsf,u60oqmg5,u60oqmg5::RMSF,sdt5-homo-4 / RMSF,RMSF,Residue,42,0.0687427,nm,nm
line,overlay,sdt5-homo-4,sdt5-homo-4,rmsf,u60oqmg5,u60oqmg5::RMSF,sdt5-homo-4 / RMSF,RMSF,Residue,43,0.07728412,nm,nm
line,overlay,sdt5-homo-4,sdt5-homo-4,rmsf,u60oqmg5,u60oqmg5::RMSF,sdt5-homo-4 / RMSF,RMSF,Residue,44,0.094540775,nm,nm
line,overlay,sdt5-homo-4,sdt5-homo-4,rmsf,u60oqmg5,u60oqmg5::RMSF,sdt5-homo-4 / RMSF,RMSF,Residue,45,0.09484711,nm,nm
line,overlay,sdt5-homo-4,sdt5-homo-4,rmsf,u60oqmg5,u60oqmg5::RMSF,sdt5-homo-4 / RMSF,RMSF,Residue,46,0.06650076,nm,nm
line,overlay,sdt5-homo-4,sdt5-homo-4,rmsf,u60oqmg5,u60oqmg5::RMSF,sdt5-homo-4 / RMSF,RMSF,Residue,47,0.092005566,nm,nm
line,overlay,sdt5-homo-4,sdt5-homo-4,rmsf,u60oqmg5,u60oqmg5::RMSF,sdt5-homo-4 / RMSF,RMSF,Residue,48,0.090339884,nm,nm
line,overlay,sdt5-homo-4,sdt5-homo-4,rmsf,u60oqmg5,u60oqmg5::RMSF,sdt5-homo-4 / RMSF,RMSF,Residue,49,0.0700695,nm,nm
line,overlay,sdt5-homo-4,sdt5-homo-4,rmsf,u60oqmg5,u60oqmg5::RMSF,sdt5-homo-4 / RMSF,RMSF,Residue,50,0.057346057,nm,nm
line,overlay,sdt5-homo-4,sdt5-homo-4,rmsf,u60oqmg5,u60oqmg5::RMSF,sdt5-homo-4 / RMSF,RMSF,Residue,51,0.073041715,nm,nm
line,overlay,sdt5-homo-4,sdt5-homo-4,rmsf,u60oqmg5,u60oqmg5::RMSF,sdt5-homo-4 / RMSF,RMSF,Residue,52,0.073169686,nm,nm
line,overlay,sdt5-homo-4,sdt5-homo-4,rmsf,u60oqmg5,u60oqmg5::RMSF,sdt5-homo-4 / RMSF,RMSF,Residue,53,0.07173424,nm,nm
line,overlay,sdt5-homo-4,sdt5-homo-4,rmsf,u60oqmg5,u60oqmg5::RMSF,sdt5-homo-4 / RMSF,RMSF,Residue,54,0.082739204,nm,nm
line,overlay,sdt5-homo-4,sdt5-homo-4,rmsf,u60oqmg5,u60oqmg5::RMSF,sdt5-homo-4 / RMSF,RMSF,Residue,55,0.094519235,nm,nm
line,overlay,sdt5-homo-4,sdt5-homo-4,rmsf,u60oqmg5,u60oqmg5::RMSF,sdt5-homo-4 / RMSF,RMSF,Residue,56,0.0880652,nm,nm
line,overlay,sdt5-homo-4,sdt5-homo-4,rmsf,u60oqmg5,u60oqmg5::RMSF,sdt5-homo-4 / RMSF,RMSF,Residue,57,0.09940557,nm,nm
line,overlay,sdt5-homo-4,sdt5-homo-4,rmsf,u60oqmg5,u60oqmg5::RMSF,sdt5-homo-4 / RMSF,RMSF,Residue,58,0.093552016,nm,nm
line,overlay,sdt5-homo-4,sdt5-homo-4,rmsf,u60oqmg5,u60oqmg5::RMSF,sdt5-homo-4 / RMSF,RMSF,Residue,59,0.08913122,nm,nm
line,overlay,sdt5-homo-4,sdt5-homo-4,rmsf,u60oqmg5,u60oqmg5::RMSF,sdt5-homo-4 / RMSF,RMSF,Residue,60,0.06349634,nm,nm
line,overlay,sdt5-homo-4,sdt5-homo-4,rmsf,u60oqmg5,u60oqmg5::RMSF,sdt5-homo-4 / RMSF,RMSF,Residue,61,0.057589773,nm,nm
line,overlay,sdt5-homo-4,sdt5-homo-4,rmsf,u60oqmg5,u60oqmg5::RMSF,sdt5-homo-4 / RMSF,RMSF,Residue,62,0.0581973,nm,nm
line,overlay,sdt5-homo-4,sdt5-homo-4,rmsf,u60oqmg5,u60oqmg5::RMSF,sdt5-homo-4 / RMSF,RMSF,Residue,63,0.056221917,nm,nm
line,overlay,sdt5-homo-4,sdt5-homo-4,rmsf,u60oqmg5,u60oqmg5::RMSF,sdt5-homo-4 / RMSF,RMSF,Residue,64,0.071645066,nm,nm
line,overlay,sdt5-homo-4,sdt5-homo-4,rmsf,u60oqmg5,u60oqmg5::RMSF,sdt5-homo-4 / RMSF,RMSF,Residue,65,0.07360975,nm,nm
line,overlay,sdt5-homo-4,sdt5-homo-4,rmsf,u60oqmg5,u60oqmg5::RMSF,sdt5-homo-4 / RMSF,RMSF,Residue,66,0.07622895,nm,nm
line,overlay,sdt5-homo-4,sdt5-homo-4,rmsf,u60oqmg5,u60oqmg5::RMSF,sdt5-homo-4 / RMSF,RMSF,Residue,67,0.07227088,nm,nm
line,overlay,sdt5-homo-4,sdt5-homo-4,rmsf,u60oqmg5,u60oqmg5::RMSF,sdt5-homo-4 / RMSF,RMSF,Residue,68,0.08065157,nm,nm
line,overlay,sdt5-homo-4,sdt5-homo-4,rmsf,u60oqmg5,u60oqmg5::RMSF,sdt5-homo-4 / RMSF,RMSF,Residue,69,0.08635482,nm,nm
line,overlay,sdt5-homo-4,sdt5-homo-4,rmsf,u60oqmg5,u60oqmg5::RMSF,sdt5-homo-4 / RMSF,RMSF,Residue,70,0.10791263,nm,nm
line,overlay,sdt5-homo-4,sdt5-homo-4,rmsf,u60oqmg5,u60oqmg5::RMSF,sdt5-homo-4 / RMSF,RMSF,Residue,71,0.108592436,nm,nm
line,overlay,sdt5-homo-4,sdt5-homo-4,rmsf,u60oqmg5,u60oqmg5::RMSF,sdt5-homo-4 / RMSF,RMSF,Residue,72,0.09692916,nm,nm
line,overlay,sdt5-homo-4,sdt5-homo-4,rmsf,u60oqmg5,u60oqmg5::RMSF,sdt5-homo-4 / RMSF,RMSF,Residue,73,0.10904693,nm,nm
line,overlay,sdt5-homo-4,sdt5-homo-4,rmsf,u60oqmg5,u60oqmg5::RMSF,sdt5-homo-4 / RMSF,RMSF,Residue,74,0.09363655,nm,nm
line,overlay,sdt5-homo-4,sdt5-homo-4,rmsf,u60oqmg5,u60oqmg5::RMSF,sdt5-homo-4 / RMSF,RMSF,Residue,75,0.10330171,nm,nm
line,overlay,sdt5-homo-4,sdt5-homo-4,rmsf,u60oqmg5,u60oqmg5::RMSF,sdt5-homo-4 / RMSF,RMSF,Residue,76,0.11367614,nm,nm
line,overlay,sdt5-homo-4,sdt5-homo-4,rmsf,u60oqmg5,u60oqmg5::RMSF,sdt5-homo-4 / RMSF,RMSF,Residue,77,0.10393091,nm,nm
line,overlay,sdt5-homo-4,sdt5-homo-4,rmsf,u60oqmg5,u60oqmg5::RMSF,sdt5-homo-4 / RMSF,RMSF,Residue,78,0.08057197,nm,nm
line,overlay,sdt5-homo-4,sdt5-homo-4,rmsf,u60oqmg5,u60oqmg5::RMSF,sdt5-homo-4 / RMSF,RMSF,Residue,79,0.07110296,nm,nm
line,overlay,sdt5-homo-4,sdt5-homo-4,rmsf,u60oqmg5,u60oqmg5::RMSF,sdt5-homo-4 / RMSF,RMSF,Residue,80,0.06988064,nm,nm
line,overlay,sdt5-homo-4,sdt5-homo-4,rmsf,u60oqmg5,u60oqmg5::RMSF,sdt5-homo-4 / RMSF,RMSF,Residue,81,0.077079535,nm,nm
line,overlay,sdt5-homo-4,sdt5-homo-4,rmsf,u60oqmg5,u60oqmg5::RMSF,sdt5-homo-4 / RMSF,RMSF,Residue,82,0.10439428,nm,nm
line,overlay,sdt5-homo-4,sdt5-homo-4,rmsf,u60oqmg5,u60oqmg5::RMSF,sdt5-homo-4 / RMSF,RMSF,Residue,83,0.09680403,nm,nm
line,overlay,sdt5-homo-4,sdt5-homo-4,rmsf,u60oqmg5,u60oqmg5::RMSF,sdt5-homo-4 / RMSF,RMSF,Residue,84,0.0942656,nm,nm
line,overlay,sdt5-homo-4,sdt5-homo-4,rmsf,u60oqmg5,u60oqmg5::RMSF,sdt5-homo-4 / RMSF,RMSF,Residue,85,0.13593008,nm,nm
line,overlay,sdt5-homo-4,sdt5-homo-4,rmsf,u60oqmg5,u60oqmg5::RMSF,sdt5-homo-4 / RMSF,RMSF,Residue,86,0.12134907,nm,nm
line,overlay,sdt5-homo-4,sdt5-homo-4,rmsf,u60oqmg5,u60oqmg5::RMSF,sdt5-homo-4 / RMSF,RMSF,Residue,87,0.12937993,nm,nm
line,overlay,sdt5-homo-4,sdt5-homo-4,rmsf,u60oqmg5,u60oqmg5::RMSF,sdt5-homo-4 / RMSF,RMSF,Residue,88,0.124911554,nm,nm
line,overlay,sdt5-homo-4,sdt5-homo-4,rmsf,u60oqmg5,u60oqmg5::RMSF,sdt5-homo-4 / RMSF,RMSF,Residue,89,0.10216628,nm,nm
line,overlay,sdt5-homo-4,sdt5-homo-4,rmsf,u60oqmg5,u60oqmg5::RMSF,sdt5-homo-4 / RMSF,RMSF,Residue,90,0.094514124,nm,nm
line,overlay,sdt5-homo-4,sdt5-homo-4,rmsf,u60oqmg5,u60oqmg5::RMSF,sdt5-homo-4 / RMSF,RMSF,Residue,91,0.09951942,nm,nm
line,overlay,sdt5-homo-4,sdt5-homo-4,rmsf,u60oqmg5,u60oqmg5::RMSF,sdt5-homo-4 / RMSF,RMSF,Residue,92,0.09165894,nm,nm
line,overlay,sdt5-homo-4,sdt5-homo-4,rmsf,u60oqmg5,u60oqmg5::RMSF,sdt5-homo-4 / RMSF,RMSF,Residue,93,0.077109925,nm,nm
line,overlay,sdt5-homo-4,sdt5-homo-4,rmsf,u60oqmg5,u60oqmg5::RMSF,sdt5-homo-4 / RMSF,RMSF,Residue,94,0.07964751,nm,nm
line,overlay,sdt5-homo-4,sdt5-homo-4,rmsf,u60oqmg5,u60oqmg5::RMSF,sdt5-homo-4 / RMSF,RMSF,Residue,95,0.08559674,nm,nm
line,overlay,sdt5-homo-4,sdt5-homo-4,rmsf,u60oqmg5,u60oqmg5::RMSF,sdt5-homo-4 / RMSF,RMSF,Residue,96,0.0757274,nm,nm
line,overlay,sdt5-homo-4,sdt5-homo-4,rmsf,u60oqmg5,u60oqmg5::RMSF,sdt5-homo-4 / RMSF,RMSF,Residue,97,0.07571698,nm,nm
line,overlay,sdt5-homo-4,sdt5-homo-4,rmsf,u60oqmg5,u60oqmg5::RMSF,sdt5-homo-4 / RMSF,RMSF,Residue,98,0.079907864,nm,nm
line,overlay,sdt5-homo-4,sdt5-homo-4,rmsf,u60oqmg5,u60oqmg5::RMSF,sdt5-homo-4 / RMSF,RMSF,Residue,99,0.08139212,nm,nm
line,overlay,sdt5-homo-4,sdt5-homo-4,rmsf,u60oqmg5,u60oqmg5::RMSF,sdt5-homo-4 / RMSF,RMSF,Residue,100,0.07290292,nm,nm
line,overlay,sdt5-homo-4,sdt5-homo-4,rmsf,u60oqmg5,u60oqmg5::RMSF,sdt5-homo-4 / RMSF,RMSF,Residue,101,0.07432133,nm,nm
line,overlay,sdt5-homo-4,sdt5-homo-4,rmsf,u60oqmg5,u60oqmg5::RMSF,sdt5-homo-4 / RMSF,RMSF,Residue,102,0.08459518,nm,nm
line,overlay,sdt5-homo-4,sdt5-homo-4,rmsf,u60oqmg5,u60oqmg5::RMSF,sdt5-homo-4 / RMSF,RMSF,Residue,103,0.08140112,nm,nm
line,overlay,sdt5-homo-4,sdt5-homo-4,rmsf,u60oqmg5,u60oqmg5::RMSF,sdt5-homo-4 / RMSF,RMSF,Residue,104,0.06604853,nm,nm
line,overlay,sdt5-homo-4,sdt5-homo-4,rmsf,u60oqmg5,u60oqmg5::RMSF,sdt5-homo-4 / RMSF,RMSF,Residue,105,0.067183025,nm,nm
line,overlay,sdt5-homo-4,sdt5-homo-4,rmsf,u60oqmg5,u60oqmg5::RMSF,sdt5-homo-4 / RMSF,RMSF,Residue,106,0.07729107,nm,nm
line,overlay,sdt5-homo-4,sdt5-homo-4,rmsf,u60oqmg5,u60oqmg5::RMSF,sdt5-homo-4 / RMSF,RMSF,Residue,107,0.07045707,nm,nm
line,overlay,sdt5-homo-4,sdt5-homo-4,rmsf,u60oqmg5,u60oqmg5::RMSF,sdt5-homo-4 / RMSF,RMSF,Residue,108,0.059423342,nm,nm
line,overlay,sdt5-homo-4,sdt5-homo-4,rmsf,u60oqmg5,u60oqmg5::RMSF,sdt5-homo-4 / RMSF,RMSF,Residue,109,0.07347776,nm,nm
line,overlay,sdt5-homo-4,sdt5-homo-4,rmsf,u60oqmg5,u60oqmg5::RMSF,sdt5-homo-4 / RMSF,RMSF,Residue,110,0.08491631,nm,nm
line,overlay,sdt5-homo-4,sdt5-homo-4,rmsf,u60oqmg5,u60oqmg5::RMSF,sdt5-homo-4 / RMSF,RMSF,Residue,111,0.072683275,nm,nm
line,overlay,sdt5-homo-4,sdt5-homo-4,rmsf,u60oqmg5,u60oqmg5::RMSF,sdt5-homo-4 / RMSF,RMSF,Residue,112,0.06494748,nm,nm
line,overlay,sdt5-homo-4,sdt5-homo-4,rmsf,u60oqmg5,u60oqmg5::RMSF,sdt5-homo-4 / RMSF,RMSF,Residue,113,0.05087961,nm,nm
line,overlay,sdt5-homo-4,sdt5-homo-4,rmsf,u60oqmg5,u60oqmg5::RMSF,sdt5-homo-4 / RMSF,RMSF,Residue,114,0.047512114,nm,nm
line,overlay,sdt5-homo-4,sdt5-homo-4,rmsf,u60oqmg5,u60oqmg5::RMSF,sdt5-homo-4 / RMSF,RMSF,Residue,115,0.04509682,nm,nm
line,overlay,sdt5-homo-4,sdt5-homo-4,rmsf,u60oqmg5,u60oqmg5::RMSF,sdt5-homo-4 / RMSF,RMSF,Residue,116,0.04133255,nm,nm
line,overlay,sdt5-homo-4,sdt5-homo-4,rmsf,u60oqmg5,u60oqmg5::RMSF,sdt5-homo-4 / RMSF,RMSF,Residue,117,0.040865317,nm,nm
line,overlay,sdt5-homo-4,sdt5-homo-4,rmsf,u60oqmg5,u60oqmg5::RMSF,sdt5-homo-4 / RMSF,RMSF,Residue,118,0.039254107,nm,nm
line,overlay,sdt5-homo-4,sdt5-homo-4,rmsf,u60oqmg5,u60oqmg5::RMSF,sdt5-homo-4 / RMSF,RMSF,Residue,119,0.038758628,nm,nm
line,overlay,sdt5-homo-4,sdt5-homo-4,rmsf,u60oqmg5,u60oqmg5::RMSF,sdt5-homo-4 / RMSF,RMSF,Residue,120,0.045309402,nm,nm
line,overlay,sdt5-homo-4,sdt5-homo-4,rmsf,u60oqmg5,u60oqmg5::RMSF,sdt5-homo-4 / RMSF,RMSF,Residue,121,0.05214276,nm,nm
line,overlay,sdt5-homo-4,sdt5-homo-4,rmsf,u60oqmg5,u60oqmg5::RMSF,sdt5-homo-4 / RMSF,RMSF,Residue,122,0.05236548,nm,nm
line,overlay,sdt5-homo-4,sdt5-homo-4,rmsf,u60oqmg5,u60oqmg5::RMSF,sdt5-homo-4 / RMSF,RMSF,Residue,123,0.05215803,nm,nm
line,overlay,sdt5-homo-4,sdt5-homo-4,rmsf,u60oqmg5,u60oqmg5::RMSF,sdt5-homo-4 / RMSF,RMSF,Residue,124,0.052348386,nm,nm
line,overlay,sdt5-homo-4,sdt5-homo-4,rmsf,u60oqmg5,u60oqmg5::RMSF,sdt5-homo-4 / RMSF,RMSF,Residue,125,0.048265286,nm,nm
line,overlay,sdt5-homo-4,sdt5-homo-4,rmsf,u60oqmg5,u60oqmg5::RMSF,sdt5-homo-4 / RMSF,RMSF,Residue,126,0.04942129,nm,nm
line,overlay,sdt5-homo-4,sdt5-homo-4,rmsf,u60oqmg5,u60oqmg5::RMSF,sdt5-homo-4 / RMSF,RMSF,Residue,127,0.05766107,nm,nm
line,overlay,sdt5-homo-4,sdt5-homo-4,rmsf,u60oqmg5,u60oqmg5::RMSF,sdt5-homo-4 / RMSF,RMSF,Residue,128,0.0580892,nm,nm
line,overlay,sdt5-homo-4,sdt5-homo-4,rmsf,u60oqmg5,u60oqmg5::RMSF,sdt5-homo-4 / RMSF,RMSF,Residue,129,0.054916732,nm,nm
line,overlay,sdt5-homo-4,sdt5-homo-4,rmsf,u60oqmg5,u60oqmg5::RMSF,sdt5-homo-4 / RMSF,RMSF,Residue,130,0.062581375,nm,nm
line,overlay,sdt5-homo-4,sdt5-homo-4,rmsf,u60oqmg5,u60oqmg5::RMSF,sdt5-homo-4 / RMSF,RMSF,Residue,131,0.07046527,nm,nm
line,overlay,sdt5-homo-4,sdt5-homo-4,rmsf,u60oqmg5,u60oqmg5::RMSF,sdt5-homo-4 / RMSF,RMSF,Residue,132,0.0662421,nm,nm
line,overlay,sdt5-homo-4,sdt5-homo-4,rmsf,u60oqmg5,u60oqmg5::RMSF,sdt5-homo-4 / RMSF,RMSF,Residue,133,0.06690911,nm,nm
line,overlay,sdt5-homo-4,sdt5-homo-4,rmsf,u60oqmg5,u60oqmg5::RMSF,sdt5-homo-4 / RMSF,RMSF,Residue,134,0.052500963,nm,nm
line,overlay,sdt5-homo-4,sdt5-homo-4,rmsf,u60oqmg5,u60oqmg5::RMSF,sdt5-homo-4 / RMSF,RMSF,Residue,135,0.049382757,nm,nm
line,overlay,sdt5-homo-4,sdt5-homo-4,rmsf,u60oqmg5,u60oqmg5::RMSF,sdt5-homo-4 / RMSF,RMSF,Residue,136,0.041346114,nm,nm
line,overlay,sdt5-homo-4,sdt5-homo-4,rmsf,u60oqmg5,u60oqmg5::RMSF,sdt5-homo-4 / RMSF,RMSF,Residue,137,0.038679797,nm,nm
line,overlay,sdt5-homo-4,sdt5-homo-4,rmsf,u60oqmg5,u60oqmg5::RMSF,sdt5-homo-4 / RMSF,RMSF,Residue,138,0.036817465,nm,nm
line,overlay,sdt5-homo-4,sdt5-homo-4,rmsf,u60oqmg5,u60oqmg5::RMSF,sdt5-homo-4 / RMSF,RMSF,Residue,139,0.039053824,nm,nm
line,overlay,sdt5-homo-4,sdt5-homo-4,rmsf,u60oqmg5,u60oqmg5::RMSF,sdt5-homo-4 / RMSF,RMSF,Residue,140,0.046024397,nm,nm
line,overlay,sdt5-homo-4,sdt5-homo-4,rmsf,u60oqmg5,u60oqmg5::RMSF,sdt5-homo-4 / RMSF,RMSF,Residue,141,0.05280286,nm,nm
line,overlay,sdt5-homo-4,sdt5-homo-4,rmsf,u60oqmg5,u60oqmg5::RMSF,sdt5-homo-4 / RMSF,RMSF,Residue,142,0.0489053,nm,nm
line,overlay,sdt5-homo-4,sdt5-homo-4,rmsf,u60oqmg5,u60oqmg5::RMSF,sdt5-homo-4 / RMSF,RMSF,Residue,143,0.05199213,nm,nm
line,overlay,sdt5-homo-4,sdt5-homo-4,rmsf,u60oqmg5,u60oqmg5::RMSF,sdt5-homo-4 / RMSF,RMSF,Residue,144,0.05460009,nm,nm
line,overlay,sdt5-homo-4,sdt5-homo-4,rmsf,u60oqmg5,u60oqmg5::RMSF,sdt5-homo-4 / RMSF,RMSF,Residue,145,0.041930158,nm,nm
line,overlay,sdt5-homo-4,sdt5-homo-4,rmsf,u60oqmg5,u60oqmg5::RMSF,sdt5-homo-4 / RMSF,RMSF,Residue,146,0.042558372,nm,nm
line,overlay,sdt5-homo-4,sdt5-homo-4,rmsf,u60oqmg5,u60oqmg5::RMSF,sdt5-homo-4 / RMSF,RMSF,Residue,147,0.044240154,nm,nm
line,overlay,sdt5-homo-4,sdt5-homo-4,rmsf,u60oqmg5,u60oqmg5::RMSF,sdt5-homo-4 / RMSF,RMSF,Residue,148,0.04335525,nm,nm
line,overlay,sdt5-homo-4,sdt5-homo-4,rmsf,u60oqmg5,u60oqmg5::RMSF,sdt5-homo-4 / RMSF,RMSF,Residue,149,0.04389365,nm,nm
line,overlay,sdt5-homo-4,sdt5-homo-4,rmsf,u60oqmg5,u60oqmg5::RMSF,sdt5-homo-4 / RMSF,RMSF,Residue,150,0.04756837,nm,nm
line,overlay,sdt5-homo-4,sdt5-homo-4,rmsf,u60oqmg5,u60oqmg5::RMSF,sdt5-homo-4 / RMSF,RMSF,Residue,151,0.051647607,nm,nm
line,overlay,sdt5-homo-4,sdt5-homo-4,rmsf,u60oqmg5,u60oqmg5::RMSF,sdt5-homo-4 / RMSF,RMSF,Residue,152,0.05658075,nm,nm
line,overlay,sdt5-homo-4,sdt5-homo-4,rmsf,u60oqmg5,u60oqmg5::RMSF,sdt5-homo-4 / RMSF,RMSF,Residue,153,0.05841974,nm,nm
line,overlay,sdt5-homo-4,sdt5-homo-4,rmsf,u60oqmg5,u60oqmg5::RMSF,sdt5-homo-4 / RMSF,RMSF,Residue,154,0.066855475,nm,nm
line,overlay,sdt5-homo-4,sdt5-homo-4,rmsf,u60oqmg5,u60oqmg5::RMSF,sdt5-homo-4 / RMSF,RMSF,Residue,155,0.07900422,nm,nm
line,overlay,sdt5-homo-4,sdt5-homo-4,rmsf,u60oqmg5,u60oqmg5::RMSF,sdt5-homo-4 / RMSF,RMSF,Residue,156,0.08518593,nm,nm
line,overlay,sdt5-homo-4,sdt5-homo-4,rmsf,u60oqmg5,u60oqmg5::RMSF,sdt5-homo-4 / RMSF,RMSF,Residue,157,0.08399946,nm,nm
line,overlay,sdt5-homo-4,sdt5-homo-4,rmsf,u60oqmg5,u60oqmg5::RMSF,sdt5-homo-4 / RMSF,RMSF,Residue,158,0.105132475,nm,nm
line,overlay,sdt5-homo-4,sdt5-homo-4,rmsf,u60oqmg5,u60oqmg5::RMSF,sdt5-homo-4 / RMSF,RMSF,Residue,159,0.1424896,nm,nm
line,overlay,sdt5-homo-4,sdt5-homo-4,rmsf,u60oqmg5,u60oqmg5::RMSF,sdt5-homo-4 / RMSF,RMSF,Residue,160,0.15035811,nm,nm
line,overlay,sdt5-homo-4,sdt5-homo-4,rmsf,u60oqmg5,u60oqmg5::RMSF,sdt5-homo-4 / RMSF,RMSF,Residue,161,0.17318931,nm,nm
line,overlay,sdt5-homo-4,sdt5-homo-4,rmsf,u60oqmg5,u60oqmg5::RMSF,sdt5-homo-4 / RMSF,RMSF,Residue,162,0.153088,nm,nm
line,overlay,sdt5-homo-4,sdt5-homo-4,rmsf,u60oqmg5,u60oqmg5::RMSF,sdt5-homo-4 / RMSF,RMSF,Residue,163,0.21350205,nm,nm
line,overlay,sdt5-homo-4,sdt5-homo-4,rmsf,u60oqmg5,u60oqmg5::RMSF,sdt5-homo-4 / RMSF,RMSF,Residue,164,0.17818685,nm,nm
line,overlay,sdt5-homo-4,sdt5-homo-4,rmsf,u60oqmg5,u60oqmg5::RMSF,sdt5-homo-4 / RMSF,RMSF,Residue,165,0.17705603,nm,nm
line,overlay,sdt5-homo-4,sdt5-homo-4,rmsf,u60oqmg5,u60oqmg5::RMSF,sdt5-homo-4 / RMSF,RMSF,Residue,166,0.15513362,nm,nm
line,overlay,sdt5-homo-4,sdt5-homo-4,rmsf,u60oqmg5,u60oqmg5::RMSF,sdt5-homo-4 / RMSF,RMSF,Residue,167,0.10986667,nm,nm
line,overlay,sdt5-homo-4,sdt5-homo-4,rmsf,u60oqmg5,u60oqmg5::RMSF,sdt5-homo-4 / RMSF,RMSF,Residue,168,0.08328269,nm,nm
line,overlay,sdt5-homo-4,sdt5-homo-4,rmsf,u60oqmg5,u60oqmg5::RMSF,sdt5-homo-4 / RMSF,RMSF,Residue,169,0.07787603,nm,nm
line,overlay,sdt5-homo-4,sdt5-homo-4,rmsf,u60oqmg5,u60oqmg5::RMSF,sdt5-homo-4 / RMSF,RMSF,Residue,170,0.07550076,nm,nm
line,overlay,sdt5-homo-4,sdt5-homo-4,rmsf,u60oqmg5,u60oqmg5::RMSF,sdt5-homo-4 / RMSF,RMSF,Residue,171,0.07570202,nm,nm
line,overlay,sdt5-homo-4,sdt5-homo-4,rmsf,u60oqmg5,u60oqmg5::RMSF,sdt5-homo-4 / RMSF,RMSF,Residue,172,0.09006103,nm,nm
line,overlay,sdt5-homo-4,sdt5-homo-4,rmsf,u60oqmg5,u60oqmg5::RMSF,sdt5-homo-4 / RMSF,RMSF,Residue,173,0.10759467,nm,nm
line,overlay,sdt5-homo-4,sdt5-homo-4,rmsf,u60oqmg5,u60oqmg5::RMSF,sdt5-homo-4 / RMSF,RMSF,Residue,174,0.09649341,nm,nm
line,overlay,sdt5-homo-4,sdt5-homo-4,rmsf,u60oqmg5,u60oqmg5::RMSF,sdt5-homo-4 / RMSF,RMSF,Residue,175,0.14444481,nm,nm
line,overlay,sdt5-homo-4,sdt5-homo-4,rmsf,u60oqmg5,u60oqmg5::RMSF,sdt5-homo-4 / RMSF,RMSF,Residue,176,0.11499068,nm,nm
line,overlay,sdt5-homo-4,sdt5-homo-4,rmsf,u60oqmg5,u60oqmg5::RMSF,sdt5-homo-4 / RMSF,RMSF,Residue,177,0.10493868,nm,nm
line,overlay,sdt5-homo-4,sdt5-homo-4,rmsf,u60oqmg5,u60oqmg5::RMSF,sdt5-homo-4 / RMSF,RMSF,Residue,178,0.074594684,nm,nm
line,overlay,sdt5-homo-4,sdt5-homo-4,rmsf,u60oqmg5,u60oqmg5::RMSF,sdt5-homo-4 / RMSF,RMSF,Residue,179,0.07404636,nm,nm
line,overlay,sdt5-homo-4,sdt5-homo-4,rmsf,u60oqmg5,u60oqmg5::RMSF,sdt5-homo-4 / RMSF,RMSF,Residue,180,0.061332695,nm,nm
line,overlay,sdt5-homo-4,sdt5-homo-4,rmsf,u60oqmg5,u60oqmg5::RMSF,sdt5-homo-4 / RMSF,RMSF,Residue,181,0.06759876,nm,nm
line,overlay,sdt5-homo-4,sdt5-homo-4,rmsf,u60oqmg5,u60oqmg5::RMSF,sdt5-homo-4 / RMSF,RMSF,Residue,182,0.068672106,nm,nm
line,overlay,sdt5-homo-4,sdt5-homo-4,rmsf,u60oqmg5,u60oqmg5::RMSF,sdt5-homo-4 / RMSF,RMSF,Residue,183,0.06512412,nm,nm
line,overlay,sdt5-homo-4,sdt5-homo-4,rmsf,u60oqmg5,u60oqmg5::RMSF,sdt5-homo-4 / RMSF,RMSF,Residue,184,0.057333753,nm,nm
line,overlay,sdt5-homo-4,sdt5-homo-4,rmsf,u60oqmg5,u60oqmg5::RMSF,sdt5-homo-4 / RMSF,RMSF,Residue,185,0.06193379,nm,nm
line,overlay,sdt5-homo-4,sdt5-homo-4,rmsf,u60oqmg5,u60oqmg5::RMSF,sdt5-homo-4 / RMSF,RMSF,Residue,186,0.0686538,nm,nm
line,overlay,sdt5-homo-4,sdt5-homo-4,rmsf,u60oqmg5,u60oqmg5::RMSF,sdt5-homo-4 / RMSF,RMSF,Residue,187,0.0767206,nm,nm
line,overlay,sdt5-homo-4,sdt5-homo-4,rmsf,u60oqmg5,u60oqmg5::RMSF,sdt5-homo-4 / RMSF,RMSF,Residue,188,0.07728267,nm,nm
line,overlay,sdt5-homo-4,sdt5-homo-4,rmsf,u60oqmg5,u60oqmg5::RMSF,sdt5-homo-4 / RMSF,RMSF,Residue,189,0.07569433,nm,nm
line,overlay,sdt5-homo-4,sdt5-homo-4,rmsf,u60oqmg5,u60oqmg5::RMSF,sdt5-homo-4 / RMSF,RMSF,Residue,190,0.09035907,nm,nm
line,overlay,sdt5-homo-4,sdt5-homo-4,rmsf,u60oqmg5,u60oqmg5::RMSF,sdt5-homo-4 / RMSF,RMSF,Residue,191,0.10014338,nm,nm
line,overlay,sdt5-homo-4,sdt5-homo-4,rmsf,u60oqmg5,u60oqmg5::RMSF,sdt5-homo-4 / RMSF,RMSF,Residue,192,0.15445583,nm,nm
line,overlay,sdt5-homo-4,sdt5-homo-4,rmsf,u60oqmg5,u60oqmg5::RMSF,sdt5-homo-4 / RMSF,RMSF,Residue,193,0.13808674,nm,nm
line,overlay,sdt5-homo-4,sdt5-homo-4,rmsf,u60oqmg5,u60oqmg5::RMSF,sdt5-homo-4 / RMSF,RMSF,Residue,194,0.13744205,nm,nm
line,overlay,sdt5-homo-4,sdt5-homo-4,rmsf,u60oqmg5,u60oqmg5::RMSF,sdt5-homo-4 / RMSF,RMSF,Residue,195,0.10945222,nm,nm
line,overlay,sdt5-homo-4,sdt5-homo-4,rmsf,u60oqmg5,u60oqmg5::RMSF,sdt5-homo-4 / RMSF,RMSF,Residue,196,0.089470915,nm,nm
line,overlay,sdt5-homo-4,sdt5-homo-4,rmsf,u60oqmg5,u60oqmg5::RMSF,sdt5-homo-4 / RMSF,RMSF,Residue,197,0.07746171,nm,nm
line,overlay,sdt5-homo-4,sdt5-homo-4,rmsf,u60oqmg5,u60oqmg5::RMSF,sdt5-homo-4 / RMSF,RMSF,Residue,198,0.07677155,nm,nm
line,overlay,sdt5-homo-4,sdt5-homo-4,rmsf,u60oqmg5,u60oqmg5::RMSF,sdt5-homo-4 / RMSF,RMSF,Residue,199,0.070089504,nm,nm
line,overlay,sdt5-homo-4,sdt5-homo-4,rmsf,u60oqmg5,u60oqmg5::RMSF,sdt5-homo-4 / RMSF,RMSF,Residue,200,0.06641054,nm,nm
line,overlay,sdt5-homo-4,sdt5-homo-4,rmsf,u60oqmg5,u60oqmg5::RMSF,sdt5-homo-4 / RMSF,RMSF,Residue,201,0.06603161,nm,nm
line,overlay,sdt5-homo-4,sdt5-homo-4,rmsf,u60oqmg5,u60oqmg5::RMSF,sdt5-homo-4 / RMSF,RMSF,Residue,202,0.06481588,nm,nm
line,overlay,sdt5-homo-4,sdt5-homo-4,rmsf,u60oqmg5,u60oqmg5::RMSF,sdt5-homo-4 / RMSF,RMSF,Residue,203,0.056513328,nm,nm
line,overlay,sdt5-homo-4,sdt5-homo-4,rmsf,u60oqmg5,u60oqmg5::RMSF,sdt5-homo-4 / RMSF,RMSF,Residue,204,0.050295338,nm,nm
line,overlay,sdt5-homo-4,sdt5-homo-4,rmsf,u60oqmg5,u60oqmg5::RMSF,sdt5-homo-4 / RMSF,RMSF,Residue,205,0.055476457,nm,nm
line,overlay,sdt5-homo-4,sdt5-homo-4,rmsf,u60oqmg5,u60oqmg5::RMSF,sdt5-homo-4 / RMSF,RMSF,Residue,206,0.05726893,nm,nm
line,overlay,sdt5-homo-4,sdt5-homo-4,rmsf,u60oqmg5,u60oqmg5::RMSF,sdt5-homo-4 / RMSF,RMSF,Residue,207,0.04895917,nm,nm
line,overlay,sdt5-homo-4,sdt5-homo-4,rmsf,u60oqmg5,u60oqmg5::RMSF,sdt5-homo-4 / RMSF,RMSF,Residue,208,0.051970847,nm,nm
line,overlay,sdt5-homo-4,sdt5-homo-4,rmsf,u60oqmg5,u60oqmg5::RMSF,sdt5-homo-4 / RMSF,RMSF,Residue,209,0.064692385,nm,nm
line,overlay,sdt5-homo-4,sdt5-homo-4,rmsf,u60oqmg5,u60oqmg5::RMSF,sdt5-homo-4 / RMSF,RMSF,Residue,210,0.06068397,nm,nm
line,overlay,sdt5-homo-4,sdt5-homo-4,rmsf,u60oqmg5,u60oqmg5::RMSF,sdt5-homo-4 / RMSF,RMSF,Residue,211,0.0458226,nm,nm
line,overlay,sdt5-homo-4,sdt5-homo-4,rmsf,u60oqmg5,u60oqmg5::RMSF,sdt5-homo-4 / RMSF,RMSF,Residue,212,0.046741918,nm,nm
line,overlay,sdt5-homo-4,sdt5-homo-4,rmsf,u60oqmg5,u60oqmg5::RMSF,sdt5-homo-4 / RMSF,RMSF,Residue,213,0.051633634,nm,nm
line,overlay,sdt5-homo-4,sdt5-homo-4,rmsf,u60oqmg5,u60oqmg5::RMSF,sdt5-homo-4 / RMSF,RMSF,Residue,214,0.041806597,nm,nm
line,overlay,sdt5-homo-4,sdt5-homo-4,rmsf,u60oqmg5,u60oqmg5::RMSF,sdt5-homo-4 / RMSF,RMSF,Residue,215,0.039218172,nm,nm
line,overlay,sdt5-homo-4,sdt5-homo-4,rmsf,u60oqmg5,u60oqmg5::RMSF,sdt5-homo-4 / RMSF,RMSF,Residue,216,0.037526637,nm,nm
line,overlay,sdt5-homo-4,sdt5-homo-4,rmsf,u60oqmg5,u60oqmg5::RMSF,sdt5-homo-4 / RMSF,RMSF,Residue,217,0.03701839,nm,nm
line,overlay,sdt5-homo-4,sdt5-homo-4,rmsf,u60oqmg5,u60oqmg5::RMSF,sdt5-homo-4 / RMSF,RMSF,Residue,218,0.046320453,nm,nm
line,overlay,sdt5-homo-4,sdt5-homo-4,rmsf,u60oqmg5,u60oqmg5::RMSF,sdt5-homo-4 / RMSF,RMSF,Residue,219,0.050255362,nm,nm
line,overlay,sdt5-homo-4,sdt5-homo-4,rmsf,u60oqmg5,u60oqmg5::RMSF,sdt5-homo-4 / RMSF,RMSF,Residue,220,0.05241542,nm,nm
line,overlay,sdt5-homo-4,sdt5-homo-4,rmsf,u60oqmg5,u60oqmg5::RMSF,sdt5-homo-4 / RMSF,RMSF,Residue,221,0.059666086,nm,nm
line,overlay,sdt5-homo-4,sdt5-homo-4,rmsf,u60oqmg5,u60oqmg5::RMSF,sdt5-homo-4 / RMSF,RMSF,Residue,222,0.052229803,nm,nm
line,overlay,sdt5-homo-4,sdt5-homo-4,rmsf,u60oqmg5,u60oqmg5::RMSF,sdt5-homo-4 / RMSF,RMSF,Residue,223,0.052716292,nm,nm
line,overlay,sdt5-homo-4,sdt5-homo-4,rmsf,u60oqmg5,u60oqmg5::RMSF,sdt5-homo-4 / RMSF,RMSF,Residue,224,0.055748012,nm,nm
line,overlay,sdt5-homo-4,sdt5-homo-4,rmsf,u60oqmg5,u60oqmg5::RMSF,sdt5-homo-4 / RMSF,RMSF,Residue,225,0.06115052,nm,nm
line,overlay,sdt5-homo-4,sdt5-homo-4,rmsf,u60oqmg5,u60oqmg5::RMSF,sdt5-homo-4 / RMSF,RMSF,Residue,226,0.06095969,nm,nm
line,overlay,sdt5-homo-4,sdt5-homo-4,rmsf,u60oqmg5,u60oqmg5::RMSF,sdt5-homo-4 / RMSF,RMSF,Residue,227,0.061329983,nm,nm
line,overlay,sdt5-homo-4,sdt5-homo-4,rmsf,u60oqmg5,u60oqmg5::RMSF,sdt5-homo-4 / RMSF,RMSF,Residue,228,0.067930214,nm,nm
line,overlay,sdt5-homo-4,sdt5-homo-4,rmsf,u60oqmg5,u60oqmg5::RMSF,sdt5-homo-4 / RMSF,RMSF,Residue,229,0.07384267,nm,nm
line,overlay,sdt5-homo-4,sdt5-homo-4,rmsf,u60oqmg5,u60oqmg5::RMSF,sdt5-homo-4 / RMSF,RMSF,Residue,230,0.067452624,nm,nm
line,overlay,sdt5-homo-4,sdt5-homo-4,rmsf,u60oqmg5,u60oqmg5::RMSF,sdt5-homo-4 / RMSF,RMSF,Residue,231,0.076419346,nm,nm
line,overlay,sdt5-homo-4,sdt5-homo-4,rmsf,u60oqmg5,u60oqmg5::RMSF,sdt5-homo-4 / RMSF,RMSF,Residue,232,0.09854947,nm,nm
line,overlay,sdt5-homo-4,sdt5-homo-4,rmsf,u60oqmg5,u60oqmg5::RMSF,sdt5-homo-4 / RMSF,RMSF,Residue,233,0.10326051,nm,nm
line,overlay,sdt5-homo-4,sdt5-homo-4,rmsf,u60oqmg5,u60oqmg5::RMSF,sdt5-homo-4 / RMSF,RMSF,Residue,234,0.08862427,nm,nm
line,overlay,sdt5-homo-4,sdt5-homo-4,rmsf,u60oqmg5,u60oqmg5::RMSF,sdt5-homo-4 / RMSF,RMSF,Residue,235,0.092597455,nm,nm
line,overlay,sdt5-homo-4,sdt5-homo-4,rmsf,u60oqmg5,u60oqmg5::RMSF,sdt5-homo-4 / RMSF,RMSF,Residue,236,0.069776155,nm,nm
line,overlay,sdt5-homo-4,sdt5-homo-4,rmsf,u60oqmg5,u60oqmg5::RMSF,sdt5-homo-4 / RMSF,RMSF,Residue,237,0.07287406,nm,nm
line,overlay,sdt5-homo-4,sdt5-homo-4,rmsf,u60oqmg5,u60oqmg5::RMSF,sdt5-homo-4 / RMSF,RMSF,Residue,238,0.052373607,nm,nm
line,overlay,sdt5-homo-4,sdt5-homo-4,rmsf,u60oqmg5,u60oqmg5::RMSF,sdt5-homo-4 / RMSF,RMSF,Residue,239,0.045657765,nm,nm
line,overlay,sdt5-homo-4,sdt5-homo-4,rmsf,u60oqmg5,u60oqmg5::RMSF,sdt5-homo-4 / RMSF,RMSF,Residue,240,0.04757815,nm,nm
line,overlay,sdt5-homo-4,sdt5-homo-4,rmsf,u60oqmg5,u60oqmg5::RMSF,sdt5-homo-4 / RMSF,RMSF,Residue,241,0.046443406,nm,nm
line,overlay,sdt5-homo-4,sdt5-homo-4,rmsf,u60oqmg5,u60oqmg5::RMSF,sdt5-homo-4 / RMSF,RMSF,Residue,242,0.04949972,nm,nm
line,overlay,sdt5-homo-4,sdt5-homo-4,rmsf,u60oqmg5,u60oqmg5::RMSF,sdt5-homo-4 / RMSF,RMSF,Residue,243,0.043404993,nm,nm
line,overlay,sdt5-homo-4,sdt5-homo-4,rmsf,u60oqmg5,u60oqmg5::RMSF,sdt5-homo-4 / RMSF,RMSF,Residue,244,0.05027832,nm,nm
line,overlay,sdt5-homo-4,sdt5-homo-4,rmsf,u60oqmg5,u60oqmg5::RMSF,sdt5-homo-4 / RMSF,RMSF,Residue,245,0.07106769,nm,nm
line,overlay,sdt5-homo-4,sdt5-homo-4,rmsf,u60oqmg5,u60oqmg5::RMSF,sdt5-homo-4 / RMSF,RMSF,Residue,246,0.060486827,nm,nm
line,overlay,sdt5-homo-4,sdt5-homo-4,rmsf,u60oqmg5,u60oqmg5::RMSF,sdt5-homo-4 / RMSF,RMSF,Residue,247,0.0625977,nm,nm
line,overlay,sdt5-homo-4,sdt5-homo-4,rmsf,u60oqmg5,u60oqmg5::RMSF,sdt5-homo-4 / RMSF,RMSF,Residue,248,0.05507972,nm,nm
line,overlay,sdt5-homo-4,sdt5-homo-4,rmsf,u60oqmg5,u60oqmg5::RMSF,sdt5-homo-4 / RMSF,RMSF,Residue,249,0.081848666,nm,nm
line,overlay,sdt5-homo-4,sdt5-homo-4,rmsf,u60oqmg5,u60oqmg5::RMSF,sdt5-homo-4 / RMSF,RMSF,Residue,250,0.08270439,nm,nm
line,overlay,sdt5-homo-4,sdt5-homo-4,rmsf,u60oqmg5,u60oqmg5::RMSF,sdt5-homo-4 / RMSF,RMSF,Residue,251,0.08346174,nm,nm
line,overlay,sdt5-homo-4,sdt5-homo-4,rmsf,u60oqmg5,u60oqmg5::RMSF,sdt5-homo-4 / RMSF,RMSF,Residue,252,0.08097275,nm,nm
line,overlay,sdt5-homo-4,sdt5-homo-4,rmsf,u60oqmg5,u60oqmg5::RMSF,sdt5-homo-4 / RMSF,RMSF,Residue,253,0.06352857,nm,nm
line,overlay,sdt5-homo-4,sdt5-homo-4,rmsf,u60oqmg5,u60oqmg5::RMSF,sdt5-homo-4 / RMSF,RMSF,Residue,254,0.06281068,nm,nm
line,overlay,sdt5-homo-4,sdt5-homo-4,rmsf,u60oqmg5,u60oqmg5::RMSF,sdt5-homo-4 / RMSF,RMSF,Residue,255,0.0710783,nm,nm
line,overlay,sdt5-homo-4,sdt5-homo-4,rmsf,u60oqmg5,u60oqmg5::RMSF,sdt5-homo-4 / RMSF,RMSF,Residue,256,0.07599606,nm,nm
line,overlay,sdt5-homo-4,sdt5-homo-4,rmsf,u60oqmg5,u60oqmg5::RMSF,sdt5-homo-4 / RMSF,RMSF,Residue,257,0.07213887,nm,nm
line,overlay,sdt5-homo-4,sdt5-homo-4,rmsf,u60oqmg5,u60oqmg5::RMSF,sdt5-homo-4 / RMSF,RMSF,Residue,258,0.08258387,nm,nm
line,overlay,sdt5-homo-4,sdt5-homo-4,rmsf,u60oqmg5,u60oqmg5::RMSF,sdt5-homo-4 / RMSF,RMSF,Residue,259,0.096723124,nm,nm
line,overlay,sdt5-homo-4,sdt5-homo-4,rmsf,u60oqmg5,u60oqmg5::RMSF,sdt5-homo-4 / RMSF,RMSF,Residue,260,0.101557896,nm,nm
line,overlay,sdt5-homo-4,sdt5-homo-4,rmsf,u60oqmg5,u60oqmg5::RMSF,sdt5-homo-4 / RMSF,RMSF,Residue,261,0.09138704,nm,nm
line,overlay,sdt5-homo-4,sdt5-homo-4,rmsf,u60oqmg5,u60oqmg5::RMSF,sdt5-homo-4 / RMSF,RMSF,Residue,262,0.10183402,nm,nm
line,overlay,sdt5-homo-4,sdt5-homo-4,rmsf,u60oqmg5,u60oqmg5::RMSF,sdt5-homo-4 / RMSF,RMSF,Residue,263,0.08964143,nm,nm
line,overlay,sdt5-homo-4,sdt5-homo-4,rmsf,u60oqmg5,u60oqmg5::RMSF,sdt5-homo-4 / RMSF,RMSF,Residue,264,0.08634833,nm,nm
line,overlay,sdt5-homo-4,sdt5-homo-4,rmsf,u60oqmg5,u60oqmg5::RMSF,sdt5-homo-4 / RMSF,RMSF,Residue,265,0.08778704,nm,nm
line,overlay,sdt5-homo-4,sdt5-homo-4,rmsf,u60oqmg5,u60oqmg5::RMSF,sdt5-homo-4 / RMSF,RMSF,Residue,266,0.09679521,nm,nm
line,overlay,sdt5-homo-4,sdt5-homo-4,rmsf,u60oqmg5,u60oqmg5::RMSF,sdt5-homo-4 / RMSF,RMSF,Residue,267,0.08533691,nm,nm
line,overlay,sdt5-homo-4,sdt5-homo-4,rmsf,u60oqmg5,u60oqmg5::RMSF,sdt5-homo-4 / RMSF,RMSF,Residue,268,0.07286256,nm,nm
line,overlay,sdt5-homo-4,sdt5-homo-4,rmsf,u60oqmg5,u60oqmg5::RMSF,sdt5-homo-4 / RMSF,RMSF,Residue,269,0.07799188,nm,nm
line,overlay,sdt5-homo-4,sdt5-homo-4,rmsf,u60oqmg5,u60oqmg5::RMSF,sdt5-homo-4 / RMSF,RMSF,Residue,270,0.07821631,nm,nm
line,overlay,sdt5-homo-4,sdt5-homo-4,rmsf,u60oqmg5,u60oqmg5::RMSF,sdt5-homo-4 / RMSF,RMSF,Residue,271,0.07130955,nm,nm
line,overlay,sdt5-homo-4,sdt5-homo-4,rmsf,u60oqmg5,u60oqmg5::RMSF,sdt5-homo-4 / RMSF,RMSF,Residue,272,0.06936975,nm,nm
line,overlay,sdt5-homo-4,sdt5-homo-4,rmsf,u60oqmg5,u60oqmg5::RMSF,sdt5-homo-4 / RMSF,RMSF,Residue,273,0.07584894,nm,nm
line,overlay,sdt5-homo-4,sdt5-homo-4,rmsf,u60oqmg5,u60oqmg5::RMSF,sdt5-homo-4 / RMSF,RMSF,Residue,274,0.08220896,nm,nm
line,overlay,sdt5-homo-4,sdt5-homo-4,rmsf,u60oqmg5,u60oqmg5::RMSF,sdt5-homo-4 / RMSF,RMSF,Residue,275,0.069560416,nm,nm
line,overlay,sdt5-homo-4,sdt5-homo-4,rmsf,u60oqmg5,u60oqmg5::RMSF,sdt5-homo-4 / RMSF,RMSF,Residue,276,0.07622728,nm,nm
line,overlay,sdt5-homo-4,sdt5-homo-4,rmsf,u60oqmg5,u60oqmg5::RMSF,sdt5-homo-4 / RMSF,RMSF,Residue,277,0.07187298,nm,nm
line,overlay,sdt5-homo-4,sdt5-homo-4,rmsf,u60oqmg5,u60oqmg5::RMSF,sdt5-homo-4 / RMSF,RMSF,Residue,278,0.06461761,nm,nm
line,overlay,sdt5-homo-4,sdt5-homo-4,rmsf,u60oqmg5,u60oqmg5::RMSF,sdt5-homo-4 / RMSF,RMSF,Residue,279,0.05922133,nm,nm
line,overlay,sdt5-homo-4,sdt5-homo-4,rmsf,u60oqmg5,u60oqmg5::RMSF,sdt5-homo-4 / RMSF,RMSF,Residue,280,0.044812553,nm,nm
line,overlay,sdt5-homo-4,sdt5-homo-4,rmsf,u60oqmg5,u60oqmg5::RMSF,sdt5-homo-4 / RMSF,RMSF,Residue,281,0.038053863,nm,nm
line,overlay,sdt5-homo-4,sdt5-homo-4,rmsf,u60oqmg5,u60oqmg5::RMSF,sdt5-homo-4 / RMSF,RMSF,Residue,282,0.03557949,nm,nm
line,overlay,sdt5-homo-4,sdt5-homo-4,rmsf,u60oqmg5,u60oqmg5::RMSF,sdt5-homo-4 / RMSF,RMSF,Residue,283,0.035973508,nm,nm
line,overlay,sdt5-homo-4,sdt5-homo-4,rmsf,u60oqmg5,u60oqmg5::RMSF,sdt5-homo-4 / RMSF,RMSF,Residue,284,0.040814072,nm,nm
line,overlay,sdt5-homo-4,sdt5-homo-4,rmsf,u60oqmg5,u60oqmg5::RMSF,sdt5-homo-4 / RMSF,RMSF,Residue,285,0.050056815,nm,nm
line,overlay,sdt5-homo-4,sdt5-homo-4,rmsf,u60oqmg5,u60oqmg5::RMSF,sdt5-homo-4 / RMSF,RMSF,Residue,286,0.08429692,nm,nm
line,overlay,sdt5-homo-4,sdt5-homo-4,rmsf,u60oqmg5,u60oqmg5::RMSF,sdt5-homo-4 / RMSF,RMSF,Residue,287,0.10848048,nm,nm
line,overlay,sdt5-homo-4,sdt5-homo-4,rmsf,u60oqmg5,u60oqmg5::RMSF,sdt5-homo-4 / RMSF,RMSF,Residue,288,0.08850212,nm,nm
line,overlay,sdt5-homo-4,sdt5-homo-4,rmsf,u60oqmg5,u60oqmg5::RMSF,sdt5-homo-4 / RMSF,RMSF,Residue,289,0.13521813,nm,nm
line,overlay,sdt5-homo-4,sdt5-homo-4,rmsf,u60oqmg5,u60oqmg5::RMSF,sdt5-homo-4 / RMSF,RMSF,Residue,290,0.08618333,nm,nm
line,overlay,sdt5-homo-4,sdt5-homo-4,rmsf,u60oqmg5,u60oqmg5::RMSF,sdt5-homo-4 / RMSF,RMSF,Residue,291,0.07289624,nm,nm
line,overlay,sdt5-homo-4,sdt5-homo-4,rmsf,u60oqmg5,u60oqmg5::RMSF,sdt5-homo-4 / RMSF,RMSF,Residue,292,0.0717729,nm,nm
line,overlay,sdt5-homo-4,sdt5-homo-4,rmsf,u60oqmg5,u60oqmg5::RMSF,sdt5-homo-4 / RMSF,RMSF,Residue,293,0.08066492,nm,nm
line,overlay,sdt5-homo-4,sdt5-homo-4,rmsf,u60oqmg5,u60oqmg5::RMSF,sdt5-homo-4 / RMSF,RMSF,Residue,294,0.07298397,nm,nm
line,overlay,sdt5-homo-4,sdt5-homo-4,rmsf,u60oqmg5,u60oqmg5::RMSF,sdt5-homo-4 / RMSF,RMSF,Residue,295,0.057649832,nm,nm
line,overlay,sdt5-homo-4,sdt5-homo-4,rmsf,u60oqmg5,u60oqmg5::RMSF,sdt5-homo-4 / RMSF,RMSF,Residue,296,0.059252582,nm,nm
line,overlay,sdt5-homo-4,sdt5-homo-4,rmsf,u60oqmg5,u60oqmg5::RMSF,sdt5-homo-4 / RMSF,RMSF,Residue,297,0.061287284,nm,nm
line,overlay,sdt5-homo-4,sdt5-homo-4,rmsf,u60oqmg5,u60oqmg5::RMSF,sdt5-homo-4 / RMSF,RMSF,Residue,298,0.056255043,nm,nm
line,overlay,sdt5-homo-4,sdt5-homo-4,rmsf,u60oqmg5,u60oqmg5::RMSF,sdt5-homo-4 / RMSF,RMSF,Residue,299,0.05086655,nm,nm
line,overlay,sdt5-homo-4,sdt5-homo-4,rmsf,u60oqmg5,u60oqmg5::RMSF,sdt5-homo-4 / RMSF,RMSF,Residue,300,0.052994587,nm,nm
line,overlay,sdt5-homo-4,sdt5-homo-4,rmsf,u60oqmg5,u60oqmg5::RMSF,sdt5-homo-4 / RMSF,RMSF,Residue,301,0.05581265,nm,nm
line,overlay,sdt5-homo-4,sdt5-homo-4,rmsf,u60oqmg5,u60oqmg5::RMSF,sdt5-homo-4 / RMSF,RMSF,Residue,302,0.052818876,nm,nm
line,overlay,sdt5-homo-4,sdt5-homo-4,rmsf,u60oqmg5,u60oqmg5::RMSF,sdt5-homo-4 / RMSF,RMSF,Residue,303,0.05163501,nm,nm
line,overlay,sdt5-homo-4,sdt5-homo-4,rmsf,u60oqmg5,u60oqmg5::RMSF,sdt5-homo-4 / RMSF,RMSF,Residue,304,0.05975121,nm,nm
line,overlay,sdt5-homo-4,sdt5-homo-4,rmsf,u60oqmg5,u60oqmg5::RMSF,sdt5-homo-4 / RMSF,RMSF,Residue,305,0.06471102,nm,nm
line,overlay,sdt5-homo-4,sdt5-homo-4,rmsf,u60oqmg5,u60oqmg5::RMSF,sdt5-homo-4 / RMSF,RMSF,Residue,306,0.06249264,nm,nm
line,overlay,sdt5-homo-4,sdt5-homo-4,rmsf,u60oqmg5,u60oqmg5::RMSF,sdt5-homo-4 / RMSF,RMSF,Residue,307,0.06279599,nm,nm
line,overlay,sdt5-homo-4,sdt5-homo-4,rmsf,u60oqmg5,u60oqmg5::RMSF,sdt5-homo-4 / RMSF,RMSF,Residue,308,0.054461386,nm,nm
line,overlay,sdt5-homo-4,sdt5-homo-4,rmsf,u60oqmg5,u60oqmg5::RMSF,sdt5-homo-4 / RMSF,RMSF,Residue,309,0.049116228,nm,nm
line,overlay,sdt5-homo-4,sdt5-homo-4,rmsf,u60oqmg5,u60oqmg5::RMSF,sdt5-homo-4 / RMSF,RMSF,Residue,310,0.043309413,nm,nm
line,overlay,sdt5-homo-4,sdt5-homo-4,rmsf,u60oqmg5,u60oqmg5::RMSF,sdt5-homo-4 / RMSF,RMSF,Residue,311,0.041452087,nm,nm
line,overlay,sdt5-homo-4,sdt5-homo-4,rmsf,u60oqmg5,u60oqmg5::RMSF,sdt5-homo-4 / RMSF,RMSF,Residue,312,0.044517945,nm,nm
line,overlay,sdt5-homo-4,sdt5-homo-4,rmsf,u60oqmg5,u60oqmg5::RMSF,sdt5-homo-4 / RMSF,RMSF,Residue,313,0.04818032,nm,nm
line,overlay,sdt5-homo-4,sdt5-homo-4,rmsf,u60oqmg5,u60oqmg5::RMSF,sdt5-homo-4 / RMSF,RMSF,Residue,314,0.05907496,nm,nm
line,overlay,sdt5-homo-4,sdt5-homo-4,rmsf,u60oqmg5,u60oqmg5::RMSF,sdt5-homo-4 / RMSF,RMSF,Residue,315,0.07865784,nm,nm
line,overlay,sdt5-homo-4,sdt5-homo-4,rmsf,u60oqmg5,u60oqmg5::RMSF,sdt5-homo-4 / RMSF,RMSF,Residue,316,0.1427677,nm,nm
line,overlay,sdt5-homo-4,sdt5-homo-4,rmsf,u60oqmg5,u60oqmg5::RMSF,sdt5-homo-4 / RMSF,RMSF,Residue,317,0.12920342,nm,nm
line,overlay,sdt5-homo-4,sdt5-homo-4,rmsf,u60oqmg5,u60oqmg5::RMSF,sdt5-homo-4 / RMSF,RMSF,Residue,318,0.18071371,nm,nm
line,overlay,sdt5-homo-4,sdt5-homo-4,rmsf,u60oqmg5,u60oqmg5::RMSF,sdt5-homo-4 / RMSF,RMSF,Residue,319,0.26118892,nm,nm
line,overlay,sdt5-homo-4,sdt5-homo-4,rmsf,u60oqmg5,u60oqmg5::RMSF,sdt5-homo-4 / RMSF,RMSF,Residue,320,0.22777571,nm,nm
line,overlay,sdt5-homo-4,sdt5-homo-4,rmsf,u60oqmg5,u60oqmg5::RMSF,sdt5-homo-4 / RMSF,RMSF,Residue,321,0.18997622,nm,nm
line,overlay,sdt5-homo-4,sdt5-homo-4,rmsf,u60oqmg5,u60oqmg5::RMSF,sdt5-homo-4 / RMSF,RMSF,Residue,322,0.14383963,nm,nm
line,overlay,sdt5-homo-4,sdt5-homo-4,rmsf,u60oqmg5,u60oqmg5::RMSF,sdt5-homo-4 / RMSF,RMSF,Residue,323,0.1116119,nm,nm
line,overlay,sdt5-homo-4,sdt5-homo-4,rmsf,u60oqmg5,u60oqmg5::RMSF,sdt5-homo-4 / RMSF,RMSF,Residue,324,0.08228749,nm,nm
line,overlay,sdt5-homo-4,sdt5-homo-4,rmsf,u60oqmg5,u60oqmg5::RMSF,sdt5-homo-4 / RMSF,RMSF,Residue,325,0.08432426,nm,nm
line,overlay,sdt5-homo-4,sdt5-homo-4,rmsf,u60oqmg5,u60oqmg5::RMSF,sdt5-homo-4 / RMSF,RMSF,Residue,326,0.1042981,nm,nm
line,overlay,sdt5-homo-4,sdt5-homo-4,rmsf,u60oqmg5,u60oqmg5::RMSF,sdt5-homo-4 / RMSF,RMSF,Residue,327,0.10880048,nm,nm
line,overlay,sdt5-homo-4,sdt5-homo-4,rmsf,u60oqmg5,u60oqmg5::RMSF,sdt5-homo-4 / RMSF,RMSF,Residue,328,0.07814659,nm,nm
line,overlay,sdt5-homo-4,sdt5-homo-4,rmsf,u60oqmg5,u60oqmg5::RMSF,sdt5-homo-4 / RMSF,RMSF,Residue,329,0.08289614,nm,nm
line,overlay,sdt5-homo-4,sdt5-homo-4,rmsf,u60oqmg5,u60oqmg5::RMSF,sdt5-homo-4 / RMSF,RMSF,Residue,330,0.10039758,nm,nm
line,overlay,sdt5-homo-4,sdt5-homo-4,rmsf,u60oqmg5,u60oqmg5::RMSF,sdt5-homo-4 / RMSF,RMSF,Residue,331,0.094841406,nm,nm
line,overlay,sdt5-homo-4,sdt5-homo-4,rmsf,u60oqmg5,u60oqmg5::RMSF,sdt5-homo-4 / RMSF,RMSF,Residue,332,0.071088016,nm,nm
line,overlay,sdt5-homo-4,sdt5-homo-4,rmsf,u60oqmg5,u60oqmg5::RMSF,sdt5-homo-4 / RMSF,RMSF,Residue,333,0.08449512,nm,nm
line,overlay,sdt5-homo-4,sdt5-homo-4,rmsf,u60oqmg5,u60oqmg5::RMSF,sdt5-homo-4 / RMSF,RMSF,Residue,334,0.08716786,nm,nm
line,overlay,sdt5-homo-4,sdt5-homo-4,rmsf,u60oqmg5,u60oqmg5::RMSF,sdt5-homo-4 / RMSF,RMSF,Residue,335,0.06581048,nm,nm
line,overlay,sdt5-homo-4,sdt5-homo-4,rmsf,u60oqmg5,u60oqmg5::RMSF,sdt5-homo-4 / RMSF,RMSF,Residue,336,0.068365894,nm,nm
line,overlay,sdt5-homo-4,sdt5-homo-4,rmsf,u60oqmg5,u60oqmg5::RMSF,sdt5-homo-4 / RMSF,RMSF,Residue,337,0.059872124,nm,nm
line,overlay,sdt5-homo-4,sdt5-homo-4,rmsf,u60oqmg5,u60oqmg5::RMSF,sdt5-homo-4 / RMSF,RMSF,Residue,338,0.05913572,nm,nm
line,overlay,sdt5-homo-4,sdt5-homo-4,rmsf,u60oqmg5,u60oqmg5::RMSF,sdt5-homo-4 / RMSF,RMSF,Residue,339,0.057574097,nm,nm
line,overlay,sdt5-homo-4,sdt5-homo-4,rmsf,u60oqmg5,u60oqmg5::RMSF,sdt5-homo-4 / RMSF,RMSF,Residue,340,0.06412256,nm,nm
line,overlay,sdt5-homo-4,sdt5-homo-4,rmsf,u60oqmg5,u60oqmg5::RMSF,sdt5-homo-4 / RMSF,RMSF,Residue,341,0.09340524,nm,nm
line,overlay,sdt5-homo-4,sdt5-homo-4,rmsf,u60oqmg5,u60oqmg5::RMSF,sdt5-homo-4 / RMSF,RMSF,Residue,342,0.070818245,nm,nm
line,overlay,sdt5-homo-4,sdt5-homo-4,rmsf,u60oqmg5,u60oqmg5::RMSF,sdt5-homo-4 / RMSF,RMSF,Residue,343,0.061235584,nm,nm
line,overlay,sdt5-homo-4,sdt5-homo-4,rmsf,u60oqmg5,u60oqmg5::RMSF,sdt5-homo-4 / RMSF,RMSF,Residue,344,0.053262644,nm,nm
line,overlay,sdt5-homo-4,sdt5-homo-4,rmsf,u60oqmg5,u60oqmg5::RMSF,sdt5-homo-4 / RMSF,RMSF,Residue,345,0.04366003,nm,nm
line,overlay,sdt5-homo-4,sdt5-homo-4,rmsf,u60oqmg5,u60oqmg5::RMSF,sdt5-homo-4 / RMSF,RMSF,Residue,346,0.05180775,nm,nm
line,overlay,sdt5-homo-4,sdt5-homo-4,rmsf,u60oqmg5,u60oqmg5::RMSF,sdt5-homo-4 / RMSF,RMSF,Residue,347,0.057530455,nm,nm
line,overlay,sdt5-homo-4,sdt5-homo-4,rmsf,u60oqmg5,u60oqmg5::RMSF,sdt5-homo-4 / RMSF,RMSF,Residue,348,0.048137236,nm,nm
line,overlay,sdt5-homo-4,sdt5-homo-4,rmsf,u60oqmg5,u60oqmg5::RMSF,sdt5-homo-4 / RMSF,RMSF,Residue,349,0.052750595,nm,nm
line,overlay,sdt5-homo-4,sdt5-homo-4,rmsf,u60oqmg5,u60oqmg5::RMSF,sdt5-homo-4 / RMSF,RMSF,Residue,350,0.07054453,nm,nm
line,overlay,sdt5-homo-4,sdt5-homo-4,rmsf,u60oqmg5,u60oqmg5::RMSF,sdt5-homo-4 / RMSF,RMSF,Residue,351,0.06195871,nm,nm
line,overlay,sdt5-homo-4,sdt5-homo-4,rmsf,u60oqmg5,u60oqmg5::RMSF,sdt5-homo-4 / RMSF,RMSF,Residue,352,0.06936239,nm,nm
line,overlay,sdt5-homo-4,sdt5-homo-4,rmsf,u60oqmg5,u60oqmg5::RMSF,sdt5-homo-4 / RMSF,RMSF,Residue,353,0.055545423,nm,nm
line,overlay,sdt5-homo-4,sdt5-homo-4,rmsf,u60oqmg5,u60oqmg5::RMSF,sdt5-homo-4 / RMSF,RMSF,Residue,354,0.04603068,nm,nm
line,overlay,sdt5-homo-4,sdt5-homo-4,rmsf,u60oqmg5,u60oqmg5::RMSF,sdt5-homo-4 / RMSF,RMSF,Residue,355,0.049263123,nm,nm
line,overlay,sdt5-homo-4,sdt5-homo-4,rmsf,u60oqmg5,u60oqmg5::RMSF,sdt5-homo-4 / RMSF,RMSF,Residue,356,0.04202077,nm,nm
line,overlay,sdt5-homo-4,sdt5-homo-4,rmsf,u60oqmg5,u60oqmg5::RMSF,sdt5-homo-4 / RMSF,RMSF,Residue,357,0.035888746,nm,nm
line,overlay,sdt5-homo-4,sdt5-homo-4,rmsf,u60oqmg5,u60oqmg5::RMSF,sdt5-homo-4 / RMSF,RMSF,Residue,358,0.03466947,nm,nm
line,overlay,sdt5-homo-4,sdt5-homo-4,rmsf,u60oqmg5,u60oqmg5::RMSF,sdt5-homo-4 / RMSF,RMSF,Residue,359,0.0382767,nm,nm
line,overlay,sdt5-homo-4,sdt5-homo-4,rmsf,u60oqmg5,u60oqmg5::RMSF,sdt5-homo-4 / RMSF,RMSF,Residue,360,0.037172467,nm,nm
line,overlay,sdt5-homo-4,sdt5-homo-4,rmsf,u60oqmg5,u60oqmg5::RMSF,sdt5-homo-4 / RMSF,RMSF,Residue,361,0.038208306,nm,nm
line,overlay,sdt5-homo-4,sdt5-homo-4,rmsf,u60oqmg5,u60oqmg5::RMSF,sdt5-homo-4 / RMSF,RMSF,Residue,362,0.03815966,nm,nm
line,overlay,sdt5-homo-4,sdt5-homo-4,rmsf,u60oqmg5,u60oqmg5::RMSF,sdt5-homo-4 / RMSF,RMSF,Residue,363,0.035734136,nm,nm
line,overlay,sdt5-homo-4,sdt5-homo-4,rmsf,u60oqmg5,u60oqmg5::RMSF,sdt5-homo-4 / RMSF,RMSF,Residue,364,0.042019155,nm,nm
line,overlay,sdt5-homo-4,sdt5-homo-4,rmsf,u60oqmg5,u60oqmg5::RMSF,sdt5-homo-4 / RMSF,RMSF,Residue,365,0.040783975,nm,nm
line,overlay,sdt5-homo-4,sdt5-homo-4,rmsf,u60oqmg5,u60oqmg5::RMSF,sdt5-homo-4 / RMSF,RMSF,Residue,366,0.039534245,nm,nm
line,overlay,sdt5-homo-4,sdt5-homo-4,rmsf,u60oqmg5,u60oqmg5::RMSF,sdt5-homo-4 / RMSF,RMSF,Residue,367,0.0376522,nm,nm
line,overlay,sdt5-homo-4,sdt5-homo-4,rmsf,u60oqmg5,u60oqmg5::RMSF,sdt5-homo-4 / RMSF,RMSF,Residue,368,0.041321345,nm,nm
line,overlay,sdt5-homo-4,sdt5-homo-4,rmsf,u60oqmg5,u60oqmg5::RMSF,sdt5-homo-4 / RMSF,RMSF,Residue,369,0.046120252,nm,nm
line,overlay,sdt5-homo-4,sdt5-homo-4,rmsf,u60oqmg5,u60oqmg5::RMSF,sdt5-homo-4 / RMSF,RMSF,Residue,370,0.046080455,nm,nm
line,overlay,sdt5-homo-4,sdt5-homo-4,rmsf,u60oqmg5,u60oqmg5::RMSF,sdt5-homo-4 / RMSF,RMSF,Residue,371,0.056609374,nm,nm
line,overlay,sdt5-homo-4,sdt5-homo-4,rmsf,u60oqmg5,u60oqmg5::RMSF,sdt5-homo-4 / RMSF,RMSF,Residue,372,0.055797756,nm,nm
line,overlay,sdt5-homo-4,sdt5-homo-4,rmsf,u60oqmg5,u60oqmg5::RMSF,sdt5-homo-4 / RMSF,RMSF,Residue,373,0.049273424,nm,nm
line,overlay,sdt5-homo-4,sdt5-homo-4,rmsf,u60oqmg5,u60oqmg5::RMSF,sdt5-homo-4 / RMSF,RMSF,Residue,374,0.0401656,nm,nm
line,overlay,sdt5-homo-4,sdt5-homo-4,rmsf,u60oqmg5,u60oqmg5::RMSF,sdt5-homo-4 / RMSF,RMSF,Residue,375,0.03931083,nm,nm
line,overlay,sdt5-homo-4,sdt5-homo-4,rmsf,u60oqmg5,u60oqmg5::RMSF,sdt5-homo-4 / RMSF,RMSF,Residue,376,0.04045157,nm,nm
line,overlay,sdt5-homo-4,sdt5-homo-4,rmsf,u60oqmg5,u60oqmg5::RMSF,sdt5-homo-4 / RMSF,RMSF,Residue,377,0.03591676,nm,nm
line,overlay,sdt5-homo-4,sdt5-homo-4,rmsf,u60oqmg5,u60oqmg5::RMSF,sdt5-homo-4 / RMSF,RMSF,Residue,378,0.03503156,nm,nm
line,overlay,sdt5-homo-4,sdt5-homo-4,rmsf,u60oqmg5,u60oqmg5::RMSF,sdt5-homo-4 / RMSF,RMSF,Residue,379,0.03713174,nm,nm
line,overlay,sdt5-homo-4,sdt5-homo-4,rmsf,u60oqmg5,u60oqmg5::RMSF,sdt5-homo-4 / RMSF,RMSF,Residue,380,0.039410308,nm,nm
line,overlay,sdt5-homo-4,sdt5-homo-4,rmsf,u60oqmg5,u60oqmg5::RMSF,sdt5-homo-4 / RMSF,RMSF,Residue,381,0.06000405,nm,nm
line,overlay,sdt5-homo-4,sdt5-homo-4,rmsf,u60oqmg5,u60oqmg5::RMSF,sdt5-homo-4 / RMSF,RMSF,Residue,382,0.04959033,nm,nm
line,overlay,sdt5-homo-4,sdt5-homo-4,rmsf,u60oqmg5,u60oqmg5::RMSF,sdt5-homo-4 / RMSF,RMSF,Residue,383,0.053698048,nm,nm
line,overlay,sdt5-homo-4,sdt5-homo-4,rmsf,u60oqmg5,u60oqmg5::RMSF,sdt5-homo-4 / RMSF,RMSF,Residue,384,0.046787303,nm,nm
line,overlay,sdt5-homo-4,sdt5-homo-4,rmsf,u60oqmg5,u60oqmg5::RMSF,sdt5-homo-4 / RMSF,RMSF,Residue,385,0.038005758,nm,nm
line,overlay,sdt5-homo-4,sdt5-homo-4,rmsf,u60oqmg5,u60oqmg5::RMSF,sdt5-homo-4 / RMSF,RMSF,Residue,386,0.038703967,nm,nm
line,overlay,sdt5-homo-4,sdt5-homo-4,rmsf,u60oqmg5,u60oqmg5::RMSF,sdt5-homo-4 / RMSF,RMSF,Residue,387,0.038773622,nm,nm
line,overlay,sdt5-homo-4,sdt5-homo-4,rmsf,u60oqmg5,u60oqmg5::RMSF,sdt5-homo-4 / RMSF,RMSF,Residue,388,0.03735522,nm,nm
line,overlay,sdt5-homo-4,sdt5-homo-4,rmsf,u60oqmg5,u60oqmg5::RMSF,sdt5-homo-4 / RMSF,RMSF,Residue,389,0.03580229,nm,nm
line,overlay,sdt5-homo-4,sdt5-homo-4,rmsf,u60oqmg5,u60oqmg5::RMSF,sdt5-homo-4 / RMSF,RMSF,Residue,390,0.03873949,nm,nm
line,overlay,sdt5-homo-4,sdt5-homo-4,rmsf,u60oqmg5,u60oqmg5::RMSF,sdt5-homo-4 / RMSF,RMSF,Residue,391,0.037963856,nm,nm
line,overlay,sdt5-homo-4,sdt5-homo-4,rmsf,u60oqmg5,u60oqmg5::RMSF,sdt5-homo-4 / RMSF,RMSF,Residue,392,0.037670627,nm,nm
line,overlay,sdt5-homo-4,sdt5-homo-4,rmsf,u60oqmg5,u60oqmg5::RMSF,sdt5-homo-4 / RMSF,RMSF,Residue,393,0.04198985,nm,nm
line,overlay,sdt5-homo-4,sdt5-homo-4,rmsf,u60oqmg5,u60oqmg5::RMSF,sdt5-homo-4 / RMSF,RMSF,Residue,394,0.049927473,nm,nm
line,overlay,sdt5-homo-4,sdt5-homo-4,rmsf,u60oqmg5,u60oqmg5::RMSF,sdt5-homo-4 / RMSF,RMSF,Residue,395,0.04893145,nm,nm
line,overlay,sdt5-homo-4,sdt5-homo-4,rmsf,u60oqmg5,u60oqmg5::RMSF,sdt5-homo-4 / RMSF,RMSF,Residue,396,0.048092134,nm,nm
line,overlay,sdt5-homo-4,sdt5-homo-4,rmsf,u60oqmg5,u60oqmg5::RMSF,sdt5-homo-4 / RMSF,RMSF,Residue,397,0.04688426,nm,nm
line,overlay,sdt5-homo-4,sdt5-homo-4,rmsf,u60oqmg5,u60oqmg5::RMSF,sdt5-homo-4 / RMSF,RMSF,Residue,398,0.04457928,nm,nm
line,overlay,sdt5-homo-4,sdt5-homo-4,rmsf,u60oqmg5,u60oqmg5::RMSF,sdt5-homo-4 / RMSF,RMSF,Residue,399,0.049973506,nm,nm
line,overlay,sdt5-homo-4,sdt5-homo-4,rmsf,u60oqmg5,u60oqmg5::RMSF,sdt5-homo-4 / RMSF,RMSF,Residue,400,0.047688946,nm,nm
line,overlay,sdt5-homo-4,sdt5-homo-4,rmsf,u60oqmg5,u60oqmg5::RMSF,sdt5-homo-4 / RMSF,RMSF,Residue,401,0.04626547,nm,nm
line,overlay,sdt5-homo-4,sdt5-homo-4,rmsf,u60oqmg5,u60oqmg5::RMSF,sdt5-homo-4 / RMSF,RMSF,Residue,402,0.052877128,nm,nm
line,overlay,sdt5-homo-4,sdt5-homo-4,rmsf,u60oqmg5,u60oqmg5::RMSF,sdt5-homo-4 / RMSF,RMSF,Residue,403,0.061744973,nm,nm
line,overlay,sdt5-homo-4,sdt5-homo-4,rmsf,u60oqmg5,u60oqmg5::RMSF,sdt5-homo-4 / RMSF,RMSF,Residue,404,0.054051265,nm,nm
line,overlay,sdt5-homo-4,sdt5-homo-4,rmsf,u60oqmg5,u60oqmg5::RMSF,sdt5-homo-4 / RMSF,RMSF,Residue,405,0.060750198,nm,nm
line,overlay,sdt5-homo-4,sdt5-homo-4,rmsf,u60oqmg5,u60oqmg5::RMSF,sdt5-homo-4 / RMSF,RMSF,Residue,406,0.060348168,nm,nm
line,overlay,sdt5-homo-4,sdt5-homo-4,rmsf,u60oqmg5,u60oqmg5::RMSF,sdt5-homo-4 / RMSF,RMSF,Residue,407,0.05822974,nm,nm
line,overlay,sdt5-homo-4,sdt5-homo-4,rmsf,u60oqmg5,u60oqmg5::RMSF,sdt5-homo-4 / RMSF,RMSF,Residue,408,0.0819767,nm,nm
line,overlay,sdt5-homo-4,sdt5-homo-4,rmsf,u60oqmg5,u60oqmg5::RMSF,sdt5-homo-4 / RMSF,RMSF,Residue,409,0.10193441,nm,nm
line,overlay,sdt5-homo-4,sdt5-homo-4,rmsf,u60oqmg5,u60oqmg5::RMSF,sdt5-homo-4 / RMSF,RMSF,Residue,410,0.09400759,nm,nm
line,overlay,sdt5-homo-4,sdt5-homo-4,rmsf,u60oqmg5,u60oqmg5::RMSF,sdt5-homo-4 / RMSF,RMSF,Residue,411,0.07787841,nm,nm
line,overlay,sdt5-homo-4,sdt5-homo-4,rmsf,u60oqmg5,u60oqmg5::RMSF,sdt5-homo-4 / RMSF,RMSF,Residue,412,0.07573133,nm,nm
line,overlay,sdt5-homo-4,sdt5-homo-4,rmsf,u60oqmg5,u60oqmg5::RMSF,sdt5-homo-4 / RMSF,RMSF,Residue,413,0.06547923,nm,nm
line,overlay,sdt5-homo-4,sdt5-homo-4,rmsf,u60oqmg5,u60oqmg5::RMSF,sdt5-homo-4 / RMSF,RMSF,Residue,414,0.08120322,nm,nm
line,overlay,sdt5-homo-4,sdt5-homo-4,rmsf,u60oqmg5,u60oqmg5::RMSF,sdt5-homo-4 / RMSF,RMSF,Residue,415,0.063442096,nm,nm
line,overlay,sdt5-homo-4,sdt5-homo-4,rmsf,u60oqmg5,u60oqmg5::RMSF,sdt5-homo-4 / RMSF,RMSF,Residue,416,0.06335192,nm,nm
line,overlay,sdt5-homo-4,sdt5-homo-4,rmsf,u60oqmg5,u60oqmg5::RMSF,sdt5-homo-4 / RMSF,RMSF,Residue,417,0.057278227,nm,nm
line,overlay,sdt5-homo-4,sdt5-homo-4,rmsf,u60oqmg5,u60oqmg5::RMSF,sdt5-homo-4 / RMSF,RMSF,Residue,418,0.064086705,nm,nm
line,overlay,sdt5-homo-4,sdt5-homo-4,rmsf,u60oqmg5,u60oqmg5::RMSF,sdt5-homo-4 / RMSF,RMSF,Residue,419,0.060990337,nm,nm
line,overlay,sdt5-homo-4,sdt5-homo-4,rmsf,u60oqmg5,u60oqmg5::RMSF,sdt5-homo-4 / RMSF,RMSF,Residue,420,0.05415443,nm,nm
line,overlay,sdt5-homo-4,sdt5-homo-4,rmsf,u60oqmg5,u60oqmg5::RMSF,sdt5-homo-4 / RMSF,RMSF,Residue,421,0.053740416,nm,nm
line,overlay,sdt5-homo-4,sdt5-homo-4,rmsf,u60oqmg5,u60oqmg5::RMSF,sdt5-homo-4 / RMSF,RMSF,Residue,422,0.05420536,nm,nm
line,overlay,sdt5-homo-4,sdt5-homo-4,rmsf,u60oqmg5,u60oqmg5::RMSF,sdt5-homo-4 / RMSF,RMSF,Residue,423,0.050533563,nm,nm
line,overlay,sdt5-homo-4,sdt5-homo-4,rmsf,u60oqmg5,u60oqmg5::RMSF,sdt5-homo-4 / RMSF,RMSF,Residue,424,0.047317937,nm,nm
line,overlay,sdt5-homo-4,sdt5-homo-4,rmsf,u60oqmg5,u60oqmg5::RMSF,sdt5-homo-4 / RMSF,RMSF,Residue,425,0.050435103,nm,nm
line,overlay,sdt5-homo-4,sdt5-homo-4,rmsf,u60oqmg5,u60oqmg5::RMSF,sdt5-homo-4 / RMSF,RMSF,Residue,426,0.050016504,nm,nm
line,overlay,sdt5-homo-4,sdt5-homo-4,rmsf,u60oqmg5,u60oqmg5::RMSF,sdt5-homo-4 / RMSF,RMSF,Residue,427,0.048551634,nm,nm
line,overlay,sdt5-homo-4,sdt5-homo-4,rmsf,u60oqmg5,u60oqmg5::RMSF,sdt5-homo-4 / RMSF,RMSF,Residue,428,0.05233789,nm,nm
line,overlay,sdt5-homo-4,sdt5-homo-4,rmsf,u60oqmg5,u60oqmg5::RMSF,sdt5-homo-4 / RMSF,RMSF,Residue,429,0.07455628,nm,nm
line,overlay,sdt5-homo-4,sdt5-homo-4,rmsf,u60oqmg5,u60oqmg5::RMSF,sdt5-homo-4 / RMSF,RMSF,Residue,430,0.07179352,nm,nm
line,overlay,sdt5-homo-4,sdt5-homo-4,rmsf,u60oqmg5,u60oqmg5::RMSF,sdt5-homo-4 / RMSF,RMSF,Residue,431,0.10435993,nm,nm
line,overlay,sdt5-homo-4,sdt5-homo-4,rmsf,u60oqmg5,u60oqmg5::RMSF,sdt5-homo-4 / RMSF,RMSF,Residue,432,0.10624394,nm,nm
line,overlay,sdt5-homo-4,sdt5-homo-4,rmsf,u60oqmg5,u60oqmg5::RMSF,sdt5-homo-4 / RMSF,RMSF,Residue,433,0.07204506,nm,nm
line,overlay,sdt5-homo-4,sdt5-homo-4,rmsf,u60oqmg5,u60oqmg5::RMSF,sdt5-homo-4 / RMSF,RMSF,Residue,434,0.07988549,nm,nm
line,overlay,sdt5-homo-4,sdt5-homo-4,rmsf,u60oqmg5,u60oqmg5::RMSF,sdt5-homo-4 / RMSF,RMSF,Residue,435,0.07817083,nm,nm
line,overlay,sdt5-homo-4,sdt5-homo-4,rmsf,u60oqmg5,u60oqmg5::RMSF,sdt5-homo-4 / RMSF,RMSF,Residue,436,0.059461527,nm,nm
line,overlay,sdt5-homo-4,sdt5-homo-4,rmsf,u60oqmg5,u60oqmg5::RMSF,sdt5-homo-4 / RMSF,RMSF,Residue,437,0.059152298,nm,nm
line,overlay,sdt5-homo-4,sdt5-homo-4,rmsf,u60oqmg5,u60oqmg5::RMSF,sdt5-homo-4 / RMSF,RMSF,Residue,438,0.06448312,nm,nm
line,overlay,sdt5-homo-4,sdt5-homo-4,rmsf,u60oqmg5,u60oqmg5::RMSF,sdt5-homo-4 / RMSF,RMSF,Residue,439,0.05584893,nm,nm
line,overlay,sdt5-homo-4,sdt5-homo-4,rmsf,u60oqmg5,u60oqmg5::RMSF,sdt5-homo-4 / RMSF,RMSF,Residue,440,0.050394036,nm,nm
line,overlay,sdt5-homo-4,sdt5-homo-4,rmsf,u60oqmg5,u60oqmg5::RMSF,sdt5-homo-4 / RMSF,RMSF,Residue,441,0.05553207,nm,nm
line,overlay,sdt5-homo-4,sdt5-homo-4,rmsf,u60oqmg5,u60oqmg5::RMSF,sdt5-homo-4 / RMSF,RMSF,Residue,442,0.058426984,nm,nm
line,overlay,sdt5-homo-4,sdt5-homo-4,rmsf,u60oqmg5,u60oqmg5::RMSF,sdt5-homo-4 / RMSF,RMSF,Residue,443,0.054066256,nm,nm
line,overlay,sdt5-homo-4,sdt5-homo-4,rmsf,u60oqmg5,u60oqmg5::RMSF,sdt5-homo-4 / RMSF,RMSF,Residue,444,0.049916025,nm,nm
line,overlay,sdt5-homo-4,sdt5-homo-4,rmsf,u60oqmg5,u60oqmg5::RMSF,sdt5-homo-4 / RMSF,RMSF,Residue,445,0.052340347,nm,nm
line,overlay,sdt5-homo-4,sdt5-homo-4,rmsf,u60oqmg5,u60oqmg5::RMSF,sdt5-homo-4 / RMSF,RMSF,Residue,446,0.051531848,nm,nm
line,overlay,sdt5-homo-4,sdt5-homo-4,rmsf,u60oqmg5,u60oqmg5::RMSF,sdt5-homo-4 / RMSF,RMSF,Residue,447,0.050955538,nm,nm
line,overlay,sdt5-homo-4,sdt5-homo-4,rmsf,u60oqmg5,u60oqmg5::RMSF,sdt5-homo-4 / RMSF,RMSF,Residue,448,0.063058145,nm,nm
line,overlay,sdt5-homo-4,sdt5-homo-4,rmsf,u60oqmg5,u60oqmg5::RMSF,sdt5-homo-4 / RMSF,RMSF,Residue,449,0.0648764,nm,nm
line,overlay,sdt5-homo-4,sdt5-homo-4,rmsf,u60oqmg5,u60oqmg5::RMSF,sdt5-homo-4 / RMSF,RMSF,Residue,450,0.054152247,nm,nm
line,overlay,sdt5-homo-4,sdt5-homo-4,rmsf,u60oqmg5,u60oqmg5::RMSF,sdt5-homo-4 / RMSF,RMSF,Residue,451,0.06367662,nm,nm
line,overlay,sdt5-homo-4,sdt5-homo-4,rmsf,u60oqmg5,u60oqmg5::RMSF,sdt5-homo-4 / RMSF,RMSF,Residue,452,0.087210394,nm,nm
line,overlay,sdt5-homo-4,sdt5-homo-4,rmsf,u60oqmg5,u60oqmg5::RMSF,sdt5-homo-4 / RMSF,RMSF,Residue,453,0.12423298,nm,nm
line,overlay,sdt5-homo-4,sdt5-homo-4,rmsf,u60oqmg5,u60oqmg5::RMSF,sdt5-homo-4 / RMSF,RMSF,Residue,454,0.09825641,nm,nm
line,overlay,sdt5-homo-4,sdt5-homo-4,rmsf,u60oqmg5,u60oqmg5::RMSF,sdt5-homo-4 / RMSF,RMSF,Residue,455,0.06959532,nm,nm
line,overlay,sdt5-homo-4,sdt5-homo-4,rmsf,u60oqmg5,u60oqmg5::RMSF,sdt5-homo-4 / RMSF,RMSF,Residue,456,0.0593169,nm,nm
line,overlay,sdt5-homo-4,sdt5-homo-4,rmsf,u60oqmg5,u60oqmg5::RMSF,sdt5-homo-4 / RMSF,RMSF,Residue,457,0.04651374,nm,nm
line,overlay,sdt5-homo-4,sdt5-homo-4,rmsf,u60oqmg5,u60oqmg5::RMSF,sdt5-homo-4 / RMSF,RMSF,Residue,458,0.056141507,nm,nm
line,overlay,sdt5-homo-4,sdt5-homo-4,rmsf,u60oqmg5,u60oqmg5::RMSF,sdt5-homo-4 / RMSF,RMSF,Residue,459,0.059765406,nm,nm
line,overlay,sdt5-homo-4,sdt5-homo-4,rmsf,u60oqmg5,u60oqmg5::RMSF,sdt5-homo-4 / RMSF,RMSF,Residue,460,0.054711524,nm,nm
line,overlay,sdt5-homo-4,sdt5-homo-4,rmsf,u60oqmg5,u60oqmg5::RMSF,sdt5-homo-4 / RMSF,RMSF,Residue,461,0.051315412,nm,nm
line,overlay,sdt5-homo-4,sdt5-homo-4,rmsf,u60oqmg5,u60oqmg5::RMSF,sdt5-homo-4 / RMSF,RMSF,Residue,462,0.056398924,nm,nm
line,overlay,sdt5-homo-4,sdt5-homo-4,rmsf,u60oqmg5,u60oqmg5::RMSF,sdt5-homo-4 / RMSF,RMSF,Residue,463,0.05825322,nm,nm
line,overlay,sdt5-homo-4,sdt5-homo-4,rmsf,u60oqmg5,u60oqmg5::RMSF,sdt5-homo-4 / RMSF,RMSF,Residue,464,0.05342769,nm,nm
line,overlay,sdt5-homo-4,sdt5-homo-4,rmsf,u60oqmg5,u60oqmg5::RMSF,sdt5-homo-4 / RMSF,RMSF,Residue,465,0.051483564,nm,nm
line,overlay,sdt5-homo-4,sdt5-homo-4,rmsf,u60oqmg5,u60oqmg5::RMSF,sdt5-homo-4 / RMSF,RMSF,Residue,466,0.05876477,nm,nm
line,overlay,sdt5-homo-4,sdt5-homo-4,rmsf,u60oqmg5,u60oqmg5::RMSF,sdt5-homo-4 / RMSF,RMSF,Residue,467,0.06490564,nm,nm
line,overlay,sdt5-homo-4,sdt5-homo-4,rmsf,u60oqmg5,u60oqmg5::RMSF,sdt5-homo-4 / RMSF,RMSF,Residue,468,0.060128883,nm,nm
line,overlay,sdt5-homo-4,sdt5-homo-4,rmsf,u60oqmg5,u60oqmg5::RMSF,sdt5-homo-4 / RMSF,RMSF,Residue,469,0.064666934,nm,nm
line,overlay,sdt5-homo-4,sdt5-homo-4,rmsf,u60oqmg5,u60oqmg5::RMSF,sdt5-homo-4 / RMSF,RMSF,Residue,470,0.07403627,nm,nm
line,overlay,sdt5-homo-4,sdt5-homo-4,rmsf,u60oqmg5,u60oqmg5::RMSF,sdt5-homo-4 / RMSF,RMSF,Residue,471,0.08365491,nm,nm
line,overlay,sdt5-homo-4,sdt5-homo-4,rmsf,u60oqmg5,u60oqmg5::RMSF,sdt5-homo-4 / RMSF,RMSF,Residue,472,0.08857938,nm,nm
line,overlay,sdt5-homo-4,sdt5-homo-4,rmsf,u60oqmg5,u60oqmg5::RMSF,sdt5-homo-4 / RMSF,RMSF,Residue,473,0.10181601,nm,nm
line,overlay,sdt5-homo-4,sdt5-homo-4,rmsf,u60oqmg5,u60oqmg5::RMSF,sdt5-homo-4 / RMSF,RMSF,Residue,474,0.2353701,nm,nm
line,overlay,sdt5-homo-4,sdt5-homo-4,rmsf,u60oqmg5,u60oqmg5::RMSF,sdt5-homo-4 / RMSF,RMSF,Residue,475,0.383829,nm,nm
line,overlay,sdt5-homo-4,sdt5-homo-4,rmsf,u60oqmg5,u60oqmg5::RMSF,sdt5-homo-4 / RMSF,RMSF,Residue,476,0.6038919,nm,nm
line,overlay,sdt8-homo,sdt8-homo,rmsf,614jwgb2,614jwgb2::RMSF,sdt8-homo / RMSF,RMSF,Residue,1,0.39879748,nm,nm
line,overlay,sdt8-homo,sdt8-homo,rmsf,614jwgb2,614jwgb2::RMSF,sdt8-homo / RMSF,RMSF,Residue,2,0.26059222,nm,nm
line,overlay,sdt8-homo,sdt8-homo,rmsf,614jwgb2,614jwgb2::RMSF,sdt8-homo / RMSF,RMSF,Residue,3,0.10864479,nm,nm
line,overlay,sdt8-homo,sdt8-homo,rmsf,614jwgb2,614jwgb2::RMSF,sdt8-homo / RMSF,RMSF,Residue,4,0.06350057,nm,nm
line,overlay,sdt8-homo,sdt8-homo,rmsf,614jwgb2,614jwgb2::RMSF,sdt8-homo / RMSF,RMSF,Residue,5,0.056580793,nm,nm
line,overlay,sdt8-homo,sdt8-homo,rmsf,614jwgb2,614jwgb2::RMSF,sdt8-homo / RMSF,RMSF,Residue,6,0.047708895,nm,nm
line,overlay,sdt8-homo,sdt8-homo,rmsf,614jwgb2,614jwgb2::RMSF,sdt8-homo / RMSF,RMSF,Residue,7,0.043790136,nm,nm
line,overlay,sdt8-homo,sdt8-homo,rmsf,614jwgb2,614jwgb2::RMSF,sdt8-homo / RMSF,RMSF,Residue,8,0.042214524,nm,nm
line,overlay,sdt8-homo,sdt8-homo,rmsf,614jwgb2,614jwgb2::RMSF,sdt8-homo / RMSF,RMSF,Residue,9,0.044134367,nm,nm
line,overlay,sdt8-homo,sdt8-homo,rmsf,614jwgb2,614jwgb2::RMSF,sdt8-homo / RMSF,RMSF,Residue,10,0.047767337,nm,nm
line,overlay,sdt8-homo,sdt8-homo,rmsf,614jwgb2,614jwgb2::RMSF,sdt8-homo / RMSF,RMSF,Residue,11,0.055345118,nm,nm
line,overlay,sdt8-homo,sdt8-homo,rmsf,614jwgb2,614jwgb2::RMSF,sdt8-homo / RMSF,RMSF,Residue,12,0.069069505,nm,nm
line,overlay,sdt8-homo,sdt8-homo,rmsf,614jwgb2,614jwgb2::RMSF,sdt8-homo / RMSF,RMSF,Residue,13,0.08850362,nm,nm
line,overlay,sdt8-homo,sdt8-homo,rmsf,614jwgb2,614jwgb2::RMSF,sdt8-homo / RMSF,RMSF,Residue,14,0.11290526,nm,nm
line,overlay,sdt8-homo,sdt8-homo,rmsf,614jwgb2,614jwgb2::RMSF,sdt8-homo / RMSF,RMSF,Residue,15,0.12757683,nm,nm
line,overlay,sdt8-homo,sdt8-homo,rmsf,614jwgb2,614jwgb2::RMSF,sdt8-homo / RMSF,RMSF,Residue,16,0.10069672,nm,nm
line,overlay,sdt8-homo,sdt8-homo,rmsf,614jwgb2,614jwgb2::RMSF,sdt8-homo / RMSF,RMSF,Residue,17,0.076287456,nm,nm
line,overlay,sdt8-homo,sdt8-homo,rmsf,614jwgb2,614jwgb2::RMSF,sdt8-homo / RMSF,RMSF,Residue,18,0.07429795,nm,nm
line,overlay,sdt8-homo,sdt8-homo,rmsf,614jwgb2,614jwgb2::RMSF,sdt8-homo / RMSF,RMSF,Residue,19,0.057159208,nm,nm
line,overlay,sdt8-homo,sdt8-homo,rmsf,614jwgb2,614jwgb2::RMSF,sdt8-homo / RMSF,RMSF,Residue,20,0.04420609,nm,nm
line,overlay,sdt8-homo,sdt8-homo,rmsf,614jwgb2,614jwgb2::RMSF,sdt8-homo / RMSF,RMSF,Residue,21,0.04634831,nm,nm
line,overlay,sdt8-homo,sdt8-homo,rmsf,614jwgb2,614jwgb2::RMSF,sdt8-homo / RMSF,RMSF,Residue,22,0.045134205,nm,nm
line,overlay,sdt8-homo,sdt8-homo,rmsf,614jwgb2,614jwgb2::RMSF,sdt8-homo / RMSF,RMSF,Residue,23,0.045283355,nm,nm
line,overlay,sdt8-homo,sdt8-homo,rmsf,614jwgb2,614jwgb2::RMSF,sdt8-homo / RMSF,RMSF,Residue,24,0.045053314,nm,nm
line,overlay,sdt8-homo,sdt8-homo,rmsf,614jwgb2,614jwgb2::RMSF,sdt8-homo / RMSF,RMSF,Residue,25,0.04825531,nm,nm
line,overlay,sdt8-homo,sdt8-homo,rmsf,614jwgb2,614jwgb2::RMSF,sdt8-homo / RMSF,RMSF,Residue,26,0.04856921,nm,nm
line,overlay,sdt8-homo,sdt8-homo,rmsf,614jwgb2,614jwgb2::RMSF,sdt8-homo / RMSF,RMSF,Residue,27,0.048640482,nm,nm
line,overlay,sdt8-homo,sdt8-homo,rmsf,614jwgb2,614jwgb2::RMSF,sdt8-homo / RMSF,RMSF,Residue,28,0.054190956,nm,nm
line,overlay,sdt8-homo,sdt8-homo,rmsf,614jwgb2,614jwgb2::RMSF,sdt8-homo / RMSF,RMSF,Residue,29,0.066314705,nm,nm
line,overlay,sdt8-homo,sdt8-homo,rmsf,614jwgb2,614jwgb2::RMSF,sdt8-homo / RMSF,RMSF,Residue,30,0.07095586,nm,nm
line,overlay,sdt8-homo,sdt8-homo,rmsf,614jwgb2,614jwgb2::RMSF,sdt8-homo / RMSF,RMSF,Residue,31,0.07179426,nm,nm
line,overlay,sdt8-homo,sdt8-homo,rmsf,614jwgb2,614jwgb2::RMSF,sdt8-homo / RMSF,RMSF,Residue,32,0.060008384,nm,nm
line,overlay,sdt8-homo,sdt8-homo,rmsf,614jwgb2,614jwgb2::RMSF,sdt8-homo / RMSF,RMSF,Residue,33,0.05381084,nm,nm
line,overlay,sdt8-homo,sdt8-homo,rmsf,614jwgb2,614jwgb2::RMSF,sdt8-homo / RMSF,RMSF,Residue,34,0.04966348,nm,nm
line,overlay,sdt8-homo,sdt8-homo,rmsf,614jwgb2,614jwgb2::RMSF,sdt8-homo / RMSF,RMSF,Residue,35,0.047671452,nm,nm
line,overlay,sdt8-homo,sdt8-homo,rmsf,614jwgb2,614jwgb2::RMSF,sdt8-homo / RMSF,RMSF,Residue,36,0.049697507,nm,nm
line,overlay,sdt8-homo,sdt8-homo,rmsf,614jwgb2,614jwgb2::RMSF,sdt8-homo / RMSF,RMSF,Residue,37,0.052969646,nm,nm
line,overlay,sdt8-homo,sdt8-homo,rmsf,614jwgb2,614jwgb2::RMSF,sdt8-homo / RMSF,RMSF,Residue,38,0.06100082,nm,nm
line,overlay,sdt8-homo,sdt8-homo,rmsf,614jwgb2,614jwgb2::RMSF,sdt8-homo / RMSF,RMSF,Residue,39,0.0696883,nm,nm
line,overlay,sdt8-homo,sdt8-homo,rmsf,614jwgb2,614jwgb2::RMSF,sdt8-homo / RMSF,RMSF,Residue,40,0.08073738,nm,nm
line,overlay,sdt8-homo,sdt8-homo,rmsf,614jwgb2,614jwgb2::RMSF,sdt8-homo / RMSF,RMSF,Residue,41,0.08921448,nm,nm
line,overlay,sdt8-homo,sdt8-homo,rmsf,614jwgb2,614jwgb2::RMSF,sdt8-homo / RMSF,RMSF,Residue,42,0.085119784,nm,nm
line,overlay,sdt8-homo,sdt8-homo,rmsf,614jwgb2,614jwgb2::RMSF,sdt8-homo / RMSF,RMSF,Residue,43,0.08653832,nm,nm
line,overlay,sdt8-homo,sdt8-homo,rmsf,614jwgb2,614jwgb2::RMSF,sdt8-homo / RMSF,RMSF,Residue,44,0.09694672,nm,nm
line,overlay,sdt8-homo,sdt8-homo,rmsf,614jwgb2,614jwgb2::RMSF,sdt8-homo / RMSF,RMSF,Residue,45,0.091023065,nm,nm
line,overlay,sdt8-homo,sdt8-homo,rmsf,614jwgb2,614jwgb2::RMSF,sdt8-homo / RMSF,RMSF,Residue,46,0.06830012,nm,nm
line,overlay,sdt8-homo,sdt8-homo,rmsf,614jwgb2,614jwgb2::RMSF,sdt8-homo / RMSF,RMSF,Residue,47,0.07499503,nm,nm
line,overlay,sdt8-homo,sdt8-homo,rmsf,614jwgb2,614jwgb2::RMSF,sdt8-homo / RMSF,RMSF,Residue,48,0.07144425,nm,nm
line,overlay,sdt8-homo,sdt8-homo,rmsf,614jwgb2,614jwgb2::RMSF,sdt8-homo / RMSF,RMSF,Residue,49,0.07048358,nm,nm
line,overlay,sdt8-homo,sdt8-homo,rmsf,614jwgb2,614jwgb2::RMSF,sdt8-homo / RMSF,RMSF,Residue,50,0.07853867,nm,nm
line,overlay,sdt8-homo,sdt8-homo,rmsf,614jwgb2,614jwgb2::RMSF,sdt8-homo / RMSF,RMSF,Residue,51,0.10067833,nm,nm
line,overlay,sdt8-homo,sdt8-homo,rmsf,614jwgb2,614jwgb2::RMSF,sdt8-homo / RMSF,RMSF,Residue,52,0.10774316,nm,nm
line,overlay,sdt8-homo,sdt8-homo,rmsf,614jwgb2,614jwgb2::RMSF,sdt8-homo / RMSF,RMSF,Residue,53,0.09294292,nm,nm
line,overlay,sdt8-homo,sdt8-homo,rmsf,614jwgb2,614jwgb2::RMSF,sdt8-homo / RMSF,RMSF,Residue,54,0.13491389,nm,nm
line,overlay,sdt8-homo,sdt8-homo,rmsf,614jwgb2,614jwgb2::RMSF,sdt8-homo / RMSF,RMSF,Residue,55,0.16926524,nm,nm
line,overlay,sdt8-homo,sdt8-homo,rmsf,614jwgb2,614jwgb2::RMSF,sdt8-homo / RMSF,RMSF,Residue,56,0.13715044,nm,nm
line,overlay,sdt8-homo,sdt8-homo,rmsf,614jwgb2,614jwgb2::RMSF,sdt8-homo / RMSF,RMSF,Residue,57,0.120672815,nm,nm
line,overlay,sdt8-homo,sdt8-homo,rmsf,614jwgb2,614jwgb2::RMSF,sdt8-homo / RMSF,RMSF,Residue,58,0.09228327,nm,nm
line,overlay,sdt8-homo,sdt8-homo,rmsf,614jwgb2,614jwgb2::RMSF,sdt8-homo / RMSF,RMSF,Residue,59,0.097200096,nm,nm
line,overlay,sdt8-homo,sdt8-homo,rmsf,614jwgb2,614jwgb2::RMSF,sdt8-homo / RMSF,RMSF,Residue,60,0.058008533,nm,nm
line,overlay,sdt8-homo,sdt8-homo,rmsf,614jwgb2,614jwgb2::RMSF,sdt8-homo / RMSF,RMSF,Residue,61,0.056025643,nm,nm
line,overlay,sdt8-homo,sdt8-homo,rmsf,614jwgb2,614jwgb2::RMSF,sdt8-homo / RMSF,RMSF,Residue,62,0.05849489,nm,nm
line,overlay,sdt8-homo,sdt8-homo,rmsf,614jwgb2,614jwgb2::RMSF,sdt8-homo / RMSF,RMSF,Residue,63,0.061349906,nm,nm
line,overlay,sdt8-homo,sdt8-homo,rmsf,614jwgb2,614jwgb2::RMSF,sdt8-homo / RMSF,RMSF,Residue,64,0.06976982,nm,nm
line,overlay,sdt8-homo,sdt8-homo,rmsf,614jwgb2,614jwgb2::RMSF,sdt8-homo / RMSF,RMSF,Residue,65,0.07366679,nm,nm
line,overlay,sdt8-homo,sdt8-homo,rmsf,614jwgb2,614jwgb2::RMSF,sdt8-homo / RMSF,RMSF,Residue,66,0.0909848,nm,nm
line,overlay,sdt8-homo,sdt8-homo,rmsf,614jwgb2,614jwgb2::RMSF,sdt8-homo / RMSF,RMSF,Residue,67,0.086682476,nm,nm
line,overlay,sdt8-homo,sdt8-homo,rmsf,614jwgb2,614jwgb2::RMSF,sdt8-homo / RMSF,RMSF,Residue,68,0.090905584,nm,nm
line,overlay,sdt8-homo,sdt8-homo,rmsf,614jwgb2,614jwgb2::RMSF,sdt8-homo / RMSF,RMSF,Residue,69,0.0953393,nm,nm
line,overlay,sdt8-homo,sdt8-homo,rmsf,614jwgb2,614jwgb2::RMSF,sdt8-homo / RMSF,RMSF,Residue,70,0.11384385,nm,nm
line,overlay,sdt8-homo,sdt8-homo,rmsf,614jwgb2,614jwgb2::RMSF,sdt8-homo / RMSF,RMSF,Residue,71,0.11534014,nm,nm
line,overlay,sdt8-homo,sdt8-homo,rmsf,614jwgb2,614jwgb2::RMSF,sdt8-homo / RMSF,RMSF,Residue,72,0.10503716,nm,nm
line,overlay,sdt8-homo,sdt8-homo,rmsf,614jwgb2,614jwgb2::RMSF,sdt8-homo / RMSF,RMSF,Residue,73,0.11294304,nm,nm
line,overlay,sdt8-homo,sdt8-homo,rmsf,614jwgb2,614jwgb2::RMSF,sdt8-homo / RMSF,RMSF,Residue,74,0.10330623,nm,nm
line,overlay,sdt8-homo,sdt8-homo,rmsf,614jwgb2,614jwgb2::RMSF,sdt8-homo / RMSF,RMSF,Residue,75,0.11558065,nm,nm
line,overlay,sdt8-homo,sdt8-homo,rmsf,614jwgb2,614jwgb2::RMSF,sdt8-homo / RMSF,RMSF,Residue,76,0.13004722,nm,nm
line,overlay,sdt8-homo,sdt8-homo,rmsf,614jwgb2,614jwgb2::RMSF,sdt8-homo / RMSF,RMSF,Residue,77,0.12635893,nm,nm
line,overlay,sdt8-homo,sdt8-homo,rmsf,614jwgb2,614jwgb2::RMSF,sdt8-homo / RMSF,RMSF,Residue,78,0.10113409,nm,nm
line,overlay,sdt8-homo,sdt8-homo,rmsf,614jwgb2,614jwgb2::RMSF,sdt8-homo / RMSF,RMSF,Residue,79,0.09127037,nm,nm
line,overlay,sdt8-homo,sdt8-homo,rmsf,614jwgb2,614jwgb2::RMSF,sdt8-homo / RMSF,RMSF,Residue,80,0.08687308,nm,nm
line,overlay,sdt8-homo,sdt8-homo,rmsf,614jwgb2,614jwgb2::RMSF,sdt8-homo / RMSF,RMSF,Residue,81,0.09527804,nm,nm
line,overlay,sdt8-homo,sdt8-homo,rmsf,614jwgb2,614jwgb2::RMSF,sdt8-homo / RMSF,RMSF,Residue,82,0.116742946,nm,nm
line,overlay,sdt8-homo,sdt8-homo,rmsf,614jwgb2,614jwgb2::RMSF,sdt8-homo / RMSF,RMSF,Residue,83,0.10812813,nm,nm
line,overlay,sdt8-homo,sdt8-homo,rmsf,614jwgb2,614jwgb2::RMSF,sdt8-homo / RMSF,RMSF,Residue,84,0.10183789,nm,nm
line,overlay,sdt8-homo,sdt8-homo,rmsf,614jwgb2,614jwgb2::RMSF,sdt8-homo / RMSF,RMSF,Residue,85,0.13326156,nm,nm
line,overlay,sdt8-homo,sdt8-homo,rmsf,614jwgb2,614jwgb2::RMSF,sdt8-homo / RMSF,RMSF,Residue,86,0.13373224,nm,nm
line,overlay,sdt8-homo,sdt8-homo,rmsf,614jwgb2,614jwgb2::RMSF,sdt8-homo / RMSF,RMSF,Residue,87,0.13171378,nm,nm
line,overlay,sdt8-homo,sdt8-homo,rmsf,614jwgb2,614jwgb2::RMSF,sdt8-homo / RMSF,RMSF,Residue,88,0.12718226,nm,nm
line,overlay,sdt8-homo,sdt8-homo,rmsf,614jwgb2,614jwgb2::RMSF,sdt8-homo / RMSF,RMSF,Residue,89,0.10419771,nm,nm
line,overlay,sdt8-homo,sdt8-homo,rmsf,614jwgb2,614jwgb2::RMSF,sdt8-homo / RMSF,RMSF,Residue,90,0.10330654,nm,nm
line,overlay,sdt8-homo,sdt8-homo,rmsf,614jwgb2,614jwgb2::RMSF,sdt8-homo / RMSF,RMSF,Residue,91,0.10823,nm,nm
line,overlay,sdt8-homo,sdt8-homo,rmsf,614jwgb2,614jwgb2::RMSF,sdt8-homo / RMSF,RMSF,Residue,92,0.098561786,nm,nm
line,overlay,sdt8-homo,sdt8-homo,rmsf,614jwgb2,614jwgb2::RMSF,sdt8-homo / RMSF,RMSF,Residue,93,0.086249754,nm,nm
line,overlay,sdt8-homo,sdt8-homo,rmsf,614jwgb2,614jwgb2::RMSF,sdt8-homo / RMSF,RMSF,Residue,94,0.093516216,nm,nm
line,overlay,sdt8-homo,sdt8-homo,rmsf,614jwgb2,614jwgb2::RMSF,sdt8-homo / RMSF,RMSF,Residue,95,0.097474135,nm,nm
line,overlay,sdt8-homo,sdt8-homo,rmsf,614jwgb2,614jwgb2::RMSF,sdt8-homo / RMSF,RMSF,Residue,96,0.0851445,nm,nm
line,overlay,sdt8-homo,sdt8-homo,rmsf,614jwgb2,614jwgb2::RMSF,sdt8-homo / RMSF,RMSF,Residue,97,0.08254126,nm,nm
line,overlay,sdt8-homo,sdt8-homo,rmsf,614jwgb2,614jwgb2::RMSF,sdt8-homo / RMSF,RMSF,Residue,98,0.09635411,nm,nm
line,overlay,sdt8-homo,sdt8-homo,rmsf,614jwgb2,614jwgb2::RMSF,sdt8-homo / RMSF,RMSF,Residue,99,0.09626409,nm,nm
line,overlay,sdt8-homo,sdt8-homo,rmsf,614jwgb2,614jwgb2::RMSF,sdt8-homo / RMSF,RMSF,Residue,100,0.0837389,nm,nm
line,overlay,sdt8-homo,sdt8-homo,rmsf,614jwgb2,614jwgb2::RMSF,sdt8-homo / RMSF,RMSF,Residue,101,0.08092184,nm,nm
line,overlay,sdt8-homo,sdt8-homo,rmsf,614jwgb2,614jwgb2::RMSF,sdt8-homo / RMSF,RMSF,Residue,102,0.08790785,nm,nm
line,overlay,sdt8-homo,sdt8-homo,rmsf,614jwgb2,614jwgb2::RMSF,sdt8-homo / RMSF,RMSF,Residue,103,0.09270085,nm,nm
line,overlay,sdt8-homo,sdt8-homo,rmsf,614jwgb2,614jwgb2::RMSF,sdt8-homo / RMSF,RMSF,Residue,104,0.080522805,nm,nm
line,overlay,sdt8-homo,sdt8-homo,rmsf,614jwgb2,614jwgb2::RMSF,sdt8-homo / RMSF,RMSF,Residue,105,0.08119632,nm,nm
line,overlay,sdt8-homo,sdt8-homo,rmsf,614jwgb2,614jwgb2::RMSF,sdt8-homo / RMSF,RMSF,Residue,106,0.09415511,nm,nm
line,overlay,sdt8-homo,sdt8-homo,rmsf,614jwgb2,614jwgb2::RMSF,sdt8-homo / RMSF,RMSF,Residue,107,0.08562327,nm,nm
line,overlay,sdt8-homo,sdt8-homo,rmsf,614jwgb2,614jwgb2::RMSF,sdt8-homo / RMSF,RMSF,Residue,108,0.07240963,nm,nm
line,overlay,sdt8-homo,sdt8-homo,rmsf,614jwgb2,614jwgb2::RMSF,sdt8-homo / RMSF,RMSF,Residue,109,0.094326295,nm,nm
line,overlay,sdt8-homo,sdt8-homo,rmsf,614jwgb2,614jwgb2::RMSF,sdt8-homo / RMSF,RMSF,Residue,110,0.10637263,nm,nm
line,overlay,sdt8-homo,sdt8-homo,rmsf,614jwgb2,614jwgb2::RMSF,sdt8-homo / RMSF,RMSF,Residue,111,0.09386354,nm,nm
line,overlay,sdt8-homo,sdt8-homo,rmsf,614jwgb2,614jwgb2::RMSF,sdt8-homo / RMSF,RMSF,Residue,112,0.0859948,nm,nm
line,overlay,sdt8-homo,sdt8-homo,rmsf,614jwgb2,614jwgb2::RMSF,sdt8-homo / RMSF,RMSF,Residue,113,0.063305326,nm,nm
line,overlay,sdt8-homo,sdt8-homo,rmsf,614jwgb2,614jwgb2::RMSF,sdt8-homo / RMSF,RMSF,Residue,114,0.056074306,nm,nm
line,overlay,sdt8-homo,sdt8-homo,rmsf,614jwgb2,614jwgb2::RMSF,sdt8-homo / RMSF,RMSF,Residue,115,0.05006901,nm,nm
line,overlay,sdt8-homo,sdt8-homo,rmsf,614jwgb2,614jwgb2::RMSF,sdt8-homo / RMSF,RMSF,Residue,116,0.044434853,nm,nm
line,overlay,sdt8-homo,sdt8-homo,rmsf,614jwgb2,614jwgb2::RMSF,sdt8-homo / RMSF,RMSF,Residue,117,0.03970996,nm,nm
line,overlay,sdt8-homo,sdt8-homo,rmsf,614jwgb2,614jwgb2::RMSF,sdt8-homo / RMSF,RMSF,Residue,118,0.039425578,nm,nm
line,overlay,sdt8-homo,sdt8-homo,rmsf,614jwgb2,614jwgb2::RMSF,sdt8-homo / RMSF,RMSF,Residue,119,0.043660685,nm,nm
line,overlay,sdt8-homo,sdt8-homo,rmsf,614jwgb2,614jwgb2::RMSF,sdt8-homo / RMSF,RMSF,Residue,120,0.05385789,nm,nm
line,overlay,sdt8-homo,sdt8-homo,rmsf,614jwgb2,614jwgb2::RMSF,sdt8-homo / RMSF,RMSF,Residue,121,0.06756719,nm,nm
line,overlay,sdt8-homo,sdt8-homo,rmsf,614jwgb2,614jwgb2::RMSF,sdt8-homo / RMSF,RMSF,Residue,122,0.06677474,nm,nm
line,overlay,sdt8-homo,sdt8-homo,rmsf,614jwgb2,614jwgb2::RMSF,sdt8-homo / RMSF,RMSF,Residue,123,0.103158355,nm,nm
line,overlay,sdt8-homo,sdt8-homo,rmsf,614jwgb2,614jwgb2::RMSF,sdt8-homo / RMSF,RMSF,Residue,124,0.069238245,nm,nm
line,overlay,sdt8-homo,sdt8-homo,rmsf,614jwgb2,614jwgb2::RMSF,sdt8-homo / RMSF,RMSF,Residue,125,0.059813097,nm,nm
line,overlay,sdt8-homo,sdt8-homo,rmsf,614jwgb2,614jwgb2::RMSF,sdt8-homo / RMSF,RMSF,Residue,126,0.064634025,nm,nm
line,overlay,sdt8-homo,sdt8-homo,rmsf,614jwgb2,614jwgb2::RMSF,sdt8-homo / RMSF,RMSF,Residue,127,0.07389776,nm,nm
line,overlay,sdt8-homo,sdt8-homo,rmsf,614jwgb2,614jwgb2::RMSF,sdt8-homo / RMSF,RMSF,Residue,128,0.06983623,nm,nm
line,overlay,sdt8-homo,sdt8-homo,rmsf,614jwgb2,614jwgb2::RMSF,sdt8-homo / RMSF,RMSF,Residue,129,0.06777172,nm,nm
line,overlay,sdt8-homo,sdt8-homo,rmsf,614jwgb2,614jwgb2::RMSF,sdt8-homo / RMSF,RMSF,Residue,130,0.0773087,nm,nm
line,overlay,sdt8-homo,sdt8-homo,rmsf,614jwgb2,614jwgb2::RMSF,sdt8-homo / RMSF,RMSF,Residue,131,0.0927081,nm,nm
line,overlay,sdt8-homo,sdt8-homo,rmsf,614jwgb2,614jwgb2::RMSF,sdt8-homo / RMSF,RMSF,Residue,132,0.08571827,nm,nm
line,overlay,sdt8-homo,sdt8-homo,rmsf,614jwgb2,614jwgb2::RMSF,sdt8-homo / RMSF,RMSF,Residue,133,0.078791805,nm,nm
line,overlay,sdt8-homo,sdt8-homo,rmsf,614jwgb2,614jwgb2::RMSF,sdt8-homo / RMSF,RMSF,Residue,134,0.063226245,nm,nm
line,overlay,sdt8-homo,sdt8-homo,rmsf,614jwgb2,614jwgb2::RMSF,sdt8-homo / RMSF,RMSF,Residue,135,0.054497678,nm,nm
line,overlay,sdt8-homo,sdt8-homo,rmsf,614jwgb2,614jwgb2::RMSF,sdt8-homo / RMSF,RMSF,Residue,136,0.044316392,nm,nm
line,overlay,sdt8-homo,sdt8-homo,rmsf,614jwgb2,614jwgb2::RMSF,sdt8-homo / RMSF,RMSF,Residue,137,0.039923236,nm,nm
line,overlay,sdt8-homo,sdt8-homo,rmsf,614jwgb2,614jwgb2::RMSF,sdt8-homo / RMSF,RMSF,Residue,138,0.039590966,nm,nm
line,overlay,sdt8-homo,sdt8-homo,rmsf,614jwgb2,614jwgb2::RMSF,sdt8-homo / RMSF,RMSF,Residue,139,0.04127412,nm,nm
line,overlay,sdt8-homo,sdt8-homo,rmsf,614jwgb2,614jwgb2::RMSF,sdt8-homo / RMSF,RMSF,Residue,140,0.0474694,nm,nm
line,overlay,sdt8-homo,sdt8-homo,rmsf,614jwgb2,614jwgb2::RMSF,sdt8-homo / RMSF,RMSF,Residue,141,0.052455887,nm,nm
line,overlay,sdt8-homo,sdt8-homo,rmsf,614jwgb2,614jwgb2::RMSF,sdt8-homo / RMSF,RMSF,Residue,142,0.046530847,nm,nm
line,overlay,sdt8-homo,sdt8-homo,rmsf,614jwgb2,614jwgb2::RMSF,sdt8-homo / RMSF,RMSF,Residue,143,0.04171194,nm,nm
line,overlay,sdt8-homo,sdt8-homo,rmsf,614jwgb2,614jwgb2::RMSF,sdt8-homo / RMSF,RMSF,Residue,144,0.041473944,nm,nm
line,overlay,sdt8-homo,sdt8-homo,rmsf,614jwgb2,614jwgb2::RMSF,sdt8-homo / RMSF,RMSF,Residue,145,0.045071855,nm,nm
line,overlay,sdt8-homo,sdt8-homo,rmsf,614jwgb2,614jwgb2::RMSF,sdt8-homo / RMSF,RMSF,Residue,146,0.049554497,nm,nm
line,overlay,sdt8-homo,sdt8-homo,rmsf,614jwgb2,614jwgb2::RMSF,sdt8-homo / RMSF,RMSF,Residue,147,0.05350023,nm,nm
line,overlay,sdt8-homo,sdt8-homo,rmsf,614jwgb2,614jwgb2::RMSF,sdt8-homo / RMSF,RMSF,Residue,148,0.053981032,nm,nm
line,overlay,sdt8-homo,sdt8-homo,rmsf,614jwgb2,614jwgb2::RMSF,sdt8-homo / RMSF,RMSF,Residue,149,0.05466275,nm,nm
line,overlay,sdt8-homo,sdt8-homo,rmsf,614jwgb2,614jwgb2::RMSF,sdt8-homo / RMSF,RMSF,Residue,150,0.06569856,nm,nm
line,overlay,sdt8-homo,sdt8-homo,rmsf,614jwgb2,614jwgb2::RMSF,sdt8-homo / RMSF,RMSF,Residue,151,0.0716011,nm,nm
line,overlay,sdt8-homo,sdt8-homo,rmsf,614jwgb2,614jwgb2::RMSF,sdt8-homo / RMSF,RMSF,Residue,152,0.071685426,nm,nm
line,overlay,sdt8-homo,sdt8-homo,rmsf,614jwgb2,614jwgb2::RMSF,sdt8-homo / RMSF,RMSF,Residue,153,0.067697726,nm,nm
line,overlay,sdt8-homo,sdt8-homo,rmsf,614jwgb2,614jwgb2::RMSF,sdt8-homo / RMSF,RMSF,Residue,154,0.07959982,nm,nm
line,overlay,sdt8-homo,sdt8-homo,rmsf,614jwgb2,614jwgb2::RMSF,sdt8-homo / RMSF,RMSF,Residue,155,0.095953986,nm,nm
line,overlay,sdt8-homo,sdt8-homo,rmsf,614jwgb2,614jwgb2::RMSF,sdt8-homo / RMSF,RMSF,Residue,156,0.093576685,nm,nm
line,overlay,sdt8-homo,sdt8-homo,rmsf,614jwgb2,614jwgb2::RMSF,sdt8-homo / RMSF,RMSF,Residue,157,0.083875574,nm,nm
line,overlay,sdt8-homo,sdt8-homo,rmsf,614jwgb2,614jwgb2::RMSF,sdt8-homo / RMSF,RMSF,Residue,158,0.08502494,nm,nm
line,overlay,sdt8-homo,sdt8-homo,rmsf,614jwgb2,614jwgb2::RMSF,sdt8-homo / RMSF,RMSF,Residue,159,0.10369359,nm,nm
line,overlay,sdt8-homo,sdt8-homo,rmsf,614jwgb2,614jwgb2::RMSF,sdt8-homo / RMSF,RMSF,Residue,160,0.1259731,nm,nm
line,overlay,sdt8-homo,sdt8-homo,rmsf,614jwgb2,614jwgb2::RMSF,sdt8-homo / RMSF,RMSF,Residue,161,0.17023242,nm,nm
line,overlay,sdt8-homo,sdt8-homo,rmsf,614jwgb2,614jwgb2::RMSF,sdt8-homo / RMSF,RMSF,Residue,162,0.15435499,nm,nm
line,overlay,sdt8-homo,sdt8-homo,rmsf,614jwgb2,614jwgb2::RMSF,sdt8-homo / RMSF,RMSF,Residue,163,0.22767422,nm,nm
line,overlay,sdt8-homo,sdt8-homo,rmsf,614jwgb2,614jwgb2::RMSF,sdt8-homo / RMSF,RMSF,Residue,164,0.21163657,nm,nm
line,overlay,sdt8-homo,sdt8-homo,rmsf,614jwgb2,614jwgb2::RMSF,sdt8-homo / RMSF,RMSF,Residue,165,0.21662068,nm,nm
line,overlay,sdt8-homo,sdt8-homo,rmsf,614jwgb2,614jwgb2::RMSF,sdt8-homo / RMSF,RMSF,Residue,166,0.17932686,nm,nm
line,overlay,sdt8-homo,sdt8-homo,rmsf,614jwgb2,614jwgb2::RMSF,sdt8-homo / RMSF,RMSF,Residue,167,0.12243681,nm,nm
line,overlay,sdt8-homo,sdt8-homo,rmsf,614jwgb2,614jwgb2::RMSF,sdt8-homo / RMSF,RMSF,Residue,168,0.09110637,nm,nm
line,overlay,sdt8-homo,sdt8-homo,rmsf,614jwgb2,614jwgb2::RMSF,sdt8-homo / RMSF,RMSF,Residue,169,0.08124658,nm,nm
line,overlay,sdt8-homo,sdt8-homo,rmsf,614jwgb2,614jwgb2::RMSF,sdt8-homo / RMSF,RMSF,Residue,170,0.08190208,nm,nm
line,overlay,sdt8-homo,sdt8-homo,rmsf,614jwgb2,614jwgb2::RMSF,sdt8-homo / RMSF,RMSF,Residue,171,0.07457626,nm,nm
line,overlay,sdt8-homo,sdt8-homo,rmsf,614jwgb2,614jwgb2::RMSF,sdt8-homo / RMSF,RMSF,Residue,172,0.09050613,nm,nm
line,overlay,sdt8-homo,sdt8-homo,rmsf,614jwgb2,614jwgb2::RMSF,sdt8-homo / RMSF,RMSF,Residue,173,0.10998862,nm,nm
line,overlay,sdt8-homo,sdt8-homo,rmsf,614jwgb2,614jwgb2::RMSF,sdt8-homo / RMSF,RMSF,Residue,174,0.10060979,nm,nm
line,overlay,sdt8-homo,sdt8-homo,rmsf,614jwgb2,614jwgb2::RMSF,sdt8-homo / RMSF,RMSF,Residue,175,0.1264251,nm,nm
line,overlay,sdt8-homo,sdt8-homo,rmsf,614jwgb2,614jwgb2::RMSF,sdt8-homo / RMSF,RMSF,Residue,176,0.110332236,nm,nm
line,overlay,sdt8-homo,sdt8-homo,rmsf,614jwgb2,614jwgb2::RMSF,sdt8-homo / RMSF,RMSF,Residue,177,0.10596134,nm,nm
line,overlay,sdt8-homo,sdt8-homo,rmsf,614jwgb2,614jwgb2::RMSF,sdt8-homo / RMSF,RMSF,Residue,178,0.07650995,nm,nm
line,overlay,sdt8-homo,sdt8-homo,rmsf,614jwgb2,614jwgb2::RMSF,sdt8-homo / RMSF,RMSF,Residue,179,0.078430444,nm,nm
line,overlay,sdt8-homo,sdt8-homo,rmsf,614jwgb2,614jwgb2::RMSF,sdt8-homo / RMSF,RMSF,Residue,180,0.07105719,nm,nm
line,overlay,sdt8-homo,sdt8-homo,rmsf,614jwgb2,614jwgb2::RMSF,sdt8-homo / RMSF,RMSF,Residue,181,0.07664362,nm,nm
line,overlay,sdt8-homo,sdt8-homo,rmsf,614jwgb2,614jwgb2::RMSF,sdt8-homo / RMSF,RMSF,Residue,182,0.0828687,nm,nm
line,overlay,sdt8-homo,sdt8-homo,rmsf,614jwgb2,614jwgb2::RMSF,sdt8-homo / RMSF,RMSF,Residue,183,0.095434345,nm,nm
line,overlay,sdt8-homo,sdt8-homo,rmsf,614jwgb2,614jwgb2::RMSF,sdt8-homo / RMSF,RMSF,Residue,184,0.08044822,nm,nm
line,overlay,sdt8-homo,sdt8-homo,rmsf,614jwgb2,614jwgb2::RMSF,sdt8-homo / RMSF,RMSF,Residue,185,0.083554,nm,nm
line,overlay,sdt8-homo,sdt8-homo,rmsf,614jwgb2,614jwgb2::RMSF,sdt8-homo / RMSF,RMSF,Residue,186,0.10188667,nm,nm
line,overlay,sdt8-homo,sdt8-homo,rmsf,614jwgb2,614jwgb2::RMSF,sdt8-homo / RMSF,RMSF,Residue,187,0.107529074,nm,nm
line,overlay,sdt8-homo,sdt8-homo,rmsf,614jwgb2,614jwgb2::RMSF,sdt8-homo / RMSF,RMSF,Residue,188,0.12748112,nm,nm
line,overlay,sdt8-homo,sdt8-homo,rmsf,614jwgb2,614jwgb2::RMSF,sdt8-homo / RMSF,RMSF,Residue,189,0.11430048,nm,nm
line,overlay,sdt8-homo,sdt8-homo,rmsf,614jwgb2,614jwgb2::RMSF,sdt8-homo / RMSF,RMSF,Residue,190,0.09936959,nm,nm
line,overlay,sdt8-homo,sdt8-homo,rmsf,614jwgb2,614jwgb2::RMSF,sdt8-homo / RMSF,RMSF,Residue,191,0.13983037,nm,nm
line,overlay,sdt8-homo,sdt8-homo,rmsf,614jwgb2,614jwgb2::RMSF,sdt8-homo / RMSF,RMSF,Residue,192,0.15564276,nm,nm
line,overlay,sdt8-homo,sdt8-homo,rmsf,614jwgb2,614jwgb2::RMSF,sdt8-homo / RMSF,RMSF,Residue,193,0.17059371,nm,nm
line,overlay,sdt8-homo,sdt8-homo,rmsf,614jwgb2,614jwgb2::RMSF,sdt8-homo / RMSF,RMSF,Residue,194,0.1415779,nm,nm
line,overlay,sdt8-homo,sdt8-homo,rmsf,614jwgb2,614jwgb2::RMSF,sdt8-homo / RMSF,RMSF,Residue,195,0.13680963,nm,nm
line,overlay,sdt8-homo,sdt8-homo,rmsf,614jwgb2,614jwgb2::RMSF,sdt8-homo / RMSF,RMSF,Residue,196,0.13720943,nm,nm
line,overlay,sdt8-homo,sdt8-homo,rmsf,614jwgb2,614jwgb2::RMSF,sdt8-homo / RMSF,RMSF,Residue,197,0.13101715,nm,nm
line,overlay,sdt8-homo,sdt8-homo,rmsf,614jwgb2,614jwgb2::RMSF,sdt8-homo / RMSF,RMSF,Residue,198,0.12311284,nm,nm
line,overlay,sdt8-homo,sdt8-homo,rmsf,614jwgb2,614jwgb2::RMSF,sdt8-homo / RMSF,RMSF,Residue,199,0.12199992,nm,nm
line,overlay,sdt8-homo,sdt8-homo,rmsf,614jwgb2,614jwgb2::RMSF,sdt8-homo / RMSF,RMSF,Residue,200,0.11165849,nm,nm
line,overlay,sdt8-homo,sdt8-homo,rmsf,614jwgb2,614jwgb2::RMSF,sdt8-homo / RMSF,RMSF,Residue,201,0.11833683,nm,nm
line,overlay,sdt8-homo,sdt8-homo,rmsf,614jwgb2,614jwgb2::RMSF,sdt8-homo / RMSF,RMSF,Residue,202,0.12963876,nm,nm
line,overlay,sdt8-homo,sdt8-homo,rmsf,614jwgb2,614jwgb2::RMSF,sdt8-homo / RMSF,RMSF,Residue,203,0.117625296,nm,nm
line,overlay,sdt8-homo,sdt8-homo,rmsf,614jwgb2,614jwgb2::RMSF,sdt8-homo / RMSF,RMSF,Residue,204,0.09932234,nm,nm
line,overlay,sdt8-homo,sdt8-homo,rmsf,614jwgb2,614jwgb2::RMSF,sdt8-homo / RMSF,RMSF,Residue,205,0.109637,nm,nm
line,overlay,sdt8-homo,sdt8-homo,rmsf,614jwgb2,614jwgb2::RMSF,sdt8-homo / RMSF,RMSF,Residue,206,0.12324583,nm,nm
line,overlay,sdt8-homo,sdt8-homo,rmsf,614jwgb2,614jwgb2::RMSF,sdt8-homo / RMSF,RMSF,Residue,207,0.109384194,nm,nm
line,overlay,sdt8-homo,sdt8-homo,rmsf,614jwgb2,614jwgb2::RMSF,sdt8-homo / RMSF,RMSF,Residue,208,0.11841092,nm,nm
line,overlay,sdt8-homo,sdt8-homo,rmsf,614jwgb2,614jwgb2::RMSF,sdt8-homo / RMSF,RMSF,Residue,209,0.11952247,nm,nm
line,overlay,sdt8-homo,sdt8-homo,rmsf,614jwgb2,614jwgb2::RMSF,sdt8-homo / RMSF,RMSF,Residue,210,0.08238856,nm,nm
line,overlay,sdt8-homo,sdt8-homo,rmsf,614jwgb2,614jwgb2::RMSF,sdt8-homo / RMSF,RMSF,Residue,211,0.054947734,nm,nm
line,overlay,sdt8-homo,sdt8-homo,rmsf,614jwgb2,614jwgb2::RMSF,sdt8-homo / RMSF,RMSF,Residue,212,0.053904533,nm,nm
line,overlay,sdt8-homo,sdt8-homo,rmsf,614jwgb2,614jwgb2::RMSF,sdt8-homo / RMSF,RMSF,Residue,213,0.050133884,nm,nm
line,overlay,sdt8-homo,sdt8-homo,rmsf,614jwgb2,614jwgb2::RMSF,sdt8-homo / RMSF,RMSF,Residue,214,0.043772493,nm,nm
line,overlay,sdt8-homo,sdt8-homo,rmsf,614jwgb2,614jwgb2::RMSF,sdt8-homo / RMSF,RMSF,Residue,215,0.04055479,nm,nm
line,overlay,sdt8-homo,sdt8-homo,rmsf,614jwgb2,614jwgb2::RMSF,sdt8-homo / RMSF,RMSF,Residue,216,0.040753953,nm,nm
line,overlay,sdt8-homo,sdt8-homo,rmsf,614jwgb2,614jwgb2::RMSF,sdt8-homo / RMSF,RMSF,Residue,217,0.04142196,nm,nm
line,overlay,sdt8-homo,sdt8-homo,rmsf,614jwgb2,614jwgb2::RMSF,sdt8-homo / RMSF,RMSF,Residue,218,0.042620298,nm,nm
line,overlay,sdt8-homo,sdt8-homo,rmsf,614jwgb2,614jwgb2::RMSF,sdt8-homo / RMSF,RMSF,Residue,219,0.045235503,nm,nm
line,overlay,sdt8-homo,sdt8-homo,rmsf,614jwgb2,614jwgb2::RMSF,sdt8-homo / RMSF,RMSF,Residue,220,0.052472256,nm,nm
line,overlay,sdt8-homo,sdt8-homo,rmsf,614jwgb2,614jwgb2::RMSF,sdt8-homo / RMSF,RMSF,Residue,221,0.05957011,nm,nm
line,overlay,sdt8-homo,sdt8-homo,rmsf,614jwgb2,614jwgb2::RMSF,sdt8-homo / RMSF,RMSF,Residue,222,0.04866852,nm,nm
line,overlay,sdt8-homo,sdt8-homo,rmsf,614jwgb2,614jwgb2::RMSF,sdt8-homo / RMSF,RMSF,Residue,223,0.04699856,nm,nm
line,overlay,sdt8-homo,sdt8-homo,rmsf,614jwgb2,614jwgb2::RMSF,sdt8-homo / RMSF,RMSF,Residue,224,0.061867587,nm,nm
line,overlay,sdt8-homo,sdt8-homo,rmsf,614jwgb2,614jwgb2::RMSF,sdt8-homo / RMSF,RMSF,Residue,225,0.06007421,nm,nm
line,overlay,sdt8-homo,sdt8-homo,rmsf,614jwgb2,614jwgb2::RMSF,sdt8-homo / RMSF,RMSF,Residue,226,0.053545684,nm,nm
line,overlay,sdt8-homo,sdt8-homo,rmsf,614jwgb2,614jwgb2::RMSF,sdt8-homo / RMSF,RMSF,Residue,227,0.055160835,nm,nm
line,overlay,sdt8-homo,sdt8-homo,rmsf,614jwgb2,614jwgb2::RMSF,sdt8-homo / RMSF,RMSF,Residue,228,0.06449052,nm,nm
line,overlay,sdt8-homo,sdt8-homo,rmsf,614jwgb2,614jwgb2::RMSF,sdt8-homo / RMSF,RMSF,Residue,229,0.06908235,nm,nm
line,overlay,sdt8-homo,sdt8-homo,rmsf,614jwgb2,614jwgb2::RMSF,sdt8-homo / RMSF,RMSF,Residue,230,0.071939096,nm,nm
line,overlay,sdt8-homo,sdt8-homo,rmsf,614jwgb2,614jwgb2::RMSF,sdt8-homo / RMSF,RMSF,Residue,231,0.084382646,nm,nm
line,overlay,sdt8-homo,sdt8-homo,rmsf,614jwgb2,614jwgb2::RMSF,sdt8-homo / RMSF,RMSF,Residue,232,0.11731446,nm,nm
line,overlay,sdt8-homo,sdt8-homo,rmsf,614jwgb2,614jwgb2::RMSF,sdt8-homo / RMSF,RMSF,Residue,233,0.14653762,nm,nm
line,overlay,sdt8-homo,sdt8-homo,rmsf,614jwgb2,614jwgb2::RMSF,sdt8-homo / RMSF,RMSF,Residue,234,0.12660605,nm,nm
line,overlay,sdt8-homo,sdt8-homo,rmsf,614jwgb2,614jwgb2::RMSF,sdt8-homo / RMSF,RMSF,Residue,235,0.10261537,nm,nm
line,overlay,sdt8-homo,sdt8-homo,rmsf,614jwgb2,614jwgb2::RMSF,sdt8-homo / RMSF,RMSF,Residue,236,0.075418636,nm,nm
line,overlay,sdt8-homo,sdt8-homo,rmsf,614jwgb2,614jwgb2::RMSF,sdt8-homo / RMSF,RMSF,Residue,237,0.06358393,nm,nm
line,overlay,sdt8-homo,sdt8-homo,rmsf,614jwgb2,614jwgb2::RMSF,sdt8-homo / RMSF,RMSF,Residue,238,0.04831977,nm,nm
line,overlay,sdt8-homo,sdt8-homo,rmsf,614jwgb2,614jwgb2::RMSF,sdt8-homo / RMSF,RMSF,Residue,239,0.045079947,nm,nm
line,overlay,sdt8-homo,sdt8-homo,rmsf,614jwgb2,614jwgb2::RMSF,sdt8-homo / RMSF,RMSF,Residue,240,0.049129374,nm,nm
line,overlay,sdt8-homo,sdt8-homo,rmsf,614jwgb2,614jwgb2::RMSF,sdt8-homo / RMSF,RMSF,Residue,241,0.04711564,nm,nm
line,overlay,sdt8-homo,sdt8-homo,rmsf,614jwgb2,614jwgb2::RMSF,sdt8-homo / RMSF,RMSF,Residue,242,0.052161425,nm,nm
line,overlay,sdt8-homo,sdt8-homo,rmsf,614jwgb2,614jwgb2::RMSF,sdt8-homo / RMSF,RMSF,Residue,243,0.046801113,nm,nm
line,overlay,sdt8-homo,sdt8-homo,rmsf,614jwgb2,614jwgb2::RMSF,sdt8-homo / RMSF,RMSF,Residue,244,0.06132781,nm,nm
line,overlay,sdt8-homo,sdt8-homo,rmsf,614jwgb2,614jwgb2::RMSF,sdt8-homo / RMSF,RMSF,Residue,245,0.08031884,nm,nm
line,overlay,sdt8-homo,sdt8-homo,rmsf,614jwgb2,614jwgb2::RMSF,sdt8-homo / RMSF,RMSF,Residue,246,0.0804205,nm,nm
line,overlay,sdt8-homo,sdt8-homo,rmsf,614jwgb2,614jwgb2::RMSF,sdt8-homo / RMSF,RMSF,Residue,247,0.10130903,nm,nm
line,overlay,sdt8-homo,sdt8-homo,rmsf,614jwgb2,614jwgb2::RMSF,sdt8-homo / RMSF,RMSF,Residue,248,0.092947684,nm,nm
line,overlay,sdt8-homo,sdt8-homo,rmsf,614jwgb2,614jwgb2::RMSF,sdt8-homo / RMSF,RMSF,Residue,249,0.105733186,nm,nm
line,overlay,sdt8-homo,sdt8-homo,rmsf,614jwgb2,614jwgb2::RMSF,sdt8-homo / RMSF,RMSF,Residue,250,0.099707805,nm,nm
line,overlay,sdt8-homo,sdt8-homo,rmsf,614jwgb2,614jwgb2::RMSF,sdt8-homo / RMSF,RMSF,Residue,251,0.0937758,nm,nm
line,overlay,sdt8-homo,sdt8-homo,rmsf,614jwgb2,614jwgb2::RMSF,sdt8-homo / RMSF,RMSF,Residue,252,0.09303658,nm,nm
line,overlay,sdt8-homo,sdt8-homo,rmsf,614jwgb2,614jwgb2::RMSF,sdt8-homo / RMSF,RMSF,Residue,253,0.078379355,nm,nm
line,overlay,sdt8-homo,sdt8-homo,rmsf,614jwgb2,614jwgb2::RMSF,sdt8-homo / RMSF,RMSF,Residue,254,0.065670185,nm,nm
line,overlay,sdt8-homo,sdt8-homo,rmsf,614jwgb2,614jwgb2::RMSF,sdt8-homo / RMSF,RMSF,Residue,255,0.07559642,nm,nm
line,overlay,sdt8-homo,sdt8-homo,rmsf,614jwgb2,614jwgb2::RMSF,sdt8-homo / RMSF,RMSF,Residue,256,0.08079171,nm,nm
line,overlay,sdt8-homo,sdt8-homo,rmsf,614jwgb2,614jwgb2::RMSF,sdt8-homo / RMSF,RMSF,Residue,257,0.07185699,nm,nm
line,overlay,sdt8-homo,sdt8-homo,rmsf,614jwgb2,614jwgb2::RMSF,sdt8-homo / RMSF,RMSF,Residue,258,0.0839091,nm,nm
line,overlay,sdt8-homo,sdt8-homo,rmsf,614jwgb2,614jwgb2::RMSF,sdt8-homo / RMSF,RMSF,Residue,259,0.08904484,nm,nm
line,overlay,sdt8-homo,sdt8-homo,rmsf,614jwgb2,614jwgb2::RMSF,sdt8-homo / RMSF,RMSF,Residue,260,0.092880584,nm,nm
line,overlay,sdt8-homo,sdt8-homo,rmsf,614jwgb2,614jwgb2::RMSF,sdt8-homo / RMSF,RMSF,Residue,261,0.09112515,nm,nm
line,overlay,sdt8-homo,sdt8-homo,rmsf,614jwgb2,614jwgb2::RMSF,sdt8-homo / RMSF,RMSF,Residue,262,0.12638712,nm,nm
line,overlay,sdt8-homo,sdt8-homo,rmsf,614jwgb2,614jwgb2::RMSF,sdt8-homo / RMSF,RMSF,Residue,263,0.09793178,nm,nm
line,overlay,sdt8-homo,sdt8-homo,rmsf,614jwgb2,614jwgb2::RMSF,sdt8-homo / RMSF,RMSF,Residue,264,0.08895329,nm,nm
line,overlay,sdt8-homo,sdt8-homo,rmsf,614jwgb2,614jwgb2::RMSF,sdt8-homo / RMSF,RMSF,Residue,265,0.08699991,nm,nm
line,overlay,sdt8-homo,sdt8-homo,rmsf,614jwgb2,614jwgb2::RMSF,sdt8-homo / RMSF,RMSF,Residue,266,0.09632335,nm,nm
line,overlay,sdt8-homo,sdt8-homo,rmsf,614jwgb2,614jwgb2::RMSF,sdt8-homo / RMSF,RMSF,Residue,267,0.08848237,nm,nm
line,overlay,sdt8-homo,sdt8-homo,rmsf,614jwgb2,614jwgb2::RMSF,sdt8-homo / RMSF,RMSF,Residue,268,0.07540453,nm,nm
line,overlay,sdt8-homo,sdt8-homo,rmsf,614jwgb2,614jwgb2::RMSF,sdt8-homo / RMSF,RMSF,Residue,269,0.07884865,nm,nm
line,overlay,sdt8-homo,sdt8-homo,rmsf,614jwgb2,614jwgb2::RMSF,sdt8-homo / RMSF,RMSF,Residue,270,0.08015727,nm,nm
line,overlay,sdt8-homo,sdt8-homo,rmsf,614jwgb2,614jwgb2::RMSF,sdt8-homo / RMSF,RMSF,Residue,271,0.07115591,nm,nm
line,overlay,sdt8-homo,sdt8-homo,rmsf,614jwgb2,614jwgb2::RMSF,sdt8-homo / RMSF,RMSF,Residue,272,0.06558582,nm,nm
line,overlay,sdt8-homo,sdt8-homo,rmsf,614jwgb2,614jwgb2::RMSF,sdt8-homo / RMSF,RMSF,Residue,273,0.07324658,nm,nm
line,overlay,sdt8-homo,sdt8-homo,rmsf,614jwgb2,614jwgb2::RMSF,sdt8-homo / RMSF,RMSF,Residue,274,0.07907532,nm,nm
line,overlay,sdt8-homo,sdt8-homo,rmsf,614jwgb2,614jwgb2::RMSF,sdt8-homo / RMSF,RMSF,Residue,275,0.06600111,nm,nm
line,overlay,sdt8-homo,sdt8-homo,rmsf,614jwgb2,614jwgb2::RMSF,sdt8-homo / RMSF,RMSF,Residue,276,0.07277094,nm,nm
line,overlay,sdt8-homo,sdt8-homo,rmsf,614jwgb2,614jwgb2::RMSF,sdt8-homo / RMSF,RMSF,Residue,277,0.06765029,nm,nm
line,overlay,sdt8-homo,sdt8-homo,rmsf,614jwgb2,614jwgb2::RMSF,sdt8-homo / RMSF,RMSF,Residue,278,0.059996057,nm,nm
line,overlay,sdt8-homo,sdt8-homo,rmsf,614jwgb2,614jwgb2::RMSF,sdt8-homo / RMSF,RMSF,Residue,279,0.05745501,nm,nm
line,overlay,sdt8-homo,sdt8-homo,rmsf,614jwgb2,614jwgb2::RMSF,sdt8-homo / RMSF,RMSF,Residue,280,0.04667207,nm,nm
line,overlay,sdt8-homo,sdt8-homo,rmsf,614jwgb2,614jwgb2::RMSF,sdt8-homo / RMSF,RMSF,Residue,281,0.042220123,nm,nm
line,overlay,sdt8-homo,sdt8-homo,rmsf,614jwgb2,614jwgb2::RMSF,sdt8-homo / RMSF,RMSF,Residue,282,0.039451256,nm,nm
line,overlay,sdt8-homo,sdt8-homo,rmsf,614jwgb2,614jwgb2::RMSF,sdt8-homo / RMSF,RMSF,Residue,283,0.041575935,nm,nm
line,overlay,sdt8-homo,sdt8-homo,rmsf,614jwgb2,614jwgb2::RMSF,sdt8-homo / RMSF,RMSF,Residue,284,0.04902437,nm,nm
line,overlay,sdt8-homo,sdt8-homo,rmsf,614jwgb2,614jwgb2::RMSF,sdt8-homo / RMSF,RMSF,Residue,285,0.08270796,nm,nm
line,overlay,sdt8-homo,sdt8-homo,rmsf,614jwgb2,614jwgb2::RMSF,sdt8-homo / RMSF,RMSF,Residue,286,0.07905473,nm,nm
line,overlay,sdt8-homo,sdt8-homo,rmsf,614jwgb2,614jwgb2::RMSF,sdt8-homo / RMSF,RMSF,Residue,287,0.07861687,nm,nm
line,overlay,sdt8-homo,sdt8-homo,rmsf,614jwgb2,614jwgb2::RMSF,sdt8-homo / RMSF,RMSF,Residue,288,0.10717728,nm,nm
line,overlay,sdt8-homo,sdt8-homo,rmsf,614jwgb2,614jwgb2::RMSF,sdt8-homo / RMSF,RMSF,Residue,289,0.15834725,nm,nm
line,overlay,sdt8-homo,sdt8-homo,rmsf,614jwgb2,614jwgb2::RMSF,sdt8-homo / RMSF,RMSF,Residue,290,0.1442308,nm,nm
line,overlay,sdt8-homo,sdt8-homo,rmsf,614jwgb2,614jwgb2::RMSF,sdt8-homo / RMSF,RMSF,Residue,291,0.09059638,nm,nm
line,overlay,sdt8-homo,sdt8-homo,rmsf,614jwgb2,614jwgb2::RMSF,sdt8-homo / RMSF,RMSF,Residue,292,0.08844289,nm,nm
line,overlay,sdt8-homo,sdt8-homo,rmsf,614jwgb2,614jwgb2::RMSF,sdt8-homo / RMSF,RMSF,Residue,293,0.09142243,nm,nm
line,overlay,sdt8-homo,sdt8-homo,rmsf,614jwgb2,614jwgb2::RMSF,sdt8-homo / RMSF,RMSF,Residue,294,0.08797172,nm,nm
line,overlay,sdt8-homo,sdt8-homo,rmsf,614jwgb2,614jwgb2::RMSF,sdt8-homo / RMSF,RMSF,Residue,295,0.07670897,nm,nm
line,overlay,sdt8-homo,sdt8-homo,rmsf,614jwgb2,614jwgb2::RMSF,sdt8-homo / RMSF,RMSF,Residue,296,0.0794088,nm,nm
line,overlay,sdt8-homo,sdt8-homo,rmsf,614jwgb2,614jwgb2::RMSF,sdt8-homo / RMSF,RMSF,Residue,297,0.08172788,nm,nm
line,overlay,sdt8-homo,sdt8-homo,rmsf,614jwgb2,614jwgb2::RMSF,sdt8-homo / RMSF,RMSF,Residue,298,0.07298449,nm,nm
line,overlay,sdt8-homo,sdt8-homo,rmsf,614jwgb2,614jwgb2::RMSF,sdt8-homo / RMSF,RMSF,Residue,299,0.06411354,nm,nm
line,overlay,sdt8-homo,sdt8-homo,rmsf,614jwgb2,614jwgb2::RMSF,sdt8-homo / RMSF,RMSF,Residue,300,0.06893356,nm,nm
line,overlay,sdt8-homo,sdt8-homo,rmsf,614jwgb2,614jwgb2::RMSF,sdt8-homo / RMSF,RMSF,Residue,301,0.07326626,nm,nm
line,overlay,sdt8-homo,sdt8-homo,rmsf,614jwgb2,614jwgb2::RMSF,sdt8-homo / RMSF,RMSF,Residue,302,0.06796473,nm,nm
line,overlay,sdt8-homo,sdt8-homo,rmsf,614jwgb2,614jwgb2::RMSF,sdt8-homo / RMSF,RMSF,Residue,303,0.06761937,nm,nm
line,overlay,sdt8-homo,sdt8-homo,rmsf,614jwgb2,614jwgb2::RMSF,sdt8-homo / RMSF,RMSF,Residue,304,0.07431091,nm,nm
line,overlay,sdt8-homo,sdt8-homo,rmsf,614jwgb2,614jwgb2::RMSF,sdt8-homo / RMSF,RMSF,Residue,305,0.07736186,nm,nm
line,overlay,sdt8-homo,sdt8-homo,rmsf,614jwgb2,614jwgb2::RMSF,sdt8-homo / RMSF,RMSF,Residue,306,0.074084036,nm,nm
line,overlay,sdt8-homo,sdt8-homo,rmsf,614jwgb2,614jwgb2::RMSF,sdt8-homo / RMSF,RMSF,Residue,307,0.072930016,nm,nm
line,overlay,sdt8-homo,sdt8-homo,rmsf,614jwgb2,614jwgb2::RMSF,sdt8-homo / RMSF,RMSF,Residue,308,0.06029568,nm,nm
line,overlay,sdt8-homo,sdt8-homo,rmsf,614jwgb2,614jwgb2::RMSF,sdt8-homo / RMSF,RMSF,Residue,309,0.053426754,nm,nm
line,overlay,sdt8-homo,sdt8-homo,rmsf,614jwgb2,614jwgb2::RMSF,sdt8-homo / RMSF,RMSF,Residue,310,0.04803649,nm,nm
line,overlay,sdt8-homo,sdt8-homo,rmsf,614jwgb2,614jwgb2::RMSF,sdt8-homo / RMSF,RMSF,Residue,311,0.04733568,nm,nm
line,overlay,sdt8-homo,sdt8-homo,rmsf,614jwgb2,614jwgb2::RMSF,sdt8-homo / RMSF,RMSF,Residue,312,0.050698634,nm,nm
line,overlay,sdt8-homo,sdt8-homo,rmsf,614jwgb2,614jwgb2::RMSF,sdt8-homo / RMSF,RMSF,Residue,313,0.05415716,nm,nm
line,overlay,sdt8-homo,sdt8-homo,rmsf,614jwgb2,614jwgb2::RMSF,sdt8-homo / RMSF,RMSF,Residue,314,0.08115114,nm,nm
line,overlay,sdt8-homo,sdt8-homo,rmsf,614jwgb2,614jwgb2::RMSF,sdt8-homo / RMSF,RMSF,Residue,315,0.11596038,nm,nm
line,overlay,sdt8-homo,sdt8-homo,rmsf,614jwgb2,614jwgb2::RMSF,sdt8-homo / RMSF,RMSF,Residue,316,0.21033743,nm,nm
line,overlay,sdt8-homo,sdt8-homo,rmsf,614jwgb2,614jwgb2::RMSF,sdt8-homo / RMSF,RMSF,Residue,317,0.19758509,nm,nm
line,overlay,sdt8-homo,sdt8-homo,rmsf,614jwgb2,614jwgb2::RMSF,sdt8-homo / RMSF,RMSF,Residue,318,0.23394302,nm,nm
line,overlay,sdt8-homo,sdt8-homo,rmsf,614jwgb2,614jwgb2::RMSF,sdt8-homo / RMSF,RMSF,Residue,319,0.33603826,nm,nm
line,overlay,sdt8-homo,sdt8-homo,rmsf,614jwgb2,614jwgb2::RMSF,sdt8-homo / RMSF,RMSF,Residue,320,0.31518728,nm,nm
line,overlay,sdt8-homo,sdt8-homo,rmsf,614jwgb2,614jwgb2::RMSF,sdt8-homo / RMSF,RMSF,Residue,321,0.22996658,nm,nm
line,overlay,sdt8-homo,sdt8-homo,rmsf,614jwgb2,614jwgb2::RMSF,sdt8-homo / RMSF,RMSF,Residue,322,0.158833,nm,nm
line,overlay,sdt8-homo,sdt8-homo,rmsf,614jwgb2,614jwgb2::RMSF,sdt8-homo / RMSF,RMSF,Residue,323,0.09134842,nm,nm
line,overlay,sdt8-homo,sdt8-homo,rmsf,614jwgb2,614jwgb2::RMSF,sdt8-homo / RMSF,RMSF,Residue,324,0.08692856,nm,nm
line,overlay,sdt8-homo,sdt8-homo,rmsf,614jwgb2,614jwgb2::RMSF,sdt8-homo / RMSF,RMSF,Residue,325,0.09451612,nm,nm
line,overlay,sdt8-homo,sdt8-homo,rmsf,614jwgb2,614jwgb2::RMSF,sdt8-homo / RMSF,RMSF,Residue,326,0.11340577,nm,nm
line,overlay,sdt8-homo,sdt8-homo,rmsf,614jwgb2,614jwgb2::RMSF,sdt8-homo / RMSF,RMSF,Residue,327,0.11277677,nm,nm
line,overlay,sdt8-homo,sdt8-homo,rmsf,614jwgb2,614jwgb2::RMSF,sdt8-homo / RMSF,RMSF,Residue,328,0.08319558,nm,nm
line,overlay,sdt8-homo,sdt8-homo,rmsf,614jwgb2,614jwgb2::RMSF,sdt8-homo / RMSF,RMSF,Residue,329,0.08887122,nm,nm
line,overlay,sdt8-homo,sdt8-homo,rmsf,614jwgb2,614jwgb2::RMSF,sdt8-homo / RMSF,RMSF,Residue,330,0.101591095,nm,nm
line,overlay,sdt8-homo,sdt8-homo,rmsf,614jwgb2,614jwgb2::RMSF,sdt8-homo / RMSF,RMSF,Residue,331,0.09047357,nm,nm
line,overlay,sdt8-homo,sdt8-homo,rmsf,614jwgb2,614jwgb2::RMSF,sdt8-homo / RMSF,RMSF,Residue,332,0.07543151,nm,nm
line,overlay,sdt8-homo,sdt8-homo,rmsf,614jwgb2,614jwgb2::RMSF,sdt8-homo / RMSF,RMSF,Residue,333,0.08654511,nm,nm
line,overlay,sdt8-homo,sdt8-homo,rmsf,614jwgb2,614jwgb2::RMSF,sdt8-homo / RMSF,RMSF,Residue,334,0.08935631,nm,nm
line,overlay,sdt8-homo,sdt8-homo,rmsf,614jwgb2,614jwgb2::RMSF,sdt8-homo / RMSF,RMSF,Residue,335,0.06984901,nm,nm
line,overlay,sdt8-homo,sdt8-homo,rmsf,614jwgb2,614jwgb2::RMSF,sdt8-homo / RMSF,RMSF,Residue,336,0.06471064,nm,nm
line,overlay,sdt8-homo,sdt8-homo,rmsf,614jwgb2,614jwgb2::RMSF,sdt8-homo / RMSF,RMSF,Residue,337,0.065189816,nm,nm
line,overlay,sdt8-homo,sdt8-homo,rmsf,614jwgb2,614jwgb2::RMSF,sdt8-homo / RMSF,RMSF,Residue,338,0.071283825,nm,nm
line,overlay,sdt8-homo,sdt8-homo,rmsf,614jwgb2,614jwgb2::RMSF,sdt8-homo / RMSF,RMSF,Residue,339,0.07088127,nm,nm
line,overlay,sdt8-homo,sdt8-homo,rmsf,614jwgb2,614jwgb2::RMSF,sdt8-homo / RMSF,RMSF,Residue,340,0.09649207,nm,nm
line,overlay,sdt8-homo,sdt8-homo,rmsf,614jwgb2,614jwgb2::RMSF,sdt8-homo / RMSF,RMSF,Residue,341,0.09371277,nm,nm
line,overlay,sdt8-homo,sdt8-homo,rmsf,614jwgb2,614jwgb2::RMSF,sdt8-homo / RMSF,RMSF,Residue,342,0.07421209,nm,nm
line,overlay,sdt8-homo,sdt8-homo,rmsf,614jwgb2,614jwgb2::RMSF,sdt8-homo / RMSF,RMSF,Residue,343,0.058304667,nm,nm
line,overlay,sdt8-homo,sdt8-homo,rmsf,614jwgb2,614jwgb2::RMSF,sdt8-homo / RMSF,RMSF,Residue,344,0.050913762,nm,nm
line,overlay,sdt8-homo,sdt8-homo,rmsf,614jwgb2,614jwgb2::RMSF,sdt8-homo / RMSF,RMSF,Residue,345,0.044087417,nm,nm
line,overlay,sdt8-homo,sdt8-homo,rmsf,614jwgb2,614jwgb2::RMSF,sdt8-homo / RMSF,RMSF,Residue,346,0.051055208,nm,nm
line,overlay,sdt8-homo,sdt8-homo,rmsf,614jwgb2,614jwgb2::RMSF,sdt8-homo / RMSF,RMSF,Residue,347,0.055205256,nm,nm
line,overlay,sdt8-homo,sdt8-homo,rmsf,614jwgb2,614jwgb2::RMSF,sdt8-homo / RMSF,RMSF,Residue,348,0.049246006,nm,nm
line,overlay,sdt8-homo,sdt8-homo,rmsf,614jwgb2,614jwgb2::RMSF,sdt8-homo / RMSF,RMSF,Residue,349,0.05230522,nm,nm
line,overlay,sdt8-homo,sdt8-homo,rmsf,614jwgb2,614jwgb2::RMSF,sdt8-homo / RMSF,RMSF,Residue,350,0.06303445,nm,nm
line,overlay,sdt8-homo,sdt8-homo,rmsf,614jwgb2,614jwgb2::RMSF,sdt8-homo / RMSF,RMSF,Residue,351,0.058917314,nm,nm
line,overlay,sdt8-homo,sdt8-homo,rmsf,614jwgb2,614jwgb2::RMSF,sdt8-homo / RMSF,RMSF,Residue,352,0.06742416,nm,nm
line,overlay,sdt8-homo,sdt8-homo,rmsf,614jwgb2,614jwgb2::RMSF,sdt8-homo / RMSF,RMSF,Residue,353,0.05436311,nm,nm
line,overlay,sdt8-homo,sdt8-homo,rmsf,614jwgb2,614jwgb2::RMSF,sdt8-homo / RMSF,RMSF,Residue,354,0.04600572,nm,nm
line,overlay,sdt8-homo,sdt8-homo,rmsf,614jwgb2,614jwgb2::RMSF,sdt8-homo / RMSF,RMSF,Residue,355,0.04857258,nm,nm
line,overlay,sdt8-homo,sdt8-homo,rmsf,614jwgb2,614jwgb2::RMSF,sdt8-homo / RMSF,RMSF,Residue,356,0.045096613,nm,nm
line,overlay,sdt8-homo,sdt8-homo,rmsf,614jwgb2,614jwgb2::RMSF,sdt8-homo / RMSF,RMSF,Residue,357,0.039838683,nm,nm
line,overlay,sdt8-homo,sdt8-homo,rmsf,614jwgb2,614jwgb2::RMSF,sdt8-homo / RMSF,RMSF,Residue,358,0.04126067,nm,nm
line,overlay,sdt8-homo,sdt8-homo,rmsf,614jwgb2,614jwgb2::RMSF,sdt8-homo / RMSF,RMSF,Residue,359,0.04247974,nm,nm
line,overlay,sdt8-homo,sdt8-homo,rmsf,614jwgb2,614jwgb2::RMSF,sdt8-homo / RMSF,RMSF,Residue,360,0.046275865,nm,nm
line,overlay,sdt8-homo,sdt8-homo,rmsf,614jwgb2,614jwgb2::RMSF,sdt8-homo / RMSF,RMSF,Residue,361,0.040900923,nm,nm
line,overlay,sdt8-homo,sdt8-homo,rmsf,614jwgb2,614jwgb2::RMSF,sdt8-homo / RMSF,RMSF,Residue,362,0.041970003,nm,nm
line,overlay,sdt8-homo,sdt8-homo,rmsf,614jwgb2,614jwgb2::RMSF,sdt8-homo / RMSF,RMSF,Residue,363,0.039578736,nm,nm
line,overlay,sdt8-homo,sdt8-homo,rmsf,614jwgb2,614jwgb2::RMSF,sdt8-homo / RMSF,RMSF,Residue,364,0.045972895,nm,nm
line,overlay,sdt8-homo,sdt8-homo,rmsf,614jwgb2,614jwgb2::RMSF,sdt8-homo / RMSF,RMSF,Residue,365,0.04156241,nm,nm
line,overlay,sdt8-homo,sdt8-homo,rmsf,614jwgb2,614jwgb2::RMSF,sdt8-homo / RMSF,RMSF,Residue,366,0.039551955,nm,nm
line,overlay,sdt8-homo,sdt8-homo,rmsf,614jwgb2,614jwgb2::RMSF,sdt8-homo / RMSF,RMSF,Residue,367,0.039060082,nm,nm
line,overlay,sdt8-homo,sdt8-homo,rmsf,614jwgb2,614jwgb2::RMSF,sdt8-homo / RMSF,RMSF,Residue,368,0.040867645,nm,nm
line,overlay,sdt8-homo,sdt8-homo,rmsf,614jwgb2,614jwgb2::RMSF,sdt8-homo / RMSF,RMSF,Residue,369,0.043264817,nm,nm
line,overlay,sdt8-homo,sdt8-homo,rmsf,614jwgb2,614jwgb2::RMSF,sdt8-homo / RMSF,RMSF,Residue,370,0.042114105,nm,nm
line,overlay,sdt8-homo,sdt8-homo,rmsf,614jwgb2,614jwgb2::RMSF,sdt8-homo / RMSF,RMSF,Residue,371,0.050971147,nm,nm
line,overlay,sdt8-homo,sdt8-homo,rmsf,614jwgb2,614jwgb2::RMSF,sdt8-homo / RMSF,RMSF,Residue,372,0.05247716,nm,nm
line,overlay,sdt8-homo,sdt8-homo,rmsf,614jwgb2,614jwgb2::RMSF,sdt8-homo / RMSF,RMSF,Residue,373,0.0493411,nm,nm
line,overlay,sdt8-homo,sdt8-homo,rmsf,614jwgb2,614jwgb2::RMSF,sdt8-homo / RMSF,RMSF,Residue,374,0.043280397,nm,nm
line,overlay,sdt8-homo,sdt8-homo,rmsf,614jwgb2,614jwgb2::RMSF,sdt8-homo / RMSF,RMSF,Residue,375,0.04196183,nm,nm
line,overlay,sdt8-homo,sdt8-homo,rmsf,614jwgb2,614jwgb2::RMSF,sdt8-homo / RMSF,RMSF,Residue,376,0.04176409,nm,nm
line,overlay,sdt8-homo,sdt8-homo,rmsf,614jwgb2,614jwgb2::RMSF,sdt8-homo / RMSF,RMSF,Residue,377,0.03862923,nm,nm
line,overlay,sdt8-homo,sdt8-homo,rmsf,614jwgb2,614jwgb2::RMSF,sdt8-homo / RMSF,RMSF,Residue,378,0.037924033,nm,nm
line,overlay,sdt8-homo,sdt8-homo,rmsf,614jwgb2,614jwgb2::RMSF,sdt8-homo / RMSF,RMSF,Residue,379,0.04245863,nm,nm
line,overlay,sdt8-homo,sdt8-homo,rmsf,614jwgb2,614jwgb2::RMSF,sdt8-homo / RMSF,RMSF,Residue,380,0.04629468,nm,nm
line,overlay,sdt8-homo,sdt8-homo,rmsf,614jwgb2,614jwgb2::RMSF,sdt8-homo / RMSF,RMSF,Residue,381,0.060124088,nm,nm
line,overlay,sdt8-homo,sdt8-homo,rmsf,614jwgb2,614jwgb2::RMSF,sdt8-homo / RMSF,RMSF,Residue,382,0.065061584,nm,nm
line,overlay,sdt8-homo,sdt8-homo,rmsf,614jwgb2,614jwgb2::RMSF,sdt8-homo / RMSF,RMSF,Residue,383,0.07602424,nm,nm
line,overlay,sdt8-homo,sdt8-homo,rmsf,614jwgb2,614jwgb2::RMSF,sdt8-homo / RMSF,RMSF,Residue,384,0.062173996,nm,nm
line,overlay,sdt8-homo,sdt8-homo,rmsf,614jwgb2,614jwgb2::RMSF,sdt8-homo / RMSF,RMSF,Residue,385,0.046590727,nm,nm
line,overlay,sdt8-homo,sdt8-homo,rmsf,614jwgb2,614jwgb2::RMSF,sdt8-homo / RMSF,RMSF,Residue,386,0.04608395,nm,nm
line,overlay,sdt8-homo,sdt8-homo,rmsf,614jwgb2,614jwgb2::RMSF,sdt8-homo / RMSF,RMSF,Residue,387,0.04417796,nm,nm
line,overlay,sdt8-homo,sdt8-homo,rmsf,614jwgb2,614jwgb2::RMSF,sdt8-homo / RMSF,RMSF,Residue,388,0.041898485,nm,nm
line,overlay,sdt8-homo,sdt8-homo,rmsf,614jwgb2,614jwgb2::RMSF,sdt8-homo / RMSF,RMSF,Residue,389,0.040451724,nm,nm
line,overlay,sdt8-homo,sdt8-homo,rmsf,614jwgb2,614jwgb2::RMSF,sdt8-homo / RMSF,RMSF,Residue,390,0.04258463,nm,nm
line,overlay,sdt8-homo,sdt8-homo,rmsf,614jwgb2,614jwgb2::RMSF,sdt8-homo / RMSF,RMSF,Residue,391,0.042343177,nm,nm
line,overlay,sdt8-homo,sdt8-homo,rmsf,614jwgb2,614jwgb2::RMSF,sdt8-homo / RMSF,RMSF,Residue,392,0.039992154,nm,nm
line,overlay,sdt8-homo,sdt8-homo,rmsf,614jwgb2,614jwgb2::RMSF,sdt8-homo / RMSF,RMSF,Residue,393,0.044524107,nm,nm
line,overlay,sdt8-homo,sdt8-homo,rmsf,614jwgb2,614jwgb2::RMSF,sdt8-homo / RMSF,RMSF,Residue,394,0.05215752,nm,nm
line,overlay,sdt8-homo,sdt8-homo,rmsf,614jwgb2,614jwgb2::RMSF,sdt8-homo / RMSF,RMSF,Residue,395,0.051500976,nm,nm
line,overlay,sdt8-homo,sdt8-homo,rmsf,614jwgb2,614jwgb2::RMSF,sdt8-homo / RMSF,RMSF,Residue,396,0.04944794,nm,nm
line,overlay,sdt8-homo,sdt8-homo,rmsf,614jwgb2,614jwgb2::RMSF,sdt8-homo / RMSF,RMSF,Residue,397,0.04909108,nm,nm
line,overlay,sdt8-homo,sdt8-homo,rmsf,614jwgb2,614jwgb2::RMSF,sdt8-homo / RMSF,RMSF,Residue,398,0.045189265,nm,nm
line,overlay,sdt8-homo,sdt8-homo,rmsf,614jwgb2,614jwgb2::RMSF,sdt8-homo / RMSF,RMSF,Residue,399,0.04812802,nm,nm
line,overlay,sdt8-homo,sdt8-homo,rmsf,614jwgb2,614jwgb2::RMSF,sdt8-homo / RMSF,RMSF,Residue,400,0.048306666,nm,nm
line,overlay,sdt8-homo,sdt8-homo,rmsf,614jwgb2,614jwgb2::RMSF,sdt8-homo / RMSF,RMSF,Residue,401,0.049324334,nm,nm
line,overlay,sdt8-homo,sdt8-homo,rmsf,614jwgb2,614jwgb2::RMSF,sdt8-homo / RMSF,RMSF,Residue,402,0.05730785,nm,nm
line,overlay,sdt8-homo,sdt8-homo,rmsf,614jwgb2,614jwgb2::RMSF,sdt8-homo / RMSF,RMSF,Residue,403,0.06613549,nm,nm
line,overlay,sdt8-homo,sdt8-homo,rmsf,614jwgb2,614jwgb2::RMSF,sdt8-homo / RMSF,RMSF,Residue,404,0.06616134,nm,nm
line,overlay,sdt8-homo,sdt8-homo,rmsf,614jwgb2,614jwgb2::RMSF,sdt8-homo / RMSF,RMSF,Residue,405,0.097096846,nm,nm
line,overlay,sdt8-homo,sdt8-homo,rmsf,614jwgb2,614jwgb2::RMSF,sdt8-homo / RMSF,RMSF,Residue,406,0.0915494,nm,nm
line,overlay,sdt8-homo,sdt8-homo,rmsf,614jwgb2,614jwgb2::RMSF,sdt8-homo / RMSF,RMSF,Residue,407,0.07841304,nm,nm
line,overlay,sdt8-homo,sdt8-homo,rmsf,614jwgb2,614jwgb2::RMSF,sdt8-homo / RMSF,RMSF,Residue,408,0.07260722,nm,nm
line,overlay,sdt8-homo,sdt8-homo,rmsf,614jwgb2,614jwgb2::RMSF,sdt8-homo / RMSF,RMSF,Residue,409,0.09767047,nm,nm
line,overlay,sdt8-homo,sdt8-homo,rmsf,614jwgb2,614jwgb2::RMSF,sdt8-homo / RMSF,RMSF,Residue,410,0.10806098,nm,nm
line,overlay,sdt8-homo,sdt8-homo,rmsf,614jwgb2,614jwgb2::RMSF,sdt8-homo / RMSF,RMSF,Residue,411,0.10734955,nm,nm
line,overlay,sdt8-homo,sdt8-homo,rmsf,614jwgb2,614jwgb2::RMSF,sdt8-homo / RMSF,RMSF,Residue,412,0.08518282,nm,nm
line,overlay,sdt8-homo,sdt8-homo,rmsf,614jwgb2,614jwgb2::RMSF,sdt8-homo / RMSF,RMSF,Residue,413,0.09060354,nm,nm
line,overlay,sdt8-homo,sdt8-homo,rmsf,614jwgb2,614jwgb2::RMSF,sdt8-homo / RMSF,RMSF,Residue,414,0.10610053,nm,nm
line,overlay,sdt8-homo,sdt8-homo,rmsf,614jwgb2,614jwgb2::RMSF,sdt8-homo / RMSF,RMSF,Residue,415,0.07782304,nm,nm
line,overlay,sdt8-homo,sdt8-homo,rmsf,614jwgb2,614jwgb2::RMSF,sdt8-homo / RMSF,RMSF,Residue,416,0.0781703,nm,nm
line,overlay,sdt8-homo,sdt8-homo,rmsf,614jwgb2,614jwgb2::RMSF,sdt8-homo / RMSF,RMSF,Residue,417,0.07408481,nm,nm
line,overlay,sdt8-homo,sdt8-homo,rmsf,614jwgb2,614jwgb2::RMSF,sdt8-homo / RMSF,RMSF,Residue,418,0.07609043,nm,nm
line,overlay,sdt8-homo,sdt8-homo,rmsf,614jwgb2,614jwgb2::RMSF,sdt8-homo / RMSF,RMSF,Residue,419,0.07032483,nm,nm
line,overlay,sdt8-homo,sdt8-homo,rmsf,614jwgb2,614jwgb2::RMSF,sdt8-homo / RMSF,RMSF,Residue,420,0.06381756,nm,nm
line,overlay,sdt8-homo,sdt8-homo,rmsf,614jwgb2,614jwgb2::RMSF,sdt8-homo / RMSF,RMSF,Residue,421,0.064147666,nm,nm
line,overlay,sdt8-homo,sdt8-homo,rmsf,614jwgb2,614jwgb2::RMSF,sdt8-homo / RMSF,RMSF,Residue,422,0.06437037,nm,nm
line,overlay,sdt8-homo,sdt8-homo,rmsf,614jwgb2,614jwgb2::RMSF,sdt8-homo / RMSF,RMSF,Residue,423,0.0555054,nm,nm
line,overlay,sdt8-homo,sdt8-homo,rmsf,614jwgb2,614jwgb2::RMSF,sdt8-homo / RMSF,RMSF,Residue,424,0.053150866,nm,nm
line,overlay,sdt8-homo,sdt8-homo,rmsf,614jwgb2,614jwgb2::RMSF,sdt8-homo / RMSF,RMSF,Residue,425,0.05973966,nm,nm
line,overlay,sdt8-homo,sdt8-homo,rmsf,614jwgb2,614jwgb2::RMSF,sdt8-homo / RMSF,RMSF,Residue,426,0.058187764,nm,nm
line,overlay,sdt8-homo,sdt8-homo,rmsf,614jwgb2,614jwgb2::RMSF,sdt8-homo / RMSF,RMSF,Residue,427,0.05183264,nm,nm
line,overlay,sdt8-homo,sdt8-homo,rmsf,614jwgb2,614jwgb2::RMSF,sdt8-homo / RMSF,RMSF,Residue,428,0.057710774,nm,nm
line,overlay,sdt8-homo,sdt8-homo,rmsf,614jwgb2,614jwgb2::RMSF,sdt8-homo / RMSF,RMSF,Residue,429,0.07501115,nm,nm
line,overlay,sdt8-homo,sdt8-homo,rmsf,614jwgb2,614jwgb2::RMSF,sdt8-homo / RMSF,RMSF,Residue,430,0.06996156,nm,nm
line,overlay,sdt8-homo,sdt8-homo,rmsf,614jwgb2,614jwgb2::RMSF,sdt8-homo / RMSF,RMSF,Residue,431,0.08678241,nm,nm
line,overlay,sdt8-homo,sdt8-homo,rmsf,614jwgb2,614jwgb2::RMSF,sdt8-homo / RMSF,RMSF,Residue,432,0.08411286,nm,nm
line,overlay,sdt8-homo,sdt8-homo,rmsf,614jwgb2,614jwgb2::RMSF,sdt8-homo / RMSF,RMSF,Residue,433,0.061458953,nm,nm
line,overlay,sdt8-homo,sdt8-homo,rmsf,614jwgb2,614jwgb2::RMSF,sdt8-homo / RMSF,RMSF,Residue,434,0.066892006,nm,nm
line,overlay,sdt8-homo,sdt8-homo,rmsf,614jwgb2,614jwgb2::RMSF,sdt8-homo / RMSF,RMSF,Residue,435,0.065210275,nm,nm
line,overlay,sdt8-homo,sdt8-homo,rmsf,614jwgb2,614jwgb2::RMSF,sdt8-homo / RMSF,RMSF,Residue,436,0.050920833,nm,nm
line,overlay,sdt8-homo,sdt8-homo,rmsf,614jwgb2,614jwgb2::RMSF,sdt8-homo / RMSF,RMSF,Residue,437,0.049810115,nm,nm
line,overlay,sdt8-homo,sdt8-homo,rmsf,614jwgb2,614jwgb2::RMSF,sdt8-homo / RMSF,RMSF,Residue,438,0.056208406,nm,nm
line,overlay,sdt8-homo,sdt8-homo,rmsf,614jwgb2,614jwgb2::RMSF,sdt8-homo / RMSF,RMSF,Residue,439,0.051867247,nm,nm
line,overlay,sdt8-homo,sdt8-homo,rmsf,614jwgb2,614jwgb2::RMSF,sdt8-homo / RMSF,RMSF,Residue,440,0.046442777,nm,nm
line,overlay,sdt8-homo,sdt8-homo,rmsf,614jwgb2,614jwgb2::RMSF,sdt8-homo / RMSF,RMSF,Residue,441,0.051636223,nm,nm
line,overlay,sdt8-homo,sdt8-homo,rmsf,614jwgb2,614jwgb2::RMSF,sdt8-homo / RMSF,RMSF,Residue,442,0.05844865,nm,nm
line,overlay,sdt8-homo,sdt8-homo,rmsf,614jwgb2,614jwgb2::RMSF,sdt8-homo / RMSF,RMSF,Residue,443,0.05502309,nm,nm
line,overlay,sdt8-homo,sdt8-homo,rmsf,614jwgb2,614jwgb2::RMSF,sdt8-homo / RMSF,RMSF,Residue,444,0.050511625,nm,nm
line,overlay,sdt8-homo,sdt8-homo,rmsf,614jwgb2,614jwgb2::RMSF,sdt8-homo / RMSF,RMSF,Residue,445,0.056017525,nm,nm
line,overlay,sdt8-homo,sdt8-homo,rmsf,614jwgb2,614jwgb2::RMSF,sdt8-homo / RMSF,RMSF,Residue,446,0.057111185,nm,nm
line,overlay,sdt8-homo,sdt8-homo,rmsf,614jwgb2,614jwgb2::RMSF,sdt8-homo / RMSF,RMSF,Residue,447,0.05621398,nm,nm
line,overlay,sdt8-homo,sdt8-homo,rmsf,614jwgb2,614jwgb2::RMSF,sdt8-homo / RMSF,RMSF,Residue,448,0.072365865,nm,nm
line,overlay,sdt8-homo,sdt8-homo,rmsf,614jwgb2,614jwgb2::RMSF,sdt8-homo / RMSF,RMSF,Residue,449,0.07940818,nm,nm
line,overlay,sdt8-homo,sdt8-homo,rmsf,614jwgb2,614jwgb2::RMSF,sdt8-homo / RMSF,RMSF,Residue,450,0.057912625,nm,nm
line,overlay,sdt8-homo,sdt8-homo,rmsf,614jwgb2,614jwgb2::RMSF,sdt8-homo / RMSF,RMSF,Residue,451,0.07546024,nm,nm
line,overlay,sdt8-homo,sdt8-homo,rmsf,614jwgb2,614jwgb2::RMSF,sdt8-homo / RMSF,RMSF,Residue,452,0.10007878,nm,nm
line,overlay,sdt8-homo,sdt8-homo,rmsf,614jwgb2,614jwgb2::RMSF,sdt8-homo / RMSF,RMSF,Residue,453,0.15799458,nm,nm
line,overlay,sdt8-homo,sdt8-homo,rmsf,614jwgb2,614jwgb2::RMSF,sdt8-homo / RMSF,RMSF,Residue,454,0.10409517,nm,nm
line,overlay,sdt8-homo,sdt8-homo,rmsf,614jwgb2,614jwgb2::RMSF,sdt8-homo / RMSF,RMSF,Residue,455,0.07298095,nm,nm
line,overlay,sdt8-homo,sdt8-homo,rmsf,614jwgb2,614jwgb2::RMSF,sdt8-homo / RMSF,RMSF,Residue,456,0.059250318,nm,nm
line,overlay,sdt8-homo,sdt8-homo,rmsf,614jwgb2,614jwgb2::RMSF,sdt8-homo / RMSF,RMSF,Residue,457,0.048832648,nm,nm
line,overlay,sdt8-homo,sdt8-homo,rmsf,614jwgb2,614jwgb2::RMSF,sdt8-homo / RMSF,RMSF,Residue,458,0.061623853,nm,nm
line,overlay,sdt8-homo,sdt8-homo,rmsf,614jwgb2,614jwgb2::RMSF,sdt8-homo / RMSF,RMSF,Residue,459,0.05864409,nm,nm
line,overlay,sdt8-homo,sdt8-homo,rmsf,614jwgb2,614jwgb2::RMSF,sdt8-homo / RMSF,RMSF,Residue,460,0.054140527,nm,nm
line,overlay,sdt8-homo,sdt8-homo,rmsf,614jwgb2,614jwgb2::RMSF,sdt8-homo / RMSF,RMSF,Residue,461,0.051209304,nm,nm
line,overlay,sdt8-homo,sdt8-homo,rmsf,614jwgb2,614jwgb2::RMSF,sdt8-homo / RMSF,RMSF,Residue,462,0.057630062,nm,nm
line,overlay,sdt8-homo,sdt8-homo,rmsf,614jwgb2,614jwgb2::RMSF,sdt8-homo / RMSF,RMSF,Residue,463,0.057036594,nm,nm
line,overlay,sdt8-homo,sdt8-homo,rmsf,614jwgb2,614jwgb2::RMSF,sdt8-homo / RMSF,RMSF,Residue,464,0.051621124,nm,nm
line,overlay,sdt8-homo,sdt8-homo,rmsf,614jwgb2,614jwgb2::RMSF,sdt8-homo / RMSF,RMSF,Residue,465,0.05320968,nm,nm
line,overlay,sdt8-homo,sdt8-homo,rmsf,614jwgb2,614jwgb2::RMSF,sdt8-homo / RMSF,RMSF,Residue,466,0.063179925,nm,nm
line,overlay,sdt8-homo,sdt8-homo,rmsf,614jwgb2,614jwgb2::RMSF,sdt8-homo / RMSF,RMSF,Residue,467,0.06686771,nm,nm
line,overlay,sdt8-homo,sdt8-homo,rmsf,614jwgb2,614jwgb2::RMSF,sdt8-homo / RMSF,RMSF,Residue,468,0.06097214,nm,nm
line,overlay,sdt8-homo,sdt8-homo,rmsf,614jwgb2,614jwgb2::RMSF,sdt8-homo / RMSF,RMSF,Residue,469,0.072708204,nm,nm
line,overlay,sdt8-homo,sdt8-homo,rmsf,614jwgb2,614jwgb2::RMSF,sdt8-homo / RMSF,RMSF,Residue,470,0.08642648,nm,nm
line,overlay,sdt8-homo,sdt8-homo,rmsf,614jwgb2,614jwgb2::RMSF,sdt8-homo / RMSF,RMSF,Residue,471,0.08568345,nm,nm
line,overlay,sdt8-homo,sdt8-homo,rmsf,614jwgb2,614jwgb2::RMSF,sdt8-homo / RMSF,RMSF,Residue,472,0.08606424,nm,nm
line,overlay,sdt8-homo,sdt8-homo,rmsf,614jwgb2,614jwgb2::RMSF,sdt8-homo / RMSF,RMSF,Residue,473,0.121720254,nm,nm
line,overlay,sdt8-homo,sdt8-homo,rmsf,614jwgb2,614jwgb2::RMSF,sdt8-homo / RMSF,RMSF,Residue,474,0.2372007,nm,nm
line,overlay,sdt8-homo,sdt8-homo,rmsf,614jwgb2,614jwgb2::RMSF,sdt8-homo / RMSF,RMSF,Residue,475,0.41273797,nm,nm
line,overlay,sdt8-homo,sdt8-homo,rmsf,614jwgb2,614jwgb2::RMSF,sdt8-homo / RMSF,RMSF,Residue,476,0.6047443,nm,nm
line,overlay,sdt8-homo-2,sdt8-homo-2,rmsf,r6eaewg6,r6eaewg6::RMSF,sdt8-homo-2 / RMSF,RMSF,Residue,1,0.34522587,nm,nm
line,overlay,sdt8-homo-2,sdt8-homo-2,rmsf,r6eaewg6,r6eaewg6::RMSF,sdt8-homo-2 / RMSF,RMSF,Residue,2,0.21889542,nm,nm
line,overlay,sdt8-homo-2,sdt8-homo-2,rmsf,r6eaewg6,r6eaewg6::RMSF,sdt8-homo-2 / RMSF,RMSF,Residue,3,0.12183447,nm,nm
line,overlay,sdt8-homo-2,sdt8-homo-2,rmsf,r6eaewg6,r6eaewg6::RMSF,sdt8-homo-2 / RMSF,RMSF,Residue,4,0.07664917,nm,nm
line,overlay,sdt8-homo-2,sdt8-homo-2,rmsf,r6eaewg6,r6eaewg6::RMSF,sdt8-homo-2 / RMSF,RMSF,Residue,5,0.058590934,nm,nm
line,overlay,sdt8-homo-2,sdt8-homo-2,rmsf,r6eaewg6,r6eaewg6::RMSF,sdt8-homo-2 / RMSF,RMSF,Residue,6,0.04925068,nm,nm
line,overlay,sdt8-homo-2,sdt8-homo-2,rmsf,r6eaewg6,r6eaewg6::RMSF,sdt8-homo-2 / RMSF,RMSF,Residue,7,0.04202676,nm,nm
line,overlay,sdt8-homo-2,sdt8-homo-2,rmsf,r6eaewg6,r6eaewg6::RMSF,sdt8-homo-2 / RMSF,RMSF,Residue,8,0.04001055,nm,nm
line,overlay,sdt8-homo-2,sdt8-homo-2,rmsf,r6eaewg6,r6eaewg6::RMSF,sdt8-homo-2 / RMSF,RMSF,Residue,9,0.040332593,nm,nm
line,overlay,sdt8-homo-2,sdt8-homo-2,rmsf,r6eaewg6,r6eaewg6::RMSF,sdt8-homo-2 / RMSF,RMSF,Residue,10,0.04252768,nm,nm
line,overlay,sdt8-homo-2,sdt8-homo-2,rmsf,r6eaewg6,r6eaewg6::RMSF,sdt8-homo-2 / RMSF,RMSF,Residue,11,0.04647769,nm,nm
line,overlay,sdt8-homo-2,sdt8-homo-2,rmsf,r6eaewg6,r6eaewg6::RMSF,sdt8-homo-2 / RMSF,RMSF,Residue,12,0.052196875,nm,nm
line,overlay,sdt8-homo-2,sdt8-homo-2,rmsf,r6eaewg6,r6eaewg6::RMSF,sdt8-homo-2 / RMSF,RMSF,Residue,13,0.0579572,nm,nm
line,overlay,sdt8-homo-2,sdt8-homo-2,rmsf,r6eaewg6,r6eaewg6::RMSF,sdt8-homo-2 / RMSF,RMSF,Residue,14,0.06499281,nm,nm
line,overlay,sdt8-homo-2,sdt8-homo-2,rmsf,r6eaewg6,r6eaewg6::RMSF,sdt8-homo-2 / RMSF,RMSF,Residue,15,0.0613162,nm,nm
line,overlay,sdt8-homo-2,sdt8-homo-2,rmsf,r6eaewg6,r6eaewg6::RMSF,sdt8-homo-2 / RMSF,RMSF,Residue,16,0.045739207,nm,nm
line,overlay,sdt8-homo-2,sdt8-homo-2,rmsf,r6eaewg6,r6eaewg6::RMSF,sdt8-homo-2 / RMSF,RMSF,Residue,17,0.045873094,nm,nm
line,overlay,sdt8-homo-2,sdt8-homo-2,rmsf,r6eaewg6,r6eaewg6::RMSF,sdt8-homo-2 / RMSF,RMSF,Residue,18,0.05534791,nm,nm
line,overlay,sdt8-homo-2,sdt8-homo-2,rmsf,r6eaewg6,r6eaewg6::RMSF,sdt8-homo-2 / RMSF,RMSF,Residue,19,0.055947334,nm,nm
line,overlay,sdt8-homo-2,sdt8-homo-2,rmsf,r6eaewg6,r6eaewg6::RMSF,sdt8-homo-2 / RMSF,RMSF,Residue,20,0.04774548,nm,nm
line,overlay,sdt8-homo-2,sdt8-homo-2,rmsf,r6eaewg6,r6eaewg6::RMSF,sdt8-homo-2 / RMSF,RMSF,Residue,21,0.052596085,nm,nm
line,overlay,sdt8-homo-2,sdt8-homo-2,rmsf,r6eaewg6,r6eaewg6::RMSF,sdt8-homo-2 / RMSF,RMSF,Residue,22,0.060034126,nm,nm
line,overlay,sdt8-homo-2,sdt8-homo-2,rmsf,r6eaewg6,r6eaewg6::RMSF,sdt8-homo-2 / RMSF,RMSF,Residue,23,0.055135477,nm,nm
line,overlay,sdt8-homo-2,sdt8-homo-2,rmsf,r6eaewg6,r6eaewg6::RMSF,sdt8-homo-2 / RMSF,RMSF,Residue,24,0.053872045,nm,nm
line,overlay,sdt8-homo-2,sdt8-homo-2,rmsf,r6eaewg6,r6eaewg6::RMSF,sdt8-homo-2 / RMSF,RMSF,Residue,25,0.06147803,nm,nm
line,overlay,sdt8-homo-2,sdt8-homo-2,rmsf,r6eaewg6,r6eaewg6::RMSF,sdt8-homo-2 / RMSF,RMSF,Residue,26,0.06460458,nm,nm
line,overlay,sdt8-homo-2,sdt8-homo-2,rmsf,r6eaewg6,r6eaewg6::RMSF,sdt8-homo-2 / RMSF,RMSF,Residue,27,0.06252895,nm,nm
line,overlay,sdt8-homo-2,sdt8-homo-2,rmsf,r6eaewg6,r6eaewg6::RMSF,sdt8-homo-2 / RMSF,RMSF,Residue,28,0.06424029,nm,nm
line,overlay,sdt8-homo-2,sdt8-homo-2,rmsf,r6eaewg6,r6eaewg6::RMSF,sdt8-homo-2 / RMSF,RMSF,Residue,29,0.07908774,nm,nm
line,overlay,sdt8-homo-2,sdt8-homo-2,rmsf,r6eaewg6,r6eaewg6::RMSF,sdt8-homo-2 / RMSF,RMSF,Residue,30,0.08324469,nm,nm
line,overlay,sdt8-homo-2,sdt8-homo-2,rmsf,r6eaewg6,r6eaewg6::RMSF,sdt8-homo-2 / RMSF,RMSF,Residue,31,0.08088551,nm,nm
line,overlay,sdt8-homo-2,sdt8-homo-2,rmsf,r6eaewg6,r6eaewg6::RMSF,sdt8-homo-2 / RMSF,RMSF,Residue,32,0.06600704,nm,nm
line,overlay,sdt8-homo-2,sdt8-homo-2,rmsf,r6eaewg6,r6eaewg6::RMSF,sdt8-homo-2 / RMSF,RMSF,Residue,33,0.058062997,nm,nm
line,overlay,sdt8-homo-2,sdt8-homo-2,rmsf,r6eaewg6,r6eaewg6::RMSF,sdt8-homo-2 / RMSF,RMSF,Residue,34,0.051981937,nm,nm
line,overlay,sdt8-homo-2,sdt8-homo-2,rmsf,r6eaewg6,r6eaewg6::RMSF,sdt8-homo-2 / RMSF,RMSF,Residue,35,0.04783735,nm,nm
line,overlay,sdt8-homo-2,sdt8-homo-2,rmsf,r6eaewg6,r6eaewg6::RMSF,sdt8-homo-2 / RMSF,RMSF,Residue,36,0.04567307,nm,nm
line,overlay,sdt8-homo-2,sdt8-homo-2,rmsf,r6eaewg6,r6eaewg6::RMSF,sdt8-homo-2 / RMSF,RMSF,Residue,37,0.04693196,nm,nm
line,overlay,sdt8-homo-2,sdt8-homo-2,rmsf,r6eaewg6,r6eaewg6::RMSF,sdt8-homo-2 / RMSF,RMSF,Residue,38,0.05115978,nm,nm
line,overlay,sdt8-homo-2,sdt8-homo-2,rmsf,r6eaewg6,r6eaewg6::RMSF,sdt8-homo-2 / RMSF,RMSF,Residue,39,0.061981186,nm,nm
line,overlay,sdt8-homo-2,sdt8-homo-2,rmsf,r6eaewg6,r6eaewg6::RMSF,sdt8-homo-2 / RMSF,RMSF,Residue,40,0.07237711,nm,nm
line,overlay,sdt8-homo-2,sdt8-homo-2,rmsf,r6eaewg6,r6eaewg6::RMSF,sdt8-homo-2 / RMSF,RMSF,Residue,41,0.097119205,nm,nm
line,overlay,sdt8-homo-2,sdt8-homo-2,rmsf,r6eaewg6,r6eaewg6::RMSF,sdt8-homo-2 / RMSF,RMSF,Residue,42,0.09792323,nm,nm
line,overlay,sdt8-homo-2,sdt8-homo-2,rmsf,r6eaewg6,r6eaewg6::RMSF,sdt8-homo-2 / RMSF,RMSF,Residue,43,0.09793587,nm,nm
line,overlay,sdt8-homo-2,sdt8-homo-2,rmsf,r6eaewg6,r6eaewg6::RMSF,sdt8-homo-2 / RMSF,RMSF,Residue,44,0.11956646,nm,nm
line,overlay,sdt8-homo-2,sdt8-homo-2,rmsf,r6eaewg6,r6eaewg6::RMSF,sdt8-homo-2 / RMSF,RMSF,Residue,45,0.12329393,nm,nm
line,overlay,sdt8-homo-2,sdt8-homo-2,rmsf,r6eaewg6,r6eaewg6::RMSF,sdt8-homo-2 / RMSF,RMSF,Residue,46,0.08177328,nm,nm
line,overlay,sdt8-homo-2,sdt8-homo-2,rmsf,r6eaewg6,r6eaewg6::RMSF,sdt8-homo-2 / RMSF,RMSF,Residue,47,0.09423697,nm,nm
line,overlay,sdt8-homo-2,sdt8-homo-2,rmsf,r6eaewg6,r6eaewg6::RMSF,sdt8-homo-2 / RMSF,RMSF,Residue,48,0.08938699,nm,nm
line,overlay,sdt8-homo-2,sdt8-homo-2,rmsf,r6eaewg6,r6eaewg6::RMSF,sdt8-homo-2 / RMSF,RMSF,Residue,49,0.069956616,nm,nm
line,overlay,sdt8-homo-2,sdt8-homo-2,rmsf,r6eaewg6,r6eaewg6::RMSF,sdt8-homo-2 / RMSF,RMSF,Residue,50,0.096799634,nm,nm
line,overlay,sdt8-homo-2,sdt8-homo-2,rmsf,r6eaewg6,r6eaewg6::RMSF,sdt8-homo-2 / RMSF,RMSF,Residue,51,0.13652785,nm,nm
line,overlay,sdt8-homo-2,sdt8-homo-2,rmsf,r6eaewg6,r6eaewg6::RMSF,sdt8-homo-2 / RMSF,RMSF,Residue,52,0.13012455,nm,nm
line,overlay,sdt8-homo-2,sdt8-homo-2,rmsf,r6eaewg6,r6eaewg6::RMSF,sdt8-homo-2 / RMSF,RMSF,Residue,53,0.11421098,nm,nm
line,overlay,sdt8-homo-2,sdt8-homo-2,rmsf,r6eaewg6,r6eaewg6::RMSF,sdt8-homo-2 / RMSF,RMSF,Residue,54,0.16663864,nm,nm
line,overlay,sdt8-homo-2,sdt8-homo-2,rmsf,r6eaewg6,r6eaewg6::RMSF,sdt8-homo-2 / RMSF,RMSF,Residue,55,0.2050756,nm,nm
line,overlay,sdt8-homo-2,sdt8-homo-2,rmsf,r6eaewg6,r6eaewg6::RMSF,sdt8-homo-2 / RMSF,RMSF,Residue,56,0.16345373,nm,nm
line,overlay,sdt8-homo-2,sdt8-homo-2,rmsf,r6eaewg6,r6eaewg6::RMSF,sdt8-homo-2 / RMSF,RMSF,Residue,57,0.13915135,nm,nm
line,overlay,sdt8-homo-2,sdt8-homo-2,rmsf,r6eaewg6,r6eaewg6::RMSF,sdt8-homo-2 / RMSF,RMSF,Residue,58,0.11020881,nm,nm
line,overlay,sdt8-homo-2,sdt8-homo-2,rmsf,r6eaewg6,r6eaewg6::RMSF,sdt8-homo-2 / RMSF,RMSF,Residue,59,0.10561791,nm,nm
line,overlay,sdt8-homo-2,sdt8-homo-2,rmsf,r6eaewg6,r6eaewg6::RMSF,sdt8-homo-2 / RMSF,RMSF,Residue,60,0.06520186,nm,nm
line,overlay,sdt8-homo-2,sdt8-homo-2,rmsf,r6eaewg6,r6eaewg6::RMSF,sdt8-homo-2 / RMSF,RMSF,Residue,61,0.05705404,nm,nm
line,overlay,sdt8-homo-2,sdt8-homo-2,rmsf,r6eaewg6,r6eaewg6::RMSF,sdt8-homo-2 / RMSF,RMSF,Residue,62,0.05709204,nm,nm
line,overlay,sdt8-homo-2,sdt8-homo-2,rmsf,r6eaewg6,r6eaewg6::RMSF,sdt8-homo-2 / RMSF,RMSF,Residue,63,0.056035716,nm,nm
line,overlay,sdt8-homo-2,sdt8-homo-2,rmsf,r6eaewg6,r6eaewg6::RMSF,sdt8-homo-2 / RMSF,RMSF,Residue,64,0.06128671,nm,nm
line,overlay,sdt8-homo-2,sdt8-homo-2,rmsf,r6eaewg6,r6eaewg6::RMSF,sdt8-homo-2 / RMSF,RMSF,Residue,65,0.061720263,nm,nm
line,overlay,sdt8-homo-2,sdt8-homo-2,rmsf,r6eaewg6,r6eaewg6::RMSF,sdt8-homo-2 / RMSF,RMSF,Residue,66,0.07301445,nm,nm
line,overlay,sdt8-homo-2,sdt8-homo-2,rmsf,r6eaewg6,r6eaewg6::RMSF,sdt8-homo-2 / RMSF,RMSF,Residue,67,0.070762016,nm,nm
line,overlay,sdt8-homo-2,sdt8-homo-2,rmsf,r6eaewg6,r6eaewg6::RMSF,sdt8-homo-2 / RMSF,RMSF,Residue,68,0.07730995,nm,nm
line,overlay,sdt8-homo-2,sdt8-homo-2,rmsf,r6eaewg6,r6eaewg6::RMSF,sdt8-homo-2 / RMSF,RMSF,Residue,69,0.08392033,nm,nm
line,overlay,sdt8-homo-2,sdt8-homo-2,rmsf,r6eaewg6,r6eaewg6::RMSF,sdt8-homo-2 / RMSF,RMSF,Residue,70,0.106946945,nm,nm
line,overlay,sdt8-homo-2,sdt8-homo-2,rmsf,r6eaewg6,r6eaewg6::RMSF,sdt8-homo-2 / RMSF,RMSF,Residue,71,0.10509109,nm,nm
line,overlay,sdt8-homo-2,sdt8-homo-2,rmsf,r6eaewg6,r6eaewg6::RMSF,sdt8-homo-2 / RMSF,RMSF,Residue,72,0.08872504,nm,nm
line,overlay,sdt8-homo-2,sdt8-homo-2,rmsf,r6eaewg6,r6eaewg6::RMSF,sdt8-homo-2 / RMSF,RMSF,Residue,73,0.09913794,nm,nm
line,overlay,sdt8-homo-2,sdt8-homo-2,rmsf,r6eaewg6,r6eaewg6::RMSF,sdt8-homo-2 / RMSF,RMSF,Residue,74,0.09172169,nm,nm
line,overlay,sdt8-homo-2,sdt8-homo-2,rmsf,r6eaewg6,r6eaewg6::RMSF,sdt8-homo-2 / RMSF,RMSF,Residue,75,0.12721825,nm,nm
line,overlay,sdt8-homo-2,sdt8-homo-2,rmsf,r6eaewg6,r6eaewg6::RMSF,sdt8-homo-2 / RMSF,RMSF,Residue,76,0.16023019,nm,nm
line,overlay,sdt8-homo-2,sdt8-homo-2,rmsf,r6eaewg6,r6eaewg6::RMSF,sdt8-homo-2 / RMSF,RMSF,Residue,77,0.16241035,nm,nm
line,overlay,sdt8-homo-2,sdt8-homo-2,rmsf,r6eaewg6,r6eaewg6::RMSF,sdt8-homo-2 / RMSF,RMSF,Residue,78,0.112535216,nm,nm
line,overlay,sdt8-homo-2,sdt8-homo-2,rmsf,r6eaewg6,r6eaewg6::RMSF,sdt8-homo-2 / RMSF,RMSF,Residue,79,0.09804354,nm,nm
line,overlay,sdt8-homo-2,sdt8-homo-2,rmsf,r6eaewg6,r6eaewg6::RMSF,sdt8-homo-2 / RMSF,RMSF,Residue,80,0.06969068,nm,nm
line,overlay,sdt8-homo-2,sdt8-homo-2,rmsf,r6eaewg6,r6eaewg6::RMSF,sdt8-homo-2 / RMSF,RMSF,Residue,81,0.073313184,nm,nm
line,overlay,sdt8-homo-2,sdt8-homo-2,rmsf,r6eaewg6,r6eaewg6::RMSF,sdt8-homo-2 / RMSF,RMSF,Residue,82,0.08560621,nm,nm
line,overlay,sdt8-homo-2,sdt8-homo-2,rmsf,r6eaewg6,r6eaewg6::RMSF,sdt8-homo-2 / RMSF,RMSF,Residue,83,0.09119606,nm,nm
line,overlay,sdt8-homo-2,sdt8-homo-2,rmsf,r6eaewg6,r6eaewg6::RMSF,sdt8-homo-2 / RMSF,RMSF,Residue,84,0.09334222,nm,nm
line,overlay,sdt8-homo-2,sdt8-homo-2,rmsf,r6eaewg6,r6eaewg6::RMSF,sdt8-homo-2 / RMSF,RMSF,Residue,85,0.12737596,nm,nm
line,overlay,sdt8-homo-2,sdt8-homo-2,rmsf,r6eaewg6,r6eaewg6::RMSF,sdt8-homo-2 / RMSF,RMSF,Residue,86,0.10176395,nm,nm
line,overlay,sdt8-homo-2,sdt8-homo-2,rmsf,r6eaewg6,r6eaewg6::RMSF,sdt8-homo-2 / RMSF,RMSF,Residue,87,0.092237025,nm,nm
line,overlay,sdt8-homo-2,sdt8-homo-2,rmsf,r6eaewg6,r6eaewg6::RMSF,sdt8-homo-2 / RMSF,RMSF,Residue,88,0.08914861,nm,nm
line,overlay,sdt8-homo-2,sdt8-homo-2,rmsf,r6eaewg6,r6eaewg6::RMSF,sdt8-homo-2 / RMSF,RMSF,Residue,89,0.07845095,nm,nm
line,overlay,sdt8-homo-2,sdt8-homo-2,rmsf,r6eaewg6,r6eaewg6::RMSF,sdt8-homo-2 / RMSF,RMSF,Residue,90,0.07259431,nm,nm
line,overlay,sdt8-homo-2,sdt8-homo-2,rmsf,r6eaewg6,r6eaewg6::RMSF,sdt8-homo-2 / RMSF,RMSF,Residue,91,0.072938114,nm,nm
line,overlay,sdt8-homo-2,sdt8-homo-2,rmsf,r6eaewg6,r6eaewg6::RMSF,sdt8-homo-2 / RMSF,RMSF,Residue,92,0.071690276,nm,nm
line,overlay,sdt8-homo-2,sdt8-homo-2,rmsf,r6eaewg6,r6eaewg6::RMSF,sdt8-homo-2 / RMSF,RMSF,Residue,93,0.0657426,nm,nm
line,overlay,sdt8-homo-2,sdt8-homo-2,rmsf,r6eaewg6,r6eaewg6::RMSF,sdt8-homo-2 / RMSF,RMSF,Residue,94,0.06416886,nm,nm
line,overlay,sdt8-homo-2,sdt8-homo-2,rmsf,r6eaewg6,r6eaewg6::RMSF,sdt8-homo-2 / RMSF,RMSF,Residue,95,0.06513469,nm,nm
line,overlay,sdt8-homo-2,sdt8-homo-2,rmsf,r6eaewg6,r6eaewg6::RMSF,sdt8-homo-2 / RMSF,RMSF,Residue,96,0.0654787,nm,nm
line,overlay,sdt8-homo-2,sdt8-homo-2,rmsf,r6eaewg6,r6eaewg6::RMSF,sdt8-homo-2 / RMSF,RMSF,Residue,97,0.06176894,nm,nm
line,overlay,sdt8-homo-2,sdt8-homo-2,rmsf,r6eaewg6,r6eaewg6::RMSF,sdt8-homo-2 / RMSF,RMSF,Residue,98,0.0632897,nm,nm
line,overlay,sdt8-homo-2,sdt8-homo-2,rmsf,r6eaewg6,r6eaewg6::RMSF,sdt8-homo-2 / RMSF,RMSF,Residue,99,0.06783772,nm,nm
line,overlay,sdt8-homo-2,sdt8-homo-2,rmsf,r6eaewg6,r6eaewg6::RMSF,sdt8-homo-2 / RMSF,RMSF,Residue,100,0.06705172,nm,nm
line,overlay,sdt8-homo-2,sdt8-homo-2,rmsf,r6eaewg6,r6eaewg6::RMSF,sdt8-homo-2 / RMSF,RMSF,Residue,101,0.069102,nm,nm
line,overlay,sdt8-homo-2,sdt8-homo-2,rmsf,r6eaewg6,r6eaewg6::RMSF,sdt8-homo-2 / RMSF,RMSF,Residue,102,0.07942386,nm,nm
line,overlay,sdt8-homo-2,sdt8-homo-2,rmsf,r6eaewg6,r6eaewg6::RMSF,sdt8-homo-2 / RMSF,RMSF,Residue,103,0.0779792,nm,nm
line,overlay,sdt8-homo-2,sdt8-homo-2,rmsf,r6eaewg6,r6eaewg6::RMSF,sdt8-homo-2 / RMSF,RMSF,Residue,104,0.065026015,nm,nm
line,overlay,sdt8-homo-2,sdt8-homo-2,rmsf,r6eaewg6,r6eaewg6::RMSF,sdt8-homo-2 / RMSF,RMSF,Residue,105,0.07157578,nm,nm
line,overlay,sdt8-homo-2,sdt8-homo-2,rmsf,r6eaewg6,r6eaewg6::RMSF,sdt8-homo-2 / RMSF,RMSF,Residue,106,0.084647544,nm,nm
line,overlay,sdt8-homo-2,sdt8-homo-2,rmsf,r6eaewg6,r6eaewg6::RMSF,sdt8-homo-2 / RMSF,RMSF,Residue,107,0.074518435,nm,nm
line,overlay,sdt8-homo-2,sdt8-homo-2,rmsf,r6eaewg6,r6eaewg6::RMSF,sdt8-homo-2 / RMSF,RMSF,Residue,108,0.06554446,nm,nm
line,overlay,sdt8-homo-2,sdt8-homo-2,rmsf,r6eaewg6,r6eaewg6::RMSF,sdt8-homo-2 / RMSF,RMSF,Residue,109,0.08806265,nm,nm
line,overlay,sdt8-homo-2,sdt8-homo-2,rmsf,r6eaewg6,r6eaewg6::RMSF,sdt8-homo-2 / RMSF,RMSF,Residue,110,0.09873932,nm,nm
line,overlay,sdt8-homo-2,sdt8-homo-2,rmsf,r6eaewg6,r6eaewg6::RMSF,sdt8-homo-2 / RMSF,RMSF,Residue,111,0.086823195,nm,nm
line,overlay,sdt8-homo-2,sdt8-homo-2,rmsf,r6eaewg6,r6eaewg6::RMSF,sdt8-homo-2 / RMSF,RMSF,Residue,112,0.083521165,nm,nm
line,overlay,sdt8-homo-2,sdt8-homo-2,rmsf,r6eaewg6,r6eaewg6::RMSF,sdt8-homo-2 / RMSF,RMSF,Residue,113,0.062135108,nm,nm
line,overlay,sdt8-homo-2,sdt8-homo-2,rmsf,r6eaewg6,r6eaewg6::RMSF,sdt8-homo-2 / RMSF,RMSF,Residue,114,0.06088737,nm,nm
line,overlay,sdt8-homo-2,sdt8-homo-2,rmsf,r6eaewg6,r6eaewg6::RMSF,sdt8-homo-2 / RMSF,RMSF,Residue,115,0.0559412,nm,nm
line,overlay,sdt8-homo-2,sdt8-homo-2,rmsf,r6eaewg6,r6eaewg6::RMSF,sdt8-homo-2 / RMSF,RMSF,Residue,116,0.04774305,nm,nm
line,overlay,sdt8-homo-2,sdt8-homo-2,rmsf,r6eaewg6,r6eaewg6::RMSF,sdt8-homo-2 / RMSF,RMSF,Residue,117,0.041572362,nm,nm
line,overlay,sdt8-homo-2,sdt8-homo-2,rmsf,r6eaewg6,r6eaewg6::RMSF,sdt8-homo-2 / RMSF,RMSF,Residue,118,0.04086072,nm,nm
line,overlay,sdt8-homo-2,sdt8-homo-2,rmsf,r6eaewg6,r6eaewg6::RMSF,sdt8-homo-2 / RMSF,RMSF,Residue,119,0.04269592,nm,nm
line,overlay,sdt8-homo-2,sdt8-homo-2,rmsf,r6eaewg6,r6eaewg6::RMSF,sdt8-homo-2 / RMSF,RMSF,Residue,120,0.04987182,nm,nm
line,overlay,sdt8-homo-2,sdt8-homo-2,rmsf,r6eaewg6,r6eaewg6::RMSF,sdt8-homo-2 / RMSF,RMSF,Residue,121,0.058413774,nm,nm
line,overlay,sdt8-homo-2,sdt8-homo-2,rmsf,r6eaewg6,r6eaewg6::RMSF,sdt8-homo-2 / RMSF,RMSF,Residue,122,0.052624393,nm,nm
line,overlay,sdt8-homo-2,sdt8-homo-2,rmsf,r6eaewg6,r6eaewg6::RMSF,sdt8-homo-2 / RMSF,RMSF,Residue,123,0.067177266,nm,nm
line,overlay,sdt8-homo-2,sdt8-homo-2,rmsf,r6eaewg6,r6eaewg6::RMSF,sdt8-homo-2 / RMSF,RMSF,Residue,124,0.06293393,nm,nm
line,overlay,sdt8-homo-2,sdt8-homo-2,rmsf,r6eaewg6,r6eaewg6::RMSF,sdt8-homo-2 / RMSF,RMSF,Residue,125,0.06213295,nm,nm
line,overlay,sdt8-homo-2,sdt8-homo-2,rmsf,r6eaewg6,r6eaewg6::RMSF,sdt8-homo-2 / RMSF,RMSF,Residue,126,0.06865021,nm,nm
line,overlay,sdt8-homo-2,sdt8-homo-2,rmsf,r6eaewg6,r6eaewg6::RMSF,sdt8-homo-2 / RMSF,RMSF,Residue,127,0.07192888,nm,nm
line,overlay,sdt8-homo-2,sdt8-homo-2,rmsf,r6eaewg6,r6eaewg6::RMSF,sdt8-homo-2 / RMSF,RMSF,Residue,128,0.07008598,nm,nm
line,overlay,sdt8-homo-2,sdt8-homo-2,rmsf,r6eaewg6,r6eaewg6::RMSF,sdt8-homo-2 / RMSF,RMSF,Residue,129,0.07280603,nm,nm
line,overlay,sdt8-homo-2,sdt8-homo-2,rmsf,r6eaewg6,r6eaewg6::RMSF,sdt8-homo-2 / RMSF,RMSF,Residue,130,0.079257354,nm,nm
line,overlay,sdt8-homo-2,sdt8-homo-2,rmsf,r6eaewg6,r6eaewg6::RMSF,sdt8-homo-2 / RMSF,RMSF,Residue,131,0.08952116,nm,nm
line,overlay,sdt8-homo-2,sdt8-homo-2,rmsf,r6eaewg6,r6eaewg6::RMSF,sdt8-homo-2 / RMSF,RMSF,Residue,132,0.08625316,nm,nm
line,overlay,sdt8-homo-2,sdt8-homo-2,rmsf,r6eaewg6,r6eaewg6::RMSF,sdt8-homo-2 / RMSF,RMSF,Residue,133,0.08336147,nm,nm
line,overlay,sdt8-homo-2,sdt8-homo-2,rmsf,r6eaewg6,r6eaewg6::RMSF,sdt8-homo-2 / RMSF,RMSF,Residue,134,0.06488069,nm,nm
line,overlay,sdt8-homo-2,sdt8-homo-2,rmsf,r6eaewg6,r6eaewg6::RMSF,sdt8-homo-2 / RMSF,RMSF,Residue,135,0.061405987,nm,nm
line,overlay,sdt8-homo-2,sdt8-homo-2,rmsf,r6eaewg6,r6eaewg6::RMSF,sdt8-homo-2 / RMSF,RMSF,Residue,136,0.04567802,nm,nm
line,overlay,sdt8-homo-2,sdt8-homo-2,rmsf,r6eaewg6,r6eaewg6::RMSF,sdt8-homo-2 / RMSF,RMSF,Residue,137,0.04216133,nm,nm
line,overlay,sdt8-homo-2,sdt8-homo-2,rmsf,r6eaewg6,r6eaewg6::RMSF,sdt8-homo-2 / RMSF,RMSF,Residue,138,0.04028588,nm,nm
line,overlay,sdt8-homo-2,sdt8-homo-2,rmsf,r6eaewg6,r6eaewg6::RMSF,sdt8-homo-2 / RMSF,RMSF,Residue,139,0.040498856,nm,nm
line,overlay,sdt8-homo-2,sdt8-homo-2,rmsf,r6eaewg6,r6eaewg6::RMSF,sdt8-homo-2 / RMSF,RMSF,Residue,140,0.04959529,nm,nm
line,overlay,sdt8-homo-2,sdt8-homo-2,rmsf,r6eaewg6,r6eaewg6::RMSF,sdt8-homo-2 / RMSF,RMSF,Residue,141,0.054850057,nm,nm
line,overlay,sdt8-homo-2,sdt8-homo-2,rmsf,r6eaewg6,r6eaewg6::RMSF,sdt8-homo-2 / RMSF,RMSF,Residue,142,0.048058067,nm,nm
line,overlay,sdt8-homo-2,sdt8-homo-2,rmsf,r6eaewg6,r6eaewg6::RMSF,sdt8-homo-2 / RMSF,RMSF,Residue,143,0.04764925,nm,nm
line,overlay,sdt8-homo-2,sdt8-homo-2,rmsf,r6eaewg6,r6eaewg6::RMSF,sdt8-homo-2 / RMSF,RMSF,Residue,144,0.047743972,nm,nm
line,overlay,sdt8-homo-2,sdt8-homo-2,rmsf,r6eaewg6,r6eaewg6::RMSF,sdt8-homo-2 / RMSF,RMSF,Residue,145,0.04910496,nm,nm
line,overlay,sdt8-homo-2,sdt8-homo-2,rmsf,r6eaewg6,r6eaewg6::RMSF,sdt8-homo-2 / RMSF,RMSF,Residue,146,0.050890893,nm,nm
line,overlay,sdt8-homo-2,sdt8-homo-2,rmsf,r6eaewg6,r6eaewg6::RMSF,sdt8-homo-2 / RMSF,RMSF,Residue,147,0.055191383,nm,nm
line,overlay,sdt8-homo-2,sdt8-homo-2,rmsf,r6eaewg6,r6eaewg6::RMSF,sdt8-homo-2 / RMSF,RMSF,Residue,148,0.057672575,nm,nm
line,overlay,sdt8-homo-2,sdt8-homo-2,rmsf,r6eaewg6,r6eaewg6::RMSF,sdt8-homo-2 / RMSF,RMSF,Residue,149,0.056738492,nm,nm
line,overlay,sdt8-homo-2,sdt8-homo-2,rmsf,r6eaewg6,r6eaewg6::RMSF,sdt8-homo-2 / RMSF,RMSF,Residue,150,0.06570476,nm,nm
line,overlay,sdt8-homo-2,sdt8-homo-2,rmsf,r6eaewg6,r6eaewg6::RMSF,sdt8-homo-2 / RMSF,RMSF,Residue,151,0.071237445,nm,nm
line,overlay,sdt8-homo-2,sdt8-homo-2,rmsf,r6eaewg6,r6eaewg6::RMSF,sdt8-homo-2 / RMSF,RMSF,Residue,152,0.07395655,nm,nm
line,overlay,sdt8-homo-2,sdt8-homo-2,rmsf,r6eaewg6,r6eaewg6::RMSF,sdt8-homo-2 / RMSF,RMSF,Residue,153,0.07742481,nm,nm
line,overlay,sdt8-homo-2,sdt8-homo-2,rmsf,r6eaewg6,r6eaewg6::RMSF,sdt8-homo-2 / RMSF,RMSF,Residue,154,0.08303356,nm,nm
line,overlay,sdt8-homo-2,sdt8-homo-2,rmsf,r6eaewg6,r6eaewg6::RMSF,sdt8-homo-2 / RMSF,RMSF,Residue,155,0.09360253,nm,nm
line,overlay,sdt8-homo-2,sdt8-homo-2,rmsf,r6eaewg6,r6eaewg6::RMSF,sdt8-homo-2 / RMSF,RMSF,Residue,156,0.099659085,nm,nm
line,overlay,sdt8-homo-2,sdt8-homo-2,rmsf,r6eaewg6,r6eaewg6::RMSF,sdt8-homo-2 / RMSF,RMSF,Residue,157,0.094274774,nm,nm
line,overlay,sdt8-homo-2,sdt8-homo-2,rmsf,r6eaewg6,r6eaewg6::RMSF,sdt8-homo-2 / RMSF,RMSF,Residue,158,0.094381325,nm,nm
line,overlay,sdt8-homo-2,sdt8-homo-2,rmsf,r6eaewg6,r6eaewg6::RMSF,sdt8-homo-2 / RMSF,RMSF,Residue,159,0.11655406,nm,nm
line,overlay,sdt8-homo-2,sdt8-homo-2,rmsf,r6eaewg6,r6eaewg6::RMSF,sdt8-homo-2 / RMSF,RMSF,Residue,160,0.14044122,nm,nm
line,overlay,sdt8-homo-2,sdt8-homo-2,rmsf,r6eaewg6,r6eaewg6::RMSF,sdt8-homo-2 / RMSF,RMSF,Residue,161,0.17860508,nm,nm
line,overlay,sdt8-homo-2,sdt8-homo-2,rmsf,r6eaewg6,r6eaewg6::RMSF,sdt8-homo-2 / RMSF,RMSF,Residue,162,0.16274878,nm,nm
line,overlay,sdt8-homo-2,sdt8-homo-2,rmsf,r6eaewg6,r6eaewg6::RMSF,sdt8-homo-2 / RMSF,RMSF,Residue,163,0.22441536,nm,nm
line,overlay,sdt8-homo-2,sdt8-homo-2,rmsf,r6eaewg6,r6eaewg6::RMSF,sdt8-homo-2 / RMSF,RMSF,Residue,164,0.2136967,nm,nm
line,overlay,sdt8-homo-2,sdt8-homo-2,rmsf,r6eaewg6,r6eaewg6::RMSF,sdt8-homo-2 / RMSF,RMSF,Residue,165,0.21435107,nm,nm
line,overlay,sdt8-homo-2,sdt8-homo-2,rmsf,r6eaewg6,r6eaewg6::RMSF,sdt8-homo-2 / RMSF,RMSF,Residue,166,0.20053303,nm,nm
line,overlay,sdt8-homo-2,sdt8-homo-2,rmsf,r6eaewg6,r6eaewg6::RMSF,sdt8-homo-2 / RMSF,RMSF,Residue,167,0.14936216,nm,nm
line,overlay,sdt8-homo-2,sdt8-homo-2,rmsf,r6eaewg6,r6eaewg6::RMSF,sdt8-homo-2 / RMSF,RMSF,Residue,168,0.10692782,nm,nm
line,overlay,sdt8-homo-2,sdt8-homo-2,rmsf,r6eaewg6,r6eaewg6::RMSF,sdt8-homo-2 / RMSF,RMSF,Residue,169,0.09683481,nm,nm
line,overlay,sdt8-homo-2,sdt8-homo-2,rmsf,r6eaewg6,r6eaewg6::RMSF,sdt8-homo-2 / RMSF,RMSF,Residue,170,0.09342391,nm,nm
line,overlay,sdt8-homo-2,sdt8-homo-2,rmsf,r6eaewg6,r6eaewg6::RMSF,sdt8-homo-2 / RMSF,RMSF,Residue,171,0.08370974,nm,nm
line,overlay,sdt8-homo-2,sdt8-homo-2,rmsf,r6eaewg6,r6eaewg6::RMSF,sdt8-homo-2 / RMSF,RMSF,Residue,172,0.098815076,nm,nm
line,overlay,sdt8-homo-2,sdt8-homo-2,rmsf,r6eaewg6,r6eaewg6::RMSF,sdt8-homo-2 / RMSF,RMSF,Residue,173,0.13107656,nm,nm
line,overlay,sdt8-homo-2,sdt8-homo-2,rmsf,r6eaewg6,r6eaewg6::RMSF,sdt8-homo-2 / RMSF,RMSF,Residue,174,0.10461111,nm,nm
line,overlay,sdt8-homo-2,sdt8-homo-2,rmsf,r6eaewg6,r6eaewg6::RMSF,sdt8-homo-2 / RMSF,RMSF,Residue,175,0.13637605,nm,nm
line,overlay,sdt8-homo-2,sdt8-homo-2,rmsf,r6eaewg6,r6eaewg6::RMSF,sdt8-homo-2 / RMSF,RMSF,Residue,176,0.12334074,nm,nm
line,overlay,sdt8-homo-2,sdt8-homo-2,rmsf,r6eaewg6,r6eaewg6::RMSF,sdt8-homo-2 / RMSF,RMSF,Residue,177,0.12103578,nm,nm
line,overlay,sdt8-homo-2,sdt8-homo-2,rmsf,r6eaewg6,r6eaewg6::RMSF,sdt8-homo-2 / RMSF,RMSF,Residue,178,0.09019039,nm,nm
line,overlay,sdt8-homo-2,sdt8-homo-2,rmsf,r6eaewg6,r6eaewg6::RMSF,sdt8-homo-2 / RMSF,RMSF,Residue,179,0.08854776,nm,nm
line,overlay,sdt8-homo-2,sdt8-homo-2,rmsf,r6eaewg6,r6eaewg6::RMSF,sdt8-homo-2 / RMSF,RMSF,Residue,180,0.08207294,nm,nm
line,overlay,sdt8-homo-2,sdt8-homo-2,rmsf,r6eaewg6,r6eaewg6::RMSF,sdt8-homo-2 / RMSF,RMSF,Residue,181,0.10667254,nm,nm
line,overlay,sdt8-homo-2,sdt8-homo-2,rmsf,r6eaewg6,r6eaewg6::RMSF,sdt8-homo-2 / RMSF,RMSF,Residue,182,0.12477999,nm,nm
line,overlay,sdt8-homo-2,sdt8-homo-2,rmsf,r6eaewg6,r6eaewg6::RMSF,sdt8-homo-2 / RMSF,RMSF,Residue,183,0.14469996,nm,nm
line,overlay,sdt8-homo-2,sdt8-homo-2,rmsf,r6eaewg6,r6eaewg6::RMSF,sdt8-homo-2 / RMSF,RMSF,Residue,184,0.12470068,nm,nm
line,overlay,sdt8-homo-2,sdt8-homo-2,rmsf,r6eaewg6,r6eaewg6::RMSF,sdt8-homo-2 / RMSF,RMSF,Residue,185,0.11246561,nm,nm
line,overlay,sdt8-homo-2,sdt8-homo-2,rmsf,r6eaewg6,r6eaewg6::RMSF,sdt8-homo-2 / RMSF,RMSF,Residue,186,0.10823213,nm,nm
line,overlay,sdt8-homo-2,sdt8-homo-2,rmsf,r6eaewg6,r6eaewg6::RMSF,sdt8-homo-2 / RMSF,RMSF,Residue,187,0.10847687,nm,nm
line,overlay,sdt8-homo-2,sdt8-homo-2,rmsf,r6eaewg6,r6eaewg6::RMSF,sdt8-homo-2 / RMSF,RMSF,Residue,188,0.12083708,nm,nm
line,overlay,sdt8-homo-2,sdt8-homo-2,rmsf,r6eaewg6,r6eaewg6::RMSF,sdt8-homo-2 / RMSF,RMSF,Residue,189,0.10630719,nm,nm
line,overlay,sdt8-homo-2,sdt8-homo-2,rmsf,r6eaewg6,r6eaewg6::RMSF,sdt8-homo-2 / RMSF,RMSF,Residue,190,0.14881535,nm,nm
line,overlay,sdt8-homo-2,sdt8-homo-2,rmsf,r6eaewg6,r6eaewg6::RMSF,sdt8-homo-2 / RMSF,RMSF,Residue,191,0.1615649,nm,nm
line,overlay,sdt8-homo-2,sdt8-homo-2,rmsf,r6eaewg6,r6eaewg6::RMSF,sdt8-homo-2 / RMSF,RMSF,Residue,192,0.19026786,nm,nm
line,overlay,sdt8-homo-2,sdt8-homo-2,rmsf,r6eaewg6,r6eaewg6::RMSF,sdt8-homo-2 / RMSF,RMSF,Residue,193,0.17896405,nm,nm
line,overlay,sdt8-homo-2,sdt8-homo-2,rmsf,r6eaewg6,r6eaewg6::RMSF,sdt8-homo-2 / RMSF,RMSF,Residue,194,0.18744346,nm,nm
line,overlay,sdt8-homo-2,sdt8-homo-2,rmsf,r6eaewg6,r6eaewg6::RMSF,sdt8-homo-2 / RMSF,RMSF,Residue,195,0.14437443,nm,nm
line,overlay,sdt8-homo-2,sdt8-homo-2,rmsf,r6eaewg6,r6eaewg6::RMSF,sdt8-homo-2 / RMSF,RMSF,Residue,196,0.1282061,nm,nm
line,overlay,sdt8-homo-2,sdt8-homo-2,rmsf,r6eaewg6,r6eaewg6::RMSF,sdt8-homo-2 / RMSF,RMSF,Residue,197,0.09253695,nm,nm
line,overlay,sdt8-homo-2,sdt8-homo-2,rmsf,r6eaewg6,r6eaewg6::RMSF,sdt8-homo-2 / RMSF,RMSF,Residue,198,0.11138671,nm,nm
line,overlay,sdt8-homo-2,sdt8-homo-2,rmsf,r6eaewg6,r6eaewg6::RMSF,sdt8-homo-2 / RMSF,RMSF,Residue,199,0.09915872,nm,nm
line,overlay,sdt8-homo-2,sdt8-homo-2,rmsf,r6eaewg6,r6eaewg6::RMSF,sdt8-homo-2 / RMSF,RMSF,Residue,200,0.077353925,nm,nm
line,overlay,sdt8-homo-2,sdt8-homo-2,rmsf,r6eaewg6,r6eaewg6::RMSF,sdt8-homo-2 / RMSF,RMSF,Residue,201,0.08839193,nm,nm
line,overlay,sdt8-homo-2,sdt8-homo-2,rmsf,r6eaewg6,r6eaewg6::RMSF,sdt8-homo-2 / RMSF,RMSF,Residue,202,0.095056735,nm,nm
line,overlay,sdt8-homo-2,sdt8-homo-2,rmsf,r6eaewg6,r6eaewg6::RMSF,sdt8-homo-2 / RMSF,RMSF,Residue,203,0.0799305,nm,nm
line,overlay,sdt8-homo-2,sdt8-homo-2,rmsf,r6eaewg6,r6eaewg6::RMSF,sdt8-homo-2 / RMSF,RMSF,Residue,204,0.08169443,nm,nm
line,overlay,sdt8-homo-2,sdt8-homo-2,rmsf,r6eaewg6,r6eaewg6::RMSF,sdt8-homo-2 / RMSF,RMSF,Residue,205,0.123122714,nm,nm
line,overlay,sdt8-homo-2,sdt8-homo-2,rmsf,r6eaewg6,r6eaewg6::RMSF,sdt8-homo-2 / RMSF,RMSF,Residue,206,0.13017641,nm,nm
line,overlay,sdt8-homo-2,sdt8-homo-2,rmsf,r6eaewg6,r6eaewg6::RMSF,sdt8-homo-2 / RMSF,RMSF,Residue,207,0.10247599,nm,nm
line,overlay,sdt8-homo-2,sdt8-homo-2,rmsf,r6eaewg6,r6eaewg6::RMSF,sdt8-homo-2 / RMSF,RMSF,Residue,208,0.109298155,nm,nm
line,overlay,sdt8-homo-2,sdt8-homo-2,rmsf,r6eaewg6,r6eaewg6::RMSF,sdt8-homo-2 / RMSF,RMSF,Residue,209,0.1228429,nm,nm
line,overlay,sdt8-homo-2,sdt8-homo-2,rmsf,r6eaewg6,r6eaewg6::RMSF,sdt8-homo-2 / RMSF,RMSF,Residue,210,0.0996055,nm,nm
line,overlay,sdt8-homo-2,sdt8-homo-2,rmsf,r6eaewg6,r6eaewg6::RMSF,sdt8-homo-2 / RMSF,RMSF,Residue,211,0.057525802,nm,nm
line,overlay,sdt8-homo-2,sdt8-homo-2,rmsf,r6eaewg6,r6eaewg6::RMSF,sdt8-homo-2 / RMSF,RMSF,Residue,212,0.050848763,nm,nm
line,overlay,sdt8-homo-2,sdt8-homo-2,rmsf,r6eaewg6,r6eaewg6::RMSF,sdt8-homo-2 / RMSF,RMSF,Residue,213,0.0523932,nm,nm
line,overlay,sdt8-homo-2,sdt8-homo-2,rmsf,r6eaewg6,r6eaewg6::RMSF,sdt8-homo-2 / RMSF,RMSF,Residue,214,0.043883085,nm,nm
line,overlay,sdt8-homo-2,sdt8-homo-2,rmsf,r6eaewg6,r6eaewg6::RMSF,sdt8-homo-2 / RMSF,RMSF,Residue,215,0.041074164,nm,nm
line,overlay,sdt8-homo-2,sdt8-homo-2,rmsf,r6eaewg6,r6eaewg6::RMSF,sdt8-homo-2 / RMSF,RMSF,Residue,216,0.042138677,nm,nm
line,overlay,sdt8-homo-2,sdt8-homo-2,rmsf,r6eaewg6,r6eaewg6::RMSF,sdt8-homo-2 / RMSF,RMSF,Residue,217,0.041461077,nm,nm
line,overlay,sdt8-homo-2,sdt8-homo-2,rmsf,r6eaewg6,r6eaewg6::RMSF,sdt8-homo-2 / RMSF,RMSF,Residue,218,0.04718768,nm,nm
line,overlay,sdt8-homo-2,sdt8-homo-2,rmsf,r6eaewg6,r6eaewg6::RMSF,sdt8-homo-2 / RMSF,RMSF,Residue,219,0.048070464,nm,nm
line,overlay,sdt8-homo-2,sdt8-homo-2,rmsf,r6eaewg6,r6eaewg6::RMSF,sdt8-homo-2 / RMSF,RMSF,Residue,220,0.053571187,nm,nm
line,overlay,sdt8-homo-2,sdt8-homo-2,rmsf,r6eaewg6,r6eaewg6::RMSF,sdt8-homo-2 / RMSF,RMSF,Residue,221,0.058238555,nm,nm
line,overlay,sdt8-homo-2,sdt8-homo-2,rmsf,r6eaewg6,r6eaewg6::RMSF,sdt8-homo-2 / RMSF,RMSF,Residue,222,0.05366514,nm,nm
line,overlay,sdt8-homo-2,sdt8-homo-2,rmsf,r6eaewg6,r6eaewg6::RMSF,sdt8-homo-2 / RMSF,RMSF,Residue,223,0.052058302,nm,nm
line,overlay,sdt8-homo-2,sdt8-homo-2,rmsf,r6eaewg6,r6eaewg6::RMSF,sdt8-homo-2 / RMSF,RMSF,Residue,224,0.064248905,nm,nm
line,overlay,sdt8-homo-2,sdt8-homo-2,rmsf,r6eaewg6,r6eaewg6::RMSF,sdt8-homo-2 / RMSF,RMSF,Residue,225,0.06457054,nm,nm
line,overlay,sdt8-homo-2,sdt8-homo-2,rmsf,r6eaewg6,r6eaewg6::RMSF,sdt8-homo-2 / RMSF,RMSF,Residue,226,0.057524163,nm,nm
line,overlay,sdt8-homo-2,sdt8-homo-2,rmsf,r6eaewg6,r6eaewg6::RMSF,sdt8-homo-2 / RMSF,RMSF,Residue,227,0.058877446,nm,nm
line,overlay,sdt8-homo-2,sdt8-homo-2,rmsf,r6eaewg6,r6eaewg6::RMSF,sdt8-homo-2 / RMSF,RMSF,Residue,228,0.06662775,nm,nm
line,overlay,sdt8-homo-2,sdt8-homo-2,rmsf,r6eaewg6,r6eaewg6::RMSF,sdt8-homo-2 / RMSF,RMSF,Residue,229,0.072618954,nm,nm
line,overlay,sdt8-homo-2,sdt8-homo-2,rmsf,r6eaewg6,r6eaewg6::RMSF,sdt8-homo-2 / RMSF,RMSF,Residue,230,0.071385704,nm,nm
line,overlay,sdt8-homo-2,sdt8-homo-2,rmsf,r6eaewg6,r6eaewg6::RMSF,sdt8-homo-2 / RMSF,RMSF,Residue,231,0.07899151,nm,nm
line,overlay,sdt8-homo-2,sdt8-homo-2,rmsf,r6eaewg6,r6eaewg6::RMSF,sdt8-homo-2 / RMSF,RMSF,Residue,232,0.10315021,nm,nm
line,overlay,sdt8-homo-2,sdt8-homo-2,rmsf,r6eaewg6,r6eaewg6::RMSF,sdt8-homo-2 / RMSF,RMSF,Residue,233,0.12173447,nm,nm
line,overlay,sdt8-homo-2,sdt8-homo-2,rmsf,r6eaewg6,r6eaewg6::RMSF,sdt8-homo-2 / RMSF,RMSF,Residue,234,0.10848796,nm,nm
line,overlay,sdt8-homo-2,sdt8-homo-2,rmsf,r6eaewg6,r6eaewg6::RMSF,sdt8-homo-2 / RMSF,RMSF,Residue,235,0.09132948,nm,nm
line,overlay,sdt8-homo-2,sdt8-homo-2,rmsf,r6eaewg6,r6eaewg6::RMSF,sdt8-homo-2 / RMSF,RMSF,Residue,236,0.07673428,nm,nm
line,overlay,sdt8-homo-2,sdt8-homo-2,rmsf,r6eaewg6,r6eaewg6::RMSF,sdt8-homo-2 / RMSF,RMSF,Residue,237,0.06654367,nm,nm
line,overlay,sdt8-homo-2,sdt8-homo-2,rmsf,r6eaewg6,r6eaewg6::RMSF,sdt8-homo-2 / RMSF,RMSF,Residue,238,0.050548308,nm,nm
line,overlay,sdt8-homo-2,sdt8-homo-2,rmsf,r6eaewg6,r6eaewg6::RMSF,sdt8-homo-2 / RMSF,RMSF,Residue,239,0.048290487,nm,nm
line,overlay,sdt8-homo-2,sdt8-homo-2,rmsf,r6eaewg6,r6eaewg6::RMSF,sdt8-homo-2 / RMSF,RMSF,Residue,240,0.049358554,nm,nm
line,overlay,sdt8-homo-2,sdt8-homo-2,rmsf,r6eaewg6,r6eaewg6::RMSF,sdt8-homo-2 / RMSF,RMSF,Residue,241,0.04698841,nm,nm
line,overlay,sdt8-homo-2,sdt8-homo-2,rmsf,r6eaewg6,r6eaewg6::RMSF,sdt8-homo-2 / RMSF,RMSF,Residue,242,0.050674118,nm,nm
line,overlay,sdt8-homo-2,sdt8-homo-2,rmsf,r6eaewg6,r6eaewg6::RMSF,sdt8-homo-2 / RMSF,RMSF,Residue,243,0.044770833,nm,nm
line,overlay,sdt8-homo-2,sdt8-homo-2,rmsf,r6eaewg6,r6eaewg6::RMSF,sdt8-homo-2 / RMSF,RMSF,Residue,244,0.048726797,nm,nm
line,overlay,sdt8-homo-2,sdt8-homo-2,rmsf,r6eaewg6,r6eaewg6::RMSF,sdt8-homo-2 / RMSF,RMSF,Residue,245,0.06172166,nm,nm
line,overlay,sdt8-homo-2,sdt8-homo-2,rmsf,r6eaewg6,r6eaewg6::RMSF,sdt8-homo-2 / RMSF,RMSF,Residue,246,0.06981313,nm,nm
line,overlay,sdt8-homo-2,sdt8-homo-2,rmsf,r6eaewg6,r6eaewg6::RMSF,sdt8-homo-2 / RMSF,RMSF,Residue,247,0.08372379,nm,nm
line,overlay,sdt8-homo-2,sdt8-homo-2,rmsf,r6eaewg6,r6eaewg6::RMSF,sdt8-homo-2 / RMSF,RMSF,Residue,248,0.09478576,nm,nm
line,overlay,sdt8-homo-2,sdt8-homo-2,rmsf,r6eaewg6,r6eaewg6::RMSF,sdt8-homo-2 / RMSF,RMSF,Residue,249,0.16141693,nm,nm
line,overlay,sdt8-homo-2,sdt8-homo-2,rmsf,r6eaewg6,r6eaewg6::RMSF,sdt8-homo-2 / RMSF,RMSF,Residue,250,0.11493547,nm,nm
line,overlay,sdt8-homo-2,sdt8-homo-2,rmsf,r6eaewg6,r6eaewg6::RMSF,sdt8-homo-2 / RMSF,RMSF,Residue,251,0.102644816,nm,nm
line,overlay,sdt8-homo-2,sdt8-homo-2,rmsf,r6eaewg6,r6eaewg6::RMSF,sdt8-homo-2 / RMSF,RMSF,Residue,252,0.089991525,nm,nm
line,overlay,sdt8-homo-2,sdt8-homo-2,rmsf,r6eaewg6,r6eaewg6::RMSF,sdt8-homo-2 / RMSF,RMSF,Residue,253,0.09512802,nm,nm
line,overlay,sdt8-homo-2,sdt8-homo-2,rmsf,r6eaewg6,r6eaewg6::RMSF,sdt8-homo-2 / RMSF,RMSF,Residue,254,0.08597743,nm,nm
line,overlay,sdt8-homo-2,sdt8-homo-2,rmsf,r6eaewg6,r6eaewg6::RMSF,sdt8-homo-2 / RMSF,RMSF,Residue,255,0.0882321,nm,nm
line,overlay,sdt8-homo-2,sdt8-homo-2,rmsf,r6eaewg6,r6eaewg6::RMSF,sdt8-homo-2 / RMSF,RMSF,Residue,256,0.06976313,nm,nm
line,overlay,sdt8-homo-2,sdt8-homo-2,rmsf,r6eaewg6,r6eaewg6::RMSF,sdt8-homo-2 / RMSF,RMSF,Residue,257,0.061299898,nm,nm
line,overlay,sdt8-homo-2,sdt8-homo-2,rmsf,r6eaewg6,r6eaewg6::RMSF,sdt8-homo-2 / RMSF,RMSF,Residue,258,0.076517306,nm,nm
line,overlay,sdt8-homo-2,sdt8-homo-2,rmsf,r6eaewg6,r6eaewg6::RMSF,sdt8-homo-2 / RMSF,RMSF,Residue,259,0.09153621,nm,nm
line,overlay,sdt8-homo-2,sdt8-homo-2,rmsf,r6eaewg6,r6eaewg6::RMSF,sdt8-homo-2 / RMSF,RMSF,Residue,260,0.0931234,nm,nm
line,overlay,sdt8-homo-2,sdt8-homo-2,rmsf,r6eaewg6,r6eaewg6::RMSF,sdt8-homo-2 / RMSF,RMSF,Residue,261,0.09547336,nm,nm
line,overlay,sdt8-homo-2,sdt8-homo-2,rmsf,r6eaewg6,r6eaewg6::RMSF,sdt8-homo-2 / RMSF,RMSF,Residue,262,0.10921168,nm,nm
line,overlay,sdt8-homo-2,sdt8-homo-2,rmsf,r6eaewg6,r6eaewg6::RMSF,sdt8-homo-2 / RMSF,RMSF,Residue,263,0.09695114,nm,nm
line,overlay,sdt8-homo-2,sdt8-homo-2,rmsf,r6eaewg6,r6eaewg6::RMSF,sdt8-homo-2 / RMSF,RMSF,Residue,264,0.095277995,nm,nm
line,overlay,sdt8-homo-2,sdt8-homo-2,rmsf,r6eaewg6,r6eaewg6::RMSF,sdt8-homo-2 / RMSF,RMSF,Residue,265,0.10383352,nm,nm
line,overlay,sdt8-homo-2,sdt8-homo-2,rmsf,r6eaewg6,r6eaewg6::RMSF,sdt8-homo-2 / RMSF,RMSF,Residue,266,0.104893744,nm,nm
line,overlay,sdt8-homo-2,sdt8-homo-2,rmsf,r6eaewg6,r6eaewg6::RMSF,sdt8-homo-2 / RMSF,RMSF,Residue,267,0.092257775,nm,nm
line,overlay,sdt8-homo-2,sdt8-homo-2,rmsf,r6eaewg6,r6eaewg6::RMSF,sdt8-homo-2 / RMSF,RMSF,Residue,268,0.08221524,nm,nm
line,overlay,sdt8-homo-2,sdt8-homo-2,rmsf,r6eaewg6,r6eaewg6::RMSF,sdt8-homo-2 / RMSF,RMSF,Residue,269,0.0871788,nm,nm
line,overlay,sdt8-homo-2,sdt8-homo-2,rmsf,r6eaewg6,r6eaewg6::RMSF,sdt8-homo-2 / RMSF,RMSF,Residue,270,0.084621295,nm,nm
line,overlay,sdt8-homo-2,sdt8-homo-2,rmsf,r6eaewg6,r6eaewg6::RMSF,sdt8-homo-2 / RMSF,RMSF,Residue,271,0.0780601,nm,nm
line,overlay,sdt8-homo-2,sdt8-homo-2,rmsf,r6eaewg6,r6eaewg6::RMSF,sdt8-homo-2 / RMSF,RMSF,Residue,272,0.0769648,nm,nm
line,overlay,sdt8-homo-2,sdt8-homo-2,rmsf,r6eaewg6,r6eaewg6::RMSF,sdt8-homo-2 / RMSF,RMSF,Residue,273,0.08262703,nm,nm
line,overlay,sdt8-homo-2,sdt8-homo-2,rmsf,r6eaewg6,r6eaewg6::RMSF,sdt8-homo-2 / RMSF,RMSF,Residue,274,0.08681117,nm,nm
line,overlay,sdt8-homo-2,sdt8-homo-2,rmsf,r6eaewg6,r6eaewg6::RMSF,sdt8-homo-2 / RMSF,RMSF,Residue,275,0.07679299,nm,nm
line,overlay,sdt8-homo-2,sdt8-homo-2,rmsf,r6eaewg6,r6eaewg6::RMSF,sdt8-homo-2 / RMSF,RMSF,Residue,276,0.080679156,nm,nm
line,overlay,sdt8-homo-2,sdt8-homo-2,rmsf,r6eaewg6,r6eaewg6::RMSF,sdt8-homo-2 / RMSF,RMSF,Residue,277,0.07532521,nm,nm
line,overlay,sdt8-homo-2,sdt8-homo-2,rmsf,r6eaewg6,r6eaewg6::RMSF,sdt8-homo-2 / RMSF,RMSF,Residue,278,0.06278774,nm,nm
line,overlay,sdt8-homo-2,sdt8-homo-2,rmsf,r6eaewg6,r6eaewg6::RMSF,sdt8-homo-2 / RMSF,RMSF,Residue,279,0.06168258,nm,nm
line,overlay,sdt8-homo-2,sdt8-homo-2,rmsf,r6eaewg6,r6eaewg6::RMSF,sdt8-homo-2 / RMSF,RMSF,Residue,280,0.050121367,nm,nm
line,overlay,sdt8-homo-2,sdt8-homo-2,rmsf,r6eaewg6,r6eaewg6::RMSF,sdt8-homo-2 / RMSF,RMSF,Residue,281,0.041645832,nm,nm
line,overlay,sdt8-homo-2,sdt8-homo-2,rmsf,r6eaewg6,r6eaewg6::RMSF,sdt8-homo-2 / RMSF,RMSF,Residue,282,0.037127834,nm,nm
line,overlay,sdt8-homo-2,sdt8-homo-2,rmsf,r6eaewg6,r6eaewg6::RMSF,sdt8-homo-2 / RMSF,RMSF,Residue,283,0.0382703,nm,nm
line,overlay,sdt8-homo-2,sdt8-homo-2,rmsf,r6eaewg6,r6eaewg6::RMSF,sdt8-homo-2 / RMSF,RMSF,Residue,284,0.04072393,nm,nm
line,overlay,sdt8-homo-2,sdt8-homo-2,rmsf,r6eaewg6,r6eaewg6::RMSF,sdt8-homo-2 / RMSF,RMSF,Residue,285,0.04386918,nm,nm
line,overlay,sdt8-homo-2,sdt8-homo-2,rmsf,r6eaewg6,r6eaewg6::RMSF,sdt8-homo-2 / RMSF,RMSF,Residue,286,0.053886022,nm,nm
line,overlay,sdt8-homo-2,sdt8-homo-2,rmsf,r6eaewg6,r6eaewg6::RMSF,sdt8-homo-2 / RMSF,RMSF,Residue,287,0.07849997,nm,nm
line,overlay,sdt8-homo-2,sdt8-homo-2,rmsf,r6eaewg6,r6eaewg6::RMSF,sdt8-homo-2 / RMSF,RMSF,Residue,288,0.088199876,nm,nm
line,overlay,sdt8-homo-2,sdt8-homo-2,rmsf,r6eaewg6,r6eaewg6::RMSF,sdt8-homo-2 / RMSF,RMSF,Residue,289,0.05776409,nm,nm
line,overlay,sdt8-homo-2,sdt8-homo-2,rmsf,r6eaewg6,r6eaewg6::RMSF,sdt8-homo-2 / RMSF,RMSF,Residue,290,0.06478373,nm,nm
line,overlay,sdt8-homo-2,sdt8-homo-2,rmsf,r6eaewg6,r6eaewg6::RMSF,sdt8-homo-2 / RMSF,RMSF,Residue,291,0.062220313,nm,nm
line,overlay,sdt8-homo-2,sdt8-homo-2,rmsf,r6eaewg6,r6eaewg6::RMSF,sdt8-homo-2 / RMSF,RMSF,Residue,292,0.06353224,nm,nm
line,overlay,sdt8-homo-2,sdt8-homo-2,rmsf,r6eaewg6,r6eaewg6::RMSF,sdt8-homo-2 / RMSF,RMSF,Residue,293,0.06725705,nm,nm
line,overlay,sdt8-homo-2,sdt8-homo-2,rmsf,r6eaewg6,r6eaewg6::RMSF,sdt8-homo-2 / RMSF,RMSF,Residue,294,0.06564326,nm,nm
line,overlay,sdt8-homo-2,sdt8-homo-2,rmsf,r6eaewg6,r6eaewg6::RMSF,sdt8-homo-2 / RMSF,RMSF,Residue,295,0.054391317,nm,nm
line,overlay,sdt8-homo-2,sdt8-homo-2,rmsf,r6eaewg6,r6eaewg6::RMSF,sdt8-homo-2 / RMSF,RMSF,Residue,296,0.053712264,nm,nm
line,overlay,sdt8-homo-2,sdt8-homo-2,rmsf,r6eaewg6,r6eaewg6::RMSF,sdt8-homo-2 / RMSF,RMSF,Residue,297,0.05847595,nm,nm
line,overlay,sdt8-homo-2,sdt8-homo-2,rmsf,r6eaewg6,r6eaewg6::RMSF,sdt8-homo-2 / RMSF,RMSF,Residue,298,0.0557737,nm,nm
line,overlay,sdt8-homo-2,sdt8-homo-2,rmsf,r6eaewg6,r6eaewg6::RMSF,sdt8-homo-2 / RMSF,RMSF,Residue,299,0.050153095,nm,nm
line,overlay,sdt8-homo-2,sdt8-homo-2,rmsf,r6eaewg6,r6eaewg6::RMSF,sdt8-homo-2 / RMSF,RMSF,Residue,300,0.05308638,nm,nm
line,overlay,sdt8-homo-2,sdt8-homo-2,rmsf,r6eaewg6,r6eaewg6::RMSF,sdt8-homo-2 / RMSF,RMSF,Residue,301,0.057502512,nm,nm
line,overlay,sdt8-homo-2,sdt8-homo-2,rmsf,r6eaewg6,r6eaewg6::RMSF,sdt8-homo-2 / RMSF,RMSF,Residue,302,0.05610293,nm,nm
line,overlay,sdt8-homo-2,sdt8-homo-2,rmsf,r6eaewg6,r6eaewg6::RMSF,sdt8-homo-2 / RMSF,RMSF,Residue,303,0.055329405,nm,nm
line,overlay,sdt8-homo-2,sdt8-homo-2,rmsf,r6eaewg6,r6eaewg6::RMSF,sdt8-homo-2 / RMSF,RMSF,Residue,304,0.06337364,nm,nm
line,overlay,sdt8-homo-2,sdt8-homo-2,rmsf,r6eaewg6,r6eaewg6::RMSF,sdt8-homo-2 / RMSF,RMSF,Residue,305,0.06802131,nm,nm
line,overlay,sdt8-homo-2,sdt8-homo-2,rmsf,r6eaewg6,r6eaewg6::RMSF,sdt8-homo-2 / RMSF,RMSF,Residue,306,0.06477002,nm,nm
line,overlay,sdt8-homo-2,sdt8-homo-2,rmsf,r6eaewg6,r6eaewg6::RMSF,sdt8-homo-2 / RMSF,RMSF,Residue,307,0.066600725,nm,nm
line,overlay,sdt8-homo-2,sdt8-homo-2,rmsf,r6eaewg6,r6eaewg6::RMSF,sdt8-homo-2 / RMSF,RMSF,Residue,308,0.05686382,nm,nm
line,overlay,sdt8-homo-2,sdt8-homo-2,rmsf,r6eaewg6,r6eaewg6::RMSF,sdt8-homo-2 / RMSF,RMSF,Residue,309,0.054913227,nm,nm
line,overlay,sdt8-homo-2,sdt8-homo-2,rmsf,r6eaewg6,r6eaewg6::RMSF,sdt8-homo-2 / RMSF,RMSF,Residue,310,0.047215305,nm,nm
line,overlay,sdt8-homo-2,sdt8-homo-2,rmsf,r6eaewg6,r6eaewg6::RMSF,sdt8-homo-2 / RMSF,RMSF,Residue,311,0.04411859,nm,nm
line,overlay,sdt8-homo-2,sdt8-homo-2,rmsf,r6eaewg6,r6eaewg6::RMSF,sdt8-homo-2 / RMSF,RMSF,Residue,312,0.044880923,nm,nm
line,overlay,sdt8-homo-2,sdt8-homo-2,rmsf,r6eaewg6,r6eaewg6::RMSF,sdt8-homo-2 / RMSF,RMSF,Residue,313,0.051798537,nm,nm
line,overlay,sdt8-homo-2,sdt8-homo-2,rmsf,r6eaewg6,r6eaewg6::RMSF,sdt8-homo-2 / RMSF,RMSF,Residue,314,0.07767681,nm,nm
line,overlay,sdt8-homo-2,sdt8-homo-2,rmsf,r6eaewg6,r6eaewg6::RMSF,sdt8-homo-2 / RMSF,RMSF,Residue,315,0.14306338,nm,nm
line,overlay,sdt8-homo-2,sdt8-homo-2,rmsf,r6eaewg6,r6eaewg6::RMSF,sdt8-homo-2 / RMSF,RMSF,Residue,316,0.25741667,nm,nm
line,overlay,sdt8-homo-2,sdt8-homo-2,rmsf,r6eaewg6,r6eaewg6::RMSF,sdt8-homo-2 / RMSF,RMSF,Residue,317,0.32185012,nm,nm
line,overlay,sdt8-homo-2,sdt8-homo-2,rmsf,r6eaewg6,r6eaewg6::RMSF,sdt8-homo-2 / RMSF,RMSF,Residue,318,0.27018806,nm,nm
line,overlay,sdt8-homo-2,sdt8-homo-2,rmsf,r6eaewg6,r6eaewg6::RMSF,sdt8-homo-2 / RMSF,RMSF,Residue,319,0.29619664,nm,nm
line,overlay,sdt8-homo-2,sdt8-homo-2,rmsf,r6eaewg6,r6eaewg6::RMSF,sdt8-homo-2 / RMSF,RMSF,Residue,320,0.25093457,nm,nm
line,overlay,sdt8-homo-2,sdt8-homo-2,rmsf,r6eaewg6,r6eaewg6::RMSF,sdt8-homo-2 / RMSF,RMSF,Residue,321,0.20483385,nm,nm
line,overlay,sdt8-homo-2,sdt8-homo-2,rmsf,r6eaewg6,r6eaewg6::RMSF,sdt8-homo-2 / RMSF,RMSF,Residue,322,0.16871451,nm,nm
line,overlay,sdt8-homo-2,sdt8-homo-2,rmsf,r6eaewg6,r6eaewg6::RMSF,sdt8-homo-2 / RMSF,RMSF,Residue,323,0.13857251,nm,nm
line,overlay,sdt8-homo-2,sdt8-homo-2,rmsf,r6eaewg6,r6eaewg6::RMSF,sdt8-homo-2 / RMSF,RMSF,Residue,324,0.09267349,nm,nm
line,overlay,sdt8-homo-2,sdt8-homo-2,rmsf,r6eaewg6,r6eaewg6::RMSF,sdt8-homo-2 / RMSF,RMSF,Residue,325,0.10109027,nm,nm
line,overlay,sdt8-homo-2,sdt8-homo-2,rmsf,r6eaewg6,r6eaewg6::RMSF,sdt8-homo-2 / RMSF,RMSF,Residue,326,0.12354059,nm,nm
line,overlay,sdt8-homo-2,sdt8-homo-2,rmsf,r6eaewg6,r6eaewg6::RMSF,sdt8-homo-2 / RMSF,RMSF,Residue,327,0.11488079,nm,nm
line,overlay,sdt8-homo-2,sdt8-homo-2,rmsf,r6eaewg6,r6eaewg6::RMSF,sdt8-homo-2 / RMSF,RMSF,Residue,328,0.085101455,nm,nm
line,overlay,sdt8-homo-2,sdt8-homo-2,rmsf,r6eaewg6,r6eaewg6::RMSF,sdt8-homo-2 / RMSF,RMSF,Residue,329,0.08426634,nm,nm
line,overlay,sdt8-homo-2,sdt8-homo-2,rmsf,r6eaewg6,r6eaewg6::RMSF,sdt8-homo-2 / RMSF,RMSF,Residue,330,0.10645836,nm,nm
line,overlay,sdt8-homo-2,sdt8-homo-2,rmsf,r6eaewg6,r6eaewg6::RMSF,sdt8-homo-2 / RMSF,RMSF,Residue,331,0.09746037,nm,nm
line,overlay,sdt8-homo-2,sdt8-homo-2,rmsf,r6eaewg6,r6eaewg6::RMSF,sdt8-homo-2 / RMSF,RMSF,Residue,332,0.07814689,nm,nm
line,overlay,sdt8-homo-2,sdt8-homo-2,rmsf,r6eaewg6,r6eaewg6::RMSF,sdt8-homo-2 / RMSF,RMSF,Residue,333,0.09071656,nm,nm
line,overlay,sdt8-homo-2,sdt8-homo-2,rmsf,r6eaewg6,r6eaewg6::RMSF,sdt8-homo-2 / RMSF,RMSF,Residue,334,0.095386505,nm,nm
line,overlay,sdt8-homo-2,sdt8-homo-2,rmsf,r6eaewg6,r6eaewg6::RMSF,sdt8-homo-2 / RMSF,RMSF,Residue,335,0.07319137,nm,nm
line,overlay,sdt8-homo-2,sdt8-homo-2,rmsf,r6eaewg6,r6eaewg6::RMSF,sdt8-homo-2 / RMSF,RMSF,Residue,336,0.064871535,nm,nm
line,overlay,sdt8-homo-2,sdt8-homo-2,rmsf,r6eaewg6,r6eaewg6::RMSF,sdt8-homo-2 / RMSF,RMSF,Residue,337,0.06962587,nm,nm
line,overlay,sdt8-homo-2,sdt8-homo-2,rmsf,r6eaewg6,r6eaewg6::RMSF,sdt8-homo-2 / RMSF,RMSF,Residue,338,0.06278018,nm,nm
line,overlay,sdt8-homo-2,sdt8-homo-2,rmsf,r6eaewg6,r6eaewg6::RMSF,sdt8-homo-2 / RMSF,RMSF,Residue,339,0.06409053,nm,nm
line,overlay,sdt8-homo-2,sdt8-homo-2,rmsf,r6eaewg6,r6eaewg6::RMSF,sdt8-homo-2 / RMSF,RMSF,Residue,340,0.0684454,nm,nm
line,overlay,sdt8-homo-2,sdt8-homo-2,rmsf,r6eaewg6,r6eaewg6::RMSF,sdt8-homo-2 / RMSF,RMSF,Residue,341,0.07768483,nm,nm
line,overlay,sdt8-homo-2,sdt8-homo-2,rmsf,r6eaewg6,r6eaewg6::RMSF,sdt8-homo-2 / RMSF,RMSF,Residue,342,0.07685424,nm,nm
line,overlay,sdt8-homo-2,sdt8-homo-2,rmsf,r6eaewg6,r6eaewg6::RMSF,sdt8-homo-2 / RMSF,RMSF,Residue,343,0.06775747,nm,nm
line,overlay,sdt8-homo-2,sdt8-homo-2,rmsf,r6eaewg6,r6eaewg6::RMSF,sdt8-homo-2 / RMSF,RMSF,Residue,344,0.048768573,nm,nm
line,overlay,sdt8-homo-2,sdt8-homo-2,rmsf,r6eaewg6,r6eaewg6::RMSF,sdt8-homo-2 / RMSF,RMSF,Residue,345,0.044574693,nm,nm
line,overlay,sdt8-homo-2,sdt8-homo-2,rmsf,r6eaewg6,r6eaewg6::RMSF,sdt8-homo-2 / RMSF,RMSF,Residue,346,0.048763577,nm,nm
line,overlay,sdt8-homo-2,sdt8-homo-2,rmsf,r6eaewg6,r6eaewg6::RMSF,sdt8-homo-2 / RMSF,RMSF,Residue,347,0.053787943,nm,nm
line,overlay,sdt8-homo-2,sdt8-homo-2,rmsf,r6eaewg6,r6eaewg6::RMSF,sdt8-homo-2 / RMSF,RMSF,Residue,348,0.050514728,nm,nm
line,overlay,sdt8-homo-2,sdt8-homo-2,rmsf,r6eaewg6,r6eaewg6::RMSF,sdt8-homo-2 / RMSF,RMSF,Residue,349,0.053631067,nm,nm
line,overlay,sdt8-homo-2,sdt8-homo-2,rmsf,r6eaewg6,r6eaewg6::RMSF,sdt8-homo-2 / RMSF,RMSF,Residue,350,0.075513355,nm,nm
line,overlay,sdt8-homo-2,sdt8-homo-2,rmsf,r6eaewg6,r6eaewg6::RMSF,sdt8-homo-2 / RMSF,RMSF,Residue,351,0.078006834,nm,nm
line,overlay,sdt8-homo-2,sdt8-homo-2,rmsf,r6eaewg6,r6eaewg6::RMSF,sdt8-homo-2 / RMSF,RMSF,Residue,352,0.07414985,nm,nm
line,overlay,sdt8-homo-2,sdt8-homo-2,rmsf,r6eaewg6,r6eaewg6::RMSF,sdt8-homo-2 / RMSF,RMSF,Residue,353,0.06271226,nm,nm
line,overlay,sdt8-homo-2,sdt8-homo-2,rmsf,r6eaewg6,r6eaewg6::RMSF,sdt8-homo-2 / RMSF,RMSF,Residue,354,0.04898647,nm,nm
line,overlay,sdt8-homo-2,sdt8-homo-2,rmsf,r6eaewg6,r6eaewg6::RMSF,sdt8-homo-2 / RMSF,RMSF,Residue,355,0.04809127,nm,nm
line,overlay,sdt8-homo-2,sdt8-homo-2,rmsf,r6eaewg6,r6eaewg6::RMSF,sdt8-homo-2 / RMSF,RMSF,Residue,356,0.04379288,nm,nm
line,overlay,sdt8-homo-2,sdt8-homo-2,rmsf,r6eaewg6,r6eaewg6::RMSF,sdt8-homo-2 / RMSF,RMSF,Residue,357,0.03698476,nm,nm
line,overlay,sdt8-homo-2,sdt8-homo-2,rmsf,r6eaewg6,r6eaewg6::RMSF,sdt8-homo-2 / RMSF,RMSF,Residue,358,0.037717998,nm,nm
line,overlay,sdt8-homo-2,sdt8-homo-2,rmsf,r6eaewg6,r6eaewg6::RMSF,sdt8-homo-2 / RMSF,RMSF,Residue,359,0.044753205,nm,nm
line,overlay,sdt8-homo-2,sdt8-homo-2,rmsf,r6eaewg6,r6eaewg6::RMSF,sdt8-homo-2 / RMSF,RMSF,Residue,360,0.042209275,nm,nm
line,overlay,sdt8-homo-2,sdt8-homo-2,rmsf,r6eaewg6,r6eaewg6::RMSF,sdt8-homo-2 / RMSF,RMSF,Residue,361,0.044896238,nm,nm
line,overlay,sdt8-homo-2,sdt8-homo-2,rmsf,r6eaewg6,r6eaewg6::RMSF,sdt8-homo-2 / RMSF,RMSF,Residue,362,0.045933917,nm,nm
line,overlay,sdt8-homo-2,sdt8-homo-2,rmsf,r6eaewg6,r6eaewg6::RMSF,sdt8-homo-2 / RMSF,RMSF,Residue,363,0.045932613,nm,nm
line,overlay,sdt8-homo-2,sdt8-homo-2,rmsf,r6eaewg6,r6eaewg6::RMSF,sdt8-homo-2 / RMSF,RMSF,Residue,364,0.044505,nm,nm
line,overlay,sdt8-homo-2,sdt8-homo-2,rmsf,r6eaewg6,r6eaewg6::RMSF,sdt8-homo-2 / RMSF,RMSF,Residue,365,0.041600853,nm,nm
line,overlay,sdt8-homo-2,sdt8-homo-2,rmsf,r6eaewg6,r6eaewg6::RMSF,sdt8-homo-2 / RMSF,RMSF,Residue,366,0.040629134,nm,nm
line,overlay,sdt8-homo-2,sdt8-homo-2,rmsf,r6eaewg6,r6eaewg6::RMSF,sdt8-homo-2 / RMSF,RMSF,Residue,367,0.04045179,nm,nm
line,overlay,sdt8-homo-2,sdt8-homo-2,rmsf,r6eaewg6,r6eaewg6::RMSF,sdt8-homo-2 / RMSF,RMSF,Residue,368,0.042128757,nm,nm
line,overlay,sdt8-homo-2,sdt8-homo-2,rmsf,r6eaewg6,r6eaewg6::RMSF,sdt8-homo-2 / RMSF,RMSF,Residue,369,0.045640144,nm,nm
line,overlay,sdt8-homo-2,sdt8-homo-2,rmsf,r6eaewg6,r6eaewg6::RMSF,sdt8-homo-2 / RMSF,RMSF,Residue,370,0.045750037,nm,nm
line,overlay,sdt8-homo-2,sdt8-homo-2,rmsf,r6eaewg6,r6eaewg6::RMSF,sdt8-homo-2 / RMSF,RMSF,Residue,371,0.05087996,nm,nm
line,overlay,sdt8-homo-2,sdt8-homo-2,rmsf,r6eaewg6,r6eaewg6::RMSF,sdt8-homo-2 / RMSF,RMSF,Residue,372,0.053201012,nm,nm
line,overlay,sdt8-homo-2,sdt8-homo-2,rmsf,r6eaewg6,r6eaewg6::RMSF,sdt8-homo-2 / RMSF,RMSF,Residue,373,0.05114161,nm,nm
line,overlay,sdt8-homo-2,sdt8-homo-2,rmsf,r6eaewg6,r6eaewg6::RMSF,sdt8-homo-2 / RMSF,RMSF,Residue,374,0.044802908,nm,nm
line,overlay,sdt8-homo-2,sdt8-homo-2,rmsf,r6eaewg6,r6eaewg6::RMSF,sdt8-homo-2 / RMSF,RMSF,Residue,375,0.043773007,nm,nm
line,overlay,sdt8-homo-2,sdt8-homo-2,rmsf,r6eaewg6,r6eaewg6::RMSF,sdt8-homo-2 / RMSF,RMSF,Residue,376,0.04184367,nm,nm
line,overlay,sdt8-homo-2,sdt8-homo-2,rmsf,r6eaewg6,r6eaewg6::RMSF,sdt8-homo-2 / RMSF,RMSF,Residue,377,0.036999032,nm,nm
line,overlay,sdt8-homo-2,sdt8-homo-2,rmsf,r6eaewg6,r6eaewg6::RMSF,sdt8-homo-2 / RMSF,RMSF,Residue,378,0.038533103,nm,nm
line,overlay,sdt8-homo-2,sdt8-homo-2,rmsf,r6eaewg6,r6eaewg6::RMSF,sdt8-homo-2 / RMSF,RMSF,Residue,379,0.03927452,nm,nm
line,overlay,sdt8-homo-2,sdt8-homo-2,rmsf,r6eaewg6,r6eaewg6::RMSF,sdt8-homo-2 / RMSF,RMSF,Residue,380,0.04324799,nm,nm
line,overlay,sdt8-homo-2,sdt8-homo-2,rmsf,r6eaewg6,r6eaewg6::RMSF,sdt8-homo-2 / RMSF,RMSF,Residue,381,0.057664827,nm,nm
line,overlay,sdt8-homo-2,sdt8-homo-2,rmsf,r6eaewg6,r6eaewg6::RMSF,sdt8-homo-2 / RMSF,RMSF,Residue,382,0.06669864,nm,nm
line,overlay,sdt8-homo-2,sdt8-homo-2,rmsf,r6eaewg6,r6eaewg6::RMSF,sdt8-homo-2 / RMSF,RMSF,Residue,383,0.06471044,nm,nm
line,overlay,sdt8-homo-2,sdt8-homo-2,rmsf,r6eaewg6,r6eaewg6::RMSF,sdt8-homo-2 / RMSF,RMSF,Residue,384,0.055498607,nm,nm
line,overlay,sdt8-homo-2,sdt8-homo-2,rmsf,r6eaewg6,r6eaewg6::RMSF,sdt8-homo-2 / RMSF,RMSF,Residue,385,0.043246552,nm,nm
line,overlay,sdt8-homo-2,sdt8-homo-2,rmsf,r6eaewg6,r6eaewg6::RMSF,sdt8-homo-2 / RMSF,RMSF,Residue,386,0.045164924,nm,nm
line,overlay,sdt8-homo-2,sdt8-homo-2,rmsf,r6eaewg6,r6eaewg6::RMSF,sdt8-homo-2 / RMSF,RMSF,Residue,387,0.04694521,nm,nm
line,overlay,sdt8-homo-2,sdt8-homo-2,rmsf,r6eaewg6,r6eaewg6::RMSF,sdt8-homo-2 / RMSF,RMSF,Residue,388,0.045430683,nm,nm
line,overlay,sdt8-homo-2,sdt8-homo-2,rmsf,r6eaewg6,r6eaewg6::RMSF,sdt8-homo-2 / RMSF,RMSF,Residue,389,0.04262285,nm,nm
line,overlay,sdt8-homo-2,sdt8-homo-2,rmsf,r6eaewg6,r6eaewg6::RMSF,sdt8-homo-2 / RMSF,RMSF,Residue,390,0.047058396,nm,nm
line,overlay,sdt8-homo-2,sdt8-homo-2,rmsf,r6eaewg6,r6eaewg6::RMSF,sdt8-homo-2 / RMSF,RMSF,Residue,391,0.04901442,nm,nm
line,overlay,sdt8-homo-2,sdt8-homo-2,rmsf,r6eaewg6,r6eaewg6::RMSF,sdt8-homo-2 / RMSF,RMSF,Residue,392,0.04412062,nm,nm
line,overlay,sdt8-homo-2,sdt8-homo-2,rmsf,r6eaewg6,r6eaewg6::RMSF,sdt8-homo-2 / RMSF,RMSF,Residue,393,0.04808263,nm,nm
line,overlay,sdt8-homo-2,sdt8-homo-2,rmsf,r6eaewg6,r6eaewg6::RMSF,sdt8-homo-2 / RMSF,RMSF,Residue,394,0.06048658,nm,nm
line,overlay,sdt8-homo-2,sdt8-homo-2,rmsf,r6eaewg6,r6eaewg6::RMSF,sdt8-homo-2 / RMSF,RMSF,Residue,395,0.060215246,nm,nm
line,overlay,sdt8-homo-2,sdt8-homo-2,rmsf,r6eaewg6,r6eaewg6::RMSF,sdt8-homo-2 / RMSF,RMSF,Residue,396,0.054799944,nm,nm
line,overlay,sdt8-homo-2,sdt8-homo-2,rmsf,r6eaewg6,r6eaewg6::RMSF,sdt8-homo-2 / RMSF,RMSF,Residue,397,0.055635482,nm,nm
line,overlay,sdt8-homo-2,sdt8-homo-2,rmsf,r6eaewg6,r6eaewg6::RMSF,sdt8-homo-2 / RMSF,RMSF,Residue,398,0.05004961,nm,nm
line,overlay,sdt8-homo-2,sdt8-homo-2,rmsf,r6eaewg6,r6eaewg6::RMSF,sdt8-homo-2 / RMSF,RMSF,Residue,399,0.04994917,nm,nm
line,overlay,sdt8-homo-2,sdt8-homo-2,rmsf,r6eaewg6,r6eaewg6::RMSF,sdt8-homo-2 / RMSF,RMSF,Residue,400,0.05129755,nm,nm
line,overlay,sdt8-homo-2,sdt8-homo-2,rmsf,r6eaewg6,r6eaewg6::RMSF,sdt8-homo-2 / RMSF,RMSF,Residue,401,0.047709998,nm,nm
line,overlay,sdt8-homo-2,sdt8-homo-2,rmsf,r6eaewg6,r6eaewg6::RMSF,sdt8-homo-2 / RMSF,RMSF,Residue,402,0.059643485,nm,nm
line,overlay,sdt8-homo-2,sdt8-homo-2,rmsf,r6eaewg6,r6eaewg6::RMSF,sdt8-homo-2 / RMSF,RMSF,Residue,403,0.08103724,nm,nm
line,overlay,sdt8-homo-2,sdt8-homo-2,rmsf,r6eaewg6,r6eaewg6::RMSF,sdt8-homo-2 / RMSF,RMSF,Residue,404,0.066129014,nm,nm
line,overlay,sdt8-homo-2,sdt8-homo-2,rmsf,r6eaewg6,r6eaewg6::RMSF,sdt8-homo-2 / RMSF,RMSF,Residue,405,0.1334104,nm,nm
line,overlay,sdt8-homo-2,sdt8-homo-2,rmsf,r6eaewg6,r6eaewg6::RMSF,sdt8-homo-2 / RMSF,RMSF,Residue,406,0.09929313,nm,nm
line,overlay,sdt8-homo-2,sdt8-homo-2,rmsf,r6eaewg6,r6eaewg6::RMSF,sdt8-homo-2 / RMSF,RMSF,Residue,407,0.08459659,nm,nm
line,overlay,sdt8-homo-2,sdt8-homo-2,rmsf,r6eaewg6,r6eaewg6::RMSF,sdt8-homo-2 / RMSF,RMSF,Residue,408,0.090850264,nm,nm
line,overlay,sdt8-homo-2,sdt8-homo-2,rmsf,r6eaewg6,r6eaewg6::RMSF,sdt8-homo-2 / RMSF,RMSF,Residue,409,0.08223323,nm,nm
line,overlay,sdt8-homo-2,sdt8-homo-2,rmsf,r6eaewg6,r6eaewg6::RMSF,sdt8-homo-2 / RMSF,RMSF,Residue,410,0.07979631,nm,nm
line,overlay,sdt8-homo-2,sdt8-homo-2,rmsf,r6eaewg6,r6eaewg6::RMSF,sdt8-homo-2 / RMSF,RMSF,Residue,411,0.07307126,nm,nm
line,overlay,sdt8-homo-2,sdt8-homo-2,rmsf,r6eaewg6,r6eaewg6::RMSF,sdt8-homo-2 / RMSF,RMSF,Residue,412,0.07297288,nm,nm
line,overlay,sdt8-homo-2,sdt8-homo-2,rmsf,r6eaewg6,r6eaewg6::RMSF,sdt8-homo-2 / RMSF,RMSF,Residue,413,0.069048636,nm,nm
line,overlay,sdt8-homo-2,sdt8-homo-2,rmsf,r6eaewg6,r6eaewg6::RMSF,sdt8-homo-2 / RMSF,RMSF,Residue,414,0.08933374,nm,nm
line,overlay,sdt8-homo-2,sdt8-homo-2,rmsf,r6eaewg6,r6eaewg6::RMSF,sdt8-homo-2 / RMSF,RMSF,Residue,415,0.06675292,nm,nm
line,overlay,sdt8-homo-2,sdt8-homo-2,rmsf,r6eaewg6,r6eaewg6::RMSF,sdt8-homo-2 / RMSF,RMSF,Residue,416,0.068782754,nm,nm
line,overlay,sdt8-homo-2,sdt8-homo-2,rmsf,r6eaewg6,r6eaewg6::RMSF,sdt8-homo-2 / RMSF,RMSF,Residue,417,0.06027062,nm,nm
line,overlay,sdt8-homo-2,sdt8-homo-2,rmsf,r6eaewg6,r6eaewg6::RMSF,sdt8-homo-2 / RMSF,RMSF,Residue,418,0.06799868,nm,nm
line,overlay,sdt8-homo-2,sdt8-homo-2,rmsf,r6eaewg6,r6eaewg6::RMSF,sdt8-homo-2 / RMSF,RMSF,Residue,419,0.063612275,nm,nm
line,overlay,sdt8-homo-2,sdt8-homo-2,rmsf,r6eaewg6,r6eaewg6::RMSF,sdt8-homo-2 / RMSF,RMSF,Residue,420,0.055633593,nm,nm
line,overlay,sdt8-homo-2,sdt8-homo-2,rmsf,r6eaewg6,r6eaewg6::RMSF,sdt8-homo-2 / RMSF,RMSF,Residue,421,0.058050357,nm,nm
line,overlay,sdt8-homo-2,sdt8-homo-2,rmsf,r6eaewg6,r6eaewg6::RMSF,sdt8-homo-2 / RMSF,RMSF,Residue,422,0.059480414,nm,nm
line,overlay,sdt8-homo-2,sdt8-homo-2,rmsf,r6eaewg6,r6eaewg6::RMSF,sdt8-homo-2 / RMSF,RMSF,Residue,423,0.055070527,nm,nm
line,overlay,sdt8-homo-2,sdt8-homo-2,rmsf,r6eaewg6,r6eaewg6::RMSF,sdt8-homo-2 / RMSF,RMSF,Residue,424,0.051724028,nm,nm
line,overlay,sdt8-homo-2,sdt8-homo-2,rmsf,r6eaewg6,r6eaewg6::RMSF,sdt8-homo-2 / RMSF,RMSF,Residue,425,0.056241408,nm,nm
line,overlay,sdt8-homo-2,sdt8-homo-2,rmsf,r6eaewg6,r6eaewg6::RMSF,sdt8-homo-2 / RMSF,RMSF,Residue,426,0.05838335,nm,nm
line,overlay,sdt8-homo-2,sdt8-homo-2,rmsf,r6eaewg6,r6eaewg6::RMSF,sdt8-homo-2 / RMSF,RMSF,Residue,427,0.054334003,nm,nm
line,overlay,sdt8-homo-2,sdt8-homo-2,rmsf,r6eaewg6,r6eaewg6::RMSF,sdt8-homo-2 / RMSF,RMSF,Residue,428,0.053958073,nm,nm
line,overlay,sdt8-homo-2,sdt8-homo-2,rmsf,r6eaewg6,r6eaewg6::RMSF,sdt8-homo-2 / RMSF,RMSF,Residue,429,0.075202905,nm,nm
line,overlay,sdt8-homo-2,sdt8-homo-2,rmsf,r6eaewg6,r6eaewg6::RMSF,sdt8-homo-2 / RMSF,RMSF,Residue,430,0.07320507,nm,nm
line,overlay,sdt8-homo-2,sdt8-homo-2,rmsf,r6eaewg6,r6eaewg6::RMSF,sdt8-homo-2 / RMSF,RMSF,Residue,431,0.10591962,nm,nm
line,overlay,sdt8-homo-2,sdt8-homo-2,rmsf,r6eaewg6,r6eaewg6::RMSF,sdt8-homo-2 / RMSF,RMSF,Residue,432,0.106930465,nm,nm
line,overlay,sdt8-homo-2,sdt8-homo-2,rmsf,r6eaewg6,r6eaewg6::RMSF,sdt8-homo-2 / RMSF,RMSF,Residue,433,0.07067617,nm,nm
line,overlay,sdt8-homo-2,sdt8-homo-2,rmsf,r6eaewg6,r6eaewg6::RMSF,sdt8-homo-2 / RMSF,RMSF,Residue,434,0.07736687,nm,nm
line,overlay,sdt8-homo-2,sdt8-homo-2,rmsf,r6eaewg6,r6eaewg6::RMSF,sdt8-homo-2 / RMSF,RMSF,Residue,435,0.08196124,nm,nm
line,overlay,sdt8-homo-2,sdt8-homo-2,rmsf,r6eaewg6,r6eaewg6::RMSF,sdt8-homo-2 / RMSF,RMSF,Residue,436,0.062289678,nm,nm
line,overlay,sdt8-homo-2,sdt8-homo-2,rmsf,r6eaewg6,r6eaewg6::RMSF,sdt8-homo-2 / RMSF,RMSF,Residue,437,0.055016585,nm,nm
line,overlay,sdt8-homo-2,sdt8-homo-2,rmsf,r6eaewg6,r6eaewg6::RMSF,sdt8-homo-2 / RMSF,RMSF,Residue,438,0.069228545,nm,nm
line,overlay,sdt8-homo-2,sdt8-homo-2,rmsf,r6eaewg6,r6eaewg6::RMSF,sdt8-homo-2 / RMSF,RMSF,Residue,439,0.06601523,nm,nm
line,overlay,sdt8-homo-2,sdt8-homo-2,rmsf,r6eaewg6,r6eaewg6::RMSF,sdt8-homo-2 / RMSF,RMSF,Residue,440,0.055005364,nm,nm
line,overlay,sdt8-homo-2,sdt8-homo-2,rmsf,r6eaewg6,r6eaewg6::RMSF,sdt8-homo-2 / RMSF,RMSF,Residue,441,0.058723535,nm,nm
line,overlay,sdt8-homo-2,sdt8-homo-2,rmsf,r6eaewg6,r6eaewg6::RMSF,sdt8-homo-2 / RMSF,RMSF,Residue,442,0.06058359,nm,nm
line,overlay,sdt8-homo-2,sdt8-homo-2,rmsf,r6eaewg6,r6eaewg6::RMSF,sdt8-homo-2 / RMSF,RMSF,Residue,443,0.053566687,nm,nm
line,overlay,sdt8-homo-2,sdt8-homo-2,rmsf,r6eaewg6,r6eaewg6::RMSF,sdt8-homo-2 / RMSF,RMSF,Residue,444,0.05444495,nm,nm
line,overlay,sdt8-homo-2,sdt8-homo-2,rmsf,r6eaewg6,r6eaewg6::RMSF,sdt8-homo-2 / RMSF,RMSF,Residue,445,0.059899256,nm,nm
line,overlay,sdt8-homo-2,sdt8-homo-2,rmsf,r6eaewg6,r6eaewg6::RMSF,sdt8-homo-2 / RMSF,RMSF,Residue,446,0.05383189,nm,nm
line,overlay,sdt8-homo-2,sdt8-homo-2,rmsf,r6eaewg6,r6eaewg6::RMSF,sdt8-homo-2 / RMSF,RMSF,Residue,447,0.053765453,nm,nm
line,overlay,sdt8-homo-2,sdt8-homo-2,rmsf,r6eaewg6,r6eaewg6::RMSF,sdt8-homo-2 / RMSF,RMSF,Residue,448,0.07152367,nm,nm
line,overlay,sdt8-homo-2,sdt8-homo-2,rmsf,r6eaewg6,r6eaewg6::RMSF,sdt8-homo-2 / RMSF,RMSF,Residue,449,0.070824936,nm,nm
line,overlay,sdt8-homo-2,sdt8-homo-2,rmsf,r6eaewg6,r6eaewg6::RMSF,sdt8-homo-2 / RMSF,RMSF,Residue,450,0.057740107,nm,nm
line,overlay,sdt8-homo-2,sdt8-homo-2,rmsf,r6eaewg6,r6eaewg6::RMSF,sdt8-homo-2 / RMSF,RMSF,Residue,451,0.07023887,nm,nm
line,overlay,sdt8-homo-2,sdt8-homo-2,rmsf,r6eaewg6,r6eaewg6::RMSF,sdt8-homo-2 / RMSF,RMSF,Residue,452,0.08742764,nm,nm
line,overlay,sdt8-homo-2,sdt8-homo-2,rmsf,r6eaewg6,r6eaewg6::RMSF,sdt8-homo-2 / RMSF,RMSF,Residue,453,0.12180985,nm,nm
line,overlay,sdt8-homo-2,sdt8-homo-2,rmsf,r6eaewg6,r6eaewg6::RMSF,sdt8-homo-2 / RMSF,RMSF,Residue,454,0.10122783,nm,nm
line,overlay,sdt8-homo-2,sdt8-homo-2,rmsf,r6eaewg6,r6eaewg6::RMSF,sdt8-homo-2 / RMSF,RMSF,Residue,455,0.072614096,nm,nm
line,overlay,sdt8-homo-2,sdt8-homo-2,rmsf,r6eaewg6,r6eaewg6::RMSF,sdt8-homo-2 / RMSF,RMSF,Residue,456,0.06004952,nm,nm
line,overlay,sdt8-homo-2,sdt8-homo-2,rmsf,r6eaewg6,r6eaewg6::RMSF,sdt8-homo-2 / RMSF,RMSF,Residue,457,0.052243825,nm,nm
line,overlay,sdt8-homo-2,sdt8-homo-2,rmsf,r6eaewg6,r6eaewg6::RMSF,sdt8-homo-2 / RMSF,RMSF,Residue,458,0.06820075,nm,nm
line,overlay,sdt8-homo-2,sdt8-homo-2,rmsf,r6eaewg6,r6eaewg6::RMSF,sdt8-homo-2 / RMSF,RMSF,Residue,459,0.071378805,nm,nm
line,overlay,sdt8-homo-2,sdt8-homo-2,rmsf,r6eaewg6,r6eaewg6::RMSF,sdt8-homo-2 / RMSF,RMSF,Residue,460,0.065806635,nm,nm
line,overlay,sdt8-homo-2,sdt8-homo-2,rmsf,r6eaewg6,r6eaewg6::RMSF,sdt8-homo-2 / RMSF,RMSF,Residue,461,0.06330517,nm,nm
line,overlay,sdt8-homo-2,sdt8-homo-2,rmsf,r6eaewg6,r6eaewg6::RMSF,sdt8-homo-2 / RMSF,RMSF,Residue,462,0.071692765,nm,nm
line,overlay,sdt8-homo-2,sdt8-homo-2,rmsf,r6eaewg6,r6eaewg6::RMSF,sdt8-homo-2 / RMSF,RMSF,Residue,463,0.06815904,nm,nm
line,overlay,sdt8-homo-2,sdt8-homo-2,rmsf,r6eaewg6,r6eaewg6::RMSF,sdt8-homo-2 / RMSF,RMSF,Residue,464,0.059267204,nm,nm
line,overlay,sdt8-homo-2,sdt8-homo-2,rmsf,r6eaewg6,r6eaewg6::RMSF,sdt8-homo-2 / RMSF,RMSF,Residue,465,0.06219856,nm,nm
line,overlay,sdt8-homo-2,sdt8-homo-2,rmsf,r6eaewg6,r6eaewg6::RMSF,sdt8-homo-2 / RMSF,RMSF,Residue,466,0.06979655,nm,nm
line,overlay,sdt8-homo-2,sdt8-homo-2,rmsf,r6eaewg6,r6eaewg6::RMSF,sdt8-homo-2 / RMSF,RMSF,Residue,467,0.07006567,nm,nm
line,overlay,sdt8-homo-2,sdt8-homo-2,rmsf,r6eaewg6,r6eaewg6::RMSF,sdt8-homo-2 / RMSF,RMSF,Residue,468,0.06227759,nm,nm
line,overlay,sdt8-homo-2,sdt8-homo-2,rmsf,r6eaewg6,r6eaewg6::RMSF,sdt8-homo-2 / RMSF,RMSF,Residue,469,0.075153634,nm,nm
line,overlay,sdt8-homo-2,sdt8-homo-2,rmsf,r6eaewg6,r6eaewg6::RMSF,sdt8-homo-2 / RMSF,RMSF,Residue,470,0.088321015,nm,nm
line,overlay,sdt8-homo-2,sdt8-homo-2,rmsf,r6eaewg6,r6eaewg6::RMSF,sdt8-homo-2 / RMSF,RMSF,Residue,471,0.08502521,nm,nm
line,overlay,sdt8-homo-2,sdt8-homo-2,rmsf,r6eaewg6,r6eaewg6::RMSF,sdt8-homo-2 / RMSF,RMSF,Residue,472,0.085187815,nm,nm
line,overlay,sdt8-homo-2,sdt8-homo-2,rmsf,r6eaewg6,r6eaewg6::RMSF,sdt8-homo-2 / RMSF,RMSF,Residue,473,0.115830265,nm,nm
line,overlay,sdt8-homo-2,sdt8-homo-2,rmsf,r6eaewg6,r6eaewg6::RMSF,sdt8-homo-2 / RMSF,RMSF,Residue,474,0.40030932,nm,nm
line,overlay,sdt8-homo-2,sdt8-homo-2,rmsf,r6eaewg6,r6eaewg6::RMSF,sdt8-homo-2 / RMSF,RMSF,Residue,475,0.6107956,nm,nm
line,overlay,sdt8-homo-2,sdt8-homo-2,rmsf,r6eaewg6,r6eaewg6::RMSF,sdt8-homo-2 / RMSF,RMSF,Residue,476,0.7244981,nm,nm
line,overlay,sdt8-homo-3,sdt8-homo-3,rmsf,g31zk0d8,g31zk0d8::RMSF,sdt8-homo-3 / RMSF,RMSF,Residue,1,0.46787503,nm,nm
line,overlay,sdt8-homo-3,sdt8-homo-3,rmsf,g31zk0d8,g31zk0d8::RMSF,sdt8-homo-3 / RMSF,RMSF,Residue,2,0.319346,nm,nm
line,overlay,sdt8-homo-3,sdt8-homo-3,rmsf,g31zk0d8,g31zk0d8::RMSF,sdt8-homo-3 / RMSF,RMSF,Residue,3,0.14061958,nm,nm
line,overlay,sdt8-homo-3,sdt8-homo-3,rmsf,g31zk0d8,g31zk0d8::RMSF,sdt8-homo-3 / RMSF,RMSF,Residue,4,0.07439819,nm,nm
line,overlay,sdt8-homo-3,sdt8-homo-3,rmsf,g31zk0d8,g31zk0d8::RMSF,sdt8-homo-3 / RMSF,RMSF,Residue,5,0.063634574,nm,nm
line,overlay,sdt8-homo-3,sdt8-homo-3,rmsf,g31zk0d8,g31zk0d8::RMSF,sdt8-homo-3 / RMSF,RMSF,Residue,6,0.053078398,nm,nm
line,overlay,sdt8-homo-3,sdt8-homo-3,rmsf,g31zk0d8,g31zk0d8::RMSF,sdt8-homo-3 / RMSF,RMSF,Residue,7,0.048685785,nm,nm
line,overlay,sdt8-homo-3,sdt8-homo-3,rmsf,g31zk0d8,g31zk0d8::RMSF,sdt8-homo-3 / RMSF,RMSF,Residue,8,0.04565829,nm,nm
line,overlay,sdt8-homo-3,sdt8-homo-3,rmsf,g31zk0d8,g31zk0d8::RMSF,sdt8-homo-3 / RMSF,RMSF,Residue,9,0.050360605,nm,nm
line,overlay,sdt8-homo-3,sdt8-homo-3,rmsf,g31zk0d8,g31zk0d8::RMSF,sdt8-homo-3 / RMSF,RMSF,Residue,10,0.052261055,nm,nm
line,overlay,sdt8-homo-3,sdt8-homo-3,rmsf,g31zk0d8,g31zk0d8::RMSF,sdt8-homo-3 / RMSF,RMSF,Residue,11,0.061367538,nm,nm
line,overlay,sdt8-homo-3,sdt8-homo-3,rmsf,g31zk0d8,g31zk0d8::RMSF,sdt8-homo-3 / RMSF,RMSF,Residue,12,0.07106337,nm,nm
line,overlay,sdt8-homo-3,sdt8-homo-3,rmsf,g31zk0d8,g31zk0d8::RMSF,sdt8-homo-3 / RMSF,RMSF,Residue,13,0.090425834,nm,nm
line,overlay,sdt8-homo-3,sdt8-homo-3,rmsf,g31zk0d8,g31zk0d8::RMSF,sdt8-homo-3 / RMSF,RMSF,Residue,14,0.09629194,nm,nm
line,overlay,sdt8-homo-3,sdt8-homo-3,rmsf,g31zk0d8,g31zk0d8::RMSF,sdt8-homo-3 / RMSF,RMSF,Residue,15,0.09623597,nm,nm
line,overlay,sdt8-homo-3,sdt8-homo-3,rmsf,g31zk0d8,g31zk0d8::RMSF,sdt8-homo-3 / RMSF,RMSF,Residue,16,0.073100016,nm,nm
line,overlay,sdt8-homo-3,sdt8-homo-3,rmsf,g31zk0d8,g31zk0d8::RMSF,sdt8-homo-3 / RMSF,RMSF,Residue,17,0.05439323,nm,nm
line,overlay,sdt8-homo-3,sdt8-homo-3,rmsf,g31zk0d8,g31zk0d8::RMSF,sdt8-homo-3 / RMSF,RMSF,Residue,18,0.059294388,nm,nm
line,overlay,sdt8-homo-3,sdt8-homo-3,rmsf,g31zk0d8,g31zk0d8::RMSF,sdt8-homo-3 / RMSF,RMSF,Residue,19,0.055692792,nm,nm
line,overlay,sdt8-homo-3,sdt8-homo-3,rmsf,g31zk0d8,g31zk0d8::RMSF,sdt8-homo-3 / RMSF,RMSF,Residue,20,0.051574454,nm,nm
line,overlay,sdt8-homo-3,sdt8-homo-3,rmsf,g31zk0d8,g31zk0d8::RMSF,sdt8-homo-3 / RMSF,RMSF,Residue,21,0.051408485,nm,nm
line,overlay,sdt8-homo-3,sdt8-homo-3,rmsf,g31zk0d8,g31zk0d8::RMSF,sdt8-homo-3 / RMSF,RMSF,Residue,22,0.046980493,nm,nm
line,overlay,sdt8-homo-3,sdt8-homo-3,rmsf,g31zk0d8,g31zk0d8::RMSF,sdt8-homo-3 / RMSF,RMSF,Residue,23,0.045995526,nm,nm
line,overlay,sdt8-homo-3,sdt8-homo-3,rmsf,g31zk0d8,g31zk0d8::RMSF,sdt8-homo-3 / RMSF,RMSF,Residue,24,0.04574426,nm,nm
line,overlay,sdt8-homo-3,sdt8-homo-3,rmsf,g31zk0d8,g31zk0d8::RMSF,sdt8-homo-3 / RMSF,RMSF,Residue,25,0.052513674,nm,nm
line,overlay,sdt8-homo-3,sdt8-homo-3,rmsf,g31zk0d8,g31zk0d8::RMSF,sdt8-homo-3 / RMSF,RMSF,Residue,26,0.055083204,nm,nm
line,overlay,sdt8-homo-3,sdt8-homo-3,rmsf,g31zk0d8,g31zk0d8::RMSF,sdt8-homo-3 / RMSF,RMSF,Residue,27,0.054299224,nm,nm
line,overlay,sdt8-homo-3,sdt8-homo-3,rmsf,g31zk0d8,g31zk0d8::RMSF,sdt8-homo-3 / RMSF,RMSF,Residue,28,0.061460085,nm,nm
line,overlay,sdt8-homo-3,sdt8-homo-3,rmsf,g31zk0d8,g31zk0d8::RMSF,sdt8-homo-3 / RMSF,RMSF,Residue,29,0.08011608,nm,nm
line,overlay,sdt8-homo-3,sdt8-homo-3,rmsf,g31zk0d8,g31zk0d8::RMSF,sdt8-homo-3 / RMSF,RMSF,Residue,30,0.08976358,nm,nm
line,overlay,sdt8-homo-3,sdt8-homo-3,rmsf,g31zk0d8,g31zk0d8::RMSF,sdt8-homo-3 / RMSF,RMSF,Residue,31,0.088884346,nm,nm
line,overlay,sdt8-homo-3,sdt8-homo-3,rmsf,g31zk0d8,g31zk0d8::RMSF,sdt8-homo-3 / RMSF,RMSF,Residue,32,0.068781786,nm,nm
line,overlay,sdt8-homo-3,sdt8-homo-3,rmsf,g31zk0d8,g31zk0d8::RMSF,sdt8-homo-3 / RMSF,RMSF,Residue,33,0.0656631,nm,nm
line,overlay,sdt8-homo-3,sdt8-homo-3,rmsf,g31zk0d8,g31zk0d8::RMSF,sdt8-homo-3 / RMSF,RMSF,Residue,34,0.058323488,nm,nm
line,overlay,sdt8-homo-3,sdt8-homo-3,rmsf,g31zk0d8,g31zk0d8::RMSF,sdt8-homo-3 / RMSF,RMSF,Residue,35,0.056568008,nm,nm
line,overlay,sdt8-homo-3,sdt8-homo-3,rmsf,g31zk0d8,g31zk0d8::RMSF,sdt8-homo-3 / RMSF,RMSF,Residue,36,0.056022357,nm,nm
line,overlay,sdt8-homo-3,sdt8-homo-3,rmsf,g31zk0d8,g31zk0d8::RMSF,sdt8-homo-3 / RMSF,RMSF,Residue,37,0.058724355,nm,nm
line,overlay,sdt8-homo-3,sdt8-homo-3,rmsf,g31zk0d8,g31zk0d8::RMSF,sdt8-homo-3 / RMSF,RMSF,Residue,38,0.06803673,nm,nm
line,overlay,sdt8-homo-3,sdt8-homo-3,rmsf,g31zk0d8,g31zk0d8::RMSF,sdt8-homo-3 / RMSF,RMSF,Residue,39,0.08214506,nm,nm
line,overlay,sdt8-homo-3,sdt8-homo-3,rmsf,g31zk0d8,g31zk0d8::RMSF,sdt8-homo-3 / RMSF,RMSF,Residue,40,0.09011152,nm,nm
line,overlay,sdt8-homo-3,sdt8-homo-3,rmsf,g31zk0d8,g31zk0d8::RMSF,sdt8-homo-3 / RMSF,RMSF,Residue,41,0.11908009,nm,nm
line,overlay,sdt8-homo-3,sdt8-homo-3,rmsf,g31zk0d8,g31zk0d8::RMSF,sdt8-homo-3 / RMSF,RMSF,Residue,42,0.13079189,nm,nm
line,overlay,sdt8-homo-3,sdt8-homo-3,rmsf,g31zk0d8,g31zk0d8::RMSF,sdt8-homo-3 / RMSF,RMSF,Residue,43,0.13397159,nm,nm
line,overlay,sdt8-homo-3,sdt8-homo-3,rmsf,g31zk0d8,g31zk0d8::RMSF,sdt8-homo-3 / RMSF,RMSF,Residue,44,0.15393093,nm,nm
line,overlay,sdt8-homo-3,sdt8-homo-3,rmsf,g31zk0d8,g31zk0d8::RMSF,sdt8-homo-3 / RMSF,RMSF,Residue,45,0.15298265,nm,nm
line,overlay,sdt8-homo-3,sdt8-homo-3,rmsf,g31zk0d8,g31zk0d8::RMSF,sdt8-homo-3 / RMSF,RMSF,Residue,46,0.12837921,nm,nm
line,overlay,sdt8-homo-3,sdt8-homo-3,rmsf,g31zk0d8,g31zk0d8::RMSF,sdt8-homo-3 / RMSF,RMSF,Residue,47,0.13978784,nm,nm
line,overlay,sdt8-homo-3,sdt8-homo-3,rmsf,g31zk0d8,g31zk0d8::RMSF,sdt8-homo-3 / RMSF,RMSF,Residue,48,0.11394819,nm,nm
line,overlay,sdt8-homo-3,sdt8-homo-3,rmsf,g31zk0d8,g31zk0d8::RMSF,sdt8-homo-3 / RMSF,RMSF,Residue,49,0.08189397,nm,nm
line,overlay,sdt8-homo-3,sdt8-homo-3,rmsf,g31zk0d8,g31zk0d8::RMSF,sdt8-homo-3 / RMSF,RMSF,Residue,50,0.10461189,nm,nm
line,overlay,sdt8-homo-3,sdt8-homo-3,rmsf,g31zk0d8,g31zk0d8::RMSF,sdt8-homo-3 / RMSF,RMSF,Residue,51,0.13664424,nm,nm
line,overlay,sdt8-homo-3,sdt8-homo-3,rmsf,g31zk0d8,g31zk0d8::RMSF,sdt8-homo-3 / RMSF,RMSF,Residue,52,0.11617601,nm,nm
line,overlay,sdt8-homo-3,sdt8-homo-3,rmsf,g31zk0d8,g31zk0d8::RMSF,sdt8-homo-3 / RMSF,RMSF,Residue,53,0.099252395,nm,nm
line,overlay,sdt8-homo-3,sdt8-homo-3,rmsf,g31zk0d8,g31zk0d8::RMSF,sdt8-homo-3 / RMSF,RMSF,Residue,54,0.13134013,nm,nm
line,overlay,sdt8-homo-3,sdt8-homo-3,rmsf,g31zk0d8,g31zk0d8::RMSF,sdt8-homo-3 / RMSF,RMSF,Residue,55,0.15594155,nm,nm
line,overlay,sdt8-homo-3,sdt8-homo-3,rmsf,g31zk0d8,g31zk0d8::RMSF,sdt8-homo-3 / RMSF,RMSF,Residue,56,0.15420435,nm,nm
line,overlay,sdt8-homo-3,sdt8-homo-3,rmsf,g31zk0d8,g31zk0d8::RMSF,sdt8-homo-3 / RMSF,RMSF,Residue,57,0.13418081,nm,nm
line,overlay,sdt8-homo-3,sdt8-homo-3,rmsf,g31zk0d8,g31zk0d8::RMSF,sdt8-homo-3 / RMSF,RMSF,Residue,58,0.10431384,nm,nm
line,overlay,sdt8-homo-3,sdt8-homo-3,rmsf,g31zk0d8,g31zk0d8::RMSF,sdt8-homo-3 / RMSF,RMSF,Residue,59,0.10107961,nm,nm
line,overlay,sdt8-homo-3,sdt8-homo-3,rmsf,g31zk0d8,g31zk0d8::RMSF,sdt8-homo-3 / RMSF,RMSF,Residue,60,0.06803965,nm,nm
line,overlay,sdt8-homo-3,sdt8-homo-3,rmsf,g31zk0d8,g31zk0d8::RMSF,sdt8-homo-3 / RMSF,RMSF,Residue,61,0.06819894,nm,nm
line,overlay,sdt8-homo-3,sdt8-homo-3,rmsf,g31zk0d8,g31zk0d8::RMSF,sdt8-homo-3 / RMSF,RMSF,Residue,62,0.06729647,nm,nm
line,overlay,sdt8-homo-3,sdt8-homo-3,rmsf,g31zk0d8,g31zk0d8::RMSF,sdt8-homo-3 / RMSF,RMSF,Residue,63,0.06672369,nm,nm
line,overlay,sdt8-homo-3,sdt8-homo-3,rmsf,g31zk0d8,g31zk0d8::RMSF,sdt8-homo-3 / RMSF,RMSF,Residue,64,0.07713919,nm,nm
line,overlay,sdt8-homo-3,sdt8-homo-3,rmsf,g31zk0d8,g31zk0d8::RMSF,sdt8-homo-3 / RMSF,RMSF,Residue,65,0.07820057,nm,nm
line,overlay,sdt8-homo-3,sdt8-homo-3,rmsf,g31zk0d8,g31zk0d8::RMSF,sdt8-homo-3 / RMSF,RMSF,Residue,66,0.08640836,nm,nm
line,overlay,sdt8-homo-3,sdt8-homo-3,rmsf,g31zk0d8,g31zk0d8::RMSF,sdt8-homo-3 / RMSF,RMSF,Residue,67,0.08077096,nm,nm
line,overlay,sdt8-homo-3,sdt8-homo-3,rmsf,g31zk0d8,g31zk0d8::RMSF,sdt8-homo-3 / RMSF,RMSF,Residue,68,0.085500196,nm,nm
line,overlay,sdt8-homo-3,sdt8-homo-3,rmsf,g31zk0d8,g31zk0d8::RMSF,sdt8-homo-3 / RMSF,RMSF,Residue,69,0.09233897,nm,nm
line,overlay,sdt8-homo-3,sdt8-homo-3,rmsf,g31zk0d8,g31zk0d8::RMSF,sdt8-homo-3 / RMSF,RMSF,Residue,70,0.12487324,nm,nm
line,overlay,sdt8-homo-3,sdt8-homo-3,rmsf,g31zk0d8,g31zk0d8::RMSF,sdt8-homo-3 / RMSF,RMSF,Residue,71,0.13558045,nm,nm
line,overlay,sdt8-homo-3,sdt8-homo-3,rmsf,g31zk0d8,g31zk0d8::RMSF,sdt8-homo-3 / RMSF,RMSF,Residue,72,0.121354245,nm,nm
line,overlay,sdt8-homo-3,sdt8-homo-3,rmsf,g31zk0d8,g31zk0d8::RMSF,sdt8-homo-3 / RMSF,RMSF,Residue,73,0.128707,nm,nm
line,overlay,sdt8-homo-3,sdt8-homo-3,rmsf,g31zk0d8,g31zk0d8::RMSF,sdt8-homo-3 / RMSF,RMSF,Residue,74,0.10271092,nm,nm
line,overlay,sdt8-homo-3,sdt8-homo-3,rmsf,g31zk0d8,g31zk0d8::RMSF,sdt8-homo-3 / RMSF,RMSF,Residue,75,0.1356747,nm,nm
line,overlay,sdt8-homo-3,sdt8-homo-3,rmsf,g31zk0d8,g31zk0d8::RMSF,sdt8-homo-3 / RMSF,RMSF,Residue,76,0.19467112,nm,nm
line,overlay,sdt8-homo-3,sdt8-homo-3,rmsf,g31zk0d8,g31zk0d8::RMSF,sdt8-homo-3 / RMSF,RMSF,Residue,77,0.22328594,nm,nm
line,overlay,sdt8-homo-3,sdt8-homo-3,rmsf,g31zk0d8,g31zk0d8::RMSF,sdt8-homo-3 / RMSF,RMSF,Residue,78,0.15985996,nm,nm
line,overlay,sdt8-homo-3,sdt8-homo-3,rmsf,g31zk0d8,g31zk0d8::RMSF,sdt8-homo-3 / RMSF,RMSF,Residue,79,0.11678821,nm,nm
line,overlay,sdt8-homo-3,sdt8-homo-3,rmsf,g31zk0d8,g31zk0d8::RMSF,sdt8-homo-3 / RMSF,RMSF,Residue,80,0.07819419,nm,nm
line,overlay,sdt8-homo-3,sdt8-homo-3,rmsf,g31zk0d8,g31zk0d8::RMSF,sdt8-homo-3 / RMSF,RMSF,Residue,81,0.08515459,nm,nm
line,overlay,sdt8-homo-3,sdt8-homo-3,rmsf,g31zk0d8,g31zk0d8::RMSF,sdt8-homo-3 / RMSF,RMSF,Residue,82,0.12018576,nm,nm
line,overlay,sdt8-homo-3,sdt8-homo-3,rmsf,g31zk0d8,g31zk0d8::RMSF,sdt8-homo-3 / RMSF,RMSF,Residue,83,0.11949119,nm,nm
line,overlay,sdt8-homo-3,sdt8-homo-3,rmsf,g31zk0d8,g31zk0d8::RMSF,sdt8-homo-3 / RMSF,RMSF,Residue,84,0.10626722,nm,nm
line,overlay,sdt8-homo-3,sdt8-homo-3,rmsf,g31zk0d8,g31zk0d8::RMSF,sdt8-homo-3 / RMSF,RMSF,Residue,85,0.13918522,nm,nm
line,overlay,sdt8-homo-3,sdt8-homo-3,rmsf,g31zk0d8,g31zk0d8::RMSF,sdt8-homo-3 / RMSF,RMSF,Residue,86,0.1251796,nm,nm
line,overlay,sdt8-homo-3,sdt8-homo-3,rmsf,g31zk0d8,g31zk0d8::RMSF,sdt8-homo-3 / RMSF,RMSF,Residue,87,0.12183753,nm,nm
line,overlay,sdt8-homo-3,sdt8-homo-3,rmsf,g31zk0d8,g31zk0d8::RMSF,sdt8-homo-3 / RMSF,RMSF,Residue,88,0.12203466,nm,nm
line,overlay,sdt8-homo-3,sdt8-homo-3,rmsf,g31zk0d8,g31zk0d8::RMSF,sdt8-homo-3 / RMSF,RMSF,Residue,89,0.10008442,nm,nm
line,overlay,sdt8-homo-3,sdt8-homo-3,rmsf,g31zk0d8,g31zk0d8::RMSF,sdt8-homo-3 / RMSF,RMSF,Residue,90,0.098001726,nm,nm
line,overlay,sdt8-homo-3,sdt8-homo-3,rmsf,g31zk0d8,g31zk0d8::RMSF,sdt8-homo-3 / RMSF,RMSF,Residue,91,0.10474802,nm,nm
line,overlay,sdt8-homo-3,sdt8-homo-3,rmsf,g31zk0d8,g31zk0d8::RMSF,sdt8-homo-3 / RMSF,RMSF,Residue,92,0.09503561,nm,nm
line,overlay,sdt8-homo-3,sdt8-homo-3,rmsf,g31zk0d8,g31zk0d8::RMSF,sdt8-homo-3 / RMSF,RMSF,Residue,93,0.08120883,nm,nm
line,overlay,sdt8-homo-3,sdt8-homo-3,rmsf,g31zk0d8,g31zk0d8::RMSF,sdt8-homo-3 / RMSF,RMSF,Residue,94,0.08628856,nm,nm
line,overlay,sdt8-homo-3,sdt8-homo-3,rmsf,g31zk0d8,g31zk0d8::RMSF,sdt8-homo-3 / RMSF,RMSF,Residue,95,0.08957767,nm,nm
line,overlay,sdt8-homo-3,sdt8-homo-3,rmsf,g31zk0d8,g31zk0d8::RMSF,sdt8-homo-3 / RMSF,RMSF,Residue,96,0.078086466,nm,nm
line,overlay,sdt8-homo-3,sdt8-homo-3,rmsf,g31zk0d8,g31zk0d8::RMSF,sdt8-homo-3 / RMSF,RMSF,Residue,97,0.08288958,nm,nm
line,overlay,sdt8-homo-3,sdt8-homo-3,rmsf,g31zk0d8,g31zk0d8::RMSF,sdt8-homo-3 / RMSF,RMSF,Residue,98,0.090806834,nm,nm
line,overlay,sdt8-homo-3,sdt8-homo-3,rmsf,g31zk0d8,g31zk0d8::RMSF,sdt8-homo-3 / RMSF,RMSF,Residue,99,0.08499973,nm,nm
line,overlay,sdt8-homo-3,sdt8-homo-3,rmsf,g31zk0d8,g31zk0d8::RMSF,sdt8-homo-3 / RMSF,RMSF,Residue,100,0.08238283,nm,nm
line,overlay,sdt8-homo-3,sdt8-homo-3,rmsf,g31zk0d8,g31zk0d8::RMSF,sdt8-homo-3 / RMSF,RMSF,Residue,101,0.08526504,nm,nm
line,overlay,sdt8-homo-3,sdt8-homo-3,rmsf,g31zk0d8,g31zk0d8::RMSF,sdt8-homo-3 / RMSF,RMSF,Residue,102,0.09168965,nm,nm
line,overlay,sdt8-homo-3,sdt8-homo-3,rmsf,g31zk0d8,g31zk0d8::RMSF,sdt8-homo-3 / RMSF,RMSF,Residue,103,0.090054676,nm,nm
line,overlay,sdt8-homo-3,sdt8-homo-3,rmsf,g31zk0d8,g31zk0d8::RMSF,sdt8-homo-3 / RMSF,RMSF,Residue,104,0.07499957,nm,nm
line,overlay,sdt8-homo-3,sdt8-homo-3,rmsf,g31zk0d8,g31zk0d8::RMSF,sdt8-homo-3 / RMSF,RMSF,Residue,105,0.078422576,nm,nm
line,overlay,sdt8-homo-3,sdt8-homo-3,rmsf,g31zk0d8,g31zk0d8::RMSF,sdt8-homo-3 / RMSF,RMSF,Residue,106,0.09276235,nm,nm
line,overlay,sdt8-homo-3,sdt8-homo-3,rmsf,g31zk0d8,g31zk0d8::RMSF,sdt8-homo-3 / RMSF,RMSF,Residue,107,0.082284935,nm,nm
line,overlay,sdt8-homo-3,sdt8-homo-3,rmsf,g31zk0d8,g31zk0d8::RMSF,sdt8-homo-3 / RMSF,RMSF,Residue,108,0.06973029,nm,nm
line,overlay,sdt8-homo-3,sdt8-homo-3,rmsf,g31zk0d8,g31zk0d8::RMSF,sdt8-homo-3 / RMSF,RMSF,Residue,109,0.09074509,nm,nm
line,overlay,sdt8-homo-3,sdt8-homo-3,rmsf,g31zk0d8,g31zk0d8::RMSF,sdt8-homo-3 / RMSF,RMSF,Residue,110,0.10513844,nm,nm
line,overlay,sdt8-homo-3,sdt8-homo-3,rmsf,g31zk0d8,g31zk0d8::RMSF,sdt8-homo-3 / RMSF,RMSF,Residue,111,0.08875349,nm,nm
line,overlay,sdt8-homo-3,sdt8-homo-3,rmsf,g31zk0d8,g31zk0d8::RMSF,sdt8-homo-3 / RMSF,RMSF,Residue,112,0.07908356,nm,nm
line,overlay,sdt8-homo-3,sdt8-homo-3,rmsf,g31zk0d8,g31zk0d8::RMSF,sdt8-homo-3 / RMSF,RMSF,Residue,113,0.062039427,nm,nm
line,overlay,sdt8-homo-3,sdt8-homo-3,rmsf,g31zk0d8,g31zk0d8::RMSF,sdt8-homo-3 / RMSF,RMSF,Residue,114,0.05739623,nm,nm
line,overlay,sdt8-homo-3,sdt8-homo-3,rmsf,g31zk0d8,g31zk0d8::RMSF,sdt8-homo-3 / RMSF,RMSF,Residue,115,0.05462434,nm,nm
line,overlay,sdt8-homo-3,sdt8-homo-3,rmsf,g31zk0d8,g31zk0d8::RMSF,sdt8-homo-3 / RMSF,RMSF,Residue,116,0.04964782,nm,nm
line,overlay,sdt8-homo-3,sdt8-homo-3,rmsf,g31zk0d8,g31zk0d8::RMSF,sdt8-homo-3 / RMSF,RMSF,Residue,117,0.04424315,nm,nm
line,overlay,sdt8-homo-3,sdt8-homo-3,rmsf,g31zk0d8,g31zk0d8::RMSF,sdt8-homo-3 / RMSF,RMSF,Residue,118,0.04899225,nm,nm
line,overlay,sdt8-homo-3,sdt8-homo-3,rmsf,g31zk0d8,g31zk0d8::RMSF,sdt8-homo-3 / RMSF,RMSF,Residue,119,0.05458434,nm,nm
line,overlay,sdt8-homo-3,sdt8-homo-3,rmsf,g31zk0d8,g31zk0d8::RMSF,sdt8-homo-3 / RMSF,RMSF,Residue,120,0.06800024,nm,nm
line,overlay,sdt8-homo-3,sdt8-homo-3,rmsf,g31zk0d8,g31zk0d8::RMSF,sdt8-homo-3 / RMSF,RMSF,Residue,121,0.08028067,nm,nm
line,overlay,sdt8-homo-3,sdt8-homo-3,rmsf,g31zk0d8,g31zk0d8::RMSF,sdt8-homo-3 / RMSF,RMSF,Residue,122,0.07293216,nm,nm
line,overlay,sdt8-homo-3,sdt8-homo-3,rmsf,g31zk0d8,g31zk0d8::RMSF,sdt8-homo-3 / RMSF,RMSF,Residue,123,0.081533544,nm,nm
line,overlay,sdt8-homo-3,sdt8-homo-3,rmsf,g31zk0d8,g31zk0d8::RMSF,sdt8-homo-3 / RMSF,RMSF,Residue,124,0.078606755,nm,nm
line,overlay,sdt8-homo-3,sdt8-homo-3,rmsf,g31zk0d8,g31zk0d8::RMSF,sdt8-homo-3 / RMSF,RMSF,Residue,125,0.06979253,nm,nm
line,overlay,sdt8-homo-3,sdt8-homo-3,rmsf,g31zk0d8,g31zk0d8::RMSF,sdt8-homo-3 / RMSF,RMSF,Residue,126,0.073118515,nm,nm
line,overlay,sdt8-homo-3,sdt8-homo-3,rmsf,g31zk0d8,g31zk0d8::RMSF,sdt8-homo-3 / RMSF,RMSF,Residue,127,0.082448944,nm,nm
line,overlay,sdt8-homo-3,sdt8-homo-3,rmsf,g31zk0d8,g31zk0d8::RMSF,sdt8-homo-3 / RMSF,RMSF,Residue,128,0.08056821,nm,nm
line,overlay,sdt8-homo-3,sdt8-homo-3,rmsf,g31zk0d8,g31zk0d8::RMSF,sdt8-homo-3 / RMSF,RMSF,Residue,129,0.07798499,nm,nm
line,overlay,sdt8-homo-3,sdt8-homo-3,rmsf,g31zk0d8,g31zk0d8::RMSF,sdt8-homo-3 / RMSF,RMSF,Residue,130,0.08467492,nm,nm
line,overlay,sdt8-homo-3,sdt8-homo-3,rmsf,g31zk0d8,g31zk0d8::RMSF,sdt8-homo-3 / RMSF,RMSF,Residue,131,0.09425878,nm,nm
line,overlay,sdt8-homo-3,sdt8-homo-3,rmsf,g31zk0d8,g31zk0d8::RMSF,sdt8-homo-3 / RMSF,RMSF,Residue,132,0.0867468,nm,nm
line,overlay,sdt8-homo-3,sdt8-homo-3,rmsf,g31zk0d8,g31zk0d8::RMSF,sdt8-homo-3 / RMSF,RMSF,Residue,133,0.084040195,nm,nm
line,overlay,sdt8-homo-3,sdt8-homo-3,rmsf,g31zk0d8,g31zk0d8::RMSF,sdt8-homo-3 / RMSF,RMSF,Residue,134,0.07337562,nm,nm
line,overlay,sdt8-homo-3,sdt8-homo-3,rmsf,g31zk0d8,g31zk0d8::RMSF,sdt8-homo-3 / RMSF,RMSF,Residue,135,0.06261513,nm,nm
line,overlay,sdt8-homo-3,sdt8-homo-3,rmsf,g31zk0d8,g31zk0d8::RMSF,sdt8-homo-3 / RMSF,RMSF,Residue,136,0.054813508,nm,nm
line,overlay,sdt8-homo-3,sdt8-homo-3,rmsf,g31zk0d8,g31zk0d8::RMSF,sdt8-homo-3 / RMSF,RMSF,Residue,137,0.05025605,nm,nm
line,overlay,sdt8-homo-3,sdt8-homo-3,rmsf,g31zk0d8,g31zk0d8::RMSF,sdt8-homo-3 / RMSF,RMSF,Residue,138,0.052615132,nm,nm
line,overlay,sdt8-homo-3,sdt8-homo-3,rmsf,g31zk0d8,g31zk0d8::RMSF,sdt8-homo-3 / RMSF,RMSF,Residue,139,0.05284932,nm,nm
line,overlay,sdt8-homo-3,sdt8-homo-3,rmsf,g31zk0d8,g31zk0d8::RMSF,sdt8-homo-3 / RMSF,RMSF,Residue,140,0.0681546,nm,nm
line,overlay,sdt8-homo-3,sdt8-homo-3,rmsf,g31zk0d8,g31zk0d8::RMSF,sdt8-homo-3 / RMSF,RMSF,Residue,141,0.07309049,nm,nm
line,overlay,sdt8-homo-3,sdt8-homo-3,rmsf,g31zk0d8,g31zk0d8::RMSF,sdt8-homo-3 / RMSF,RMSF,Residue,142,0.074278094,nm,nm
line,overlay,sdt8-homo-3,sdt8-homo-3,rmsf,g31zk0d8,g31zk0d8::RMSF,sdt8-homo-3 / RMSF,RMSF,Residue,143,0.07271822,nm,nm
line,overlay,sdt8-homo-3,sdt8-homo-3,rmsf,g31zk0d8,g31zk0d8::RMSF,sdt8-homo-3 / RMSF,RMSF,Residue,144,0.06364654,nm,nm
line,overlay,sdt8-homo-3,sdt8-homo-3,rmsf,g31zk0d8,g31zk0d8::RMSF,sdt8-homo-3 / RMSF,RMSF,Residue,145,0.059134383,nm,nm
line,overlay,sdt8-homo-3,sdt8-homo-3,rmsf,g31zk0d8,g31zk0d8::RMSF,sdt8-homo-3 / RMSF,RMSF,Residue,146,0.06656695,nm,nm
line,overlay,sdt8-homo-3,sdt8-homo-3,rmsf,g31zk0d8,g31zk0d8::RMSF,sdt8-homo-3 / RMSF,RMSF,Residue,147,0.07883736,nm,nm
line,overlay,sdt8-homo-3,sdt8-homo-3,rmsf,g31zk0d8,g31zk0d8::RMSF,sdt8-homo-3 / RMSF,RMSF,Residue,148,0.077861294,nm,nm
line,overlay,sdt8-homo-3,sdt8-homo-3,rmsf,g31zk0d8,g31zk0d8::RMSF,sdt8-homo-3 / RMSF,RMSF,Residue,149,0.0825054,nm,nm
line,overlay,sdt8-homo-3,sdt8-homo-3,rmsf,g31zk0d8,g31zk0d8::RMSF,sdt8-homo-3 / RMSF,RMSF,Residue,150,0.091935314,nm,nm
line,overlay,sdt8-homo-3,sdt8-homo-3,rmsf,g31zk0d8,g31zk0d8::RMSF,sdt8-homo-3 / RMSF,RMSF,Residue,151,0.110883065,nm,nm
line,overlay,sdt8-homo-3,sdt8-homo-3,rmsf,g31zk0d8,g31zk0d8::RMSF,sdt8-homo-3 / RMSF,RMSF,Residue,152,0.1156223,nm,nm
line,overlay,sdt8-homo-3,sdt8-homo-3,rmsf,g31zk0d8,g31zk0d8::RMSF,sdt8-homo-3 / RMSF,RMSF,Residue,153,0.11053135,nm,nm
line,overlay,sdt8-homo-3,sdt8-homo-3,rmsf,g31zk0d8,g31zk0d8::RMSF,sdt8-homo-3 / RMSF,RMSF,Residue,154,0.12417274,nm,nm
line,overlay,sdt8-homo-3,sdt8-homo-3,rmsf,g31zk0d8,g31zk0d8::RMSF,sdt8-homo-3 / RMSF,RMSF,Residue,155,0.1521537,nm,nm
line,overlay,sdt8-homo-3,sdt8-homo-3,rmsf,g31zk0d8,g31zk0d8::RMSF,sdt8-homo-3 / RMSF,RMSF,Residue,156,0.16274203,nm,nm
line,overlay,sdt8-homo-3,sdt8-homo-3,rmsf,g31zk0d8,g31zk0d8::RMSF,sdt8-homo-3 / RMSF,RMSF,Residue,157,0.1606105,nm,nm
line,overlay,sdt8-homo-3,sdt8-homo-3,rmsf,g31zk0d8,g31zk0d8::RMSF,sdt8-homo-3 / RMSF,RMSF,Residue,158,0.16150878,nm,nm
line,overlay,sdt8-homo-3,sdt8-homo-3,rmsf,g31zk0d8,g31zk0d8::RMSF,sdt8-homo-3 / RMSF,RMSF,Residue,159,0.19039857,nm,nm
line,overlay,sdt8-homo-3,sdt8-homo-3,rmsf,g31zk0d8,g31zk0d8::RMSF,sdt8-homo-3 / RMSF,RMSF,Residue,160,0.2370178,nm,nm
line,overlay,sdt8-homo-3,sdt8-homo-3,rmsf,g31zk0d8,g31zk0d8::RMSF,sdt8-homo-3 / RMSF,RMSF,Residue,161,0.29367194,nm,nm
line,overlay,sdt8-homo-3,sdt8-homo-3,rmsf,g31zk0d8,g31zk0d8::RMSF,sdt8-homo-3 / RMSF,RMSF,Residue,162,0.25823563,nm,nm
line,overlay,sdt8-homo-3,sdt8-homo-3,rmsf,g31zk0d8,g31zk0d8::RMSF,sdt8-homo-3 / RMSF,RMSF,Residue,163,0.32811347,nm,nm
line,overlay,sdt8-homo-3,sdt8-homo-3,rmsf,g31zk0d8,g31zk0d8::RMSF,sdt8-homo-3 / RMSF,RMSF,Residue,164,0.29876953,nm,nm
line,overlay,sdt8-homo-3,sdt8-homo-3,rmsf,g31zk0d8,g31zk0d8::RMSF,sdt8-homo-3 / RMSF,RMSF,Residue,165,0.31312588,nm,nm
line,overlay,sdt8-homo-3,sdt8-homo-3,rmsf,g31zk0d8,g31zk0d8::RMSF,sdt8-homo-3 / RMSF,RMSF,Residue,166,0.2874891,nm,nm
line,overlay,sdt8-homo-3,sdt8-homo-3,rmsf,g31zk0d8,g31zk0d8::RMSF,sdt8-homo-3 / RMSF,RMSF,Residue,167,0.21484208,nm,nm
line,overlay,sdt8-homo-3,sdt8-homo-3,rmsf,g31zk0d8,g31zk0d8::RMSF,sdt8-homo-3 / RMSF,RMSF,Residue,168,0.17099363,nm,nm
line,overlay,sdt8-homo-3,sdt8-homo-3,rmsf,g31zk0d8,g31zk0d8::RMSF,sdt8-homo-3 / RMSF,RMSF,Residue,169,0.15990071,nm,nm
line,overlay,sdt8-homo-3,sdt8-homo-3,rmsf,g31zk0d8,g31zk0d8::RMSF,sdt8-homo-3 / RMSF,RMSF,Residue,170,0.15210716,nm,nm
line,overlay,sdt8-homo-3,sdt8-homo-3,rmsf,g31zk0d8,g31zk0d8::RMSF,sdt8-homo-3 / RMSF,RMSF,Residue,171,0.13592875,nm,nm
line,overlay,sdt8-homo-3,sdt8-homo-3,rmsf,g31zk0d8,g31zk0d8::RMSF,sdt8-homo-3 / RMSF,RMSF,Residue,172,0.15201063,nm,nm
line,overlay,sdt8-homo-3,sdt8-homo-3,rmsf,g31zk0d8,g31zk0d8::RMSF,sdt8-homo-3 / RMSF,RMSF,Residue,173,0.16186512,nm,nm
line,overlay,sdt8-homo-3,sdt8-homo-3,rmsf,g31zk0d8,g31zk0d8::RMSF,sdt8-homo-3 / RMSF,RMSF,Residue,174,0.13901363,nm,nm
line,overlay,sdt8-homo-3,sdt8-homo-3,rmsf,g31zk0d8,g31zk0d8::RMSF,sdt8-homo-3 / RMSF,RMSF,Residue,175,0.16521679,nm,nm
line,overlay,sdt8-homo-3,sdt8-homo-3,rmsf,g31zk0d8,g31zk0d8::RMSF,sdt8-homo-3 / RMSF,RMSF,Residue,176,0.14916083,nm,nm
line,overlay,sdt8-homo-3,sdt8-homo-3,rmsf,g31zk0d8,g31zk0d8::RMSF,sdt8-homo-3 / RMSF,RMSF,Residue,177,0.15282509,nm,nm
line,overlay,sdt8-homo-3,sdt8-homo-3,rmsf,g31zk0d8,g31zk0d8::RMSF,sdt8-homo-3 / RMSF,RMSF,Residue,178,0.1287621,nm,nm
line,overlay,sdt8-homo-3,sdt8-homo-3,rmsf,g31zk0d8,g31zk0d8::RMSF,sdt8-homo-3 / RMSF,RMSF,Residue,179,0.13632514,nm,nm
line,overlay,sdt8-homo-3,sdt8-homo-3,rmsf,g31zk0d8,g31zk0d8::RMSF,sdt8-homo-3 / RMSF,RMSF,Residue,180,0.10943143,nm,nm
line,overlay,sdt8-homo-3,sdt8-homo-3,rmsf,g31zk0d8,g31zk0d8::RMSF,sdt8-homo-3 / RMSF,RMSF,Residue,181,0.0949113,nm,nm
line,overlay,sdt8-homo-3,sdt8-homo-3,rmsf,g31zk0d8,g31zk0d8::RMSF,sdt8-homo-3 / RMSF,RMSF,Residue,182,0.10899412,nm,nm
line,overlay,sdt8-homo-3,sdt8-homo-3,rmsf,g31zk0d8,g31zk0d8::RMSF,sdt8-homo-3 / RMSF,RMSF,Residue,183,0.105256334,nm,nm
line,overlay,sdt8-homo-3,sdt8-homo-3,rmsf,g31zk0d8,g31zk0d8::RMSF,sdt8-homo-3 / RMSF,RMSF,Residue,184,0.081749074,nm,nm
line,overlay,sdt8-homo-3,sdt8-homo-3,rmsf,g31zk0d8,g31zk0d8::RMSF,sdt8-homo-3 / RMSF,RMSF,Residue,185,0.101743385,nm,nm
line,overlay,sdt8-homo-3,sdt8-homo-3,rmsf,g31zk0d8,g31zk0d8::RMSF,sdt8-homo-3 / RMSF,RMSF,Residue,186,0.11348417,nm,nm
line,overlay,sdt8-homo-3,sdt8-homo-3,rmsf,g31zk0d8,g31zk0d8::RMSF,sdt8-homo-3 / RMSF,RMSF,Residue,187,0.109899364,nm,nm
line,overlay,sdt8-homo-3,sdt8-homo-3,rmsf,g31zk0d8,g31zk0d8::RMSF,sdt8-homo-3 / RMSF,RMSF,Residue,188,0.122201025,nm,nm
line,overlay,sdt8-homo-3,sdt8-homo-3,rmsf,g31zk0d8,g31zk0d8::RMSF,sdt8-homo-3 / RMSF,RMSF,Residue,189,0.117327236,nm,nm
line,overlay,sdt8-homo-3,sdt8-homo-3,rmsf,g31zk0d8,g31zk0d8::RMSF,sdt8-homo-3 / RMSF,RMSF,Residue,190,0.20394951,nm,nm
line,overlay,sdt8-homo-3,sdt8-homo-3,rmsf,g31zk0d8,g31zk0d8::RMSF,sdt8-homo-3 / RMSF,RMSF,Residue,191,0.19796896,nm,nm
line,overlay,sdt8-homo-3,sdt8-homo-3,rmsf,g31zk0d8,g31zk0d8::RMSF,sdt8-homo-3 / RMSF,RMSF,Residue,192,0.22694531,nm,nm
line,overlay,sdt8-homo-3,sdt8-homo-3,rmsf,g31zk0d8,g31zk0d8::RMSF,sdt8-homo-3 / RMSF,RMSF,Residue,193,0.207273,nm,nm
line,overlay,sdt8-homo-3,sdt8-homo-3,rmsf,g31zk0d8,g31zk0d8::RMSF,sdt8-homo-3 / RMSF,RMSF,Residue,194,0.2130369,nm,nm
line,overlay,sdt8-homo-3,sdt8-homo-3,rmsf,g31zk0d8,g31zk0d8::RMSF,sdt8-homo-3 / RMSF,RMSF,Residue,195,0.18514636,nm,nm
line,overlay,sdt8-homo-3,sdt8-homo-3,rmsf,g31zk0d8,g31zk0d8::RMSF,sdt8-homo-3 / RMSF,RMSF,Residue,196,0.16445987,nm,nm
line,overlay,sdt8-homo-3,sdt8-homo-3,rmsf,g31zk0d8,g31zk0d8::RMSF,sdt8-homo-3 / RMSF,RMSF,Residue,197,0.1404622,nm,nm
line,overlay,sdt8-homo-3,sdt8-homo-3,rmsf,g31zk0d8,g31zk0d8::RMSF,sdt8-homo-3 / RMSF,RMSF,Residue,198,0.13613203,nm,nm
line,overlay,sdt8-homo-3,sdt8-homo-3,rmsf,g31zk0d8,g31zk0d8::RMSF,sdt8-homo-3 / RMSF,RMSF,Residue,199,0.13588192,nm,nm
line,overlay,sdt8-homo-3,sdt8-homo-3,rmsf,g31zk0d8,g31zk0d8::RMSF,sdt8-homo-3 / RMSF,RMSF,Residue,200,0.12347493,nm,nm
line,overlay,sdt8-homo-3,sdt8-homo-3,rmsf,g31zk0d8,g31zk0d8::RMSF,sdt8-homo-3 / RMSF,RMSF,Residue,201,0.12024568,nm,nm
line,overlay,sdt8-homo-3,sdt8-homo-3,rmsf,g31zk0d8,g31zk0d8::RMSF,sdt8-homo-3 / RMSF,RMSF,Residue,202,0.1256443,nm,nm
line,overlay,sdt8-homo-3,sdt8-homo-3,rmsf,g31zk0d8,g31zk0d8::RMSF,sdt8-homo-3 / RMSF,RMSF,Residue,203,0.11603263,nm,nm
line,overlay,sdt8-homo-3,sdt8-homo-3,rmsf,g31zk0d8,g31zk0d8::RMSF,sdt8-homo-3 / RMSF,RMSF,Residue,204,0.10547425,nm,nm
line,overlay,sdt8-homo-3,sdt8-homo-3,rmsf,g31zk0d8,g31zk0d8::RMSF,sdt8-homo-3 / RMSF,RMSF,Residue,205,0.1307829,nm,nm
line,overlay,sdt8-homo-3,sdt8-homo-3,rmsf,g31zk0d8,g31zk0d8::RMSF,sdt8-homo-3 / RMSF,RMSF,Residue,206,0.14721787,nm,nm
line,overlay,sdt8-homo-3,sdt8-homo-3,rmsf,g31zk0d8,g31zk0d8::RMSF,sdt8-homo-3 / RMSF,RMSF,Residue,207,0.12734823,nm,nm
line,overlay,sdt8-homo-3,sdt8-homo-3,rmsf,g31zk0d8,g31zk0d8::RMSF,sdt8-homo-3 / RMSF,RMSF,Residue,208,0.1235619,nm,nm
line,overlay,sdt8-homo-3,sdt8-homo-3,rmsf,g31zk0d8,g31zk0d8::RMSF,sdt8-homo-3 / RMSF,RMSF,Residue,209,0.124425136,nm,nm
line,overlay,sdt8-homo-3,sdt8-homo-3,rmsf,g31zk0d8,g31zk0d8::RMSF,sdt8-homo-3 / RMSF,RMSF,Residue,210,0.10030953,nm,nm
line,overlay,sdt8-homo-3,sdt8-homo-3,rmsf,g31zk0d8,g31zk0d8::RMSF,sdt8-homo-3 / RMSF,RMSF,Residue,211,0.06581444,nm,nm
line,overlay,sdt8-homo-3,sdt8-homo-3,rmsf,g31zk0d8,g31zk0d8::RMSF,sdt8-homo-3 / RMSF,RMSF,Residue,212,0.06281541,nm,nm
line,overlay,sdt8-homo-3,sdt8-homo-3,rmsf,g31zk0d8,g31zk0d8::RMSF,sdt8-homo-3 / RMSF,RMSF,Residue,213,0.061745092,nm,nm
line,overlay,sdt8-homo-3,sdt8-homo-3,rmsf,g31zk0d8,g31zk0d8::RMSF,sdt8-homo-3 / RMSF,RMSF,Residue,214,0.055801164,nm,nm
line,overlay,sdt8-homo-3,sdt8-homo-3,rmsf,g31zk0d8,g31zk0d8::RMSF,sdt8-homo-3 / RMSF,RMSF,Residue,215,0.049947374,nm,nm
line,overlay,sdt8-homo-3,sdt8-homo-3,rmsf,g31zk0d8,g31zk0d8::RMSF,sdt8-homo-3 / RMSF,RMSF,Residue,216,0.051698804,nm,nm
line,overlay,sdt8-homo-3,sdt8-homo-3,rmsf,g31zk0d8,g31zk0d8::RMSF,sdt8-homo-3 / RMSF,RMSF,Residue,217,0.0463678,nm,nm
line,overlay,sdt8-homo-3,sdt8-homo-3,rmsf,g31zk0d8,g31zk0d8::RMSF,sdt8-homo-3 / RMSF,RMSF,Residue,218,0.053917155,nm,nm
line,overlay,sdt8-homo-3,sdt8-homo-3,rmsf,g31zk0d8,g31zk0d8::RMSF,sdt8-homo-3 / RMSF,RMSF,Residue,219,0.050578143,nm,nm
line,overlay,sdt8-homo-3,sdt8-homo-3,rmsf,g31zk0d8,g31zk0d8::RMSF,sdt8-homo-3 / RMSF,RMSF,Residue,220,0.061968215,nm,nm
line,overlay,sdt8-homo-3,sdt8-homo-3,rmsf,g31zk0d8,g31zk0d8::RMSF,sdt8-homo-3 / RMSF,RMSF,Residue,221,0.07350966,nm,nm
line,overlay,sdt8-homo-3,sdt8-homo-3,rmsf,g31zk0d8,g31zk0d8::RMSF,sdt8-homo-3 / RMSF,RMSF,Residue,222,0.06048783,nm,nm
line,overlay,sdt8-homo-3,sdt8-homo-3,rmsf,g31zk0d8,g31zk0d8::RMSF,sdt8-homo-3 / RMSF,RMSF,Residue,223,0.0701368,nm,nm
line,overlay,sdt8-homo-3,sdt8-homo-3,rmsf,g31zk0d8,g31zk0d8::RMSF,sdt8-homo-3 / RMSF,RMSF,Residue,224,0.07913226,nm,nm
line,overlay,sdt8-homo-3,sdt8-homo-3,rmsf,g31zk0d8,g31zk0d8::RMSF,sdt8-homo-3 / RMSF,RMSF,Residue,225,0.07333879,nm,nm
line,overlay,sdt8-homo-3,sdt8-homo-3,rmsf,g31zk0d8,g31zk0d8::RMSF,sdt8-homo-3 / RMSF,RMSF,Residue,226,0.06684659,nm,nm
line,overlay,sdt8-homo-3,sdt8-homo-3,rmsf,g31zk0d8,g31zk0d8::RMSF,sdt8-homo-3 / RMSF,RMSF,Residue,227,0.069340974,nm,nm
line,overlay,sdt8-homo-3,sdt8-homo-3,rmsf,g31zk0d8,g31zk0d8::RMSF,sdt8-homo-3 / RMSF,RMSF,Residue,228,0.072267756,nm,nm
line,overlay,sdt8-homo-3,sdt8-homo-3,rmsf,g31zk0d8,g31zk0d8::RMSF,sdt8-homo-3 / RMSF,RMSF,Residue,229,0.07116503,nm,nm
line,overlay,sdt8-homo-3,sdt8-homo-3,rmsf,g31zk0d8,g31zk0d8::RMSF,sdt8-homo-3 / RMSF,RMSF,Residue,230,0.06750026,nm,nm
line,overlay,sdt8-homo-3,sdt8-homo-3,rmsf,g31zk0d8,g31zk0d8::RMSF,sdt8-homo-3 / RMSF,RMSF,Residue,231,0.073828846,nm,nm
line,overlay,sdt8-homo-3,sdt8-homo-3,rmsf,g31zk0d8,g31zk0d8::RMSF,sdt8-homo-3 / RMSF,RMSF,Residue,232,0.087519795,nm,nm
line,overlay,sdt8-homo-3,sdt8-homo-3,rmsf,g31zk0d8,g31zk0d8::RMSF,sdt8-homo-3 / RMSF,RMSF,Residue,233,0.093037635,nm,nm
line,overlay,sdt8-homo-3,sdt8-homo-3,rmsf,g31zk0d8,g31zk0d8::RMSF,sdt8-homo-3 / RMSF,RMSF,Residue,234,0.08795712,nm,nm
line,overlay,sdt8-homo-3,sdt8-homo-3,rmsf,g31zk0d8,g31zk0d8::RMSF,sdt8-homo-3 / RMSF,RMSF,Residue,235,0.08899099,nm,nm
line,overlay,sdt8-homo-3,sdt8-homo-3,rmsf,g31zk0d8,g31zk0d8::RMSF,sdt8-homo-3 / RMSF,RMSF,Residue,236,0.0783041,nm,nm
line,overlay,sdt8-homo-3,sdt8-homo-3,rmsf,g31zk0d8,g31zk0d8::RMSF,sdt8-homo-3 / RMSF,RMSF,Residue,237,0.073009916,nm,nm
line,overlay,sdt8-homo-3,sdt8-homo-3,rmsf,g31zk0d8,g31zk0d8::RMSF,sdt8-homo-3 / RMSF,RMSF,Residue,238,0.062134717,nm,nm
line,overlay,sdt8-homo-3,sdt8-homo-3,rmsf,g31zk0d8,g31zk0d8::RMSF,sdt8-homo-3 / RMSF,RMSF,Residue,239,0.0571581,nm,nm
line,overlay,sdt8-homo-3,sdt8-homo-3,rmsf,g31zk0d8,g31zk0d8::RMSF,sdt8-homo-3 / RMSF,RMSF,Residue,240,0.058621675,nm,nm
line,overlay,sdt8-homo-3,sdt8-homo-3,rmsf,g31zk0d8,g31zk0d8::RMSF,sdt8-homo-3 / RMSF,RMSF,Residue,241,0.051665634,nm,nm
line,overlay,sdt8-homo-3,sdt8-homo-3,rmsf,g31zk0d8,g31zk0d8::RMSF,sdt8-homo-3 / RMSF,RMSF,Residue,242,0.054575197,nm,nm
line,overlay,sdt8-homo-3,sdt8-homo-3,rmsf,g31zk0d8,g31zk0d8::RMSF,sdt8-homo-3 / RMSF,RMSF,Residue,243,0.04991204,nm,nm
line,overlay,sdt8-homo-3,sdt8-homo-3,rmsf,g31zk0d8,g31zk0d8::RMSF,sdt8-homo-3 / RMSF,RMSF,Residue,244,0.061212834,nm,nm
line,overlay,sdt8-homo-3,sdt8-homo-3,rmsf,g31zk0d8,g31zk0d8::RMSF,sdt8-homo-3 / RMSF,RMSF,Residue,245,0.079017214,nm,nm
line,overlay,sdt8-homo-3,sdt8-homo-3,rmsf,g31zk0d8,g31zk0d8::RMSF,sdt8-homo-3 / RMSF,RMSF,Residue,246,0.08095527,nm,nm
line,overlay,sdt8-homo-3,sdt8-homo-3,rmsf,g31zk0d8,g31zk0d8::RMSF,sdt8-homo-3 / RMSF,RMSF,Residue,247,0.09378277,nm,nm
line,overlay,sdt8-homo-3,sdt8-homo-3,rmsf,g31zk0d8,g31zk0d8::RMSF,sdt8-homo-3 / RMSF,RMSF,Residue,248,0.0962956,nm,nm
line,overlay,sdt8-homo-3,sdt8-homo-3,rmsf,g31zk0d8,g31zk0d8::RMSF,sdt8-homo-3 / RMSF,RMSF,Residue,249,0.1224968,nm,nm
line,overlay,sdt8-homo-3,sdt8-homo-3,rmsf,g31zk0d8,g31zk0d8::RMSF,sdt8-homo-3 / RMSF,RMSF,Residue,250,0.10099232,nm,nm
line,overlay,sdt8-homo-3,sdt8-homo-3,rmsf,g31zk0d8,g31zk0d8::RMSF,sdt8-homo-3 / RMSF,RMSF,Residue,251,0.09720151,nm,nm
line,overlay,sdt8-homo-3,sdt8-homo-3,rmsf,g31zk0d8,g31zk0d8::RMSF,sdt8-homo-3 / RMSF,RMSF,Residue,252,0.09347251,nm,nm
line,overlay,sdt8-homo-3,sdt8-homo-3,rmsf,g31zk0d8,g31zk0d8::RMSF,sdt8-homo-3 / RMSF,RMSF,Residue,253,0.0744695,nm,nm
line,overlay,sdt8-homo-3,sdt8-homo-3,rmsf,g31zk0d8,g31zk0d8::RMSF,sdt8-homo-3 / RMSF,RMSF,Residue,254,0.076180026,nm,nm
line,overlay,sdt8-homo-3,sdt8-homo-3,rmsf,g31zk0d8,g31zk0d8::RMSF,sdt8-homo-3 / RMSF,RMSF,Residue,255,0.094425455,nm,nm
line,overlay,sdt8-homo-3,sdt8-homo-3,rmsf,g31zk0d8,g31zk0d8::RMSF,sdt8-homo-3 / RMSF,RMSF,Residue,256,0.087991655,nm,nm
line,overlay,sdt8-homo-3,sdt8-homo-3,rmsf,g31zk0d8,g31zk0d8::RMSF,sdt8-homo-3 / RMSF,RMSF,Residue,257,0.09217157,nm,nm
line,overlay,sdt8-homo-3,sdt8-homo-3,rmsf,g31zk0d8,g31zk0d8::RMSF,sdt8-homo-3 / RMSF,RMSF,Residue,258,0.10152274,nm,nm
line,overlay,sdt8-homo-3,sdt8-homo-3,rmsf,g31zk0d8,g31zk0d8::RMSF,sdt8-homo-3 / RMSF,RMSF,Residue,259,0.1023705,nm,nm
line,overlay,sdt8-homo-3,sdt8-homo-3,rmsf,g31zk0d8,g31zk0d8::RMSF,sdt8-homo-3 / RMSF,RMSF,Residue,260,0.09875147,nm,nm
line,overlay,sdt8-homo-3,sdt8-homo-3,rmsf,g31zk0d8,g31zk0d8::RMSF,sdt8-homo-3 / RMSF,RMSF,Residue,261,0.1021037,nm,nm
line,overlay,sdt8-homo-3,sdt8-homo-3,rmsf,g31zk0d8,g31zk0d8::RMSF,sdt8-homo-3 / RMSF,RMSF,Residue,262,0.11327156,nm,nm
line,overlay,sdt8-homo-3,sdt8-homo-3,rmsf,g31zk0d8,g31zk0d8::RMSF,sdt8-homo-3 / RMSF,RMSF,Residue,263,0.09791902,nm,nm
line,overlay,sdt8-homo-3,sdt8-homo-3,rmsf,g31zk0d8,g31zk0d8::RMSF,sdt8-homo-3 / RMSF,RMSF,Residue,264,0.1012193,nm,nm
line,overlay,sdt8-homo-3,sdt8-homo-3,rmsf,g31zk0d8,g31zk0d8::RMSF,sdt8-homo-3 / RMSF,RMSF,Residue,265,0.10021383,nm,nm
line,overlay,sdt8-homo-3,sdt8-homo-3,rmsf,g31zk0d8,g31zk0d8::RMSF,sdt8-homo-3 / RMSF,RMSF,Residue,266,0.10997217,nm,nm
line,overlay,sdt8-homo-3,sdt8-homo-3,rmsf,g31zk0d8,g31zk0d8::RMSF,sdt8-homo-3 / RMSF,RMSF,Residue,267,0.09884119,nm,nm
line,overlay,sdt8-homo-3,sdt8-homo-3,rmsf,g31zk0d8,g31zk0d8::RMSF,sdt8-homo-3 / RMSF,RMSF,Residue,268,0.082169116,nm,nm
line,overlay,sdt8-homo-3,sdt8-homo-3,rmsf,g31zk0d8,g31zk0d8::RMSF,sdt8-homo-3 / RMSF,RMSF,Residue,269,0.08932879,nm,nm
line,overlay,sdt8-homo-3,sdt8-homo-3,rmsf,g31zk0d8,g31zk0d8::RMSF,sdt8-homo-3 / RMSF,RMSF,Residue,270,0.09063487,nm,nm
line,overlay,sdt8-homo-3,sdt8-homo-3,rmsf,g31zk0d8,g31zk0d8::RMSF,sdt8-homo-3 / RMSF,RMSF,Residue,271,0.078577995,nm,nm
line,overlay,sdt8-homo-3,sdt8-homo-3,rmsf,g31zk0d8,g31zk0d8::RMSF,sdt8-homo-3 / RMSF,RMSF,Residue,272,0.07681094,nm,nm
line,overlay,sdt8-homo-3,sdt8-homo-3,rmsf,g31zk0d8,g31zk0d8::RMSF,sdt8-homo-3 / RMSF,RMSF,Residue,273,0.0880059,nm,nm
line,overlay,sdt8-homo-3,sdt8-homo-3,rmsf,g31zk0d8,g31zk0d8::RMSF,sdt8-homo-3 / RMSF,RMSF,Residue,274,0.088523045,nm,nm
line,overlay,sdt8-homo-3,sdt8-homo-3,rmsf,g31zk0d8,g31zk0d8::RMSF,sdt8-homo-3 / RMSF,RMSF,Residue,275,0.07797839,nm,nm
line,overlay,sdt8-homo-3,sdt8-homo-3,rmsf,g31zk0d8,g31zk0d8::RMSF,sdt8-homo-3 / RMSF,RMSF,Residue,276,0.09251266,nm,nm
line,overlay,sdt8-homo-3,sdt8-homo-3,rmsf,g31zk0d8,g31zk0d8::RMSF,sdt8-homo-3 / RMSF,RMSF,Residue,277,0.09305911,nm,nm
line,overlay,sdt8-homo-3,sdt8-homo-3,rmsf,g31zk0d8,g31zk0d8::RMSF,sdt8-homo-3 / RMSF,RMSF,Residue,278,0.08327523,nm,nm
line,overlay,sdt8-homo-3,sdt8-homo-3,rmsf,g31zk0d8,g31zk0d8::RMSF,sdt8-homo-3 / RMSF,RMSF,Residue,279,0.075500794,nm,nm
line,overlay,sdt8-homo-3,sdt8-homo-3,rmsf,g31zk0d8,g31zk0d8::RMSF,sdt8-homo-3 / RMSF,RMSF,Residue,280,0.054923862,nm,nm
line,overlay,sdt8-homo-3,sdt8-homo-3,rmsf,g31zk0d8,g31zk0d8::RMSF,sdt8-homo-3 / RMSF,RMSF,Residue,281,0.044846613,nm,nm
line,overlay,sdt8-homo-3,sdt8-homo-3,rmsf,g31zk0d8,g31zk0d8::RMSF,sdt8-homo-3 / RMSF,RMSF,Residue,282,0.04126247,nm,nm
line,overlay,sdt8-homo-3,sdt8-homo-3,rmsf,g31zk0d8,g31zk0d8::RMSF,sdt8-homo-3 / RMSF,RMSF,Residue,283,0.043906707,nm,nm
line,overlay,sdt8-homo-3,sdt8-homo-3,rmsf,g31zk0d8,g31zk0d8::RMSF,sdt8-homo-3 / RMSF,RMSF,Residue,284,0.053199075,nm,nm
line,overlay,sdt8-homo-3,sdt8-homo-3,rmsf,g31zk0d8,g31zk0d8::RMSF,sdt8-homo-3 / RMSF,RMSF,Residue,285,0.0638588,nm,nm
line,overlay,sdt8-homo-3,sdt8-homo-3,rmsf,g31zk0d8,g31zk0d8::RMSF,sdt8-homo-3 / RMSF,RMSF,Residue,286,0.0963085,nm,nm
line,overlay,sdt8-homo-3,sdt8-homo-3,rmsf,g31zk0d8,g31zk0d8::RMSF,sdt8-homo-3 / RMSF,RMSF,Residue,287,0.09543734,nm,nm
line,overlay,sdt8-homo-3,sdt8-homo-3,rmsf,g31zk0d8,g31zk0d8::RMSF,sdt8-homo-3 / RMSF,RMSF,Residue,288,0.10693397,nm,nm
line,overlay,sdt8-homo-3,sdt8-homo-3,rmsf,g31zk0d8,g31zk0d8::RMSF,sdt8-homo-3 / RMSF,RMSF,Residue,289,0.09815994,nm,nm
line,overlay,sdt8-homo-3,sdt8-homo-3,rmsf,g31zk0d8,g31zk0d8::RMSF,sdt8-homo-3 / RMSF,RMSF,Residue,290,0.10693712,nm,nm
line,overlay,sdt8-homo-3,sdt8-homo-3,rmsf,g31zk0d8,g31zk0d8::RMSF,sdt8-homo-3 / RMSF,RMSF,Residue,291,0.09270757,nm,nm
line,overlay,sdt8-homo-3,sdt8-homo-3,rmsf,g31zk0d8,g31zk0d8::RMSF,sdt8-homo-3 / RMSF,RMSF,Residue,292,0.096589126,nm,nm
line,overlay,sdt8-homo-3,sdt8-homo-3,rmsf,g31zk0d8,g31zk0d8::RMSF,sdt8-homo-3 / RMSF,RMSF,Residue,293,0.103931345,nm,nm
line,overlay,sdt8-homo-3,sdt8-homo-3,rmsf,g31zk0d8,g31zk0d8::RMSF,sdt8-homo-3 / RMSF,RMSF,Residue,294,0.100819126,nm,nm
line,overlay,sdt8-homo-3,sdt8-homo-3,rmsf,g31zk0d8,g31zk0d8::RMSF,sdt8-homo-3 / RMSF,RMSF,Residue,295,0.082067035,nm,nm
line,overlay,sdt8-homo-3,sdt8-homo-3,rmsf,g31zk0d8,g31zk0d8::RMSF,sdt8-homo-3 / RMSF,RMSF,Residue,296,0.080092534,nm,nm
line,overlay,sdt8-homo-3,sdt8-homo-3,rmsf,g31zk0d8,g31zk0d8::RMSF,sdt8-homo-3 / RMSF,RMSF,Residue,297,0.08796114,nm,nm
line,overlay,sdt8-homo-3,sdt8-homo-3,rmsf,g31zk0d8,g31zk0d8::RMSF,sdt8-homo-3 / RMSF,RMSF,Residue,298,0.08085166,nm,nm
line,overlay,sdt8-homo-3,sdt8-homo-3,rmsf,g31zk0d8,g31zk0d8::RMSF,sdt8-homo-3 / RMSF,RMSF,Residue,299,0.06785142,nm,nm
line,overlay,sdt8-homo-3,sdt8-homo-3,rmsf,g31zk0d8,g31zk0d8::RMSF,sdt8-homo-3 / RMSF,RMSF,Residue,300,0.07105255,nm,nm
line,overlay,sdt8-homo-3,sdt8-homo-3,rmsf,g31zk0d8,g31zk0d8::RMSF,sdt8-homo-3 / RMSF,RMSF,Residue,301,0.0782089,nm,nm
line,overlay,sdt8-homo-3,sdt8-homo-3,rmsf,g31zk0d8,g31zk0d8::RMSF,sdt8-homo-3 / RMSF,RMSF,Residue,302,0.073857464,nm,nm
line,overlay,sdt8-homo-3,sdt8-homo-3,rmsf,g31zk0d8,g31zk0d8::RMSF,sdt8-homo-3 / RMSF,RMSF,Residue,303,0.06909484,nm,nm
line,overlay,sdt8-homo-3,sdt8-homo-3,rmsf,g31zk0d8,g31zk0d8::RMSF,sdt8-homo-3 / RMSF,RMSF,Residue,304,0.07861837,nm,nm
line,overlay,sdt8-homo-3,sdt8-homo-3,rmsf,g31zk0d8,g31zk0d8::RMSF,sdt8-homo-3 / RMSF,RMSF,Residue,305,0.084486805,nm,nm
line,overlay,sdt8-homo-3,sdt8-homo-3,rmsf,g31zk0d8,g31zk0d8::RMSF,sdt8-homo-3 / RMSF,RMSF,Residue,306,0.08033283,nm,nm
line,overlay,sdt8-homo-3,sdt8-homo-3,rmsf,g31zk0d8,g31zk0d8::RMSF,sdt8-homo-3 / RMSF,RMSF,Residue,307,0.076897934,nm,nm
line,overlay,sdt8-homo-3,sdt8-homo-3,rmsf,g31zk0d8,g31zk0d8::RMSF,sdt8-homo-3 / RMSF,RMSF,Residue,308,0.0645105,nm,nm
line,overlay,sdt8-homo-3,sdt8-homo-3,rmsf,g31zk0d8,g31zk0d8::RMSF,sdt8-homo-3 / RMSF,RMSF,Residue,309,0.056318987,nm,nm
line,overlay,sdt8-homo-3,sdt8-homo-3,rmsf,g31zk0d8,g31zk0d8::RMSF,sdt8-homo-3 / RMSF,RMSF,Residue,310,0.048036877,nm,nm
line,overlay,sdt8-homo-3,sdt8-homo-3,rmsf,g31zk0d8,g31zk0d8::RMSF,sdt8-homo-3 / RMSF,RMSF,Residue,311,0.04980019,nm,nm
line,overlay,sdt8-homo-3,sdt8-homo-3,rmsf,g31zk0d8,g31zk0d8::RMSF,sdt8-homo-3 / RMSF,RMSF,Residue,312,0.055692807,nm,nm
line,overlay,sdt8-homo-3,sdt8-homo-3,rmsf,g31zk0d8,g31zk0d8::RMSF,sdt8-homo-3 / RMSF,RMSF,Residue,313,0.06180409,nm,nm
line,overlay,sdt8-homo-3,sdt8-homo-3,rmsf,g31zk0d8,g31zk0d8::RMSF,sdt8-homo-3 / RMSF,RMSF,Residue,314,0.07551522,nm,nm
line,overlay,sdt8-homo-3,sdt8-homo-3,rmsf,g31zk0d8,g31zk0d8::RMSF,sdt8-homo-3 / RMSF,RMSF,Residue,315,0.08831461,nm,nm
line,overlay,sdt8-homo-3,sdt8-homo-3,rmsf,g31zk0d8,g31zk0d8::RMSF,sdt8-homo-3 / RMSF,RMSF,Residue,316,0.13354549,nm,nm
line,overlay,sdt8-homo-3,sdt8-homo-3,rmsf,g31zk0d8,g31zk0d8::RMSF,sdt8-homo-3 / RMSF,RMSF,Residue,317,0.13446693,nm,nm
line,overlay,sdt8-homo-3,sdt8-homo-3,rmsf,g31zk0d8,g31zk0d8::RMSF,sdt8-homo-3 / RMSF,RMSF,Residue,318,0.1449461,nm,nm
line,overlay,sdt8-homo-3,sdt8-homo-3,rmsf,g31zk0d8,g31zk0d8::RMSF,sdt8-homo-3 / RMSF,RMSF,Residue,319,0.23579116,nm,nm
line,overlay,sdt8-homo-3,sdt8-homo-3,rmsf,g31zk0d8,g31zk0d8::RMSF,sdt8-homo-3 / RMSF,RMSF,Residue,320,0.2119294,nm,nm
line,overlay,sdt8-homo-3,sdt8-homo-3,rmsf,g31zk0d8,g31zk0d8::RMSF,sdt8-homo-3 / RMSF,RMSF,Residue,321,0.16300315,nm,nm
line,overlay,sdt8-homo-3,sdt8-homo-3,rmsf,g31zk0d8,g31zk0d8::RMSF,sdt8-homo-3 / RMSF,RMSF,Residue,322,0.1318673,nm,nm
line,overlay,sdt8-homo-3,sdt8-homo-3,rmsf,g31zk0d8,g31zk0d8::RMSF,sdt8-homo-3 / RMSF,RMSF,Residue,323,0.11812107,nm,nm
line,overlay,sdt8-homo-3,sdt8-homo-3,rmsf,g31zk0d8,g31zk0d8::RMSF,sdt8-homo-3 / RMSF,RMSF,Residue,324,0.09501597,nm,nm
line,overlay,sdt8-homo-3,sdt8-homo-3,rmsf,g31zk0d8,g31zk0d8::RMSF,sdt8-homo-3 / RMSF,RMSF,Residue,325,0.09825442,nm,nm
line,overlay,sdt8-homo-3,sdt8-homo-3,rmsf,g31zk0d8,g31zk0d8::RMSF,sdt8-homo-3 / RMSF,RMSF,Residue,326,0.11526125,nm,nm
line,overlay,sdt8-homo-3,sdt8-homo-3,rmsf,g31zk0d8,g31zk0d8::RMSF,sdt8-homo-3 / RMSF,RMSF,Residue,327,0.11544817,nm,nm
line,overlay,sdt8-homo-3,sdt8-homo-3,rmsf,g31zk0d8,g31zk0d8::RMSF,sdt8-homo-3 / RMSF,RMSF,Residue,328,0.08818366,nm,nm
line,overlay,sdt8-homo-3,sdt8-homo-3,rmsf,g31zk0d8,g31zk0d8::RMSF,sdt8-homo-3 / RMSF,RMSF,Residue,329,0.091137126,nm,nm
line,overlay,sdt8-homo-3,sdt8-homo-3,rmsf,g31zk0d8,g31zk0d8::RMSF,sdt8-homo-3 / RMSF,RMSF,Residue,330,0.10372296,nm,nm
line,overlay,sdt8-homo-3,sdt8-homo-3,rmsf,g31zk0d8,g31zk0d8::RMSF,sdt8-homo-3 / RMSF,RMSF,Residue,331,0.09507409,nm,nm
line,overlay,sdt8-homo-3,sdt8-homo-3,rmsf,g31zk0d8,g31zk0d8::RMSF,sdt8-homo-3 / RMSF,RMSF,Residue,332,0.08051146,nm,nm
line,overlay,sdt8-homo-3,sdt8-homo-3,rmsf,g31zk0d8,g31zk0d8::RMSF,sdt8-homo-3 / RMSF,RMSF,Residue,333,0.09544224,nm,nm
line,overlay,sdt8-homo-3,sdt8-homo-3,rmsf,g31zk0d8,g31zk0d8::RMSF,sdt8-homo-3 / RMSF,RMSF,Residue,334,0.10434933,nm,nm
line,overlay,sdt8-homo-3,sdt8-homo-3,rmsf,g31zk0d8,g31zk0d8::RMSF,sdt8-homo-3 / RMSF,RMSF,Residue,335,0.07631612,nm,nm
line,overlay,sdt8-homo-3,sdt8-homo-3,rmsf,g31zk0d8,g31zk0d8::RMSF,sdt8-homo-3 / RMSF,RMSF,Residue,336,0.06354015,nm,nm
line,overlay,sdt8-homo-3,sdt8-homo-3,rmsf,g31zk0d8,g31zk0d8::RMSF,sdt8-homo-3 / RMSF,RMSF,Residue,337,0.06615041,nm,nm
line,overlay,sdt8-homo-3,sdt8-homo-3,rmsf,g31zk0d8,g31zk0d8::RMSF,sdt8-homo-3 / RMSF,RMSF,Residue,338,0.06860342,nm,nm
line,overlay,sdt8-homo-3,sdt8-homo-3,rmsf,g31zk0d8,g31zk0d8::RMSF,sdt8-homo-3 / RMSF,RMSF,Residue,339,0.07169098,nm,nm
line,overlay,sdt8-homo-3,sdt8-homo-3,rmsf,g31zk0d8,g31zk0d8::RMSF,sdt8-homo-3 / RMSF,RMSF,Residue,340,0.08081906,nm,nm
line,overlay,sdt8-homo-3,sdt8-homo-3,rmsf,g31zk0d8,g31zk0d8::RMSF,sdt8-homo-3 / RMSF,RMSF,Residue,341,0.08281399,nm,nm
line,overlay,sdt8-homo-3,sdt8-homo-3,rmsf,g31zk0d8,g31zk0d8::RMSF,sdt8-homo-3 / RMSF,RMSF,Residue,342,0.0768179,nm,nm
line,overlay,sdt8-homo-3,sdt8-homo-3,rmsf,g31zk0d8,g31zk0d8::RMSF,sdt8-homo-3 / RMSF,RMSF,Residue,343,0.06993658,nm,nm
line,overlay,sdt8-homo-3,sdt8-homo-3,rmsf,g31zk0d8,g31zk0d8::RMSF,sdt8-homo-3 / RMSF,RMSF,Residue,344,0.0697641,nm,nm
line,overlay,sdt8-homo-3,sdt8-homo-3,rmsf,g31zk0d8,g31zk0d8::RMSF,sdt8-homo-3 / RMSF,RMSF,Residue,345,0.056896035,nm,nm
line,overlay,sdt8-homo-3,sdt8-homo-3,rmsf,g31zk0d8,g31zk0d8::RMSF,sdt8-homo-3 / RMSF,RMSF,Residue,346,0.06594868,nm,nm
line,overlay,sdt8-homo-3,sdt8-homo-3,rmsf,g31zk0d8,g31zk0d8::RMSF,sdt8-homo-3 / RMSF,RMSF,Residue,347,0.07088815,nm,nm
line,overlay,sdt8-homo-3,sdt8-homo-3,rmsf,g31zk0d8,g31zk0d8::RMSF,sdt8-homo-3 / RMSF,RMSF,Residue,348,0.054335415,nm,nm
line,overlay,sdt8-homo-3,sdt8-homo-3,rmsf,g31zk0d8,g31zk0d8::RMSF,sdt8-homo-3 / RMSF,RMSF,Residue,349,0.05655105,nm,nm
line,overlay,sdt8-homo-3,sdt8-homo-3,rmsf,g31zk0d8,g31zk0d8::RMSF,sdt8-homo-3 / RMSF,RMSF,Residue,350,0.083181724,nm,nm
line,overlay,sdt8-homo-3,sdt8-homo-3,rmsf,g31zk0d8,g31zk0d8::RMSF,sdt8-homo-3 / RMSF,RMSF,Residue,351,0.08529369,nm,nm
line,overlay,sdt8-homo-3,sdt8-homo-3,rmsf,g31zk0d8,g31zk0d8::RMSF,sdt8-homo-3 / RMSF,RMSF,Residue,352,0.08820269,nm,nm
line,overlay,sdt8-homo-3,sdt8-homo-3,rmsf,g31zk0d8,g31zk0d8::RMSF,sdt8-homo-3 / RMSF,RMSF,Residue,353,0.074289754,nm,nm
line,overlay,sdt8-homo-3,sdt8-homo-3,rmsf,g31zk0d8,g31zk0d8::RMSF,sdt8-homo-3 / RMSF,RMSF,Residue,354,0.059169173,nm,nm
line,overlay,sdt8-homo-3,sdt8-homo-3,rmsf,g31zk0d8,g31zk0d8::RMSF,sdt8-homo-3 / RMSF,RMSF,Residue,355,0.060856048,nm,nm
line,overlay,sdt8-homo-3,sdt8-homo-3,rmsf,g31zk0d8,g31zk0d8::RMSF,sdt8-homo-3 / RMSF,RMSF,Residue,356,0.05119478,nm,nm
line,overlay,sdt8-homo-3,sdt8-homo-3,rmsf,g31zk0d8,g31zk0d8::RMSF,sdt8-homo-3 / RMSF,RMSF,Residue,357,0.04184761,nm,nm
line,overlay,sdt8-homo-3,sdt8-homo-3,rmsf,g31zk0d8,g31zk0d8::RMSF,sdt8-homo-3 / RMSF,RMSF,Residue,358,0.041818805,nm,nm
line,overlay,sdt8-homo-3,sdt8-homo-3,rmsf,g31zk0d8,g31zk0d8::RMSF,sdt8-homo-3 / RMSF,RMSF,Residue,359,0.047740713,nm,nm
line,overlay,sdt8-homo-3,sdt8-homo-3,rmsf,g31zk0d8,g31zk0d8::RMSF,sdt8-homo-3 / RMSF,RMSF,Residue,360,0.047521275,nm,nm
line,overlay,sdt8-homo-3,sdt8-homo-3,rmsf,g31zk0d8,g31zk0d8::RMSF,sdt8-homo-3 / RMSF,RMSF,Residue,361,0.05147798,nm,nm
line,overlay,sdt8-homo-3,sdt8-homo-3,rmsf,g31zk0d8,g31zk0d8::RMSF,sdt8-homo-3 / RMSF,RMSF,Residue,362,0.05369061,nm,nm
line,overlay,sdt8-homo-3,sdt8-homo-3,rmsf,g31zk0d8,g31zk0d8::RMSF,sdt8-homo-3 / RMSF,RMSF,Residue,363,0.05337108,nm,nm
line,overlay,sdt8-homo-3,sdt8-homo-3,rmsf,g31zk0d8,g31zk0d8::RMSF,sdt8-homo-3 / RMSF,RMSF,Residue,364,0.0649301,nm,nm
line,overlay,sdt8-homo-3,sdt8-homo-3,rmsf,g31zk0d8,g31zk0d8::RMSF,sdt8-homo-3 / RMSF,RMSF,Residue,365,0.05514262,nm,nm
line,overlay,sdt8-homo-3,sdt8-homo-3,rmsf,g31zk0d8,g31zk0d8::RMSF,sdt8-homo-3 / RMSF,RMSF,Residue,366,0.047276866,nm,nm
line,overlay,sdt8-homo-3,sdt8-homo-3,rmsf,g31zk0d8,g31zk0d8::RMSF,sdt8-homo-3 / RMSF,RMSF,Residue,367,0.04703898,nm,nm
line,overlay,sdt8-homo-3,sdt8-homo-3,rmsf,g31zk0d8,g31zk0d8::RMSF,sdt8-homo-3 / RMSF,RMSF,Residue,368,0.05362853,nm,nm
line,overlay,sdt8-homo-3,sdt8-homo-3,rmsf,g31zk0d8,g31zk0d8::RMSF,sdt8-homo-3 / RMSF,RMSF,Residue,369,0.052207295,nm,nm
line,overlay,sdt8-homo-3,sdt8-homo-3,rmsf,g31zk0d8,g31zk0d8::RMSF,sdt8-homo-3 / RMSF,RMSF,Residue,370,0.05201067,nm,nm
line,overlay,sdt8-homo-3,sdt8-homo-3,rmsf,g31zk0d8,g31zk0d8::RMSF,sdt8-homo-3 / RMSF,RMSF,Residue,371,0.061036594,nm,nm
line,overlay,sdt8-homo-3,sdt8-homo-3,rmsf,g31zk0d8,g31zk0d8::RMSF,sdt8-homo-3 / RMSF,RMSF,Residue,372,0.060910005,nm,nm
line,overlay,sdt8-homo-3,sdt8-homo-3,rmsf,g31zk0d8,g31zk0d8::RMSF,sdt8-homo-3 / RMSF,RMSF,Residue,373,0.061135862,nm,nm
line,overlay,sdt8-homo-3,sdt8-homo-3,rmsf,g31zk0d8,g31zk0d8::RMSF,sdt8-homo-3 / RMSF,RMSF,Residue,374,0.05200806,nm,nm
line,overlay,sdt8-homo-3,sdt8-homo-3,rmsf,g31zk0d8,g31zk0d8::RMSF,sdt8-homo-3 / RMSF,RMSF,Residue,375,0.050878044,nm,nm
line,overlay,sdt8-homo-3,sdt8-homo-3,rmsf,g31zk0d8,g31zk0d8::RMSF,sdt8-homo-3 / RMSF,RMSF,Residue,376,0.048403148,nm,nm
line,overlay,sdt8-homo-3,sdt8-homo-3,rmsf,g31zk0d8,g31zk0d8::RMSF,sdt8-homo-3 / RMSF,RMSF,Residue,377,0.046019353,nm,nm
line,overlay,sdt8-homo-3,sdt8-homo-3,rmsf,g31zk0d8,g31zk0d8::RMSF,sdt8-homo-3 / RMSF,RMSF,Residue,378,0.047555115,nm,nm
line,overlay,sdt8-homo-3,sdt8-homo-3,rmsf,g31zk0d8,g31zk0d8::RMSF,sdt8-homo-3 / RMSF,RMSF,Residue,379,0.047865234,nm,nm
line,overlay,sdt8-homo-3,sdt8-homo-3,rmsf,g31zk0d8,g31zk0d8::RMSF,sdt8-homo-3 / RMSF,RMSF,Residue,380,0.054035038,nm,nm
line,overlay,sdt8-homo-3,sdt8-homo-3,rmsf,g31zk0d8,g31zk0d8::RMSF,sdt8-homo-3 / RMSF,RMSF,Residue,381,0.07306923,nm,nm
line,overlay,sdt8-homo-3,sdt8-homo-3,rmsf,g31zk0d8,g31zk0d8::RMSF,sdt8-homo-3 / RMSF,RMSF,Residue,382,0.089166194,nm,nm
line,overlay,sdt8-homo-3,sdt8-homo-3,rmsf,g31zk0d8,g31zk0d8::RMSF,sdt8-homo-3 / RMSF,RMSF,Residue,383,0.16261786,nm,nm
line,overlay,sdt8-homo-3,sdt8-homo-3,rmsf,g31zk0d8,g31zk0d8::RMSF,sdt8-homo-3 / RMSF,RMSF,Residue,384,0.072357215,nm,nm
line,overlay,sdt8-homo-3,sdt8-homo-3,rmsf,g31zk0d8,g31zk0d8::RMSF,sdt8-homo-3 / RMSF,RMSF,Residue,385,0.060915317,nm,nm
line,overlay,sdt8-homo-3,sdt8-homo-3,rmsf,g31zk0d8,g31zk0d8::RMSF,sdt8-homo-3 / RMSF,RMSF,Residue,386,0.0648268,nm,nm
line,overlay,sdt8-homo-3,sdt8-homo-3,rmsf,g31zk0d8,g31zk0d8::RMSF,sdt8-homo-3 / RMSF,RMSF,Residue,387,0.065573744,nm,nm
line,overlay,sdt8-homo-3,sdt8-homo-3,rmsf,g31zk0d8,g31zk0d8::RMSF,sdt8-homo-3 / RMSF,RMSF,Residue,388,0.055240322,nm,nm
line,overlay,sdt8-homo-3,sdt8-homo-3,rmsf,g31zk0d8,g31zk0d8::RMSF,sdt8-homo-3 / RMSF,RMSF,Residue,389,0.053991362,nm,nm
line,overlay,sdt8-homo-3,sdt8-homo-3,rmsf,g31zk0d8,g31zk0d8::RMSF,sdt8-homo-3 / RMSF,RMSF,Residue,390,0.0630661,nm,nm
line,overlay,sdt8-homo-3,sdt8-homo-3,rmsf,g31zk0d8,g31zk0d8::RMSF,sdt8-homo-3 / RMSF,RMSF,Residue,391,0.060961593,nm,nm
line,overlay,sdt8-homo-3,sdt8-homo-3,rmsf,g31zk0d8,g31zk0d8::RMSF,sdt8-homo-3 / RMSF,RMSF,Residue,392,0.05629172,nm,nm
line,overlay,sdt8-homo-3,sdt8-homo-3,rmsf,g31zk0d8,g31zk0d8::RMSF,sdt8-homo-3 / RMSF,RMSF,Residue,393,0.06353183,nm,nm
line,overlay,sdt8-homo-3,sdt8-homo-3,rmsf,g31zk0d8,g31zk0d8::RMSF,sdt8-homo-3 / RMSF,RMSF,Residue,394,0.077948906,nm,nm
line,overlay,sdt8-homo-3,sdt8-homo-3,rmsf,g31zk0d8,g31zk0d8::RMSF,sdt8-homo-3 / RMSF,RMSF,Residue,395,0.07199831,nm,nm
line,overlay,sdt8-homo-3,sdt8-homo-3,rmsf,g31zk0d8,g31zk0d8::RMSF,sdt8-homo-3 / RMSF,RMSF,Residue,396,0.06720894,nm,nm
line,overlay,sdt8-homo-3,sdt8-homo-3,rmsf,g31zk0d8,g31zk0d8::RMSF,sdt8-homo-3 / RMSF,RMSF,Residue,397,0.068887874,nm,nm
line,overlay,sdt8-homo-3,sdt8-homo-3,rmsf,g31zk0d8,g31zk0d8::RMSF,sdt8-homo-3 / RMSF,RMSF,Residue,398,0.062610395,nm,nm
line,overlay,sdt8-homo-3,sdt8-homo-3,rmsf,g31zk0d8,g31zk0d8::RMSF,sdt8-homo-3 / RMSF,RMSF,Residue,399,0.061118532,nm,nm
line,overlay,sdt8-homo-3,sdt8-homo-3,rmsf,g31zk0d8,g31zk0d8::RMSF,sdt8-homo-3 / RMSF,RMSF,Residue,400,0.062464047,nm,nm
line,overlay,sdt8-homo-3,sdt8-homo-3,rmsf,g31zk0d8,g31zk0d8::RMSF,sdt8-homo-3 / RMSF,RMSF,Residue,401,0.061754994,nm,nm
line,overlay,sdt8-homo-3,sdt8-homo-3,rmsf,g31zk0d8,g31zk0d8::RMSF,sdt8-homo-3 / RMSF,RMSF,Residue,402,0.06964778,nm,nm
line,overlay,sdt8-homo-3,sdt8-homo-3,rmsf,g31zk0d8,g31zk0d8::RMSF,sdt8-homo-3 / RMSF,RMSF,Residue,403,0.07758112,nm,nm
line,overlay,sdt8-homo-3,sdt8-homo-3,rmsf,g31zk0d8,g31zk0d8::RMSF,sdt8-homo-3 / RMSF,RMSF,Residue,404,0.07204454,nm,nm
line,overlay,sdt8-homo-3,sdt8-homo-3,rmsf,g31zk0d8,g31zk0d8::RMSF,sdt8-homo-3 / RMSF,RMSF,Residue,405,0.082747236,nm,nm
line,overlay,sdt8-homo-3,sdt8-homo-3,rmsf,g31zk0d8,g31zk0d8::RMSF,sdt8-homo-3 / RMSF,RMSF,Residue,406,0.08237239,nm,nm
line,overlay,sdt8-homo-3,sdt8-homo-3,rmsf,g31zk0d8,g31zk0d8::RMSF,sdt8-homo-3 / RMSF,RMSF,Residue,407,0.08197808,nm,nm
line,overlay,sdt8-homo-3,sdt8-homo-3,rmsf,g31zk0d8,g31zk0d8::RMSF,sdt8-homo-3 / RMSF,RMSF,Residue,408,0.08694144,nm,nm
line,overlay,sdt8-homo-3,sdt8-homo-3,rmsf,g31zk0d8,g31zk0d8::RMSF,sdt8-homo-3 / RMSF,RMSF,Residue,409,0.10721472,nm,nm
line,overlay,sdt8-homo-3,sdt8-homo-3,rmsf,g31zk0d8,g31zk0d8::RMSF,sdt8-homo-3 / RMSF,RMSF,Residue,410,0.1454811,nm,nm
line,overlay,sdt8-homo-3,sdt8-homo-3,rmsf,g31zk0d8,g31zk0d8::RMSF,sdt8-homo-3 / RMSF,RMSF,Residue,411,0.13093281,nm,nm
line,overlay,sdt8-homo-3,sdt8-homo-3,rmsf,g31zk0d8,g31zk0d8::RMSF,sdt8-homo-3 / RMSF,RMSF,Residue,412,0.10942676,nm,nm
line,overlay,sdt8-homo-3,sdt8-homo-3,rmsf,g31zk0d8,g31zk0d8::RMSF,sdt8-homo-3 / RMSF,RMSF,Residue,413,0.086754255,nm,nm
line,overlay,sdt8-homo-3,sdt8-homo-3,rmsf,g31zk0d8,g31zk0d8::RMSF,sdt8-homo-3 / RMSF,RMSF,Residue,414,0.10065249,nm,nm
line,overlay,sdt8-homo-3,sdt8-homo-3,rmsf,g31zk0d8,g31zk0d8::RMSF,sdt8-homo-3 / RMSF,RMSF,Residue,415,0.08123117,nm,nm
line,overlay,sdt8-homo-3,sdt8-homo-3,rmsf,g31zk0d8,g31zk0d8::RMSF,sdt8-homo-3 / RMSF,RMSF,Residue,416,0.08462198,nm,nm
line,overlay,sdt8-homo-3,sdt8-homo-3,rmsf,g31zk0d8,g31zk0d8::RMSF,sdt8-homo-3 / RMSF,RMSF,Residue,417,0.0782096,nm,nm
line,overlay,sdt8-homo-3,sdt8-homo-3,rmsf,g31zk0d8,g31zk0d8::RMSF,sdt8-homo-3 / RMSF,RMSF,Residue,418,0.082449794,nm,nm
line,overlay,sdt8-homo-3,sdt8-homo-3,rmsf,g31zk0d8,g31zk0d8::RMSF,sdt8-homo-3 / RMSF,RMSF,Residue,419,0.07542498,nm,nm
line,overlay,sdt8-homo-3,sdt8-homo-3,rmsf,g31zk0d8,g31zk0d8::RMSF,sdt8-homo-3 / RMSF,RMSF,Residue,420,0.0660871,nm,nm
line,overlay,sdt8-homo-3,sdt8-homo-3,rmsf,g31zk0d8,g31zk0d8::RMSF,sdt8-homo-3 / RMSF,RMSF,Residue,421,0.06874607,nm,nm
line,overlay,sdt8-homo-3,sdt8-homo-3,rmsf,g31zk0d8,g31zk0d8::RMSF,sdt8-homo-3 / RMSF,RMSF,Residue,422,0.07130624,nm,nm
line,overlay,sdt8-homo-3,sdt8-homo-3,rmsf,g31zk0d8,g31zk0d8::RMSF,sdt8-homo-3 / RMSF,RMSF,Residue,423,0.061516263,nm,nm
line,overlay,sdt8-homo-3,sdt8-homo-3,rmsf,g31zk0d8,g31zk0d8::RMSF,sdt8-homo-3 / RMSF,RMSF,Residue,424,0.056837406,nm,nm
line,overlay,sdt8-homo-3,sdt8-homo-3,rmsf,g31zk0d8,g31zk0d8::RMSF,sdt8-homo-3 / RMSF,RMSF,Residue,425,0.06658376,nm,nm
line,overlay,sdt8-homo-3,sdt8-homo-3,rmsf,g31zk0d8,g31zk0d8::RMSF,sdt8-homo-3 / RMSF,RMSF,Residue,426,0.069654904,nm,nm
line,overlay,sdt8-homo-3,sdt8-homo-3,rmsf,g31zk0d8,g31zk0d8::RMSF,sdt8-homo-3 / RMSF,RMSF,Residue,427,0.0635203,nm,nm
line,overlay,sdt8-homo-3,sdt8-homo-3,rmsf,g31zk0d8,g31zk0d8::RMSF,sdt8-homo-3 / RMSF,RMSF,Residue,428,0.06714313,nm,nm
line,overlay,sdt8-homo-3,sdt8-homo-3,rmsf,g31zk0d8,g31zk0d8::RMSF,sdt8-homo-3 / RMSF,RMSF,Residue,429,0.08931199,nm,nm
line,overlay,sdt8-homo-3,sdt8-homo-3,rmsf,g31zk0d8,g31zk0d8::RMSF,sdt8-homo-3 / RMSF,RMSF,Residue,430,0.08857154,nm,nm
line,overlay,sdt8-homo-3,sdt8-homo-3,rmsf,g31zk0d8,g31zk0d8::RMSF,sdt8-homo-3 / RMSF,RMSF,Residue,431,0.10889223,nm,nm
line,overlay,sdt8-homo-3,sdt8-homo-3,rmsf,g31zk0d8,g31zk0d8::RMSF,sdt8-homo-3 / RMSF,RMSF,Residue,432,0.09833767,nm,nm
line,overlay,sdt8-homo-3,sdt8-homo-3,rmsf,g31zk0d8,g31zk0d8::RMSF,sdt8-homo-3 / RMSF,RMSF,Residue,433,0.07828549,nm,nm
line,overlay,sdt8-homo-3,sdt8-homo-3,rmsf,g31zk0d8,g31zk0d8::RMSF,sdt8-homo-3 / RMSF,RMSF,Residue,434,0.0862131,nm,nm
line,overlay,sdt8-homo-3,sdt8-homo-3,rmsf,g31zk0d8,g31zk0d8::RMSF,sdt8-homo-3 / RMSF,RMSF,Residue,435,0.08618735,nm,nm
line,overlay,sdt8-homo-3,sdt8-homo-3,rmsf,g31zk0d8,g31zk0d8::RMSF,sdt8-homo-3 / RMSF,RMSF,Residue,436,0.06932236,nm,nm
line,overlay,sdt8-homo-3,sdt8-homo-3,rmsf,g31zk0d8,g31zk0d8::RMSF,sdt8-homo-3 / RMSF,RMSF,Residue,437,0.06811563,nm,nm
line,overlay,sdt8-homo-3,sdt8-homo-3,rmsf,g31zk0d8,g31zk0d8::RMSF,sdt8-homo-3 / RMSF,RMSF,Residue,438,0.078187086,nm,nm
line,overlay,sdt8-homo-3,sdt8-homo-3,rmsf,g31zk0d8,g31zk0d8::RMSF,sdt8-homo-3 / RMSF,RMSF,Residue,439,0.072790526,nm,nm
line,overlay,sdt8-homo-3,sdt8-homo-3,rmsf,g31zk0d8,g31zk0d8::RMSF,sdt8-homo-3 / RMSF,RMSF,Residue,440,0.06272365,nm,nm
line,overlay,sdt8-homo-3,sdt8-homo-3,rmsf,g31zk0d8,g31zk0d8::RMSF,sdt8-homo-3 / RMSF,RMSF,Residue,441,0.07077357,nm,nm
line,overlay,sdt8-homo-3,sdt8-homo-3,rmsf,g31zk0d8,g31zk0d8::RMSF,sdt8-homo-3 / RMSF,RMSF,Residue,442,0.07857868,nm,nm
line,overlay,sdt8-homo-3,sdt8-homo-3,rmsf,g31zk0d8,g31zk0d8::RMSF,sdt8-homo-3 / RMSF,RMSF,Residue,443,0.068898514,nm,nm
line,overlay,sdt8-homo-3,sdt8-homo-3,rmsf,g31zk0d8,g31zk0d8::RMSF,sdt8-homo-3 / RMSF,RMSF,Residue,444,0.06140138,nm,nm
line,overlay,sdt8-homo-3,sdt8-homo-3,rmsf,g31zk0d8,g31zk0d8::RMSF,sdt8-homo-3 / RMSF,RMSF,Residue,445,0.06900597,nm,nm
line,overlay,sdt8-homo-3,sdt8-homo-3,rmsf,g31zk0d8,g31zk0d8::RMSF,sdt8-homo-3 / RMSF,RMSF,Residue,446,0.06347552,nm,nm
line,overlay,sdt8-homo-3,sdt8-homo-3,rmsf,g31zk0d8,g31zk0d8::RMSF,sdt8-homo-3 / RMSF,RMSF,Residue,447,0.058604844,nm,nm
line,overlay,sdt8-homo-3,sdt8-homo-3,rmsf,g31zk0d8,g31zk0d8::RMSF,sdt8-homo-3 / RMSF,RMSF,Residue,448,0.0764989,nm,nm
line,overlay,sdt8-homo-3,sdt8-homo-3,rmsf,g31zk0d8,g31zk0d8::RMSF,sdt8-homo-3 / RMSF,RMSF,Residue,449,0.0767092,nm,nm
line,overlay,sdt8-homo-3,sdt8-homo-3,rmsf,g31zk0d8,g31zk0d8::RMSF,sdt8-homo-3 / RMSF,RMSF,Residue,450,0.058136772,nm,nm
line,overlay,sdt8-homo-3,sdt8-homo-3,rmsf,g31zk0d8,g31zk0d8::RMSF,sdt8-homo-3 / RMSF,RMSF,Residue,451,0.08862056,nm,nm
line,overlay,sdt8-homo-3,sdt8-homo-3,rmsf,g31zk0d8,g31zk0d8::RMSF,sdt8-homo-3 / RMSF,RMSF,Residue,452,0.11152519,nm,nm
line,overlay,sdt8-homo-3,sdt8-homo-3,rmsf,g31zk0d8,g31zk0d8::RMSF,sdt8-homo-3 / RMSF,RMSF,Residue,453,0.15520012,nm,nm
line,overlay,sdt8-homo-3,sdt8-homo-3,rmsf,g31zk0d8,g31zk0d8::RMSF,sdt8-homo-3 / RMSF,RMSF,Residue,454,0.09534638,nm,nm
line,overlay,sdt8-homo-3,sdt8-homo-3,rmsf,g31zk0d8,g31zk0d8::RMSF,sdt8-homo-3 / RMSF,RMSF,Residue,455,0.07243207,nm,nm
line,overlay,sdt8-homo-3,sdt8-homo-3,rmsf,g31zk0d8,g31zk0d8::RMSF,sdt8-homo-3 / RMSF,RMSF,Residue,456,0.06274981,nm,nm
line,overlay,sdt8-homo-3,sdt8-homo-3,rmsf,g31zk0d8,g31zk0d8::RMSF,sdt8-homo-3 / RMSF,RMSF,Residue,457,0.060887042,nm,nm
line,overlay,sdt8-homo-3,sdt8-homo-3,rmsf,g31zk0d8,g31zk0d8::RMSF,sdt8-homo-3 / RMSF,RMSF,Residue,458,0.06626368,nm,nm
line,overlay,sdt8-homo-3,sdt8-homo-3,rmsf,g31zk0d8,g31zk0d8::RMSF,sdt8-homo-3 / RMSF,RMSF,Residue,459,0.06520546,nm,nm
line,overlay,sdt8-homo-3,sdt8-homo-3,rmsf,g31zk0d8,g31zk0d8::RMSF,sdt8-homo-3 / RMSF,RMSF,Residue,460,0.06386202,nm,nm
line,overlay,sdt8-homo-3,sdt8-homo-3,rmsf,g31zk0d8,g31zk0d8::RMSF,sdt8-homo-3 / RMSF,RMSF,Residue,461,0.061842214,nm,nm
line,overlay,sdt8-homo-3,sdt8-homo-3,rmsf,g31zk0d8,g31zk0d8::RMSF,sdt8-homo-3 / RMSF,RMSF,Residue,462,0.06629223,nm,nm
line,overlay,sdt8-homo-3,sdt8-homo-3,rmsf,g31zk0d8,g31zk0d8::RMSF,sdt8-homo-3 / RMSF,RMSF,Residue,463,0.068923354,nm,nm
line,overlay,sdt8-homo-3,sdt8-homo-3,rmsf,g31zk0d8,g31zk0d8::RMSF,sdt8-homo-3 / RMSF,RMSF,Residue,464,0.059909347,nm,nm
line,overlay,sdt8-homo-3,sdt8-homo-3,rmsf,g31zk0d8,g31zk0d8::RMSF,sdt8-homo-3 / RMSF,RMSF,Residue,465,0.05787172,nm,nm
line,overlay,sdt8-homo-3,sdt8-homo-3,rmsf,g31zk0d8,g31zk0d8::RMSF,sdt8-homo-3 / RMSF,RMSF,Residue,466,0.06803244,nm,nm
line,overlay,sdt8-homo-3,sdt8-homo-3,rmsf,g31zk0d8,g31zk0d8::RMSF,sdt8-homo-3 / RMSF,RMSF,Residue,467,0.07074579,nm,nm
line,overlay,sdt8-homo-3,sdt8-homo-3,rmsf,g31zk0d8,g31zk0d8::RMSF,sdt8-homo-3 / RMSF,RMSF,Residue,468,0.06010552,nm,nm
line,overlay,sdt8-homo-3,sdt8-homo-3,rmsf,g31zk0d8,g31zk0d8::RMSF,sdt8-homo-3 / RMSF,RMSF,Residue,469,0.06922199,nm,nm
line,overlay,sdt8-homo-3,sdt8-homo-3,rmsf,g31zk0d8,g31zk0d8::RMSF,sdt8-homo-3 / RMSF,RMSF,Residue,470,0.08234463,nm,nm
line,overlay,sdt8-homo-3,sdt8-homo-3,rmsf,g31zk0d8,g31zk0d8::RMSF,sdt8-homo-3 / RMSF,RMSF,Residue,471,0.079588935,nm,nm
line,overlay,sdt8-homo-3,sdt8-homo-3,rmsf,g31zk0d8,g31zk0d8::RMSF,sdt8-homo-3 / RMSF,RMSF,Residue,472,0.08071235,nm,nm
line,overlay,sdt8-homo-3,sdt8-homo-3,rmsf,g31zk0d8,g31zk0d8::RMSF,sdt8-homo-3 / RMSF,RMSF,Residue,473,0.12978019,nm,nm
line,overlay,sdt8-homo-3,sdt8-homo-3,rmsf,g31zk0d8,g31zk0d8::RMSF,sdt8-homo-3 / RMSF,RMSF,Residue,474,0.3810055,nm,nm
line,overlay,sdt8-homo-3,sdt8-homo-3,rmsf,g31zk0d8,g31zk0d8::RMSF,sdt8-homo-3 / RMSF,RMSF,Residue,475,0.60960156,nm,nm
line,overlay,sdt8-homo-3,sdt8-homo-3,rmsf,g31zk0d8,g31zk0d8::RMSF,sdt8-homo-3 / RMSF,RMSF,Residue,476,0.8088606,nm,nm
line,overlay,sdt8-homo-4,sdt8-homo-4,rmsf,ttp7hixz,ttp7hixz::RMSF,sdt8-homo-4 / RMSF,RMSF,Residue,1,0.3574099,nm,nm
line,overlay,sdt8-homo-4,sdt8-homo-4,rmsf,ttp7hixz,ttp7hixz::RMSF,sdt8-homo-4 / RMSF,RMSF,Residue,2,0.2213406,nm,nm
line,overlay,sdt8-homo-4,sdt8-homo-4,rmsf,ttp7hixz,ttp7hixz::RMSF,sdt8-homo-4 / RMSF,RMSF,Residue,3,0.11467062,nm,nm
line,overlay,sdt8-homo-4,sdt8-homo-4,rmsf,ttp7hixz,ttp7hixz::RMSF,sdt8-homo-4 / RMSF,RMSF,Residue,4,0.06686849,nm,nm
line,overlay,sdt8-homo-4,sdt8-homo-4,rmsf,ttp7hixz,ttp7hixz::RMSF,sdt8-homo-4 / RMSF,RMSF,Residue,5,0.06616006,nm,nm
line,overlay,sdt8-homo-4,sdt8-homo-4,rmsf,ttp7hixz,ttp7hixz::RMSF,sdt8-homo-4 / RMSF,RMSF,Residue,6,0.05587435,nm,nm
line,overlay,sdt8-homo-4,sdt8-homo-4,rmsf,ttp7hixz,ttp7hixz::RMSF,sdt8-homo-4 / RMSF,RMSF,Residue,7,0.051615305,nm,nm
line,overlay,sdt8-homo-4,sdt8-homo-4,rmsf,ttp7hixz,ttp7hixz::RMSF,sdt8-homo-4 / RMSF,RMSF,Residue,8,0.05086771,nm,nm
line,overlay,sdt8-homo-4,sdt8-homo-4,rmsf,ttp7hixz,ttp7hixz::RMSF,sdt8-homo-4 / RMSF,RMSF,Residue,9,0.049716372,nm,nm
line,overlay,sdt8-homo-4,sdt8-homo-4,rmsf,ttp7hixz,ttp7hixz::RMSF,sdt8-homo-4 / RMSF,RMSF,Residue,10,0.054440647,nm,nm
line,overlay,sdt8-homo-4,sdt8-homo-4,rmsf,ttp7hixz,ttp7hixz::RMSF,sdt8-homo-4 / RMSF,RMSF,Residue,11,0.06320669,nm,nm
line,overlay,sdt8-homo-4,sdt8-homo-4,rmsf,ttp7hixz,ttp7hixz::RMSF,sdt8-homo-4 / RMSF,RMSF,Residue,12,0.09086777,nm,nm
line,overlay,sdt8-homo-4,sdt8-homo-4,rmsf,ttp7hixz,ttp7hixz::RMSF,sdt8-homo-4 / RMSF,RMSF,Residue,13,0.11658888,nm,nm
line,overlay,sdt8-homo-4,sdt8-homo-4,rmsf,ttp7hixz,ttp7hixz::RMSF,sdt8-homo-4 / RMSF,RMSF,Residue,14,0.14104988,nm,nm
line,overlay,sdt8-homo-4,sdt8-homo-4,rmsf,ttp7hixz,ttp7hixz::RMSF,sdt8-homo-4 / RMSF,RMSF,Residue,15,0.13952178,nm,nm
line,overlay,sdt8-homo-4,sdt8-homo-4,rmsf,ttp7hixz,ttp7hixz::RMSF,sdt8-homo-4 / RMSF,RMSF,Residue,16,0.09105859,nm,nm
line,overlay,sdt8-homo-4,sdt8-homo-4,rmsf,ttp7hixz,ttp7hixz::RMSF,sdt8-homo-4 / RMSF,RMSF,Residue,17,0.080753475,nm,nm
line,overlay,sdt8-homo-4,sdt8-homo-4,rmsf,ttp7hixz,ttp7hixz::RMSF,sdt8-homo-4 / RMSF,RMSF,Residue,18,0.073158346,nm,nm
line,overlay,sdt8-homo-4,sdt8-homo-4,rmsf,ttp7hixz,ttp7hixz::RMSF,sdt8-homo-4 / RMSF,RMSF,Residue,19,0.056066755,nm,nm
line,overlay,sdt8-homo-4,sdt8-homo-4,rmsf,ttp7hixz,ttp7hixz::RMSF,sdt8-homo-4 / RMSF,RMSF,Residue,20,0.053087927,nm,nm
line,overlay,sdt8-homo-4,sdt8-homo-4,rmsf,ttp7hixz,ttp7hixz::RMSF,sdt8-homo-4 / RMSF,RMSF,Residue,21,0.060086917,nm,nm
line,overlay,sdt8-homo-4,sdt8-homo-4,rmsf,ttp7hixz,ttp7hixz::RMSF,sdt8-homo-4 / RMSF,RMSF,Residue,22,0.053899035,nm,nm
line,overlay,sdt8-homo-4,sdt8-homo-4,rmsf,ttp7hixz,ttp7hixz::RMSF,sdt8-homo-4 / RMSF,RMSF,Residue,23,0.04715038,nm,nm
line,overlay,sdt8-homo-4,sdt8-homo-4,rmsf,ttp7hixz,ttp7hixz::RMSF,sdt8-homo-4 / RMSF,RMSF,Residue,24,0.05624764,nm,nm
line,overlay,sdt8-homo-4,sdt8-homo-4,rmsf,ttp7hixz,ttp7hixz::RMSF,sdt8-homo-4 / RMSF,RMSF,Residue,25,0.06410154,nm,nm
line,overlay,sdt8-homo-4,sdt8-homo-4,rmsf,ttp7hixz,ttp7hixz::RMSF,sdt8-homo-4 / RMSF,RMSF,Residue,26,0.058177024,nm,nm
line,overlay,sdt8-homo-4,sdt8-homo-4,rmsf,ttp7hixz,ttp7hixz::RMSF,sdt8-homo-4 / RMSF,RMSF,Residue,27,0.058825016,nm,nm
line,overlay,sdt8-homo-4,sdt8-homo-4,rmsf,ttp7hixz,ttp7hixz::RMSF,sdt8-homo-4 / RMSF,RMSF,Residue,28,0.073069096,nm,nm
line,overlay,sdt8-homo-4,sdt8-homo-4,rmsf,ttp7hixz,ttp7hixz::RMSF,sdt8-homo-4 / RMSF,RMSF,Residue,29,0.08581555,nm,nm
line,overlay,sdt8-homo-4,sdt8-homo-4,rmsf,ttp7hixz,ttp7hixz::RMSF,sdt8-homo-4 / RMSF,RMSF,Residue,30,0.08862614,nm,nm
line,overlay,sdt8-homo-4,sdt8-homo-4,rmsf,ttp7hixz,ttp7hixz::RMSF,sdt8-homo-4 / RMSF,RMSF,Residue,31,0.087975755,nm,nm
line,overlay,sdt8-homo-4,sdt8-homo-4,rmsf,ttp7hixz,ttp7hixz::RMSF,sdt8-homo-4 / RMSF,RMSF,Residue,32,0.06894488,nm,nm
line,overlay,sdt8-homo-4,sdt8-homo-4,rmsf,ttp7hixz,ttp7hixz::RMSF,sdt8-homo-4 / RMSF,RMSF,Residue,33,0.06790653,nm,nm
line,overlay,sdt8-homo-4,sdt8-homo-4,rmsf,ttp7hixz,ttp7hixz::RMSF,sdt8-homo-4 / RMSF,RMSF,Residue,34,0.062182933,nm,nm
line,overlay,sdt8-homo-4,sdt8-homo-4,rmsf,ttp7hixz,ttp7hixz::RMSF,sdt8-homo-4 / RMSF,RMSF,Residue,35,0.05934637,nm,nm
line,overlay,sdt8-homo-4,sdt8-homo-4,rmsf,ttp7hixz,ttp7hixz::RMSF,sdt8-homo-4 / RMSF,RMSF,Residue,36,0.061822403,nm,nm
line,overlay,sdt8-homo-4,sdt8-homo-4,rmsf,ttp7hixz,ttp7hixz::RMSF,sdt8-homo-4 / RMSF,RMSF,Residue,37,0.064408205,nm,nm
line,overlay,sdt8-homo-4,sdt8-homo-4,rmsf,ttp7hixz,ttp7hixz::RMSF,sdt8-homo-4 / RMSF,RMSF,Residue,38,0.075839244,nm,nm
line,overlay,sdt8-homo-4,sdt8-homo-4,rmsf,ttp7hixz,ttp7hixz::RMSF,sdt8-homo-4 / RMSF,RMSF,Residue,39,0.08785038,nm,nm
line,overlay,sdt8-homo-4,sdt8-homo-4,rmsf,ttp7hixz,ttp7hixz::RMSF,sdt8-homo-4 / RMSF,RMSF,Residue,40,0.11641996,nm,nm
line,overlay,sdt8-homo-4,sdt8-homo-4,rmsf,ttp7hixz,ttp7hixz::RMSF,sdt8-homo-4 / RMSF,RMSF,Residue,41,0.14476392,nm,nm
line,overlay,sdt8-homo-4,sdt8-homo-4,rmsf,ttp7hixz,ttp7hixz::RMSF,sdt8-homo-4 / RMSF,RMSF,Residue,42,0.13246273,nm,nm
line,overlay,sdt8-homo-4,sdt8-homo-4,rmsf,ttp7hixz,ttp7hixz::RMSF,sdt8-homo-4 / RMSF,RMSF,Residue,43,0.14780432,nm,nm
line,overlay,sdt8-homo-4,sdt8-homo-4,rmsf,ttp7hixz,ttp7hixz::RMSF,sdt8-homo-4 / RMSF,RMSF,Residue,44,0.17306171,nm,nm
line,overlay,sdt8-homo-4,sdt8-homo-4,rmsf,ttp7hixz,ttp7hixz::RMSF,sdt8-homo-4 / RMSF,RMSF,Residue,45,0.1667019,nm,nm
line,overlay,sdt8-homo-4,sdt8-homo-4,rmsf,ttp7hixz,ttp7hixz::RMSF,sdt8-homo-4 / RMSF,RMSF,Residue,46,0.1327652,nm,nm
line,overlay,sdt8-homo-4,sdt8-homo-4,rmsf,ttp7hixz,ttp7hixz::RMSF,sdt8-homo-4 / RMSF,RMSF,Residue,47,0.14219072,nm,nm
line,overlay,sdt8-homo-4,sdt8-homo-4,rmsf,ttp7hixz,ttp7hixz::RMSF,sdt8-homo-4 / RMSF,RMSF,Residue,48,0.15737143,nm,nm
line,overlay,sdt8-homo-4,sdt8-homo-4,rmsf,ttp7hixz,ttp7hixz::RMSF,sdt8-homo-4 / RMSF,RMSF,Residue,49,0.13468377,nm,nm
line,overlay,sdt8-homo-4,sdt8-homo-4,rmsf,ttp7hixz,ttp7hixz::RMSF,sdt8-homo-4 / RMSF,RMSF,Residue,50,0.12514964,nm,nm
line,overlay,sdt8-homo-4,sdt8-homo-4,rmsf,ttp7hixz,ttp7hixz::RMSF,sdt8-homo-4 / RMSF,RMSF,Residue,51,0.16302192,nm,nm
line,overlay,sdt8-homo-4,sdt8-homo-4,rmsf,ttp7hixz,ttp7hixz::RMSF,sdt8-homo-4 / RMSF,RMSF,Residue,52,0.16763604,nm,nm
line,overlay,sdt8-homo-4,sdt8-homo-4,rmsf,ttp7hixz,ttp7hixz::RMSF,sdt8-homo-4 / RMSF,RMSF,Residue,53,0.14536697,nm,nm
line,overlay,sdt8-homo-4,sdt8-homo-4,rmsf,ttp7hixz,ttp7hixz::RMSF,sdt8-homo-4 / RMSF,RMSF,Residue,54,0.16871017,nm,nm
line,overlay,sdt8-homo-4,sdt8-homo-4,rmsf,ttp7hixz,ttp7hixz::RMSF,sdt8-homo-4 / RMSF,RMSF,Residue,55,0.24489678,nm,nm
line,overlay,sdt8-homo-4,sdt8-homo-4,rmsf,ttp7hixz,ttp7hixz::RMSF,sdt8-homo-4 / RMSF,RMSF,Residue,56,0.2720996,nm,nm
line,overlay,sdt8-homo-4,sdt8-homo-4,rmsf,ttp7hixz,ttp7hixz::RMSF,sdt8-homo-4 / RMSF,RMSF,Residue,57,0.17742589,nm,nm
line,overlay,sdt8-homo-4,sdt8-homo-4,rmsf,ttp7hixz,ttp7hixz::RMSF,sdt8-homo-4 / RMSF,RMSF,Residue,58,0.12943846,nm,nm
line,overlay,sdt8-homo-4,sdt8-homo-4,rmsf,ttp7hixz,ttp7hixz::RMSF,sdt8-homo-4 / RMSF,RMSF,Residue,59,0.16733673,nm,nm
line,overlay,sdt8-homo-4,sdt8-homo-4,rmsf,ttp7hixz,ttp7hixz::RMSF,sdt8-homo-4 / RMSF,RMSF,Residue,60,0.08057837,nm,nm
line,overlay,sdt8-homo-4,sdt8-homo-4,rmsf,ttp7hixz,ttp7hixz::RMSF,sdt8-homo-4 / RMSF,RMSF,Residue,61,0.081080735,nm,nm
line,overlay,sdt8-homo-4,sdt8-homo-4,rmsf,ttp7hixz,ttp7hixz::RMSF,sdt8-homo-4 / RMSF,RMSF,Residue,62,0.074305855,nm,nm
line,overlay,sdt8-homo-4,sdt8-homo-4,rmsf,ttp7hixz,ttp7hixz::RMSF,sdt8-homo-4 / RMSF,RMSF,Residue,63,0.0773252,nm,nm
line,overlay,sdt8-homo-4,sdt8-homo-4,rmsf,ttp7hixz,ttp7hixz::RMSF,sdt8-homo-4 / RMSF,RMSF,Residue,64,0.08313186,nm,nm
line,overlay,sdt8-homo-4,sdt8-homo-4,rmsf,ttp7hixz,ttp7hixz::RMSF,sdt8-homo-4 / RMSF,RMSF,Residue,65,0.090068124,nm,nm
line,overlay,sdt8-homo-4,sdt8-homo-4,rmsf,ttp7hixz,ttp7hixz::RMSF,sdt8-homo-4 / RMSF,RMSF,Residue,66,0.11099634,nm,nm
line,overlay,sdt8-homo-4,sdt8-homo-4,rmsf,ttp7hixz,ttp7hixz::RMSF,sdt8-homo-4 / RMSF,RMSF,Residue,67,0.10050926,nm,nm
line,overlay,sdt8-homo-4,sdt8-homo-4,rmsf,ttp7hixz,ttp7hixz::RMSF,sdt8-homo-4 / RMSF,RMSF,Residue,68,0.09927864,nm,nm
line,overlay,sdt8-homo-4,sdt8-homo-4,rmsf,ttp7hixz,ttp7hixz::RMSF,sdt8-homo-4 / RMSF,RMSF,Residue,69,0.10472912,nm,nm
line,overlay,sdt8-homo-4,sdt8-homo-4,rmsf,ttp7hixz,ttp7hixz::RMSF,sdt8-homo-4 / RMSF,RMSF,Residue,70,0.12770765,nm,nm
line,overlay,sdt8-homo-4,sdt8-homo-4,rmsf,ttp7hixz,ttp7hixz::RMSF,sdt8-homo-4 / RMSF,RMSF,Residue,71,0.1300228,nm,nm
line,overlay,sdt8-homo-4,sdt8-homo-4,rmsf,ttp7hixz,ttp7hixz::RMSF,sdt8-homo-4 / RMSF,RMSF,Residue,72,0.11742321,nm,nm
line,overlay,sdt8-homo-4,sdt8-homo-4,rmsf,ttp7hixz,ttp7hixz::RMSF,sdt8-homo-4 / RMSF,RMSF,Residue,73,0.12723137,nm,nm
line,overlay,sdt8-homo-4,sdt8-homo-4,rmsf,ttp7hixz,ttp7hixz::RMSF,sdt8-homo-4 / RMSF,RMSF,Residue,74,0.11497831,nm,nm
line,overlay,sdt8-homo-4,sdt8-homo-4,rmsf,ttp7hixz,ttp7hixz::RMSF,sdt8-homo-4 / RMSF,RMSF,Residue,75,0.14849447,nm,nm
line,overlay,sdt8-homo-4,sdt8-homo-4,rmsf,ttp7hixz,ttp7hixz::RMSF,sdt8-homo-4 / RMSF,RMSF,Residue,76,0.20654045,nm,nm
line,overlay,sdt8-homo-4,sdt8-homo-4,rmsf,ttp7hixz,ttp7hixz::RMSF,sdt8-homo-4 / RMSF,RMSF,Residue,77,0.24753731,nm,nm
line,overlay,sdt8-homo-4,sdt8-homo-4,rmsf,ttp7hixz,ttp7hixz::RMSF,sdt8-homo-4 / RMSF,RMSF,Residue,78,0.18670343,nm,nm
line,overlay,sdt8-homo-4,sdt8-homo-4,rmsf,ttp7hixz,ttp7hixz::RMSF,sdt8-homo-4 / RMSF,RMSF,Residue,79,0.12850685,nm,nm
line,overlay,sdt8-homo-4,sdt8-homo-4,rmsf,ttp7hixz,ttp7hixz::RMSF,sdt8-homo-4 / RMSF,RMSF,Residue,80,0.090785116,nm,nm
line,overlay,sdt8-homo-4,sdt8-homo-4,rmsf,ttp7hixz,ttp7hixz::RMSF,sdt8-homo-4 / RMSF,RMSF,Residue,81,0.09902926,nm,nm
line,overlay,sdt8-homo-4,sdt8-homo-4,rmsf,ttp7hixz,ttp7hixz::RMSF,sdt8-homo-4 / RMSF,RMSF,Residue,82,0.14831038,nm,nm
line,overlay,sdt8-homo-4,sdt8-homo-4,rmsf,ttp7hixz,ttp7hixz::RMSF,sdt8-homo-4 / RMSF,RMSF,Residue,83,0.1543632,nm,nm
line,overlay,sdt8-homo-4,sdt8-homo-4,rmsf,ttp7hixz,ttp7hixz::RMSF,sdt8-homo-4 / RMSF,RMSF,Residue,84,0.13405743,nm,nm
line,overlay,sdt8-homo-4,sdt8-homo-4,rmsf,ttp7hixz,ttp7hixz::RMSF,sdt8-homo-4 / RMSF,RMSF,Residue,85,0.17647128,nm,nm
line,overlay,sdt8-homo-4,sdt8-homo-4,rmsf,ttp7hixz,ttp7hixz::RMSF,sdt8-homo-4 / RMSF,RMSF,Residue,86,0.13309228,nm,nm
line,overlay,sdt8-homo-4,sdt8-homo-4,rmsf,ttp7hixz,ttp7hixz::RMSF,sdt8-homo-4 / RMSF,RMSF,Residue,87,0.12528618,nm,nm
line,overlay,sdt8-homo-4,sdt8-homo-4,rmsf,ttp7hixz,ttp7hixz::RMSF,sdt8-homo-4 / RMSF,RMSF,Residue,88,0.10753081,nm,nm
line,overlay,sdt8-homo-4,sdt8-homo-4,rmsf,ttp7hixz,ttp7hixz::RMSF,sdt8-homo-4 / RMSF,RMSF,Residue,89,0.09644465,nm,nm
line,overlay,sdt8-homo-4,sdt8-homo-4,rmsf,ttp7hixz,ttp7hixz::RMSF,sdt8-homo-4 / RMSF,RMSF,Residue,90,0.097543195,nm,nm
line,overlay,sdt8-homo-4,sdt8-homo-4,rmsf,ttp7hixz,ttp7hixz::RMSF,sdt8-homo-4 / RMSF,RMSF,Residue,91,0.09782252,nm,nm
line,overlay,sdt8-homo-4,sdt8-homo-4,rmsf,ttp7hixz,ttp7hixz::RMSF,sdt8-homo-4 / RMSF,RMSF,Residue,92,0.09153505,nm,nm
line,overlay,sdt8-homo-4,sdt8-homo-4,rmsf,ttp7hixz,ttp7hixz::RMSF,sdt8-homo-4 / RMSF,RMSF,Residue,93,0.083063774,nm,nm
line,overlay,sdt8-homo-4,sdt8-homo-4,rmsf,ttp7hixz,ttp7hixz::RMSF,sdt8-homo-4 / RMSF,RMSF,Residue,94,0.08118641,nm,nm
line,overlay,sdt8-homo-4,sdt8-homo-4,rmsf,ttp7hixz,ttp7hixz::RMSF,sdt8-homo-4 / RMSF,RMSF,Residue,95,0.084107555,nm,nm
line,overlay,sdt8-homo-4,sdt8-homo-4,rmsf,ttp7hixz,ttp7hixz::RMSF,sdt8-homo-4 / RMSF,RMSF,Residue,96,0.078756556,nm,nm
line,overlay,sdt8-homo-4,sdt8-homo-4,rmsf,ttp7hixz,ttp7hixz::RMSF,sdt8-homo-4 / RMSF,RMSF,Residue,97,0.07552129,nm,nm
line,overlay,sdt8-homo-4,sdt8-homo-4,rmsf,ttp7hixz,ttp7hixz::RMSF,sdt8-homo-4 / RMSF,RMSF,Residue,98,0.08121459,nm,nm
line,overlay,sdt8-homo-4,sdt8-homo-4,rmsf,ttp7hixz,ttp7hixz::RMSF,sdt8-homo-4 / RMSF,RMSF,Residue,99,0.083850384,nm,nm
line,overlay,sdt8-homo-4,sdt8-homo-4,rmsf,ttp7hixz,ttp7hixz::RMSF,sdt8-homo-4 / RMSF,RMSF,Residue,100,0.07919593,nm,nm
line,overlay,sdt8-homo-4,sdt8-homo-4,rmsf,ttp7hixz,ttp7hixz::RMSF,sdt8-homo-4 / RMSF,RMSF,Residue,101,0.08046957,nm,nm
line,overlay,sdt8-homo-4,sdt8-homo-4,rmsf,ttp7hixz,ttp7hixz::RMSF,sdt8-homo-4 / RMSF,RMSF,Residue,102,0.09324169,nm,nm
line,overlay,sdt8-homo-4,sdt8-homo-4,rmsf,ttp7hixz,ttp7hixz::RMSF,sdt8-homo-4 / RMSF,RMSF,Residue,103,0.09052622,nm,nm
line,overlay,sdt8-homo-4,sdt8-homo-4,rmsf,ttp7hixz,ttp7hixz::RMSF,sdt8-homo-4 / RMSF,RMSF,Residue,104,0.0712212,nm,nm
line,overlay,sdt8-homo-4,sdt8-homo-4,rmsf,ttp7hixz,ttp7hixz::RMSF,sdt8-homo-4 / RMSF,RMSF,Residue,105,0.09022741,nm,nm
line,overlay,sdt8-homo-4,sdt8-homo-4,rmsf,ttp7hixz,ttp7hixz::RMSF,sdt8-homo-4 / RMSF,RMSF,Residue,106,0.11057906,nm,nm
line,overlay,sdt8-homo-4,sdt8-homo-4,rmsf,ttp7hixz,ttp7hixz::RMSF,sdt8-homo-4 / RMSF,RMSF,Residue,107,0.09714515,nm,nm
line,overlay,sdt8-homo-4,sdt8-homo-4,rmsf,ttp7hixz,ttp7hixz::RMSF,sdt8-homo-4 / RMSF,RMSF,Residue,108,0.08814771,nm,nm
line,overlay,sdt8-homo-4,sdt8-homo-4,rmsf,ttp7hixz,ttp7hixz::RMSF,sdt8-homo-4 / RMSF,RMSF,Residue,109,0.12749556,nm,nm
line,overlay,sdt8-homo-4,sdt8-homo-4,rmsf,ttp7hixz,ttp7hixz::RMSF,sdt8-homo-4 / RMSF,RMSF,Residue,110,0.14855652,nm,nm
line,overlay,sdt8-homo-4,sdt8-homo-4,rmsf,ttp7hixz,ttp7hixz::RMSF,sdt8-homo-4 / RMSF,RMSF,Residue,111,0.12900211,nm,nm
line,overlay,sdt8-homo-4,sdt8-homo-4,rmsf,ttp7hixz,ttp7hixz::RMSF,sdt8-homo-4 / RMSF,RMSF,Residue,112,0.11806994,nm,nm
line,overlay,sdt8-homo-4,sdt8-homo-4,rmsf,ttp7hixz,ttp7hixz::RMSF,sdt8-homo-4 / RMSF,RMSF,Residue,113,0.077861264,nm,nm
line,overlay,sdt8-homo-4,sdt8-homo-4,rmsf,ttp7hixz,ttp7hixz::RMSF,sdt8-homo-4 / RMSF,RMSF,Residue,114,0.05968979,nm,nm
line,overlay,sdt8-homo-4,sdt8-homo-4,rmsf,ttp7hixz,ttp7hixz::RMSF,sdt8-homo-4 / RMSF,RMSF,Residue,115,0.053851664,nm,nm
line,overlay,sdt8-homo-4,sdt8-homo-4,rmsf,ttp7hixz,ttp7hixz::RMSF,sdt8-homo-4 / RMSF,RMSF,Residue,116,0.049270656,nm,nm
line,overlay,sdt8-homo-4,sdt8-homo-4,rmsf,ttp7hixz,ttp7hixz::RMSF,sdt8-homo-4 / RMSF,RMSF,Residue,117,0.043644536,nm,nm
line,overlay,sdt8-homo-4,sdt8-homo-4,rmsf,ttp7hixz,ttp7hixz::RMSF,sdt8-homo-4 / RMSF,RMSF,Residue,118,0.048404895,nm,nm
line,overlay,sdt8-homo-4,sdt8-homo-4,rmsf,ttp7hixz,ttp7hixz::RMSF,sdt8-homo-4 / RMSF,RMSF,Residue,119,0.05340963,nm,nm
line,overlay,sdt8-homo-4,sdt8-homo-4,rmsf,ttp7hixz,ttp7hixz::RMSF,sdt8-homo-4 / RMSF,RMSF,Residue,120,0.056812543,nm,nm
line,overlay,sdt8-homo-4,sdt8-homo-4,rmsf,ttp7hixz,ttp7hixz::RMSF,sdt8-homo-4 / RMSF,RMSF,Residue,121,0.066939496,nm,nm
line,overlay,sdt8-homo-4,sdt8-homo-4,rmsf,ttp7hixz,ttp7hixz::RMSF,sdt8-homo-4 / RMSF,RMSF,Residue,122,0.06755326,nm,nm
line,overlay,sdt8-homo-4,sdt8-homo-4,rmsf,ttp7hixz,ttp7hixz::RMSF,sdt8-homo-4 / RMSF,RMSF,Residue,123,0.07379185,nm,nm
line,overlay,sdt8-homo-4,sdt8-homo-4,rmsf,ttp7hixz,ttp7hixz::RMSF,sdt8-homo-4 / RMSF,RMSF,Residue,124,0.07759702,nm,nm
line,overlay,sdt8-homo-4,sdt8-homo-4,rmsf,ttp7hixz,ttp7hixz::RMSF,sdt8-homo-4 / RMSF,RMSF,Residue,125,0.066464946,nm,nm
line,overlay,sdt8-homo-4,sdt8-homo-4,rmsf,ttp7hixz,ttp7hixz::RMSF,sdt8-homo-4 / RMSF,RMSF,Residue,126,0.06991531,nm,nm
line,overlay,sdt8-homo-4,sdt8-homo-4,rmsf,ttp7hixz,ttp7hixz::RMSF,sdt8-homo-4 / RMSF,RMSF,Residue,127,0.07980298,nm,nm
line,overlay,sdt8-homo-4,sdt8-homo-4,rmsf,ttp7hixz,ttp7hixz::RMSF,sdt8-homo-4 / RMSF,RMSF,Residue,128,0.07651618,nm,nm
line,overlay,sdt8-homo-4,sdt8-homo-4,rmsf,ttp7hixz,ttp7hixz::RMSF,sdt8-homo-4 / RMSF,RMSF,Residue,129,0.07079585,nm,nm
line,overlay,sdt8-homo-4,sdt8-homo-4,rmsf,ttp7hixz,ttp7hixz::RMSF,sdt8-homo-4 / RMSF,RMSF,Residue,130,0.085013896,nm,nm
line,overlay,sdt8-homo-4,sdt8-homo-4,rmsf,ttp7hixz,ttp7hixz::RMSF,sdt8-homo-4 / RMSF,RMSF,Residue,131,0.10176727,nm,nm
line,overlay,sdt8-homo-4,sdt8-homo-4,rmsf,ttp7hixz,ttp7hixz::RMSF,sdt8-homo-4 / RMSF,RMSF,Residue,132,0.09782866,nm,nm
line,overlay,sdt8-homo-4,sdt8-homo-4,rmsf,ttp7hixz,ttp7hixz::RMSF,sdt8-homo-4 / RMSF,RMSF,Residue,133,0.086255215,nm,nm
line,overlay,sdt8-homo-4,sdt8-homo-4,rmsf,ttp7hixz,ttp7hixz::RMSF,sdt8-homo-4 / RMSF,RMSF,Residue,134,0.06846552,nm,nm
line,overlay,sdt8-homo-4,sdt8-homo-4,rmsf,ttp7hixz,ttp7hixz::RMSF,sdt8-homo-4 / RMSF,RMSF,Residue,135,0.061468977,nm,nm
line,overlay,sdt8-homo-4,sdt8-homo-4,rmsf,ttp7hixz,ttp7hixz::RMSF,sdt8-homo-4 / RMSF,RMSF,Residue,136,0.050379,nm,nm
line,overlay,sdt8-homo-4,sdt8-homo-4,rmsf,ttp7hixz,ttp7hixz::RMSF,sdt8-homo-4 / RMSF,RMSF,Residue,137,0.044161066,nm,nm
line,overlay,sdt8-homo-4,sdt8-homo-4,rmsf,ttp7hixz,ttp7hixz::RMSF,sdt8-homo-4 / RMSF,RMSF,Residue,138,0.042742066,nm,nm
line,overlay,sdt8-homo-4,sdt8-homo-4,rmsf,ttp7hixz,ttp7hixz::RMSF,sdt8-homo-4 / RMSF,RMSF,Residue,139,0.04731853,nm,nm
line,overlay,sdt8-homo-4,sdt8-homo-4,rmsf,ttp7hixz,ttp7hixz::RMSF,sdt8-homo-4 / RMSF,RMSF,Residue,140,0.059433322,nm,nm
line,overlay,sdt8-homo-4,sdt8-homo-4,rmsf,ttp7hixz,ttp7hixz::RMSF,sdt8-homo-4 / RMSF,RMSF,Residue,141,0.06694974,nm,nm
line,overlay,sdt8-homo-4,sdt8-homo-4,rmsf,ttp7hixz,ttp7hixz::RMSF,sdt8-homo-4 / RMSF,RMSF,Residue,142,0.058004495,nm,nm
line,overlay,sdt8-homo-4,sdt8-homo-4,rmsf,ttp7hixz,ttp7hixz::RMSF,sdt8-homo-4 / RMSF,RMSF,Residue,143,0.049823914,nm,nm
line,overlay,sdt8-homo-4,sdt8-homo-4,rmsf,ttp7hixz,ttp7hixz::RMSF,sdt8-homo-4 / RMSF,RMSF,Residue,144,0.048626073,nm,nm
line,overlay,sdt8-homo-4,sdt8-homo-4,rmsf,ttp7hixz,ttp7hixz::RMSF,sdt8-homo-4 / RMSF,RMSF,Residue,145,0.057637576,nm,nm
line,overlay,sdt8-homo-4,sdt8-homo-4,rmsf,ttp7hixz,ttp7hixz::RMSF,sdt8-homo-4 / RMSF,RMSF,Residue,146,0.06755039,nm,nm
line,overlay,sdt8-homo-4,sdt8-homo-4,rmsf,ttp7hixz,ttp7hixz::RMSF,sdt8-homo-4 / RMSF,RMSF,Residue,147,0.06605725,nm,nm
line,overlay,sdt8-homo-4,sdt8-homo-4,rmsf,ttp7hixz,ttp7hixz::RMSF,sdt8-homo-4 / RMSF,RMSF,Residue,148,0.060014904,nm,nm
line,overlay,sdt8-homo-4,sdt8-homo-4,rmsf,ttp7hixz,ttp7hixz::RMSF,sdt8-homo-4 / RMSF,RMSF,Residue,149,0.060994234,nm,nm
line,overlay,sdt8-homo-4,sdt8-homo-4,rmsf,ttp7hixz,ttp7hixz::RMSF,sdt8-homo-4 / RMSF,RMSF,Residue,150,0.07118119,nm,nm
line,overlay,sdt8-homo-4,sdt8-homo-4,rmsf,ttp7hixz,ttp7hixz::RMSF,sdt8-homo-4 / RMSF,RMSF,Residue,151,0.080043405,nm,nm
line,overlay,sdt8-homo-4,sdt8-homo-4,rmsf,ttp7hixz,ttp7hixz::RMSF,sdt8-homo-4 / RMSF,RMSF,Residue,152,0.079546444,nm,nm
line,overlay,sdt8-homo-4,sdt8-homo-4,rmsf,ttp7hixz,ttp7hixz::RMSF,sdt8-homo-4 / RMSF,RMSF,Residue,153,0.07803401,nm,nm
line,overlay,sdt8-homo-4,sdt8-homo-4,rmsf,ttp7hixz,ttp7hixz::RMSF,sdt8-homo-4 / RMSF,RMSF,Residue,154,0.09354389,nm,nm
line,overlay,sdt8-homo-4,sdt8-homo-4,rmsf,ttp7hixz,ttp7hixz::RMSF,sdt8-homo-4 / RMSF,RMSF,Residue,155,0.10537468,nm,nm
line,overlay,sdt8-homo-4,sdt8-homo-4,rmsf,ttp7hixz,ttp7hixz::RMSF,sdt8-homo-4 / RMSF,RMSF,Residue,156,0.104130924,nm,nm
line,overlay,sdt8-homo-4,sdt8-homo-4,rmsf,ttp7hixz,ttp7hixz::RMSF,sdt8-homo-4 / RMSF,RMSF,Residue,157,0.1021854,nm,nm
line,overlay,sdt8-homo-4,sdt8-homo-4,rmsf,ttp7hixz,ttp7hixz::RMSF,sdt8-homo-4 / RMSF,RMSF,Residue,158,0.10138697,nm,nm
line,overlay,sdt8-homo-4,sdt8-homo-4,rmsf,ttp7hixz,ttp7hixz::RMSF,sdt8-homo-4 / RMSF,RMSF,Residue,159,0.1285454,nm,nm
line,overlay,sdt8-homo-4,sdt8-homo-4,rmsf,ttp7hixz,ttp7hixz::RMSF,sdt8-homo-4 / RMSF,RMSF,Residue,160,0.14400838,nm,nm
line,overlay,sdt8-homo-4,sdt8-homo-4,rmsf,ttp7hixz,ttp7hixz::RMSF,sdt8-homo-4 / RMSF,RMSF,Residue,161,0.19676736,nm,nm
line,overlay,sdt8-homo-4,sdt8-homo-4,rmsf,ttp7hixz,ttp7hixz::RMSF,sdt8-homo-4 / RMSF,RMSF,Residue,162,0.19333003,nm,nm
line,overlay,sdt8-homo-4,sdt8-homo-4,rmsf,ttp7hixz,ttp7hixz::RMSF,sdt8-homo-4 / RMSF,RMSF,Residue,163,0.27369294,nm,nm
line,overlay,sdt8-homo-4,sdt8-homo-4,rmsf,ttp7hixz,ttp7hixz::RMSF,sdt8-homo-4 / RMSF,RMSF,Residue,164,0.26512828,nm,nm
line,overlay,sdt8-homo-4,sdt8-homo-4,rmsf,ttp7hixz,ttp7hixz::RMSF,sdt8-homo-4 / RMSF,RMSF,Residue,165,0.28518492,nm,nm
line,overlay,sdt8-homo-4,sdt8-homo-4,rmsf,ttp7hixz,ttp7hixz::RMSF,sdt8-homo-4 / RMSF,RMSF,Residue,166,0.24587731,nm,nm
line,overlay,sdt8-homo-4,sdt8-homo-4,rmsf,ttp7hixz,ttp7hixz::RMSF,sdt8-homo-4 / RMSF,RMSF,Residue,167,0.16434354,nm,nm
line,overlay,sdt8-homo-4,sdt8-homo-4,rmsf,ttp7hixz,ttp7hixz::RMSF,sdt8-homo-4 / RMSF,RMSF,Residue,168,0.122976415,nm,nm
line,overlay,sdt8-homo-4,sdt8-homo-4,rmsf,ttp7hixz,ttp7hixz::RMSF,sdt8-homo-4 / RMSF,RMSF,Residue,169,0.10702775,nm,nm
line,overlay,sdt8-homo-4,sdt8-homo-4,rmsf,ttp7hixz,ttp7hixz::RMSF,sdt8-homo-4 / RMSF,RMSF,Residue,170,0.09738238,nm,nm
line,overlay,sdt8-homo-4,sdt8-homo-4,rmsf,ttp7hixz,ttp7hixz::RMSF,sdt8-homo-4 / RMSF,RMSF,Residue,171,0.08756991,nm,nm
line,overlay,sdt8-homo-4,sdt8-homo-4,rmsf,ttp7hixz,ttp7hixz::RMSF,sdt8-homo-4 / RMSF,RMSF,Residue,172,0.10487181,nm,nm
line,overlay,sdt8-homo-4,sdt8-homo-4,rmsf,ttp7hixz,ttp7hixz::RMSF,sdt8-homo-4 / RMSF,RMSF,Residue,173,0.1283966,nm,nm
line,overlay,sdt8-homo-4,sdt8-homo-4,rmsf,ttp7hixz,ttp7hixz::RMSF,sdt8-homo-4 / RMSF,RMSF,Residue,174,0.1134796,nm,nm
line,overlay,sdt8-homo-4,sdt8-homo-4,rmsf,ttp7hixz,ttp7hixz::RMSF,sdt8-homo-4 / RMSF,RMSF,Residue,175,0.1486791,nm,nm
line,overlay,sdt8-homo-4,sdt8-homo-4,rmsf,ttp7hixz,ttp7hixz::RMSF,sdt8-homo-4 / RMSF,RMSF,Residue,176,0.12593384,nm,nm
line,overlay,sdt8-homo-4,sdt8-homo-4,rmsf,ttp7hixz,ttp7hixz::RMSF,sdt8-homo-4 / RMSF,RMSF,Residue,177,0.11897312,nm,nm
line,overlay,sdt8-homo-4,sdt8-homo-4,rmsf,ttp7hixz,ttp7hixz::RMSF,sdt8-homo-4 / RMSF,RMSF,Residue,178,0.09667827,nm,nm
line,overlay,sdt8-homo-4,sdt8-homo-4,rmsf,ttp7hixz,ttp7hixz::RMSF,sdt8-homo-4 / RMSF,RMSF,Residue,179,0.097723104,nm,nm
line,overlay,sdt8-homo-4,sdt8-homo-4,rmsf,ttp7hixz,ttp7hixz::RMSF,sdt8-homo-4 / RMSF,RMSF,Residue,180,0.096118495,nm,nm
line,overlay,sdt8-homo-4,sdt8-homo-4,rmsf,ttp7hixz,ttp7hixz::RMSF,sdt8-homo-4 / RMSF,RMSF,Residue,181,0.117749184,nm,nm
line,overlay,sdt8-homo-4,sdt8-homo-4,rmsf,ttp7hixz,ttp7hixz::RMSF,sdt8-homo-4 / RMSF,RMSF,Residue,182,0.13809769,nm,nm
line,overlay,sdt8-homo-4,sdt8-homo-4,rmsf,ttp7hixz,ttp7hixz::RMSF,sdt8-homo-4 / RMSF,RMSF,Residue,183,0.12719831,nm,nm
line,overlay,sdt8-homo-4,sdt8-homo-4,rmsf,ttp7hixz,ttp7hixz::RMSF,sdt8-homo-4 / RMSF,RMSF,Residue,184,0.104667306,nm,nm
line,overlay,sdt8-homo-4,sdt8-homo-4,rmsf,ttp7hixz,ttp7hixz::RMSF,sdt8-homo-4 / RMSF,RMSF,Residue,185,0.10840289,nm,nm
line,overlay,sdt8-homo-4,sdt8-homo-4,rmsf,ttp7hixz,ttp7hixz::RMSF,sdt8-homo-4 / RMSF,RMSF,Residue,186,0.11702606,nm,nm
line,overlay,sdt8-homo-4,sdt8-homo-4,rmsf,ttp7hixz,ttp7hixz::RMSF,sdt8-homo-4 / RMSF,RMSF,Residue,187,0.13042569,nm,nm
line,overlay,sdt8-homo-4,sdt8-homo-4,rmsf,ttp7hixz,ttp7hixz::RMSF,sdt8-homo-4 / RMSF,RMSF,Residue,188,0.13836524,nm,nm
line,overlay,sdt8-homo-4,sdt8-homo-4,rmsf,ttp7hixz,ttp7hixz::RMSF,sdt8-homo-4 / RMSF,RMSF,Residue,189,0.12545966,nm,nm
line,overlay,sdt8-homo-4,sdt8-homo-4,rmsf,ttp7hixz,ttp7hixz::RMSF,sdt8-homo-4 / RMSF,RMSF,Residue,190,0.12897556,nm,nm
line,overlay,sdt8-homo-4,sdt8-homo-4,rmsf,ttp7hixz,ttp7hixz::RMSF,sdt8-homo-4 / RMSF,RMSF,Residue,191,0.15293197,nm,nm
line,overlay,sdt8-homo-4,sdt8-homo-4,rmsf,ttp7hixz,ttp7hixz::RMSF,sdt8-homo-4 / RMSF,RMSF,Residue,192,0.16145307,nm,nm
line,overlay,sdt8-homo-4,sdt8-homo-4,rmsf,ttp7hixz,ttp7hixz::RMSF,sdt8-homo-4 / RMSF,RMSF,Residue,193,0.16073748,nm,nm
line,overlay,sdt8-homo-4,sdt8-homo-4,rmsf,ttp7hixz,ttp7hixz::RMSF,sdt8-homo-4 / RMSF,RMSF,Residue,194,0.17547528,nm,nm
line,overlay,sdt8-homo-4,sdt8-homo-4,rmsf,ttp7hixz,ttp7hixz::RMSF,sdt8-homo-4 / RMSF,RMSF,Residue,195,0.14971702,nm,nm
line,overlay,sdt8-homo-4,sdt8-homo-4,rmsf,ttp7hixz,ttp7hixz::RMSF,sdt8-homo-4 / RMSF,RMSF,Residue,196,0.12675038,nm,nm
line,overlay,sdt8-homo-4,sdt8-homo-4,rmsf,ttp7hixz,ttp7hixz::RMSF,sdt8-homo-4 / RMSF,RMSF,Residue,197,0.115716115,nm,nm
line,overlay,sdt8-homo-4,sdt8-homo-4,rmsf,ttp7hixz,ttp7hixz::RMSF,sdt8-homo-4 / RMSF,RMSF,Residue,198,0.11514751,nm,nm
line,overlay,sdt8-homo-4,sdt8-homo-4,rmsf,ttp7hixz,ttp7hixz::RMSF,sdt8-homo-4 / RMSF,RMSF,Residue,199,0.106065065,nm,nm
line,overlay,sdt8-homo-4,sdt8-homo-4,rmsf,ttp7hixz,ttp7hixz::RMSF,sdt8-homo-4 / RMSF,RMSF,Residue,200,0.095112406,nm,nm
line,overlay,sdt8-homo-4,sdt8-homo-4,rmsf,ttp7hixz,ttp7hixz::RMSF,sdt8-homo-4 / RMSF,RMSF,Residue,201,0.10084243,nm,nm
line,overlay,sdt8-homo-4,sdt8-homo-4,rmsf,ttp7hixz,ttp7hixz::RMSF,sdt8-homo-4 / RMSF,RMSF,Residue,202,0.105134234,nm,nm
line,overlay,sdt8-homo-4,sdt8-homo-4,rmsf,ttp7hixz,ttp7hixz::RMSF,sdt8-homo-4 / RMSF,RMSF,Residue,203,0.10788455,nm,nm
line,overlay,sdt8-homo-4,sdt8-homo-4,rmsf,ttp7hixz,ttp7hixz::RMSF,sdt8-homo-4 / RMSF,RMSF,Residue,204,0.0914469,nm,nm
line,overlay,sdt8-homo-4,sdt8-homo-4,rmsf,ttp7hixz,ttp7hixz::RMSF,sdt8-homo-4 / RMSF,RMSF,Residue,205,0.10641778,nm,nm
line,overlay,sdt8-homo-4,sdt8-homo-4,rmsf,ttp7hixz,ttp7hixz::RMSF,sdt8-homo-4 / RMSF,RMSF,Residue,206,0.14834681,nm,nm
line,overlay,sdt8-homo-4,sdt8-homo-4,rmsf,ttp7hixz,ttp7hixz::RMSF,sdt8-homo-4 / RMSF,RMSF,Residue,207,0.1006199,nm,nm
line,overlay,sdt8-homo-4,sdt8-homo-4,rmsf,ttp7hixz,ttp7hixz::RMSF,sdt8-homo-4 / RMSF,RMSF,Residue,208,0.1159938,nm,nm
line,overlay,sdt8-homo-4,sdt8-homo-4,rmsf,ttp7hixz,ttp7hixz::RMSF,sdt8-homo-4 / RMSF,RMSF,Residue,209,0.112575136,nm,nm
line,overlay,sdt8-homo-4,sdt8-homo-4,rmsf,ttp7hixz,ttp7hixz::RMSF,sdt8-homo-4 / RMSF,RMSF,Residue,210,0.089974545,nm,nm
line,overlay,sdt8-homo-4,sdt8-homo-4,rmsf,ttp7hixz,ttp7hixz::RMSF,sdt8-homo-4 / RMSF,RMSF,Residue,211,0.061261054,nm,nm
line,overlay,sdt8-homo-4,sdt8-homo-4,rmsf,ttp7hixz,ttp7hixz::RMSF,sdt8-homo-4 / RMSF,RMSF,Residue,212,0.060157903,nm,nm
line,overlay,sdt8-homo-4,sdt8-homo-4,rmsf,ttp7hixz,ttp7hixz::RMSF,sdt8-homo-4 / RMSF,RMSF,Residue,213,0.05850248,nm,nm
line,overlay,sdt8-homo-4,sdt8-homo-4,rmsf,ttp7hixz,ttp7hixz::RMSF,sdt8-homo-4 / RMSF,RMSF,Residue,214,0.048154138,nm,nm
line,overlay,sdt8-homo-4,sdt8-homo-4,rmsf,ttp7hixz,ttp7hixz::RMSF,sdt8-homo-4 / RMSF,RMSF,Residue,215,0.043475796,nm,nm
line,overlay,sdt8-homo-4,sdt8-homo-4,rmsf,ttp7hixz,ttp7hixz::RMSF,sdt8-homo-4 / RMSF,RMSF,Residue,216,0.043178163,nm,nm
line,overlay,sdt8-homo-4,sdt8-homo-4,rmsf,ttp7hixz,ttp7hixz::RMSF,sdt8-homo-4 / RMSF,RMSF,Residue,217,0.043356966,nm,nm
line,overlay,sdt8-homo-4,sdt8-homo-4,rmsf,ttp7hixz,ttp7hixz::RMSF,sdt8-homo-4 / RMSF,RMSF,Residue,218,0.044442788,nm,nm
line,overlay,sdt8-homo-4,sdt8-homo-4,rmsf,ttp7hixz,ttp7hixz::RMSF,sdt8-homo-4 / RMSF,RMSF,Residue,219,0.04796975,nm,nm
line,overlay,sdt8-homo-4,sdt8-homo-4,rmsf,ttp7hixz,ttp7hixz::RMSF,sdt8-homo-4 / RMSF,RMSF,Residue,220,0.056150258,nm,nm
line,overlay,sdt8-homo-4,sdt8-homo-4,rmsf,ttp7hixz,ttp7hixz::RMSF,sdt8-homo-4 / RMSF,RMSF,Residue,221,0.05996396,nm,nm
line,overlay,sdt8-homo-4,sdt8-homo-4,rmsf,ttp7hixz,ttp7hixz::RMSF,sdt8-homo-4 / RMSF,RMSF,Residue,222,0.050398987,nm,nm
line,overlay,sdt8-homo-4,sdt8-homo-4,rmsf,ttp7hixz,ttp7hixz::RMSF,sdt8-homo-4 / RMSF,RMSF,Residue,223,0.04953665,nm,nm
line,overlay,sdt8-homo-4,sdt8-homo-4,rmsf,ttp7hixz,ttp7hixz::RMSF,sdt8-homo-4 / RMSF,RMSF,Residue,224,0.06197833,nm,nm
line,overlay,sdt8-homo-4,sdt8-homo-4,rmsf,ttp7hixz,ttp7hixz::RMSF,sdt8-homo-4 / RMSF,RMSF,Residue,225,0.065603234,nm,nm
line,overlay,sdt8-homo-4,sdt8-homo-4,rmsf,ttp7hixz,ttp7hixz::RMSF,sdt8-homo-4 / RMSF,RMSF,Residue,226,0.058544565,nm,nm
line,overlay,sdt8-homo-4,sdt8-homo-4,rmsf,ttp7hixz,ttp7hixz::RMSF,sdt8-homo-4 / RMSF,RMSF,Residue,227,0.056598496,nm,nm
line,overlay,sdt8-homo-4,sdt8-homo-4,rmsf,ttp7hixz,ttp7hixz::RMSF,sdt8-homo-4 / RMSF,RMSF,Residue,228,0.06785181,nm,nm
line,overlay,sdt8-homo-4,sdt8-homo-4,rmsf,ttp7hixz,ttp7hixz::RMSF,sdt8-homo-4 / RMSF,RMSF,Residue,229,0.072177224,nm,nm
line,overlay,sdt8-homo-4,sdt8-homo-4,rmsf,ttp7hixz,ttp7hixz::RMSF,sdt8-homo-4 / RMSF,RMSF,Residue,230,0.06628912,nm,nm
line,overlay,sdt8-homo-4,sdt8-homo-4,rmsf,ttp7hixz,ttp7hixz::RMSF,sdt8-homo-4 / RMSF,RMSF,Residue,231,0.07221488,nm,nm
line,overlay,sdt8-homo-4,sdt8-homo-4,rmsf,ttp7hixz,ttp7hixz::RMSF,sdt8-homo-4 / RMSF,RMSF,Residue,232,0.090595,nm,nm
line,overlay,sdt8-homo-4,sdt8-homo-4,rmsf,ttp7hixz,ttp7hixz::RMSF,sdt8-homo-4 / RMSF,RMSF,Residue,233,0.100909024,nm,nm
line,overlay,sdt8-homo-4,sdt8-homo-4,rmsf,ttp7hixz,ttp7hixz::RMSF,sdt8-homo-4 / RMSF,RMSF,Residue,234,0.094978325,nm,nm
line,overlay,sdt8-homo-4,sdt8-homo-4,rmsf,ttp7hixz,ttp7hixz::RMSF,sdt8-homo-4 / RMSF,RMSF,Residue,235,0.0979941,nm,nm
line,overlay,sdt8-homo-4,sdt8-homo-4,rmsf,ttp7hixz,ttp7hixz::RMSF,sdt8-homo-4 / RMSF,RMSF,Residue,236,0.07425551,nm,nm
line,overlay,sdt8-homo-4,sdt8-homo-4,rmsf,ttp7hixz,ttp7hixz::RMSF,sdt8-homo-4 / RMSF,RMSF,Residue,237,0.06085225,nm,nm
line,overlay,sdt8-homo-4,sdt8-homo-4,rmsf,ttp7hixz,ttp7hixz::RMSF,sdt8-homo-4 / RMSF,RMSF,Residue,238,0.05056692,nm,nm
line,overlay,sdt8-homo-4,sdt8-homo-4,rmsf,ttp7hixz,ttp7hixz::RMSF,sdt8-homo-4 / RMSF,RMSF,Residue,239,0.04690152,nm,nm
line,overlay,sdt8-homo-4,sdt8-homo-4,rmsf,ttp7hixz,ttp7hixz::RMSF,sdt8-homo-4 / RMSF,RMSF,Residue,240,0.04843606,nm,nm
line,overlay,sdt8-homo-4,sdt8-homo-4,rmsf,ttp7hixz,ttp7hixz::RMSF,sdt8-homo-4 / RMSF,RMSF,Residue,241,0.04737272,nm,nm
line,overlay,sdt8-homo-4,sdt8-homo-4,rmsf,ttp7hixz,ttp7hixz::RMSF,sdt8-homo-4 / RMSF,RMSF,Residue,242,0.051830716,nm,nm
line,overlay,sdt8-homo-4,sdt8-homo-4,rmsf,ttp7hixz,ttp7hixz::RMSF,sdt8-homo-4 / RMSF,RMSF,Residue,243,0.050100107,nm,nm
line,overlay,sdt8-homo-4,sdt8-homo-4,rmsf,ttp7hixz,ttp7hixz::RMSF,sdt8-homo-4 / RMSF,RMSF,Residue,244,0.061010346,nm,nm
line,overlay,sdt8-homo-4,sdt8-homo-4,rmsf,ttp7hixz,ttp7hixz::RMSF,sdt8-homo-4 / RMSF,RMSF,Residue,245,0.07704455,nm,nm
line,overlay,sdt8-homo-4,sdt8-homo-4,rmsf,ttp7hixz,ttp7hixz::RMSF,sdt8-homo-4 / RMSF,RMSF,Residue,246,0.093382426,nm,nm
line,overlay,sdt8-homo-4,sdt8-homo-4,rmsf,ttp7hixz,ttp7hixz::RMSF,sdt8-homo-4 / RMSF,RMSF,Residue,247,0.12109378,nm,nm
line,overlay,sdt8-homo-4,sdt8-homo-4,rmsf,ttp7hixz,ttp7hixz::RMSF,sdt8-homo-4 / RMSF,RMSF,Residue,248,0.10608705,nm,nm
line,overlay,sdt8-homo-4,sdt8-homo-4,rmsf,ttp7hixz,ttp7hixz::RMSF,sdt8-homo-4 / RMSF,RMSF,Residue,249,0.117525324,nm,nm
line,overlay,sdt8-homo-4,sdt8-homo-4,rmsf,ttp7hixz,ttp7hixz::RMSF,sdt8-homo-4 / RMSF,RMSF,Residue,250,0.12171909,nm,nm
line,overlay,sdt8-homo-4,sdt8-homo-4,rmsf,ttp7hixz,ttp7hixz::RMSF,sdt8-homo-4 / RMSF,RMSF,Residue,251,0.107294984,nm,nm
line,overlay,sdt8-homo-4,sdt8-homo-4,rmsf,ttp7hixz,ttp7hixz::RMSF,sdt8-homo-4 / RMSF,RMSF,Residue,252,0.104940556,nm,nm
line,overlay,sdt8-homo-4,sdt8-homo-4,rmsf,ttp7hixz,ttp7hixz::RMSF,sdt8-homo-4 / RMSF,RMSF,Residue,253,0.09581474,nm,nm
line,overlay,sdt8-homo-4,sdt8-homo-4,rmsf,ttp7hixz,ttp7hixz::RMSF,sdt8-homo-4 / RMSF,RMSF,Residue,254,0.08074706,nm,nm
line,overlay,sdt8-homo-4,sdt8-homo-4,rmsf,ttp7hixz,ttp7hixz::RMSF,sdt8-homo-4 / RMSF,RMSF,Residue,255,0.08606968,nm,nm
line,overlay,sdt8-homo-4,sdt8-homo-4,rmsf,ttp7hixz,ttp7hixz::RMSF,sdt8-homo-4 / RMSF,RMSF,Residue,256,0.09360076,nm,nm
line,overlay,sdt8-homo-4,sdt8-homo-4,rmsf,ttp7hixz,ttp7hixz::RMSF,sdt8-homo-4 / RMSF,RMSF,Residue,257,0.090829805,nm,nm
line,overlay,sdt8-homo-4,sdt8-homo-4,rmsf,ttp7hixz,ttp7hixz::RMSF,sdt8-homo-4 / RMSF,RMSF,Residue,258,0.1082921,nm,nm
line,overlay,sdt8-homo-4,sdt8-homo-4,rmsf,ttp7hixz,ttp7hixz::RMSF,sdt8-homo-4 / RMSF,RMSF,Residue,259,0.08838844,nm,nm
line,overlay,sdt8-homo-4,sdt8-homo-4,rmsf,ttp7hixz,ttp7hixz::RMSF,sdt8-homo-4 / RMSF,RMSF,Residue,260,0.09245512,nm,nm
line,overlay,sdt8-homo-4,sdt8-homo-4,rmsf,ttp7hixz,ttp7hixz::RMSF,sdt8-homo-4 / RMSF,RMSF,Residue,261,0.08017595,nm,nm
line,overlay,sdt8-homo-4,sdt8-homo-4,rmsf,ttp7hixz,ttp7hixz::RMSF,sdt8-homo-4 / RMSF,RMSF,Residue,262,0.078785785,nm,nm
line,overlay,sdt8-homo-4,sdt8-homo-4,rmsf,ttp7hixz,ttp7hixz::RMSF,sdt8-homo-4 / RMSF,RMSF,Residue,263,0.08432796,nm,nm
line,overlay,sdt8-homo-4,sdt8-homo-4,rmsf,ttp7hixz,ttp7hixz::RMSF,sdt8-homo-4 / RMSF,RMSF,Residue,264,0.09267999,nm,nm
line,overlay,sdt8-homo-4,sdt8-homo-4,rmsf,ttp7hixz,ttp7hixz::RMSF,sdt8-homo-4 / RMSF,RMSF,Residue,265,0.08863013,nm,nm
line,overlay,sdt8-homo-4,sdt8-homo-4,rmsf,ttp7hixz,ttp7hixz::RMSF,sdt8-homo-4 / RMSF,RMSF,Residue,266,0.1051308,nm,nm
line,overlay,sdt8-homo-4,sdt8-homo-4,rmsf,ttp7hixz,ttp7hixz::RMSF,sdt8-homo-4 / RMSF,RMSF,Residue,267,0.10015684,nm,nm
line,overlay,sdt8-homo-4,sdt8-homo-4,rmsf,ttp7hixz,ttp7hixz::RMSF,sdt8-homo-4 / RMSF,RMSF,Residue,268,0.08115376,nm,nm
line,overlay,sdt8-homo-4,sdt8-homo-4,rmsf,ttp7hixz,ttp7hixz::RMSF,sdt8-homo-4 / RMSF,RMSF,Residue,269,0.08252074,nm,nm
line,overlay,sdt8-homo-4,sdt8-homo-4,rmsf,ttp7hixz,ttp7hixz::RMSF,sdt8-homo-4 / RMSF,RMSF,Residue,270,0.08999414,nm,nm
line,overlay,sdt8-homo-4,sdt8-homo-4,rmsf,ttp7hixz,ttp7hixz::RMSF,sdt8-homo-4 / RMSF,RMSF,Residue,271,0.0814279,nm,nm
line,overlay,sdt8-homo-4,sdt8-homo-4,rmsf,ttp7hixz,ttp7hixz::RMSF,sdt8-homo-4 / RMSF,RMSF,Residue,272,0.07089849,nm,nm
line,overlay,sdt8-homo-4,sdt8-homo-4,rmsf,ttp7hixz,ttp7hixz::RMSF,sdt8-homo-4 / RMSF,RMSF,Residue,273,0.082001045,nm,nm
line,overlay,sdt8-homo-4,sdt8-homo-4,rmsf,ttp7hixz,ttp7hixz::RMSF,sdt8-homo-4 / RMSF,RMSF,Residue,274,0.086596124,nm,nm
line,overlay,sdt8-homo-4,sdt8-homo-4,rmsf,ttp7hixz,ttp7hixz::RMSF,sdt8-homo-4 / RMSF,RMSF,Residue,275,0.07402875,nm,nm
line,overlay,sdt8-homo-4,sdt8-homo-4,rmsf,ttp7hixz,ttp7hixz::RMSF,sdt8-homo-4 / RMSF,RMSF,Residue,276,0.07719972,nm,nm
line,overlay,sdt8-homo-4,sdt8-homo-4,rmsf,ttp7hixz,ttp7hixz::RMSF,sdt8-homo-4 / RMSF,RMSF,Residue,277,0.07246394,nm,nm
line,overlay,sdt8-homo-4,sdt8-homo-4,rmsf,ttp7hixz,ttp7hixz::RMSF,sdt8-homo-4 / RMSF,RMSF,Residue,278,0.05963436,nm,nm
line,overlay,sdt8-homo-4,sdt8-homo-4,rmsf,ttp7hixz,ttp7hixz::RMSF,sdt8-homo-4 / RMSF,RMSF,Residue,279,0.057929177,nm,nm
line,overlay,sdt8-homo-4,sdt8-homo-4,rmsf,ttp7hixz,ttp7hixz::RMSF,sdt8-homo-4 / RMSF,RMSF,Residue,280,0.049027078,nm,nm
line,overlay,sdt8-homo-4,sdt8-homo-4,rmsf,ttp7hixz,ttp7hixz::RMSF,sdt8-homo-4 / RMSF,RMSF,Residue,281,0.04158149,nm,nm
line,overlay,sdt8-homo-4,sdt8-homo-4,rmsf,ttp7hixz,ttp7hixz::RMSF,sdt8-homo-4 / RMSF,RMSF,Residue,282,0.04054343,nm,nm
line,overlay,sdt8-homo-4,sdt8-homo-4,rmsf,ttp7hixz,ttp7hixz::RMSF,sdt8-homo-4 / RMSF,RMSF,Residue,283,0.042327534,nm,nm
line,overlay,sdt8-homo-4,sdt8-homo-4,rmsf,ttp7hixz,ttp7hixz::RMSF,sdt8-homo-4 / RMSF,RMSF,Residue,284,0.048490867,nm,nm
line,overlay,sdt8-homo-4,sdt8-homo-4,rmsf,ttp7hixz,ttp7hixz::RMSF,sdt8-homo-4 / RMSF,RMSF,Residue,285,0.05471402,nm,nm
line,overlay,sdt8-homo-4,sdt8-homo-4,rmsf,ttp7hixz,ttp7hixz::RMSF,sdt8-homo-4 / RMSF,RMSF,Residue,286,0.06330841,nm,nm
line,overlay,sdt8-homo-4,sdt8-homo-4,rmsf,ttp7hixz,ttp7hixz::RMSF,sdt8-homo-4 / RMSF,RMSF,Residue,287,0.073583595,nm,nm
line,overlay,sdt8-homo-4,sdt8-homo-4,rmsf,ttp7hixz,ttp7hixz::RMSF,sdt8-homo-4 / RMSF,RMSF,Residue,288,0.07920993,nm,nm
line,overlay,sdt8-homo-4,sdt8-homo-4,rmsf,ttp7hixz,ttp7hixz::RMSF,sdt8-homo-4 / RMSF,RMSF,Residue,289,0.07180173,nm,nm
line,overlay,sdt8-homo-4,sdt8-homo-4,rmsf,ttp7hixz,ttp7hixz::RMSF,sdt8-homo-4 / RMSF,RMSF,Residue,290,0.124118574,nm,nm
line,overlay,sdt8-homo-4,sdt8-homo-4,rmsf,ttp7hixz,ttp7hixz::RMSF,sdt8-homo-4 / RMSF,RMSF,Residue,291,0.09119156,nm,nm
line,overlay,sdt8-homo-4,sdt8-homo-4,rmsf,ttp7hixz,ttp7hixz::RMSF,sdt8-homo-4 / RMSF,RMSF,Residue,292,0.081539854,nm,nm
line,overlay,sdt8-homo-4,sdt8-homo-4,rmsf,ttp7hixz,ttp7hixz::RMSF,sdt8-homo-4 / RMSF,RMSF,Residue,293,0.08377056,nm,nm
line,overlay,sdt8-homo-4,sdt8-homo-4,rmsf,ttp7hixz,ttp7hixz::RMSF,sdt8-homo-4 / RMSF,RMSF,Residue,294,0.08085553,nm,nm
line,overlay,sdt8-homo-4,sdt8-homo-4,rmsf,ttp7hixz,ttp7hixz::RMSF,sdt8-homo-4 / RMSF,RMSF,Residue,295,0.06765882,nm,nm
line,overlay,sdt8-homo-4,sdt8-homo-4,rmsf,ttp7hixz,ttp7hixz::RMSF,sdt8-homo-4 / RMSF,RMSF,Residue,296,0.06627336,nm,nm
line,overlay,sdt8-homo-4,sdt8-homo-4,rmsf,ttp7hixz,ttp7hixz::RMSF,sdt8-homo-4 / RMSF,RMSF,Residue,297,0.07083872,nm,nm
line,overlay,sdt8-homo-4,sdt8-homo-4,rmsf,ttp7hixz,ttp7hixz::RMSF,sdt8-homo-4 / RMSF,RMSF,Residue,298,0.0662429,nm,nm
line,overlay,sdt8-homo-4,sdt8-homo-4,rmsf,ttp7hixz,ttp7hixz::RMSF,sdt8-homo-4 / RMSF,RMSF,Residue,299,0.05970188,nm,nm
line,overlay,sdt8-homo-4,sdt8-homo-4,rmsf,ttp7hixz,ttp7hixz::RMSF,sdt8-homo-4 / RMSF,RMSF,Residue,300,0.064771384,nm,nm
line,overlay,sdt8-homo-4,sdt8-homo-4,rmsf,ttp7hixz,ttp7hixz::RMSF,sdt8-homo-4 / RMSF,RMSF,Residue,301,0.06879463,nm,nm
line,overlay,sdt8-homo-4,sdt8-homo-4,rmsf,ttp7hixz,ttp7hixz::RMSF,sdt8-homo-4 / RMSF,RMSF,Residue,302,0.064661406,nm,nm
line,overlay,sdt8-homo-4,sdt8-homo-4,rmsf,ttp7hixz,ttp7hixz::RMSF,sdt8-homo-4 / RMSF,RMSF,Residue,303,0.06430273,nm,nm
line,overlay,sdt8-homo-4,sdt8-homo-4,rmsf,ttp7hixz,ttp7hixz::RMSF,sdt8-homo-4 / RMSF,RMSF,Residue,304,0.073621295,nm,nm
line,overlay,sdt8-homo-4,sdt8-homo-4,rmsf,ttp7hixz,ttp7hixz::RMSF,sdt8-homo-4 / RMSF,RMSF,Residue,305,0.07727986,nm,nm
line,overlay,sdt8-homo-4,sdt8-homo-4,rmsf,ttp7hixz,ttp7hixz::RMSF,sdt8-homo-4 / RMSF,RMSF,Residue,306,0.07127127,nm,nm
line,overlay,sdt8-homo-4,sdt8-homo-4,rmsf,ttp7hixz,ttp7hixz::RMSF,sdt8-homo-4 / RMSF,RMSF,Residue,307,0.06989076,nm,nm
line,overlay,sdt8-homo-4,sdt8-homo-4,rmsf,ttp7hixz,ttp7hixz::RMSF,sdt8-homo-4 / RMSF,RMSF,Residue,308,0.060550146,nm,nm
line,overlay,sdt8-homo-4,sdt8-homo-4,rmsf,ttp7hixz,ttp7hixz::RMSF,sdt8-homo-4 / RMSF,RMSF,Residue,309,0.056463275,nm,nm
line,overlay,sdt8-homo-4,sdt8-homo-4,rmsf,ttp7hixz,ttp7hixz::RMSF,sdt8-homo-4 / RMSF,RMSF,Residue,310,0.052248586,nm,nm
line,overlay,sdt8-homo-4,sdt8-homo-4,rmsf,ttp7hixz,ttp7hixz::RMSF,sdt8-homo-4 / RMSF,RMSF,Residue,311,0.051187098,nm,nm
line,overlay,sdt8-homo-4,sdt8-homo-4,rmsf,ttp7hixz,ttp7hixz::RMSF,sdt8-homo-4 / RMSF,RMSF,Residue,312,0.05313934,nm,nm
line,overlay,sdt8-homo-4,sdt8-homo-4,rmsf,ttp7hixz,ttp7hixz::RMSF,sdt8-homo-4 / RMSF,RMSF,Residue,313,0.059352815,nm,nm
line,overlay,sdt8-homo-4,sdt8-homo-4,rmsf,ttp7hixz,ttp7hixz::RMSF,sdt8-homo-4 / RMSF,RMSF,Residue,314,0.06826068,nm,nm
line,overlay,sdt8-homo-4,sdt8-homo-4,rmsf,ttp7hixz,ttp7hixz::RMSF,sdt8-homo-4 / RMSF,RMSF,Residue,315,0.077585034,nm,nm
line,overlay,sdt8-homo-4,sdt8-homo-4,rmsf,ttp7hixz,ttp7hixz::RMSF,sdt8-homo-4 / RMSF,RMSF,Residue,316,0.11526385,nm,nm
line,overlay,sdt8-homo-4,sdt8-homo-4,rmsf,ttp7hixz,ttp7hixz::RMSF,sdt8-homo-4 / RMSF,RMSF,Residue,317,0.112122685,nm,nm
line,overlay,sdt8-homo-4,sdt8-homo-4,rmsf,ttp7hixz,ttp7hixz::RMSF,sdt8-homo-4 / RMSF,RMSF,Residue,318,0.114005,nm,nm
line,overlay,sdt8-homo-4,sdt8-homo-4,rmsf,ttp7hixz,ttp7hixz::RMSF,sdt8-homo-4 / RMSF,RMSF,Residue,319,0.18202677,nm,nm
line,overlay,sdt8-homo-4,sdt8-homo-4,rmsf,ttp7hixz,ttp7hixz::RMSF,sdt8-homo-4 / RMSF,RMSF,Residue,320,0.17157485,nm,nm
line,overlay,sdt8-homo-4,sdt8-homo-4,rmsf,ttp7hixz,ttp7hixz::RMSF,sdt8-homo-4 / RMSF,RMSF,Residue,321,0.1455054,nm,nm
line,overlay,sdt8-homo-4,sdt8-homo-4,rmsf,ttp7hixz,ttp7hixz::RMSF,sdt8-homo-4 / RMSF,RMSF,Residue,322,0.11684582,nm,nm
line,overlay,sdt8-homo-4,sdt8-homo-4,rmsf,ttp7hixz,ttp7hixz::RMSF,sdt8-homo-4 / RMSF,RMSF,Residue,323,0.09032734,nm,nm
line,overlay,sdt8-homo-4,sdt8-homo-4,rmsf,ttp7hixz,ttp7hixz::RMSF,sdt8-homo-4 / RMSF,RMSF,Residue,324,0.09014838,nm,nm
line,overlay,sdt8-homo-4,sdt8-homo-4,rmsf,ttp7hixz,ttp7hixz::RMSF,sdt8-homo-4 / RMSF,RMSF,Residue,325,0.09300546,nm,nm
line,overlay,sdt8-homo-4,sdt8-homo-4,rmsf,ttp7hixz,ttp7hixz::RMSF,sdt8-homo-4 / RMSF,RMSF,Residue,326,0.107592106,nm,nm
line,overlay,sdt8-homo-4,sdt8-homo-4,rmsf,ttp7hixz,ttp7hixz::RMSF,sdt8-homo-4 / RMSF,RMSF,Residue,327,0.10539318,nm,nm
line,overlay,sdt8-homo-4,sdt8-homo-4,rmsf,ttp7hixz,ttp7hixz::RMSF,sdt8-homo-4 / RMSF,RMSF,Residue,328,0.085394725,nm,nm
line,overlay,sdt8-homo-4,sdt8-homo-4,rmsf,ttp7hixz,ttp7hixz::RMSF,sdt8-homo-4 / RMSF,RMSF,Residue,329,0.08993274,nm,nm
line,overlay,sdt8-homo-4,sdt8-homo-4,rmsf,ttp7hixz,ttp7hixz::RMSF,sdt8-homo-4 / RMSF,RMSF,Residue,330,0.10290487,nm,nm
line,overlay,sdt8-homo-4,sdt8-homo-4,rmsf,ttp7hixz,ttp7hixz::RMSF,sdt8-homo-4 / RMSF,RMSF,Residue,331,0.0934792,nm,nm
line,overlay,sdt8-homo-4,sdt8-homo-4,rmsf,ttp7hixz,ttp7hixz::RMSF,sdt8-homo-4 / RMSF,RMSF,Residue,332,0.08094154,nm,nm
line,overlay,sdt8-homo-4,sdt8-homo-4,rmsf,ttp7hixz,ttp7hixz::RMSF,sdt8-homo-4 / RMSF,RMSF,Residue,333,0.09208924,nm,nm
line,overlay,sdt8-homo-4,sdt8-homo-4,rmsf,ttp7hixz,ttp7hixz::RMSF,sdt8-homo-4 / RMSF,RMSF,Residue,334,0.09423039,nm,nm
line,overlay,sdt8-homo-4,sdt8-homo-4,rmsf,ttp7hixz,ttp7hixz::RMSF,sdt8-homo-4 / RMSF,RMSF,Residue,335,0.074445315,nm,nm
line,overlay,sdt8-homo-4,sdt8-homo-4,rmsf,ttp7hixz,ttp7hixz::RMSF,sdt8-homo-4 / RMSF,RMSF,Residue,336,0.06905391,nm,nm
line,overlay,sdt8-homo-4,sdt8-homo-4,rmsf,ttp7hixz,ttp7hixz::RMSF,sdt8-homo-4 / RMSF,RMSF,Residue,337,0.070119806,nm,nm
line,overlay,sdt8-homo-4,sdt8-homo-4,rmsf,ttp7hixz,ttp7hixz::RMSF,sdt8-homo-4 / RMSF,RMSF,Residue,338,0.06971979,nm,nm
line,overlay,sdt8-homo-4,sdt8-homo-4,rmsf,ttp7hixz,ttp7hixz::RMSF,sdt8-homo-4 / RMSF,RMSF,Residue,339,0.0698232,nm,nm
line,overlay,sdt8-homo-4,sdt8-homo-4,rmsf,ttp7hixz,ttp7hixz::RMSF,sdt8-homo-4 / RMSF,RMSF,Residue,340,0.07659599,nm,nm
line,overlay,sdt8-homo-4,sdt8-homo-4,rmsf,ttp7hixz,ttp7hixz::RMSF,sdt8-homo-4 / RMSF,RMSF,Residue,341,0.07569595,nm,nm
line,overlay,sdt8-homo-4,sdt8-homo-4,rmsf,ttp7hixz,ttp7hixz::RMSF,sdt8-homo-4 / RMSF,RMSF,Residue,342,0.07049777,nm,nm
line,overlay,sdt8-homo-4,sdt8-homo-4,rmsf,ttp7hixz,ttp7hixz::RMSF,sdt8-homo-4 / RMSF,RMSF,Residue,343,0.065681115,nm,nm
line,overlay,sdt8-homo-4,sdt8-homo-4,rmsf,ttp7hixz,ttp7hixz::RMSF,sdt8-homo-4 / RMSF,RMSF,Residue,344,0.06036492,nm,nm
line,overlay,sdt8-homo-4,sdt8-homo-4,rmsf,ttp7hixz,ttp7hixz::RMSF,sdt8-homo-4 / RMSF,RMSF,Residue,345,0.051337294,nm,nm
line,overlay,sdt8-homo-4,sdt8-homo-4,rmsf,ttp7hixz,ttp7hixz::RMSF,sdt8-homo-4 / RMSF,RMSF,Residue,346,0.056260563,nm,nm
line,overlay,sdt8-homo-4,sdt8-homo-4,rmsf,ttp7hixz,ttp7hixz::RMSF,sdt8-homo-4 / RMSF,RMSF,Residue,347,0.060851105,nm,nm
line,overlay,sdt8-homo-4,sdt8-homo-4,rmsf,ttp7hixz,ttp7hixz::RMSF,sdt8-homo-4 / RMSF,RMSF,Residue,348,0.051948417,nm,nm
line,overlay,sdt8-homo-4,sdt8-homo-4,rmsf,ttp7hixz,ttp7hixz::RMSF,sdt8-homo-4 / RMSF,RMSF,Residue,349,0.050597463,nm,nm
line,overlay,sdt8-homo-4,sdt8-homo-4,rmsf,ttp7hixz,ttp7hixz::RMSF,sdt8-homo-4 / RMSF,RMSF,Residue,350,0.066824354,nm,nm
line,overlay,sdt8-homo-4,sdt8-homo-4,rmsf,ttp7hixz,ttp7hixz::RMSF,sdt8-homo-4 / RMSF,RMSF,Residue,351,0.064397,nm,nm
line,overlay,sdt8-homo-4,sdt8-homo-4,rmsf,ttp7hixz,ttp7hixz::RMSF,sdt8-homo-4 / RMSF,RMSF,Residue,352,0.0689563,nm,nm
line,overlay,sdt8-homo-4,sdt8-homo-4,rmsf,ttp7hixz,ttp7hixz::RMSF,sdt8-homo-4 / RMSF,RMSF,Residue,353,0.060225066,nm,nm
line,overlay,sdt8-homo-4,sdt8-homo-4,rmsf,ttp7hixz,ttp7hixz::RMSF,sdt8-homo-4 / RMSF,RMSF,Residue,354,0.050690606,nm,nm
line,overlay,sdt8-homo-4,sdt8-homo-4,rmsf,ttp7hixz,ttp7hixz::RMSF,sdt8-homo-4 / RMSF,RMSF,Residue,355,0.050763834,nm,nm
line,overlay,sdt8-homo-4,sdt8-homo-4,rmsf,ttp7hixz,ttp7hixz::RMSF,sdt8-homo-4 / RMSF,RMSF,Residue,356,0.04365039,nm,nm
line,overlay,sdt8-homo-4,sdt8-homo-4,rmsf,ttp7hixz,ttp7hixz::RMSF,sdt8-homo-4 / RMSF,RMSF,Residue,357,0.038594898,nm,nm
line,overlay,sdt8-homo-4,sdt8-homo-4,rmsf,ttp7hixz,ttp7hixz::RMSF,sdt8-homo-4 / RMSF,RMSF,Residue,358,0.038239256,nm,nm
line,overlay,sdt8-homo-4,sdt8-homo-4,rmsf,ttp7hixz,ttp7hixz::RMSF,sdt8-homo-4 / RMSF,RMSF,Residue,359,0.04583686,nm,nm
line,overlay,sdt8-homo-4,sdt8-homo-4,rmsf,ttp7hixz,ttp7hixz::RMSF,sdt8-homo-4 / RMSF,RMSF,Residue,360,0.052066687,nm,nm
line,overlay,sdt8-homo-4,sdt8-homo-4,rmsf,ttp7hixz,ttp7hixz::RMSF,sdt8-homo-4 / RMSF,RMSF,Residue,361,0.053004768,nm,nm
line,overlay,sdt8-homo-4,sdt8-homo-4,rmsf,ttp7hixz,ttp7hixz::RMSF,sdt8-homo-4 / RMSF,RMSF,Residue,362,0.05194392,nm,nm
line,overlay,sdt8-homo-4,sdt8-homo-4,rmsf,ttp7hixz,ttp7hixz::RMSF,sdt8-homo-4 / RMSF,RMSF,Residue,363,0.05047451,nm,nm
line,overlay,sdt8-homo-4,sdt8-homo-4,rmsf,ttp7hixz,ttp7hixz::RMSF,sdt8-homo-4 / RMSF,RMSF,Residue,364,0.051174395,nm,nm
line,overlay,sdt8-homo-4,sdt8-homo-4,rmsf,ttp7hixz,ttp7hixz::RMSF,sdt8-homo-4 / RMSF,RMSF,Residue,365,0.04775859,nm,nm
line,overlay,sdt8-homo-4,sdt8-homo-4,rmsf,ttp7hixz,ttp7hixz::RMSF,sdt8-homo-4 / RMSF,RMSF,Residue,366,0.047938917,nm,nm
line,overlay,sdt8-homo-4,sdt8-homo-4,rmsf,ttp7hixz,ttp7hixz::RMSF,sdt8-homo-4 / RMSF,RMSF,Residue,367,0.046669252,nm,nm
line,overlay,sdt8-homo-4,sdt8-homo-4,rmsf,ttp7hixz,ttp7hixz::RMSF,sdt8-homo-4 / RMSF,RMSF,Residue,368,0.04613328,nm,nm
line,overlay,sdt8-homo-4,sdt8-homo-4,rmsf,ttp7hixz,ttp7hixz::RMSF,sdt8-homo-4 / RMSF,RMSF,Residue,369,0.04581824,nm,nm
line,overlay,sdt8-homo-4,sdt8-homo-4,rmsf,ttp7hixz,ttp7hixz::RMSF,sdt8-homo-4 / RMSF,RMSF,Residue,370,0.04864377,nm,nm
line,overlay,sdt8-homo-4,sdt8-homo-4,rmsf,ttp7hixz,ttp7hixz::RMSF,sdt8-homo-4 / RMSF,RMSF,Residue,371,0.05574851,nm,nm
line,overlay,sdt8-homo-4,sdt8-homo-4,rmsf,ttp7hixz,ttp7hixz::RMSF,sdt8-homo-4 / RMSF,RMSF,Residue,372,0.053129192,nm,nm
line,overlay,sdt8-homo-4,sdt8-homo-4,rmsf,ttp7hixz,ttp7hixz::RMSF,sdt8-homo-4 / RMSF,RMSF,Residue,373,0.0535148,nm,nm
line,overlay,sdt8-homo-4,sdt8-homo-4,rmsf,ttp7hixz,ttp7hixz::RMSF,sdt8-homo-4 / RMSF,RMSF,Residue,374,0.043906383,nm,nm
line,overlay,sdt8-homo-4,sdt8-homo-4,rmsf,ttp7hixz,ttp7hixz::RMSF,sdt8-homo-4 / RMSF,RMSF,Residue,375,0.042872254,nm,nm
line,overlay,sdt8-homo-4,sdt8-homo-4,rmsf,ttp7hixz,ttp7hixz::RMSF,sdt8-homo-4 / RMSF,RMSF,Residue,376,0.04333608,nm,nm
line,overlay,sdt8-homo-4,sdt8-homo-4,rmsf,ttp7hixz,ttp7hixz::RMSF,sdt8-homo-4 / RMSF,RMSF,Residue,377,0.03925139,nm,nm
line,overlay,sdt8-homo-4,sdt8-homo-4,rmsf,ttp7hixz,ttp7hixz::RMSF,sdt8-homo-4 / RMSF,RMSF,Residue,378,0.042675402,nm,nm
line,overlay,sdt8-homo-4,sdt8-homo-4,rmsf,ttp7hixz,ttp7hixz::RMSF,sdt8-homo-4 / RMSF,RMSF,Residue,379,0.047648076,nm,nm
line,overlay,sdt8-homo-4,sdt8-homo-4,rmsf,ttp7hixz,ttp7hixz::RMSF,sdt8-homo-4 / RMSF,RMSF,Residue,380,0.053458687,nm,nm
line,overlay,sdt8-homo-4,sdt8-homo-4,rmsf,ttp7hixz,ttp7hixz::RMSF,sdt8-homo-4 / RMSF,RMSF,Residue,381,0.069353834,nm,nm
line,overlay,sdt8-homo-4,sdt8-homo-4,rmsf,ttp7hixz,ttp7hixz::RMSF,sdt8-homo-4 / RMSF,RMSF,Residue,382,0.06972952,nm,nm
line,overlay,sdt8-homo-4,sdt8-homo-4,rmsf,ttp7hixz,ttp7hixz::RMSF,sdt8-homo-4 / RMSF,RMSF,Residue,383,0.09082587,nm,nm
line,overlay,sdt8-homo-4,sdt8-homo-4,rmsf,ttp7hixz,ttp7hixz::RMSF,sdt8-homo-4 / RMSF,RMSF,Residue,384,0.061133403,nm,nm
line,overlay,sdt8-homo-4,sdt8-homo-4,rmsf,ttp7hixz,ttp7hixz::RMSF,sdt8-homo-4 / RMSF,RMSF,Residue,385,0.054341972,nm,nm
line,overlay,sdt8-homo-4,sdt8-homo-4,rmsf,ttp7hixz,ttp7hixz::RMSF,sdt8-homo-4 / RMSF,RMSF,Residue,386,0.054709986,nm,nm
line,overlay,sdt8-homo-4,sdt8-homo-4,rmsf,ttp7hixz,ttp7hixz::RMSF,sdt8-homo-4 / RMSF,RMSF,Residue,387,0.05328931,nm,nm
line,overlay,sdt8-homo-4,sdt8-homo-4,rmsf,ttp7hixz,ttp7hixz::RMSF,sdt8-homo-4 / RMSF,RMSF,Residue,388,0.04973458,nm,nm
line,overlay,sdt8-homo-4,sdt8-homo-4,rmsf,ttp7hixz,ttp7hixz::RMSF,sdt8-homo-4 / RMSF,RMSF,Residue,389,0.04736538,nm,nm
line,overlay,sdt8-homo-4,sdt8-homo-4,rmsf,ttp7hixz,ttp7hixz::RMSF,sdt8-homo-4 / RMSF,RMSF,Residue,390,0.05108495,nm,nm
line,overlay,sdt8-homo-4,sdt8-homo-4,rmsf,ttp7hixz,ttp7hixz::RMSF,sdt8-homo-4 / RMSF,RMSF,Residue,391,0.048665028,nm,nm
line,overlay,sdt8-homo-4,sdt8-homo-4,rmsf,ttp7hixz,ttp7hixz::RMSF,sdt8-homo-4 / RMSF,RMSF,Residue,392,0.045619458,nm,nm
line,overlay,sdt8-homo-4,sdt8-homo-4,rmsf,ttp7hixz,ttp7hixz::RMSF,sdt8-homo-4 / RMSF,RMSF,Residue,393,0.050311115,nm,nm
line,overlay,sdt8-homo-4,sdt8-homo-4,rmsf,ttp7hixz,ttp7hixz::RMSF,sdt8-homo-4 / RMSF,RMSF,Residue,394,0.060356647,nm,nm
line,overlay,sdt8-homo-4,sdt8-homo-4,rmsf,ttp7hixz,ttp7hixz::RMSF,sdt8-homo-4 / RMSF,RMSF,Residue,395,0.058527946,nm,nm
line,overlay,sdt8-homo-4,sdt8-homo-4,rmsf,ttp7hixz,ttp7hixz::RMSF,sdt8-homo-4 / RMSF,RMSF,Residue,396,0.055249225,nm,nm
line,overlay,sdt8-homo-4,sdt8-homo-4,rmsf,ttp7hixz,ttp7hixz::RMSF,sdt8-homo-4 / RMSF,RMSF,Residue,397,0.05406945,nm,nm
line,overlay,sdt8-homo-4,sdt8-homo-4,rmsf,ttp7hixz,ttp7hixz::RMSF,sdt8-homo-4 / RMSF,RMSF,Residue,398,0.04871039,nm,nm
line,overlay,sdt8-homo-4,sdt8-homo-4,rmsf,ttp7hixz,ttp7hixz::RMSF,sdt8-homo-4 / RMSF,RMSF,Residue,399,0.049307123,nm,nm
line,overlay,sdt8-homo-4,sdt8-homo-4,rmsf,ttp7hixz,ttp7hixz::RMSF,sdt8-homo-4 / RMSF,RMSF,Residue,400,0.050012685,nm,nm
line,overlay,sdt8-homo-4,sdt8-homo-4,rmsf,ttp7hixz,ttp7hixz::RMSF,sdt8-homo-4 / RMSF,RMSF,Residue,401,0.05119569,nm,nm
line,overlay,sdt8-homo-4,sdt8-homo-4,rmsf,ttp7hixz,ttp7hixz::RMSF,sdt8-homo-4 / RMSF,RMSF,Residue,402,0.05963751,nm,nm
line,overlay,sdt8-homo-4,sdt8-homo-4,rmsf,ttp7hixz,ttp7hixz::RMSF,sdt8-homo-4 / RMSF,RMSF,Residue,403,0.078927815,nm,nm
line,overlay,sdt8-homo-4,sdt8-homo-4,rmsf,ttp7hixz,ttp7hixz::RMSF,sdt8-homo-4 / RMSF,RMSF,Residue,404,0.07448801,nm,nm
line,overlay,sdt8-homo-4,sdt8-homo-4,rmsf,ttp7hixz,ttp7hixz::RMSF,sdt8-homo-4 / RMSF,RMSF,Residue,405,0.11233444,nm,nm
line,overlay,sdt8-homo-4,sdt8-homo-4,rmsf,ttp7hixz,ttp7hixz::RMSF,sdt8-homo-4 / RMSF,RMSF,Residue,406,0.12459277,nm,nm
line,overlay,sdt8-homo-4,sdt8-homo-4,rmsf,ttp7hixz,ttp7hixz::RMSF,sdt8-homo-4 / RMSF,RMSF,Residue,407,0.094208315,nm,nm
line,overlay,sdt8-homo-4,sdt8-homo-4,rmsf,ttp7hixz,ttp7hixz::RMSF,sdt8-homo-4 / RMSF,RMSF,Residue,408,0.103754215,nm,nm
line,overlay,sdt8-homo-4,sdt8-homo-4,rmsf,ttp7hixz,ttp7hixz::RMSF,sdt8-homo-4 / RMSF,RMSF,Residue,409,0.138859,nm,nm
line,overlay,sdt8-homo-4,sdt8-homo-4,rmsf,ttp7hixz,ttp7hixz::RMSF,sdt8-homo-4 / RMSF,RMSF,Residue,410,0.12524685,nm,nm
line,overlay,sdt8-homo-4,sdt8-homo-4,rmsf,ttp7hixz,ttp7hixz::RMSF,sdt8-homo-4 / RMSF,RMSF,Residue,411,0.0960842,nm,nm
line,overlay,sdt8-homo-4,sdt8-homo-4,rmsf,ttp7hixz,ttp7hixz::RMSF,sdt8-homo-4 / RMSF,RMSF,Residue,412,0.0767126,nm,nm
line,overlay,sdt8-homo-4,sdt8-homo-4,rmsf,ttp7hixz,ttp7hixz::RMSF,sdt8-homo-4 / RMSF,RMSF,Residue,413,0.07918619,nm,nm
line,overlay,sdt8-homo-4,sdt8-homo-4,rmsf,ttp7hixz,ttp7hixz::RMSF,sdt8-homo-4 / RMSF,RMSF,Residue,414,0.09420487,nm,nm
line,overlay,sdt8-homo-4,sdt8-homo-4,rmsf,ttp7hixz,ttp7hixz::RMSF,sdt8-homo-4 / RMSF,RMSF,Residue,415,0.0749956,nm,nm
line,overlay,sdt8-homo-4,sdt8-homo-4,rmsf,ttp7hixz,ttp7hixz::RMSF,sdt8-homo-4 / RMSF,RMSF,Residue,416,0.075756855,nm,nm
line,overlay,sdt8-homo-4,sdt8-homo-4,rmsf,ttp7hixz,ttp7hixz::RMSF,sdt8-homo-4 / RMSF,RMSF,Residue,417,0.067989245,nm,nm
line,overlay,sdt8-homo-4,sdt8-homo-4,rmsf,ttp7hixz,ttp7hixz::RMSF,sdt8-homo-4 / RMSF,RMSF,Residue,418,0.07405299,nm,nm
line,overlay,sdt8-homo-4,sdt8-homo-4,rmsf,ttp7hixz,ttp7hixz::RMSF,sdt8-homo-4 / RMSF,RMSF,Residue,419,0.069867976,nm,nm
line,overlay,sdt8-homo-4,sdt8-homo-4,rmsf,ttp7hixz,ttp7hixz::RMSF,sdt8-homo-4 / RMSF,RMSF,Residue,420,0.061047785,nm,nm
line,overlay,sdt8-homo-4,sdt8-homo-4,rmsf,ttp7hixz,ttp7hixz::RMSF,sdt8-homo-4 / RMSF,RMSF,Residue,421,0.06356352,nm,nm
line,overlay,sdt8-homo-4,sdt8-homo-4,rmsf,ttp7hixz,ttp7hixz::RMSF,sdt8-homo-4 / RMSF,RMSF,Residue,422,0.064616345,nm,nm
line,overlay,sdt8-homo-4,sdt8-homo-4,rmsf,ttp7hixz,ttp7hixz::RMSF,sdt8-homo-4 / RMSF,RMSF,Residue,423,0.056758262,nm,nm
line,overlay,sdt8-homo-4,sdt8-homo-4,rmsf,ttp7hixz,ttp7hixz::RMSF,sdt8-homo-4 / RMSF,RMSF,Residue,424,0.05342399,nm,nm
line,overlay,sdt8-homo-4,sdt8-homo-4,rmsf,ttp7hixz,ttp7hixz::RMSF,sdt8-homo-4 / RMSF,RMSF,Residue,425,0.06069601,nm,nm
line,overlay,sdt8-homo-4,sdt8-homo-4,rmsf,ttp7hixz,ttp7hixz::RMSF,sdt8-homo-4 / RMSF,RMSF,Residue,426,0.05930191,nm,nm
line,overlay,sdt8-homo-4,sdt8-homo-4,rmsf,ttp7hixz,ttp7hixz::RMSF,sdt8-homo-4 / RMSF,RMSF,Residue,427,0.053874306,nm,nm
line,overlay,sdt8-homo-4,sdt8-homo-4,rmsf,ttp7hixz,ttp7hixz::RMSF,sdt8-homo-4 / RMSF,RMSF,Residue,428,0.0533995,nm,nm
line,overlay,sdt8-homo-4,sdt8-homo-4,rmsf,ttp7hixz,ttp7hixz::RMSF,sdt8-homo-4 / RMSF,RMSF,Residue,429,0.06969217,nm,nm
line,overlay,sdt8-homo-4,sdt8-homo-4,rmsf,ttp7hixz,ttp7hixz::RMSF,sdt8-homo-4 / RMSF,RMSF,Residue,430,0.06968744,nm,nm
line,overlay,sdt8-homo-4,sdt8-homo-4,rmsf,ttp7hixz,ttp7hixz::RMSF,sdt8-homo-4 / RMSF,RMSF,Residue,431,0.09151553,nm,nm
line,overlay,sdt8-homo-4,sdt8-homo-4,rmsf,ttp7hixz,ttp7hixz::RMSF,sdt8-homo-4 / RMSF,RMSF,Residue,432,0.091198385,nm,nm
line,overlay,sdt8-homo-4,sdt8-homo-4,rmsf,ttp7hixz,ttp7hixz::RMSF,sdt8-homo-4 / RMSF,RMSF,Residue,433,0.066753864,nm,nm
line,overlay,sdt8-homo-4,sdt8-homo-4,rmsf,ttp7hixz,ttp7hixz::RMSF,sdt8-homo-4 / RMSF,RMSF,Residue,434,0.0710362,nm,nm
line,overlay,sdt8-homo-4,sdt8-homo-4,rmsf,ttp7hixz,ttp7hixz::RMSF,sdt8-homo-4 / RMSF,RMSF,Residue,435,0.07125639,nm,nm
line,overlay,sdt8-homo-4,sdt8-homo-4,rmsf,ttp7hixz,ttp7hixz::RMSF,sdt8-homo-4 / RMSF,RMSF,Residue,436,0.05690915,nm,nm
line,overlay,sdt8-homo-4,sdt8-homo-4,rmsf,ttp7hixz,ttp7hixz::RMSF,sdt8-homo-4 / RMSF,RMSF,Residue,437,0.05252355,nm,nm
line,overlay,sdt8-homo-4,sdt8-homo-4,rmsf,ttp7hixz,ttp7hixz::RMSF,sdt8-homo-4 / RMSF,RMSF,Residue,438,0.060918815,nm,nm
line,overlay,sdt8-homo-4,sdt8-homo-4,rmsf,ttp7hixz,ttp7hixz::RMSF,sdt8-homo-4 / RMSF,RMSF,Residue,439,0.058680203,nm,nm
line,overlay,sdt8-homo-4,sdt8-homo-4,rmsf,ttp7hixz,ttp7hixz::RMSF,sdt8-homo-4 / RMSF,RMSF,Residue,440,0.051520333,nm,nm
line,overlay,sdt8-homo-4,sdt8-homo-4,rmsf,ttp7hixz,ttp7hixz::RMSF,sdt8-homo-4 / RMSF,RMSF,Residue,441,0.056530755,nm,nm
line,overlay,sdt8-homo-4,sdt8-homo-4,rmsf,ttp7hixz,ttp7hixz::RMSF,sdt8-homo-4 / RMSF,RMSF,Residue,442,0.059634507,nm,nm
line,overlay,sdt8-homo-4,sdt8-homo-4,rmsf,ttp7hixz,ttp7hixz::RMSF,sdt8-homo-4 / RMSF,RMSF,Residue,443,0.05479181,nm,nm
line,overlay,sdt8-homo-4,sdt8-homo-4,rmsf,ttp7hixz,ttp7hixz::RMSF,sdt8-homo-4 / RMSF,RMSF,Residue,444,0.05484125,nm,nm
line,overlay,sdt8-homo-4,sdt8-homo-4,rmsf,ttp7hixz,ttp7hixz::RMSF,sdt8-homo-4 / RMSF,RMSF,Residue,445,0.05915829,nm,nm
line,overlay,sdt8-homo-4,sdt8-homo-4,rmsf,ttp7hixz,ttp7hixz::RMSF,sdt8-homo-4 / RMSF,RMSF,Residue,446,0.057844136,nm,nm
line,overlay,sdt8-homo-4,sdt8-homo-4,rmsf,ttp7hixz,ttp7hixz::RMSF,sdt8-homo-4 / RMSF,RMSF,Residue,447,0.05719963,nm,nm
line,overlay,sdt8-homo-4,sdt8-homo-4,rmsf,ttp7hixz,ttp7hixz::RMSF,sdt8-homo-4 / RMSF,RMSF,Residue,448,0.07521653,nm,nm
line,overlay,sdt8-homo-4,sdt8-homo-4,rmsf,ttp7hixz,ttp7hixz::RMSF,sdt8-homo-4 / RMSF,RMSF,Residue,449,0.07816174,nm,nm
line,overlay,sdt8-homo-4,sdt8-homo-4,rmsf,ttp7hixz,ttp7hixz::RMSF,sdt8-homo-4 / RMSF,RMSF,Residue,450,0.06231144,nm,nm
line,overlay,sdt8-homo-4,sdt8-homo-4,rmsf,ttp7hixz,ttp7hixz::RMSF,sdt8-homo-4 / RMSF,RMSF,Residue,451,0.072522365,nm,nm
line,overlay,sdt8-homo-4,sdt8-homo-4,rmsf,ttp7hixz,ttp7hixz::RMSF,sdt8-homo-4 / RMSF,RMSF,Residue,452,0.0957507,nm,nm
line,overlay,sdt8-homo-4,sdt8-homo-4,rmsf,ttp7hixz,ttp7hixz::RMSF,sdt8-homo-4 / RMSF,RMSF,Residue,453,0.115172945,nm,nm
line,overlay,sdt8-homo-4,sdt8-homo-4,rmsf,ttp7hixz,ttp7hixz::RMSF,sdt8-homo-4 / RMSF,RMSF,Residue,454,0.106306516,nm,nm
line,overlay,sdt8-homo-4,sdt8-homo-4,rmsf,ttp7hixz,ttp7hixz::RMSF,sdt8-homo-4 / RMSF,RMSF,Residue,455,0.08269036,nm,nm
line,overlay,sdt8-homo-4,sdt8-homo-4,rmsf,ttp7hixz,ttp7hixz::RMSF,sdt8-homo-4 / RMSF,RMSF,Residue,456,0.06822655,nm,nm
line,overlay,sdt8-homo-4,sdt8-homo-4,rmsf,ttp7hixz,ttp7hixz::RMSF,sdt8-homo-4 / RMSF,RMSF,Residue,457,0.052870102,nm,nm
line,overlay,sdt8-homo-4,sdt8-homo-4,rmsf,ttp7hixz,ttp7hixz::RMSF,sdt8-homo-4 / RMSF,RMSF,Residue,458,0.066950314,nm,nm
line,overlay,sdt8-homo-4,sdt8-homo-4,rmsf,ttp7hixz,ttp7hixz::RMSF,sdt8-homo-4 / RMSF,RMSF,Residue,459,0.069811516,nm,nm
line,overlay,sdt8-homo-4,sdt8-homo-4,rmsf,ttp7hixz,ttp7hixz::RMSF,sdt8-homo-4 / RMSF,RMSF,Residue,460,0.06053492,nm,nm
line,overlay,sdt8-homo-4,sdt8-homo-4,rmsf,ttp7hixz,ttp7hixz::RMSF,sdt8-homo-4 / RMSF,RMSF,Residue,461,0.055523448,nm,nm
line,overlay,sdt8-homo-4,sdt8-homo-4,rmsf,ttp7hixz,ttp7hixz::RMSF,sdt8-homo-4 / RMSF,RMSF,Residue,462,0.067204416,nm,nm
line,overlay,sdt8-homo-4,sdt8-homo-4,rmsf,ttp7hixz,ttp7hixz::RMSF,sdt8-homo-4 / RMSF,RMSF,Residue,463,0.06666305,nm,nm
line,overlay,sdt8-homo-4,sdt8-homo-4,rmsf,ttp7hixz,ttp7hixz::RMSF,sdt8-homo-4 / RMSF,RMSF,Residue,464,0.058105234,nm,nm
line,overlay,sdt8-homo-4,sdt8-homo-4,rmsf,ttp7hixz,ttp7hixz::RMSF,sdt8-homo-4 / RMSF,RMSF,Residue,465,0.059932742,nm,nm
line,overlay,sdt8-homo-4,sdt8-homo-4,rmsf,ttp7hixz,ttp7hixz::RMSF,sdt8-homo-4 / RMSF,RMSF,Residue,466,0.07050565,nm,nm
line,overlay,sdt8-homo-4,sdt8-homo-4,rmsf,ttp7hixz,ttp7hixz::RMSF,sdt8-homo-4 / RMSF,RMSF,Residue,467,0.07303016,nm,nm
line,overlay,sdt8-homo-4,sdt8-homo-4,rmsf,ttp7hixz,ttp7hixz::RMSF,sdt8-homo-4 / RMSF,RMSF,Residue,468,0.0648297,nm,nm
line,overlay,sdt8-homo-4,sdt8-homo-4,rmsf,ttp7hixz,ttp7hixz::RMSF,sdt8-homo-4 / RMSF,RMSF,Residue,469,0.076108426,nm,nm
line,overlay,sdt8-homo-4,sdt8-homo-4,rmsf,ttp7hixz,ttp7hixz::RMSF,sdt8-homo-4 / RMSF,RMSF,Residue,470,0.08849312,nm,nm
line,overlay,sdt8-homo-4,sdt8-homo-4,rmsf,ttp7hixz,ttp7hixz::RMSF,sdt8-homo-4 / RMSF,RMSF,Residue,471,0.08856057,nm,nm
line,overlay,sdt8-homo-4,sdt8-homo-4,rmsf,ttp7hixz,ttp7hixz::RMSF,sdt8-homo-4 / RMSF,RMSF,Residue,472,0.0892111,nm,nm
line,overlay,sdt8-homo-4,sdt8-homo-4,rmsf,ttp7hixz,ttp7hixz::RMSF,sdt8-homo-4 / RMSF,RMSF,Residue,473,0.11791527,nm,nm
line,overlay,sdt8-homo-4,sdt8-homo-4,rmsf,ttp7hixz,ttp7hixz::RMSF,sdt8-homo-4 / RMSF,RMSF,Residue,474,0.2363088,nm,nm
line,overlay,sdt8-homo-4,sdt8-homo-4,rmsf,ttp7hixz,ttp7hixz::RMSF,sdt8-homo-4 / RMSF,RMSF,Residue,475,0.2558207,nm,nm
line,overlay,sdt8-homo-4,sdt8-homo-4,rmsf,ttp7hixz,ttp7hixz::RMSF,sdt8-homo-4 / RMSF,RMSF,Residue,476,0.40025565,nm,nm
line,overlay,wt-homo,wt-homo,rmsf,pia0c75z,pia0c75z::RMSF,wt-homo / RMSF,RMSF,Residue,1,0.17482013,nm,nm
line,overlay,wt-homo,wt-homo,rmsf,pia0c75z,pia0c75z::RMSF,wt-homo / RMSF,RMSF,Residue,2,0.14138083,nm,nm
line,overlay,wt-homo,wt-homo,rmsf,pia0c75z,pia0c75z::RMSF,wt-homo / RMSF,RMSF,Residue,3,0.09778757,nm,nm
line,overlay,wt-homo,wt-homo,rmsf,pia0c75z,pia0c75z::RMSF,wt-homo / RMSF,RMSF,Residue,4,0.055921845,nm,nm
line,overlay,wt-homo,wt-homo,rmsf,pia0c75z,pia0c75z::RMSF,wt-homo / RMSF,RMSF,Residue,5,0.049102746,nm,nm
line,overlay,wt-homo,wt-homo,rmsf,pia0c75z,pia0c75z::RMSF,wt-homo / RMSF,RMSF,Residue,6,0.043379985,nm,nm
line,overlay,wt-homo,wt-homo,rmsf,pia0c75z,pia0c75z::RMSF,wt-homo / RMSF,RMSF,Residue,7,0.041046187,nm,nm
line,overlay,wt-homo,wt-homo,rmsf,pia0c75z,pia0c75z::RMSF,wt-homo / RMSF,RMSF,Residue,8,0.041863352,nm,nm
line,overlay,wt-homo,wt-homo,rmsf,pia0c75z,pia0c75z::RMSF,wt-homo / RMSF,RMSF,Residue,9,0.045676954,nm,nm
line,overlay,wt-homo,wt-homo,rmsf,pia0c75z,pia0c75z::RMSF,wt-homo / RMSF,RMSF,Residue,10,0.050097976,nm,nm
line,overlay,wt-homo,wt-homo,rmsf,pia0c75z,pia0c75z::RMSF,wt-homo / RMSF,RMSF,Residue,11,0.045885388,nm,nm
line,overlay,wt-homo,wt-homo,rmsf,pia0c75z,pia0c75z::RMSF,wt-homo / RMSF,RMSF,Residue,12,0.046354357,nm,nm
line,overlay,wt-homo,wt-homo,rmsf,pia0c75z,pia0c75z::RMSF,wt-homo / RMSF,RMSF,Residue,13,0.055404168,nm,nm
line,overlay,wt-homo,wt-homo,rmsf,pia0c75z,pia0c75z::RMSF,wt-homo / RMSF,RMSF,Residue,14,0.04695987,nm,nm
line,overlay,wt-homo,wt-homo,rmsf,pia0c75z,pia0c75z::RMSF,wt-homo / RMSF,RMSF,Residue,15,0.04796888,nm,nm
line,overlay,wt-homo,wt-homo,rmsf,pia0c75z,pia0c75z::RMSF,wt-homo / RMSF,RMSF,Residue,16,0.049116343,nm,nm
line,overlay,wt-homo,wt-homo,rmsf,pia0c75z,pia0c75z::RMSF,wt-homo / RMSF,RMSF,Residue,17,0.042131495,nm,nm
line,overlay,wt-homo,wt-homo,rmsf,pia0c75z,pia0c75z::RMSF,wt-homo / RMSF,RMSF,Residue,18,0.04023194,nm,nm
line,overlay,wt-homo,wt-homo,rmsf,pia0c75z,pia0c75z::RMSF,wt-homo / RMSF,RMSF,Residue,19,0.04223761,nm,nm
line,overlay,wt-homo,wt-homo,rmsf,pia0c75z,pia0c75z::RMSF,wt-homo / RMSF,RMSF,Residue,20,0.04177215,nm,nm
line,overlay,wt-homo,wt-homo,rmsf,pia0c75z,pia0c75z::RMSF,wt-homo / RMSF,RMSF,Residue,21,0.043408934,nm,nm
line,overlay,wt-homo,wt-homo,rmsf,pia0c75z,pia0c75z::RMSF,wt-homo / RMSF,RMSF,Residue,22,0.041320726,nm,nm
line,overlay,wt-homo,wt-homo,rmsf,pia0c75z,pia0c75z::RMSF,wt-homo / RMSF,RMSF,Residue,23,0.043016046,nm,nm
line,overlay,wt-homo,wt-homo,rmsf,pia0c75z,pia0c75z::RMSF,wt-homo / RMSF,RMSF,Residue,24,0.045707803,nm,nm
line,overlay,wt-homo,wt-homo,rmsf,pia0c75z,pia0c75z::RMSF,wt-homo / RMSF,RMSF,Residue,25,0.049787063,nm,nm
line,overlay,wt-homo,wt-homo,rmsf,pia0c75z,pia0c75z::RMSF,wt-homo / RMSF,RMSF,Residue,26,0.04734202,nm,nm
line,overlay,wt-homo,wt-homo,rmsf,pia0c75z,pia0c75z::RMSF,wt-homo / RMSF,RMSF,Residue,27,0.045499813,nm,nm
line,overlay,wt-homo,wt-homo,rmsf,pia0c75z,pia0c75z::RMSF,wt-homo / RMSF,RMSF,Residue,28,0.054248717,nm,nm
line,overlay,wt-homo,wt-homo,rmsf,pia0c75z,pia0c75z::RMSF,wt-homo / RMSF,RMSF,Residue,29,0.06555165,nm,nm
line,overlay,wt-homo,wt-homo,rmsf,pia0c75z,pia0c75z::RMSF,wt-homo / RMSF,RMSF,Residue,30,0.06505971,nm,nm
line,overlay,wt-homo,wt-homo,rmsf,pia0c75z,pia0c75z::RMSF,wt-homo / RMSF,RMSF,Residue,31,0.06407451,nm,nm
line,overlay,wt-homo,wt-homo,rmsf,pia0c75z,pia0c75z::RMSF,wt-homo / RMSF,RMSF,Residue,32,0.053837113,nm,nm
line,overlay,wt-homo,wt-homo,rmsf,pia0c75z,pia0c75z::RMSF,wt-homo / RMSF,RMSF,Residue,33,0.049865387,nm,nm
line,overlay,wt-homo,wt-homo,rmsf,pia0c75z,pia0c75z::RMSF,wt-homo / RMSF,RMSF,Residue,34,0.052608065,nm,nm
line,overlay,wt-homo,wt-homo,rmsf,pia0c75z,pia0c75z::RMSF,wt-homo / RMSF,RMSF,Residue,35,0.046932943,nm,nm
line,overlay,wt-homo,wt-homo,rmsf,pia0c75z,pia0c75z::RMSF,wt-homo / RMSF,RMSF,Residue,36,0.053160116,nm,nm
line,overlay,wt-homo,wt-homo,rmsf,pia0c75z,pia0c75z::RMSF,wt-homo / RMSF,RMSF,Residue,37,0.053123508,nm,nm
line,overlay,wt-homo,wt-homo,rmsf,pia0c75z,pia0c75z::RMSF,wt-homo / RMSF,RMSF,Residue,38,0.055827897,nm,nm
line,overlay,wt-homo,wt-homo,rmsf,pia0c75z,pia0c75z::RMSF,wt-homo / RMSF,RMSF,Residue,39,0.059576757,nm,nm
line,overlay,wt-homo,wt-homo,rmsf,pia0c75z,pia0c75z::RMSF,wt-homo / RMSF,RMSF,Residue,40,0.07463297,nm,nm
line,overlay,wt-homo,wt-homo,rmsf,pia0c75z,pia0c75z::RMSF,wt-homo / RMSF,RMSF,Residue,41,0.07757335,nm,nm
line,overlay,wt-homo,wt-homo,rmsf,pia0c75z,pia0c75z::RMSF,wt-homo / RMSF,RMSF,Residue,42,0.0718673,nm,nm
line,overlay,wt-homo,wt-homo,rmsf,pia0c75z,pia0c75z::RMSF,wt-homo / RMSF,RMSF,Residue,43,0.077345535,nm,nm
line,overlay,wt-homo,wt-homo,rmsf,pia0c75z,pia0c75z::RMSF,wt-homo / RMSF,RMSF,Residue,44,0.09384235,nm,nm
line,overlay,wt-homo,wt-homo,rmsf,pia0c75z,pia0c75z::RMSF,wt-homo / RMSF,RMSF,Residue,45,0.10291698,nm,nm
line,overlay,wt-homo,wt-homo,rmsf,pia0c75z,pia0c75z::RMSF,wt-homo / RMSF,RMSF,Residue,46,0.078540005,nm,nm
line,overlay,wt-homo,wt-homo,rmsf,pia0c75z,pia0c75z::RMSF,wt-homo / RMSF,RMSF,Residue,47,0.08399117,nm,nm
line,overlay,wt-homo,wt-homo,rmsf,pia0c75z,pia0c75z::RMSF,wt-homo / RMSF,RMSF,Residue,48,0.0812528,nm,nm
line,overlay,wt-homo,wt-homo,rmsf,pia0c75z,pia0c75z::RMSF,wt-homo / RMSF,RMSF,Residue,49,0.09179803,nm,nm
line,overlay,wt-homo,wt-homo,rmsf,pia0c75z,pia0c75z::RMSF,wt-homo / RMSF,RMSF,Residue,50,0.0990871,nm,nm
line,overlay,wt-homo,wt-homo,rmsf,pia0c75z,pia0c75z::RMSF,wt-homo / RMSF,RMSF,Residue,51,0.09215785,nm,nm
line,overlay,wt-homo,wt-homo,rmsf,pia0c75z,pia0c75z::RMSF,wt-homo / RMSF,RMSF,Residue,52,0.08061481,nm,nm
line,overlay,wt-homo,wt-homo,rmsf,pia0c75z,pia0c75z::RMSF,wt-homo / RMSF,RMSF,Residue,53,0.08005586,nm,nm
line,overlay,wt-homo,wt-homo,rmsf,pia0c75z,pia0c75z::RMSF,wt-homo / RMSF,RMSF,Residue,54,0.14242613,nm,nm
line,overlay,wt-homo,wt-homo,rmsf,pia0c75z,pia0c75z::RMSF,wt-homo / RMSF,RMSF,Residue,55,0.14443515,nm,nm
line,overlay,wt-homo,wt-homo,rmsf,pia0c75z,pia0c75z::RMSF,wt-homo / RMSF,RMSF,Residue,56,0.101771094,nm,nm
line,overlay,wt-homo,wt-homo,rmsf,pia0c75z,pia0c75z::RMSF,wt-homo / RMSF,RMSF,Residue,57,0.14273544,nm,nm
line,overlay,wt-homo,wt-homo,rmsf,pia0c75z,pia0c75z::RMSF,wt-homo / RMSF,RMSF,Residue,58,0.07711489,nm,nm
line,overlay,wt-homo,wt-homo,rmsf,pia0c75z,pia0c75z::RMSF,wt-homo / RMSF,RMSF,Residue,59,0.09377061,nm,nm
line,overlay,wt-homo,wt-homo,rmsf,pia0c75z,pia0c75z::RMSF,wt-homo / RMSF,RMSF,Residue,60,0.06469014,nm,nm
line,overlay,wt-homo,wt-homo,rmsf,pia0c75z,pia0c75z::RMSF,wt-homo / RMSF,RMSF,Residue,61,0.058120582,nm,nm
line,overlay,wt-homo,wt-homo,rmsf,pia0c75z,pia0c75z::RMSF,wt-homo / RMSF,RMSF,Residue,62,0.058971427,nm,nm
line,overlay,wt-homo,wt-homo,rmsf,pia0c75z,pia0c75z::RMSF,wt-homo / RMSF,RMSF,Residue,63,0.062366422,nm,nm
line,overlay,wt-homo,wt-homo,rmsf,pia0c75z,pia0c75z::RMSF,wt-homo / RMSF,RMSF,Residue,64,0.068787545,nm,nm
line,overlay,wt-homo,wt-homo,rmsf,pia0c75z,pia0c75z::RMSF,wt-homo / RMSF,RMSF,Residue,65,0.06387966,nm,nm
line,overlay,wt-homo,wt-homo,rmsf,pia0c75z,pia0c75z::RMSF,wt-homo / RMSF,RMSF,Residue,66,0.07104187,nm,nm
line,overlay,wt-homo,wt-homo,rmsf,pia0c75z,pia0c75z::RMSF,wt-homo / RMSF,RMSF,Residue,67,0.06912884,nm,nm
line,overlay,wt-homo,wt-homo,rmsf,pia0c75z,pia0c75z::RMSF,wt-homo / RMSF,RMSF,Residue,68,0.077597,nm,nm
line,overlay,wt-homo,wt-homo,rmsf,pia0c75z,pia0c75z::RMSF,wt-homo / RMSF,RMSF,Residue,69,0.08483736,nm,nm
line,overlay,wt-homo,wt-homo,rmsf,pia0c75z,pia0c75z::RMSF,wt-homo / RMSF,RMSF,Residue,70,0.10796588,nm,nm
line,overlay,wt-homo,wt-homo,rmsf,pia0c75z,pia0c75z::RMSF,wt-homo / RMSF,RMSF,Residue,71,0.11328337,nm,nm
line,overlay,wt-homo,wt-homo,rmsf,pia0c75z,pia0c75z::RMSF,wt-homo / RMSF,RMSF,Residue,72,0.10391724,nm,nm
line,overlay,wt-homo,wt-homo,rmsf,pia0c75z,pia0c75z::RMSF,wt-homo / RMSF,RMSF,Residue,73,0.1177705,nm,nm
line,overlay,wt-homo,wt-homo,rmsf,pia0c75z,pia0c75z::RMSF,wt-homo / RMSF,RMSF,Residue,74,0.10291218,nm,nm
line,overlay,wt-homo,wt-homo,rmsf,pia0c75z,pia0c75z::RMSF,wt-homo / RMSF,RMSF,Residue,75,0.11326251,nm,nm
line,overlay,wt-homo,wt-homo,rmsf,pia0c75z,pia0c75z::RMSF,wt-homo / RMSF,RMSF,Residue,76,0.116404355,nm,nm
line,overlay,wt-homo,wt-homo,rmsf,pia0c75z,pia0c75z::RMSF,wt-homo / RMSF,RMSF,Residue,77,0.10905345,nm,nm
line,overlay,wt-homo,wt-homo,rmsf,pia0c75z,pia0c75z::RMSF,wt-homo / RMSF,RMSF,Residue,78,0.08778129,nm,nm
line,overlay,wt-homo,wt-homo,rmsf,pia0c75z,pia0c75z::RMSF,wt-homo / RMSF,RMSF,Residue,79,0.07849492,nm,nm
line,overlay,wt-homo,wt-homo,rmsf,pia0c75z,pia0c75z::RMSF,wt-homo / RMSF,RMSF,Residue,80,0.0825882,nm,nm
line,overlay,wt-homo,wt-homo,rmsf,pia0c75z,pia0c75z::RMSF,wt-homo / RMSF,RMSF,Residue,81,0.107070014,nm,nm
line,overlay,wt-homo,wt-homo,rmsf,pia0c75z,pia0c75z::RMSF,wt-homo / RMSF,RMSF,Residue,82,0.12705405,nm,nm
line,overlay,wt-homo,wt-homo,rmsf,pia0c75z,pia0c75z::RMSF,wt-homo / RMSF,RMSF,Residue,83,0.11883704,nm,nm
line,overlay,wt-homo,wt-homo,rmsf,pia0c75z,pia0c75z::RMSF,wt-homo / RMSF,RMSF,Residue,84,0.13551997,nm,nm
line,overlay,wt-homo,wt-homo,rmsf,pia0c75z,pia0c75z::RMSF,wt-homo / RMSF,RMSF,Residue,85,0.19442269,nm,nm
line,overlay,wt-homo,wt-homo,rmsf,pia0c75z,pia0c75z::RMSF,wt-homo / RMSF,RMSF,Residue,86,0.18828751,nm,nm
line,overlay,wt-homo,wt-homo,rmsf,pia0c75z,pia0c75z::RMSF,wt-homo / RMSF,RMSF,Residue,87,0.17592373,nm,nm
line,overlay,wt-homo,wt-homo,rmsf,pia0c75z,pia0c75z::RMSF,wt-homo / RMSF,RMSF,Residue,88,0.1644214,nm,nm
line,overlay,wt-homo,wt-homo,rmsf,pia0c75z,pia0c75z::RMSF,wt-homo / RMSF,RMSF,Residue,89,0.11603172,nm,nm
line,overlay,wt-homo,wt-homo,rmsf,pia0c75z,pia0c75z::RMSF,wt-homo / RMSF,RMSF,Residue,90,0.108867675,nm,nm
line,overlay,wt-homo,wt-homo,rmsf,pia0c75z,pia0c75z::RMSF,wt-homo / RMSF,RMSF,Residue,91,0.11219971,nm,nm
line,overlay,wt-homo,wt-homo,rmsf,pia0c75z,pia0c75z::RMSF,wt-homo / RMSF,RMSF,Residue,92,0.0996163,nm,nm
line,overlay,wt-homo,wt-homo,rmsf,pia0c75z,pia0c75z::RMSF,wt-homo / RMSF,RMSF,Residue,93,0.082295425,nm,nm
line,overlay,wt-homo,wt-homo,rmsf,pia0c75z,pia0c75z::RMSF,wt-homo / RMSF,RMSF,Residue,94,0.08341782,nm,nm
line,overlay,wt-homo,wt-homo,rmsf,pia0c75z,pia0c75z::RMSF,wt-homo / RMSF,RMSF,Residue,95,0.08661754,nm,nm
line,overlay,wt-homo,wt-homo,rmsf,pia0c75z,pia0c75z::RMSF,wt-homo / RMSF,RMSF,Residue,96,0.07221308,nm,nm
line,overlay,wt-homo,wt-homo,rmsf,pia0c75z,pia0c75z::RMSF,wt-homo / RMSF,RMSF,Residue,97,0.06664079,nm,nm
line,overlay,wt-homo,wt-homo,rmsf,pia0c75z,pia0c75z::RMSF,wt-homo / RMSF,RMSF,Residue,98,0.0706568,nm,nm
line,overlay,wt-homo,wt-homo,rmsf,pia0c75z,pia0c75z::RMSF,wt-homo / RMSF,RMSF,Residue,99,0.06807208,nm,nm
line,overlay,wt-homo,wt-homo,rmsf,pia0c75z,pia0c75z::RMSF,wt-homo / RMSF,RMSF,Residue,100,0.06450132,nm,nm
line,overlay,wt-homo,wt-homo,rmsf,pia0c75z,pia0c75z::RMSF,wt-homo / RMSF,RMSF,Residue,101,0.06663115,nm,nm
line,overlay,wt-homo,wt-homo,rmsf,pia0c75z,pia0c75z::RMSF,wt-homo / RMSF,RMSF,Residue,102,0.074470066,nm,nm
line,overlay,wt-homo,wt-homo,rmsf,pia0c75z,pia0c75z::RMSF,wt-homo / RMSF,RMSF,Residue,103,0.07348833,nm,nm
line,overlay,wt-homo,wt-homo,rmsf,pia0c75z,pia0c75z::RMSF,wt-homo / RMSF,RMSF,Residue,104,0.06492309,nm,nm
line,overlay,wt-homo,wt-homo,rmsf,pia0c75z,pia0c75z::RMSF,wt-homo / RMSF,RMSF,Residue,105,0.065891355,nm,nm
line,overlay,wt-homo,wt-homo,rmsf,pia0c75z,pia0c75z::RMSF,wt-homo / RMSF,RMSF,Residue,106,0.0724136,nm,nm
line,overlay,wt-homo,wt-homo,rmsf,pia0c75z,pia0c75z::RMSF,wt-homo / RMSF,RMSF,Residue,107,0.0693589,nm,nm
line,overlay,wt-homo,wt-homo,rmsf,pia0c75z,pia0c75z::RMSF,wt-homo / RMSF,RMSF,Residue,108,0.06354462,nm,nm
line,overlay,wt-homo,wt-homo,rmsf,pia0c75z,pia0c75z::RMSF,wt-homo / RMSF,RMSF,Residue,109,0.082341686,nm,nm
line,overlay,wt-homo,wt-homo,rmsf,pia0c75z,pia0c75z::RMSF,wt-homo / RMSF,RMSF,Residue,110,0.09181236,nm,nm
line,overlay,wt-homo,wt-homo,rmsf,pia0c75z,pia0c75z::RMSF,wt-homo / RMSF,RMSF,Residue,111,0.07807647,nm,nm
line,overlay,wt-homo,wt-homo,rmsf,pia0c75z,pia0c75z::RMSF,wt-homo / RMSF,RMSF,Residue,112,0.06954884,nm,nm
line,overlay,wt-homo,wt-homo,rmsf,pia0c75z,pia0c75z::RMSF,wt-homo / RMSF,RMSF,Residue,113,0.055386268,nm,nm
line,overlay,wt-homo,wt-homo,rmsf,pia0c75z,pia0c75z::RMSF,wt-homo / RMSF,RMSF,Residue,114,0.049501695,nm,nm
line,overlay,wt-homo,wt-homo,rmsf,pia0c75z,pia0c75z::RMSF,wt-homo / RMSF,RMSF,Residue,115,0.045854602,nm,nm
line,overlay,wt-homo,wt-homo,rmsf,pia0c75z,pia0c75z::RMSF,wt-homo / RMSF,RMSF,Residue,116,0.042697698,nm,nm
line,overlay,wt-homo,wt-homo,rmsf,pia0c75z,pia0c75z::RMSF,wt-homo / RMSF,RMSF,Residue,117,0.038635563,nm,nm
line,overlay,wt-homo,wt-homo,rmsf,pia0c75z,pia0c75z::RMSF,wt-homo / RMSF,RMSF,Residue,118,0.04312992,nm,nm
line,overlay,wt-homo,wt-homo,rmsf,pia0c75z,pia0c75z::RMSF,wt-homo / RMSF,RMSF,Residue,119,0.043095656,nm,nm
line,overlay,wt-homo,wt-homo,rmsf,pia0c75z,pia0c75z::RMSF,wt-homo / RMSF,RMSF,Residue,120,0.053566266,nm,nm
line,overlay,wt-homo,wt-homo,rmsf,pia0c75z,pia0c75z::RMSF,wt-homo / RMSF,RMSF,Residue,121,0.06187045,nm,nm
line,overlay,wt-homo,wt-homo,rmsf,pia0c75z,pia0c75z::RMSF,wt-homo / RMSF,RMSF,Residue,122,0.05865054,nm,nm
line,overlay,wt-homo,wt-homo,rmsf,pia0c75z,pia0c75z::RMSF,wt-homo / RMSF,RMSF,Residue,123,0.06800855,nm,nm
line,overlay,wt-homo,wt-homo,rmsf,pia0c75z,pia0c75z::RMSF,wt-homo / RMSF,RMSF,Residue,124,0.059042167,nm,nm
line,overlay,wt-homo,wt-homo,rmsf,pia0c75z,pia0c75z::RMSF,wt-homo / RMSF,RMSF,Residue,125,0.058114078,nm,nm
line,overlay,wt-homo,wt-homo,rmsf,pia0c75z,pia0c75z::RMSF,wt-homo / RMSF,RMSF,Residue,126,0.061334368,nm,nm
line,overlay,wt-homo,wt-homo,rmsf,pia0c75z,pia0c75z::RMSF,wt-homo / RMSF,RMSF,Residue,127,0.06620716,nm,nm
line,overlay,wt-homo,wt-homo,rmsf,pia0c75z,pia0c75z::RMSF,wt-homo / RMSF,RMSF,Residue,128,0.060668245,nm,nm
line,overlay,wt-homo,wt-homo,rmsf,pia0c75z,pia0c75z::RMSF,wt-homo / RMSF,RMSF,Residue,129,0.06236988,nm,nm
line,overlay,wt-homo,wt-homo,rmsf,pia0c75z,pia0c75z::RMSF,wt-homo / RMSF,RMSF,Residue,130,0.06688349,nm,nm
line,overlay,wt-homo,wt-homo,rmsf,pia0c75z,pia0c75z::RMSF,wt-homo / RMSF,RMSF,Residue,131,0.074888974,nm,nm
line,overlay,wt-homo,wt-homo,rmsf,pia0c75z,pia0c75z::RMSF,wt-homo / RMSF,RMSF,Residue,132,0.07182179,nm,nm
line,overlay,wt-homo,wt-homo,rmsf,pia0c75z,pia0c75z::RMSF,wt-homo / RMSF,RMSF,Residue,133,0.07033514,nm,nm
line,overlay,wt-homo,wt-homo,rmsf,pia0c75z,pia0c75z::RMSF,wt-homo / RMSF,RMSF,Residue,134,0.059816107,nm,nm
line,overlay,wt-homo,wt-homo,rmsf,pia0c75z,pia0c75z::RMSF,wt-homo / RMSF,RMSF,Residue,135,0.04812527,nm,nm
line,overlay,wt-homo,wt-homo,rmsf,pia0c75z,pia0c75z::RMSF,wt-homo / RMSF,RMSF,Residue,136,0.04219829,nm,nm
line,overlay,wt-homo,wt-homo,rmsf,pia0c75z,pia0c75z::RMSF,wt-homo / RMSF,RMSF,Residue,137,0.03865227,nm,nm
line,overlay,wt-homo,wt-homo,rmsf,pia0c75z,pia0c75z::RMSF,wt-homo / RMSF,RMSF,Residue,138,0.039287176,nm,nm
line,overlay,wt-homo,wt-homo,rmsf,pia0c75z,pia0c75z::RMSF,wt-homo / RMSF,RMSF,Residue,139,0.042520765,nm,nm
line,overlay,wt-homo,wt-homo,rmsf,pia0c75z,pia0c75z::RMSF,wt-homo / RMSF,RMSF,Residue,140,0.05077743,nm,nm
line,overlay,wt-homo,wt-homo,rmsf,pia0c75z,pia0c75z::RMSF,wt-homo / RMSF,RMSF,Residue,141,0.058078546,nm,nm
line,overlay,wt-homo,wt-homo,rmsf,pia0c75z,pia0c75z::RMSF,wt-homo / RMSF,RMSF,Residue,142,0.046870757,nm,nm
line,overlay,wt-homo,wt-homo,rmsf,pia0c75z,pia0c75z::RMSF,wt-homo / RMSF,RMSF,Residue,143,0.05219631,nm,nm
line,overlay,wt-homo,wt-homo,rmsf,pia0c75z,pia0c75z::RMSF,wt-homo / RMSF,RMSF,Residue,144,0.049089357,nm,nm
line,overlay,wt-homo,wt-homo,rmsf,pia0c75z,pia0c75z::RMSF,wt-homo / RMSF,RMSF,Residue,145,0.055019926,nm,nm
line,overlay,wt-homo,wt-homo,rmsf,pia0c75z,pia0c75z::RMSF,wt-homo / RMSF,RMSF,Residue,146,0.057331417,nm,nm
line,overlay,wt-homo,wt-homo,rmsf,pia0c75z,pia0c75z::RMSF,wt-homo / RMSF,RMSF,Residue,147,0.05747676,nm,nm
line,overlay,wt-homo,wt-homo,rmsf,pia0c75z,pia0c75z::RMSF,wt-homo / RMSF,RMSF,Residue,148,0.055866446,nm,nm
line,overlay,wt-homo,wt-homo,rmsf,pia0c75z,pia0c75z::RMSF,wt-homo / RMSF,RMSF,Residue,149,0.05663318,nm,nm
line,overlay,wt-homo,wt-homo,rmsf,pia0c75z,pia0c75z::RMSF,wt-homo / RMSF,RMSF,Residue,150,0.06808937,nm,nm
line,overlay,wt-homo,wt-homo,rmsf,pia0c75z,pia0c75z::RMSF,wt-homo / RMSF,RMSF,Residue,151,0.07260351,nm,nm
line,overlay,wt-homo,wt-homo,rmsf,pia0c75z,pia0c75z::RMSF,wt-homo / RMSF,RMSF,Residue,152,0.074366435,nm,nm
line,overlay,wt-homo,wt-homo,rmsf,pia0c75z,pia0c75z::RMSF,wt-homo / RMSF,RMSF,Residue,153,0.06888978,nm,nm
line,overlay,wt-homo,wt-homo,rmsf,pia0c75z,pia0c75z::RMSF,wt-homo / RMSF,RMSF,Residue,154,0.07825989,nm,nm
line,overlay,wt-homo,wt-homo,rmsf,pia0c75z,pia0c75z::RMSF,wt-homo / RMSF,RMSF,Residue,155,0.08608676,nm,nm
line,overlay,wt-homo,wt-homo,rmsf,pia0c75z,pia0c75z::RMSF,wt-homo / RMSF,RMSF,Residue,156,0.08371325,nm,nm
line,overlay,wt-homo,wt-homo,rmsf,pia0c75z,pia0c75z::RMSF,wt-homo / RMSF,RMSF,Residue,157,0.07833985,nm,nm
line,overlay,wt-homo,wt-homo,rmsf,pia0c75z,pia0c75z::RMSF,wt-homo / RMSF,RMSF,Residue,158,0.07890607,nm,nm
line,overlay,wt-homo,wt-homo,rmsf,pia0c75z,pia0c75z::RMSF,wt-homo / RMSF,RMSF,Residue,159,0.08606258,nm,nm
line,overlay,wt-homo,wt-homo,rmsf,pia0c75z,pia0c75z::RMSF,wt-homo / RMSF,RMSF,Residue,160,0.1103439,nm,nm
line,overlay,wt-homo,wt-homo,rmsf,pia0c75z,pia0c75z::RMSF,wt-homo / RMSF,RMSF,Residue,161,0.13207202,nm,nm
line,overlay,wt-homo,wt-homo,rmsf,pia0c75z,pia0c75z::RMSF,wt-homo / RMSF,RMSF,Residue,162,0.10173721,nm,nm
line,overlay,wt-homo,wt-homo,rmsf,pia0c75z,pia0c75z::RMSF,wt-homo / RMSF,RMSF,Residue,163,0.12032241,nm,nm
line,overlay,wt-homo,wt-homo,rmsf,pia0c75z,pia0c75z::RMSF,wt-homo / RMSF,RMSF,Residue,164,0.107921645,nm,nm
line,overlay,wt-homo,wt-homo,rmsf,pia0c75z,pia0c75z::RMSF,wt-homo / RMSF,RMSF,Residue,165,0.10201219,nm,nm
line,overlay,wt-homo,wt-homo,rmsf,pia0c75z,pia0c75z::RMSF,wt-homo / RMSF,RMSF,Residue,166,0.126675,nm,nm
line,overlay,wt-homo,wt-homo,rmsf,pia0c75z,pia0c75z::RMSF,wt-homo / RMSF,RMSF,Residue,167,0.10174387,nm,nm
line,overlay,wt-homo,wt-homo,rmsf,pia0c75z,pia0c75z::RMSF,wt-homo / RMSF,RMSF,Residue,168,0.08549844,nm,nm
line,overlay,wt-homo,wt-homo,rmsf,pia0c75z,pia0c75z::RMSF,wt-homo / RMSF,RMSF,Residue,169,0.08096262,nm,nm
line,overlay,wt-homo,wt-homo,rmsf,pia0c75z,pia0c75z::RMSF,wt-homo / RMSF,RMSF,Residue,170,0.07986311,nm,nm
line,overlay,wt-homo,wt-homo,rmsf,pia0c75z,pia0c75z::RMSF,wt-homo / RMSF,RMSF,Residue,171,0.074056715,nm,nm
line,overlay,wt-homo,wt-homo,rmsf,pia0c75z,pia0c75z::RMSF,wt-homo / RMSF,RMSF,Residue,172,0.08598853,nm,nm
line,overlay,wt-homo,wt-homo,rmsf,pia0c75z,pia0c75z::RMSF,wt-homo / RMSF,RMSF,Residue,173,0.10419306,nm,nm
line,overlay,wt-homo,wt-homo,rmsf,pia0c75z,pia0c75z::RMSF,wt-homo / RMSF,RMSF,Residue,174,0.09537927,nm,nm
line,overlay,wt-homo,wt-homo,rmsf,pia0c75z,pia0c75z::RMSF,wt-homo / RMSF,RMSF,Residue,175,0.12441423,nm,nm
line,overlay,wt-homo,wt-homo,rmsf,pia0c75z,pia0c75z::RMSF,wt-homo / RMSF,RMSF,Residue,176,0.101420455,nm,nm
line,overlay,wt-homo,wt-homo,rmsf,pia0c75z,pia0c75z::RMSF,wt-homo / RMSF,RMSF,Residue,177,0.10275171,nm,nm
line,overlay,wt-homo,wt-homo,rmsf,pia0c75z,pia0c75z::RMSF,wt-homo / RMSF,RMSF,Residue,178,0.07763944,nm,nm
line,overlay,wt-homo,wt-homo,rmsf,pia0c75z,pia0c75z::RMSF,wt-homo / RMSF,RMSF,Residue,179,0.077124,nm,nm
line,overlay,wt-homo,wt-homo,rmsf,pia0c75z,pia0c75z::RMSF,wt-homo / RMSF,RMSF,Residue,180,0.06589885,nm,nm
line,overlay,wt-homo,wt-homo,rmsf,pia0c75z,pia0c75z::RMSF,wt-homo / RMSF,RMSF,Residue,181,0.06721497,nm,nm
line,overlay,wt-homo,wt-homo,rmsf,pia0c75z,pia0c75z::RMSF,wt-homo / RMSF,RMSF,Residue,182,0.06515912,nm,nm
line,overlay,wt-homo,wt-homo,rmsf,pia0c75z,pia0c75z::RMSF,wt-homo / RMSF,RMSF,Residue,183,0.06995101,nm,nm
line,overlay,wt-homo,wt-homo,rmsf,pia0c75z,pia0c75z::RMSF,wt-homo / RMSF,RMSF,Residue,184,0.06490343,nm,nm
line,overlay,wt-homo,wt-homo,rmsf,pia0c75z,pia0c75z::RMSF,wt-homo / RMSF,RMSF,Residue,185,0.06986355,nm,nm
line,overlay,wt-homo,wt-homo,rmsf,pia0c75z,pia0c75z::RMSF,wt-homo / RMSF,RMSF,Residue,186,0.082307436,nm,nm
line,overlay,wt-homo,wt-homo,rmsf,pia0c75z,pia0c75z::RMSF,wt-homo / RMSF,RMSF,Residue,187,0.09487838,nm,nm
line,overlay,wt-homo,wt-homo,rmsf,pia0c75z,pia0c75z::RMSF,wt-homo / RMSF,RMSF,Residue,188,0.11054583,nm,nm
line,overlay,wt-homo,wt-homo,rmsf,pia0c75z,pia0c75z::RMSF,wt-homo / RMSF,RMSF,Residue,189,0.10342974,nm,nm
line,overlay,wt-homo,wt-homo,rmsf,pia0c75z,pia0c75z::RMSF,wt-homo / RMSF,RMSF,Residue,190,0.08792861,nm,nm
line,overlay,wt-homo,wt-homo,rmsf,pia0c75z,pia0c75z::RMSF,wt-homo / RMSF,RMSF,Residue,191,0.116862886,nm,nm
line,overlay,wt-homo,wt-homo,rmsf,pia0c75z,pia0c75z::RMSF,wt-homo / RMSF,RMSF,Residue,192,0.14139706,nm,nm
line,overlay,wt-homo,wt-homo,rmsf,pia0c75z,pia0c75z::RMSF,wt-homo / RMSF,RMSF,Residue,193,0.12687722,nm,nm
line,overlay,wt-homo,wt-homo,rmsf,pia0c75z,pia0c75z::RMSF,wt-homo / RMSF,RMSF,Residue,194,0.11839556,nm,nm
line,overlay,wt-homo,wt-homo,rmsf,pia0c75z,pia0c75z::RMSF,wt-homo / RMSF,RMSF,Residue,195,0.10871016,nm,nm
line,overlay,wt-homo,wt-homo,rmsf,pia0c75z,pia0c75z::RMSF,wt-homo / RMSF,RMSF,Residue,196,0.09955597,nm,nm
line,overlay,wt-homo,wt-homo,rmsf,pia0c75z,pia0c75z::RMSF,wt-homo / RMSF,RMSF,Residue,197,0.08826953,nm,nm
line,overlay,wt-homo,wt-homo,rmsf,pia0c75z,pia0c75z::RMSF,wt-homo / RMSF,RMSF,Residue,198,0.08259554,nm,nm
line,overlay,wt-homo,wt-homo,rmsf,pia0c75z,pia0c75z::RMSF,wt-homo / RMSF,RMSF,Residue,199,0.07760525,nm,nm
line,overlay,wt-homo,wt-homo,rmsf,pia0c75z,pia0c75z::RMSF,wt-homo / RMSF,RMSF,Residue,200,0.06767914,nm,nm
line,overlay,wt-homo,wt-homo,rmsf,pia0c75z,pia0c75z::RMSF,wt-homo / RMSF,RMSF,Residue,201,0.06186288,nm,nm
line,overlay,wt-homo,wt-homo,rmsf,pia0c75z,pia0c75z::RMSF,wt-homo / RMSF,RMSF,Residue,202,0.06658258,nm,nm
line,overlay,wt-homo,wt-homo,rmsf,pia0c75z,pia0c75z::RMSF,wt-homo / RMSF,RMSF,Residue,203,0.06392443,nm,nm
line,overlay,wt-homo,wt-homo,rmsf,pia0c75z,pia0c75z::RMSF,wt-homo / RMSF,RMSF,Residue,204,0.054599036,nm,nm
line,overlay,wt-homo,wt-homo,rmsf,pia0c75z,pia0c75z::RMSF,wt-homo / RMSF,RMSF,Residue,205,0.064788036,nm,nm
line,overlay,wt-homo,wt-homo,rmsf,pia0c75z,pia0c75z::RMSF,wt-homo / RMSF,RMSF,Residue,206,0.07553062,nm,nm
line,overlay,wt-homo,wt-homo,rmsf,pia0c75z,pia0c75z::RMSF,wt-homo / RMSF,RMSF,Residue,207,0.06613979,nm,nm
line,overlay,wt-homo,wt-homo,rmsf,pia0c75z,pia0c75z::RMSF,wt-homo / RMSF,RMSF,Residue,208,0.08412206,nm,nm
line,overlay,wt-homo,wt-homo,rmsf,pia0c75z,pia0c75z::RMSF,wt-homo / RMSF,RMSF,Residue,209,0.09683101,nm,nm
line,overlay,wt-homo,wt-homo,rmsf,pia0c75z,pia0c75z::RMSF,wt-homo / RMSF,RMSF,Residue,210,0.071551144,nm,nm
line,overlay,wt-homo,wt-homo,rmsf,pia0c75z,pia0c75z::RMSF,wt-homo / RMSF,RMSF,Residue,211,0.05046834,nm,nm
line,overlay,wt-homo,wt-homo,rmsf,pia0c75z,pia0c75z::RMSF,wt-homo / RMSF,RMSF,Residue,212,0.047633924,nm,nm
line,overlay,wt-homo,wt-homo,rmsf,pia0c75z,pia0c75z::RMSF,wt-homo / RMSF,RMSF,Residue,213,0.05158149,nm,nm
line,overlay,wt-homo,wt-homo,rmsf,pia0c75z,pia0c75z::RMSF,wt-homo / RMSF,RMSF,Residue,214,0.045039106,nm,nm
line,overlay,wt-homo,wt-homo,rmsf,pia0c75z,pia0c75z::RMSF,wt-homo / RMSF,RMSF,Residue,215,0.04009219,nm,nm
line,overlay,wt-homo,wt-homo,rmsf,pia0c75z,pia0c75z::RMSF,wt-homo / RMSF,RMSF,Residue,216,0.03968724,nm,nm
line,overlay,wt-homo,wt-homo,rmsf,pia0c75z,pia0c75z::RMSF,wt-homo / RMSF,RMSF,Residue,217,0.038786028,nm,nm
line,overlay,wt-homo,wt-homo,rmsf,pia0c75z,pia0c75z::RMSF,wt-homo / RMSF,RMSF,Residue,218,0.05532637,nm,nm
line,overlay,wt-homo,wt-homo,rmsf,pia0c75z,pia0c75z::RMSF,wt-homo / RMSF,RMSF,Residue,219,0.05633338,nm,nm
line,overlay,wt-homo,wt-homo,rmsf,pia0c75z,pia0c75z::RMSF,wt-homo / RMSF,RMSF,Residue,220,0.06208992,nm,nm
line,overlay,wt-homo,wt-homo,rmsf,pia0c75z,pia0c75z::RMSF,wt-homo / RMSF,RMSF,Residue,221,0.066442855,nm,nm
line,overlay,wt-homo,wt-homo,rmsf,pia0c75z,pia0c75z::RMSF,wt-homo / RMSF,RMSF,Residue,222,0.05732916,nm,nm
line,overlay,wt-homo,wt-homo,rmsf,pia0c75z,pia0c75z::RMSF,wt-homo / RMSF,RMSF,Residue,223,0.061658025,nm,nm
line,overlay,wt-homo,wt-homo,rmsf,pia0c75z,pia0c75z::RMSF,wt-homo / RMSF,RMSF,Residue,224,0.07295948,nm,nm
line,overlay,wt-homo,wt-homo,rmsf,pia0c75z,pia0c75z::RMSF,wt-homo / RMSF,RMSF,Residue,225,0.067449145,nm,nm
line,overlay,wt-homo,wt-homo,rmsf,pia0c75z,pia0c75z::RMSF,wt-homo / RMSF,RMSF,Residue,226,0.059245143,nm,nm
line,overlay,wt-homo,wt-homo,rmsf,pia0c75z,pia0c75z::RMSF,wt-homo / RMSF,RMSF,Residue,227,0.058773924,nm,nm
line,overlay,wt-homo,wt-homo,rmsf,pia0c75z,pia0c75z::RMSF,wt-homo / RMSF,RMSF,Residue,228,0.07218983,nm,nm
line,overlay,wt-homo,wt-homo,rmsf,pia0c75z,pia0c75z::RMSF,wt-homo / RMSF,RMSF,Residue,229,0.070917696,nm,nm
line,overlay,wt-homo,wt-homo,rmsf,pia0c75z,pia0c75z::RMSF,wt-homo / RMSF,RMSF,Residue,230,0.062270705,nm,nm
line,overlay,wt-homo,wt-homo,rmsf,pia0c75z,pia0c75z::RMSF,wt-homo / RMSF,RMSF,Residue,231,0.06952439,nm,nm
line,overlay,wt-homo,wt-homo,rmsf,pia0c75z,pia0c75z::RMSF,wt-homo / RMSF,RMSF,Residue,232,0.09130035,nm,nm
line,overlay,wt-homo,wt-homo,rmsf,pia0c75z,pia0c75z::RMSF,wt-homo / RMSF,RMSF,Residue,233,0.10137472,nm,nm
line,overlay,wt-homo,wt-homo,rmsf,pia0c75z,pia0c75z::RMSF,wt-homo / RMSF,RMSF,Residue,234,0.09111087,nm,nm
line,overlay,wt-homo,wt-homo,rmsf,pia0c75z,pia0c75z::RMSF,wt-homo / RMSF,RMSF,Residue,235,0.089468874,nm,nm
line,overlay,wt-homo,wt-homo,rmsf,pia0c75z,pia0c75z::RMSF,wt-homo / RMSF,RMSF,Residue,236,0.06735694,nm,nm
line,overlay,wt-homo,wt-homo,rmsf,pia0c75z,pia0c75z::RMSF,wt-homo / RMSF,RMSF,Residue,237,0.058935508,nm,nm
line,overlay,wt-homo,wt-homo,rmsf,pia0c75z,pia0c75z::RMSF,wt-homo / RMSF,RMSF,Residue,238,0.053001404,nm,nm
line,overlay,wt-homo,wt-homo,rmsf,pia0c75z,pia0c75z::RMSF,wt-homo / RMSF,RMSF,Residue,239,0.048449848,nm,nm
line,overlay,wt-homo,wt-homo,rmsf,pia0c75z,pia0c75z::RMSF,wt-homo / RMSF,RMSF,Residue,240,0.053695828,nm,nm
line,overlay,wt-homo,wt-homo,rmsf,pia0c75z,pia0c75z::RMSF,wt-homo / RMSF,RMSF,Residue,241,0.05044063,nm,nm
line,overlay,wt-homo,wt-homo,rmsf,pia0c75z,pia0c75z::RMSF,wt-homo / RMSF,RMSF,Residue,242,0.07552417,nm,nm
line,overlay,wt-homo,wt-homo,rmsf,pia0c75z,pia0c75z::RMSF,wt-homo / RMSF,RMSF,Residue,243,0.046578467,nm,nm
line,overlay,wt-homo,wt-homo,rmsf,pia0c75z,pia0c75z::RMSF,wt-homo / RMSF,RMSF,Residue,244,0.05512792,nm,nm
line,overlay,wt-homo,wt-homo,rmsf,pia0c75z,pia0c75z::RMSF,wt-homo / RMSF,RMSF,Residue,245,0.06624046,nm,nm
line,overlay,wt-homo,wt-homo,rmsf,pia0c75z,pia0c75z::RMSF,wt-homo / RMSF,RMSF,Residue,246,0.070283435,nm,nm
line,overlay,wt-homo,wt-homo,rmsf,pia0c75z,pia0c75z::RMSF,wt-homo / RMSF,RMSF,Residue,247,0.07636722,nm,nm
line,overlay,wt-homo,wt-homo,rmsf,pia0c75z,pia0c75z::RMSF,wt-homo / RMSF,RMSF,Residue,248,0.08786247,nm,nm
line,overlay,wt-homo,wt-homo,rmsf,pia0c75z,pia0c75z::RMSF,wt-homo / RMSF,RMSF,Residue,249,0.13732874,nm,nm
line,overlay,wt-homo,wt-homo,rmsf,pia0c75z,pia0c75z::RMSF,wt-homo / RMSF,RMSF,Residue,250,0.10960049,nm,nm
line,overlay,wt-homo,wt-homo,rmsf,pia0c75z,pia0c75z::RMSF,wt-homo / RMSF,RMSF,Residue,251,0.10293554,nm,nm
line,overlay,wt-homo,wt-homo,rmsf,pia0c75z,pia0c75z::RMSF,wt-homo / RMSF,RMSF,Residue,252,0.09372027,nm,nm
line,overlay,wt-homo,wt-homo,rmsf,pia0c75z,pia0c75z::RMSF,wt-homo / RMSF,RMSF,Residue,253,0.09400605,nm,nm
line,overlay,wt-homo,wt-homo,rmsf,pia0c75z,pia0c75z::RMSF,wt-homo / RMSF,RMSF,Residue,254,0.091972955,nm,nm
line,overlay,wt-homo,wt-homo,rmsf,pia0c75z,pia0c75z::RMSF,wt-homo / RMSF,RMSF,Residue,255,0.09303522,nm,nm
line,overlay,wt-homo,wt-homo,rmsf,pia0c75z,pia0c75z::RMSF,wt-homo / RMSF,RMSF,Residue,256,0.084115274,nm,nm
line,overlay,wt-homo,wt-homo,rmsf,pia0c75z,pia0c75z::RMSF,wt-homo / RMSF,RMSF,Residue,257,0.07178229,nm,nm
line,overlay,wt-homo,wt-homo,rmsf,pia0c75z,pia0c75z::RMSF,wt-homo / RMSF,RMSF,Residue,258,0.075510316,nm,nm
line,overlay,wt-homo,wt-homo,rmsf,pia0c75z,pia0c75z::RMSF,wt-homo / RMSF,RMSF,Residue,259,0.09735643,nm,nm
line,overlay,wt-homo,wt-homo,rmsf,pia0c75z,pia0c75z::RMSF,wt-homo / RMSF,RMSF,Residue,260,0.10302175,nm,nm
line,overlay,wt-homo,wt-homo,rmsf,pia0c75z,pia0c75z::RMSF,wt-homo / RMSF,RMSF,Residue,261,0.083306,nm,nm
line,overlay,wt-homo,wt-homo,rmsf,pia0c75z,pia0c75z::RMSF,wt-homo / RMSF,RMSF,Residue,262,0.091097094,nm,nm
line,overlay,wt-homo,wt-homo,rmsf,pia0c75z,pia0c75z::RMSF,wt-homo / RMSF,RMSF,Residue,263,0.0858256,nm,nm
line,overlay,wt-homo,wt-homo,rmsf,pia0c75z,pia0c75z::RMSF,wt-homo / RMSF,RMSF,Residue,264,0.09202572,nm,nm
line,overlay,wt-homo,wt-homo,rmsf,pia0c75z,pia0c75z::RMSF,wt-homo / RMSF,RMSF,Residue,265,0.09702414,nm,nm
line,overlay,wt-homo,wt-homo,rmsf,pia0c75z,pia0c75z::RMSF,wt-homo / RMSF,RMSF,Residue,266,0.09735216,nm,nm
line,overlay,wt-homo,wt-homo,rmsf,pia0c75z,pia0c75z::RMSF,wt-homo / RMSF,RMSF,Residue,267,0.0908872,nm,nm
line,overlay,wt-homo,wt-homo,rmsf,pia0c75z,pia0c75z::RMSF,wt-homo / RMSF,RMSF,Residue,268,0.08078469,nm,nm
line,overlay,wt-homo,wt-homo,rmsf,pia0c75z,pia0c75z::RMSF,wt-homo / RMSF,RMSF,Residue,269,0.08544998,nm,nm
line,overlay,wt-homo,wt-homo,rmsf,pia0c75z,pia0c75z::RMSF,wt-homo / RMSF,RMSF,Residue,270,0.08380698,nm,nm
line,overlay,wt-homo,wt-homo,rmsf,pia0c75z,pia0c75z::RMSF,wt-homo / RMSF,RMSF,Residue,271,0.07801201,nm,nm
line,overlay,wt-homo,wt-homo,rmsf,pia0c75z,pia0c75z::RMSF,wt-homo / RMSF,RMSF,Residue,272,0.0765547,nm,nm
line,overlay,wt-homo,wt-homo,rmsf,pia0c75z,pia0c75z::RMSF,wt-homo / RMSF,RMSF,Residue,273,0.087172836,nm,nm
line,overlay,wt-homo,wt-homo,rmsf,pia0c75z,pia0c75z::RMSF,wt-homo / RMSF,RMSF,Residue,274,0.092226684,nm,nm
line,overlay,wt-homo,wt-homo,rmsf,pia0c75z,pia0c75z::RMSF,wt-homo / RMSF,RMSF,Residue,275,0.078856185,nm,nm
line,overlay,wt-homo,wt-homo,rmsf,pia0c75z,pia0c75z::RMSF,wt-homo / RMSF,RMSF,Residue,276,0.084124066,nm,nm
line,overlay,wt-homo,wt-homo,rmsf,pia0c75z,pia0c75z::RMSF,wt-homo / RMSF,RMSF,Residue,277,0.07983959,nm,nm
line,overlay,wt-homo,wt-homo,rmsf,pia0c75z,pia0c75z::RMSF,wt-homo / RMSF,RMSF,Residue,278,0.06612935,nm,nm
line,overlay,wt-homo,wt-homo,rmsf,pia0c75z,pia0c75z::RMSF,wt-homo / RMSF,RMSF,Residue,279,0.065677986,nm,nm
line,overlay,wt-homo,wt-homo,rmsf,pia0c75z,pia0c75z::RMSF,wt-homo / RMSF,RMSF,Residue,280,0.05423645,nm,nm
line,overlay,wt-homo,wt-homo,rmsf,pia0c75z,pia0c75z::RMSF,wt-homo / RMSF,RMSF,Residue,281,0.043094385,nm,nm
line,overlay,wt-homo,wt-homo,rmsf,pia0c75z,pia0c75z::RMSF,wt-homo / RMSF,RMSF,Residue,282,0.036268182,nm,nm
line,overlay,wt-homo,wt-homo,rmsf,pia0c75z,pia0c75z::RMSF,wt-homo / RMSF,RMSF,Residue,283,0.035391014,nm,nm
line,overlay,wt-homo,wt-homo,rmsf,pia0c75z,pia0c75z::RMSF,wt-homo / RMSF,RMSF,Residue,284,0.037051838,nm,nm
line,overlay,wt-homo,wt-homo,rmsf,pia0c75z,pia0c75z::RMSF,wt-homo / RMSF,RMSF,Residue,285,0.04165159,nm,nm
line,overlay,wt-homo,wt-homo,rmsf,pia0c75z,pia0c75z::RMSF,wt-homo / RMSF,RMSF,Residue,286,0.054349113,nm,nm
line,overlay,wt-homo,wt-homo,rmsf,pia0c75z,pia0c75z::RMSF,wt-homo / RMSF,RMSF,Residue,287,0.06580634,nm,nm
line,overlay,wt-homo,wt-homo,rmsf,pia0c75z,pia0c75z::RMSF,wt-homo / RMSF,RMSF,Residue,288,0.0631134,nm,nm
line,overlay,wt-homo,wt-homo,rmsf,pia0c75z,pia0c75z::RMSF,wt-homo / RMSF,RMSF,Residue,289,0.07645168,nm,nm
line,overlay,wt-homo,wt-homo,rmsf,pia0c75z,pia0c75z::RMSF,wt-homo / RMSF,RMSF,Residue,290,0.07890286,nm,nm
line,overlay,wt-homo,wt-homo,rmsf,pia0c75z,pia0c75z::RMSF,wt-homo / RMSF,RMSF,Residue,291,0.075435065,nm,nm
line,overlay,wt-homo,wt-homo,rmsf,pia0c75z,pia0c75z::RMSF,wt-homo / RMSF,RMSF,Residue,292,0.07824894,nm,nm
line,overlay,wt-homo,wt-homo,rmsf,pia0c75z,pia0c75z::RMSF,wt-homo / RMSF,RMSF,Residue,293,0.08452416,nm,nm
line,overlay,wt-homo,wt-homo,rmsf,pia0c75z,pia0c75z::RMSF,wt-homo / RMSF,RMSF,Residue,294,0.08083104,nm,nm
line,overlay,wt-homo,wt-homo,rmsf,pia0c75z,pia0c75z::RMSF,wt-homo / RMSF,RMSF,Residue,295,0.069138855,nm,nm
line,overlay,wt-homo,wt-homo,rmsf,pia0c75z,pia0c75z::RMSF,wt-homo / RMSF,RMSF,Residue,296,0.07127058,nm,nm
line,overlay,wt-homo,wt-homo,rmsf,pia0c75z,pia0c75z::RMSF,wt-homo / RMSF,RMSF,Residue,297,0.074842684,nm,nm
line,overlay,wt-homo,wt-homo,rmsf,pia0c75z,pia0c75z::RMSF,wt-homo / RMSF,RMSF,Residue,298,0.070546165,nm,nm
line,overlay,wt-homo,wt-homo,rmsf,pia0c75z,pia0c75z::RMSF,wt-homo / RMSF,RMSF,Residue,299,0.065158255,nm,nm
line,overlay,wt-homo,wt-homo,rmsf,pia0c75z,pia0c75z::RMSF,wt-homo / RMSF,RMSF,Residue,300,0.07063169,nm,nm
line,overlay,wt-homo,wt-homo,rmsf,pia0c75z,pia0c75z::RMSF,wt-homo / RMSF,RMSF,Residue,301,0.077156514,nm,nm
line,overlay,wt-homo,wt-homo,rmsf,pia0c75z,pia0c75z::RMSF,wt-homo / RMSF,RMSF,Residue,302,0.06950666,nm,nm
line,overlay,wt-homo,wt-homo,rmsf,pia0c75z,pia0c75z::RMSF,wt-homo / RMSF,RMSF,Residue,303,0.07134115,nm,nm
line,overlay,wt-homo,wt-homo,rmsf,pia0c75z,pia0c75z::RMSF,wt-homo / RMSF,RMSF,Residue,304,0.088776246,nm,nm
line,overlay,wt-homo,wt-homo,rmsf,pia0c75z,pia0c75z::RMSF,wt-homo / RMSF,RMSF,Residue,305,0.08715815,nm,nm
line,overlay,wt-homo,wt-homo,rmsf,pia0c75z,pia0c75z::RMSF,wt-homo / RMSF,RMSF,Residue,306,0.07914801,nm,nm
line,overlay,wt-homo,wt-homo,rmsf,pia0c75z,pia0c75z::RMSF,wt-homo / RMSF,RMSF,Residue,307,0.084624395,nm,nm
line,overlay,wt-homo,wt-homo,rmsf,pia0c75z,pia0c75z::RMSF,wt-homo / RMSF,RMSF,Residue,308,0.071752034,nm,nm
line,overlay,wt-homo,wt-homo,rmsf,pia0c75z,pia0c75z::RMSF,wt-homo / RMSF,RMSF,Residue,309,0.06446195,nm,nm
line,overlay,wt-homo,wt-homo,rmsf,pia0c75z,pia0c75z::RMSF,wt-homo / RMSF,RMSF,Residue,310,0.053933937,nm,nm
line,overlay,wt-homo,wt-homo,rmsf,pia0c75z,pia0c75z::RMSF,wt-homo / RMSF,RMSF,Residue,311,0.04722079,nm,nm
line,overlay,wt-homo,wt-homo,rmsf,pia0c75z,pia0c75z::RMSF,wt-homo / RMSF,RMSF,Residue,312,0.046336062,nm,nm
line,overlay,wt-homo,wt-homo,rmsf,pia0c75z,pia0c75z::RMSF,wt-homo / RMSF,RMSF,Residue,313,0.045205798,nm,nm
line,overlay,wt-homo,wt-homo,rmsf,pia0c75z,pia0c75z::RMSF,wt-homo / RMSF,RMSF,Residue,314,0.08376666,nm,nm
line,overlay,wt-homo,wt-homo,rmsf,pia0c75z,pia0c75z::RMSF,wt-homo / RMSF,RMSF,Residue,315,0.13782476,nm,nm
line,overlay,wt-homo,wt-homo,rmsf,pia0c75z,pia0c75z::RMSF,wt-homo / RMSF,RMSF,Residue,316,0.20517063,nm,nm
line,overlay,wt-homo,wt-homo,rmsf,pia0c75z,pia0c75z::RMSF,wt-homo / RMSF,RMSF,Residue,317,0.39334807,nm,nm
line,overlay,wt-homo,wt-homo,rmsf,pia0c75z,pia0c75z::RMSF,wt-homo / RMSF,RMSF,Residue,318,0.37920418,nm,nm
line,overlay,wt-homo,wt-homo,rmsf,pia0c75z,pia0c75z::RMSF,wt-homo / RMSF,RMSF,Residue,319,0.37821302,nm,nm
line,overlay,wt-homo,wt-homo,rmsf,pia0c75z,pia0c75z::RMSF,wt-homo / RMSF,RMSF,Residue,320,0.25300533,nm,nm
line,overlay,wt-homo,wt-homo,rmsf,pia0c75z,pia0c75z::RMSF,wt-homo / RMSF,RMSF,Residue,321,0.15987477,nm,nm
line,overlay,wt-homo,wt-homo,rmsf,pia0c75z,pia0c75z::RMSF,wt-homo / RMSF,RMSF,Residue,322,0.16391644,nm,nm
line,overlay,wt-homo,wt-homo,rmsf,pia0c75z,pia0c75z::RMSF,wt-homo / RMSF,RMSF,Residue,323,0.15138859,nm,nm
line,overlay,wt-homo,wt-homo,rmsf,pia0c75z,pia0c75z::RMSF,wt-homo / RMSF,RMSF,Residue,324,0.115016006,nm,nm
line,overlay,wt-homo,wt-homo,rmsf,pia0c75z,pia0c75z::RMSF,wt-homo / RMSF,RMSF,Residue,325,0.13765408,nm,nm
line,overlay,wt-homo,wt-homo,rmsf,pia0c75z,pia0c75z::RMSF,wt-homo / RMSF,RMSF,Residue,326,0.15923712,nm,nm
line,overlay,wt-homo,wt-homo,rmsf,pia0c75z,pia0c75z::RMSF,wt-homo / RMSF,RMSF,Residue,327,0.14573586,nm,nm
line,overlay,wt-homo,wt-homo,rmsf,pia0c75z,pia0c75z::RMSF,wt-homo / RMSF,RMSF,Residue,328,0.11428246,nm,nm
line,overlay,wt-homo,wt-homo,rmsf,pia0c75z,pia0c75z::RMSF,wt-homo / RMSF,RMSF,Residue,329,0.1133973,nm,nm
line,overlay,wt-homo,wt-homo,rmsf,pia0c75z,pia0c75z::RMSF,wt-homo / RMSF,RMSF,Residue,330,0.12964518,nm,nm
line,overlay,wt-homo,wt-homo,rmsf,pia0c75z,pia0c75z::RMSF,wt-homo / RMSF,RMSF,Residue,331,0.11039057,nm,nm
line,overlay,wt-homo,wt-homo,rmsf,pia0c75z,pia0c75z::RMSF,wt-homo / RMSF,RMSF,Residue,332,0.099990875,nm,nm
line,overlay,wt-homo,wt-homo,rmsf,pia0c75z,pia0c75z::RMSF,wt-homo / RMSF,RMSF,Residue,333,0.11260393,nm,nm
line,overlay,wt-homo,wt-homo,rmsf,pia0c75z,pia0c75z::RMSF,wt-homo / RMSF,RMSF,Residue,334,0.11538219,nm,nm
line,overlay,wt-homo,wt-homo,rmsf,pia0c75z,pia0c75z::RMSF,wt-homo / RMSF,RMSF,Residue,335,0.09090945,nm,nm
line,overlay,wt-homo,wt-homo,rmsf,pia0c75z,pia0c75z::RMSF,wt-homo / RMSF,RMSF,Residue,336,0.07126067,nm,nm
line,overlay,wt-homo,wt-homo,rmsf,pia0c75z,pia0c75z::RMSF,wt-homo / RMSF,RMSF,Residue,337,0.07994102,nm,nm
line,overlay,wt-homo,wt-homo,rmsf,pia0c75z,pia0c75z::RMSF,wt-homo / RMSF,RMSF,Residue,338,0.07302535,nm,nm
line,overlay,wt-homo,wt-homo,rmsf,pia0c75z,pia0c75z::RMSF,wt-homo / RMSF,RMSF,Residue,339,0.058132973,nm,nm
line,overlay,wt-homo,wt-homo,rmsf,pia0c75z,pia0c75z::RMSF,wt-homo / RMSF,RMSF,Residue,340,0.06311133,nm,nm
line,overlay,wt-homo,wt-homo,rmsf,pia0c75z,pia0c75z::RMSF,wt-homo / RMSF,RMSF,Residue,341,0.09800939,nm,nm
line,overlay,wt-homo,wt-homo,rmsf,pia0c75z,pia0c75z::RMSF,wt-homo / RMSF,RMSF,Residue,342,0.06393058,nm,nm
line,overlay,wt-homo,wt-homo,rmsf,pia0c75z,pia0c75z::RMSF,wt-homo / RMSF,RMSF,Residue,343,0.05349926,nm,nm
line,overlay,wt-homo,wt-homo,rmsf,pia0c75z,pia0c75z::RMSF,wt-homo / RMSF,RMSF,Residue,344,0.048024394,nm,nm
line,overlay,wt-homo,wt-homo,rmsf,pia0c75z,pia0c75z::RMSF,wt-homo / RMSF,RMSF,Residue,345,0.042532276,nm,nm
line,overlay,wt-homo,wt-homo,rmsf,pia0c75z,pia0c75z::RMSF,wt-homo / RMSF,RMSF,Residue,346,0.04729812,nm,nm
line,overlay,wt-homo,wt-homo,rmsf,pia0c75z,pia0c75z::RMSF,wt-homo / RMSF,RMSF,Residue,347,0.054523192,nm,nm
line,overlay,wt-homo,wt-homo,rmsf,pia0c75z,pia0c75z::RMSF,wt-homo / RMSF,RMSF,Residue,348,0.046823427,nm,nm
line,overlay,wt-homo,wt-homo,rmsf,pia0c75z,pia0c75z::RMSF,wt-homo / RMSF,RMSF,Residue,349,0.049341276,nm,nm
line,overlay,wt-homo,wt-homo,rmsf,pia0c75z,pia0c75z::RMSF,wt-homo / RMSF,RMSF,Residue,350,0.06661744,nm,nm
line,overlay,wt-homo,wt-homo,rmsf,pia0c75z,pia0c75z::RMSF,wt-homo / RMSF,RMSF,Residue,351,0.06690215,nm,nm
line,overlay,wt-homo,wt-homo,rmsf,pia0c75z,pia0c75z::RMSF,wt-homo / RMSF,RMSF,Residue,352,0.076092914,nm,nm
line,overlay,wt-homo,wt-homo,rmsf,pia0c75z,pia0c75z::RMSF,wt-homo / RMSF,RMSF,Residue,353,0.06566723,nm,nm
line,overlay,wt-homo,wt-homo,rmsf,pia0c75z,pia0c75z::RMSF,wt-homo / RMSF,RMSF,Residue,354,0.05251532,nm,nm
line,overlay,wt-homo,wt-homo,rmsf,pia0c75z,pia0c75z::RMSF,wt-homo / RMSF,RMSF,Residue,355,0.052082926,nm,nm
line,overlay,wt-homo,wt-homo,rmsf,pia0c75z,pia0c75z::RMSF,wt-homo / RMSF,RMSF,Residue,356,0.042116854,nm,nm
line,overlay,wt-homo,wt-homo,rmsf,pia0c75z,pia0c75z::RMSF,wt-homo / RMSF,RMSF,Residue,357,0.034915015,nm,nm
line,overlay,wt-homo,wt-homo,rmsf,pia0c75z,pia0c75z::RMSF,wt-homo / RMSF,RMSF,Residue,358,0.03471882,nm,nm
line,overlay,wt-homo,wt-homo,rmsf,pia0c75z,pia0c75z::RMSF,wt-homo / RMSF,RMSF,Residue,359,0.040768486,nm,nm
line,overlay,wt-homo,wt-homo,rmsf,pia0c75z,pia0c75z::RMSF,wt-homo / RMSF,RMSF,Residue,360,0.040730324,nm,nm
line,overlay,wt-homo,wt-homo,rmsf,pia0c75z,pia0c75z::RMSF,wt-homo / RMSF,RMSF,Residue,361,0.041525524,nm,nm
line,overlay,wt-homo,wt-homo,rmsf,pia0c75z,pia0c75z::RMSF,wt-homo / RMSF,RMSF,Residue,362,0.0401589,nm,nm
line,overlay,wt-homo,wt-homo,rmsf,pia0c75z,pia0c75z::RMSF,wt-homo / RMSF,RMSF,Residue,363,0.038493957,nm,nm
line,overlay,wt-homo,wt-homo,rmsf,pia0c75z,pia0c75z::RMSF,wt-homo / RMSF,RMSF,Residue,364,0.035463974,nm,nm
line,overlay,wt-homo,wt-homo,rmsf,pia0c75z,pia0c75z::RMSF,wt-homo / RMSF,RMSF,Residue,365,0.037122592,nm,nm
line,overlay,wt-homo,wt-homo,rmsf,pia0c75z,pia0c75z::RMSF,wt-homo / RMSF,RMSF,Residue,366,0.038890723,nm,nm
line,overlay,wt-homo,wt-homo,rmsf,pia0c75z,pia0c75z::RMSF,wt-homo / RMSF,RMSF,Residue,367,0.037874263,nm,nm
line,overlay,wt-homo,wt-homo,rmsf,pia0c75z,pia0c75z::RMSF,wt-homo / RMSF,RMSF,Residue,368,0.039287988,nm,nm
line,overlay,wt-homo,wt-homo,rmsf,pia0c75z,pia0c75z::RMSF,wt-homo / RMSF,RMSF,Residue,369,0.043291006,nm,nm
line,overlay,wt-homo,wt-homo,rmsf,pia0c75z,pia0c75z::RMSF,wt-homo / RMSF,RMSF,Residue,370,0.056594655,nm,nm
line,overlay,wt-homo,wt-homo,rmsf,pia0c75z,pia0c75z::RMSF,wt-homo / RMSF,RMSF,Residue,371,0.061408572,nm,nm
line,overlay,wt-homo,wt-homo,rmsf,pia0c75z,pia0c75z::RMSF,wt-homo / RMSF,RMSF,Residue,372,0.05664969,nm,nm
line,overlay,wt-homo,wt-homo,rmsf,pia0c75z,pia0c75z::RMSF,wt-homo / RMSF,RMSF,Residue,373,0.054946892,nm,nm
line,overlay,wt-homo,wt-homo,rmsf,pia0c75z,pia0c75z::RMSF,wt-homo / RMSF,RMSF,Residue,374,0.04318226,nm,nm
line,overlay,wt-homo,wt-homo,rmsf,pia0c75z,pia0c75z::RMSF,wt-homo / RMSF,RMSF,Residue,375,0.04082386,nm,nm
line,overlay,wt-homo,wt-homo,rmsf,pia0c75z,pia0c75z::RMSF,wt-homo / RMSF,RMSF,Residue,376,0.04278693,nm,nm
line,overlay,wt-homo,wt-homo,rmsf,pia0c75z,pia0c75z::RMSF,wt-homo / RMSF,RMSF,Residue,377,0.036758654,nm,nm
line,overlay,wt-homo,wt-homo,rmsf,pia0c75z,pia0c75z::RMSF,wt-homo / RMSF,RMSF,Residue,378,0.037463576,nm,nm
line,overlay,wt-homo,wt-homo,rmsf,pia0c75z,pia0c75z::RMSF,wt-homo / RMSF,RMSF,Residue,379,0.039295018,nm,nm
line,overlay,wt-homo,wt-homo,rmsf,pia0c75z,pia0c75z::RMSF,wt-homo / RMSF,RMSF,Residue,380,0.0437524,nm,nm
line,overlay,wt-homo,wt-homo,rmsf,pia0c75z,pia0c75z::RMSF,wt-homo / RMSF,RMSF,Residue,381,0.05347751,nm,nm
line,overlay,wt-homo,wt-homo,rmsf,pia0c75z,pia0c75z::RMSF,wt-homo / RMSF,RMSF,Residue,382,0.056455776,nm,nm
line,overlay,wt-homo,wt-homo,rmsf,pia0c75z,pia0c75z::RMSF,wt-homo / RMSF,RMSF,Residue,383,0.110124916,nm,nm
line,overlay,wt-homo,wt-homo,rmsf,pia0c75z,pia0c75z::RMSF,wt-homo / RMSF,RMSF,Residue,384,0.06790921,nm,nm
line,overlay,wt-homo,wt-homo,rmsf,pia0c75z,pia0c75z::RMSF,wt-homo / RMSF,RMSF,Residue,385,0.04935449,nm,nm
line,overlay,wt-homo,wt-homo,rmsf,pia0c75z,pia0c75z::RMSF,wt-homo / RMSF,RMSF,Residue,386,0.045336645,nm,nm
line,overlay,wt-homo,wt-homo,rmsf,pia0c75z,pia0c75z::RMSF,wt-homo / RMSF,RMSF,Residue,387,0.047769014,nm,nm
line,overlay,wt-homo,wt-homo,rmsf,pia0c75z,pia0c75z::RMSF,wt-homo / RMSF,RMSF,Residue,388,0.046848066,nm,nm
line,overlay,wt-homo,wt-homo,rmsf,pia0c75z,pia0c75z::RMSF,wt-homo / RMSF,RMSF,Residue,389,0.043892458,nm,nm
line,overlay,wt-homo,wt-homo,rmsf,pia0c75z,pia0c75z::RMSF,wt-homo / RMSF,RMSF,Residue,390,0.046513423,nm,nm
line,overlay,wt-homo,wt-homo,rmsf,pia0c75z,pia0c75z::RMSF,wt-homo / RMSF,RMSF,Residue,391,0.049553446,nm,nm
line,overlay,wt-homo,wt-homo,rmsf,pia0c75z,pia0c75z::RMSF,wt-homo / RMSF,RMSF,Residue,392,0.047126707,nm,nm
line,overlay,wt-homo,wt-homo,rmsf,pia0c75z,pia0c75z::RMSF,wt-homo / RMSF,RMSF,Residue,393,0.052243795,nm,nm
line,overlay,wt-homo,wt-homo,rmsf,pia0c75z,pia0c75z::RMSF,wt-homo / RMSF,RMSF,Residue,394,0.062008627,nm,nm
line,overlay,wt-homo,wt-homo,rmsf,pia0c75z,pia0c75z::RMSF,wt-homo / RMSF,RMSF,Residue,395,0.06194379,nm,nm
line,overlay,wt-homo,wt-homo,rmsf,pia0c75z,pia0c75z::RMSF,wt-homo / RMSF,RMSF,Residue,396,0.05515134,nm,nm
line,overlay,wt-homo,wt-homo,rmsf,pia0c75z,pia0c75z::RMSF,wt-homo / RMSF,RMSF,Residue,397,0.0553629,nm,nm
line,overlay,wt-homo,wt-homo,rmsf,pia0c75z,pia0c75z::RMSF,wt-homo / RMSF,RMSF,Residue,398,0.057052035,nm,nm
line,overlay,wt-homo,wt-homo,rmsf,pia0c75z,pia0c75z::RMSF,wt-homo / RMSF,RMSF,Residue,399,0.052334134,nm,nm
line,overlay,wt-homo,wt-homo,rmsf,pia0c75z,pia0c75z::RMSF,wt-homo / RMSF,RMSF,Residue,400,0.04915374,nm,nm
line,overlay,wt-homo,wt-homo,rmsf,pia0c75z,pia0c75z::RMSF,wt-homo / RMSF,RMSF,Residue,401,0.04978323,nm,nm
line,overlay,wt-homo,wt-homo,rmsf,pia0c75z,pia0c75z::RMSF,wt-homo / RMSF,RMSF,Residue,402,0.0519085,nm,nm
line,overlay,wt-homo,wt-homo,rmsf,pia0c75z,pia0c75z::RMSF,wt-homo / RMSF,RMSF,Residue,403,0.06819308,nm,nm
line,overlay,wt-homo,wt-homo,rmsf,pia0c75z,pia0c75z::RMSF,wt-homo / RMSF,RMSF,Residue,404,0.0597786,nm,nm
line,overlay,wt-homo,wt-homo,rmsf,pia0c75z,pia0c75z::RMSF,wt-homo / RMSF,RMSF,Residue,405,0.068911985,nm,nm
line,overlay,wt-homo,wt-homo,rmsf,pia0c75z,pia0c75z::RMSF,wt-homo / RMSF,RMSF,Residue,406,0.07795826,nm,nm
line,overlay,wt-homo,wt-homo,rmsf,pia0c75z,pia0c75z::RMSF,wt-homo / RMSF,RMSF,Residue,407,0.0781629,nm,nm
line,overlay,wt-homo,wt-homo,rmsf,pia0c75z,pia0c75z::RMSF,wt-homo / RMSF,RMSF,Residue,408,0.081303984,nm,nm
line,overlay,wt-homo,wt-homo,rmsf,pia0c75z,pia0c75z::RMSF,wt-homo / RMSF,RMSF,Residue,409,0.09589401,nm,nm
line,overlay,wt-homo,wt-homo,rmsf,pia0c75z,pia0c75z::RMSF,wt-homo / RMSF,RMSF,Residue,410,0.122834764,nm,nm
line,overlay,wt-homo,wt-homo,rmsf,pia0c75z,pia0c75z::RMSF,wt-homo / RMSF,RMSF,Residue,411,0.08344621,nm,nm
line,overlay,wt-homo,wt-homo,rmsf,pia0c75z,pia0c75z::RMSF,wt-homo / RMSF,RMSF,Residue,412,0.07374024,nm,nm
line,overlay,wt-homo,wt-homo,rmsf,pia0c75z,pia0c75z::RMSF,wt-homo / RMSF,RMSF,Residue,413,0.075429745,nm,nm
line,overlay,wt-homo,wt-homo,rmsf,pia0c75z,pia0c75z::RMSF,wt-homo / RMSF,RMSF,Residue,414,0.09048322,nm,nm
line,overlay,wt-homo,wt-homo,rmsf,pia0c75z,pia0c75z::RMSF,wt-homo / RMSF,RMSF,Residue,415,0.07323676,nm,nm
line,overlay,wt-homo,wt-homo,rmsf,pia0c75z,pia0c75z::RMSF,wt-homo / RMSF,RMSF,Residue,416,0.07797893,nm,nm
line,overlay,wt-homo,wt-homo,rmsf,pia0c75z,pia0c75z::RMSF,wt-homo / RMSF,RMSF,Residue,417,0.074517794,nm,nm
line,overlay,wt-homo,wt-homo,rmsf,pia0c75z,pia0c75z::RMSF,wt-homo / RMSF,RMSF,Residue,418,0.07912145,nm,nm
line,overlay,wt-homo,wt-homo,rmsf,pia0c75z,pia0c75z::RMSF,wt-homo / RMSF,RMSF,Residue,419,0.07157024,nm,nm
line,overlay,wt-homo,wt-homo,rmsf,pia0c75z,pia0c75z::RMSF,wt-homo / RMSF,RMSF,Residue,420,0.063614614,nm,nm
line,overlay,wt-homo,wt-homo,rmsf,pia0c75z,pia0c75z::RMSF,wt-homo / RMSF,RMSF,Residue,421,0.067407236,nm,nm
line,overlay,wt-homo,wt-homo,rmsf,pia0c75z,pia0c75z::RMSF,wt-homo / RMSF,RMSF,Residue,422,0.06587324,nm,nm
line,overlay,wt-homo,wt-homo,rmsf,pia0c75z,pia0c75z::RMSF,wt-homo / RMSF,RMSF,Residue,423,0.05654132,nm,nm
line,overlay,wt-homo,wt-homo,rmsf,pia0c75z,pia0c75z::RMSF,wt-homo / RMSF,RMSF,Residue,424,0.05526289,nm,nm
line,overlay,wt-homo,wt-homo,rmsf,pia0c75z,pia0c75z::RMSF,wt-homo / RMSF,RMSF,Residue,425,0.06219323,nm,nm
line,overlay,wt-homo,wt-homo,rmsf,pia0c75z,pia0c75z::RMSF,wt-homo / RMSF,RMSF,Residue,426,0.061983407,nm,nm
line,overlay,wt-homo,wt-homo,rmsf,pia0c75z,pia0c75z::RMSF,wt-homo / RMSF,RMSF,Residue,427,0.06545611,nm,nm
line,overlay,wt-homo,wt-homo,rmsf,pia0c75z,pia0c75z::RMSF,wt-homo / RMSF,RMSF,Residue,428,0.0674766,nm,nm
line,overlay,wt-homo,wt-homo,rmsf,pia0c75z,pia0c75z::RMSF,wt-homo / RMSF,RMSF,Residue,429,0.094486564,nm,nm
line,overlay,wt-homo,wt-homo,rmsf,pia0c75z,pia0c75z::RMSF,wt-homo / RMSF,RMSF,Residue,430,0.14537154,nm,nm
line,overlay,wt-homo,wt-homo,rmsf,pia0c75z,pia0c75z::RMSF,wt-homo / RMSF,RMSF,Residue,431,0.13471296,nm,nm
line,overlay,wt-homo,wt-homo,rmsf,pia0c75z,pia0c75z::RMSF,wt-homo / RMSF,RMSF,Residue,432,0.10996575,nm,nm
line,overlay,wt-homo,wt-homo,rmsf,pia0c75z,pia0c75z::RMSF,wt-homo / RMSF,RMSF,Residue,433,0.07809963,nm,nm
line,overlay,wt-homo,wt-homo,rmsf,pia0c75z,pia0c75z::RMSF,wt-homo / RMSF,RMSF,Residue,434,0.0911992,nm,nm
line,overlay,wt-homo,wt-homo,rmsf,pia0c75z,pia0c75z::RMSF,wt-homo / RMSF,RMSF,Residue,435,0.090612516,nm,nm
line,overlay,wt-homo,wt-homo,rmsf,pia0c75z,pia0c75z::RMSF,wt-homo / RMSF,RMSF,Residue,436,0.06442916,nm,nm
line,overlay,wt-homo,wt-homo,rmsf,pia0c75z,pia0c75z::RMSF,wt-homo / RMSF,RMSF,Residue,437,0.06376324,nm,nm
line,overlay,wt-homo,wt-homo,rmsf,pia0c75z,pia0c75z::RMSF,wt-homo / RMSF,RMSF,Residue,438,0.085407086,nm,nm
line,overlay,wt-homo,wt-homo,rmsf,pia0c75z,pia0c75z::RMSF,wt-homo / RMSF,RMSF,Residue,439,0.07456308,nm,nm
line,overlay,wt-homo,wt-homo,rmsf,pia0c75z,pia0c75z::RMSF,wt-homo / RMSF,RMSF,Residue,440,0.055049337,nm,nm
line,overlay,wt-homo,wt-homo,rmsf,pia0c75z,pia0c75z::RMSF,wt-homo / RMSF,RMSF,Residue,441,0.07030113,nm,nm
line,overlay,wt-homo,wt-homo,rmsf,pia0c75z,pia0c75z::RMSF,wt-homo / RMSF,RMSF,Residue,442,0.07380769,nm,nm
line,overlay,wt-homo,wt-homo,rmsf,pia0c75z,pia0c75z::RMSF,wt-homo / RMSF,RMSF,Residue,443,0.058660116,nm,nm
line,overlay,wt-homo,wt-homo,rmsf,pia0c75z,pia0c75z::RMSF,wt-homo / RMSF,RMSF,Residue,444,0.05740696,nm,nm
line,overlay,wt-homo,wt-homo,rmsf,pia0c75z,pia0c75z::RMSF,wt-homo / RMSF,RMSF,Residue,445,0.061696667,nm,nm
line,overlay,wt-homo,wt-homo,rmsf,pia0c75z,pia0c75z::RMSF,wt-homo / RMSF,RMSF,Residue,446,0.057447538,nm,nm
line,overlay,wt-homo,wt-homo,rmsf,pia0c75z,pia0c75z::RMSF,wt-homo / RMSF,RMSF,Residue,447,0.052960586,nm,nm
line,overlay,wt-homo,wt-homo,rmsf,pia0c75z,pia0c75z::RMSF,wt-homo / RMSF,RMSF,Residue,448,0.06943262,nm,nm
line,overlay,wt-homo,wt-homo,rmsf,pia0c75z,pia0c75z::RMSF,wt-homo / RMSF,RMSF,Residue,449,0.069947824,nm,nm
line,overlay,wt-homo,wt-homo,rmsf,pia0c75z,pia0c75z::RMSF,wt-homo / RMSF,RMSF,Residue,450,0.060043696,nm,nm
line,overlay,wt-homo,wt-homo,rmsf,pia0c75z,pia0c75z::RMSF,wt-homo / RMSF,RMSF,Residue,451,0.070304856,nm,nm
line,overlay,wt-homo,wt-homo,rmsf,pia0c75z,pia0c75z::RMSF,wt-homo / RMSF,RMSF,Residue,452,0.07753573,nm,nm
line,overlay,wt-homo,wt-homo,rmsf,pia0c75z,pia0c75z::RMSF,wt-homo / RMSF,RMSF,Residue,453,0.09449617,nm,nm
line,overlay,wt-homo,wt-homo,rmsf,pia0c75z,pia0c75z::RMSF,wt-homo / RMSF,RMSF,Residue,454,0.107161164,nm,nm
line,overlay,wt-homo,wt-homo,rmsf,pia0c75z,pia0c75z::RMSF,wt-homo / RMSF,RMSF,Residue,455,0.07744392,nm,nm
line,overlay,wt-homo,wt-homo,rmsf,pia0c75z,pia0c75z::RMSF,wt-homo / RMSF,RMSF,Residue,456,0.06854967,nm,nm
line,overlay,wt-homo,wt-homo,rmsf,pia0c75z,pia0c75z::RMSF,wt-homo / RMSF,RMSF,Residue,457,0.058653675,nm,nm
line,overlay,wt-homo,wt-homo,rmsf,pia0c75z,pia0c75z::RMSF,wt-homo / RMSF,RMSF,Residue,458,0.059179183,nm,nm
line,overlay,wt-homo,wt-homo,rmsf,pia0c75z,pia0c75z::RMSF,wt-homo / RMSF,RMSF,Residue,459,0.060141243,nm,nm
line,overlay,wt-homo,wt-homo,rmsf,pia0c75z,pia0c75z::RMSF,wt-homo / RMSF,RMSF,Residue,460,0.05589837,nm,nm
line,overlay,wt-homo,wt-homo,rmsf,pia0c75z,pia0c75z::RMSF,wt-homo / RMSF,RMSF,Residue,461,0.049735907,nm,nm
line,overlay,wt-homo,wt-homo,rmsf,pia0c75z,pia0c75z::RMSF,wt-homo / RMSF,RMSF,Residue,462,0.05011436,nm,nm
line,overlay,wt-homo,wt-homo,rmsf,pia0c75z,pia0c75z::RMSF,wt-homo / RMSF,RMSF,Residue,463,0.051036824,nm,nm
line,overlay,wt-homo,wt-homo,rmsf,pia0c75z,pia0c75z::RMSF,wt-homo / RMSF,RMSF,Residue,464,0.049791723,nm,nm
line,overlay,wt-homo,wt-homo,rmsf,pia0c75z,pia0c75z::RMSF,wt-homo / RMSF,RMSF,Residue,465,0.048743412,nm,nm
line,overlay,wt-homo,wt-homo,rmsf,pia0c75z,pia0c75z::RMSF,wt-homo / RMSF,RMSF,Residue,466,0.055054802,nm,nm
line,overlay,wt-homo,wt-homo,rmsf,pia0c75z,pia0c75z::RMSF,wt-homo / RMSF,RMSF,Residue,467,0.060585737,nm,nm
line,overlay,wt-homo,wt-homo,rmsf,pia0c75z,pia0c75z::RMSF,wt-homo / RMSF,RMSF,Residue,468,0.061332162,nm,nm
line,overlay,wt-homo,wt-homo,rmsf,pia0c75z,pia0c75z::RMSF,wt-homo / RMSF,RMSF,Residue,469,0.071937636,nm,nm
line,overlay,wt-homo,wt-homo,rmsf,pia0c75z,pia0c75z::RMSF,wt-homo / RMSF,RMSF,Residue,470,0.085482806,nm,nm
line,overlay,wt-homo,wt-homo,rmsf,pia0c75z,pia0c75z::RMSF,wt-homo / RMSF,RMSF,Residue,471,0.09758,nm,nm
line,overlay,wt-homo,wt-homo,rmsf,pia0c75z,pia0c75z::RMSF,wt-homo / RMSF,RMSF,Residue,472,0.11464507,nm,nm
line,overlay,wt-homo,wt-homo,rmsf,pia0c75z,pia0c75z::RMSF,wt-homo / RMSF,RMSF,Residue,473,0.12777527,nm,nm
line,overlay,wt-homo,wt-homo,rmsf,pia0c75z,pia0c75z::RMSF,wt-homo / RMSF,RMSF,Residue,474,0.44292477,nm,nm
line,overlay,wt-homo,wt-homo,rmsf,pia0c75z,pia0c75z::RMSF,wt-homo / RMSF,RMSF,Residue,475,0.6494022,nm,nm
line,overlay,wt-homo,wt-homo,rmsf,pia0c75z,pia0c75z::RMSF,wt-homo / RMSF,RMSF,Residue,476,0.9390086,nm,nm
line,overlay,wt-homo-2,wt-homo-2,rmsf,8df05amu,8df05amu::RMSF,wt-homo-2 / RMSF,RMSF,Residue,1,0.21185388,nm,nm
line,overlay,wt-homo-2,wt-homo-2,rmsf,8df05amu,8df05amu::RMSF,wt-homo-2 / RMSF,RMSF,Residue,2,0.1541356,nm,nm
line,overlay,wt-homo-2,wt-homo-2,rmsf,8df05amu,8df05amu::RMSF,wt-homo-2 / RMSF,RMSF,Residue,3,0.11328916,nm,nm
line,overlay,wt-homo-2,wt-homo-2,rmsf,8df05amu,8df05amu::RMSF,wt-homo-2 / RMSF,RMSF,Residue,4,0.066024564,nm,nm
line,overlay,wt-homo-2,wt-homo-2,rmsf,8df05amu,8df05amu::RMSF,wt-homo-2 / RMSF,RMSF,Residue,5,0.062453512,nm,nm
line,overlay,wt-homo-2,wt-homo-2,rmsf,8df05amu,8df05amu::RMSF,wt-homo-2 / RMSF,RMSF,Residue,6,0.054192502,nm,nm
line,overlay,wt-homo-2,wt-homo-2,rmsf,8df05amu,8df05amu::RMSF,wt-homo-2 / RMSF,RMSF,Residue,7,0.0539273,nm,nm
line,overlay,wt-homo-2,wt-homo-2,rmsf,8df05amu,8df05amu::RMSF,wt-homo-2 / RMSF,RMSF,Residue,8,0.06584706,nm,nm
line,overlay,wt-homo-2,wt-homo-2,rmsf,8df05amu,8df05amu::RMSF,wt-homo-2 / RMSF,RMSF,Residue,9,0.077868424,nm,nm
line,overlay,wt-homo-2,wt-homo-2,rmsf,8df05amu,8df05amu::RMSF,wt-homo-2 / RMSF,RMSF,Residue,10,0.064861,nm,nm
line,overlay,wt-homo-2,wt-homo-2,rmsf,8df05amu,8df05amu::RMSF,wt-homo-2 / RMSF,RMSF,Residue,11,0.05317803,nm,nm
line,overlay,wt-homo-2,wt-homo-2,rmsf,8df05amu,8df05amu::RMSF,wt-homo-2 / RMSF,RMSF,Residue,12,0.0589908,nm,nm
line,overlay,wt-homo-2,wt-homo-2,rmsf,8df05amu,8df05amu::RMSF,wt-homo-2 / RMSF,RMSF,Residue,13,0.08035419,nm,nm
line,overlay,wt-homo-2,wt-homo-2,rmsf,8df05amu,8df05amu::RMSF,wt-homo-2 / RMSF,RMSF,Residue,14,0.11918961,nm,nm
line,overlay,wt-homo-2,wt-homo-2,rmsf,8df05amu,8df05amu::RMSF,wt-homo-2 / RMSF,RMSF,Residue,15,0.1373386,nm,nm
line,overlay,wt-homo-2,wt-homo-2,rmsf,8df05amu,8df05amu::RMSF,wt-homo-2 / RMSF,RMSF,Residue,16,0.09538567,nm,nm
line,overlay,wt-homo-2,wt-homo-2,rmsf,8df05amu,8df05amu::RMSF,wt-homo-2 / RMSF,RMSF,Residue,17,0.06719762,nm,nm
line,overlay,wt-homo-2,wt-homo-2,rmsf,8df05amu,8df05amu::RMSF,wt-homo-2 / RMSF,RMSF,Residue,18,0.062013026,nm,nm
line,overlay,wt-homo-2,wt-homo-2,rmsf,8df05amu,8df05amu::RMSF,wt-homo-2 / RMSF,RMSF,Residue,19,0.05737381,nm,nm
line,overlay,wt-homo-2,wt-homo-2,rmsf,8df05amu,8df05amu::RMSF,wt-homo-2 / RMSF,RMSF,Residue,20,0.05602158,nm,nm
line,overlay,wt-homo-2,wt-homo-2,rmsf,8df05amu,8df05amu::RMSF,wt-homo-2 / RMSF,RMSF,Residue,21,0.056101006,nm,nm
line,overlay,wt-homo-2,wt-homo-2,rmsf,8df05amu,8df05amu::RMSF,wt-homo-2 / RMSF,RMSF,Residue,22,0.057191573,nm,nm
line,overlay,wt-homo-2,wt-homo-2,rmsf,8df05amu,8df05amu::RMSF,wt-homo-2 / RMSF,RMSF,Residue,23,0.0559086,nm,nm
line,overlay,wt-homo-2,wt-homo-2,rmsf,8df05amu,8df05amu::RMSF,wt-homo-2 / RMSF,RMSF,Residue,24,0.05606977,nm,nm
line,overlay,wt-homo-2,wt-homo-2,rmsf,8df05amu,8df05amu::RMSF,wt-homo-2 / RMSF,RMSF,Residue,25,0.062906876,nm,nm
line,overlay,wt-homo-2,wt-homo-2,rmsf,8df05amu,8df05amu::RMSF,wt-homo-2 / RMSF,RMSF,Residue,26,0.06313994,nm,nm
line,overlay,wt-homo-2,wt-homo-2,rmsf,8df05amu,8df05amu::RMSF,wt-homo-2 / RMSF,RMSF,Residue,27,0.056220904,nm,nm
line,overlay,wt-homo-2,wt-homo-2,rmsf,8df05amu,8df05amu::RMSF,wt-homo-2 / RMSF,RMSF,Residue,28,0.06312835,nm,nm
line,overlay,wt-homo-2,wt-homo-2,rmsf,8df05amu,8df05amu::RMSF,wt-homo-2 / RMSF,RMSF,Residue,29,0.07353184,nm,nm
line,overlay,wt-homo-2,wt-homo-2,rmsf,8df05amu,8df05amu::RMSF,wt-homo-2 / RMSF,RMSF,Residue,30,0.06877209,nm,nm
line,overlay,wt-homo-2,wt-homo-2,rmsf,8df05amu,8df05amu::RMSF,wt-homo-2 / RMSF,RMSF,Residue,31,0.07173948,nm,nm
line,overlay,wt-homo-2,wt-homo-2,rmsf,8df05amu,8df05amu::RMSF,wt-homo-2 / RMSF,RMSF,Residue,32,0.06341061,nm,nm
line,overlay,wt-homo-2,wt-homo-2,rmsf,8df05amu,8df05amu::RMSF,wt-homo-2 / RMSF,RMSF,Residue,33,0.06330808,nm,nm
line,overlay,wt-homo-2,wt-homo-2,rmsf,8df05amu,8df05amu::RMSF,wt-homo-2 / RMSF,RMSF,Residue,34,0.06568326,nm,nm
line,overlay,wt-homo-2,wt-homo-2,rmsf,8df05amu,8df05amu::RMSF,wt-homo-2 / RMSF,RMSF,Residue,35,0.061366495,nm,nm
line,overlay,wt-homo-2,wt-homo-2,rmsf,8df05amu,8df05amu::RMSF,wt-homo-2 / RMSF,RMSF,Residue,36,0.05833891,nm,nm
line,overlay,wt-homo-2,wt-homo-2,rmsf,8df05amu,8df05amu::RMSF,wt-homo-2 / RMSF,RMSF,Residue,37,0.07173064,nm,nm
line,overlay,wt-homo-2,wt-homo-2,rmsf,8df05amu,8df05amu::RMSF,wt-homo-2 / RMSF,RMSF,Residue,38,0.06815036,nm,nm
line,overlay,wt-homo-2,wt-homo-2,rmsf,8df05amu,8df05amu::RMSF,wt-homo-2 / RMSF,RMSF,Residue,39,0.07726135,nm,nm
line,overlay,wt-homo-2,wt-homo-2,rmsf,8df05amu,8df05amu::RMSF,wt-homo-2 / RMSF,RMSF,Residue,40,0.09326312,nm,nm
line,overlay,wt-homo-2,wt-homo-2,rmsf,8df05amu,8df05amu::RMSF,wt-homo-2 / RMSF,RMSF,Residue,41,0.09589741,nm,nm
line,overlay,wt-homo-2,wt-homo-2,rmsf,8df05amu,8df05amu::RMSF,wt-homo-2 / RMSF,RMSF,Residue,42,0.089879215,nm,nm
line,overlay,wt-homo-2,wt-homo-2,rmsf,8df05amu,8df05amu::RMSF,wt-homo-2 / RMSF,RMSF,Residue,43,0.1010257,nm,nm
line,overlay,wt-homo-2,wt-homo-2,rmsf,8df05amu,8df05amu::RMSF,wt-homo-2 / RMSF,RMSF,Residue,44,0.14083989,nm,nm
line,overlay,wt-homo-2,wt-homo-2,rmsf,8df05amu,8df05amu::RMSF,wt-homo-2 / RMSF,RMSF,Residue,45,0.12250294,nm,nm
line,overlay,wt-homo-2,wt-homo-2,rmsf,8df05amu,8df05amu::RMSF,wt-homo-2 / RMSF,RMSF,Residue,46,0.10579449,nm,nm
line,overlay,wt-homo-2,wt-homo-2,rmsf,8df05amu,8df05amu::RMSF,wt-homo-2 / RMSF,RMSF,Residue,47,0.14073054,nm,nm
line,overlay,wt-homo-2,wt-homo-2,rmsf,8df05amu,8df05amu::RMSF,wt-homo-2 / RMSF,RMSF,Residue,48,0.12801497,nm,nm
line,overlay,wt-homo-2,wt-homo-2,rmsf,8df05amu,8df05amu::RMSF,wt-homo-2 / RMSF,RMSF,Residue,49,0.107574545,nm,nm
line,overlay,wt-homo-2,wt-homo-2,rmsf,8df05amu,8df05amu::RMSF,wt-homo-2 / RMSF,RMSF,Residue,50,0.12912576,nm,nm
line,overlay,wt-homo-2,wt-homo-2,rmsf,8df05amu,8df05amu::RMSF,wt-homo-2 / RMSF,RMSF,Residue,51,0.11518532,nm,nm
line,overlay,wt-homo-2,wt-homo-2,rmsf,8df05amu,8df05amu::RMSF,wt-homo-2 / RMSF,RMSF,Residue,52,0.1083973,nm,nm
line,overlay,wt-homo-2,wt-homo-2,rmsf,8df05amu,8df05amu::RMSF,wt-homo-2 / RMSF,RMSF,Residue,53,0.12909058,nm,nm
line,overlay,wt-homo-2,wt-homo-2,rmsf,8df05amu,8df05amu::RMSF,wt-homo-2 / RMSF,RMSF,Residue,54,0.14923158,nm,nm
line,overlay,wt-homo-2,wt-homo-2,rmsf,8df05amu,8df05amu::RMSF,wt-homo-2 / RMSF,RMSF,Residue,55,0.19705714,nm,nm
line,overlay,wt-homo-2,wt-homo-2,rmsf,8df05amu,8df05amu::RMSF,wt-homo-2 / RMSF,RMSF,Residue,56,0.15337266,nm,nm
line,overlay,wt-homo-2,wt-homo-2,rmsf,8df05amu,8df05amu::RMSF,wt-homo-2 / RMSF,RMSF,Residue,57,0.14902303,nm,nm
line,overlay,wt-homo-2,wt-homo-2,rmsf,8df05amu,8df05amu::RMSF,wt-homo-2 / RMSF,RMSF,Residue,58,0.11322202,nm,nm
line,overlay,wt-homo-2,wt-homo-2,rmsf,8df05amu,8df05amu::RMSF,wt-homo-2 / RMSF,RMSF,Residue,59,0.100946136,nm,nm
line,overlay,wt-homo-2,wt-homo-2,rmsf,8df05amu,8df05amu::RMSF,wt-homo-2 / RMSF,RMSF,Residue,60,0.068793945,nm,nm
line,overlay,wt-homo-2,wt-homo-2,rmsf,8df05amu,8df05amu::RMSF,wt-homo-2 / RMSF,RMSF,Residue,61,0.07102228,nm,nm
line,overlay,wt-homo-2,wt-homo-2,rmsf,8df05amu,8df05amu::RMSF,wt-homo-2 / RMSF,RMSF,Residue,62,0.072710104,nm,nm
line,overlay,wt-homo-2,wt-homo-2,rmsf,8df05amu,8df05amu::RMSF,wt-homo-2 / RMSF,RMSF,Residue,63,0.08334109,nm,nm
line,overlay,wt-homo-2,wt-homo-2,rmsf,8df05amu,8df05amu::RMSF,wt-homo-2 / RMSF,RMSF,Residue,64,0.08714883,nm,nm
line,overlay,wt-homo-2,wt-homo-2,rmsf,8df05amu,8df05amu::RMSF,wt-homo-2 / RMSF,RMSF,Residue,65,0.08031453,nm,nm
line,overlay,wt-homo-2,wt-homo-2,rmsf,8df05amu,8df05amu::RMSF,wt-homo-2 / RMSF,RMSF,Residue,66,0.076498754,nm,nm
line,overlay,wt-homo-2,wt-homo-2,rmsf,8df05amu,8df05amu::RMSF,wt-homo-2 / RMSF,RMSF,Residue,67,0.07678967,nm,nm
line,overlay,wt-homo-2,wt-homo-2,rmsf,8df05amu,8df05amu::RMSF,wt-homo-2 / RMSF,RMSF,Residue,68,0.083588675,nm,nm
line,overlay,wt-homo-2,wt-homo-2,rmsf,8df05amu,8df05amu::RMSF,wt-homo-2 / RMSF,RMSF,Residue,69,0.09237974,nm,nm
line,overlay,wt-homo-2,wt-homo-2,rmsf,8df05amu,8df05amu::RMSF,wt-homo-2 / RMSF,RMSF,Residue,70,0.11913643,nm,nm
line,overlay,wt-homo-2,wt-homo-2,rmsf,8df05amu,8df05amu::RMSF,wt-homo-2 / RMSF,RMSF,Residue,71,0.12210033,nm,nm
line,overlay,wt-homo-2,wt-homo-2,rmsf,8df05amu,8df05amu::RMSF,wt-homo-2 / RMSF,RMSF,Residue,72,0.11065379,nm,nm
line,overlay,wt-homo-2,wt-homo-2,rmsf,8df05amu,8df05amu::RMSF,wt-homo-2 / RMSF,RMSF,Residue,73,0.13023907,nm,nm
line,overlay,wt-homo-2,wt-homo-2,rmsf,8df05amu,8df05amu::RMSF,wt-homo-2 / RMSF,RMSF,Residue,74,0.11465978,nm,nm
line,overlay,wt-homo-2,wt-homo-2,rmsf,8df05amu,8df05amu::RMSF,wt-homo-2 / RMSF,RMSF,Residue,75,0.12834491,nm,nm
line,overlay,wt-homo-2,wt-homo-2,rmsf,8df05amu,8df05amu::RMSF,wt-homo-2 / RMSF,RMSF,Residue,76,0.13138135,nm,nm
line,overlay,wt-homo-2,wt-homo-2,rmsf,8df05amu,8df05amu::RMSF,wt-homo-2 / RMSF,RMSF,Residue,77,0.13392894,nm,nm
line,overlay,wt-homo-2,wt-homo-2,rmsf,8df05amu,8df05amu::RMSF,wt-homo-2 / RMSF,RMSF,Residue,78,0.12166193,nm,nm
line,overlay,wt-homo-2,wt-homo-2,rmsf,8df05amu,8df05amu::RMSF,wt-homo-2 / RMSF,RMSF,Residue,79,0.103741504,nm,nm
line,overlay,wt-homo-2,wt-homo-2,rmsf,8df05amu,8df05amu::RMSF,wt-homo-2 / RMSF,RMSF,Residue,80,0.08621878,nm,nm
line,overlay,wt-homo-2,wt-homo-2,rmsf,8df05amu,8df05amu::RMSF,wt-homo-2 / RMSF,RMSF,Residue,81,0.08978491,nm,nm
line,overlay,wt-homo-2,wt-homo-2,rmsf,8df05amu,8df05amu::RMSF,wt-homo-2 / RMSF,RMSF,Residue,82,0.11726588,nm,nm
line,overlay,wt-homo-2,wt-homo-2,rmsf,8df05amu,8df05amu::RMSF,wt-homo-2 / RMSF,RMSF,Residue,83,0.12667008,nm,nm
line,overlay,wt-homo-2,wt-homo-2,rmsf,8df05amu,8df05amu::RMSF,wt-homo-2 / RMSF,RMSF,Residue,84,0.1348246,nm,nm
line,overlay,wt-homo-2,wt-homo-2,rmsf,8df05amu,8df05amu::RMSF,wt-homo-2 / RMSF,RMSF,Residue,85,0.20312604,nm,nm
line,overlay,wt-homo-2,wt-homo-2,rmsf,8df05amu,8df05amu::RMSF,wt-homo-2 / RMSF,RMSF,Residue,86,0.19016984,nm,nm
line,overlay,wt-homo-2,wt-homo-2,rmsf,8df05amu,8df05amu::RMSF,wt-homo-2 / RMSF,RMSF,Residue,87,0.15801528,nm,nm
line,overlay,wt-homo-2,wt-homo-2,rmsf,8df05amu,8df05amu::RMSF,wt-homo-2 / RMSF,RMSF,Residue,88,0.17710625,nm,nm
line,overlay,wt-homo-2,wt-homo-2,rmsf,8df05amu,8df05amu::RMSF,wt-homo-2 / RMSF,RMSF,Residue,89,0.12511268,nm,nm
line,overlay,wt-homo-2,wt-homo-2,rmsf,8df05amu,8df05amu::RMSF,wt-homo-2 / RMSF,RMSF,Residue,90,0.10188444,nm,nm
line,overlay,wt-homo-2,wt-homo-2,rmsf,8df05amu,8df05amu::RMSF,wt-homo-2 / RMSF,RMSF,Residue,91,0.10127404,nm,nm
line,overlay,wt-homo-2,wt-homo-2,rmsf,8df05amu,8df05amu::RMSF,wt-homo-2 / RMSF,RMSF,Residue,92,0.0981232,nm,nm
line,overlay,wt-homo-2,wt-homo-2,rmsf,8df05amu,8df05amu::RMSF,wt-homo-2 / RMSF,RMSF,Residue,93,0.079973504,nm,nm
line,overlay,wt-homo-2,wt-homo-2,rmsf,8df05amu,8df05amu::RMSF,wt-homo-2 / RMSF,RMSF,Residue,94,0.080287896,nm,nm
line,overlay,wt-homo-2,wt-homo-2,rmsf,8df05amu,8df05amu::RMSF,wt-homo-2 / RMSF,RMSF,Residue,95,0.08458085,nm,nm
line,overlay,wt-homo-2,wt-homo-2,rmsf,8df05amu,8df05amu::RMSF,wt-homo-2 / RMSF,RMSF,Residue,96,0.072195746,nm,nm
line,overlay,wt-homo-2,wt-homo-2,rmsf,8df05amu,8df05amu::RMSF,wt-homo-2 / RMSF,RMSF,Residue,97,0.06563912,nm,nm
line,overlay,wt-homo-2,wt-homo-2,rmsf,8df05amu,8df05amu::RMSF,wt-homo-2 / RMSF,RMSF,Residue,98,0.07061422,nm,nm
line,overlay,wt-homo-2,wt-homo-2,rmsf,8df05amu,8df05amu::RMSF,wt-homo-2 / RMSF,RMSF,Residue,99,0.07425323,nm,nm
line,overlay,wt-homo-2,wt-homo-2,rmsf,8df05amu,8df05amu::RMSF,wt-homo-2 / RMSF,RMSF,Residue,100,0.073134914,nm,nm
line,overlay,wt-homo-2,wt-homo-2,rmsf,8df05amu,8df05amu::RMSF,wt-homo-2 / RMSF,RMSF,Residue,101,0.077972665,nm,nm
line,overlay,wt-homo-2,wt-homo-2,rmsf,8df05amu,8df05amu::RMSF,wt-homo-2 / RMSF,RMSF,Residue,102,0.08694591,nm,nm
line,overlay,wt-homo-2,wt-homo-2,rmsf,8df05amu,8df05amu::RMSF,wt-homo-2 / RMSF,RMSF,Residue,103,0.084182054,nm,nm
line,overlay,wt-homo-2,wt-homo-2,rmsf,8df05amu,8df05amu::RMSF,wt-homo-2 / RMSF,RMSF,Residue,104,0.07913242,nm,nm
line,overlay,wt-homo-2,wt-homo-2,rmsf,8df05amu,8df05amu::RMSF,wt-homo-2 / RMSF,RMSF,Residue,105,0.08018918,nm,nm
line,overlay,wt-homo-2,wt-homo-2,rmsf,8df05amu,8df05amu::RMSF,wt-homo-2 / RMSF,RMSF,Residue,106,0.08771695,nm,nm
line,overlay,wt-homo-2,wt-homo-2,rmsf,8df05amu,8df05amu::RMSF,wt-homo-2 / RMSF,RMSF,Residue,107,0.08374846,nm,nm
line,overlay,wt-homo-2,wt-homo-2,rmsf,8df05amu,8df05amu::RMSF,wt-homo-2 / RMSF,RMSF,Residue,108,0.077721246,nm,nm
line,overlay,wt-homo-2,wt-homo-2,rmsf,8df05amu,8df05amu::RMSF,wt-homo-2 / RMSF,RMSF,Residue,109,0.094589405,nm,nm
line,overlay,wt-homo-2,wt-homo-2,rmsf,8df05amu,8df05amu::RMSF,wt-homo-2 / RMSF,RMSF,Residue,110,0.1024236,nm,nm
line,overlay,wt-homo-2,wt-homo-2,rmsf,8df05amu,8df05amu::RMSF,wt-homo-2 / RMSF,RMSF,Residue,111,0.0924189,nm,nm
line,overlay,wt-homo-2,wt-homo-2,rmsf,8df05amu,8df05amu::RMSF,wt-homo-2 / RMSF,RMSF,Residue,112,0.08089702,nm,nm
line,overlay,wt-homo-2,wt-homo-2,rmsf,8df05amu,8df05amu::RMSF,wt-homo-2 / RMSF,RMSF,Residue,113,0.0652085,nm,nm
line,overlay,wt-homo-2,wt-homo-2,rmsf,8df05amu,8df05amu::RMSF,wt-homo-2 / RMSF,RMSF,Residue,114,0.058246825,nm,nm
line,overlay,wt-homo-2,wt-homo-2,rmsf,8df05amu,8df05amu::RMSF,wt-homo-2 / RMSF,RMSF,Residue,115,0.056394484,nm,nm
line,overlay,wt-homo-2,wt-homo-2,rmsf,8df05amu,8df05amu::RMSF,wt-homo-2 / RMSF,RMSF,Residue,116,0.0506678,nm,nm
line,overlay,wt-homo-2,wt-homo-2,rmsf,8df05amu,8df05amu::RMSF,wt-homo-2 / RMSF,RMSF,Residue,117,0.05667271,nm,nm
line,overlay,wt-homo-2,wt-homo-2,rmsf,8df05amu,8df05amu::RMSF,wt-homo-2 / RMSF,RMSF,Residue,118,0.053650264,nm,nm
line,overlay,wt-homo-2,wt-homo-2,rmsf,8df05amu,8df05amu::RMSF,wt-homo-2 / RMSF,RMSF,Residue,119,0.05628734,nm,nm
line,overlay,wt-homo-2,wt-homo-2,rmsf,8df05amu,8df05amu::RMSF,wt-homo-2 / RMSF,RMSF,Residue,120,0.08126415,nm,nm
line,overlay,wt-homo-2,wt-homo-2,rmsf,8df05amu,8df05amu::RMSF,wt-homo-2 / RMSF,RMSF,Residue,121,0.07569575,nm,nm
line,overlay,wt-homo-2,wt-homo-2,rmsf,8df05amu,8df05amu::RMSF,wt-homo-2 / RMSF,RMSF,Residue,122,0.06282068,nm,nm
line,overlay,wt-homo-2,wt-homo-2,rmsf,8df05amu,8df05amu::RMSF,wt-homo-2 / RMSF,RMSF,Residue,123,0.074240886,nm,nm
line,overlay,wt-homo-2,wt-homo-2,rmsf,8df05amu,8df05amu::RMSF,wt-homo-2 / RMSF,RMSF,Residue,124,0.0628238,nm,nm
line,overlay,wt-homo-2,wt-homo-2,rmsf,8df05amu,8df05amu::RMSF,wt-homo-2 / RMSF,RMSF,Residue,125,0.057353366,nm,nm
line,overlay,wt-homo-2,wt-homo-2,rmsf,8df05amu,8df05amu::RMSF,wt-homo-2 / RMSF,RMSF,Residue,126,0.06374464,nm,nm
line,overlay,wt-homo-2,wt-homo-2,rmsf,8df05amu,8df05amu::RMSF,wt-homo-2 / RMSF,RMSF,Residue,127,0.07294896,nm,nm
line,overlay,wt-homo-2,wt-homo-2,rmsf,8df05amu,8df05amu::RMSF,wt-homo-2 / RMSF,RMSF,Residue,128,0.06771276,nm,nm
line,overlay,wt-homo-2,wt-homo-2,rmsf,8df05amu,8df05amu::RMSF,wt-homo-2 / RMSF,RMSF,Residue,129,0.067824624,nm,nm
line,overlay,wt-homo-2,wt-homo-2,rmsf,8df05amu,8df05amu::RMSF,wt-homo-2 / RMSF,RMSF,Residue,130,0.07909744,nm,nm
line,overlay,wt-homo-2,wt-homo-2,rmsf,8df05amu,8df05amu::RMSF,wt-homo-2 / RMSF,RMSF,Residue,131,0.08984172,nm,nm
line,overlay,wt-homo-2,wt-homo-2,rmsf,8df05amu,8df05amu::RMSF,wt-homo-2 / RMSF,RMSF,Residue,132,0.087387934,nm,nm
line,overlay,wt-homo-2,wt-homo-2,rmsf,8df05amu,8df05amu::RMSF,wt-homo-2 / RMSF,RMSF,Residue,133,0.08725883,nm,nm
line,overlay,wt-homo-2,wt-homo-2,rmsf,8df05amu,8df05amu::RMSF,wt-homo-2 / RMSF,RMSF,Residue,134,0.07329052,nm,nm
line,overlay,wt-homo-2,wt-homo-2,rmsf,8df05amu,8df05amu::RMSF,wt-homo-2 / RMSF,RMSF,Residue,135,0.06452778,nm,nm
line,overlay,wt-homo-2,wt-homo-2,rmsf,8df05amu,8df05amu::RMSF,wt-homo-2 / RMSF,RMSF,Residue,136,0.05423793,nm,nm
line,overlay,wt-homo-2,wt-homo-2,rmsf,8df05amu,8df05amu::RMSF,wt-homo-2 / RMSF,RMSF,Residue,137,0.0582701,nm,nm
line,overlay,wt-homo-2,wt-homo-2,rmsf,8df05amu,8df05amu::RMSF,wt-homo-2 / RMSF,RMSF,Residue,138,0.07027157,nm,nm
line,overlay,wt-homo-2,wt-homo-2,rmsf,8df05amu,8df05amu::RMSF,wt-homo-2 / RMSF,RMSF,Residue,139,0.07842188,nm,nm
line,overlay,wt-homo-2,wt-homo-2,rmsf,8df05amu,8df05amu::RMSF,wt-homo-2 / RMSF,RMSF,Residue,140,0.15159576,nm,nm
line,overlay,wt-homo-2,wt-homo-2,rmsf,8df05amu,8df05amu::RMSF,wt-homo-2 / RMSF,RMSF,Residue,141,0.08069011,nm,nm
line,overlay,wt-homo-2,wt-homo-2,rmsf,8df05amu,8df05amu::RMSF,wt-homo-2 / RMSF,RMSF,Residue,142,0.088603474,nm,nm
line,overlay,wt-homo-2,wt-homo-2,rmsf,8df05amu,8df05amu::RMSF,wt-homo-2 / RMSF,RMSF,Residue,143,0.054231446,nm,nm
line,overlay,wt-homo-2,wt-homo-2,rmsf,8df05amu,8df05amu::RMSF,wt-homo-2 / RMSF,RMSF,Residue,144,0.05128543,nm,nm
line,overlay,wt-homo-2,wt-homo-2,rmsf,8df05amu,8df05amu::RMSF,wt-homo-2 / RMSF,RMSF,Residue,145,0.05321822,nm,nm
line,overlay,wt-homo-2,wt-homo-2,rmsf,8df05amu,8df05amu::RMSF,wt-homo-2 / RMSF,RMSF,Residue,146,0.058806702,nm,nm
line,overlay,wt-homo-2,wt-homo-2,rmsf,8df05amu,8df05amu::RMSF,wt-homo-2 / RMSF,RMSF,Residue,147,0.05795674,nm,nm
line,overlay,wt-homo-2,wt-homo-2,rmsf,8df05amu,8df05amu::RMSF,wt-homo-2 / RMSF,RMSF,Residue,148,0.05185346,nm,nm
line,overlay,wt-homo-2,wt-homo-2,rmsf,8df05amu,8df05amu::RMSF,wt-homo-2 / RMSF,RMSF,Residue,149,0.052494995,nm,nm
line,overlay,wt-homo-2,wt-homo-2,rmsf,8df05amu,8df05amu::RMSF,wt-homo-2 / RMSF,RMSF,Residue,150,0.068390906,nm,nm
line,overlay,wt-homo-2,wt-homo-2,rmsf,8df05amu,8df05amu::RMSF,wt-homo-2 / RMSF,RMSF,Residue,151,0.07589175,nm,nm
line,overlay,wt-homo-2,wt-homo-2,rmsf,8df05amu,8df05amu::RMSF,wt-homo-2 / RMSF,RMSF,Residue,152,0.080071375,nm,nm
line,overlay,wt-homo-2,wt-homo-2,rmsf,8df05amu,8df05amu::RMSF,wt-homo-2 / RMSF,RMSF,Residue,153,0.08740789,nm,nm
line,overlay,wt-homo-2,wt-homo-2,rmsf,8df05amu,8df05amu::RMSF,wt-homo-2 / RMSF,RMSF,Residue,154,0.10613428,nm,nm
line,overlay,wt-homo-2,wt-homo-2,rmsf,8df05amu,8df05amu::RMSF,wt-homo-2 / RMSF,RMSF,Residue,155,0.1865568,nm,nm
line,overlay,wt-homo-2,wt-homo-2,rmsf,8df05amu,8df05amu::RMSF,wt-homo-2 / RMSF,RMSF,Residue,156,0.13784985,nm,nm
line,overlay,wt-homo-2,wt-homo-2,rmsf,8df05amu,8df05amu::RMSF,wt-homo-2 / RMSF,RMSF,Residue,157,0.12295541,nm,nm
line,overlay,wt-homo-2,wt-homo-2,rmsf,8df05amu,8df05amu::RMSF,wt-homo-2 / RMSF,RMSF,Residue,158,0.19099338,nm,nm
line,overlay,wt-homo-2,wt-homo-2,rmsf,8df05amu,8df05amu::RMSF,wt-homo-2 / RMSF,RMSF,Residue,159,0.20012395,nm,nm
line,overlay,wt-homo-2,wt-homo-2,rmsf,8df05amu,8df05amu::RMSF,wt-homo-2 / RMSF,RMSF,Residue,160,0.22222628,nm,nm
line,overlay,wt-homo-2,wt-homo-2,rmsf,8df05amu,8df05amu::RMSF,wt-homo-2 / RMSF,RMSF,Residue,161,0.27726758,nm,nm
line,overlay,wt-homo-2,wt-homo-2,rmsf,8df05amu,8df05amu::RMSF,wt-homo-2 / RMSF,RMSF,Residue,162,0.274332,nm,nm
line,overlay,wt-homo-2,wt-homo-2,rmsf,8df05amu,8df05amu::RMSF,wt-homo-2 / RMSF,RMSF,Residue,163,0.19760554,nm,nm
line,overlay,wt-homo-2,wt-homo-2,rmsf,8df05amu,8df05amu::RMSF,wt-homo-2 / RMSF,RMSF,Residue,164,0.1682957,nm,nm
line,overlay,wt-homo-2,wt-homo-2,rmsf,8df05amu,8df05amu::RMSF,wt-homo-2 / RMSF,RMSF,Residue,165,0.17617318,nm,nm
line,overlay,wt-homo-2,wt-homo-2,rmsf,8df05amu,8df05amu::RMSF,wt-homo-2 / RMSF,RMSF,Residue,166,0.18622711,nm,nm
line,overlay,wt-homo-2,wt-homo-2,rmsf,8df05amu,8df05amu::RMSF,wt-homo-2 / RMSF,RMSF,Residue,167,0.14244278,nm,nm
line,overlay,wt-homo-2,wt-homo-2,rmsf,8df05amu,8df05amu::RMSF,wt-homo-2 / RMSF,RMSF,Residue,168,0.11208889,nm,nm
line,overlay,wt-homo-2,wt-homo-2,rmsf,8df05amu,8df05amu::RMSF,wt-homo-2 / RMSF,RMSF,Residue,169,0.10558638,nm,nm
line,overlay,wt-homo-2,wt-homo-2,rmsf,8df05amu,8df05amu::RMSF,wt-homo-2 / RMSF,RMSF,Residue,170,0.09593461,nm,nm
line,overlay,wt-homo-2,wt-homo-2,rmsf,8df05amu,8df05amu::RMSF,wt-homo-2 / RMSF,RMSF,Residue,171,0.105854854,nm,nm
line,overlay,wt-homo-2,wt-homo-2,rmsf,8df05amu,8df05amu::RMSF,wt-homo-2 / RMSF,RMSF,Residue,172,0.11975956,nm,nm
line,overlay,wt-homo-2,wt-homo-2,rmsf,8df05amu,8df05amu::RMSF,wt-homo-2 / RMSF,RMSF,Residue,173,0.14139418,nm,nm
line,overlay,wt-homo-2,wt-homo-2,rmsf,8df05amu,8df05amu::RMSF,wt-homo-2 / RMSF,RMSF,Residue,174,0.10015482,nm,nm
line,overlay,wt-homo-2,wt-homo-2,rmsf,8df05amu,8df05amu::RMSF,wt-homo-2 / RMSF,RMSF,Residue,175,0.12718293,nm,nm
line,overlay,wt-homo-2,wt-homo-2,rmsf,8df05amu,8df05amu::RMSF,wt-homo-2 / RMSF,RMSF,Residue,176,0.09917037,nm,nm
line,overlay,wt-homo-2,wt-homo-2,rmsf,8df05amu,8df05amu::RMSF,wt-homo-2 / RMSF,RMSF,Residue,177,0.10143502,nm,nm
line,overlay,wt-homo-2,wt-homo-2,rmsf,8df05amu,8df05amu::RMSF,wt-homo-2 / RMSF,RMSF,Residue,178,0.08403665,nm,nm
line,overlay,wt-homo-2,wt-homo-2,rmsf,8df05amu,8df05amu::RMSF,wt-homo-2 / RMSF,RMSF,Residue,179,0.08257182,nm,nm
line,overlay,wt-homo-2,wt-homo-2,rmsf,8df05amu,8df05amu::RMSF,wt-homo-2 / RMSF,RMSF,Residue,180,0.08759215,nm,nm
line,overlay,wt-homo-2,wt-homo-2,rmsf,8df05amu,8df05amu::RMSF,wt-homo-2 / RMSF,RMSF,Residue,181,0.07939825,nm,nm
line,overlay,wt-homo-2,wt-homo-2,rmsf,8df05amu,8df05amu::RMSF,wt-homo-2 / RMSF,RMSF,Residue,182,0.0733792,nm,nm
line,overlay,wt-homo-2,wt-homo-2,rmsf,8df05amu,8df05amu::RMSF,wt-homo-2 / RMSF,RMSF,Residue,183,0.065795496,nm,nm
line,overlay,wt-homo-2,wt-homo-2,rmsf,8df05amu,8df05amu::RMSF,wt-homo-2 / RMSF,RMSF,Residue,184,0.06559165,nm,nm
line,overlay,wt-homo-2,wt-homo-2,rmsf,8df05amu,8df05amu::RMSF,wt-homo-2 / RMSF,RMSF,Residue,185,0.083032124,nm,nm
line,overlay,wt-homo-2,wt-homo-2,rmsf,8df05amu,8df05amu::RMSF,wt-homo-2 / RMSF,RMSF,Residue,186,0.08377713,nm,nm
line,overlay,wt-homo-2,wt-homo-2,rmsf,8df05amu,8df05amu::RMSF,wt-homo-2 / RMSF,RMSF,Residue,187,0.09108557,nm,nm
line,overlay,wt-homo-2,wt-homo-2,rmsf,8df05amu,8df05amu::RMSF,wt-homo-2 / RMSF,RMSF,Residue,188,0.095877506,nm,nm
line,overlay,wt-homo-2,wt-homo-2,rmsf,8df05amu,8df05amu::RMSF,wt-homo-2 / RMSF,RMSF,Residue,189,0.09287258,nm,nm
line,overlay,wt-homo-2,wt-homo-2,rmsf,8df05amu,8df05amu::RMSF,wt-homo-2 / RMSF,RMSF,Residue,190,0.0909189,nm,nm
line,overlay,wt-homo-2,wt-homo-2,rmsf,8df05amu,8df05amu::RMSF,wt-homo-2 / RMSF,RMSF,Residue,191,0.110197246,nm,nm
line,overlay,wt-homo-2,wt-homo-2,rmsf,8df05amu,8df05amu::RMSF,wt-homo-2 / RMSF,RMSF,Residue,192,0.14269145,nm,nm
line,overlay,wt-homo-2,wt-homo-2,rmsf,8df05amu,8df05amu::RMSF,wt-homo-2 / RMSF,RMSF,Residue,193,0.12589942,nm,nm
line,overlay,wt-homo-2,wt-homo-2,rmsf,8df05amu,8df05amu::RMSF,wt-homo-2 / RMSF,RMSF,Residue,194,0.11891294,nm,nm
line,overlay,wt-homo-2,wt-homo-2,rmsf,8df05amu,8df05amu::RMSF,wt-homo-2 / RMSF,RMSF,Residue,195,0.107068755,nm,nm
line,overlay,wt-homo-2,wt-homo-2,rmsf,8df05amu,8df05amu::RMSF,wt-homo-2 / RMSF,RMSF,Residue,196,0.09759041,nm,nm
line,overlay,wt-homo-2,wt-homo-2,rmsf,8df05amu,8df05amu::RMSF,wt-homo-2 / RMSF,RMSF,Residue,197,0.086759895,nm,nm
line,overlay,wt-homo-2,wt-homo-2,rmsf,8df05amu,8df05amu::RMSF,wt-homo-2 / RMSF,RMSF,Residue,198,0.085671574,nm,nm
line,overlay,wt-homo-2,wt-homo-2,rmsf,8df05amu,8df05amu::RMSF,wt-homo-2 / RMSF,RMSF,Residue,199,0.07973813,nm,nm
line,overlay,wt-homo-2,wt-homo-2,rmsf,8df05amu,8df05amu::RMSF,wt-homo-2 / RMSF,RMSF,Residue,200,0.07279922,nm,nm
line,overlay,wt-homo-2,wt-homo-2,rmsf,8df05amu,8df05amu::RMSF,wt-homo-2 / RMSF,RMSF,Residue,201,0.07083638,nm,nm
line,overlay,wt-homo-2,wt-homo-2,rmsf,8df05amu,8df05amu::RMSF,wt-homo-2 / RMSF,RMSF,Residue,202,0.076735534,nm,nm
line,overlay,wt-homo-2,wt-homo-2,rmsf,8df05amu,8df05amu::RMSF,wt-homo-2 / RMSF,RMSF,Residue,203,0.07489852,nm,nm
line,overlay,wt-homo-2,wt-homo-2,rmsf,8df05amu,8df05amu::RMSF,wt-homo-2 / RMSF,RMSF,Residue,204,0.067351885,nm,nm
line,overlay,wt-homo-2,wt-homo-2,rmsf,8df05amu,8df05amu::RMSF,wt-homo-2 / RMSF,RMSF,Residue,205,0.07615456,nm,nm
line,overlay,wt-homo-2,wt-homo-2,rmsf,8df05amu,8df05amu::RMSF,wt-homo-2 / RMSF,RMSF,Residue,206,0.089773364,nm,nm
line,overlay,wt-homo-2,wt-homo-2,rmsf,8df05amu,8df05amu::RMSF,wt-homo-2 / RMSF,RMSF,Residue,207,0.083689936,nm,nm
line,overlay,wt-homo-2,wt-homo-2,rmsf,8df05amu,8df05amu::RMSF,wt-homo-2 / RMSF,RMSF,Residue,208,0.09595094,nm,nm
line,overlay,wt-homo-2,wt-homo-2,rmsf,8df05amu,8df05amu::RMSF,wt-homo-2 / RMSF,RMSF,Residue,209,0.11473532,nm,nm
line,overlay,wt-homo-2,wt-homo-2,rmsf,8df05amu,8df05amu::RMSF,wt-homo-2 / RMSF,RMSF,Residue,210,0.08847587,nm,nm
line,overlay,wt-homo-2,wt-homo-2,rmsf,8df05amu,8df05amu::RMSF,wt-homo-2 / RMSF,RMSF,Residue,211,0.071545586,nm,nm
line,overlay,wt-homo-2,wt-homo-2,rmsf,8df05amu,8df05amu::RMSF,wt-homo-2 / RMSF,RMSF,Residue,212,0.06965608,nm,nm
line,overlay,wt-homo-2,wt-homo-2,rmsf,8df05amu,8df05amu::RMSF,wt-homo-2 / RMSF,RMSF,Residue,213,0.075290285,nm,nm
line,overlay,wt-homo-2,wt-homo-2,rmsf,8df05amu,8df05amu::RMSF,wt-homo-2 / RMSF,RMSF,Residue,214,0.0708553,nm,nm
line,overlay,wt-homo-2,wt-homo-2,rmsf,8df05amu,8df05amu::RMSF,wt-homo-2 / RMSF,RMSF,Residue,215,0.058468826,nm,nm
line,overlay,wt-homo-2,wt-homo-2,rmsf,8df05amu,8df05amu::RMSF,wt-homo-2 / RMSF,RMSF,Residue,216,0.06448235,nm,nm
line,overlay,wt-homo-2,wt-homo-2,rmsf,8df05amu,8df05amu::RMSF,wt-homo-2 / RMSF,RMSF,Residue,217,0.07202852,nm,nm
line,overlay,wt-homo-2,wt-homo-2,rmsf,8df05amu,8df05amu::RMSF,wt-homo-2 / RMSF,RMSF,Residue,218,0.05434383,nm,nm
line,overlay,wt-homo-2,wt-homo-2,rmsf,8df05amu,8df05amu::RMSF,wt-homo-2 / RMSF,RMSF,Residue,219,0.054645743,nm,nm
line,overlay,wt-homo-2,wt-homo-2,rmsf,8df05amu,8df05amu::RMSF,wt-homo-2 / RMSF,RMSF,Residue,220,0.06093065,nm,nm
line,overlay,wt-homo-2,wt-homo-2,rmsf,8df05amu,8df05amu::RMSF,wt-homo-2 / RMSF,RMSF,Residue,221,0.06846345,nm,nm
line,overlay,wt-homo-2,wt-homo-2,rmsf,8df05amu,8df05amu::RMSF,wt-homo-2 / RMSF,RMSF,Residue,222,0.06132796,nm,nm
line,overlay,wt-homo-2,wt-homo-2,rmsf,8df05amu,8df05amu::RMSF,wt-homo-2 / RMSF,RMSF,Residue,223,0.056976203,nm,nm
line,overlay,wt-homo-2,wt-homo-2,rmsf,8df05amu,8df05amu::RMSF,wt-homo-2 / RMSF,RMSF,Residue,224,0.06738224,nm,nm
line,overlay,wt-homo-2,wt-homo-2,rmsf,8df05amu,8df05amu::RMSF,wt-homo-2 / RMSF,RMSF,Residue,225,0.06789574,nm,nm
line,overlay,wt-homo-2,wt-homo-2,rmsf,8df05amu,8df05amu::RMSF,wt-homo-2 / RMSF,RMSF,Residue,226,0.057916008,nm,nm
line,overlay,wt-homo-2,wt-homo-2,rmsf,8df05amu,8df05amu::RMSF,wt-homo-2 / RMSF,RMSF,Residue,227,0.059673436,nm,nm
line,overlay,wt-homo-2,wt-homo-2,rmsf,8df05amu,8df05amu::RMSF,wt-homo-2 / RMSF,RMSF,Residue,228,0.07139644,nm,nm
line,overlay,wt-homo-2,wt-homo-2,rmsf,8df05amu,8df05amu::RMSF,wt-homo-2 / RMSF,RMSF,Residue,229,0.07218263,nm,nm
line,overlay,wt-homo-2,wt-homo-2,rmsf,8df05amu,8df05amu::RMSF,wt-homo-2 / RMSF,RMSF,Residue,230,0.06524456,nm,nm
line,overlay,wt-homo-2,wt-homo-2,rmsf,8df05amu,8df05amu::RMSF,wt-homo-2 / RMSF,RMSF,Residue,231,0.073276564,nm,nm
line,overlay,wt-homo-2,wt-homo-2,rmsf,8df05amu,8df05amu::RMSF,wt-homo-2 / RMSF,RMSF,Residue,232,0.09510967,nm,nm
line,overlay,wt-homo-2,wt-homo-2,rmsf,8df05amu,8df05amu::RMSF,wt-homo-2 / RMSF,RMSF,Residue,233,0.10558784,nm,nm
line,overlay,wt-homo-2,wt-homo-2,rmsf,8df05amu,8df05amu::RMSF,wt-homo-2 / RMSF,RMSF,Residue,234,0.099823855,nm,nm
line,overlay,wt-homo-2,wt-homo-2,rmsf,8df05amu,8df05amu::RMSF,wt-homo-2 / RMSF,RMSF,Residue,235,0.09924245,nm,nm
line,overlay,wt-homo-2,wt-homo-2,rmsf,8df05amu,8df05amu::RMSF,wt-homo-2 / RMSF,RMSF,Residue,236,0.081872754,nm,nm
line,overlay,wt-homo-2,wt-homo-2,rmsf,8df05amu,8df05amu::RMSF,wt-homo-2 / RMSF,RMSF,Residue,237,0.07685595,nm,nm
line,overlay,wt-homo-2,wt-homo-2,rmsf,8df05amu,8df05amu::RMSF,wt-homo-2 / RMSF,RMSF,Residue,238,0.06764414,nm,nm
line,overlay,wt-homo-2,wt-homo-2,rmsf,8df05amu,8df05amu::RMSF,wt-homo-2 / RMSF,RMSF,Residue,239,0.055202942,nm,nm
line,overlay,wt-homo-2,wt-homo-2,rmsf,8df05amu,8df05amu::RMSF,wt-homo-2 / RMSF,RMSF,Residue,240,0.06596746,nm,nm
line,overlay,wt-homo-2,wt-homo-2,rmsf,8df05amu,8df05amu::RMSF,wt-homo-2 / RMSF,RMSF,Residue,241,0.0660213,nm,nm
line,overlay,wt-homo-2,wt-homo-2,rmsf,8df05amu,8df05amu::RMSF,wt-homo-2 / RMSF,RMSF,Residue,242,0.07610013,nm,nm
line,overlay,wt-homo-2,wt-homo-2,rmsf,8df05amu,8df05amu::RMSF,wt-homo-2 / RMSF,RMSF,Residue,243,0.060701784,nm,nm
line,overlay,wt-homo-2,wt-homo-2,rmsf,8df05amu,8df05amu::RMSF,wt-homo-2 / RMSF,RMSF,Residue,244,0.074107476,nm,nm
line,overlay,wt-homo-2,wt-homo-2,rmsf,8df05amu,8df05amu::RMSF,wt-homo-2 / RMSF,RMSF,Residue,245,0.1272954,nm,nm
line,overlay,wt-homo-2,wt-homo-2,rmsf,8df05amu,8df05amu::RMSF,wt-homo-2 / RMSF,RMSF,Residue,246,0.102750644,nm,nm
line,overlay,wt-homo-2,wt-homo-2,rmsf,8df05amu,8df05amu::RMSF,wt-homo-2 / RMSF,RMSF,Residue,247,0.13277276,nm,nm
line,overlay,wt-homo-2,wt-homo-2,rmsf,8df05amu,8df05amu::RMSF,wt-homo-2 / RMSF,RMSF,Residue,248,0.1251275,nm,nm
line,overlay,wt-homo-2,wt-homo-2,rmsf,8df05amu,8df05amu::RMSF,wt-homo-2 / RMSF,RMSF,Residue,249,0.13072813,nm,nm
line,overlay,wt-homo-2,wt-homo-2,rmsf,8df05amu,8df05amu::RMSF,wt-homo-2 / RMSF,RMSF,Residue,250,0.12816533,nm,nm
line,overlay,wt-homo-2,wt-homo-2,rmsf,8df05amu,8df05amu::RMSF,wt-homo-2 / RMSF,RMSF,Residue,251,0.12049004,nm,nm
line,overlay,wt-homo-2,wt-homo-2,rmsf,8df05amu,8df05amu::RMSF,wt-homo-2 / RMSF,RMSF,Residue,252,0.09364259,nm,nm
line,overlay,wt-homo-2,wt-homo-2,rmsf,8df05amu,8df05amu::RMSF,wt-homo-2 / RMSF,RMSF,Residue,253,0.08917285,nm,nm
line,overlay,wt-homo-2,wt-homo-2,rmsf,8df05amu,8df05amu::RMSF,wt-homo-2 / RMSF,RMSF,Residue,254,0.08655795,nm,nm
line,overlay,wt-homo-2,wt-homo-2,rmsf,8df05amu,8df05amu::RMSF,wt-homo-2 / RMSF,RMSF,Residue,255,0.09637934,nm,nm
line,overlay,wt-homo-2,wt-homo-2,rmsf,8df05amu,8df05amu::RMSF,wt-homo-2 / RMSF,RMSF,Residue,256,0.09427464,nm,nm
line,overlay,wt-homo-2,wt-homo-2,rmsf,8df05amu,8df05amu::RMSF,wt-homo-2 / RMSF,RMSF,Residue,257,0.08586498,nm,nm
line,overlay,wt-homo-2,wt-homo-2,rmsf,8df05amu,8df05amu::RMSF,wt-homo-2 / RMSF,RMSF,Residue,258,0.09882992,nm,nm
line,overlay,wt-homo-2,wt-homo-2,rmsf,8df05amu,8df05amu::RMSF,wt-homo-2 / RMSF,RMSF,Residue,259,0.10521159,nm,nm
line,overlay,wt-homo-2,wt-homo-2,rmsf,8df05amu,8df05amu::RMSF,wt-homo-2 / RMSF,RMSF,Residue,260,0.11921141,nm,nm
line,overlay,wt-homo-2,wt-homo-2,rmsf,8df05amu,8df05amu::RMSF,wt-homo-2 / RMSF,RMSF,Residue,261,0.12100396,nm,nm
line,overlay,wt-homo-2,wt-homo-2,rmsf,8df05amu,8df05amu::RMSF,wt-homo-2 / RMSF,RMSF,Residue,262,0.1327714,nm,nm
line,overlay,wt-homo-2,wt-homo-2,rmsf,8df05amu,8df05amu::RMSF,wt-homo-2 / RMSF,RMSF,Residue,263,0.10742997,nm,nm
line,overlay,wt-homo-2,wt-homo-2,rmsf,8df05amu,8df05amu::RMSF,wt-homo-2 / RMSF,RMSF,Residue,264,0.09772912,nm,nm
line,overlay,wt-homo-2,wt-homo-2,rmsf,8df05amu,8df05amu::RMSF,wt-homo-2 / RMSF,RMSF,Residue,265,0.092231475,nm,nm
line,overlay,wt-homo-2,wt-homo-2,rmsf,8df05amu,8df05amu::RMSF,wt-homo-2 / RMSF,RMSF,Residue,266,0.09512729,nm,nm
line,overlay,wt-homo-2,wt-homo-2,rmsf,8df05amu,8df05amu::RMSF,wt-homo-2 / RMSF,RMSF,Residue,267,0.091029845,nm,nm
line,overlay,wt-homo-2,wt-homo-2,rmsf,8df05amu,8df05amu::RMSF,wt-homo-2 / RMSF,RMSF,Residue,268,0.079308055,nm,nm
line,overlay,wt-homo-2,wt-homo-2,rmsf,8df05amu,8df05amu::RMSF,wt-homo-2 / RMSF,RMSF,Residue,269,0.08384044,nm,nm
line,overlay,wt-homo-2,wt-homo-2,rmsf,8df05amu,8df05amu::RMSF,wt-homo-2 / RMSF,RMSF,Residue,270,0.083062634,nm,nm
line,overlay,wt-homo-2,wt-homo-2,rmsf,8df05amu,8df05amu::RMSF,wt-homo-2 / RMSF,RMSF,Residue,271,0.07556101,nm,nm
line,overlay,wt-homo-2,wt-homo-2,rmsf,8df05amu,8df05amu::RMSF,wt-homo-2 / RMSF,RMSF,Residue,272,0.071119726,nm,nm
line,overlay,wt-homo-2,wt-homo-2,rmsf,8df05amu,8df05amu::RMSF,wt-homo-2 / RMSF,RMSF,Residue,273,0.07969646,nm,nm
line,overlay,wt-homo-2,wt-homo-2,rmsf,8df05amu,8df05amu::RMSF,wt-homo-2 / RMSF,RMSF,Residue,274,0.085706934,nm,nm
line,overlay,wt-homo-2,wt-homo-2,rmsf,8df05amu,8df05amu::RMSF,wt-homo-2 / RMSF,RMSF,Residue,275,0.07125099,nm,nm
line,overlay,wt-homo-2,wt-homo-2,rmsf,8df05amu,8df05amu::RMSF,wt-homo-2 / RMSF,RMSF,Residue,276,0.0752051,nm,nm
line,overlay,wt-homo-2,wt-homo-2,rmsf,8df05amu,8df05amu::RMSF,wt-homo-2 / RMSF,RMSF,Residue,277,0.071937226,nm,nm
line,overlay,wt-homo-2,wt-homo-2,rmsf,8df05amu,8df05amu::RMSF,wt-homo-2 / RMSF,RMSF,Residue,278,0.060668718,nm,nm
line,overlay,wt-homo-2,wt-homo-2,rmsf,8df05amu,8df05amu::RMSF,wt-homo-2 / RMSF,RMSF,Residue,279,0.058387622,nm,nm
line,overlay,wt-homo-2,wt-homo-2,rmsf,8df05amu,8df05amu::RMSF,wt-homo-2 / RMSF,RMSF,Residue,280,0.04702232,nm,nm
line,overlay,wt-homo-2,wt-homo-2,rmsf,8df05amu,8df05amu::RMSF,wt-homo-2 / RMSF,RMSF,Residue,281,0.039075,nm,nm
line,overlay,wt-homo-2,wt-homo-2,rmsf,8df05amu,8df05amu::RMSF,wt-homo-2 / RMSF,RMSF,Residue,282,0.038456663,nm,nm
line,overlay,wt-homo-2,wt-homo-2,rmsf,8df05amu,8df05amu::RMSF,wt-homo-2 / RMSF,RMSF,Residue,283,0.039353453,nm,nm
line,overlay,wt-homo-2,wt-homo-2,rmsf,8df05amu,8df05amu::RMSF,wt-homo-2 / RMSF,RMSF,Residue,284,0.04502246,nm,nm
line,overlay,wt-homo-2,wt-homo-2,rmsf,8df05amu,8df05amu::RMSF,wt-homo-2 / RMSF,RMSF,Residue,285,0.049775973,nm,nm
line,overlay,wt-homo-2,wt-homo-2,rmsf,8df05amu,8df05amu::RMSF,wt-homo-2 / RMSF,RMSF,Residue,286,0.05467946,nm,nm
line,overlay,wt-homo-2,wt-homo-2,rmsf,8df05amu,8df05amu::RMSF,wt-homo-2 / RMSF,RMSF,Residue,287,0.058290515,nm,nm
line,overlay,wt-homo-2,wt-homo-2,rmsf,8df05amu,8df05amu::RMSF,wt-homo-2 / RMSF,RMSF,Residue,288,0.08112192,nm,nm
line,overlay,wt-homo-2,wt-homo-2,rmsf,8df05amu,8df05amu::RMSF,wt-homo-2 / RMSF,RMSF,Residue,289,0.080753535,nm,nm
line,overlay,wt-homo-2,wt-homo-2,rmsf,8df05amu,8df05amu::RMSF,wt-homo-2 / RMSF,RMSF,Residue,290,0.085628405,nm,nm
line,overlay,wt-homo-2,wt-homo-2,rmsf,8df05amu,8df05amu::RMSF,wt-homo-2 / RMSF,RMSF,Residue,291,0.08560937,nm,nm
line,overlay,wt-homo-2,wt-homo-2,rmsf,8df05amu,8df05amu::RMSF,wt-homo-2 / RMSF,RMSF,Residue,292,0.07925994,nm,nm
line,overlay,wt-homo-2,wt-homo-2,rmsf,8df05amu,8df05amu::RMSF,wt-homo-2 / RMSF,RMSF,Residue,293,0.08258502,nm,nm
line,overlay,wt-homo-2,wt-homo-2,rmsf,8df05amu,8df05amu::RMSF,wt-homo-2 / RMSF,RMSF,Residue,294,0.08214816,nm,nm
line,overlay,wt-homo-2,wt-homo-2,rmsf,8df05amu,8df05amu::RMSF,wt-homo-2 / RMSF,RMSF,Residue,295,0.06934753,nm,nm
line,overlay,wt-homo-2,wt-homo-2,rmsf,8df05amu,8df05amu::RMSF,wt-homo-2 / RMSF,RMSF,Residue,296,0.068449266,nm,nm
line,overlay,wt-homo-2,wt-homo-2,rmsf,8df05amu,8df05amu::RMSF,wt-homo-2 / RMSF,RMSF,Residue,297,0.072228014,nm,nm
line,overlay,wt-homo-2,wt-homo-2,rmsf,8df05amu,8df05amu::RMSF,wt-homo-2 / RMSF,RMSF,Residue,298,0.06608076,nm,nm
line,overlay,wt-homo-2,wt-homo-2,rmsf,8df05amu,8df05amu::RMSF,wt-homo-2 / RMSF,RMSF,Residue,299,0.05678268,nm,nm
line,overlay,wt-homo-2,wt-homo-2,rmsf,8df05amu,8df05amu::RMSF,wt-homo-2 / RMSF,RMSF,Residue,300,0.06184533,nm,nm
line,overlay,wt-homo-2,wt-homo-2,rmsf,8df05amu,8df05amu::RMSF,wt-homo-2 / RMSF,RMSF,Residue,301,0.06677588,nm,nm
line,overlay,wt-homo-2,wt-homo-2,rmsf,8df05amu,8df05amu::RMSF,wt-homo-2 / RMSF,RMSF,Residue,302,0.059280857,nm,nm
line,overlay,wt-homo-2,wt-homo-2,rmsf,8df05amu,8df05amu::RMSF,wt-homo-2 / RMSF,RMSF,Residue,303,0.059987262,nm,nm
line,overlay,wt-homo-2,wt-homo-2,rmsf,8df05amu,8df05amu::RMSF,wt-homo-2 / RMSF,RMSF,Residue,304,0.07172894,nm,nm
line,overlay,wt-homo-2,wt-homo-2,rmsf,8df05amu,8df05amu::RMSF,wt-homo-2 / RMSF,RMSF,Residue,305,0.069647305,nm,nm
line,overlay,wt-homo-2,wt-homo-2,rmsf,8df05amu,8df05amu::RMSF,wt-homo-2 / RMSF,RMSF,Residue,306,0.06369354,nm,nm
line,overlay,wt-homo-2,wt-homo-2,rmsf,8df05amu,8df05amu::RMSF,wt-homo-2 / RMSF,RMSF,Residue,307,0.07282704,nm,nm
line,overlay,wt-homo-2,wt-homo-2,rmsf,8df05amu,8df05amu::RMSF,wt-homo-2 / RMSF,RMSF,Residue,308,0.05606773,nm,nm
line,overlay,wt-homo-2,wt-homo-2,rmsf,8df05amu,8df05amu::RMSF,wt-homo-2 / RMSF,RMSF,Residue,309,0.052624866,nm,nm
line,overlay,wt-homo-2,wt-homo-2,rmsf,8df05amu,8df05amu::RMSF,wt-homo-2 / RMSF,RMSF,Residue,310,0.047928847,nm,nm
line,overlay,wt-homo-2,wt-homo-2,rmsf,8df05amu,8df05amu::RMSF,wt-homo-2 / RMSF,RMSF,Residue,311,0.04609373,nm,nm
line,overlay,wt-homo-2,wt-homo-2,rmsf,8df05amu,8df05amu::RMSF,wt-homo-2 / RMSF,RMSF,Residue,312,0.0475646,nm,nm
line,overlay,wt-homo-2,wt-homo-2,rmsf,8df05amu,8df05amu::RMSF,wt-homo-2 / RMSF,RMSF,Residue,313,0.05702209,nm,nm
line,overlay,wt-homo-2,wt-homo-2,rmsf,8df05amu,8df05amu::RMSF,wt-homo-2 / RMSF,RMSF,Residue,314,0.064245254,nm,nm
line,overlay,wt-homo-2,wt-homo-2,rmsf,8df05amu,8df05amu::RMSF,wt-homo-2 / RMSF,RMSF,Residue,315,0.06933096,nm,nm
line,overlay,wt-homo-2,wt-homo-2,rmsf,8df05amu,8df05amu::RMSF,wt-homo-2 / RMSF,RMSF,Residue,316,0.1061799,nm,nm
line,overlay,wt-homo-2,wt-homo-2,rmsf,8df05amu,8df05amu::RMSF,wt-homo-2 / RMSF,RMSF,Residue,317,0.14116861,nm,nm
line,overlay,wt-homo-2,wt-homo-2,rmsf,8df05amu,8df05amu::RMSF,wt-homo-2 / RMSF,RMSF,Residue,318,0.13980418,nm,nm
line,overlay,wt-homo-2,wt-homo-2,rmsf,8df05amu,8df05amu::RMSF,wt-homo-2 / RMSF,RMSF,Residue,319,0.19337912,nm,nm
line,overlay,wt-homo-2,wt-homo-2,rmsf,8df05amu,8df05amu::RMSF,wt-homo-2 / RMSF,RMSF,Residue,320,0.1858,nm,nm
line,overlay,wt-homo-2,wt-homo-2,rmsf,8df05amu,8df05amu::RMSF,wt-homo-2 / RMSF,RMSF,Residue,321,0.15044613,nm,nm
line,overlay,wt-homo-2,wt-homo-2,rmsf,8df05amu,8df05amu::RMSF,wt-homo-2 / RMSF,RMSF,Residue,322,0.15995176,nm,nm
line,overlay,wt-homo-2,wt-homo-2,rmsf,8df05amu,8df05amu::RMSF,wt-homo-2 / RMSF,RMSF,Residue,323,0.13296062,nm,nm
line,overlay,wt-homo-2,wt-homo-2,rmsf,8df05amu,8df05amu::RMSF,wt-homo-2 / RMSF,RMSF,Residue,324,0.09647065,nm,nm
line,overlay,wt-homo-2,wt-homo-2,rmsf,8df05amu,8df05amu::RMSF,wt-homo-2 / RMSF,RMSF,Residue,325,0.09956286,nm,nm
line,overlay,wt-homo-2,wt-homo-2,rmsf,8df05amu,8df05amu::RMSF,wt-homo-2 / RMSF,RMSF,Residue,326,0.11634168,nm,nm
line,overlay,wt-homo-2,wt-homo-2,rmsf,8df05amu,8df05amu::RMSF,wt-homo-2 / RMSF,RMSF,Residue,327,0.101453625,nm,nm
line,overlay,wt-homo-2,wt-homo-2,rmsf,8df05amu,8df05amu::RMSF,wt-homo-2 / RMSF,RMSF,Residue,328,0.07921968,nm,nm
line,overlay,wt-homo-2,wt-homo-2,rmsf,8df05amu,8df05amu::RMSF,wt-homo-2 / RMSF,RMSF,Residue,329,0.08110261,nm,nm
line,overlay,wt-homo-2,wt-homo-2,rmsf,8df05amu,8df05amu::RMSF,wt-homo-2 / RMSF,RMSF,Residue,330,0.094397,nm,nm
line,overlay,wt-homo-2,wt-homo-2,rmsf,8df05amu,8df05amu::RMSF,wt-homo-2 / RMSF,RMSF,Residue,331,0.08282858,nm,nm
line,overlay,wt-homo-2,wt-homo-2,rmsf,8df05amu,8df05amu::RMSF,wt-homo-2 / RMSF,RMSF,Residue,332,0.07518308,nm,nm
line,overlay,wt-homo-2,wt-homo-2,rmsf,8df05amu,8df05amu::RMSF,wt-homo-2 / RMSF,RMSF,Residue,333,0.08932227,nm,nm
line,overlay,wt-homo-2,wt-homo-2,rmsf,8df05amu,8df05amu::RMSF,wt-homo-2 / RMSF,RMSF,Residue,334,0.097860575,nm,nm
line,overlay,wt-homo-2,wt-homo-2,rmsf,8df05amu,8df05amu::RMSF,wt-homo-2 / RMSF,RMSF,Residue,335,0.074266195,nm,nm
line,overlay,wt-homo-2,wt-homo-2,rmsf,8df05amu,8df05amu::RMSF,wt-homo-2 / RMSF,RMSF,Residue,336,0.06418702,nm,nm
line,overlay,wt-homo-2,wt-homo-2,rmsf,8df05amu,8df05amu::RMSF,wt-homo-2 / RMSF,RMSF,Residue,337,0.066508725,nm,nm
line,overlay,wt-homo-2,wt-homo-2,rmsf,8df05amu,8df05amu::RMSF,wt-homo-2 / RMSF,RMSF,Residue,338,0.06617769,nm,nm
line,overlay,wt-homo-2,wt-homo-2,rmsf,8df05amu,8df05amu::RMSF,wt-homo-2 / RMSF,RMSF,Residue,339,0.069249675,nm,nm
line,overlay,wt-homo-2,wt-homo-2,rmsf,8df05amu,8df05amu::RMSF,wt-homo-2 / RMSF,RMSF,Residue,340,0.07884187,nm,nm
line,overlay,wt-homo-2,wt-homo-2,rmsf,8df05amu,8df05amu::RMSF,wt-homo-2 / RMSF,RMSF,Residue,341,0.066623144,nm,nm
line,overlay,wt-homo-2,wt-homo-2,rmsf,8df05amu,8df05amu::RMSF,wt-homo-2 / RMSF,RMSF,Residue,342,0.06356729,nm,nm
line,overlay,wt-homo-2,wt-homo-2,rmsf,8df05amu,8df05amu::RMSF,wt-homo-2 / RMSF,RMSF,Residue,343,0.065024085,nm,nm
line,overlay,wt-homo-2,wt-homo-2,rmsf,8df05amu,8df05amu::RMSF,wt-homo-2 / RMSF,RMSF,Residue,344,0.06438615,nm,nm
line,overlay,wt-homo-2,wt-homo-2,rmsf,8df05amu,8df05amu::RMSF,wt-homo-2 / RMSF,RMSF,Residue,345,0.055850416,nm,nm
line,overlay,wt-homo-2,wt-homo-2,rmsf,8df05amu,8df05amu::RMSF,wt-homo-2 / RMSF,RMSF,Residue,346,0.06610342,nm,nm
line,overlay,wt-homo-2,wt-homo-2,rmsf,8df05amu,8df05amu::RMSF,wt-homo-2 / RMSF,RMSF,Residue,347,0.07239677,nm,nm
line,overlay,wt-homo-2,wt-homo-2,rmsf,8df05amu,8df05amu::RMSF,wt-homo-2 / RMSF,RMSF,Residue,348,0.055104584,nm,nm
line,overlay,wt-homo-2,wt-homo-2,rmsf,8df05amu,8df05amu::RMSF,wt-homo-2 / RMSF,RMSF,Residue,349,0.056412768,nm,nm
line,overlay,wt-homo-2,wt-homo-2,rmsf,8df05amu,8df05amu::RMSF,wt-homo-2 / RMSF,RMSF,Residue,350,0.07201726,nm,nm
line,overlay,wt-homo-2,wt-homo-2,rmsf,8df05amu,8df05amu::RMSF,wt-homo-2 / RMSF,RMSF,Residue,351,0.06621057,nm,nm
line,overlay,wt-homo-2,wt-homo-2,rmsf,8df05amu,8df05amu::RMSF,wt-homo-2 / RMSF,RMSF,Residue,352,0.07144695,nm,nm
line,overlay,wt-homo-2,wt-homo-2,rmsf,8df05amu,8df05amu::RMSF,wt-homo-2 / RMSF,RMSF,Residue,353,0.062248264,nm,nm
line,overlay,wt-homo-2,wt-homo-2,rmsf,8df05amu,8df05amu::RMSF,wt-homo-2 / RMSF,RMSF,Residue,354,0.050297413,nm,nm
line,overlay,wt-homo-2,wt-homo-2,rmsf,8df05amu,8df05amu::RMSF,wt-homo-2 / RMSF,RMSF,Residue,355,0.04923892,nm,nm
line,overlay,wt-homo-2,wt-homo-2,rmsf,8df05amu,8df05amu::RMSF,wt-homo-2 / RMSF,RMSF,Residue,356,0.044825353,nm,nm
line,overlay,wt-homo-2,wt-homo-2,rmsf,8df05amu,8df05amu::RMSF,wt-homo-2 / RMSF,RMSF,Residue,357,0.037458155,nm,nm
line,overlay,wt-homo-2,wt-homo-2,rmsf,8df05amu,8df05amu::RMSF,wt-homo-2 / RMSF,RMSF,Residue,358,0.037890956,nm,nm
line,overlay,wt-homo-2,wt-homo-2,rmsf,8df05amu,8df05amu::RMSF,wt-homo-2 / RMSF,RMSF,Residue,359,0.045547117,nm,nm
line,overlay,wt-homo-2,wt-homo-2,rmsf,8df05amu,8df05amu::RMSF,wt-homo-2 / RMSF,RMSF,Residue,360,0.04956372,nm,nm
line,overlay,wt-homo-2,wt-homo-2,rmsf,8df05amu,8df05amu::RMSF,wt-homo-2 / RMSF,RMSF,Residue,361,0.043640647,nm,nm
line,overlay,wt-homo-2,wt-homo-2,rmsf,8df05amu,8df05amu::RMSF,wt-homo-2 / RMSF,RMSF,Residue,362,0.052389067,nm,nm
line,overlay,wt-homo-2,wt-homo-2,rmsf,8df05amu,8df05amu::RMSF,wt-homo-2 / RMSF,RMSF,Residue,363,0.057694744,nm,nm
line,overlay,wt-homo-2,wt-homo-2,rmsf,8df05amu,8df05amu::RMSF,wt-homo-2 / RMSF,RMSF,Residue,364,0.05746414,nm,nm
line,overlay,wt-homo-2,wt-homo-2,rmsf,8df05amu,8df05amu::RMSF,wt-homo-2 / RMSF,RMSF,Residue,365,0.051108725,nm,nm
line,overlay,wt-homo-2,wt-homo-2,rmsf,8df05amu,8df05amu::RMSF,wt-homo-2 / RMSF,RMSF,Residue,366,0.044970922,nm,nm
line,overlay,wt-homo-2,wt-homo-2,rmsf,8df05amu,8df05amu::RMSF,wt-homo-2 / RMSF,RMSF,Residue,367,0.051121768,nm,nm
line,overlay,wt-homo-2,wt-homo-2,rmsf,8df05amu,8df05amu::RMSF,wt-homo-2 / RMSF,RMSF,Residue,368,0.05444715,nm,nm
line,overlay,wt-homo-2,wt-homo-2,rmsf,8df05amu,8df05amu::RMSF,wt-homo-2 / RMSF,RMSF,Residue,369,0.053171966,nm,nm
line,overlay,wt-homo-2,wt-homo-2,rmsf,8df05amu,8df05amu::RMSF,wt-homo-2 / RMSF,RMSF,Residue,370,0.05619575,nm,nm
line,overlay,wt-homo-2,wt-homo-2,rmsf,8df05amu,8df05amu::RMSF,wt-homo-2 / RMSF,RMSF,Residue,371,0.064401545,nm,nm
line,overlay,wt-homo-2,wt-homo-2,rmsf,8df05amu,8df05amu::RMSF,wt-homo-2 / RMSF,RMSF,Residue,372,0.062134936,nm,nm
line,overlay,wt-homo-2,wt-homo-2,rmsf,8df05amu,8df05amu::RMSF,wt-homo-2 / RMSF,RMSF,Residue,373,0.055301376,nm,nm
line,overlay,wt-homo-2,wt-homo-2,rmsf,8df05amu,8df05amu::RMSF,wt-homo-2 / RMSF,RMSF,Residue,374,0.04572556,nm,nm
line,overlay,wt-homo-2,wt-homo-2,rmsf,8df05amu,8df05amu::RMSF,wt-homo-2 / RMSF,RMSF,Residue,375,0.04284435,nm,nm
line,overlay,wt-homo-2,wt-homo-2,rmsf,8df05amu,8df05amu::RMSF,wt-homo-2 / RMSF,RMSF,Residue,376,0.042321768,nm,nm
line,overlay,wt-homo-2,wt-homo-2,rmsf,8df05amu,8df05amu::RMSF,wt-homo-2 / RMSF,RMSF,Residue,377,0.038119476,nm,nm
line,overlay,wt-homo-2,wt-homo-2,rmsf,8df05amu,8df05amu::RMSF,wt-homo-2 / RMSF,RMSF,Residue,378,0.039019324,nm,nm
line,overlay,wt-homo-2,wt-homo-2,rmsf,8df05amu,8df05amu::RMSF,wt-homo-2 / RMSF,RMSF,Residue,379,0.04107636,nm,nm
line,overlay,wt-homo-2,wt-homo-2,rmsf,8df05amu,8df05amu::RMSF,wt-homo-2 / RMSF,RMSF,Residue,380,0.041275077,nm,nm
line,overlay,wt-homo-2,wt-homo-2,rmsf,8df05amu,8df05amu::RMSF,wt-homo-2 / RMSF,RMSF,Residue,381,0.05033379,nm,nm
line,overlay,wt-homo-2,wt-homo-2,rmsf,8df05amu,8df05amu::RMSF,wt-homo-2 / RMSF,RMSF,Residue,382,0.055424727,nm,nm
line,overlay,wt-homo-2,wt-homo-2,rmsf,8df05amu,8df05amu::RMSF,wt-homo-2 / RMSF,RMSF,Residue,383,0.06968822,nm,nm
line,overlay,wt-homo-2,wt-homo-2,rmsf,8df05amu,8df05amu::RMSF,wt-homo-2 / RMSF,RMSF,Residue,384,0.053322174,nm,nm
line,overlay,wt-homo-2,wt-homo-2,rmsf,8df05amu,8df05amu::RMSF,wt-homo-2 / RMSF,RMSF,Residue,385,0.043019023,nm,nm
line,overlay,wt-homo-2,wt-homo-2,rmsf,8df05amu,8df05amu::RMSF,wt-homo-2 / RMSF,RMSF,Residue,386,0.043215733,nm,nm
line,overlay,wt-homo-2,wt-homo-2,rmsf,8df05amu,8df05amu::RMSF,wt-homo-2 / RMSF,RMSF,Residue,387,0.04568006,nm,nm
line,overlay,wt-homo-2,wt-homo-2,rmsf,8df05amu,8df05amu::RMSF,wt-homo-2 / RMSF,RMSF,Residue,388,0.044251204,nm,nm
line,overlay,wt-homo-2,wt-homo-2,rmsf,8df05amu,8df05amu::RMSF,wt-homo-2 / RMSF,RMSF,Residue,389,0.042413194,nm,nm
line,overlay,wt-homo-2,wt-homo-2,rmsf,8df05amu,8df05amu::RMSF,wt-homo-2 / RMSF,RMSF,Residue,390,0.046028435,nm,nm
line,overlay,wt-homo-2,wt-homo-2,rmsf,8df05amu,8df05amu::RMSF,wt-homo-2 / RMSF,RMSF,Residue,391,0.0482316,nm,nm
line,overlay,wt-homo-2,wt-homo-2,rmsf,8df05amu,8df05amu::RMSF,wt-homo-2 / RMSF,RMSF,Residue,392,0.04502879,nm,nm
line,overlay,wt-homo-2,wt-homo-2,rmsf,8df05amu,8df05amu::RMSF,wt-homo-2 / RMSF,RMSF,Residue,393,0.046875633,nm,nm
line,overlay,wt-homo-2,wt-homo-2,rmsf,8df05amu,8df05amu::RMSF,wt-homo-2 / RMSF,RMSF,Residue,394,0.05566004,nm,nm
line,overlay,wt-homo-2,wt-homo-2,rmsf,8df05amu,8df05amu::RMSF,wt-homo-2 / RMSF,RMSF,Residue,395,0.055898838,nm,nm
line,overlay,wt-homo-2,wt-homo-2,rmsf,8df05amu,8df05amu::RMSF,wt-homo-2 / RMSF,RMSF,Residue,396,0.051556855,nm,nm
line,overlay,wt-homo-2,wt-homo-2,rmsf,8df05amu,8df05amu::RMSF,wt-homo-2 / RMSF,RMSF,Residue,397,0.04874906,nm,nm
line,overlay,wt-homo-2,wt-homo-2,rmsf,8df05amu,8df05amu::RMSF,wt-homo-2 / RMSF,RMSF,Residue,398,0.04849286,nm,nm
line,overlay,wt-homo-2,wt-homo-2,rmsf,8df05amu,8df05amu::RMSF,wt-homo-2 / RMSF,RMSF,Residue,399,0.048625764,nm,nm
line,overlay,wt-homo-2,wt-homo-2,rmsf,8df05amu,8df05amu::RMSF,wt-homo-2 / RMSF,RMSF,Residue,400,0.04585815,nm,nm
line,overlay,wt-homo-2,wt-homo-2,rmsf,8df05amu,8df05amu::RMSF,wt-homo-2 / RMSF,RMSF,Residue,401,0.04969313,nm,nm
line,overlay,wt-homo-2,wt-homo-2,rmsf,8df05amu,8df05amu::RMSF,wt-homo-2 / RMSF,RMSF,Residue,402,0.050010405,nm,nm
line,overlay,wt-homo-2,wt-homo-2,rmsf,8df05amu,8df05amu::RMSF,wt-homo-2 / RMSF,RMSF,Residue,403,0.0581612,nm,nm
line,overlay,wt-homo-2,wt-homo-2,rmsf,8df05amu,8df05amu::RMSF,wt-homo-2 / RMSF,RMSF,Residue,404,0.050647892,nm,nm
line,overlay,wt-homo-2,wt-homo-2,rmsf,8df05amu,8df05amu::RMSF,wt-homo-2 / RMSF,RMSF,Residue,405,0.056808103,nm,nm
line,overlay,wt-homo-2,wt-homo-2,rmsf,8df05amu,8df05amu::RMSF,wt-homo-2 / RMSF,RMSF,Residue,406,0.058624554,nm,nm
line,overlay,wt-homo-2,wt-homo-2,rmsf,8df05amu,8df05amu::RMSF,wt-homo-2 / RMSF,RMSF,Residue,407,0.057290368,nm,nm
line,overlay,wt-homo-2,wt-homo-2,rmsf,8df05amu,8df05amu::RMSF,wt-homo-2 / RMSF,RMSF,Residue,408,0.069034085,nm,nm
line,overlay,wt-homo-2,wt-homo-2,rmsf,8df05amu,8df05amu::RMSF,wt-homo-2 / RMSF,RMSF,Residue,409,0.077965826,nm,nm
line,overlay,wt-homo-2,wt-homo-2,rmsf,8df05amu,8df05amu::RMSF,wt-homo-2 / RMSF,RMSF,Residue,410,0.10836444,nm,nm
line,overlay,wt-homo-2,wt-homo-2,rmsf,8df05amu,8df05amu::RMSF,wt-homo-2 / RMSF,RMSF,Residue,411,0.08332529,nm,nm
line,overlay,wt-homo-2,wt-homo-2,rmsf,8df05amu,8df05amu::RMSF,wt-homo-2 / RMSF,RMSF,Residue,412,0.08886376,nm,nm
line,overlay,wt-homo-2,wt-homo-2,rmsf,8df05amu,8df05amu::RMSF,wt-homo-2 / RMSF,RMSF,Residue,413,0.07343874,nm,nm
line,overlay,wt-homo-2,wt-homo-2,rmsf,8df05amu,8df05amu::RMSF,wt-homo-2 / RMSF,RMSF,Residue,414,0.09159403,nm,nm
line,overlay,wt-homo-2,wt-homo-2,rmsf,8df05amu,8df05amu::RMSF,wt-homo-2 / RMSF,RMSF,Residue,415,0.07018631,nm,nm
line,overlay,wt-homo-2,wt-homo-2,rmsf,8df05amu,8df05amu::RMSF,wt-homo-2 / RMSF,RMSF,Residue,416,0.07019064,nm,nm
line,overlay,wt-homo-2,wt-homo-2,rmsf,8df05amu,8df05amu::RMSF,wt-homo-2 / RMSF,RMSF,Residue,417,0.06314673,nm,nm
line,overlay,wt-homo-2,wt-homo-2,rmsf,8df05amu,8df05amu::RMSF,wt-homo-2 / RMSF,RMSF,Residue,418,0.06868988,nm,nm
line,overlay,wt-homo-2,wt-homo-2,rmsf,8df05amu,8df05amu::RMSF,wt-homo-2 / RMSF,RMSF,Residue,419,0.0649022,nm,nm
line,overlay,wt-homo-2,wt-homo-2,rmsf,8df05amu,8df05amu::RMSF,wt-homo-2 / RMSF,RMSF,Residue,420,0.056822266,nm,nm
line,overlay,wt-homo-2,wt-homo-2,rmsf,8df05amu,8df05amu::RMSF,wt-homo-2 / RMSF,RMSF,Residue,421,0.057815623,nm,nm
line,overlay,wt-homo-2,wt-homo-2,rmsf,8df05amu,8df05amu::RMSF,wt-homo-2 / RMSF,RMSF,Residue,422,0.05849262,nm,nm
line,overlay,wt-homo-2,wt-homo-2,rmsf,8df05amu,8df05amu::RMSF,wt-homo-2 / RMSF,RMSF,Residue,423,0.05327731,nm,nm
line,overlay,wt-homo-2,wt-homo-2,rmsf,8df05amu,8df05amu::RMSF,wt-homo-2 / RMSF,RMSF,Residue,424,0.051513787,nm,nm
line,overlay,wt-homo-2,wt-homo-2,rmsf,8df05amu,8df05amu::RMSF,wt-homo-2 / RMSF,RMSF,Residue,425,0.060138106,nm,nm
line,overlay,wt-homo-2,wt-homo-2,rmsf,8df05amu,8df05amu::RMSF,wt-homo-2 / RMSF,RMSF,Residue,426,0.05899867,nm,nm
line,overlay,wt-homo-2,wt-homo-2,rmsf,8df05amu,8df05amu::RMSF,wt-homo-2 / RMSF,RMSF,Residue,427,0.05202825,nm,nm
line,overlay,wt-homo-2,wt-homo-2,rmsf,8df05amu,8df05amu::RMSF,wt-homo-2 / RMSF,RMSF,Residue,428,0.061106615,nm,nm
line,overlay,wt-homo-2,wt-homo-2,rmsf,8df05amu,8df05amu::RMSF,wt-homo-2 / RMSF,RMSF,Residue,429,0.09394626,nm,nm
line,overlay,wt-homo-2,wt-homo-2,rmsf,8df05amu,8df05amu::RMSF,wt-homo-2 / RMSF,RMSF,Residue,430,0.13973719,nm,nm
line,overlay,wt-homo-2,wt-homo-2,rmsf,8df05amu,8df05amu::RMSF,wt-homo-2 / RMSF,RMSF,Residue,431,0.1231014,nm,nm
line,overlay,wt-homo-2,wt-homo-2,rmsf,8df05amu,8df05amu::RMSF,wt-homo-2 / RMSF,RMSF,Residue,432,0.08593327,nm,nm
line,overlay,wt-homo-2,wt-homo-2,rmsf,8df05amu,8df05amu::RMSF,wt-homo-2 / RMSF,RMSF,Residue,433,0.07021346,nm,nm
line,overlay,wt-homo-2,wt-homo-2,rmsf,8df05amu,8df05amu::RMSF,wt-homo-2 / RMSF,RMSF,Residue,434,0.07339911,nm,nm
line,overlay,wt-homo-2,wt-homo-2,rmsf,8df05amu,8df05amu::RMSF,wt-homo-2 / RMSF,RMSF,Residue,435,0.07078139,nm,nm
line,overlay,wt-homo-2,wt-homo-2,rmsf,8df05amu,8df05amu::RMSF,wt-homo-2 / RMSF,RMSF,Residue,436,0.05659291,nm,nm
line,overlay,wt-homo-2,wt-homo-2,rmsf,8df05amu,8df05amu::RMSF,wt-homo-2 / RMSF,RMSF,Residue,437,0.05682389,nm,nm
line,overlay,wt-homo-2,wt-homo-2,rmsf,8df05amu,8df05amu::RMSF,wt-homo-2 / RMSF,RMSF,Residue,438,0.069100365,nm,nm
line,overlay,wt-homo-2,wt-homo-2,rmsf,8df05amu,8df05amu::RMSF,wt-homo-2 / RMSF,RMSF,Residue,439,0.064140104,nm,nm
line,overlay,wt-homo-2,wt-homo-2,rmsf,8df05amu,8df05amu::RMSF,wt-homo-2 / RMSF,RMSF,Residue,440,0.054475375,nm,nm
line,overlay,wt-homo-2,wt-homo-2,rmsf,8df05amu,8df05amu::RMSF,wt-homo-2 / RMSF,RMSF,Residue,441,0.06257616,nm,nm
line,overlay,wt-homo-2,wt-homo-2,rmsf,8df05amu,8df05amu::RMSF,wt-homo-2 / RMSF,RMSF,Residue,442,0.06524165,nm,nm
line,overlay,wt-homo-2,wt-homo-2,rmsf,8df05amu,8df05amu::RMSF,wt-homo-2 / RMSF,RMSF,Residue,443,0.05680675,nm,nm
line,overlay,wt-homo-2,wt-homo-2,rmsf,8df05amu,8df05amu::RMSF,wt-homo-2 / RMSF,RMSF,Residue,444,0.05753254,nm,nm
line,overlay,wt-homo-2,wt-homo-2,rmsf,8df05amu,8df05amu::RMSF,wt-homo-2 / RMSF,RMSF,Residue,445,0.06171174,nm,nm
line,overlay,wt-homo-2,wt-homo-2,rmsf,8df05amu,8df05amu::RMSF,wt-homo-2 / RMSF,RMSF,Residue,446,0.059098113,nm,nm
line,overlay,wt-homo-2,wt-homo-2,rmsf,8df05amu,8df05amu::RMSF,wt-homo-2 / RMSF,RMSF,Residue,447,0.05673375,nm,nm
line,overlay,wt-homo-2,wt-homo-2,rmsf,8df05amu,8df05amu::RMSF,wt-homo-2 / RMSF,RMSF,Residue,448,0.07145944,nm,nm
line,overlay,wt-homo-2,wt-homo-2,rmsf,8df05amu,8df05amu::RMSF,wt-homo-2 / RMSF,RMSF,Residue,449,0.07482226,nm,nm
line,overlay,wt-homo-2,wt-homo-2,rmsf,8df05amu,8df05amu::RMSF,wt-homo-2 / RMSF,RMSF,Residue,450,0.06089949,nm,nm
line,overlay,wt-homo-2,wt-homo-2,rmsf,8df05amu,8df05amu::RMSF,wt-homo-2 / RMSF,RMSF,Residue,451,0.073433794,nm,nm
line,overlay,wt-homo-2,wt-homo-2,rmsf,8df05amu,8df05amu::RMSF,wt-homo-2 / RMSF,RMSF,Residue,452,0.09815273,nm,nm
line,overlay,wt-homo-2,wt-homo-2,rmsf,8df05amu,8df05amu::RMSF,wt-homo-2 / RMSF,RMSF,Residue,453,0.15444915,nm,nm
line,overlay,wt-homo-2,wt-homo-2,rmsf,8df05amu,8df05amu::RMSF,wt-homo-2 / RMSF,RMSF,Residue,454,0.112202376,nm,nm
line,overlay,wt-homo-2,wt-homo-2,rmsf,8df05amu,8df05amu::RMSF,wt-homo-2 / RMSF,RMSF,Residue,455,0.080457926,nm,nm
line,overlay,wt-homo-2,wt-homo-2,rmsf,8df05amu,8df05amu::RMSF,wt-homo-2 / RMSF,RMSF,Residue,456,0.06307059,nm,nm
line,overlay,wt-homo-2,wt-homo-2,rmsf,8df05amu,8df05amu::RMSF,wt-homo-2 / RMSF,RMSF,Residue,457,0.0535577,nm,nm
line,overlay,wt-homo-2,wt-homo-2,rmsf,8df05amu,8df05amu::RMSF,wt-homo-2 / RMSF,RMSF,Residue,458,0.061666302,nm,nm
line,overlay,wt-homo-2,wt-homo-2,rmsf,8df05amu,8df05amu::RMSF,wt-homo-2 / RMSF,RMSF,Residue,459,0.06571171,nm,nm
line,overlay,wt-homo-2,wt-homo-2,rmsf,8df05amu,8df05amu::RMSF,wt-homo-2 / RMSF,RMSF,Residue,460,0.05588567,nm,nm
line,overlay,wt-homo-2,wt-homo-2,rmsf,8df05amu,8df05amu::RMSF,wt-homo-2 / RMSF,RMSF,Residue,461,0.052174833,nm,nm
line,overlay,wt-homo-2,wt-homo-2,rmsf,8df05amu,8df05amu::RMSF,wt-homo-2 / RMSF,RMSF,Residue,462,0.059070364,nm,nm
line,overlay,wt-homo-2,wt-homo-2,rmsf,8df05amu,8df05amu::RMSF,wt-homo-2 / RMSF,RMSF,Residue,463,0.059804335,nm,nm
line,overlay,wt-homo-2,wt-homo-2,rmsf,8df05amu,8df05amu::RMSF,wt-homo-2 / RMSF,RMSF,Residue,464,0.05398557,nm,nm
line,overlay,wt-homo-2,wt-homo-2,rmsf,8df05amu,8df05amu::RMSF,wt-homo-2 / RMSF,RMSF,Residue,465,0.056582328,nm,nm
line,overlay,wt-homo-2,wt-homo-2,rmsf,8df05amu,8df05amu::RMSF,wt-homo-2 / RMSF,RMSF,Residue,466,0.06663372,nm,nm
line,overlay,wt-homo-2,wt-homo-2,rmsf,8df05amu,8df05amu::RMSF,wt-homo-2 / RMSF,RMSF,Residue,467,0.06704987,nm,nm
line,overlay,wt-homo-2,wt-homo-2,rmsf,8df05amu,8df05amu::RMSF,wt-homo-2 / RMSF,RMSF,Residue,468,0.066067815,nm,nm
line,overlay,wt-homo-2,wt-homo-2,rmsf,8df05amu,8df05amu::RMSF,wt-homo-2 / RMSF,RMSF,Residue,469,0.07499486,nm,nm
line,overlay,wt-homo-2,wt-homo-2,rmsf,8df05amu,8df05amu::RMSF,wt-homo-2 / RMSF,RMSF,Residue,470,0.08836152,nm,nm
line,overlay,wt-homo-2,wt-homo-2,rmsf,8df05amu,8df05amu::RMSF,wt-homo-2 / RMSF,RMSF,Residue,471,0.09551824,nm,nm
line,overlay,wt-homo-2,wt-homo-2,rmsf,8df05amu,8df05amu::RMSF,wt-homo-2 / RMSF,RMSF,Residue,472,0.27123392,nm,nm
line,overlay,wt-homo-2,wt-homo-2,rmsf,8df05amu,8df05amu::RMSF,wt-homo-2 / RMSF,RMSF,Residue,473,0.43874767,nm,nm
line,overlay,wt-homo-2,wt-homo-2,rmsf,8df05amu,8df05amu::RMSF,wt-homo-2 / RMSF,RMSF,Residue,474,0.53200644,nm,nm
line,overlay,wt-homo-2,wt-homo-2,rmsf,8df05amu,8df05amu::RMSF,wt-homo-2 / RMSF,RMSF,Residue,475,0.6405173,nm,nm
line,overlay,wt-homo-2,wt-homo-2,rmsf,8df05amu,8df05amu::RMSF,wt-homo-2 / RMSF,RMSF,Residue,476,0.830003,nm,nm
line,overlay,wt-homo-3,wt-homo-3,rmsf,w7njh3bc,w7njh3bc::RMSF,wt-homo-3 / RMSF,RMSF,Residue,1,0.4045002,nm,nm
line,overlay,wt-homo-3,wt-homo-3,rmsf,w7njh3bc,w7njh3bc::RMSF,wt-homo-3 / RMSF,RMSF,Residue,2,0.23683311,nm,nm
line,overlay,wt-homo-3,wt-homo-3,rmsf,w7njh3bc,w7njh3bc::RMSF,wt-homo-3 / RMSF,RMSF,Residue,3,0.11695757,nm,nm
line,overlay,wt-homo-3,wt-homo-3,rmsf,w7njh3bc,w7njh3bc::RMSF,wt-homo-3 / RMSF,RMSF,Residue,4,0.06970269,nm,nm
line,overlay,wt-homo-3,wt-homo-3,rmsf,w7njh3bc,w7njh3bc::RMSF,wt-homo-3 / RMSF,RMSF,Residue,5,0.062303256,nm,nm
line,overlay,wt-homo-3,wt-homo-3,rmsf,w7njh3bc,w7njh3bc::RMSF,wt-homo-3 / RMSF,RMSF,Residue,6,0.05115576,nm,nm
line,overlay,wt-homo-3,wt-homo-3,rmsf,w7njh3bc,w7njh3bc::RMSF,wt-homo-3 / RMSF,RMSF,Residue,7,0.04443519,nm,nm
line,overlay,wt-homo-3,wt-homo-3,rmsf,w7njh3bc,w7njh3bc::RMSF,wt-homo-3 / RMSF,RMSF,Residue,8,0.042081766,nm,nm
line,overlay,wt-homo-3,wt-homo-3,rmsf,w7njh3bc,w7njh3bc::RMSF,wt-homo-3 / RMSF,RMSF,Residue,9,0.042238414,nm,nm
line,overlay,wt-homo-3,wt-homo-3,rmsf,w7njh3bc,w7njh3bc::RMSF,wt-homo-3 / RMSF,RMSF,Residue,10,0.04464683,nm,nm
line,overlay,wt-homo-3,wt-homo-3,rmsf,w7njh3bc,w7njh3bc::RMSF,wt-homo-3 / RMSF,RMSF,Residue,11,0.056407083,nm,nm
line,overlay,wt-homo-3,wt-homo-3,rmsf,w7njh3bc,w7njh3bc::RMSF,wt-homo-3 / RMSF,RMSF,Residue,12,0.08414371,nm,nm
line,overlay,wt-homo-3,wt-homo-3,rmsf,w7njh3bc,w7njh3bc::RMSF,wt-homo-3 / RMSF,RMSF,Residue,13,0.08629631,nm,nm
line,overlay,wt-homo-3,wt-homo-3,rmsf,w7njh3bc,w7njh3bc::RMSF,wt-homo-3 / RMSF,RMSF,Residue,14,0.089698404,nm,nm
line,overlay,wt-homo-3,wt-homo-3,rmsf,w7njh3bc,w7njh3bc::RMSF,wt-homo-3 / RMSF,RMSF,Residue,15,0.08804885,nm,nm
line,overlay,wt-homo-3,wt-homo-3,rmsf,w7njh3bc,w7njh3bc::RMSF,wt-homo-3 / RMSF,RMSF,Residue,16,0.0656252,nm,nm
line,overlay,wt-homo-3,wt-homo-3,rmsf,w7njh3bc,w7njh3bc::RMSF,wt-homo-3 / RMSF,RMSF,Residue,17,0.051625732,nm,nm
line,overlay,wt-homo-3,wt-homo-3,rmsf,w7njh3bc,w7njh3bc::RMSF,wt-homo-3 / RMSF,RMSF,Residue,18,0.056278814,nm,nm
line,overlay,wt-homo-3,wt-homo-3,rmsf,w7njh3bc,w7njh3bc::RMSF,wt-homo-3 / RMSF,RMSF,Residue,19,0.061466426,nm,nm
line,overlay,wt-homo-3,wt-homo-3,rmsf,w7njh3bc,w7njh3bc::RMSF,wt-homo-3 / RMSF,RMSF,Residue,20,0.054561276,nm,nm
line,overlay,wt-homo-3,wt-homo-3,rmsf,w7njh3bc,w7njh3bc::RMSF,wt-homo-3 / RMSF,RMSF,Residue,21,0.051071145,nm,nm
line,overlay,wt-homo-3,wt-homo-3,rmsf,w7njh3bc,w7njh3bc::RMSF,wt-homo-3 / RMSF,RMSF,Residue,22,0.05327849,nm,nm
line,overlay,wt-homo-3,wt-homo-3,rmsf,w7njh3bc,w7njh3bc::RMSF,wt-homo-3 / RMSF,RMSF,Residue,23,0.05290321,nm,nm
line,overlay,wt-homo-3,wt-homo-3,rmsf,w7njh3bc,w7njh3bc::RMSF,wt-homo-3 / RMSF,RMSF,Residue,24,0.054956738,nm,nm
line,overlay,wt-homo-3,wt-homo-3,rmsf,w7njh3bc,w7njh3bc::RMSF,wt-homo-3 / RMSF,RMSF,Residue,25,0.061011456,nm,nm
line,overlay,wt-homo-3,wt-homo-3,rmsf,w7njh3bc,w7njh3bc::RMSF,wt-homo-3 / RMSF,RMSF,Residue,26,0.06324526,nm,nm
line,overlay,wt-homo-3,wt-homo-3,rmsf,w7njh3bc,w7njh3bc::RMSF,wt-homo-3 / RMSF,RMSF,Residue,27,0.061872598,nm,nm
line,overlay,wt-homo-3,wt-homo-3,rmsf,w7njh3bc,w7njh3bc::RMSF,wt-homo-3 / RMSF,RMSF,Residue,28,0.06544144,nm,nm
line,overlay,wt-homo-3,wt-homo-3,rmsf,w7njh3bc,w7njh3bc::RMSF,wt-homo-3 / RMSF,RMSF,Residue,29,0.07098304,nm,nm
line,overlay,wt-homo-3,wt-homo-3,rmsf,w7njh3bc,w7njh3bc::RMSF,wt-homo-3 / RMSF,RMSF,Residue,30,0.066674195,nm,nm
line,overlay,wt-homo-3,wt-homo-3,rmsf,w7njh3bc,w7njh3bc::RMSF,wt-homo-3 / RMSF,RMSF,Residue,31,0.06889675,nm,nm
line,overlay,wt-homo-3,wt-homo-3,rmsf,w7njh3bc,w7njh3bc::RMSF,wt-homo-3 / RMSF,RMSF,Residue,32,0.06342683,nm,nm
line,overlay,wt-homo-3,wt-homo-3,rmsf,w7njh3bc,w7njh3bc::RMSF,wt-homo-3 / RMSF,RMSF,Residue,33,0.066572085,nm,nm
line,overlay,wt-homo-3,wt-homo-3,rmsf,w7njh3bc,w7njh3bc::RMSF,wt-homo-3 / RMSF,RMSF,Residue,34,0.060454965,nm,nm
line,overlay,wt-homo-3,wt-homo-3,rmsf,w7njh3bc,w7njh3bc::RMSF,wt-homo-3 / RMSF,RMSF,Residue,35,0.05395096,nm,nm
line,overlay,wt-homo-3,wt-homo-3,rmsf,w7njh3bc,w7njh3bc::RMSF,wt-homo-3 / RMSF,RMSF,Residue,36,0.05133354,nm,nm
line,overlay,wt-homo-3,wt-homo-3,rmsf,w7njh3bc,w7njh3bc::RMSF,wt-homo-3 / RMSF,RMSF,Residue,37,0.055731814,nm,nm
line,overlay,wt-homo-3,wt-homo-3,rmsf,w7njh3bc,w7njh3bc::RMSF,wt-homo-3 / RMSF,RMSF,Residue,38,0.060508423,nm,nm
line,overlay,wt-homo-3,wt-homo-3,rmsf,w7njh3bc,w7njh3bc::RMSF,wt-homo-3 / RMSF,RMSF,Residue,39,0.070179164,nm,nm
line,overlay,wt-homo-3,wt-homo-3,rmsf,w7njh3bc,w7njh3bc::RMSF,wt-homo-3 / RMSF,RMSF,Residue,40,0.08050364,nm,nm
line,overlay,wt-homo-3,wt-homo-3,rmsf,w7njh3bc,w7njh3bc::RMSF,wt-homo-3 / RMSF,RMSF,Residue,41,0.11163924,nm,nm
line,overlay,wt-homo-3,wt-homo-3,rmsf,w7njh3bc,w7njh3bc::RMSF,wt-homo-3 / RMSF,RMSF,Residue,42,0.101445995,nm,nm
line,overlay,wt-homo-3,wt-homo-3,rmsf,w7njh3bc,w7njh3bc::RMSF,wt-homo-3 / RMSF,RMSF,Residue,43,0.105314165,nm,nm
line,overlay,wt-homo-3,wt-homo-3,rmsf,w7njh3bc,w7njh3bc::RMSF,wt-homo-3 / RMSF,RMSF,Residue,44,0.12559466,nm,nm
line,overlay,wt-homo-3,wt-homo-3,rmsf,w7njh3bc,w7njh3bc::RMSF,wt-homo-3 / RMSF,RMSF,Residue,45,0.12351336,nm,nm
line,overlay,wt-homo-3,wt-homo-3,rmsf,w7njh3bc,w7njh3bc::RMSF,wt-homo-3 / RMSF,RMSF,Residue,46,0.09582701,nm,nm
line,overlay,wt-homo-3,wt-homo-3,rmsf,w7njh3bc,w7njh3bc::RMSF,wt-homo-3 / RMSF,RMSF,Residue,47,0.101380266,nm,nm
line,overlay,wt-homo-3,wt-homo-3,rmsf,w7njh3bc,w7njh3bc::RMSF,wt-homo-3 / RMSF,RMSF,Residue,48,0.092895426,nm,nm
line,overlay,wt-homo-3,wt-homo-3,rmsf,w7njh3bc,w7njh3bc::RMSF,wt-homo-3 / RMSF,RMSF,Residue,49,0.08915502,nm,nm
line,overlay,wt-homo-3,wt-homo-3,rmsf,w7njh3bc,w7njh3bc::RMSF,wt-homo-3 / RMSF,RMSF,Residue,50,0.091425605,nm,nm
line,overlay,wt-homo-3,wt-homo-3,rmsf,w7njh3bc,w7njh3bc::RMSF,wt-homo-3 / RMSF,RMSF,Residue,51,0.117545016,nm,nm
line,overlay,wt-homo-3,wt-homo-3,rmsf,w7njh3bc,w7njh3bc::RMSF,wt-homo-3 / RMSF,RMSF,Residue,52,0.14765406,nm,nm
line,overlay,wt-homo-3,wt-homo-3,rmsf,w7njh3bc,w7njh3bc::RMSF,wt-homo-3 / RMSF,RMSF,Residue,53,0.13468441,nm,nm
line,overlay,wt-homo-3,wt-homo-3,rmsf,w7njh3bc,w7njh3bc::RMSF,wt-homo-3 / RMSF,RMSF,Residue,54,0.18641758,nm,nm
line,overlay,wt-homo-3,wt-homo-3,rmsf,w7njh3bc,w7njh3bc::RMSF,wt-homo-3 / RMSF,RMSF,Residue,55,0.22142366,nm,nm
line,overlay,wt-homo-3,wt-homo-3,rmsf,w7njh3bc,w7njh3bc::RMSF,wt-homo-3 / RMSF,RMSF,Residue,56,0.17501697,nm,nm
line,overlay,wt-homo-3,wt-homo-3,rmsf,w7njh3bc,w7njh3bc::RMSF,wt-homo-3 / RMSF,RMSF,Residue,57,0.1541052,nm,nm
line,overlay,wt-homo-3,wt-homo-3,rmsf,w7njh3bc,w7njh3bc::RMSF,wt-homo-3 / RMSF,RMSF,Residue,58,0.13090052,nm,nm
line,overlay,wt-homo-3,wt-homo-3,rmsf,w7njh3bc,w7njh3bc::RMSF,wt-homo-3 / RMSF,RMSF,Residue,59,0.11680535,nm,nm
line,overlay,wt-homo-3,wt-homo-3,rmsf,w7njh3bc,w7njh3bc::RMSF,wt-homo-3 / RMSF,RMSF,Residue,60,0.07236965,nm,nm
line,overlay,wt-homo-3,wt-homo-3,rmsf,w7njh3bc,w7njh3bc::RMSF,wt-homo-3 / RMSF,RMSF,Residue,61,0.071034834,nm,nm
line,overlay,wt-homo-3,wt-homo-3,rmsf,w7njh3bc,w7njh3bc::RMSF,wt-homo-3 / RMSF,RMSF,Residue,62,0.0674415,nm,nm
line,overlay,wt-homo-3,wt-homo-3,rmsf,w7njh3bc,w7njh3bc::RMSF,wt-homo-3 / RMSF,RMSF,Residue,63,0.06794427,nm,nm
line,overlay,wt-homo-3,wt-homo-3,rmsf,w7njh3bc,w7njh3bc::RMSF,wt-homo-3 / RMSF,RMSF,Residue,64,0.071907505,nm,nm
line,overlay,wt-homo-3,wt-homo-3,rmsf,w7njh3bc,w7njh3bc::RMSF,wt-homo-3 / RMSF,RMSF,Residue,65,0.07432292,nm,nm
line,overlay,wt-homo-3,wt-homo-3,rmsf,w7njh3bc,w7njh3bc::RMSF,wt-homo-3 / RMSF,RMSF,Residue,66,0.085807316,nm,nm
line,overlay,wt-homo-3,wt-homo-3,rmsf,w7njh3bc,w7njh3bc::RMSF,wt-homo-3 / RMSF,RMSF,Residue,67,0.0787947,nm,nm
line,overlay,wt-homo-3,wt-homo-3,rmsf,w7njh3bc,w7njh3bc::RMSF,wt-homo-3 / RMSF,RMSF,Residue,68,0.08366961,nm,nm
line,overlay,wt-homo-3,wt-homo-3,rmsf,w7njh3bc,w7njh3bc::RMSF,wt-homo-3 / RMSF,RMSF,Residue,69,0.10438883,nm,nm
line,overlay,wt-homo-3,wt-homo-3,rmsf,w7njh3bc,w7njh3bc::RMSF,wt-homo-3 / RMSF,RMSF,Residue,70,0.13974205,nm,nm
line,overlay,wt-homo-3,wt-homo-3,rmsf,w7njh3bc,w7njh3bc::RMSF,wt-homo-3 / RMSF,RMSF,Residue,71,0.1300125,nm,nm
line,overlay,wt-homo-3,wt-homo-3,rmsf,w7njh3bc,w7njh3bc::RMSF,wt-homo-3 / RMSF,RMSF,Residue,72,0.11274841,nm,nm
line,overlay,wt-homo-3,wt-homo-3,rmsf,w7njh3bc,w7njh3bc::RMSF,wt-homo-3 / RMSF,RMSF,Residue,73,0.15346348,nm,nm
line,overlay,wt-homo-3,wt-homo-3,rmsf,w7njh3bc,w7njh3bc::RMSF,wt-homo-3 / RMSF,RMSF,Residue,74,0.1272318,nm,nm
line,overlay,wt-homo-3,wt-homo-3,rmsf,w7njh3bc,w7njh3bc::RMSF,wt-homo-3 / RMSF,RMSF,Residue,75,0.15286213,nm,nm
line,overlay,wt-homo-3,wt-homo-3,rmsf,w7njh3bc,w7njh3bc::RMSF,wt-homo-3 / RMSF,RMSF,Residue,76,0.18175907,nm,nm
line,overlay,wt-homo-3,wt-homo-3,rmsf,w7njh3bc,w7njh3bc::RMSF,wt-homo-3 / RMSF,RMSF,Residue,77,0.1854398,nm,nm
line,overlay,wt-homo-3,wt-homo-3,rmsf,w7njh3bc,w7njh3bc::RMSF,wt-homo-3 / RMSF,RMSF,Residue,78,0.13701543,nm,nm
line,overlay,wt-homo-3,wt-homo-3,rmsf,w7njh3bc,w7njh3bc::RMSF,wt-homo-3 / RMSF,RMSF,Residue,79,0.15506673,nm,nm
line,overlay,wt-homo-3,wt-homo-3,rmsf,w7njh3bc,w7njh3bc::RMSF,wt-homo-3 / RMSF,RMSF,Residue,80,0.14897932,nm,nm
line,overlay,wt-homo-3,wt-homo-3,rmsf,w7njh3bc,w7njh3bc::RMSF,wt-homo-3 / RMSF,RMSF,Residue,81,0.17568633,nm,nm
line,overlay,wt-homo-3,wt-homo-3,rmsf,w7njh3bc,w7njh3bc::RMSF,wt-homo-3 / RMSF,RMSF,Residue,82,0.18205029,nm,nm
line,overlay,wt-homo-3,wt-homo-3,rmsf,w7njh3bc,w7njh3bc::RMSF,wt-homo-3 / RMSF,RMSF,Residue,83,0.14419423,nm,nm
line,overlay,wt-homo-3,wt-homo-3,rmsf,w7njh3bc,w7njh3bc::RMSF,wt-homo-3 / RMSF,RMSF,Residue,84,0.1609962,nm,nm
line,overlay,wt-homo-3,wt-homo-3,rmsf,w7njh3bc,w7njh3bc::RMSF,wt-homo-3 / RMSF,RMSF,Residue,85,0.25550988,nm,nm
line,overlay,wt-homo-3,wt-homo-3,rmsf,w7njh3bc,w7njh3bc::RMSF,wt-homo-3 / RMSF,RMSF,Residue,86,0.23472144,nm,nm
line,overlay,wt-homo-3,wt-homo-3,rmsf,w7njh3bc,w7njh3bc::RMSF,wt-homo-3 / RMSF,RMSF,Residue,87,0.23670276,nm,nm
line,overlay,wt-homo-3,wt-homo-3,rmsf,w7njh3bc,w7njh3bc::RMSF,wt-homo-3 / RMSF,RMSF,Residue,88,0.21945123,nm,nm
line,overlay,wt-homo-3,wt-homo-3,rmsf,w7njh3bc,w7njh3bc::RMSF,wt-homo-3 / RMSF,RMSF,Residue,89,0.16791014,nm,nm
line,overlay,wt-homo-3,wt-homo-3,rmsf,w7njh3bc,w7njh3bc::RMSF,wt-homo-3 / RMSF,RMSF,Residue,90,0.1615165,nm,nm
line,overlay,wt-homo-3,wt-homo-3,rmsf,w7njh3bc,w7njh3bc::RMSF,wt-homo-3 / RMSF,RMSF,Residue,91,0.1449705,nm,nm
line,overlay,wt-homo-3,wt-homo-3,rmsf,w7njh3bc,w7njh3bc::RMSF,wt-homo-3 / RMSF,RMSF,Residue,92,0.12367736,nm,nm
line,overlay,wt-homo-3,wt-homo-3,rmsf,w7njh3bc,w7njh3bc::RMSF,wt-homo-3 / RMSF,RMSF,Residue,93,0.1047827,nm,nm
line,overlay,wt-homo-3,wt-homo-3,rmsf,w7njh3bc,w7njh3bc::RMSF,wt-homo-3 / RMSF,RMSF,Residue,94,0.099789426,nm,nm
line,overlay,wt-homo-3,wt-homo-3,rmsf,w7njh3bc,w7njh3bc::RMSF,wt-homo-3 / RMSF,RMSF,Residue,95,0.08953887,nm,nm
line,overlay,wt-homo-3,wt-homo-3,rmsf,w7njh3bc,w7njh3bc::RMSF,wt-homo-3 / RMSF,RMSF,Residue,96,0.074535675,nm,nm
line,overlay,wt-homo-3,wt-homo-3,rmsf,w7njh3bc,w7njh3bc::RMSF,wt-homo-3 / RMSF,RMSF,Residue,97,0.078322776,nm,nm
line,overlay,wt-homo-3,wt-homo-3,rmsf,w7njh3bc,w7njh3bc::RMSF,wt-homo-3 / RMSF,RMSF,Residue,98,0.08132936,nm,nm
line,overlay,wt-homo-3,wt-homo-3,rmsf,w7njh3bc,w7njh3bc::RMSF,wt-homo-3 / RMSF,RMSF,Residue,99,0.08255741,nm,nm
line,overlay,wt-homo-3,wt-homo-3,rmsf,w7njh3bc,w7njh3bc::RMSF,wt-homo-3 / RMSF,RMSF,Residue,100,0.0837051,nm,nm
line,overlay,wt-homo-3,wt-homo-3,rmsf,w7njh3bc,w7njh3bc::RMSF,wt-homo-3 / RMSF,RMSF,Residue,101,0.08523003,nm,nm
line,overlay,wt-homo-3,wt-homo-3,rmsf,w7njh3bc,w7njh3bc::RMSF,wt-homo-3 / RMSF,RMSF,Residue,102,0.09195129,nm,nm
line,overlay,wt-homo-3,wt-homo-3,rmsf,w7njh3bc,w7njh3bc::RMSF,wt-homo-3 / RMSF,RMSF,Residue,103,0.084583566,nm,nm
line,overlay,wt-homo-3,wt-homo-3,rmsf,w7njh3bc,w7njh3bc::RMSF,wt-homo-3 / RMSF,RMSF,Residue,104,0.07097902,nm,nm
line,overlay,wt-homo-3,wt-homo-3,rmsf,w7njh3bc,w7njh3bc::RMSF,wt-homo-3 / RMSF,RMSF,Residue,105,0.08317225,nm,nm
line,overlay,wt-homo-3,wt-homo-3,rmsf,w7njh3bc,w7njh3bc::RMSF,wt-homo-3 / RMSF,RMSF,Residue,106,0.09719116,nm,nm
line,overlay,wt-homo-3,wt-homo-3,rmsf,w7njh3bc,w7njh3bc::RMSF,wt-homo-3 / RMSF,RMSF,Residue,107,0.08378676,nm,nm
line,overlay,wt-homo-3,wt-homo-3,rmsf,w7njh3bc,w7njh3bc::RMSF,wt-homo-3 / RMSF,RMSF,Residue,108,0.081132635,nm,nm
line,overlay,wt-homo-3,wt-homo-3,rmsf,w7njh3bc,w7njh3bc::RMSF,wt-homo-3 / RMSF,RMSF,Residue,109,0.11275546,nm,nm
line,overlay,wt-homo-3,wt-homo-3,rmsf,w7njh3bc,w7njh3bc::RMSF,wt-homo-3 / RMSF,RMSF,Residue,110,0.12120147,nm,nm
line,overlay,wt-homo-3,wt-homo-3,rmsf,w7njh3bc,w7njh3bc::RMSF,wt-homo-3 / RMSF,RMSF,Residue,111,0.102536306,nm,nm
line,overlay,wt-homo-3,wt-homo-3,rmsf,w7njh3bc,w7njh3bc::RMSF,wt-homo-3 / RMSF,RMSF,Residue,112,0.09668724,nm,nm
line,overlay,wt-homo-3,wt-homo-3,rmsf,w7njh3bc,w7njh3bc::RMSF,wt-homo-3 / RMSF,RMSF,Residue,113,0.069868006,nm,nm
line,overlay,wt-homo-3,wt-homo-3,rmsf,w7njh3bc,w7njh3bc::RMSF,wt-homo-3 / RMSF,RMSF,Residue,114,0.05747445,nm,nm
line,overlay,wt-homo-3,wt-homo-3,rmsf,w7njh3bc,w7njh3bc::RMSF,wt-homo-3 / RMSF,RMSF,Residue,115,0.050104618,nm,nm
line,overlay,wt-homo-3,wt-homo-3,rmsf,w7njh3bc,w7njh3bc::RMSF,wt-homo-3 / RMSF,RMSF,Residue,116,0.04302158,nm,nm
line,overlay,wt-homo-3,wt-homo-3,rmsf,w7njh3bc,w7njh3bc::RMSF,wt-homo-3 / RMSF,RMSF,Residue,117,0.040551595,nm,nm
line,overlay,wt-homo-3,wt-homo-3,rmsf,w7njh3bc,w7njh3bc::RMSF,wt-homo-3 / RMSF,RMSF,Residue,118,0.040945515,nm,nm
line,overlay,wt-homo-3,wt-homo-3,rmsf,w7njh3bc,w7njh3bc::RMSF,wt-homo-3 / RMSF,RMSF,Residue,119,0.04295656,nm,nm
line,overlay,wt-homo-3,wt-homo-3,rmsf,w7njh3bc,w7njh3bc::RMSF,wt-homo-3 / RMSF,RMSF,Residue,120,0.052244544,nm,nm
line,overlay,wt-homo-3,wt-homo-3,rmsf,w7njh3bc,w7njh3bc::RMSF,wt-homo-3 / RMSF,RMSF,Residue,121,0.060499117,nm,nm
line,overlay,wt-homo-3,wt-homo-3,rmsf,w7njh3bc,w7njh3bc::RMSF,wt-homo-3 / RMSF,RMSF,Residue,122,0.057305794,nm,nm
line,overlay,wt-homo-3,wt-homo-3,rmsf,w7njh3bc,w7njh3bc::RMSF,wt-homo-3 / RMSF,RMSF,Residue,123,0.07252032,nm,nm
line,overlay,wt-homo-3,wt-homo-3,rmsf,w7njh3bc,w7njh3bc::RMSF,wt-homo-3 / RMSF,RMSF,Residue,124,0.05415309,nm,nm
line,overlay,wt-homo-3,wt-homo-3,rmsf,w7njh3bc,w7njh3bc::RMSF,wt-homo-3 / RMSF,RMSF,Residue,125,0.0510804,nm,nm
line,overlay,wt-homo-3,wt-homo-3,rmsf,w7njh3bc,w7njh3bc::RMSF,wt-homo-3 / RMSF,RMSF,Residue,126,0.05246837,nm,nm
line,overlay,wt-homo-3,wt-homo-3,rmsf,w7njh3bc,w7njh3bc::RMSF,wt-homo-3 / RMSF,RMSF,Residue,127,0.067819215,nm,nm
line,overlay,wt-homo-3,wt-homo-3,rmsf,w7njh3bc,w7njh3bc::RMSF,wt-homo-3 / RMSF,RMSF,Residue,128,0.06677247,nm,nm
line,overlay,wt-homo-3,wt-homo-3,rmsf,w7njh3bc,w7njh3bc::RMSF,wt-homo-3 / RMSF,RMSF,Residue,129,0.060037382,nm,nm
line,overlay,wt-homo-3,wt-homo-3,rmsf,w7njh3bc,w7njh3bc::RMSF,wt-homo-3 / RMSF,RMSF,Residue,130,0.06960977,nm,nm
line,overlay,wt-homo-3,wt-homo-3,rmsf,w7njh3bc,w7njh3bc::RMSF,wt-homo-3 / RMSF,RMSF,Residue,131,0.08683906,nm,nm
line,overlay,wt-homo-3,wt-homo-3,rmsf,w7njh3bc,w7njh3bc::RMSF,wt-homo-3 / RMSF,RMSF,Residue,132,0.081317104,nm,nm
line,overlay,wt-homo-3,wt-homo-3,rmsf,w7njh3bc,w7njh3bc::RMSF,wt-homo-3 / RMSF,RMSF,Residue,133,0.07422909,nm,nm
line,overlay,wt-homo-3,wt-homo-3,rmsf,w7njh3bc,w7njh3bc::RMSF,wt-homo-3 / RMSF,RMSF,Residue,134,0.06117706,nm,nm
line,overlay,wt-homo-3,wt-homo-3,rmsf,w7njh3bc,w7njh3bc::RMSF,wt-homo-3 / RMSF,RMSF,Residue,135,0.05226203,nm,nm
line,overlay,wt-homo-3,wt-homo-3,rmsf,w7njh3bc,w7njh3bc::RMSF,wt-homo-3 / RMSF,RMSF,Residue,136,0.0423938,nm,nm
line,overlay,wt-homo-3,wt-homo-3,rmsf,w7njh3bc,w7njh3bc::RMSF,wt-homo-3 / RMSF,RMSF,Residue,137,0.04296823,nm,nm
line,overlay,wt-homo-3,wt-homo-3,rmsf,w7njh3bc,w7njh3bc::RMSF,wt-homo-3 / RMSF,RMSF,Residue,138,0.043382067,nm,nm
line,overlay,wt-homo-3,wt-homo-3,rmsf,w7njh3bc,w7njh3bc::RMSF,wt-homo-3 / RMSF,RMSF,Residue,139,0.04639804,nm,nm
line,overlay,wt-homo-3,wt-homo-3,rmsf,w7njh3bc,w7njh3bc::RMSF,wt-homo-3 / RMSF,RMSF,Residue,140,0.060880773,nm,nm
line,overlay,wt-homo-3,wt-homo-3,rmsf,w7njh3bc,w7njh3bc::RMSF,wt-homo-3 / RMSF,RMSF,Residue,141,0.06886496,nm,nm
line,overlay,wt-homo-3,wt-homo-3,rmsf,w7njh3bc,w7njh3bc::RMSF,wt-homo-3 / RMSF,RMSF,Residue,142,0.042978227,nm,nm
line,overlay,wt-homo-3,wt-homo-3,rmsf,w7njh3bc,w7njh3bc::RMSF,wt-homo-3 / RMSF,RMSF,Residue,143,0.039621636,nm,nm
line,overlay,wt-homo-3,wt-homo-3,rmsf,w7njh3bc,w7njh3bc::RMSF,wt-homo-3 / RMSF,RMSF,Residue,144,0.03935424,nm,nm
line,overlay,wt-homo-3,wt-homo-3,rmsf,w7njh3bc,w7njh3bc::RMSF,wt-homo-3 / RMSF,RMSF,Residue,145,0.039566558,nm,nm
line,overlay,wt-homo-3,wt-homo-3,rmsf,w7njh3bc,w7njh3bc::RMSF,wt-homo-3 / RMSF,RMSF,Residue,146,0.0413277,nm,nm
line,overlay,wt-homo-3,wt-homo-3,rmsf,w7njh3bc,w7njh3bc::RMSF,wt-homo-3 / RMSF,RMSF,Residue,147,0.042620376,nm,nm
line,overlay,wt-homo-3,wt-homo-3,rmsf,w7njh3bc,w7njh3bc::RMSF,wt-homo-3 / RMSF,RMSF,Residue,148,0.042232297,nm,nm
line,overlay,wt-homo-3,wt-homo-3,rmsf,w7njh3bc,w7njh3bc::RMSF,wt-homo-3 / RMSF,RMSF,Residue,149,0.043143775,nm,nm
line,overlay,wt-homo-3,wt-homo-3,rmsf,w7njh3bc,w7njh3bc::RMSF,wt-homo-3 / RMSF,RMSF,Residue,150,0.049332857,nm,nm
line,overlay,wt-homo-3,wt-homo-3,rmsf,w7njh3bc,w7njh3bc::RMSF,wt-homo-3 / RMSF,RMSF,Residue,151,0.055842772,nm,nm
line,overlay,wt-homo-3,wt-homo-3,rmsf,w7njh3bc,w7njh3bc::RMSF,wt-homo-3 / RMSF,RMSF,Residue,152,0.056538366,nm,nm
line,overlay,wt-homo-3,wt-homo-3,rmsf,w7njh3bc,w7njh3bc::RMSF,wt-homo-3 / RMSF,RMSF,Residue,153,0.05353419,nm,nm
line,overlay,wt-homo-3,wt-homo-3,rmsf,w7njh3bc,w7njh3bc::RMSF,wt-homo-3 / RMSF,RMSF,Residue,154,0.06059048,nm,nm
line,overlay,wt-homo-3,wt-homo-3,rmsf,w7njh3bc,w7njh3bc::RMSF,wt-homo-3 / RMSF,RMSF,Residue,155,0.06801612,nm,nm
line,overlay,wt-homo-3,wt-homo-3,rmsf,w7njh3bc,w7njh3bc::RMSF,wt-homo-3 / RMSF,RMSF,Residue,156,0.0686084,nm,nm
line,overlay,wt-homo-3,wt-homo-3,rmsf,w7njh3bc,w7njh3bc::RMSF,wt-homo-3 / RMSF,RMSF,Residue,157,0.06463281,nm,nm
line,overlay,wt-homo-3,wt-homo-3,rmsf,w7njh3bc,w7njh3bc::RMSF,wt-homo-3 / RMSF,RMSF,Residue,158,0.06598136,nm,nm
line,overlay,wt-homo-3,wt-homo-3,rmsf,w7njh3bc,w7njh3bc::RMSF,wt-homo-3 / RMSF,RMSF,Residue,159,0.071853034,nm,nm
line,overlay,wt-homo-3,wt-homo-3,rmsf,w7njh3bc,w7njh3bc::RMSF,wt-homo-3 / RMSF,RMSF,Residue,160,0.08940222,nm,nm
line,overlay,wt-homo-3,wt-homo-3,rmsf,w7njh3bc,w7njh3bc::RMSF,wt-homo-3 / RMSF,RMSF,Residue,161,0.11072845,nm,nm
line,overlay,wt-homo-3,wt-homo-3,rmsf,w7njh3bc,w7njh3bc::RMSF,wt-homo-3 / RMSF,RMSF,Residue,162,0.084992275,nm,nm
line,overlay,wt-homo-3,wt-homo-3,rmsf,w7njh3bc,w7njh3bc::RMSF,wt-homo-3 / RMSF,RMSF,Residue,163,0.10525759,nm,nm
line,overlay,wt-homo-3,wt-homo-3,rmsf,w7njh3bc,w7njh3bc::RMSF,wt-homo-3 / RMSF,RMSF,Residue,164,0.08912178,nm,nm
line,overlay,wt-homo-3,wt-homo-3,rmsf,w7njh3bc,w7njh3bc::RMSF,wt-homo-3 / RMSF,RMSF,Residue,165,0.07867242,nm,nm
line,overlay,wt-homo-3,wt-homo-3,rmsf,w7njh3bc,w7njh3bc::RMSF,wt-homo-3 / RMSF,RMSF,Residue,166,0.10620981,nm,nm
line,overlay,wt-homo-3,wt-homo-3,rmsf,w7njh3bc,w7njh3bc::RMSF,wt-homo-3 / RMSF,RMSF,Residue,167,0.088506415,nm,nm
line,overlay,wt-homo-3,wt-homo-3,rmsf,w7njh3bc,w7njh3bc::RMSF,wt-homo-3 / RMSF,RMSF,Residue,168,0.075255826,nm,nm
line,overlay,wt-homo-3,wt-homo-3,rmsf,w7njh3bc,w7njh3bc::RMSF,wt-homo-3 / RMSF,RMSF,Residue,169,0.06890724,nm,nm
line,overlay,wt-homo-3,wt-homo-3,rmsf,w7njh3bc,w7njh3bc::RMSF,wt-homo-3 / RMSF,RMSF,Residue,170,0.06846892,nm,nm
line,overlay,wt-homo-3,wt-homo-3,rmsf,w7njh3bc,w7njh3bc::RMSF,wt-homo-3 / RMSF,RMSF,Residue,171,0.061431,nm,nm
line,overlay,wt-homo-3,wt-homo-3,rmsf,w7njh3bc,w7njh3bc::RMSF,wt-homo-3 / RMSF,RMSF,Residue,172,0.073991984,nm,nm
line,overlay,wt-homo-3,wt-homo-3,rmsf,w7njh3bc,w7njh3bc::RMSF,wt-homo-3 / RMSF,RMSF,Residue,173,0.086126514,nm,nm
line,overlay,wt-homo-3,wt-homo-3,rmsf,w7njh3bc,w7njh3bc::RMSF,wt-homo-3 / RMSF,RMSF,Residue,174,0.0669847,nm,nm
line,overlay,wt-homo-3,wt-homo-3,rmsf,w7njh3bc,w7njh3bc::RMSF,wt-homo-3 / RMSF,RMSF,Residue,175,0.095059514,nm,nm
line,overlay,wt-homo-3,wt-homo-3,rmsf,w7njh3bc,w7njh3bc::RMSF,wt-homo-3 / RMSF,RMSF,Residue,176,0.08696386,nm,nm
line,overlay,wt-homo-3,wt-homo-3,rmsf,w7njh3bc,w7njh3bc::RMSF,wt-homo-3 / RMSF,RMSF,Residue,177,0.08434264,nm,nm
line,overlay,wt-homo-3,wt-homo-3,rmsf,w7njh3bc,w7njh3bc::RMSF,wt-homo-3 / RMSF,RMSF,Residue,178,0.06559354,nm,nm
line,overlay,wt-homo-3,wt-homo-3,rmsf,w7njh3bc,w7njh3bc::RMSF,wt-homo-3 / RMSF,RMSF,Residue,179,0.06829758,nm,nm
line,overlay,wt-homo-3,wt-homo-3,rmsf,w7njh3bc,w7njh3bc::RMSF,wt-homo-3 / RMSF,RMSF,Residue,180,0.058289733,nm,nm
line,overlay,wt-homo-3,wt-homo-3,rmsf,w7njh3bc,w7njh3bc::RMSF,wt-homo-3 / RMSF,RMSF,Residue,181,0.058208555,nm,nm
line,overlay,wt-homo-3,wt-homo-3,rmsf,w7njh3bc,w7njh3bc::RMSF,wt-homo-3 / RMSF,RMSF,Residue,182,0.054773867,nm,nm
line,overlay,wt-homo-3,wt-homo-3,rmsf,w7njh3bc,w7njh3bc::RMSF,wt-homo-3 / RMSF,RMSF,Residue,183,0.05422854,nm,nm
line,overlay,wt-homo-3,wt-homo-3,rmsf,w7njh3bc,w7njh3bc::RMSF,wt-homo-3 / RMSF,RMSF,Residue,184,0.057394207,nm,nm
line,overlay,wt-homo-3,wt-homo-3,rmsf,w7njh3bc,w7njh3bc::RMSF,wt-homo-3 / RMSF,RMSF,Residue,185,0.059318267,nm,nm
line,overlay,wt-homo-3,wt-homo-3,rmsf,w7njh3bc,w7njh3bc::RMSF,wt-homo-3 / RMSF,RMSF,Residue,186,0.069345005,nm,nm
line,overlay,wt-homo-3,wt-homo-3,rmsf,w7njh3bc,w7njh3bc::RMSF,wt-homo-3 / RMSF,RMSF,Residue,187,0.07851215,nm,nm
line,overlay,wt-homo-3,wt-homo-3,rmsf,w7njh3bc,w7njh3bc::RMSF,wt-homo-3 / RMSF,RMSF,Residue,188,0.08747463,nm,nm
line,overlay,wt-homo-3,wt-homo-3,rmsf,w7njh3bc,w7njh3bc::RMSF,wt-homo-3 / RMSF,RMSF,Residue,189,0.081082754,nm,nm
line,overlay,wt-homo-3,wt-homo-3,rmsf,w7njh3bc,w7njh3bc::RMSF,wt-homo-3 / RMSF,RMSF,Residue,190,0.07308575,nm,nm
line,overlay,wt-homo-3,wt-homo-3,rmsf,w7njh3bc,w7njh3bc::RMSF,wt-homo-3 / RMSF,RMSF,Residue,191,0.09365858,nm,nm
line,overlay,wt-homo-3,wt-homo-3,rmsf,w7njh3bc,w7njh3bc::RMSF,wt-homo-3 / RMSF,RMSF,Residue,192,0.12791629,nm,nm
line,overlay,wt-homo-3,wt-homo-3,rmsf,w7njh3bc,w7njh3bc::RMSF,wt-homo-3 / RMSF,RMSF,Residue,193,0.11714597,nm,nm
line,overlay,wt-homo-3,wt-homo-3,rmsf,w7njh3bc,w7njh3bc::RMSF,wt-homo-3 / RMSF,RMSF,Residue,194,0.12412561,nm,nm
line,overlay,wt-homo-3,wt-homo-3,rmsf,w7njh3bc,w7njh3bc::RMSF,wt-homo-3 / RMSF,RMSF,Residue,195,0.122459605,nm,nm
line,overlay,wt-homo-3,wt-homo-3,rmsf,w7njh3bc,w7njh3bc::RMSF,wt-homo-3 / RMSF,RMSF,Residue,196,0.13071346,nm,nm
line,overlay,wt-homo-3,wt-homo-3,rmsf,w7njh3bc,w7njh3bc::RMSF,wt-homo-3 / RMSF,RMSF,Residue,197,0.110949256,nm,nm
line,overlay,wt-homo-3,wt-homo-3,rmsf,w7njh3bc,w7njh3bc::RMSF,wt-homo-3 / RMSF,RMSF,Residue,198,0.08121686,nm,nm
line,overlay,wt-homo-3,wt-homo-3,rmsf,w7njh3bc,w7njh3bc::RMSF,wt-homo-3 / RMSF,RMSF,Residue,199,0.083086394,nm,nm
line,overlay,wt-homo-3,wt-homo-3,rmsf,w7njh3bc,w7njh3bc::RMSF,wt-homo-3 / RMSF,RMSF,Residue,200,0.07836926,nm,nm
line,overlay,wt-homo-3,wt-homo-3,rmsf,w7njh3bc,w7njh3bc::RMSF,wt-homo-3 / RMSF,RMSF,Residue,201,0.06474656,nm,nm
line,overlay,wt-homo-3,wt-homo-3,rmsf,w7njh3bc,w7njh3bc::RMSF,wt-homo-3 / RMSF,RMSF,Residue,202,0.060185026,nm,nm
line,overlay,wt-homo-3,wt-homo-3,rmsf,w7njh3bc,w7njh3bc::RMSF,wt-homo-3 / RMSF,RMSF,Residue,203,0.059434377,nm,nm
line,overlay,wt-homo-3,wt-homo-3,rmsf,w7njh3bc,w7njh3bc::RMSF,wt-homo-3 / RMSF,RMSF,Residue,204,0.051433932,nm,nm
line,overlay,wt-homo-3,wt-homo-3,rmsf,w7njh3bc,w7njh3bc::RMSF,wt-homo-3 / RMSF,RMSF,Residue,205,0.05534219,nm,nm
line,overlay,wt-homo-3,wt-homo-3,rmsf,w7njh3bc,w7njh3bc::RMSF,wt-homo-3 / RMSF,RMSF,Residue,206,0.060096756,nm,nm
line,overlay,wt-homo-3,wt-homo-3,rmsf,w7njh3bc,w7njh3bc::RMSF,wt-homo-3 / RMSF,RMSF,Residue,207,0.04986981,nm,nm
line,overlay,wt-homo-3,wt-homo-3,rmsf,w7njh3bc,w7njh3bc::RMSF,wt-homo-3 / RMSF,RMSF,Residue,208,0.054347426,nm,nm
line,overlay,wt-homo-3,wt-homo-3,rmsf,w7njh3bc,w7njh3bc::RMSF,wt-homo-3 / RMSF,RMSF,Residue,209,0.070982,nm,nm
line,overlay,wt-homo-3,wt-homo-3,rmsf,w7njh3bc,w7njh3bc::RMSF,wt-homo-3 / RMSF,RMSF,Residue,210,0.070376754,nm,nm
line,overlay,wt-homo-3,wt-homo-3,rmsf,w7njh3bc,w7njh3bc::RMSF,wt-homo-3 / RMSF,RMSF,Residue,211,0.0486463,nm,nm
line,overlay,wt-homo-3,wt-homo-3,rmsf,w7njh3bc,w7njh3bc::RMSF,wt-homo-3 / RMSF,RMSF,Residue,212,0.05046106,nm,nm
line,overlay,wt-homo-3,wt-homo-3,rmsf,w7njh3bc,w7njh3bc::RMSF,wt-homo-3 / RMSF,RMSF,Residue,213,0.05545062,nm,nm
line,overlay,wt-homo-3,wt-homo-3,rmsf,w7njh3bc,w7njh3bc::RMSF,wt-homo-3 / RMSF,RMSF,Residue,214,0.047966305,nm,nm
line,overlay,wt-homo-3,wt-homo-3,rmsf,w7njh3bc,w7njh3bc::RMSF,wt-homo-3 / RMSF,RMSF,Residue,215,0.042041745,nm,nm
line,overlay,wt-homo-3,wt-homo-3,rmsf,w7njh3bc,w7njh3bc::RMSF,wt-homo-3 / RMSF,RMSF,Residue,216,0.043232642,nm,nm
line,overlay,wt-homo-3,wt-homo-3,rmsf,w7njh3bc,w7njh3bc::RMSF,wt-homo-3 / RMSF,RMSF,Residue,217,0.046262946,nm,nm
line,overlay,wt-homo-3,wt-homo-3,rmsf,w7njh3bc,w7njh3bc::RMSF,wt-homo-3 / RMSF,RMSF,Residue,218,0.045350958,nm,nm
line,overlay,wt-homo-3,wt-homo-3,rmsf,w7njh3bc,w7njh3bc::RMSF,wt-homo-3 / RMSF,RMSF,Residue,219,0.050879847,nm,nm
line,overlay,wt-homo-3,wt-homo-3,rmsf,w7njh3bc,w7njh3bc::RMSF,wt-homo-3 / RMSF,RMSF,Residue,220,0.055816084,nm,nm
line,overlay,wt-homo-3,wt-homo-3,rmsf,w7njh3bc,w7njh3bc::RMSF,wt-homo-3 / RMSF,RMSF,Residue,221,0.0615074,nm,nm
line,overlay,wt-homo-3,wt-homo-3,rmsf,w7njh3bc,w7njh3bc::RMSF,wt-homo-3 / RMSF,RMSF,Residue,222,0.053313985,nm,nm
line,overlay,wt-homo-3,wt-homo-3,rmsf,w7njh3bc,w7njh3bc::RMSF,wt-homo-3 / RMSF,RMSF,Residue,223,0.050093435,nm,nm
line,overlay,wt-homo-3,wt-homo-3,rmsf,w7njh3bc,w7njh3bc::RMSF,wt-homo-3 / RMSF,RMSF,Residue,224,0.06417781,nm,nm
line,overlay,wt-homo-3,wt-homo-3,rmsf,w7njh3bc,w7njh3bc::RMSF,wt-homo-3 / RMSF,RMSF,Residue,225,0.057590898,nm,nm
line,overlay,wt-homo-3,wt-homo-3,rmsf,w7njh3bc,w7njh3bc::RMSF,wt-homo-3 / RMSF,RMSF,Residue,226,0.048547402,nm,nm
line,overlay,wt-homo-3,wt-homo-3,rmsf,w7njh3bc,w7njh3bc::RMSF,wt-homo-3 / RMSF,RMSF,Residue,227,0.051157705,nm,nm
line,overlay,wt-homo-3,wt-homo-3,rmsf,w7njh3bc,w7njh3bc::RMSF,wt-homo-3 / RMSF,RMSF,Residue,228,0.06062677,nm,nm
line,overlay,wt-homo-3,wt-homo-3,rmsf,w7njh3bc,w7njh3bc::RMSF,wt-homo-3 / RMSF,RMSF,Residue,229,0.05858989,nm,nm
line,overlay,wt-homo-3,wt-homo-3,rmsf,w7njh3bc,w7njh3bc::RMSF,wt-homo-3 / RMSF,RMSF,Residue,230,0.051790945,nm,nm
line,overlay,wt-homo-3,wt-homo-3,rmsf,w7njh3bc,w7njh3bc::RMSF,wt-homo-3 / RMSF,RMSF,Residue,231,0.062278803,nm,nm
line,overlay,wt-homo-3,wt-homo-3,rmsf,w7njh3bc,w7njh3bc::RMSF,wt-homo-3 / RMSF,RMSF,Residue,232,0.07982869,nm,nm
line,overlay,wt-homo-3,wt-homo-3,rmsf,w7njh3bc,w7njh3bc::RMSF,wt-homo-3 / RMSF,RMSF,Residue,233,0.088521525,nm,nm
line,overlay,wt-homo-3,wt-homo-3,rmsf,w7njh3bc,w7njh3bc::RMSF,wt-homo-3 / RMSF,RMSF,Residue,234,0.07911802,nm,nm
line,overlay,wt-homo-3,wt-homo-3,rmsf,w7njh3bc,w7njh3bc::RMSF,wt-homo-3 / RMSF,RMSF,Residue,235,0.07492475,nm,nm
line,overlay,wt-homo-3,wt-homo-3,rmsf,w7njh3bc,w7njh3bc::RMSF,wt-homo-3 / RMSF,RMSF,Residue,236,0.061949145,nm,nm
line,overlay,wt-homo-3,wt-homo-3,rmsf,w7njh3bc,w7njh3bc::RMSF,wt-homo-3 / RMSF,RMSF,Residue,237,0.055981647,nm,nm
line,overlay,wt-homo-3,wt-homo-3,rmsf,w7njh3bc,w7njh3bc::RMSF,wt-homo-3 / RMSF,RMSF,Residue,238,0.049966704,nm,nm
line,overlay,wt-homo-3,wt-homo-3,rmsf,w7njh3bc,w7njh3bc::RMSF,wt-homo-3 / RMSF,RMSF,Residue,239,0.04522694,nm,nm
line,overlay,wt-homo-3,wt-homo-3,rmsf,w7njh3bc,w7njh3bc::RMSF,wt-homo-3 / RMSF,RMSF,Residue,240,0.05522749,nm,nm
line,overlay,wt-homo-3,wt-homo-3,rmsf,w7njh3bc,w7njh3bc::RMSF,wt-homo-3 / RMSF,RMSF,Residue,241,0.055271663,nm,nm
line,overlay,wt-homo-3,wt-homo-3,rmsf,w7njh3bc,w7njh3bc::RMSF,wt-homo-3 / RMSF,RMSF,Residue,242,0.051573433,nm,nm
line,overlay,wt-homo-3,wt-homo-3,rmsf,w7njh3bc,w7njh3bc::RMSF,wt-homo-3 / RMSF,RMSF,Residue,243,0.047513794,nm,nm
line,overlay,wt-homo-3,wt-homo-3,rmsf,w7njh3bc,w7njh3bc::RMSF,wt-homo-3 / RMSF,RMSF,Residue,244,0.06438906,nm,nm
line,overlay,wt-homo-3,wt-homo-3,rmsf,w7njh3bc,w7njh3bc::RMSF,wt-homo-3 / RMSF,RMSF,Residue,245,0.09107645,nm,nm
line,overlay,wt-homo-3,wt-homo-3,rmsf,w7njh3bc,w7njh3bc::RMSF,wt-homo-3 / RMSF,RMSF,Residue,246,0.09409236,nm,nm
line,overlay,wt-homo-3,wt-homo-3,rmsf,w7njh3bc,w7njh3bc::RMSF,wt-homo-3 / RMSF,RMSF,Residue,247,0.106217794,nm,nm
line,overlay,wt-homo-3,wt-homo-3,rmsf,w7njh3bc,w7njh3bc::RMSF,wt-homo-3 / RMSF,RMSF,Residue,248,0.098153666,nm,nm
line,overlay,wt-homo-3,wt-homo-3,rmsf,w7njh3bc,w7njh3bc::RMSF,wt-homo-3 / RMSF,RMSF,Residue,249,0.09608372,nm,nm
line,overlay,wt-homo-3,wt-homo-3,rmsf,w7njh3bc,w7njh3bc::RMSF,wt-homo-3 / RMSF,RMSF,Residue,250,0.103227876,nm,nm
line,overlay,wt-homo-3,wt-homo-3,rmsf,w7njh3bc,w7njh3bc::RMSF,wt-homo-3 / RMSF,RMSF,Residue,251,0.100449406,nm,nm
line,overlay,wt-homo-3,wt-homo-3,rmsf,w7njh3bc,w7njh3bc::RMSF,wt-homo-3 / RMSF,RMSF,Residue,252,0.10688919,nm,nm
line,overlay,wt-homo-3,wt-homo-3,rmsf,w7njh3bc,w7njh3bc::RMSF,wt-homo-3 / RMSF,RMSF,Residue,253,0.095428616,nm,nm
line,overlay,wt-homo-3,wt-homo-3,rmsf,w7njh3bc,w7njh3bc::RMSF,wt-homo-3 / RMSF,RMSF,Residue,254,0.0752545,nm,nm
line,overlay,wt-homo-3,wt-homo-3,rmsf,w7njh3bc,w7njh3bc::RMSF,wt-homo-3 / RMSF,RMSF,Residue,255,0.07661518,nm,nm
line,overlay,wt-homo-3,wt-homo-3,rmsf,w7njh3bc,w7njh3bc::RMSF,wt-homo-3 / RMSF,RMSF,Residue,256,0.08859486,nm,nm
line,overlay,wt-homo-3,wt-homo-3,rmsf,w7njh3bc,w7njh3bc::RMSF,wt-homo-3 / RMSF,RMSF,Residue,257,0.08291895,nm,nm
line,overlay,wt-homo-3,wt-homo-3,rmsf,w7njh3bc,w7njh3bc::RMSF,wt-homo-3 / RMSF,RMSF,Residue,258,0.098843895,nm,nm
line,overlay,wt-homo-3,wt-homo-3,rmsf,w7njh3bc,w7njh3bc::RMSF,wt-homo-3 / RMSF,RMSF,Residue,259,0.11700897,nm,nm
line,overlay,wt-homo-3,wt-homo-3,rmsf,w7njh3bc,w7njh3bc::RMSF,wt-homo-3 / RMSF,RMSF,Residue,260,0.121482424,nm,nm
line,overlay,wt-homo-3,wt-homo-3,rmsf,w7njh3bc,w7njh3bc::RMSF,wt-homo-3 / RMSF,RMSF,Residue,261,0.10712973,nm,nm
line,overlay,wt-homo-3,wt-homo-3,rmsf,w7njh3bc,w7njh3bc::RMSF,wt-homo-3 / RMSF,RMSF,Residue,262,0.118270345,nm,nm
line,overlay,wt-homo-3,wt-homo-3,rmsf,w7njh3bc,w7njh3bc::RMSF,wt-homo-3 / RMSF,RMSF,Residue,263,0.10027201,nm,nm
line,overlay,wt-homo-3,wt-homo-3,rmsf,w7njh3bc,w7njh3bc::RMSF,wt-homo-3 / RMSF,RMSF,Residue,264,0.101880416,nm,nm
line,overlay,wt-homo-3,wt-homo-3,rmsf,w7njh3bc,w7njh3bc::RMSF,wt-homo-3 / RMSF,RMSF,Residue,265,0.099803485,nm,nm
line,overlay,wt-homo-3,wt-homo-3,rmsf,w7njh3bc,w7njh3bc::RMSF,wt-homo-3 / RMSF,RMSF,Residue,266,0.09933821,nm,nm
line,overlay,wt-homo-3,wt-homo-3,rmsf,w7njh3bc,w7njh3bc::RMSF,wt-homo-3 / RMSF,RMSF,Residue,267,0.09425588,nm,nm
line,overlay,wt-homo-3,wt-homo-3,rmsf,w7njh3bc,w7njh3bc::RMSF,wt-homo-3 / RMSF,RMSF,Residue,268,0.08042841,nm,nm
line,overlay,wt-homo-3,wt-homo-3,rmsf,w7njh3bc,w7njh3bc::RMSF,wt-homo-3 / RMSF,RMSF,Residue,269,0.07786759,nm,nm
line,overlay,wt-homo-3,wt-homo-3,rmsf,w7njh3bc,w7njh3bc::RMSF,wt-homo-3 / RMSF,RMSF,Residue,270,0.077779025,nm,nm
line,overlay,wt-homo-3,wt-homo-3,rmsf,w7njh3bc,w7njh3bc::RMSF,wt-homo-3 / RMSF,RMSF,Residue,271,0.070430845,nm,nm
line,overlay,wt-homo-3,wt-homo-3,rmsf,w7njh3bc,w7njh3bc::RMSF,wt-homo-3 / RMSF,RMSF,Residue,272,0.06373295,nm,nm
line,overlay,wt-homo-3,wt-homo-3,rmsf,w7njh3bc,w7njh3bc::RMSF,wt-homo-3 / RMSF,RMSF,Residue,273,0.07165626,nm,nm
line,overlay,wt-homo-3,wt-homo-3,rmsf,w7njh3bc,w7njh3bc::RMSF,wt-homo-3 / RMSF,RMSF,Residue,274,0.0779948,nm,nm
line,overlay,wt-homo-3,wt-homo-3,rmsf,w7njh3bc,w7njh3bc::RMSF,wt-homo-3 / RMSF,RMSF,Residue,275,0.06543972,nm,nm
line,overlay,wt-homo-3,wt-homo-3,rmsf,w7njh3bc,w7njh3bc::RMSF,wt-homo-3 / RMSF,RMSF,Residue,276,0.06784762,nm,nm
line,overlay,wt-homo-3,wt-homo-3,rmsf,w7njh3bc,w7njh3bc::RMSF,wt-homo-3 / RMSF,RMSF,Residue,277,0.06502785,nm,nm
line,overlay,wt-homo-3,wt-homo-3,rmsf,w7njh3bc,w7njh3bc::RMSF,wt-homo-3 / RMSF,RMSF,Residue,278,0.05697302,nm,nm
line,overlay,wt-homo-3,wt-homo-3,rmsf,w7njh3bc,w7njh3bc::RMSF,wt-homo-3 / RMSF,RMSF,Residue,279,0.05679731,nm,nm
line,overlay,wt-homo-3,wt-homo-3,rmsf,w7njh3bc,w7njh3bc::RMSF,wt-homo-3 / RMSF,RMSF,Residue,280,0.04530682,nm,nm
line,overlay,wt-homo-3,wt-homo-3,rmsf,w7njh3bc,w7njh3bc::RMSF,wt-homo-3 / RMSF,RMSF,Residue,281,0.040859286,nm,nm
line,overlay,wt-homo-3,wt-homo-3,rmsf,w7njh3bc,w7njh3bc::RMSF,wt-homo-3 / RMSF,RMSF,Residue,282,0.039097317,nm,nm
line,overlay,wt-homo-3,wt-homo-3,rmsf,w7njh3bc,w7njh3bc::RMSF,wt-homo-3 / RMSF,RMSF,Residue,283,0.040296853,nm,nm
line,overlay,wt-homo-3,wt-homo-3,rmsf,w7njh3bc,w7njh3bc::RMSF,wt-homo-3 / RMSF,RMSF,Residue,284,0.045659367,nm,nm
line,overlay,wt-homo-3,wt-homo-3,rmsf,w7njh3bc,w7njh3bc::RMSF,wt-homo-3 / RMSF,RMSF,Residue,285,0.056132123,nm,nm
line,overlay,wt-homo-3,wt-homo-3,rmsf,w7njh3bc,w7njh3bc::RMSF,wt-homo-3 / RMSF,RMSF,Residue,286,0.090378165,nm,nm
line,overlay,wt-homo-3,wt-homo-3,rmsf,w7njh3bc,w7njh3bc::RMSF,wt-homo-3 / RMSF,RMSF,Residue,287,0.090767026,nm,nm
line,overlay,wt-homo-3,wt-homo-3,rmsf,w7njh3bc,w7njh3bc::RMSF,wt-homo-3 / RMSF,RMSF,Residue,288,0.08924167,nm,nm
line,overlay,wt-homo-3,wt-homo-3,rmsf,w7njh3bc,w7njh3bc::RMSF,wt-homo-3 / RMSF,RMSF,Residue,289,0.071406476,nm,nm
line,overlay,wt-homo-3,wt-homo-3,rmsf,w7njh3bc,w7njh3bc::RMSF,wt-homo-3 / RMSF,RMSF,Residue,290,0.08491002,nm,nm
line,overlay,wt-homo-3,wt-homo-3,rmsf,w7njh3bc,w7njh3bc::RMSF,wt-homo-3 / RMSF,RMSF,Residue,291,0.072237216,nm,nm
line,overlay,wt-homo-3,wt-homo-3,rmsf,w7njh3bc,w7njh3bc::RMSF,wt-homo-3 / RMSF,RMSF,Residue,292,0.080184706,nm,nm
line,overlay,wt-homo-3,wt-homo-3,rmsf,w7njh3bc,w7njh3bc::RMSF,wt-homo-3 / RMSF,RMSF,Residue,293,0.08420301,nm,nm
line,overlay,wt-homo-3,wt-homo-3,rmsf,w7njh3bc,w7njh3bc::RMSF,wt-homo-3 / RMSF,RMSF,Residue,294,0.081225984,nm,nm
line,overlay,wt-homo-3,wt-homo-3,rmsf,w7njh3bc,w7njh3bc::RMSF,wt-homo-3 / RMSF,RMSF,Residue,295,0.06633548,nm,nm
line,overlay,wt-homo-3,wt-homo-3,rmsf,w7njh3bc,w7njh3bc::RMSF,wt-homo-3 / RMSF,RMSF,Residue,296,0.066465296,nm,nm
line,overlay,wt-homo-3,wt-homo-3,rmsf,w7njh3bc,w7njh3bc::RMSF,wt-homo-3 / RMSF,RMSF,Residue,297,0.070571385,nm,nm
line,overlay,wt-homo-3,wt-homo-3,rmsf,w7njh3bc,w7njh3bc::RMSF,wt-homo-3 / RMSF,RMSF,Residue,298,0.065066315,nm,nm
line,overlay,wt-homo-3,wt-homo-3,rmsf,w7njh3bc,w7njh3bc::RMSF,wt-homo-3 / RMSF,RMSF,Residue,299,0.058549833,nm,nm
line,overlay,wt-homo-3,wt-homo-3,rmsf,w7njh3bc,w7njh3bc::RMSF,wt-homo-3 / RMSF,RMSF,Residue,300,0.062636346,nm,nm
line,overlay,wt-homo-3,wt-homo-3,rmsf,w7njh3bc,w7njh3bc::RMSF,wt-homo-3 / RMSF,RMSF,Residue,301,0.0669759,nm,nm
line,overlay,wt-homo-3,wt-homo-3,rmsf,w7njh3bc,w7njh3bc::RMSF,wt-homo-3 / RMSF,RMSF,Residue,302,0.06266149,nm,nm
line,overlay,wt-homo-3,wt-homo-3,rmsf,w7njh3bc,w7njh3bc::RMSF,wt-homo-3 / RMSF,RMSF,Residue,303,0.0645532,nm,nm
line,overlay,wt-homo-3,wt-homo-3,rmsf,w7njh3bc,w7njh3bc::RMSF,wt-homo-3 / RMSF,RMSF,Residue,304,0.074035354,nm,nm
line,overlay,wt-homo-3,wt-homo-3,rmsf,w7njh3bc,w7njh3bc::RMSF,wt-homo-3 / RMSF,RMSF,Residue,305,0.07611746,nm,nm
line,overlay,wt-homo-3,wt-homo-3,rmsf,w7njh3bc,w7njh3bc::RMSF,wt-homo-3 / RMSF,RMSF,Residue,306,0.07711715,nm,nm
line,overlay,wt-homo-3,wt-homo-3,rmsf,w7njh3bc,w7njh3bc::RMSF,wt-homo-3 / RMSF,RMSF,Residue,307,0.07833434,nm,nm
line,overlay,wt-homo-3,wt-homo-3,rmsf,w7njh3bc,w7njh3bc::RMSF,wt-homo-3 / RMSF,RMSF,Residue,308,0.06300095,nm,nm
line,overlay,wt-homo-3,wt-homo-3,rmsf,w7njh3bc,w7njh3bc::RMSF,wt-homo-3 / RMSF,RMSF,Residue,309,0.05563511,nm,nm
line,overlay,wt-homo-3,wt-homo-3,rmsf,w7njh3bc,w7njh3bc::RMSF,wt-homo-3 / RMSF,RMSF,Residue,310,0.049163226,nm,nm
line,overlay,wt-homo-3,wt-homo-3,rmsf,w7njh3bc,w7njh3bc::RMSF,wt-homo-3 / RMSF,RMSF,Residue,311,0.047456007,nm,nm
line,overlay,wt-homo-3,wt-homo-3,rmsf,w7njh3bc,w7njh3bc::RMSF,wt-homo-3 / RMSF,RMSF,Residue,312,0.048429918,nm,nm
line,overlay,wt-homo-3,wt-homo-3,rmsf,w7njh3bc,w7njh3bc::RMSF,wt-homo-3 / RMSF,RMSF,Residue,313,0.057609215,nm,nm
line,overlay,wt-homo-3,wt-homo-3,rmsf,w7njh3bc,w7njh3bc::RMSF,wt-homo-3 / RMSF,RMSF,Residue,314,0.07646286,nm,nm
line,overlay,wt-homo-3,wt-homo-3,rmsf,w7njh3bc,w7njh3bc::RMSF,wt-homo-3 / RMSF,RMSF,Residue,315,0.11878446,nm,nm
line,overlay,wt-homo-3,wt-homo-3,rmsf,w7njh3bc,w7njh3bc::RMSF,wt-homo-3 / RMSF,RMSF,Residue,316,0.17185782,nm,nm
line,overlay,wt-homo-3,wt-homo-3,rmsf,w7njh3bc,w7njh3bc::RMSF,wt-homo-3 / RMSF,RMSF,Residue,317,0.16783479,nm,nm
line,overlay,wt-homo-3,wt-homo-3,rmsf,w7njh3bc,w7njh3bc::RMSF,wt-homo-3 / RMSF,RMSF,Residue,318,0.20484853,nm,nm
line,overlay,wt-homo-3,wt-homo-3,rmsf,w7njh3bc,w7njh3bc::RMSF,wt-homo-3 / RMSF,RMSF,Residue,319,0.2581128,nm,nm
line,overlay,wt-homo-3,wt-homo-3,rmsf,w7njh3bc,w7njh3bc::RMSF,wt-homo-3 / RMSF,RMSF,Residue,320,0.2005317,nm,nm
line,overlay,wt-homo-3,wt-homo-3,rmsf,w7njh3bc,w7njh3bc::RMSF,wt-homo-3 / RMSF,RMSF,Residue,321,0.24228762,nm,nm
line,overlay,wt-homo-3,wt-homo-3,rmsf,w7njh3bc,w7njh3bc::RMSF,wt-homo-3 / RMSF,RMSF,Residue,322,0.17804964,nm,nm
line,overlay,wt-homo-3,wt-homo-3,rmsf,w7njh3bc,w7njh3bc::RMSF,wt-homo-3 / RMSF,RMSF,Residue,323,0.12289208,nm,nm
line,overlay,wt-homo-3,wt-homo-3,rmsf,w7njh3bc,w7njh3bc::RMSF,wt-homo-3 / RMSF,RMSF,Residue,324,0.09387032,nm,nm
line,overlay,wt-homo-3,wt-homo-3,rmsf,w7njh3bc,w7njh3bc::RMSF,wt-homo-3 / RMSF,RMSF,Residue,325,0.1002674,nm,nm
line,overlay,wt-homo-3,wt-homo-3,rmsf,w7njh3bc,w7njh3bc::RMSF,wt-homo-3 / RMSF,RMSF,Residue,326,0.115696184,nm,nm
line,overlay,wt-homo-3,wt-homo-3,rmsf,w7njh3bc,w7njh3bc::RMSF,wt-homo-3 / RMSF,RMSF,Residue,327,0.11379623,nm,nm
line,overlay,wt-homo-3,wt-homo-3,rmsf,w7njh3bc,w7njh3bc::RMSF,wt-homo-3 / RMSF,RMSF,Residue,328,0.08750738,nm,nm
line,overlay,wt-homo-3,wt-homo-3,rmsf,w7njh3bc,w7njh3bc::RMSF,wt-homo-3 / RMSF,RMSF,Residue,329,0.08896197,nm,nm
line,overlay,wt-homo-3,wt-homo-3,rmsf,w7njh3bc,w7njh3bc::RMSF,wt-homo-3 / RMSF,RMSF,Residue,330,0.10341005,nm,nm
line,overlay,wt-homo-3,wt-homo-3,rmsf,w7njh3bc,w7njh3bc::RMSF,wt-homo-3 / RMSF,RMSF,Residue,331,0.09857626,nm,nm
line,overlay,wt-homo-3,wt-homo-3,rmsf,w7njh3bc,w7njh3bc::RMSF,wt-homo-3 / RMSF,RMSF,Residue,332,0.082561076,nm,nm
line,overlay,wt-homo-3,wt-homo-3,rmsf,w7njh3bc,w7njh3bc::RMSF,wt-homo-3 / RMSF,RMSF,Residue,333,0.094448455,nm,nm
line,overlay,wt-homo-3,wt-homo-3,rmsf,w7njh3bc,w7njh3bc::RMSF,wt-homo-3 / RMSF,RMSF,Residue,334,0.103984445,nm,nm
line,overlay,wt-homo-3,wt-homo-3,rmsf,w7njh3bc,w7njh3bc::RMSF,wt-homo-3 / RMSF,RMSF,Residue,335,0.078046784,nm,nm
line,overlay,wt-homo-3,wt-homo-3,rmsf,w7njh3bc,w7njh3bc::RMSF,wt-homo-3 / RMSF,RMSF,Residue,336,0.06713327,nm,nm
line,overlay,wt-homo-3,wt-homo-3,rmsf,w7njh3bc,w7njh3bc::RMSF,wt-homo-3 / RMSF,RMSF,Residue,337,0.07152245,nm,nm
line,overlay,wt-homo-3,wt-homo-3,rmsf,w7njh3bc,w7njh3bc::RMSF,wt-homo-3 / RMSF,RMSF,Residue,338,0.06330795,nm,nm
line,overlay,wt-homo-3,wt-homo-3,rmsf,w7njh3bc,w7njh3bc::RMSF,wt-homo-3 / RMSF,RMSF,Residue,339,0.0642662,nm,nm
line,overlay,wt-homo-3,wt-homo-3,rmsf,w7njh3bc,w7njh3bc::RMSF,wt-homo-3 / RMSF,RMSF,Residue,340,0.07706113,nm,nm
line,overlay,wt-homo-3,wt-homo-3,rmsf,w7njh3bc,w7njh3bc::RMSF,wt-homo-3 / RMSF,RMSF,Residue,341,0.12941165,nm,nm
line,overlay,wt-homo-3,wt-homo-3,rmsf,w7njh3bc,w7njh3bc::RMSF,wt-homo-3 / RMSF,RMSF,Residue,342,0.08839144,nm,nm
line,overlay,wt-homo-3,wt-homo-3,rmsf,w7njh3bc,w7njh3bc::RMSF,wt-homo-3 / RMSF,RMSF,Residue,343,0.066359885,nm,nm
line,overlay,wt-homo-3,wt-homo-3,rmsf,w7njh3bc,w7njh3bc::RMSF,wt-homo-3 / RMSF,RMSF,Residue,344,0.057960235,nm,nm
line,overlay,wt-homo-3,wt-homo-3,rmsf,w7njh3bc,w7njh3bc::RMSF,wt-homo-3 / RMSF,RMSF,Residue,345,0.051922552,nm,nm
line,overlay,wt-homo-3,wt-homo-3,rmsf,w7njh3bc,w7njh3bc::RMSF,wt-homo-3 / RMSF,RMSF,Residue,346,0.053701375,nm,nm
line,overlay,wt-homo-3,wt-homo-3,rmsf,w7njh3bc,w7njh3bc::RMSF,wt-homo-3 / RMSF,RMSF,Residue,347,0.054947864,nm,nm
line,overlay,wt-homo-3,wt-homo-3,rmsf,w7njh3bc,w7njh3bc::RMSF,wt-homo-3 / RMSF,RMSF,Residue,348,0.045451716,nm,nm
line,overlay,wt-homo-3,wt-homo-3,rmsf,w7njh3bc,w7njh3bc::RMSF,wt-homo-3 / RMSF,RMSF,Residue,349,0.046401657,nm,nm
line,overlay,wt-homo-3,wt-homo-3,rmsf,w7njh3bc,w7njh3bc::RMSF,wt-homo-3 / RMSF,RMSF,Residue,350,0.056438413,nm,nm
line,overlay,wt-homo-3,wt-homo-3,rmsf,w7njh3bc,w7njh3bc::RMSF,wt-homo-3 / RMSF,RMSF,Residue,351,0.055421606,nm,nm
line,overlay,wt-homo-3,wt-homo-3,rmsf,w7njh3bc,w7njh3bc::RMSF,wt-homo-3 / RMSF,RMSF,Residue,352,0.062020186,nm,nm
line,overlay,wt-homo-3,wt-homo-3,rmsf,w7njh3bc,w7njh3bc::RMSF,wt-homo-3 / RMSF,RMSF,Residue,353,0.051478837,nm,nm
line,overlay,wt-homo-3,wt-homo-3,rmsf,w7njh3bc,w7njh3bc::RMSF,wt-homo-3 / RMSF,RMSF,Residue,354,0.043982547,nm,nm
line,overlay,wt-homo-3,wt-homo-3,rmsf,w7njh3bc,w7njh3bc::RMSF,wt-homo-3 / RMSF,RMSF,Residue,355,0.046598926,nm,nm
line,overlay,wt-homo-3,wt-homo-3,rmsf,w7njh3bc,w7njh3bc::RMSF,wt-homo-3 / RMSF,RMSF,Residue,356,0.04264871,nm,nm
line,overlay,wt-homo-3,wt-homo-3,rmsf,w7njh3bc,w7njh3bc::RMSF,wt-homo-3 / RMSF,RMSF,Residue,357,0.0372138,nm,nm
line,overlay,wt-homo-3,wt-homo-3,rmsf,w7njh3bc,w7njh3bc::RMSF,wt-homo-3 / RMSF,RMSF,Residue,358,0.037152246,nm,nm
line,overlay,wt-homo-3,wt-homo-3,rmsf,w7njh3bc,w7njh3bc::RMSF,wt-homo-3 / RMSF,RMSF,Residue,359,0.04753274,nm,nm
line,overlay,wt-homo-3,wt-homo-3,rmsf,w7njh3bc,w7njh3bc::RMSF,wt-homo-3 / RMSF,RMSF,Residue,360,0.04641043,nm,nm
line,overlay,wt-homo-3,wt-homo-3,rmsf,w7njh3bc,w7njh3bc::RMSF,wt-homo-3 / RMSF,RMSF,Residue,361,0.04163672,nm,nm
line,overlay,wt-homo-3,wt-homo-3,rmsf,w7njh3bc,w7njh3bc::RMSF,wt-homo-3 / RMSF,RMSF,Residue,362,0.0524814,nm,nm
line,overlay,wt-homo-3,wt-homo-3,rmsf,w7njh3bc,w7njh3bc::RMSF,wt-homo-3 / RMSF,RMSF,Residue,363,0.05439472,nm,nm
line,overlay,wt-homo-3,wt-homo-3,rmsf,w7njh3bc,w7njh3bc::RMSF,wt-homo-3 / RMSF,RMSF,Residue,364,0.06272346,nm,nm
line,overlay,wt-homo-3,wt-homo-3,rmsf,w7njh3bc,w7njh3bc::RMSF,wt-homo-3 / RMSF,RMSF,Residue,365,0.06278274,nm,nm
line,overlay,wt-homo-3,wt-homo-3,rmsf,w7njh3bc,w7njh3bc::RMSF,wt-homo-3 / RMSF,RMSF,Residue,366,0.05192614,nm,nm
line,overlay,wt-homo-3,wt-homo-3,rmsf,w7njh3bc,w7njh3bc::RMSF,wt-homo-3 / RMSF,RMSF,Residue,367,0.05297769,nm,nm
line,overlay,wt-homo-3,wt-homo-3,rmsf,w7njh3bc,w7njh3bc::RMSF,wt-homo-3 / RMSF,RMSF,Residue,368,0.05279838,nm,nm
line,overlay,wt-homo-3,wt-homo-3,rmsf,w7njh3bc,w7njh3bc::RMSF,wt-homo-3 / RMSF,RMSF,Residue,369,0.054666173,nm,nm
line,overlay,wt-homo-3,wt-homo-3,rmsf,w7njh3bc,w7njh3bc::RMSF,wt-homo-3 / RMSF,RMSF,Residue,370,0.052497007,nm,nm
line,overlay,wt-homo-3,wt-homo-3,rmsf,w7njh3bc,w7njh3bc::RMSF,wt-homo-3 / RMSF,RMSF,Residue,371,0.06292986,nm,nm
line,overlay,wt-homo-3,wt-homo-3,rmsf,w7njh3bc,w7njh3bc::RMSF,wt-homo-3 / RMSF,RMSF,Residue,372,0.06216373,nm,nm
line,overlay,wt-homo-3,wt-homo-3,rmsf,w7njh3bc,w7njh3bc::RMSF,wt-homo-3 / RMSF,RMSF,Residue,373,0.05694052,nm,nm
line,overlay,wt-homo-3,wt-homo-3,rmsf,w7njh3bc,w7njh3bc::RMSF,wt-homo-3 / RMSF,RMSF,Residue,374,0.044054206,nm,nm
line,overlay,wt-homo-3,wt-homo-3,rmsf,w7njh3bc,w7njh3bc::RMSF,wt-homo-3 / RMSF,RMSF,Residue,375,0.042570516,nm,nm
line,overlay,wt-homo-3,wt-homo-3,rmsf,w7njh3bc,w7njh3bc::RMSF,wt-homo-3 / RMSF,RMSF,Residue,376,0.04277789,nm,nm
line,overlay,wt-homo-3,wt-homo-3,rmsf,w7njh3bc,w7njh3bc::RMSF,wt-homo-3 / RMSF,RMSF,Residue,377,0.037235443,nm,nm
line,overlay,wt-homo-3,wt-homo-3,rmsf,w7njh3bc,w7njh3bc::RMSF,wt-homo-3 / RMSF,RMSF,Residue,378,0.037892994,nm,nm
line,overlay,wt-homo-3,wt-homo-3,rmsf,w7njh3bc,w7njh3bc::RMSF,wt-homo-3 / RMSF,RMSF,Residue,379,0.03952722,nm,nm
line,overlay,wt-homo-3,wt-homo-3,rmsf,w7njh3bc,w7njh3bc::RMSF,wt-homo-3 / RMSF,RMSF,Residue,380,0.040417932,nm,nm
line,overlay,wt-homo-3,wt-homo-3,rmsf,w7njh3bc,w7njh3bc::RMSF,wt-homo-3 / RMSF,RMSF,Residue,381,0.051379204,nm,nm
line,overlay,wt-homo-3,wt-homo-3,rmsf,w7njh3bc,w7njh3bc::RMSF,wt-homo-3 / RMSF,RMSF,Residue,382,0.04885815,nm,nm
line,overlay,wt-homo-3,wt-homo-3,rmsf,w7njh3bc,w7njh3bc::RMSF,wt-homo-3 / RMSF,RMSF,Residue,383,0.07280651,nm,nm
line,overlay,wt-homo-3,wt-homo-3,rmsf,w7njh3bc,w7njh3bc::RMSF,wt-homo-3 / RMSF,RMSF,Residue,384,0.05267481,nm,nm
line,overlay,wt-homo-3,wt-homo-3,rmsf,w7njh3bc,w7njh3bc::RMSF,wt-homo-3 / RMSF,RMSF,Residue,385,0.040218856,nm,nm
line,overlay,wt-homo-3,wt-homo-3,rmsf,w7njh3bc,w7njh3bc::RMSF,wt-homo-3 / RMSF,RMSF,Residue,386,0.03975432,nm,nm
line,overlay,wt-homo-3,wt-homo-3,rmsf,w7njh3bc,w7njh3bc::RMSF,wt-homo-3 / RMSF,RMSF,Residue,387,0.04049183,nm,nm
line,overlay,wt-homo-3,wt-homo-3,rmsf,w7njh3bc,w7njh3bc::RMSF,wt-homo-3 / RMSF,RMSF,Residue,388,0.03915592,nm,nm
line,overlay,wt-homo-3,wt-homo-3,rmsf,w7njh3bc,w7njh3bc::RMSF,wt-homo-3 / RMSF,RMSF,Residue,389,0.03791683,nm,nm
line,overlay,wt-homo-3,wt-homo-3,rmsf,w7njh3bc,w7njh3bc::RMSF,wt-homo-3 / RMSF,RMSF,Residue,390,0.043945566,nm,nm
line,overlay,wt-homo-3,wt-homo-3,rmsf,w7njh3bc,w7njh3bc::RMSF,wt-homo-3 / RMSF,RMSF,Residue,391,0.043922078,nm,nm
line,overlay,wt-homo-3,wt-homo-3,rmsf,w7njh3bc,w7njh3bc::RMSF,wt-homo-3 / RMSF,RMSF,Residue,392,0.040234867,nm,nm
line,overlay,wt-homo-3,wt-homo-3,rmsf,w7njh3bc,w7njh3bc::RMSF,wt-homo-3 / RMSF,RMSF,Residue,393,0.047106028,nm,nm
line,overlay,wt-homo-3,wt-homo-3,rmsf,w7njh3bc,w7njh3bc::RMSF,wt-homo-3 / RMSF,RMSF,Residue,394,0.057576526,nm,nm
line,overlay,wt-homo-3,wt-homo-3,rmsf,w7njh3bc,w7njh3bc::RMSF,wt-homo-3 / RMSF,RMSF,Residue,395,0.054988045,nm,nm
line,overlay,wt-homo-3,wt-homo-3,rmsf,w7njh3bc,w7njh3bc::RMSF,wt-homo-3 / RMSF,RMSF,Residue,396,0.049463503,nm,nm
line,overlay,wt-homo-3,wt-homo-3,rmsf,w7njh3bc,w7njh3bc::RMSF,wt-homo-3 / RMSF,RMSF,Residue,397,0.047556333,nm,nm
line,overlay,wt-homo-3,wt-homo-3,rmsf,w7njh3bc,w7njh3bc::RMSF,wt-homo-3 / RMSF,RMSF,Residue,398,0.045974035,nm,nm
line,overlay,wt-homo-3,wt-homo-3,rmsf,w7njh3bc,w7njh3bc::RMSF,wt-homo-3 / RMSF,RMSF,Residue,399,0.05132462,nm,nm
line,overlay,wt-homo-3,wt-homo-3,rmsf,w7njh3bc,w7njh3bc::RMSF,wt-homo-3 / RMSF,RMSF,Residue,400,0.048942715,nm,nm
line,overlay,wt-homo-3,wt-homo-3,rmsf,w7njh3bc,w7njh3bc::RMSF,wt-homo-3 / RMSF,RMSF,Residue,401,0.051237743,nm,nm
line,overlay,wt-homo-3,wt-homo-3,rmsf,w7njh3bc,w7njh3bc::RMSF,wt-homo-3 / RMSF,RMSF,Residue,402,0.049839254,nm,nm
line,overlay,wt-homo-3,wt-homo-3,rmsf,w7njh3bc,w7njh3bc::RMSF,wt-homo-3 / RMSF,RMSF,Residue,403,0.060020573,nm,nm
line,overlay,wt-homo-3,wt-homo-3,rmsf,w7njh3bc,w7njh3bc::RMSF,wt-homo-3 / RMSF,RMSF,Residue,404,0.049390934,nm,nm
line,overlay,wt-homo-3,wt-homo-3,rmsf,w7njh3bc,w7njh3bc::RMSF,wt-homo-3 / RMSF,RMSF,Residue,405,0.056552995,nm,nm
line,overlay,wt-homo-3,wt-homo-3,rmsf,w7njh3bc,w7njh3bc::RMSF,wt-homo-3 / RMSF,RMSF,Residue,406,0.055415217,nm,nm
line,overlay,wt-homo-3,wt-homo-3,rmsf,w7njh3bc,w7njh3bc::RMSF,wt-homo-3 / RMSF,RMSF,Residue,407,0.057691902,nm,nm
line,overlay,wt-homo-3,wt-homo-3,rmsf,w7njh3bc,w7njh3bc::RMSF,wt-homo-3 / RMSF,RMSF,Residue,408,0.07809801,nm,nm
line,overlay,wt-homo-3,wt-homo-3,rmsf,w7njh3bc,w7njh3bc::RMSF,wt-homo-3 / RMSF,RMSF,Residue,409,0.08412703,nm,nm
line,overlay,wt-homo-3,wt-homo-3,rmsf,w7njh3bc,w7njh3bc::RMSF,wt-homo-3 / RMSF,RMSF,Residue,410,0.13076045,nm,nm
line,overlay,wt-homo-3,wt-homo-3,rmsf,w7njh3bc,w7njh3bc::RMSF,wt-homo-3 / RMSF,RMSF,Residue,411,0.09276117,nm,nm
line,overlay,wt-homo-3,wt-homo-3,rmsf,w7njh3bc,w7njh3bc::RMSF,wt-homo-3 / RMSF,RMSF,Residue,412,0.07727046,nm,nm
line,overlay,wt-homo-3,wt-homo-3,rmsf,w7njh3bc,w7njh3bc::RMSF,wt-homo-3 / RMSF,RMSF,Residue,413,0.07525914,nm,nm
line,overlay,wt-homo-3,wt-homo-3,rmsf,w7njh3bc,w7njh3bc::RMSF,wt-homo-3 / RMSF,RMSF,Residue,414,0.09195102,nm,nm
line,overlay,wt-homo-3,wt-homo-3,rmsf,w7njh3bc,w7njh3bc::RMSF,wt-homo-3 / RMSF,RMSF,Residue,415,0.071993224,nm,nm
line,overlay,wt-homo-3,wt-homo-3,rmsf,w7njh3bc,w7njh3bc::RMSF,wt-homo-3 / RMSF,RMSF,Residue,416,0.07556067,nm,nm
line,overlay,wt-homo-3,wt-homo-3,rmsf,w7njh3bc,w7njh3bc::RMSF,wt-homo-3 / RMSF,RMSF,Residue,417,0.06807675,nm,nm
line,overlay,wt-homo-3,wt-homo-3,rmsf,w7njh3bc,w7njh3bc::RMSF,wt-homo-3 / RMSF,RMSF,Residue,418,0.07574818,nm,nm
line,overlay,wt-homo-3,wt-homo-3,rmsf,w7njh3bc,w7njh3bc::RMSF,wt-homo-3 / RMSF,RMSF,Residue,419,0.070907824,nm,nm
line,overlay,wt-homo-3,wt-homo-3,rmsf,w7njh3bc,w7njh3bc::RMSF,wt-homo-3 / RMSF,RMSF,Residue,420,0.059932295,nm,nm
line,overlay,wt-homo-3,wt-homo-3,rmsf,w7njh3bc,w7njh3bc::RMSF,wt-homo-3 / RMSF,RMSF,Residue,421,0.06129008,nm,nm
line,overlay,wt-homo-3,wt-homo-3,rmsf,w7njh3bc,w7njh3bc::RMSF,wt-homo-3 / RMSF,RMSF,Residue,422,0.064585224,nm,nm
line,overlay,wt-homo-3,wt-homo-3,rmsf,w7njh3bc,w7njh3bc::RMSF,wt-homo-3 / RMSF,RMSF,Residue,423,0.059008945,nm,nm
line,overlay,wt-homo-3,wt-homo-3,rmsf,w7njh3bc,w7njh3bc::RMSF,wt-homo-3 / RMSF,RMSF,Residue,424,0.055807658,nm,nm
line,overlay,wt-homo-3,wt-homo-3,rmsf,w7njh3bc,w7njh3bc::RMSF,wt-homo-3 / RMSF,RMSF,Residue,425,0.061862387,nm,nm
line,overlay,wt-homo-3,wt-homo-3,rmsf,w7njh3bc,w7njh3bc::RMSF,wt-homo-3 / RMSF,RMSF,Residue,426,0.06341064,nm,nm
line,overlay,wt-homo-3,wt-homo-3,rmsf,w7njh3bc,w7njh3bc::RMSF,wt-homo-3 / RMSF,RMSF,Residue,427,0.062438227,nm,nm
line,overlay,wt-homo-3,wt-homo-3,rmsf,w7njh3bc,w7njh3bc::RMSF,wt-homo-3 / RMSF,RMSF,Residue,428,0.06872983,nm,nm
line,overlay,wt-homo-3,wt-homo-3,rmsf,w7njh3bc,w7njh3bc::RMSF,wt-homo-3 / RMSF,RMSF,Residue,429,0.09888675,nm,nm
line,overlay,wt-homo-3,wt-homo-3,rmsf,w7njh3bc,w7njh3bc::RMSF,wt-homo-3 / RMSF,RMSF,Residue,430,0.21077794,nm,nm
line,overlay,wt-homo-3,wt-homo-3,rmsf,w7njh3bc,w7njh3bc::RMSF,wt-homo-3 / RMSF,RMSF,Residue,431,0.14913093,nm,nm
line,overlay,wt-homo-3,wt-homo-3,rmsf,w7njh3bc,w7njh3bc::RMSF,wt-homo-3 / RMSF,RMSF,Residue,432,0.13226034,nm,nm
line,overlay,wt-homo-3,wt-homo-3,rmsf,w7njh3bc,w7njh3bc::RMSF,wt-homo-3 / RMSF,RMSF,Residue,433,0.0755715,nm,nm
line,overlay,wt-homo-3,wt-homo-3,rmsf,w7njh3bc,w7njh3bc::RMSF,wt-homo-3 / RMSF,RMSF,Residue,434,0.07895424,nm,nm
line,overlay,wt-homo-3,wt-homo-3,rmsf,w7njh3bc,w7njh3bc::RMSF,wt-homo-3 / RMSF,RMSF,Residue,435,0.074483,nm,nm
line,overlay,wt-homo-3,wt-homo-3,rmsf,w7njh3bc,w7njh3bc::RMSF,wt-homo-3 / RMSF,RMSF,Residue,436,0.056107536,nm,nm
line,overlay,wt-homo-3,wt-homo-3,rmsf,w7njh3bc,w7njh3bc::RMSF,wt-homo-3 / RMSF,RMSF,Residue,437,0.05646393,nm,nm
line,overlay,wt-homo-3,wt-homo-3,rmsf,w7njh3bc,w7njh3bc::RMSF,wt-homo-3 / RMSF,RMSF,Residue,438,0.06644019,nm,nm
line,overlay,wt-homo-3,wt-homo-3,rmsf,w7njh3bc,w7njh3bc::RMSF,wt-homo-3 / RMSF,RMSF,Residue,439,0.059613924,nm,nm
line,overlay,wt-homo-3,wt-homo-3,rmsf,w7njh3bc,w7njh3bc::RMSF,wt-homo-3 / RMSF,RMSF,Residue,440,0.050675802,nm,nm
line,overlay,wt-homo-3,wt-homo-3,rmsf,w7njh3bc,w7njh3bc::RMSF,wt-homo-3 / RMSF,RMSF,Residue,441,0.062455,nm,nm
line,overlay,wt-homo-3,wt-homo-3,rmsf,w7njh3bc,w7njh3bc::RMSF,wt-homo-3 / RMSF,RMSF,Residue,442,0.063628525,nm,nm
line,overlay,wt-homo-3,wt-homo-3,rmsf,w7njh3bc,w7njh3bc::RMSF,wt-homo-3 / RMSF,RMSF,Residue,443,0.051257294,nm,nm
line,overlay,wt-homo-3,wt-homo-3,rmsf,w7njh3bc,w7njh3bc::RMSF,wt-homo-3 / RMSF,RMSF,Residue,444,0.05369579,nm,nm
line,overlay,wt-homo-3,wt-homo-3,rmsf,w7njh3bc,w7njh3bc::RMSF,wt-homo-3 / RMSF,RMSF,Residue,445,0.06137956,nm,nm
line,overlay,wt-homo-3,wt-homo-3,rmsf,w7njh3bc,w7njh3bc::RMSF,wt-homo-3 / RMSF,RMSF,Residue,446,0.05756407,nm,nm
line,overlay,wt-homo-3,wt-homo-3,rmsf,w7njh3bc,w7njh3bc::RMSF,wt-homo-3 / RMSF,RMSF,Residue,447,0.05491627,nm,nm
line,overlay,wt-homo-3,wt-homo-3,rmsf,w7njh3bc,w7njh3bc::RMSF,wt-homo-3 / RMSF,RMSF,Residue,448,0.07333877,nm,nm
line,overlay,wt-homo-3,wt-homo-3,rmsf,w7njh3bc,w7njh3bc::RMSF,wt-homo-3 / RMSF,RMSF,Residue,449,0.0774824,nm,nm
line,overlay,wt-homo-3,wt-homo-3,rmsf,w7njh3bc,w7njh3bc::RMSF,wt-homo-3 / RMSF,RMSF,Residue,450,0.061404835,nm,nm
line,overlay,wt-homo-3,wt-homo-3,rmsf,w7njh3bc,w7njh3bc::RMSF,wt-homo-3 / RMSF,RMSF,Residue,451,0.07407328,nm,nm
line,overlay,wt-homo-3,wt-homo-3,rmsf,w7njh3bc,w7njh3bc::RMSF,wt-homo-3 / RMSF,RMSF,Residue,452,0.09129185,nm,nm
line,overlay,wt-homo-3,wt-homo-3,rmsf,w7njh3bc,w7njh3bc::RMSF,wt-homo-3 / RMSF,RMSF,Residue,453,0.09312619,nm,nm
line,overlay,wt-homo-3,wt-homo-3,rmsf,w7njh3bc,w7njh3bc::RMSF,wt-homo-3 / RMSF,RMSF,Residue,454,0.102579564,nm,nm
line,overlay,wt-homo-3,wt-homo-3,rmsf,w7njh3bc,w7njh3bc::RMSF,wt-homo-3 / RMSF,RMSF,Residue,455,0.070020184,nm,nm
line,overlay,wt-homo-3,wt-homo-3,rmsf,w7njh3bc,w7njh3bc::RMSF,wt-homo-3 / RMSF,RMSF,Residue,456,0.054687984,nm,nm
line,overlay,wt-homo-3,wt-homo-3,rmsf,w7njh3bc,w7njh3bc::RMSF,wt-homo-3 / RMSF,RMSF,Residue,457,0.048252553,nm,nm
line,overlay,wt-homo-3,wt-homo-3,rmsf,w7njh3bc,w7njh3bc::RMSF,wt-homo-3 / RMSF,RMSF,Residue,458,0.054885376,nm,nm
line,overlay,wt-homo-3,wt-homo-3,rmsf,w7njh3bc,w7njh3bc::RMSF,wt-homo-3 / RMSF,RMSF,Residue,459,0.059933834,nm,nm
line,overlay,wt-homo-3,wt-homo-3,rmsf,w7njh3bc,w7njh3bc::RMSF,wt-homo-3 / RMSF,RMSF,Residue,460,0.05859474,nm,nm
line,overlay,wt-homo-3,wt-homo-3,rmsf,w7njh3bc,w7njh3bc::RMSF,wt-homo-3 / RMSF,RMSF,Residue,461,0.051747736,nm,nm
line,overlay,wt-homo-3,wt-homo-3,rmsf,w7njh3bc,w7njh3bc::RMSF,wt-homo-3 / RMSF,RMSF,Residue,462,0.056136586,nm,nm
line,overlay,wt-homo-3,wt-homo-3,rmsf,w7njh3bc,w7njh3bc::RMSF,wt-homo-3 / RMSF,RMSF,Residue,463,0.06426694,nm,nm
line,overlay,wt-homo-3,wt-homo-3,rmsf,w7njh3bc,w7njh3bc::RMSF,wt-homo-3 / RMSF,RMSF,Residue,464,0.05729929,nm,nm
line,overlay,wt-homo-3,wt-homo-3,rmsf,w7njh3bc,w7njh3bc::RMSF,wt-homo-3 / RMSF,RMSF,Residue,465,0.055866275,nm,nm
line,overlay,wt-homo-3,wt-homo-3,rmsf,w7njh3bc,w7njh3bc::RMSF,wt-homo-3 / RMSF,RMSF,Residue,466,0.0753598,nm,nm
line,overlay,wt-homo-3,wt-homo-3,rmsf,w7njh3bc,w7njh3bc::RMSF,wt-homo-3 / RMSF,RMSF,Residue,467,0.08235616,nm,nm
line,overlay,wt-homo-3,wt-homo-3,rmsf,w7njh3bc,w7njh3bc::RMSF,wt-homo-3 / RMSF,RMSF,Residue,468,0.06754699,nm,nm
line,overlay,wt-homo-3,wt-homo-3,rmsf,w7njh3bc,w7njh3bc::RMSF,wt-homo-3 / RMSF,RMSF,Residue,469,0.087259494,nm,nm
line,overlay,wt-homo-3,wt-homo-3,rmsf,w7njh3bc,w7njh3bc::RMSF,wt-homo-3 / RMSF,RMSF,Residue,470,0.11035191,nm,nm
line,overlay,wt-homo-3,wt-homo-3,rmsf,w7njh3bc,w7njh3bc::RMSF,wt-homo-3 / RMSF,RMSF,Residue,471,0.111489676,nm,nm
line,overlay,wt-homo-3,wt-homo-3,rmsf,w7njh3bc,w7njh3bc::RMSF,wt-homo-3 / RMSF,RMSF,Residue,472,0.15481031,nm,nm
line,overlay,wt-homo-3,wt-homo-3,rmsf,w7njh3bc,w7njh3bc::RMSF,wt-homo-3 / RMSF,RMSF,Residue,473,0.2576145,nm,nm
line,overlay,wt-homo-3,wt-homo-3,rmsf,w7njh3bc,w7njh3bc::RMSF,wt-homo-3 / RMSF,RMSF,Residue,474,0.41126484,nm,nm
line,overlay,wt-homo-3,wt-homo-3,rmsf,w7njh3bc,w7njh3bc::RMSF,wt-homo-3 / RMSF,RMSF,Residue,475,0.6156112,nm,nm
line,overlay,wt-homo-3,wt-homo-3,rmsf,w7njh3bc,w7njh3bc::RMSF,wt-homo-3 / RMSF,RMSF,Residue,476,0.79121673,nm,nm
line,overlay,wt-homo-4,wt-homo-4,rmsf,9eldfe6c,9eldfe6c::RMSF,wt-homo-4 / RMSF,RMSF,Residue,1,0.40897733,nm,nm
line,overlay,wt-homo-4,wt-homo-4,rmsf,9eldfe6c,9eldfe6c::RMSF,wt-homo-4 / RMSF,RMSF,Residue,2,0.23902051,nm,nm
line,overlay,wt-homo-4,wt-homo-4,rmsf,9eldfe6c,9eldfe6c::RMSF,wt-homo-4 / RMSF,RMSF,Residue,3,0.109094225,nm,nm
line,overlay,wt-homo-4,wt-homo-4,rmsf,9eldfe6c,9eldfe6c::RMSF,wt-homo-4 / RMSF,RMSF,Residue,4,0.0655694,nm,nm
line,overlay,wt-homo-4,wt-homo-4,rmsf,9eldfe6c,9eldfe6c::RMSF,wt-homo-4 / RMSF,RMSF,Residue,5,0.060102437,nm,nm
line,overlay,wt-homo-4,wt-homo-4,rmsf,9eldfe6c,9eldfe6c::RMSF,wt-homo-4 / RMSF,RMSF,Residue,6,0.050842755,nm,nm
line,overlay,wt-homo-4,wt-homo-4,rmsf,9eldfe6c,9eldfe6c::RMSF,wt-homo-4 / RMSF,RMSF,Residue,7,0.046967432,nm,nm
line,overlay,wt-homo-4,wt-homo-4,rmsf,9eldfe6c,9eldfe6c::RMSF,wt-homo-4 / RMSF,RMSF,Residue,8,0.045953803,nm,nm
line,overlay,wt-homo-4,wt-homo-4,rmsf,9eldfe6c,9eldfe6c::RMSF,wt-homo-4 / RMSF,RMSF,Residue,9,0.04886568,nm,nm
line,overlay,wt-homo-4,wt-homo-4,rmsf,9eldfe6c,9eldfe6c::RMSF,wt-homo-4 / RMSF,RMSF,Residue,10,0.04636638,nm,nm
line,overlay,wt-homo-4,wt-homo-4,rmsf,9eldfe6c,9eldfe6c::RMSF,wt-homo-4 / RMSF,RMSF,Residue,11,0.058065135,nm,nm
line,overlay,wt-homo-4,wt-homo-4,rmsf,9eldfe6c,9eldfe6c::RMSF,wt-homo-4 / RMSF,RMSF,Residue,12,0.056727305,nm,nm
line,overlay,wt-homo-4,wt-homo-4,rmsf,9eldfe6c,9eldfe6c::RMSF,wt-homo-4 / RMSF,RMSF,Residue,13,0.060922693,nm,nm
line,overlay,wt-homo-4,wt-homo-4,rmsf,9eldfe6c,9eldfe6c::RMSF,wt-homo-4 / RMSF,RMSF,Residue,14,0.06110511,nm,nm
line,overlay,wt-homo-4,wt-homo-4,rmsf,9eldfe6c,9eldfe6c::RMSF,wt-homo-4 / RMSF,RMSF,Residue,15,0.06102289,nm,nm
line,overlay,wt-homo-4,wt-homo-4,rmsf,9eldfe6c,9eldfe6c::RMSF,wt-homo-4 / RMSF,RMSF,Residue,16,0.04897258,nm,nm
line,overlay,wt-homo-4,wt-homo-4,rmsf,9eldfe6c,9eldfe6c::RMSF,wt-homo-4 / RMSF,RMSF,Residue,17,0.046579238,nm,nm
line,overlay,wt-homo-4,wt-homo-4,rmsf,9eldfe6c,9eldfe6c::RMSF,wt-homo-4 / RMSF,RMSF,Residue,18,0.047821205,nm,nm
line,overlay,wt-homo-4,wt-homo-4,rmsf,9eldfe6c,9eldfe6c::RMSF,wt-homo-4 / RMSF,RMSF,Residue,19,0.043404367,nm,nm
line,overlay,wt-homo-4,wt-homo-4,rmsf,9eldfe6c,9eldfe6c::RMSF,wt-homo-4 / RMSF,RMSF,Residue,20,0.045120858,nm,nm
line,overlay,wt-homo-4,wt-homo-4,rmsf,9eldfe6c,9eldfe6c::RMSF,wt-homo-4 / RMSF,RMSF,Residue,21,0.048917368,nm,nm
line,overlay,wt-homo-4,wt-homo-4,rmsf,9eldfe6c,9eldfe6c::RMSF,wt-homo-4 / RMSF,RMSF,Residue,22,0.04295944,nm,nm
line,overlay,wt-homo-4,wt-homo-4,rmsf,9eldfe6c,9eldfe6c::RMSF,wt-homo-4 / RMSF,RMSF,Residue,23,0.04096631,nm,nm
line,overlay,wt-homo-4,wt-homo-4,rmsf,9eldfe6c,9eldfe6c::RMSF,wt-homo-4 / RMSF,RMSF,Residue,24,0.04736582,nm,nm
line,overlay,wt-homo-4,wt-homo-4,rmsf,9eldfe6c,9eldfe6c::RMSF,wt-homo-4 / RMSF,RMSF,Residue,25,0.050942052,nm,nm
line,overlay,wt-homo-4,wt-homo-4,rmsf,9eldfe6c,9eldfe6c::RMSF,wt-homo-4 / RMSF,RMSF,Residue,26,0.049277,nm,nm
line,overlay,wt-homo-4,wt-homo-4,rmsf,9eldfe6c,9eldfe6c::RMSF,wt-homo-4 / RMSF,RMSF,Residue,27,0.051820785,nm,nm
line,overlay,wt-homo-4,wt-homo-4,rmsf,9eldfe6c,9eldfe6c::RMSF,wt-homo-4 / RMSF,RMSF,Residue,28,0.06467115,nm,nm
line,overlay,wt-homo-4,wt-homo-4,rmsf,9eldfe6c,9eldfe6c::RMSF,wt-homo-4 / RMSF,RMSF,Residue,29,0.072238594,nm,nm
line,overlay,wt-homo-4,wt-homo-4,rmsf,9eldfe6c,9eldfe6c::RMSF,wt-homo-4 / RMSF,RMSF,Residue,30,0.06472948,nm,nm
line,overlay,wt-homo-4,wt-homo-4,rmsf,9eldfe6c,9eldfe6c::RMSF,wt-homo-4 / RMSF,RMSF,Residue,31,0.065333955,nm,nm
line,overlay,wt-homo-4,wt-homo-4,rmsf,9eldfe6c,9eldfe6c::RMSF,wt-homo-4 / RMSF,RMSF,Residue,32,0.058308564,nm,nm
line,overlay,wt-homo-4,wt-homo-4,rmsf,9eldfe6c,9eldfe6c::RMSF,wt-homo-4 / RMSF,RMSF,Residue,33,0.06131421,nm,nm
line,overlay,wt-homo-4,wt-homo-4,rmsf,9eldfe6c,9eldfe6c::RMSF,wt-homo-4 / RMSF,RMSF,Residue,34,0.056903552,nm,nm
line,overlay,wt-homo-4,wt-homo-4,rmsf,9eldfe6c,9eldfe6c::RMSF,wt-homo-4 / RMSF,RMSF,Residue,35,0.054911572,nm,nm
line,overlay,wt-homo-4,wt-homo-4,rmsf,9eldfe6c,9eldfe6c::RMSF,wt-homo-4 / RMSF,RMSF,Residue,36,0.053557713,nm,nm
line,overlay,wt-homo-4,wt-homo-4,rmsf,9eldfe6c,9eldfe6c::RMSF,wt-homo-4 / RMSF,RMSF,Residue,37,0.05465222,nm,nm
line,overlay,wt-homo-4,wt-homo-4,rmsf,9eldfe6c,9eldfe6c::RMSF,wt-homo-4 / RMSF,RMSF,Residue,38,0.058670364,nm,nm
line,overlay,wt-homo-4,wt-homo-4,rmsf,9eldfe6c,9eldfe6c::RMSF,wt-homo-4 / RMSF,RMSF,Residue,39,0.065481044,nm,nm
line,overlay,wt-homo-4,wt-homo-4,rmsf,9eldfe6c,9eldfe6c::RMSF,wt-homo-4 / RMSF,RMSF,Residue,40,0.087597035,nm,nm
line,overlay,wt-homo-4,wt-homo-4,rmsf,9eldfe6c,9eldfe6c::RMSF,wt-homo-4 / RMSF,RMSF,Residue,41,0.110729404,nm,nm
line,overlay,wt-homo-4,wt-homo-4,rmsf,9eldfe6c,9eldfe6c::RMSF,wt-homo-4 / RMSF,RMSF,Residue,42,0.093206875,nm,nm
line,overlay,wt-homo-4,wt-homo-4,rmsf,9eldfe6c,9eldfe6c::RMSF,wt-homo-4 / RMSF,RMSF,Residue,43,0.099925205,nm,nm
line,overlay,wt-homo-4,wt-homo-4,rmsf,9eldfe6c,9eldfe6c::RMSF,wt-homo-4 / RMSF,RMSF,Residue,44,0.123042494,nm,nm
line,overlay,wt-homo-4,wt-homo-4,rmsf,9eldfe6c,9eldfe6c::RMSF,wt-homo-4 / RMSF,RMSF,Residue,45,0.11680482,nm,nm
line,overlay,wt-homo-4,wt-homo-4,rmsf,9eldfe6c,9eldfe6c::RMSF,wt-homo-4 / RMSF,RMSF,Residue,46,0.09436153,nm,nm
line,overlay,wt-homo-4,wt-homo-4,rmsf,9eldfe6c,9eldfe6c::RMSF,wt-homo-4 / RMSF,RMSF,Residue,47,0.12237402,nm,nm
line,overlay,wt-homo-4,wt-homo-4,rmsf,9eldfe6c,9eldfe6c::RMSF,wt-homo-4 / RMSF,RMSF,Residue,48,0.105825774,nm,nm
line,overlay,wt-homo-4,wt-homo-4,rmsf,9eldfe6c,9eldfe6c::RMSF,wt-homo-4 / RMSF,RMSF,Residue,49,0.12219156,nm,nm
line,overlay,wt-homo-4,wt-homo-4,rmsf,9eldfe6c,9eldfe6c::RMSF,wt-homo-4 / RMSF,RMSF,Residue,50,0.14595346,nm,nm
line,overlay,wt-homo-4,wt-homo-4,rmsf,9eldfe6c,9eldfe6c::RMSF,wt-homo-4 / RMSF,RMSF,Residue,51,0.1759554,nm,nm
line,overlay,wt-homo-4,wt-homo-4,rmsf,9eldfe6c,9eldfe6c::RMSF,wt-homo-4 / RMSF,RMSF,Residue,52,0.16858472,nm,nm
line,overlay,wt-homo-4,wt-homo-4,rmsf,9eldfe6c,9eldfe6c::RMSF,wt-homo-4 / RMSF,RMSF,Residue,53,0.17849429,nm,nm
line,overlay,wt-homo-4,wt-homo-4,rmsf,9eldfe6c,9eldfe6c::RMSF,wt-homo-4 / RMSF,RMSF,Residue,54,0.18436801,nm,nm
line,overlay,wt-homo-4,wt-homo-4,rmsf,9eldfe6c,9eldfe6c::RMSF,wt-homo-4 / RMSF,RMSF,Residue,55,0.23575757,nm,nm
line,overlay,wt-homo-4,wt-homo-4,rmsf,9eldfe6c,9eldfe6c::RMSF,wt-homo-4 / RMSF,RMSF,Residue,56,0.22703183,nm,nm
line,overlay,wt-homo-4,wt-homo-4,rmsf,9eldfe6c,9eldfe6c::RMSF,wt-homo-4 / RMSF,RMSF,Residue,57,0.20092969,nm,nm
line,overlay,wt-homo-4,wt-homo-4,rmsf,9eldfe6c,9eldfe6c::RMSF,wt-homo-4 / RMSF,RMSF,Residue,58,0.16413575,nm,nm
line,overlay,wt-homo-4,wt-homo-4,rmsf,9eldfe6c,9eldfe6c::RMSF,wt-homo-4 / RMSF,RMSF,Residue,59,0.13317746,nm,nm
line,overlay,wt-homo-4,wt-homo-4,rmsf,9eldfe6c,9eldfe6c::RMSF,wt-homo-4 / RMSF,RMSF,Residue,60,0.07430421,nm,nm
line,overlay,wt-homo-4,wt-homo-4,rmsf,9eldfe6c,9eldfe6c::RMSF,wt-homo-4 / RMSF,RMSF,Residue,61,0.06649408,nm,nm
line,overlay,wt-homo-4,wt-homo-4,rmsf,9eldfe6c,9eldfe6c::RMSF,wt-homo-4 / RMSF,RMSF,Residue,62,0.06938265,nm,nm
line,overlay,wt-homo-4,wt-homo-4,rmsf,9eldfe6c,9eldfe6c::RMSF,wt-homo-4 / RMSF,RMSF,Residue,63,0.07023225,nm,nm
line,overlay,wt-homo-4,wt-homo-4,rmsf,9eldfe6c,9eldfe6c::RMSF,wt-homo-4 / RMSF,RMSF,Residue,64,0.077511124,nm,nm
line,overlay,wt-homo-4,wt-homo-4,rmsf,9eldfe6c,9eldfe6c::RMSF,wt-homo-4 / RMSF,RMSF,Residue,65,0.08078451,nm,nm
line,overlay,wt-homo-4,wt-homo-4,rmsf,9eldfe6c,9eldfe6c::RMSF,wt-homo-4 / RMSF,RMSF,Residue,66,0.09725817,nm,nm
line,overlay,wt-homo-4,wt-homo-4,rmsf,9eldfe6c,9eldfe6c::RMSF,wt-homo-4 / RMSF,RMSF,Residue,67,0.08186597,nm,nm
line,overlay,wt-homo-4,wt-homo-4,rmsf,9eldfe6c,9eldfe6c::RMSF,wt-homo-4 / RMSF,RMSF,Residue,68,0.086480446,nm,nm
line,overlay,wt-homo-4,wt-homo-4,rmsf,9eldfe6c,9eldfe6c::RMSF,wt-homo-4 / RMSF,RMSF,Residue,69,0.09212718,nm,nm
line,overlay,wt-homo-4,wt-homo-4,rmsf,9eldfe6c,9eldfe6c::RMSF,wt-homo-4 / RMSF,RMSF,Residue,70,0.11986164,nm,nm
line,overlay,wt-homo-4,wt-homo-4,rmsf,9eldfe6c,9eldfe6c::RMSF,wt-homo-4 / RMSF,RMSF,Residue,71,0.12486174,nm,nm
line,overlay,wt-homo-4,wt-homo-4,rmsf,9eldfe6c,9eldfe6c::RMSF,wt-homo-4 / RMSF,RMSF,Residue,72,0.11373341,nm,nm
line,overlay,wt-homo-4,wt-homo-4,rmsf,9eldfe6c,9eldfe6c::RMSF,wt-homo-4 / RMSF,RMSF,Residue,73,0.13723272,nm,nm
line,overlay,wt-homo-4,wt-homo-4,rmsf,9eldfe6c,9eldfe6c::RMSF,wt-homo-4 / RMSF,RMSF,Residue,74,0.111628585,nm,nm
line,overlay,wt-homo-4,wt-homo-4,rmsf,9eldfe6c,9eldfe6c::RMSF,wt-homo-4 / RMSF,RMSF,Residue,75,0.12437661,nm,nm
line,overlay,wt-homo-4,wt-homo-4,rmsf,9eldfe6c,9eldfe6c::RMSF,wt-homo-4 / RMSF,RMSF,Residue,76,0.13346992,nm,nm
line,overlay,wt-homo-4,wt-homo-4,rmsf,9eldfe6c,9eldfe6c::RMSF,wt-homo-4 / RMSF,RMSF,Residue,77,0.11750059,nm,nm
line,overlay,wt-homo-4,wt-homo-4,rmsf,9eldfe6c,9eldfe6c::RMSF,wt-homo-4 / RMSF,RMSF,Residue,78,0.087322116,nm,nm
line,overlay,wt-homo-4,wt-homo-4,rmsf,9eldfe6c,9eldfe6c::RMSF,wt-homo-4 / RMSF,RMSF,Residue,79,0.07271111,nm,nm
line,overlay,wt-homo-4,wt-homo-4,rmsf,9eldfe6c,9eldfe6c::RMSF,wt-homo-4 / RMSF,RMSF,Residue,80,0.072373986,nm,nm
line,overlay,wt-homo-4,wt-homo-4,rmsf,9eldfe6c,9eldfe6c::RMSF,wt-homo-4 / RMSF,RMSF,Residue,81,0.081453964,nm,nm
line,overlay,wt-homo-4,wt-homo-4,rmsf,9eldfe6c,9eldfe6c::RMSF,wt-homo-4 / RMSF,RMSF,Residue,82,0.09895589,nm,nm
line,overlay,wt-homo-4,wt-homo-4,rmsf,9eldfe6c,9eldfe6c::RMSF,wt-homo-4 / RMSF,RMSF,Residue,83,0.11414836,nm,nm
line,overlay,wt-homo-4,wt-homo-4,rmsf,9eldfe6c,9eldfe6c::RMSF,wt-homo-4 / RMSF,RMSF,Residue,84,0.13704824,nm,nm
line,overlay,wt-homo-4,wt-homo-4,rmsf,9eldfe6c,9eldfe6c::RMSF,wt-homo-4 / RMSF,RMSF,Residue,85,0.22701211,nm,nm
line,overlay,wt-homo-4,wt-homo-4,rmsf,9eldfe6c,9eldfe6c::RMSF,wt-homo-4 / RMSF,RMSF,Residue,86,0.16178915,nm,nm
line,overlay,wt-homo-4,wt-homo-4,rmsf,9eldfe6c,9eldfe6c::RMSF,wt-homo-4 / RMSF,RMSF,Residue,87,0.1752788,nm,nm
line,overlay,wt-homo-4,wt-homo-4,rmsf,9eldfe6c,9eldfe6c::RMSF,wt-homo-4 / RMSF,RMSF,Residue,88,0.15907237,nm,nm
line,overlay,wt-homo-4,wt-homo-4,rmsf,9eldfe6c,9eldfe6c::RMSF,wt-homo-4 / RMSF,RMSF,Residue,89,0.11631289,nm,nm
line,overlay,wt-homo-4,wt-homo-4,rmsf,9eldfe6c,9eldfe6c::RMSF,wt-homo-4 / RMSF,RMSF,Residue,90,0.10365289,nm,nm
line,overlay,wt-homo-4,wt-homo-4,rmsf,9eldfe6c,9eldfe6c::RMSF,wt-homo-4 / RMSF,RMSF,Residue,91,0.10087374,nm,nm
line,overlay,wt-homo-4,wt-homo-4,rmsf,9eldfe6c,9eldfe6c::RMSF,wt-homo-4 / RMSF,RMSF,Residue,92,0.093551144,nm,nm
line,overlay,wt-homo-4,wt-homo-4,rmsf,9eldfe6c,9eldfe6c::RMSF,wt-homo-4 / RMSF,RMSF,Residue,93,0.07623317,nm,nm
line,overlay,wt-homo-4,wt-homo-4,rmsf,9eldfe6c,9eldfe6c::RMSF,wt-homo-4 / RMSF,RMSF,Residue,94,0.07630658,nm,nm
line,overlay,wt-homo-4,wt-homo-4,rmsf,9eldfe6c,9eldfe6c::RMSF,wt-homo-4 / RMSF,RMSF,Residue,95,0.08051538,nm,nm
line,overlay,wt-homo-4,wt-homo-4,rmsf,9eldfe6c,9eldfe6c::RMSF,wt-homo-4 / RMSF,RMSF,Residue,96,0.07026101,nm,nm
line,overlay,wt-homo-4,wt-homo-4,rmsf,9eldfe6c,9eldfe6c::RMSF,wt-homo-4 / RMSF,RMSF,Residue,97,0.06177741,nm,nm
line,overlay,wt-homo-4,wt-homo-4,rmsf,9eldfe6c,9eldfe6c::RMSF,wt-homo-4 / RMSF,RMSF,Residue,98,0.06505438,nm,nm
line,overlay,wt-homo-4,wt-homo-4,rmsf,9eldfe6c,9eldfe6c::RMSF,wt-homo-4 / RMSF,RMSF,Residue,99,0.0710527,nm,nm
line,overlay,wt-homo-4,wt-homo-4,rmsf,9eldfe6c,9eldfe6c::RMSF,wt-homo-4 / RMSF,RMSF,Residue,100,0.07157351,nm,nm
line,overlay,wt-homo-4,wt-homo-4,rmsf,9eldfe6c,9eldfe6c::RMSF,wt-homo-4 / RMSF,RMSF,Residue,101,0.07563852,nm,nm
line,overlay,wt-homo-4,wt-homo-4,rmsf,9eldfe6c,9eldfe6c::RMSF,wt-homo-4 / RMSF,RMSF,Residue,102,0.08131705,nm,nm
line,overlay,wt-homo-4,wt-homo-4,rmsf,9eldfe6c,9eldfe6c::RMSF,wt-homo-4 / RMSF,RMSF,Residue,103,0.075846255,nm,nm
line,overlay,wt-homo-4,wt-homo-4,rmsf,9eldfe6c,9eldfe6c::RMSF,wt-homo-4 / RMSF,RMSF,Residue,104,0.06726268,nm,nm
line,overlay,wt-homo-4,wt-homo-4,rmsf,9eldfe6c,9eldfe6c::RMSF,wt-homo-4 / RMSF,RMSF,Residue,105,0.069158904,nm,nm
line,overlay,wt-homo-4,wt-homo-4,rmsf,9eldfe6c,9eldfe6c::RMSF,wt-homo-4 / RMSF,RMSF,Residue,106,0.0736006,nm,nm
line,overlay,wt-homo-4,wt-homo-4,rmsf,9eldfe6c,9eldfe6c::RMSF,wt-homo-4 / RMSF,RMSF,Residue,107,0.06613704,nm,nm
line,overlay,wt-homo-4,wt-homo-4,rmsf,9eldfe6c,9eldfe6c::RMSF,wt-homo-4 / RMSF,RMSF,Residue,108,0.061456874,nm,nm
line,overlay,wt-homo-4,wt-homo-4,rmsf,9eldfe6c,9eldfe6c::RMSF,wt-homo-4 / RMSF,RMSF,Residue,109,0.08002926,nm,nm
line,overlay,wt-homo-4,wt-homo-4,rmsf,9eldfe6c,9eldfe6c::RMSF,wt-homo-4 / RMSF,RMSF,Residue,110,0.08792325,nm,nm
line,overlay,wt-homo-4,wt-homo-4,rmsf,9eldfe6c,9eldfe6c::RMSF,wt-homo-4 / RMSF,RMSF,Residue,111,0.07634045,nm,nm
line,overlay,wt-homo-4,wt-homo-4,rmsf,9eldfe6c,9eldfe6c::RMSF,wt-homo-4 / RMSF,RMSF,Residue,112,0.06946577,nm,nm
line,overlay,wt-homo-4,wt-homo-4,rmsf,9eldfe6c,9eldfe6c::RMSF,wt-homo-4 / RMSF,RMSF,Residue,113,0.0585456,nm,nm
line,overlay,wt-homo-4,wt-homo-4,rmsf,9eldfe6c,9eldfe6c::RMSF,wt-homo-4 / RMSF,RMSF,Residue,114,0.054152366,nm,nm
line,overlay,wt-homo-4,wt-homo-4,rmsf,9eldfe6c,9eldfe6c::RMSF,wt-homo-4 / RMSF,RMSF,Residue,115,0.0519277,nm,nm
line,overlay,wt-homo-4,wt-homo-4,rmsf,9eldfe6c,9eldfe6c::RMSF,wt-homo-4 / RMSF,RMSF,Residue,116,0.04897753,nm,nm
line,overlay,wt-homo-4,wt-homo-4,rmsf,9eldfe6c,9eldfe6c::RMSF,wt-homo-4 / RMSF,RMSF,Residue,117,0.04473419,nm,nm
line,overlay,wt-homo-4,wt-homo-4,rmsf,9eldfe6c,9eldfe6c::RMSF,wt-homo-4 / RMSF,RMSF,Residue,118,0.048929114,nm,nm
line,overlay,wt-homo-4,wt-homo-4,rmsf,9eldfe6c,9eldfe6c::RMSF,wt-homo-4 / RMSF,RMSF,Residue,119,0.04616156,nm,nm
line,overlay,wt-homo-4,wt-homo-4,rmsf,9eldfe6c,9eldfe6c::RMSF,wt-homo-4 / RMSF,RMSF,Residue,120,0.04875106,nm,nm
line,overlay,wt-homo-4,wt-homo-4,rmsf,9eldfe6c,9eldfe6c::RMSF,wt-homo-4 / RMSF,RMSF,Residue,121,0.05050749,nm,nm
line,overlay,wt-homo-4,wt-homo-4,rmsf,9eldfe6c,9eldfe6c::RMSF,wt-homo-4 / RMSF,RMSF,Residue,122,0.049927272,nm,nm
line,overlay,wt-homo-4,wt-homo-4,rmsf,9eldfe6c,9eldfe6c::RMSF,wt-homo-4 / RMSF,RMSF,Residue,123,0.06015492,nm,nm
line,overlay,wt-homo-4,wt-homo-4,rmsf,9eldfe6c,9eldfe6c::RMSF,wt-homo-4 / RMSF,RMSF,Residue,124,0.05977385,nm,nm
line,overlay,wt-homo-4,wt-homo-4,rmsf,9eldfe6c,9eldfe6c::RMSF,wt-homo-4 / RMSF,RMSF,Residue,125,0.060892303,nm,nm
line,overlay,wt-homo-4,wt-homo-4,rmsf,9eldfe6c,9eldfe6c::RMSF,wt-homo-4 / RMSF,RMSF,Residue,126,0.06572856,nm,nm
line,overlay,wt-homo-4,wt-homo-4,rmsf,9eldfe6c,9eldfe6c::RMSF,wt-homo-4 / RMSF,RMSF,Residue,127,0.067521445,nm,nm
line,overlay,wt-homo-4,wt-homo-4,rmsf,9eldfe6c,9eldfe6c::RMSF,wt-homo-4 / RMSF,RMSF,Residue,128,0.064239554,nm,nm
line,overlay,wt-homo-4,wt-homo-4,rmsf,9eldfe6c,9eldfe6c::RMSF,wt-homo-4 / RMSF,RMSF,Residue,129,0.070495196,nm,nm
line,overlay,wt-homo-4,wt-homo-4,rmsf,9eldfe6c,9eldfe6c::RMSF,wt-homo-4 / RMSF,RMSF,Residue,130,0.07157594,nm,nm
line,overlay,wt-homo-4,wt-homo-4,rmsf,9eldfe6c,9eldfe6c::RMSF,wt-homo-4 / RMSF,RMSF,Residue,131,0.07721562,nm,nm
line,overlay,wt-homo-4,wt-homo-4,rmsf,9eldfe6c,9eldfe6c::RMSF,wt-homo-4 / RMSF,RMSF,Residue,132,0.0741443,nm,nm
line,overlay,wt-homo-4,wt-homo-4,rmsf,9eldfe6c,9eldfe6c::RMSF,wt-homo-4 / RMSF,RMSF,Residue,133,0.07266217,nm,nm
line,overlay,wt-homo-4,wt-homo-4,rmsf,9eldfe6c,9eldfe6c::RMSF,wt-homo-4 / RMSF,RMSF,Residue,134,0.066387154,nm,nm
line,overlay,wt-homo-4,wt-homo-4,rmsf,9eldfe6c,9eldfe6c::RMSF,wt-homo-4 / RMSF,RMSF,Residue,135,0.05472945,nm,nm
line,overlay,wt-homo-4,wt-homo-4,rmsf,9eldfe6c,9eldfe6c::RMSF,wt-homo-4 / RMSF,RMSF,Residue,136,0.045181666,nm,nm
line,overlay,wt-homo-4,wt-homo-4,rmsf,9eldfe6c,9eldfe6c::RMSF,wt-homo-4 / RMSF,RMSF,Residue,137,0.044456817,nm,nm
line,overlay,wt-homo-4,wt-homo-4,rmsf,9eldfe6c,9eldfe6c::RMSF,wt-homo-4 / RMSF,RMSF,Residue,138,0.043305933,nm,nm
line,overlay,wt-homo-4,wt-homo-4,rmsf,9eldfe6c,9eldfe6c::RMSF,wt-homo-4 / RMSF,RMSF,Residue,139,0.041563153,nm,nm
line,overlay,wt-homo-4,wt-homo-4,rmsf,9eldfe6c,9eldfe6c::RMSF,wt-homo-4 / RMSF,RMSF,Residue,140,0.047759928,nm,nm
line,overlay,wt-homo-4,wt-homo-4,rmsf,9eldfe6c,9eldfe6c::RMSF,wt-homo-4 / RMSF,RMSF,Residue,141,0.055285,nm,nm
line,overlay,wt-homo-4,wt-homo-4,rmsf,9eldfe6c,9eldfe6c::RMSF,wt-homo-4 / RMSF,RMSF,Residue,142,0.05737705,nm,nm
line,overlay,wt-homo-4,wt-homo-4,rmsf,9eldfe6c,9eldfe6c::RMSF,wt-homo-4 / RMSF,RMSF,Residue,143,0.05106523,nm,nm
line,overlay,wt-homo-4,wt-homo-4,rmsf,9eldfe6c,9eldfe6c::RMSF,wt-homo-4 / RMSF,RMSF,Residue,144,0.04883442,nm,nm
line,overlay,wt-homo-4,wt-homo-4,rmsf,9eldfe6c,9eldfe6c::RMSF,wt-homo-4 / RMSF,RMSF,Residue,145,0.05448631,nm,nm
line,overlay,wt-homo-4,wt-homo-4,rmsf,9eldfe6c,9eldfe6c::RMSF,wt-homo-4 / RMSF,RMSF,Residue,146,0.053695273,nm,nm
line,overlay,wt-homo-4,wt-homo-4,rmsf,9eldfe6c,9eldfe6c::RMSF,wt-homo-4 / RMSF,RMSF,Residue,147,0.05256493,nm,nm
line,overlay,wt-homo-4,wt-homo-4,rmsf,9eldfe6c,9eldfe6c::RMSF,wt-homo-4 / RMSF,RMSF,Residue,148,0.051344242,nm,nm
line,overlay,wt-homo-4,wt-homo-4,rmsf,9eldfe6c,9eldfe6c::RMSF,wt-homo-4 / RMSF,RMSF,Residue,149,0.04875857,nm,nm
line,overlay,wt-homo-4,wt-homo-4,rmsf,9eldfe6c,9eldfe6c::RMSF,wt-homo-4 / RMSF,RMSF,Residue,150,0.055722203,nm,nm
line,overlay,wt-homo-4,wt-homo-4,rmsf,9eldfe6c,9eldfe6c::RMSF,wt-homo-4 / RMSF,RMSF,Residue,151,0.05842273,nm,nm
line,overlay,wt-homo-4,wt-homo-4,rmsf,9eldfe6c,9eldfe6c::RMSF,wt-homo-4 / RMSF,RMSF,Residue,152,0.057863064,nm,nm
line,overlay,wt-homo-4,wt-homo-4,rmsf,9eldfe6c,9eldfe6c::RMSF,wt-homo-4 / RMSF,RMSF,Residue,153,0.0587144,nm,nm
line,overlay,wt-homo-4,wt-homo-4,rmsf,9eldfe6c,9eldfe6c::RMSF,wt-homo-4 / RMSF,RMSF,Residue,154,0.07331503,nm,nm
line,overlay,wt-homo-4,wt-homo-4,rmsf,9eldfe6c,9eldfe6c::RMSF,wt-homo-4 / RMSF,RMSF,Residue,155,0.07627756,nm,nm
line,overlay,wt-homo-4,wt-homo-4,rmsf,9eldfe6c,9eldfe6c::RMSF,wt-homo-4 / RMSF,RMSF,Residue,156,0.082789436,nm,nm
line,overlay,wt-homo-4,wt-homo-4,rmsf,9eldfe6c,9eldfe6c::RMSF,wt-homo-4 / RMSF,RMSF,Residue,157,0.08147654,nm,nm
line,overlay,wt-homo-4,wt-homo-4,rmsf,9eldfe6c,9eldfe6c::RMSF,wt-homo-4 / RMSF,RMSF,Residue,158,0.07937952,nm,nm
line,overlay,wt-homo-4,wt-homo-4,rmsf,9eldfe6c,9eldfe6c::RMSF,wt-homo-4 / RMSF,RMSF,Residue,159,0.09623098,nm,nm
line,overlay,wt-homo-4,wt-homo-4,rmsf,9eldfe6c,9eldfe6c::RMSF,wt-homo-4 / RMSF,RMSF,Residue,160,0.11470423,nm,nm
line,overlay,wt-homo-4,wt-homo-4,rmsf,9eldfe6c,9eldfe6c::RMSF,wt-homo-4 / RMSF,RMSF,Residue,161,0.15522091,nm,nm
line,overlay,wt-homo-4,wt-homo-4,rmsf,9eldfe6c,9eldfe6c::RMSF,wt-homo-4 / RMSF,RMSF,Residue,162,0.10040291,nm,nm
line,overlay,wt-homo-4,wt-homo-4,rmsf,9eldfe6c,9eldfe6c::RMSF,wt-homo-4 / RMSF,RMSF,Residue,163,0.12198162,nm,nm
line,overlay,wt-homo-4,wt-homo-4,rmsf,9eldfe6c,9eldfe6c::RMSF,wt-homo-4 / RMSF,RMSF,Residue,164,0.098408364,nm,nm
line,overlay,wt-homo-4,wt-homo-4,rmsf,9eldfe6c,9eldfe6c::RMSF,wt-homo-4 / RMSF,RMSF,Residue,165,0.088015966,nm,nm
line,overlay,wt-homo-4,wt-homo-4,rmsf,9eldfe6c,9eldfe6c::RMSF,wt-homo-4 / RMSF,RMSF,Residue,166,0.11524939,nm,nm
line,overlay,wt-homo-4,wt-homo-4,rmsf,9eldfe6c,9eldfe6c::RMSF,wt-homo-4 / RMSF,RMSF,Residue,167,0.095011435,nm,nm
line,overlay,wt-homo-4,wt-homo-4,rmsf,9eldfe6c,9eldfe6c::RMSF,wt-homo-4 / RMSF,RMSF,Residue,168,0.08070661,nm,nm
line,overlay,wt-homo-4,wt-homo-4,rmsf,9eldfe6c,9eldfe6c::RMSF,wt-homo-4 / RMSF,RMSF,Residue,169,0.074590325,nm,nm
line,overlay,wt-homo-4,wt-homo-4,rmsf,9eldfe6c,9eldfe6c::RMSF,wt-homo-4 / RMSF,RMSF,Residue,170,0.07242628,nm,nm
line,overlay,wt-homo-4,wt-homo-4,rmsf,9eldfe6c,9eldfe6c::RMSF,wt-homo-4 / RMSF,RMSF,Residue,171,0.06647518,nm,nm
line,overlay,wt-homo-4,wt-homo-4,rmsf,9eldfe6c,9eldfe6c::RMSF,wt-homo-4 / RMSF,RMSF,Residue,172,0.07921087,nm,nm
line,overlay,wt-homo-4,wt-homo-4,rmsf,9eldfe6c,9eldfe6c::RMSF,wt-homo-4 / RMSF,RMSF,Residue,173,0.09172921,nm,nm
line,overlay,wt-homo-4,wt-homo-4,rmsf,9eldfe6c,9eldfe6c::RMSF,wt-homo-4 / RMSF,RMSF,Residue,174,0.08560244,nm,nm
line,overlay,wt-homo-4,wt-homo-4,rmsf,9eldfe6c,9eldfe6c::RMSF,wt-homo-4 / RMSF,RMSF,Residue,175,0.11760839,nm,nm
line,overlay,wt-homo-4,wt-homo-4,rmsf,9eldfe6c,9eldfe6c::RMSF,wt-homo-4 / RMSF,RMSF,Residue,176,0.087714314,nm,nm
line,overlay,wt-homo-4,wt-homo-4,rmsf,9eldfe6c,9eldfe6c::RMSF,wt-homo-4 / RMSF,RMSF,Residue,177,0.09337093,nm,nm
line,overlay,wt-homo-4,wt-homo-4,rmsf,9eldfe6c,9eldfe6c::RMSF,wt-homo-4 / RMSF,RMSF,Residue,178,0.071993105,nm,nm
line,overlay,wt-homo-4,wt-homo-4,rmsf,9eldfe6c,9eldfe6c::RMSF,wt-homo-4 / RMSF,RMSF,Residue,179,0.07214245,nm,nm
line,overlay,wt-homo-4,wt-homo-4,rmsf,9eldfe6c,9eldfe6c::RMSF,wt-homo-4 / RMSF,RMSF,Residue,180,0.060998898,nm,nm
line,overlay,wt-homo-4,wt-homo-4,rmsf,9eldfe6c,9eldfe6c::RMSF,wt-homo-4 / RMSF,RMSF,Residue,181,0.061555438,nm,nm
line,overlay,wt-homo-4,wt-homo-4,rmsf,9eldfe6c,9eldfe6c::RMSF,wt-homo-4 / RMSF,RMSF,Residue,182,0.058426656,nm,nm
line,overlay,wt-homo-4,wt-homo-4,rmsf,9eldfe6c,9eldfe6c::RMSF,wt-homo-4 / RMSF,RMSF,Residue,183,0.061151873,nm,nm
line,overlay,wt-homo-4,wt-homo-4,rmsf,9eldfe6c,9eldfe6c::RMSF,wt-homo-4 / RMSF,RMSF,Residue,184,0.058940426,nm,nm
line,overlay,wt-homo-4,wt-homo-4,rmsf,9eldfe6c,9eldfe6c::RMSF,wt-homo-4 / RMSF,RMSF,Residue,185,0.069258444,nm,nm
line,overlay,wt-homo-4,wt-homo-4,rmsf,9eldfe6c,9eldfe6c::RMSF,wt-homo-4 / RMSF,RMSF,Residue,186,0.07748505,nm,nm
line,overlay,wt-homo-4,wt-homo-4,rmsf,9eldfe6c,9eldfe6c::RMSF,wt-homo-4 / RMSF,RMSF,Residue,187,0.078995615,nm,nm
line,overlay,wt-homo-4,wt-homo-4,rmsf,9eldfe6c,9eldfe6c::RMSF,wt-homo-4 / RMSF,RMSF,Residue,188,0.0879576,nm,nm
line,overlay,wt-homo-4,wt-homo-4,rmsf,9eldfe6c,9eldfe6c::RMSF,wt-homo-4 / RMSF,RMSF,Residue,189,0.09303751,nm,nm
line,overlay,wt-homo-4,wt-homo-4,rmsf,9eldfe6c,9eldfe6c::RMSF,wt-homo-4 / RMSF,RMSF,Residue,190,0.08479062,nm,nm
line,overlay,wt-homo-4,wt-homo-4,rmsf,9eldfe6c,9eldfe6c::RMSF,wt-homo-4 / RMSF,RMSF,Residue,191,0.10086633,nm,nm
line,overlay,wt-homo-4,wt-homo-4,rmsf,9eldfe6c,9eldfe6c::RMSF,wt-homo-4 / RMSF,RMSF,Residue,192,0.14492492,nm,nm
line,overlay,wt-homo-4,wt-homo-4,rmsf,9eldfe6c,9eldfe6c::RMSF,wt-homo-4 / RMSF,RMSF,Residue,193,0.10749443,nm,nm
line,overlay,wt-homo-4,wt-homo-4,rmsf,9eldfe6c,9eldfe6c::RMSF,wt-homo-4 / RMSF,RMSF,Residue,194,0.112894356,nm,nm
line,overlay,wt-homo-4,wt-homo-4,rmsf,9eldfe6c,9eldfe6c::RMSF,wt-homo-4 / RMSF,RMSF,Residue,195,0.11226741,nm,nm
line,overlay,wt-homo-4,wt-homo-4,rmsf,9eldfe6c,9eldfe6c::RMSF,wt-homo-4 / RMSF,RMSF,Residue,196,0.09184516,nm,nm
line,overlay,wt-homo-4,wt-homo-4,rmsf,9eldfe6c,9eldfe6c::RMSF,wt-homo-4 / RMSF,RMSF,Residue,197,0.073171616,nm,nm
line,overlay,wt-homo-4,wt-homo-4,rmsf,9eldfe6c,9eldfe6c::RMSF,wt-homo-4 / RMSF,RMSF,Residue,198,0.06922621,nm,nm
line,overlay,wt-homo-4,wt-homo-4,rmsf,9eldfe6c,9eldfe6c::RMSF,wt-homo-4 / RMSF,RMSF,Residue,199,0.06933595,nm,nm
line,overlay,wt-homo-4,wt-homo-4,rmsf,9eldfe6c,9eldfe6c::RMSF,wt-homo-4 / RMSF,RMSF,Residue,200,0.061667584,nm,nm
line,overlay,wt-homo-4,wt-homo-4,rmsf,9eldfe6c,9eldfe6c::RMSF,wt-homo-4 / RMSF,RMSF,Residue,201,0.058094945,nm,nm
line,overlay,wt-homo-4,wt-homo-4,rmsf,9eldfe6c,9eldfe6c::RMSF,wt-homo-4 / RMSF,RMSF,Residue,202,0.06291849,nm,nm
line,overlay,wt-homo-4,wt-homo-4,rmsf,9eldfe6c,9eldfe6c::RMSF,wt-homo-4 / RMSF,RMSF,Residue,203,0.060557723,nm,nm
line,overlay,wt-homo-4,wt-homo-4,rmsf,9eldfe6c,9eldfe6c::RMSF,wt-homo-4 / RMSF,RMSF,Residue,204,0.05242048,nm,nm
line,overlay,wt-homo-4,wt-homo-4,rmsf,9eldfe6c,9eldfe6c::RMSF,wt-homo-4 / RMSF,RMSF,Residue,205,0.06403155,nm,nm
line,overlay,wt-homo-4,wt-homo-4,rmsf,9eldfe6c,9eldfe6c::RMSF,wt-homo-4 / RMSF,RMSF,Residue,206,0.07578219,nm,nm
line,overlay,wt-homo-4,wt-homo-4,rmsf,9eldfe6c,9eldfe6c::RMSF,wt-homo-4 / RMSF,RMSF,Residue,207,0.07030092,nm,nm
line,overlay,wt-homo-4,wt-homo-4,rmsf,9eldfe6c,9eldfe6c::RMSF,wt-homo-4 / RMSF,RMSF,Residue,208,0.08736631,nm,nm
line,overlay,wt-homo-4,wt-homo-4,rmsf,9eldfe6c,9eldfe6c::RMSF,wt-homo-4 / RMSF,RMSF,Residue,209,0.09937842,nm,nm
line,overlay,wt-homo-4,wt-homo-4,rmsf,9eldfe6c,9eldfe6c::RMSF,wt-homo-4 / RMSF,RMSF,Residue,210,0.072043695,nm,nm
line,overlay,wt-homo-4,wt-homo-4,rmsf,9eldfe6c,9eldfe6c::RMSF,wt-homo-4 / RMSF,RMSF,Residue,211,0.05159744,nm,nm
line,overlay,wt-homo-4,wt-homo-4,rmsf,9eldfe6c,9eldfe6c::RMSF,wt-homo-4 / RMSF,RMSF,Residue,212,0.05295532,nm,nm
line,overlay,wt-homo-4,wt-homo-4,rmsf,9eldfe6c,9eldfe6c::RMSF,wt-homo-4 / RMSF,RMSF,Residue,213,0.055732574,nm,nm
line,overlay,wt-homo-4,wt-homo-4,rmsf,9eldfe6c,9eldfe6c::RMSF,wt-homo-4 / RMSF,RMSF,Residue,214,0.04547333,nm,nm
line,overlay,wt-homo-4,wt-homo-4,rmsf,9eldfe6c,9eldfe6c::RMSF,wt-homo-4 / RMSF,RMSF,Residue,215,0.04034063,nm,nm
line,overlay,wt-homo-4,wt-homo-4,rmsf,9eldfe6c,9eldfe6c::RMSF,wt-homo-4 / RMSF,RMSF,Residue,216,0.046325866,nm,nm
line,overlay,wt-homo-4,wt-homo-4,rmsf,9eldfe6c,9eldfe6c::RMSF,wt-homo-4 / RMSF,RMSF,Residue,217,0.048436612,nm,nm
line,overlay,wt-homo-4,wt-homo-4,rmsf,9eldfe6c,9eldfe6c::RMSF,wt-homo-4 / RMSF,RMSF,Residue,218,0.051617716,nm,nm
line,overlay,wt-homo-4,wt-homo-4,rmsf,9eldfe6c,9eldfe6c::RMSF,wt-homo-4 / RMSF,RMSF,Residue,219,0.054116875,nm,nm
line,overlay,wt-homo-4,wt-homo-4,rmsf,9eldfe6c,9eldfe6c::RMSF,wt-homo-4 / RMSF,RMSF,Residue,220,0.05943857,nm,nm
line,overlay,wt-homo-4,wt-homo-4,rmsf,9eldfe6c,9eldfe6c::RMSF,wt-homo-4 / RMSF,RMSF,Residue,221,0.064757444,nm,nm
line,overlay,wt-homo-4,wt-homo-4,rmsf,9eldfe6c,9eldfe6c::RMSF,wt-homo-4 / RMSF,RMSF,Residue,222,0.05730281,nm,nm
line,overlay,wt-homo-4,wt-homo-4,rmsf,9eldfe6c,9eldfe6c::RMSF,wt-homo-4 / RMSF,RMSF,Residue,223,0.058342345,nm,nm
line,overlay,wt-homo-4,wt-homo-4,rmsf,9eldfe6c,9eldfe6c::RMSF,wt-homo-4 / RMSF,RMSF,Residue,224,0.06971226,nm,nm
line,overlay,wt-homo-4,wt-homo-4,rmsf,9eldfe6c,9eldfe6c::RMSF,wt-homo-4 / RMSF,RMSF,Residue,225,0.06666361,nm,nm
line,overlay,wt-homo-4,wt-homo-4,rmsf,9eldfe6c,9eldfe6c::RMSF,wt-homo-4 / RMSF,RMSF,Residue,226,0.05693455,nm,nm
line,overlay,wt-homo-4,wt-homo-4,rmsf,9eldfe6c,9eldfe6c::RMSF,wt-homo-4 / RMSF,RMSF,Residue,227,0.058890525,nm,nm
line,overlay,wt-homo-4,wt-homo-4,rmsf,9eldfe6c,9eldfe6c::RMSF,wt-homo-4 / RMSF,RMSF,Residue,228,0.07270458,nm,nm
line,overlay,wt-homo-4,wt-homo-4,rmsf,9eldfe6c,9eldfe6c::RMSF,wt-homo-4 / RMSF,RMSF,Residue,229,0.07417528,nm,nm
line,overlay,wt-homo-4,wt-homo-4,rmsf,9eldfe6c,9eldfe6c::RMSF,wt-homo-4 / RMSF,RMSF,Residue,230,0.06607397,nm,nm
line,overlay,wt-homo-4,wt-homo-4,rmsf,9eldfe6c,9eldfe6c::RMSF,wt-homo-4 / RMSF,RMSF,Residue,231,0.08951912,nm,nm
line,overlay,wt-homo-4,wt-homo-4,rmsf,9eldfe6c,9eldfe6c::RMSF,wt-homo-4 / RMSF,RMSF,Residue,232,0.13313347,nm,nm
line,overlay,wt-homo-4,wt-homo-4,rmsf,9eldfe6c,9eldfe6c::RMSF,wt-homo-4 / RMSF,RMSF,Residue,233,0.14447281,nm,nm
line,overlay,wt-homo-4,wt-homo-4,rmsf,9eldfe6c,9eldfe6c::RMSF,wt-homo-4 / RMSF,RMSF,Residue,234,0.11852795,nm,nm
line,overlay,wt-homo-4,wt-homo-4,rmsf,9eldfe6c,9eldfe6c::RMSF,wt-homo-4 / RMSF,RMSF,Residue,235,0.09751681,nm,nm
line,overlay,wt-homo-4,wt-homo-4,rmsf,9eldfe6c,9eldfe6c::RMSF,wt-homo-4 / RMSF,RMSF,Residue,236,0.07812936,nm,nm
line,overlay,wt-homo-4,wt-homo-4,rmsf,9eldfe6c,9eldfe6c::RMSF,wt-homo-4 / RMSF,RMSF,Residue,237,0.06688252,nm,nm
line,overlay,wt-homo-4,wt-homo-4,rmsf,9eldfe6c,9eldfe6c::RMSF,wt-homo-4 / RMSF,RMSF,Residue,238,0.052329153,nm,nm
line,overlay,wt-homo-4,wt-homo-4,rmsf,9eldfe6c,9eldfe6c::RMSF,wt-homo-4 / RMSF,RMSF,Residue,239,0.04471525,nm,nm
line,overlay,wt-homo-4,wt-homo-4,rmsf,9eldfe6c,9eldfe6c::RMSF,wt-homo-4 / RMSF,RMSF,Residue,240,0.055610627,nm,nm
line,overlay,wt-homo-4,wt-homo-4,rmsf,9eldfe6c,9eldfe6c::RMSF,wt-homo-4 / RMSF,RMSF,Residue,241,0.05453925,nm,nm
line,overlay,wt-homo-4,wt-homo-4,rmsf,9eldfe6c,9eldfe6c::RMSF,wt-homo-4 / RMSF,RMSF,Residue,242,0.05645766,nm,nm
line,overlay,wt-homo-4,wt-homo-4,rmsf,9eldfe6c,9eldfe6c::RMSF,wt-homo-4 / RMSF,RMSF,Residue,243,0.04946571,nm,nm
line,overlay,wt-homo-4,wt-homo-4,rmsf,9eldfe6c,9eldfe6c::RMSF,wt-homo-4 / RMSF,RMSF,Residue,244,0.059533317,nm,nm
line,overlay,wt-homo-4,wt-homo-4,rmsf,9eldfe6c,9eldfe6c::RMSF,wt-homo-4 / RMSF,RMSF,Residue,245,0.07656861,nm,nm
line,overlay,wt-homo-4,wt-homo-4,rmsf,9eldfe6c,9eldfe6c::RMSF,wt-homo-4 / RMSF,RMSF,Residue,246,0.08601635,nm,nm
line,overlay,wt-homo-4,wt-homo-4,rmsf,9eldfe6c,9eldfe6c::RMSF,wt-homo-4 / RMSF,RMSF,Residue,247,0.11446345,nm,nm
line,overlay,wt-homo-4,wt-homo-4,rmsf,9eldfe6c,9eldfe6c::RMSF,wt-homo-4 / RMSF,RMSF,Residue,248,0.12884484,nm,nm
line,overlay,wt-homo-4,wt-homo-4,rmsf,9eldfe6c,9eldfe6c::RMSF,wt-homo-4 / RMSF,RMSF,Residue,249,0.13143533,nm,nm
line,overlay,wt-homo-4,wt-homo-4,rmsf,9eldfe6c,9eldfe6c::RMSF,wt-homo-4 / RMSF,RMSF,Residue,250,0.12401088,nm,nm
line,overlay,wt-homo-4,wt-homo-4,rmsf,9eldfe6c,9eldfe6c::RMSF,wt-homo-4 / RMSF,RMSF,Residue,251,0.12594865,nm,nm
line,overlay,wt-homo-4,wt-homo-4,rmsf,9eldfe6c,9eldfe6c::RMSF,wt-homo-4 / RMSF,RMSF,Residue,252,0.09451872,nm,nm
line,overlay,wt-homo-4,wt-homo-4,rmsf,9eldfe6c,9eldfe6c::RMSF,wt-homo-4 / RMSF,RMSF,Residue,253,0.0919469,nm,nm
line,overlay,wt-homo-4,wt-homo-4,rmsf,9eldfe6c,9eldfe6c::RMSF,wt-homo-4 / RMSF,RMSF,Residue,254,0.09882349,nm,nm
line,overlay,wt-homo-4,wt-homo-4,rmsf,9eldfe6c,9eldfe6c::RMSF,wt-homo-4 / RMSF,RMSF,Residue,255,0.07814436,nm,nm
line,overlay,wt-homo-4,wt-homo-4,rmsf,9eldfe6c,9eldfe6c::RMSF,wt-homo-4 / RMSF,RMSF,Residue,256,0.07720185,nm,nm
line,overlay,wt-homo-4,wt-homo-4,rmsf,9eldfe6c,9eldfe6c::RMSF,wt-homo-4 / RMSF,RMSF,Residue,257,0.07170305,nm,nm
line,overlay,wt-homo-4,wt-homo-4,rmsf,9eldfe6c,9eldfe6c::RMSF,wt-homo-4 / RMSF,RMSF,Residue,258,0.09571669,nm,nm
line,overlay,wt-homo-4,wt-homo-4,rmsf,9eldfe6c,9eldfe6c::RMSF,wt-homo-4 / RMSF,RMSF,Residue,259,0.10740972,nm,nm
line,overlay,wt-homo-4,wt-homo-4,rmsf,9eldfe6c,9eldfe6c::RMSF,wt-homo-4 / RMSF,RMSF,Residue,260,0.10351386,nm,nm
line,overlay,wt-homo-4,wt-homo-4,rmsf,9eldfe6c,9eldfe6c::RMSF,wt-homo-4 / RMSF,RMSF,Residue,261,0.09365533,nm,nm
line,overlay,wt-homo-4,wt-homo-4,rmsf,9eldfe6c,9eldfe6c::RMSF,wt-homo-4 / RMSF,RMSF,Residue,262,0.10182642,nm,nm
line,overlay,wt-homo-4,wt-homo-4,rmsf,9eldfe6c,9eldfe6c::RMSF,wt-homo-4 / RMSF,RMSF,Residue,263,0.095311254,nm,nm
line,overlay,wt-homo-4,wt-homo-4,rmsf,9eldfe6c,9eldfe6c::RMSF,wt-homo-4 / RMSF,RMSF,Residue,264,0.10867091,nm,nm
line,overlay,wt-homo-4,wt-homo-4,rmsf,9eldfe6c,9eldfe6c::RMSF,wt-homo-4 / RMSF,RMSF,Residue,265,0.10434635,nm,nm
line,overlay,wt-homo-4,wt-homo-4,rmsf,9eldfe6c,9eldfe6c::RMSF,wt-homo-4 / RMSF,RMSF,Residue,266,0.1074699,nm,nm
line,overlay,wt-homo-4,wt-homo-4,rmsf,9eldfe6c,9eldfe6c::RMSF,wt-homo-4 / RMSF,RMSF,Residue,267,0.09922947,nm,nm
line,overlay,wt-homo-4,wt-homo-4,rmsf,9eldfe6c,9eldfe6c::RMSF,wt-homo-4 / RMSF,RMSF,Residue,268,0.08302019,nm,nm
line,overlay,wt-homo-4,wt-homo-4,rmsf,9eldfe6c,9eldfe6c::RMSF,wt-homo-4 / RMSF,RMSF,Residue,269,0.08751828,nm,nm
line,overlay,wt-homo-4,wt-homo-4,rmsf,9eldfe6c,9eldfe6c::RMSF,wt-homo-4 / RMSF,RMSF,Residue,270,0.09044546,nm,nm
line,overlay,wt-homo-4,wt-homo-4,rmsf,9eldfe6c,9eldfe6c::RMSF,wt-homo-4 / RMSF,RMSF,Residue,271,0.0755813,nm,nm
line,overlay,wt-homo-4,wt-homo-4,rmsf,9eldfe6c,9eldfe6c::RMSF,wt-homo-4 / RMSF,RMSF,Residue,272,0.067668356,nm,nm
line,overlay,wt-homo-4,wt-homo-4,rmsf,9eldfe6c,9eldfe6c::RMSF,wt-homo-4 / RMSF,RMSF,Residue,273,0.0792014,nm,nm
line,overlay,wt-homo-4,wt-homo-4,rmsf,9eldfe6c,9eldfe6c::RMSF,wt-homo-4 / RMSF,RMSF,Residue,274,0.083822034,nm,nm
line,overlay,wt-homo-4,wt-homo-4,rmsf,9eldfe6c,9eldfe6c::RMSF,wt-homo-4 / RMSF,RMSF,Residue,275,0.06897862,nm,nm
line,overlay,wt-homo-4,wt-homo-4,rmsf,9eldfe6c,9eldfe6c::RMSF,wt-homo-4 / RMSF,RMSF,Residue,276,0.07408228,nm,nm
line,overlay,wt-homo-4,wt-homo-4,rmsf,9eldfe6c,9eldfe6c::RMSF,wt-homo-4 / RMSF,RMSF,Residue,277,0.0712767,nm,nm
line,overlay,wt-homo-4,wt-homo-4,rmsf,9eldfe6c,9eldfe6c::RMSF,wt-homo-4 / RMSF,RMSF,Residue,278,0.06192827,nm,nm
line,overlay,wt-homo-4,wt-homo-4,rmsf,9eldfe6c,9eldfe6c::RMSF,wt-homo-4 / RMSF,RMSF,Residue,279,0.057356577,nm,nm
line,overlay,wt-homo-4,wt-homo-4,rmsf,9eldfe6c,9eldfe6c::RMSF,wt-homo-4 / RMSF,RMSF,Residue,280,0.045851305,nm,nm
line,overlay,wt-homo-4,wt-homo-4,rmsf,9eldfe6c,9eldfe6c::RMSF,wt-homo-4 / RMSF,RMSF,Residue,281,0.039306104,nm,nm
line,overlay,wt-homo-4,wt-homo-4,rmsf,9eldfe6c,9eldfe6c::RMSF,wt-homo-4 / RMSF,RMSF,Residue,282,0.036222752,nm,nm
line,overlay,wt-homo-4,wt-homo-4,rmsf,9eldfe6c,9eldfe6c::RMSF,wt-homo-4 / RMSF,RMSF,Residue,283,0.03633993,nm,nm
line,overlay,wt-homo-4,wt-homo-4,rmsf,9eldfe6c,9eldfe6c::RMSF,wt-homo-4 / RMSF,RMSF,Residue,284,0.04236767,nm,nm
line,overlay,wt-homo-4,wt-homo-4,rmsf,9eldfe6c,9eldfe6c::RMSF,wt-homo-4 / RMSF,RMSF,Residue,285,0.04739326,nm,nm
line,overlay,wt-homo-4,wt-homo-4,rmsf,9eldfe6c,9eldfe6c::RMSF,wt-homo-4 / RMSF,RMSF,Residue,286,0.058652252,nm,nm
line,overlay,wt-homo-4,wt-homo-4,rmsf,9eldfe6c,9eldfe6c::RMSF,wt-homo-4 / RMSF,RMSF,Residue,287,0.060309984,nm,nm
line,overlay,wt-homo-4,wt-homo-4,rmsf,9eldfe6c,9eldfe6c::RMSF,wt-homo-4 / RMSF,RMSF,Residue,288,0.07323596,nm,nm
line,overlay,wt-homo-4,wt-homo-4,rmsf,9eldfe6c,9eldfe6c::RMSF,wt-homo-4 / RMSF,RMSF,Residue,289,0.06481448,nm,nm
line,overlay,wt-homo-4,wt-homo-4,rmsf,9eldfe6c,9eldfe6c::RMSF,wt-homo-4 / RMSF,RMSF,Residue,290,0.08047266,nm,nm
line,overlay,wt-homo-4,wt-homo-4,rmsf,9eldfe6c,9eldfe6c::RMSF,wt-homo-4 / RMSF,RMSF,Residue,291,0.080444425,nm,nm
line,overlay,wt-homo-4,wt-homo-4,rmsf,9eldfe6c,9eldfe6c::RMSF,wt-homo-4 / RMSF,RMSF,Residue,292,0.07932041,nm,nm
line,overlay,wt-homo-4,wt-homo-4,rmsf,9eldfe6c,9eldfe6c::RMSF,wt-homo-4 / RMSF,RMSF,Residue,293,0.08287843,nm,nm
line,overlay,wt-homo-4,wt-homo-4,rmsf,9eldfe6c,9eldfe6c::RMSF,wt-homo-4 / RMSF,RMSF,Residue,294,0.08262228,nm,nm
line,overlay,wt-homo-4,wt-homo-4,rmsf,9eldfe6c,9eldfe6c::RMSF,wt-homo-4 / RMSF,RMSF,Residue,295,0.06790618,nm,nm
line,overlay,wt-homo-4,wt-homo-4,rmsf,9eldfe6c,9eldfe6c::RMSF,wt-homo-4 / RMSF,RMSF,Residue,296,0.06710645,nm,nm
line,overlay,wt-homo-4,wt-homo-4,rmsf,9eldfe6c,9eldfe6c::RMSF,wt-homo-4 / RMSF,RMSF,Residue,297,0.072132625,nm,nm
line,overlay,wt-homo-4,wt-homo-4,rmsf,9eldfe6c,9eldfe6c::RMSF,wt-homo-4 / RMSF,RMSF,Residue,298,0.0689261,nm,nm
line,overlay,wt-homo-4,wt-homo-4,rmsf,9eldfe6c,9eldfe6c::RMSF,wt-homo-4 / RMSF,RMSF,Residue,299,0.059163086,nm,nm
line,overlay,wt-homo-4,wt-homo-4,rmsf,9eldfe6c,9eldfe6c::RMSF,wt-homo-4 / RMSF,RMSF,Residue,300,0.06390658,nm,nm
line,overlay,wt-homo-4,wt-homo-4,rmsf,9eldfe6c,9eldfe6c::RMSF,wt-homo-4 / RMSF,RMSF,Residue,301,0.06982742,nm,nm
line,overlay,wt-homo-4,wt-homo-4,rmsf,9eldfe6c,9eldfe6c::RMSF,wt-homo-4 / RMSF,RMSF,Residue,302,0.065364815,nm,nm
line,overlay,wt-homo-4,wt-homo-4,rmsf,9eldfe6c,9eldfe6c::RMSF,wt-homo-4 / RMSF,RMSF,Residue,303,0.065423034,nm,nm
line,overlay,wt-homo-4,wt-homo-4,rmsf,9eldfe6c,9eldfe6c::RMSF,wt-homo-4 / RMSF,RMSF,Residue,304,0.075702555,nm,nm
line,overlay,wt-homo-4,wt-homo-4,rmsf,9eldfe6c,9eldfe6c::RMSF,wt-homo-4 / RMSF,RMSF,Residue,305,0.07666626,nm,nm
line,overlay,wt-homo-4,wt-homo-4,rmsf,9eldfe6c,9eldfe6c::RMSF,wt-homo-4 / RMSF,RMSF,Residue,306,0.07446548,nm,nm
line,overlay,wt-homo-4,wt-homo-4,rmsf,9eldfe6c,9eldfe6c::RMSF,wt-homo-4 / RMSF,RMSF,Residue,307,0.07823492,nm,nm
line,overlay,wt-homo-4,wt-homo-4,rmsf,9eldfe6c,9eldfe6c::RMSF,wt-homo-4 / RMSF,RMSF,Residue,308,0.059337143,nm,nm
line,overlay,wt-homo-4,wt-homo-4,rmsf,9eldfe6c,9eldfe6c::RMSF,wt-homo-4 / RMSF,RMSF,Residue,309,0.052858744,nm,nm
line,overlay,wt-homo-4,wt-homo-4,rmsf,9eldfe6c,9eldfe6c::RMSF,wt-homo-4 / RMSF,RMSF,Residue,310,0.044773493,nm,nm
line,overlay,wt-homo-4,wt-homo-4,rmsf,9eldfe6c,9eldfe6c::RMSF,wt-homo-4 / RMSF,RMSF,Residue,311,0.042847518,nm,nm
line,overlay,wt-homo-4,wt-homo-4,rmsf,9eldfe6c,9eldfe6c::RMSF,wt-homo-4 / RMSF,RMSF,Residue,312,0.043731295,nm,nm
line,overlay,wt-homo-4,wt-homo-4,rmsf,9eldfe6c,9eldfe6c::RMSF,wt-homo-4 / RMSF,RMSF,Residue,313,0.048869282,nm,nm
line,overlay,wt-homo-4,wt-homo-4,rmsf,9eldfe6c,9eldfe6c::RMSF,wt-homo-4 / RMSF,RMSF,Residue,314,0.058613714,nm,nm
line,overlay,wt-homo-4,wt-homo-4,rmsf,9eldfe6c,9eldfe6c::RMSF,wt-homo-4 / RMSF,RMSF,Residue,315,0.07445444,nm,nm
line,overlay,wt-homo-4,wt-homo-4,rmsf,9eldfe6c,9eldfe6c::RMSF,wt-homo-4 / RMSF,RMSF,Residue,316,0.12060387,nm,nm
line,overlay,wt-homo-4,wt-homo-4,rmsf,9eldfe6c,9eldfe6c::RMSF,wt-homo-4 / RMSF,RMSF,Residue,317,0.15027173,nm,nm
line,overlay,wt-homo-4,wt-homo-4,rmsf,9eldfe6c,9eldfe6c::RMSF,wt-homo-4 / RMSF,RMSF,Residue,318,0.15922958,nm,nm
line,overlay,wt-homo-4,wt-homo-4,rmsf,9eldfe6c,9eldfe6c::RMSF,wt-homo-4 / RMSF,RMSF,Residue,319,0.21781671,nm,nm
line,overlay,wt-homo-4,wt-homo-4,rmsf,9eldfe6c,9eldfe6c::RMSF,wt-homo-4 / RMSF,RMSF,Residue,320,0.20215712,nm,nm
line,overlay,wt-homo-4,wt-homo-4,rmsf,9eldfe6c,9eldfe6c::RMSF,wt-homo-4 / RMSF,RMSF,Residue,321,0.16276304,nm,nm
line,overlay,wt-homo-4,wt-homo-4,rmsf,9eldfe6c,9eldfe6c::RMSF,wt-homo-4 / RMSF,RMSF,Residue,322,0.14347737,nm,nm
line,overlay,wt-homo-4,wt-homo-4,rmsf,9eldfe6c,9eldfe6c::RMSF,wt-homo-4 / RMSF,RMSF,Residue,323,0.12010443,nm,nm
line,overlay,wt-homo-4,wt-homo-4,rmsf,9eldfe6c,9eldfe6c::RMSF,wt-homo-4 / RMSF,RMSF,Residue,324,0.09605086,nm,nm
line,overlay,wt-homo-4,wt-homo-4,rmsf,9eldfe6c,9eldfe6c::RMSF,wt-homo-4 / RMSF,RMSF,Residue,325,0.09852226,nm,nm
line,overlay,wt-homo-4,wt-homo-4,rmsf,9eldfe6c,9eldfe6c::RMSF,wt-homo-4 / RMSF,RMSF,Residue,326,0.11510028,nm,nm
line,overlay,wt-homo-4,wt-homo-4,rmsf,9eldfe6c,9eldfe6c::RMSF,wt-homo-4 / RMSF,RMSF,Residue,327,0.11035012,nm,nm
line,overlay,wt-homo-4,wt-homo-4,rmsf,9eldfe6c,9eldfe6c::RMSF,wt-homo-4 / RMSF,RMSF,Residue,328,0.087014385,nm,nm
line,overlay,wt-homo-4,wt-homo-4,rmsf,9eldfe6c,9eldfe6c::RMSF,wt-homo-4 / RMSF,RMSF,Residue,329,0.08633247,nm,nm
line,overlay,wt-homo-4,wt-homo-4,rmsf,9eldfe6c,9eldfe6c::RMSF,wt-homo-4 / RMSF,RMSF,Residue,330,0.10213951,nm,nm
line,overlay,wt-homo-4,wt-homo-4,rmsf,9eldfe6c,9eldfe6c::RMSF,wt-homo-4 / RMSF,RMSF,Residue,331,0.10110485,nm,nm
line,overlay,wt-homo-4,wt-homo-4,rmsf,9eldfe6c,9eldfe6c::RMSF,wt-homo-4 / RMSF,RMSF,Residue,332,0.082099274,nm,nm
line,overlay,wt-homo-4,wt-homo-4,rmsf,9eldfe6c,9eldfe6c::RMSF,wt-homo-4 / RMSF,RMSF,Residue,333,0.093087085,nm,nm
line,overlay,wt-homo-4,wt-homo-4,rmsf,9eldfe6c,9eldfe6c::RMSF,wt-homo-4 / RMSF,RMSF,Residue,334,0.1038172,nm,nm
line,overlay,wt-homo-4,wt-homo-4,rmsf,9eldfe6c,9eldfe6c::RMSF,wt-homo-4 / RMSF,RMSF,Residue,335,0.07894214,nm,nm
line,overlay,wt-homo-4,wt-homo-4,rmsf,9eldfe6c,9eldfe6c::RMSF,wt-homo-4 / RMSF,RMSF,Residue,336,0.065714076,nm,nm
line,overlay,wt-homo-4,wt-homo-4,rmsf,9eldfe6c,9eldfe6c::RMSF,wt-homo-4 / RMSF,RMSF,Residue,337,0.06398563,nm,nm
line,overlay,wt-homo-4,wt-homo-4,rmsf,9eldfe6c,9eldfe6c::RMSF,wt-homo-4 / RMSF,RMSF,Residue,338,0.0625151,nm,nm
line,overlay,wt-homo-4,wt-homo-4,rmsf,9eldfe6c,9eldfe6c::RMSF,wt-homo-4 / RMSF,RMSF,Residue,339,0.06010905,nm,nm
line,overlay,wt-homo-4,wt-homo-4,rmsf,9eldfe6c,9eldfe6c::RMSF,wt-homo-4 / RMSF,RMSF,Residue,340,0.06664227,nm,nm
line,overlay,wt-homo-4,wt-homo-4,rmsf,9eldfe6c,9eldfe6c::RMSF,wt-homo-4 / RMSF,RMSF,Residue,341,0.06909052,nm,nm
line,overlay,wt-homo-4,wt-homo-4,rmsf,9eldfe6c,9eldfe6c::RMSF,wt-homo-4 / RMSF,RMSF,Residue,342,0.06454098,nm,nm
line,overlay,wt-homo-4,wt-homo-4,rmsf,9eldfe6c,9eldfe6c::RMSF,wt-homo-4 / RMSF,RMSF,Residue,343,0.061685335,nm,nm
line,overlay,wt-homo-4,wt-homo-4,rmsf,9eldfe6c,9eldfe6c::RMSF,wt-homo-4 / RMSF,RMSF,Residue,344,0.06648811,nm,nm
line,overlay,wt-homo-4,wt-homo-4,rmsf,9eldfe6c,9eldfe6c::RMSF,wt-homo-4 / RMSF,RMSF,Residue,345,0.059490405,nm,nm
line,overlay,wt-homo-4,wt-homo-4,rmsf,9eldfe6c,9eldfe6c::RMSF,wt-homo-4 / RMSF,RMSF,Residue,346,0.08386848,nm,nm
line,overlay,wt-homo-4,wt-homo-4,rmsf,9eldfe6c,9eldfe6c::RMSF,wt-homo-4 / RMSF,RMSF,Residue,347,0.08594837,nm,nm
line,overlay,wt-homo-4,wt-homo-4,rmsf,9eldfe6c,9eldfe6c::RMSF,wt-homo-4 / RMSF,RMSF,Residue,348,0.05798619,nm,nm
line,overlay,wt-homo-4,wt-homo-4,rmsf,9eldfe6c,9eldfe6c::RMSF,wt-homo-4 / RMSF,RMSF,Residue,349,0.060688518,nm,nm
line,overlay,wt-homo-4,wt-homo-4,rmsf,9eldfe6c,9eldfe6c::RMSF,wt-homo-4 / RMSF,RMSF,Residue,350,0.071122676,nm,nm
line,overlay,wt-homo-4,wt-homo-4,rmsf,9eldfe6c,9eldfe6c::RMSF,wt-homo-4 / RMSF,RMSF,Residue,351,0.06493759,nm,nm
line,overlay,wt-homo-4,wt-homo-4,rmsf,9eldfe6c,9eldfe6c::RMSF,wt-homo-4 / RMSF,RMSF,Residue,352,0.0724533,nm,nm
line,overlay,wt-homo-4,wt-homo-4,rmsf,9eldfe6c,9eldfe6c::RMSF,wt-homo-4 / RMSF,RMSF,Residue,353,0.05952962,nm,nm
line,overlay,wt-homo-4,wt-homo-4,rmsf,9eldfe6c,9eldfe6c::RMSF,wt-homo-4 / RMSF,RMSF,Residue,354,0.049541634,nm,nm
line,overlay,wt-homo-4,wt-homo-4,rmsf,9eldfe6c,9eldfe6c::RMSF,wt-homo-4 / RMSF,RMSF,Residue,355,0.05282779,nm,nm
line,overlay,wt-homo-4,wt-homo-4,rmsf,9eldfe6c,9eldfe6c::RMSF,wt-homo-4 / RMSF,RMSF,Residue,356,0.04757049,nm,nm
line,overlay,wt-homo-4,wt-homo-4,rmsf,9eldfe6c,9eldfe6c::RMSF,wt-homo-4 / RMSF,RMSF,Residue,357,0.0386268,nm,nm
line,overlay,wt-homo-4,wt-homo-4,rmsf,9eldfe6c,9eldfe6c::RMSF,wt-homo-4 / RMSF,RMSF,Residue,358,0.0384723,nm,nm
line,overlay,wt-homo-4,wt-homo-4,rmsf,9eldfe6c,9eldfe6c::RMSF,wt-homo-4 / RMSF,RMSF,Residue,359,0.047601447,nm,nm
line,overlay,wt-homo-4,wt-homo-4,rmsf,9eldfe6c,9eldfe6c::RMSF,wt-homo-4 / RMSF,RMSF,Residue,360,0.045243796,nm,nm
line,overlay,wt-homo-4,wt-homo-4,rmsf,9eldfe6c,9eldfe6c::RMSF,wt-homo-4 / RMSF,RMSF,Residue,361,0.04535732,nm,nm
line,overlay,wt-homo-4,wt-homo-4,rmsf,9eldfe6c,9eldfe6c::RMSF,wt-homo-4 / RMSF,RMSF,Residue,362,0.046308618,nm,nm
line,overlay,wt-homo-4,wt-homo-4,rmsf,9eldfe6c,9eldfe6c::RMSF,wt-homo-4 / RMSF,RMSF,Residue,363,0.04798441,nm,nm
line,overlay,wt-homo-4,wt-homo-4,rmsf,9eldfe6c,9eldfe6c::RMSF,wt-homo-4 / RMSF,RMSF,Residue,364,0.04522552,nm,nm
line,overlay,wt-homo-4,wt-homo-4,rmsf,9eldfe6c,9eldfe6c::RMSF,wt-homo-4 / RMSF,RMSF,Residue,365,0.047411554,nm,nm
line,overlay,wt-homo-4,wt-homo-4,rmsf,9eldfe6c,9eldfe6c::RMSF,wt-homo-4 / RMSF,RMSF,Residue,366,0.046017632,nm,nm
line,overlay,wt-homo-4,wt-homo-4,rmsf,9eldfe6c,9eldfe6c::RMSF,wt-homo-4 / RMSF,RMSF,Residue,367,0.046604827,nm,nm
line,overlay,wt-homo-4,wt-homo-4,rmsf,9eldfe6c,9eldfe6c::RMSF,wt-homo-4 / RMSF,RMSF,Residue,368,0.05707913,nm,nm
line,overlay,wt-homo-4,wt-homo-4,rmsf,9eldfe6c,9eldfe6c::RMSF,wt-homo-4 / RMSF,RMSF,Residue,369,0.051409006,nm,nm
line,overlay,wt-homo-4,wt-homo-4,rmsf,9eldfe6c,9eldfe6c::RMSF,wt-homo-4 / RMSF,RMSF,Residue,370,0.056124233,nm,nm
line,overlay,wt-homo-4,wt-homo-4,rmsf,9eldfe6c,9eldfe6c::RMSF,wt-homo-4 / RMSF,RMSF,Residue,371,0.072671846,nm,nm
line,overlay,wt-homo-4,wt-homo-4,rmsf,9eldfe6c,9eldfe6c::RMSF,wt-homo-4 / RMSF,RMSF,Residue,372,0.069281876,nm,nm
line,overlay,wt-homo-4,wt-homo-4,rmsf,9eldfe6c,9eldfe6c::RMSF,wt-homo-4 / RMSF,RMSF,Residue,373,0.05736001,nm,nm
line,overlay,wt-homo-4,wt-homo-4,rmsf,9eldfe6c,9eldfe6c::RMSF,wt-homo-4 / RMSF,RMSF,Residue,374,0.046184834,nm,nm
line,overlay,wt-homo-4,wt-homo-4,rmsf,9eldfe6c,9eldfe6c::RMSF,wt-homo-4 / RMSF,RMSF,Residue,375,0.044757534,nm,nm
line,overlay,wt-homo-4,wt-homo-4,rmsf,9eldfe6c,9eldfe6c::RMSF,wt-homo-4 / RMSF,RMSF,Residue,376,0.044668764,nm,nm
line,overlay,wt-homo-4,wt-homo-4,rmsf,9eldfe6c,9eldfe6c::RMSF,wt-homo-4 / RMSF,RMSF,Residue,377,0.040828783,nm,nm
line,overlay,wt-homo-4,wt-homo-4,rmsf,9eldfe6c,9eldfe6c::RMSF,wt-homo-4 / RMSF,RMSF,Residue,378,0.04281278,nm,nm
line,overlay,wt-homo-4,wt-homo-4,rmsf,9eldfe6c,9eldfe6c::RMSF,wt-homo-4 / RMSF,RMSF,Residue,379,0.042998064,nm,nm
line,overlay,wt-homo-4,wt-homo-4,rmsf,9eldfe6c,9eldfe6c::RMSF,wt-homo-4 / RMSF,RMSF,Residue,380,0.04306381,nm,nm
line,overlay,wt-homo-4,wt-homo-4,rmsf,9eldfe6c,9eldfe6c::RMSF,wt-homo-4 / RMSF,RMSF,Residue,381,0.054493934,nm,nm
line,overlay,wt-homo-4,wt-homo-4,rmsf,9eldfe6c,9eldfe6c::RMSF,wt-homo-4 / RMSF,RMSF,Residue,382,0.055321477,nm,nm
line,overlay,wt-homo-4,wt-homo-4,rmsf,9eldfe6c,9eldfe6c::RMSF,wt-homo-4 / RMSF,RMSF,Residue,383,0.06598527,nm,nm
line,overlay,wt-homo-4,wt-homo-4,rmsf,9eldfe6c,9eldfe6c::RMSF,wt-homo-4 / RMSF,RMSF,Residue,384,0.059077527,nm,nm
line,overlay,wt-homo-4,wt-homo-4,rmsf,9eldfe6c,9eldfe6c::RMSF,wt-homo-4 / RMSF,RMSF,Residue,385,0.044773493,nm,nm
line,overlay,wt-homo-4,wt-homo-4,rmsf,9eldfe6c,9eldfe6c::RMSF,wt-homo-4 / RMSF,RMSF,Residue,386,0.042996414,nm,nm
line,overlay,wt-homo-4,wt-homo-4,rmsf,9eldfe6c,9eldfe6c::RMSF,wt-homo-4 / RMSF,RMSF,Residue,387,0.0425625,nm,nm
line,overlay,wt-homo-4,wt-homo-4,rmsf,9eldfe6c,9eldfe6c::RMSF,wt-homo-4 / RMSF,RMSF,Residue,388,0.04185819,nm,nm
line,overlay,wt-homo-4,wt-homo-4,rmsf,9eldfe6c,9eldfe6c::RMSF,wt-homo-4 / RMSF,RMSF,Residue,389,0.040474698,nm,nm
line,overlay,wt-homo-4,wt-homo-4,rmsf,9eldfe6c,9eldfe6c::RMSF,wt-homo-4 / RMSF,RMSF,Residue,390,0.042604502,nm,nm
line,overlay,wt-homo-4,wt-homo-4,rmsf,9eldfe6c,9eldfe6c::RMSF,wt-homo-4 / RMSF,RMSF,Residue,391,0.042556867,nm,nm
line,overlay,wt-homo-4,wt-homo-4,rmsf,9eldfe6c,9eldfe6c::RMSF,wt-homo-4 / RMSF,RMSF,Residue,392,0.042239696,nm,nm
line,overlay,wt-homo-4,wt-homo-4,rmsf,9eldfe6c,9eldfe6c::RMSF,wt-homo-4 / RMSF,RMSF,Residue,393,0.047178917,nm,nm
line,overlay,wt-homo-4,wt-homo-4,rmsf,9eldfe6c,9eldfe6c::RMSF,wt-homo-4 / RMSF,RMSF,Residue,394,0.05425372,nm,nm
line,overlay,wt-homo-4,wt-homo-4,rmsf,9eldfe6c,9eldfe6c::RMSF,wt-homo-4 / RMSF,RMSF,Residue,395,0.052674495,nm,nm
line,overlay,wt-homo-4,wt-homo-4,rmsf,9eldfe6c,9eldfe6c::RMSF,wt-homo-4 / RMSF,RMSF,Residue,396,0.05066578,nm,nm
line,overlay,wt-homo-4,wt-homo-4,rmsf,9eldfe6c,9eldfe6c::RMSF,wt-homo-4 / RMSF,RMSF,Residue,397,0.04948594,nm,nm
line,overlay,wt-homo-4,wt-homo-4,rmsf,9eldfe6c,9eldfe6c::RMSF,wt-homo-4 / RMSF,RMSF,Residue,398,0.047249325,nm,nm
line,overlay,wt-homo-4,wt-homo-4,rmsf,9eldfe6c,9eldfe6c::RMSF,wt-homo-4 / RMSF,RMSF,Residue,399,0.04953416,nm,nm
line,overlay,wt-homo-4,wt-homo-4,rmsf,9eldfe6c,9eldfe6c::RMSF,wt-homo-4 / RMSF,RMSF,Residue,400,0.052950747,nm,nm
line,overlay,wt-homo-4,wt-homo-4,rmsf,9eldfe6c,9eldfe6c::RMSF,wt-homo-4 / RMSF,RMSF,Residue,401,0.05912157,nm,nm
line,overlay,wt-homo-4,wt-homo-4,rmsf,9eldfe6c,9eldfe6c::RMSF,wt-homo-4 / RMSF,RMSF,Residue,402,0.0571552,nm,nm
line,overlay,wt-homo-4,wt-homo-4,rmsf,9eldfe6c,9eldfe6c::RMSF,wt-homo-4 / RMSF,RMSF,Residue,403,0.063281305,nm,nm
line,overlay,wt-homo-4,wt-homo-4,rmsf,9eldfe6c,9eldfe6c::RMSF,wt-homo-4 / RMSF,RMSF,Residue,404,0.05576588,nm,nm
line,overlay,wt-homo-4,wt-homo-4,rmsf,9eldfe6c,9eldfe6c::RMSF,wt-homo-4 / RMSF,RMSF,Residue,405,0.06005887,nm,nm
line,overlay,wt-homo-4,wt-homo-4,rmsf,9eldfe6c,9eldfe6c::RMSF,wt-homo-4 / RMSF,RMSF,Residue,406,0.06272046,nm,nm
line,overlay,wt-homo-4,wt-homo-4,rmsf,9eldfe6c,9eldfe6c::RMSF,wt-homo-4 / RMSF,RMSF,Residue,407,0.063353844,nm,nm
line,overlay,wt-homo-4,wt-homo-4,rmsf,9eldfe6c,9eldfe6c::RMSF,wt-homo-4 / RMSF,RMSF,Residue,408,0.08037569,nm,nm
line,overlay,wt-homo-4,wt-homo-4,rmsf,9eldfe6c,9eldfe6c::RMSF,wt-homo-4 / RMSF,RMSF,Residue,409,0.07944487,nm,nm
line,overlay,wt-homo-4,wt-homo-4,rmsf,9eldfe6c,9eldfe6c::RMSF,wt-homo-4 / RMSF,RMSF,Residue,410,0.11046967,nm,nm
line,overlay,wt-homo-4,wt-homo-4,rmsf,9eldfe6c,9eldfe6c::RMSF,wt-homo-4 / RMSF,RMSF,Residue,411,0.09166733,nm,nm
line,overlay,wt-homo-4,wt-homo-4,rmsf,9eldfe6c,9eldfe6c::RMSF,wt-homo-4 / RMSF,RMSF,Residue,412,0.08384866,nm,nm
line,overlay,wt-homo-4,wt-homo-4,rmsf,9eldfe6c,9eldfe6c::RMSF,wt-homo-4 / RMSF,RMSF,Residue,413,0.07384219,nm,nm
line,overlay,wt-homo-4,wt-homo-4,rmsf,9eldfe6c,9eldfe6c::RMSF,wt-homo-4 / RMSF,RMSF,Residue,414,0.093363285,nm,nm
line,overlay,wt-homo-4,wt-homo-4,rmsf,9eldfe6c,9eldfe6c::RMSF,wt-homo-4 / RMSF,RMSF,Residue,415,0.07395595,nm,nm
line,overlay,wt-homo-4,wt-homo-4,rmsf,9eldfe6c,9eldfe6c::RMSF,wt-homo-4 / RMSF,RMSF,Residue,416,0.07615747,nm,nm
line,overlay,wt-homo-4,wt-homo-4,rmsf,9eldfe6c,9eldfe6c::RMSF,wt-homo-4 / RMSF,RMSF,Residue,417,0.07109487,nm,nm
line,overlay,wt-homo-4,wt-homo-4,rmsf,9eldfe6c,9eldfe6c::RMSF,wt-homo-4 / RMSF,RMSF,Residue,418,0.07691795,nm,nm
line,overlay,wt-homo-4,wt-homo-4,rmsf,9eldfe6c,9eldfe6c::RMSF,wt-homo-4 / RMSF,RMSF,Residue,419,0.07244201,nm,nm
line,overlay,wt-homo-4,wt-homo-4,rmsf,9eldfe6c,9eldfe6c::RMSF,wt-homo-4 / RMSF,RMSF,Residue,420,0.064698584,nm,nm
line,overlay,wt-homo-4,wt-homo-4,rmsf,9eldfe6c,9eldfe6c::RMSF,wt-homo-4 / RMSF,RMSF,Residue,421,0.06644656,nm,nm
line,overlay,wt-homo-4,wt-homo-4,rmsf,9eldfe6c,9eldfe6c::RMSF,wt-homo-4 / RMSF,RMSF,Residue,422,0.06924704,nm,nm
line,overlay,wt-homo-4,wt-homo-4,rmsf,9eldfe6c,9eldfe6c::RMSF,wt-homo-4 / RMSF,RMSF,Residue,423,0.06303731,nm,nm
line,overlay,wt-homo-4,wt-homo-4,rmsf,9eldfe6c,9eldfe6c::RMSF,wt-homo-4 / RMSF,RMSF,Residue,424,0.05846712,nm,nm
line,overlay,wt-homo-4,wt-homo-4,rmsf,9eldfe6c,9eldfe6c::RMSF,wt-homo-4 / RMSF,RMSF,Residue,425,0.06499251,nm,nm
line,overlay,wt-homo-4,wt-homo-4,rmsf,9eldfe6c,9eldfe6c::RMSF,wt-homo-4 / RMSF,RMSF,Residue,426,0.07185758,nm,nm
line,overlay,wt-homo-4,wt-homo-4,rmsf,9eldfe6c,9eldfe6c::RMSF,wt-homo-4 / RMSF,RMSF,Residue,427,0.059325013,nm,nm
line,overlay,wt-homo-4,wt-homo-4,rmsf,9eldfe6c,9eldfe6c::RMSF,wt-homo-4 / RMSF,RMSF,Residue,428,0.064253375,nm,nm
line,overlay,wt-homo-4,wt-homo-4,rmsf,9eldfe6c,9eldfe6c::RMSF,wt-homo-4 / RMSF,RMSF,Residue,429,0.09493068,nm,nm
line,overlay,wt-homo-4,wt-homo-4,rmsf,9eldfe6c,9eldfe6c::RMSF,wt-homo-4 / RMSF,RMSF,Residue,430,0.19077078,nm,nm
line,overlay,wt-homo-4,wt-homo-4,rmsf,9eldfe6c,9eldfe6c::RMSF,wt-homo-4 / RMSF,RMSF,Residue,431,0.13324119,nm,nm
line,overlay,wt-homo-4,wt-homo-4,rmsf,9eldfe6c,9eldfe6c::RMSF,wt-homo-4 / RMSF,RMSF,Residue,432,0.09765443,nm,nm
line,overlay,wt-homo-4,wt-homo-4,rmsf,9eldfe6c,9eldfe6c::RMSF,wt-homo-4 / RMSF,RMSF,Residue,433,0.077125564,nm,nm
line,overlay,wt-homo-4,wt-homo-4,rmsf,9eldfe6c,9eldfe6c::RMSF,wt-homo-4 / RMSF,RMSF,Residue,434,0.07388157,nm,nm
line,overlay,wt-homo-4,wt-homo-4,rmsf,9eldfe6c,9eldfe6c::RMSF,wt-homo-4 / RMSF,RMSF,Residue,435,0.07059722,nm,nm
line,overlay,wt-homo-4,wt-homo-4,rmsf,9eldfe6c,9eldfe6c::RMSF,wt-homo-4 / RMSF,RMSF,Residue,436,0.05528985,nm,nm
line,overlay,wt-homo-4,wt-homo-4,rmsf,9eldfe6c,9eldfe6c::RMSF,wt-homo-4 / RMSF,RMSF,Residue,437,0.0544999,nm,nm
line,overlay,wt-homo-4,wt-homo-4,rmsf,9eldfe6c,9eldfe6c::RMSF,wt-homo-4 / RMSF,RMSF,Residue,438,0.0624396,nm,nm
line,overlay,wt-homo-4,wt-homo-4,rmsf,9eldfe6c,9eldfe6c::RMSF,wt-homo-4 / RMSF,RMSF,Residue,439,0.060059424,nm,nm
line,overlay,wt-homo-4,wt-homo-4,rmsf,9eldfe6c,9eldfe6c::RMSF,wt-homo-4 / RMSF,RMSF,Residue,440,0.05418295,nm,nm
line,overlay,wt-homo-4,wt-homo-4,rmsf,9eldfe6c,9eldfe6c::RMSF,wt-homo-4 / RMSF,RMSF,Residue,441,0.063021995,nm,nm
line,overlay,wt-homo-4,wt-homo-4,rmsf,9eldfe6c,9eldfe6c::RMSF,wt-homo-4 / RMSF,RMSF,Residue,442,0.06641235,nm,nm
line,overlay,wt-homo-4,wt-homo-4,rmsf,9eldfe6c,9eldfe6c::RMSF,wt-homo-4 / RMSF,RMSF,Residue,443,0.05905296,nm,nm
line,overlay,wt-homo-4,wt-homo-4,rmsf,9eldfe6c,9eldfe6c::RMSF,wt-homo-4 / RMSF,RMSF,Residue,444,0.059747163,nm,nm
line,overlay,wt-homo-4,wt-homo-4,rmsf,9eldfe6c,9eldfe6c::RMSF,wt-homo-4 / RMSF,RMSF,Residue,445,0.062236343,nm,nm
line,overlay,wt-homo-4,wt-homo-4,rmsf,9eldfe6c,9eldfe6c::RMSF,wt-homo-4 / RMSF,RMSF,Residue,446,0.056931812,nm,nm
line,overlay,wt-homo-4,wt-homo-4,rmsf,9eldfe6c,9eldfe6c::RMSF,wt-homo-4 / RMSF,RMSF,Residue,447,0.055785846,nm,nm
line,overlay,wt-homo-4,wt-homo-4,rmsf,9eldfe6c,9eldfe6c::RMSF,wt-homo-4 / RMSF,RMSF,Residue,448,0.0693274,nm,nm
line,overlay,wt-homo-4,wt-homo-4,rmsf,9eldfe6c,9eldfe6c::RMSF,wt-homo-4 / RMSF,RMSF,Residue,449,0.07130951,nm,nm
line,overlay,wt-homo-4,wt-homo-4,rmsf,9eldfe6c,9eldfe6c::RMSF,wt-homo-4 / RMSF,RMSF,Residue,450,0.0579468,nm,nm
line,overlay,wt-homo-4,wt-homo-4,rmsf,9eldfe6c,9eldfe6c::RMSF,wt-homo-4 / RMSF,RMSF,Residue,451,0.065051325,nm,nm
line,overlay,wt-homo-4,wt-homo-4,rmsf,9eldfe6c,9eldfe6c::RMSF,wt-homo-4 / RMSF,RMSF,Residue,452,0.0796647,nm,nm
line,overlay,wt-homo-4,wt-homo-4,rmsf,9eldfe6c,9eldfe6c::RMSF,wt-homo-4 / RMSF,RMSF,Residue,453,0.09029027,nm,nm
line,overlay,wt-homo-4,wt-homo-4,rmsf,9eldfe6c,9eldfe6c::RMSF,wt-homo-4 / RMSF,RMSF,Residue,454,0.09623859,nm,nm
line,overlay,wt-homo-4,wt-homo-4,rmsf,9eldfe6c,9eldfe6c::RMSF,wt-homo-4 / RMSF,RMSF,Residue,455,0.068795756,nm,nm
line,overlay,wt-homo-4,wt-homo-4,rmsf,9eldfe6c,9eldfe6c::RMSF,wt-homo-4 / RMSF,RMSF,Residue,456,0.05643972,nm,nm
line,overlay,wt-homo-4,wt-homo-4,rmsf,9eldfe6c,9eldfe6c::RMSF,wt-homo-4 / RMSF,RMSF,Residue,457,0.048064046,nm,nm
line,overlay,wt-homo-4,wt-homo-4,rmsf,9eldfe6c,9eldfe6c::RMSF,wt-homo-4 / RMSF,RMSF,Residue,458,0.054249916,nm,nm
line,overlay,wt-homo-4,wt-homo-4,rmsf,9eldfe6c,9eldfe6c::RMSF,wt-homo-4 / RMSF,RMSF,Residue,459,0.057553392,nm,nm
line,overlay,wt-homo-4,wt-homo-4,rmsf,9eldfe6c,9eldfe6c::RMSF,wt-homo-4 / RMSF,RMSF,Residue,460,0.05398814,nm,nm
line,overlay,wt-homo-4,wt-homo-4,rmsf,9eldfe6c,9eldfe6c::RMSF,wt-homo-4 / RMSF,RMSF,Residue,461,0.049893975,nm,nm
line,overlay,wt-homo-4,wt-homo-4,rmsf,9eldfe6c,9eldfe6c::RMSF,wt-homo-4 / RMSF,RMSF,Residue,462,0.053012557,nm,nm
line,overlay,wt-homo-4,wt-homo-4,rmsf,9eldfe6c,9eldfe6c::RMSF,wt-homo-4 / RMSF,RMSF,Residue,463,0.060417872,nm,nm
line,overlay,wt-homo-4,wt-homo-4,rmsf,9eldfe6c,9eldfe6c::RMSF,wt-homo-4 / RMSF,RMSF,Residue,464,0.056094408,nm,nm
line,overlay,wt-homo-4,wt-homo-4,rmsf,9eldfe6c,9eldfe6c::RMSF,wt-homo-4 / RMSF,RMSF,Residue,465,0.054929834,nm,nm
line,overlay,wt-homo-4,wt-homo-4,rmsf,9eldfe6c,9eldfe6c::RMSF,wt-homo-4 / RMSF,RMSF,Residue,466,0.07018083,nm,nm
line,overlay,wt-homo-4,wt-homo-4,rmsf,9eldfe6c,9eldfe6c::RMSF,wt-homo-4 / RMSF,RMSF,Residue,467,0.077106856,nm,nm
line,overlay,wt-homo-4,wt-homo-4,rmsf,9eldfe6c,9eldfe6c::RMSF,wt-homo-4 / RMSF,RMSF,Residue,468,0.06941838,nm,nm
line,overlay,wt-homo-4,wt-homo-4,rmsf,9eldfe6c,9eldfe6c::RMSF,wt-homo-4 / RMSF,RMSF,Residue,469,0.08417506,nm,nm
line,overlay,wt-homo-4,wt-homo-4,rmsf,9eldfe6c,9eldfe6c::RMSF,wt-homo-4 / RMSF,RMSF,Residue,470,0.10279298,nm,nm
line,overlay,wt-homo-4,wt-homo-4,rmsf,9eldfe6c,9eldfe6c::RMSF,wt-homo-4 / RMSF,RMSF,Residue,471,0.10729951,nm,nm
line,overlay,wt-homo-4,wt-homo-4,rmsf,9eldfe6c,9eldfe6c::RMSF,wt-homo-4 / RMSF,RMSF,Residue,472,0.12415915,nm,nm
line,overlay,wt-homo-4,wt-homo-4,rmsf,9eldfe6c,9eldfe6c::RMSF,wt-homo-4 / RMSF,RMSF,Residue,473,0.15130457,nm,nm
line,overlay,wt-homo-4,wt-homo-4,rmsf,9eldfe6c,9eldfe6c::RMSF,wt-homo-4 / RMSF,RMSF,Residue,474,0.2727492,nm,nm
line,overlay,wt-homo-4,wt-homo-4,rmsf,9eldfe6c,9eldfe6c::RMSF,wt-homo-4 / RMSF,RMSF,Residue,475,0.3941004,nm,nm
line,overlay,wt-homo-4,wt-homo-4,rmsf,9eldfe6c,9eldfe6c::RMSF,wt-homo-4 / RMSF,RMSF,Residue,476,0.60934925,nm,nm