view_mode,display_mode,dataset_id,dataset_name,metric_type,source_id,series_key,series_label,column,x_label,x_value,y_value,raw_unit,display_unit
line,overlay,sdt3-homo,sdt3-homo,sasa,9f34j1v6,9f34j1v6::Total,sdt3-homo / Total,Total,Time (ps),0,204.8855,nm^2,nm^2
line,overlay,sdt3-homo,sdt3-homo,sasa,9f34j1v6,9f34j1v6::Total,sdt3-homo / Total,Total,Time (ps),1000,199.18777,nm^2,nm^2
line,overlay,sdt3-homo,sdt3-homo,sasa,9f34j1v6,9f34j1v6::Total,sdt3-homo / Total,Total,Time (ps),2000,203.63908,nm^2,nm^2
line,overlay,sdt3-homo,sdt3-homo,sasa,9f34j1v6,9f34j1v6::Total,sdt3-homo / Total,Total,Time (ps),3000,203.2679,nm^2,nm^2
line,overlay,sdt3-homo,sdt3-homo,sasa,9f34j1v6,9f34j1v6::Total,sdt3-homo / Total,Total,Time (ps),4000,205.8125,nm^2,nm^2
line,overlay,sdt3-homo,sdt3-homo,sasa,9f34j1v6,9f34j1v6::Total,sdt3-homo / Total,Total,Time (ps),5000,206.04446,nm^2,nm^2
line,overlay,sdt3-homo,sdt3-homo,sasa,9f34j1v6,9f34j1v6::Total,sdt3-homo / Total,Total,Time (ps),6000,203.9966,nm^2,nm^2
line,overlay,sdt3-homo,sdt3-homo,sasa,9f34j1v6,9f34j1v6::Total,sdt3-homo / Total,Total,Time (ps),7000,210.0449,nm^2,nm^2
line,overlay,sdt3-homo,sdt3-homo,sasa,9f34j1v6,9f34j1v6::Total,sdt3-homo / Total,Total,Time (ps),8000,208.95804,nm^2,nm^2
line,overlay,sdt3-homo,sdt3-homo,sasa,9f34j1v6,9f34j1v6::Total,sdt3-homo / Total,Total,Time (ps),9000,207.65248,nm^2,nm^2
line,overlay,sdt3-homo,sdt3-homo,sasa,9f34j1v6,9f34j1v6::Total,sdt3-homo / Total,Total,Time (ps),10000,209.04282,nm^2,nm^2
line,overlay,sdt3-homo,sdt3-homo,sasa,9f34j1v6,9f34j1v6::Total,sdt3-homo / Total,Total,Time (ps),11000,209.35284,nm^2,nm^2
line,overlay,sdt3-homo,sdt3-homo,sasa,9f34j1v6,9f34j1v6::Total,sdt3-homo / Total,Total,Time (ps),12000,209.16875,nm^2,nm^2
line,overlay,sdt3-homo,sdt3-homo,sasa,9f34j1v6,9f34j1v6::Total,sdt3-homo / Total,Total,Time (ps),13000,212.03563,nm^2,nm^2
line,overlay,sdt3-homo,sdt3-homo,sasa,9f34j1v6,9f34j1v6::Total,sdt3-homo / Total,Total,Time (ps),14000,208.02971,nm^2,nm^2
line,overlay,sdt3-homo,sdt3-homo,sasa,9f34j1v6,9f34j1v6::Total,sdt3-homo / Total,Total,Time (ps),15000,208.47481,nm^2,nm^2
line,overlay,sdt3-homo,sdt3-homo,sasa,9f34j1v6,9f34j1v6::Total,sdt3-homo / Total,Total,Time (ps),16000,210.19417,nm^2,nm^2
line,overlay,sdt3-homo,sdt3-homo,sasa,9f34j1v6,9f34j1v6::Total,sdt3-homo / Total,Total,Time (ps),17000,210.69115,nm^2,nm^2
line,overlay,sdt3-homo,sdt3-homo,sasa,9f34j1v6,9f34j1v6::Total,sdt3-homo / Total,Total,Time (ps),18000,209.83318,nm^2,nm^2
line,overlay,sdt3-homo,sdt3-homo,sasa,9f34j1v6,9f34j1v6::Total,sdt3-homo / Total,Total,Time (ps),19000,209.31883,nm^2,nm^2
line,overlay,sdt3-homo,sdt3-homo,sasa,9f34j1v6,9f34j1v6::Total,sdt3-homo / Total,Total,Time (ps),20000,211.36395,nm^2,nm^2
line,overlay,sdt3-homo,sdt3-homo,sasa,9f34j1v6,9f34j1v6::Total,sdt3-homo / Total,Total,Time (ps),21000,213.78426,nm^2,nm^2
line,overlay,sdt3-homo,sdt3-homo,sasa,9f34j1v6,9f34j1v6::Total,sdt3-homo / Total,Total,Time (ps),22000,212.13835,nm^2,nm^2
line,overlay,sdt3-homo,sdt3-homo,sasa,9f34j1v6,9f34j1v6::Total,sdt3-homo / Total,Total,Time (ps),23000,207.33365,nm^2,nm^2
line,overlay,sdt3-homo,sdt3-homo,sasa,9f34j1v6,9f34j1v6::Total,sdt3-homo / Total,Total,Time (ps),24000,213.66885,nm^2,nm^2
line,overlay,sdt3-homo,sdt3-homo,sasa,9f34j1v6,9f34j1v6::Total,sdt3-homo / Total,Total,Time (ps),25000,210.26367,nm^2,nm^2
line,overlay,sdt3-homo,sdt3-homo,sasa,9f34j1v6,9f34j1v6::Total,sdt3-homo / Total,Total,Time (ps),26000,214.11053,nm^2,nm^2
line,overlay,sdt3-homo,sdt3-homo,sasa,9f34j1v6,9f34j1v6::Total,sdt3-homo / Total,Total,Time (ps),27000,209.92636,nm^2,nm^2
line,overlay,sdt3-homo,sdt3-homo,sasa,9f34j1v6,9f34j1v6::Total,sdt3-homo / Total,Total,Time (ps),28000,210.67805,nm^2,nm^2
line,overlay,sdt3-homo,sdt3-homo,sasa,9f34j1v6,9f34j1v6::Total,sdt3-homo / Total,Total,Time (ps),29000,208.88046,nm^2,nm^2
line,overlay,sdt3-homo,sdt3-homo,sasa,9f34j1v6,9f34j1v6::Total,sdt3-homo / Total,Total,Time (ps),30000,218.42592,nm^2,nm^2
line,overlay,sdt3-homo,sdt3-homo,sasa,9f34j1v6,9f34j1v6::Total,sdt3-homo / Total,Total,Time (ps),31000,215.10188,nm^2,nm^2
line,overlay,sdt3-homo,sdt3-homo,sasa,9f34j1v6,9f34j1v6::Total,sdt3-homo / Total,Total,Time (ps),32000,213.91771,nm^2,nm^2
line,overlay,sdt3-homo,sdt3-homo,sasa,9f34j1v6,9f34j1v6::Total,sdt3-homo / Total,Total,Time (ps),33000,211.80814,nm^2,nm^2
line,overlay,sdt3-homo,sdt3-homo,sasa,9f34j1v6,9f34j1v6::Total,sdt3-homo / Total,Total,Time (ps),34000,214.61888,nm^2,nm^2
line,overlay,sdt3-homo,sdt3-homo,sasa,9f34j1v6,9f34j1v6::Total,sdt3-homo / Total,Total,Time (ps),35000,214.99316,nm^2,nm^2
line,overlay,sdt3-homo,sdt3-homo,sasa,9f34j1v6,9f34j1v6::Total,sdt3-homo / Total,Total,Time (ps),36000,211.20445,nm^2,nm^2
line,overlay,sdt3-homo,sdt3-homo,sasa,9f34j1v6,9f34j1v6::Total,sdt3-homo / Total,Total,Time (ps),37000,211.46849,nm^2,nm^2
line,overlay,sdt3-homo,sdt3-homo,sasa,9f34j1v6,9f34j1v6::Total,sdt3-homo / Total,Total,Time (ps),38000,209.84193,nm^2,nm^2
line,overlay,sdt3-homo,sdt3-homo,sasa,9f34j1v6,9f34j1v6::Total,sdt3-homo / Total,Total,Time (ps),39000,208.8213,nm^2,nm^2
line,overlay,sdt3-homo,sdt3-homo,sasa,9f34j1v6,9f34j1v6::Total,sdt3-homo / Total,Total,Time (ps),40000,209.06798,nm^2,nm^2
line,overlay,sdt3-homo,sdt3-homo,sasa,9f34j1v6,9f34j1v6::Total,sdt3-homo / Total,Total,Time (ps),41000,209.03094,nm^2,nm^2
line,overlay,sdt3-homo,sdt3-homo,sasa,9f34j1v6,9f34j1v6::Total,sdt3-homo / Total,Total,Time (ps),42000,208.16682,nm^2,nm^2
line,overlay,sdt3-homo,sdt3-homo,sasa,9f34j1v6,9f34j1v6::Total,sdt3-homo / Total,Total,Time (ps),43000,208.53328,nm^2,nm^2
line,overlay,sdt3-homo,sdt3-homo,sasa,9f34j1v6,9f34j1v6::Total,sdt3-homo / Total,Total,Time (ps),44000,216.12477,nm^2,nm^2
line,overlay,sdt3-homo,sdt3-homo,sasa,9f34j1v6,9f34j1v6::Total,sdt3-homo / Total,Total,Time (ps),45000,215.60886,nm^2,nm^2
line,overlay,sdt3-homo,sdt3-homo,sasa,9f34j1v6,9f34j1v6::Total,sdt3-homo / Total,Total,Time (ps),46000,212.93045,nm^2,nm^2
line,overlay,sdt3-homo,sdt3-homo,sasa,9f34j1v6,9f34j1v6::Total,sdt3-homo / Total,Total,Time (ps),47000,211.3097,nm^2,nm^2
line,overlay,sdt3-homo,sdt3-homo,sasa,9f34j1v6,9f34j1v6::Total,sdt3-homo / Total,Total,Time (ps),48000,217.48688,nm^2,nm^2
line,overlay,sdt3-homo,sdt3-homo,sasa,9f34j1v6,9f34j1v6::Total,sdt3-homo / Total,Total,Time (ps),49000,216.62726,nm^2,nm^2
line,overlay,sdt3-homo,sdt3-homo,sasa,9f34j1v6,9f34j1v6::Total,sdt3-homo / Total,Total,Time (ps),50000,215.51474,nm^2,nm^2
line,overlay,sdt3-homo,sdt3-homo,sasa,9f34j1v6,9f34j1v6::Total,sdt3-homo / Total,Total,Time (ps),51000,216.47705,nm^2,nm^2
line,overlay,sdt3-homo,sdt3-homo,sasa,9f34j1v6,9f34j1v6::Total,sdt3-homo / Total,Total,Time (ps),52000,223.10876,nm^2,nm^2
line,overlay,sdt3-homo,sdt3-homo,sasa,9f34j1v6,9f34j1v6::Total,sdt3-homo / Total,Total,Time (ps),53000,218.31824,nm^2,nm^2
line,overlay,sdt3-homo,sdt3-homo,sasa,9f34j1v6,9f34j1v6::Total,sdt3-homo / Total,Total,Time (ps),54000,224.46066,nm^2,nm^2
line,overlay,sdt3-homo,sdt3-homo,sasa,9f34j1v6,9f34j1v6::Total,sdt3-homo / Total,Total,Time (ps),55000,227.47018,nm^2,nm^2
line,overlay,sdt3-homo,sdt3-homo,sasa,9f34j1v6,9f34j1v6::Total,sdt3-homo / Total,Total,Time (ps),56000,224.28003,nm^2,nm^2
line,overlay,sdt3-homo,sdt3-homo,sasa,9f34j1v6,9f34j1v6::Total,sdt3-homo / Total,Total,Time (ps),57000,221.53876,nm^2,nm^2
line,overlay,sdt3-homo,sdt3-homo,sasa,9f34j1v6,9f34j1v6::Total,sdt3-homo / Total,Total,Time (ps),58000,215.52553,nm^2,nm^2
line,overlay,sdt3-homo,sdt3-homo,sasa,9f34j1v6,9f34j1v6::Total,sdt3-homo / Total,Total,Time (ps),59000,214.47661,nm^2,nm^2
line,overlay,sdt3-homo,sdt3-homo,sasa,9f34j1v6,9f34j1v6::Total,sdt3-homo / Total,Total,Time (ps),60000,219.23419,nm^2,nm^2
line,overlay,sdt3-homo,sdt3-homo,sasa,9f34j1v6,9f34j1v6::Total,sdt3-homo / Total,Total,Time (ps),61000,216.5124,nm^2,nm^2
line,overlay,sdt3-homo,sdt3-homo,sasa,9f34j1v6,9f34j1v6::Total,sdt3-homo / Total,Total,Time (ps),62000,214.51581,nm^2,nm^2
line,overlay,sdt3-homo,sdt3-homo,sasa,9f34j1v6,9f34j1v6::Total,sdt3-homo / Total,Total,Time (ps),63000,215.54251,nm^2,nm^2
line,overlay,sdt3-homo,sdt3-homo,sasa,9f34j1v6,9f34j1v6::Total,sdt3-homo / Total,Total,Time (ps),64000,213.59686,nm^2,nm^2
line,overlay,sdt3-homo,sdt3-homo,sasa,9f34j1v6,9f34j1v6::Total,sdt3-homo / Total,Total,Time (ps),65000,213.64948,nm^2,nm^2
line,overlay,sdt3-homo,sdt3-homo,sasa,9f34j1v6,9f34j1v6::Total,sdt3-homo / Total,Total,Time (ps),66000,213.27261,nm^2,nm^2
line,overlay,sdt3-homo,sdt3-homo,sasa,9f34j1v6,9f34j1v6::Total,sdt3-homo / Total,Total,Time (ps),67000,212.7716,nm^2,nm^2
line,overlay,sdt3-homo,sdt3-homo,sasa,9f34j1v6,9f34j1v6::Total,sdt3-homo / Total,Total,Time (ps),68000,212.3293,nm^2,nm^2
line,overlay,sdt3-homo,sdt3-homo,sasa,9f34j1v6,9f34j1v6::Total,sdt3-homo / Total,Total,Time (ps),69000,213.3511,nm^2,nm^2
line,overlay,sdt3-homo,sdt3-homo,sasa,9f34j1v6,9f34j1v6::Total,sdt3-homo / Total,Total,Time (ps),70000,214.72067,nm^2,nm^2
line,overlay,sdt3-homo,sdt3-homo,sasa,9f34j1v6,9f34j1v6::Total,sdt3-homo / Total,Total,Time (ps),71000,217.12498,nm^2,nm^2
line,overlay,sdt3-homo,sdt3-homo,sasa,9f34j1v6,9f34j1v6::Total,sdt3-homo / Total,Total,Time (ps),72000,220.25092,nm^2,nm^2
line,overlay,sdt3-homo,sdt3-homo,sasa,9f34j1v6,9f34j1v6::Total,sdt3-homo / Total,Total,Time (ps),73000,213.66876,nm^2,nm^2
line,overlay,sdt3-homo,sdt3-homo,sasa,9f34j1v6,9f34j1v6::Total,sdt3-homo / Total,Total,Time (ps),74000,214.12273,nm^2,nm^2
line,overlay,sdt3-homo,sdt3-homo,sasa,9f34j1v6,9f34j1v6::Total,sdt3-homo / Total,Total,Time (ps),75000,209.8443,nm^2,nm^2
line,overlay,sdt3-homo,sdt3-homo,sasa,9f34j1v6,9f34j1v6::Total,sdt3-homo / Total,Total,Time (ps),76000,215.10118,nm^2,nm^2
line,overlay,sdt3-homo,sdt3-homo,sasa,9f34j1v6,9f34j1v6::Total,sdt3-homo / Total,Total,Time (ps),77000,218.69388,nm^2,nm^2
line,overlay,sdt3-homo,sdt3-homo,sasa,9f34j1v6,9f34j1v6::Total,sdt3-homo / Total,Total,Time (ps),78000,212.92693,nm^2,nm^2
line,overlay,sdt3-homo,sdt3-homo,sasa,9f34j1v6,9f34j1v6::Total,sdt3-homo / Total,Total,Time (ps),79000,211.79823,nm^2,nm^2
line,overlay,sdt3-homo,sdt3-homo,sasa,9f34j1v6,9f34j1v6::Total,sdt3-homo / Total,Total,Time (ps),80000,208.2822,nm^2,nm^2
line,overlay,sdt3-homo,sdt3-homo,sasa,9f34j1v6,9f34j1v6::Total,sdt3-homo / Total,Total,Time (ps),81000,215.09633,nm^2,nm^2
line,overlay,sdt3-homo,sdt3-homo,sasa,9f34j1v6,9f34j1v6::Total,sdt3-homo / Total,Total,Time (ps),82000,218.82523,nm^2,nm^2
line,overlay,sdt3-homo,sdt3-homo,sasa,9f34j1v6,9f34j1v6::Total,sdt3-homo / Total,Total,Time (ps),83000,214.29132,nm^2,nm^2
line,overlay,sdt3-homo,sdt3-homo,sasa,9f34j1v6,9f34j1v6::Total,sdt3-homo / Total,Total,Time (ps),84000,220.06332,nm^2,nm^2
line,overlay,sdt3-homo,sdt3-homo,sasa,9f34j1v6,9f34j1v6::Total,sdt3-homo / Total,Total,Time (ps),85000,214.86908,nm^2,nm^2
line,overlay,sdt3-homo,sdt3-homo,sasa,9f34j1v6,9f34j1v6::Total,sdt3-homo / Total,Total,Time (ps),86000,214.619,nm^2,nm^2
line,overlay,sdt3-homo,sdt3-homo,sasa,9f34j1v6,9f34j1v6::Total,sdt3-homo / Total,Total,Time (ps),87000,208.56573,nm^2,nm^2
line,overlay,sdt3-homo,sdt3-homo,sasa,9f34j1v6,9f34j1v6::Total,sdt3-homo / Total,Total,Time (ps),88000,213.3304,nm^2,nm^2
line,overlay,sdt3-homo,sdt3-homo,sasa,9f34j1v6,9f34j1v6::Total,sdt3-homo / Total,Total,Time (ps),89000,217.84496,nm^2,nm^2
line,overlay,sdt3-homo,sdt3-homo,sasa,9f34j1v6,9f34j1v6::Total,sdt3-homo / Total,Total,Time (ps),90000,212.34592,nm^2,nm^2
line,overlay,sdt3-homo,sdt3-homo,sasa,9f34j1v6,9f34j1v6::Total,sdt3-homo / Total,Total,Time (ps),91000,215.28981,nm^2,nm^2
line,overlay,sdt3-homo,sdt3-homo,sasa,9f34j1v6,9f34j1v6::Total,sdt3-homo / Total,Total,Time (ps),92000,215.87532,nm^2,nm^2
line,overlay,sdt3-homo,sdt3-homo,sasa,9f34j1v6,9f34j1v6::Total,sdt3-homo / Total,Total,Time (ps),93000,216.19775,nm^2,nm^2
line,overlay,sdt3-homo,sdt3-homo,sasa,9f34j1v6,9f34j1v6::Total,sdt3-homo / Total,Total,Time (ps),94000,216.96733,nm^2,nm^2
line,overlay,sdt3-homo,sdt3-homo,sasa,9f34j1v6,9f34j1v6::Total,sdt3-homo / Total,Total,Time (ps),95000,213.2403,nm^2,nm^2
line,overlay,sdt3-homo,sdt3-homo,sasa,9f34j1v6,9f34j1v6::Total,sdt3-homo / Total,Total,Time (ps),96000,217.28015,nm^2,nm^2
line,overlay,sdt3-homo,sdt3-homo,sasa,9f34j1v6,9f34j1v6::Total,sdt3-homo / Total,Total,Time (ps),97000,218.74658,nm^2,nm^2
line,overlay,sdt3-homo,sdt3-homo,sasa,9f34j1v6,9f34j1v6::Total,sdt3-homo / Total,Total,Time (ps),98000,216.96844,nm^2,nm^2
line,overlay,sdt3-homo,sdt3-homo,sasa,9f34j1v6,9f34j1v6::Total,sdt3-homo / Total,Total,Time (ps),99000,217.04668,nm^2,nm^2
line,overlay,sdt3-homo,sdt3-homo,sasa,9f34j1v6,9f34j1v6::Total,sdt3-homo / Total,Total,Time (ps),100000,213.27725,nm^2,nm^2
line,overlay,sdt3-homo-2,sdt3-homo-2,sasa,pe2fwe62,pe2fwe62::Total,sdt3-homo-2 / Total,Total,Time (ps),0,208.27339,nm^2,nm^2
line,overlay,sdt3-homo-2,sdt3-homo-2,sasa,pe2fwe62,pe2fwe62::Total,sdt3-homo-2 / Total,Total,Time (ps),1000,204.51012,nm^2,nm^2
line,overlay,sdt3-homo-2,sdt3-homo-2,sasa,pe2fwe62,pe2fwe62::Total,sdt3-homo-2 / Total,Total,Time (ps),2000,206.94286,nm^2,nm^2
line,overlay,sdt3-homo-2,sdt3-homo-2,sasa,pe2fwe62,pe2fwe62::Total,sdt3-homo-2 / Total,Total,Time (ps),3000,208.28333,nm^2,nm^2
line,overlay,sdt3-homo-2,sdt3-homo-2,sasa,pe2fwe62,pe2fwe62::Total,sdt3-homo-2 / Total,Total,Time (ps),4000,206.93204,nm^2,nm^2
line,overlay,sdt3-homo-2,sdt3-homo-2,sasa,pe2fwe62,pe2fwe62::Total,sdt3-homo-2 / Total,Total,Time (ps),5000,211.03299,nm^2,nm^2
line,overlay,sdt3-homo-2,sdt3-homo-2,sasa,pe2fwe62,pe2fwe62::Total,sdt3-homo-2 / Total,Total,Time (ps),6000,208.80194,nm^2,nm^2
line,overlay,sdt3-homo-2,sdt3-homo-2,sasa,pe2fwe62,pe2fwe62::Total,sdt3-homo-2 / Total,Total,Time (ps),7000,214.7033,nm^2,nm^2
line,overlay,sdt3-homo-2,sdt3-homo-2,sasa,pe2fwe62,pe2fwe62::Total,sdt3-homo-2 / Total,Total,Time (ps),8000,210.67757,nm^2,nm^2
line,overlay,sdt3-homo-2,sdt3-homo-2,sasa,pe2fwe62,pe2fwe62::Total,sdt3-homo-2 / Total,Total,Time (ps),9000,211.33664,nm^2,nm^2
line,overlay,sdt3-homo-2,sdt3-homo-2,sasa,pe2fwe62,pe2fwe62::Total,sdt3-homo-2 / Total,Total,Time (ps),10000,206.36765,nm^2,nm^2
line,overlay,sdt3-homo-2,sdt3-homo-2,sasa,pe2fwe62,pe2fwe62::Total,sdt3-homo-2 / Total,Total,Time (ps),11000,208.27916,nm^2,nm^2
line,overlay,sdt3-homo-2,sdt3-homo-2,sasa,pe2fwe62,pe2fwe62::Total,sdt3-homo-2 / Total,Total,Time (ps),12000,208.3309,nm^2,nm^2
line,overlay,sdt3-homo-2,sdt3-homo-2,sasa,pe2fwe62,pe2fwe62::Total,sdt3-homo-2 / Total,Total,Time (ps),13000,210.67459,nm^2,nm^2
line,overlay,sdt3-homo-2,sdt3-homo-2,sasa,pe2fwe62,pe2fwe62::Total,sdt3-homo-2 / Total,Total,Time (ps),14000,208.13281,nm^2,nm^2
line,overlay,sdt3-homo-2,sdt3-homo-2,sasa,pe2fwe62,pe2fwe62::Total,sdt3-homo-2 / Total,Total,Time (ps),15000,210.68315,nm^2,nm^2
line,overlay,sdt3-homo-2,sdt3-homo-2,sasa,pe2fwe62,pe2fwe62::Total,sdt3-homo-2 / Total,Total,Time (ps),16000,215.12738,nm^2,nm^2
line,overlay,sdt3-homo-2,sdt3-homo-2,sasa,pe2fwe62,pe2fwe62::Total,sdt3-homo-2 / Total,Total,Time (ps),17000,212.1658,nm^2,nm^2
line,overlay,sdt3-homo-2,sdt3-homo-2,sasa,pe2fwe62,pe2fwe62::Total,sdt3-homo-2 / Total,Total,Time (ps),18000,210.64716,nm^2,nm^2
line,overlay,sdt3-homo-2,sdt3-homo-2,sasa,pe2fwe62,pe2fwe62::Total,sdt3-homo-2 / Total,Total,Time (ps),19000,209.4467,nm^2,nm^2
line,overlay,sdt3-homo-2,sdt3-homo-2,sasa,pe2fwe62,pe2fwe62::Total,sdt3-homo-2 / Total,Total,Time (ps),20000,212.88094,nm^2,nm^2
line,overlay,sdt3-homo-2,sdt3-homo-2,sasa,pe2fwe62,pe2fwe62::Total,sdt3-homo-2 / Total,Total,Time (ps),21000,204.00154,nm^2,nm^2
line,overlay,sdt3-homo-2,sdt3-homo-2,sasa,pe2fwe62,pe2fwe62::Total,sdt3-homo-2 / Total,Total,Time (ps),22000,205.79744,nm^2,nm^2
line,overlay,sdt3-homo-2,sdt3-homo-2,sasa,pe2fwe62,pe2fwe62::Total,sdt3-homo-2 / Total,Total,Time (ps),23000,211.7038,nm^2,nm^2
line,overlay,sdt3-homo-2,sdt3-homo-2,sasa,pe2fwe62,pe2fwe62::Total,sdt3-homo-2 / Total,Total,Time (ps),24000,211.21463,nm^2,nm^2
line,overlay,sdt3-homo-2,sdt3-homo-2,sasa,pe2fwe62,pe2fwe62::Total,sdt3-homo-2 / Total,Total,Time (ps),25000,208.05515,nm^2,nm^2
line,overlay,sdt3-homo-2,sdt3-homo-2,sasa,pe2fwe62,pe2fwe62::Total,sdt3-homo-2 / Total,Total,Time (ps),26000,206.35773,nm^2,nm^2
line,overlay,sdt3-homo-2,sdt3-homo-2,sasa,pe2fwe62,pe2fwe62::Total,sdt3-homo-2 / Total,Total,Time (ps),27000,208.8104,nm^2,nm^2
line,overlay,sdt3-homo-2,sdt3-homo-2,sasa,pe2fwe62,pe2fwe62::Total,sdt3-homo-2 / Total,Total,Time (ps),28000,210.45897,nm^2,nm^2
line,overlay,sdt3-homo-2,sdt3-homo-2,sasa,pe2fwe62,pe2fwe62::Total,sdt3-homo-2 / Total,Total,Time (ps),29000,209.97829,nm^2,nm^2
line,overlay,sdt3-homo-2,sdt3-homo-2,sasa,pe2fwe62,pe2fwe62::Total,sdt3-homo-2 / Total,Total,Time (ps),30000,206.99779,nm^2,nm^2
line,overlay,sdt3-homo-2,sdt3-homo-2,sasa,pe2fwe62,pe2fwe62::Total,sdt3-homo-2 / Total,Total,Time (ps),31000,207.22249,nm^2,nm^2
line,overlay,sdt3-homo-2,sdt3-homo-2,sasa,pe2fwe62,pe2fwe62::Total,sdt3-homo-2 / Total,Total,Time (ps),32000,207.6152,nm^2,nm^2
line,overlay,sdt3-homo-2,sdt3-homo-2,sasa,pe2fwe62,pe2fwe62::Total,sdt3-homo-2 / Total,Total,Time (ps),33000,207.04352,nm^2,nm^2
line,overlay,sdt3-homo-2,sdt3-homo-2,sasa,pe2fwe62,pe2fwe62::Total,sdt3-homo-2 / Total,Total,Time (ps),34000,206.9949,nm^2,nm^2
line,overlay,sdt3-homo-2,sdt3-homo-2,sasa,pe2fwe62,pe2fwe62::Total,sdt3-homo-2 / Total,Total,Time (ps),35000,209.4573,nm^2,nm^2
line,overlay,sdt3-homo-2,sdt3-homo-2,sasa,pe2fwe62,pe2fwe62::Total,sdt3-homo-2 / Total,Total,Time (ps),36000,208.55492,nm^2,nm^2
line,overlay,sdt3-homo-2,sdt3-homo-2,sasa,pe2fwe62,pe2fwe62::Total,sdt3-homo-2 / Total,Total,Time (ps),37000,213.3266,nm^2,nm^2
line,overlay,sdt3-homo-2,sdt3-homo-2,sasa,pe2fwe62,pe2fwe62::Total,sdt3-homo-2 / Total,Total,Time (ps),38000,207.29602,nm^2,nm^2
line,overlay,sdt3-homo-2,sdt3-homo-2,sasa,pe2fwe62,pe2fwe62::Total,sdt3-homo-2 / Total,Total,Time (ps),39000,207.06328,nm^2,nm^2
line,overlay,sdt3-homo-2,sdt3-homo-2,sasa,pe2fwe62,pe2fwe62::Total,sdt3-homo-2 / Total,Total,Time (ps),40000,208.97047,nm^2,nm^2
line,overlay,sdt3-homo-2,sdt3-homo-2,sasa,pe2fwe62,pe2fwe62::Total,sdt3-homo-2 / Total,Total,Time (ps),41000,210.72005,nm^2,nm^2
line,overlay,sdt3-homo-2,sdt3-homo-2,sasa,pe2fwe62,pe2fwe62::Total,sdt3-homo-2 / Total,Total,Time (ps),42000,210.40797,nm^2,nm^2
line,overlay,sdt3-homo-2,sdt3-homo-2,sasa,pe2fwe62,pe2fwe62::Total,sdt3-homo-2 / Total,Total,Time (ps),43000,209.81949,nm^2,nm^2
line,overlay,sdt3-homo-2,sdt3-homo-2,sasa,pe2fwe62,pe2fwe62::Total,sdt3-homo-2 / Total,Total,Time (ps),44000,209.09195,nm^2,nm^2
line,overlay,sdt3-homo-2,sdt3-homo-2,sasa,pe2fwe62,pe2fwe62::Total,sdt3-homo-2 / Total,Total,Time (ps),45000,207.7898,nm^2,nm^2
line,overlay,sdt3-homo-2,sdt3-homo-2,sasa,pe2fwe62,pe2fwe62::Total,sdt3-homo-2 / Total,Total,Time (ps),46000,213.27156,nm^2,nm^2
line,overlay,sdt3-homo-2,sdt3-homo-2,sasa,pe2fwe62,pe2fwe62::Total,sdt3-homo-2 / Total,Total,Time (ps),47000,210.84193,nm^2,nm^2
line,overlay,sdt3-homo-2,sdt3-homo-2,sasa,pe2fwe62,pe2fwe62::Total,sdt3-homo-2 / Total,Total,Time (ps),48000,211.69547,nm^2,nm^2
line,overlay,sdt3-homo-2,sdt3-homo-2,sasa,pe2fwe62,pe2fwe62::Total,sdt3-homo-2 / Total,Total,Time (ps),49000,212.35179,nm^2,nm^2
line,overlay,sdt3-homo-2,sdt3-homo-2,sasa,pe2fwe62,pe2fwe62::Total,sdt3-homo-2 / Total,Total,Time (ps),50000,211.15222,nm^2,nm^2
line,overlay,sdt3-homo-2,sdt3-homo-2,sasa,pe2fwe62,pe2fwe62::Total,sdt3-homo-2 / Total,Total,Time (ps),51000,211.38185,nm^2,nm^2
line,overlay,sdt3-homo-2,sdt3-homo-2,sasa,pe2fwe62,pe2fwe62::Total,sdt3-homo-2 / Total,Total,Time (ps),52000,210.55531,nm^2,nm^2
line,overlay,sdt3-homo-2,sdt3-homo-2,sasa,pe2fwe62,pe2fwe62::Total,sdt3-homo-2 / Total,Total,Time (ps),53000,216.3255,nm^2,nm^2
line,overlay,sdt3-homo-2,sdt3-homo-2,sasa,pe2fwe62,pe2fwe62::Total,sdt3-homo-2 / Total,Total,Time (ps),54000,209.82529,nm^2,nm^2
line,overlay,sdt3-homo-2,sdt3-homo-2,sasa,pe2fwe62,pe2fwe62::Total,sdt3-homo-2 / Total,Total,Time (ps),55000,213.63649,nm^2,nm^2
line,overlay,sdt3-homo-2,sdt3-homo-2,sasa,pe2fwe62,pe2fwe62::Total,sdt3-homo-2 / Total,Total,Time (ps),56000,207.96494,nm^2,nm^2
line,overlay,sdt3-homo-2,sdt3-homo-2,sasa,pe2fwe62,pe2fwe62::Total,sdt3-homo-2 / Total,Total,Time (ps),57000,208.97719,nm^2,nm^2
line,overlay,sdt3-homo-2,sdt3-homo-2,sasa,pe2fwe62,pe2fwe62::Total,sdt3-homo-2 / Total,Total,Time (ps),58000,210.92554,nm^2,nm^2
line,overlay,sdt3-homo-2,sdt3-homo-2,sasa,pe2fwe62,pe2fwe62::Total,sdt3-homo-2 / Total,Total,Time (ps),59000,210.30794,nm^2,nm^2
line,overlay,sdt3-homo-2,sdt3-homo-2,sasa,pe2fwe62,pe2fwe62::Total,sdt3-homo-2 / Total,Total,Time (ps),60000,209.316,nm^2,nm^2
line,overlay,sdt3-homo-2,sdt3-homo-2,sasa,pe2fwe62,pe2fwe62::Total,sdt3-homo-2 / Total,Total,Time (ps),61000,208.27591,nm^2,nm^2
line,overlay,sdt3-homo-2,sdt3-homo-2,sasa,pe2fwe62,pe2fwe62::Total,sdt3-homo-2 / Total,Total,Time (ps),62000,209.65065,nm^2,nm^2
line,overlay,sdt3-homo-2,sdt3-homo-2,sasa,pe2fwe62,pe2fwe62::Total,sdt3-homo-2 / Total,Total,Time (ps),63000,207.90619,nm^2,nm^2
line,overlay,sdt3-homo-2,sdt3-homo-2,sasa,pe2fwe62,pe2fwe62::Total,sdt3-homo-2 / Total,Total,Time (ps),64000,208.41325,nm^2,nm^2
line,overlay,sdt3-homo-2,sdt3-homo-2,sasa,pe2fwe62,pe2fwe62::Total,sdt3-homo-2 / Total,Total,Time (ps),65000,208.11888,nm^2,nm^2
line,overlay,sdt3-homo-2,sdt3-homo-2,sasa,pe2fwe62,pe2fwe62::Total,sdt3-homo-2 / Total,Total,Time (ps),66000,206.47975,nm^2,nm^2
line,overlay,sdt3-homo-2,sdt3-homo-2,sasa,pe2fwe62,pe2fwe62::Total,sdt3-homo-2 / Total,Total,Time (ps),67000,205.92314,nm^2,nm^2
line,overlay,sdt3-homo-2,sdt3-homo-2,sasa,pe2fwe62,pe2fwe62::Total,sdt3-homo-2 / Total,Total,Time (ps),68000,208.40167,nm^2,nm^2
line,overlay,sdt3-homo-2,sdt3-homo-2,sasa,pe2fwe62,pe2fwe62::Total,sdt3-homo-2 / Total,Total,Time (ps),69000,203.11403,nm^2,nm^2
line,overlay,sdt3-homo-2,sdt3-homo-2,sasa,pe2fwe62,pe2fwe62::Total,sdt3-homo-2 / Total,Total,Time (ps),70000,205.21158,nm^2,nm^2
line,overlay,sdt3-homo-2,sdt3-homo-2,sasa,pe2fwe62,pe2fwe62::Total,sdt3-homo-2 / Total,Total,Time (ps),71000,204.65204,nm^2,nm^2
line,overlay,sdt3-homo-2,sdt3-homo-2,sasa,pe2fwe62,pe2fwe62::Total,sdt3-homo-2 / Total,Total,Time (ps),72000,207.50761,nm^2,nm^2
line,overlay,sdt3-homo-2,sdt3-homo-2,sasa,pe2fwe62,pe2fwe62::Total,sdt3-homo-2 / Total,Total,Time (ps),73000,202.63522,nm^2,nm^2
line,overlay,sdt3-homo-2,sdt3-homo-2,sasa,pe2fwe62,pe2fwe62::Total,sdt3-homo-2 / Total,Total,Time (ps),74000,204.01555,nm^2,nm^2
line,overlay,sdt3-homo-2,sdt3-homo-2,sasa,pe2fwe62,pe2fwe62::Total,sdt3-homo-2 / Total,Total,Time (ps),75000,203.52791,nm^2,nm^2
line,overlay,sdt3-homo-2,sdt3-homo-2,sasa,pe2fwe62,pe2fwe62::Total,sdt3-homo-2 / Total,Total,Time (ps),76000,206.27821,nm^2,nm^2
line,overlay,sdt3-homo-2,sdt3-homo-2,sasa,pe2fwe62,pe2fwe62::Total,sdt3-homo-2 / Total,Total,Time (ps),77000,207.0612,nm^2,nm^2
line,overlay,sdt3-homo-2,sdt3-homo-2,sasa,pe2fwe62,pe2fwe62::Total,sdt3-homo-2 / Total,Total,Time (ps),78000,205.70598,nm^2,nm^2
line,overlay,sdt3-homo-2,sdt3-homo-2,sasa,pe2fwe62,pe2fwe62::Total,sdt3-homo-2 / Total,Total,Time (ps),79000,207.46577,nm^2,nm^2
line,overlay,sdt3-homo-2,sdt3-homo-2,sasa,pe2fwe62,pe2fwe62::Total,sdt3-homo-2 / Total,Total,Time (ps),80000,210.2762,nm^2,nm^2
line,overlay,sdt3-homo-2,sdt3-homo-2,sasa,pe2fwe62,pe2fwe62::Total,sdt3-homo-2 / Total,Total,Time (ps),81000,210.7391,nm^2,nm^2
line,overlay,sdt3-homo-2,sdt3-homo-2,sasa,pe2fwe62,pe2fwe62::Total,sdt3-homo-2 / Total,Total,Time (ps),82000,210.5287,nm^2,nm^2
line,overlay,sdt3-homo-2,sdt3-homo-2,sasa,pe2fwe62,pe2fwe62::Total,sdt3-homo-2 / Total,Total,Time (ps),83000,207.2652,nm^2,nm^2
line,overlay,sdt3-homo-2,sdt3-homo-2,sasa,pe2fwe62,pe2fwe62::Total,sdt3-homo-2 / Total,Total,Time (ps),84000,210.6522,nm^2,nm^2
line,overlay,sdt3-homo-2,sdt3-homo-2,sasa,pe2fwe62,pe2fwe62::Total,sdt3-homo-2 / Total,Total,Time (ps),85000,209.31915,nm^2,nm^2
line,overlay,sdt3-homo-2,sdt3-homo-2,sasa,pe2fwe62,pe2fwe62::Total,sdt3-homo-2 / Total,Total,Time (ps),86000,208.49065,nm^2,nm^2
line,overlay,sdt3-homo-2,sdt3-homo-2,sasa,pe2fwe62,pe2fwe62::Total,sdt3-homo-2 / Total,Total,Time (ps),87000,210.79698,nm^2,nm^2
line,overlay,sdt3-homo-2,sdt3-homo-2,sasa,pe2fwe62,pe2fwe62::Total,sdt3-homo-2 / Total,Total,Time (ps),88000,210.77371,nm^2,nm^2
line,overlay,sdt3-homo-2,sdt3-homo-2,sasa,pe2fwe62,pe2fwe62::Total,sdt3-homo-2 / Total,Total,Time (ps),89000,213.52113,nm^2,nm^2
line,overlay,sdt3-homo-2,sdt3-homo-2,sasa,pe2fwe62,pe2fwe62::Total,sdt3-homo-2 / Total,Total,Time (ps),90000,211.57698,nm^2,nm^2
line,overlay,sdt3-homo-2,sdt3-homo-2,sasa,pe2fwe62,pe2fwe62::Total,sdt3-homo-2 / Total,Total,Time (ps),91000,213.98087,nm^2,nm^2
line,overlay,sdt3-homo-2,sdt3-homo-2,sasa,pe2fwe62,pe2fwe62::Total,sdt3-homo-2 / Total,Total,Time (ps),92000,210.84753,nm^2,nm^2
line,overlay,sdt3-homo-2,sdt3-homo-2,sasa,pe2fwe62,pe2fwe62::Total,sdt3-homo-2 / Total,Total,Time (ps),93000,209.98927,nm^2,nm^2
line,overlay,sdt3-homo-2,sdt3-homo-2,sasa,pe2fwe62,pe2fwe62::Total,sdt3-homo-2 / Total,Total,Time (ps),94000,208.44225,nm^2,nm^2
line,overlay,sdt3-homo-2,sdt3-homo-2,sasa,pe2fwe62,pe2fwe62::Total,sdt3-homo-2 / Total,Total,Time (ps),95000,207.8315,nm^2,nm^2
line,overlay,sdt3-homo-2,sdt3-homo-2,sasa,pe2fwe62,pe2fwe62::Total,sdt3-homo-2 / Total,Total,Time (ps),96000,206.73308,nm^2,nm^2
line,overlay,sdt3-homo-2,sdt3-homo-2,sasa,pe2fwe62,pe2fwe62::Total,sdt3-homo-2 / Total,Total,Time (ps),97000,205.90877,nm^2,nm^2
line,overlay,sdt3-homo-2,sdt3-homo-2,sasa,pe2fwe62,pe2fwe62::Total,sdt3-homo-2 / Total,Total,Time (ps),98000,209.58919,nm^2,nm^2
line,overlay,sdt3-homo-2,sdt3-homo-2,sasa,pe2fwe62,pe2fwe62::Total,sdt3-homo-2 / Total,Total,Time (ps),99000,207.16415,nm^2,nm^2
line,overlay,sdt3-homo-2,sdt3-homo-2,sasa,pe2fwe62,pe2fwe62::Total,sdt3-homo-2 / Total,Total,Time (ps),100000,209.78703,nm^2,nm^2
line,overlay,sdt3-homo-3,sdt3-homo-3,sasa,n9mwdshp,n9mwdshp::Total,sdt3-homo-3 / Total,Total,Time (ps),0,202.37422,nm^2,nm^2
line,overlay,sdt3-homo-3,sdt3-homo-3,sasa,n9mwdshp,n9mwdshp::Total,sdt3-homo-3 / Total,Total,Time (ps),1000,209.33943,nm^2,nm^2
line,overlay,sdt3-homo-3,sdt3-homo-3,sasa,n9mwdshp,n9mwdshp::Total,sdt3-homo-3 / Total,Total,Time (ps),2000,209.65881,nm^2,nm^2
line,overlay,sdt3-homo-3,sdt3-homo-3,sasa,n9mwdshp,n9mwdshp::Total,sdt3-homo-3 / Total,Total,Time (ps),3000,206.97624,nm^2,nm^2
line,overlay,sdt3-homo-3,sdt3-homo-3,sasa,n9mwdshp,n9mwdshp::Total,sdt3-homo-3 / Total,Total,Time (ps),4000,209.29955,nm^2,nm^2
line,overlay,sdt3-homo-3,sdt3-homo-3,sasa,n9mwdshp,n9mwdshp::Total,sdt3-homo-3 / Total,Total,Time (ps),5000,211.85233,nm^2,nm^2
line,overlay,sdt3-homo-3,sdt3-homo-3,sasa,n9mwdshp,n9mwdshp::Total,sdt3-homo-3 / Total,Total,Time (ps),6000,207.95705,nm^2,nm^2
line,overlay,sdt3-homo-3,sdt3-homo-3,sasa,n9mwdshp,n9mwdshp::Total,sdt3-homo-3 / Total,Total,Time (ps),7000,204.9634,nm^2,nm^2
line,overlay,sdt3-homo-3,sdt3-homo-3,sasa,n9mwdshp,n9mwdshp::Total,sdt3-homo-3 / Total,Total,Time (ps),8000,208.82954,nm^2,nm^2
line,overlay,sdt3-homo-3,sdt3-homo-3,sasa,n9mwdshp,n9mwdshp::Total,sdt3-homo-3 / Total,Total,Time (ps),9000,210.79916,nm^2,nm^2
line,overlay,sdt3-homo-3,sdt3-homo-3,sasa,n9mwdshp,n9mwdshp::Total,sdt3-homo-3 / Total,Total,Time (ps),10000,213.99736,nm^2,nm^2
line,overlay,sdt3-homo-3,sdt3-homo-3,sasa,n9mwdshp,n9mwdshp::Total,sdt3-homo-3 / Total,Total,Time (ps),11000,212.62003,nm^2,nm^2
line,overlay,sdt3-homo-3,sdt3-homo-3,sasa,n9mwdshp,n9mwdshp::Total,sdt3-homo-3 / Total,Total,Time (ps),12000,209.2036,nm^2,nm^2
line,overlay,sdt3-homo-3,sdt3-homo-3,sasa,n9mwdshp,n9mwdshp::Total,sdt3-homo-3 / Total,Total,Time (ps),13000,213.46184,nm^2,nm^2
line,overlay,sdt3-homo-3,sdt3-homo-3,sasa,n9mwdshp,n9mwdshp::Total,sdt3-homo-3 / Total,Total,Time (ps),14000,210.9436,nm^2,nm^2
line,overlay,sdt3-homo-3,sdt3-homo-3,sasa,n9mwdshp,n9mwdshp::Total,sdt3-homo-3 / Total,Total,Time (ps),15000,208.0283,nm^2,nm^2
line,overlay,sdt3-homo-3,sdt3-homo-3,sasa,n9mwdshp,n9mwdshp::Total,sdt3-homo-3 / Total,Total,Time (ps),16000,207.58022,nm^2,nm^2
line,overlay,sdt3-homo-3,sdt3-homo-3,sasa,n9mwdshp,n9mwdshp::Total,sdt3-homo-3 / Total,Total,Time (ps),17000,209.2942,nm^2,nm^2
line,overlay,sdt3-homo-3,sdt3-homo-3,sasa,n9mwdshp,n9mwdshp::Total,sdt3-homo-3 / Total,Total,Time (ps),18000,212.61502,nm^2,nm^2
line,overlay,sdt3-homo-3,sdt3-homo-3,sasa,n9mwdshp,n9mwdshp::Total,sdt3-homo-3 / Total,Total,Time (ps),19000,211.36494,nm^2,nm^2
line,overlay,sdt3-homo-3,sdt3-homo-3,sasa,n9mwdshp,n9mwdshp::Total,sdt3-homo-3 / Total,Total,Time (ps),20000,212.42928,nm^2,nm^2
line,overlay,sdt3-homo-3,sdt3-homo-3,sasa,n9mwdshp,n9mwdshp::Total,sdt3-homo-3 / Total,Total,Time (ps),21000,206.17218,nm^2,nm^2
line,overlay,sdt3-homo-3,sdt3-homo-3,sasa,n9mwdshp,n9mwdshp::Total,sdt3-homo-3 / Total,Total,Time (ps),22000,208.46043,nm^2,nm^2
line,overlay,sdt3-homo-3,sdt3-homo-3,sasa,n9mwdshp,n9mwdshp::Total,sdt3-homo-3 / Total,Total,Time (ps),23000,211.9395,nm^2,nm^2
line,overlay,sdt3-homo-3,sdt3-homo-3,sasa,n9mwdshp,n9mwdshp::Total,sdt3-homo-3 / Total,Total,Time (ps),24000,210.70004,nm^2,nm^2
line,overlay,sdt3-homo-3,sdt3-homo-3,sasa,n9mwdshp,n9mwdshp::Total,sdt3-homo-3 / Total,Total,Time (ps),25000,204.10631,nm^2,nm^2
line,overlay,sdt3-homo-3,sdt3-homo-3,sasa,n9mwdshp,n9mwdshp::Total,sdt3-homo-3 / Total,Total,Time (ps),26000,206.74622,nm^2,nm^2
line,overlay,sdt3-homo-3,sdt3-homo-3,sasa,n9mwdshp,n9mwdshp::Total,sdt3-homo-3 / Total,Total,Time (ps),27000,206.63513,nm^2,nm^2
line,overlay,sdt3-homo-3,sdt3-homo-3,sasa,n9mwdshp,n9mwdshp::Total,sdt3-homo-3 / Total,Total,Time (ps),28000,209.7777,nm^2,nm^2
line,overlay,sdt3-homo-3,sdt3-homo-3,sasa,n9mwdshp,n9mwdshp::Total,sdt3-homo-3 / Total,Total,Time (ps),29000,211.1153,nm^2,nm^2
line,overlay,sdt3-homo-3,sdt3-homo-3,sasa,n9mwdshp,n9mwdshp::Total,sdt3-homo-3 / Total,Total,Time (ps),30000,212.37602,nm^2,nm^2
line,overlay,sdt3-homo-3,sdt3-homo-3,sasa,n9mwdshp,n9mwdshp::Total,sdt3-homo-3 / Total,Total,Time (ps),31000,205.7802,nm^2,nm^2
line,overlay,sdt3-homo-3,sdt3-homo-3,sasa,n9mwdshp,n9mwdshp::Total,sdt3-homo-3 / Total,Total,Time (ps),32000,209.69672,nm^2,nm^2
line,overlay,sdt3-homo-3,sdt3-homo-3,sasa,n9mwdshp,n9mwdshp::Total,sdt3-homo-3 / Total,Total,Time (ps),33000,214.01726,nm^2,nm^2
line,overlay,sdt3-homo-3,sdt3-homo-3,sasa,n9mwdshp,n9mwdshp::Total,sdt3-homo-3 / Total,Total,Time (ps),34000,213.62756,nm^2,nm^2
line,overlay,sdt3-homo-3,sdt3-homo-3,sasa,n9mwdshp,n9mwdshp::Total,sdt3-homo-3 / Total,Total,Time (ps),35000,205.58841,nm^2,nm^2
line,overlay,sdt3-homo-3,sdt3-homo-3,sasa,n9mwdshp,n9mwdshp::Total,sdt3-homo-3 / Total,Total,Time (ps),36000,208.03583,nm^2,nm^2
line,overlay,sdt3-homo-3,sdt3-homo-3,sasa,n9mwdshp,n9mwdshp::Total,sdt3-homo-3 / Total,Total,Time (ps),37000,207.66411,nm^2,nm^2
line,overlay,sdt3-homo-3,sdt3-homo-3,sasa,n9mwdshp,n9mwdshp::Total,sdt3-homo-3 / Total,Total,Time (ps),38000,204.49072,nm^2,nm^2
line,overlay,sdt3-homo-3,sdt3-homo-3,sasa,n9mwdshp,n9mwdshp::Total,sdt3-homo-3 / Total,Total,Time (ps),39000,207.24294,nm^2,nm^2
line,overlay,sdt3-homo-3,sdt3-homo-3,sasa,n9mwdshp,n9mwdshp::Total,sdt3-homo-3 / Total,Total,Time (ps),40000,207.83382,nm^2,nm^2
line,overlay,sdt3-homo-3,sdt3-homo-3,sasa,n9mwdshp,n9mwdshp::Total,sdt3-homo-3 / Total,Total,Time (ps),41000,203.48529,nm^2,nm^2
line,overlay,sdt3-homo-3,sdt3-homo-3,sasa,n9mwdshp,n9mwdshp::Total,sdt3-homo-3 / Total,Total,Time (ps),42000,206.8202,nm^2,nm^2
line,overlay,sdt3-homo-3,sdt3-homo-3,sasa,n9mwdshp,n9mwdshp::Total,sdt3-homo-3 / Total,Total,Time (ps),43000,206.30441,nm^2,nm^2
line,overlay,sdt3-homo-3,sdt3-homo-3,sasa,n9mwdshp,n9mwdshp::Total,sdt3-homo-3 / Total,Total,Time (ps),44000,208.3398,nm^2,nm^2
line,overlay,sdt3-homo-3,sdt3-homo-3,sasa,n9mwdshp,n9mwdshp::Total,sdt3-homo-3 / Total,Total,Time (ps),45000,207.73253,nm^2,nm^2
line,overlay,sdt3-homo-3,sdt3-homo-3,sasa,n9mwdshp,n9mwdshp::Total,sdt3-homo-3 / Total,Total,Time (ps),46000,210.10728,nm^2,nm^2
line,overlay,sdt3-homo-3,sdt3-homo-3,sasa,n9mwdshp,n9mwdshp::Total,sdt3-homo-3 / Total,Total,Time (ps),47000,209.86038,nm^2,nm^2
line,overlay,sdt3-homo-3,sdt3-homo-3,sasa,n9mwdshp,n9mwdshp::Total,sdt3-homo-3 / Total,Total,Time (ps),48000,208.26233,nm^2,nm^2
line,overlay,sdt3-homo-3,sdt3-homo-3,sasa,n9mwdshp,n9mwdshp::Total,sdt3-homo-3 / Total,Total,Time (ps),49000,206.92192,nm^2,nm^2
line,overlay,sdt3-homo-3,sdt3-homo-3,sasa,n9mwdshp,n9mwdshp::Total,sdt3-homo-3 / Total,Total,Time (ps),50000,203.91228,nm^2,nm^2
line,overlay,sdt3-homo-3,sdt3-homo-3,sasa,n9mwdshp,n9mwdshp::Total,sdt3-homo-3 / Total,Total,Time (ps),51000,207.04776,nm^2,nm^2
line,overlay,sdt3-homo-3,sdt3-homo-3,sasa,n9mwdshp,n9mwdshp::Total,sdt3-homo-3 / Total,Total,Time (ps),52000,210.56776,nm^2,nm^2
line,overlay,sdt3-homo-3,sdt3-homo-3,sasa,n9mwdshp,n9mwdshp::Total,sdt3-homo-3 / Total,Total,Time (ps),53000,209.04492,nm^2,nm^2
line,overlay,sdt3-homo-3,sdt3-homo-3,sasa,n9mwdshp,n9mwdshp::Total,sdt3-homo-3 / Total,Total,Time (ps),54000,207.32155,nm^2,nm^2
line,overlay,sdt3-homo-3,sdt3-homo-3,sasa,n9mwdshp,n9mwdshp::Total,sdt3-homo-3 / Total,Total,Time (ps),55000,207.0506,nm^2,nm^2
line,overlay,sdt3-homo-3,sdt3-homo-3,sasa,n9mwdshp,n9mwdshp::Total,sdt3-homo-3 / Total,Total,Time (ps),56000,209.40944,nm^2,nm^2
line,overlay,sdt3-homo-3,sdt3-homo-3,sasa,n9mwdshp,n9mwdshp::Total,sdt3-homo-3 / Total,Total,Time (ps),57000,213.57903,nm^2,nm^2
line,overlay,sdt3-homo-3,sdt3-homo-3,sasa,n9mwdshp,n9mwdshp::Total,sdt3-homo-3 / Total,Total,Time (ps),58000,209.2715,nm^2,nm^2
line,overlay,sdt3-homo-3,sdt3-homo-3,sasa,n9mwdshp,n9mwdshp::Total,sdt3-homo-3 / Total,Total,Time (ps),59000,204.27585,nm^2,nm^2
line,overlay,sdt3-homo-3,sdt3-homo-3,sasa,n9mwdshp,n9mwdshp::Total,sdt3-homo-3 / Total,Total,Time (ps),60000,207.25378,nm^2,nm^2
line,overlay,sdt3-homo-3,sdt3-homo-3,sasa,n9mwdshp,n9mwdshp::Total,sdt3-homo-3 / Total,Total,Time (ps),61000,205.05693,nm^2,nm^2
line,overlay,sdt3-homo-3,sdt3-homo-3,sasa,n9mwdshp,n9mwdshp::Total,sdt3-homo-3 / Total,Total,Time (ps),62000,206.18336,nm^2,nm^2
line,overlay,sdt3-homo-3,sdt3-homo-3,sasa,n9mwdshp,n9mwdshp::Total,sdt3-homo-3 / Total,Total,Time (ps),63000,211.15569,nm^2,nm^2
line,overlay,sdt3-homo-3,sdt3-homo-3,sasa,n9mwdshp,n9mwdshp::Total,sdt3-homo-3 / Total,Total,Time (ps),64000,207.40558,nm^2,nm^2
line,overlay,sdt3-homo-3,sdt3-homo-3,sasa,n9mwdshp,n9mwdshp::Total,sdt3-homo-3 / Total,Total,Time (ps),65000,208.31001,nm^2,nm^2
line,overlay,sdt3-homo-3,sdt3-homo-3,sasa,n9mwdshp,n9mwdshp::Total,sdt3-homo-3 / Total,Total,Time (ps),66000,208.56874,nm^2,nm^2
line,overlay,sdt3-homo-3,sdt3-homo-3,sasa,n9mwdshp,n9mwdshp::Total,sdt3-homo-3 / Total,Total,Time (ps),67000,209.61879,nm^2,nm^2
line,overlay,sdt3-homo-3,sdt3-homo-3,sasa,n9mwdshp,n9mwdshp::Total,sdt3-homo-3 / Total,Total,Time (ps),68000,208.89708,nm^2,nm^2
line,overlay,sdt3-homo-3,sdt3-homo-3,sasa,n9mwdshp,n9mwdshp::Total,sdt3-homo-3 / Total,Total,Time (ps),69000,209.48221,nm^2,nm^2
line,overlay,sdt3-homo-3,sdt3-homo-3,sasa,n9mwdshp,n9mwdshp::Total,sdt3-homo-3 / Total,Total,Time (ps),70000,208.30588,nm^2,nm^2
line,overlay,sdt3-homo-3,sdt3-homo-3,sasa,n9mwdshp,n9mwdshp::Total,sdt3-homo-3 / Total,Total,Time (ps),71000,205.90529,nm^2,nm^2
line,overlay,sdt3-homo-3,sdt3-homo-3,sasa,n9mwdshp,n9mwdshp::Total,sdt3-homo-3 / Total,Total,Time (ps),72000,209.3375,nm^2,nm^2
line,overlay,sdt3-homo-3,sdt3-homo-3,sasa,n9mwdshp,n9mwdshp::Total,sdt3-homo-3 / Total,Total,Time (ps),73000,205.23416,nm^2,nm^2
line,overlay,sdt3-homo-3,sdt3-homo-3,sasa,n9mwdshp,n9mwdshp::Total,sdt3-homo-3 / Total,Total,Time (ps),74000,205.62187,nm^2,nm^2
line,overlay,sdt3-homo-3,sdt3-homo-3,sasa,n9mwdshp,n9mwdshp::Total,sdt3-homo-3 / Total,Total,Time (ps),75000,202.08595,nm^2,nm^2
line,overlay,sdt3-homo-3,sdt3-homo-3,sasa,n9mwdshp,n9mwdshp::Total,sdt3-homo-3 / Total,Total,Time (ps),76000,204.14423,nm^2,nm^2
line,overlay,sdt3-homo-3,sdt3-homo-3,sasa,n9mwdshp,n9mwdshp::Total,sdt3-homo-3 / Total,Total,Time (ps),77000,210.39467,nm^2,nm^2
line,overlay,sdt3-homo-3,sdt3-homo-3,sasa,n9mwdshp,n9mwdshp::Total,sdt3-homo-3 / Total,Total,Time (ps),78000,207.17747,nm^2,nm^2
line,overlay,sdt3-homo-3,sdt3-homo-3,sasa,n9mwdshp,n9mwdshp::Total,sdt3-homo-3 / Total,Total,Time (ps),79000,205.11351,nm^2,nm^2
line,overlay,sdt3-homo-3,sdt3-homo-3,sasa,n9mwdshp,n9mwdshp::Total,sdt3-homo-3 / Total,Total,Time (ps),80000,203.26115,nm^2,nm^2
line,overlay,sdt3-homo-3,sdt3-homo-3,sasa,n9mwdshp,n9mwdshp::Total,sdt3-homo-3 / Total,Total,Time (ps),81000,205.32124,nm^2,nm^2
line,overlay,sdt3-homo-3,sdt3-homo-3,sasa,n9mwdshp,n9mwdshp::Total,sdt3-homo-3 / Total,Total,Time (ps),82000,206.86766,nm^2,nm^2
line,overlay,sdt3-homo-3,sdt3-homo-3,sasa,n9mwdshp,n9mwdshp::Total,sdt3-homo-3 / Total,Total,Time (ps),83000,211.99174,nm^2,nm^2
line,overlay,sdt3-homo-3,sdt3-homo-3,sasa,n9mwdshp,n9mwdshp::Total,sdt3-homo-3 / Total,Total,Time (ps),84000,205.06787,nm^2,nm^2
line,overlay,sdt3-homo-3,sdt3-homo-3,sasa,n9mwdshp,n9mwdshp::Total,sdt3-homo-3 / Total,Total,Time (ps),85000,209.56094,nm^2,nm^2
line,overlay,sdt3-homo-3,sdt3-homo-3,sasa,n9mwdshp,n9mwdshp::Total,sdt3-homo-3 / Total,Total,Time (ps),86000,205.03413,nm^2,nm^2
line,overlay,sdt3-homo-3,sdt3-homo-3,sasa,n9mwdshp,n9mwdshp::Total,sdt3-homo-3 / Total,Total,Time (ps),87000,203.06235,nm^2,nm^2
line,overlay,sdt3-homo-3,sdt3-homo-3,sasa,n9mwdshp,n9mwdshp::Total,sdt3-homo-3 / Total,Total,Time (ps),88000,203.08018,nm^2,nm^2
line,overlay,sdt3-homo-3,sdt3-homo-3,sasa,n9mwdshp,n9mwdshp::Total,sdt3-homo-3 / Total,Total,Time (ps),89000,205.35155,nm^2,nm^2
line,overlay,sdt3-homo-3,sdt3-homo-3,sasa,n9mwdshp,n9mwdshp::Total,sdt3-homo-3 / Total,Total,Time (ps),90000,203.9699,nm^2,nm^2
line,overlay,sdt3-homo-3,sdt3-homo-3,sasa,n9mwdshp,n9mwdshp::Total,sdt3-homo-3 / Total,Total,Time (ps),91000,203.9478,nm^2,nm^2
line,overlay,sdt3-homo-3,sdt3-homo-3,sasa,n9mwdshp,n9mwdshp::Total,sdt3-homo-3 / Total,Total,Time (ps),92000,207.18507,nm^2,nm^2
line,overlay,sdt3-homo-3,sdt3-homo-3,sasa,n9mwdshp,n9mwdshp::Total,sdt3-homo-3 / Total,Total,Time (ps),93000,201.02724,nm^2,nm^2
line,overlay,sdt3-homo-3,sdt3-homo-3,sasa,n9mwdshp,n9mwdshp::Total,sdt3-homo-3 / Total,Total,Time (ps),94000,205.10796,nm^2,nm^2
line,overlay,sdt3-homo-3,sdt3-homo-3,sasa,n9mwdshp,n9mwdshp::Total,sdt3-homo-3 / Total,Total,Time (ps),95000,211.81613,nm^2,nm^2
line,overlay,sdt3-homo-3,sdt3-homo-3,sasa,n9mwdshp,n9mwdshp::Total,sdt3-homo-3 / Total,Total,Time (ps),96000,209.38239,nm^2,nm^2
line,overlay,sdt3-homo-3,sdt3-homo-3,sasa,n9mwdshp,n9mwdshp::Total,sdt3-homo-3 / Total,Total,Time (ps),97000,208.44322,nm^2,nm^2
line,overlay,sdt3-homo-3,sdt3-homo-3,sasa,n9mwdshp,n9mwdshp::Total,sdt3-homo-3 / Total,Total,Time (ps),98000,207.4949,nm^2,nm^2
line,overlay,sdt3-homo-3,sdt3-homo-3,sasa,n9mwdshp,n9mwdshp::Total,sdt3-homo-3 / Total,Total,Time (ps),99000,204.57025,nm^2,nm^2
line,overlay,sdt3-homo-3,sdt3-homo-3,sasa,n9mwdshp,n9mwdshp::Total,sdt3-homo-3 / Total,Total,Time (ps),100000,210.8465,nm^2,nm^2
line,overlay,sdt3-homo-4,sdt3-homo-4,sasa,crguvv5a,crguvv5a::Total,sdt3-homo-4 / Total,Total,Time (ps),0,211.04823,nm^2,nm^2
line,overlay,sdt3-homo-4,sdt3-homo-4,sasa,crguvv5a,crguvv5a::Total,sdt3-homo-4 / Total,Total,Time (ps),1000,206.31168,nm^2,nm^2
line,overlay,sdt3-homo-4,sdt3-homo-4,sasa,crguvv5a,crguvv5a::Total,sdt3-homo-4 / Total,Total,Time (ps),2000,210.2416,nm^2,nm^2
line,overlay,sdt3-homo-4,sdt3-homo-4,sasa,crguvv5a,crguvv5a::Total,sdt3-homo-4 / Total,Total,Time (ps),3000,209.33092,nm^2,nm^2
line,overlay,sdt3-homo-4,sdt3-homo-4,sasa,crguvv5a,crguvv5a::Total,sdt3-homo-4 / Total,Total,Time (ps),4000,206.65305,nm^2,nm^2
line,overlay,sdt3-homo-4,sdt3-homo-4,sasa,crguvv5a,crguvv5a::Total,sdt3-homo-4 / Total,Total,Time (ps),5000,208.58217,nm^2,nm^2
line,overlay,sdt3-homo-4,sdt3-homo-4,sasa,crguvv5a,crguvv5a::Total,sdt3-homo-4 / Total,Total,Time (ps),6000,214.1053,nm^2,nm^2
line,overlay,sdt3-homo-4,sdt3-homo-4,sasa,crguvv5a,crguvv5a::Total,sdt3-homo-4 / Total,Total,Time (ps),7000,211.23868,nm^2,nm^2
line,overlay,sdt3-homo-4,sdt3-homo-4,sasa,crguvv5a,crguvv5a::Total,sdt3-homo-4 / Total,Total,Time (ps),8000,215.36922,nm^2,nm^2
line,overlay,sdt3-homo-4,sdt3-homo-4,sasa,crguvv5a,crguvv5a::Total,sdt3-homo-4 / Total,Total,Time (ps),9000,208.80392,nm^2,nm^2
line,overlay,sdt3-homo-4,sdt3-homo-4,sasa,crguvv5a,crguvv5a::Total,sdt3-homo-4 / Total,Total,Time (ps),10000,205.11896,nm^2,nm^2
line,overlay,sdt3-homo-4,sdt3-homo-4,sasa,crguvv5a,crguvv5a::Total,sdt3-homo-4 / Total,Total,Time (ps),11000,207.34772,nm^2,nm^2
line,overlay,sdt3-homo-4,sdt3-homo-4,sasa,crguvv5a,crguvv5a::Total,sdt3-homo-4 / Total,Total,Time (ps),12000,209.23624,nm^2,nm^2
line,overlay,sdt3-homo-4,sdt3-homo-4,sasa,crguvv5a,crguvv5a::Total,sdt3-homo-4 / Total,Total,Time (ps),13000,206.11636,nm^2,nm^2
line,overlay,sdt3-homo-4,sdt3-homo-4,sasa,crguvv5a,crguvv5a::Total,sdt3-homo-4 / Total,Total,Time (ps),14000,208.11887,nm^2,nm^2
line,overlay,sdt3-homo-4,sdt3-homo-4,sasa,crguvv5a,crguvv5a::Total,sdt3-homo-4 / Total,Total,Time (ps),15000,209.26762,nm^2,nm^2
line,overlay,sdt3-homo-4,sdt3-homo-4,sasa,crguvv5a,crguvv5a::Total,sdt3-homo-4 / Total,Total,Time (ps),16000,209.99925,nm^2,nm^2
line,overlay,sdt3-homo-4,sdt3-homo-4,sasa,crguvv5a,crguvv5a::Total,sdt3-homo-4 / Total,Total,Time (ps),17000,208.54912,nm^2,nm^2
line,overlay,sdt3-homo-4,sdt3-homo-4,sasa,crguvv5a,crguvv5a::Total,sdt3-homo-4 / Total,Total,Time (ps),18000,209.19221,nm^2,nm^2
line,overlay,sdt3-homo-4,sdt3-homo-4,sasa,crguvv5a,crguvv5a::Total,sdt3-homo-4 / Total,Total,Time (ps),19000,211.35847,nm^2,nm^2
line,overlay,sdt3-homo-4,sdt3-homo-4,sasa,crguvv5a,crguvv5a::Total,sdt3-homo-4 / Total,Total,Time (ps),20000,214.54405,nm^2,nm^2
line,overlay,sdt3-homo-4,sdt3-homo-4,sasa,crguvv5a,crguvv5a::Total,sdt3-homo-4 / Total,Total,Time (ps),21000,216.20474,nm^2,nm^2
line,overlay,sdt3-homo-4,sdt3-homo-4,sasa,crguvv5a,crguvv5a::Total,sdt3-homo-4 / Total,Total,Time (ps),22000,213.90369,nm^2,nm^2
line,overlay,sdt3-homo-4,sdt3-homo-4,sasa,crguvv5a,crguvv5a::Total,sdt3-homo-4 / Total,Total,Time (ps),23000,211.08813,nm^2,nm^2
line,overlay,sdt3-homo-4,sdt3-homo-4,sasa,crguvv5a,crguvv5a::Total,sdt3-homo-4 / Total,Total,Time (ps),24000,211.83926,nm^2,nm^2
line,overlay,sdt3-homo-4,sdt3-homo-4,sasa,crguvv5a,crguvv5a::Total,sdt3-homo-4 / Total,Total,Time (ps),25000,210.81589,nm^2,nm^2
line,overlay,sdt3-homo-4,sdt3-homo-4,sasa,crguvv5a,crguvv5a::Total,sdt3-homo-4 / Total,Total,Time (ps),26000,207.85358,nm^2,nm^2
line,overlay,sdt3-homo-4,sdt3-homo-4,sasa,crguvv5a,crguvv5a::Total,sdt3-homo-4 / Total,Total,Time (ps),27000,211.46568,nm^2,nm^2
line,overlay,sdt3-homo-4,sdt3-homo-4,sasa,crguvv5a,crguvv5a::Total,sdt3-homo-4 / Total,Total,Time (ps),28000,208.77824,nm^2,nm^2
line,overlay,sdt3-homo-4,sdt3-homo-4,sasa,crguvv5a,crguvv5a::Total,sdt3-homo-4 / Total,Total,Time (ps),29000,211.51102,nm^2,nm^2
line,overlay,sdt3-homo-4,sdt3-homo-4,sasa,crguvv5a,crguvv5a::Total,sdt3-homo-4 / Total,Total,Time (ps),30000,209.72316,nm^2,nm^2
line,overlay,sdt3-homo-4,sdt3-homo-4,sasa,crguvv5a,crguvv5a::Total,sdt3-homo-4 / Total,Total,Time (ps),31000,207.80449,nm^2,nm^2
line,overlay,sdt3-homo-4,sdt3-homo-4,sasa,crguvv5a,crguvv5a::Total,sdt3-homo-4 / Total,Total,Time (ps),32000,205.95407,nm^2,nm^2
line,overlay,sdt3-homo-4,sdt3-homo-4,sasa,crguvv5a,crguvv5a::Total,sdt3-homo-4 / Total,Total,Time (ps),33000,208.20099,nm^2,nm^2
line,overlay,sdt3-homo-4,sdt3-homo-4,sasa,crguvv5a,crguvv5a::Total,sdt3-homo-4 / Total,Total,Time (ps),34000,211.68248,nm^2,nm^2
line,overlay,sdt3-homo-4,sdt3-homo-4,sasa,crguvv5a,crguvv5a::Total,sdt3-homo-4 / Total,Total,Time (ps),35000,208.47055,nm^2,nm^2
line,overlay,sdt3-homo-4,sdt3-homo-4,sasa,crguvv5a,crguvv5a::Total,sdt3-homo-4 / Total,Total,Time (ps),36000,207.1533,nm^2,nm^2
line,overlay,sdt3-homo-4,sdt3-homo-4,sasa,crguvv5a,crguvv5a::Total,sdt3-homo-4 / Total,Total,Time (ps),37000,205.79192,nm^2,nm^2
line,overlay,sdt3-homo-4,sdt3-homo-4,sasa,crguvv5a,crguvv5a::Total,sdt3-homo-4 / Total,Total,Time (ps),38000,210.67699,nm^2,nm^2
line,overlay,sdt3-homo-4,sdt3-homo-4,sasa,crguvv5a,crguvv5a::Total,sdt3-homo-4 / Total,Total,Time (ps),39000,208.01715,nm^2,nm^2
line,overlay,sdt3-homo-4,sdt3-homo-4,sasa,crguvv5a,crguvv5a::Total,sdt3-homo-4 / Total,Total,Time (ps),40000,207.16035,nm^2,nm^2
line,overlay,sdt3-homo-4,sdt3-homo-4,sasa,crguvv5a,crguvv5a::Total,sdt3-homo-4 / Total,Total,Time (ps),41000,209.87439,nm^2,nm^2
line,overlay,sdt3-homo-4,sdt3-homo-4,sasa,crguvv5a,crguvv5a::Total,sdt3-homo-4 / Total,Total,Time (ps),42000,208.3743,nm^2,nm^2
line,overlay,sdt3-homo-4,sdt3-homo-4,sasa,crguvv5a,crguvv5a::Total,sdt3-homo-4 / Total,Total,Time (ps),43000,207.99037,nm^2,nm^2
line,overlay,sdt3-homo-4,sdt3-homo-4,sasa,crguvv5a,crguvv5a::Total,sdt3-homo-4 / Total,Total,Time (ps),44000,209.07999,nm^2,nm^2
line,overlay,sdt3-homo-4,sdt3-homo-4,sasa,crguvv5a,crguvv5a::Total,sdt3-homo-4 / Total,Total,Time (ps),45000,209.29189,nm^2,nm^2
line,overlay,sdt3-homo-4,sdt3-homo-4,sasa,crguvv5a,crguvv5a::Total,sdt3-homo-4 / Total,Total,Time (ps),46000,213.72008,nm^2,nm^2
line,overlay,sdt3-homo-4,sdt3-homo-4,sasa,crguvv5a,crguvv5a::Total,sdt3-homo-4 / Total,Total,Time (ps),47000,207.14134,nm^2,nm^2
line,overlay,sdt3-homo-4,sdt3-homo-4,sasa,crguvv5a,crguvv5a::Total,sdt3-homo-4 / Total,Total,Time (ps),48000,206.70775,nm^2,nm^2
line,overlay,sdt3-homo-4,sdt3-homo-4,sasa,crguvv5a,crguvv5a::Total,sdt3-homo-4 / Total,Total,Time (ps),49000,206.41965,nm^2,nm^2
line,overlay,sdt3-homo-4,sdt3-homo-4,sasa,crguvv5a,crguvv5a::Total,sdt3-homo-4 / Total,Total,Time (ps),50000,209.36377,nm^2,nm^2
line,overlay,sdt3-homo-4,sdt3-homo-4,sasa,crguvv5a,crguvv5a::Total,sdt3-homo-4 / Total,Total,Time (ps),51000,211.25916,nm^2,nm^2
line,overlay,sdt3-homo-4,sdt3-homo-4,sasa,crguvv5a,crguvv5a::Total,sdt3-homo-4 / Total,Total,Time (ps),52000,211.83678,nm^2,nm^2
line,overlay,sdt3-homo-4,sdt3-homo-4,sasa,crguvv5a,crguvv5a::Total,sdt3-homo-4 / Total,Total,Time (ps),53000,208.67024,nm^2,nm^2
line,overlay,sdt3-homo-4,sdt3-homo-4,sasa,crguvv5a,crguvv5a::Total,sdt3-homo-4 / Total,Total,Time (ps),54000,203.82141,nm^2,nm^2
line,overlay,sdt3-homo-4,sdt3-homo-4,sasa,crguvv5a,crguvv5a::Total,sdt3-homo-4 / Total,Total,Time (ps),55000,209.4785,nm^2,nm^2
line,overlay,sdt3-homo-4,sdt3-homo-4,sasa,crguvv5a,crguvv5a::Total,sdt3-homo-4 / Total,Total,Time (ps),56000,211.87747,nm^2,nm^2
line,overlay,sdt3-homo-4,sdt3-homo-4,sasa,crguvv5a,crguvv5a::Total,sdt3-homo-4 / Total,Total,Time (ps),57000,208.16876,nm^2,nm^2
line,overlay,sdt3-homo-4,sdt3-homo-4,sasa,crguvv5a,crguvv5a::Total,sdt3-homo-4 / Total,Total,Time (ps),58000,209.60336,nm^2,nm^2
line,overlay,sdt3-homo-4,sdt3-homo-4,sasa,crguvv5a,crguvv5a::Total,sdt3-homo-4 / Total,Total,Time (ps),59000,206.46169,nm^2,nm^2
line,overlay,sdt3-homo-4,sdt3-homo-4,sasa,crguvv5a,crguvv5a::Total,sdt3-homo-4 / Total,Total,Time (ps),60000,213.84985,nm^2,nm^2
line,overlay,sdt3-homo-4,sdt3-homo-4,sasa,crguvv5a,crguvv5a::Total,sdt3-homo-4 / Total,Total,Time (ps),61000,209.41953,nm^2,nm^2
line,overlay,sdt3-homo-4,sdt3-homo-4,sasa,crguvv5a,crguvv5a::Total,sdt3-homo-4 / Total,Total,Time (ps),62000,214.14409,nm^2,nm^2
line,overlay,sdt3-homo-4,sdt3-homo-4,sasa,crguvv5a,crguvv5a::Total,sdt3-homo-4 / Total,Total,Time (ps),63000,207.77599,nm^2,nm^2
line,overlay,sdt3-homo-4,sdt3-homo-4,sasa,crguvv5a,crguvv5a::Total,sdt3-homo-4 / Total,Total,Time (ps),64000,211.08858,nm^2,nm^2
line,overlay,sdt3-homo-4,sdt3-homo-4,sasa,crguvv5a,crguvv5a::Total,sdt3-homo-4 / Total,Total,Time (ps),65000,213.27019,nm^2,nm^2
line,overlay,sdt3-homo-4,sdt3-homo-4,sasa,crguvv5a,crguvv5a::Total,sdt3-homo-4 / Total,Total,Time (ps),66000,208.0569,nm^2,nm^2
line,overlay,sdt3-homo-4,sdt3-homo-4,sasa,crguvv5a,crguvv5a::Total,sdt3-homo-4 / Total,Total,Time (ps),67000,208.19417,nm^2,nm^2
line,overlay,sdt3-homo-4,sdt3-homo-4,sasa,crguvv5a,crguvv5a::Total,sdt3-homo-4 / Total,Total,Time (ps),68000,205.94676,nm^2,nm^2
line,overlay,sdt3-homo-4,sdt3-homo-4,sasa,crguvv5a,crguvv5a::Total,sdt3-homo-4 / Total,Total,Time (ps),69000,208.57489,nm^2,nm^2
line,overlay,sdt3-homo-4,sdt3-homo-4,sasa,crguvv5a,crguvv5a::Total,sdt3-homo-4 / Total,Total,Time (ps),70000,208.77917,nm^2,nm^2
line,overlay,sdt3-homo-4,sdt3-homo-4,sasa,crguvv5a,crguvv5a::Total,sdt3-homo-4 / Total,Total,Time (ps),71000,205.95361,nm^2,nm^2
line,overlay,sdt3-homo-4,sdt3-homo-4,sasa,crguvv5a,crguvv5a::Total,sdt3-homo-4 / Total,Total,Time (ps),72000,215.43604,nm^2,nm^2
line,overlay,sdt3-homo-4,sdt3-homo-4,sasa,crguvv5a,crguvv5a::Total,sdt3-homo-4 / Total,Total,Time (ps),73000,211.3957,nm^2,nm^2
line,overlay,sdt3-homo-4,sdt3-homo-4,sasa,crguvv5a,crguvv5a::Total,sdt3-homo-4 / Total,Total,Time (ps),74000,210.73145,nm^2,nm^2
line,overlay,sdt3-homo-4,sdt3-homo-4,sasa,crguvv5a,crguvv5a::Total,sdt3-homo-4 / Total,Total,Time (ps),75000,210.55554,nm^2,nm^2
line,overlay,sdt3-homo-4,sdt3-homo-4,sasa,crguvv5a,crguvv5a::Total,sdt3-homo-4 / Total,Total,Time (ps),76000,210.91771,nm^2,nm^2
line,overlay,sdt3-homo-4,sdt3-homo-4,sasa,crguvv5a,crguvv5a::Total,sdt3-homo-4 / Total,Total,Time (ps),77000,212.33946,nm^2,nm^2
line,overlay,sdt3-homo-4,sdt3-homo-4,sasa,crguvv5a,crguvv5a::Total,sdt3-homo-4 / Total,Total,Time (ps),78000,210.85783,nm^2,nm^2
line,overlay,sdt3-homo-4,sdt3-homo-4,sasa,crguvv5a,crguvv5a::Total,sdt3-homo-4 / Total,Total,Time (ps),79000,212.09424,nm^2,nm^2
line,overlay,sdt3-homo-4,sdt3-homo-4,sasa,crguvv5a,crguvv5a::Total,sdt3-homo-4 / Total,Total,Time (ps),80000,210.01122,nm^2,nm^2
line,overlay,sdt3-homo-4,sdt3-homo-4,sasa,crguvv5a,crguvv5a::Total,sdt3-homo-4 / Total,Total,Time (ps),81000,209.69777,nm^2,nm^2
line,overlay,sdt3-homo-4,sdt3-homo-4,sasa,crguvv5a,crguvv5a::Total,sdt3-homo-4 / Total,Total,Time (ps),82000,216.74779,nm^2,nm^2
line,overlay,sdt3-homo-4,sdt3-homo-4,sasa,crguvv5a,crguvv5a::Total,sdt3-homo-4 / Total,Total,Time (ps),83000,211.89616,nm^2,nm^2
line,overlay,sdt3-homo-4,sdt3-homo-4,sasa,crguvv5a,crguvv5a::Total,sdt3-homo-4 / Total,Total,Time (ps),84000,209.94197,nm^2,nm^2
line,overlay,sdt3-homo-4,sdt3-homo-4,sasa,crguvv5a,crguvv5a::Total,sdt3-homo-4 / Total,Total,Time (ps),85000,215.52696,nm^2,nm^2
line,overlay,sdt3-homo-4,sdt3-homo-4,sasa,crguvv5a,crguvv5a::Total,sdt3-homo-4 / Total,Total,Time (ps),86000,208.61163,nm^2,nm^2
line,overlay,sdt3-homo-4,sdt3-homo-4,sasa,crguvv5a,crguvv5a::Total,sdt3-homo-4 / Total,Total,Time (ps),87000,211.28032,nm^2,nm^2
line,overlay,sdt3-homo-4,sdt3-homo-4,sasa,crguvv5a,crguvv5a::Total,sdt3-homo-4 / Total,Total,Time (ps),88000,211.29855,nm^2,nm^2
line,overlay,sdt3-homo-4,sdt3-homo-4,sasa,crguvv5a,crguvv5a::Total,sdt3-homo-4 / Total,Total,Time (ps),89000,209.46161,nm^2,nm^2
line,overlay,sdt3-homo-4,sdt3-homo-4,sasa,crguvv5a,crguvv5a::Total,sdt3-homo-4 / Total,Total,Time (ps),90000,211.79655,nm^2,nm^2
line,overlay,sdt3-homo-4,sdt3-homo-4,sasa,crguvv5a,crguvv5a::Total,sdt3-homo-4 / Total,Total,Time (ps),91000,210.89348,nm^2,nm^2
line,overlay,sdt3-homo-4,sdt3-homo-4,sasa,crguvv5a,crguvv5a::Total,sdt3-homo-4 / Total,Total,Time (ps),92000,209.64647,nm^2,nm^2
line,overlay,sdt3-homo-4,sdt3-homo-4,sasa,crguvv5a,crguvv5a::Total,sdt3-homo-4 / Total,Total,Time (ps),93000,211.0938,nm^2,nm^2
line,overlay,sdt3-homo-4,sdt3-homo-4,sasa,crguvv5a,crguvv5a::Total,sdt3-homo-4 / Total,Total,Time (ps),94000,209.11472,nm^2,nm^2
line,overlay,sdt3-homo-4,sdt3-homo-4,sasa,crguvv5a,crguvv5a::Total,sdt3-homo-4 / Total,Total,Time (ps),95000,210.94107,nm^2,nm^2
line,overlay,sdt3-homo-4,sdt3-homo-4,sasa,crguvv5a,crguvv5a::Total,sdt3-homo-4 / Total,Total,Time (ps),96000,209.46736,nm^2,nm^2
line,overlay,sdt3-homo-4,sdt3-homo-4,sasa,crguvv5a,crguvv5a::Total,sdt3-homo-4 / Total,Total,Time (ps),97000,206.933,nm^2,nm^2
line,overlay,sdt3-homo-4,sdt3-homo-4,sasa,crguvv5a,crguvv5a::Total,sdt3-homo-4 / Total,Total,Time (ps),98000,213.41263,nm^2,nm^2
line,overlay,sdt3-homo-4,sdt3-homo-4,sasa,crguvv5a,crguvv5a::Total,sdt3-homo-4 / Total,Total,Time (ps),99000,210.69823,nm^2,nm^2
line,overlay,sdt3-homo-4,sdt3-homo-4,sasa,crguvv5a,crguvv5a::Total,sdt3-homo-4 / Total,Total,Time (ps),100000,214.1627,nm^2,nm^2
line,overlay,sdt5-homo,sdt5-homo,sasa,myvendcn,myvendcn::Total,sdt5-homo / Total,Total,Time (ps),0,205.08893,nm^2,nm^2
line,overlay,sdt5-homo,sdt5-homo,sasa,myvendcn,myvendcn::Total,sdt5-homo / Total,Total,Time (ps),1000,207.35925,nm^2,nm^2
line,overlay,sdt5-homo,sdt5-homo,sasa,myvendcn,myvendcn::Total,sdt5-homo / Total,Total,Time (ps),2000,212.53464,nm^2,nm^2
line,overlay,sdt5-homo,sdt5-homo,sasa,myvendcn,myvendcn::Total,sdt5-homo / Total,Total,Time (ps),3000,209.90031,nm^2,nm^2
line,overlay,sdt5-homo,sdt5-homo,sasa,myvendcn,myvendcn::Total,sdt5-homo / Total,Total,Time (ps),4000,207.51283,nm^2,nm^2
line,overlay,sdt5-homo,sdt5-homo,sasa,myvendcn,myvendcn::Total,sdt5-homo / Total,Total,Time (ps),5000,207.51108,nm^2,nm^2
line,overlay,sdt5-homo,sdt5-homo,sasa,myvendcn,myvendcn::Total,sdt5-homo / Total,Total,Time (ps),6000,209.50142,nm^2,nm^2
line,overlay,sdt5-homo,sdt5-homo,sasa,myvendcn,myvendcn::Total,sdt5-homo / Total,Total,Time (ps),7000,206.57652,nm^2,nm^2
line,overlay,sdt5-homo,sdt5-homo,sasa,myvendcn,myvendcn::Total,sdt5-homo / Total,Total,Time (ps),8000,207.1646,nm^2,nm^2
line,overlay,sdt5-homo,sdt5-homo,sasa,myvendcn,myvendcn::Total,sdt5-homo / Total,Total,Time (ps),9000,205.36975,nm^2,nm^2
line,overlay,sdt5-homo,sdt5-homo,sasa,myvendcn,myvendcn::Total,sdt5-homo / Total,Total,Time (ps),10000,211.09996,nm^2,nm^2
line,overlay,sdt5-homo,sdt5-homo,sasa,myvendcn,myvendcn::Total,sdt5-homo / Total,Total,Time (ps),11000,206.73717,nm^2,nm^2
line,overlay,sdt5-homo,sdt5-homo,sasa,myvendcn,myvendcn::Total,sdt5-homo / Total,Total,Time (ps),12000,208.76515,nm^2,nm^2
line,overlay,sdt5-homo,sdt5-homo,sasa,myvendcn,myvendcn::Total,sdt5-homo / Total,Total,Time (ps),13000,206.32173,nm^2,nm^2
line,overlay,sdt5-homo,sdt5-homo,sasa,myvendcn,myvendcn::Total,sdt5-homo / Total,Total,Time (ps),14000,204.91321,nm^2,nm^2
line,overlay,sdt5-homo,sdt5-homo,sasa,myvendcn,myvendcn::Total,sdt5-homo / Total,Total,Time (ps),15000,206.46323,nm^2,nm^2
line,overlay,sdt5-homo,sdt5-homo,sasa,myvendcn,myvendcn::Total,sdt5-homo / Total,Total,Time (ps),16000,210.44765,nm^2,nm^2
line,overlay,sdt5-homo,sdt5-homo,sasa,myvendcn,myvendcn::Total,sdt5-homo / Total,Total,Time (ps),17000,205.46147,nm^2,nm^2
line,overlay,sdt5-homo,sdt5-homo,sasa,myvendcn,myvendcn::Total,sdt5-homo / Total,Total,Time (ps),18000,206.5052,nm^2,nm^2
line,overlay,sdt5-homo,sdt5-homo,sasa,myvendcn,myvendcn::Total,sdt5-homo / Total,Total,Time (ps),19000,207.9844,nm^2,nm^2
line,overlay,sdt5-homo,sdt5-homo,sasa,myvendcn,myvendcn::Total,sdt5-homo / Total,Total,Time (ps),20000,202.73123,nm^2,nm^2
line,overlay,sdt5-homo,sdt5-homo,sasa,myvendcn,myvendcn::Total,sdt5-homo / Total,Total,Time (ps),21000,201.50221,nm^2,nm^2
line,overlay,sdt5-homo,sdt5-homo,sasa,myvendcn,myvendcn::Total,sdt5-homo / Total,Total,Time (ps),22000,204.0791,nm^2,nm^2
line,overlay,sdt5-homo,sdt5-homo,sasa,myvendcn,myvendcn::Total,sdt5-homo / Total,Total,Time (ps),23000,204.03294,nm^2,nm^2
line,overlay,sdt5-homo,sdt5-homo,sasa,myvendcn,myvendcn::Total,sdt5-homo / Total,Total,Time (ps),24000,205.27635,nm^2,nm^2
line,overlay,sdt5-homo,sdt5-homo,sasa,myvendcn,myvendcn::Total,sdt5-homo / Total,Total,Time (ps),25000,206.0883,nm^2,nm^2
line,overlay,sdt5-homo,sdt5-homo,sasa,myvendcn,myvendcn::Total,sdt5-homo / Total,Total,Time (ps),26000,199.27742,nm^2,nm^2
line,overlay,sdt5-homo,sdt5-homo,sasa,myvendcn,myvendcn::Total,sdt5-homo / Total,Total,Time (ps),27000,204.1141,nm^2,nm^2
line,overlay,sdt5-homo,sdt5-homo,sasa,myvendcn,myvendcn::Total,sdt5-homo / Total,Total,Time (ps),28000,208.29713,nm^2,nm^2
line,overlay,sdt5-homo,sdt5-homo,sasa,myvendcn,myvendcn::Total,sdt5-homo / Total,Total,Time (ps),29000,205.82582,nm^2,nm^2
line,overlay,sdt5-homo,sdt5-homo,sasa,myvendcn,myvendcn::Total,sdt5-homo / Total,Total,Time (ps),30000,206.9324,nm^2,nm^2
line,overlay,sdt5-homo,sdt5-homo,sasa,myvendcn,myvendcn::Total,sdt5-homo / Total,Total,Time (ps),31000,204.13979,nm^2,nm^2
line,overlay,sdt5-homo,sdt5-homo,sasa,myvendcn,myvendcn::Total,sdt5-homo / Total,Total,Time (ps),32000,208.59818,nm^2,nm^2
line,overlay,sdt5-homo,sdt5-homo,sasa,myvendcn,myvendcn::Total,sdt5-homo / Total,Total,Time (ps),33000,205.5793,nm^2,nm^2
line,overlay,sdt5-homo,sdt5-homo,sasa,myvendcn,myvendcn::Total,sdt5-homo / Total,Total,Time (ps),34000,207.21262,nm^2,nm^2
line,overlay,sdt5-homo,sdt5-homo,sasa,myvendcn,myvendcn::Total,sdt5-homo / Total,Total,Time (ps),35000,206.92911,nm^2,nm^2
line,overlay,sdt5-homo,sdt5-homo,sasa,myvendcn,myvendcn::Total,sdt5-homo / Total,Total,Time (ps),36000,203.81741,nm^2,nm^2
line,overlay,sdt5-homo,sdt5-homo,sasa,myvendcn,myvendcn::Total,sdt5-homo / Total,Total,Time (ps),37000,209.20592,nm^2,nm^2
line,overlay,sdt5-homo,sdt5-homo,sasa,myvendcn,myvendcn::Total,sdt5-homo / Total,Total,Time (ps),38000,205.86302,nm^2,nm^2
line,overlay,sdt5-homo,sdt5-homo,sasa,myvendcn,myvendcn::Total,sdt5-homo / Total,Total,Time (ps),39000,210.07423,nm^2,nm^2
line,overlay,sdt5-homo,sdt5-homo,sasa,myvendcn,myvendcn::Total,sdt5-homo / Total,Total,Time (ps),40000,207.96542,nm^2,nm^2
line,overlay,sdt5-homo,sdt5-homo,sasa,myvendcn,myvendcn::Total,sdt5-homo / Total,Total,Time (ps),41000,209.20837,nm^2,nm^2
line,overlay,sdt5-homo,sdt5-homo,sasa,myvendcn,myvendcn::Total,sdt5-homo / Total,Total,Time (ps),42000,205.5048,nm^2,nm^2
line,overlay,sdt5-homo,sdt5-homo,sasa,myvendcn,myvendcn::Total,sdt5-homo / Total,Total,Time (ps),43000,204.27791,nm^2,nm^2
line,overlay,sdt5-homo,sdt5-homo,sasa,myvendcn,myvendcn::Total,sdt5-homo / Total,Total,Time (ps),44000,204.13113,nm^2,nm^2
line,overlay,sdt5-homo,sdt5-homo,sasa,myvendcn,myvendcn::Total,sdt5-homo / Total,Total,Time (ps),45000,203.55205,nm^2,nm^2
line,overlay,sdt5-homo,sdt5-homo,sasa,myvendcn,myvendcn::Total,sdt5-homo / Total,Total,Time (ps),46000,204.92792,nm^2,nm^2
line,overlay,sdt5-homo,sdt5-homo,sasa,myvendcn,myvendcn::Total,sdt5-homo / Total,Total,Time (ps),47000,207.93668,nm^2,nm^2
line,overlay,sdt5-homo,sdt5-homo,sasa,myvendcn,myvendcn::Total,sdt5-homo / Total,Total,Time (ps),48000,207.09514,nm^2,nm^2
line,overlay,sdt5-homo,sdt5-homo,sasa,myvendcn,myvendcn::Total,sdt5-homo / Total,Total,Time (ps),49000,207.07446,nm^2,nm^2
line,overlay,sdt5-homo,sdt5-homo,sasa,myvendcn,myvendcn::Total,sdt5-homo / Total,Total,Time (ps),50000,209.89842,nm^2,nm^2
line,overlay,sdt5-homo,sdt5-homo,sasa,myvendcn,myvendcn::Total,sdt5-homo / Total,Total,Time (ps),51000,208.8937,nm^2,nm^2
line,overlay,sdt5-homo,sdt5-homo,sasa,myvendcn,myvendcn::Total,sdt5-homo / Total,Total,Time (ps),52000,208.72069,nm^2,nm^2
line,overlay,sdt5-homo,sdt5-homo,sasa,myvendcn,myvendcn::Total,sdt5-homo / Total,Total,Time (ps),53000,210.05385,nm^2,nm^2
line,overlay,sdt5-homo,sdt5-homo,sasa,myvendcn,myvendcn::Total,sdt5-homo / Total,Total,Time (ps),54000,208.58081,nm^2,nm^2
line,overlay,sdt5-homo,sdt5-homo,sasa,myvendcn,myvendcn::Total,sdt5-homo / Total,Total,Time (ps),55000,208.24266,nm^2,nm^2
line,overlay,sdt5-homo,sdt5-homo,sasa,myvendcn,myvendcn::Total,sdt5-homo / Total,Total,Time (ps),56000,207.68413,nm^2,nm^2
line,overlay,sdt5-homo,sdt5-homo,sasa,myvendcn,myvendcn::Total,sdt5-homo / Total,Total,Time (ps),57000,204.91655,nm^2,nm^2
line,overlay,sdt5-homo,sdt5-homo,sasa,myvendcn,myvendcn::Total,sdt5-homo / Total,Total,Time (ps),58000,209.69525,nm^2,nm^2
line,overlay,sdt5-homo,sdt5-homo,sasa,myvendcn,myvendcn::Total,sdt5-homo / Total,Total,Time (ps),59000,210.26793,nm^2,nm^2
line,overlay,sdt5-homo,sdt5-homo,sasa,myvendcn,myvendcn::Total,sdt5-homo / Total,Total,Time (ps),60000,209.68076,nm^2,nm^2
line,overlay,sdt5-homo,sdt5-homo,sasa,myvendcn,myvendcn::Total,sdt5-homo / Total,Total,Time (ps),61000,210.06528,nm^2,nm^2
line,overlay,sdt5-homo,sdt5-homo,sasa,myvendcn,myvendcn::Total,sdt5-homo / Total,Total,Time (ps),62000,211.25792,nm^2,nm^2
line,overlay,sdt5-homo,sdt5-homo,sasa,myvendcn,myvendcn::Total,sdt5-homo / Total,Total,Time (ps),63000,213.26152,nm^2,nm^2
line,overlay,sdt5-homo,sdt5-homo,sasa,myvendcn,myvendcn::Total,sdt5-homo / Total,Total,Time (ps),64000,209.92342,nm^2,nm^2
line,overlay,sdt5-homo,sdt5-homo,sasa,myvendcn,myvendcn::Total,sdt5-homo / Total,Total,Time (ps),65000,208.45296,nm^2,nm^2
line,overlay,sdt5-homo,sdt5-homo,sasa,myvendcn,myvendcn::Total,sdt5-homo / Total,Total,Time (ps),66000,210.70836,nm^2,nm^2
line,overlay,sdt5-homo,sdt5-homo,sasa,myvendcn,myvendcn::Total,sdt5-homo / Total,Total,Time (ps),67000,212.83353,nm^2,nm^2
line,overlay,sdt5-homo,sdt5-homo,sasa,myvendcn,myvendcn::Total,sdt5-homo / Total,Total,Time (ps),68000,211.20055,nm^2,nm^2
line,overlay,sdt5-homo,sdt5-homo,sasa,myvendcn,myvendcn::Total,sdt5-homo / Total,Total,Time (ps),69000,208.8806,nm^2,nm^2
line,overlay,sdt5-homo,sdt5-homo,sasa,myvendcn,myvendcn::Total,sdt5-homo / Total,Total,Time (ps),70000,208.81956,nm^2,nm^2
line,overlay,sdt5-homo,sdt5-homo,sasa,myvendcn,myvendcn::Total,sdt5-homo / Total,Total,Time (ps),71000,211.72795,nm^2,nm^2
line,overlay,sdt5-homo,sdt5-homo,sasa,myvendcn,myvendcn::Total,sdt5-homo / Total,Total,Time (ps),72000,213.10881,nm^2,nm^2
line,overlay,sdt5-homo,sdt5-homo,sasa,myvendcn,myvendcn::Total,sdt5-homo / Total,Total,Time (ps),73000,212.2475,nm^2,nm^2
line,overlay,sdt5-homo,sdt5-homo,sasa,myvendcn,myvendcn::Total,sdt5-homo / Total,Total,Time (ps),74000,211.44987,nm^2,nm^2
line,overlay,sdt5-homo,sdt5-homo,sasa,myvendcn,myvendcn::Total,sdt5-homo / Total,Total,Time (ps),75000,211.68025,nm^2,nm^2
line,overlay,sdt5-homo,sdt5-homo,sasa,myvendcn,myvendcn::Total,sdt5-homo / Total,Total,Time (ps),76000,211.03693,nm^2,nm^2
line,overlay,sdt5-homo,sdt5-homo,sasa,myvendcn,myvendcn::Total,sdt5-homo / Total,Total,Time (ps),77000,211.64432,nm^2,nm^2
line,overlay,sdt5-homo,sdt5-homo,sasa,myvendcn,myvendcn::Total,sdt5-homo / Total,Total,Time (ps),78000,209.64966,nm^2,nm^2
line,overlay,sdt5-homo,sdt5-homo,sasa,myvendcn,myvendcn::Total,sdt5-homo / Total,Total,Time (ps),79000,215.00847,nm^2,nm^2
line,overlay,sdt5-homo,sdt5-homo,sasa,myvendcn,myvendcn::Total,sdt5-homo / Total,Total,Time (ps),80000,213.48497,nm^2,nm^2
line,overlay,sdt5-homo,sdt5-homo,sasa,myvendcn,myvendcn::Total,sdt5-homo / Total,Total,Time (ps),81000,209.71762,nm^2,nm^2
line,overlay,sdt5-homo,sdt5-homo,sasa,myvendcn,myvendcn::Total,sdt5-homo / Total,Total,Time (ps),82000,212.13097,nm^2,nm^2
line,overlay,sdt5-homo,sdt5-homo,sasa,myvendcn,myvendcn::Total,sdt5-homo / Total,Total,Time (ps),83000,209.30344,nm^2,nm^2
line,overlay,sdt5-homo,sdt5-homo,sasa,myvendcn,myvendcn::Total,sdt5-homo / Total,Total,Time (ps),84000,210.23586,nm^2,nm^2
line,overlay,sdt5-homo,sdt5-homo,sasa,myvendcn,myvendcn::Total,sdt5-homo / Total,Total,Time (ps),85000,206.40085,nm^2,nm^2
line,overlay,sdt5-homo,sdt5-homo,sasa,myvendcn,myvendcn::Total,sdt5-homo / Total,Total,Time (ps),86000,207.96455,nm^2,nm^2
line,overlay,sdt5-homo,sdt5-homo,sasa,myvendcn,myvendcn::Total,sdt5-homo / Total,Total,Time (ps),87000,207.45407,nm^2,nm^2
line,overlay,sdt5-homo,sdt5-homo,sasa,myvendcn,myvendcn::Total,sdt5-homo / Total,Total,Time (ps),88000,206.53052,nm^2,nm^2
line,overlay,sdt5-homo,sdt5-homo,sasa,myvendcn,myvendcn::Total,sdt5-homo / Total,Total,Time (ps),89000,204.47212,nm^2,nm^2
line,overlay,sdt5-homo,sdt5-homo,sasa,myvendcn,myvendcn::Total,sdt5-homo / Total,Total,Time (ps),90000,205.92494,nm^2,nm^2
line,overlay,sdt5-homo,sdt5-homo,sasa,myvendcn,myvendcn::Total,sdt5-homo / Total,Total,Time (ps),91000,206.52832,nm^2,nm^2
line,overlay,sdt5-homo,sdt5-homo,sasa,myvendcn,myvendcn::Total,sdt5-homo / Total,Total,Time (ps),92000,204.64365,nm^2,nm^2
line,overlay,sdt5-homo,sdt5-homo,sasa,myvendcn,myvendcn::Total,sdt5-homo / Total,Total,Time (ps),93000,208.41777,nm^2,nm^2
line,overlay,sdt5-homo,sdt5-homo,sasa,myvendcn,myvendcn::Total,sdt5-homo / Total,Total,Time (ps),94000,209.68492,nm^2,nm^2
line,overlay,sdt5-homo,sdt5-homo,sasa,myvendcn,myvendcn::Total,sdt5-homo / Total,Total,Time (ps),95000,212.06218,nm^2,nm^2
line,overlay,sdt5-homo,sdt5-homo,sasa,myvendcn,myvendcn::Total,sdt5-homo / Total,Total,Time (ps),96000,206.76602,nm^2,nm^2
line,overlay,sdt5-homo,sdt5-homo,sasa,myvendcn,myvendcn::Total,sdt5-homo / Total,Total,Time (ps),97000,210.95956,nm^2,nm^2
line,overlay,sdt5-homo,sdt5-homo,sasa,myvendcn,myvendcn::Total,sdt5-homo / Total,Total,Time (ps),98000,205.84303,nm^2,nm^2
line,overlay,sdt5-homo,sdt5-homo,sasa,myvendcn,myvendcn::Total,sdt5-homo / Total,Total,Time (ps),99000,209.73407,nm^2,nm^2
line,overlay,sdt5-homo,sdt5-homo,sasa,myvendcn,myvendcn::Total,sdt5-homo / Total,Total,Time (ps),100000,207.17688,nm^2,nm^2
line,overlay,sdt5-homo-2,sdt5-homo-2,sasa,fabdua2a,fabdua2a::Total,sdt5-homo-2 / Total,Total,Time (ps),0,210.36197,nm^2,nm^2
line,overlay,sdt5-homo-2,sdt5-homo-2,sasa,fabdua2a,fabdua2a::Total,sdt5-homo-2 / Total,Total,Time (ps),1000,202.38799,nm^2,nm^2
line,overlay,sdt5-homo-2,sdt5-homo-2,sasa,fabdua2a,fabdua2a::Total,sdt5-homo-2 / Total,Total,Time (ps),2000,204.42853,nm^2,nm^2
line,overlay,sdt5-homo-2,sdt5-homo-2,sasa,fabdua2a,fabdua2a::Total,sdt5-homo-2 / Total,Total,Time (ps),3000,203.91531,nm^2,nm^2
line,overlay,sdt5-homo-2,sdt5-homo-2,sasa,fabdua2a,fabdua2a::Total,sdt5-homo-2 / Total,Total,Time (ps),4000,206.15244,nm^2,nm^2
line,overlay,sdt5-homo-2,sdt5-homo-2,sasa,fabdua2a,fabdua2a::Total,sdt5-homo-2 / Total,Total,Time (ps),5000,205.96957,nm^2,nm^2
line,overlay,sdt5-homo-2,sdt5-homo-2,sasa,fabdua2a,fabdua2a::Total,sdt5-homo-2 / Total,Total,Time (ps),6000,207.3759,nm^2,nm^2
line,overlay,sdt5-homo-2,sdt5-homo-2,sasa,fabdua2a,fabdua2a::Total,sdt5-homo-2 / Total,Total,Time (ps),7000,206.8338,nm^2,nm^2
line,overlay,sdt5-homo-2,sdt5-homo-2,sasa,fabdua2a,fabdua2a::Total,sdt5-homo-2 / Total,Total,Time (ps),8000,203.87805,nm^2,nm^2
line,overlay,sdt5-homo-2,sdt5-homo-2,sasa,fabdua2a,fabdua2a::Total,sdt5-homo-2 / Total,Total,Time (ps),9000,207.66798,nm^2,nm^2
line,overlay,sdt5-homo-2,sdt5-homo-2,sasa,fabdua2a,fabdua2a::Total,sdt5-homo-2 / Total,Total,Time (ps),10000,208.25046,nm^2,nm^2
line,overlay,sdt5-homo-2,sdt5-homo-2,sasa,fabdua2a,fabdua2a::Total,sdt5-homo-2 / Total,Total,Time (ps),11000,209.49118,nm^2,nm^2
line,overlay,sdt5-homo-2,sdt5-homo-2,sasa,fabdua2a,fabdua2a::Total,sdt5-homo-2 / Total,Total,Time (ps),12000,211.51959,nm^2,nm^2
line,overlay,sdt5-homo-2,sdt5-homo-2,sasa,fabdua2a,fabdua2a::Total,sdt5-homo-2 / Total,Total,Time (ps),13000,209.2988,nm^2,nm^2
line,overlay,sdt5-homo-2,sdt5-homo-2,sasa,fabdua2a,fabdua2a::Total,sdt5-homo-2 / Total,Total,Time (ps),14000,209.8177,nm^2,nm^2
line,overlay,sdt5-homo-2,sdt5-homo-2,sasa,fabdua2a,fabdua2a::Total,sdt5-homo-2 / Total,Total,Time (ps),15000,210.88918,nm^2,nm^2
line,overlay,sdt5-homo-2,sdt5-homo-2,sasa,fabdua2a,fabdua2a::Total,sdt5-homo-2 / Total,Total,Time (ps),16000,208.40366,nm^2,nm^2
line,overlay,sdt5-homo-2,sdt5-homo-2,sasa,fabdua2a,fabdua2a::Total,sdt5-homo-2 / Total,Total,Time (ps),17000,213.59969,nm^2,nm^2
line,overlay,sdt5-homo-2,sdt5-homo-2,sasa,fabdua2a,fabdua2a::Total,sdt5-homo-2 / Total,Total,Time (ps),18000,217.2805,nm^2,nm^2
line,overlay,sdt5-homo-2,sdt5-homo-2,sasa,fabdua2a,fabdua2a::Total,sdt5-homo-2 / Total,Total,Time (ps),19000,211.15309,nm^2,nm^2
line,overlay,sdt5-homo-2,sdt5-homo-2,sasa,fabdua2a,fabdua2a::Total,sdt5-homo-2 / Total,Total,Time (ps),20000,209.8318,nm^2,nm^2
line,overlay,sdt5-homo-2,sdt5-homo-2,sasa,fabdua2a,fabdua2a::Total,sdt5-homo-2 / Total,Total,Time (ps),21000,209.29167,nm^2,nm^2
line,overlay,sdt5-homo-2,sdt5-homo-2,sasa,fabdua2a,fabdua2a::Total,sdt5-homo-2 / Total,Total,Time (ps),22000,213.86711,nm^2,nm^2
line,overlay,sdt5-homo-2,sdt5-homo-2,sasa,fabdua2a,fabdua2a::Total,sdt5-homo-2 / Total,Total,Time (ps),23000,206.93361,nm^2,nm^2
line,overlay,sdt5-homo-2,sdt5-homo-2,sasa,fabdua2a,fabdua2a::Total,sdt5-homo-2 / Total,Total,Time (ps),24000,213.1428,nm^2,nm^2
line,overlay,sdt5-homo-2,sdt5-homo-2,sasa,fabdua2a,fabdua2a::Total,sdt5-homo-2 / Total,Total,Time (ps),25000,216.33026,nm^2,nm^2
line,overlay,sdt5-homo-2,sdt5-homo-2,sasa,fabdua2a,fabdua2a::Total,sdt5-homo-2 / Total,Total,Time (ps),26000,213.53699,nm^2,nm^2
line,overlay,sdt5-homo-2,sdt5-homo-2,sasa,fabdua2a,fabdua2a::Total,sdt5-homo-2 / Total,Total,Time (ps),27000,210.31807,nm^2,nm^2
line,overlay,sdt5-homo-2,sdt5-homo-2,sasa,fabdua2a,fabdua2a::Total,sdt5-homo-2 / Total,Total,Time (ps),28000,206.58458,nm^2,nm^2
line,overlay,sdt5-homo-2,sdt5-homo-2,sasa,fabdua2a,fabdua2a::Total,sdt5-homo-2 / Total,Total,Time (ps),29000,206.28685,nm^2,nm^2
line,overlay,sdt5-homo-2,sdt5-homo-2,sasa,fabdua2a,fabdua2a::Total,sdt5-homo-2 / Total,Total,Time (ps),30000,210.84816,nm^2,nm^2
line,overlay,sdt5-homo-2,sdt5-homo-2,sasa,fabdua2a,fabdua2a::Total,sdt5-homo-2 / Total,Total,Time (ps),31000,204.94772,nm^2,nm^2
line,overlay,sdt5-homo-2,sdt5-homo-2,sasa,fabdua2a,fabdua2a::Total,sdt5-homo-2 / Total,Total,Time (ps),32000,209.37291,nm^2,nm^2
line,overlay,sdt5-homo-2,sdt5-homo-2,sasa,fabdua2a,fabdua2a::Total,sdt5-homo-2 / Total,Total,Time (ps),33000,209.67842,nm^2,nm^2
line,overlay,sdt5-homo-2,sdt5-homo-2,sasa,fabdua2a,fabdua2a::Total,sdt5-homo-2 / Total,Total,Time (ps),34000,215.92578,nm^2,nm^2
line,overlay,sdt5-homo-2,sdt5-homo-2,sasa,fabdua2a,fabdua2a::Total,sdt5-homo-2 / Total,Total,Time (ps),35000,212.59036,nm^2,nm^2
line,overlay,sdt5-homo-2,sdt5-homo-2,sasa,fabdua2a,fabdua2a::Total,sdt5-homo-2 / Total,Total,Time (ps),36000,212.57901,nm^2,nm^2
line,overlay,sdt5-homo-2,sdt5-homo-2,sasa,fabdua2a,fabdua2a::Total,sdt5-homo-2 / Total,Total,Time (ps),37000,211.98834,nm^2,nm^2
line,overlay,sdt5-homo-2,sdt5-homo-2,sasa,fabdua2a,fabdua2a::Total,sdt5-homo-2 / Total,Total,Time (ps),38000,207.94661,nm^2,nm^2
line,overlay,sdt5-homo-2,sdt5-homo-2,sasa,fabdua2a,fabdua2a::Total,sdt5-homo-2 / Total,Total,Time (ps),39000,209.02344,nm^2,nm^2
line,overlay,sdt5-homo-2,sdt5-homo-2,sasa,fabdua2a,fabdua2a::Total,sdt5-homo-2 / Total,Total,Time (ps),40000,211.20337,nm^2,nm^2
line,overlay,sdt5-homo-2,sdt5-homo-2,sasa,fabdua2a,fabdua2a::Total,sdt5-homo-2 / Total,Total,Time (ps),41000,206.57245,nm^2,nm^2
line,overlay,sdt5-homo-2,sdt5-homo-2,sasa,fabdua2a,fabdua2a::Total,sdt5-homo-2 / Total,Total,Time (ps),42000,210.17755,nm^2,nm^2
line,overlay,sdt5-homo-2,sdt5-homo-2,sasa,fabdua2a,fabdua2a::Total,sdt5-homo-2 / Total,Total,Time (ps),43000,212.27109,nm^2,nm^2
line,overlay,sdt5-homo-2,sdt5-homo-2,sasa,fabdua2a,fabdua2a::Total,sdt5-homo-2 / Total,Total,Time (ps),44000,209.81386,nm^2,nm^2
line,overlay,sdt5-homo-2,sdt5-homo-2,sasa,fabdua2a,fabdua2a::Total,sdt5-homo-2 / Total,Total,Time (ps),45000,206.95357,nm^2,nm^2
line,overlay,sdt5-homo-2,sdt5-homo-2,sasa,fabdua2a,fabdua2a::Total,sdt5-homo-2 / Total,Total,Time (ps),46000,209.4021,nm^2,nm^2
line,overlay,sdt5-homo-2,sdt5-homo-2,sasa,fabdua2a,fabdua2a::Total,sdt5-homo-2 / Total,Total,Time (ps),47000,206.97507,nm^2,nm^2
line,overlay,sdt5-homo-2,sdt5-homo-2,sasa,fabdua2a,fabdua2a::Total,sdt5-homo-2 / Total,Total,Time (ps),48000,205.24193,nm^2,nm^2
line,overlay,sdt5-homo-2,sdt5-homo-2,sasa,fabdua2a,fabdua2a::Total,sdt5-homo-2 / Total,Total,Time (ps),49000,208.55278,nm^2,nm^2
line,overlay,sdt5-homo-2,sdt5-homo-2,sasa,fabdua2a,fabdua2a::Total,sdt5-homo-2 / Total,Total,Time (ps),50000,209.885,nm^2,nm^2
line,overlay,sdt5-homo-2,sdt5-homo-2,sasa,fabdua2a,fabdua2a::Total,sdt5-homo-2 / Total,Total,Time (ps),51000,208.637,nm^2,nm^2
line,overlay,sdt5-homo-2,sdt5-homo-2,sasa,fabdua2a,fabdua2a::Total,sdt5-homo-2 / Total,Total,Time (ps),52000,209.92986,nm^2,nm^2
line,overlay,sdt5-homo-2,sdt5-homo-2,sasa,fabdua2a,fabdua2a::Total,sdt5-homo-2 / Total,Total,Time (ps),53000,206.78159,nm^2,nm^2
line,overlay,sdt5-homo-2,sdt5-homo-2,sasa,fabdua2a,fabdua2a::Total,sdt5-homo-2 / Total,Total,Time (ps),54000,209.43123,nm^2,nm^2
line,overlay,sdt5-homo-2,sdt5-homo-2,sasa,fabdua2a,fabdua2a::Total,sdt5-homo-2 / Total,Total,Time (ps),55000,208.51814,nm^2,nm^2
line,overlay,sdt5-homo-2,sdt5-homo-2,sasa,fabdua2a,fabdua2a::Total,sdt5-homo-2 / Total,Total,Time (ps),56000,207.10197,nm^2,nm^2
line,overlay,sdt5-homo-2,sdt5-homo-2,sasa,fabdua2a,fabdua2a::Total,sdt5-homo-2 / Total,Total,Time (ps),57000,206.01665,nm^2,nm^2
line,overlay,sdt5-homo-2,sdt5-homo-2,sasa,fabdua2a,fabdua2a::Total,sdt5-homo-2 / Total,Total,Time (ps),58000,207.26106,nm^2,nm^2
line,overlay,sdt5-homo-2,sdt5-homo-2,sasa,fabdua2a,fabdua2a::Total,sdt5-homo-2 / Total,Total,Time (ps),59000,205.6903,nm^2,nm^2
line,overlay,sdt5-homo-2,sdt5-homo-2,sasa,fabdua2a,fabdua2a::Total,sdt5-homo-2 / Total,Total,Time (ps),60000,206.45773,nm^2,nm^2
line,overlay,sdt5-homo-2,sdt5-homo-2,sasa,fabdua2a,fabdua2a::Total,sdt5-homo-2 / Total,Total,Time (ps),61000,209.16989,nm^2,nm^2
line,overlay,sdt5-homo-2,sdt5-homo-2,sasa,fabdua2a,fabdua2a::Total,sdt5-homo-2 / Total,Total,Time (ps),62000,205.74844,nm^2,nm^2
line,overlay,sdt5-homo-2,sdt5-homo-2,sasa,fabdua2a,fabdua2a::Total,sdt5-homo-2 / Total,Total,Time (ps),63000,206.70917,nm^2,nm^2
line,overlay,sdt5-homo-2,sdt5-homo-2,sasa,fabdua2a,fabdua2a::Total,sdt5-homo-2 / Total,Total,Time (ps),64000,205.11447,nm^2,nm^2
line,overlay,sdt5-homo-2,sdt5-homo-2,sasa,fabdua2a,fabdua2a::Total,sdt5-homo-2 / Total,Total,Time (ps),65000,205.6025,nm^2,nm^2
line,overlay,sdt5-homo-2,sdt5-homo-2,sasa,fabdua2a,fabdua2a::Total,sdt5-homo-2 / Total,Total,Time (ps),66000,205.74258,nm^2,nm^2
line,overlay,sdt5-homo-2,sdt5-homo-2,sasa,fabdua2a,fabdua2a::Total,sdt5-homo-2 / Total,Total,Time (ps),67000,205.41461,nm^2,nm^2
line,overlay,sdt5-homo-2,sdt5-homo-2,sasa,fabdua2a,fabdua2a::Total,sdt5-homo-2 / Total,Total,Time (ps),68000,205.12451,nm^2,nm^2
line,overlay,sdt5-homo-2,sdt5-homo-2,sasa,fabdua2a,fabdua2a::Total,sdt5-homo-2 / Total,Total,Time (ps),69000,210.65028,nm^2,nm^2
line,overlay,sdt5-homo-2,sdt5-homo-2,sasa,fabdua2a,fabdua2a::Total,sdt5-homo-2 / Total,Total,Time (ps),70000,207.11313,nm^2,nm^2
line,overlay,sdt5-homo-2,sdt5-homo-2,sasa,fabdua2a,fabdua2a::Total,sdt5-homo-2 / Total,Total,Time (ps),71000,207.17654,nm^2,nm^2
line,overlay,sdt5-homo-2,sdt5-homo-2,sasa,fabdua2a,fabdua2a::Total,sdt5-homo-2 / Total,Total,Time (ps),72000,206.19693,nm^2,nm^2
line,overlay,sdt5-homo-2,sdt5-homo-2,sasa,fabdua2a,fabdua2a::Total,sdt5-homo-2 / Total,Total,Time (ps),73000,203.29288,nm^2,nm^2
line,overlay,sdt5-homo-2,sdt5-homo-2,sasa,fabdua2a,fabdua2a::Total,sdt5-homo-2 / Total,Total,Time (ps),74000,209.82903,nm^2,nm^2
line,overlay,sdt5-homo-2,sdt5-homo-2,sasa,fabdua2a,fabdua2a::Total,sdt5-homo-2 / Total,Total,Time (ps),75000,206.94675,nm^2,nm^2
line,overlay,sdt5-homo-2,sdt5-homo-2,sasa,fabdua2a,fabdua2a::Total,sdt5-homo-2 / Total,Total,Time (ps),76000,208.90009,nm^2,nm^2
line,overlay,sdt5-homo-2,sdt5-homo-2,sasa,fabdua2a,fabdua2a::Total,sdt5-homo-2 / Total,Total,Time (ps),77000,204.00053,nm^2,nm^2
line,overlay,sdt5-homo-2,sdt5-homo-2,sasa,fabdua2a,fabdua2a::Total,sdt5-homo-2 / Total,Total,Time (ps),78000,205.63562,nm^2,nm^2
line,overlay,sdt5-homo-2,sdt5-homo-2,sasa,fabdua2a,fabdua2a::Total,sdt5-homo-2 / Total,Total,Time (ps),79000,206.67,nm^2,nm^2
line,overlay,sdt5-homo-2,sdt5-homo-2,sasa,fabdua2a,fabdua2a::Total,sdt5-homo-2 / Total,Total,Time (ps),80000,204.04718,nm^2,nm^2
line,overlay,sdt5-homo-2,sdt5-homo-2,sasa,fabdua2a,fabdua2a::Total,sdt5-homo-2 / Total,Total,Time (ps),81000,205.28471,nm^2,nm^2
line,overlay,sdt5-homo-2,sdt5-homo-2,sasa,fabdua2a,fabdua2a::Total,sdt5-homo-2 / Total,Total,Time (ps),82000,204.9504,nm^2,nm^2
line,overlay,sdt5-homo-2,sdt5-homo-2,sasa,fabdua2a,fabdua2a::Total,sdt5-homo-2 / Total,Total,Time (ps),83000,204.92207,nm^2,nm^2
line,overlay,sdt5-homo-2,sdt5-homo-2,sasa,fabdua2a,fabdua2a::Total,sdt5-homo-2 / Total,Total,Time (ps),84000,204.25613,nm^2,nm^2
line,overlay,sdt5-homo-2,sdt5-homo-2,sasa,fabdua2a,fabdua2a::Total,sdt5-homo-2 / Total,Total,Time (ps),85000,209.30965,nm^2,nm^2
line,overlay,sdt5-homo-2,sdt5-homo-2,sasa,fabdua2a,fabdua2a::Total,sdt5-homo-2 / Total,Total,Time (ps),86000,208.17294,nm^2,nm^2
line,overlay,sdt5-homo-2,sdt5-homo-2,sasa,fabdua2a,fabdua2a::Total,sdt5-homo-2 / Total,Total,Time (ps),87000,207.27515,nm^2,nm^2
line,overlay,sdt5-homo-2,sdt5-homo-2,sasa,fabdua2a,fabdua2a::Total,sdt5-homo-2 / Total,Total,Time (ps),88000,209.14049,nm^2,nm^2
line,overlay,sdt5-homo-2,sdt5-homo-2,sasa,fabdua2a,fabdua2a::Total,sdt5-homo-2 / Total,Total,Time (ps),89000,209.02092,nm^2,nm^2
line,overlay,sdt5-homo-2,sdt5-homo-2,sasa,fabdua2a,fabdua2a::Total,sdt5-homo-2 / Total,Total,Time (ps),90000,206.39053,nm^2,nm^2
line,overlay,sdt5-homo-2,sdt5-homo-2,sasa,fabdua2a,fabdua2a::Total,sdt5-homo-2 / Total,Total,Time (ps),91000,209.17905,nm^2,nm^2
line,overlay,sdt5-homo-2,sdt5-homo-2,sasa,fabdua2a,fabdua2a::Total,sdt5-homo-2 / Total,Total,Time (ps),92000,209.64882,nm^2,nm^2
line,overlay,sdt5-homo-2,sdt5-homo-2,sasa,fabdua2a,fabdua2a::Total,sdt5-homo-2 / Total,Total,Time (ps),93000,207.44954,nm^2,nm^2
line,overlay,sdt5-homo-2,sdt5-homo-2,sasa,fabdua2a,fabdua2a::Total,sdt5-homo-2 / Total,Total,Time (ps),94000,206.22595,nm^2,nm^2
line,overlay,sdt5-homo-2,sdt5-homo-2,sasa,fabdua2a,fabdua2a::Total,sdt5-homo-2 / Total,Total,Time (ps),95000,206.96405,nm^2,nm^2
line,overlay,sdt5-homo-2,sdt5-homo-2,sasa,fabdua2a,fabdua2a::Total,sdt5-homo-2 / Total,Total,Time (ps),96000,209.83426,nm^2,nm^2
line,overlay,sdt5-homo-2,sdt5-homo-2,sasa,fabdua2a,fabdua2a::Total,sdt5-homo-2 / Total,Total,Time (ps),97000,205.32254,nm^2,nm^2
line,overlay,sdt5-homo-2,sdt5-homo-2,sasa,fabdua2a,fabdua2a::Total,sdt5-homo-2 / Total,Total,Time (ps),98000,204.55986,nm^2,nm^2
line,overlay,sdt5-homo-2,sdt5-homo-2,sasa,fabdua2a,fabdua2a::Total,sdt5-homo-2 / Total,Total,Time (ps),99000,205.69695,nm^2,nm^2
line,overlay,sdt5-homo-2,sdt5-homo-2,sasa,fabdua2a,fabdua2a::Total,sdt5-homo-2 / Total,Total,Time (ps),100000,205.63264,nm^2,nm^2
line,overlay,sdt5-homo-3,sdt5-homo-3,sasa,krztlzfj,krztlzfj::Total,sdt5-homo-3 / Total,Total,Time (ps),0,202.66965,nm^2,nm^2
line,overlay,sdt5-homo-3,sdt5-homo-3,sasa,krztlzfj,krztlzfj::Total,sdt5-homo-3 / Total,Total,Time (ps),1000,205.15955,nm^2,nm^2
line,overlay,sdt5-homo-3,sdt5-homo-3,sasa,krztlzfj,krztlzfj::Total,sdt5-homo-3 / Total,Total,Time (ps),2000,206.39648,nm^2,nm^2
line,overlay,sdt5-homo-3,sdt5-homo-3,sasa,krztlzfj,krztlzfj::Total,sdt5-homo-3 / Total,Total,Time (ps),3000,206.20992,nm^2,nm^2
line,overlay,sdt5-homo-3,sdt5-homo-3,sasa,krztlzfj,krztlzfj::Total,sdt5-homo-3 / Total,Total,Time (ps),4000,206.45917,nm^2,nm^2
line,overlay,sdt5-homo-3,sdt5-homo-3,sasa,krztlzfj,krztlzfj::Total,sdt5-homo-3 / Total,Total,Time (ps),5000,206.8857,nm^2,nm^2
line,overlay,sdt5-homo-3,sdt5-homo-3,sasa,krztlzfj,krztlzfj::Total,sdt5-homo-3 / Total,Total,Time (ps),6000,207.14731,nm^2,nm^2
line,overlay,sdt5-homo-3,sdt5-homo-3,sasa,krztlzfj,krztlzfj::Total,sdt5-homo-3 / Total,Total,Time (ps),7000,209.4849,nm^2,nm^2
line,overlay,sdt5-homo-3,sdt5-homo-3,sasa,krztlzfj,krztlzfj::Total,sdt5-homo-3 / Total,Total,Time (ps),8000,211.35432,nm^2,nm^2
line,overlay,sdt5-homo-3,sdt5-homo-3,sasa,krztlzfj,krztlzfj::Total,sdt5-homo-3 / Total,Total,Time (ps),9000,212.97691,nm^2,nm^2
line,overlay,sdt5-homo-3,sdt5-homo-3,sasa,krztlzfj,krztlzfj::Total,sdt5-homo-3 / Total,Total,Time (ps),10000,210.12978,nm^2,nm^2
line,overlay,sdt5-homo-3,sdt5-homo-3,sasa,krztlzfj,krztlzfj::Total,sdt5-homo-3 / Total,Total,Time (ps),11000,209.87677,nm^2,nm^2
line,overlay,sdt5-homo-3,sdt5-homo-3,sasa,krztlzfj,krztlzfj::Total,sdt5-homo-3 / Total,Total,Time (ps),12000,206.87245,nm^2,nm^2
line,overlay,sdt5-homo-3,sdt5-homo-3,sasa,krztlzfj,krztlzfj::Total,sdt5-homo-3 / Total,Total,Time (ps),13000,211.09447,nm^2,nm^2
line,overlay,sdt5-homo-3,sdt5-homo-3,sasa,krztlzfj,krztlzfj::Total,sdt5-homo-3 / Total,Total,Time (ps),14000,212.06776,nm^2,nm^2
line,overlay,sdt5-homo-3,sdt5-homo-3,sasa,krztlzfj,krztlzfj::Total,sdt5-homo-3 / Total,Total,Time (ps),15000,204.45662,nm^2,nm^2
line,overlay,sdt5-homo-3,sdt5-homo-3,sasa,krztlzfj,krztlzfj::Total,sdt5-homo-3 / Total,Total,Time (ps),16000,207.87532,nm^2,nm^2
line,overlay,sdt5-homo-3,sdt5-homo-3,sasa,krztlzfj,krztlzfj::Total,sdt5-homo-3 / Total,Total,Time (ps),17000,206.26047,nm^2,nm^2
line,overlay,sdt5-homo-3,sdt5-homo-3,sasa,krztlzfj,krztlzfj::Total,sdt5-homo-3 / Total,Total,Time (ps),18000,205.67255,nm^2,nm^2
line,overlay,sdt5-homo-3,sdt5-homo-3,sasa,krztlzfj,krztlzfj::Total,sdt5-homo-3 / Total,Total,Time (ps),19000,206.35394,nm^2,nm^2
line,overlay,sdt5-homo-3,sdt5-homo-3,sasa,krztlzfj,krztlzfj::Total,sdt5-homo-3 / Total,Total,Time (ps),20000,204.47061,nm^2,nm^2
line,overlay,sdt5-homo-3,sdt5-homo-3,sasa,krztlzfj,krztlzfj::Total,sdt5-homo-3 / Total,Total,Time (ps),21000,204.894,nm^2,nm^2
line,overlay,sdt5-homo-3,sdt5-homo-3,sasa,krztlzfj,krztlzfj::Total,sdt5-homo-3 / Total,Total,Time (ps),22000,209.04059,nm^2,nm^2
line,overlay,sdt5-homo-3,sdt5-homo-3,sasa,krztlzfj,krztlzfj::Total,sdt5-homo-3 / Total,Total,Time (ps),23000,213.6783,nm^2,nm^2
line,overlay,sdt5-homo-3,sdt5-homo-3,sasa,krztlzfj,krztlzfj::Total,sdt5-homo-3 / Total,Total,Time (ps),24000,210.7409,nm^2,nm^2
line,overlay,sdt5-homo-3,sdt5-homo-3,sasa,krztlzfj,krztlzfj::Total,sdt5-homo-3 / Total,Total,Time (ps),25000,208.84114,nm^2,nm^2
line,overlay,sdt5-homo-3,sdt5-homo-3,sasa,krztlzfj,krztlzfj::Total,sdt5-homo-3 / Total,Total,Time (ps),26000,210.56725,nm^2,nm^2
line,overlay,sdt5-homo-3,sdt5-homo-3,sasa,krztlzfj,krztlzfj::Total,sdt5-homo-3 / Total,Total,Time (ps),27000,211.02238,nm^2,nm^2
line,overlay,sdt5-homo-3,sdt5-homo-3,sasa,krztlzfj,krztlzfj::Total,sdt5-homo-3 / Total,Total,Time (ps),28000,210.66595,nm^2,nm^2
line,overlay,sdt5-homo-3,sdt5-homo-3,sasa,krztlzfj,krztlzfj::Total,sdt5-homo-3 / Total,Total,Time (ps),29000,207.89297,nm^2,nm^2
line,overlay,sdt5-homo-3,sdt5-homo-3,sasa,krztlzfj,krztlzfj::Total,sdt5-homo-3 / Total,Total,Time (ps),30000,211.56375,nm^2,nm^2
line,overlay,sdt5-homo-3,sdt5-homo-3,sasa,krztlzfj,krztlzfj::Total,sdt5-homo-3 / Total,Total,Time (ps),31000,210.0908,nm^2,nm^2
line,overlay,sdt5-homo-3,sdt5-homo-3,sasa,krztlzfj,krztlzfj::Total,sdt5-homo-3 / Total,Total,Time (ps),32000,208.28487,nm^2,nm^2
line,overlay,sdt5-homo-3,sdt5-homo-3,sasa,krztlzfj,krztlzfj::Total,sdt5-homo-3 / Total,Total,Time (ps),33000,210.41216,nm^2,nm^2
line,overlay,sdt5-homo-3,sdt5-homo-3,sasa,krztlzfj,krztlzfj::Total,sdt5-homo-3 / Total,Total,Time (ps),34000,212.89404,nm^2,nm^2
line,overlay,sdt5-homo-3,sdt5-homo-3,sasa,krztlzfj,krztlzfj::Total,sdt5-homo-3 / Total,Total,Time (ps),35000,209.96039,nm^2,nm^2
line,overlay,sdt5-homo-3,sdt5-homo-3,sasa,krztlzfj,krztlzfj::Total,sdt5-homo-3 / Total,Total,Time (ps),36000,208.91446,nm^2,nm^2
line,overlay,sdt5-homo-3,sdt5-homo-3,sasa,krztlzfj,krztlzfj::Total,sdt5-homo-3 / Total,Total,Time (ps),37000,212.37886,nm^2,nm^2
line,overlay,sdt5-homo-3,sdt5-homo-3,sasa,krztlzfj,krztlzfj::Total,sdt5-homo-3 / Total,Total,Time (ps),38000,210.45,nm^2,nm^2
line,overlay,sdt5-homo-3,sdt5-homo-3,sasa,krztlzfj,krztlzfj::Total,sdt5-homo-3 / Total,Total,Time (ps),39000,211.3167,nm^2,nm^2
line,overlay,sdt5-homo-3,sdt5-homo-3,sasa,krztlzfj,krztlzfj::Total,sdt5-homo-3 / Total,Total,Time (ps),40000,210.5846,nm^2,nm^2
line,overlay,sdt5-homo-3,sdt5-homo-3,sasa,krztlzfj,krztlzfj::Total,sdt5-homo-3 / Total,Total,Time (ps),41000,210.93486,nm^2,nm^2
line,overlay,sdt5-homo-3,sdt5-homo-3,sasa,krztlzfj,krztlzfj::Total,sdt5-homo-3 / Total,Total,Time (ps),42000,206.57843,nm^2,nm^2
line,overlay,sdt5-homo-3,sdt5-homo-3,sasa,krztlzfj,krztlzfj::Total,sdt5-homo-3 / Total,Total,Time (ps),43000,208.25761,nm^2,nm^2
line,overlay,sdt5-homo-3,sdt5-homo-3,sasa,krztlzfj,krztlzfj::Total,sdt5-homo-3 / Total,Total,Time (ps),44000,209.41077,nm^2,nm^2
line,overlay,sdt5-homo-3,sdt5-homo-3,sasa,krztlzfj,krztlzfj::Total,sdt5-homo-3 / Total,Total,Time (ps),45000,209.35129,nm^2,nm^2
line,overlay,sdt5-homo-3,sdt5-homo-3,sasa,krztlzfj,krztlzfj::Total,sdt5-homo-3 / Total,Total,Time (ps),46000,210.4301,nm^2,nm^2
line,overlay,sdt5-homo-3,sdt5-homo-3,sasa,krztlzfj,krztlzfj::Total,sdt5-homo-3 / Total,Total,Time (ps),47000,214.94722,nm^2,nm^2
line,overlay,sdt5-homo-3,sdt5-homo-3,sasa,krztlzfj,krztlzfj::Total,sdt5-homo-3 / Total,Total,Time (ps),48000,212.83209,nm^2,nm^2
line,overlay,sdt5-homo-3,sdt5-homo-3,sasa,krztlzfj,krztlzfj::Total,sdt5-homo-3 / Total,Total,Time (ps),49000,212.50777,nm^2,nm^2
line,overlay,sdt5-homo-3,sdt5-homo-3,sasa,krztlzfj,krztlzfj::Total,sdt5-homo-3 / Total,Total,Time (ps),50000,207.6233,nm^2,nm^2
line,overlay,sdt5-homo-3,sdt5-homo-3,sasa,krztlzfj,krztlzfj::Total,sdt5-homo-3 / Total,Total,Time (ps),51000,209.15111,nm^2,nm^2
line,overlay,sdt5-homo-3,sdt5-homo-3,sasa,krztlzfj,krztlzfj::Total,sdt5-homo-3 / Total,Total,Time (ps),52000,208.13213,nm^2,nm^2
line,overlay,sdt5-homo-3,sdt5-homo-3,sasa,krztlzfj,krztlzfj::Total,sdt5-homo-3 / Total,Total,Time (ps),53000,214.46153,nm^2,nm^2
line,overlay,sdt5-homo-3,sdt5-homo-3,sasa,krztlzfj,krztlzfj::Total,sdt5-homo-3 / Total,Total,Time (ps),54000,208.83968,nm^2,nm^2
line,overlay,sdt5-homo-3,sdt5-homo-3,sasa,krztlzfj,krztlzfj::Total,sdt5-homo-3 / Total,Total,Time (ps),55000,206.04285,nm^2,nm^2
line,overlay,sdt5-homo-3,sdt5-homo-3,sasa,krztlzfj,krztlzfj::Total,sdt5-homo-3 / Total,Total,Time (ps),56000,208.14195,nm^2,nm^2
line,overlay,sdt5-homo-3,sdt5-homo-3,sasa,krztlzfj,krztlzfj::Total,sdt5-homo-3 / Total,Total,Time (ps),57000,206.39705,nm^2,nm^2
line,overlay,sdt5-homo-3,sdt5-homo-3,sasa,krztlzfj,krztlzfj::Total,sdt5-homo-3 / Total,Total,Time (ps),58000,210.20142,nm^2,nm^2
line,overlay,sdt5-homo-3,sdt5-homo-3,sasa,krztlzfj,krztlzfj::Total,sdt5-homo-3 / Total,Total,Time (ps),59000,211.07217,nm^2,nm^2
line,overlay,sdt5-homo-3,sdt5-homo-3,sasa,krztlzfj,krztlzfj::Total,sdt5-homo-3 / Total,Total,Time (ps),60000,208.84982,nm^2,nm^2
line,overlay,sdt5-homo-3,sdt5-homo-3,sasa,krztlzfj,krztlzfj::Total,sdt5-homo-3 / Total,Total,Time (ps),61000,208.53264,nm^2,nm^2
line,overlay,sdt5-homo-3,sdt5-homo-3,sasa,krztlzfj,krztlzfj::Total,sdt5-homo-3 / Total,Total,Time (ps),62000,205.14867,nm^2,nm^2
line,overlay,sdt5-homo-3,sdt5-homo-3,sasa,krztlzfj,krztlzfj::Total,sdt5-homo-3 / Total,Total,Time (ps),63000,205.86284,nm^2,nm^2
line,overlay,sdt5-homo-3,sdt5-homo-3,sasa,krztlzfj,krztlzfj::Total,sdt5-homo-3 / Total,Total,Time (ps),64000,204.44614,nm^2,nm^2
line,overlay,sdt5-homo-3,sdt5-homo-3,sasa,krztlzfj,krztlzfj::Total,sdt5-homo-3 / Total,Total,Time (ps),65000,207.21707,nm^2,nm^2
line,overlay,sdt5-homo-3,sdt5-homo-3,sasa,krztlzfj,krztlzfj::Total,sdt5-homo-3 / Total,Total,Time (ps),66000,208.44963,nm^2,nm^2
line,overlay,sdt5-homo-3,sdt5-homo-3,sasa,krztlzfj,krztlzfj::Total,sdt5-homo-3 / Total,Total,Time (ps),67000,210.66757,nm^2,nm^2
line,overlay,sdt5-homo-3,sdt5-homo-3,sasa,krztlzfj,krztlzfj::Total,sdt5-homo-3 / Total,Total,Time (ps),68000,210.71227,nm^2,nm^2
line,overlay,sdt5-homo-3,sdt5-homo-3,sasa,krztlzfj,krztlzfj::Total,sdt5-homo-3 / Total,Total,Time (ps),69000,212.62831,nm^2,nm^2
line,overlay,sdt5-homo-3,sdt5-homo-3,sasa,krztlzfj,krztlzfj::Total,sdt5-homo-3 / Total,Total,Time (ps),70000,213.71523,nm^2,nm^2
line,overlay,sdt5-homo-3,sdt5-homo-3,sasa,krztlzfj,krztlzfj::Total,sdt5-homo-3 / Total,Total,Time (ps),71000,208.79642,nm^2,nm^2
line,overlay,sdt5-homo-3,sdt5-homo-3,sasa,krztlzfj,krztlzfj::Total,sdt5-homo-3 / Total,Total,Time (ps),72000,210.68153,nm^2,nm^2
line,overlay,sdt5-homo-3,sdt5-homo-3,sasa,krztlzfj,krztlzfj::Total,sdt5-homo-3 / Total,Total,Time (ps),73000,209.59853,nm^2,nm^2
line,overlay,sdt5-homo-3,sdt5-homo-3,sasa,krztlzfj,krztlzfj::Total,sdt5-homo-3 / Total,Total,Time (ps),74000,208.34784,nm^2,nm^2
line,overlay,sdt5-homo-3,sdt5-homo-3,sasa,krztlzfj,krztlzfj::Total,sdt5-homo-3 / Total,Total,Time (ps),75000,209.61806,nm^2,nm^2
line,overlay,sdt5-homo-3,sdt5-homo-3,sasa,krztlzfj,krztlzfj::Total,sdt5-homo-3 / Total,Total,Time (ps),76000,209.23901,nm^2,nm^2
line,overlay,sdt5-homo-3,sdt5-homo-3,sasa,krztlzfj,krztlzfj::Total,sdt5-homo-3 / Total,Total,Time (ps),77000,207.9186,nm^2,nm^2
line,overlay,sdt5-homo-3,sdt5-homo-3,sasa,krztlzfj,krztlzfj::Total,sdt5-homo-3 / Total,Total,Time (ps),78000,210.7614,nm^2,nm^2
line,overlay,sdt5-homo-3,sdt5-homo-3,sasa,krztlzfj,krztlzfj::Total,sdt5-homo-3 / Total,Total,Time (ps),79000,208.48622,nm^2,nm^2
line,overlay,sdt5-homo-3,sdt5-homo-3,sasa,krztlzfj,krztlzfj::Total,sdt5-homo-3 / Total,Total,Time (ps),80000,210.62134,nm^2,nm^2
line,overlay,sdt5-homo-3,sdt5-homo-3,sasa,krztlzfj,krztlzfj::Total,sdt5-homo-3 / Total,Total,Time (ps),81000,211.45325,nm^2,nm^2
line,overlay,sdt5-homo-3,sdt5-homo-3,sasa,krztlzfj,krztlzfj::Total,sdt5-homo-3 / Total,Total,Time (ps),82000,210.14865,nm^2,nm^2
line,overlay,sdt5-homo-3,sdt5-homo-3,sasa,krztlzfj,krztlzfj::Total,sdt5-homo-3 / Total,Total,Time (ps),83000,209.96509,nm^2,nm^2
line,overlay,sdt5-homo-3,sdt5-homo-3,sasa,krztlzfj,krztlzfj::Total,sdt5-homo-3 / Total,Total,Time (ps),84000,211.30559,nm^2,nm^2
line,overlay,sdt5-homo-3,sdt5-homo-3,sasa,krztlzfj,krztlzfj::Total,sdt5-homo-3 / Total,Total,Time (ps),85000,212.58832,nm^2,nm^2
line,overlay,sdt5-homo-3,sdt5-homo-3,sasa,krztlzfj,krztlzfj::Total,sdt5-homo-3 / Total,Total,Time (ps),86000,211.44739,nm^2,nm^2
line,overlay,sdt5-homo-3,sdt5-homo-3,sasa,krztlzfj,krztlzfj::Total,sdt5-homo-3 / Total,Total,Time (ps),87000,214.76358,nm^2,nm^2
line,overlay,sdt5-homo-3,sdt5-homo-3,sasa,krztlzfj,krztlzfj::Total,sdt5-homo-3 / Total,Total,Time (ps),88000,209.23924,nm^2,nm^2
line,overlay,sdt5-homo-3,sdt5-homo-3,sasa,krztlzfj,krztlzfj::Total,sdt5-homo-3 / Total,Total,Time (ps),89000,206.93973,nm^2,nm^2
line,overlay,sdt5-homo-3,sdt5-homo-3,sasa,krztlzfj,krztlzfj::Total,sdt5-homo-3 / Total,Total,Time (ps),90000,208.28221,nm^2,nm^2
line,overlay,sdt5-homo-3,sdt5-homo-3,sasa,krztlzfj,krztlzfj::Total,sdt5-homo-3 / Total,Total,Time (ps),91000,209.02429,nm^2,nm^2
line,overlay,sdt5-homo-3,sdt5-homo-3,sasa,krztlzfj,krztlzfj::Total,sdt5-homo-3 / Total,Total,Time (ps),92000,206.27335,nm^2,nm^2
line,overlay,sdt5-homo-3,sdt5-homo-3,sasa,krztlzfj,krztlzfj::Total,sdt5-homo-3 / Total,Total,Time (ps),93000,206.96512,nm^2,nm^2
line,overlay,sdt5-homo-3,sdt5-homo-3,sasa,krztlzfj,krztlzfj::Total,sdt5-homo-3 / Total,Total,Time (ps),94000,201.34256,nm^2,nm^2
line,overlay,sdt5-homo-3,sdt5-homo-3,sasa,krztlzfj,krztlzfj::Total,sdt5-homo-3 / Total,Total,Time (ps),95000,202.69217,nm^2,nm^2
line,overlay,sdt5-homo-3,sdt5-homo-3,sasa,krztlzfj,krztlzfj::Total,sdt5-homo-3 / Total,Total,Time (ps),96000,204.71533,nm^2,nm^2
line,overlay,sdt5-homo-3,sdt5-homo-3,sasa,krztlzfj,krztlzfj::Total,sdt5-homo-3 / Total,Total,Time (ps),97000,206.48387,nm^2,nm^2
line,overlay,sdt5-homo-3,sdt5-homo-3,sasa,krztlzfj,krztlzfj::Total,sdt5-homo-3 / Total,Total,Time (ps),98000,209.98697,nm^2,nm^2
line,overlay,sdt5-homo-3,sdt5-homo-3,sasa,krztlzfj,krztlzfj::Total,sdt5-homo-3 / Total,Total,Time (ps),99000,207.57607,nm^2,nm^2
line,overlay,sdt5-homo-3,sdt5-homo-3,sasa,krztlzfj,krztlzfj::Total,sdt5-homo-3 / Total,Total,Time (ps),100000,209.65988,nm^2,nm^2
line,overlay,sdt5-homo-4,sdt5-homo-4,sasa,gemlsuv6,gemlsuv6::Total,sdt5-homo-4 / Total,Total,Time (ps),0,205.91714,nm^2,nm^2
line,overlay,sdt5-homo-4,sdt5-homo-4,sasa,gemlsuv6,gemlsuv6::Total,sdt5-homo-4 / Total,Total,Time (ps),1000,208.90683,nm^2,nm^2
line,overlay,sdt5-homo-4,sdt5-homo-4,sasa,gemlsuv6,gemlsuv6::Total,sdt5-homo-4 / Total,Total,Time (ps),2000,209.783,nm^2,nm^2
line,overlay,sdt5-homo-4,sdt5-homo-4,sasa,gemlsuv6,gemlsuv6::Total,sdt5-homo-4 / Total,Total,Time (ps),3000,209.0658,nm^2,nm^2
line,overlay,sdt5-homo-4,sdt5-homo-4,sasa,gemlsuv6,gemlsuv6::Total,sdt5-homo-4 / Total,Total,Time (ps),4000,211.63202,nm^2,nm^2
line,overlay,sdt5-homo-4,sdt5-homo-4,sasa,gemlsuv6,gemlsuv6::Total,sdt5-homo-4 / Total,Total,Time (ps),5000,209.02466,nm^2,nm^2
line,overlay,sdt5-homo-4,sdt5-homo-4,sasa,gemlsuv6,gemlsuv6::Total,sdt5-homo-4 / Total,Total,Time (ps),6000,210.7354,nm^2,nm^2
line,overlay,sdt5-homo-4,sdt5-homo-4,sasa,gemlsuv6,gemlsuv6::Total,sdt5-homo-4 / Total,Total,Time (ps),7000,208.7443,nm^2,nm^2
line,overlay,sdt5-homo-4,sdt5-homo-4,sasa,gemlsuv6,gemlsuv6::Total,sdt5-homo-4 / Total,Total,Time (ps),8000,209.02931,nm^2,nm^2
line,overlay,sdt5-homo-4,sdt5-homo-4,sasa,gemlsuv6,gemlsuv6::Total,sdt5-homo-4 / Total,Total,Time (ps),9000,206.83032,nm^2,nm^2
line,overlay,sdt5-homo-4,sdt5-homo-4,sasa,gemlsuv6,gemlsuv6::Total,sdt5-homo-4 / Total,Total,Time (ps),10000,206.74707,nm^2,nm^2
line,overlay,sdt5-homo-4,sdt5-homo-4,sasa,gemlsuv6,gemlsuv6::Total,sdt5-homo-4 / Total,Total,Time (ps),11000,206.02399,nm^2,nm^2
line,overlay,sdt5-homo-4,sdt5-homo-4,sasa,gemlsuv6,gemlsuv6::Total,sdt5-homo-4 / Total,Total,Time (ps),12000,206.24261,nm^2,nm^2
line,overlay,sdt5-homo-4,sdt5-homo-4,sasa,gemlsuv6,gemlsuv6::Total,sdt5-homo-4 / Total,Total,Time (ps),13000,206.07597,nm^2,nm^2
line,overlay,sdt5-homo-4,sdt5-homo-4,sasa,gemlsuv6,gemlsuv6::Total,sdt5-homo-4 / Total,Total,Time (ps),14000,210.32373,nm^2,nm^2
line,overlay,sdt5-homo-4,sdt5-homo-4,sasa,gemlsuv6,gemlsuv6::Total,sdt5-homo-4 / Total,Total,Time (ps),15000,208.93181,nm^2,nm^2
line,overlay,sdt5-homo-4,sdt5-homo-4,sasa,gemlsuv6,gemlsuv6::Total,sdt5-homo-4 / Total,Total,Time (ps),16000,204.89659,nm^2,nm^2
line,overlay,sdt5-homo-4,sdt5-homo-4,sasa,gemlsuv6,gemlsuv6::Total,sdt5-homo-4 / Total,Total,Time (ps),17000,205.32513,nm^2,nm^2
line,overlay,sdt5-homo-4,sdt5-homo-4,sasa,gemlsuv6,gemlsuv6::Total,sdt5-homo-4 / Total,Total,Time (ps),18000,205.44305,nm^2,nm^2
line,overlay,sdt5-homo-4,sdt5-homo-4,sasa,gemlsuv6,gemlsuv6::Total,sdt5-homo-4 / Total,Total,Time (ps),19000,206.45555,nm^2,nm^2
line,overlay,sdt5-homo-4,sdt5-homo-4,sasa,gemlsuv6,gemlsuv6::Total,sdt5-homo-4 / Total,Total,Time (ps),20000,207.40909,nm^2,nm^2
line,overlay,sdt5-homo-4,sdt5-homo-4,sasa,gemlsuv6,gemlsuv6::Total,sdt5-homo-4 / Total,Total,Time (ps),21000,205.65742,nm^2,nm^2
line,overlay,sdt5-homo-4,sdt5-homo-4,sasa,gemlsuv6,gemlsuv6::Total,sdt5-homo-4 / Total,Total,Time (ps),22000,208.85803,nm^2,nm^2
line,overlay,sdt5-homo-4,sdt5-homo-4,sasa,gemlsuv6,gemlsuv6::Total,sdt5-homo-4 / Total,Total,Time (ps),23000,211.98732,nm^2,nm^2
line,overlay,sdt5-homo-4,sdt5-homo-4,sasa,gemlsuv6,gemlsuv6::Total,sdt5-homo-4 / Total,Total,Time (ps),24000,205.64894,nm^2,nm^2
line,overlay,sdt5-homo-4,sdt5-homo-4,sasa,gemlsuv6,gemlsuv6::Total,sdt5-homo-4 / Total,Total,Time (ps),25000,203.49792,nm^2,nm^2
line,overlay,sdt5-homo-4,sdt5-homo-4,sasa,gemlsuv6,gemlsuv6::Total,sdt5-homo-4 / Total,Total,Time (ps),26000,215.6044,nm^2,nm^2
line,overlay,sdt5-homo-4,sdt5-homo-4,sasa,gemlsuv6,gemlsuv6::Total,sdt5-homo-4 / Total,Total,Time (ps),27000,208.11392,nm^2,nm^2
line,overlay,sdt5-homo-4,sdt5-homo-4,sasa,gemlsuv6,gemlsuv6::Total,sdt5-homo-4 / Total,Total,Time (ps),28000,207.36592,nm^2,nm^2
line,overlay,sdt5-homo-4,sdt5-homo-4,sasa,gemlsuv6,gemlsuv6::Total,sdt5-homo-4 / Total,Total,Time (ps),29000,209.17894,nm^2,nm^2
line,overlay,sdt5-homo-4,sdt5-homo-4,sasa,gemlsuv6,gemlsuv6::Total,sdt5-homo-4 / Total,Total,Time (ps),30000,208.37099,nm^2,nm^2
line,overlay,sdt5-homo-4,sdt5-homo-4,sasa,gemlsuv6,gemlsuv6::Total,sdt5-homo-4 / Total,Total,Time (ps),31000,208.81961,nm^2,nm^2
line,overlay,sdt5-homo-4,sdt5-homo-4,sasa,gemlsuv6,gemlsuv6::Total,sdt5-homo-4 / Total,Total,Time (ps),32000,208.81137,nm^2,nm^2
line,overlay,sdt5-homo-4,sdt5-homo-4,sasa,gemlsuv6,gemlsuv6::Total,sdt5-homo-4 / Total,Total,Time (ps),33000,210.97014,nm^2,nm^2
line,overlay,sdt5-homo-4,sdt5-homo-4,sasa,gemlsuv6,gemlsuv6::Total,sdt5-homo-4 / Total,Total,Time (ps),34000,208.1482,nm^2,nm^2
line,overlay,sdt5-homo-4,sdt5-homo-4,sasa,gemlsuv6,gemlsuv6::Total,sdt5-homo-4 / Total,Total,Time (ps),35000,204.49977,nm^2,nm^2
line,overlay,sdt5-homo-4,sdt5-homo-4,sasa,gemlsuv6,gemlsuv6::Total,sdt5-homo-4 / Total,Total,Time (ps),36000,207.06836,nm^2,nm^2
line,overlay,sdt5-homo-4,sdt5-homo-4,sasa,gemlsuv6,gemlsuv6::Total,sdt5-homo-4 / Total,Total,Time (ps),37000,206.61926,nm^2,nm^2
line,overlay,sdt5-homo-4,sdt5-homo-4,sasa,gemlsuv6,gemlsuv6::Total,sdt5-homo-4 / Total,Total,Time (ps),38000,208.78879,nm^2,nm^2
line,overlay,sdt5-homo-4,sdt5-homo-4,sasa,gemlsuv6,gemlsuv6::Total,sdt5-homo-4 / Total,Total,Time (ps),39000,211.49829,nm^2,nm^2
line,overlay,sdt5-homo-4,sdt5-homo-4,sasa,gemlsuv6,gemlsuv6::Total,sdt5-homo-4 / Total,Total,Time (ps),40000,211.28078,nm^2,nm^2
line,overlay,sdt5-homo-4,sdt5-homo-4,sasa,gemlsuv6,gemlsuv6::Total,sdt5-homo-4 / Total,Total,Time (ps),41000,210.13664,nm^2,nm^2
line,overlay,sdt5-homo-4,sdt5-homo-4,sasa,gemlsuv6,gemlsuv6::Total,sdt5-homo-4 / Total,Total,Time (ps),42000,209.68388,nm^2,nm^2
line,overlay,sdt5-homo-4,sdt5-homo-4,sasa,gemlsuv6,gemlsuv6::Total,sdt5-homo-4 / Total,Total,Time (ps),43000,208.51668,nm^2,nm^2
line,overlay,sdt5-homo-4,sdt5-homo-4,sasa,gemlsuv6,gemlsuv6::Total,sdt5-homo-4 / Total,Total,Time (ps),44000,208.57668,nm^2,nm^2
line,overlay,sdt5-homo-4,sdt5-homo-4,sasa,gemlsuv6,gemlsuv6::Total,sdt5-homo-4 / Total,Total,Time (ps),45000,208.69363,nm^2,nm^2
line,overlay,sdt5-homo-4,sdt5-homo-4,sasa,gemlsuv6,gemlsuv6::Total,sdt5-homo-4 / Total,Total,Time (ps),46000,206.95255,nm^2,nm^2
line,overlay,sdt5-homo-4,sdt5-homo-4,sasa,gemlsuv6,gemlsuv6::Total,sdt5-homo-4 / Total,Total,Time (ps),47000,206.18213,nm^2,nm^2
line,overlay,sdt5-homo-4,sdt5-homo-4,sasa,gemlsuv6,gemlsuv6::Total,sdt5-homo-4 / Total,Total,Time (ps),48000,208.34851,nm^2,nm^2
line,overlay,sdt5-homo-4,sdt5-homo-4,sasa,gemlsuv6,gemlsuv6::Total,sdt5-homo-4 / Total,Total,Time (ps),49000,208.79791,nm^2,nm^2
line,overlay,sdt5-homo-4,sdt5-homo-4,sasa,gemlsuv6,gemlsuv6::Total,sdt5-homo-4 / Total,Total,Time (ps),50000,206.26817,nm^2,nm^2
line,overlay,sdt5-homo-4,sdt5-homo-4,sasa,gemlsuv6,gemlsuv6::Total,sdt5-homo-4 / Total,Total,Time (ps),51000,208.97113,nm^2,nm^2
line,overlay,sdt5-homo-4,sdt5-homo-4,sasa,gemlsuv6,gemlsuv6::Total,sdt5-homo-4 / Total,Total,Time (ps),52000,207.79558,nm^2,nm^2
line,overlay,sdt5-homo-4,sdt5-homo-4,sasa,gemlsuv6,gemlsuv6::Total,sdt5-homo-4 / Total,Total,Time (ps),53000,207.37933,nm^2,nm^2
line,overlay,sdt5-homo-4,sdt5-homo-4,sasa,gemlsuv6,gemlsuv6::Total,sdt5-homo-4 / Total,Total,Time (ps),54000,206.89658,nm^2,nm^2
line,overlay,sdt5-homo-4,sdt5-homo-4,sasa,gemlsuv6,gemlsuv6::Total,sdt5-homo-4 / Total,Total,Time (ps),55000,202.59598,nm^2,nm^2
line,overlay,sdt5-homo-4,sdt5-homo-4,sasa,gemlsuv6,gemlsuv6::Total,sdt5-homo-4 / Total,Total,Time (ps),56000,207.03474,nm^2,nm^2
line,overlay,sdt5-homo-4,sdt5-homo-4,sasa,gemlsuv6,gemlsuv6::Total,sdt5-homo-4 / Total,Total,Time (ps),57000,209.84666,nm^2,nm^2
line,overlay,sdt5-homo-4,sdt5-homo-4,sasa,gemlsuv6,gemlsuv6::Total,sdt5-homo-4 / Total,Total,Time (ps),58000,208.9005,nm^2,nm^2
line,overlay,sdt5-homo-4,sdt5-homo-4,sasa,gemlsuv6,gemlsuv6::Total,sdt5-homo-4 / Total,Total,Time (ps),59000,209.58824,nm^2,nm^2
line,overlay,sdt5-homo-4,sdt5-homo-4,sasa,gemlsuv6,gemlsuv6::Total,sdt5-homo-4 / Total,Total,Time (ps),60000,207.14,nm^2,nm^2
line,overlay,sdt5-homo-4,sdt5-homo-4,sasa,gemlsuv6,gemlsuv6::Total,sdt5-homo-4 / Total,Total,Time (ps),61000,210.07143,nm^2,nm^2
line,overlay,sdt5-homo-4,sdt5-homo-4,sasa,gemlsuv6,gemlsuv6::Total,sdt5-homo-4 / Total,Total,Time (ps),62000,211.43752,nm^2,nm^2
line,overlay,sdt5-homo-4,sdt5-homo-4,sasa,gemlsuv6,gemlsuv6::Total,sdt5-homo-4 / Total,Total,Time (ps),63000,210.74542,nm^2,nm^2
line,overlay,sdt5-homo-4,sdt5-homo-4,sasa,gemlsuv6,gemlsuv6::Total,sdt5-homo-4 / Total,Total,Time (ps),64000,208.63094,nm^2,nm^2
line,overlay,sdt5-homo-4,sdt5-homo-4,sasa,gemlsuv6,gemlsuv6::Total,sdt5-homo-4 / Total,Total,Time (ps),65000,206.09882,nm^2,nm^2
line,overlay,sdt5-homo-4,sdt5-homo-4,sasa,gemlsuv6,gemlsuv6::Total,sdt5-homo-4 / Total,Total,Time (ps),66000,212.17282,nm^2,nm^2
line,overlay,sdt5-homo-4,sdt5-homo-4,sasa,gemlsuv6,gemlsuv6::Total,sdt5-homo-4 / Total,Total,Time (ps),67000,214.3467,nm^2,nm^2
line,overlay,sdt5-homo-4,sdt5-homo-4,sasa,gemlsuv6,gemlsuv6::Total,sdt5-homo-4 / Total,Total,Time (ps),68000,213.08273,nm^2,nm^2
line,overlay,sdt5-homo-4,sdt5-homo-4,sasa,gemlsuv6,gemlsuv6::Total,sdt5-homo-4 / Total,Total,Time (ps),69000,213.96,nm^2,nm^2
line,overlay,sdt5-homo-4,sdt5-homo-4,sasa,gemlsuv6,gemlsuv6::Total,sdt5-homo-4 / Total,Total,Time (ps),70000,210.85489,nm^2,nm^2
line,overlay,sdt5-homo-4,sdt5-homo-4,sasa,gemlsuv6,gemlsuv6::Total,sdt5-homo-4 / Total,Total,Time (ps),71000,210.41446,nm^2,nm^2
line,overlay,sdt5-homo-4,sdt5-homo-4,sasa,gemlsuv6,gemlsuv6::Total,sdt5-homo-4 / Total,Total,Time (ps),72000,212.37167,nm^2,nm^2
line,overlay,sdt5-homo-4,sdt5-homo-4,sasa,gemlsuv6,gemlsuv6::Total,sdt5-homo-4 / Total,Total,Time (ps),73000,209.79503,nm^2,nm^2
line,overlay,sdt5-homo-4,sdt5-homo-4,sasa,gemlsuv6,gemlsuv6::Total,sdt5-homo-4 / Total,Total,Time (ps),74000,207.61354,nm^2,nm^2
line,overlay,sdt5-homo-4,sdt5-homo-4,sasa,gemlsuv6,gemlsuv6::Total,sdt5-homo-4 / Total,Total,Time (ps),75000,209.43066,nm^2,nm^2
line,overlay,sdt5-homo-4,sdt5-homo-4,sasa,gemlsuv6,gemlsuv6::Total,sdt5-homo-4 / Total,Total,Time (ps),76000,209.55562,nm^2,nm^2
line,overlay,sdt5-homo-4,sdt5-homo-4,sasa,gemlsuv6,gemlsuv6::Total,sdt5-homo-4 / Total,Total,Time (ps),77000,208.36607,nm^2,nm^2
line,overlay,sdt5-homo-4,sdt5-homo-4,sasa,gemlsuv6,gemlsuv6::Total,sdt5-homo-4 / Total,Total,Time (ps),78000,209.21484,nm^2,nm^2
line,overlay,sdt5-homo-4,sdt5-homo-4,sasa,gemlsuv6,gemlsuv6::Total,sdt5-homo-4 / Total,Total,Time (ps),79000,205.68066,nm^2,nm^2
line,overlay,sdt5-homo-4,sdt5-homo-4,sasa,gemlsuv6,gemlsuv6::Total,sdt5-homo-4 / Total,Total,Time (ps),80000,204.70589,nm^2,nm^2
line,overlay,sdt5-homo-4,sdt5-homo-4,sasa,gemlsuv6,gemlsuv6::Total,sdt5-homo-4 / Total,Total,Time (ps),81000,202.26015,nm^2,nm^2
line,overlay,sdt5-homo-4,sdt5-homo-4,sasa,gemlsuv6,gemlsuv6::Total,sdt5-homo-4 / Total,Total,Time (ps),82000,200.90273,nm^2,nm^2
line,overlay,sdt5-homo-4,sdt5-homo-4,sasa,gemlsuv6,gemlsuv6::Total,sdt5-homo-4 / Total,Total,Time (ps),83000,207.82722,nm^2,nm^2
line,overlay,sdt5-homo-4,sdt5-homo-4,sasa,gemlsuv6,gemlsuv6::Total,sdt5-homo-4 / Total,Total,Time (ps),84000,209.99976,nm^2,nm^2
line,overlay,sdt5-homo-4,sdt5-homo-4,sasa,gemlsuv6,gemlsuv6::Total,sdt5-homo-4 / Total,Total,Time (ps),85000,206.60196,nm^2,nm^2
line,overlay,sdt5-homo-4,sdt5-homo-4,sasa,gemlsuv6,gemlsuv6::Total,sdt5-homo-4 / Total,Total,Time (ps),86000,206.56023,nm^2,nm^2
line,overlay,sdt5-homo-4,sdt5-homo-4,sasa,gemlsuv6,gemlsuv6::Total,sdt5-homo-4 / Total,Total,Time (ps),87000,204.54834,nm^2,nm^2
line,overlay,sdt5-homo-4,sdt5-homo-4,sasa,gemlsuv6,gemlsuv6::Total,sdt5-homo-4 / Total,Total,Time (ps),88000,204.84842,nm^2,nm^2
line,overlay,sdt5-homo-4,sdt5-homo-4,sasa,gemlsuv6,gemlsuv6::Total,sdt5-homo-4 / Total,Total,Time (ps),89000,207.00922,nm^2,nm^2
line,overlay,sdt5-homo-4,sdt5-homo-4,sasa,gemlsuv6,gemlsuv6::Total,sdt5-homo-4 / Total,Total,Time (ps),90000,206.48904,nm^2,nm^2
line,overlay,sdt5-homo-4,sdt5-homo-4,sasa,gemlsuv6,gemlsuv6::Total,sdt5-homo-4 / Total,Total,Time (ps),91000,209.92328,nm^2,nm^2
line,overlay,sdt5-homo-4,sdt5-homo-4,sasa,gemlsuv6,gemlsuv6::Total,sdt5-homo-4 / Total,Total,Time (ps),92000,207.76544,nm^2,nm^2
line,overlay,sdt5-homo-4,sdt5-homo-4,sasa,gemlsuv6,gemlsuv6::Total,sdt5-homo-4 / Total,Total,Time (ps),93000,206.58575,nm^2,nm^2
line,overlay,sdt5-homo-4,sdt5-homo-4,sasa,gemlsuv6,gemlsuv6::Total,sdt5-homo-4 / Total,Total,Time (ps),94000,201.85881,nm^2,nm^2
line,overlay,sdt5-homo-4,sdt5-homo-4,sasa,gemlsuv6,gemlsuv6::Total,sdt5-homo-4 / Total,Total,Time (ps),95000,207.83456,nm^2,nm^2
line,overlay,sdt5-homo-4,sdt5-homo-4,sasa,gemlsuv6,gemlsuv6::Total,sdt5-homo-4 / Total,Total,Time (ps),96000,213.97357,nm^2,nm^2
line,overlay,sdt5-homo-4,sdt5-homo-4,sasa,gemlsuv6,gemlsuv6::Total,sdt5-homo-4 / Total,Total,Time (ps),97000,210.98656,nm^2,nm^2
line,overlay,sdt5-homo-4,sdt5-homo-4,sasa,gemlsuv6,gemlsuv6::Total,sdt5-homo-4 / Total,Total,Time (ps),98000,206.55374,nm^2,nm^2
line,overlay,sdt5-homo-4,sdt5-homo-4,sasa,gemlsuv6,gemlsuv6::Total,sdt5-homo-4 / Total,Total,Time (ps),99000,210.52046,nm^2,nm^2
line,overlay,sdt5-homo-4,sdt5-homo-4,sasa,gemlsuv6,gemlsuv6::Total,sdt5-homo-4 / Total,Total,Time (ps),100000,207.21263,nm^2,nm^2
line,overlay,sdt8-homo,sdt8-homo,sasa,nypauzwt,nypauzwt::Total,sdt8-homo / Total,Total,Time (ps),0,206.50601,nm^2,nm^2
line,overlay,sdt8-homo,sdt8-homo,sasa,nypauzwt,nypauzwt::Total,sdt8-homo / Total,Total,Time (ps),1000,208.19765,nm^2,nm^2
line,overlay,sdt8-homo,sdt8-homo,sasa,nypauzwt,nypauzwt::Total,sdt8-homo / Total,Total,Time (ps),2000,204.12193,nm^2,nm^2
line,overlay,sdt8-homo,sdt8-homo,sasa,nypauzwt,nypauzwt::Total,sdt8-homo / Total,Total,Time (ps),3000,205.20003,nm^2,nm^2
line,overlay,sdt8-homo,sdt8-homo,sasa,nypauzwt,nypauzwt::Total,sdt8-homo / Total,Total,Time (ps),4000,203.9448,nm^2,nm^2
line,overlay,sdt8-homo,sdt8-homo,sasa,nypauzwt,nypauzwt::Total,sdt8-homo / Total,Total,Time (ps),5000,207.34795,nm^2,nm^2
line,overlay,sdt8-homo,sdt8-homo,sasa,nypauzwt,nypauzwt::Total,sdt8-homo / Total,Total,Time (ps),6000,208.72194,nm^2,nm^2
line,overlay,sdt8-homo,sdt8-homo,sasa,nypauzwt,nypauzwt::Total,sdt8-homo / Total,Total,Time (ps),7000,209.0437,nm^2,nm^2
line,overlay,sdt8-homo,sdt8-homo,sasa,nypauzwt,nypauzwt::Total,sdt8-homo / Total,Total,Time (ps),8000,210.19899,nm^2,nm^2
line,overlay,sdt8-homo,sdt8-homo,sasa,nypauzwt,nypauzwt::Total,sdt8-homo / Total,Total,Time (ps),9000,206.20062,nm^2,nm^2
line,overlay,sdt8-homo,sdt8-homo,sasa,nypauzwt,nypauzwt::Total,sdt8-homo / Total,Total,Time (ps),10000,207.22675,nm^2,nm^2
line,overlay,sdt8-homo,sdt8-homo,sasa,nypauzwt,nypauzwt::Total,sdt8-homo / Total,Total,Time (ps),11000,206.7456,nm^2,nm^2
line,overlay,sdt8-homo,sdt8-homo,sasa,nypauzwt,nypauzwt::Total,sdt8-homo / Total,Total,Time (ps),12000,206.94482,nm^2,nm^2
line,overlay,sdt8-homo,sdt8-homo,sasa,nypauzwt,nypauzwt::Total,sdt8-homo / Total,Total,Time (ps),13000,212.02988,nm^2,nm^2
line,overlay,sdt8-homo,sdt8-homo,sasa,nypauzwt,nypauzwt::Total,sdt8-homo / Total,Total,Time (ps),14000,208.8308,nm^2,nm^2
line,overlay,sdt8-homo,sdt8-homo,sasa,nypauzwt,nypauzwt::Total,sdt8-homo / Total,Total,Time (ps),15000,208.91368,nm^2,nm^2
line,overlay,sdt8-homo,sdt8-homo,sasa,nypauzwt,nypauzwt::Total,sdt8-homo / Total,Total,Time (ps),16000,212.11519,nm^2,nm^2
line,overlay,sdt8-homo,sdt8-homo,sasa,nypauzwt,nypauzwt::Total,sdt8-homo / Total,Total,Time (ps),17000,210.835,nm^2,nm^2
line,overlay,sdt8-homo,sdt8-homo,sasa,nypauzwt,nypauzwt::Total,sdt8-homo / Total,Total,Time (ps),18000,210.07216,nm^2,nm^2
line,overlay,sdt8-homo,sdt8-homo,sasa,nypauzwt,nypauzwt::Total,sdt8-homo / Total,Total,Time (ps),19000,209.80977,nm^2,nm^2
line,overlay,sdt8-homo,sdt8-homo,sasa,nypauzwt,nypauzwt::Total,sdt8-homo / Total,Total,Time (ps),20000,211.12509,nm^2,nm^2
line,overlay,sdt8-homo,sdt8-homo,sasa,nypauzwt,nypauzwt::Total,sdt8-homo / Total,Total,Time (ps),21000,210.47646,nm^2,nm^2
line,overlay,sdt8-homo,sdt8-homo,sasa,nypauzwt,nypauzwt::Total,sdt8-homo / Total,Total,Time (ps),22000,209.80635,nm^2,nm^2
line,overlay,sdt8-homo,sdt8-homo,sasa,nypauzwt,nypauzwt::Total,sdt8-homo / Total,Total,Time (ps),23000,211.58792,nm^2,nm^2
line,overlay,sdt8-homo,sdt8-homo,sasa,nypauzwt,nypauzwt::Total,sdt8-homo / Total,Total,Time (ps),24000,211.41386,nm^2,nm^2
line,overlay,sdt8-homo,sdt8-homo,sasa,nypauzwt,nypauzwt::Total,sdt8-homo / Total,Total,Time (ps),25000,207.32874,nm^2,nm^2
line,overlay,sdt8-homo,sdt8-homo,sasa,nypauzwt,nypauzwt::Total,sdt8-homo / Total,Total,Time (ps),26000,210.62961,nm^2,nm^2
line,overlay,sdt8-homo,sdt8-homo,sasa,nypauzwt,nypauzwt::Total,sdt8-homo / Total,Total,Time (ps),27000,212.6756,nm^2,nm^2
line,overlay,sdt8-homo,sdt8-homo,sasa,nypauzwt,nypauzwt::Total,sdt8-homo / Total,Total,Time (ps),28000,211.83945,nm^2,nm^2
line,overlay,sdt8-homo,sdt8-homo,sasa,nypauzwt,nypauzwt::Total,sdt8-homo / Total,Total,Time (ps),29000,210.45396,nm^2,nm^2
line,overlay,sdt8-homo,sdt8-homo,sasa,nypauzwt,nypauzwt::Total,sdt8-homo / Total,Total,Time (ps),30000,213.61713,nm^2,nm^2
line,overlay,sdt8-homo,sdt8-homo,sasa,nypauzwt,nypauzwt::Total,sdt8-homo / Total,Total,Time (ps),31000,211.68741,nm^2,nm^2
line,overlay,sdt8-homo,sdt8-homo,sasa,nypauzwt,nypauzwt::Total,sdt8-homo / Total,Total,Time (ps),32000,215.85364,nm^2,nm^2
line,overlay,sdt8-homo,sdt8-homo,sasa,nypauzwt,nypauzwt::Total,sdt8-homo / Total,Total,Time (ps),33000,214.4814,nm^2,nm^2
line,overlay,sdt8-homo,sdt8-homo,sasa,nypauzwt,nypauzwt::Total,sdt8-homo / Total,Total,Time (ps),34000,212.20169,nm^2,nm^2
line,overlay,sdt8-homo,sdt8-homo,sasa,nypauzwt,nypauzwt::Total,sdt8-homo / Total,Total,Time (ps),35000,211.93674,nm^2,nm^2
line,overlay,sdt8-homo,sdt8-homo,sasa,nypauzwt,nypauzwt::Total,sdt8-homo / Total,Total,Time (ps),36000,208.20905,nm^2,nm^2
line,overlay,sdt8-homo,sdt8-homo,sasa,nypauzwt,nypauzwt::Total,sdt8-homo / Total,Total,Time (ps),37000,211.94684,nm^2,nm^2
line,overlay,sdt8-homo,sdt8-homo,sasa,nypauzwt,nypauzwt::Total,sdt8-homo / Total,Total,Time (ps),38000,210.50603,nm^2,nm^2
line,overlay,sdt8-homo,sdt8-homo,sasa,nypauzwt,nypauzwt::Total,sdt8-homo / Total,Total,Time (ps),39000,211.4789,nm^2,nm^2
line,overlay,sdt8-homo,sdt8-homo,sasa,nypauzwt,nypauzwt::Total,sdt8-homo / Total,Total,Time (ps),40000,207.67474,nm^2,nm^2
line,overlay,sdt8-homo,sdt8-homo,sasa,nypauzwt,nypauzwt::Total,sdt8-homo / Total,Total,Time (ps),41000,211.1309,nm^2,nm^2
line,overlay,sdt8-homo,sdt8-homo,sasa,nypauzwt,nypauzwt::Total,sdt8-homo / Total,Total,Time (ps),42000,209.5025,nm^2,nm^2
line,overlay,sdt8-homo,sdt8-homo,sasa,nypauzwt,nypauzwt::Total,sdt8-homo / Total,Total,Time (ps),43000,206.72357,nm^2,nm^2
line,overlay,sdt8-homo,sdt8-homo,sasa,nypauzwt,nypauzwt::Total,sdt8-homo / Total,Total,Time (ps),44000,208.46918,nm^2,nm^2
line,overlay,sdt8-homo,sdt8-homo,sasa,nypauzwt,nypauzwt::Total,sdt8-homo / Total,Total,Time (ps),45000,208.28188,nm^2,nm^2
line,overlay,sdt8-homo,sdt8-homo,sasa,nypauzwt,nypauzwt::Total,sdt8-homo / Total,Total,Time (ps),46000,209.713,nm^2,nm^2
line,overlay,sdt8-homo,sdt8-homo,sasa,nypauzwt,nypauzwt::Total,sdt8-homo / Total,Total,Time (ps),47000,210.99811,nm^2,nm^2
line,overlay,sdt8-homo,sdt8-homo,sasa,nypauzwt,nypauzwt::Total,sdt8-homo / Total,Total,Time (ps),48000,207.51921,nm^2,nm^2
line,overlay,sdt8-homo,sdt8-homo,sasa,nypauzwt,nypauzwt::Total,sdt8-homo / Total,Total,Time (ps),49000,205.5116,nm^2,nm^2
line,overlay,sdt8-homo,sdt8-homo,sasa,nypauzwt,nypauzwt::Total,sdt8-homo / Total,Total,Time (ps),50000,208.03513,nm^2,nm^2
line,overlay,sdt8-homo,sdt8-homo,sasa,nypauzwt,nypauzwt::Total,sdt8-homo / Total,Total,Time (ps),51000,208.31046,nm^2,nm^2
line,overlay,sdt8-homo,sdt8-homo,sasa,nypauzwt,nypauzwt::Total,sdt8-homo / Total,Total,Time (ps),52000,210.893,nm^2,nm^2
line,overlay,sdt8-homo,sdt8-homo,sasa,nypauzwt,nypauzwt::Total,sdt8-homo / Total,Total,Time (ps),53000,211.42511,nm^2,nm^2
line,overlay,sdt8-homo,sdt8-homo,sasa,nypauzwt,nypauzwt::Total,sdt8-homo / Total,Total,Time (ps),54000,215.37035,nm^2,nm^2
line,overlay,sdt8-homo,sdt8-homo,sasa,nypauzwt,nypauzwt::Total,sdt8-homo / Total,Total,Time (ps),55000,212.89099,nm^2,nm^2
line,overlay,sdt8-homo,sdt8-homo,sasa,nypauzwt,nypauzwt::Total,sdt8-homo / Total,Total,Time (ps),56000,216.3758,nm^2,nm^2
line,overlay,sdt8-homo,sdt8-homo,sasa,nypauzwt,nypauzwt::Total,sdt8-homo / Total,Total,Time (ps),57000,215.02753,nm^2,nm^2
line,overlay,sdt8-homo,sdt8-homo,sasa,nypauzwt,nypauzwt::Total,sdt8-homo / Total,Total,Time (ps),58000,215.41457,nm^2,nm^2
line,overlay,sdt8-homo,sdt8-homo,sasa,nypauzwt,nypauzwt::Total,sdt8-homo / Total,Total,Time (ps),59000,214.56145,nm^2,nm^2
line,overlay,sdt8-homo,sdt8-homo,sasa,nypauzwt,nypauzwt::Total,sdt8-homo / Total,Total,Time (ps),60000,216.4338,nm^2,nm^2
line,overlay,sdt8-homo,sdt8-homo,sasa,nypauzwt,nypauzwt::Total,sdt8-homo / Total,Total,Time (ps),61000,212.88988,nm^2,nm^2
line,overlay,sdt8-homo,sdt8-homo,sasa,nypauzwt,nypauzwt::Total,sdt8-homo / Total,Total,Time (ps),62000,216.19295,nm^2,nm^2
line,overlay,sdt8-homo,sdt8-homo,sasa,nypauzwt,nypauzwt::Total,sdt8-homo / Total,Total,Time (ps),63000,214.64024,nm^2,nm^2
line,overlay,sdt8-homo,sdt8-homo,sasa,nypauzwt,nypauzwt::Total,sdt8-homo / Total,Total,Time (ps),64000,213.55951,nm^2,nm^2
line,overlay,sdt8-homo,sdt8-homo,sasa,nypauzwt,nypauzwt::Total,sdt8-homo / Total,Total,Time (ps),65000,211.45401,nm^2,nm^2
line,overlay,sdt8-homo,sdt8-homo,sasa,nypauzwt,nypauzwt::Total,sdt8-homo / Total,Total,Time (ps),66000,216.12535,nm^2,nm^2
line,overlay,sdt8-homo,sdt8-homo,sasa,nypauzwt,nypauzwt::Total,sdt8-homo / Total,Total,Time (ps),67000,216.29901,nm^2,nm^2
line,overlay,sdt8-homo,sdt8-homo,sasa,nypauzwt,nypauzwt::Total,sdt8-homo / Total,Total,Time (ps),68000,217.63907,nm^2,nm^2
line,overlay,sdt8-homo,sdt8-homo,sasa,nypauzwt,nypauzwt::Total,sdt8-homo / Total,Total,Time (ps),69000,213.50568,nm^2,nm^2
line,overlay,sdt8-homo,sdt8-homo,sasa,nypauzwt,nypauzwt::Total,sdt8-homo / Total,Total,Time (ps),70000,214.6676,nm^2,nm^2
line,overlay,sdt8-homo,sdt8-homo,sasa,nypauzwt,nypauzwt::Total,sdt8-homo / Total,Total,Time (ps),71000,212.65457,nm^2,nm^2
line,overlay,sdt8-homo,sdt8-homo,sasa,nypauzwt,nypauzwt::Total,sdt8-homo / Total,Total,Time (ps),72000,209.8456,nm^2,nm^2
line,overlay,sdt8-homo,sdt8-homo,sasa,nypauzwt,nypauzwt::Total,sdt8-homo / Total,Total,Time (ps),73000,220.12863,nm^2,nm^2
line,overlay,sdt8-homo,sdt8-homo,sasa,nypauzwt,nypauzwt::Total,sdt8-homo / Total,Total,Time (ps),74000,215.71846,nm^2,nm^2
line,overlay,sdt8-homo,sdt8-homo,sasa,nypauzwt,nypauzwt::Total,sdt8-homo / Total,Total,Time (ps),75000,219.09875,nm^2,nm^2
line,overlay,sdt8-homo,sdt8-homo,sasa,nypauzwt,nypauzwt::Total,sdt8-homo / Total,Total,Time (ps),76000,216.92154,nm^2,nm^2
line,overlay,sdt8-homo,sdt8-homo,sasa,nypauzwt,nypauzwt::Total,sdt8-homo / Total,Total,Time (ps),77000,211.81078,nm^2,nm^2
line,overlay,sdt8-homo,sdt8-homo,sasa,nypauzwt,nypauzwt::Total,sdt8-homo / Total,Total,Time (ps),78000,216.81139,nm^2,nm^2
line,overlay,sdt8-homo,sdt8-homo,sasa,nypauzwt,nypauzwt::Total,sdt8-homo / Total,Total,Time (ps),79000,214.04851,nm^2,nm^2
line,overlay,sdt8-homo,sdt8-homo,sasa,nypauzwt,nypauzwt::Total,sdt8-homo / Total,Total,Time (ps),80000,213.64848,nm^2,nm^2
line,overlay,sdt8-homo,sdt8-homo,sasa,nypauzwt,nypauzwt::Total,sdt8-homo / Total,Total,Time (ps),81000,217.21275,nm^2,nm^2
line,overlay,sdt8-homo,sdt8-homo,sasa,nypauzwt,nypauzwt::Total,sdt8-homo / Total,Total,Time (ps),82000,213.59486,nm^2,nm^2
line,overlay,sdt8-homo,sdt8-homo,sasa,nypauzwt,nypauzwt::Total,sdt8-homo / Total,Total,Time (ps),83000,215.31021,nm^2,nm^2
line,overlay,sdt8-homo,sdt8-homo,sasa,nypauzwt,nypauzwt::Total,sdt8-homo / Total,Total,Time (ps),84000,216.66272,nm^2,nm^2
line,overlay,sdt8-homo,sdt8-homo,sasa,nypauzwt,nypauzwt::Total,sdt8-homo / Total,Total,Time (ps),85000,211.08932,nm^2,nm^2
line,overlay,sdt8-homo,sdt8-homo,sasa,nypauzwt,nypauzwt::Total,sdt8-homo / Total,Total,Time (ps),86000,218.05835,nm^2,nm^2
line,overlay,sdt8-homo,sdt8-homo,sasa,nypauzwt,nypauzwt::Total,sdt8-homo / Total,Total,Time (ps),87000,216.32874,nm^2,nm^2
line,overlay,sdt8-homo,sdt8-homo,sasa,nypauzwt,nypauzwt::Total,sdt8-homo / Total,Total,Time (ps),88000,216.94211,nm^2,nm^2
line,overlay,sdt8-homo,sdt8-homo,sasa,nypauzwt,nypauzwt::Total,sdt8-homo / Total,Total,Time (ps),89000,212.13924,nm^2,nm^2
line,overlay,sdt8-homo,sdt8-homo,sasa,nypauzwt,nypauzwt::Total,sdt8-homo / Total,Total,Time (ps),90000,217.65012,nm^2,nm^2
line,overlay,sdt8-homo,sdt8-homo,sasa,nypauzwt,nypauzwt::Total,sdt8-homo / Total,Total,Time (ps),91000,214.88547,nm^2,nm^2
line,overlay,sdt8-homo,sdt8-homo,sasa,nypauzwt,nypauzwt::Total,sdt8-homo / Total,Total,Time (ps),92000,213.34491,nm^2,nm^2
line,overlay,sdt8-homo,sdt8-homo,sasa,nypauzwt,nypauzwt::Total,sdt8-homo / Total,Total,Time (ps),93000,210.09505,nm^2,nm^2
line,overlay,sdt8-homo,sdt8-homo,sasa,nypauzwt,nypauzwt::Total,sdt8-homo / Total,Total,Time (ps),94000,212.10042,nm^2,nm^2
line,overlay,sdt8-homo,sdt8-homo,sasa,nypauzwt,nypauzwt::Total,sdt8-homo / Total,Total,Time (ps),95000,210.63347,nm^2,nm^2
line,overlay,sdt8-homo,sdt8-homo,sasa,nypauzwt,nypauzwt::Total,sdt8-homo / Total,Total,Time (ps),96000,212.37257,nm^2,nm^2
line,overlay,sdt8-homo,sdt8-homo,sasa,nypauzwt,nypauzwt::Total,sdt8-homo / Total,Total,Time (ps),97000,210.06772,nm^2,nm^2
line,overlay,sdt8-homo,sdt8-homo,sasa,nypauzwt,nypauzwt::Total,sdt8-homo / Total,Total,Time (ps),98000,213.48724,nm^2,nm^2
line,overlay,sdt8-homo,sdt8-homo,sasa,nypauzwt,nypauzwt::Total,sdt8-homo / Total,Total,Time (ps),99000,210.25348,nm^2,nm^2
line,overlay,sdt8-homo,sdt8-homo,sasa,nypauzwt,nypauzwt::Total,sdt8-homo / Total,Total,Time (ps),100000,210.54512,nm^2,nm^2
line,overlay,sdt8-homo-2,sdt8-homo-2,sasa,8vg35gxp,8vg35gxp::Total,sdt8-homo-2 / Total,Total,Time (ps),0,199.51183,nm^2,nm^2
line,overlay,sdt8-homo-2,sdt8-homo-2,sasa,8vg35gxp,8vg35gxp::Total,sdt8-homo-2 / Total,Total,Time (ps),1000,204.29955,nm^2,nm^2
line,overlay,sdt8-homo-2,sdt8-homo-2,sasa,8vg35gxp,8vg35gxp::Total,sdt8-homo-2 / Total,Total,Time (ps),2000,207.0068,nm^2,nm^2
line,overlay,sdt8-homo-2,sdt8-homo-2,sasa,8vg35gxp,8vg35gxp::Total,sdt8-homo-2 / Total,Total,Time (ps),3000,208.66945,nm^2,nm^2
line,overlay,sdt8-homo-2,sdt8-homo-2,sasa,8vg35gxp,8vg35gxp::Total,sdt8-homo-2 / Total,Total,Time (ps),4000,209.6959,nm^2,nm^2
line,overlay,sdt8-homo-2,sdt8-homo-2,sasa,8vg35gxp,8vg35gxp::Total,sdt8-homo-2 / Total,Total,Time (ps),5000,207.06491,nm^2,nm^2
line,overlay,sdt8-homo-2,sdt8-homo-2,sasa,8vg35gxp,8vg35gxp::Total,sdt8-homo-2 / Total,Total,Time (ps),6000,210.29333,nm^2,nm^2
line,overlay,sdt8-homo-2,sdt8-homo-2,sasa,8vg35gxp,8vg35gxp::Total,sdt8-homo-2 / Total,Total,Time (ps),7000,209.68098,nm^2,nm^2
line,overlay,sdt8-homo-2,sdt8-homo-2,sasa,8vg35gxp,8vg35gxp::Total,sdt8-homo-2 / Total,Total,Time (ps),8000,208.6693,nm^2,nm^2
line,overlay,sdt8-homo-2,sdt8-homo-2,sasa,8vg35gxp,8vg35gxp::Total,sdt8-homo-2 / Total,Total,Time (ps),9000,212.97958,nm^2,nm^2
line,overlay,sdt8-homo-2,sdt8-homo-2,sasa,8vg35gxp,8vg35gxp::Total,sdt8-homo-2 / Total,Total,Time (ps),10000,208.92302,nm^2,nm^2
line,overlay,sdt8-homo-2,sdt8-homo-2,sasa,8vg35gxp,8vg35gxp::Total,sdt8-homo-2 / Total,Total,Time (ps),11000,209.89482,nm^2,nm^2
line,overlay,sdt8-homo-2,sdt8-homo-2,sasa,8vg35gxp,8vg35gxp::Total,sdt8-homo-2 / Total,Total,Time (ps),12000,209.93463,nm^2,nm^2
line,overlay,sdt8-homo-2,sdt8-homo-2,sasa,8vg35gxp,8vg35gxp::Total,sdt8-homo-2 / Total,Total,Time (ps),13000,213.94101,nm^2,nm^2
line,overlay,sdt8-homo-2,sdt8-homo-2,sasa,8vg35gxp,8vg35gxp::Total,sdt8-homo-2 / Total,Total,Time (ps),14000,212.76712,nm^2,nm^2
line,overlay,sdt8-homo-2,sdt8-homo-2,sasa,8vg35gxp,8vg35gxp::Total,sdt8-homo-2 / Total,Total,Time (ps),15000,213.09883,nm^2,nm^2
line,overlay,sdt8-homo-2,sdt8-homo-2,sasa,8vg35gxp,8vg35gxp::Total,sdt8-homo-2 / Total,Total,Time (ps),16000,218.50282,nm^2,nm^2
line,overlay,sdt8-homo-2,sdt8-homo-2,sasa,8vg35gxp,8vg35gxp::Total,sdt8-homo-2 / Total,Total,Time (ps),17000,217.65382,nm^2,nm^2
line,overlay,sdt8-homo-2,sdt8-homo-2,sasa,8vg35gxp,8vg35gxp::Total,sdt8-homo-2 / Total,Total,Time (ps),18000,208.76628,nm^2,nm^2
line,overlay,sdt8-homo-2,sdt8-homo-2,sasa,8vg35gxp,8vg35gxp::Total,sdt8-homo-2 / Total,Total,Time (ps),19000,209.64403,nm^2,nm^2
line,overlay,sdt8-homo-2,sdt8-homo-2,sasa,8vg35gxp,8vg35gxp::Total,sdt8-homo-2 / Total,Total,Time (ps),20000,213.1243,nm^2,nm^2
line,overlay,sdt8-homo-2,sdt8-homo-2,sasa,8vg35gxp,8vg35gxp::Total,sdt8-homo-2 / Total,Total,Time (ps),21000,215.17451,nm^2,nm^2
line,overlay,sdt8-homo-2,sdt8-homo-2,sasa,8vg35gxp,8vg35gxp::Total,sdt8-homo-2 / Total,Total,Time (ps),22000,211.55516,nm^2,nm^2
line,overlay,sdt8-homo-2,sdt8-homo-2,sasa,8vg35gxp,8vg35gxp::Total,sdt8-homo-2 / Total,Total,Time (ps),23000,211.20375,nm^2,nm^2
line,overlay,sdt8-homo-2,sdt8-homo-2,sasa,8vg35gxp,8vg35gxp::Total,sdt8-homo-2 / Total,Total,Time (ps),24000,208.17004,nm^2,nm^2
line,overlay,sdt8-homo-2,sdt8-homo-2,sasa,8vg35gxp,8vg35gxp::Total,sdt8-homo-2 / Total,Total,Time (ps),25000,210.76353,nm^2,nm^2
line,overlay,sdt8-homo-2,sdt8-homo-2,sasa,8vg35gxp,8vg35gxp::Total,sdt8-homo-2 / Total,Total,Time (ps),26000,214.85521,nm^2,nm^2
line,overlay,sdt8-homo-2,sdt8-homo-2,sasa,8vg35gxp,8vg35gxp::Total,sdt8-homo-2 / Total,Total,Time (ps),27000,213.12323,nm^2,nm^2
line,overlay,sdt8-homo-2,sdt8-homo-2,sasa,8vg35gxp,8vg35gxp::Total,sdt8-homo-2 / Total,Total,Time (ps),28000,215.38452,nm^2,nm^2
line,overlay,sdt8-homo-2,sdt8-homo-2,sasa,8vg35gxp,8vg35gxp::Total,sdt8-homo-2 / Total,Total,Time (ps),29000,213.90244,nm^2,nm^2
line,overlay,sdt8-homo-2,sdt8-homo-2,sasa,8vg35gxp,8vg35gxp::Total,sdt8-homo-2 / Total,Total,Time (ps),30000,209.2707,nm^2,nm^2
line,overlay,sdt8-homo-2,sdt8-homo-2,sasa,8vg35gxp,8vg35gxp::Total,sdt8-homo-2 / Total,Total,Time (ps),31000,209.31108,nm^2,nm^2
line,overlay,sdt8-homo-2,sdt8-homo-2,sasa,8vg35gxp,8vg35gxp::Total,sdt8-homo-2 / Total,Total,Time (ps),32000,208.46587,nm^2,nm^2
line,overlay,sdt8-homo-2,sdt8-homo-2,sasa,8vg35gxp,8vg35gxp::Total,sdt8-homo-2 / Total,Total,Time (ps),33000,213.37741,nm^2,nm^2
line,overlay,sdt8-homo-2,sdt8-homo-2,sasa,8vg35gxp,8vg35gxp::Total,sdt8-homo-2 / Total,Total,Time (ps),34000,212.2775,nm^2,nm^2
line,overlay,sdt8-homo-2,sdt8-homo-2,sasa,8vg35gxp,8vg35gxp::Total,sdt8-homo-2 / Total,Total,Time (ps),35000,205.48363,nm^2,nm^2
line,overlay,sdt8-homo-2,sdt8-homo-2,sasa,8vg35gxp,8vg35gxp::Total,sdt8-homo-2 / Total,Total,Time (ps),36000,211.20389,nm^2,nm^2
line,overlay,sdt8-homo-2,sdt8-homo-2,sasa,8vg35gxp,8vg35gxp::Total,sdt8-homo-2 / Total,Total,Time (ps),37000,207.9491,nm^2,nm^2
line,overlay,sdt8-homo-2,sdt8-homo-2,sasa,8vg35gxp,8vg35gxp::Total,sdt8-homo-2 / Total,Total,Time (ps),38000,205.25082,nm^2,nm^2
line,overlay,sdt8-homo-2,sdt8-homo-2,sasa,8vg35gxp,8vg35gxp::Total,sdt8-homo-2 / Total,Total,Time (ps),39000,212.72282,nm^2,nm^2
line,overlay,sdt8-homo-2,sdt8-homo-2,sasa,8vg35gxp,8vg35gxp::Total,sdt8-homo-2 / Total,Total,Time (ps),40000,210.58179,nm^2,nm^2
line,overlay,sdt8-homo-2,sdt8-homo-2,sasa,8vg35gxp,8vg35gxp::Total,sdt8-homo-2 / Total,Total,Time (ps),41000,213.22523,nm^2,nm^2
line,overlay,sdt8-homo-2,sdt8-homo-2,sasa,8vg35gxp,8vg35gxp::Total,sdt8-homo-2 / Total,Total,Time (ps),42000,208.53383,nm^2,nm^2
line,overlay,sdt8-homo-2,sdt8-homo-2,sasa,8vg35gxp,8vg35gxp::Total,sdt8-homo-2 / Total,Total,Time (ps),43000,206.8051,nm^2,nm^2
line,overlay,sdt8-homo-2,sdt8-homo-2,sasa,8vg35gxp,8vg35gxp::Total,sdt8-homo-2 / Total,Total,Time (ps),44000,209.2311,nm^2,nm^2
line,overlay,sdt8-homo-2,sdt8-homo-2,sasa,8vg35gxp,8vg35gxp::Total,sdt8-homo-2 / Total,Total,Time (ps),45000,207.7462,nm^2,nm^2
line,overlay,sdt8-homo-2,sdt8-homo-2,sasa,8vg35gxp,8vg35gxp::Total,sdt8-homo-2 / Total,Total,Time (ps),46000,207.29396,nm^2,nm^2
line,overlay,sdt8-homo-2,sdt8-homo-2,sasa,8vg35gxp,8vg35gxp::Total,sdt8-homo-2 / Total,Total,Time (ps),47000,211.59885,nm^2,nm^2
line,overlay,sdt8-homo-2,sdt8-homo-2,sasa,8vg35gxp,8vg35gxp::Total,sdt8-homo-2 / Total,Total,Time (ps),48000,209.74995,nm^2,nm^2
line,overlay,sdt8-homo-2,sdt8-homo-2,sasa,8vg35gxp,8vg35gxp::Total,sdt8-homo-2 / Total,Total,Time (ps),49000,208.74481,nm^2,nm^2
line,overlay,sdt8-homo-2,sdt8-homo-2,sasa,8vg35gxp,8vg35gxp::Total,sdt8-homo-2 / Total,Total,Time (ps),50000,208.40434,nm^2,nm^2
line,overlay,sdt8-homo-2,sdt8-homo-2,sasa,8vg35gxp,8vg35gxp::Total,sdt8-homo-2 / Total,Total,Time (ps),51000,211.17677,nm^2,nm^2
line,overlay,sdt8-homo-2,sdt8-homo-2,sasa,8vg35gxp,8vg35gxp::Total,sdt8-homo-2 / Total,Total,Time (ps),52000,209.46194,nm^2,nm^2
line,overlay,sdt8-homo-2,sdt8-homo-2,sasa,8vg35gxp,8vg35gxp::Total,sdt8-homo-2 / Total,Total,Time (ps),53000,206.84142,nm^2,nm^2
line,overlay,sdt8-homo-2,sdt8-homo-2,sasa,8vg35gxp,8vg35gxp::Total,sdt8-homo-2 / Total,Total,Time (ps),54000,204.1146,nm^2,nm^2
line,overlay,sdt8-homo-2,sdt8-homo-2,sasa,8vg35gxp,8vg35gxp::Total,sdt8-homo-2 / Total,Total,Time (ps),55000,210.13812,nm^2,nm^2
line,overlay,sdt8-homo-2,sdt8-homo-2,sasa,8vg35gxp,8vg35gxp::Total,sdt8-homo-2 / Total,Total,Time (ps),56000,206.90764,nm^2,nm^2
line,overlay,sdt8-homo-2,sdt8-homo-2,sasa,8vg35gxp,8vg35gxp::Total,sdt8-homo-2 / Total,Total,Time (ps),57000,204.41615,nm^2,nm^2
line,overlay,sdt8-homo-2,sdt8-homo-2,sasa,8vg35gxp,8vg35gxp::Total,sdt8-homo-2 / Total,Total,Time (ps),58000,203.58612,nm^2,nm^2
line,overlay,sdt8-homo-2,sdt8-homo-2,sasa,8vg35gxp,8vg35gxp::Total,sdt8-homo-2 / Total,Total,Time (ps),59000,208.52455,nm^2,nm^2
line,overlay,sdt8-homo-2,sdt8-homo-2,sasa,8vg35gxp,8vg35gxp::Total,sdt8-homo-2 / Total,Total,Time (ps),60000,206.1914,nm^2,nm^2
line,overlay,sdt8-homo-2,sdt8-homo-2,sasa,8vg35gxp,8vg35gxp::Total,sdt8-homo-2 / Total,Total,Time (ps),61000,204.97276,nm^2,nm^2
line,overlay,sdt8-homo-2,sdt8-homo-2,sasa,8vg35gxp,8vg35gxp::Total,sdt8-homo-2 / Total,Total,Time (ps),62000,202.71402,nm^2,nm^2
line,overlay,sdt8-homo-2,sdt8-homo-2,sasa,8vg35gxp,8vg35gxp::Total,sdt8-homo-2 / Total,Total,Time (ps),63000,203.8567,nm^2,nm^2
line,overlay,sdt8-homo-2,sdt8-homo-2,sasa,8vg35gxp,8vg35gxp::Total,sdt8-homo-2 / Total,Total,Time (ps),64000,207.24063,nm^2,nm^2
line,overlay,sdt8-homo-2,sdt8-homo-2,sasa,8vg35gxp,8vg35gxp::Total,sdt8-homo-2 / Total,Total,Time (ps),65000,204.9544,nm^2,nm^2
line,overlay,sdt8-homo-2,sdt8-homo-2,sasa,8vg35gxp,8vg35gxp::Total,sdt8-homo-2 / Total,Total,Time (ps),66000,208.35002,nm^2,nm^2
line,overlay,sdt8-homo-2,sdt8-homo-2,sasa,8vg35gxp,8vg35gxp::Total,sdt8-homo-2 / Total,Total,Time (ps),67000,209.04568,nm^2,nm^2
line,overlay,sdt8-homo-2,sdt8-homo-2,sasa,8vg35gxp,8vg35gxp::Total,sdt8-homo-2 / Total,Total,Time (ps),68000,209.76556,nm^2,nm^2
line,overlay,sdt8-homo-2,sdt8-homo-2,sasa,8vg35gxp,8vg35gxp::Total,sdt8-homo-2 / Total,Total,Time (ps),69000,209.77707,nm^2,nm^2
line,overlay,sdt8-homo-2,sdt8-homo-2,sasa,8vg35gxp,8vg35gxp::Total,sdt8-homo-2 / Total,Total,Time (ps),70000,207.7614,nm^2,nm^2
line,overlay,sdt8-homo-2,sdt8-homo-2,sasa,8vg35gxp,8vg35gxp::Total,sdt8-homo-2 / Total,Total,Time (ps),71000,209.35278,nm^2,nm^2
line,overlay,sdt8-homo-2,sdt8-homo-2,sasa,8vg35gxp,8vg35gxp::Total,sdt8-homo-2 / Total,Total,Time (ps),72000,207.01237,nm^2,nm^2
line,overlay,sdt8-homo-2,sdt8-homo-2,sasa,8vg35gxp,8vg35gxp::Total,sdt8-homo-2 / Total,Total,Time (ps),73000,205.04836,nm^2,nm^2
line,overlay,sdt8-homo-2,sdt8-homo-2,sasa,8vg35gxp,8vg35gxp::Total,sdt8-homo-2 / Total,Total,Time (ps),74000,204.15938,nm^2,nm^2
line,overlay,sdt8-homo-2,sdt8-homo-2,sasa,8vg35gxp,8vg35gxp::Total,sdt8-homo-2 / Total,Total,Time (ps),75000,208.27267,nm^2,nm^2
line,overlay,sdt8-homo-2,sdt8-homo-2,sasa,8vg35gxp,8vg35gxp::Total,sdt8-homo-2 / Total,Total,Time (ps),76000,206.86664,nm^2,nm^2
line,overlay,sdt8-homo-2,sdt8-homo-2,sasa,8vg35gxp,8vg35gxp::Total,sdt8-homo-2 / Total,Total,Time (ps),77000,210.07863,nm^2,nm^2
line,overlay,sdt8-homo-2,sdt8-homo-2,sasa,8vg35gxp,8vg35gxp::Total,sdt8-homo-2 / Total,Total,Time (ps),78000,204.77791,nm^2,nm^2
line,overlay,sdt8-homo-2,sdt8-homo-2,sasa,8vg35gxp,8vg35gxp::Total,sdt8-homo-2 / Total,Total,Time (ps),79000,207.10783,nm^2,nm^2
line,overlay,sdt8-homo-2,sdt8-homo-2,sasa,8vg35gxp,8vg35gxp::Total,sdt8-homo-2 / Total,Total,Time (ps),80000,207.37033,nm^2,nm^2
line,overlay,sdt8-homo-2,sdt8-homo-2,sasa,8vg35gxp,8vg35gxp::Total,sdt8-homo-2 / Total,Total,Time (ps),81000,210.0117,nm^2,nm^2
line,overlay,sdt8-homo-2,sdt8-homo-2,sasa,8vg35gxp,8vg35gxp::Total,sdt8-homo-2 / Total,Total,Time (ps),82000,206.60254,nm^2,nm^2
line,overlay,sdt8-homo-2,sdt8-homo-2,sasa,8vg35gxp,8vg35gxp::Total,sdt8-homo-2 / Total,Total,Time (ps),83000,203.6518,nm^2,nm^2
line,overlay,sdt8-homo-2,sdt8-homo-2,sasa,8vg35gxp,8vg35gxp::Total,sdt8-homo-2 / Total,Total,Time (ps),84000,204.4334,nm^2,nm^2
line,overlay,sdt8-homo-2,sdt8-homo-2,sasa,8vg35gxp,8vg35gxp::Total,sdt8-homo-2 / Total,Total,Time (ps),85000,205.0642,nm^2,nm^2
line,overlay,sdt8-homo-2,sdt8-homo-2,sasa,8vg35gxp,8vg35gxp::Total,sdt8-homo-2 / Total,Total,Time (ps),86000,206.59828,nm^2,nm^2
line,overlay,sdt8-homo-2,sdt8-homo-2,sasa,8vg35gxp,8vg35gxp::Total,sdt8-homo-2 / Total,Total,Time (ps),87000,207.70209,nm^2,nm^2
line,overlay,sdt8-homo-2,sdt8-homo-2,sasa,8vg35gxp,8vg35gxp::Total,sdt8-homo-2 / Total,Total,Time (ps),88000,208.83038,nm^2,nm^2
line,overlay,sdt8-homo-2,sdt8-homo-2,sasa,8vg35gxp,8vg35gxp::Total,sdt8-homo-2 / Total,Total,Time (ps),89000,204.78963,nm^2,nm^2
line,overlay,sdt8-homo-2,sdt8-homo-2,sasa,8vg35gxp,8vg35gxp::Total,sdt8-homo-2 / Total,Total,Time (ps),90000,207.09447,nm^2,nm^2
line,overlay,sdt8-homo-2,sdt8-homo-2,sasa,8vg35gxp,8vg35gxp::Total,sdt8-homo-2 / Total,Total,Time (ps),91000,206.40343,nm^2,nm^2
line,overlay,sdt8-homo-2,sdt8-homo-2,sasa,8vg35gxp,8vg35gxp::Total,sdt8-homo-2 / Total,Total,Time (ps),92000,205.83427,nm^2,nm^2
line,overlay,sdt8-homo-2,sdt8-homo-2,sasa,8vg35gxp,8vg35gxp::Total,sdt8-homo-2 / Total,Total,Time (ps),93000,206.31773,nm^2,nm^2
line,overlay,sdt8-homo-2,sdt8-homo-2,sasa,8vg35gxp,8vg35gxp::Total,sdt8-homo-2 / Total,Total,Time (ps),94000,205.30869,nm^2,nm^2
line,overlay,sdt8-homo-2,sdt8-homo-2,sasa,8vg35gxp,8vg35gxp::Total,sdt8-homo-2 / Total,Total,Time (ps),95000,205.79869,nm^2,nm^2
line,overlay,sdt8-homo-2,sdt8-homo-2,sasa,8vg35gxp,8vg35gxp::Total,sdt8-homo-2 / Total,Total,Time (ps),96000,207.54582,nm^2,nm^2
line,overlay,sdt8-homo-2,sdt8-homo-2,sasa,8vg35gxp,8vg35gxp::Total,sdt8-homo-2 / Total,Total,Time (ps),97000,207.63806,nm^2,nm^2
line,overlay,sdt8-homo-2,sdt8-homo-2,sasa,8vg35gxp,8vg35gxp::Total,sdt8-homo-2 / Total,Total,Time (ps),98000,203.4426,nm^2,nm^2
line,overlay,sdt8-homo-2,sdt8-homo-2,sasa,8vg35gxp,8vg35gxp::Total,sdt8-homo-2 / Total,Total,Time (ps),99000,207.44849,nm^2,nm^2
line,overlay,sdt8-homo-2,sdt8-homo-2,sasa,8vg35gxp,8vg35gxp::Total,sdt8-homo-2 / Total,Total,Time (ps),100000,202.73776,nm^2,nm^2
line,overlay,sdt8-homo-3,sdt8-homo-3,sasa,0y3or870,0y3or870::Total,sdt8-homo-3 / Total,Total,Time (ps),0,208.9205,nm^2,nm^2
line,overlay,sdt8-homo-3,sdt8-homo-3,sasa,0y3or870,0y3or870::Total,sdt8-homo-3 / Total,Total,Time (ps),1000,231.68497,nm^2,nm^2
line,overlay,sdt8-homo-3,sdt8-homo-3,sasa,0y3or870,0y3or870::Total,sdt8-homo-3 / Total,Total,Time (ps),2000,206.24893,nm^2,nm^2
line,overlay,sdt8-homo-3,sdt8-homo-3,sasa,0y3or870,0y3or870::Total,sdt8-homo-3 / Total,Total,Time (ps),3000,208.30614,nm^2,nm^2
line,overlay,sdt8-homo-3,sdt8-homo-3,sasa,0y3or870,0y3or870::Total,sdt8-homo-3 / Total,Total,Time (ps),4000,206.49911,nm^2,nm^2
line,overlay,sdt8-homo-3,sdt8-homo-3,sasa,0y3or870,0y3or870::Total,sdt8-homo-3 / Total,Total,Time (ps),5000,209.21556,nm^2,nm^2
line,overlay,sdt8-homo-3,sdt8-homo-3,sasa,0y3or870,0y3or870::Total,sdt8-homo-3 / Total,Total,Time (ps),6000,207.90862,nm^2,nm^2
line,overlay,sdt8-homo-3,sdt8-homo-3,sasa,0y3or870,0y3or870::Total,sdt8-homo-3 / Total,Total,Time (ps),7000,208.59036,nm^2,nm^2
line,overlay,sdt8-homo-3,sdt8-homo-3,sasa,0y3or870,0y3or870::Total,sdt8-homo-3 / Total,Total,Time (ps),8000,209.81587,nm^2,nm^2
line,overlay,sdt8-homo-3,sdt8-homo-3,sasa,0y3or870,0y3or870::Total,sdt8-homo-3 / Total,Total,Time (ps),9000,210.0502,nm^2,nm^2
line,overlay,sdt8-homo-3,sdt8-homo-3,sasa,0y3or870,0y3or870::Total,sdt8-homo-3 / Total,Total,Time (ps),10000,210.23236,nm^2,nm^2
line,overlay,sdt8-homo-3,sdt8-homo-3,sasa,0y3or870,0y3or870::Total,sdt8-homo-3 / Total,Total,Time (ps),11000,210.6222,nm^2,nm^2
line,overlay,sdt8-homo-3,sdt8-homo-3,sasa,0y3or870,0y3or870::Total,sdt8-homo-3 / Total,Total,Time (ps),12000,214.5111,nm^2,nm^2
line,overlay,sdt8-homo-3,sdt8-homo-3,sasa,0y3or870,0y3or870::Total,sdt8-homo-3 / Total,Total,Time (ps),13000,216.85002,nm^2,nm^2
line,overlay,sdt8-homo-3,sdt8-homo-3,sasa,0y3or870,0y3or870::Total,sdt8-homo-3 / Total,Total,Time (ps),14000,213.40364,nm^2,nm^2
line,overlay,sdt8-homo-3,sdt8-homo-3,sasa,0y3or870,0y3or870::Total,sdt8-homo-3 / Total,Total,Time (ps),15000,215.4459,nm^2,nm^2
line,overlay,sdt8-homo-3,sdt8-homo-3,sasa,0y3or870,0y3or870::Total,sdt8-homo-3 / Total,Total,Time (ps),16000,213.90082,nm^2,nm^2
line,overlay,sdt8-homo-3,sdt8-homo-3,sasa,0y3or870,0y3or870::Total,sdt8-homo-3 / Total,Total,Time (ps),17000,211.70703,nm^2,nm^2
line,overlay,sdt8-homo-3,sdt8-homo-3,sasa,0y3or870,0y3or870::Total,sdt8-homo-3 / Total,Total,Time (ps),18000,211.51422,nm^2,nm^2
line,overlay,sdt8-homo-3,sdt8-homo-3,sasa,0y3or870,0y3or870::Total,sdt8-homo-3 / Total,Total,Time (ps),19000,213.66939,nm^2,nm^2
line,overlay,sdt8-homo-3,sdt8-homo-3,sasa,0y3or870,0y3or870::Total,sdt8-homo-3 / Total,Total,Time (ps),20000,214.09422,nm^2,nm^2
line,overlay,sdt8-homo-3,sdt8-homo-3,sasa,0y3or870,0y3or870::Total,sdt8-homo-3 / Total,Total,Time (ps),21000,214.48277,nm^2,nm^2
line,overlay,sdt8-homo-3,sdt8-homo-3,sasa,0y3or870,0y3or870::Total,sdt8-homo-3 / Total,Total,Time (ps),22000,211.18344,nm^2,nm^2
line,overlay,sdt8-homo-3,sdt8-homo-3,sasa,0y3or870,0y3or870::Total,sdt8-homo-3 / Total,Total,Time (ps),23000,214.18344,nm^2,nm^2
line,overlay,sdt8-homo-3,sdt8-homo-3,sasa,0y3or870,0y3or870::Total,sdt8-homo-3 / Total,Total,Time (ps),24000,216.24704,nm^2,nm^2
line,overlay,sdt8-homo-3,sdt8-homo-3,sasa,0y3or870,0y3or870::Total,sdt8-homo-3 / Total,Total,Time (ps),25000,216.97798,nm^2,nm^2
line,overlay,sdt8-homo-3,sdt8-homo-3,sasa,0y3or870,0y3or870::Total,sdt8-homo-3 / Total,Total,Time (ps),26000,212.76053,nm^2,nm^2
line,overlay,sdt8-homo-3,sdt8-homo-3,sasa,0y3or870,0y3or870::Total,sdt8-homo-3 / Total,Total,Time (ps),27000,212.84164,nm^2,nm^2
line,overlay,sdt8-homo-3,sdt8-homo-3,sasa,0y3or870,0y3or870::Total,sdt8-homo-3 / Total,Total,Time (ps),28000,210.85228,nm^2,nm^2
line,overlay,sdt8-homo-3,sdt8-homo-3,sasa,0y3or870,0y3or870::Total,sdt8-homo-3 / Total,Total,Time (ps),29000,213.43259,nm^2,nm^2
line,overlay,sdt8-homo-3,sdt8-homo-3,sasa,0y3or870,0y3or870::Total,sdt8-homo-3 / Total,Total,Time (ps),30000,216.41711,nm^2,nm^2
line,overlay,sdt8-homo-3,sdt8-homo-3,sasa,0y3or870,0y3or870::Total,sdt8-homo-3 / Total,Total,Time (ps),31000,215.44557,nm^2,nm^2
line,overlay,sdt8-homo-3,sdt8-homo-3,sasa,0y3or870,0y3or870::Total,sdt8-homo-3 / Total,Total,Time (ps),32000,211.14716,nm^2,nm^2
line,overlay,sdt8-homo-3,sdt8-homo-3,sasa,0y3or870,0y3or870::Total,sdt8-homo-3 / Total,Total,Time (ps),33000,215.85641,nm^2,nm^2
line,overlay,sdt8-homo-3,sdt8-homo-3,sasa,0y3or870,0y3or870::Total,sdt8-homo-3 / Total,Total,Time (ps),34000,215.97615,nm^2,nm^2
line,overlay,sdt8-homo-3,sdt8-homo-3,sasa,0y3or870,0y3or870::Total,sdt8-homo-3 / Total,Total,Time (ps),35000,215.27385,nm^2,nm^2
line,overlay,sdt8-homo-3,sdt8-homo-3,sasa,0y3or870,0y3or870::Total,sdt8-homo-3 / Total,Total,Time (ps),36000,214.10417,nm^2,nm^2
line,overlay,sdt8-homo-3,sdt8-homo-3,sasa,0y3or870,0y3or870::Total,sdt8-homo-3 / Total,Total,Time (ps),37000,51.826454,nm^2,nm^2
line,overlay,sdt8-homo-3,sdt8-homo-3,sasa,0y3or870,0y3or870::Total,sdt8-homo-3 / Total,Total,Time (ps),38000,214.47481,nm^2,nm^2
line,overlay,sdt8-homo-3,sdt8-homo-3,sasa,0y3or870,0y3or870::Total,sdt8-homo-3 / Total,Total,Time (ps),39000,214.83249,nm^2,nm^2
line,overlay,sdt8-homo-3,sdt8-homo-3,sasa,0y3or870,0y3or870::Total,sdt8-homo-3 / Total,Total,Time (ps),40000,210.23392,nm^2,nm^2
line,overlay,sdt8-homo-3,sdt8-homo-3,sasa,0y3or870,0y3or870::Total,sdt8-homo-3 / Total,Total,Time (ps),41000,211.71179,nm^2,nm^2
line,overlay,sdt8-homo-3,sdt8-homo-3,sasa,0y3or870,0y3or870::Total,sdt8-homo-3 / Total,Total,Time (ps),42000,213.28531,nm^2,nm^2
line,overlay,sdt8-homo-3,sdt8-homo-3,sasa,0y3or870,0y3or870::Total,sdt8-homo-3 / Total,Total,Time (ps),43000,215.76413,nm^2,nm^2
line,overlay,sdt8-homo-3,sdt8-homo-3,sasa,0y3or870,0y3or870::Total,sdt8-homo-3 / Total,Total,Time (ps),44000,214.12013,nm^2,nm^2
line,overlay,sdt8-homo-3,sdt8-homo-3,sasa,0y3or870,0y3or870::Total,sdt8-homo-3 / Total,Total,Time (ps),45000,211.13554,nm^2,nm^2
line,overlay,sdt8-homo-3,sdt8-homo-3,sasa,0y3or870,0y3or870::Total,sdt8-homo-3 / Total,Total,Time (ps),46000,213.13896,nm^2,nm^2
line,overlay,sdt8-homo-3,sdt8-homo-3,sasa,0y3or870,0y3or870::Total,sdt8-homo-3 / Total,Total,Time (ps),47000,213.1677,nm^2,nm^2
line,overlay,sdt8-homo-3,sdt8-homo-3,sasa,0y3or870,0y3or870::Total,sdt8-homo-3 / Total,Total,Time (ps),48000,213.20715,nm^2,nm^2
line,overlay,sdt8-homo-3,sdt8-homo-3,sasa,0y3or870,0y3or870::Total,sdt8-homo-3 / Total,Total,Time (ps),49000,210.58313,nm^2,nm^2
line,overlay,sdt8-homo-3,sdt8-homo-3,sasa,0y3or870,0y3or870::Total,sdt8-homo-3 / Total,Total,Time (ps),50000,213.98357,nm^2,nm^2
line,overlay,sdt8-homo-3,sdt8-homo-3,sasa,0y3or870,0y3or870::Total,sdt8-homo-3 / Total,Total,Time (ps),51000,213.279,nm^2,nm^2
line,overlay,sdt8-homo-3,sdt8-homo-3,sasa,0y3or870,0y3or870::Total,sdt8-homo-3 / Total,Total,Time (ps),52000,209.93141,nm^2,nm^2
line,overlay,sdt8-homo-3,sdt8-homo-3,sasa,0y3or870,0y3or870::Total,sdt8-homo-3 / Total,Total,Time (ps),53000,214.99554,nm^2,nm^2
line,overlay,sdt8-homo-3,sdt8-homo-3,sasa,0y3or870,0y3or870::Total,sdt8-homo-3 / Total,Total,Time (ps),54000,213.61517,nm^2,nm^2
line,overlay,sdt8-homo-3,sdt8-homo-3,sasa,0y3or870,0y3or870::Total,sdt8-homo-3 / Total,Total,Time (ps),55000,212.14102,nm^2,nm^2
line,overlay,sdt8-homo-3,sdt8-homo-3,sasa,0y3or870,0y3or870::Total,sdt8-homo-3 / Total,Total,Time (ps),56000,210.91772,nm^2,nm^2
line,overlay,sdt8-homo-3,sdt8-homo-3,sasa,0y3or870,0y3or870::Total,sdt8-homo-3 / Total,Total,Time (ps),57000,207.71495,nm^2,nm^2
line,overlay,sdt8-homo-3,sdt8-homo-3,sasa,0y3or870,0y3or870::Total,sdt8-homo-3 / Total,Total,Time (ps),58000,207.16936,nm^2,nm^2
line,overlay,sdt8-homo-3,sdt8-homo-3,sasa,0y3or870,0y3or870::Total,sdt8-homo-3 / Total,Total,Time (ps),59000,209.90944,nm^2,nm^2
line,overlay,sdt8-homo-3,sdt8-homo-3,sasa,0y3or870,0y3or870::Total,sdt8-homo-3 / Total,Total,Time (ps),60000,215.9356,nm^2,nm^2
line,overlay,sdt8-homo-3,sdt8-homo-3,sasa,0y3or870,0y3or870::Total,sdt8-homo-3 / Total,Total,Time (ps),61000,212.6285,nm^2,nm^2
line,overlay,sdt8-homo-3,sdt8-homo-3,sasa,0y3or870,0y3or870::Total,sdt8-homo-3 / Total,Total,Time (ps),62000,217.07465,nm^2,nm^2
line,overlay,sdt8-homo-3,sdt8-homo-3,sasa,0y3or870,0y3or870::Total,sdt8-homo-3 / Total,Total,Time (ps),63000,212.2267,nm^2,nm^2
line,overlay,sdt8-homo-3,sdt8-homo-3,sasa,0y3or870,0y3or870::Total,sdt8-homo-3 / Total,Total,Time (ps),64000,217.10849,nm^2,nm^2
line,overlay,sdt8-homo-3,sdt8-homo-3,sasa,0y3or870,0y3or870::Total,sdt8-homo-3 / Total,Total,Time (ps),65000,213.12866,nm^2,nm^2
line,overlay,sdt8-homo-3,sdt8-homo-3,sasa,0y3or870,0y3or870::Total,sdt8-homo-3 / Total,Total,Time (ps),66000,212.64891,nm^2,nm^2
line,overlay,sdt8-homo-3,sdt8-homo-3,sasa,0y3or870,0y3or870::Total,sdt8-homo-3 / Total,Total,Time (ps),67000,212.59344,nm^2,nm^2
line,overlay,sdt8-homo-3,sdt8-homo-3,sasa,0y3or870,0y3or870::Total,sdt8-homo-3 / Total,Total,Time (ps),68000,214.02513,nm^2,nm^2
line,overlay,sdt8-homo-3,sdt8-homo-3,sasa,0y3or870,0y3or870::Total,sdt8-homo-3 / Total,Total,Time (ps),69000,216.44551,nm^2,nm^2
line,overlay,sdt8-homo-3,sdt8-homo-3,sasa,0y3or870,0y3or870::Total,sdt8-homo-3 / Total,Total,Time (ps),70000,212.6062,nm^2,nm^2
line,overlay,sdt8-homo-3,sdt8-homo-3,sasa,0y3or870,0y3or870::Total,sdt8-homo-3 / Total,Total,Time (ps),71000,213.6231,nm^2,nm^2
line,overlay,sdt8-homo-3,sdt8-homo-3,sasa,0y3or870,0y3or870::Total,sdt8-homo-3 / Total,Total,Time (ps),72000,214.74075,nm^2,nm^2
line,overlay,sdt8-homo-3,sdt8-homo-3,sasa,0y3or870,0y3or870::Total,sdt8-homo-3 / Total,Total,Time (ps),73000,213.0968,nm^2,nm^2
line,overlay,sdt8-homo-3,sdt8-homo-3,sasa,0y3or870,0y3or870::Total,sdt8-homo-3 / Total,Total,Time (ps),74000,212.2757,nm^2,nm^2
line,overlay,sdt8-homo-3,sdt8-homo-3,sasa,0y3or870,0y3or870::Total,sdt8-homo-3 / Total,Total,Time (ps),75000,210.68098,nm^2,nm^2
line,overlay,sdt8-homo-3,sdt8-homo-3,sasa,0y3or870,0y3or870::Total,sdt8-homo-3 / Total,Total,Time (ps),76000,207.89282,nm^2,nm^2
line,overlay,sdt8-homo-3,sdt8-homo-3,sasa,0y3or870,0y3or870::Total,sdt8-homo-3 / Total,Total,Time (ps),77000,210.21338,nm^2,nm^2
line,overlay,sdt8-homo-3,sdt8-homo-3,sasa,0y3or870,0y3or870::Total,sdt8-homo-3 / Total,Total,Time (ps),78000,212.32515,nm^2,nm^2
line,overlay,sdt8-homo-3,sdt8-homo-3,sasa,0y3or870,0y3or870::Total,sdt8-homo-3 / Total,Total,Time (ps),79000,212.30408,nm^2,nm^2
line,overlay,sdt8-homo-3,sdt8-homo-3,sasa,0y3or870,0y3or870::Total,sdt8-homo-3 / Total,Total,Time (ps),80000,209.86678,nm^2,nm^2
line,overlay,sdt8-homo-3,sdt8-homo-3,sasa,0y3or870,0y3or870::Total,sdt8-homo-3 / Total,Total,Time (ps),81000,209.46767,nm^2,nm^2
line,overlay,sdt8-homo-3,sdt8-homo-3,sasa,0y3or870,0y3or870::Total,sdt8-homo-3 / Total,Total,Time (ps),82000,208.88322,nm^2,nm^2
line,overlay,sdt8-homo-3,sdt8-homo-3,sasa,0y3or870,0y3or870::Total,sdt8-homo-3 / Total,Total,Time (ps),83000,209.19739,nm^2,nm^2
line,overlay,sdt8-homo-3,sdt8-homo-3,sasa,0y3or870,0y3or870::Total,sdt8-homo-3 / Total,Total,Time (ps),84000,214.63553,nm^2,nm^2
line,overlay,sdt8-homo-3,sdt8-homo-3,sasa,0y3or870,0y3or870::Total,sdt8-homo-3 / Total,Total,Time (ps),85000,213.14154,nm^2,nm^2
line,overlay,sdt8-homo-3,sdt8-homo-3,sasa,0y3or870,0y3or870::Total,sdt8-homo-3 / Total,Total,Time (ps),86000,212.12921,nm^2,nm^2
line,overlay,sdt8-homo-3,sdt8-homo-3,sasa,0y3or870,0y3or870::Total,sdt8-homo-3 / Total,Total,Time (ps),87000,211.9856,nm^2,nm^2
line,overlay,sdt8-homo-3,sdt8-homo-3,sasa,0y3or870,0y3or870::Total,sdt8-homo-3 / Total,Total,Time (ps),88000,219.24142,nm^2,nm^2
line,overlay,sdt8-homo-3,sdt8-homo-3,sasa,0y3or870,0y3or870::Total,sdt8-homo-3 / Total,Total,Time (ps),89000,216.29109,nm^2,nm^2
line,overlay,sdt8-homo-3,sdt8-homo-3,sasa,0y3or870,0y3or870::Total,sdt8-homo-3 / Total,Total,Time (ps),90000,210.81267,nm^2,nm^2
line,overlay,sdt8-homo-3,sdt8-homo-3,sasa,0y3or870,0y3or870::Total,sdt8-homo-3 / Total,Total,Time (ps),91000,214.47997,nm^2,nm^2
line,overlay,sdt8-homo-3,sdt8-homo-3,sasa,0y3or870,0y3or870::Total,sdt8-homo-3 / Total,Total,Time (ps),92000,211.26591,nm^2,nm^2
line,overlay,sdt8-homo-3,sdt8-homo-3,sasa,0y3or870,0y3or870::Total,sdt8-homo-3 / Total,Total,Time (ps),93000,215.08646,nm^2,nm^2
line,overlay,sdt8-homo-3,sdt8-homo-3,sasa,0y3or870,0y3or870::Total,sdt8-homo-3 / Total,Total,Time (ps),94000,210.3896,nm^2,nm^2
line,overlay,sdt8-homo-3,sdt8-homo-3,sasa,0y3or870,0y3or870::Total,sdt8-homo-3 / Total,Total,Time (ps),95000,207.9995,nm^2,nm^2
line,overlay,sdt8-homo-3,sdt8-homo-3,sasa,0y3or870,0y3or870::Total,sdt8-homo-3 / Total,Total,Time (ps),96000,207.0523,nm^2,nm^2
line,overlay,sdt8-homo-3,sdt8-homo-3,sasa,0y3or870,0y3or870::Total,sdt8-homo-3 / Total,Total,Time (ps),97000,208.6477,nm^2,nm^2
line,overlay,sdt8-homo-3,sdt8-homo-3,sasa,0y3or870,0y3or870::Total,sdt8-homo-3 / Total,Total,Time (ps),98000,208.60843,nm^2,nm^2
line,overlay,sdt8-homo-3,sdt8-homo-3,sasa,0y3or870,0y3or870::Total,sdt8-homo-3 / Total,Total,Time (ps),99000,211.11688,nm^2,nm^2
line,overlay,sdt8-homo-3,sdt8-homo-3,sasa,0y3or870,0y3or870::Total,sdt8-homo-3 / Total,Total,Time (ps),100000,211.12173,nm^2,nm^2
line,overlay,sdt8-homo-4,sdt8-homo-4,sasa,p31esr06,p31esr06::Total,sdt8-homo-4 / Total,Total,Time (ps),0,203.39923,nm^2,nm^2
line,overlay,sdt8-homo-4,sdt8-homo-4,sasa,p31esr06,p31esr06::Total,sdt8-homo-4 / Total,Total,Time (ps),1000,205.84645,nm^2,nm^2
line,overlay,sdt8-homo-4,sdt8-homo-4,sasa,p31esr06,p31esr06::Total,sdt8-homo-4 / Total,Total,Time (ps),2000,204.82013,nm^2,nm^2
line,overlay,sdt8-homo-4,sdt8-homo-4,sasa,p31esr06,p31esr06::Total,sdt8-homo-4 / Total,Total,Time (ps),3000,205.04716,nm^2,nm^2
line,overlay,sdt8-homo-4,sdt8-homo-4,sasa,p31esr06,p31esr06::Total,sdt8-homo-4 / Total,Total,Time (ps),4000,206.88553,nm^2,nm^2
line,overlay,sdt8-homo-4,sdt8-homo-4,sasa,p31esr06,p31esr06::Total,sdt8-homo-4 / Total,Total,Time (ps),5000,208.40707,nm^2,nm^2
line,overlay,sdt8-homo-4,sdt8-homo-4,sasa,p31esr06,p31esr06::Total,sdt8-homo-4 / Total,Total,Time (ps),6000,203.71082,nm^2,nm^2
line,overlay,sdt8-homo-4,sdt8-homo-4,sasa,p31esr06,p31esr06::Total,sdt8-homo-4 / Total,Total,Time (ps),7000,205.04884,nm^2,nm^2
line,overlay,sdt8-homo-4,sdt8-homo-4,sasa,p31esr06,p31esr06::Total,sdt8-homo-4 / Total,Total,Time (ps),8000,200.17555,nm^2,nm^2
line,overlay,sdt8-homo-4,sdt8-homo-4,sasa,p31esr06,p31esr06::Total,sdt8-homo-4 / Total,Total,Time (ps),9000,204.06996,nm^2,nm^2
line,overlay,sdt8-homo-4,sdt8-homo-4,sasa,p31esr06,p31esr06::Total,sdt8-homo-4 / Total,Total,Time (ps),10000,202.35591,nm^2,nm^2
line,overlay,sdt8-homo-4,sdt8-homo-4,sasa,p31esr06,p31esr06::Total,sdt8-homo-4 / Total,Total,Time (ps),11000,205.33908,nm^2,nm^2
line,overlay,sdt8-homo-4,sdt8-homo-4,sasa,p31esr06,p31esr06::Total,sdt8-homo-4 / Total,Total,Time (ps),12000,204.46318,nm^2,nm^2
line,overlay,sdt8-homo-4,sdt8-homo-4,sasa,p31esr06,p31esr06::Total,sdt8-homo-4 / Total,Total,Time (ps),13000,207.97908,nm^2,nm^2
line,overlay,sdt8-homo-4,sdt8-homo-4,sasa,p31esr06,p31esr06::Total,sdt8-homo-4 / Total,Total,Time (ps),14000,212.50783,nm^2,nm^2
line,overlay,sdt8-homo-4,sdt8-homo-4,sasa,p31esr06,p31esr06::Total,sdt8-homo-4 / Total,Total,Time (ps),15000,214.07272,nm^2,nm^2
line,overlay,sdt8-homo-4,sdt8-homo-4,sasa,p31esr06,p31esr06::Total,sdt8-homo-4 / Total,Total,Time (ps),16000,213.99907,nm^2,nm^2
line,overlay,sdt8-homo-4,sdt8-homo-4,sasa,p31esr06,p31esr06::Total,sdt8-homo-4 / Total,Total,Time (ps),17000,210.77966,nm^2,nm^2
line,overlay,sdt8-homo-4,sdt8-homo-4,sasa,p31esr06,p31esr06::Total,sdt8-homo-4 / Total,Total,Time (ps),18000,213.51851,nm^2,nm^2
line,overlay,sdt8-homo-4,sdt8-homo-4,sasa,p31esr06,p31esr06::Total,sdt8-homo-4 / Total,Total,Time (ps),19000,212.75836,nm^2,nm^2
line,overlay,sdt8-homo-4,sdt8-homo-4,sasa,p31esr06,p31esr06::Total,sdt8-homo-4 / Total,Total,Time (ps),20000,210.98929,nm^2,nm^2
line,overlay,sdt8-homo-4,sdt8-homo-4,sasa,p31esr06,p31esr06::Total,sdt8-homo-4 / Total,Total,Time (ps),21000,209.52106,nm^2,nm^2
line,overlay,sdt8-homo-4,sdt8-homo-4,sasa,p31esr06,p31esr06::Total,sdt8-homo-4 / Total,Total,Time (ps),22000,207.14793,nm^2,nm^2
line,overlay,sdt8-homo-4,sdt8-homo-4,sasa,p31esr06,p31esr06::Total,sdt8-homo-4 / Total,Total,Time (ps),23000,208.37137,nm^2,nm^2
line,overlay,sdt8-homo-4,sdt8-homo-4,sasa,p31esr06,p31esr06::Total,sdt8-homo-4 / Total,Total,Time (ps),24000,212.00215,nm^2,nm^2
line,overlay,sdt8-homo-4,sdt8-homo-4,sasa,p31esr06,p31esr06::Total,sdt8-homo-4 / Total,Total,Time (ps),25000,213.91945,nm^2,nm^2
line,overlay,sdt8-homo-4,sdt8-homo-4,sasa,p31esr06,p31esr06::Total,sdt8-homo-4 / Total,Total,Time (ps),26000,213.86359,nm^2,nm^2
line,overlay,sdt8-homo-4,sdt8-homo-4,sasa,p31esr06,p31esr06::Total,sdt8-homo-4 / Total,Total,Time (ps),27000,213.94379,nm^2,nm^2
line,overlay,sdt8-homo-4,sdt8-homo-4,sasa,p31esr06,p31esr06::Total,sdt8-homo-4 / Total,Total,Time (ps),28000,212.07547,nm^2,nm^2
line,overlay,sdt8-homo-4,sdt8-homo-4,sasa,p31esr06,p31esr06::Total,sdt8-homo-4 / Total,Total,Time (ps),29000,218.6957,nm^2,nm^2
line,overlay,sdt8-homo-4,sdt8-homo-4,sasa,p31esr06,p31esr06::Total,sdt8-homo-4 / Total,Total,Time (ps),30000,219.06454,nm^2,nm^2
line,overlay,sdt8-homo-4,sdt8-homo-4,sasa,p31esr06,p31esr06::Total,sdt8-homo-4 / Total,Total,Time (ps),31000,211.80614,nm^2,nm^2
line,overlay,sdt8-homo-4,sdt8-homo-4,sasa,p31esr06,p31esr06::Total,sdt8-homo-4 / Total,Total,Time (ps),32000,213.21436,nm^2,nm^2
line,overlay,sdt8-homo-4,sdt8-homo-4,sasa,p31esr06,p31esr06::Total,sdt8-homo-4 / Total,Total,Time (ps),33000,218.7047,nm^2,nm^2
line,overlay,sdt8-homo-4,sdt8-homo-4,sasa,p31esr06,p31esr06::Total,sdt8-homo-4 / Total,Total,Time (ps),34000,216.72966,nm^2,nm^2
line,overlay,sdt8-homo-4,sdt8-homo-4,sasa,p31esr06,p31esr06::Total,sdt8-homo-4 / Total,Total,Time (ps),35000,212.5866,nm^2,nm^2
line,overlay,sdt8-homo-4,sdt8-homo-4,sasa,p31esr06,p31esr06::Total,sdt8-homo-4 / Total,Total,Time (ps),36000,217.06258,nm^2,nm^2
line,overlay,sdt8-homo-4,sdt8-homo-4,sasa,p31esr06,p31esr06::Total,sdt8-homo-4 / Total,Total,Time (ps),37000,211.7486,nm^2,nm^2
line,overlay,sdt8-homo-4,sdt8-homo-4,sasa,p31esr06,p31esr06::Total,sdt8-homo-4 / Total,Total,Time (ps),38000,209.36678,nm^2,nm^2
line,overlay,sdt8-homo-4,sdt8-homo-4,sasa,p31esr06,p31esr06::Total,sdt8-homo-4 / Total,Total,Time (ps),39000,208.25351,nm^2,nm^2
line,overlay,sdt8-homo-4,sdt8-homo-4,sasa,p31esr06,p31esr06::Total,sdt8-homo-4 / Total,Total,Time (ps),40000,210.21819,nm^2,nm^2
line,overlay,sdt8-homo-4,sdt8-homo-4,sasa,p31esr06,p31esr06::Total,sdt8-homo-4 / Total,Total,Time (ps),41000,208.85298,nm^2,nm^2
line,overlay,sdt8-homo-4,sdt8-homo-4,sasa,p31esr06,p31esr06::Total,sdt8-homo-4 / Total,Total,Time (ps),42000,209.80957,nm^2,nm^2
line,overlay,sdt8-homo-4,sdt8-homo-4,sasa,p31esr06,p31esr06::Total,sdt8-homo-4 / Total,Total,Time (ps),43000,208.43736,nm^2,nm^2
line,overlay,sdt8-homo-4,sdt8-homo-4,sasa,p31esr06,p31esr06::Total,sdt8-homo-4 / Total,Total,Time (ps),44000,211.95952,nm^2,nm^2
line,overlay,sdt8-homo-4,sdt8-homo-4,sasa,p31esr06,p31esr06::Total,sdt8-homo-4 / Total,Total,Time (ps),45000,216.05954,nm^2,nm^2
line,overlay,sdt8-homo-4,sdt8-homo-4,sasa,p31esr06,p31esr06::Total,sdt8-homo-4 / Total,Total,Time (ps),46000,216.28806,nm^2,nm^2
line,overlay,sdt8-homo-4,sdt8-homo-4,sasa,p31esr06,p31esr06::Total,sdt8-homo-4 / Total,Total,Time (ps),47000,215.2189,nm^2,nm^2
line,overlay,sdt8-homo-4,sdt8-homo-4,sasa,p31esr06,p31esr06::Total,sdt8-homo-4 / Total,Total,Time (ps),48000,219.32079,nm^2,nm^2
line,overlay,sdt8-homo-4,sdt8-homo-4,sasa,p31esr06,p31esr06::Total,sdt8-homo-4 / Total,Total,Time (ps),49000,217.35907,nm^2,nm^2
line,overlay,sdt8-homo-4,sdt8-homo-4,sasa,p31esr06,p31esr06::Total,sdt8-homo-4 / Total,Total,Time (ps),50000,216.54727,nm^2,nm^2
line,overlay,sdt8-homo-4,sdt8-homo-4,sasa,p31esr06,p31esr06::Total,sdt8-homo-4 / Total,Total,Time (ps),51000,212.80879,nm^2,nm^2
line,overlay,sdt8-homo-4,sdt8-homo-4,sasa,p31esr06,p31esr06::Total,sdt8-homo-4 / Total,Total,Time (ps),52000,208.15,nm^2,nm^2
line,overlay,sdt8-homo-4,sdt8-homo-4,sasa,p31esr06,p31esr06::Total,sdt8-homo-4 / Total,Total,Time (ps),53000,215.78305,nm^2,nm^2
line,overlay,sdt8-homo-4,sdt8-homo-4,sasa,p31esr06,p31esr06::Total,sdt8-homo-4 / Total,Total,Time (ps),54000,210.6411,nm^2,nm^2
line,overlay,sdt8-homo-4,sdt8-homo-4,sasa,p31esr06,p31esr06::Total,sdt8-homo-4 / Total,Total,Time (ps),55000,209.23198,nm^2,nm^2
line,overlay,sdt8-homo-4,sdt8-homo-4,sasa,p31esr06,p31esr06::Total,sdt8-homo-4 / Total,Total,Time (ps),56000,206.45377,nm^2,nm^2
line,overlay,sdt8-homo-4,sdt8-homo-4,sasa,p31esr06,p31esr06::Total,sdt8-homo-4 / Total,Total,Time (ps),57000,208.60655,nm^2,nm^2
line,overlay,sdt8-homo-4,sdt8-homo-4,sasa,p31esr06,p31esr06::Total,sdt8-homo-4 / Total,Total,Time (ps),58000,205.80809,nm^2,nm^2
line,overlay,sdt8-homo-4,sdt8-homo-4,sasa,p31esr06,p31esr06::Total,sdt8-homo-4 / Total,Total,Time (ps),59000,208.19507,nm^2,nm^2
line,overlay,sdt8-homo-4,sdt8-homo-4,sasa,p31esr06,p31esr06::Total,sdt8-homo-4 / Total,Total,Time (ps),60000,204.51543,nm^2,nm^2
line,overlay,sdt8-homo-4,sdt8-homo-4,sasa,p31esr06,p31esr06::Total,sdt8-homo-4 / Total,Total,Time (ps),61000,207.63913,nm^2,nm^2
line,overlay,sdt8-homo-4,sdt8-homo-4,sasa,p31esr06,p31esr06::Total,sdt8-homo-4 / Total,Total,Time (ps),62000,209.84377,nm^2,nm^2
line,overlay,sdt8-homo-4,sdt8-homo-4,sasa,p31esr06,p31esr06::Total,sdt8-homo-4 / Total,Total,Time (ps),63000,206.79613,nm^2,nm^2
line,overlay,sdt8-homo-4,sdt8-homo-4,sasa,p31esr06,p31esr06::Total,sdt8-homo-4 / Total,Total,Time (ps),64000,207.11829,nm^2,nm^2
line,overlay,sdt8-homo-4,sdt8-homo-4,sasa,p31esr06,p31esr06::Total,sdt8-homo-4 / Total,Total,Time (ps),65000,203.76584,nm^2,nm^2
line,overlay,sdt8-homo-4,sdt8-homo-4,sasa,p31esr06,p31esr06::Total,sdt8-homo-4 / Total,Total,Time (ps),66000,203.15558,nm^2,nm^2
line,overlay,sdt8-homo-4,sdt8-homo-4,sasa,p31esr06,p31esr06::Total,sdt8-homo-4 / Total,Total,Time (ps),67000,202.66129,nm^2,nm^2
line,overlay,sdt8-homo-4,sdt8-homo-4,sasa,p31esr06,p31esr06::Total,sdt8-homo-4 / Total,Total,Time (ps),68000,211.68077,nm^2,nm^2
line,overlay,sdt8-homo-4,sdt8-homo-4,sasa,p31esr06,p31esr06::Total,sdt8-homo-4 / Total,Total,Time (ps),69000,206.94897,nm^2,nm^2
line,overlay,sdt8-homo-4,sdt8-homo-4,sasa,p31esr06,p31esr06::Total,sdt8-homo-4 / Total,Total,Time (ps),70000,204.95357,nm^2,nm^2
line,overlay,sdt8-homo-4,sdt8-homo-4,sasa,p31esr06,p31esr06::Total,sdt8-homo-4 / Total,Total,Time (ps),71000,203.55531,nm^2,nm^2
line,overlay,sdt8-homo-4,sdt8-homo-4,sasa,p31esr06,p31esr06::Total,sdt8-homo-4 / Total,Total,Time (ps),72000,206.5289,nm^2,nm^2
line,overlay,sdt8-homo-4,sdt8-homo-4,sasa,p31esr06,p31esr06::Total,sdt8-homo-4 / Total,Total,Time (ps),73000,208.72406,nm^2,nm^2
line,overlay,sdt8-homo-4,sdt8-homo-4,sasa,p31esr06,p31esr06::Total,sdt8-homo-4 / Total,Total,Time (ps),74000,205.39986,nm^2,nm^2
line,overlay,sdt8-homo-4,sdt8-homo-4,sasa,p31esr06,p31esr06::Total,sdt8-homo-4 / Total,Total,Time (ps),75000,204.70815,nm^2,nm^2
line,overlay,sdt8-homo-4,sdt8-homo-4,sasa,p31esr06,p31esr06::Total,sdt8-homo-4 / Total,Total,Time (ps),76000,205.22475,nm^2,nm^2
line,overlay,sdt8-homo-4,sdt8-homo-4,sasa,p31esr06,p31esr06::Total,sdt8-homo-4 / Total,Total,Time (ps),77000,208.43295,nm^2,nm^2
line,overlay,sdt8-homo-4,sdt8-homo-4,sasa,p31esr06,p31esr06::Total,sdt8-homo-4 / Total,Total,Time (ps),78000,207.38776,nm^2,nm^2
line,overlay,sdt8-homo-4,sdt8-homo-4,sasa,p31esr06,p31esr06::Total,sdt8-homo-4 / Total,Total,Time (ps),79000,201.84851,nm^2,nm^2
line,overlay,sdt8-homo-4,sdt8-homo-4,sasa,p31esr06,p31esr06::Total,sdt8-homo-4 / Total,Total,Time (ps),80000,202.71786,nm^2,nm^2
line,overlay,sdt8-homo-4,sdt8-homo-4,sasa,p31esr06,p31esr06::Total,sdt8-homo-4 / Total,Total,Time (ps),81000,208.68028,nm^2,nm^2
line,overlay,sdt8-homo-4,sdt8-homo-4,sasa,p31esr06,p31esr06::Total,sdt8-homo-4 / Total,Total,Time (ps),82000,206.25359,nm^2,nm^2
line,overlay,sdt8-homo-4,sdt8-homo-4,sasa,p31esr06,p31esr06::Total,sdt8-homo-4 / Total,Total,Time (ps),83000,208.88647,nm^2,nm^2
line,overlay,sdt8-homo-4,sdt8-homo-4,sasa,p31esr06,p31esr06::Total,sdt8-homo-4 / Total,Total,Time (ps),84000,206.65382,nm^2,nm^2
line,overlay,sdt8-homo-4,sdt8-homo-4,sasa,p31esr06,p31esr06::Total,sdt8-homo-4 / Total,Total,Time (ps),85000,208.71773,nm^2,nm^2
line,overlay,sdt8-homo-4,sdt8-homo-4,sasa,p31esr06,p31esr06::Total,sdt8-homo-4 / Total,Total,Time (ps),86000,206.13516,nm^2,nm^2
line,overlay,sdt8-homo-4,sdt8-homo-4,sasa,p31esr06,p31esr06::Total,sdt8-homo-4 / Total,Total,Time (ps),87000,204.55748,nm^2,nm^2
line,overlay,sdt8-homo-4,sdt8-homo-4,sasa,p31esr06,p31esr06::Total,sdt8-homo-4 / Total,Total,Time (ps),88000,205.52463,nm^2,nm^2
line,overlay,sdt8-homo-4,sdt8-homo-4,sasa,p31esr06,p31esr06::Total,sdt8-homo-4 / Total,Total,Time (ps),89000,204.24489,nm^2,nm^2
line,overlay,sdt8-homo-4,sdt8-homo-4,sasa,p31esr06,p31esr06::Total,sdt8-homo-4 / Total,Total,Time (ps),90000,205.4339,nm^2,nm^2
line,overlay,sdt8-homo-4,sdt8-homo-4,sasa,p31esr06,p31esr06::Total,sdt8-homo-4 / Total,Total,Time (ps),91000,201.87476,nm^2,nm^2
line,overlay,sdt8-homo-4,sdt8-homo-4,sasa,p31esr06,p31esr06::Total,sdt8-homo-4 / Total,Total,Time (ps),92000,204.12608,nm^2,nm^2
line,overlay,sdt8-homo-4,sdt8-homo-4,sasa,p31esr06,p31esr06::Total,sdt8-homo-4 / Total,Total,Time (ps),93000,204.62523,nm^2,nm^2
line,overlay,sdt8-homo-4,sdt8-homo-4,sasa,p31esr06,p31esr06::Total,sdt8-homo-4 / Total,Total,Time (ps),94000,207.44539,nm^2,nm^2
line,overlay,sdt8-homo-4,sdt8-homo-4,sasa,p31esr06,p31esr06::Total,sdt8-homo-4 / Total,Total,Time (ps),95000,204.16151,nm^2,nm^2
line,overlay,sdt8-homo-4,sdt8-homo-4,sasa,p31esr06,p31esr06::Total,sdt8-homo-4 / Total,Total,Time (ps),96000,206.98422,nm^2,nm^2
line,overlay,sdt8-homo-4,sdt8-homo-4,sasa,p31esr06,p31esr06::Total,sdt8-homo-4 / Total,Total,Time (ps),97000,206.84514,nm^2,nm^2
line,overlay,sdt8-homo-4,sdt8-homo-4,sasa,p31esr06,p31esr06::Total,sdt8-homo-4 / Total,Total,Time (ps),98000,208.25175,nm^2,nm^2
line,overlay,sdt8-homo-4,sdt8-homo-4,sasa,p31esr06,p31esr06::Total,sdt8-homo-4 / Total,Total,Time (ps),99000,206.51677,nm^2,nm^2
line,overlay,sdt8-homo-4,sdt8-homo-4,sasa,p31esr06,p31esr06::Total,sdt8-homo-4 / Total,Total,Time (ps),100000,208.99072,nm^2,nm^2
line,overlay,wt-homo,wt-homo,sasa,lwixujtv,lwixujtv::Total,wt-homo / Total,Total,Time (ps),0,199.81491,nm^2,nm^2
line,overlay,wt-homo,wt-homo,sasa,lwixujtv,lwixujtv::Total,wt-homo / Total,Total,Time (ps),1000,204.94545,nm^2,nm^2
line,overlay,wt-homo,wt-homo,sasa,lwixujtv,lwixujtv::Total,wt-homo / Total,Total,Time (ps),2000,202.16714,nm^2,nm^2
line,overlay,wt-homo,wt-homo,sasa,lwixujtv,lwixujtv::Total,wt-homo / Total,Total,Time (ps),3000,200.84738,nm^2,nm^2
line,overlay,wt-homo,wt-homo,sasa,lwixujtv,lwixujtv::Total,wt-homo / Total,Total,Time (ps),4000,198.56036,nm^2,nm^2
line,overlay,wt-homo,wt-homo,sasa,lwixujtv,lwixujtv::Total,wt-homo / Total,Total,Time (ps),5000,203.03545,nm^2,nm^2
line,overlay,wt-homo,wt-homo,sasa,lwixujtv,lwixujtv::Total,wt-homo / Total,Total,Time (ps),6000,203.41113,nm^2,nm^2
line,overlay,wt-homo,wt-homo,sasa,lwixujtv,lwixujtv::Total,wt-homo / Total,Total,Time (ps),7000,206.6394,nm^2,nm^2
line,overlay,wt-homo,wt-homo,sasa,lwixujtv,lwixujtv::Total,wt-homo / Total,Total,Time (ps),8000,203.15378,nm^2,nm^2
line,overlay,wt-homo,wt-homo,sasa,lwixujtv,lwixujtv::Total,wt-homo / Total,Total,Time (ps),9000,199.71074,nm^2,nm^2
line,overlay,wt-homo,wt-homo,sasa,lwixujtv,lwixujtv::Total,wt-homo / Total,Total,Time (ps),10000,202.05235,nm^2,nm^2
line,overlay,wt-homo,wt-homo,sasa,lwixujtv,lwixujtv::Total,wt-homo / Total,Total,Time (ps),11000,200.63571,nm^2,nm^2
line,overlay,wt-homo,wt-homo,sasa,lwixujtv,lwixujtv::Total,wt-homo / Total,Total,Time (ps),12000,200.9578,nm^2,nm^2
line,overlay,wt-homo,wt-homo,sasa,lwixujtv,lwixujtv::Total,wt-homo / Total,Total,Time (ps),13000,202.58755,nm^2,nm^2
line,overlay,wt-homo,wt-homo,sasa,lwixujtv,lwixujtv::Total,wt-homo / Total,Total,Time (ps),14000,203.78603,nm^2,nm^2
line,overlay,wt-homo,wt-homo,sasa,lwixujtv,lwixujtv::Total,wt-homo / Total,Total,Time (ps),15000,201.3014,nm^2,nm^2
line,overlay,wt-homo,wt-homo,sasa,lwixujtv,lwixujtv::Total,wt-homo / Total,Total,Time (ps),16000,200.46664,nm^2,nm^2
line,overlay,wt-homo,wt-homo,sasa,lwixujtv,lwixujtv::Total,wt-homo / Total,Total,Time (ps),17000,200.95424,nm^2,nm^2
line,overlay,wt-homo,wt-homo,sasa,lwixujtv,lwixujtv::Total,wt-homo / Total,Total,Time (ps),18000,199.24828,nm^2,nm^2
line,overlay,wt-homo,wt-homo,sasa,lwixujtv,lwixujtv::Total,wt-homo / Total,Total,Time (ps),19000,202.5392,nm^2,nm^2
line,overlay,wt-homo,wt-homo,sasa,lwixujtv,lwixujtv::Total,wt-homo / Total,Total,Time (ps),20000,203.33682,nm^2,nm^2
line,overlay,wt-homo,wt-homo,sasa,lwixujtv,lwixujtv::Total,wt-homo / Total,Total,Time (ps),21000,202.61618,nm^2,nm^2
line,overlay,wt-homo,wt-homo,sasa,lwixujtv,lwixujtv::Total,wt-homo / Total,Total,Time (ps),22000,204.66455,nm^2,nm^2
line,overlay,wt-homo,wt-homo,sasa,lwixujtv,lwixujtv::Total,wt-homo / Total,Total,Time (ps),23000,201.15453,nm^2,nm^2
line,overlay,wt-homo,wt-homo,sasa,lwixujtv,lwixujtv::Total,wt-homo / Total,Total,Time (ps),24000,201.73273,nm^2,nm^2
line,overlay,wt-homo,wt-homo,sasa,lwixujtv,lwixujtv::Total,wt-homo / Total,Total,Time (ps),25000,204.43008,nm^2,nm^2
line,overlay,wt-homo,wt-homo,sasa,lwixujtv,lwixujtv::Total,wt-homo / Total,Total,Time (ps),26000,203.80519,nm^2,nm^2
line,overlay,wt-homo,wt-homo,sasa,lwixujtv,lwixujtv::Total,wt-homo / Total,Total,Time (ps),27000,203.6707,nm^2,nm^2
line,overlay,wt-homo,wt-homo,sasa,lwixujtv,lwixujtv::Total,wt-homo / Total,Total,Time (ps),28000,200.50185,nm^2,nm^2
line,overlay,wt-homo,wt-homo,sasa,lwixujtv,lwixujtv::Total,wt-homo / Total,Total,Time (ps),29000,202.8095,nm^2,nm^2
line,overlay,wt-homo,wt-homo,sasa,lwixujtv,lwixujtv::Total,wt-homo / Total,Total,Time (ps),30000,202.68217,nm^2,nm^2
line,overlay,wt-homo,wt-homo,sasa,lwixujtv,lwixujtv::Total,wt-homo / Total,Total,Time (ps),31000,199.78525,nm^2,nm^2
line,overlay,wt-homo,wt-homo,sasa,lwixujtv,lwixujtv::Total,wt-homo / Total,Total,Time (ps),32000,202.4522,nm^2,nm^2
line,overlay,wt-homo,wt-homo,sasa,lwixujtv,lwixujtv::Total,wt-homo / Total,Total,Time (ps),33000,200.28403,nm^2,nm^2
line,overlay,wt-homo,wt-homo,sasa,lwixujtv,lwixujtv::Total,wt-homo / Total,Total,Time (ps),34000,199.42737,nm^2,nm^2
line,overlay,wt-homo,wt-homo,sasa,lwixujtv,lwixujtv::Total,wt-homo / Total,Total,Time (ps),35000,201.19386,nm^2,nm^2
line,overlay,wt-homo,wt-homo,sasa,lwixujtv,lwixujtv::Total,wt-homo / Total,Total,Time (ps),36000,201.4022,nm^2,nm^2
line,overlay,wt-homo,wt-homo,sasa,lwixujtv,lwixujtv::Total,wt-homo / Total,Total,Time (ps),37000,202.40965,nm^2,nm^2
line,overlay,wt-homo,wt-homo,sasa,lwixujtv,lwixujtv::Total,wt-homo / Total,Total,Time (ps),38000,205.26018,nm^2,nm^2
line,overlay,wt-homo,wt-homo,sasa,lwixujtv,lwixujtv::Total,wt-homo / Total,Total,Time (ps),39000,203.6978,nm^2,nm^2
line,overlay,wt-homo,wt-homo,sasa,lwixujtv,lwixujtv::Total,wt-homo / Total,Total,Time (ps),40000,202.83229,nm^2,nm^2
line,overlay,wt-homo,wt-homo,sasa,lwixujtv,lwixujtv::Total,wt-homo / Total,Total,Time (ps),41000,206.98338,nm^2,nm^2
line,overlay,wt-homo,wt-homo,sasa,lwixujtv,lwixujtv::Total,wt-homo / Total,Total,Time (ps),42000,201.27502,nm^2,nm^2
line,overlay,wt-homo,wt-homo,sasa,lwixujtv,lwixujtv::Total,wt-homo / Total,Total,Time (ps),43000,198.80331,nm^2,nm^2
line,overlay,wt-homo,wt-homo,sasa,lwixujtv,lwixujtv::Total,wt-homo / Total,Total,Time (ps),44000,202.31398,nm^2,nm^2
line,overlay,wt-homo,wt-homo,sasa,lwixujtv,lwixujtv::Total,wt-homo / Total,Total,Time (ps),45000,206.4041,nm^2,nm^2
line,overlay,wt-homo,wt-homo,sasa,lwixujtv,lwixujtv::Total,wt-homo / Total,Total,Time (ps),46000,200.93826,nm^2,nm^2
line,overlay,wt-homo,wt-homo,sasa,lwixujtv,lwixujtv::Total,wt-homo / Total,Total,Time (ps),47000,200.17784,nm^2,nm^2
line,overlay,wt-homo,wt-homo,sasa,lwixujtv,lwixujtv::Total,wt-homo / Total,Total,Time (ps),48000,205.17328,nm^2,nm^2
line,overlay,wt-homo,wt-homo,sasa,lwixujtv,lwixujtv::Total,wt-homo / Total,Total,Time (ps),49000,197.89192,nm^2,nm^2
line,overlay,wt-homo,wt-homo,sasa,lwixujtv,lwixujtv::Total,wt-homo / Total,Total,Time (ps),50000,204.52808,nm^2,nm^2
line,overlay,wt-homo,wt-homo,sasa,lwixujtv,lwixujtv::Total,wt-homo / Total,Total,Time (ps),51000,204.06284,nm^2,nm^2
line,overlay,wt-homo,wt-homo,sasa,lwixujtv,lwixujtv::Total,wt-homo / Total,Total,Time (ps),52000,200.84615,nm^2,nm^2
line,overlay,wt-homo,wt-homo,sasa,lwixujtv,lwixujtv::Total,wt-homo / Total,Total,Time (ps),53000,203.04413,nm^2,nm^2
line,overlay,wt-homo,wt-homo,sasa,lwixujtv,lwixujtv::Total,wt-homo / Total,Total,Time (ps),54000,202.32355,nm^2,nm^2
line,overlay,wt-homo,wt-homo,sasa,lwixujtv,lwixujtv::Total,wt-homo / Total,Total,Time (ps),55000,202.77003,nm^2,nm^2
line,overlay,wt-homo,wt-homo,sasa,lwixujtv,lwixujtv::Total,wt-homo / Total,Total,Time (ps),56000,207.77463,nm^2,nm^2
line,overlay,wt-homo,wt-homo,sasa,lwixujtv,lwixujtv::Total,wt-homo / Total,Total,Time (ps),57000,205.34085,nm^2,nm^2
line,overlay,wt-homo,wt-homo,sasa,lwixujtv,lwixujtv::Total,wt-homo / Total,Total,Time (ps),58000,206.98343,nm^2,nm^2
line,overlay,wt-homo,wt-homo,sasa,lwixujtv,lwixujtv::Total,wt-homo / Total,Total,Time (ps),59000,201.79027,nm^2,nm^2
line,overlay,wt-homo,wt-homo,sasa,lwixujtv,lwixujtv::Total,wt-homo / Total,Total,Time (ps),60000,204.5577,nm^2,nm^2
line,overlay,wt-homo,wt-homo,sasa,lwixujtv,lwixujtv::Total,wt-homo / Total,Total,Time (ps),61000,201.40407,nm^2,nm^2
line,overlay,wt-homo,wt-homo,sasa,lwixujtv,lwixujtv::Total,wt-homo / Total,Total,Time (ps),62000,202.72418,nm^2,nm^2
line,overlay,wt-homo,wt-homo,sasa,lwixujtv,lwixujtv::Total,wt-homo / Total,Total,Time (ps),63000,203.41017,nm^2,nm^2
line,overlay,wt-homo,wt-homo,sasa,lwixujtv,lwixujtv::Total,wt-homo / Total,Total,Time (ps),64000,204.05276,nm^2,nm^2
line,overlay,wt-homo,wt-homo,sasa,lwixujtv,lwixujtv::Total,wt-homo / Total,Total,Time (ps),65000,201.8716,nm^2,nm^2
line,overlay,wt-homo,wt-homo,sasa,lwixujtv,lwixujtv::Total,wt-homo / Total,Total,Time (ps),66000,203.42386,nm^2,nm^2
line,overlay,wt-homo,wt-homo,sasa,lwixujtv,lwixujtv::Total,wt-homo / Total,Total,Time (ps),67000,201.91582,nm^2,nm^2
line,overlay,wt-homo,wt-homo,sasa,lwixujtv,lwixujtv::Total,wt-homo / Total,Total,Time (ps),68000,203.85167,nm^2,nm^2
line,overlay,wt-homo,wt-homo,sasa,lwixujtv,lwixujtv::Total,wt-homo / Total,Total,Time (ps),69000,208.21669,nm^2,nm^2
line,overlay,wt-homo,wt-homo,sasa,lwixujtv,lwixujtv::Total,wt-homo / Total,Total,Time (ps),70000,206.73305,nm^2,nm^2
line,overlay,wt-homo,wt-homo,sasa,lwixujtv,lwixujtv::Total,wt-homo / Total,Total,Time (ps),71000,207.41159,nm^2,nm^2
line,overlay,wt-homo,wt-homo,sasa,lwixujtv,lwixujtv::Total,wt-homo / Total,Total,Time (ps),72000,199.11435,nm^2,nm^2
line,overlay,wt-homo,wt-homo,sasa,lwixujtv,lwixujtv::Total,wt-homo / Total,Total,Time (ps),73000,201.49236,nm^2,nm^2
line,overlay,wt-homo,wt-homo,sasa,lwixujtv,lwixujtv::Total,wt-homo / Total,Total,Time (ps),74000,198.75735,nm^2,nm^2
line,overlay,wt-homo,wt-homo,sasa,lwixujtv,lwixujtv::Total,wt-homo / Total,Total,Time (ps),75000,198.52277,nm^2,nm^2
line,overlay,wt-homo,wt-homo,sasa,lwixujtv,lwixujtv::Total,wt-homo / Total,Total,Time (ps),76000,197.73582,nm^2,nm^2
line,overlay,wt-homo,wt-homo,sasa,lwixujtv,lwixujtv::Total,wt-homo / Total,Total,Time (ps),77000,201.74025,nm^2,nm^2
line,overlay,wt-homo,wt-homo,sasa,lwixujtv,lwixujtv::Total,wt-homo / Total,Total,Time (ps),78000,198.70203,nm^2,nm^2
line,overlay,wt-homo,wt-homo,sasa,lwixujtv,lwixujtv::Total,wt-homo / Total,Total,Time (ps),79000,207.06311,nm^2,nm^2
line,overlay,wt-homo,wt-homo,sasa,lwixujtv,lwixujtv::Total,wt-homo / Total,Total,Time (ps),80000,200.8704,nm^2,nm^2
line,overlay,wt-homo,wt-homo,sasa,lwixujtv,lwixujtv::Total,wt-homo / Total,Total,Time (ps),81000,205.20616,nm^2,nm^2
line,overlay,wt-homo,wt-homo,sasa,lwixujtv,lwixujtv::Total,wt-homo / Total,Total,Time (ps),82000,200.49551,nm^2,nm^2
line,overlay,wt-homo,wt-homo,sasa,lwixujtv,lwixujtv::Total,wt-homo / Total,Total,Time (ps),83000,205.64754,nm^2,nm^2
line,overlay,wt-homo,wt-homo,sasa,lwixujtv,lwixujtv::Total,wt-homo / Total,Total,Time (ps),84000,203.89598,nm^2,nm^2
line,overlay,wt-homo,wt-homo,sasa,lwixujtv,lwixujtv::Total,wt-homo / Total,Total,Time (ps),85000,201.76772,nm^2,nm^2
line,overlay,wt-homo,wt-homo,sasa,lwixujtv,lwixujtv::Total,wt-homo / Total,Total,Time (ps),86000,201.70714,nm^2,nm^2
line,overlay,wt-homo,wt-homo,sasa,lwixujtv,lwixujtv::Total,wt-homo / Total,Total,Time (ps),87000,202.4838,nm^2,nm^2
line,overlay,wt-homo,wt-homo,sasa,lwixujtv,lwixujtv::Total,wt-homo / Total,Total,Time (ps),88000,205.92995,nm^2,nm^2
line,overlay,wt-homo,wt-homo,sasa,lwixujtv,lwixujtv::Total,wt-homo / Total,Total,Time (ps),89000,206.34213,nm^2,nm^2
line,overlay,wt-homo,wt-homo,sasa,lwixujtv,lwixujtv::Total,wt-homo / Total,Total,Time (ps),90000,203.59438,nm^2,nm^2
line,overlay,wt-homo,wt-homo,sasa,lwixujtv,lwixujtv::Total,wt-homo / Total,Total,Time (ps),91000,209.41173,nm^2,nm^2
line,overlay,wt-homo,wt-homo,sasa,lwixujtv,lwixujtv::Total,wt-homo / Total,Total,Time (ps),92000,203.90814,nm^2,nm^2
line,overlay,wt-homo,wt-homo,sasa,lwixujtv,lwixujtv::Total,wt-homo / Total,Total,Time (ps),93000,210.14638,nm^2,nm^2
line,overlay,wt-homo,wt-homo,sasa,lwixujtv,lwixujtv::Total,wt-homo / Total,Total,Time (ps),94000,205.6978,nm^2,nm^2
line,overlay,wt-homo,wt-homo,sasa,lwixujtv,lwixujtv::Total,wt-homo / Total,Total,Time (ps),95000,206.41852,nm^2,nm^2
line,overlay,wt-homo,wt-homo,sasa,lwixujtv,lwixujtv::Total,wt-homo / Total,Total,Time (ps),96000,206.41628,nm^2,nm^2
line,overlay,wt-homo,wt-homo,sasa,lwixujtv,lwixujtv::Total,wt-homo / Total,Total,Time (ps),97000,204.00485,nm^2,nm^2
line,overlay,wt-homo,wt-homo,sasa,lwixujtv,lwixujtv::Total,wt-homo / Total,Total,Time (ps),98000,209.96323,nm^2,nm^2
line,overlay,wt-homo,wt-homo,sasa,lwixujtv,lwixujtv::Total,wt-homo / Total,Total,Time (ps),99000,205.76164,nm^2,nm^2
line,overlay,wt-homo,wt-homo,sasa,lwixujtv,lwixujtv::Total,wt-homo / Total,Total,Time (ps),100000,207.10193,nm^2,nm^2
line,overlay,wt-homo-2,wt-homo-2,sasa,o6ouo1fk,o6ouo1fk::Total,wt-homo-2 / Total,Total,Time (ps),0,203.74478,nm^2,nm^2
line,overlay,wt-homo-2,wt-homo-2,sasa,o6ouo1fk,o6ouo1fk::Total,wt-homo-2 / Total,Total,Time (ps),1000,204.19293,nm^2,nm^2
line,overlay,wt-homo-2,wt-homo-2,sasa,o6ouo1fk,o6ouo1fk::Total,wt-homo-2 / Total,Total,Time (ps),2000,204.0024,nm^2,nm^2
line,overlay,wt-homo-2,wt-homo-2,sasa,o6ouo1fk,o6ouo1fk::Total,wt-homo-2 / Total,Total,Time (ps),3000,202.44452,nm^2,nm^2
line,overlay,wt-homo-2,wt-homo-2,sasa,o6ouo1fk,o6ouo1fk::Total,wt-homo-2 / Total,Total,Time (ps),4000,205.95996,nm^2,nm^2
line,overlay,wt-homo-2,wt-homo-2,sasa,o6ouo1fk,o6ouo1fk::Total,wt-homo-2 / Total,Total,Time (ps),5000,203.71161,nm^2,nm^2
line,overlay,wt-homo-2,wt-homo-2,sasa,o6ouo1fk,o6ouo1fk::Total,wt-homo-2 / Total,Total,Time (ps),6000,206.95113,nm^2,nm^2
line,overlay,wt-homo-2,wt-homo-2,sasa,o6ouo1fk,o6ouo1fk::Total,wt-homo-2 / Total,Total,Time (ps),7000,208.30246,nm^2,nm^2
line,overlay,wt-homo-2,wt-homo-2,sasa,o6ouo1fk,o6ouo1fk::Total,wt-homo-2 / Total,Total,Time (ps),8000,207.97803,nm^2,nm^2
line,overlay,wt-homo-2,wt-homo-2,sasa,o6ouo1fk,o6ouo1fk::Total,wt-homo-2 / Total,Total,Time (ps),9000,202.01239,nm^2,nm^2
line,overlay,wt-homo-2,wt-homo-2,sasa,o6ouo1fk,o6ouo1fk::Total,wt-homo-2 / Total,Total,Time (ps),10000,205.00488,nm^2,nm^2
line,overlay,wt-homo-2,wt-homo-2,sasa,o6ouo1fk,o6ouo1fk::Total,wt-homo-2 / Total,Total,Time (ps),11000,205.41815,nm^2,nm^2
line,overlay,wt-homo-2,wt-homo-2,sasa,o6ouo1fk,o6ouo1fk::Total,wt-homo-2 / Total,Total,Time (ps),12000,209.77399,nm^2,nm^2
line,overlay,wt-homo-2,wt-homo-2,sasa,o6ouo1fk,o6ouo1fk::Total,wt-homo-2 / Total,Total,Time (ps),13000,203.67154,nm^2,nm^2
line,overlay,wt-homo-2,wt-homo-2,sasa,o6ouo1fk,o6ouo1fk::Total,wt-homo-2 / Total,Total,Time (ps),14000,204.04372,nm^2,nm^2
line,overlay,wt-homo-2,wt-homo-2,sasa,o6ouo1fk,o6ouo1fk::Total,wt-homo-2 / Total,Total,Time (ps),15000,203.02255,nm^2,nm^2
line,overlay,wt-homo-2,wt-homo-2,sasa,o6ouo1fk,o6ouo1fk::Total,wt-homo-2 / Total,Total,Time (ps),16000,204.62923,nm^2,nm^2
line,overlay,wt-homo-2,wt-homo-2,sasa,o6ouo1fk,o6ouo1fk::Total,wt-homo-2 / Total,Total,Time (ps),17000,205.48601,nm^2,nm^2
line,overlay,wt-homo-2,wt-homo-2,sasa,o6ouo1fk,o6ouo1fk::Total,wt-homo-2 / Total,Total,Time (ps),18000,207.47133,nm^2,nm^2
line,overlay,wt-homo-2,wt-homo-2,sasa,o6ouo1fk,o6ouo1fk::Total,wt-homo-2 / Total,Total,Time (ps),19000,205.11176,nm^2,nm^2
line,overlay,wt-homo-2,wt-homo-2,sasa,o6ouo1fk,o6ouo1fk::Total,wt-homo-2 / Total,Total,Time (ps),20000,206.37386,nm^2,nm^2
line,overlay,wt-homo-2,wt-homo-2,sasa,o6ouo1fk,o6ouo1fk::Total,wt-homo-2 / Total,Total,Time (ps),21000,207.13293,nm^2,nm^2
line,overlay,wt-homo-2,wt-homo-2,sasa,o6ouo1fk,o6ouo1fk::Total,wt-homo-2 / Total,Total,Time (ps),22000,202.53107,nm^2,nm^2
line,overlay,wt-homo-2,wt-homo-2,sasa,o6ouo1fk,o6ouo1fk::Total,wt-homo-2 / Total,Total,Time (ps),23000,206.25389,nm^2,nm^2
line,overlay,wt-homo-2,wt-homo-2,sasa,o6ouo1fk,o6ouo1fk::Total,wt-homo-2 / Total,Total,Time (ps),24000,209.68524,nm^2,nm^2
line,overlay,wt-homo-2,wt-homo-2,sasa,o6ouo1fk,o6ouo1fk::Total,wt-homo-2 / Total,Total,Time (ps),25000,208.82957,nm^2,nm^2
line,overlay,wt-homo-2,wt-homo-2,sasa,o6ouo1fk,o6ouo1fk::Total,wt-homo-2 / Total,Total,Time (ps),26000,207.03447,nm^2,nm^2
line,overlay,wt-homo-2,wt-homo-2,sasa,o6ouo1fk,o6ouo1fk::Total,wt-homo-2 / Total,Total,Time (ps),27000,203.84561,nm^2,nm^2
line,overlay,wt-homo-2,wt-homo-2,sasa,o6ouo1fk,o6ouo1fk::Total,wt-homo-2 / Total,Total,Time (ps),28000,208.1178,nm^2,nm^2
line,overlay,wt-homo-2,wt-homo-2,sasa,o6ouo1fk,o6ouo1fk::Total,wt-homo-2 / Total,Total,Time (ps),29000,211.84267,nm^2,nm^2
line,overlay,wt-homo-2,wt-homo-2,sasa,o6ouo1fk,o6ouo1fk::Total,wt-homo-2 / Total,Total,Time (ps),30000,207.05545,nm^2,nm^2
line,overlay,wt-homo-2,wt-homo-2,sasa,o6ouo1fk,o6ouo1fk::Total,wt-homo-2 / Total,Total,Time (ps),31000,209.58304,nm^2,nm^2
line,overlay,wt-homo-2,wt-homo-2,sasa,o6ouo1fk,o6ouo1fk::Total,wt-homo-2 / Total,Total,Time (ps),32000,206.71107,nm^2,nm^2
line,overlay,wt-homo-2,wt-homo-2,sasa,o6ouo1fk,o6ouo1fk::Total,wt-homo-2 / Total,Total,Time (ps),33000,212.00488,nm^2,nm^2
line,overlay,wt-homo-2,wt-homo-2,sasa,o6ouo1fk,o6ouo1fk::Total,wt-homo-2 / Total,Total,Time (ps),34000,207.24721,nm^2,nm^2
line,overlay,wt-homo-2,wt-homo-2,sasa,o6ouo1fk,o6ouo1fk::Total,wt-homo-2 / Total,Total,Time (ps),35000,206.96643,nm^2,nm^2
line,overlay,wt-homo-2,wt-homo-2,sasa,o6ouo1fk,o6ouo1fk::Total,wt-homo-2 / Total,Total,Time (ps),36000,205.33174,nm^2,nm^2
line,overlay,wt-homo-2,wt-homo-2,sasa,o6ouo1fk,o6ouo1fk::Total,wt-homo-2 / Total,Total,Time (ps),37000,204.10947,nm^2,nm^2
line,overlay,wt-homo-2,wt-homo-2,sasa,o6ouo1fk,o6ouo1fk::Total,wt-homo-2 / Total,Total,Time (ps),38000,202.62668,nm^2,nm^2
line,overlay,wt-homo-2,wt-homo-2,sasa,o6ouo1fk,o6ouo1fk::Total,wt-homo-2 / Total,Total,Time (ps),39000,203.25748,nm^2,nm^2
line,overlay,wt-homo-2,wt-homo-2,sasa,o6ouo1fk,o6ouo1fk::Total,wt-homo-2 / Total,Total,Time (ps),40000,203.34753,nm^2,nm^2
line,overlay,wt-homo-2,wt-homo-2,sasa,o6ouo1fk,o6ouo1fk::Total,wt-homo-2 / Total,Total,Time (ps),41000,205.3515,nm^2,nm^2
line,overlay,wt-homo-2,wt-homo-2,sasa,o6ouo1fk,o6ouo1fk::Total,wt-homo-2 / Total,Total,Time (ps),42000,202.49571,nm^2,nm^2
line,overlay,wt-homo-2,wt-homo-2,sasa,o6ouo1fk,o6ouo1fk::Total,wt-homo-2 / Total,Total,Time (ps),43000,203.68274,nm^2,nm^2
line,overlay,wt-homo-2,wt-homo-2,sasa,o6ouo1fk,o6ouo1fk::Total,wt-homo-2 / Total,Total,Time (ps),44000,204.59143,nm^2,nm^2
line,overlay,wt-homo-2,wt-homo-2,sasa,o6ouo1fk,o6ouo1fk::Total,wt-homo-2 / Total,Total,Time (ps),45000,206.61064,nm^2,nm^2
line,overlay,wt-homo-2,wt-homo-2,sasa,o6ouo1fk,o6ouo1fk::Total,wt-homo-2 / Total,Total,Time (ps),46000,207.45819,nm^2,nm^2
line,overlay,wt-homo-2,wt-homo-2,sasa,o6ouo1fk,o6ouo1fk::Total,wt-homo-2 / Total,Total,Time (ps),47000,204.47064,nm^2,nm^2
line,overlay,wt-homo-2,wt-homo-2,sasa,o6ouo1fk,o6ouo1fk::Total,wt-homo-2 / Total,Total,Time (ps),48000,201.43852,nm^2,nm^2
line,overlay,wt-homo-2,wt-homo-2,sasa,o6ouo1fk,o6ouo1fk::Total,wt-homo-2 / Total,Total,Time (ps),49000,205.169,nm^2,nm^2
line,overlay,wt-homo-2,wt-homo-2,sasa,o6ouo1fk,o6ouo1fk::Total,wt-homo-2 / Total,Total,Time (ps),50000,202.273,nm^2,nm^2
line,overlay,wt-homo-2,wt-homo-2,sasa,o6ouo1fk,o6ouo1fk::Total,wt-homo-2 / Total,Total,Time (ps),51000,203.35551,nm^2,nm^2
line,overlay,wt-homo-2,wt-homo-2,sasa,o6ouo1fk,o6ouo1fk::Total,wt-homo-2 / Total,Total,Time (ps),52000,205.85083,nm^2,nm^2
line,overlay,wt-homo-2,wt-homo-2,sasa,o6ouo1fk,o6ouo1fk::Total,wt-homo-2 / Total,Total,Time (ps),53000,206.3195,nm^2,nm^2
line,overlay,wt-homo-2,wt-homo-2,sasa,o6ouo1fk,o6ouo1fk::Total,wt-homo-2 / Total,Total,Time (ps),54000,207.51524,nm^2,nm^2
line,overlay,wt-homo-2,wt-homo-2,sasa,o6ouo1fk,o6ouo1fk::Total,wt-homo-2 / Total,Total,Time (ps),55000,205.30685,nm^2,nm^2
line,overlay,wt-homo-2,wt-homo-2,sasa,o6ouo1fk,o6ouo1fk::Total,wt-homo-2 / Total,Total,Time (ps),56000,206.33643,nm^2,nm^2
line,overlay,wt-homo-2,wt-homo-2,sasa,o6ouo1fk,o6ouo1fk::Total,wt-homo-2 / Total,Total,Time (ps),57000,208.90569,nm^2,nm^2
line,overlay,wt-homo-2,wt-homo-2,sasa,o6ouo1fk,o6ouo1fk::Total,wt-homo-2 / Total,Total,Time (ps),58000,205.42743,nm^2,nm^2
line,overlay,wt-homo-2,wt-homo-2,sasa,o6ouo1fk,o6ouo1fk::Total,wt-homo-2 / Total,Total,Time (ps),59000,204.30986,nm^2,nm^2
line,overlay,wt-homo-2,wt-homo-2,sasa,o6ouo1fk,o6ouo1fk::Total,wt-homo-2 / Total,Total,Time (ps),60000,200.94319,nm^2,nm^2
line,overlay,wt-homo-2,wt-homo-2,sasa,o6ouo1fk,o6ouo1fk::Total,wt-homo-2 / Total,Total,Time (ps),61000,204.3728,nm^2,nm^2
line,overlay,wt-homo-2,wt-homo-2,sasa,o6ouo1fk,o6ouo1fk::Total,wt-homo-2 / Total,Total,Time (ps),62000,205.01387,nm^2,nm^2
line,overlay,wt-homo-2,wt-homo-2,sasa,o6ouo1fk,o6ouo1fk::Total,wt-homo-2 / Total,Total,Time (ps),63000,203.96513,nm^2,nm^2
line,overlay,wt-homo-2,wt-homo-2,sasa,o6ouo1fk,o6ouo1fk::Total,wt-homo-2 / Total,Total,Time (ps),64000,203.33322,nm^2,nm^2
line,overlay,wt-homo-2,wt-homo-2,sasa,o6ouo1fk,o6ouo1fk::Total,wt-homo-2 / Total,Total,Time (ps),65000,202.18224,nm^2,nm^2
line,overlay,wt-homo-2,wt-homo-2,sasa,o6ouo1fk,o6ouo1fk::Total,wt-homo-2 / Total,Total,Time (ps),66000,204.31645,nm^2,nm^2
line,overlay,wt-homo-2,wt-homo-2,sasa,o6ouo1fk,o6ouo1fk::Total,wt-homo-2 / Total,Total,Time (ps),67000,204.37645,nm^2,nm^2
line,overlay,wt-homo-2,wt-homo-2,sasa,o6ouo1fk,o6ouo1fk::Total,wt-homo-2 / Total,Total,Time (ps),68000,206.86714,nm^2,nm^2
line,overlay,wt-homo-2,wt-homo-2,sasa,o6ouo1fk,o6ouo1fk::Total,wt-homo-2 / Total,Total,Time (ps),69000,204.27232,nm^2,nm^2
line,overlay,wt-homo-2,wt-homo-2,sasa,o6ouo1fk,o6ouo1fk::Total,wt-homo-2 / Total,Total,Time (ps),70000,204.14001,nm^2,nm^2
line,overlay,wt-homo-2,wt-homo-2,sasa,o6ouo1fk,o6ouo1fk::Total,wt-homo-2 / Total,Total,Time (ps),71000,202.12532,nm^2,nm^2
line,overlay,wt-homo-2,wt-homo-2,sasa,o6ouo1fk,o6ouo1fk::Total,wt-homo-2 / Total,Total,Time (ps),72000,203.4368,nm^2,nm^2
line,overlay,wt-homo-2,wt-homo-2,sasa,o6ouo1fk,o6ouo1fk::Total,wt-homo-2 / Total,Total,Time (ps),73000,200.71558,nm^2,nm^2
line,overlay,wt-homo-2,wt-homo-2,sasa,o6ouo1fk,o6ouo1fk::Total,wt-homo-2 / Total,Total,Time (ps),74000,205.74493,nm^2,nm^2
line,overlay,wt-homo-2,wt-homo-2,sasa,o6ouo1fk,o6ouo1fk::Total,wt-homo-2 / Total,Total,Time (ps),75000,207.62035,nm^2,nm^2
line,overlay,wt-homo-2,wt-homo-2,sasa,o6ouo1fk,o6ouo1fk::Total,wt-homo-2 / Total,Total,Time (ps),76000,209.25282,nm^2,nm^2
line,overlay,wt-homo-2,wt-homo-2,sasa,o6ouo1fk,o6ouo1fk::Total,wt-homo-2 / Total,Total,Time (ps),77000,207.73361,nm^2,nm^2
line,overlay,wt-homo-2,wt-homo-2,sasa,o6ouo1fk,o6ouo1fk::Total,wt-homo-2 / Total,Total,Time (ps),78000,206.55246,nm^2,nm^2
line,overlay,wt-homo-2,wt-homo-2,sasa,o6ouo1fk,o6ouo1fk::Total,wt-homo-2 / Total,Total,Time (ps),79000,204.7602,nm^2,nm^2
line,overlay,wt-homo-2,wt-homo-2,sasa,o6ouo1fk,o6ouo1fk::Total,wt-homo-2 / Total,Total,Time (ps),80000,209.914,nm^2,nm^2
line,overlay,wt-homo-2,wt-homo-2,sasa,o6ouo1fk,o6ouo1fk::Total,wt-homo-2 / Total,Total,Time (ps),81000,210.53867,nm^2,nm^2
line,overlay,wt-homo-2,wt-homo-2,sasa,o6ouo1fk,o6ouo1fk::Total,wt-homo-2 / Total,Total,Time (ps),82000,208.61096,nm^2,nm^2
line,overlay,wt-homo-2,wt-homo-2,sasa,o6ouo1fk,o6ouo1fk::Total,wt-homo-2 / Total,Total,Time (ps),83000,210.49298,nm^2,nm^2
line,overlay,wt-homo-2,wt-homo-2,sasa,o6ouo1fk,o6ouo1fk::Total,wt-homo-2 / Total,Total,Time (ps),84000,206.78139,nm^2,nm^2
line,overlay,wt-homo-2,wt-homo-2,sasa,o6ouo1fk,o6ouo1fk::Total,wt-homo-2 / Total,Total,Time (ps),85000,206.4317,nm^2,nm^2
line,overlay,wt-homo-2,wt-homo-2,sasa,o6ouo1fk,o6ouo1fk::Total,wt-homo-2 / Total,Total,Time (ps),86000,210.7314,nm^2,nm^2
line,overlay,wt-homo-2,wt-homo-2,sasa,o6ouo1fk,o6ouo1fk::Total,wt-homo-2 / Total,Total,Time (ps),87000,207.4122,nm^2,nm^2
line,overlay,wt-homo-2,wt-homo-2,sasa,o6ouo1fk,o6ouo1fk::Total,wt-homo-2 / Total,Total,Time (ps),88000,210.34303,nm^2,nm^2
line,overlay,wt-homo-2,wt-homo-2,sasa,o6ouo1fk,o6ouo1fk::Total,wt-homo-2 / Total,Total,Time (ps),89000,211.2186,nm^2,nm^2
line,overlay,wt-homo-2,wt-homo-2,sasa,o6ouo1fk,o6ouo1fk::Total,wt-homo-2 / Total,Total,Time (ps),90000,209.9769,nm^2,nm^2
line,overlay,wt-homo-2,wt-homo-2,sasa,o6ouo1fk,o6ouo1fk::Total,wt-homo-2 / Total,Total,Time (ps),91000,213.02051,nm^2,nm^2
line,overlay,wt-homo-2,wt-homo-2,sasa,o6ouo1fk,o6ouo1fk::Total,wt-homo-2 / Total,Total,Time (ps),92000,208.7477,nm^2,nm^2
line,overlay,wt-homo-2,wt-homo-2,sasa,o6ouo1fk,o6ouo1fk::Total,wt-homo-2 / Total,Total,Time (ps),93000,212.67442,nm^2,nm^2
line,overlay,wt-homo-2,wt-homo-2,sasa,o6ouo1fk,o6ouo1fk::Total,wt-homo-2 / Total,Total,Time (ps),94000,208.41043,nm^2,nm^2
line,overlay,wt-homo-2,wt-homo-2,sasa,o6ouo1fk,o6ouo1fk::Total,wt-homo-2 / Total,Total,Time (ps),95000,208.1897,nm^2,nm^2
line,overlay,wt-homo-2,wt-homo-2,sasa,o6ouo1fk,o6ouo1fk::Total,wt-homo-2 / Total,Total,Time (ps),96000,210.25613,nm^2,nm^2
line,overlay,wt-homo-2,wt-homo-2,sasa,o6ouo1fk,o6ouo1fk::Total,wt-homo-2 / Total,Total,Time (ps),97000,211.93874,nm^2,nm^2
line,overlay,wt-homo-2,wt-homo-2,sasa,o6ouo1fk,o6ouo1fk::Total,wt-homo-2 / Total,Total,Time (ps),98000,211.05733,nm^2,nm^2
line,overlay,wt-homo-2,wt-homo-2,sasa,o6ouo1fk,o6ouo1fk::Total,wt-homo-2 / Total,Total,Time (ps),99000,205.83507,nm^2,nm^2
line,overlay,wt-homo-2,wt-homo-2,sasa,o6ouo1fk,o6ouo1fk::Total,wt-homo-2 / Total,Total,Time (ps),100000,203.80054,nm^2,nm^2
line,overlay,wt-homo-3,wt-homo-3,sasa,n2sfi626,n2sfi626::Total,wt-homo-3 / Total,Total,Time (ps),0,203.6817,nm^2,nm^2
line,overlay,wt-homo-3,wt-homo-3,sasa,n2sfi626,n2sfi626::Total,wt-homo-3 / Total,Total,Time (ps),1000,205.40463,nm^2,nm^2
line,overlay,wt-homo-3,wt-homo-3,sasa,n2sfi626,n2sfi626::Total,wt-homo-3 / Total,Total,Time (ps),2000,201.67311,nm^2,nm^2
line,overlay,wt-homo-3,wt-homo-3,sasa,n2sfi626,n2sfi626::Total,wt-homo-3 / Total,Total,Time (ps),3000,206.1383,nm^2,nm^2
line,overlay,wt-homo-3,wt-homo-3,sasa,n2sfi626,n2sfi626::Total,wt-homo-3 / Total,Total,Time (ps),4000,207.83939,nm^2,nm^2
line,overlay,wt-homo-3,wt-homo-3,sasa,n2sfi626,n2sfi626::Total,wt-homo-3 / Total,Total,Time (ps),5000,207.30446,nm^2,nm^2
line,overlay,wt-homo-3,wt-homo-3,sasa,n2sfi626,n2sfi626::Total,wt-homo-3 / Total,Total,Time (ps),6000,205.94441,nm^2,nm^2
line,overlay,wt-homo-3,wt-homo-3,sasa,n2sfi626,n2sfi626::Total,wt-homo-3 / Total,Total,Time (ps),7000,206.37355,nm^2,nm^2
line,overlay,wt-homo-3,wt-homo-3,sasa,n2sfi626,n2sfi626::Total,wt-homo-3 / Total,Total,Time (ps),8000,204.37946,nm^2,nm^2
line,overlay,wt-homo-3,wt-homo-3,sasa,n2sfi626,n2sfi626::Total,wt-homo-3 / Total,Total,Time (ps),9000,205.93262,nm^2,nm^2
line,overlay,wt-homo-3,wt-homo-3,sasa,n2sfi626,n2sfi626::Total,wt-homo-3 / Total,Total,Time (ps),10000,206.3498,nm^2,nm^2
line,overlay,wt-homo-3,wt-homo-3,sasa,n2sfi626,n2sfi626::Total,wt-homo-3 / Total,Total,Time (ps),11000,207.21608,nm^2,nm^2
line,overlay,wt-homo-3,wt-homo-3,sasa,n2sfi626,n2sfi626::Total,wt-homo-3 / Total,Total,Time (ps),12000,205.7446,nm^2,nm^2
line,overlay,wt-homo-3,wt-homo-3,sasa,n2sfi626,n2sfi626::Total,wt-homo-3 / Total,Total,Time (ps),13000,206.64738,nm^2,nm^2
line,overlay,wt-homo-3,wt-homo-3,sasa,n2sfi626,n2sfi626::Total,wt-homo-3 / Total,Total,Time (ps),14000,209.70395,nm^2,nm^2
line,overlay,wt-homo-3,wt-homo-3,sasa,n2sfi626,n2sfi626::Total,wt-homo-3 / Total,Total,Time (ps),15000,207.36981,nm^2,nm^2
line,overlay,wt-homo-3,wt-homo-3,sasa,n2sfi626,n2sfi626::Total,wt-homo-3 / Total,Total,Time (ps),16000,202.63144,nm^2,nm^2
line,overlay,wt-homo-3,wt-homo-3,sasa,n2sfi626,n2sfi626::Total,wt-homo-3 / Total,Total,Time (ps),17000,206.01105,nm^2,nm^2
line,overlay,wt-homo-3,wt-homo-3,sasa,n2sfi626,n2sfi626::Total,wt-homo-3 / Total,Total,Time (ps),18000,204.30885,nm^2,nm^2
line,overlay,wt-homo-3,wt-homo-3,sasa,n2sfi626,n2sfi626::Total,wt-homo-3 / Total,Total,Time (ps),19000,202.91644,nm^2,nm^2
line,overlay,wt-homo-3,wt-homo-3,sasa,n2sfi626,n2sfi626::Total,wt-homo-3 / Total,Total,Time (ps),20000,205.65474,nm^2,nm^2
line,overlay,wt-homo-3,wt-homo-3,sasa,n2sfi626,n2sfi626::Total,wt-homo-3 / Total,Total,Time (ps),21000,204.44527,nm^2,nm^2
line,overlay,wt-homo-3,wt-homo-3,sasa,n2sfi626,n2sfi626::Total,wt-homo-3 / Total,Total,Time (ps),22000,205.9884,nm^2,nm^2
line,overlay,wt-homo-3,wt-homo-3,sasa,n2sfi626,n2sfi626::Total,wt-homo-3 / Total,Total,Time (ps),23000,203.42496,nm^2,nm^2
line,overlay,wt-homo-3,wt-homo-3,sasa,n2sfi626,n2sfi626::Total,wt-homo-3 / Total,Total,Time (ps),24000,205.6439,nm^2,nm^2
line,overlay,wt-homo-3,wt-homo-3,sasa,n2sfi626,n2sfi626::Total,wt-homo-3 / Total,Total,Time (ps),25000,209.52611,nm^2,nm^2
line,overlay,wt-homo-3,wt-homo-3,sasa,n2sfi626,n2sfi626::Total,wt-homo-3 / Total,Total,Time (ps),26000,207.17017,nm^2,nm^2
line,overlay,wt-homo-3,wt-homo-3,sasa,n2sfi626,n2sfi626::Total,wt-homo-3 / Total,Total,Time (ps),27000,208.48856,nm^2,nm^2
line,overlay,wt-homo-3,wt-homo-3,sasa,n2sfi626,n2sfi626::Total,wt-homo-3 / Total,Total,Time (ps),28000,207.22423,nm^2,nm^2
line,overlay,wt-homo-3,wt-homo-3,sasa,n2sfi626,n2sfi626::Total,wt-homo-3 / Total,Total,Time (ps),29000,203.8649,nm^2,nm^2
line,overlay,wt-homo-3,wt-homo-3,sasa,n2sfi626,n2sfi626::Total,wt-homo-3 / Total,Total,Time (ps),30000,206.71733,nm^2,nm^2
line,overlay,wt-homo-3,wt-homo-3,sasa,n2sfi626,n2sfi626::Total,wt-homo-3 / Total,Total,Time (ps),31000,205.28448,nm^2,nm^2
line,overlay,wt-homo-3,wt-homo-3,sasa,n2sfi626,n2sfi626::Total,wt-homo-3 / Total,Total,Time (ps),32000,199.6419,nm^2,nm^2
line,overlay,wt-homo-3,wt-homo-3,sasa,n2sfi626,n2sfi626::Total,wt-homo-3 / Total,Total,Time (ps),33000,204.74178,nm^2,nm^2
line,overlay,wt-homo-3,wt-homo-3,sasa,n2sfi626,n2sfi626::Total,wt-homo-3 / Total,Total,Time (ps),34000,199.9456,nm^2,nm^2
line,overlay,wt-homo-3,wt-homo-3,sasa,n2sfi626,n2sfi626::Total,wt-homo-3 / Total,Total,Time (ps),35000,204.33461,nm^2,nm^2
line,overlay,wt-homo-3,wt-homo-3,sasa,n2sfi626,n2sfi626::Total,wt-homo-3 / Total,Total,Time (ps),36000,204.89557,nm^2,nm^2
line,overlay,wt-homo-3,wt-homo-3,sasa,n2sfi626,n2sfi626::Total,wt-homo-3 / Total,Total,Time (ps),37000,208.7529,nm^2,nm^2
line,overlay,wt-homo-3,wt-homo-3,sasa,n2sfi626,n2sfi626::Total,wt-homo-3 / Total,Total,Time (ps),38000,203.23116,nm^2,nm^2
line,overlay,wt-homo-3,wt-homo-3,sasa,n2sfi626,n2sfi626::Total,wt-homo-3 / Total,Total,Time (ps),39000,204.35211,nm^2,nm^2
line,overlay,wt-homo-3,wt-homo-3,sasa,n2sfi626,n2sfi626::Total,wt-homo-3 / Total,Total,Time (ps),40000,209.61905,nm^2,nm^2
line,overlay,wt-homo-3,wt-homo-3,sasa,n2sfi626,n2sfi626::Total,wt-homo-3 / Total,Total,Time (ps),41000,209.32086,nm^2,nm^2
line,overlay,wt-homo-3,wt-homo-3,sasa,n2sfi626,n2sfi626::Total,wt-homo-3 / Total,Total,Time (ps),42000,205.62347,nm^2,nm^2
line,overlay,wt-homo-3,wt-homo-3,sasa,n2sfi626,n2sfi626::Total,wt-homo-3 / Total,Total,Time (ps),43000,207.98282,nm^2,nm^2
line,overlay,wt-homo-3,wt-homo-3,sasa,n2sfi626,n2sfi626::Total,wt-homo-3 / Total,Total,Time (ps),44000,208.63934,nm^2,nm^2
line,overlay,wt-homo-3,wt-homo-3,sasa,n2sfi626,n2sfi626::Total,wt-homo-3 / Total,Total,Time (ps),45000,212.47626,nm^2,nm^2
line,overlay,wt-homo-3,wt-homo-3,sasa,n2sfi626,n2sfi626::Total,wt-homo-3 / Total,Total,Time (ps),46000,205.65793,nm^2,nm^2
line,overlay,wt-homo-3,wt-homo-3,sasa,n2sfi626,n2sfi626::Total,wt-homo-3 / Total,Total,Time (ps),47000,206.82544,nm^2,nm^2
line,overlay,wt-homo-3,wt-homo-3,sasa,n2sfi626,n2sfi626::Total,wt-homo-3 / Total,Total,Time (ps),48000,206.78151,nm^2,nm^2
line,overlay,wt-homo-3,wt-homo-3,sasa,n2sfi626,n2sfi626::Total,wt-homo-3 / Total,Total,Time (ps),49000,207.54907,nm^2,nm^2
line,overlay,wt-homo-3,wt-homo-3,sasa,n2sfi626,n2sfi626::Total,wt-homo-3 / Total,Total,Time (ps),50000,209.14703,nm^2,nm^2
line,overlay,wt-homo-3,wt-homo-3,sasa,n2sfi626,n2sfi626::Total,wt-homo-3 / Total,Total,Time (ps),51000,204.92365,nm^2,nm^2
line,overlay,wt-homo-3,wt-homo-3,sasa,n2sfi626,n2sfi626::Total,wt-homo-3 / Total,Total,Time (ps),52000,209.3966,nm^2,nm^2
line,overlay,wt-homo-3,wt-homo-3,sasa,n2sfi626,n2sfi626::Total,wt-homo-3 / Total,Total,Time (ps),53000,204.74606,nm^2,nm^2
line,overlay,wt-homo-3,wt-homo-3,sasa,n2sfi626,n2sfi626::Total,wt-homo-3 / Total,Total,Time (ps),54000,212.03621,nm^2,nm^2
line,overlay,wt-homo-3,wt-homo-3,sasa,n2sfi626,n2sfi626::Total,wt-homo-3 / Total,Total,Time (ps),55000,209.24536,nm^2,nm^2
line,overlay,wt-homo-3,wt-homo-3,sasa,n2sfi626,n2sfi626::Total,wt-homo-3 / Total,Total,Time (ps),56000,212.38791,nm^2,nm^2
line,overlay,wt-homo-3,wt-homo-3,sasa,n2sfi626,n2sfi626::Total,wt-homo-3 / Total,Total,Time (ps),57000,208.15857,nm^2,nm^2
line,overlay,wt-homo-3,wt-homo-3,sasa,n2sfi626,n2sfi626::Total,wt-homo-3 / Total,Total,Time (ps),58000,206.43526,nm^2,nm^2
line,overlay,wt-homo-3,wt-homo-3,sasa,n2sfi626,n2sfi626::Total,wt-homo-3 / Total,Total,Time (ps),59000,210.36687,nm^2,nm^2
line,overlay,wt-homo-3,wt-homo-3,sasa,n2sfi626,n2sfi626::Total,wt-homo-3 / Total,Total,Time (ps),60000,211.3929,nm^2,nm^2
line,overlay,wt-homo-3,wt-homo-3,sasa,n2sfi626,n2sfi626::Total,wt-homo-3 / Total,Total,Time (ps),61000,210.80862,nm^2,nm^2
line,overlay,wt-homo-3,wt-homo-3,sasa,n2sfi626,n2sfi626::Total,wt-homo-3 / Total,Total,Time (ps),62000,210.60701,nm^2,nm^2
line,overlay,wt-homo-3,wt-homo-3,sasa,n2sfi626,n2sfi626::Total,wt-homo-3 / Total,Total,Time (ps),63000,210.22891,nm^2,nm^2
line,overlay,wt-homo-3,wt-homo-3,sasa,n2sfi626,n2sfi626::Total,wt-homo-3 / Total,Total,Time (ps),64000,210.80309,nm^2,nm^2
line,overlay,wt-homo-3,wt-homo-3,sasa,n2sfi626,n2sfi626::Total,wt-homo-3 / Total,Total,Time (ps),65000,210.56976,nm^2,nm^2
line,overlay,wt-homo-3,wt-homo-3,sasa,n2sfi626,n2sfi626::Total,wt-homo-3 / Total,Total,Time (ps),66000,208.96918,nm^2,nm^2
line,overlay,wt-homo-3,wt-homo-3,sasa,n2sfi626,n2sfi626::Total,wt-homo-3 / Total,Total,Time (ps),67000,211.47034,nm^2,nm^2
line,overlay,wt-homo-3,wt-homo-3,sasa,n2sfi626,n2sfi626::Total,wt-homo-3 / Total,Total,Time (ps),68000,209.94717,nm^2,nm^2
line,overlay,wt-homo-3,wt-homo-3,sasa,n2sfi626,n2sfi626::Total,wt-homo-3 / Total,Total,Time (ps),69000,206.57121,nm^2,nm^2
line,overlay,wt-homo-3,wt-homo-3,sasa,n2sfi626,n2sfi626::Total,wt-homo-3 / Total,Total,Time (ps),70000,207.37589,nm^2,nm^2
line,overlay,wt-homo-3,wt-homo-3,sasa,n2sfi626,n2sfi626::Total,wt-homo-3 / Total,Total,Time (ps),71000,206.87044,nm^2,nm^2
line,overlay,wt-homo-3,wt-homo-3,sasa,n2sfi626,n2sfi626::Total,wt-homo-3 / Total,Total,Time (ps),72000,209.02238,nm^2,nm^2
line,overlay,wt-homo-3,wt-homo-3,sasa,n2sfi626,n2sfi626::Total,wt-homo-3 / Total,Total,Time (ps),73000,209.29942,nm^2,nm^2
line,overlay,wt-homo-3,wt-homo-3,sasa,n2sfi626,n2sfi626::Total,wt-homo-3 / Total,Total,Time (ps),74000,211.23135,nm^2,nm^2
line,overlay,wt-homo-3,wt-homo-3,sasa,n2sfi626,n2sfi626::Total,wt-homo-3 / Total,Total,Time (ps),75000,212.57367,nm^2,nm^2
line,overlay,wt-homo-3,wt-homo-3,sasa,n2sfi626,n2sfi626::Total,wt-homo-3 / Total,Total,Time (ps),76000,208.49127,nm^2,nm^2
line,overlay,wt-homo-3,wt-homo-3,sasa,n2sfi626,n2sfi626::Total,wt-homo-3 / Total,Total,Time (ps),77000,208.59143,nm^2,nm^2
line,overlay,wt-homo-3,wt-homo-3,sasa,n2sfi626,n2sfi626::Total,wt-homo-3 / Total,Total,Time (ps),78000,204.93355,nm^2,nm^2
line,overlay,wt-homo-3,wt-homo-3,sasa,n2sfi626,n2sfi626::Total,wt-homo-3 / Total,Total,Time (ps),79000,209.56328,nm^2,nm^2
line,overlay,wt-homo-3,wt-homo-3,sasa,n2sfi626,n2sfi626::Total,wt-homo-3 / Total,Total,Time (ps),80000,210.48846,nm^2,nm^2
line,overlay,wt-homo-3,wt-homo-3,sasa,n2sfi626,n2sfi626::Total,wt-homo-3 / Total,Total,Time (ps),81000,209.80817,nm^2,nm^2
line,overlay,wt-homo-3,wt-homo-3,sasa,n2sfi626,n2sfi626::Total,wt-homo-3 / Total,Total,Time (ps),82000,213.5685,nm^2,nm^2
line,overlay,wt-homo-3,wt-homo-3,sasa,n2sfi626,n2sfi626::Total,wt-homo-3 / Total,Total,Time (ps),83000,210.01163,nm^2,nm^2
line,overlay,wt-homo-3,wt-homo-3,sasa,n2sfi626,n2sfi626::Total,wt-homo-3 / Total,Total,Time (ps),84000,210.9693,nm^2,nm^2
line,overlay,wt-homo-3,wt-homo-3,sasa,n2sfi626,n2sfi626::Total,wt-homo-3 / Total,Total,Time (ps),85000,209.63156,nm^2,nm^2
line,overlay,wt-homo-3,wt-homo-3,sasa,n2sfi626,n2sfi626::Total,wt-homo-3 / Total,Total,Time (ps),86000,207.79929,nm^2,nm^2
line,overlay,wt-homo-3,wt-homo-3,sasa,n2sfi626,n2sfi626::Total,wt-homo-3 / Total,Total,Time (ps),87000,207.97144,nm^2,nm^2
line,overlay,wt-homo-3,wt-homo-3,sasa,n2sfi626,n2sfi626::Total,wt-homo-3 / Total,Total,Time (ps),88000,209.524,nm^2,nm^2
line,overlay,wt-homo-3,wt-homo-3,sasa,n2sfi626,n2sfi626::Total,wt-homo-3 / Total,Total,Time (ps),89000,207.44034,nm^2,nm^2
line,overlay,wt-homo-3,wt-homo-3,sasa,n2sfi626,n2sfi626::Total,wt-homo-3 / Total,Total,Time (ps),90000,205.08937,nm^2,nm^2
line,overlay,wt-homo-3,wt-homo-3,sasa,n2sfi626,n2sfi626::Total,wt-homo-3 / Total,Total,Time (ps),91000,212.55232,nm^2,nm^2
line,overlay,wt-homo-3,wt-homo-3,sasa,n2sfi626,n2sfi626::Total,wt-homo-3 / Total,Total,Time (ps),92000,207.41643,nm^2,nm^2
line,overlay,wt-homo-3,wt-homo-3,sasa,n2sfi626,n2sfi626::Total,wt-homo-3 / Total,Total,Time (ps),93000,210.78612,nm^2,nm^2
line,overlay,wt-homo-3,wt-homo-3,sasa,n2sfi626,n2sfi626::Total,wt-homo-3 / Total,Total,Time (ps),94000,210.70032,nm^2,nm^2
line,overlay,wt-homo-3,wt-homo-3,sasa,n2sfi626,n2sfi626::Total,wt-homo-3 / Total,Total,Time (ps),95000,206.10576,nm^2,nm^2
line,overlay,wt-homo-3,wt-homo-3,sasa,n2sfi626,n2sfi626::Total,wt-homo-3 / Total,Total,Time (ps),96000,203.49536,nm^2,nm^2
line,overlay,wt-homo-3,wt-homo-3,sasa,n2sfi626,n2sfi626::Total,wt-homo-3 / Total,Total,Time (ps),97000,206.78104,nm^2,nm^2
line,overlay,wt-homo-3,wt-homo-3,sasa,n2sfi626,n2sfi626::Total,wt-homo-3 / Total,Total,Time (ps),98000,205.57495,nm^2,nm^2
line,overlay,wt-homo-3,wt-homo-3,sasa,n2sfi626,n2sfi626::Total,wt-homo-3 / Total,Total,Time (ps),99000,207.34877,nm^2,nm^2
line,overlay,wt-homo-3,wt-homo-3,sasa,n2sfi626,n2sfi626::Total,wt-homo-3 / Total,Total,Time (ps),100000,210.45816,nm^2,nm^2
line,overlay,wt-homo-4,wt-homo-4,sasa,jljreu3k,jljreu3k::Total,wt-homo-4 / Total,Total,Time (ps),0,208.66104,nm^2,nm^2
line,overlay,wt-homo-4,wt-homo-4,sasa,jljreu3k,jljreu3k::Total,wt-homo-4 / Total,Total,Time (ps),1000,211.17133,nm^2,nm^2
line,overlay,wt-homo-4,wt-homo-4,sasa,jljreu3k,jljreu3k::Total,wt-homo-4 / Total,Total,Time (ps),2000,209.24908,nm^2,nm^2
line,overlay,wt-homo-4,wt-homo-4,sasa,jljreu3k,jljreu3k::Total,wt-homo-4 / Total,Total,Time (ps),3000,210.71858,nm^2,nm^2
line,overlay,wt-homo-4,wt-homo-4,sasa,jljreu3k,jljreu3k::Total,wt-homo-4 / Total,Total,Time (ps),4000,206.13162,nm^2,nm^2
line,overlay,wt-homo-4,wt-homo-4,sasa,jljreu3k,jljreu3k::Total,wt-homo-4 / Total,Total,Time (ps),5000,206.6931,nm^2,nm^2
line,overlay,wt-homo-4,wt-homo-4,sasa,jljreu3k,jljreu3k::Total,wt-homo-4 / Total,Total,Time (ps),6000,206.72513,nm^2,nm^2
line,overlay,wt-homo-4,wt-homo-4,sasa,jljreu3k,jljreu3k::Total,wt-homo-4 / Total,Total,Time (ps),7000,204.3304,nm^2,nm^2
line,overlay,wt-homo-4,wt-homo-4,sasa,jljreu3k,jljreu3k::Total,wt-homo-4 / Total,Total,Time (ps),8000,205.35547,nm^2,nm^2
line,overlay,wt-homo-4,wt-homo-4,sasa,jljreu3k,jljreu3k::Total,wt-homo-4 / Total,Total,Time (ps),9000,208.65901,nm^2,nm^2
line,overlay,wt-homo-4,wt-homo-4,sasa,jljreu3k,jljreu3k::Total,wt-homo-4 / Total,Total,Time (ps),10000,204.82828,nm^2,nm^2
line,overlay,wt-homo-4,wt-homo-4,sasa,jljreu3k,jljreu3k::Total,wt-homo-4 / Total,Total,Time (ps),11000,203.04912,nm^2,nm^2
line,overlay,wt-homo-4,wt-homo-4,sasa,jljreu3k,jljreu3k::Total,wt-homo-4 / Total,Total,Time (ps),12000,204.72221,nm^2,nm^2
line,overlay,wt-homo-4,wt-homo-4,sasa,jljreu3k,jljreu3k::Total,wt-homo-4 / Total,Total,Time (ps),13000,202.6799,nm^2,nm^2
line,overlay,wt-homo-4,wt-homo-4,sasa,jljreu3k,jljreu3k::Total,wt-homo-4 / Total,Total,Time (ps),14000,204.13799,nm^2,nm^2
line,overlay,wt-homo-4,wt-homo-4,sasa,jljreu3k,jljreu3k::Total,wt-homo-4 / Total,Total,Time (ps),15000,203.69458,nm^2,nm^2
line,overlay,wt-homo-4,wt-homo-4,sasa,jljreu3k,jljreu3k::Total,wt-homo-4 / Total,Total,Time (ps),16000,200.90866,nm^2,nm^2
line,overlay,wt-homo-4,wt-homo-4,sasa,jljreu3k,jljreu3k::Total,wt-homo-4 / Total,Total,Time (ps),17000,202.33904,nm^2,nm^2
line,overlay,wt-homo-4,wt-homo-4,sasa,jljreu3k,jljreu3k::Total,wt-homo-4 / Total,Total,Time (ps),18000,203.25586,nm^2,nm^2
line,overlay,wt-homo-4,wt-homo-4,sasa,jljreu3k,jljreu3k::Total,wt-homo-4 / Total,Total,Time (ps),19000,204.25656,nm^2,nm^2
line,overlay,wt-homo-4,wt-homo-4,sasa,jljreu3k,jljreu3k::Total,wt-homo-4 / Total,Total,Time (ps),20000,206.9954,nm^2,nm^2
line,overlay,wt-homo-4,wt-homo-4,sasa,jljreu3k,jljreu3k::Total,wt-homo-4 / Total,Total,Time (ps),21000,205.64856,nm^2,nm^2
line,overlay,wt-homo-4,wt-homo-4,sasa,jljreu3k,jljreu3k::Total,wt-homo-4 / Total,Total,Time (ps),22000,207.16644,nm^2,nm^2
line,overlay,wt-homo-4,wt-homo-4,sasa,jljreu3k,jljreu3k::Total,wt-homo-4 / Total,Total,Time (ps),23000,206.02225,nm^2,nm^2
line,overlay,wt-homo-4,wt-homo-4,sasa,jljreu3k,jljreu3k::Total,wt-homo-4 / Total,Total,Time (ps),24000,203.70506,nm^2,nm^2
line,overlay,wt-homo-4,wt-homo-4,sasa,jljreu3k,jljreu3k::Total,wt-homo-4 / Total,Total,Time (ps),25000,207.96474,nm^2,nm^2
line,overlay,wt-homo-4,wt-homo-4,sasa,jljreu3k,jljreu3k::Total,wt-homo-4 / Total,Total,Time (ps),26000,202.11777,nm^2,nm^2
line,overlay,wt-homo-4,wt-homo-4,sasa,jljreu3k,jljreu3k::Total,wt-homo-4 / Total,Total,Time (ps),27000,203.54605,nm^2,nm^2
line,overlay,wt-homo-4,wt-homo-4,sasa,jljreu3k,jljreu3k::Total,wt-homo-4 / Total,Total,Time (ps),28000,206.88698,nm^2,nm^2
line,overlay,wt-homo-4,wt-homo-4,sasa,jljreu3k,jljreu3k::Total,wt-homo-4 / Total,Total,Time (ps),29000,203.64786,nm^2,nm^2
line,overlay,wt-homo-4,wt-homo-4,sasa,jljreu3k,jljreu3k::Total,wt-homo-4 / Total,Total,Time (ps),30000,205.56601,nm^2,nm^2
line,overlay,wt-homo-4,wt-homo-4,sasa,jljreu3k,jljreu3k::Total,wt-homo-4 / Total,Total,Time (ps),31000,205.74167,nm^2,nm^2
line,overlay,wt-homo-4,wt-homo-4,sasa,jljreu3k,jljreu3k::Total,wt-homo-4 / Total,Total,Time (ps),32000,198.98672,nm^2,nm^2
line,overlay,wt-homo-4,wt-homo-4,sasa,jljreu3k,jljreu3k::Total,wt-homo-4 / Total,Total,Time (ps),33000,204.51205,nm^2,nm^2
line,overlay,wt-homo-4,wt-homo-4,sasa,jljreu3k,jljreu3k::Total,wt-homo-4 / Total,Total,Time (ps),34000,205.78828,nm^2,nm^2
line,overlay,wt-homo-4,wt-homo-4,sasa,jljreu3k,jljreu3k::Total,wt-homo-4 / Total,Total,Time (ps),35000,206.96416,nm^2,nm^2
line,overlay,wt-homo-4,wt-homo-4,sasa,jljreu3k,jljreu3k::Total,wt-homo-4 / Total,Total,Time (ps),36000,202.29199,nm^2,nm^2
line,overlay,wt-homo-4,wt-homo-4,sasa,jljreu3k,jljreu3k::Total,wt-homo-4 / Total,Total,Time (ps),37000,205.12654,nm^2,nm^2
line,overlay,wt-homo-4,wt-homo-4,sasa,jljreu3k,jljreu3k::Total,wt-homo-4 / Total,Total,Time (ps),38000,210.14308,nm^2,nm^2
line,overlay,wt-homo-4,wt-homo-4,sasa,jljreu3k,jljreu3k::Total,wt-homo-4 / Total,Total,Time (ps),39000,206.44034,nm^2,nm^2
line,overlay,wt-homo-4,wt-homo-4,sasa,jljreu3k,jljreu3k::Total,wt-homo-4 / Total,Total,Time (ps),40000,205.18889,nm^2,nm^2
line,overlay,wt-homo-4,wt-homo-4,sasa,jljreu3k,jljreu3k::Total,wt-homo-4 / Total,Total,Time (ps),41000,206.14287,nm^2,nm^2
line,overlay,wt-homo-4,wt-homo-4,sasa,jljreu3k,jljreu3k::Total,wt-homo-4 / Total,Total,Time (ps),42000,202.94897,nm^2,nm^2
line,overlay,wt-homo-4,wt-homo-4,sasa,jljreu3k,jljreu3k::Total,wt-homo-4 / Total,Total,Time (ps),43000,200.95648,nm^2,nm^2
line,overlay,wt-homo-4,wt-homo-4,sasa,jljreu3k,jljreu3k::Total,wt-homo-4 / Total,Total,Time (ps),44000,201.76033,nm^2,nm^2
line,overlay,wt-homo-4,wt-homo-4,sasa,jljreu3k,jljreu3k::Total,wt-homo-4 / Total,Total,Time (ps),45000,202.15984,nm^2,nm^2
line,overlay,wt-homo-4,wt-homo-4,sasa,jljreu3k,jljreu3k::Total,wt-homo-4 / Total,Total,Time (ps),46000,200.40285,nm^2,nm^2
line,overlay,wt-homo-4,wt-homo-4,sasa,jljreu3k,jljreu3k::Total,wt-homo-4 / Total,Total,Time (ps),47000,207.16391,nm^2,nm^2
line,overlay,wt-homo-4,wt-homo-4,sasa,jljreu3k,jljreu3k::Total,wt-homo-4 / Total,Total,Time (ps),48000,200.93669,nm^2,nm^2
line,overlay,wt-homo-4,wt-homo-4,sasa,jljreu3k,jljreu3k::Total,wt-homo-4 / Total,Total,Time (ps),49000,202.34625,nm^2,nm^2
line,overlay,wt-homo-4,wt-homo-4,sasa,jljreu3k,jljreu3k::Total,wt-homo-4 / Total,Total,Time (ps),50000,203.21565,nm^2,nm^2
line,overlay,wt-homo-4,wt-homo-4,sasa,jljreu3k,jljreu3k::Total,wt-homo-4 / Total,Total,Time (ps),51000,204.38568,nm^2,nm^2
line,overlay,wt-homo-4,wt-homo-4,sasa,jljreu3k,jljreu3k::Total,wt-homo-4 / Total,Total,Time (ps),52000,205.29947,nm^2,nm^2
line,overlay,wt-homo-4,wt-homo-4,sasa,jljreu3k,jljreu3k::Total,wt-homo-4 / Total,Total,Time (ps),53000,208.63496,nm^2,nm^2
line,overlay,wt-homo-4,wt-homo-4,sasa,jljreu3k,jljreu3k::Total,wt-homo-4 / Total,Total,Time (ps),54000,202.2572,nm^2,nm^2
line,overlay,wt-homo-4,wt-homo-4,sasa,jljreu3k,jljreu3k::Total,wt-homo-4 / Total,Total,Time (ps),55000,203.55096,nm^2,nm^2
line,overlay,wt-homo-4,wt-homo-4,sasa,jljreu3k,jljreu3k::Total,wt-homo-4 / Total,Total,Time (ps),56000,210.44377,nm^2,nm^2
line,overlay,wt-homo-4,wt-homo-4,sasa,jljreu3k,jljreu3k::Total,wt-homo-4 / Total,Total,Time (ps),57000,203.86198,nm^2,nm^2
line,overlay,wt-homo-4,wt-homo-4,sasa,jljreu3k,jljreu3k::Total,wt-homo-4 / Total,Total,Time (ps),58000,202.71498,nm^2,nm^2
line,overlay,wt-homo-4,wt-homo-4,sasa,jljreu3k,jljreu3k::Total,wt-homo-4 / Total,Total,Time (ps),59000,208.8665,nm^2,nm^2
line,overlay,wt-homo-4,wt-homo-4,sasa,jljreu3k,jljreu3k::Total,wt-homo-4 / Total,Total,Time (ps),60000,205.17833,nm^2,nm^2
line,overlay,wt-homo-4,wt-homo-4,sasa,jljreu3k,jljreu3k::Total,wt-homo-4 / Total,Total,Time (ps),61000,208.98622,nm^2,nm^2
line,overlay,wt-homo-4,wt-homo-4,sasa,jljreu3k,jljreu3k::Total,wt-homo-4 / Total,Total,Time (ps),62000,206.39503,nm^2,nm^2
line,overlay,wt-homo-4,wt-homo-4,sasa,jljreu3k,jljreu3k::Total,wt-homo-4 / Total,Total,Time (ps),63000,205.08046,nm^2,nm^2
line,overlay,wt-homo-4,wt-homo-4,sasa,jljreu3k,jljreu3k::Total,wt-homo-4 / Total,Total,Time (ps),64000,208.17012,nm^2,nm^2
line,overlay,wt-homo-4,wt-homo-4,sasa,jljreu3k,jljreu3k::Total,wt-homo-4 / Total,Total,Time (ps),65000,203.99448,nm^2,nm^2
line,overlay,wt-homo-4,wt-homo-4,sasa,jljreu3k,jljreu3k::Total,wt-homo-4 / Total,Total,Time (ps),66000,209.70253,nm^2,nm^2
line,overlay,wt-homo-4,wt-homo-4,sasa,jljreu3k,jljreu3k::Total,wt-homo-4 / Total,Total,Time (ps),67000,208.89615,nm^2,nm^2
line,overlay,wt-homo-4,wt-homo-4,sasa,jljreu3k,jljreu3k::Total,wt-homo-4 / Total,Total,Time (ps),68000,209.51837,nm^2,nm^2
line,overlay,wt-homo-4,wt-homo-4,sasa,jljreu3k,jljreu3k::Total,wt-homo-4 / Total,Total,Time (ps),69000,209.71857,nm^2,nm^2
line,overlay,wt-homo-4,wt-homo-4,sasa,jljreu3k,jljreu3k::Total,wt-homo-4 / Total,Total,Time (ps),70000,210.27103,nm^2,nm^2
line,overlay,wt-homo-4,wt-homo-4,sasa,jljreu3k,jljreu3k::Total,wt-homo-4 / Total,Total,Time (ps),71000,208.451,nm^2,nm^2
line,overlay,wt-homo-4,wt-homo-4,sasa,jljreu3k,jljreu3k::Total,wt-homo-4 / Total,Total,Time (ps),72000,213.05452,nm^2,nm^2
line,overlay,wt-homo-4,wt-homo-4,sasa,jljreu3k,jljreu3k::Total,wt-homo-4 / Total,Total,Time (ps),73000,210.10172,nm^2,nm^2
line,overlay,wt-homo-4,wt-homo-4,sasa,jljreu3k,jljreu3k::Total,wt-homo-4 / Total,Total,Time (ps),74000,213.93486,nm^2,nm^2
line,overlay,wt-homo-4,wt-homo-4,sasa,jljreu3k,jljreu3k::Total,wt-homo-4 / Total,Total,Time (ps),75000,212.52687,nm^2,nm^2
line,overlay,wt-homo-4,wt-homo-4,sasa,jljreu3k,jljreu3k::Total,wt-homo-4 / Total,Total,Time (ps),76000,213.26132,nm^2,nm^2
line,overlay,wt-homo-4,wt-homo-4,sasa,jljreu3k,jljreu3k::Total,wt-homo-4 / Total,Total,Time (ps),77000,211.86209,nm^2,nm^2
line,overlay,wt-homo-4,wt-homo-4,sasa,jljreu3k,jljreu3k::Total,wt-homo-4 / Total,Total,Time (ps),78000,209.76112,nm^2,nm^2
line,overlay,wt-homo-4,wt-homo-4,sasa,jljreu3k,jljreu3k::Total,wt-homo-4 / Total,Total,Time (ps),79000,212.03894,nm^2,nm^2
line,overlay,wt-homo-4,wt-homo-4,sasa,jljreu3k,jljreu3k::Total,wt-homo-4 / Total,Total,Time (ps),80000,208.33449,nm^2,nm^2
line,overlay,wt-homo-4,wt-homo-4,sasa,jljreu3k,jljreu3k::Total,wt-homo-4 / Total,Total,Time (ps),81000,207.32448,nm^2,nm^2
line,overlay,wt-homo-4,wt-homo-4,sasa,jljreu3k,jljreu3k::Total,wt-homo-4 / Total,Total,Time (ps),82000,210.23125,nm^2,nm^2
line,overlay,wt-homo-4,wt-homo-4,sasa,jljreu3k,jljreu3k::Total,wt-homo-4 / Total,Total,Time (ps),83000,210.87059,nm^2,nm^2
line,overlay,wt-homo-4,wt-homo-4,sasa,jljreu3k,jljreu3k::Total,wt-homo-4 / Total,Total,Time (ps),84000,206.2089,nm^2,nm^2
line,overlay,wt-homo-4,wt-homo-4,sasa,jljreu3k,jljreu3k::Total,wt-homo-4 / Total,Total,Time (ps),85000,211.66797,nm^2,nm^2
line,overlay,wt-homo-4,wt-homo-4,sasa,jljreu3k,jljreu3k::Total,wt-homo-4 / Total,Total,Time (ps),86000,211.4059,nm^2,nm^2
line,overlay,wt-homo-4,wt-homo-4,sasa,jljreu3k,jljreu3k::Total,wt-homo-4 / Total,Total,Time (ps),87000,206.97398,nm^2,nm^2
line,overlay,wt-homo-4,wt-homo-4,sasa,jljreu3k,jljreu3k::Total,wt-homo-4 / Total,Total,Time (ps),88000,208.62683,nm^2,nm^2
line,overlay,wt-homo-4,wt-homo-4,sasa,jljreu3k,jljreu3k::Total,wt-homo-4 / Total,Total,Time (ps),89000,212.01715,nm^2,nm^2
line,overlay,wt-homo-4,wt-homo-4,sasa,jljreu3k,jljreu3k::Total,wt-homo-4 / Total,Total,Time (ps),90000,210.71666,nm^2,nm^2
line,overlay,wt-homo-4,wt-homo-4,sasa,jljreu3k,jljreu3k::Total,wt-homo-4 / Total,Total,Time (ps),91000,210.54883,nm^2,nm^2
line,overlay,wt-homo-4,wt-homo-4,sasa,jljreu3k,jljreu3k::Total,wt-homo-4 / Total,Total,Time (ps),92000,209.64903,nm^2,nm^2
line,overlay,wt-homo-4,wt-homo-4,sasa,jljreu3k,jljreu3k::Total,wt-homo-4 / Total,Total,Time (ps),93000,210.44263,nm^2,nm^2
line,overlay,wt-homo-4,wt-homo-4,sasa,jljreu3k,jljreu3k::Total,wt-homo-4 / Total,Total,Time (ps),94000,213.16946,nm^2,nm^2
line,overlay,wt-homo-4,wt-homo-4,sasa,jljreu3k,jljreu3k::Total,wt-homo-4 / Total,Total,Time (ps),95000,215.01643,nm^2,nm^2
line,overlay,wt-homo-4,wt-homo-4,sasa,jljreu3k,jljreu3k::Total,wt-homo-4 / Total,Total,Time (ps),96000,215.39848,nm^2,nm^2
line,overlay,wt-homo-4,wt-homo-4,sasa,jljreu3k,jljreu3k::Total,wt-homo-4 / Total,Total,Time (ps),97000,215.36427,nm^2,nm^2
line,overlay,wt-homo-4,wt-homo-4,sasa,jljreu3k,jljreu3k::Total,wt-homo-4 / Total,Total,Time (ps),98000,216.58943,nm^2,nm^2
line,overlay,wt-homo-4,wt-homo-4,sasa,jljreu3k,jljreu3k::Total,wt-homo-4 / Total,Total,Time (ps),99000,215.42752,nm^2,nm^2
line,overlay,wt-homo-4,wt-homo-4,sasa,jljreu3k,jljreu3k::Total,wt-homo-4 / Total,Total,Time (ps),100000,213.41212,nm^2,nm^2