project_residue_id,chain_id,aligned_residue_number,reference_residue_label,reference_residue_name,tags,dataset_count,mmpbsa_dataset_count,hbond_dataset_count,sasa_dataset_count,rmsf_dataset_count,avg_mmpbsa_total,max_hbond_occupancy,avg_total_sasa,avg_polar_sasa,avg_apolar_sasa,avg_relative_sasa,avg_rmsf,project_notes,evidence_summary,custom_fields_json
Chain 0::1,Chain 0,1,Chain 0 / MET1,MET,conserved | Exposed,8,0,1,8,8,,0.000999000999000999,2.0427956315550473,0.42304950216692866,1.619746154487723,1.0063032667758856,0.7613756375,,Imported structure residue from md_100_prolig_center.gro | SASA: total=2.350822937370527 | Manual tag: M1 | SASA: total=2.4026151317180973 | RMSF: value=0.6874365 | SASA: total=1.860382602946593 | RMSF: value=0.7914441 | SASA: total=2.288726515108996,
Chain 0::2,Chain 0,2,Chain 0 / GLY2,GLY,conserved | Mixed_exposure,8,0,0,8,8,,,0.731423615376548,0.07823114125703526,0.6531924607213772,0.5650541888500755,0.5887573175,,Imported structure residue from md_100_prolig_center.gro | SASA: total=1.1254358090976677 | Manual tag: G2 | SASA: total=1.1612075331187484 | RMSF: value=0.5236393 | SASA: total=0.6028293359397662 | RMSF: value=0.68129104 | SASA: total=1.0728349762387794,
Chain 0::3,Chain 0,3,Chain 0 / SER3,SER,Mixed_exposure,8,0,0,8,8,,,1.0410767259758593,0.19596081430387527,0.8451159271955638,0.693871996364723,0.45390725125,,Imported structure residue from md_100_prolig_center.gro | SASA: total=1.3693504994458492 | RMSF: value=0.37078452 | SASA: total=1.3769796343133 | RMSF: value=0.41305956 | SASA: total=1.319369680810683 | RMSF: value=0.5871979 | SASA: total=1.4043545569523725,
Chain 0::4,Chain 0,4,Chain 0 / GLN4,GLN,Mixed_exposure,8,0,0,8,8,,,1.1347305672888708,0.4989271958054292,0.6358033878230813,0.5302479286396592,0.3522903275,,Imported structure residue from md_100_prolig_center.gro | SASA: total=1.2491116925041275 | RMSF: value=0.26637363 | SASA: total=1.1269410164049356 | RMSF: value=0.30541617 | SASA: total=0.9056422580586801 | RMSF: value=0.45310608 | SASA: total=1.1662960501000432,
Chain 0::5,Chain 0,5,Chain 0 / SER5,SER,Mixed_exposure,8,0,0,8,8,,,0.9700058560707783,0.20066979325072157,0.7693360753468063,0.6487274018833554,0.20174905750000002,,Imported structure residue from md_100_prolig_center.gro | SASA: total=1.222588631186155 | RMSF: value=0.18276717 | SASA: total=1.2050382701477202 | RMSF: value=0.20102382 | SASA: total=1.1085528194314183 | RMSF: value=0.2766214 | SASA: total=1.2042954735236593,
Chain 0::6,Chain 0,6,Chain 0 / LEU6,LEU,Mixed_exposure,8,0,0,8,8,,,0.6726240470710366,0.08498660449196797,0.5876374345014591,0.3521591869481869,0.10536551312499998,,Imported structure residue from md_100_prolig_center.gro | SASA: total=0.7993646535542932 | RMSF: value=0.100617155 | SASA: total=0.914617920866107 | RMSF: value=0.11858698 | SASA: total=0.7858837893103608 | RMSF: value=0.17108235 | SASA: total=1.0226226342786657,
Chain 0::7,Chain 0,7,Chain 0 / VAL7,VAL,Buried,8,0,0,8,8,,,0.20854916789172456,0.00038224400587651955,0.20816692271002446,0.12639343508589368,0.063952810375,,Imported structure residue from md_100_prolig_center.gro | SASA: total=0.1903724843027568 | RMSF: value=0.053347394 | SASA: total=0.18361620649252788 | RMSF: value=0.058445513 | SASA: total=0.18522586415309716 | RMSF: value=0.08164744 | SASA: total=0.18836626912107562,
Chain 0::8,Chain 0,8,Chain 0 / HIS8,HIS,conserved | Buried,8,0,0,8,8,,,0.024978076780934146,0.0010735049375821604,0.023904572005872385,0.01156392443561766,0.054241016749999996,,Imported structure residue from md_100_prolig_center.gro | SASA: total=0.032817041224772386 | Manual tag: H8 | SASA: total=0.040273552815807925 | RMSF: value=0.05180797 | SASA: total=0.02212122517942202 | RMSF: value=0.0583988 | SASA: total=0.03706444770392805,
Chain 0::9,Chain 0,9,Chain 0 / VAL9,VAL,conserved | Buried,8,0,0,8,8,,,0.0003285324515078659,0,0.0003285324515078659,0.00019911057667143392,0.0493356555,,Imported structure residue from md_100_prolig_center.gro | SASA: total=0.00023673096727026572 | Manual tag: V9 | SASA: total=0.00023669989244772655 | RMSF: value=0.047072154 | SASA: total=0.0008804349616022393 | RMSF: value=0.05229398 | SASA: total=0.00022287143043952414,
Chain 0::10,Chain 0,10,Chain 0 / PHE10,PHE,Buried,8,0,0,8,8,,,0.0005629420079323141,0.000016589675676123707,0.0005463523335528956,0.00026105354626597654,0.040988065625,,Imported structure residue from md_100_prolig_center.gro | SASA: total=0.00038571015811792695 | RMSF: value=0.037078276 | SASA: total=2.6299132352307587e-05 | RMSF: value=0.038606215 | SASA: total=0.00035050258704341284 | RMSF: value=0.047046557 | SASA: total=0.0005697421360724044,
Chain 0::11,Chain 0,11,Chain 0 / LEU11,LEU,conserved | Buried,8,0,0,8,8,,,0.00018967427409860292,0.000015206811494323063,0.0001744674639009852,0.00009930590266942563,0.037547268,,Imported structure residue from md_100_prolig_center.gro | SASA: total=0.00042120694346486193 | Manual tag: L11 | SASA: total=0.0003403942596333304 | RMSF: value=0.036684018 | SASA: total=0.0004568443735047142 | RMSF: value=0.039360546 | SASA: total=0.0001951257264850163,
Chain 0::12,Chain 0,12,Chain 0 / VAL12,VAL,conserved | Buried,8,0,0,8,8,,,0.004245110334180719,0,0.004245110334180719,0.002572794141927709,0.04132089825,,Imported structure residue from md_100_prolig_center.gro | SASA: total=0.007585701670977149 | Manual tag: V12 | SASA: total=0.0019993684300691774 | RMSF: value=0.040359505 | SASA: total=0.0036671395992196286 | RMSF: value=0.043401133 | SASA: total=0.01180593563718629,
Chain 0::13,Chain 0,13,Chain 0 / SER13,SER,conserved | Buried,8,0,0,8,8,,,0.003672358608317082,0.0035940268462221828,0.0000783318042378218,0.0025680829428790784,0.04575276775,,Imported structure residue from md_100_prolig_center.gro | SASA: total=0.007839621893028812 | Manual tag: S13 | SASA: total=0.003287354119970362 | RMSF: value=0.04289855 | SASA: total=0.003617627085140436 | RMSF: value=0.05061554 | SASA: total=0.004746384376955062,
Chain 0::14,Chain 0,14,Chain 0 / PHE14,PHE,Second-shell | conserved | Buried,8,8,0,8,8,-0.41815608489999995,,0.10263894066199578,0,0.1026389406804378,0.04501707923771745,0.051584799375,,Imported structure residue from md_100_prolig_center.gro | MMPBSA traj_nowat_100_f100 Total: TOTAL=-0.8723499567999998 | SASA: total=0.032554137234640595 | MMPBSA traj_nowat_100_f100 Total: TOTAL=-0.7062184840000002 | SASA: total=0.06037771458377932 | MMPBSA traj_nowat_100_f100 Total: TOTAL=-0.1104060679999998 | SASA: total=0.19018274560423182 | MMPBSA traj_nowat_100_f100 Total: TOTAL=-0.7372909015999997,
Chain 0::15,Chain 0,15,Chain 0 / PRO15,PRO,conserved | Buried,8,4,2,8,8,-0.04602448759999997,0.03396603396603397,0.13295356195309374,0.04687508108788216,0.08607848099992485,0.0863334817877232,0.062257958625,,Imported structure residue from md_100_prolig_center.gro | MMPBSA traj_nowat_100_f100 Total: TOTAL=-0.09956054640000005 | SASA: total=0.031088889382853365 | SASA: total=0.07722458892529553 | RMSF: value=0.048630077 | MMPBSA traj_nowat_100_f100 Total: TOTAL=-0.008088501600000126 | SASA: total=0.0714930779863112 | HBond protein_to_ESC: max_occ=0.029970029970029972,
Chain 0::16,Chain 0,16,Chain 0 / GLY16,GLY,Second-shell | Mixed_exposure,8,8,1,8,8,-0.0836612144,0.000999000999000999,0.133561525055862,0.0034902194154098408,0.130071301737081,0.1376922938720227,0.06552501275,,Imported structure residue from md_100_prolig_center.gro | MMPBSA traj_nowat_100_f100 Total: TOTAL=-0.2927053256 | SASA: total=0.013498238020456663 | MMPBSA traj_nowat_100_f100 Total: TOTAL=-0.2105903968 | SASA: total=0.11996259971862973 | MMPBSA traj_nowat_100_f100 Total: TOTAL=-0.011833564799999991 | SASA: total=0.17112026164437286 | MMPBSA traj_nowat_100_f100 Total: TOTAL=-0.13814615520000004,
Chain 0::17,Chain 0,17,Chain 0 / GLN17,GLN,Second-shell | conserved | Buried,8,4,1,8,8,-0.03687708699999996,0.000999000999000999,0.051486007721707375,0.014057980875840807,0.037428028434330574,0.024058882112947367,0.058421489,,Imported structure residue from md_100_prolig_center.gro | MMPBSA traj_nowat_100_f100 Total: TOTAL=-0.09365569920000001 | SASA: total=0.023648028879767597 | SASA: total=0.07481746508343386 | RMSF: value=0.04761842 | MMPBSA traj_nowat_100_f100 Total: TOTAL=-0.0015916871999999281 | SASA: total=0.06618002986553873 | MMPBSA traj_nowat_100_f100 Total: TOTAL=-0.04349639039999982,
Chain 0::18,Chain 0,18,Chain 0 / GLY18,GLY,First-shell | conserved | Buried,8,6,1,8,8,-0.032121469599999994,0.000999000999000999,0.005577097937786297,0.00013444553121306593,0.005442652333093262,0.005749585502872471,0.0578843515,,Imported structure residue from md_100_prolig_center.gro | MMPBSA traj_nowat_100_f100 Total: TOTAL=-0.0724825272 | SASA: total=0.0002879712380247541 | SASA: total=0.003482962967735706 | RMSF: value=0.047004554 | MMPBSA traj_nowat_100_f100 Total: TOTAL=-0.0069494991999999815 | SASA: total=0.009989622943472155 | MMPBSA traj_nowat_100_f100 Total: TOTAL=-0.06845271359999999,
Chain 0::19,Chain 0,19,Chain 0 / HISD19,HISD,Second-shell | conserved | Buried,8,8,8,8,8,-0.07104864999999996,0.13786213786213786,0.06137063583453638,0.022052582071248054,0.039318054573296915,0.02841233140487795,0.051099645500000006,,Imported structure residue from md_100_prolig_center.gro | MMPBSA traj_nowat_100_f100 Total: TOTAL=0.031751517600000015 | HBond protein_to_ESC: max_occ=0.011988011988011988 | MMPBSA traj_nowat_100_f100 Total: TOTAL=-0.8612625943999999 | HBond protein_to_ESC: max_occ=0.6833166833166833 | MMPBSA traj_nowat_100_f100 Total: TOTAL=0.01101902959999997 | HBond protein_to_ESC: max_occ=0.001998001998001998 | MMPBSA traj_nowat_100_f100 Total: TOTAL=-0.5261871328,
Chain 0::20,Chain 0,20,Chain 0 / VAL20,VAL,Second-shell | conserved | Buried,8,0,0,8,8,,,0.0011696768923873534,0.0000013813157715733246,0.0011682955842519335,0.0007088950862953657,0.04848911375,,Imported structure residue from md_100_prolig_center.gro | SASA: total=0.0012727422215560876 | Manual tag: V20 | SASA: total=0.0005253928593627297 | RMSF: value=0.04233082 | SASA: total=0.0011555943084825384 | RMSF: value=0.04502827 | SASA: total=0.0013085697906663513,
Chain 0::21,Chain 0,21,Chain 0 / ASN21,ASN,First-shell | conserved | Buried,8,0,0,8,8,,,0.05641337145249,0.029350858998927518,0.02706251407069809,0.03016757831683957,0.04920414,,Imported structure residue from md_100_prolig_center.gro | SASA: total=0.033110565072534105 | Manual tag: N21 | SASA: total=0.05231705861221446 | RMSF: value=0.045200102 | SASA: total=0.07447181214200388 | RMSF: value=0.0469022 | SASA: total=0.06815349738491644,
Chain 0::22,Chain 0,22,Chain 0 / PRO22,PRO,Second-shell | conserved | Buried,8,0,0,8,8,,,0.0013622566535325474,0.000008460676002472934,0.0013537960028878675,0.000884582242553602,0.047540049625,,Imported structure residue from md_100_prolig_center.gro | SASA: total=0.0007349862947617427 | Manual tag: P22 | SASA: total=1.7530173017173122e-05 | RMSF: value=0.04547001 | SASA: total=0.001190964796460501 | RMSF: value=0.04508385 | SASA: total=0.00868281938762653,
Chain 0::23,Chain 0,23,Chain 0 / LEU23,LEU,Second-shell | conserved | Buried,8,0,0,8,8,,,0.000035125149963170035,0.000004148577417173229,0.0000309765725459968,0.00001839013087076965,0.042946172624999994,,Imported structure residue from md_100_prolig_center.gro | SASA: total=0.00010700314997298883 | Manual tag: L23 | SASA: total=9.139127439201468e-05 | RMSF: value=0.041633815 | SASA: total=2.6291379783450083e-05 | RMSF: value=0.0401553 | SASA: total=1.753791867026893e-05,
Chain 0::24,Chain 0,24,Chain 0 / LEU24,LEU,conserved | Buried,8,0,0,8,8,,,0.04317203063361051,0.000771249087883556,0.042400781316498284,0.022603157399796084,0.045825036750000006,,Imported structure residue from md_100_prolig_center.gro | SASA: total=0.04608109538065325 | Manual tag: L24 | SASA: total=0.0366158325335767 | RMSF: value=0.042730138 | SASA: total=0.048150020845160624 | RMSF: value=0.044439107 | SASA: total=0.049254848299050094,
Chain 0::25,Chain 0,25,Chain 0 / ARG25,ARG,Second-shell | conserved | Buried,8,0,0,8,8,,,0.2334026050670902,0.013968843848578228,0.21943375359446102,0.08807645474229821,0.046037105,,Imported structure residue from md_100_prolig_center.gro | SASA: total=0.2829288073105387 | Manual tag: R25 | SASA: total=0.2232521961231043 | RMSF: value=0.038439646 | SASA: total=0.27761962331167545 | RMSF: value=0.04509596 | SASA: total=0.3035803159864822,
Chain 0::26,Chain 0,26,Chain 0 / LEU26,LEU,conserved | Buried,8,0,0,8,8,,,0.0010033747379260027,0.000002762631543146649,0.001000612103213132,0.0005253270879193731,0.044896781999999996,,Imported structure residue from md_100_prolig_center.gro | SASA: total=0.001619270089829322 | Manual tag: L26 | SASA: total=0.00035438258869407497 | RMSF: value=0.04029814 | SASA: total=0.002211151663029548 | RMSF: value=0.04584469 | SASA: total=0.0005259283145170401,
Chain 0::27,Chain 0,27,Chain 0 / GLY27,GLY,conserved | Buried,8,0,0,8,8,,,0.0007451344279273837,0.0000028212979495857314,0.0007423131303379937,0.0007681798226055503,0.04688489575,,Imported structure residue from md_100_prolig_center.gro | SASA: total=0.0031207424938900045 | Manual tag: G27 | SASA: total=0.0002917898012011653 | RMSF: value=0.042593587 | SASA: total=0.0019288070426128879 | RMSF: value=0.048672542 | SASA: total=0.0004470231101414797,
Chain 0::28,Chain 0,28,Chain 0 / ILE28,ILE,Buried,8,0,0,8,8,,,0.14726325280337346,0.0013711599663065951,0.14589209310562895,0.07899858817281703,0.0545093985,,Imported structure residue from md_100_prolig_center.gro | SASA: total=0.22102680920374276 | RMSF: value=0.0539084 | SASA: total=0.1753866164991171 | RMSF: value=0.05225289 | SASA: total=0.10550354789979387 | RMSF: value=0.058660965 | SASA: total=0.1514265209731489,
Chain 0::29,Chain 0,29,Chain 0 / ARG29,ARG,Buried,8,0,1,8,8,,0.000999000999000999,0.1714589487044325,0.014920448989545154,0.15653849841040182,0.06470149007714435,0.05651579325,,Imported structure residue from md_100_prolig_center.gro | SASA: total=0.09038730778058271 | RMSF: value=0.04410991 | SASA: total=0.12691322441148287 | RMSF: value=0.05160951 | SASA: total=0.09434197916842924 | RMSF: value=0.07128116 | SASA: total=0.26548058974860916,
Chain 0::30,Chain 0,30,Chain 0 / LEU30,LEU,conserved | Buried,8,0,0,8,8,,,0.0012084678403132983,0.0000014114510590708492,0.0012070563886779138,0.0006327056755567006,0.05217540875,,Imported structure residue from md_100_prolig_center.gro | SASA: total=0.001894205342978239 | Manual tag: L30 | SASA: total=0.0004419558635442564 | RMSF: value=0.04752497 | SASA: total=0.002402958598467383 | RMSF: value=0.066508956 | SASA: total=0.0010552171543978229,
Chain 0::31,Chain 0,31,Chain 0 / ALA31,ALA,conserved | Buried,8,0,0,8,8,,,0.00002322086940766174,0.00002212571856187712,0.0000010951508457846202,0.00001919080116335681,0.058414728124999996,,Imported structure residue from md_100_prolig_center.gro | SASA: total=0.0 | Manual tag: A31 | SASA: total=0.00017700574849501696 | RMSF: value=0.056719527 | RMSF: value=0.0641461 | RMSF: value=0.055718567 | RMSF: value=0.056475416,
Chain 0::32,Chain 0,32,Chain 0 / SER32,SER,Mixed_exposure,8,0,0,8,8,,,0.2738089438822895,0.17506848329143362,0.09874045403010333,0.14748965333751315,0.0703221155,,Imported structure residue from md_100_prolig_center.gro | SASA: total=0.29682349922633405 | RMSF: value=0.05873235 | SASA: total=0.35567916973982705 | RMSF: value=0.06719519 | SASA: total=0.3708713910367229 | RMSF: value=0.07250125 | SASA: total=0.4932828725564598,
Chain 0::33,Chain 0,33,Chain 0 / LYS33,LYS,Intermediate,8,0,0,8,8,,,0.699135826734623,0.1772008433864258,0.5219349928642854,0.28315779343560277,0.07426711662499999,,Imported structure residue from md_100_prolig_center.gro | SASA: total=0.6892719327813328 | RMSF: value=0.060678985 | SASA: total=0.6933200548190882 | RMSF: value=0.071394004 | SASA: total=0.7576794618427163 | RMSF: value=0.08760612 | SASA: total=0.759458604425487,
Chain 0::34,Chain 0,34,Chain 0 / GLY34,GLY,conserved | Buried,8,0,0,8,8,,,0.1280046534991943,0.05205501287055806,0.07594964120739905,0.13196356030844775,0.07585244799999999,,Imported structure residue from md_100_prolig_center.gro | SASA: total=0.07459113341156799 | Manual tag: G34 | SASA: total=0.11745340591019923 | RMSF: value=0.07881943 | SASA: total=0.1026921221377826 | RMSF: value=0.08550778 | SASA: total=0.12779313738983455,
Chain 0::35,Chain 0,35,Chain 0 / LEU35,LEU,conserved | Buried,8,0,0,8,8,,,0.014887080469922542,0.000006963637349712155,0.014880116906485032,0.007794282968545832,0.060488400500000004,,Imported structure residue from md_100_prolig_center.gro | SASA: total=0.0026463570181593887 | Manual tag: L35 | SASA: total=0.014727425457227349 | RMSF: value=0.05758757 | SASA: total=0.008235984214461676 | RMSF: value=0.06993312 | SASA: total=0.01890207281207094,
Chain 0::36,Chain 0,36,Chain 0 / LEU36,LEU,conserved | Buried,8,0,0,8,8,,,0.14925624790570025,0.00009731785668000247,0.14915893010016806,0.07814463241136138,0.053594664125,,Imported structure residue from md_100_prolig_center.gro | SASA: total=0.20387784354757554 | Manual tag: L36 | SASA: total=0.2506994401464368 | RMSF: value=0.05071086 | SASA: total=0.09657465924720952 | RMSF: value=0.06425617 | SASA: total=0.27869449865699997,
Chain 0::37,Chain 0,37,Chain 0 / VAL37,VAL,conserved | Buried,8,0,0,8,8,,,0.0013163171866781879,0.0009690667875745048,0.00034725042820751373,0.0007977679919261747,0.043959438125,,Imported structure residue from md_100_prolig_center.gro | SASA: total=0.0033870809204360045 | Manual tag: V37 | SASA: total=0.0008513091666863696 | RMSF: value=0.039861534 | SASA: total=0.000551250569596149 | RMSF: value=0.049856376 | SASA: total=0.003939226315827063,
Chain 0::38,Chain 0,38,Chain 0 / THR38,THR,conserved | Buried,8,0,0,8,8,,,0.006301982226432301,0.0009164446237264201,0.0053855377297830015,0.0038662467646823936,0.044338747875,,Imported structure residue from md_100_prolig_center.gro | SASA: total=0.010911715954615929 | Manual tag: T38 | SASA: total=0.006324325162585419 | RMSF: value=0.043239422 | SASA: total=0.011206123387754554 | RMSF: value=0.049478058 | SASA: total=0.005112401833342812,
Chain 0::39,Chain 0,39,Chain 0 / PHE39,PHE,conserved | Buried,8,0,0,8,8,,,0.0015533540592676419,0.00006358371053402782,0.0014897703357665607,0.0006812956400296675,0.044031838499999996,,Imported structure residue from md_100_prolig_center.gro | SASA: total=0.00309383625736331 | Manual tag: F39 | SASA: total=0.0015906289146088138 | RMSF: value=0.043039516 | SASA: total=0.004666276202343478 | RMSF: value=0.045853645 | SASA: total=0.0012436434626579285,
Chain 0::40,Chain 0,40,Chain 0 / SER40,SER,Buried,8,0,0,8,8,,,0.0033516808464693244,0.0022931992501944837,0.0010584816569318342,0.0020659548132580764,0.04590022525000001,,Imported structure residue from md_100_prolig_center.gro | SASA: total=0.003206268566116543 | RMSF: value=0.04068834 | SASA: total=0.0006829505396711797 | RMSF: value=0.044284802 | SASA: total=0.002929085847174767 | RMSF: value=0.050046034 | SASA: total=0.019089923267907434,
Chain 0::41,Chain 0,41,Chain 0 / THR41,THR,conserved | Buried,8,0,0,8,8,,,0.002157289804089676,0.0005450267552186061,0.001612263005071246,0.0013234906773556298,0.051669702250000005,,Imported structure residue from md_100_prolig_center.gro | SASA: total=0.00041252650357414 | Manual tag: T41 | SASA: total=0.0003461526098227737 | RMSF: value=0.046442203 | SASA: total=0.000883672570828164 | RMSF: value=0.054434318 | SASA: total=0.015043792379374551,
Chain 0::42,Chain 0,42,Chain 0 / PRO42,PRO,conserved | Buried,8,0,0,8,8,,,0.019805498176114867,0.00007194227142499225,0.01973355595540546,0.012860713101373288,0.06073503975,,Imported structure residue from md_100_prolig_center.gro | SASA: total=0.0011716814029334795 | Manual tag: P42 | SASA: total=0.017474045257757205 | RMSF: value=0.055432152 | SASA: total=0.03340998308567127 | RMSF: value=0.06943513 | SASA: total=0.09127067324548664,
Chain 0::43,Chain 0,43,Chain 0 / GLU43,GLU,Mixed_exposure,8,0,0,8,8,,,0.39730871338766105,0.256882875634468,0.14042583430222796,0.22650479307299198,0.070125908,,Imported structure residue from md_100_prolig_center.gro | SASA: total=0.28320572532639643 | RMSF: value=0.068320185 | SASA: total=0.24089015002297884 | RMSF: value=0.06561278 | SASA: total=0.18570495920606178 | RMSF: value=0.080781914 | SASA: total=0.20003114810379424,
Chain 0::44,Chain 0,44,Chain 0 / SER44,SER,Mixed_exposure,8,0,2,8,8,,0.007492507492507492,0.3820366223693116,0.05224503793564653,0.3297915870028705,0.1982353432050847,0.08171140387499999,,Imported structure residue from md_100_prolig_center.gro | SASA: total=0.09313695763449857 | RMSF: value=0.078978285 | SASA: total=0.4202477600019757 | RMSF: value=0.07286836 | SASA: total=0.4168885308917206 | RMSF: value=0.08271387 | HBond protein_to_ESC: max_occ=0.00999000999000999,
Chain 0::45,Chain 0,45,Chain 0 / ILE45,ILE,Buried,8,0,0,8,8,,,0.15701229639851608,0.005276819192118584,0.15173547431575318,0.08597612202173881,0.0731224715,,Imported structure residue from md_100_prolig_center.gro | SASA: total=0.0037231026816707436 | RMSF: value=0.07247025 | SASA: total=0.016511877233365384 | RMSF: value=0.062027596 | SASA: total=0.056417760872604826 | RMSF: value=0.07391614 | SASA: total=0.026361679012822634,
Chain 0::46,Chain 0,46,Chain 0 / GLY46,GLY,Buried,8,0,0,8,8,,,0.005554182416474733,0.0010326170604007482,0.0045215652629993575,0.005725961254097663,0.0731206315,,Imported structure residue from md_100_prolig_center.gro | SASA: total=0.005506415325816315 | RMSF: value=0.0785124 | SASA: total=0.010028038777890477 | RMSF: value=0.06618874 | SASA: total=0.0183482793814475 | RMSF: value=0.08678031 | SASA: total=0.005507699333795226,
Chain 0::47,Chain 0,47,Chain 0 / LYS47,LYS,Intermediate,8,0,1,8,8,,0.000999000999000999,0.8828133066544439,0.2868023064753414,0.5960109878958452,0.39659961663088616,0.082190652625,,Imported structure residue from md_100_prolig_center.gro | SASA: total=0.7315648186324847 | RMSF: value=0.08273778 | SASA: total=0.7876854066801543 | RMSF: value=0.08206931 | SASA: total=0.836143416343349 | RMSF: value=0.08557917 | SASA: total=0.786748199179621,
Chain 0::48,Chain 0,48,Chain 0 / GLU48,GLU,Mixed_exposure,8,0,0,8,8,,,0.5229919227670029,0.1585536874141452,0.364438235377063,0.23488704766003937,0.08115831612499999,,Imported structure residue from md_100_prolig_center.gro | SASA: total=0.4238424838179409 | RMSF: value=0.08802721 | SASA: total=0.7107537639613198 | RMSF: value=0.080639325 | SASA: total=0.5745657089323101 | RMSF: value=0.07484262 | SASA: total=0.6292067323580827,
Chain 0::49,Chain 0,49,Chain 0 / MET49,MET,conserved | Buried,8,0,0,8,8,,,0.007340286900450725,0.0025207780315690573,0.004819508592107121,0.0036159048770693226,0.07510606549999999,,Imported structure residue from md_100_prolig_center.gro | SASA: total=0.0009686356539478396 | Manual tag: M49 | SASA: total=0.008972128263056869 | RMSF: value=0.07248293 | SASA: total=0.006085387550958312 | RMSF: value=0.07520173 | SASA: total=0.0013220021224553042,
Chain 0::50,Chain 0,50,Chain 0 / ARG50,ARG,Intermediate,8,0,0,8,8,,,1.008521573968453,0.20958664261800525,0.7989349562195267,0.38057417885602,0.09020221775000001,,Imported structure residue from md_100_prolig_center.gro | SASA: total=1.0563462217255395 | RMSF: value=0.10411081 | SASA: total=1.108226202502109 | RMSF: value=0.09419804 | SASA: total=1.0735066751442333 | RMSF: value=0.098250896 | SASA: total=1.0234962867038084,
Chain 0::51,Chain 0,51,Chain 0 / LYS51,LYS,Exposed,8,0,1,8,8,,0.000999000999000999,1.484127849414207,0.17088475888871615,1.313243057689454,0.645272978006177,0.10198112925000001,,Imported structure residue from md_100_prolig_center.gro | SASA: total=1.539726188867399 | RMSF: value=0.109168254 | SASA: total=1.6543935832410757 | RMSF: value=0.11285261 | SASA: total=1.704274351053899 | RMSF: value=0.10395587 | SASA: total=1.6445321139722768,
Chain 0::52,Chain 0,52,Chain 0 / ALA52,ALA,Mixed_exposure,8,0,0,8,8,,,0.17067630647100732,0.14390983488779552,0.026766477024187288,0.14105479873636967,0.08879638487500001,,Imported structure residue from md_100_prolig_center.gro | SASA: total=0.24338388561022165 | RMSF: value=0.11744503 | SASA: total=0.2039202348430558 | RMSF: value=0.09562356 | SASA: total=0.18635936214192078 | RMSF: value=0.081184685 | SASA: total=0.21716640358514125,
Chain 0::53,Chain 0,53,Chain 0 / SER53,SER,Second-shell | Mixed_exposure,8,0,0,8,8,,,0.36721231356853307,0.1886358594540322,0.17857644942100387,0.2567918276703029,0.11221117875,,Imported structure residue from md_100_prolig_center.gro | SASA: total=0.4445227862584709 | Manual tag: S53 | SASA: total=0.46378690594493754 | RMSF: value=0.11633397 | SASA: total=0.5159006853504936 | RMSF: value=0.11582183 | SASA: total=0.4215256902250913,
Chain 0::54,Chain 0,54,Chain 0 / ASN54,ASN,Mixed_exposure,8,0,0,8,8,,,0.9060522690784223,0.3580201587980927,0.5480321245175777,0.6056039410721913,0.11124747612499998,,Imported structure residue from md_100_prolig_center.gro | SASA: total=0.4909597706086565 | RMSF: value=0.11325945 | SASA: total=0.510329931974411 | RMSF: value=0.11104641 | SASA: total=0.42749817654638006 | RMSF: value=0.10513796 | SASA: total=0.5235169004685808,
Chain 0::55,Chain 0,55,Chain 0 / ILE55,ILE,Buried,8,0,0,8,8,,,0.14945093747966065,0.08142157155319606,0.06802936285781147,0.08475955117377028,0.10467510312500002,,Imported structure residue from md_100_prolig_center.gro | SASA: total=0.05305608044756521 | RMSF: value=0.10597813 | SASA: total=0.12265200101503052 | RMSF: value=0.0937231 | SASA: total=0.07353112079424433 | RMSF: value=0.08637338 | SASA: total=0.07777843469440347,
Chain 0::56,Chain 0,56,Chain 0 / THR56,THR,Intermediate,8,0,0,8,8,,,0.6268220937045493,0.08236605611556017,0.5444560437509329,0.3845534317205825,0.105006835,,Imported structure residue from md_100_prolig_center.gro | SASA: total=0.5880059269395205 | RMSF: value=0.110417746 | SASA: total=0.6121976611637833 | RMSF: value=0.10335202 | SASA: total=0.5540254771119297 | RMSF: value=0.087135434 | SASA: total=0.6037413353967195,
Chain 0::57,Chain 0,57,Chain 0 / ASP57,ASP,Mixed_exposure,8,0,0,8,8,,,1.0946309980336983,0.7162540363203181,0.37837697554490357,0.5464592456958622,0.10898265262500001,,Imported structure residue from md_100_prolig_center.gro | SASA: total=1.1852577322780495 | RMSF: value=0.10721222 | SASA: total=1.2185629783290448 | RMSF: value=0.12571502 | SASA: total=1.1795287085051585 | RMSF: value=0.09534275 | SASA: total=1.029679510262933,
Chain 0::58,Chain 0,58,Chain 0 / GLU58,GLU,Exposed,8,0,0,8,8,,,1.255285646655772,0.8349886377259056,0.42029699664747355,0.5865820778765289,0.08788106637500001,,Imported structure residue from md_100_prolig_center.gro | SASA: total=1.2763370535161236 | RMSF: value=0.09386553 | SASA: total=1.2765176331642831 | RMSF: value=0.08478099 | SASA: total=1.274798048604833 | RMSF: value=0.08098437 | SASA: total=1.2752771979511375,
Chain 0::59,Chain 0,59,Chain 0 / PRO59,PRO,conserved | Intermediate,8,0,0,8,8,,,0.523125084688758,0.10325791143886007,0.4198671784620769,0.3396916134342584,0.0765113255,,Imported structure residue from md_100_prolig_center.gro | SASA: total=0.5958898964494762 | Manual tag: P59 | SASA: total=0.5444572674165858 | RMSF: value=0.07611642 | SASA: total=0.5952919231783046 | RMSF: value=0.0748816 | SASA: total=0.5234183350411972,
Chain 0::60,Chain 0,60,Chain 0 / VAL60,VAL,Buried,8,0,0,8,8,,,0.35966554656624794,0.004328932082925988,0.3553366234323176,0.17449060733304528,0.072224741875,,Imported structure residue from md_100_prolig_center.gro | SASA: total=0.40152642632474994 | RMSF: value=0.0684223 | SASA: total=0.4019468727678356 | RMSF: value=0.07644833 | SASA: total=0.426392785688438 | RMSF: value=0.07070536 | SASA: total=0.39660425646470326,
Chain 0::61,Chain 0,61,Chain 0 / PRO61,PRO,conserved | Exposed,8,0,0,8,8,,,1.0474964224613539,0.1344124702460105,0.9130839847102024,0.6801924821177623,0.083692501125,,Imported structure residue from md_100_prolig_center.gro | SASA: total=1.0802024378634916 | Manual tag: P61 | SASA: total=1.2170230516112677 | RMSF: value=0.101467855 | SASA: total=1.1557414295649764 | RMSF: value=0.08073726 | SASA: total=1.2013065555308124,
Chain 0::62,Chain 0,62,Chain 0 / ILE62,ILE,Buried,8,0,0,8,8,,,0.14067392807343218,0.003153007376811117,0.1375209200057653,0.08183830873329394,0.07601624362500001,,Imported structure residue from md_100_prolig_center.gro | SASA: total=0.06580703122781055 | RMSF: value=0.069191985 | SASA: total=0.17257725543314867 | RMSF: value=0.07921965 | SASA: total=0.18735818299326565 | RMSF: value=0.07596953 | SASA: total=0.18916391588673734,
Chain 0::63,Chain 0,63,Chain 0 / GLY63,GLY,conserved | Exposed,8,0,0,8,8,,,0.555361089914447,0.2331200075142159,0.32224107655410716,0.5725372060973681,0.0921435625,,Imported structure residue from md_100_prolig_center.gro | SASA: total=0.4986245407916532 | Manual tag: G63 | SASA: total=0.5188237744392735 | RMSF: value=0.08392682 | SASA: total=0.6101994207589934 | RMSF: value=0.09348881 | SASA: total=0.5473379717014804,
Chain 0::64,Chain 0,64,Chain 0 / ASP64,ASP,Exposed,8,0,0,8,8,,,1.4831298343320884,0.5276338325001962,0.9554959748050955,0.7028692847056297,0.09401678787500001,,Imported structure residue from md_100_prolig_center.gro | SASA: total=1.7952085308509298 | RMSF: value=0.080960125 | SASA: total=1.7674119614138462 | RMSF: value=0.086480856 | SASA: total=1.7839093066678189 | RMSF: value=0.09865529 | SASA: total=1.875011139576978,
Chain 0::65,Chain 0,65,Chain 0 / GLY65,GLY,Buried,8,0,0,8,8,,,0.04651472283329003,0.04015377969803788,0.006360944267708145,0.04795332250854642,0.06945966125,,Imported structure residue from md_100_prolig_center.gro | SASA: total=0.06120688519855537 | RMSF: value=0.06272969 | SASA: total=0.09226036315212155 | RMSF: value=0.060901754 | SASA: total=0.06765475138874337 | RMSF: value=0.076734364 | SASA: total=0.08860176880982253,
Chain 0::66,Chain 0,66,Chain 0 / TYR66,TYR,Mixed_exposure,8,0,0,8,8,,,0.5543109378454709,0.3012416163035253,0.25306933034571016,0.2330174116361764,0.064985376875,,Imported structure residue from md_100_prolig_center.gro | SASA: total=0.42603197015158023 | RMSF: value=0.06332301 | SASA: total=0.33068968488438294 | RMSF: value=0.062287033 | SASA: total=0.410450157847735 | RMSF: value=0.077855274 | SASA: total=0.4982059102247257,
Chain 0::67,Chain 0,67,Chain 0 / ILE67,ILE,Buried,8,0,0,8,8,,,0.004821087016307951,0.00007327141137655345,0.004747815590811718,0.00266358398691047,0.05544358725,,Imported structure residue from md_100_prolig_center.gro | SASA: total=0.02516734009922141 | RMSF: value=0.052601002 | SASA: total=0.0014729533196970969 | RMSF: value=0.0539255 | SASA: total=0.005153333614949174 | RMSF: value=0.061773587 | SASA: total=0.0019937504341106605,
Chain 0::68,Chain 0,68,Chain 0 / ARG68,ARG,Mixed_exposure,8,0,0,8,8,,,0.5059384518847017,0.07071811105539598,0.4352203490636727,0.19092017052252896,0.058661834875000006,,Imported structure residue from md_100_prolig_center.gro | SASA: total=0.5663259064797128 | RMSF: value=0.05543907 | SASA: total=0.4623350465651786 | RMSF: value=0.0597685 | SASA: total=0.5485346641871008 | RMSF: value=0.06392855 | SASA: total=0.504929765026168,
Chain 0::69,Chain 0,69,Chain 0 / PHE69,PHE,Buried,8,0,0,8,8,,,0.05660713131452788,0.03798335188040786,0.018623779026090078,0.02482768917303855,0.054782688625,,Imported structure residue from md_100_prolig_center.gro | SASA: total=0.042983138177654534 | RMSF: value=0.05407762 | SASA: total=0.041879668315448385 | RMSF: value=0.052352995 | SASA: total=0.031580795635386266 | RMSF: value=0.0598632 | SASA: total=0.021303136664152254,
Chain 0::70,Chain 0,70,Chain 0 / GLU70,GLU,conserved | Buried,8,0,0,8,8,,,0.36236784810034356,0.2321215653515393,0.1302462897998555,0.16933077014034748,0.058006882499999995,,Imported structure residue from md_100_prolig_center.gro | SASA: total=0.4196993103711912 | Manual tag: E70 | SASA: total=0.41015138307420335 | RMSF: value=0.059840903 | SASA: total=0.42631688802549156 | RMSF: value=0.06967113 | SASA: total=0.31921465178527453,
Chain 0::71,Chain 0,71,Chain 0 / PHE71,PHE,Buried,8,0,0,8,8,,,0.27938437628753404,0.14876408061003407,0.13062029481764034,0.12253700714365531,0.06611831800000001,,Imported structure residue from md_100_prolig_center.gro | SASA: total=0.38857954091364794 | RMSF: value=0.06260118 | SASA: total=0.30469582576562865 | RMSF: value=0.0636524 | SASA: total=0.33070130985562163 | RMSF: value=0.07294523 | SASA: total=0.3086087272161304,
Chain 0::72,Chain 0,72,Chain 0 / PHE72,PHE,conserved | Buried,8,0,0,8,8,,,0.08974204579790958,0.0026913815113718135,0.08705066295251616,0.039360546402591914,0.079645305125,,Imported structure residue from md_100_prolig_center.gro | SASA: total=0.15763192985317495 | Manual tag: F72 | SASA: total=0.10403498453964101 | RMSF: value=0.07022026 | SASA: total=0.1484589700651641 | RMSF: value=0.08075677 | SASA: total=0.23506990244778075,
Chain 0::73,Chain 0,73,Chain 0 / GLU73,GLU,conserved | Exposed,8,0,1,8,8,,0.003996003996003996,1.3043356984853745,0.9065095659824882,0.39782614812328676,0.6095026628436329,0.09191356450000002,,Imported structure residue from md_100_prolig_center.gro | SASA: total=1.5099986732596218 | Manual tag: E73 | SASA: total=1.4207826156427366 | RMSF: value=0.08802382 | SASA: total=1.4648043767060384 | RMSF: value=0.09700655 | SASA: total=1.4079167223212743,
Chain 0::74,Chain 0,74,Chain 0 / ASP74,ASP,conserved | Mixed_exposure,8,0,0,8,8,,,0.25049507379126135,0.17750820330353365,0.07298687467406881,0.133954584915113,0.107710708,,Imported structure residue from md_100_prolig_center.gro | SASA: total=0.12455155796343738 | Manual tag: D74 | SASA: total=0.3701501217218909 | RMSF: value=0.15279803 | SASA: total=0.6183421741617788 | RMSF: value=0.10603699 | SASA: total=0.36286440226111083,
Chain 0::75,Chain 0,75,Chain 0 / GLY75,GLY,conserved | Mixed_exposure,8,0,0,8,8,,,0.6098650527730731,0.2299337413825906,0.3799313018559525,0.6287268585289413,0.14054408375,,Imported structure residue from md_100_prolig_center.gro | SASA: total=0.712453283885918 | Manual tag: G75 | SASA: total=0.7523448785932938 | RMSF: value=0.1720915 | SASA: total=0.7917789533586785 | RMSF: value=0.13026018 | SASA: total=0.7289191720509293,
Chain 0::76,Chain 0,76,Chain 0 / TRP76,TRP,Mixed_exposure,8,0,1,8,8,,0.003996003996003996,0.7566837749563822,0.16567743136224772,0.5910063452170332,0.2866226420289326,0.15847326949999999,,Imported structure residue from md_100_prolig_center.gro | SASA: total=0.41141106114529147 | RMSF: value=0.114207506 | SASA: total=0.4951229384630033 | RMSF: value=0.16261894 | SASA: total=0.5849914898966798 | RMSF: value=0.12673554 | SASA: total=1.116315513554186,
Chain 0::77,Chain 0,77,Chain 0 / ASP77,ASP,Mixed_exposure,8,0,1,8,8,,0.007992007992007992,0.8143960520034971,0.3966222505068169,0.41777379921462277,0.519759881402012,0.1901846875,,Imported structure residue from md_100_prolig_center.gro | SASA: total=0.49826250040885245 | RMSF: value=0.13585015 | SASA: total=0.5286380737134726 | RMSF: value=0.16330175 | SASA: total=0.5936399574326997 | RMSF: value=0.13839285 | SASA: total=0.6902650529795354,
Chain 0::78,Chain 0,78,Chain 0 / GLU78,GLU,Mixed_exposure,8,0,1,8,8,,0.052947052947052944,0.9818391335187573,0.45765436378464397,0.5241847466861848,0.5155191495741424,0.21864476375,,Imported structure residue from md_100_prolig_center.gro | SASA: total=0.37358044250176686 | RMSF: value=0.1400137 | SASA: total=0.6759509402926606 | RMSF: value=0.17980966 | SASA: total=0.5453025264905231 | RMSF: value=0.12832053 | SASA: total=0.8973346736171458,
Chain 0::79,Chain 0,79,Chain 0 / ASN79,ASN,Mixed_exposure,8,0,1,8,8,,0.001998001998001998,1.0362492667713967,0.5137596519866793,0.5224896075738834,0.5541439929258807,0.23044999000000002,,Imported structure residue from md_100_prolig_center.gro | SASA: total=0.9113235697887911 | RMSF: value=0.14052567 | SASA: total=0.8180276137767452 | RMSF: value=0.17537259 | SASA: total=0.6548800686798474 | RMSF: value=0.13054994 | SASA: total=0.9985546859184115,
Chain 0::80,Chain 0,80,Chain 0 / GLU80,GLU,Mixed_exposure,8,0,1,8,8,,0.005994005994005994,0.4311106412275003,0.3322697715225196,0.09884087717861381,0.20145357066705616,0.20370613875,,Imported structure residue from md_100_prolig_center.gro | SASA: total=0.6844478804286164 | RMSF: value=0.12203314 | SASA: total=0.2885098014727677 | RMSF: value=0.15804271 | SASA: total=0.2840583017556974 | RMSF: value=0.12048181 | SASA: total=0.669408908574888,
Chain 0::81,Chain 0,81,Chain 0 / PRO81,PRO,Mixed_exposure,8,0,0,8,8,,,0.8408715512492868,0.06534539615403455,0.775526156372363,0.5460204878242122,0.201803905,,Imported structure residue from md_100_prolig_center.gro | SASA: total=0.6999260057317148 | RMSF: value=0.12620115 | SASA: total=0.8534109486211644 | RMSF: value=0.18047076 | SASA: total=0.5567140974620781 | RMSF: value=0.11862992 | SASA: total=0.7102380790332756,
Chain 0::82,Chain 0,82,Chain 0 / ARG82,ARG,Mixed_exposure,8,0,0,8,8,,,1.2866799829915019,0.19982043436110608,1.0868595671830792,0.4855396162232083,0.1864144725,,Imported structure residue from md_100_prolig_center.gro | SASA: total=1.387038510624725 | RMSF: value=0.12049406 | SASA: total=1.25956656791196 | RMSF: value=0.1602315 | SASA: total=1.149511471833333 | RMSF: value=0.11621672 | SASA: total=1.390762200449953,
Chain 0::83,Chain 0,83,Chain 0 / LEU83,LEU,Mixed_exposure,8,1,3,8,8,0.0011400000000000082,0.015984015984015984,0.2931377747474183,0.07997837098485948,0.2131594101296701,0.15347527473686823,0.149303998125,,Imported structure residue from md_100_prolig_center.gro | SASA: total=0.07574443799434322 | RMSF: value=0.09481702 | SASA: total=0.1879228719390265 | RMSF: value=0.13059418 | SASA: total=0.11738516707526575 | RMSF: value=0.10392949 | HBond protein_to_ESC: max_occ=0.03196803196803197,
Chain 0::84,Chain 0,84,Chain 0 / LEU84,LEU,Mixed_exposure,8,2,4,8,8,-0.10304558319999997,0.009240759240759242,1.0366443378279115,0.22036079031479827,0.8162835155161892,0.4722415904634238,0.15490428550000002,,Imported structure residue from md_100_prolig_center.gro | HBond protein_to_ESC: max_occ=0.012987012987012988 | SASA: total=0.4611633358025315 | SASA: total=1.095263129413718 | RMSF: value=0.15754144 | SASA: total=1.028122366064846 | RMSF: value=0.11216499 | HBond protein_to_ESC: max_occ=0.004995004995004995,
Chain 0::85,Chain 0,85,Chain 0 / ASP85,ASP,conserved | Intermediate,8,1,1,8,8,0.015538000000000152,0.3246753246753247,0.7333095376886943,0.5839770835372481,0.1493324475953042,0.39214413780144075,0.14017005875,,Imported structure residue from md_100_prolig_center.gro | SASA: total=0.6425474846717154 | Manual tag: D85 | SASA: total=0.7271156074977158 | RMSF: value=0.1458436 | SASA: total=0.7278208472941181 | RMSF: value=0.11852926 | SASA: total=0.8200413655526567,
Chain 0::86,Chain 0,86,Chain 0 / LEU86,LEU,Second-shell | Mixed_exposure,8,8,3,8,8,-0.9602900914000001,0.03396603396603397,0.4256743013231766,0.00564026740946724,0.4200340387651162,0.2228661263472129,0.124247213125,,Imported structure residue from md_100_prolig_center.gro | MMPBSA traj_nowat_100_f100 Total: TOTAL=-1.4445929000000002 | SASA: total=0.3479738976105605 | MMPBSA traj_nowat_100_f100 Total: TOTAL=-0.7316131071999998 | SASA: total=0.20547972678548038 | MMPBSA traj_nowat_100_f100 Total: TOTAL=-1.5365580055999999 | SASA: total=0.45224224045725153 | MMPBSA traj_nowat_100_f100 Total: TOTAL=-1.558786228,
Chain 0::87,Chain 0,87,Chain 0 / ASP87,ASP,Mixed_exposure,8,0,2,8,8,,0.46653346653346656,0.7589056437632234,0.5751702755984693,0.18373535308839367,0.4058318950605473,0.12859246062500002,,Imported structure residue from md_100_prolig_center.gro | SASA: total=1.200373924604737 | RMSF: value=0.08273156 | SASA: total=0.8148822412632479 | RMSF: value=0.115649305 | HBond protein_to_ESC: max_occ=0.6253746253746254 | SASA: total=0.8808639427222827 | SASA: total=0.6061370552766441,
Chain 0::88,Chain 0,88,Chain 0 / GLN88,GLN,Intermediate,8,0,0,8,8,,,0.7447581286772643,0.19652646833712045,0.5482316555658189,0.38952096104516587,0.119339585,,Imported structure residue from md_100_prolig_center.gro | SASA: total=0.4977506647015562 | RMSF: value=0.09149832 | SASA: total=0.6043350395589772 | RMSF: value=0.09975173 | SASA: total=0.6250413732953591 | RMSF: value=0.12382635 | SASA: total=0.6654868184930027,
Chain 0::89,Chain 0,89,Chain 0 / TYR89,TYR,Buried,8,2,2,8,8,-0.06331081760000001,0.004995004995004996,0.15534832423534428,0.011141031608360101,0.14420730175708632,0.0609209114648409,0.092219093,,Imported structure residue from md_100_prolig_center.gro | SASA: total=0.030152635150911784 | RMSF: value=0.07430542 | SASA: total=0.06833057149802105 | RMSF: value=0.078878164 | SASA: total=0.07031755197313752 | RMSF: value=0.10039221 | HBond protein_to_ESC: max_occ=0.008991008991008992,
Chain 0::90,Chain 0,90,Chain 0 / LEU90,LEU,Second-shell | Buried,8,2,0,8,8,-0.0258553224,,0.19932837177547486,0.015696662185093534,0.1836317154108593,0.10436040407092927,0.08788422,,Imported structure residue from md_100_prolig_center.gro | SASA: total=0.328109488923951 | Manual tag: L90 | SASA: total=0.2486465474461565 | RMSF: value=0.07566206 | SASA: total=0.18461115938602107 | RMSF: value=0.09659486 | SASA: total=0.20675989867437003,
Chain 0::91,Chain 0,91,Chain 0 / PRO91,PRO,Mixed_exposure,8,0,0,8,8,,,0.6977710677403035,0.019856450691966725,0.6779146102985534,0.45309809593526196,0.0961942845,,Imported structure residue from md_100_prolig_center.gro | SASA: total=0.6845020681324572 | RMSF: value=0.089728355 | SASA: total=0.6744404505975176 | RMSF: value=0.08290121 | SASA: total=0.7331827867149127 | RMSF: value=0.110487536 | SASA: total=0.7115716172917055,
Chain 0::92,Chain 0,92,Chain 0 / GLN92,GLN,Mixed_exposure,8,0,0,8,8,,,0.5312808523009909,0.22487051550778417,0.3064103332154527,0.24826208051448173,0.09521433425000002,,Imported structure residue from md_100_prolig_center.gro | SASA: total=0.8403948840528431 | RMSF: value=0.08745657 | SASA: total=0.687225334715135 | RMSF: value=0.08255823 | SASA: total=0.6128543680257136 | RMSF: value=0.110776104 | SASA: total=0.5753333356120799,
Chain 0::93,Chain 0,93,Chain 0 / LEU93,LEU,Buried,8,0,0,8,8,,,0.02259305190631548,0.0008589676365205593,0.021734084331748622,0.011828822987599729,0.0796736205,,Imported structure residue from md_100_prolig_center.gro | SASA: total=0.01035958626261442 | RMSF: value=0.07116794 | SASA: total=0.01834755566081788 | RMSF: value=0.06909662 | SASA: total=0.024357060099592303 | RMSF: value=0.09095735 | SASA: total=0.04097180780355293,
Chain 0::94,Chain 0,94,Chain 0 / GLU94,GLU,Intermediate,8,0,0,8,8,,,0.6946795177046615,0.5931818892828898,0.10149766548333854,0.324616597058253,0.08115602675000001,,Imported structure residue from md_100_prolig_center.gro | SASA: total=0.7838689265864911 | RMSF: value=0.074519895 | SASA: total=0.6804709989245575 | RMSF: value=0.06940281 | SASA: total=0.7642521905426932 | RMSF: value=0.0935006 | SASA: total=0.734250793362608,
Chain 0::95,Chain 0,95,Chain 0 / LEU95,LEU,Exposed,8,0,0,8,8,,,1.2986376897828413,0.04399673904910094,1.254640958981939,0.6135983914955339,0.09165825425000002,,Imported structure residue from md_100_prolig_center.gro | SASA: total=1.5014931353011933 | RMSF: value=0.09336926 | SASA: total=1.483087441708782 | RMSF: value=0.081282094 | SASA: total=1.517256503057952 | RMSF: value=0.10661792 | SASA: total=1.4741414360480734,
Chain 0::96,Chain 0,96,Chain 0 / VAL96,VAL,Mixed_exposure,8,0,0,8,8,,,0.2677183484861461,0.0010184919032830708,0.26669985386035816,0.16225354453705826,0.0849954025,,Imported structure residue from md_100_prolig_center.gro | SASA: total=0.34585257331923686 | RMSF: value=0.08258925 | SASA: total=0.3257354996582069 | RMSF: value=0.07999053 | SASA: total=0.2879861776191409 | RMSF: value=0.09855807 | SASA: total=0.2633216853188996,
Chain 0::97,Chain 0,97,Chain 0 / GLY97,GLY,conserved | Buried,8,0,0,8,8,,,0.0016824891622175952,0.00009669941324985006,0.001585789993540776,0.0017345249095026755,0.077224956125,,Imported structure residue from md_100_prolig_center.gro | SASA: total=0.00027274581981767524 | Manual tag: G97 | SASA: total=0.0004797906956017608 | RMSF: value=0.068533465 | SASA: total=3.229466492844985e-05 | RMSF: value=0.085934594 | SASA: total=0.01227676529105347,
Chain 0::98,Chain 0,98,Chain 0 / LYS98,LYS,Intermediate,8,0,0,8,8,,,0.7715352243273566,0.1874035041557975,0.5841317176818848,0.4007949334528116,0.0832880245,,Imported structure residue from md_100_prolig_center.gro | SASA: total=0.49135488861858256 | RMSF: value=0.07539057 | SASA: total=0.5216483373453121 | RMSF: value=0.07816231 | SASA: total=0.46550109303823795 | RMSF: value=0.0901919 | SASA: total=0.49776386801559147,
Chain 0::99,Chain 0,99,Chain 0 / GLU99,GLU,Exposed,8,0,0,8,8,,,1.0364899106397487,0.3845418506869032,0.651948031148698,0.5516840610954262,0.08406028750000001,,Imported structure residue from md_100_prolig_center.gro | SASA: total=0.9614036224856235 | RMSF: value=0.076724865 | SASA: total=0.9751168713711276 | RMSF: value=0.08169149 | SASA: total=0.9649142422298393 | RMSF: value=0.09057549 | SASA: total=0.9808194218295636,
Chain 0::100,Chain 0,100,Chain 0 / VAL100,VAL,conserved | Mixed_exposure,8,0,0,8,8,,,0.26192023552087423,0.003081502313500888,0.2588387378260936,0.15873953667931773,0.07237017412499999,,Imported structure residue from md_100_prolig_center.gro | SASA: total=0.3416743526364317 | Manual tag: V100 | SASA: total=0.2973428454139445 | RMSF: value=0.07369721 | SASA: total=0.33927674222700666 | RMSF: value=0.08225711 | SASA: total=0.2782638306812485,
Chain 0::101,Chain 0,101,Chain 0 / ILE101,ILE,Buried,8,0,0,8,8,,,0.0039020660517755717,0,0.0039020660517755717,0.0021558375976660615,0.063205514,,Imported structure residue from md_100_prolig_center.gro | SASA: total=0.003237623905781472 | RMSF: value=0.05411133 | SASA: total=0.0005611360239067881 | RMSF: value=0.060756255 | SASA: total=0.001935930904185418 | RMSF: value=0.06644841 | SASA: total=0.021219384921069194,
Chain 0::102,Chain 0,102,Chain 0 / PRO102,PRO,Buried,8,0,0,8,8,,,0.21422484533695302,0.0021921361181055114,0.21203271275625962,0.13910704242659286,0.07017648262500001,,Imported structure residue from md_100_prolig_center.gro | SASA: total=0.17477622716733726 | RMSF: value=0.062305007 | SASA: total=0.20498228102627367 | RMSF: value=0.06802352 | SASA: total=0.21166670809287835 | RMSF: value=0.07641231 | SASA: total=0.22735448638991554,
Chain 0::103,Chain 0,103,Chain 0 / ARG103,ARG,Mixed_exposure,8,0,0,8,8,,,1.1719262291594306,0.4138189504605414,0.7581072642772211,0.4813446281705302,0.07584376075,,Imported structure residue from md_100_prolig_center.gro | SASA: total=0.9072084373766833 | RMSF: value=0.06905001 | SASA: total=0.8433392950803926 | RMSF: value=0.07614153 | SASA: total=0.8432555163260733 | RMSF: value=0.087829776 | SASA: total=0.8851497857877524,
Chain 0::104,Chain 0,104,Chain 0 / MET104,MET,Buried,8,0,0,8,8,,,0.18229419645930567,0.014193358231741603,0.16810084549372437,0.09111418702470958,0.06800369925000001,,Imported structure residue from md_100_prolig_center.gro | SASA: total=0.07698905040131937 | RMSF: value=0.060805365 | SASA: total=0.09211026053497623 | RMSF: value=0.069674835 | SASA: total=0.10869743254515205 | RMSF: value=0.07860652 | SASA: total=0.061878064094055996,
Chain 0::105,Chain 0,105,Chain 0 / ILE105,ILE,Buried,8,0,0,8,8,,,0.08666736261439648,0.0015923653973905036,0.08507499523405539,0.05049491836657032,0.06520146087499999,,Imported structure residue from md_100_prolig_center.gro | SASA: total=0.09804504652424614 | RMSF: value=0.058896255 | SASA: total=0.10086948616374837 | RMSF: value=0.064880356 | SASA: total=0.09025438129901886 | RMSF: value=0.07136506 | SASA: total=0.10092735541338968,
Chain 0::106,Chain 0,106,Chain 0 / ARG106,ARG,Exposed,8,0,0,8,8,,,1.4846344354129073,0.191969477543884,1.2926649672560173,0.5602394095897764,0.07967926425,,Imported structure residue from md_100_prolig_center.gro | SASA: total=1.46298346779134 | RMSF: value=0.07505099 | SASA: total=1.4252297453360983 | RMSF: value=0.080530904 | SASA: total=1.4580917216763638 | RMSF: value=0.0928612 | SASA: total=1.5126902112866392,
Chain 0::107,Chain 0,107,Chain 0 / LYS107,LYS,Mixed_exposure,8,0,0,8,8,,,1.0427913004071405,0.08811709481420568,0.954674183658444,0.42446401385869753,0.08519660074999999,,Imported structure residue from md_100_prolig_center.gro | SASA: total=0.9353379589496272 | RMSF: value=0.08229988 | SASA: total=1.1273837325596574 | RMSF: value=0.08570303 | SASA: total=1.0092933154342199 | RMSF: value=0.10340981 | SASA: total=0.9574428584315989,
Chain 0::108,Chain 0,108,Chain 0 / HIS108,HIS,Buried,8,0,0,8,8,,,0.030234407980555763,0.011846935411103732,0.01838747252449958,0.014044064864618433,0.07765978987500001,,Imported structure residue from md_100_prolig_center.gro | SASA: total=0.02451421914271789 | RMSF: value=0.07377458 | SASA: total=0.01677966974491235 | RMSF: value=0.07811624 | SASA: total=0.025511770112679737 | RMSF: value=0.089134805 | SASA: total=0.019455281728855564,
Chain 0::109,Chain 0,109,Chain 0 / ALA109,ALA,Intermediate,8,0,0,8,8,,,0.4653121781452457,0.1348840348182781,0.3304281409940507,0.38455551912830227,0.08929934800000001,,Imported structure residue from md_100_prolig_center.gro | SASA: total=0.4712416166716283 | RMSF: value=0.086284995 | SASA: total=0.45199718451736 | RMSF: value=0.091970034 | SASA: total=0.4506072207252578 | RMSF: value=0.10255493 | SASA: total=0.46521485678040153,
Chain 0::110,Chain 0,110,Chain 0 / GLU110,GLU,Exposed,8,0,0,8,8,,,1.4400545501768,0.9525931474595967,0.4874613387971231,0.6729226869985045,0.10869667475000001,,Imported structure residue from md_100_prolig_center.gro | SASA: total=1.5215287940336926 | RMSF: value=0.10579439 | SASA: total=1.4935503454491643 | RMSF: value=0.111818366 | SASA: total=1.5128777676289624 | RMSF: value=0.12691371 | SASA: total=1.5240585756773997,
Chain 0::111,Chain 0,111,Chain 0 / GLU111,GLU,Mixed_exposure,8,0,0,8,8,,,1.190515217362064,0.518558428466025,0.6719567958947898,0.49027776749062163,0.11120242625,,Imported structure residue from md_100_prolig_center.gro | SASA: total=1.466788090101563 | RMSF: value=0.10954667 | SASA: total=1.4671413402746218 | RMSF: value=0.11349606 | SASA: total=1.410220706816947 | RMSF: value=0.12368714 | SASA: total=1.5303613384171288,
Chain 0::112,Chain 0,112,Chain 0 / GLY112,GLY,Mixed_exposure,8,0,0,8,8,,,0.5162815414369106,0.21422205124013494,0.30205949812684907,0.5322490117906296,0.109817245375,,Imported structure residue from md_100_prolig_center.gro | SASA: total=0.6135338001912183 | RMSF: value=0.110164195 | SASA: total=0.6316723528474865 | RMSF: value=0.117826626 | SASA: total=0.41117706039164326 | RMSF: value=0.11601023 | SASA: total=0.6189295124299455,
Chain 0::113,Chain 0,113,Chain 0 / ARG113,ARG,Mixed_exposure,8,0,0,8,8,,,0.5649543573877008,0.059508738350030954,0.5054456076335789,0.21319032354252862,0.084815823125,,Imported structure residue from md_100_prolig_center.gro | SASA: total=0.6232578683607649 | RMSF: value=0.0858277 | SASA: total=0.4608241989470945 | RMSF: value=0.0875814 | SASA: total=0.47538885739770265 | RMSF: value=0.08950901 | SASA: total=0.5585449910399938,
Chain 0::114,Chain 0,114,Chain 0 / PRO114,PRO,conserved | Mixed_exposure,8,0,0,8,8,,,0.6294327116396166,0.024585695514549956,0.6048470159052033,0.40872254002572517,0.074882706875,,Imported structure residue from md_100_prolig_center.gro | SASA: total=0.8216551722276328 | Manual tag: P114 | SASA: total=0.8786255100576004 | RMSF: value=0.07664967 | SASA: total=0.7209271829907257 | RMSF: value=0.082086995 | SASA: total=0.8302716069882459,
Chain 0::115,Chain 0,115,Chain 0 / VAL115,VAL,conserved | Buried,8,0,0,8,8,,,0.057783516949171776,0.03890376872127175,0.018879748958665506,0.03502031330252835,0.05979793575,,Imported structure residue from md_100_prolig_center.gro | SASA: total=0.05931097516181445 | Manual tag: V115 | SASA: total=0.07044835787008305 | RMSF: value=0.058128025 | SASA: total=0.06619261485515254 | RMSF: value=0.06814694 | SASA: total=0.06590346394494029,
Chain 0::116,Chain 0,116,Chain 0 / SER116,SER,conserved | Buried,8,0,0,8,8,,,0.04640767728854524,0.012922419983885564,0.033485257289675524,0.03245292118080087,0.062415822875,,Imported structure residue from md_100_prolig_center.gro | SASA: total=0.05260203922591587 | Manual tag: S116 | SASA: total=0.05554641458657709 | RMSF: value=0.063470066 | SASA: total=0.0809332479787345 | RMSF: value=0.07359954 | SASA: total=0.08736020750781097,
Chain 0::117,Chain 0,117,Chain 0 / CYS117,CYS,conserved | Buried,8,0,0,8,8,,,0.001026326510363655,0.0003915796666417621,0.0006347468306107612,0.0006934638583538208,0.053883877875,,Imported structure residue from md_100_prolig_center.gro | SASA: total=0.0006581495451455069 | Manual tag: C117 | SASA: total=0.0016187957607873595 | RMSF: value=0.053456422 | SASA: total=0.003532681872348974 | RMSF: value=0.06435365 | SASA: total=0.0004429062551791125,
Chain 0::118,Chain 0,118,Chain 0 / LEU118,LEU,conserved | Buried,8,0,0,8,8,,,0.0006046355709907285,0.00008294525332080366,0.0005216903084489093,0.0003165631261731563,0.04767834287500001,,Imported structure residue from md_100_prolig_center.gro | SASA: total=8.254456460605016e-05 | Manual tag: L118 | SASA: total=5.672201698664391e-05 | RMSF: value=0.04495677 | SASA: total=0.0002516155536885899 | RMSF: value=0.054419186 | SASA: total=0.00022966763244407012,
Chain 0::119,Chain 0,119,Chain 0 / ILE119,ILE,conserved | Buried,8,0,0,8,8,,,0.00048061222916279947,0.000016589676252437183,0.0004640225611228293,0.00026553161832198866,0.044000598125,,Imported structure residue from md_100_prolig_center.gro | SASA: total=0.0002578462417569417 | Manual tag: I119 | SASA: total=0.0007397357817038451 | RMSF: value=0.041574128 | SASA: total=0.0003594343457140471 | RMSF: value=0.044991978 | SASA: total=0.0001337771986306894,
Chain 0::120,Chain 0,120,Chain 0 / ASN120,ASN,conserved | Buried,8,0,0,8,8,,,0.022872338002307875,0.011462894952994318,0.011409443213779014,0.012231196792678008,0.044234304125,,Imported structure residue from md_100_prolig_center.gro | SASA: total=0.017434729244744422 | Manual tag: N120 | SASA: total=0.027007443221783875 | RMSF: value=0.041965 | SASA: total=0.03481005552676645 | RMSF: value=0.04747879 | SASA: total=0.051197769101893546,
Chain 0::121,Chain 0,121,Chain 0 / ASN121,ASN,Second-shell | conserved | Buried,8,0,1,8,8,,0.002997002997002997,0.0010211703813165693,0.0008072932659980316,0.00021387712432343584,0.0005460804178163473,0.04635192424999999,,Imported structure residue from md_100_prolig_center.gro | SASA: total=0.0015772250112109254 | Manual tag: N121 | SASA: total=0.0012819973917880861 | RMSF: value=0.044951294 | SASA: total=0.0012688990313522886 | RMSF: value=0.05042958 | SASA: total=0.002639154322666697,
Chain 0::122,Chain 0,122,Chain 0 / PRO122,PRO,Second-shell | conserved | Buried,8,4,0,8,8,-0.02659236199999993,,0.05626047588193254,0.00031412391774102784,0.05594635070854853,0.036532776546709445,0.059353222500000004,,Imported structure residue from md_100_prolig_center.gro | MMPBSA traj_nowat_100_f100 Total: TOTAL=-0.04730282159999984 | SASA: total=0.09335068878856036 | SASA: total=0.019356471108328 | RMSF: value=0.049345184 | SASA: total=0.09410269750226842 | RMSF: value=0.058725864 | MMPBSA traj_nowat_100_f100 Total: TOTAL=-0.024580038400000073,
Chain 0::123,Chain 0,123,Chain 0 / PHE123,PHE,Second-shell | conserved | Buried,8,8,0,8,8,-0.8451638301000002,,0.1989676206243584,0.010960111481547909,0.18800751397635163,0.08726650027384142,0.063227839875,,Imported structure residue from md_100_prolig_center.gro | MMPBSA traj_nowat_100_f100 Total: TOTAL=-1.2659938024000004 | SASA: total=0.45240923408234474 | MMPBSA traj_nowat_100_f100 Total: TOTAL=-1.3782940343999999 | SASA: total=0.03797699308188835 | MMPBSA traj_nowat_100_f100 Total: TOTAL=-1.0069036472 | SASA: total=0.4011348155465457 | MMPBSA traj_nowat_100_f100 Total: TOTAL=-0.7532487680000002,
Chain 0::124,Chain 0,124,Chain 0 / ILE124,ILE,Buried,8,0,0,8,8,,,0.007096957103772859,0.0006095922245450392,0.006487364845873677,0.003920970775565115,0.06088551012499999,,Imported structure residue from md_100_prolig_center.gro | SASA: total=0.004460215789846855 | RMSF: value=0.054054886 | SASA: total=0.005786464872336624 | RMSF: value=0.051275603 | SASA: total=0.010326876388032837 | RMSF: value=0.058387063 | SASA: total=0.012417013263606494,
Chain 0::125,Chain 0,125,Chain 0 / PRO125,PRO,conserved | Mixed_exposure,8,0,0,8,8,,,0.23732875942224912,0.0024562653132234836,0.23487249566334306,0.15410958404042152,0.07492626349999999,,Imported structure residue from md_100_prolig_center.gro | SASA: total=0.3479987872709142 | Manual tag: P125 | SASA: total=0.23024787761197232 | RMSF: value=0.06483032 | SASA: total=0.27838426371022024 | RMSF: value=0.07793043 | SASA: total=0.2583192322808917,
Chain 0::126,Chain 0,126,Chain 0 / TRP126,TRP,conserved | Buried,8,0,0,8,8,,,0.07581675765196802,0.0005634804047346761,0.07525327624891433,0.028718468807563645,0.069177426125,,Imported structure residue from md_100_prolig_center.gro | SASA: total=0.12424446052253836 | Manual tag: W126 | SASA: total=0.06267726543073607 | RMSF: value=0.06410058 | SASA: total=0.09054794125627763 | RMSF: value=0.08160272 | SASA: total=0.09412806038514222,
Chain 0::127,Chain 0,127,Chain 0 / VAL127,VAL,conserved | Buried,8,0,1,8,8,,0.000999000999000999,0.0013753461393171524,0.00001797561146466449,0.0013573705232419802,0.0008335431147376683,0.058601358124999996,,Imported structure residue from md_100_prolig_center.gro | SASA: total=0.0005683063686189085 | Manual tag: V127 | SASA: total=0.00016248984594303782 | RMSF: value=0.0526236 | SASA: total=0.0007874527300643449 | RMSF: value=0.06217205 | SASA: total=0.0007290764352177629,
Chain 0::128,Chain 0,128,Chain 0 / SER128,SER,conserved | Buried,8,0,1,8,8,,0.000999000999000999,0.03551803165839266,0.010183000755421402,0.025335030334582093,0.02483778437649836,0.06886811925,,Imported structure residue from md_100_prolig_center.gro | SASA: total=0.027861248084002792 | Manual tag: S128 | SASA: total=0.045011777799613406 | RMSF: value=0.06851187 | SASA: total=0.05155319550839981 | RMSF: value=0.06636244 | SASA: total=0.05087245263085507,
Chain 0::129,Chain 0,129,Chain 0 / ASP129,ASP,conserved | Intermediate,8,0,0,8,8,,,0.4871222526203877,0.2669820196852825,0.22014023911318564,0.2604931832194587,0.07410197375000001,,Imported structure residue from md_100_prolig_center.gro | SASA: total=0.5714687988309577 | Manual tag: D129 | SASA: total=0.5297411866117232 | RMSF: value=0.07403987 | SASA: total=0.5883673099007937 | RMSF: value=0.07531397 | SASA: total=0.5389601611855006,
Chain 0::130,Chain 0,130,Chain 0 / VAL130,VAL,conserved | Buried,8,0,0,8,8,,,0.08636451602018999,0.0005219069240086869,0.08584260754748294,0.05234213092132728,0.06347882275000001,,Imported structure residue from md_100_prolig_center.gro | SASA: total=0.12528087951169156 | Manual tag: V130 | SASA: total=0.08656001496728104 | RMSF: value=0.06410616 | SASA: total=0.1064580355835433 | RMSF: value=0.06807747 | SASA: total=0.11186523403566663,
Chain 0::131,Chain 0,131,Chain 0 / ALA131,ALA,conserved | Buried,8,0,0,8,8,,,0.013870886626704089,0.0025418115568538614,0.011329074783854665,0.011463542666697593,0.06487736475,,Imported structure residue from md_100_prolig_center.gro | SASA: total=0.014310364247216741 | Manual tag: A131 | SASA: total=0.013054062898206239 | RMSF: value=0.06393854 | SASA: total=0.01034441050879731 | RMSF: value=0.05768861 | SASA: total=0.024451097750132628,
Chain 0::132,Chain 0,132,Chain 0 / GLU132,GLU,Mixed_exposure,8,0,0,8,8,,,1.0395970589453631,0.6290947791225839,0.41050226468187156,0.48579301819876775,0.079469372375,,Imported structure residue from md_100_prolig_center.gro | SASA: total=1.035881240179043 | RMSF: value=0.07922097 | SASA: total=1.0557594759629505 | RMSF: value=0.07967936 | SASA: total=1.0684962496899142 | RMSF: value=0.07070387 | SASA: total=1.0300901827245657,
Chain 0::133,Chain 0,133,Chain 0 / SER133,SER,Exposed,8,0,1,8,8,,0.000999000999000999,0.9830679050323986,0.5067466069566141,0.47632131474738076,0.6874600734492299,0.082025566,,Imported structure residue from md_100_prolig_center.gro | SASA: total=0.9984060797360864 | RMSF: value=0.08076356 | SASA: total=1.0137415546001773 | RMSF: value=0.087343864 | SASA: total=1.0082833707922756 | RMSF: value=0.07959858 | SASA: total=1.0018950665351187,
Chain 0::134,Chain 0,134,Chain 0 / LEU134,LEU,Mixed_exposure,8,0,0,8,8,,,0.45145793532085887,0.21292336141266444,0.23853457222074861,0.23636541116275336,0.07796017687500001,,Imported structure residue from md_100_prolig_center.gro | SASA: total=0.5018425574987242 | RMSF: value=0.0728796 | SASA: total=0.5166945652206345 | RMSF: value=0.08076254 | SASA: total=0.5173231221661709 | RMSF: value=0.077583216 | SASA: total=0.48357977607462665,
Chain 0::135,Chain 0,135,Chain 0 / GLY135,GLY,conserved | Mixed_exposure,8,0,0,8,8,,,0.5212818069549481,0.1815670880876334,0.3397147243123243,0.5374039246958228,0.08426412624999999,,Imported structure residue from md_100_prolig_center.gro | SASA: total=0.5212951095977633 | Manual tag: G135 | SASA: total=0.5350149763692723 | RMSF: value=0.08199563 | SASA: total=0.5302994770578818 | RMSF: value=0.08299605 | SASA: total=0.4746167568287047,
Chain 0::136,Chain 0,136,Chain 0 / LEU136,LEU,conserved | Buried,8,0,0,8,8,,,0.22762711881890452,0.06890618295344238,0.15872092998706472,0.11917650199942645,0.068288794,,Imported structure residue from md_100_prolig_center.gro | SASA: total=0.23520930922857605 | Manual tag: L136 | SASA: total=0.27282744705086887 | RMSF: value=0.06595931 | SASA: total=0.28570852834399385 | RMSF: value=0.070272416 | SASA: total=0.22568705109971585,
Chain 0::137,Chain 0,137,Chain 0 / PRO137,PRO,conserved | Mixed_exposure,8,0,1,8,8,,0.000999000999000999,0.23328336097742663,0.00428605413826247,0.22899730219551834,0.1514827019333939,0.060779512749999993,,Imported structure residue from md_100_prolig_center.gro | SASA: total=0.22558872549250575 | Manual tag: P137 | SASA: total=0.22626418288391414 | RMSF: value=0.060797717 | SASA: total=0.2514443533255322 | RMSF: value=0.07123925 | SASA: total=0.20152397439031317,
Chain 0::138,Chain 0,138,Chain 0 / SER138,SER,conserved | Buried,8,0,0,8,8,,,0.05216312495816389,0.0029616583489391057,0.04920146570628564,0.03647770976095376,0.05477452374999999,,Imported structure residue from md_100_prolig_center.gro | SASA: total=0.07392204235685934 | Manual tag: S138 | SASA: total=0.06572608502194432 | RMSF: value=0.05959719 | SASA: total=0.06091423664647754 | RMSF: value=0.056361027 | SASA: total=0.06849405634226186,
Chain 0::139,Chain 0,139,Chain 0 / ALA139,ALA,conserved | Buried,8,0,0,8,8,,,0.0005387873901745839,0.0002819287374853111,0.0002568586557869578,0.00044527883485502806,0.045547219625,,Imported structure residue from md_100_prolig_center.gro | SASA: total=0.0002637547210301503 | Manual tag: A139 | SASA: total=0.0005757685215903981 | RMSF: value=0.0491287 | SASA: total=0.0009105250903285375 | RMSF: value=0.044505008 | SASA: total=0.00019075746744834254,
Chain 0::140,Chain 0,140,Chain 0 / MET140,MET,Buried,8,0,0,8,8,,,0.05139721079849371,0.01048803746459388,0.04090917251755179,0.025318823053445176,0.048464083000000005,,Imported structure residue from md_100_prolig_center.gro | SASA: total=0.025083161387961395 | RMSF: value=0.054287266 | SASA: total=0.07852383348906394 | RMSF: value=0.049603824 | SASA: total=0.11659702983233008 | RMSF: value=0.045011748 | SASA: total=0.12977868421833114,
Chain 0::141,Chain 0,141,Chain 0 / LEU141,LEU,Second-shell | conserved | Buried,8,0,0,8,8,,,0.00025943552925064697,0.0000014098450174960906,0.00025802568408907255,0.00013583012002651673,0.042951394999999996,,Imported structure residue from md_100_prolig_center.gro | SASA: total=0.0002178271084396851 | Manual tag: L141 | SASA: total=7.892067551078035e-05 | RMSF: value=0.040843386 | SASA: total=0.00025611536953100325 | RMSF: value=0.044761416 | SASA: total=0.0013060010969638824,
Chain 0::142,Chain 0,142,Chain 0 / TRP142,TRP,Second-shell | conserved | Buried,8,0,0,8,8,,,0.05472546200484664,0.0009005590910230312,0.05382490365784431,0.020729341668502516,0.044017463374999996,,Imported structure residue from md_100_prolig_center.gro | SASA: total=0.09435556327352429 | Manual tag: W142 | SASA: total=0.030709103561273897 | RMSF: value=0.040160142 | SASA: total=0.05165799858398957 | RMSF: value=0.050203785 | SASA: total=0.11327295547517219,
Chain 0::143,Chain 0,143,Chain 0 / VAL143,VAL,First-shell | conserved | Buried,8,5,0,8,8,-0.010079083200000002,,0.010284294184896115,0.0008403844808661702,0.009443909604904025,0.006232905566603705,0.050888403125,,Imported structure residue from md_100_prolig_center.gro | MMPBSA traj_nowat_100_f100 Total: TOTAL=-0.006850526400000037 | SASA: total=0.007746119519561935 | SASA: total=0.0004973178821625095 | RMSF: value=0.041554004 | MMPBSA traj_nowat_100_f100 Total: TOTAL=-0.0023089999999999903 | SASA: total=0.007918754020834914 | MMPBSA traj_nowat_100_f100 Total: TOTAL=-0.033869519199999976,
Chain 0::144,Chain 0,144,Chain 0 / GLN144,GLN,Second-shell | conserved | Buried,8,7,5,8,8,-0.06187675519999995,0.04435564435564435,0.12571568427478322,0.06420135188566539,0.06151433404774802,0.058745646857375336,0.05119490799999999,,Imported structure residue from md_100_prolig_center.gro | MMPBSA traj_nowat_100_f100 Total: TOTAL=-0.1189762471999998 | SASA: total=0.11163533117511484 | HBond protein_to_ESC: max_occ=0.07392607392607392 | SASA: total=0.07753756480051739 | MMPBSA traj_nowat_100_f100 Total: TOTAL=-0.0021947344000000373 | SASA: total=0.1760011132400815 | MMPBSA traj_nowat_100_f100 Total: TOTAL=-0.002360987199999858,
Chain 0::145,Chain 0,145,Chain 0 / SER145,SER,Second-shell | conserved | Buried,8,0,0,8,8,,,0.023301410985566526,0.007219169401975192,0.016082241858636943,0.01629469299689967,0.051679997374999995,,Imported structure residue from md_100_prolig_center.gro | SASA: total=0.00015691764615844973 | Manual tag: S145 | SASA: total=0.011506379074832 | RMSF: value=0.053832155 | SASA: total=0.005005038315706914 | RMSF: value=0.05666984 | SASA: total=0.012800647849493687,
Chain 0::146,Chain 0,146,Chain 0 / CYS146,CYS,Buried,8,0,0,8,8,,,0.0410426356322547,0.0019139466316803442,0.039128688863699905,0.02701838702894236,0.057020466750000005,,Imported structure residue from md_100_prolig_center.gro | SASA: total=0.02363326282489418 | RMSF: value=0.05072257 | SASA: total=0.07816467175979426 | RMSF: value=0.05863461 | SASA: total=0.04855004764429414 | RMSF: value=0.06963784 | SASA: total=0.06636550541192589,
Chain 0::147,Chain 0,147,Chain 0 / ALA147,ALA,conserved | Buried,8,0,0,8,8,,,0.035168024326333466,0.0021413375976804348,0.03302668724704699,0.029064482914325177,0.05875242499999999,,Imported structure residue from md_100_prolig_center.gro | SASA: total=0.0024955915194926877 | Manual tag: A147 | SASA: total=0.06085327474197539 | RMSF: value=0.05287791 | SASA: total=0.02232393583670111 | RMSF: value=0.06790189 | SASA: total=0.027999096872782944,
Chain 0::148,Chain 0,148,Chain 0 / CYS148,CYS,Second-shell | conserved | Buried,8,0,0,8,8,,,0.05285274127671451,0.0135776018767069,0.03927514058692522,0.03571131167345575,0.056418684499999996,,Imported structure residue from md_100_prolig_center.gro | SASA: total=0.002370865026023239 | Manual tag: C148 | SASA: total=0.0023965695780692716 | RMSF: value=0.049807057 | SASA: total=0.01995264886334391 | RMSF: value=0.066752724 | SASA: total=0.00936731460070846,
Chain 0::149,Chain 0,149,Chain 0 / PHE149,PHE,Buried,8,0,1,8,8,,0.000999000999000999,0.013589666812567701,0.0002286291296828981,0.013361037854914376,0.006467865305068329,0.054212389874999996,,Imported structure residue from md_100_prolig_center.gro | SASA: total=0.00738021451057774 | RMSF: value=0.051958445 | SASA: total=0.017637894627186332 | RMSF: value=0.056509998 | SASA: total=0.013263064851560214 | RMSF: value=0.065977655 | SASA: total=0.009502528032453933,
Chain 0::150,Chain 0,150,Chain 0 / THR150,THR,Buried,8,0,1,8,8,,0.000999000999000999,0.0011931436598424264,0.00006777547976453926,0.0011253681786371037,0.0006765138781324376,0.05698104287500001,,Imported structure residue from md_100_prolig_center.gro | SASA: total=0.00036041169325904093 | RMSF: value=0.05232801 | SASA: total=0.0023968278650554026 | RMSF: value=0.058818497 | SASA: total=0.0010297060160353632 | RMSF: value=0.06268487 | SASA: total=0.0011477325259163828,
Chain 0::151,Chain 0,151,Chain 0 / ALA151,ALA,conserved | Buried,8,0,0,8,8,,,0.023566025437782565,0.0004700591058947496,0.023095966728823723,0.019476054080812034,0.0594187075,,Imported structure residue from md_100_prolig_center.gro | SASA: total=0.012093292973419227 | Manual tag: A151 | SASA: total=0.002486484992032004 | RMSF: value=0.05708488 | SASA: total=0.011884785838203855 | RMSF: value=0.06806997 | SASA: total=0.007227667722629734,
Chain 0::152,Chain 0,152,Chain 0 / TYR152,TYR,Second-shell | conserved | Buried,8,2,1,8,8,-0.007718257200000065,0.000999000999000999,0.05976193363197369,0.01318701717853869,0.04657491494781605,0.023436052404695564,0.06275088,,Imported structure residue from md_100_prolig_center.gro | SASA: total=0.06636407440251643 | Manual tag: Y152 | SASA: total=0.024414886600605333 | RMSF: value=0.061259802 | SASA: total=0.077698683089549 | RMSF: value=0.06825135 | SASA: total=0.06628506549514167,
Chain 0::153,Chain 0,153,Chain 0 / TYR153,TYR,conserved | Buried,8,0,0,8,8,,,0.3528116586996187,0.14797308068206114,0.20483857319496646,0.13835751321553677,0.0667410405,,Imported structure residue from md_100_prolig_center.gro | SASA: total=0.37509844503780404 | Manual tag: Y153 | SASA: total=0.3713819133763266 | RMSF: value=0.06555184 | SASA: total=0.39407898972530175 | RMSF: value=0.06661352 | SASA: total=0.36560117814800525,
Chain 0::154,Chain 0,154,Chain 0 / TYR154,TYR,conserved | Buried,8,0,1,8,8,,0.000999000999000999,0.1962223067071541,0.06675967296682261,0.12946263165753463,0.07694992419888398,0.07263393375,,Imported structure residue from md_100_prolig_center.gro | SASA: total=0.2236928889657011 | Manual tag: Y154 | SASA: total=0.23836926392989582 | RMSF: value=0.066171914 | SASA: total=0.18819553825524774 | RMSF: value=0.07575563 | SASA: total=0.24984766926505778,
Chain 0::155,Chain 0,155,Chain 0 / TYR155,TYR,conserved | Mixed_exposure,8,0,1,8,8,,0.000999000999000999,0.48882029683209294,0.18020433301825334,0.30861596080778847,0.19169423405180117,0.0762517335,,Imported structure residue from md_100_prolig_center.gro | SASA: total=0.3376594203533513 | Manual tag: Y155 | SASA: total=0.5768488921446375 | RMSF: value=0.069710836 | SASA: total=0.3013478083775775 | RMSF: value=0.087213136 | SASA: total=0.4145161509513855,
Chain 0::156,Chain 0,156,Chain 0 / TYR156,TYR,Intermediate,8,0,0,8,8,,,0.7640699002117215,0.3387778131752321,0.42529208958148956,0.29963525498498883,0.080006519375,,Imported structure residue from md_100_prolig_center.gro | SASA: total=0.6400100759940572 | RMSF: value=0.07658083 | SASA: total=0.8742656725468022 | RMSF: value=0.07356805 | SASA: total=0.6563236365223876 | RMSF: value=0.082892954 | SASA: total=0.6829591700346163,
Chain 0::157,Chain 0,157,Chain 0 / HIS157,HIS,Intermediate,8,0,1,8,8,,0.000999000999000999,0.9437444125956828,0.3722901791702993,0.5714542333884995,0.4369187095350383,0.090809248875,,Imported structure residue from md_100_prolig_center.gro | SASA: total=0.8903287749479313 | RMSF: value=0.08629307 | SASA: total=0.8910441575664105 | RMSF: value=0.08299673 | SASA: total=0.8751663193844332 | RMSF: value=0.08146593 | SASA: total=0.9161053465144469,
Chain 0::158,Chain 0,158,Chain 0 / GLY158,GLY,Exposed,8,0,0,8,8,,,1.1912549123315528,0.26454382013566424,0.9267111348707486,0.6942689859159663,0.099969902625,,Imported structure residue from md_100_prolig_center.gro | SASA: total=1.81870704948312 | RMSF: value=0.08686248 | SASA: total=1.8170480374062414 | RMSF: value=0.08349517 | SASA: total=1.6999601963723059 | RMSF: value=0.103895366 | SASA: total=1.8280272176950285,
Chain 0::159,Chain 0,159,Chain 0 / MET159,MET,Mixed_exposure,8,0,1,8,8,,0.000999000999000999,0.9492367584221434,0.2800698042184456,0.669166942707973,0.4821053889098394,0.10052053887500001,,Imported structure residue from md_100_prolig_center.gro | SASA: total=0.9234040727709779 | RMSF: value=0.0870976 | SASA: total=0.9679427689845019 | RMSF: value=0.08100318 | SASA: total=0.9597122279724272 | RMSF: value=0.115657955 | SASA: total=0.8972753191938495,
Chain 0::160,Chain 0,160,Chain 0 / VAL160,VAL,Mixed_exposure,8,0,1,8,8,,0.000999000999000999,0.3091838980407113,0.04688745749408914,0.2622964413707504,0.18738418063073414,0.109055380625,,Imported structure residue from md_100_prolig_center.gro | SASA: total=0.32902709446331063 | RMSF: value=0.08366058 | SASA: total=0.3007971927671149 | RMSF: value=0.07818046 | SASA: total=0.3209028668922953 | RMSF: value=0.17045012 | SASA: total=0.3264891388687757,
Chain 0::161,Chain 0,161,Chain 0 / PRO161,PRO,Exposed,8,0,0,8,8,,,0.9925648634607839,0.014565528477057998,0.9779993070861195,0.6445226386108988,0.11255560450000002,,Imported structure residue from md_100_prolig_center.gro | SASA: total=1.0355979121557557 | RMSF: value=0.092121296 | SASA: total=1.0652644350977227 | RMSF: value=0.083917774 | SASA: total=0.9185575946132736 | RMSF: value=0.11314885 | SASA: total=1.053892459019576,
Chain 0::162,Chain 0,162,Chain 0 / PHE162,PHE,Mixed_exposure,8,0,0,8,8,,,0.361780860083233,0.06904336160952503,0.2927375103503761,0.1586758158259794,0.13129543625,,Imported structure residue from md_100_prolig_center.gro | SASA: total=0.203019782163129 | RMSF: value=0.0778272 | SASA: total=0.17281667504570272 | RMSF: value=0.07211686 | SASA: total=0.6133123978529826 | RMSF: value=0.23508088 | SASA: total=0.19316948168348558,
Chain 0::163,Chain 0,163,Chain 0 / PRO163,PRO,conserved | Mixed_exposure,8,0,0,8,8,,,0.12280903280814096,0.06189668634537571,0.06091234885590695,0.07974612520009153,0.13661852374999997,,Imported structure residue from md_100_prolig_center.gro | SASA: total=0.0757532986526442 | Manual tag: P163 | SASA: total=0.06098693955947857 | RMSF: value=0.07736378 | SASA: total=0.21004830492605078 | RMSF: value=0.22814079 | SASA: total=0.06074410123695241,
Chain 0::164,Chain 0,164,Chain 0 / SER164,SER,Intermediate,8,0,0,8,8,,,0.4580197099706914,0.09634608652046192,0.36167360357202516,0.32029350347600805,0.18182542075,,Imported structure residue from md_100_prolig_center.gro | SASA: total=0.42551196831287724 | RMSF: value=0.109637156 | SASA: total=0.4608384642270532 | RMSF: value=0.10599153 | SASA: total=0.39893650979098705 | RMSF: value=0.3655648 | SASA: total=0.459149036372062,
Chain 0::165,Chain 0,165,Chain 0 / GLU165,GLU,Exposed,8,0,0,8,8,,,1.516612489772315,1.0271534158451723,0.4894591305072945,0.70869742512725,0.21948484,,Imported structure residue from md_100_prolig_center.gro | SASA: total=1.4446618934669118 | RMSF: value=0.13742056 | SASA: total=1.6066516555181825 | RMSF: value=0.13745588 | SASA: total=1.5204495734507495 | RMSF: value=0.40972948 | SASA: total=1.5226059420274036,
Chain 0::166,Chain 0,166,Chain 0 / LYS166,LYS,Exposed,8,0,0,8,8,,,1.896715078170937,0.6854634496872083,1.2112516341823163,0.8531664698513538,0.23436543625,,Imported structure residue from md_100_prolig_center.gro | SASA: total=1.7614288282866526 | RMSF: value=0.17345628 | SASA: total=1.768385079827639 | RMSF: value=0.14735076 | SASA: total=1.730010449296177 | RMSF: value=0.4155252 | SASA: total=1.755930508717452,
Chain 0::167,Chain 0,167,Chain 0 / ASP167,ASP,Intermediate,8,0,0,8,8,,,0.7376250735308865,0.4065250071263549,0.33110008468058444,0.3944519109790836,0.19915446250000002,,Imported structure residue from md_100_prolig_center.gro | SASA: total=0.7351335151360767 | RMSF: value=0.1328851 | SASA: total=0.7418128606116418 | RMSF: value=0.12064305 | SASA: total=0.7469376638384149 | RMSF: value=0.31577083 | SASA: total=0.7702595402698705,
Chain 0::168,Chain 0,168,Chain 0 / PRO168,PRO,conserved | Mixed_exposure,8,0,0,8,8,,,0.7287492817728826,0.023678702796754048,0.7050705757176522,0.4732138193330407,0.1936291125,,Imported structure residue from md_100_prolig_center.gro | SASA: total=0.5385512007345067 | Manual tag: P168 | SASA: total=0.5205520745551232 | RMSF: value=0.10061342 | SASA: total=0.640430466963513 | RMSF: value=0.21833773 | SASA: total=0.45390505188762553,
Chain 0::169,Chain 0,169,Chain 0 / GLU169,GLU,Exposed,8,0,0,8,8,,,1.3795232735943086,0.545043060800411,0.8344802153066244,0.6224511158457898,0.164261688125,,Imported structure residue from md_100_prolig_center.gro | SASA: total=1.3771142817959927 | RMSF: value=0.09446083 | SASA: total=1.3389524492886986 | RMSF: value=0.096433565 | SASA: total=1.352341633031864 | RMSF: value=0.17813648 | SASA: total=1.39154848958006,
Chain 0::170,Chain 0,170,Chain 0 / ILE170,ILE,Mixed_exposure,8,0,0,8,8,,,0.5726600298196962,0.005201455736463649,0.5674585615570592,0.316386756806462,0.139031767625,,Imported structure residue from md_100_prolig_center.gro | SASA: total=0.43515296472181186 | RMSF: value=0.086777955 | SASA: total=0.4680476108990093 | RMSF: value=0.09668544 | SASA: total=0.5857375694973634 | RMSF: value=0.21964923 | SASA: total=0.46427008362099675,
Chain 0::171,Chain 0,171,Chain 0 / ASP171,ASP,Intermediate,8,0,0,8,8,,,0.5951360354919245,0.4136470188525054,0.18148900890298703,0.3182545644341842,0.10842296625000002,,Imported structure residue from md_100_prolig_center.gro | SASA: total=0.632960036839589 | RMSF: value=0.07752725 | SASA: total=0.6410507795834305 | RMSF: value=0.07912606 | SASA: total=0.5842428248707611 | RMSF: value=0.15342267 | SASA: total=0.6068141047317203,
Chain 0::172,Chain 0,172,Chain 0 / VAL172,VAL,conserved | Buried,8,0,0,8,8,,,0.02070570086897812,0.0005088226027132039,0.0201968783682724,0.012548909617562498,0.08987891649999999,,Imported structure residue from md_100_prolig_center.gro | SASA: total=0.007020230119181152 | Manual tag: V172 | SASA: total=0.006554032980215432 | RMSF: value=0.06485449 | SASA: total=0.06315472943357903 | RMSF: value=0.13032262 | SASA: total=0.005714550485262777,
Chain 0::173,Chain 0,173,Chain 0 / GLN173,GLN,Mixed_exposure,8,0,0,8,8,,,1.0901178395246516,0.3964837704702179,0.6936340537844318,0.5094008595909587,0.09294022275,,Imported structure residue from md_100_prolig_center.gro | SASA: total=1.1088336234045502 | RMSF: value=0.067617446 | SASA: total=1.074365490733987 | RMSF: value=0.06387403 | SASA: total=1.1167125902553596 | RMSF: value=0.10796203 | SASA: total=1.1045644779016477,
Chain 0::174,Chain 0,174,Chain 0 / LEU174,LEU,conserved | Buried,8,0,0,8,8,,,0.0471422192271762,0.02642910281789263,0.020713115877490307,0.024681790171296437,0.09194226312499999,,Imported structure residue from md_100_prolig_center.gro | SASA: total=0.02945434759453972 | Manual tag: L174 | SASA: total=0.024527258138255317 | RMSF: value=0.07178795 | SASA: total=0.02885753358944808 | RMSF: value=0.1278974 | SASA: total=0.047699523813063555,
Chain 0::175,Chain 0,175,Chain 0 / PRO175,PRO,conserved | Intermediate,8,0,0,8,8,,,0.4754030512332326,0.005271748610539362,0.47013131178694195,0.3087032800215796,0.110234923125,,Imported structure residue from md_100_prolig_center.gro | SASA: total=0.4520830264185915 | Manual tag: P175 | SASA: total=0.4191194262244914 | RMSF: value=0.08086133 | SASA: total=0.4960159429229132 | RMSF: value=0.14528637 | SASA: total=0.4746484408284178,
Chain 0::176,Chain 0,176,Chain 0 / CYS176,CYS,Mixed_exposure,8,0,0,8,8,,,1.0201555071490827,0.24812587515663098,0.7720296275202589,0.5398529269418143,0.1173109475,,Imported structure residue from md_100_prolig_center.gro | SASA: total=1.2485946841759257 | RMSF: value=0.081742115 | SASA: total=1.2328278038761404 | RMSF: value=0.078644924 | SASA: total=1.2467519174707997 | RMSF: value=0.14312698 | SASA: total=1.23473586894498,
Chain 0::177,Chain 0,177,Chain 0 / MET177,MET,Buried,8,0,0,8,8,,,0.1697111895566087,0.11290430039683781,0.056806893323059424,0.08567273050442574,0.09964365725,,Imported structure residue from md_100_prolig_center.gro | SASA: total=0.1271401074263129 | RMSF: value=0.0808881 | SASA: total=0.13305376897944082 | RMSF: value=0.07294469 | SASA: total=0.1480275011888825 | RMSF: value=0.118953876 | SASA: total=0.12714568451784625,
Chain 0::178,Chain 0,178,Chain 0 / PRO178,PRO,conserved | Mixed_exposure,8,0,0,8,8,,,0.5625882869272834,0.008281458429715569,0.5543068205513576,0.3653170694333009,0.097507076125,,Imported structure residue from md_100_prolig_center.gro | SASA: total=0.6529123464433273 | Manual tag: P178 | SASA: total=0.5022639788613461 | RMSF: value=0.067207284 | SASA: total=0.5877587714112631 | RMSF: value=0.09011283 | SASA: total=0.5094918797511866,
Chain 0::179,Chain 0,179,Chain 0 / LEU179,LEU,Mixed_exposure,8,0,0,8,8,,,0.9066013937244322,0.07658520591500594,0.830016178364801,0.4746604155625299,0.08522722649999999,,Imported structure residue from md_100_prolig_center.gro | SASA: total=0.7755215085378968 | RMSF: value=0.065516025 | SASA: total=0.8498164261921798 | RMSF: value=0.058629923 | SASA: total=0.8365697730885874 | RMSF: value=0.06922812 | SASA: total=0.8321766381216521,
Chain 0::180,Chain 0,180,Chain 0 / LEU180,LEU,conserved | Buried,8,0,0,8,8,,,0.033926829664436595,0.0004205509573901256,0.03350627867117095,0.01776273804420764,0.08115749174999999,,Imported structure residue from md_100_prolig_center.gro | SASA: total=0.007495293688803616 | Manual tag: L180 | SASA: total=0.0031939581921785185 | RMSF: value=0.057893306 | SASA: total=0.01369032408986794 | RMSF: value=0.082296684 | SASA: total=0.005123333396888015,
Chain 0::181,Chain 0,181,Chain 0 / LYS181,LYS,Mixed_exposure,8,0,0,8,8,,,1.037079278047722,0.007998966710759548,1.0290802996790056,0.45090403393379225,0.09174844575,,Imported structure residue from md_100_prolig_center.gro | SASA: total=0.9533936404945826 | RMSF: value=0.0657326 | SASA: total=0.9997808626382658 | RMSF: value=0.064558476 | SASA: total=0.9618493731659238 | RMSF: value=0.10319097 | SASA: total=0.9813217674151505,
Chain 0::182,Chain 0,182,Chain 0 / TYR182,TYR,Intermediate,8,0,0,8,8,,,0.659390188200344,0.08963430292517095,0.5697558813239678,0.2540409500748619,0.102089113125,,Imported structure residue from md_100_prolig_center.gro | SASA: total=0.8768261098625636 | RMSF: value=0.0737941 | SASA: total=0.5346898525068076 | RMSF: value=0.07123822 | SASA: total=0.7221464355393211 | RMSF: value=0.11875845 | SASA: total=0.5851305749746832,
Chain 0::183,Chain 0,183,Chain 0 / ASP183,ASP,Mixed_exposure,8,0,0,8,8,,,0.4323143095036249,0.31026704912765485,0.12204725779869621,0.23118412272921118,0.11438277050000001,,Imported structure residue from md_100_prolig_center.gro | SASA: total=0.2031649973722968 | RMSF: value=0.071841024 | SASA: total=0.14145085820467165 | RMSF: value=0.06569185 | SASA: total=0.12901760018107913 | RMSF: value=0.09664193 | SASA: total=0.16489173398159518,
Chain 0::184,Chain 0,184,Chain 0 / GLU184,GLU,conserved | Mixed_exposure,8,0,0,8,8,,,0.20231294247672185,0.1501658723897377,0.05214707467400717,0.09453875816669244,0.093616694125,,Imported structure residue from md_100_prolig_center.gro | SASA: total=0.0715556793873853 | Manual tag: E184 | SASA: total=0.06367361457040994 | RMSF: value=0.054285977 | SASA: total=0.03887830532644645 | RMSF: value=0.07336308 | SASA: total=0.03845190607232622,
Chain 0::185,Chain 0,185,Chain 0 / VAL185,VAL,conserved | Buried,8,0,1,8,8,,0.000999000999000999,0.02701241021555454,0.019917648597557035,0.0070947618300808675,0.016371157706396692,0.085241388125,,Imported structure residue from md_100_prolig_center.gro | SASA: total=0.033146909152222154 | Manual tag: V185 | SASA: total=0.00816316843622982 | RMSF: value=0.05933248 | SASA: total=0.024079204638405603 | RMSF: value=0.09086373 | SASA: total=0.013169952609465633,
Chain 0::186,Chain 0,186,Chain 0 / PRO186,PRO,Second-shell | conserved | Buried,8,0,0,8,8,,,0.037111356531343044,0.0010466063691943993,0.03606475103785697,0.024098283461911063,0.084878944375,,Imported structure residue from md_100_prolig_center.gro | SASA: total=0.015298187769580595 | Manual tag: P186 | SASA: total=0.0016345638265409092 | RMSF: value=0.056718644 | SASA: total=0.015716738722259455 | RMSF: value=0.096801646 | SASA: total=0.005360127147171868,
Chain 0::187,Chain 0,187,Chain 0 / SER187,SER,Second-shell | conserved | Buried,8,0,4,8,8,,0.015234765234765234,0.16358795234389456,0.036536249257353284,0.12705170205220268,0.11439716947125494,0.10075548025,,Imported structure residue from md_100_prolig_center.gro | SASA: total=0.20797488949086407 | Manual tag: S187 | SASA: total=0.162555325444382 | RMSF: value=0.064105704 | SASA: total=0.19608741851136235 | RMSF: value=0.12078781 | HBond protein_to_ESC: max_occ=0.002997002997002997,
Chain 0::188,Chain 0,188,Chain 0 / PHE188,PHE,Second-shell | conserved | Buried,8,8,0,8,8,-0.5152337236,,0.12001673720157788,0.006727757466476328,0.11328898625234246,0.052638919825253455,0.11256155374999999,,Imported structure residue from md_100_prolig_center.gro | MMPBSA traj_nowat_100_f100 Total: TOTAL=-0.08851009600000001 | SASA: total=0.16003068691433067 | MMPBSA traj_nowat_100_f100 Total: TOTAL=-0.3068071600000001 | SASA: total=0.029050727831291975 | MMPBSA traj_nowat_100_f100 Total: TOTAL=-0.6578557352000001 | SASA: total=0.34436325064980156 | MMPBSA traj_nowat_100_f100 Total: TOTAL=-0.5204133088000001,
Chain 0::189,Chain 0,189,Chain 0 / LEU189,LEU,conserved | Buried,8,0,0,8,8,,,0.039485626851120906,0.02107458387179955,0.018411043316176587,0.02067310306341409,0.11803492512500001,,Imported structure residue from md_100_prolig_center.gro | SASA: total=0.045144087386013255 | Manual tag: L189 | SASA: total=0.0386553623132629 | RMSF: value=0.07508227 | SASA: total=0.04547164201883987 | RMSF: value=0.18129833 | SASA: total=0.028576781645896707,
Chain 0::190,Chain 0,190,Chain 0 / TYR190,TYR,Mixed_exposure,8,0,1,8,8,,0.001998001998001998,0.34903434054501875,0.08296423987024418,0.2660701011358253,0.1454680751034297,0.13928586325000003,,Imported structure residue from md_100_prolig_center.gro | SASA: total=0.32837137845483155 | RMSF: value=0.16058148 | SASA: total=0.2095954698501247 | RMSF: value=0.099990666 | SASA: total=0.32106367255201435 | RMSF: value=0.16032328 | SASA: total=0.11171782975739772,
Chain 0::191,Chain 0,191,Chain 0 / PRO191,PRO,Mixed_exposure,8,0,0,8,8,,,0.47845339716070945,0.15724431516229184,0.32120906823489925,0.3106840241303308,0.19152065,,Imported structure residue from md_100_prolig_center.gro | SASA: total=0.44791388157570716 | RMSF: value=0.23892231 | SASA: total=0.4992396076126854 | RMSF: value=0.1466729 | SASA: total=0.4858929567997999 | RMSF: value=0.23464061 | SASA: total=0.24254968142745517,
Chain 0::192,Chain 0,192,Chain 0 / THR192,THR,Exposed,8,0,0,8,8,,,1.0452326316349576,0.2677465905573698,0.7774860503354876,0.6412470132729802,0.21390509125,,Imported structure residue from md_100_prolig_center.gro | SASA: total=0.9196597290511178 | RMSF: value=0.27323708 | SASA: total=1.1208312428823792 | RMSF: value=0.20016016 | SASA: total=1.0741966242837433 | RMSF: value=0.3469902 | SASA: total=0.9088987985459884,
Chain 0::193,Chain 0,193,Chain 0 / THR193,THR,Mixed_exposure,8,0,1,8,8,,0.001998001998001998,0.2154864342883229,0.09998552568976093,0.11550090757502925,0.14326273147993918,0.1788578175,,Imported structure residue from md_100_prolig_center.gro | SASA: total=0.26762622299760874 | RMSF: value=0.1990495 | SASA: total=0.19159981962477807 | RMSF: value=0.13738765 | SASA: total=0.3198599148504805 | RMSF: value=0.3141019 | SASA: total=0.2523340334986696,
Chain 0::194,Chain 0,194,Chain 0 / PRO194,PRO,Exposed,8,0,1,8,8,,0.001998001998001998,1.0842308319625582,0.18257986209678032,0.9016509478967084,0.704045994780882,0.20719206499999998,,Imported structure residue from md_100_prolig_center.gro | SASA: total=1.1298362016677856 | RMSF: value=0.26253602 | SASA: total=1.1041529922202082 | RMSF: value=0.12575398 | SASA: total=1.121728579154109 | RMSF: value=0.3617441 | SASA: total=1.1402143841922874,
Chain 0::195,Chain 0,195,Chain 0 / TYR195,TYR,Second-shell | Mixed_exposure,8,6,6,8,8,-0.44447651706666663,0.006493506493506493,0.9024752797097852,0.2324433471491136,0.670031918009909,0.3539118743959943,0.18525596125,,Imported structure residue from md_100_prolig_center.gro | MMPBSA traj_nowat_100_f100 Total: TOTAL=-0.01477239120000007 | SASA: total=1.0771680999510358 | MMPBSA traj_nowat_100_f100 Total: TOTAL=-0.05419705279999998 | SASA: total=0.7442437731983638 | MMPBSA traj_nowat_100_f100 Total: TOTAL=-0.10802636159999997 | HBond protein_to_ESC: max_occ=0.001998001998001998 | SASA: total=0.8727420497648787,
Chain 0::196,Chain 0,196,Chain 0 / PRO196,PRO,Mixed_exposure,8,0,0,8,8,,,0.7245742383569773,0.015395320385998798,0.7091789192492419,0.47050275217985543,0.15490791625,,Imported structure residue from md_100_prolig_center.gro | SASA: total=0.8332406978796024 | RMSF: value=0.16836451 | SASA: total=0.6890399084232821 | RMSF: value=0.12943986 | SASA: total=0.9347487587739925 | RMSF: value=0.30578583 | SASA: total=0.781253722634646,
Chain 0::197,Chain 0,197,Chain 0 / CYS197,CYS,Mixed_exposure,8,0,1,8,8,,0.03196803196803197,0.33217194470309536,0.05380215532852955,0.27836980305077264,0.2577711405255942,0.145414191875,,Imported structure residue from md_100_prolig_center.gro | SASA: total=0.6074371160847125 | RMSF: value=0.15141581 | SASA: total=0.20798378168503837 | RMSF: value=0.12768841 | SASA: total=0.5435454827724117 | RMSF: value=0.28198737 | SASA: total=0.4095819264945417,
Chain 0::198,Chain 0,198,Chain 0 / LEU198,LEU,Second-shell | Mixed_exposure,8,8,2,8,8,-0.8513196524,0.14485514485514486,0.22898410751235368,0.001450992554010095,0.22753311114588587,0.11988696728395482,0.127369960625,,Imported structure residue from md_100_prolig_center.gro | MMPBSA traj_nowat_100_f100 Total: TOTAL=-0.10457224319999998 | SASA: total=0.6964866902568553 | MMPBSA traj_nowat_100_f100 Total: TOTAL=-1.1904251 | SASA: total=0.16904890035638714 | MMPBSA traj_nowat_100_f100 Total: TOTAL=-1.2588608568 | SASA: total=0.36461474989900494 | MMPBSA traj_nowat_100_f100 Total: TOTAL=-0.2772707479999999,
Chain 0::199,Chain 0,199,Chain 0 / ARG199,ARG,Second-shell | Mixed_exposure,8,0,1,8,8,,0.008991008991008992,0.579144533354752,0.08923787880449159,0.48990665105088516,0.21854510692632154,0.116917412,,Imported structure residue from md_100_prolig_center.gro | SASA: total=0.5304036376499893 | Manual tag: R199 | SASA: total=0.6358951353790736 | RMSF: value=0.088419855 | SASA: total=0.6647234883638892 | RMSF: value=0.21670647 | SASA: total=0.5418667781471026,
Chain 0::200,Chain 0,200,Chain 0 / ARG200,ARG,Exposed,8,0,0,8,8,,,1.6948305293179975,0.25059062207468075,1.444239930351182,0.6395586903086783,0.11910147250000001,,Imported structure residue from md_100_prolig_center.gro | SASA: total=1.8095197748429706 | RMSF: value=0.12267807 | SASA: total=1.6393311377799158 | RMSF: value=0.096663885 | SASA: total=1.7782899589821843 | RMSF: value=0.22865257 | SASA: total=1.7704228221780003,
Chain 0::201,Chain 0,201,Chain 0 / ALA201,ALA,Second-shell | Mixed_exposure,8,2,1,8,8,-0.009772524800000003,0.002997002997002997,0.20068184108390374,0.011357978940854947,0.18932386316211508,0.16585276122636672,0.11756410249999999,,Imported structure residue from md_100_prolig_center.gro | SASA: total=0.5329697462591795 | Manual tag: A201 | SASA: total=0.10415758089263841 | RMSF: value=0.09159541 | HBond protein_to_ESC: max_occ=0.002997002997002997 | SASA: total=0.32325286528851727 | MMPBSA traj_nowat_100_f100 Total: TOTAL=-0.0028777448000000083,
Chain 0::202,Chain 0,202,Chain 0 / ILE202,ILE,Second-shell | Buried,8,6,0,8,8,-0.16187244946666665,,0.07662339840490039,0.0008901135491997944,0.07573328434148488,0.042333369284475356,0.10568823324999999,,Imported structure residue from md_100_prolig_center.gro | MMPBSA traj_nowat_100_f100 Total: TOTAL=-0.011909996000000042 | SASA: total=0.1986037575372375 | SASA: total=0.06497692383161865 | RMSF: value=0.0742299 | MMPBSA traj_nowat_100_f100 Total: TOTAL=-0.7924025567999999 | SASA: total=0.06698022591005458 | MMPBSA traj_nowat_100_f100 Total: TOTAL=-0.04191045279999997,
Chain 0::203,Chain 0,203,Chain 0 / LEU203,LEU,Mixed_exposure,8,0,0,8,8,,,0.4362188128035257,0.009682295097776985,0.4265365122752909,0.22838681298613916,0.10176106625,,Imported structure residue from md_100_prolig_center.gro | SASA: total=0.6184425312693757 | RMSF: value=0.09287343 | SASA: total=0.26864162116947743 | RMSF: value=0.08059895 | SASA: total=0.5300504571140403 | RMSF: value=0.14835611 | SASA: total=0.5746674307502142,
Chain 0::204,Chain 0,204,Chain 0 / GLY204,GLY,Mixed_exposure,8,0,0,8,8,,,0.21500511051589016,0.014738077732203021,0.20026702549087233,0.22165475310916508,0.101781518625,,Imported structure residue from md_100_prolig_center.gro | SASA: total=0.2681870416249379 | RMSF: value=0.086976364 | SASA: total=0.23072120399758367 | RMSF: value=0.08297466 | SASA: total=0.28954611998973506 | RMSF: value=0.14735967 | SASA: total=0.23058045279271533,
Chain 0::205,Chain 0,205,Chain 0 / GLN205,GLN,conserved | Buried,8,0,1,8,8,,0.0899100899100899,0.102411814405131,0.029281514699082117,0.07313029856494821,0.047855988039780854,0.09507620474999999,,Imported structure residue from md_100_prolig_center.gro | SASA: total=0.1849761442972882 | Manual tag: Q205 | SASA: total=0.04845143456270199 | RMSF: value=0.07943428 | HBond protein_to_ESC: max_occ=0.0899100899100899 | SASA: total=0.2789655802863659 | SASA: total=0.16662181751562818,
Chain 0::206,Chain 0,206,Chain 0 / TYR206,TYR,Buried,8,0,1,8,8,,0.011988011988011988,0.0732608305251152,0.03808324349874695,0.03517758785618762,0.028729737460829494,0.088010844375,,Imported structure residue from md_100_prolig_center.gro | SASA: total=0.06221274632296645 | RMSF: value=0.094571225 | SASA: total=0.08194549691559065 | RMSF: value=0.0891684 | HBond protein_to_ESC: max_occ=0.011988011988011988 | SASA: total=0.12629353594366866 | SASA: total=0.08070902367777164,
Chain 0::207,Chain 0,207,Chain 0 / ASN207,ASN,Mixed_exposure,8,0,0,8,8,,,0.7183940699416222,0.36723213084964174,0.3511619508303333,0.4249839989194586,0.09159397725,,Imported structure residue from md_100_prolig_center.gro | SASA: total=0.4229890252694045 | RMSF: value=0.10072628 | SASA: total=0.6659398303173556 | RMSF: value=0.106328234 | SASA: total=0.3627666695283191 | RMSF: value=0.11225218 | SASA: total=0.5327806838668219,
Chain 0::208,Chain 0,208,Chain 0 / LYS208,LYS,Intermediate,8,0,0,8,8,,,0.6350667579191746,0.0877151616260013,0.5473515864572313,0.25479662615669496,0.09111662662499999,,Imported structure residue from md_100_prolig_center.gro | SASA: total=0.7020280119216088 | RMSF: value=0.105095625 | SASA: total=0.6836191439392543 | RMSF: value=0.097488284 | SASA: total=0.8526437754678254 | RMSF: value=0.10861475 | SASA: total=0.731799858631474,
Chain 0::209,Chain 0,209,Chain 0 / LEU209,LEU,conserved | Buried,8,0,0,8,8,,,0.13453296642971807,0.025528859793459813,0.10900410443329997,0.07043610807838642,0.097506116625,,Imported structure residue from md_100_prolig_center.gro | SASA: total=0.04615730810726043 | Manual tag: L209 | SASA: total=0.10746238786395233 | RMSF: value=0.09873117 | SASA: total=0.11487208631369147 | RMSF: value=0.12107262 | SASA: total=0.09548755609753108,
Chain 0::210,Chain 0,210,Chain 0 / ASP210,ASP,Exposed,8,0,0,8,8,,,1.2132727918353412,0.8120414400012186,0.4012313434683561,0.6488089795910915,0.1067857815,,Imported structure residue from md_100_prolig_center.gro | SASA: total=1.0049971047014292 | RMSF: value=0.14387757 | SASA: total=1.3183992747032995 | RMSF: value=0.09414983 | SASA: total=1.0985987729365283 | RMSF: value=0.12310317 | SASA: total=1.1935954377202704,
Chain 0::211,Chain 0,211,Chain 0 / LYS211,LYS,Intermediate,8,0,0,8,8,,,0.9183230878102897,0.17836409742658088,0.739958951526349,0.39927090774360424,0.089643342,,Imported structure residue from md_100_prolig_center.gro | SASA: total=0.9989740931161559 | RMSF: value=0.10395627 | SASA: total=1.0051262473115827 | RMSF: value=0.08807611 | SASA: total=1.002831258396111 | RMSF: value=0.10903363 | SASA: total=1.0311213413087448,
Chain 0::212,Chain 0,212,Chain 0 / PRO212,PRO,conserved | Buried,8,0,0,8,8,,,0.07136895290419165,0.04986428888053587,0.021504663113512713,0.04634347591181276,0.066890092125,,Imported structure residue from md_100_prolig_center.gro | SASA: total=0.05417779412600073 | Manual tag: P212 | SASA: total=0.09736437136583989 | RMSF: value=0.07410475 | SASA: total=0.07158979271898175 | RMSF: value=0.07648763 | SASA: total=0.07188243005830462,
Chain 0::213,Chain 0,213,Chain 0 / PHE213,PHE,conserved | Intermediate,8,0,0,8,8,,,0.5277568762476491,0.1280640308459354,0.39969285603354476,0.2314723141437058,0.066986185625,,Imported structure residue from md_100_prolig_center.gro | SASA: total=0.5406731013024207 | Manual tag: F213 | SASA: total=0.6199074009857556 | RMSF: value=0.08988695 | SASA: total=0.6239145769931302 | RMSF: value=0.073418766 | SASA: total=0.4617984389314557,
Chain 0::214,Chain 0,214,Chain 0 / CYS214,CYS,Buried,8,0,0,8,8,,,0.05259785821227965,0.014789940170381256,0.037807917707636585,0.035539093386675435,0.058324503374999996,,Imported structure residue from md_100_prolig_center.gro | SASA: total=0.0440843377336122 | RMSF: value=0.055282384 | SASA: total=0.0627268778510613 | RMSF: value=0.075806655 | SASA: total=0.040552452612336316 | RMSF: value=0.06080599 | SASA: total=0.01673193379203872,
Chain 0::215,Chain 0,215,Chain 0 / ILE215,ILE,conserved | Buried,8,0,0,8,8,,,0.008024419710546671,0.0000083781074269186,0.00801604164331762,0.0044333810555506475,0.049404243375,,Imported structure residue from md_100_prolig_center.gro | SASA: total=0.004493961239805316 | Manual tag: I215 | SASA: total=0.010854240470003374 | RMSF: value=0.058472235 | SASA: total=0.004380701976542426 | RMSF: value=0.05277664 | SASA: total=0.006321165883005366,
Chain 0::216,Chain 0,216,Chain 0 / LEU216,LEU,conserved | Buried,8,0,0,8,8,,,0.001363091153498407,0.000006911204205733715,0.0013561799458347928,0.000713660289789742,0.0450129985,,Imported structure residue from md_100_prolig_center.gro | SASA: total=0.0007807481480707036 | Manual tag: L216 | SASA: total=0.002910790762098709 | RMSF: value=0.046398222 | SASA: total=0.0008015061664109183 | RMSF: value=0.049707722 | SASA: total=0.00029209022880485744,
Chain 0::217,Chain 0,217,Chain 0 / VAL217,VAL,conserved | Buried,8,0,0,8,8,,,0.011752758329226473,0,0.011752758324615966,0.007122883835894833,0.045737963624999996,,Imported structure residue from md_100_prolig_center.gro | SASA: total=0.00831116830623515 | Manual tag: V217 | SASA: total=0.0037315579334107956 | RMSF: value=0.04804939 | SASA: total=0.00574089247401398 | RMSF: value=0.051917225 | SASA: total=0.018190383901911796,
Chain 0::218,Chain 0,218,Chain 0 / GLU218,GLU,Second-shell | conserved | Buried,8,0,0,8,8,,,0.022163530835512417,0.016132453289390124,0.00603107843595029,0.010356790110052529,0.048782698375,,Imported structure residue from md_100_prolig_center.gro | SASA: total=0.03568688523725118 | Manual tag: E218 | SASA: total=0.006824757387437443 | RMSF: value=0.04124763 | SASA: total=0.032977448094009175 | RMSF: value=0.0757219 | SASA: total=0.08441295482144498,
Chain 0::219,Chain 0,219,Chain 0 / SER219,SER,conserved | Buried,8,0,0,8,8,,,0.01170808128669102,0.0012637274181308907,0.01044435363601764,0.00818746943125246,0.05514745274999999,,Imported structure residue from md_100_prolig_center.gro | SASA: total=0.0026221633612150603 | Manual tag: S219 | SASA: total=0.012011102077984575 | RMSF: value=0.06182306 | SASA: total=0.0037740770690511947 | RMSF: value=0.06346317 | SASA: total=0.004808476840210433,
Chain 0::220,Chain 0,220,Chain 0 / PHE220,PHE,conserved | Buried,8,0,0,8,8,,,0.013318111072726648,0.0007988169154216821,0.012519294201681104,0.0058412767862836175,0.0535106885,,Imported structure residue from md_100_prolig_center.gro | SASA: total=0.009169534217603135 | Manual tag: F220 | SASA: total=0.005801530259818134 | RMSF: value=0.051296294 | SASA: total=0.00784948685824281 | RMSF: value=0.05235106 | SASA: total=0.03757834936132525,
Chain 0::221,Chain 0,221,Chain 0 / GLN221,GLN,Intermediate,8,0,1,8,8,,0.000999000999000999,0.72178004527151,0.2223591022931113,0.49942094554184097,0.306685599682136,0.068660242625,,Imported structure residue from md_100_prolig_center.gro | SASA: total=0.7928686490153322 | RMSF: value=0.0629451 | SASA: total=0.7131698650888877 | RMSF: value=0.056046024 | SASA: total=0.7696508334414793 | RMSF: value=0.060301214 | SASA: total=0.9819847593213072,
Chain 0::222,Chain 0,222,Chain 0 / GLU222,GLU,conserved | Intermediate,8,0,0,8,8,,,0.8325368995861251,0.6333764921320547,0.19916041687794842,0.3890359343860398,0.071363745125,,Imported structure residue from md_100_prolig_center.gro | SASA: total=0.7327192319501744 | Manual tag: E222 | SASA: total=0.6748136636054162 | RMSF: value=0.056295924 | SASA: total=0.755176567795253 | RMSF: value=0.059028562 | SASA: total=0.7890166923551276,
Chain 0::223,Chain 0,223,Chain 0 / LEU223,LEU,conserved | Buried,8,0,0,8,8,,,0.05405826811819329,0.035892015671712525,0.018166251436779555,0.028302758177064544,0.06163468799999999,,Imported structure residue from md_100_prolig_center.gro | SASA: total=0.03437181244982351 | Manual tag: L223 | SASA: total=0.07886381491576092 | RMSF: value=0.052974537 | SASA: total=0.03252924493707643 | RMSF: value=0.055929244 | SASA: total=0.0570958244549756,
Chain 0::224,Chain 0,224,Chain 0 / GLU224,GLU,conserved | Mixed_exposure,8,0,0,8,8,,,0.354656006015911,0.25787637580767053,0.09677961314244582,0.16572710561491166,0.06965308149999999,,Imported structure residue from md_100_prolig_center.gro | SASA: total=0.4579023529987524 | Manual tag: E224 | SASA: total=0.5244991501959244 | RMSF: value=0.058262117 | SASA: total=0.49654799168652825 | RMSF: value=0.06529857 | SASA: total=0.3097725486991429,
Chain 0::225,Chain 0,225,Chain 0 / HIS225,HIS,Intermediate,8,0,0,8,8,,,0.9498239415559439,0.11943090358048236,0.8303930402023367,0.42438633654420016,0.073661309875,,Imported structure residue from md_100_prolig_center.gro | SASA: total=1.0696905326135089 | RMSF: value=0.06113891 | SASA: total=1.0673054633754315 | RMSF: value=0.06220592 | SASA: total=1.1050352294846337 | RMSF: value=0.06872108 | SASA: total=1.1147542389312592,
Chain 0::226,Chain 0,226,Chain 0 / ASP226,ASP,Mixed_exposure,8,0,0,8,8,,,0.8889376424474291,0.6288396383423617,0.26009801117758646,0.44538430231760984,0.073753761625,,Imported structure residue from md_100_prolig_center.gro | SASA: total=0.8812485591019734 | RMSF: value=0.06340688 | SASA: total=0.8365858380157168 | RMSF: value=0.065917954 | SASA: total=0.8726749549997915 | RMSF: value=0.084877394 | SASA: total=0.9646803907828756,
Chain 0::227,Chain 0,227,Chain 0 / ILE227,ILE,Buried,8,0,0,8,8,,,0.04839553768368493,0.00019134877933682596,0.04820419040895851,0.027470957477326943,0.06766327825,,Imported structure residue from md_100_prolig_center.gro | SASA: total=0.007959161765209518 | RMSF: value=0.05811343 | SASA: total=0.04738153753304245 | RMSF: value=0.06708153 | SASA: total=0.02917248464309343 | RMSF: value=0.07803328 | SASA: total=0.024955682456493378,
Chain 0::228,Chain 0,228,Chain 0 / ILE228,ILE,conserved | Buried,8,0,0,8,8,,,0.06257012960821445,0.00020172919816969164,0.06236840034362463,0.034569132380228976,0.06629846087499999,,Imported structure residue from md_100_prolig_center.gro | SASA: total=0.04666985469953258 | Manual tag: I228 | SASA: total=0.07225445259620647 | RMSF: value=0.06330349 | SASA: total=0.04595338457291669 | RMSF: value=0.06682351 | SASA: total=0.051726169257175804,
Chain 0::229,Chain 0,229,Chain 0 / GLU229,GLU,Mixed_exposure,8,0,0,8,8,,,0.9417608693832218,0.6575150293583917,0.2842458554976942,0.4400751726089822,0.072168895,,Imported structure residue from md_100_prolig_center.gro | SASA: total=0.8302790434053628 | RMSF: value=0.05978323 | SASA: total=0.8442841650235771 | RMSF: value=0.06617512 | SASA: total=0.8498277298294672 | RMSF: value=0.07089211 | SASA: total=0.8923528690149288,
Chain 0::230,Chain 0,230,Chain 0 / TYR230,TYR,conserved | Intermediate,8,0,0,8,8,,,0.7803878661724601,0.1430960773435043,0.637291784555015,0.30603445732253337,0.069122125875,,Imported structure residue from md_100_prolig_center.gro | SASA: total=0.645600152487802 | Manual tag: Y230 | SASA: total=0.689942467330706 | RMSF: value=0.06704207 | SASA: total=0.678777009543806 | RMSF: value=0.071708106 | SASA: total=0.7604505207278941,
Chain 0::231,Chain 0,231,Chain 0 / MET231,MET,Buried,8,0,0,8,8,,,0.0049371331759283585,0.0006137084166028324,0.004323424819118049,0.002532766225607532,0.06644135775,,Imported structure residue from md_100_prolig_center.gro | SASA: total=0.0034434234741890783 | RMSF: value=0.057768144 | SASA: total=0.010929885679985037 | RMSF: value=0.070656046 | SASA: total=0.0026654385694182747 | RMSF: value=0.069849126 | SASA: total=0.008985926978068777,
Chain 0::232,Chain 0,232,Chain 0 / SER232,SER,Intermediate,8,0,0,8,8,,,0.5085096488715988,0.2849153132353089,0.22359433895585562,0.3556011530570622,0.07091399500000001,,Imported structure residue from md_100_prolig_center.gro | SASA: total=0.5411572311774339 | RMSF: value=0.060028873 | SASA: total=0.4716869533652126 | RMSF: value=0.0731886 | SASA: total=0.5319546225047348 | RMSF: value=0.06866904 | SASA: total=0.5216523143324522,
Chain 0::233,Chain 0,233,Chain 0 / LYS233,LYS,Exposed,8,0,0,8,8,,,1.8274226122268356,0.29952577630629634,1.5278968150072758,0.794531570533407,0.089009086625,,Imported structure residue from md_100_prolig_center.gro | SASA: total=1.7980496977815534 | RMSF: value=0.077084005 | SASA: total=1.8126118147727286 | RMSF: value=0.09052708 | SASA: total=1.8076510783469324 | RMSF: value=0.08384293 | SASA: total=1.8051223967335013,
Chain 0::234,Chain 0,234,Chain 0 / ILE234,ILE,Mixed_exposure,8,0,0,8,8,,,0.7135097412115867,0.2115716943978378,0.5019380525861046,0.3942042769124788,0.09023737974999999,,Imported structure residue from md_100_prolig_center.gro | SASA: total=0.5151186378875582 | RMSF: value=0.077354774 | SASA: total=0.6378085288670984 | RMSF: value=0.100309744 | SASA: total=0.5572688269733203 | RMSF: value=0.086500704 | SASA: total=0.6221917720124273,
Chain 0::235,Chain 0,235,Chain 0 / SER235,SER,Buried,8,0,0,8,8,,,0.11769027731353693,0.015926483465591446,0.10176379327422544,0.07098314713584462,0.072187811375,,Imported structure residue from md_100_prolig_center.gro | SASA: total=0.11338594725521484 | RMSF: value=0.062999964 | SASA: total=0.10899304812497432 | RMSF: value=0.08056133 | SASA: total=0.14437024420735858 | RMSF: value=0.07165605 | SASA: total=0.14845342535783748,
Chain 0::236,Chain 0,236,Chain 0 / PRO236,PRO,conserved | Intermediate,8,0,0,8,8,,,0.655251707844805,0.0049438529749029755,0.6503078567214531,0.4254881219771461,0.067437849,,Imported structure residue from md_100_prolig_center.gro | SASA: total=0.6507391906020665 | Manual tag: P236 | SASA: total=0.717082420198044 | RMSF: value=0.07743504 | SASA: total=0.6452992192589411 | RMSF: value=0.064455725 | SASA: total=0.6035021508094107,
Chain 0::237,Chain 0,237,Chain 0 / ILE237,ILE,conserved | Buried,8,0,0,8,8,,,0.09513764180206132,0.0838920830536892,0.01124555427445062,0.052562233039812875,0.053166033625000005,,Imported structure residue from md_100_prolig_center.gro | SASA: total=0.10518339468110906 | Manual tag: I237 | SASA: total=0.09581457388283003 | RMSF: value=0.058043562 | SASA: total=0.12040478087002689 | RMSF: value=0.05651674 | SASA: total=0.13513893420153325,
Chain 0::238,Chain 0,238,Chain 0 / LYS238,LYS,Intermediate,8,0,0,8,8,,,0.6576066951793019,0.010795244023965738,0.6468114399231307,0.2859159544257835,0.049917986125,,Imported structure residue from md_100_prolig_center.gro | SASA: total=0.571345863365891 | RMSF: value=0.04520462 | SASA: total=0.6424209711575272 | RMSF: value=0.054285448 | SASA: total=0.5890058343953425 | RMSF: value=0.04901391 | SASA: total=0.5260625286857681,
Chain 0::239,Chain 0,239,Chain 0 / THR239,THR,Buried,8,0,1,8,8,,0.000999000999000999,0.04444883053656667,0.013486961711089745,0.030961868781965267,0.02914219076386192,0.047205970875,,Imported structure residue from md_100_prolig_center.gro | SASA: total=0.05606258797025917 | RMSF: value=0.047389556 | SASA: total=0.03098304573409628 | RMSF: value=0.04978403 | SASA: total=0.049532277859968714 | RMSF: value=0.04600898 | SASA: total=0.10440085134883918,
Chain 0::240,Chain 0,240,Chain 0 / VAL240,VAL,conserved | Buried,8,0,0,8,8,,,0.010792137856715091,0.010061304917153303,0.0007308327743759389,0.006540689610130359,0.048109013875,,Imported structure residue from md_100_prolig_center.gro | SASA: total=0.0014746245918887677 | Manual tag: V240 | SASA: total=0.00928305207502724 | RMSF: value=0.047745552 | SASA: total=0.011558005198983862 | RMSF: value=0.05308694 | SASA: total=0.0042007029941766565,
Chain 0::241,Chain 0,241,Chain 0 / GLY241,GLY,conserved | Buried,8,0,1,8,8,,0.000999000999000999,0.0018810153644045556,0.0013323887843479595,0.000548626588989455,0.0019391910973242843,0.0536268915,,Imported structure residue from md_100_prolig_center.gro | SASA: total=0.0005959248963263955 | Manual tag: G241 | SASA: total=8.119127856069567e-05 | RMSF: value=0.048217207 | SASA: total=0.00036819552135939644 | RMSF: value=0.07718018 | SASA: total=0.0022460850379844703,
Chain 0::242,Chain 0,242,Chain 0 / PRO242,PRO,conserved | Buried,8,0,0,8,8,,,0.008450414349744558,0.004641819060785871,0.003808595802237874,0.005487282045288673,0.0520997715,,Imported structure residue from md_100_prolig_center.gro | SASA: total=0.009719302896225806 | Manual tag: P242 | SASA: total=0.0032610486694934345 | RMSF: value=0.045654316 | SASA: total=0.005929138262451875 | RMSF: value=0.058028568 | SASA: total=0.007161768310067087,
Chain 0::243,Chain 0,243,Chain 0 / LEU243,LEU,conserved | Buried,8,0,0,8,8,,,0.02824611634034479,0.02101219529983366,0.007233920845933292,0.014788542586567952,0.053071060249999996,,Imported structure residue from md_100_prolig_center.gro | SASA: total=0.018667096880697967 | Manual tag: L243 | SASA: total=0.04121584240531567 | RMSF: value=0.04472135 | SASA: total=0.025558027890649173 | RMSF: value=0.057713386 | SASA: total=0.03103665830475269,
Chain 0::244,Chain 0,244,Chain 0 / PHE244,PHE,Second-shell | conserved | Buried,8,0,0,8,8,,,0.26891129203878417,0.11875445947124817,0.1501568384136599,0.11794354913981764,0.066944305375,,Imported structure residue from md_100_prolig_center.gro | SASA: total=0.22164602562932684 | Manual tag: F244 | SASA: total=0.20063481236448383 | RMSF: value=0.046990097 | SASA: total=0.18876907406467022 | RMSF: value=0.0818882 | SASA: total=0.1467579828925652,
Chain 0::245,Chain 0,245,Chain 0 / MET245,MET,Mixed_exposure,8,0,0,8,8,,,0.3164149733389368,0.06486067556592262,0.25155429733861795,0.16207637131328628,0.07328176575,,Imported structure residue from md_100_prolig_center.gro | SASA: total=0.2237091825740172 | RMSF: value=0.05025536 | SASA: total=0.20721908607105216 | RMSF: value=0.05200749 | SASA: total=0.19636007804091615 | RMSF: value=0.07697345 | SASA: total=0.20202472142063746,
Chain 0::246,Chain 0,246,Chain 0 / ASN246,ASN,conserved | Mixed_exposure,8,0,0,8,8,,,0.3579990218421168,0.1237339117508935,0.23426511686866974,0.19144332718829773,0.09933908150000001,,Imported structure residue from md_100_prolig_center.gro | SASA: total=0.5398767000377769 | Manual tag: N246 | SASA: total=0.4062135281539199 | RMSF: value=0.08000518 | SASA: total=0.31309883045678094 | RMSF: value=0.10126453 | SASA: total=0.5093774783729327,
Chain 0::247,Chain 0,247,Chain 0 / PRO247,PRO,conserved | Mixed_exposure,8,0,0,8,8,,,0.706371344699718,0.21226272698823767,0.49410862717224235,0.45868269136345324,0.139925453,,Imported structure residue from md_100_prolig_center.gro | SASA: total=0.5061867691502713 | Manual tag: P247 | SASA: total=0.5535860274097707 | RMSF: value=0.12474115 | SASA: total=0.6380149857832653 | RMSF: value=0.11913616 | SASA: total=0.6697480914616348,
Chain 0::248,Chain 0,248,Chain 0 / LYS248,LYS,Mixed_exposure,8,0,0,8,8,,,1.3641495979805984,0.1997568580381904,1.1643927114287225,0.5535607910271277,0.168434748125,,Imported structure residue from md_100_prolig_center.gro | SASA: total=0.9951362013816833 | RMSF: value=0.1012864 | SASA: total=1.6930835553915193 | RMSF: value=0.17276919 | SASA: total=1.4535421015012382 | RMSF: value=0.12236056 | SASA: total=1.3678018751710947,
Chain 0::249,Chain 0,249,Chain 0 / ALA249,ALA,conserved | Mixed_exposure,8,0,0,8,8,,,0.6854136345301765,0.14718133621701582,0.538232306971406,0.5664575491984929,0.2137020225,,Imported structure residue from md_100_prolig_center.gro | SASA: total=1.0624173926835012 | Manual tag: A249 | SASA: total=0.9916255344258676 | RMSF: value=0.25098464 | SASA: total=0.5154744740759972 | RMSF: value=0.13431342 | SASA: total=1.2587793652373966,
Chain 0::250,Chain 0,250,Chain 0 / ALA250,ALA,conserved | Mixed_exposure,8,0,0,8,8,,,0.7110242464090927,0.14080049424192473,0.5702237598044743,0.587623344139746,0.21030832875,,Imported structure residue from md_100_prolig_center.gro | SASA: total=0.4940949111881823 | Manual tag: A250 | SASA: total=0.5939630334920222 | RMSF: value=0.24640532 | SASA: total=1.0008210038194563 | RMSF: value=0.15690264 | SASA: total=0.7909260799389074,
Chain 0::251,Chain 0,251,Chain 0 / ASN251,ASN,Mixed_exposure,8,0,0,8,8,,,1.1121857583080188,0.5560352813710672,0.5561504991042732,0.5947517424107052,0.19921089249999996,,Imported structure residue from md_100_prolig_center.gro | SASA: total=0.9017122688859996 | RMSF: value=0.18500075 | SASA: total=0.9991753726902575 | RMSF: value=0.23513941 | SASA: total=0.7850870850062607 | RMSF: value=0.11707584 | SASA: total=0.8146812827280252,
Chain 0::252,Chain 0,252,Chain 0 / SER252,SER,Mixed_exposure,8,0,0,8,8,,,0.3881127899051598,0.1308583252888062,0.25725446846151706,0.2714075453882236,0.17529964624999997,,Imported structure residue from md_100_prolig_center.gro | SASA: total=0.5133310993119041 | RMSF: value=0.17743284 | SASA: total=0.2600077833279525 | RMSF: value=0.21397558 | SASA: total=0.2782544706127431 | RMSF: value=0.10071356 | SASA: total=0.3693062530295684,
Chain 0::253,Chain 0,253,Chain 0 / ALA253,ALA,Exposed,8,0,0,8,8,,,0.8529602128016476,0.14934557573500984,0.7036146282928415,0.6249912804957428,0.168402735,,Imported structure residue from md_100_prolig_center.gro | SASA: total=0.9437538724724609 | RMSF: value=0.18673131 | SASA: total=0.8347076348739095 | RMSF: value=0.14957447 | SASA: total=0.8289506565226187 | RMSF: value=0.10850441 | SASA: total=1.0034963364648346,
Chain 0::254,Chain 0,254,Chain 0 / VAL254,VAL,conserved | Buried,8,0,0,8,8,,,0.1519074256896124,0.046469318715044027,0.10543810466355137,0.092065106478553,0.09662502825000001,,Imported structure residue from md_100_prolig_center.gro | SASA: total=0.1672475929602538 | Manual tag: V254 | SASA: total=0.049410386730243665 | RMSF: value=0.111990936 | SASA: total=0.053494995275493895 | RMSF: value=0.07953128 | SASA: total=0.06316011705168403,
Chain 0::255,Chain 0,255,Chain 0 / ARG255,ARG,Second-shell | conserved | Intermediate,8,0,0,8,8,,,0.7029065200229093,0.10387920436108171,0.5990273219228971,0.2652477434048714,0.091287013875,,Imported structure residue from md_100_prolig_center.gro | SASA: total=0.606182856134849 | Manual tag: R255 | SASA: total=0.655387260536156 | RMSF: value=0.09723325 | SASA: total=0.7590054910961944 | RMSF: value=0.07550359 | SASA: total=0.7724754361823054,
Chain 0::256,Chain 0,256,Chain 0 / GLY256,GLY,Second-shell | Buried,8,0,0,8,8,,,0.02185418205909168,0.0010588255383553776,0.020795356535432297,0.022530084597001735,0.09442747812499999,,Imported structure residue from md_100_prolig_center.gro | SASA: total=0.006847639448276841 | Manual tag: G256 | SASA: total=0.017130355359894215 | RMSF: value=0.08897479 | SASA: total=0.03686169035142601 | RMSF: value=0.08320865 | SASA: total=0.027465287411567008,
Chain 0::257,Chain 0,257,Chain 0 / ASP257,ASP,Second-shell | conserved | Buried,8,0,0,8,8,,,0.1881243774418415,0.16702233074177608,0.021102043311558273,0.10060127135927352,0.07637898074999999,,Imported structure residue from md_100_prolig_center.gro | SASA: total=0.0825408898884117 | Manual tag: D257 | SASA: total=0.15427820635314035 | RMSF: value=0.077510476 | SASA: total=0.18577717362654092 | RMSF: value=0.06753853 | SASA: total=0.23867753177586168,
Chain 0::258,Chain 0,258,Chain 0 / PHE258,PHE,Second-shell | conserved | Mixed_exposure,8,1,0,8,8,-0.010651000000000063,,0.35000382433875954,0.03187903053977868,0.31812479723208026,0.15351044927138577,0.08674660062499999,,Imported structure residue from md_100_prolig_center.gro | MMPBSA traj_nowat_100_f100 Total: TOTAL=-0.010651000000000063 | SASA: total=0.2335211822006962 | SASA: total=0.46747044348480676 | RMSF: value=0.09498666 | SASA: total=0.4116433903132335 | RMSF: value=0.08786747 | SASA: total=0.359824803796145,
Chain 0::259,Chain 0,259,Chain 0 / MET259,MET,Second-shell | Mixed_exposure,8,0,1,8,8,,0.000999000999000999,0.4385970497485434,0.09059212507915194,0.3480049260513913,0.21605765997465198,0.09142720325,,Imported structure residue from md_100_prolig_center.gro | SASA: total=0.43256276904946506 | Manual tag: M259 | SASA: total=0.363828446015273 | RMSF: value=0.09823279 | SASA: total=0.32160154103052496 | RMSF: value=0.081057385 | SASA: total=0.2920045575292984,
Chain 0::260,Chain 0,260,Chain 0 / LYS260,LYS,Mixed_exposure,8,0,0,8,8,,,1.1522091015583218,0.043361823790300964,1.108847262319362,0.5840932735681398,0.08710902625,,Imported structure residue from md_100_prolig_center.gro | SASA: total=0.7771750163323808 | RMSF: value=0.09558169 | SASA: total=0.7924112223162509 | RMSF: value=0.09123926 | SASA: total=0.746621551490066 | RMSF: value=0.08153583 | SASA: total=0.7833328264774663,
Chain 0::261,Chain 0,261,Chain 0 / ALA261,ALA,Intermediate,8,0,0,8,8,,,0.45557718676063097,0.19487919538549264,0.26069799847532027,0.37651007170300077,0.07875549237499999,,Imported structure residue from md_100_prolig_center.gro | SASA: total=0.5257928772728042 | RMSF: value=0.07755293 | SASA: total=0.4799704711035927 | RMSF: value=0.07401699 | SASA: total=0.5001344462432483 | RMSF: value=0.07549256 | SASA: total=0.5235298243489596,
Chain 0::262,Chain 0,262,Chain 0 / ASP262,ASP,Intermediate,8,0,0,8,8,,,0.4863205030929334,0.3362406776978238,0.1500798146895105,0.26006444015664887,0.072886484125,,Imported structure residue from md_100_prolig_center.gro | SASA: total=0.48004570809921415 | RMSF: value=0.061809592 | SASA: total=0.46377272328527847 | RMSF: value=0.067469455 | SASA: total=0.4641000050129277 | RMSF: value=0.06154267 | SASA: total=0.4709097666315513,
Chain 0::263,Chain 0,263,Chain 0 / ASN263,ASN,Exposed,8,0,0,8,8,,,1.4452252603403413,0.681820842409783,0.763404423131211,0.7203311229120498,0.08872941512499999,,Imported structure residue from md_100_prolig_center.gro | SASA: total=1.5616716087454616 | RMSF: value=0.0720779 | SASA: total=1.551716679393655 | RMSF: value=0.0793638 | SASA: total=1.5545803556347837 | RMSF: value=0.07439277 | SASA: total=1.5590230438968924,
Chain 0::264,Chain 0,264,Chain 0 / CYS264,CYS,conserved | Buried,8,0,0,8,8,,,0.03736565835359864,0.003699717151074864,0.03366594197017332,0.025247066455134217,0.08093775825,,Imported structure residue from md_100_prolig_center.gro | SASA: total=0.020941753853296878 | Manual tag: C264 | SASA: total=0.021524839213874082 | RMSF: value=0.0724294 | SASA: total=0.016730468351357053 | RMSF: value=0.071755126 | SASA: total=0.019803864445126995,
Chain 0::265,Chain 0,265,Chain 0 / ILE265,ILE,Intermediate,8,0,0,8,8,,,0.5894467942047826,0.0009933822502446645,0.5884534141214767,0.3177176906031146,0.0846945345,,Imported structure residue from md_100_prolig_center.gro | SASA: total=0.5227160501007987 | RMSF: value=0.067416266 | SASA: total=0.5532032033004383 | RMSF: value=0.07675304 | SASA: total=0.5630280599735751 | RMSF: value=0.07275589 | SASA: total=0.5579765863937907,
Chain 0::266,Chain 0,266,Chain 0 / GLU266,GLU,Exposed,8,0,0,8,8,,,1.2090339811131505,0.4614519682501922,0.7475820264161224,0.6513796115892019,0.09267681575,,Imported structure residue from md_100_prolig_center.gro | SASA: total=0.9649088500749947 | RMSF: value=0.07420123 | SASA: total=0.9317106220981862 | RMSF: value=0.08461262 | SASA: total=0.9355838593870106 | RMSF: value=0.08250446 | SASA: total=0.9647875622947617,
Chain 0::267,Chain 0,267,Chain 0 / TRP267,TRP,conserved | Mixed_exposure,8,0,0,8,8,,,0.46424789243552944,0.015900948230265916,0.4483469396755837,0.1758514744073975,0.07980082875,,Imported structure residue from md_100_prolig_center.gro | SASA: total=0.4935982917795087 | Manual tag: W267 | SASA: total=0.46269565348577973 | RMSF: value=0.07151554 | SASA: total=0.5231545797669062 | RMSF: value=0.06817676 | SASA: total=0.5378373462964993,
Chain 0::268,Chain 0,268,Chain 0 / LEU268,LEU,conserved | Buried,8,0,0,8,8,,,0.0038420078593898693,0.0004408787620440587,0.0034011290333750147,0.002011522439471136,0.07416706887499999,,Imported structure residue from md_100_prolig_center.gro | SASA: total=0.0005001364480980699 | Manual tag: L268 | SASA: total=0.0009725494771310599 | RMSF: value=0.068568766 | SASA: total=0.0005072145400070908 | RMSF: value=0.060837366 | SASA: total=0.0007827764395439979,
Chain 0::269,Chain 0,269,Chain 0 / ASP269,ASP,conserved | Exposed,8,0,0,8,8,,,1.0595818626703601,0.8316180642583583,0.22796376057817497,0.5666213169360215,0.090385801875,,Imported structure residue from md_100_prolig_center.gro | SASA: total=1.0789608672113702 | Manual tag: D269 | SASA: total=1.0675830003058557 | RMSF: value=0.08189333 | SASA: total=1.0780935865817685 | RMSF: value=0.08052787 | SASA: total=1.074959665241808,
Chain 0::270,Chain 0,270,Chain 0 / SER270,SER,Exposed,8,0,0,8,8,,,1.0448234621988663,0.40503568630112274,0.6397877685209312,0.6811293800692547,0.099917478125,,Imported structure residue from md_100_prolig_center.gro | SASA: total=1.145057187222018 | RMSF: value=0.0930426 | SASA: total=1.1575998185884835 | RMSF: value=0.087473325 | SASA: total=1.1505970270326822 | RMSF: value=0.09319669 | SASA: total=1.1634568223858823,
Chain 0::271,Chain 0,271,Chain 0 / LYS271,LYS,conserved | Mixed_exposure,8,0,0,8,8,,,0.3868977177777503,0.05408127777310697,0.33281643873099054,0.16821639903380448,0.08610328462500001,,Imported structure residue from md_100_prolig_center.gro | SASA: total=0.28894938248218877 | Manual tag: K271 | SASA: total=0.3079800484794201 | RMSF: value=0.07850144 | SASA: total=0.35354891862019455 | RMSF: value=0.07700379 | SASA: total=0.4068642789774602,
Chain 0::272,Chain 0,272,Chain 0 / PRO272,PRO,Exposed,8,0,0,8,8,,,0.9295681862547847,0.0019003005874387016,0.9276678700110701,0.6036157053602498,0.09285906199999999,,Imported structure residue from md_100_prolig_center.gro | SASA: total=0.9595740478817779 | RMSF: value=0.08351335 | SASA: total=0.9262038150636276 | RMSF: value=0.08520741 | SASA: total=0.9306829854993537 | RMSF: value=0.0846902 | SASA: total=0.9233569266772507,
Chain 0::273,Chain 0,273,Chain 0 / PRO273,PRO,Exposed,8,0,0,8,8,,,1.0535808485923428,0.128495622749007,0.9250852229571578,0.6841434081768459,0.08741945125,,Imported structure residue from md_100_prolig_center.gro | SASA: total=1.0175968833488993 | RMSF: value=0.07718912 | SASA: total=1.0124225817104378 | RMSF: value=0.08034094 | SASA: total=1.037463923492054 | RMSF: value=0.07913355 | SASA: total=1.0256203283177745,
Chain 0::274,Chain 0,274,Chain 0 / SER274,SER,Intermediate,8,0,0,8,8,,,0.7433500446305418,0.33021510058626685,0.41313491680539477,0.45280172415219855,0.07526343175,,Imported structure residue from md_100_prolig_center.gro | SASA: total=0.7477194849807437 | RMSF: value=0.07074803 | SASA: total=0.8596226260213569 | RMSF: value=0.07123323 | SASA: total=0.8381555168935568 | RMSF: value=0.07199583 | SASA: total=0.8131840612628672,
Chain 0::275,Chain 0,275,Chain 0 / SER275,SER,conserved | Mixed_exposure,8,0,0,8,8,,,0.30768735448617746,0.03386384908108175,0.27382350067543515,0.21516598215816607,0.071892648125,,Imported structure residue from md_100_prolig_center.gro | SASA: total=0.22603250021981722 | Manual tag: S275 | SASA: total=0.25704487273008514 | RMSF: value=0.069058046 | SASA: total=0.2563028837194537 | RMSF: value=0.065482914 | SASA: total=0.2845808757413732,
Chain 0::276,Chain 0,276,Chain 0 / VAL276,VAL,conserved | Buried,8,0,1,8,8,,0.000999000999000999,0.0010995284163180998,0.000008292519400993565,0.0010912359016716922,0.0006663808583746059,0.0544939815,,Imported structure residue from md_100_prolig_center.gro | SASA: total=0.00019008476324010602 | Manual tag: V276 | SASA: total=0.00031706339467575055 | RMSF: value=0.052659966 | SASA: total=0.00012135324022262403 | RMSF: value=0.04659088 | SASA: total=0.00023859312370567038,
Chain 0::277,Chain 0,277,Chain 0 / VAL277,VAL,conserved | Buried,8,0,0,8,8,,,0.00215048152932639,0.0000028229021181416984,0.002147658616834606,0.0013033221389856912,0.044703947749999993,,Imported structure residue from md_100_prolig_center.gro | SASA: total=0.0008752663426174976 | Manual tag: V277 | SASA: total=0.0012584401681871697 | RMSF: value=0.037219357 | SASA: total=0.000916449629729337 | RMSF: value=0.0448312 | SASA: total=0.0024726919018396055,
Chain 0::278,Chain 0,278,Chain 0 / TYR278,TYR,conserved | Buried,8,0,0,8,8,,,0.0008089122112314817,0.00010090083918893839,0.0007080113743477973,0.0003172204749927379,0.040622139749999994,,Imported structure residue from md_100_prolig_center.gro | SASA: total=0.00013148016526852503 | Manual tag: Y278 | SASA: total=0.0002805293251824851 | RMSF: value=0.034208875 | SASA: total=0.00019658000973781737 | RMSF: value=0.04001057 | SASA: total=0.00035460829034005063,
Chain 0::279,Chain 0,279,Chain 0 / ILE279,ILE,Second-shell | conserved | Buried,8,0,1,8,8,,0.000999000999000999,0.004816809190652739,0.0000069127505988638735,0.004809896453453164,0.0026612205473219553,0.040186214,,Imported structure residue from md_100_prolig_center.gro | SASA: total=0.004375328816989861 | Manual tag: I279 | SASA: total=0.0029476988728683773 | RMSF: value=0.03281104 | SASA: total=0.0029967114476874323 | RMSF: value=0.039977316 | SASA: total=0.004526212049583618,
Chain 0::280,Chain 0,280,Chain 0 / SER280,SER,Second-shell | conserved | Buried,8,0,0,8,8,,,0.00480256969920915,0.002877690043100986,0.0019248796043119917,0.003358440349097309,0.04540633075,,Imported structure residue from md_100_prolig_center.gro | SASA: total=0.016462332467631537 | Manual tag: S280 | SASA: total=0.004221646920870068 | RMSF: value=0.038827915 | SASA: total=0.0028750458755299893 | RMSF: value=0.045028843 | SASA: total=0.001433716109483549,
Chain 0::281,Chain 0,281,Chain 0 / PHE281,PHE,Second-shell | conserved | Buried,8,0,0,8,8,,,0.055168605298910406,0.0004269529573762291,0.05474165193552133,0.024196756710048423,0.053326607,,Imported structure residue from md_100_prolig_center.gro | SASA: total=0.0554470613893896 | Manual tag: F281 | SASA: total=0.060050550590057185 | RMSF: value=0.056842208 | SASA: total=0.054138275213760904 | RMSF: value=0.050028905 | SASA: total=0.0708778235729378,
Chain 0::282,Chain 0,282,Chain 0 / GLY282,GLY,Second-shell | conserved | Buried,8,0,0,8,8,,,0.015448916725506592,0.011080753381939208,0.004368163143298449,0.015926718273718138,0.06937836850000001,,Imported structure residue from md_100_prolig_center.gro | SASA: total=0.05500086345294915 | Manual tag: G282 | SASA: total=0.007194289095045095 | RMSF: value=0.062275067 | SASA: total=0.009242447959904624 | RMSF: value=0.061284095 | SASA: total=0.002582605928182602,
Chain 0::283,Chain 0,283,Chain 0 / SER283,SER,Second-shell | conserved | Buried,8,4,1,8,8,-0.03472811259999999,0.006993006993006993,0.17360570468008518,0.10162965840853677,0.07197604347988595,0.12140259068537426,0.072705510625,,Imported structure residue from md_100_prolig_center.gro | MMPBSA traj_nowat_100_f100 Total: TOTAL=-0.06154829119999995 | SASA: total=0.17888917043657587 | SASA: total=0.19815158438269453 | RMSF: value=0.056852214 | MMPBSA traj_nowat_100_f100 Total: TOTAL=-0.007555322399999989 | SASA: total=0.2021188470396665 | MMPBSA traj_nowat_100_f100 Total: TOTAL=-0.054655706400000136,
Chain 0::284,Chain 0,284,Chain 0 / VAL284,VAL,First-shell | Mixed_exposure,8,8,2,8,8,-0.7756788854000001,0.000999000999000999,0.49519687025153103,0.07215796067554614,0.42303892507190166,0.3001193153039582,0.08015448762499999,,Imported structure residue from md_100_prolig_center.gro | MMPBSA traj_nowat_100_f100 Total: TOTAL=-1.344369444 | SASA: total=0.16590070997429365 | MMPBSA traj_nowat_100_f100 Total: TOTAL=-1.283976028 | SASA: total=0.45366578438494465 | MMPBSA traj_nowat_100_f100 Total: TOTAL=-0.13927639760000005 | SASA: total=0.7823798225657774 | MMPBSA traj_nowat_100_f100 Total: TOTAL=-0.8218066088,
Chain 0::285,Chain 0,285,Chain 0 / VAL285,VAL,Second-shell | conserved | Buried,8,1,1,8,8,-0.058038957600000086,0.000999000999000999,0.036218393815763174,0.006587837878781795,0.029630554342466076,0.02195054170652314,0.067394621125,,Imported structure residue from md_100_prolig_center.gro | SASA: total=0.002405808679528977 | Manual tag: V285 | MMPBSA traj_nowat_100_f100 Total: TOTAL=-0.058038957600000086 | SASA: total=0.016611534931540193 | SASA: total=0.027869147977026384 | RMSF: value=0.07605135 | SASA: total=0.026058364659547806,
Chain 0::286,Chain 0,286,Chain 0 / TYR286,TYR,Intermediate,8,1,2,8,8,-0.01265199999999999,0.000999000999000999,0.795334581175063,0.1650874999047506,0.630247054492483,0.33085176456194315,0.080368848125,,Imported structure residue from md_100_prolig_center.gro | SASA: total=0.9454585632475296 | RMSF: value=0.084642895 | MMPBSA traj_nowat_100_f100 Total: TOTAL=-0.01265199999999999 | SASA: total=0.8634717440841222 | SASA: total=0.689399268367503 | RMSF: value=0.08037482 | HBond protein_to_ESC: max_occ=0.000999000999000999,
Chain 0::287,Chain 0,287,Chain 0 / LEU287,LEU,conserved | Buried,8,0,1,8,8,,0.00999000999000999,0.14928440225661024,0.061114994712210824,0.08816940960990688,0.07815937290922004,0.079042979,,Imported structure residue from md_100_prolig_center.gro | SASA: total=0.18323105839219425 | Manual tag: L287 | SASA: total=0.10084250893923316 | RMSF: value=0.08132879 | SASA: total=0.1368112220327453 | RMSF: value=0.07961098 | SASA: total=0.12948031590716674,
Chain 0::288,Chain 0,288,Chain 0 / LYS288,LYS,Mixed_exposure,8,0,0,8,8,,,0.9323416068264753,0.005373552189747997,0.9269680720892283,0.4788653833971546,0.0897112395,,Imported structure residue from md_100_prolig_center.gro | SASA: total=0.6865438364519931 | RMSF: value=0.085703686 | SASA: total=0.6286386511113384 | RMSF: value=0.0823096 | SASA: total=0.7199591256604336 | RMSF: value=0.0939018 | SASA: total=0.7052280023546502,
Chain 0::289,Chain 0,289,Chain 0 / GLN289,GLN,Intermediate,8,0,1,8,8,,0.000999000999000999,0.7394507940452878,0.11137133651864853,0.6280794718330448,0.34553775422676997,0.09355813987500002,,Imported structure residue from md_100_prolig_center.gro | SASA: total=0.6358168443830887 | RMSF: value=0.08663365 | SASA: total=0.6316493183079332 | RMSF: value=0.08117865 | SASA: total=0.645283711723762 | RMSF: value=0.095211774 | SASA: total=0.676192976755671,
Chain 0::290,Chain 0,290,Chain 0 / GLU290,GLU,Exposed,8,0,1,8,8,,0.000999000999000999,1.2266559596403992,0.8067954734410391,0.4198604624091399,0.5732037194581304,0.084284235,,Imported structure residue from md_100_prolig_center.gro | SASA: total=1.1413185136152966 | RMSF: value=0.08373371 | SASA: total=1.2248067360113162 | RMSF: value=0.07081325 | SASA: total=1.24177351800522 | RMSF: value=0.09299275 | SASA: total=1.2522499691141713,
Chain 0::291,Chain 0,291,Chain 0 / GLN291,GLN,conserved | Buried,8,0,0,8,8,,,0.036763101251678316,0.017356771449869645,0.01940632927030357,0.017179019276485193,0.071039829375,,Imported structure residue from md_100_prolig_center.gro | SASA: total=0.024616811728787304 | Manual tag: Q291 | SASA: total=0.028855299127592455 | RMSF: value=0.060667023 | SASA: total=0.030719425418589373 | RMSF: value=0.07695672 | SASA: total=0.034542192806406774,
Chain 0::292,Chain 0,292,Chain 0 / VAL292,VAL,conserved | Buried,8,0,0,8,8,,,0.06925034091005675,0.000006914287482821706,0.06924342618111778,0.04196990358185257,0.071802531875,,Imported structure residue from md_100_prolig_center.gro | SASA: total=0.10417135384413276 | Manual tag: V292 | SASA: total=0.03605920046862989 | RMSF: value=0.06324784 | SASA: total=0.06708450515819069 | RMSF: value=0.07459447 | SASA: total=0.0927950117257562,
Chain 0::293,Chain 0,293,Chain 0 / ASP293,ASP,conserved | Intermediate,8,0,0,8,8,,,0.461322866564635,0.40692444553248364,0.05439842102523561,0.24669672008804008,0.07636405574999999,,Imported structure residue from md_100_prolig_center.gro | SASA: total=0.5080970649672026 | Manual tag: D293 | SASA: total=0.47052000448255255 | RMSF: value=0.06836604 | SASA: total=0.44922755024220684 | RMSF: value=0.08507481 | SASA: total=0.45595356822013855,
Chain 0::294,Chain 0,294,Chain 0 / GLU294,GLU,conserved | Buried,8,0,0,8,8,,,0.2762985109803405,0.23763927236420684,0.03865923887489843,0.12911145372913108,0.06878947025,,Imported structure residue from md_100_prolig_center.gro | SASA: total=0.2830529094922661 | Manual tag: E294 | SASA: total=0.3072014905438565 | RMSF: value=0.06133206 | SASA: total=0.29813458659861347 | RMSF: value=0.07529278 | SASA: total=0.2844241715893887,
Chain 0::295,Chain 0,295,Chain 0 / ILE295,ILE,conserved | Buried,8,0,0,8,8,,,0.014733009091359425,0.00000138285741011732,0.014731626238703895,0.008139784028375372,0.06427691875,,Imported structure residue from md_100_prolig_center.gro | SASA: total=0.013632437380233614 | Manual tag: I295 | SASA: total=0.013804761490019241 | RMSF: value=0.060996458 | SASA: total=0.01462202821627702 | RMSF: value=0.069201134 | SASA: total=0.012772493089761326,
Chain 0::296,Chain 0,296,Chain 0 / ALA296,ALA,conserved | Buried,8,0,0,8,8,,,0.015121337604976378,0.0014749628866015296,0.013646374292911429,0.012496973227253207,0.071298563625,,Imported structure residue from md_100_prolig_center.gro | SASA: total=0.027176183049041448 | Manual tag: A296 | SASA: total=0.0057033453837479695 | RMSF: value=0.067931026 | SASA: total=0.015764522670519233 | RMSF: value=0.07809357 | SASA: total=0.050625619321766464,
Chain 0::297,Chain 0,297,Chain 0 / TYR297,TYR,Intermediate,8,0,0,8,8,,,0.6045582385198905,0.33813748277244304,0.26642074727218157,0.2576909438539248,0.076516943125,,Imported structure residue from md_100_prolig_center.gro | SASA: total=0.5849837849635889 | RMSF: value=0.0849594 | SASA: total=0.5717196452735674 | RMSF: value=0.07460546 | SASA: total=0.5314763433272296 | RMSF: value=0.07951935 | SASA: total=0.5062563274756516,
Chain 0::298,Chain 0,298,Chain 0 / GLY298,GLY,conserved | Buried,8,0,0,8,8,,,0.000009514899298521034,0.0000013813157715733246,0.00000813358352694771,0.00000980917453455777,0.069190193,,Imported structure residue from md_100_prolig_center.gro | SASA: total=1.753791867026893e-05 | Manual tag: G298 | SASA: total=2.3505438377361487e-05 | RMSF: value=0.06406717 | SASA: total=0.0 | RMSF: value=0.074319854 | RMSF: value=0.0790284,
Chain 0::299,Chain 0,299,Chain 0 / LEU299,LEU,conserved | Buried,8,0,1,8,8,,0.000999000999000999,0.00697949314608105,0.0036726019177804833,0.0033068910901294097,0.0036541848932361517,0.067472794125,,Imported structure residue from md_100_prolig_center.gro | SASA: total=0.008076734767101778 | Manual tag: L299 | SASA: total=0.008280934144669018 | RMSF: value=0.06664773 | SASA: total=0.004991458784235586 | RMSF: value=0.071449205 | SASA: total=0.006432857500426103,
Chain 0::300,Chain 0,300,Chain 0 / LEU300,LEU,Intermediate,8,0,0,8,8,,,0.5509818977501133,0.1317850083578378,0.41919689070396493,0.2884721977749284,0.08084392137499999,,Imported structure residue from md_100_prolig_center.gro | SASA: total=0.6381424441195951 | RMSF: value=0.0871054 | SASA: total=0.5251084778568532 | RMSF: value=0.08306752 | SASA: total=0.5625670820769697 | RMSF: value=0.08199174 | SASA: total=0.6974205020630714,
Chain 0::301,Chain 0,301,Chain 0 / ASN301,ASN,Mixed_exposure,8,0,1,8,8,,0.000999000999000999,0.9509326898225463,0.36990827589415676,0.5810244055741494,0.5026186201530441,0.08260282125,,Imported structure residue from md_100_prolig_center.gro | SASA: total=1.0748490880031396 | RMSF: value=0.079369 | SASA: total=1.0441948529517298 | RMSF: value=0.08164974 | SASA: total=1.0435545839885674 | RMSF: value=0.08213325 | SASA: total=1.0531038671436876,
Chain 0::302,Chain 0,302,Chain 0 / SER302,SER,conserved | Buried,8,0,0,8,8,,,0.1567727815415157,0.14563875770804907,0.011134020709559449,0.10963131576329768,0.076093935125,,Imported structure residue from md_100_prolig_center.gro | SASA: total=0.12223311063676777 | Manual tag: S302 | SASA: total=0.11307680510943478 | RMSF: value=0.07457169 | SASA: total=0.11564373306118615 | RMSF: value=0.077685826 | SASA: total=0.1240534534548769,
Chain 0::303,Chain 0,303,Chain 0 / GLY303,GLY,conserved | Mixed_exposure,8,0,0,8,8,,,0.4919953284287216,0.2253318693267532,0.26666345443613454,0.5072116787924965,0.08014270375,,Imported structure residue from md_100_prolig_center.gro | SASA: total=0.41515740545669405 | Manual tag: G303 | SASA: total=0.4247687134412256 | RMSF: value=0.08109374 | SASA: total=0.4481546861110347 | RMSF: value=0.07848176 | SASA: total=0.4767463673459421,
Chain 0::304,Chain 0,304,Chain 0 / VAL304,VAL,Mixed_exposure,8,0,0,8,8,,,0.32159732931321217,0.020143921195418753,0.30145339798735504,0.1568640875729884,0.065877738125,,Imported structure residue from md_100_prolig_center.gro | SASA: total=0.41759212034763676 | RMSF: value=0.074277684 | SASA: total=0.46366701267733434 | RMSF: value=0.06559143 | SASA: total=0.4485279421995182 | RMSF: value=0.060527682 | SASA: total=0.4471316334634724,
Chain 0::305,Chain 0,305,Chain 0 / SER305,SER,Buried,8,0,0,8,8,,,0.19471429821362,0.11281015756217264,0.0819041444136217,0.11695992595532786,0.057525577375000005,,Imported structure residue from md_100_prolig_center.gro | SASA: total=0.18768420048279338 | RMSF: value=0.057908554 | SASA: total=0.18802439450922578 | RMSF: value=0.05146485 | SASA: total=0.2210941769108914 | RMSF: value=0.052881077 | SASA: total=0.336891767412129,
Chain 0::306,Chain 0,306,Chain 0 / PHE306,PHE,conserved | Buried,8,0,0,8,8,,,0.010023968015543281,0.0000013813157715733246,0.010022586633639736,0.004396477199799686,0.050039480375,,Imported structure residue from md_100_prolig_center.gro | SASA: total=0.008505119497214657 | Manual tag: F306 | SASA: total=0.01305822511710743 | RMSF: value=0.042900793 | SASA: total=0.005293495203299208 | RMSF: value=0.04569807 | SASA: total=0.01733017321860436,
Chain 0::307,Chain 0,307,Chain 0 / LEU307,LEU,conserved | Buried,8,0,0,8,8,,,0.0011317434365974075,0,0.0011317434365974075,0.000592535830679271,0.044837939125000004,,Imported structure residue from md_100_prolig_center.gro | SASA: total=0.00038425893624230184 | Manual tag: L307 | SASA: total=0.00023528741036385004 | RMSF: value=0.037949145 | SASA: total=0.00020023512234450272 | RMSF: value=0.0396327 | SASA: total=0.00028048271294867636,
Chain 0::308,Chain 0,308,Chain 0 / TRP308,TRP,conserved | Buried,8,0,1,8,8,,0.001998001998001998,0.02807185741540248,0.0004556980652568659,0.027616159679796918,0.010633279324016087,0.046213037,,Imported structure residue from md_100_prolig_center.gro | SASA: total=0.04483124228784501 | Manual tag: W308 | SASA: total=0.014850661748706704 | RMSF: value=0.03862248 | SASA: total=0.021049285353631667 | RMSF: value=0.041220807 | SASA: total=0.05370958226889667,
Chain 0::309,Chain 0,309,Chain 0 / VAL309,VAL,Second-shell | conserved | Buried,8,0,0,8,8,,,0.027697946999618545,0.01645018579380697,0.011247761758928427,0.01678663454522336,0.05202124175,,Imported structure residue from md_100_prolig_center.gro | SASA: total=0.06937689053835255 | Manual tag: V309 | SASA: total=0.01889077094521853 | RMSF: value=0.04542242 | SASA: total=0.020492782945385073 | RMSF: value=0.046460308 | SASA: total=0.015577732050551636,
Chain 0::310,Chain 0,310,Chain 0 / MET310,MET,conserved | Buried,8,0,0,8,8,,,0.2666475901583044,0.09398984852809422,0.17265773254750977,0.1313534926888199,0.07239434925,,Imported structure residue from md_100_prolig_center.gro | SASA: total=0.2988308586991659 | Manual tag: M310 | SASA: total=0.2670242225769723 | RMSF: value=0.06489761 | SASA: total=0.31456588813574005 | RMSF: value=0.06599791 | SASA: total=0.3073105345858206,
Chain 0::311,Chain 0,311,Chain 0 / LYS311,LYS,Second-shell | conserved | Buried,8,0,0,8,8,,,0.21680776240986468,0.05247097321103631,0.1643367914810297,0.09426424452602812,0.0831530815,,Imported structure residue from md_100_prolig_center.gro | SASA: total=0.31939465102582876 | Manual tag: K311 | SASA: total=0.2229446363035995 | RMSF: value=0.07493758 | SASA: total=0.23189317235852233 | RMSF: value=0.083832465 | SASA: total=0.09203500064587829,
Chain 0::312,Chain 0,312,Chain 0 / PRO312,PRO,Intermediate,8,0,0,8,8,,,0.5937601930950538,0.04378609639352722,0.5499740884003073,0.3855585669448401,0.111230277,,Imported structure residue from md_100_prolig_center.gro | SASA: total=0.5261290303551325 | RMSF: value=0.15105642 | SASA: total=0.6583206311310872 | RMSF: value=0.1017346 | SASA: total=0.6739596512057994 | RMSF: value=0.09005148 | SASA: total=0.58218383021874,
Chain 0::313,Chain 0,313,Chain 0 / LEU313,LEU,Mixed_exposure,8,0,0,8,8,,,0.5666092538302487,0.10659753120536593,0.46001172468232193,0.2966540595969889,0.14906308375,,Imported structure residue from md_100_prolig_center.gro | SASA: total=0.7381759209207969 | RMSF: value=0.20941363 | SASA: total=0.4708690171194549 | RMSF: value=0.12738791 | SASA: total=0.4852307934572201 | RMSF: value=0.11308396 | SASA: total=0.5601649434849767,
Chain 0::314,Chain 0,314,Chain 0 / PRO314,PRO,conserved | Mixed_exposure,8,0,0,8,8,,,0.645032702474901,0.039369978772684944,0.6056627210340286,0.4188524042044811,0.21728641875,,Imported structure residue from md_100_prolig_center.gro | SASA: total=0.5117145794453007 | Manual tag: P314 | SASA: total=0.6483577702305104 | RMSF: value=0.1619672 | SASA: total=0.5097817333027868 | RMSF: value=0.15416722 | SASA: total=0.6669386890855166,
Chain 0::315,Chain 0,315,Chain 0 / LYS315,LYS,Mixed_exposure,8,0,2,8,8,,0.000999000999000999,1.4766399183928374,0.12646201481503241,1.3501779474686868,0.6420173558229729,0.2849134675,,Imported structure residue from md_100_prolig_center.gro | SASA: total=1.5934818782428704 | RMSF: value=0.31507704 | SASA: total=1.453896399771813 | RMSF: value=0.1931349 | SASA: total=1.4292946109677305 | RMSF: value=0.17203838 | SASA: total=1.4284322887364,
Chain 0::316,Chain 0,316,Chain 0 / ASP316,ASP,Exposed,8,0,1,8,8,,0.00999000999000999,1.214382580084966,0.802737449360366,0.4116451741186994,0.6494024492432973,0.3421436725,,Imported structure residue from md_100_prolig_center.gro | SASA: total=1.3991424022334638 | RMSF: value=0.37459704 | SASA: total=1.278700878124426 | RMSF: value=0.22014265 | SASA: total=1.1422645479145617 | RMSF: value=0.17790897 | SASA: total=1.1686479018466307,
Chain 0::317,Chain 0,317,Chain 0 / ALA317,ALA,conserved | Mixed_exposure,8,0,0,8,8,,,0.617039834840758,0.17660832581211727,0.44043150184546953,0.5099502767278992,0.3630480575,,Imported structure residue from md_100_prolig_center.gro | SASA: total=0.4532529714674053 | Manual tag: A317 | SASA: total=0.5265922853262117 | RMSF: value=0.2353893 | SASA: total=0.600041413661277 | RMSF: value=0.2098346 | SASA: total=0.5349457358369732,
Chain 0::318,Chain 0,318,Chain 0 / GLY318,GLY,Mixed_exposure,8,0,0,8,8,,,0.5991125856480092,0.175552200779577,0.4235603973121926,0.6176418408742363,0.38157033375000005,,Imported structure residue from md_100_prolig_center.gro | SASA: total=0.6903368736257648 | RMSF: value=0.41988444 | SASA: total=0.6437058885498802 | RMSF: value=0.25086558 | SASA: total=0.6798195172064375 | RMSF: value=0.24241354 | SASA: total=0.7098097635967897,
Chain 0::319,Chain 0,319,Chain 0 / LEU319,LEU,Mixed_exposure,8,0,1,8,8,,0.002997002997002997,1.4282388086661255,0.4990313529467157,0.9292074541865599,0.7034707917588553,0.355271915,,Imported structure residue from md_100_prolig_center.gro | SASA: total=1.398729940452198 | RMSF: value=0.37123615 | SASA: total=1.58060091084773 | RMSF: value=0.22475715 | SASA: total=1.664923410604496 | RMSF: value=0.275376 | SASA: total=1.6536426532386552,
Chain 0::320,Chain 0,320,Chain 0 / GLU320,GLU,Exposed,8,0,0,8,8,,,1.3197062753952375,0.8479553208050161,0.471750961432215,0.6166851754183353,0.28562463,,Imported structure residue from md_100_prolig_center.gro | SASA: total=1.3154847539297425 | RMSF: value=0.3048209 | SASA: total=1.2960900764654177 | RMSF: value=0.19480008 | SASA: total=1.1711787357188688 | RMSF: value=0.24004719 | SASA: total=1.2598527256805119,
Chain 0::321,Chain 0,321,Chain 0 / LEU321,LEU,Mixed_exposure,8,0,0,8,8,,,0.5582135189140197,0.1441842695749434,0.41402926292307307,0.29225838686597894,0.2390054275,,Imported structure residue from md_100_prolig_center.gro | SASA: total=0.7341478697144159 | RMSF: value=0.2813215 | SASA: total=0.4657773747302518 | RMSF: value=0.15023836 | SASA: total=0.6403368959332457 | RMSF: value=0.22422966 | SASA: total=0.6380434290017232,
Chain 0::322,Chain 0,322,Chain 0 / VAL322,VAL,Exposed,8,0,0,8,8,,,1.2319489567734225,0.04752357276836595,1.1844253623765884,0.6268829450039051,0.21233126625,,Imported structure residue from md_100_prolig_center.gro | SASA: total=1.3276782732198733 | RMSF: value=0.32455242 | SASA: total=1.339712111076506 | RMSF: value=0.14495116 | SASA: total=1.4763017255480926 | RMSF: value=0.23583978 | SASA: total=1.4496841890977161,
Chain 0::323,Chain 0,323,Chain 0 / LEU323,LEU,conserved | Mixed_exposure,8,0,0,8,8,,,0.44944049417972565,0.09154745023513194,0.3578930428657348,0.23530915925640083,0.1809008875,,Imported structure residue from md_100_prolig_center.gro | SASA: total=0.37359713386781146 | Manual tag: L323 | SASA: total=0.4010004135641721 | RMSF: value=0.12179073 | SASA: total=0.6017212425128068 | RMSF: value=0.21658607 | SASA: total=0.5457624220612025,
Chain 0::324,Chain 0,324,Chain 0 / PRO324,PRO,conserved | Mixed_exposure,8,0,0,8,8,,,0.26950810944643055,0.03102143397001494,0.2384866791970954,0.17500526587430554,0.18962791924999997,,Imported structure residue from md_100_prolig_center.gro | SASA: total=0.48318414139275506 | Manual tag: P324 | SASA: total=0.3587064128553513 | RMSF: value=0.13253637 | SASA: total=0.2939611525818853 | RMSF: value=0.2086878 | SASA: total=0.28583377865281434,
Chain 0::325,Chain 0,325,Chain 0 / GLU325,GLU,Exposed,8,0,0,8,8,,,1.768681522643212,1.0020154361972713,0.7666660631720972,0.8264866928239308,0.206594735,,Imported structure residue from md_100_prolig_center.gro | SASA: total=1.7083591081128262 | RMSF: value=0.27519456 | SASA: total=1.7704940491383618 | RMSF: value=0.16171725 | SASA: total=1.7837677627506823 | RMSF: value=0.21728295 | SASA: total=1.7588928690051089,
Chain 0::326,Chain 0,326,Chain 0 / GLY326,GLY,Intermediate,8,0,0,8,8,,,0.3833284037243021,0.024315270501889735,0.3590131486849029,0.3951839213652599,0.20116955125000002,,Imported structure residue from md_100_prolig_center.gro | SASA: total=0.4247561247632055 | RMSF: value=0.31308973 | SASA: total=0.4056767414111902 | RMSF: value=0.15803103 | SASA: total=0.41081661192497404 | RMSF: value=0.20109254 | SASA: total=0.3789189295603497,
Chain 0::327,Chain 0,327,Chain 0 / PHE327,PHE,conserved | Buried,8,0,0,8,8,,,0.0690390120311133,0.0021731008956782836,0.06686590872197827,0.03028026843469882,0.16984991575000002,,Imported structure residue from md_100_prolig_center.gro | SASA: total=0.12414599918197877 | Manual tag: F327 | SASA: total=0.0625194929318853 | RMSF: value=0.12062199 | SASA: total=0.07208019961593765 | RMSF: value=0.19438815 | SASA: total=0.10120221087248019,
Chain 0::328,Chain 0,328,Chain 0 / LEU328,LEU,Mixed_exposure,8,0,0,8,8,,,0.9443381606499748,0.05271982085328586,0.8916183547070711,0.49441788515705487,0.149128642375,,Imported structure residue from md_100_prolig_center.gro | SASA: total=0.9168468277053078 | RMSF: value=0.21167275 | SASA: total=0.9473137696190636 | RMSF: value=0.120574154 | SASA: total=1.0696479040797393 | RMSF: value=0.17063938 | SASA: total=1.1103838658568883,
Chain 0::329,Chain 0,329,Chain 0 / GLU329,GLU,conserved | Exposed,8,0,0,8,8,,,1.6019572971185834,1.0200301943586607,0.5819271051942712,0.7485781762236371,0.17007943925000002,,Imported structure residue from md_100_prolig_center.gro | SASA: total=1.5995648934109377 | Manual tag: E329 | SASA: total=1.6265504655271474 | RMSF: value=0.13710073 | SASA: total=1.6174259421849015 | RMSF: value=0.19182104 | SASA: total=1.6085795954902573,
Chain 0::330,Chain 0,330,Chain 0 / LYS330,LYS,conserved | Mixed_exposure,8,0,1,8,8,,0.000999000999000999,1.3894021803568495,0.2123634800116651,1.177038721814014,0.6040879045029782,0.183327506,,Imported structure residue from md_100_prolig_center.gro | SASA: total=1.410473859546208 | Manual tag: K330 | SASA: total=1.535965902970569 | RMSF: value=0.133565 | SASA: total=1.1846466377229974 | RMSF: value=0.22510605 | SASA: total=1.1140481330970726,
Chain 0::331,Chain 0,331,Chain 0 / VAL331,VAL,Buried,8,0,0,8,8,,,0.10777700033112622,0.03648540278375702,0.07129159806950922,0.06531939414007651,0.1502320325,,Imported structure residue from md_100_prolig_center.gro | SASA: total=0.09390020816780553 | RMSF: value=0.18275349 | SASA: total=0.09107727904130916 | RMSF: value=0.11129492 | SASA: total=0.06900632606431989 | RMSF: value=0.18548456 | SASA: total=0.0787239336583874,
Chain 0::332,Chain 0,332,Chain 0 / GLY332,GLY,Intermediate,8,0,0,8,8,,,0.402747448902614,0.11162118075673681,0.2911262704741837,0.41520355556970523,0.14640067199999998,,Imported structure residue from md_100_prolig_center.gro | SASA: total=0.3865435324092903 | RMSF: value=0.16065878 | SASA: total=0.4323147113370423 | RMSF: value=0.11628878 | SASA: total=0.4331832864496968 | RMSF: value=0.18304639 | SASA: total=0.4151407639579018,
Chain 0::333,Chain 0,333,Chain 0 / ASP333,ASP,Exposed,8,0,0,8,8,,,1.256698418445516,0.8311243964598912,0.4255740240511328,0.6720312398104364,0.13636312,,Imported structure residue from md_100_prolig_center.gro | SASA: total=1.244323480247271 | RMSF: value=0.13368525 | SASA: total=1.2026082820231372 | RMSF: value=0.10755084 | SASA: total=1.3015931325383705 | RMSF: value=0.15741147 | SASA: total=1.3785488971389166,
Chain 0::334,Chain 0,334,Chain 0 / ASN334,ASN,Intermediate,8,0,0,8,8,,,0.9235638355707179,0.2153759904224241,0.7081878238385267,0.4043936160622418,0.10900924000000001,,Imported structure residue from md_100_prolig_center.gro | SASA: total=1.2113041145966785 | RMSF: value=0.096118934 | SASA: total=1.1893362290788405 | RMSF: value=0.08775471 | SASA: total=1.250308875990386 | RMSF: value=0.120291226 | SASA: total=0.8974774456260228,
Chain 0::335,Chain 0,335,Chain 0 / GLY335,GLY,conserved | Buried,8,0,0,8,8,,,0.0517593748450549,0.05100793424503311,0.000751441291309801,0.053360180252633914,0.074330553375,,Imported structure residue from md_100_prolig_center.gro | SASA: total=0.05584187060594559 | Manual tag: G335 | SASA: total=0.06448282220280997 | RMSF: value=0.06500003 | SASA: total=0.054307430097372225 | RMSF: value=0.062961675 | SASA: total=0.05459169084482854,
Chain 0::336,Chain 0,336,Chain 0 / LYS336,LYS,Intermediate,8,0,1,8,8,,0.000999000999000999,0.5887416478357103,0.006716407249804983,0.5820252261318192,0.27643343406068416,0.060741477625000005,,Imported structure residue from md_100_prolig_center.gro | SASA: total=0.41457820735355416 | RMSF: value=0.05588462 | SASA: total=0.47703504886957676 | RMSF: value=0.051968206 | SASA: total=0.47174497199530646 | RMSF: value=0.04879865 | SASA: total=0.4802423556252281,
Chain 0::337,Chain 0,337,Chain 0 / VAL337,VAL,conserved | Mixed_exposure,8,0,0,8,8,,,0.35692056757167423,0.1532520480398642,0.20366851832155175,0.2163154954979844,0.058238108999999996,,Imported structure residue from md_100_prolig_center.gro | SASA: total=0.34941794170011387 | Manual tag: V337 | SASA: total=0.3506616104652386 | RMSF: value=0.054693155 | SASA: total=0.32330214888742653 | RMSF: value=0.046406146 | SASA: total=0.32202546962417,
Chain 0::338,Chain 0,338,Chain 0 / VAL338,VAL,conserved | Buried,8,0,0,8,8,,,0.05397080936835673,0.000250477965784001,0.053720331628055375,0.032709581435367716,0.060373880124999994,,Imported structure residue from md_100_prolig_center.gro | SASA: total=0.0558230986099432 | Manual tag: V338 | SASA: total=0.0429014175678465 | RMSF: value=0.058063745 | SASA: total=0.0457625570015447 | RMSF: value=0.04863662 | SASA: total=0.05635758946732719,
Chain 0::339,Chain 0,339,Chain 0 / GLN339,GLN,Second-shell | Intermediate,8,0,1,8,8,,0.000999000999000999,0.8422201226400857,0.28433410225823375,0.5578860476207321,0.3935608049720026,0.06505214749999999,,Imported structure residue from md_100_prolig_center.gro | SASA: total=0.8125649755544001 | Manual tag: Q339 | SASA: total=0.9113473532223465 | RMSF: value=0.059223846 | SASA: total=0.8720747539312532 | RMSF: value=0.0528234 | SASA: total=0.833394206986569,
Chain 0::340,Chain 0,340,Chain 0 / TRP340,TRP,First-shell | conserved | Buried,8,0,0,8,8,,,0.05612074307599427,0.000668049891684481,0.05545269279270479,0.02125785722575541,0.060173190625,,Imported structure residue from md_100_prolig_center.gro | SASA: total=0.1076044878452131 | Manual tag: W340 | SASA: total=0.02123803394560767 | RMSF: value=0.054923054 | SASA: total=0.031900145150352235 | RMSF: value=0.050736636 | SASA: total=0.040229300830033746,
Chain 0::341,Chain 0,341,Chain 0 / SER341,SER,First-shell | conserved | Buried,8,0,1,8,8,,0.001998001998001998,0.0047644314301110305,0.0034042396401124317,0.001360191911096468,0.003331770230846875,0.06794891325,,Imported structure residue from md_100_prolig_center.gro | SASA: total=0.00036496346894799187 | Manual tag: S341 | SASA: total=0.0011184114852164052 | RMSF: value=0.05934004 | SASA: total=0.0008621630397173438 | RMSF: value=0.059076425 | SASA: total=0.010437274757440728,
Chain 0::342,Chain 0,342,Chain 0 / PRO342,PRO,Second-shell | conserved | Mixed_exposure,8,0,0,8,8,,,0.2965616125539683,0.00013833208569201025,0.2964232802059096,0.192572475684395,0.06823835337499999,,Imported structure residue from md_100_prolig_center.gro | SASA: total=0.23810474058189016 | Manual tag: P342 | SASA: total=0.28240712975511456 | RMSF: value=0.057760715 | SASA: total=0.3052884003903606 | RMSF: value=0.062121373 | SASA: total=0.30610726788492487,
Chain 0::343,Chain 0,343,Chain 0 / GLN343,GLN,Second-shell | conserved | Buried,8,0,0,8,8,,,0.012435820388436516,0.0014043660305087724,0.011031454483275924,0.005811131022633885,0.05967387300000001,,Imported structure residue from md_100_prolig_center.gro | SASA: total=0.0037263606739516304 | Manual tag: Q343 | SASA: total=0.0041850738891280525 | RMSF: value=0.050713897 | SASA: total=0.008562426198052593 | RMSF: value=0.055986546 | SASA: total=0.040172483034358164,
Chain 0::344,Chain 0,344,Chain 0 / GLU344,GLU,Second-shell | conserved | Mixed_exposure,8,0,0,8,8,,,0.4207319788597893,0.25480473800424003,0.16592725174095813,0.19660372843915386,0.078653266875,,Imported structure residue from md_100_prolig_center.gro | SASA: total=0.5297179769466419 | Manual tag: E344 | SASA: total=0.3097084624932544 | RMSF: value=0.07310546 | SASA: total=0.29908085252979016 | RMSF: value=0.07698221 | SASA: total=0.314810320882514,
Chain 0::345,Chain 0,345,Chain 0 / LYS345,LYS,Second-shell | conserved | Mixed_exposure,8,0,0,8,8,,,1.087832644139186,0.03926231422563001,1.048570309903952,0.4729707148431244,0.07735030175,,Imported structure residue from md_100_prolig_center.gro | SASA: total=1.3035783673276995 | Manual tag: K345 | SASA: total=0.9179299084266813 | RMSF: value=0.07380852 | SASA: total=0.7457662195262342 | RMSF: value=0.076027624 | SASA: total=0.8803723690533402,
Chain 0::346,Chain 0,346,Chain 0 / VAL346,VAL,Second-shell | conserved | Buried,8,0,0,8,8,,,0.0038800120838090204,0.000012691819834024967,0.0038673202871716134,0.0023515224750357703,0.059248517125000004,,Imported structure residue from md_100_prolig_center.gro | SASA: total=0.00017392805934247403 | Manual tag: V346 | SASA: total=0.0001965178485664696 | RMSF: value=0.05258946 | SASA: total=7.888964160649788e-05 | RMSF: value=0.05591461 | SASA: total=0.00018642204675343958,
Chain 0::347,Chain 0,347,Chain 0 / LEU347,LEU,Second-shell | conserved | Buried,8,0,0,8,8,,,0.01664001623855553,0.014576927434865128,0.002063088622872054,0.00871205038667829,0.06177624650000001,,Imported structure residue from md_100_prolig_center.gro | SASA: total=0.015354279096763913 | Manual tag: L347 | SASA: total=0.020219775506913073 | RMSF: value=0.058728095 | SASA: total=0.015737178283605244 | RMSF: value=0.057458036 | SASA: total=0.014302243709121601,
Chain 0::348,Chain 0,348,Chain 0 / ALA348,ALA,Exposed,8,0,0,8,8,,,0.981523886839352,0.2266369269478439,0.7548869576046964,0.5664349618527046,0.0801121725,,Imported structure residue from md_100_prolig_center.gro | SASA: total=1.3534522587710087 | RMSF: value=0.06501798 | SASA: total=1.2786846019253872 | RMSF: value=0.0796177 | SASA: total=1.1882776057366098 | RMSF: value=0.0746829 | SASA: total=1.178605283250903,
Chain 0::349,Chain 0,349,Chain 0 / HIS349,HIS,conserved | Buried,8,0,0,8,8,,,0.25755780380182336,0.032409890644750236,0.22514792160121816,0.11923972398232564,0.074958300875,,Imported structure residue from md_100_prolig_center.gro | SASA: total=0.2518379065659967 | Manual tag: H349 | SASA: total=0.25727248722963997 | RMSF: value=0.071789384 | SASA: total=0.26426528054888887 | RMSF: value=0.0679896 | SASA: total=0.24706536619970115,
Chain 0::350,Chain 0,350,Chain 0 / PRO350,PRO,Exposed,8,0,0,8,8,,,0.9506562453980492,0.02128518909898282,0.9293710278107388,0.6173092502584736,0.080676145625,,Imported structure residue from md_100_prolig_center.gro | SASA: total=0.9240258707858549 | RMSF: value=0.06903792 | SASA: total=0.9213195909367929 | RMSF: value=0.07446192 | SASA: total=0.9304422488307008 | RMSF: value=0.072485 | SASA: total=0.9238936322750432,
Chain 0::351,Chain 0,351,Chain 0 / SER351,SER,Buried,8,0,0,8,8,,,0.004697264874951065,0.0012494392991573133,0.003447825346637107,0.0035313214518809745,0.069533543625,,Imported structure residue from md_100_prolig_center.gro | SASA: total=0.00446723224502979 | RMSF: value=0.061019983 | SASA: total=0.0034507733244116944 | RMSF: value=0.06445108 | SASA: total=0.003210932053256743 | RMSF: value=0.059263226 | SASA: total=0.004382153631805784,
Chain 0::352,Chain 0,352,Chain 0 / VAL352,VAL,conserved | Buried,8,0,0,8,8,,,0.02469930875502379,0.022309983824610267,0.002389324415765592,0.014969278033347754,0.055490169500000006,,Imported structure residue from md_100_prolig_center.gro | SASA: total=0.010904575642751584 | Manual tag: V352 | SASA: total=0.023725179383660307 | RMSF: value=0.049490985 | SASA: total=0.02475026191793161 | RMSF: value=0.052599628 | SASA: total=0.012595853897383307,
Chain 0::353,Chain 0,353,Chain 0 / ALA353,ALA,conserved | Buried,8,0,0,8,8,,,0.08279902036163476,0.03793138035199615,0.04486763934226762,0.06842894244763204,0.057015906625,,Imported structure residue from md_100_prolig_center.gro | SASA: total=0.05147569080685625 | Manual tag: A353 | SASA: total=0.08894294714278514 | RMSF: value=0.049517788 | SASA: total=0.08173792351885598 | RMSF: value=0.05577118 | SASA: total=0.08087408852459181,
Chain 0::354,Chain 0,354,Chain 0 / CYS354,CYS,Buried,8,0,0,8,8,,,0.002202011008013851,0.0008716262769793152,0.0013303846192297222,0.0015635857686261533,0.046867870500000006,,Imported structure residue from md_100_prolig_center.gro | SASA: total=0.000841649710246832 | RMSF: value=0.046843305 | SASA: total=0.0013763467864234848 | RMSF: value=0.042179905 | SASA: total=0.0006400878993001314 | RMSF: value=0.047453914 | SASA: total=0.0011607622635541575,
Chain 0::355,Chain 0,355,Chain 0 / PHE355,PHE,conserved | Buried,8,0,0,8,8,,,0.001256409596457575,0,0.001256409596457575,0.000551056840551568,0.041590603500000004,,Imported structure residue from md_100_prolig_center.gro | SASA: total=0.0018469688325825303 | Manual tag: F355 | SASA: total=0.0013259839229654558 | RMSF: value=0.034976114 | SASA: total=0.0013806439641088541 | RMSF: value=0.041821994 | SASA: total=0.0014691117892761043,
Chain 0::356,Chain 0,356,Chain 0 / VAL356,VAL,conserved | Buried,8,0,1,8,8,,0.000999000999000999,0.01198915620250881,0.0000013813157715733246,0.011987774820605264,0.007266155274247765,0.040171460374999995,,Imported structure residue from md_100_prolig_center.gro | SASA: total=0.011630035272919306 | Manual tag: V356 | SASA: total=0.012197450245961104 | RMSF: value=0.034349423 | SASA: total=0.013034390845211536 | RMSF: value=0.0395891 | SASA: total=0.011982587513647568,
Chain 0::357,Chain 0,357,Chain 0 / THR357,THR,Second-shell | conserved | Buried,8,0,0,8,8,,,0.0014189779576194233,0.00027091217908482666,0.001148065767872797,0.0008705386243063946,0.044933827125,,Imported structure residue from md_100_prolig_center.gro | SASA: total=0.000980103254723962 | Manual tag: T357 | SASA: total=0.0014145145864723858 | RMSF: value=0.040230047 | SASA: total=0.0014652531815342383 | RMSF: value=0.043447677 | SASA: total=0.002379249818254225,
Chain 0::358,Chain 0,358,Chain 0 / HIS358,HIS,First-shell | conserved | Buried,8,0,0,8,8,,,0.006102387815262053,0.0004669323298183389,0.005635455773456373,0.002825179544102802,0.047542674,,Imported structure residue from md_100_prolig_center.gro | SASA: total=0.0027501787621491028 | Manual tag: H358 | SASA: total=0.0024055713916769123 | RMSF: value=0.045122314 | SASA: total=0.0007384689801400251 | RMSF: value=0.05210608 | SASA: total=0.0021000603343000507,
Chain 0::359,Chain 0,359,Chain 0 / CYS359,CYS,Second-shell | conserved | Buried,8,0,0,8,8,,,0.002890306189085707,0.00216026087409683,0.0007300453466861186,0.0019529095872200723,0.045942315375,,Imported structure residue from md_100_prolig_center.gro | SASA: total=0.00024201927042686114 | Manual tag: C359 | SASA: total=0.0018076833226893208 | RMSF: value=0.04441931 | SASA: total=0.002576827339016565 | RMSF: value=0.048374258 | SASA: total=0.0013791247464642667,
Chain 0::360,Chain 0,360,Chain 0 / GLY360,GLY,Second-shell | conserved | Buried,8,0,0,8,8,,,0.002110277194648492,0.000008352726005192956,0.0021019244575492648,0.002175543499637621,0.047915903875000006,,Imported structure residue from md_100_prolig_center.gro | SASA: total=3.341732933969781e-05 | Manual tag: G360 | SASA: total=0.00014901030255426274 | RMSF: value=0.045416933 | SASA: total=0.0018232537031238254 | RMSF: value=0.050948456 | SASA: total=0.0035017594824185466,
Chain 0::361,Chain 0,361,Chain 0 / TRP361,TRP,First-shell | conserved | Buried,8,0,0,8,8,,,0.046014517649436495,0.00024255252708934503,0.045771964874100124,0.01742974153387746,0.045020418124999996,,Imported structure residue from md_100_prolig_center.gro | SASA: total=0.004059172133998115 | Manual tag: W361 | SASA: total=0.05522013367107599 | RMSF: value=0.038420945 | SASA: total=0.02239116019394138 | RMSF: value=0.047098115 | SASA: total=0.04073182576437398,
Chain 0::362,Chain 0,362,Chain 0 / ASN362,ASN,First-shell | conserved | Buried,8,1,0,8,8,-0.053603139200000476,,0.011542256894587115,0.005024202079379626,0.006518054606077736,0.006172329890153537,0.046643458375,,Imported structure residue from md_100_prolig_center.gro | SASA: total=0.018506624284062054 | Manual tag: N362 | SASA: total=0.0029343592111334793 | RMSF: value=0.04089663 | SASA: total=0.015955785178754588 | RMSF: value=0.04908373 | MMPBSA traj_nowat_100_f100 Total: TOTAL=-0.053603139200000476,
Chain 0::363,Chain 0,363,Chain 0 / SER363,SER,First-shell | conserved | Buried,8,0,1,8,8,,0.000999000999000999,0.0018798481862609376,0.001365694594869187,0.0005141535906713584,0.001314579151231425,0.050451813,,Imported structure residue from md_100_prolig_center.gro | SASA: total=0.0029765337078583123 | Manual tag: S363 | SASA: total=0.003880164005083613 | RMSF: value=0.045773495 | SASA: total=0.0010221499101360245 | RMSF: value=0.053558856 | SASA: total=0.0009922196738200613,
Chain 0::364,Chain 0,364,Chain 0 / THR364,THR,Second-shell | conserved | Buried,8,0,0,8,8,,,0.011782498694241673,0.0015599564202521733,0.01022254242930598,0.007228526806283235,0.05165173412500001,,Imported structure residue from md_100_prolig_center.gro | SASA: total=0.003118824324395397 | Manual tag: T364 | SASA: total=0.0158105483186422 | RMSF: value=0.03882491 | SASA: total=0.006101188535737519 | RMSF: value=0.04834418 | SASA: total=0.0035267380056994975,
Chain 0::365,Chain 0,365,Chain 0 / MET365,MET,Second-shell | conserved | Buried,8,0,0,8,8,,,0.019508300275348202,0.0021935133815288894,0.01731478682163605,0.009610000135639507,0.050781277750000006,,Imported structure residue from md_100_prolig_center.gro | SASA: total=0.044769649052678946 | Manual tag: M365 | SASA: total=0.008900233673503493 | RMSF: value=0.041304436 | SASA: total=0.02885637642575963 | RMSF: value=0.049456403 | SASA: total=0.04439826471970813,
Chain 0::366,Chain 0,366,Chain 0 / GLU366,GLU,First-shell | conserved | Buried,8,0,0,8,8,,,0.023715010582524728,0.009299071323118486,0.014415940483063827,0.011081780646039593,0.049801762125,,Imported structure residue from md_100_prolig_center.gro | SASA: total=0.007561145433326169 | Manual tag: E366 | SASA: total=0.005276934677126384 | RMSF: value=0.04019901 | SASA: total=0.011419720956963478 | RMSF: value=0.046153888 | SASA: total=0.016666892445692333,
Chain 0::367,Chain 0,367,Chain 0 / SER367,SER,conserved | Buried,8,0,0,8,8,,,0.0026909975916502246,0.0012799003830013592,0.0014110972144119995,0.0018818164976574995,0.054002629499999996,,Imported structure residue from md_100_prolig_center.gro | SASA: total=0.0003450096833823931 | Manual tag: S367 | SASA: total=0.008538695006161043 | RMSF: value=0.052196663 | SASA: total=0.0026593902471041915 | RMSF: value=0.049881794 | SASA: total=0.0025802326600740453,
Chain 0::368,Chain 0,368,Chain 0 / LEU368,LEU,conserved | Buried,8,0,0,8,8,,,0.01357249921074801,0.0003765044780851498,0.013195994786692247,0.00710602052918744,0.06121877025,,Imported structure residue from md_100_prolig_center.gro | SASA: total=0.007987124790059457 | Manual tag: L368 | SASA: total=0.0283147837081463 | RMSF: value=0.05651476 | SASA: total=0.009081507355232936 | RMSF: value=0.06025085 | SASA: total=0.01624134968560521,
Chain 0::369,Chain 0,369,Chain 0 / SER369,SER,Buried,8,0,1,8,8,,0.000999000999000999,0.04064152734861295,0.03434396035494375,0.006297567296521923,0.030901239770209508,0.060005599875,,Imported structure residue from md_100_prolig_center.gro | SASA: total=0.03560104590868301 | RMSF: value=0.0467361 | SASA: total=0.0436170108542584 | RMSF: value=0.052933954 | SASA: total=0.041548713451564905 | RMSF: value=0.06272137 | SASA: total=0.03531203278810671,
Chain 0::370,Chain 0,370,Chain 0 / SER370,SER,conserved | Mixed_exposure,8,0,0,8,8,,,0.19783092094677512,0.1404096994613583,0.05742122423097418,0.1383433013613812,0.057706184375,,Imported structure residue from md_100_prolig_center.gro | SASA: total=0.13771870466742184 | Manual tag: S370 | SASA: total=0.15656213565628127 | RMSF: value=0.049412213 | SASA: total=0.130623956054154 | RMSF: value=0.055697948 | SASA: total=0.11870663465544729,
Chain 0::371,Chain 0,371,Chain 0 / GLY371,GLY,conserved | Buried,8,0,0,8,8,,,0.03882080414660948,0.029125717044393026,0.009695088047370555,0.04002144757382421,0.059230615,,Imported structure residue from md_100_prolig_center.gro | SASA: total=0.06864257764513834 | Manual tag: G371 | SASA: total=0.06259818983697656 | RMSF: value=0.053077523 | SASA: total=0.05075019066876704 | RMSF: value=0.05774858 | SASA: total=0.06857910216324917,
Chain 0::372,Chain 0,372,Chain 0 / ILE372,ILE,conserved | Buried,8,0,0,8,8,,,0.07551048297001657,0.002315325641314186,0.07319515871372774,0.0417184988784622,0.05163359912499999,,Imported structure residue from md_100_prolig_center.gro | SASA: total=0.0822977424405589 | Manual tag: I372 | SASA: total=0.10133790202660135 | RMSF: value=0.045734435 | SASA: total=0.08333684142568323 | RMSF: value=0.05014041 | SASA: total=0.09014257759150893,
Chain 0::373,Chain 0,373,Chain 0 / PRO373,PRO,conserved | Buried,8,0,0,8,8,,,0.023687319406757754,0.000006909664007973406,0.023680409694051295,0.015381376238154389,0.054127186875,,Imported structure residue from md_100_prolig_center.gro | SASA: total=0.01586120938974442 | Manual tag: P373 | SASA: total=0.02527583368343882 | RMSF: value=0.04664579 | SASA: total=0.0246771343494996 | RMSF: value=0.05466242 | SASA: total=0.02000183068759887,
Chain 0::374,Chain 0,374,Chain 0 / VAL374,VAL,conserved | Buried,8,0,0,8,8,,,0.006239625883716883,0.0006256843683664861,0.005613941380493042,0.0037815914446768985,0.053558057625,,Imported structure residue from md_100_prolig_center.gro | SASA: total=0.004534714501397223 | Manual tag: V374 | SASA: total=0.017044041232012287 | RMSF: value=0.046584997 | SASA: total=0.004443415972556329 | RMSF: value=0.053733055 | SASA: total=0.007176475064589245,
Chain 0::375,Chain 0,375,Chain 0 / ILE375,ILE,conserved | Buried,8,0,0,8,8,,,0.0011578117460381275,0,0.0011578117460381275,0.0006396749978111202,0.048002052749999996,,Imported structure residue from md_100_prolig_center.gro | SASA: total=0.0014161022730392984 | Manual tag: I375 | SASA: total=0.0006598683424515299 | RMSF: value=0.042872615 | SASA: total=0.0013211257386915754 | RMSF: value=0.04820761 | SASA: total=0.0015387671566245579,
Chain 0::376,Chain 0,376,Chain 0 / ALA376,ALA,Buried,8,0,0,8,8,,,0.0006631438598488597,0.000406833117744784,0.0002563107475790536,0.0005026675808070903,0.045620786249999996,,Imported structure residue from md_100_prolig_center.gro | SASA: total=0.00010554336638438819 | RMSF: value=0.044756602 | SASA: total=0.0003803996461452824 | RMSF: value=0.044022214 | SASA: total=0.0005345709326833782 | RMSF: value=0.045421027 | SASA: total=0.001387658169363985,
Chain 0::377,Chain 0,377,Chain 0 / PHE377,PHE,conserved | Buried,8,0,0,8,8,,,0.018328630672606386,0.0002902459591226007,0.018038384388947264,0.008038873102020347,0.04759270275,,Imported structure residue from md_100_prolig_center.gro | SASA: total=0.008421244081294183 | Manual tag: F377 | SASA: total=0.015564857733131635 | RMSF: value=0.04511923 | SASA: total=0.011640950852986609 | RMSF: value=0.052950725 | SASA: total=0.02050147257228889,
Chain 0::378,Chain 0,378,Chain 0 / PRO378,PRO,Second-shell | conserved | Buried,8,0,0,8,8,,,0.024390089744802834,0.011975620636263503,0.012414470323840373,0.015837720613508334,0.057133154375,,Imported structure residue from md_100_prolig_center.gro | SASA: total=0.012489016017401683 | Manual tag: P378 | SASA: total=0.004019081740096064 | RMSF: value=0.04567253 | SASA: total=0.0024389125554278345 | RMSF: value=0.06285355 | SASA: total=0.0017363204906630043,
Chain 0::379,Chain 0,379,Chain 0 / GLN379,GLN,Second-shell | conserved | Buried,8,0,0,8,8,,,0.18280467923066698,0.1204362353356094,0.062368442689409796,0.08542274730405,0.07292025999999999,,Imported structure residue from md_100_prolig_center.gro | SASA: total=0.27207785844802856 | Manual tag: Q379 | SASA: total=0.11446194173675953 | RMSF: value=0.05236411 | SASA: total=0.2158950477248371 | RMSF: value=0.09225279 | SASA: total=0.17642088190163716,
Chain 0::380,Chain 0,380,Chain 0 / TRP380,TRP,Second-shell | conserved | Mixed_exposure,8,8,3,8,8,-0.7514858770999999,0.08658008658008659,0.6566982503869745,0.02311540731473245,0.6335828527254929,0.2487493372677934,0.085749464375,,Imported structure residue from md_100_prolig_center.gro | MMPBSA traj_nowat_100_f100 Total: TOTAL=-0.8141371223999998 | SASA: total=0.7434160650366604 | MMPBSA traj_nowat_100_f100 Total: TOTAL=-1.0621709424 | SASA: total=0.20640636611692975 | MMPBSA traj_nowat_100_f100 Total: TOTAL=-0.19044056639999982 | SASA: total=0.9441489559589046 | MMPBSA traj_nowat_100_f100 Total: TOTAL=-1.0883940632,
Chain 0::381,Chain 0,381,Chain 0 / GLY381,GLY,Second-shell | conserved | Mixed_exposure,8,7,2,8,8,-0.04762201737142856,0.0034965034965034965,0.09857524055088548,0.015055134859613815,0.08352010476628853,0.10162395933080977,0.11338742625,,Imported structure residue from md_100_prolig_center.gro | MMPBSA traj_nowat_100_f100 Total: TOTAL=-0.038758614400000016 | SASA: total=0.056109498485480205 | MMPBSA traj_nowat_100_f100 Total: TOTAL=-0.02484734159999996 | SASA: total=0.0013237719119775413 | MMPBSA traj_nowat_100_f100 Total: TOTAL=-0.007247654399999997 | SASA: total=0.12277120233762383 | MMPBSA traj_nowat_100_f100 Total: TOTAL=-0.08710479359999998,
Chain 0::382,Chain 0,382,Chain 0 / ASP382,ASP,First-shell | conserved | Buried,8,7,5,8,8,-0.8322664254857142,0.3758241758241758,0.09927983970916138,0.06171189861125452,0.037567943832514314,0.053090823373883086,0.0963582555,,Imported structure residue from md_100_prolig_center.gro | MMPBSA traj_nowat_100_f100 Total: TOTAL=0.4448645191999998 | HBond protein_to_ESC: max_occ=0.011988011988011988 | SASA: total=0.030800690136776113 | RMSF: value=0.04561342 | MMPBSA traj_nowat_100_f100 Total: TOTAL=0.13973517200000038 | SASA: total=0.1874662133136598 | MMPBSA traj_nowat_100_f100 Total: TOTAL=0.12938347039999984,
Chain 0::383,Chain 0,383,Chain 0 / GLN383,GLN,First-shell | conserved | Buried,8,6,2,8,8,-0.1399903717333333,0.14235764235764237,0.02714059064176284,0.009656445717146288,0.017484144398154194,0.012682518991477962,0.07036673937499999,,Imported structure residue from md_100_prolig_center.gro | MMPBSA traj_nowat_100_f100 Total: TOTAL=-0.026768318400000102 | SASA: total=0.0077552839671031085 | MMPBSA traj_nowat_100_f100 Total: TOTAL=-0.017777484000000118 | SASA: total=0.0006665826802796657 | SASA: total=0.012555134436576673 | RMSF: value=0.08085965 | SASA: total=0.009287205944298813,
Chain 0::384,Chain 0,384,Chain 0 / VAL384,VAL,Second-shell | Mixed_exposure,8,0,0,8,8,,,0.11973711938624926,0.005816318172676774,0.1139208017295171,0.07256795114318138,0.07047655125,,Imported structure residue from md_100_prolig_center.gro | SASA: total=0.057878956715069194 | Manual tag: V384 | SASA: total=0.044957362779296274 | RMSF: value=0.04543686 | SASA: total=0.05227798459553482 | RMSF: value=0.07675028 | SASA: total=0.05760683606166651,
Chain 0::385,Chain 0,385,Chain 0 / THR385,THR,Second-shell | conserved | Buried,8,0,1,8,8,,0.000999000999000999,0.04580922884770639,0.006866577995271366,0.038942650318624664,0.028103821378960975,0.067640337,,Imported structure residue from md_100_prolig_center.gro | SASA: total=0.0022914303290325743 | Manual tag: T385 | SASA: total=0.0021640230523477686 | RMSF: value=0.04563663 | SASA: total=0.021379462120556594 | RMSF: value=0.073262304 | SASA: total=0.01095860753909196,
Chain 0::386,Chain 0,386,Chain 0 / ASP386,ASP,Second-shell | conserved | Buried,8,0,0,8,8,,,0.04889103437031592,0.0344963765859899,0.014394657414476849,0.026144938165944338,0.060972973124999996,,Imported structure residue from md_100_prolig_center.gro | SASA: total=0.0006538890209971088 | Manual tag: D386 | SASA: total=0.019748636383083787 | RMSF: value=0.04503022 | SASA: total=0.037253582647236265 | RMSF: value=0.0692197 | SASA: total=0.008954700414497073,
Chain 0::387,Chain 0,387,Chain 0 / ALA387,ALA,conserved | Buried,8,0,1,8,8,,0.000999000999000999,0.008889076234265644,0.00040364497494515,0.008485431112648717,0.007346343995260865,0.052833879875,,Imported structure residue from md_100_prolig_center.gro | SASA: total=0.013915869637881176 | Manual tag: A387 | SASA: total=0.0055985482741553 | RMSF: value=0.04318306 | SASA: total=0.0013502230729428258 | RMSF: value=0.05841305 | SASA: total=0.0014674856723977787,
Chain 0::388,Chain 0,388,Chain 0 / VAL388,VAL,Mixed_exposure,8,0,0,8,8,,,0.18691028267292695,0.0035817772998661263,0.18332850941373866,0.09829344315199894,0.06078863450000001,,Imported structure residue from md_100_prolig_center.gro | SASA: total=0.131152581386637 | RMSF: value=0.06555757 | SASA: total=0.22555730012383793 | RMSF: value=0.049591903 | SASA: total=0.14137113404155957 | RMSF: value=0.063154295 | SASA: total=0.2018578568897625,
Chain 0::389,Chain 0,389,Chain 0 / TYR389,TYR,Buried,8,0,1,8,8,,0.000999000999000999,0.09912150536691494,0.004614318412380514,0.0945071872936949,0.04114472095654756,0.066028412875,,Imported structure residue from md_100_prolig_center.gro | SASA: total=0.01669257361036126 | RMSF: value=0.059571374 | SASA: total=0.05646467872775427 | RMSF: value=0.053435046 | SASA: total=0.04366710889014867 | RMSF: value=0.06979489 | SASA: total=0.021591740872452754,
Chain 0::390,Chain 0,390,Chain 0 / LEU390,LEU,conserved | Buried,8,0,0,8,8,,,0.008669353892382967,0.00004232588894365558,0.008627027960071722,0.004538928739467522,0.059178041,,Imported structure residue from md_100_prolig_center.gro | SASA: total=0.0043962993244133376 | Manual tag: L390 | SASA: total=0.015410319477836094 | RMSF: value=0.046267536 | SASA: total=0.004265742127479303 | RMSF: value=0.055371393 | SASA: total=0.005137983144210228,
Chain 0::391,Chain 0,391,Chain 0 / VAL391,VAL,conserved | Mixed_exposure,8,0,0,8,8,,,0.29684993603017806,0.05237426177257358,0.24447567844394558,0.1799090521395019,0.06172467975,,Imported structure residue from md_100_prolig_center.gro | SASA: total=0.15672797776094757 | Manual tag: V391 | SASA: total=0.30379360191302723 | RMSF: value=0.05825147 | SASA: total=0.32123369863717866 | RMSF: value=0.055668317 | SASA: total=0.42664188677721687,
Chain 0::392,Chain 0,392,Chain 0 / ASP392,ASP,conserved | Intermediate,8,0,0,8,8,,,0.6995911189161315,0.5486641320409161,0.15092698751607597,0.37411289781611307,0.071269883,,Imported structure residue from md_100_prolig_center.gro | SASA: total=0.5188681043610714 | Manual tag: D392 | SASA: total=0.6555696832071437 | RMSF: value=0.072540864 | SASA: total=0.5502126222789878 | RMSF: value=0.074049056 | SASA: total=0.6626691369727107,
Chain 0::393,Chain 0,393,Chain 0 / VAL393,VAL,conserved | Mixed_exposure,8,0,0,8,8,,,0.47934615589899593,0.13313947486147137,0.34620666708612796,0.29051282175696724,0.06808815575,,Imported structure residue from md_100_prolig_center.gro | SASA: total=0.3343325676304279 | Manual tag: V393 | SASA: total=0.45983298462216216 | RMSF: value=0.06441192 | SASA: total=0.288328482963071 | RMSF: value=0.07156429 | SASA: total=0.4320131746849211,
Chain 0::394,Chain 0,394,Chain 0 / PHE394,PHE,Buried,8,0,0,8,8,,,0.09165847897852336,0.023386873469093242,0.0682716058027737,0.04020108727128219,0.06288948875,,Imported structure residue from md_100_prolig_center.gro | SASA: total=0.060493991516604284 | RMSF: value=0.056964517 | SASA: total=0.13214640651303944 | RMSF: value=0.052035578 | SASA: total=0.04977461579486285 | RMSF: value=0.06572224 | SASA: total=0.12301571431136367,
Chain 0::395,Chain 0,395,Chain 0 / LYS395,LYS,Exposed,8,0,0,8,8,,,1.3073596020441245,0.03574751728066787,1.2716120865085336,0.5684172182800541,0.0619947525,,Imported structure residue from md_100_prolig_center.gro | SASA: total=1.3014906703835667 | RMSF: value=0.05379841 | SASA: total=1.2980773507958592 | RMSF: value=0.05137463 | SASA: total=1.2828777155073563 | RMSF: value=0.059885383 | SASA: total=1.2772735144832346,
Chain 0::396,Chain 0,396,Chain 0 / THR396,THR,Buried,8,0,0,8,8,,,0.004060415923220825,0.0001527777862029685,0.003907638125779743,0.002468806226971423,0.0565178495,,Imported structure residue from md_100_prolig_center.gro | SASA: total=0.0025236701516729624 | RMSF: value=0.047264226 | SASA: total=0.011740676726740186 | RMSF: value=0.04795523 | SASA: total=0.004402346318901175 | RMSF: value=0.05369709 | SASA: total=0.005266077152573236,
Chain 0::397,Chain 0,397,Chain 0 / GLY397,GLY,conserved | Buried,8,0,0,8,8,,,0.043692021354073934,0.04242485737206765,0.0012671635045305744,0.04504332098358138,0.068147572625,,Imported structure residue from md_100_prolig_center.gro | SASA: total=0.04016745249086087 | Manual tag: G397 | SASA: total=0.034170568100001554 | RMSF: value=0.06891291 | SASA: total=0.043544309545714074 | RMSF: value=0.07544377 | SASA: total=0.02672522243960659,
Chain 0::398,Chain 0,398,Chain 0 / ILE398,ILE,conserved | Buried,8,0,0,8,8,,,0.2766938843570723,0.00009625038926807775,0.2765976308964857,0.15286954936854824,0.056584376874999995,,Imported structure residue from md_100_prolig_center.gro | SASA: total=0.31081688477851377 | Manual tag: I398 | SASA: total=0.30687543307200515 | RMSF: value=0.059843224 | SASA: total=0.2808496559610461 | RMSF: value=0.056898486 | SASA: total=0.2584568006862508,
Chain 0::399,Chain 0,399,Chain 0 / ARG399,ARG,conserved | Intermediate,8,0,1,8,8,,0.000999000999000999,0.6654680702872205,0.20202028329050775,0.4634478023035987,0.2511200265234794,0.057594352875000004,,Imported structure residue from md_100_prolig_center.gro | SASA: total=0.6463942513017371 | Manual tag: R399 | SASA: total=0.6426181580760691 | RMSF: value=0.057958566 | SASA: total=0.5465783724690428 | RMSF: value=0.054740194 | SASA: total=0.5831059559737102,
Chain 0::400,Chain 0,400,Chain 0 / MET400,MET,Buried,8,0,0,8,8,,,0.09983184704981227,0.04629291523257179,0.053538931522167994,0.04917824977823265,0.065463352375,,Imported structure residue from md_100_prolig_center.gro | SASA: total=0.10431261065572796 | RMSF: value=0.059344523 | SASA: total=0.12072543076949545 | RMSF: value=0.07382514 | SASA: total=0.10736462577144698 | RMSF: value=0.06611901 | SASA: total=0.12181802322663883,
Chain 0::401,Chain 0,401,Chain 0 / CYS401,CYS,Buried,8,0,1,8,8,,0.000999000999000999,0.08970857620017954,0.03250244861635227,0.05720613061213846,0.06061390283795914,0.079279053625,,Imported structure residue from md_100_prolig_center.gro | SASA: total=0.07559518722614439 | RMSF: value=0.08516119 | SASA: total=0.04913997711005187 | RMSF: value=0.056818616 | SASA: total=0.07156338992685375 | RMSF: value=0.08172919 | SASA: total=0.062178712688607744,
Chain 0::402,Chain 0,402,Chain 0 / ARG402,ARG,Mixed_exposure,8,0,0,8,8,,,1.081057953141113,0.17112238379656383,0.9099355691140241,0.4079463974117409,0.11105195662499999,,Imported structure residue from md_100_prolig_center.gro | SASA: total=1.0089197194222177 | RMSF: value=0.07780302 | SASA: total=0.9716470760874228 | RMSF: value=0.056664772 | SASA: total=0.8226240383516444 | RMSF: value=0.097094946 | SASA: total=0.9596312046051025,
Chain 0::403,Chain 0,403,Chain 0 / GLY403,GLY,conserved | Mixed_exposure,8,0,0,8,8,,,0.11966266530787223,0.06314797906463247,0.05651468827157502,0.1233635724823425,0.137892777375,,Imported structure residue from md_100_prolig_center.gro | SASA: total=0.05248482621247225 | Manual tag: G403 | SASA: total=0.03990969714699405 | RMSF: value=0.06147659 | SASA: total=0.047396185005655386 | RMSF: value=0.122060984 | SASA: total=0.0548471046777645,
Chain 0::404,Chain 0,404,Chain 0 / GLU404,GLU,Mixed_exposure,8,1,1,8,8,0.011338999999999473,0.005994005994005994,0.7389107469727497,0.48476084657382257,0.2541498791813703,0.34528539578165873,0.16923280749999997,,Imported structure residue from md_100_prolig_center.gro | SASA: total=0.6156347376285213 | RMSF: value=0.11687679 | MMPBSA traj_nowat_100_f100 Total: TOTAL=0.011338999999999473 | SASA: total=0.6472488594527291 | SASA: total=0.8880203608239051 | RMSF: value=0.14076383 | SASA: total=0.788213323248495,
Chain 0::405,Chain 0,405,Chain 0 / ALA405,ALA,Mixed_exposure,8,0,1,8,8,,0.000999000999000999,0.4855560146567255,0.15380406834756827,0.3317519601360701,0.40128596252621945,0.205088878,,Imported structure residue from md_100_prolig_center.gro | SASA: total=0.41252975800249836 | RMSF: value=0.18056977 | SASA: total=0.38921795977224216 | RMSF: value=0.11843793 | SASA: total=0.4036082159174551 | RMSF: value=0.14550184 | SASA: total=0.43861869951285937,
Chain 0::406,Chain 0,406,Chain 0 / GLU406,GLU,conserved | Mixed_exposure,8,0,0,8,8,,,1.2435454409016242,0.8008221408518233,0.44272326665128225,0.5810960004213197,0.2095906125,,Imported structure residue from md_100_prolig_center.gro | SASA: total=1.4613896549338161 | Manual tag: E406 | SASA: total=1.0317819661433154 | RMSF: value=0.1332305 | SASA: total=0.9296107138737594 | RMSF: value=0.15972911 | SASA: total=1.0092008467948084,
Chain 0::407,Chain 0,407,Chain 0 / ASP407,ASP,Exposed,8,0,0,8,8,,,1.294633626347721,0.7399779837025273,0.5546556375736352,0.6923174472447705,0.18942478750000002,,Imported structure residue from md_100_prolig_center.gro | SASA: total=1.4673612342022433 | RMSF: value=0.22803517 | SASA: total=1.3081933590445187 | RMSF: value=0.1062324 | SASA: total=1.172473417650355 | RMSF: value=0.19355905 | SASA: total=1.2923054199407595,
Chain 0::408,Chain 0,408,Chain 0 / ARG408,ARG,conserved | Mixed_exposure,8,0,0,8,8,,,1.4227729253839738,0.2561448665870593,1.1666280996091296,0.5368954435411223,0.12757779625000001,,Imported structure residue from md_100_prolig_center.gro | SASA: total=1.1375173578167905 | Manual tag: R408 | SASA: total=1.3390619141040463 | RMSF: value=0.10854306 | SASA: total=1.2018282767569666 | RMSF: value=0.12302331 | SASA: total=1.4748438230835565,
Chain 0::409,Chain 0,409,Chain 0 / ILE409,ILE,Intermediate,8,0,0,8,8,,,0.6324725409619288,0.07583524825600077,0.5566372768123551,0.3494323430728889,0.090974565625,,Imported structure residue from md_100_prolig_center.gro | SASA: total=0.6429510889667096 | RMSF: value=0.08881899 | SASA: total=0.6769277541944296 | RMSF: value=0.08049747 | SASA: total=0.6941293277362786 | RMSF: value=0.09217162 | SASA: total=0.7374706008646748,
Chain 0::410,Chain 0,410,Chain 0 / ILE410,ILE,conserved | Buried,8,0,0,8,8,,,0.14922756352231348,0.00001128839610126054,0.14921627465248255,0.0824461676918859,0.076094430125,,Imported structure residue from md_100_prolig_center.gro | SASA: total=0.17755496221603734 | Manual tag: I410 | SASA: total=0.0789072223671592 | RMSF: value=0.06736276 | SASA: total=0.037017412446808104 | RMSF: value=0.07898425 | SASA: total=0.13985472873295887,
Chain 0::411,Chain 0,411,Chain 0 / PRO411,PRO,Intermediate,8,0,0,8,8,,,0.5681276871721344,0.00011710710546905451,0.5680105740038475,0.3689140825793079,0.079908954125,,Imported structure residue from md_100_prolig_center.gro | SASA: total=0.643477469977766 | RMSF: value=0.08044313 | SASA: total=0.544430271528735 | RMSF: value=0.07148312 | SASA: total=0.5127912541427234 | RMSF: value=0.08135332 | SASA: total=0.5888094400415326,
Chain 0::412,Chain 0,412,Chain 0 / ARG412,ARG,conserved | Intermediate,8,0,1,8,8,,0.000999000999000999,0.8620474615161962,0.14754631945697388,0.7145011320267574,0.3253009288740363,0.0735308075,,Imported structure residue from md_100_prolig_center.gro | SASA: total=0.8677766724388198 | Manual tag: R412 | SASA: total=0.7810489281569377 | RMSF: value=0.06294544 | SASA: total=0.7643899929405439 | RMSF: value=0.0812644 | SASA: total=0.9003439516124159,
Chain 0::413,Chain 0,413,Chain 0 / GLU413,GLU,conserved | Exposed,8,0,0,8,8,,,1.1786855198074095,0.8474406830155023,0.3312448496275609,0.5507876260782287,0.08290979612499999,,Imported structure residue from md_100_prolig_center.gro | SASA: total=1.1731199144136788 | Manual tag: E413 | SASA: total=1.2583111772442808 | RMSF: value=0.073800385 | SASA: total=1.1664558188750012 | RMSF: value=0.08772991 | SASA: total=1.1963395600271698,
Chain 0::414,Chain 0,414,Chain 0 / GLU414,GLU,conserved | Intermediate,8,0,0,8,8,,,0.7604971311912679,0.5279500077082084,0.23254713539661157,0.3553724912108728,0.07996653137499998,,Imported structure residue from md_100_prolig_center.gro | SASA: total=0.8574420774337088 | Manual tag: E414 | SASA: total=0.7918041537303736 | RMSF: value=0.07516131 | SASA: total=0.696656598903165 | RMSF: value=0.083805196 | SASA: total=0.8344001215283233,
Chain 0::415,Chain 0,415,Chain 0 / VAL415,VAL,conserved | Buried,8,0,0,8,8,,,0.004003431523532265,0.000009676923924632887,0.003993754620931231,0.0024263221354741005,0.06664305712499999,,Imported structure residue from md_100_prolig_center.gro | SASA: total=0.004453151016542227 | Manual tag: V415 | SASA: total=0.004587944043744909 | RMSF: value=0.06298432 | SASA: total=0.004436909746710617 | RMSF: value=0.07256201 | SASA: total=0.004532202193052462,
Chain 0::416,Chain 0,416,Chain 0 / GLU416,GLU,Mixed_exposure,8,0,0,8,8,,,0.23959914337507088,0.2017548557795644,0.03784428828794712,0.11974870317274769,0.068220258625,,Imported structure residue from md_100_prolig_center.gro | SASA: total=0.04636361206522082 | RMSF: value=0.065711215 | SASA: total=0.051659133239178964 | RMSF: value=0.061121874 | SASA: total=0.04369721237090555 | RMSF: value=0.07469845 | SASA: total=0.03171942737137917,
Chain 0::417,Chain 0,417,Chain 0 / LYS417,LYS,Exposed,8,0,0,8,8,,,1.339821252197322,0.10688548249257082,1.2329357784278323,0.5409053801199565,0.07467460562500002,,Imported structure residue from md_100_prolig_center.gro | SASA: total=1.346186321560699 | RMSF: value=0.0684006 | SASA: total=1.4822482283752743 | RMSF: value=0.0631599 | SASA: total=1.5457098531250906 | RMSF: value=0.08068773 | SASA: total=1.424896202465095,
Chain 0::418,Chain 0,418,Chain 0 / CYS418,CYS,conserved | Buried,8,0,0,8,8,,,0.12683551249383618,0.08448312001427898,0.0423523927785198,0.08569967060394336,0.06692670637499999,,Imported structure residue from md_100_prolig_center.gro | SASA: total=0.143404933891379 | Manual tag: C418 | SASA: total=0.13973183797137573 | RMSF: value=0.05989081 | SASA: total=0.14241396539872236 | RMSF: value=0.07384443 | SASA: total=0.16192124668499547,
Chain 0::419,Chain 0,419,Chain 0 / LEU419,LEU,Buried,8,0,0,8,8,,,0.008074119767187957,0.00000976103255386916,0.008064358768924739,0.004316599327960559,0.060614739749999993,,Imported structure residue from md_100_prolig_center.gro | SASA: total=0.006356075553610774 | RMSF: value=0.06016362 | SASA: total=0.0054806562343446335 | RMSF: value=0.05550633 | SASA: total=0.006607251592201761 | RMSF: value=0.06434114 | SASA: total=0.006256717266422687,
Chain 0::420,Chain 0,420,Chain 0 / LEU420,LEU,conserved | Intermediate,8,0,0,8,8,,,0.6087428914880988,0.006170408572024196,0.6025724972755011,0.31871355575293137,0.06885804912499999,,Imported structure residue from md_100_prolig_center.gro | SASA: total=0.5546449676598653 | Manual tag: L420 | SASA: total=0.4785519283596832 | RMSF: value=0.058107913 | SASA: total=0.5583997398319811 | RMSF: value=0.06973224 | SASA: total=0.46391361833799005,
Chain 0::421,Chain 0,421,Chain 0 / GLU421,GLU,conserved | Intermediate,8,0,0,8,8,,,0.6965330586132437,0.5237374282119297,0.17279561337931912,0.32548273766974,0.07461444625000001,,Imported structure residue from md_100_prolig_center.gro | SASA: total=0.7885523420749324 | Manual tag: E421 | SASA: total=0.7286364666306147 | RMSF: value=0.06135988 | SASA: total=0.8029432591825428 | RMSF: value=0.07851879 | SASA: total=0.7636869166157033,
Chain 0::422,Chain 0,422,Chain 0 / ALA422,ALA,conserved | Buried,8,0,0,8,8,,,0.015528419663631679,0.01368985333281689,0.0018385662813238698,0.01283340468068734,0.07019194775,,Imported structure residue from md_100_prolig_center.gro | SASA: total=0.01113430574757628 | Manual tag: A422 | SASA: total=0.014113094878963905 | RMSF: value=0.062035773 | SASA: total=0.010279075685187732 | RMSF: value=0.066331275 | SASA: total=0.015836891893408086,
Chain 0::423,Chain 0,423,Chain 0 / THR423,THR,conserved | Mixed_exposure,8,0,0,8,8,,,0.27801216290433806,0.18289173329894493,0.0951204305021369,0.1705596091437657,0.07807030749999999,,Imported structure residue from md_100_prolig_center.gro | SASA: total=0.16781315679597383 | Manual tag: T423 | SASA: total=0.23485067427748502 | RMSF: value=0.071705945 | SASA: total=0.21575795394359248 | RMSF: value=0.076141745 | SASA: total=0.21707529419719582,
Chain 0::424,Chain 0,424,Chain 0 / THR424,THR,Mixed_exposure,8,0,0,8,8,,,1.032908883572805,0.45505847431498003,0.5778504409781188,0.563412595979322,0.09731609975,,Imported structure residue from md_100_prolig_center.gro | SASA: total=0.9422924937588153 | RMSF: value=0.091452554 | SASA: total=0.9586134027726579 | RMSF: value=0.08608974 | SASA: total=0.9642769428763059 | RMSF: value=0.089380264 | SASA: total=0.9799809809958581,
Chain 0::425,Chain 0,425,Chain 0 / GLY425,GLY,conserved | Mixed_exposure,8,0,0,8,8,,,0.33655126325527923,0.02768869603964463,0.3088625680544589,0.3469600652116281,0.11137973475,,Imported structure residue from md_100_prolig_center.gro | SASA: total=0.4044540486123302 | Manual tag: G425 | SASA: total=0.43433557878626455 | RMSF: value=0.0989735 | SASA: total=0.42224689580426356 | RMSF: value=0.10095945 | SASA: total=0.43134451650156835,
Chain 0::426,Chain 0,426,Chain 0 / PRO426,PRO,conserved | Exposed,8,0,0,8,8,,,1.2007148926801021,0.059703650182380455,1.1410112644333652,0.7796849952468194,0.114985886,,Imported structure residue from md_100_prolig_center.gro | SASA: total=1.2375830943041508 | Manual tag: P426 | SASA: total=1.2233585827421434 | RMSF: value=0.106554754 | SASA: total=1.2215083105729359 | RMSF: value=0.10362804 | SASA: total=1.224614386511321,
Chain 0::427,Chain 0,427,Chain 0 / LYS427,LYS,Mixed_exposure,8,0,0,8,8,,,1.0176799143157385,0.008104638226064022,1.0095752393550212,0.4803592838651217,0.094300198125,,Imported structure residue from md_100_prolig_center.gro | SASA: total=0.8052204086048769 | RMSF: value=0.07993998 | SASA: total=0.8837213221162853 | RMSF: value=0.089190215 | SASA: total=0.8276965346666846 | RMSF: value=0.08581255 | SASA: total=0.8977145074617745,
Chain 0::428,Chain 0,428,Chain 0 / ALA428,ALA,conserved | Buried,8,0,0,8,8,,,0.07735908132894795,0.0132326447822172,0.06412643927038823,0.06393312506524623,0.07673622737500001,,Imported structure residue from md_100_prolig_center.gro | SASA: total=0.045426189530603955 | Manual tag: A428 | SASA: total=0.0663611151941932 | RMSF: value=0.06739931 | SASA: total=0.06695863228328157 | RMSF: value=0.07011819 | SASA: total=0.055210663614296676,
Chain 0::429,Chain 0,429,Chain 0 / GLU429,GLU,Mixed_exposure,8,0,0,8,8,,,1.1638924824719383,0.7590432735805465,0.4048492488737154,0.5438749918093169,0.079214967375,,Imported structure residue from md_100_prolig_center.gro | SASA: total=1.0246597044538743 | RMSF: value=0.07058953 | SASA: total=1.0474088369029584 | RMSF: value=0.077015154 | SASA: total=1.0948359576782378 | RMSF: value=0.080893785 | SASA: total=1.0037864021735616,
Chain 0::430,Chain 0,430,Chain 0 / ASN430,ASN,Intermediate,8,0,0,8,8,,,0.877567404493837,0.44847373915190747,0.42909365355747175,0.43940873875603786,0.077110751125,,Imported structure residue from md_100_prolig_center.gro | SASA: total=0.922574763840968 | RMSF: value=0.0664218 | SASA: total=0.8726290759473744 | RMSF: value=0.0716438 | SASA: total=0.8852473084289249 | RMSF: value=0.07637766 | SASA: total=0.8623149217945514,
Chain 0::431,Chain 0,431,Chain 0 / MET431,MET,conserved | Buried,8,0,0,8,8,,,0.07325048279247735,0.008909449536851285,0.06434103238366379,0.03608398167117111,0.06150343287500001,,Imported structure residue from md_100_prolig_center.gro | SASA: total=0.039768642017451845 | Manual tag: M431 | SASA: total=0.053870864968636245 | RMSF: value=0.054452166 | SASA: total=0.04479346771051388 | RMSF: value=0.059647966 | SASA: total=0.0527355657281852,
Chain 0::432,Chain 0,432,Chain 0 / LYS432,LYS,Intermediate,8,0,0,8,8,,,0.7002303666702592,0.008867271948204662,0.6913630767623977,0.30444798550880836,0.062706563625,,Imported structure residue from md_100_prolig_center.gro | SASA: total=0.6976236866252257 | RMSF: value=0.05421306 | SASA: total=0.817327879443027 | RMSF: value=0.058336396 | SASA: total=0.7910308283154327 | RMSF: value=0.06238597 | SASA: total=0.7456326697132375,
Chain 0::433,Chain 0,433,Chain 0 / GLN433,GLN,Mixed_exposure,8,0,0,8,8,,,1.206901053464649,0.19112314483943849,1.0157779118802286,0.5418842475252656,0.068544292125,,Imported structure residue from md_100_prolig_center.gro | SASA: total=1.383008599281311 | RMSF: value=0.05909729 | SASA: total=1.365738329320851 | RMSF: value=0.061896153 | SASA: total=1.346875804485661 | RMSF: value=0.07492457 | SASA: total=1.3402850993789068,
Chain 0::434,Chain 0,434,Chain 0 / ASN434,ASN,conserved | Mixed_exposure,8,0,0,8,8,,,0.38368252757014615,0.23809997567740998,0.14558255536444853,0.2051778222300247,0.059394633125000006,,Imported structure residue from md_100_prolig_center.gro | SASA: total=0.3998636641714833 | Manual tag: N434 | SASA: total=0.40437155475120734 | RMSF: value=0.05182971 | SASA: total=0.35582210580901347 | RMSF: value=0.067928225 | SASA: total=0.39510520791063214,
Chain 0::435,Chain 0,435,Chain 0 / ALA435,ALA,conserved | Buried,8,0,0,8,8,,,0.0006687527050299911,0,0.0006687527050299911,0.0005526881859751993,0.055145324375000006,,Imported structure residue from md_100_prolig_center.gro | SASA: total=0.0007924194088076601 | Manual tag: A435 | SASA: total=0.0015208330927508893 | RMSF: value=0.049990337 | SASA: total=0.0011023208130114149 | RMSF: value=0.061177935 | SASA: total=0.001458712659849979,
Chain 0::436,Chain 0,436,Chain 0 / LEU436,LEU,Intermediate,8,0,0,8,8,,,0.5680520570292922,0.02194434185143523,0.5461077237188225,0.358848635962443,0.064068082625,,Imported structure residue from md_100_prolig_center.gro | SASA: total=0.4076765772729817 | RMSF: value=0.058606785 | SASA: total=0.4180525352459143 | RMSF: value=0.05872436 | SASA: total=0.3838920726044343 | RMSF: value=0.07381955 | SASA: total=0.4131455985036227,
Chain 0::437,Chain 0,437,Chain 0 / LYS437,LYS,conserved | Exposed,8,0,0,8,8,,,1.36945902947152,0.02685443151253506,1.3426046185564284,0.5954169693354436,0.06323659075,,Imported structure residue from md_100_prolig_center.gro | SASA: total=1.292626148403281 | Manual tag: K437 | SASA: total=1.254750422912069 | RMSF: value=0.059095595 | SASA: total=1.186712929517916 | RMSF: value=0.073996626 | SASA: total=1.2357194494492938,
Chain 0::438,Chain 0,438,Chain 0 / TRP438,TRP,conserved | Buried,8,0,0,8,8,,,0.38971005841204437,0.012046546313051815,0.3776635318293725,0.14761744636819862,0.05791870125,,Imported structure residue from md_100_prolig_center.gro | SASA: total=0.3524312680900687 | Manual tag: W438 | SASA: total=0.38004492179001914 | RMSF: value=0.055441804 | SASA: total=0.35060399357635197 | RMSF: value=0.066498734 | SASA: total=0.36019598375452627,
Chain 0::439,Chain 0,439,Chain 0 / LYS439,LYS,conserved | Intermediate,8,0,0,8,8,,,0.827188611251883,0.011076526853081881,0.8161120524648392,0.3596472222834274,0.060458784749999994,,Imported structure residue from md_100_prolig_center.gro | SASA: total=0.9121305671068701 | Manual tag: K439 | SASA: total=0.920662254980295 | RMSF: value=0.05385441 | SASA: total=0.9242791657400603 | RMSF: value=0.066048406 | SASA: total=0.8828226705588916,
Chain 0::440,Chain 0,440,Chain 0 / ALA440,ALA,Intermediate,8,0,0,8,8,,,0.7619616354603578,0.3238412722643225,0.4381203550734732,0.4521590192899718,0.06213787837500001,,Imported structure residue from md_100_prolig_center.gro | SASA: total=1.0105960528449256 | RMSF: value=0.057476833 | SASA: total=0.9898082549029058 | RMSF: value=0.056112718 | SASA: total=1.005309272520613 | RMSF: value=0.06483084 | SASA: total=0.9493602720817717,
Chain 0::441,Chain 0,441,Chain 0 / ALA441,ALA,Mixed_exposure,8,0,0,8,8,,,0.47332322792067094,0.019826673212147657,0.4534965611920498,0.23756677756457092,0.060282256125,,Imported structure residue from md_100_prolig_center.gro | SASA: total=0.8323909581297695 | RMSF: value=0.054795723 | SASA: total=0.798157029812879 | RMSF: value=0.055805985 | SASA: total=0.7824931475195555 | RMSF: value=0.06352681 | SASA: total=0.7245374498981061,
Chain 0::442,Chain 0,442,Chain 0 / ALA442,ALA,conserved | Buried,8,0,0,8,8,,,0.001520812307068926,0.000022113388911406002,0.0014986989285311625,0.0012568696752635754,0.06103707525000001,,Imported structure residue from md_100_prolig_center.gro | SASA: total=0.0012590126826031373 | Manual tag: A442 | SASA: total=0.0006830717251396341 | RMSF: value=0.054959413 | SASA: total=0.0013192400410033688 | RMSF: value=0.06485451 | SASA: total=0.0015625750811973421,
Chain 0::443,Chain 0,443,Chain 0 / GLU443,GLU,Intermediate,8,0,0,8,8,,,0.8183870796519931,0.28309373865607146,0.5352933196590678,0.40552792091122075,0.06853896362499999,,Imported structure residue from md_100_prolig_center.gro | SASA: total=0.8160377422181686 | RMSF: value=0.0537892 | SASA: total=0.8043726901016613 | RMSF: value=0.057464596 | SASA: total=0.8064549571216697 | RMSF: value=0.06556195 | SASA: total=0.8578477165486553,
Chain 0::444,Chain 0,444,Chain 0 / GLU444,GLU,Mixed_exposure,8,0,0,8,8,,,0.9129210328406626,0.4466078073053741,0.4663132359043206,0.5334255335579058,0.06861393825,,Imported structure residue from md_100_prolig_center.gro | SASA: total=0.5913760626670157 | RMSF: value=0.058250602 | SASA: total=0.5747383006728521 | RMSF: value=0.059344932 | SASA: total=0.5895537220605529 | RMSF: value=0.068305954 | SASA: total=0.6238383821921774,
Chain 0::445,Chain 0,445,Chain 0 / ALA445,ALA,conserved | Buried,8,0,0,8,8,,,0.05300837888389291,0.004846357631970815,0.0481620217727654,0.043808577589994145,0.064890203375,,Imported structure residue from md_100_prolig_center.gro | SASA: total=0.04307680103079517 | Manual tag: A445 | SASA: total=0.030299799018862223 | RMSF: value=0.055463202 | SASA: total=0.048659177626123526 | RMSF: value=0.06320815 | SASA: total=0.08687015010578798,
Chain 0::446,Chain 0,446,Chain 0 / VAL446,VAL,conserved | Mixed_exposure,8,0,0,8,8,,,0.14163154137947845,0.043839842146769684,0.09779170555025708,0.08583729780574453,0.0736481725,,Imported structure residue from md_100_prolig_center.gro | SASA: total=0.008312641855071086 | Manual tag: V446 | SASA: total=0.06916547972376984 | RMSF: value=0.055414725 | SASA: total=0.06335331499576569 | RMSF: value=0.06303247 | SASA: total=0.13278777794082566,
Chain 0::447,Chain 0,447,Chain 0 / ALA447,ALA,conserved | Intermediate,8,0,0,8,8,,,0.41011534948455225,0.013884589309593211,0.3962307660886557,0.3389383053591341,0.08819222487499999,,Imported structure residue from md_100_prolig_center.gro | SASA: total=0.2722694068261893 | Manual tag: A447 | SASA: total=0.35812084362058355 | RMSF: value=0.090680316 | SASA: total=0.31825435309126826 | RMSF: value=0.08615872 | SASA: total=0.48756091783542443,
Chain 0::448,Chain 0,448,Chain 0 / GLU448,GLU,conserved | Exposed,8,0,0,8,8,,,1.697353552768726,1.0544025886176835,0.642950987498654,0.7931558657797784,0.12072481999999998,,Imported structure residue from md_100_prolig_center.gro | SASA: total=1.922521185166765 | Manual tag: E448 | SASA: total=1.7051678081550221 | RMSF: value=0.13484628 | SASA: total=1.7068917326407858 | RMSF: value=0.1492737 | SASA: total=1.7256290723781775,
Chain 0::449,Chain 0,449,Chain 0 / GLY449,GLY,conserved | Mixed_exposure,8,0,0,8,8,,,0.5730768036429243,0.24727072888561108,0.32580606650450444,0.5908008284978603,0.11906264624999999,,Imported structure residue from md_100_prolig_center.gro | SASA: total=0.4279226005667507 | Manual tag: G449 | SASA: total=0.4994984145211701 | RMSF: value=0.14318997 | SASA: total=0.5926775654943863 | RMSF: value=0.13390523 | SASA: total=0.5493832549246231,
Chain 0::450,Chain 0,450,Chain 0 / GLY450,GLY,conserved | Mixed_exposure,8,0,0,8,8,,,0.15845739994530042,0.007388369246826294,0.15106903113387896,0.16335814427350556,0.082166876375,,Imported structure residue from md_100_prolig_center.gro | SASA: total=0.1204294425868752 | Manual tag: G450 | SASA: total=0.1382297780549172 | RMSF: value=0.083466366 | SASA: total=0.13230728232624508 | RMSF: value=0.079138204 | SASA: total=0.1854108021696015,
Chain 0::451,Chain 0,451,Chain 0 / SER451,SER,conserved | Intermediate,8,0,0,8,8,,,0.43608270227761553,0.041434369467217284,0.3946483404477044,0.30495293865567524,0.070794862,,Imported structure residue from md_100_prolig_center.gro | SASA: total=0.4808072046478196 | Manual tag: S451 | SASA: total=0.412060682431306 | RMSF: value=0.06903151 | SASA: total=0.4590138312023465 | RMSF: value=0.0685267 | SASA: total=0.4469840384946011,
Chain 0::452,Chain 0,452,Chain 0 / SER452,SER,conserved | Buried,8,0,0,8,8,,,0.013548440770776297,0.005288062855200197,0.008260377818179123,0.009474434105437971,0.055878862125,,Imported structure residue from md_100_prolig_center.gro | SASA: total=0.001757007129121535 | Manual tag: S452 | SASA: total=0.005773616359928752 | RMSF: value=0.049954258 | SASA: total=0.005330946038265039 | RMSF: value=0.04948892 | SASA: total=0.03175415954377392,
Chain 0::453,Chain 0,453,Chain 0 / ASP453,ASP,conserved | Buried,8,0,0,8,8,,,0.1808752767594144,0.1514123833950351,0.02946288803895465,0.09672474693016811,0.06902441362499999,,Imported structure residue from md_100_prolig_center.gro | SASA: total=0.04599495401771942 | Manual tag: D453 | SASA: total=0.11991328827225335 | RMSF: value=0.064313956 | SASA: total=0.09277365172263419 | RMSF: value=0.07284306 | SASA: total=0.30627445537264986,
Chain 0::454,Chain 0,454,Chain 0 / LYS454,LYS,Exposed,8,0,0,8,8,,,1.3073046992320825,0.01629245569520298,1.291012255862208,0.5683933474922099,0.06955394499999999,,Imported structure residue from md_100_prolig_center.gro | SASA: total=1.2731895399565745 | RMSF: value=0.059413362 | SASA: total=1.3517723744458492 | RMSF: value=0.059767228 | SASA: total=1.2801257194858966 | RMSF: value=0.07507961 | SASA: total=1.3707921823652665,
Chain 0::455,Chain 0,455,Chain 0 / ASN455,ASN,conserved | Buried,8,0,0,8,8,,,0.23515763685181,0.1376208384051034,0.0975367911021677,0.12575274697957753,0.05960199425,,Imported structure residue from md_100_prolig_center.gro | SASA: total=0.2429978573086238 | Manual tag: N455 | SASA: total=0.24627806644628544 | RMSF: value=0.05190232 | SASA: total=0.2117374610192705 | RMSF: value=0.058975466 | SASA: total=0.2519575021054485,
Chain 0::456,Chain 0,456,Chain 0 / ILE456,ILE,Buried,8,0,0,8,8,,,0.018014276932361926,0.0000041439473147199735,0.018010132934187545,0.009952639189150235,0.05905331675,,Imported structure residue from md_100_prolig_center.gro | SASA: total=0.016467538680696843 | RMSF: value=0.05180168 | SASA: total=0.013568892890569006 | RMSF: value=0.051434066 | SASA: total=0.038583010066263745 | RMSF: value=0.05737506 | SASA: total=0.01935631818700545,
Chain 0::457,Chain 0,457,Chain 0 / GLN457,GLN,Intermediate,8,0,0,8,8,,,0.6488892655118859,0.1914901908044473,0.45739907594305457,0.30321928294947936,0.066957020125,,Imported structure residue from md_100_prolig_center.gro | SASA: total=0.6062515478323002 | RMSF: value=0.057529677 | SASA: total=0.655018957534639 | RMSF: value=0.055424284 | SASA: total=0.5957609261616622 | RMSF: value=0.06520624 | SASA: total=0.7071202586192896,
Chain 0::458,Chain 0,458,Chain 0 / ASP458,ASP,Intermediate,8,0,0,8,8,,,0.6536578290016934,0.4359487981931998,0.21770902963742467,0.32329052058366325,0.0675539445,,Imported structure residue from md_100_prolig_center.gro | SASA: total=0.8189757602049572 | RMSF: value=0.059959527 | SASA: total=0.8014032362711312 | RMSF: value=0.058953114 | SASA: total=0.7325876939414752 | RMSF: value=0.065165795 | SASA: total=0.7606258663800683,
Chain 0::459,Chain 0,459,Chain 0 / PHE459,PHE,conserved | Buried,8,0,0,8,8,,,0.018946517446976834,0.001644866159652581,0.017301650914233316,0.008309876073235453,0.058942424125000004,,Imported structure residue from md_100_prolig_center.gro | SASA: total=0.005115816056138218 | Manual tag: F459 | SASA: total=0.014735039461883578 | RMSF: value=0.05283553 | SASA: total=0.009871810121406423 | RMSF: value=0.056096654 | SASA: total=0.0040197214157790834,
Chain 0::460,Chain 0,460,Chain 0 / VAL460,VAL,conserved | Buried,8,0,0,8,8,,,0.03578508575338845,0.00005669411304084086,0.03572839214635084,0.021687930759629364,0.0622573325,,Imported structure residue from md_100_prolig_center.gro | SASA: total=0.02428666958389435 | Manual tag: V460 | SASA: total=0.054692882122379716 | RMSF: value=0.053021982 | SASA: total=0.02752783983060629 | RMSF: value=0.063952625 | SASA: total=0.029444305087891545,
Chain 0::461,Chain 0,461,Chain 0 / ASP461,ASP,Intermediate,8,0,0,8,8,,,0.7252445959366195,0.5536886427072015,0.17155596343708215,0.3878313347254649,0.072430279625,,Imported structure residue from md_100_prolig_center.gro | SASA: total=0.815907092377691 | RMSF: value=0.0548567 | SASA: total=0.7964711354510619 | RMSF: value=0.06431755 | SASA: total=0.8048204791427839 | RMSF: value=0.073478885 | SASA: total=0.7898168711379023,
Chain 0::462,Chain 0,462,Chain 0 / GLU462,GLU,Intermediate,8,0,0,8,8,,,0.5765166790916187,0.1681256677308765,0.40839100791381133,0.28780058353940696,0.071472763625,,Imported structure residue from md_100_prolig_center.gro | SASA: total=0.6684289432988308 | RMSF: value=0.059554845 | SASA: total=0.6791826976407872 | RMSF: value=0.06387729 | SASA: total=0.6434487446699992 | RMSF: value=0.07046571 | SASA: total=0.6249134611375261,
Chain 0::463,Chain 0,463,Chain 0 / VAL463,VAL,conserved | Buried,8,0,0,8,8,,,0.0029208330088295043,0.0001576822323120651,0.0027631507791108494,0.001770201823533033,0.0647819335,,Imported structure residue from md_100_prolig_center.gro | SASA: total=0.001277397889275067 | Manual tag: V463 | SASA: total=0.0029435861523788753 | RMSF: value=0.055055458 | SASA: total=0.006398920965666818 | RMSF: value=0.06813325 | SASA: total=0.00189385592642397,
Chain 0::464,Chain 0,464,Chain 0 / LYS464,LYS,Intermediate,8,0,0,8,8,,,0.9680351906889441,0.10754871522629689,0.8604864797527246,0.39478317170561594,0.07741551137500001,,Imported structure residue from md_100_prolig_center.gro | SASA: total=0.912938140996612 | RMSF: value=0.06103472 | SASA: total=0.9676487375013899 | RMSF: value=0.06300488 | SASA: total=0.8480040000216795 | RMSF: value=0.079532936 | SASA: total=0.907747950736839,
Chain 0::465,Chain 0,465,Chain 0 / ARG465,ARG,Mixed_exposure,8,0,0,8,8,,,0.9975706764524526,0.15188834725390418,0.8456823013280288,0.49517290135446407,0.08909571775,,Imported structure residue from md_100_prolig_center.gro | SASA: total=0.5286605499758579 | RMSF: value=0.07119342 | SASA: total=0.519343876602626 | RMSF: value=0.074086435 | SASA: total=0.542346458623905 | RMSF: value=0.088930294 | SASA: total=0.5247123908288408,
Chain 0::466,Chain 0,466,Chain 0 / ARG466,ARG,Intermediate,8,0,0,8,8,,,0.723471144564671,0.09018431733002757,0.6332868273452957,0.29094439975911957,0.0950387005,,Imported structure residue from md_100_prolig_center.gro | SASA: total=0.606186061212332 | RMSF: value=0.075427145 | SASA: total=0.6168485826785022 | RMSF: value=0.081048004 | SASA: total=0.6471667726441185 | RMSF: value=0.09154554 | SASA: total=0.6285982185071057,
Chain 0::467,Chain 0,467,Chain 0 / SER467,SER,conserved | Buried,8,0,0,8,8,,,0.20503471626688052,0.11824853689839723,0.08678618200079512,0.14338092046635,0.0988545395,,Imported structure residue from md_100_prolig_center.gro | SASA: total=0.2156780865227822 | Manual tag: S467 | SASA: total=0.2337977539489765 | RMSF: value=0.08108286 | SASA: total=0.23673466740563365 | RMSF: value=0.10107812 | SASA: total=0.21452299955457743,
Chain 0::468,Chain 0,468,Chain 0 / VAL468,VAL,Mixed_exposure,8,0,0,8,8,,,1.284120096059719,0.13598100325475346,1.1481390835920184,0.647120129984117,0.14532724675,,Imported structure residue from md_100_prolig_center.gro | SASA: total=1.5940199866153226 | RMSF: value=0.09408791 | SASA: total=1.4042210968414155 | RMSF: value=0.098713994 | SASA: total=1.595221759069084 | RMSF: value=0.1537446 | SASA: total=1.5315258054450007,
Chain 0::469,Chain 0,469,Chain 0 / GLU469,GLU,Exposed,8,0,0,8,8,,,1.2429082047673736,0.7927263853426026,0.45018184043024434,0.58079822652681,0.1737945275,,Imported structure residue from md_100_prolig_center.gro | SASA: total=1.2815863106510428 | RMSF: value=0.11644384 | SASA: total=1.248463758147589 | RMSF: value=0.11497055 | SASA: total=1.238162326340628 | RMSF: value=0.22135457 | SASA: total=1.268324569900437,
Chain 0::470,Chain 0,470,Chain 0 / VAL470,VAL,Mixed_exposure,8,0,0,8,8,,,0.7015585650385606,0.17492557526335564,0.5266329679306191,0.39312659508788045,0.21455447375000003,,Imported structure residue from md_100_prolig_center.gro | SASA: total=0.7510923784558136 | RMSF: value=0.12906757 | SASA: total=0.7310931355056196 | RMSF: value=0.12035848 | SASA: total=0.9192120415149349 | RMSF: value=0.33987218 | SASA: total=0.7074761308065736,
Chain 0::471,Chain 0,471,Chain 0 / THR471,THR,Exposed,8,0,0,8,8,,,0.9545065733502701,0.2680018868546306,0.6865046864495346,0.6768927585967085,0.33308672,,Imported structure residue from md_100_prolig_center.gro | SASA: total=0.8296568735991374 | RMSF: value=0.2469049 | SASA: total=0.844277555399602 | RMSF: value=0.21380252 | SASA: total=0.8956456703714805 | RMSF: value=0.41789293 | SASA: total=0.8605653106576145,
Chain 0::472,Chain 0,472,Chain 0 / CYS472,CYS,Mixed_exposure,8,0,1,8,8,,0.000999000999000999,1.4762452464587619,0.856924454469492,0.6193207888725665,1.1210820959460284,0.47638732375,,Imported structure residue from md_100_prolig_center.gro | SASA: total=1.6614590824240505 | RMSF: value=0.3669343 | SASA: total=1.6332298174943074 | RMSF: value=0.33784255 | SASA: total=1.6047423582265872 | RMSF: value=0.60253954 | SASA: total=1.6598893108934458,
Chain 0::473,Chain 0,473,Chain 0 / udp473,udp,,8,8,7,0,0,0.036219273500000315,0.0665049236477808,,,,,,,Imported structure residue from md_100_prolig_center.gro | MMPBSA traj_nowat_100_f100 Total: TOTAL=-0.3654224912 | HBond protein_to_ESC: max_occ=0.17382617382617382 | MMPBSA traj_nowat_100_f100 Total: TOTAL=-0.16751955520000064 | HBond protein_to_ESC: max_occ=0.07192807192807193 | MMPBSA traj_nowat_100_f100 Total: TOTAL=0.07746417759999849 | HBond protein_to_ESC: max_occ=0.014985014985014986 | MMPBSA traj_nowat_100_f100 Total: TOTAL=0.11893632720000141,
Chain 0::474,Chain 0,474,Chain 0 / esc474,esc,,8,8,8,0,0,-7.1592084607,0.5026223776223776,,,,,,,Imported structure residue from md_100_prolig_center.gro | MMPBSA traj_nowat_100_f100 Total: TOTAL=-5.5611239624 | HBond protein_to_ESC: max_occ=0.17382617382617382 | MMPBSA traj_nowat_100_f100 Total: TOTAL=-6.8242192256 | HBond protein_to_ESC: max_occ=0.6833166833166833 | MMPBSA traj_nowat_100_f100 Total: TOTAL=-7.4387681088 | HBond protein_to_ESC: max_occ=0.6253746253746254 | MMPBSA traj_nowat_100_f100 Total: TOTAL=-5.9998679104,
