view_mode,display_mode,dataset_id,dataset_name,metric_type,source_id,series_key,series_label,column,x_label,x_value,y_value,raw_unit,display_unit
line,overlay,sdu6-homo,sdu6-homo,rmsd,l4juofkg,l4juofkg::RMSD,sdu6-homo / RMSD,RMSD,Time (ps),0,0.001439924,nm,nm
line,overlay,sdu6-homo,sdu6-homo,rmsd,l4juofkg,l4juofkg::RMSD,sdu6-homo / RMSD,RMSD,Time (ps),100,0.10039792,nm,nm
line,overlay,sdu6-homo,sdu6-homo,rmsd,l4juofkg,l4juofkg::RMSD,sdu6-homo / RMSD,RMSD,Time (ps),200,0.113658264,nm,nm
line,overlay,sdu6-homo,sdu6-homo,rmsd,l4juofkg,l4juofkg::RMSD,sdu6-homo / RMSD,RMSD,Time (ps),300,0.1044863,nm,nm
line,overlay,sdu6-homo,sdu6-homo,rmsd,l4juofkg,l4juofkg::RMSD,sdu6-homo / RMSD,RMSD,Time (ps),400,0.09799421,nm,nm
line,overlay,sdu6-homo,sdu6-homo,rmsd,l4juofkg,l4juofkg::RMSD,sdu6-homo / RMSD,RMSD,Time (ps),500,0.1227361,nm,nm
line,overlay,sdu6-homo,sdu6-homo,rmsd,l4juofkg,l4juofkg::RMSD,sdu6-homo / RMSD,RMSD,Time (ps),600,0.11495067,nm,nm
line,overlay,sdu6-homo,sdu6-homo,rmsd,l4juofkg,l4juofkg::RMSD,sdu6-homo / RMSD,RMSD,Time (ps),700,0.12848043,nm,nm
line,overlay,sdu6-homo,sdu6-homo,rmsd,l4juofkg,l4juofkg::RMSD,sdu6-homo / RMSD,RMSD,Time (ps),800,0.116219796,nm,nm
line,overlay,sdu6-homo,sdu6-homo,rmsd,l4juofkg,l4juofkg::RMSD,sdu6-homo / RMSD,RMSD,Time (ps),900,0.12590075,nm,nm
line,overlay,sdu6-homo,sdu6-homo,rmsd,l4juofkg,l4juofkg::RMSD,sdu6-homo / RMSD,RMSD,Time (ps),1000,0.11542767,nm,nm
line,overlay,sdu6-homo,sdu6-homo,rmsd,l4juofkg,l4juofkg::RMSD,sdu6-homo / RMSD,RMSD,Time (ps),1100,0.11931836,nm,nm
line,overlay,sdu6-homo,sdu6-homo,rmsd,l4juofkg,l4juofkg::RMSD,sdu6-homo / RMSD,RMSD,Time (ps),1200,0.11641142,nm,nm
line,overlay,sdu6-homo,sdu6-homo,rmsd,l4juofkg,l4juofkg::RMSD,sdu6-homo / RMSD,RMSD,Time (ps),1300,0.11893546,nm,nm
line,overlay,sdu6-homo,sdu6-homo,rmsd,l4juofkg,l4juofkg::RMSD,sdu6-homo / RMSD,RMSD,Time (ps),1400,0.11996823,nm,nm
line,overlay,sdu6-homo,sdu6-homo,rmsd,l4juofkg,l4juofkg::RMSD,sdu6-homo / RMSD,RMSD,Time (ps),1500,0.10516868,nm,nm
line,overlay,sdu6-homo,sdu6-homo,rmsd,l4juofkg,l4juofkg::RMSD,sdu6-homo / RMSD,RMSD,Time (ps),1600,0.12342677,nm,nm
line,overlay,sdu6-homo,sdu6-homo,rmsd,l4juofkg,l4juofkg::RMSD,sdu6-homo / RMSD,RMSD,Time (ps),1700,0.107054256,nm,nm
line,overlay,sdu6-homo,sdu6-homo,rmsd,l4juofkg,l4juofkg::RMSD,sdu6-homo / RMSD,RMSD,Time (ps),1800,0.11013301,nm,nm
line,overlay,sdu6-homo,sdu6-homo,rmsd,l4juofkg,l4juofkg::RMSD,sdu6-homo / RMSD,RMSD,Time (ps),1900,0.13866326,nm,nm
line,overlay,sdu6-homo,sdu6-homo,rmsd,l4juofkg,l4juofkg::RMSD,sdu6-homo / RMSD,RMSD,Time (ps),2000,0.1212575,nm,nm
line,overlay,sdu6-homo,sdu6-homo,rmsd,l4juofkg,l4juofkg::RMSD,sdu6-homo / RMSD,RMSD,Time (ps),2100,0.12213493,nm,nm
line,overlay,sdu6-homo,sdu6-homo,rmsd,l4juofkg,l4juofkg::RMSD,sdu6-homo / RMSD,RMSD,Time (ps),2200,0.12017544,nm,nm
line,overlay,sdu6-homo,sdu6-homo,rmsd,l4juofkg,l4juofkg::RMSD,sdu6-homo / RMSD,RMSD,Time (ps),2300,0.12541398,nm,nm
line,overlay,sdu6-homo,sdu6-homo,rmsd,l4juofkg,l4juofkg::RMSD,sdu6-homo / RMSD,RMSD,Time (ps),2400,0.12694627,nm,nm
line,overlay,sdu6-homo,sdu6-homo,rmsd,l4juofkg,l4juofkg::RMSD,sdu6-homo / RMSD,RMSD,Time (ps),2500,0.12708502,nm,nm
line,overlay,sdu6-homo,sdu6-homo,rmsd,l4juofkg,l4juofkg::RMSD,sdu6-homo / RMSD,RMSD,Time (ps),2600,0.11531535,nm,nm
line,overlay,sdu6-homo,sdu6-homo,rmsd,l4juofkg,l4juofkg::RMSD,sdu6-homo / RMSD,RMSD,Time (ps),2700,0.11625993,nm,nm
line,overlay,sdu6-homo,sdu6-homo,rmsd,l4juofkg,l4juofkg::RMSD,sdu6-homo / RMSD,RMSD,Time (ps),2800,0.11858629,nm,nm
line,overlay,sdu6-homo,sdu6-homo,rmsd,l4juofkg,l4juofkg::RMSD,sdu6-homo / RMSD,RMSD,Time (ps),2900,0.11277924,nm,nm
line,overlay,sdu6-homo,sdu6-homo,rmsd,l4juofkg,l4juofkg::RMSD,sdu6-homo / RMSD,RMSD,Time (ps),3000,0.11705086,nm,nm
line,overlay,sdu6-homo,sdu6-homo,rmsd,l4juofkg,l4juofkg::RMSD,sdu6-homo / RMSD,RMSD,Time (ps),3100,0.1300563,nm,nm
line,overlay,sdu6-homo,sdu6-homo,rmsd,l4juofkg,l4juofkg::RMSD,sdu6-homo / RMSD,RMSD,Time (ps),3200,0.13049,nm,nm
line,overlay,sdu6-homo,sdu6-homo,rmsd,l4juofkg,l4juofkg::RMSD,sdu6-homo / RMSD,RMSD,Time (ps),3300,0.1353988,nm,nm
line,overlay,sdu6-homo,sdu6-homo,rmsd,l4juofkg,l4juofkg::RMSD,sdu6-homo / RMSD,RMSD,Time (ps),3400,0.13011608,nm,nm
line,overlay,sdu6-homo,sdu6-homo,rmsd,l4juofkg,l4juofkg::RMSD,sdu6-homo / RMSD,RMSD,Time (ps),3500,0.13532987,nm,nm
line,overlay,sdu6-homo,sdu6-homo,rmsd,l4juofkg,l4juofkg::RMSD,sdu6-homo / RMSD,RMSD,Time (ps),3600,0.12922065,nm,nm
line,overlay,sdu6-homo,sdu6-homo,rmsd,l4juofkg,l4juofkg::RMSD,sdu6-homo / RMSD,RMSD,Time (ps),3700,0.13090643,nm,nm
line,overlay,sdu6-homo,sdu6-homo,rmsd,l4juofkg,l4juofkg::RMSD,sdu6-homo / RMSD,RMSD,Time (ps),3800,0.12860142,nm,nm
line,overlay,sdu6-homo,sdu6-homo,rmsd,l4juofkg,l4juofkg::RMSD,sdu6-homo / RMSD,RMSD,Time (ps),3900,0.1288551,nm,nm
line,overlay,sdu6-homo,sdu6-homo,rmsd,l4juofkg,l4juofkg::RMSD,sdu6-homo / RMSD,RMSD,Time (ps),4000,0.12349814,nm,nm
line,overlay,sdu6-homo,sdu6-homo,rmsd,l4juofkg,l4juofkg::RMSD,sdu6-homo / RMSD,RMSD,Time (ps),4100,0.13557862,nm,nm
line,overlay,sdu6-homo,sdu6-homo,rmsd,l4juofkg,l4juofkg::RMSD,sdu6-homo / RMSD,RMSD,Time (ps),4200,0.15136334,nm,nm
line,overlay,sdu6-homo,sdu6-homo,rmsd,l4juofkg,l4juofkg::RMSD,sdu6-homo / RMSD,RMSD,Time (ps),4300,0.14725995,nm,nm
line,overlay,sdu6-homo,sdu6-homo,rmsd,l4juofkg,l4juofkg::RMSD,sdu6-homo / RMSD,RMSD,Time (ps),4400,0.14238511,nm,nm
line,overlay,sdu6-homo,sdu6-homo,rmsd,l4juofkg,l4juofkg::RMSD,sdu6-homo / RMSD,RMSD,Time (ps),4500,0.13236341,nm,nm
line,overlay,sdu6-homo,sdu6-homo,rmsd,l4juofkg,l4juofkg::RMSD,sdu6-homo / RMSD,RMSD,Time (ps),4600,0.13509987,nm,nm
line,overlay,sdu6-homo,sdu6-homo,rmsd,l4juofkg,l4juofkg::RMSD,sdu6-homo / RMSD,RMSD,Time (ps),4700,0.13803758,nm,nm
line,overlay,sdu6-homo,sdu6-homo,rmsd,l4juofkg,l4juofkg::RMSD,sdu6-homo / RMSD,RMSD,Time (ps),4800,0.13289882,nm,nm
line,overlay,sdu6-homo,sdu6-homo,rmsd,l4juofkg,l4juofkg::RMSD,sdu6-homo / RMSD,RMSD,Time (ps),4900,0.1476993,nm,nm
line,overlay,sdu6-homo,sdu6-homo,rmsd,l4juofkg,l4juofkg::RMSD,sdu6-homo / RMSD,RMSD,Time (ps),5000,0.1447464,nm,nm
line,overlay,sdu6-homo,sdu6-homo,rmsd,l4juofkg,l4juofkg::RMSD,sdu6-homo / RMSD,RMSD,Time (ps),5100,0.14899908,nm,nm
line,overlay,sdu6-homo,sdu6-homo,rmsd,l4juofkg,l4juofkg::RMSD,sdu6-homo / RMSD,RMSD,Time (ps),5200,0.13971345,nm,nm
line,overlay,sdu6-homo,sdu6-homo,rmsd,l4juofkg,l4juofkg::RMSD,sdu6-homo / RMSD,RMSD,Time (ps),5300,0.13972828,nm,nm
line,overlay,sdu6-homo,sdu6-homo,rmsd,l4juofkg,l4juofkg::RMSD,sdu6-homo / RMSD,RMSD,Time (ps),5400,0.1436969,nm,nm
line,overlay,sdu6-homo,sdu6-homo,rmsd,l4juofkg,l4juofkg::RMSD,sdu6-homo / RMSD,RMSD,Time (ps),5500,0.14675574,nm,nm
line,overlay,sdu6-homo,sdu6-homo,rmsd,l4juofkg,l4juofkg::RMSD,sdu6-homo / RMSD,RMSD,Time (ps),5600,0.1405826,nm,nm
line,overlay,sdu6-homo,sdu6-homo,rmsd,l4juofkg,l4juofkg::RMSD,sdu6-homo / RMSD,RMSD,Time (ps),5700,0.14321636,nm,nm
line,overlay,sdu6-homo,sdu6-homo,rmsd,l4juofkg,l4juofkg::RMSD,sdu6-homo / RMSD,RMSD,Time (ps),5800,0.13285981,nm,nm
line,overlay,sdu6-homo,sdu6-homo,rmsd,l4juofkg,l4juofkg::RMSD,sdu6-homo / RMSD,RMSD,Time (ps),5900,0.13859595,nm,nm
line,overlay,sdu6-homo,sdu6-homo,rmsd,l4juofkg,l4juofkg::RMSD,sdu6-homo / RMSD,RMSD,Time (ps),6000,0.1408552,nm,nm
line,overlay,sdu6-homo,sdu6-homo,rmsd,l4juofkg,l4juofkg::RMSD,sdu6-homo / RMSD,RMSD,Time (ps),6100,0.14611503,nm,nm
line,overlay,sdu6-homo,sdu6-homo,rmsd,l4juofkg,l4juofkg::RMSD,sdu6-homo / RMSD,RMSD,Time (ps),6200,0.13888364,nm,nm
line,overlay,sdu6-homo,sdu6-homo,rmsd,l4juofkg,l4juofkg::RMSD,sdu6-homo / RMSD,RMSD,Time (ps),6300,0.142305,nm,nm
line,overlay,sdu6-homo,sdu6-homo,rmsd,l4juofkg,l4juofkg::RMSD,sdu6-homo / RMSD,RMSD,Time (ps),6400,0.13159361,nm,nm
line,overlay,sdu6-homo,sdu6-homo,rmsd,l4juofkg,l4juofkg::RMSD,sdu6-homo / RMSD,RMSD,Time (ps),6500,0.15057364,nm,nm
line,overlay,sdu6-homo,sdu6-homo,rmsd,l4juofkg,l4juofkg::RMSD,sdu6-homo / RMSD,RMSD,Time (ps),6600,0.15057708,nm,nm
line,overlay,sdu6-homo,sdu6-homo,rmsd,l4juofkg,l4juofkg::RMSD,sdu6-homo / RMSD,RMSD,Time (ps),6700,0.1696393,nm,nm
line,overlay,sdu6-homo,sdu6-homo,rmsd,l4juofkg,l4juofkg::RMSD,sdu6-homo / RMSD,RMSD,Time (ps),6800,0.15762071,nm,nm
line,overlay,sdu6-homo,sdu6-homo,rmsd,l4juofkg,l4juofkg::RMSD,sdu6-homo / RMSD,RMSD,Time (ps),6900,0.15138046,nm,nm
line,overlay,sdu6-homo,sdu6-homo,rmsd,l4juofkg,l4juofkg::RMSD,sdu6-homo / RMSD,RMSD,Time (ps),7000,0.1563097,nm,nm
line,overlay,sdu6-homo,sdu6-homo,rmsd,l4juofkg,l4juofkg::RMSD,sdu6-homo / RMSD,RMSD,Time (ps),7100,0.14842746,nm,nm
line,overlay,sdu6-homo,sdu6-homo,rmsd,l4juofkg,l4juofkg::RMSD,sdu6-homo / RMSD,RMSD,Time (ps),7200,0.143978,nm,nm
line,overlay,sdu6-homo,sdu6-homo,rmsd,l4juofkg,l4juofkg::RMSD,sdu6-homo / RMSD,RMSD,Time (ps),7300,0.15649529,nm,nm
line,overlay,sdu6-homo,sdu6-homo,rmsd,l4juofkg,l4juofkg::RMSD,sdu6-homo / RMSD,RMSD,Time (ps),7400,0.15312697,nm,nm
line,overlay,sdu6-homo,sdu6-homo,rmsd,l4juofkg,l4juofkg::RMSD,sdu6-homo / RMSD,RMSD,Time (ps),7500,0.1491347,nm,nm
line,overlay,sdu6-homo,sdu6-homo,rmsd,l4juofkg,l4juofkg::RMSD,sdu6-homo / RMSD,RMSD,Time (ps),7600,0.15492739,nm,nm
line,overlay,sdu6-homo,sdu6-homo,rmsd,l4juofkg,l4juofkg::RMSD,sdu6-homo / RMSD,RMSD,Time (ps),7700,0.15345834,nm,nm
line,overlay,sdu6-homo,sdu6-homo,rmsd,l4juofkg,l4juofkg::RMSD,sdu6-homo / RMSD,RMSD,Time (ps),7800,0.15172249,nm,nm
line,overlay,sdu6-homo,sdu6-homo,rmsd,l4juofkg,l4juofkg::RMSD,sdu6-homo / RMSD,RMSD,Time (ps),7900,0.15106168,nm,nm
line,overlay,sdu6-homo,sdu6-homo,rmsd,l4juofkg,l4juofkg::RMSD,sdu6-homo / RMSD,RMSD,Time (ps),8000,0.14384474,nm,nm
line,overlay,sdu6-homo,sdu6-homo,rmsd,l4juofkg,l4juofkg::RMSD,sdu6-homo / RMSD,RMSD,Time (ps),8100,0.14662145,nm,nm
line,overlay,sdu6-homo,sdu6-homo,rmsd,l4juofkg,l4juofkg::RMSD,sdu6-homo / RMSD,RMSD,Time (ps),8200,0.14569584,nm,nm
line,overlay,sdu6-homo,sdu6-homo,rmsd,l4juofkg,l4juofkg::RMSD,sdu6-homo / RMSD,RMSD,Time (ps),8300,0.14516476,nm,nm
line,overlay,sdu6-homo,sdu6-homo,rmsd,l4juofkg,l4juofkg::RMSD,sdu6-homo / RMSD,RMSD,Time (ps),8400,0.14904778,nm,nm
line,overlay,sdu6-homo,sdu6-homo,rmsd,l4juofkg,l4juofkg::RMSD,sdu6-homo / RMSD,RMSD,Time (ps),8500,0.16263175,nm,nm
line,overlay,sdu6-homo,sdu6-homo,rmsd,l4juofkg,l4juofkg::RMSD,sdu6-homo / RMSD,RMSD,Time (ps),8600,0.17256574,nm,nm
line,overlay,sdu6-homo,sdu6-homo,rmsd,l4juofkg,l4juofkg::RMSD,sdu6-homo / RMSD,RMSD,Time (ps),8700,0.17812331,nm,nm
line,overlay,sdu6-homo,sdu6-homo,rmsd,l4juofkg,l4juofkg::RMSD,sdu6-homo / RMSD,RMSD,Time (ps),8800,0.17855929,nm,nm
line,overlay,sdu6-homo,sdu6-homo,rmsd,l4juofkg,l4juofkg::RMSD,sdu6-homo / RMSD,RMSD,Time (ps),8900,0.16665837,nm,nm
line,overlay,sdu6-homo,sdu6-homo,rmsd,l4juofkg,l4juofkg::RMSD,sdu6-homo / RMSD,RMSD,Time (ps),9000,0.18899791,nm,nm
line,overlay,sdu6-homo,sdu6-homo,rmsd,l4juofkg,l4juofkg::RMSD,sdu6-homo / RMSD,RMSD,Time (ps),9100,0.17229219,nm,nm
line,overlay,sdu6-homo,sdu6-homo,rmsd,l4juofkg,l4juofkg::RMSD,sdu6-homo / RMSD,RMSD,Time (ps),9200,0.16437222,nm,nm
line,overlay,sdu6-homo,sdu6-homo,rmsd,l4juofkg,l4juofkg::RMSD,sdu6-homo / RMSD,RMSD,Time (ps),9300,0.17085412,nm,nm
line,overlay,sdu6-homo,sdu6-homo,rmsd,l4juofkg,l4juofkg::RMSD,sdu6-homo / RMSD,RMSD,Time (ps),9400,0.17408198,nm,nm
line,overlay,sdu6-homo,sdu6-homo,rmsd,l4juofkg,l4juofkg::RMSD,sdu6-homo / RMSD,RMSD,Time (ps),9500,0.18670212,nm,nm
line,overlay,sdu6-homo,sdu6-homo,rmsd,l4juofkg,l4juofkg::RMSD,sdu6-homo / RMSD,RMSD,Time (ps),9600,0.16948645,nm,nm
line,overlay,sdu6-homo,sdu6-homo,rmsd,l4juofkg,l4juofkg::RMSD,sdu6-homo / RMSD,RMSD,Time (ps),9700,0.17125715,nm,nm
line,overlay,sdu6-homo,sdu6-homo,rmsd,l4juofkg,l4juofkg::RMSD,sdu6-homo / RMSD,RMSD,Time (ps),9800,0.17072362,nm,nm
line,overlay,sdu6-homo,sdu6-homo,rmsd,l4juofkg,l4juofkg::RMSD,sdu6-homo / RMSD,RMSD,Time (ps),9900,0.17057174,nm,nm
line,overlay,sdu6-homo,sdu6-homo,rmsd,l4juofkg,l4juofkg::RMSD,sdu6-homo / RMSD,RMSD,Time (ps),10000,0.15514806,nm,nm
line,overlay,sdu6-homo,sdu6-homo,rmsd,l4juofkg,l4juofkg::RMSD,sdu6-homo / RMSD,RMSD,Time (ps),10100,0.15657808,nm,nm
line,overlay,sdu6-homo,sdu6-homo,rmsd,l4juofkg,l4juofkg::RMSD,sdu6-homo / RMSD,RMSD,Time (ps),10200,0.15788686,nm,nm
line,overlay,sdu6-homo,sdu6-homo,rmsd,l4juofkg,l4juofkg::RMSD,sdu6-homo / RMSD,RMSD,Time (ps),10300,0.15305924,nm,nm
line,overlay,sdu6-homo,sdu6-homo,rmsd,l4juofkg,l4juofkg::RMSD,sdu6-homo / RMSD,RMSD,Time (ps),10400,0.15662442,nm,nm
line,overlay,sdu6-homo,sdu6-homo,rmsd,l4juofkg,l4juofkg::RMSD,sdu6-homo / RMSD,RMSD,Time (ps),10500,0.17398073,nm,nm
line,overlay,sdu6-homo,sdu6-homo,rmsd,l4juofkg,l4juofkg::RMSD,sdu6-homo / RMSD,RMSD,Time (ps),10600,0.17346752,nm,nm
line,overlay,sdu6-homo,sdu6-homo,rmsd,l4juofkg,l4juofkg::RMSD,sdu6-homo / RMSD,RMSD,Time (ps),10700,0.15895025,nm,nm
line,overlay,sdu6-homo,sdu6-homo,rmsd,l4juofkg,l4juofkg::RMSD,sdu6-homo / RMSD,RMSD,Time (ps),10800,0.18250433,nm,nm
line,overlay,sdu6-homo,sdu6-homo,rmsd,l4juofkg,l4juofkg::RMSD,sdu6-homo / RMSD,RMSD,Time (ps),10900,0.18427932,nm,nm
line,overlay,sdu6-homo,sdu6-homo,rmsd,l4juofkg,l4juofkg::RMSD,sdu6-homo / RMSD,RMSD,Time (ps),11000,0.1586859,nm,nm
line,overlay,sdu6-homo,sdu6-homo,rmsd,l4juofkg,l4juofkg::RMSD,sdu6-homo / RMSD,RMSD,Time (ps),11100,0.15999363,nm,nm
line,overlay,sdu6-homo,sdu6-homo,rmsd,l4juofkg,l4juofkg::RMSD,sdu6-homo / RMSD,RMSD,Time (ps),11200,0.16270822,nm,nm
line,overlay,sdu6-homo,sdu6-homo,rmsd,l4juofkg,l4juofkg::RMSD,sdu6-homo / RMSD,RMSD,Time (ps),11300,0.16902402,nm,nm
line,overlay,sdu6-homo,sdu6-homo,rmsd,l4juofkg,l4juofkg::RMSD,sdu6-homo / RMSD,RMSD,Time (ps),11400,0.16412291,nm,nm
line,overlay,sdu6-homo,sdu6-homo,rmsd,l4juofkg,l4juofkg::RMSD,sdu6-homo / RMSD,RMSD,Time (ps),11500,0.1676847,nm,nm
line,overlay,sdu6-homo,sdu6-homo,rmsd,l4juofkg,l4juofkg::RMSD,sdu6-homo / RMSD,RMSD,Time (ps),11600,0.16339172,nm,nm
line,overlay,sdu6-homo,sdu6-homo,rmsd,l4juofkg,l4juofkg::RMSD,sdu6-homo / RMSD,RMSD,Time (ps),11700,0.16793181,nm,nm
line,overlay,sdu6-homo,sdu6-homo,rmsd,l4juofkg,l4juofkg::RMSD,sdu6-homo / RMSD,RMSD,Time (ps),11800,0.1528627,nm,nm
line,overlay,sdu6-homo,sdu6-homo,rmsd,l4juofkg,l4juofkg::RMSD,sdu6-homo / RMSD,RMSD,Time (ps),11900,0.16765687,nm,nm
line,overlay,sdu6-homo,sdu6-homo,rmsd,l4juofkg,l4juofkg::RMSD,sdu6-homo / RMSD,RMSD,Time (ps),12000,0.16387321,nm,nm
line,overlay,sdu6-homo,sdu6-homo,rmsd,l4juofkg,l4juofkg::RMSD,sdu6-homo / RMSD,RMSD,Time (ps),12100,0.1698561,nm,nm
line,overlay,sdu6-homo,sdu6-homo,rmsd,l4juofkg,l4juofkg::RMSD,sdu6-homo / RMSD,RMSD,Time (ps),12200,0.16449201,nm,nm
line,overlay,sdu6-homo,sdu6-homo,rmsd,l4juofkg,l4juofkg::RMSD,sdu6-homo / RMSD,RMSD,Time (ps),12300,0.1689504,nm,nm
line,overlay,sdu6-homo,sdu6-homo,rmsd,l4juofkg,l4juofkg::RMSD,sdu6-homo / RMSD,RMSD,Time (ps),12400,0.16230951,nm,nm
line,overlay,sdu6-homo,sdu6-homo,rmsd,l4juofkg,l4juofkg::RMSD,sdu6-homo / RMSD,RMSD,Time (ps),12500,0.17486334,nm,nm
line,overlay,sdu6-homo,sdu6-homo,rmsd,l4juofkg,l4juofkg::RMSD,sdu6-homo / RMSD,RMSD,Time (ps),12600,0.16727306,nm,nm
line,overlay,sdu6-homo,sdu6-homo,rmsd,l4juofkg,l4juofkg::RMSD,sdu6-homo / RMSD,RMSD,Time (ps),12700,0.17188857,nm,nm
line,overlay,sdu6-homo,sdu6-homo,rmsd,l4juofkg,l4juofkg::RMSD,sdu6-homo / RMSD,RMSD,Time (ps),12800,0.16345833,nm,nm
line,overlay,sdu6-homo,sdu6-homo,rmsd,l4juofkg,l4juofkg::RMSD,sdu6-homo / RMSD,RMSD,Time (ps),12900,0.17990986,nm,nm
line,overlay,sdu6-homo,sdu6-homo,rmsd,l4juofkg,l4juofkg::RMSD,sdu6-homo / RMSD,RMSD,Time (ps),13000,0.17459041,nm,nm
line,overlay,sdu6-homo,sdu6-homo,rmsd,l4juofkg,l4juofkg::RMSD,sdu6-homo / RMSD,RMSD,Time (ps),13100,0.16469987,nm,nm
line,overlay,sdu6-homo,sdu6-homo,rmsd,l4juofkg,l4juofkg::RMSD,sdu6-homo / RMSD,RMSD,Time (ps),13200,0.17282088,nm,nm
line,overlay,sdu6-homo,sdu6-homo,rmsd,l4juofkg,l4juofkg::RMSD,sdu6-homo / RMSD,RMSD,Time (ps),13300,0.181196,nm,nm
line,overlay,sdu6-homo,sdu6-homo,rmsd,l4juofkg,l4juofkg::RMSD,sdu6-homo / RMSD,RMSD,Time (ps),13400,0.16338538,nm,nm
line,overlay,sdu6-homo,sdu6-homo,rmsd,l4juofkg,l4juofkg::RMSD,sdu6-homo / RMSD,RMSD,Time (ps),13500,0.1660258,nm,nm
line,overlay,sdu6-homo,sdu6-homo,rmsd,l4juofkg,l4juofkg::RMSD,sdu6-homo / RMSD,RMSD,Time (ps),13600,0.16101094,nm,nm
line,overlay,sdu6-homo,sdu6-homo,rmsd,l4juofkg,l4juofkg::RMSD,sdu6-homo / RMSD,RMSD,Time (ps),13700,0.17332403,nm,nm
line,overlay,sdu6-homo,sdu6-homo,rmsd,l4juofkg,l4juofkg::RMSD,sdu6-homo / RMSD,RMSD,Time (ps),13800,0.1852724,nm,nm
line,overlay,sdu6-homo,sdu6-homo,rmsd,l4juofkg,l4juofkg::RMSD,sdu6-homo / RMSD,RMSD,Time (ps),13900,0.18454917,nm,nm
line,overlay,sdu6-homo,sdu6-homo,rmsd,l4juofkg,l4juofkg::RMSD,sdu6-homo / RMSD,RMSD,Time (ps),14000,0.17077826,nm,nm
line,overlay,sdu6-homo,sdu6-homo,rmsd,l4juofkg,l4juofkg::RMSD,sdu6-homo / RMSD,RMSD,Time (ps),14100,0.16040133,nm,nm
line,overlay,sdu6-homo,sdu6-homo,rmsd,l4juofkg,l4juofkg::RMSD,sdu6-homo / RMSD,RMSD,Time (ps),14200,0.17523348,nm,nm
line,overlay,sdu6-homo,sdu6-homo,rmsd,l4juofkg,l4juofkg::RMSD,sdu6-homo / RMSD,RMSD,Time (ps),14300,0.18432152,nm,nm
line,overlay,sdu6-homo,sdu6-homo,rmsd,l4juofkg,l4juofkg::RMSD,sdu6-homo / RMSD,RMSD,Time (ps),14400,0.1779632,nm,nm
line,overlay,sdu6-homo,sdu6-homo,rmsd,l4juofkg,l4juofkg::RMSD,sdu6-homo / RMSD,RMSD,Time (ps),14500,0.17224705,nm,nm
line,overlay,sdu6-homo,sdu6-homo,rmsd,l4juofkg,l4juofkg::RMSD,sdu6-homo / RMSD,RMSD,Time (ps),14600,0.16586962,nm,nm
line,overlay,sdu6-homo,sdu6-homo,rmsd,l4juofkg,l4juofkg::RMSD,sdu6-homo / RMSD,RMSD,Time (ps),14700,0.17377801,nm,nm
line,overlay,sdu6-homo,sdu6-homo,rmsd,l4juofkg,l4juofkg::RMSD,sdu6-homo / RMSD,RMSD,Time (ps),14800,0.17056262,nm,nm
line,overlay,sdu6-homo,sdu6-homo,rmsd,l4juofkg,l4juofkg::RMSD,sdu6-homo / RMSD,RMSD,Time (ps),14900,0.1720453,nm,nm
line,overlay,sdu6-homo,sdu6-homo,rmsd,l4juofkg,l4juofkg::RMSD,sdu6-homo / RMSD,RMSD,Time (ps),15000,0.16156691,nm,nm
line,overlay,sdu6-homo,sdu6-homo,rmsd,l4juofkg,l4juofkg::RMSD,sdu6-homo / RMSD,RMSD,Time (ps),15100,0.16675787,nm,nm
line,overlay,sdu6-homo,sdu6-homo,rmsd,l4juofkg,l4juofkg::RMSD,sdu6-homo / RMSD,RMSD,Time (ps),15200,0.1617016,nm,nm
line,overlay,sdu6-homo,sdu6-homo,rmsd,l4juofkg,l4juofkg::RMSD,sdu6-homo / RMSD,RMSD,Time (ps),15300,0.1822599,nm,nm
line,overlay,sdu6-homo,sdu6-homo,rmsd,l4juofkg,l4juofkg::RMSD,sdu6-homo / RMSD,RMSD,Time (ps),15400,0.15586138,nm,nm
line,overlay,sdu6-homo,sdu6-homo,rmsd,l4juofkg,l4juofkg::RMSD,sdu6-homo / RMSD,RMSD,Time (ps),15500,0.17273687,nm,nm
line,overlay,sdu6-homo,sdu6-homo,rmsd,l4juofkg,l4juofkg::RMSD,sdu6-homo / RMSD,RMSD,Time (ps),15600,0.18346462,nm,nm
line,overlay,sdu6-homo,sdu6-homo,rmsd,l4juofkg,l4juofkg::RMSD,sdu6-homo / RMSD,RMSD,Time (ps),15700,0.15164389,nm,nm
line,overlay,sdu6-homo,sdu6-homo,rmsd,l4juofkg,l4juofkg::RMSD,sdu6-homo / RMSD,RMSD,Time (ps),15800,0.17672391,nm,nm
line,overlay,sdu6-homo,sdu6-homo,rmsd,l4juofkg,l4juofkg::RMSD,sdu6-homo / RMSD,RMSD,Time (ps),15900,0.1613004,nm,nm
line,overlay,sdu6-homo,sdu6-homo,rmsd,l4juofkg,l4juofkg::RMSD,sdu6-homo / RMSD,RMSD,Time (ps),16000,0.17350337,nm,nm
line,overlay,sdu6-homo,sdu6-homo,rmsd,l4juofkg,l4juofkg::RMSD,sdu6-homo / RMSD,RMSD,Time (ps),16100,0.17081772,nm,nm
line,overlay,sdu6-homo,sdu6-homo,rmsd,l4juofkg,l4juofkg::RMSD,sdu6-homo / RMSD,RMSD,Time (ps),16200,0.17645092,nm,nm
line,overlay,sdu6-homo,sdu6-homo,rmsd,l4juofkg,l4juofkg::RMSD,sdu6-homo / RMSD,RMSD,Time (ps),16300,0.15877406,nm,nm
line,overlay,sdu6-homo,sdu6-homo,rmsd,l4juofkg,l4juofkg::RMSD,sdu6-homo / RMSD,RMSD,Time (ps),16400,0.14903039,nm,nm
line,overlay,sdu6-homo,sdu6-homo,rmsd,l4juofkg,l4juofkg::RMSD,sdu6-homo / RMSD,RMSD,Time (ps),16500,0.16210501,nm,nm
line,overlay,sdu6-homo,sdu6-homo,rmsd,l4juofkg,l4juofkg::RMSD,sdu6-homo / RMSD,RMSD,Time (ps),16600,0.15726185,nm,nm
line,overlay,sdu6-homo,sdu6-homo,rmsd,l4juofkg,l4juofkg::RMSD,sdu6-homo / RMSD,RMSD,Time (ps),16700,0.15606743,nm,nm
line,overlay,sdu6-homo,sdu6-homo,rmsd,l4juofkg,l4juofkg::RMSD,sdu6-homo / RMSD,RMSD,Time (ps),16800,0.15033937,nm,nm
line,overlay,sdu6-homo,sdu6-homo,rmsd,l4juofkg,l4juofkg::RMSD,sdu6-homo / RMSD,RMSD,Time (ps),16900,0.14310773,nm,nm
line,overlay,sdu6-homo,sdu6-homo,rmsd,l4juofkg,l4juofkg::RMSD,sdu6-homo / RMSD,RMSD,Time (ps),17000,0.15910996,nm,nm
line,overlay,sdu6-homo,sdu6-homo,rmsd,l4juofkg,l4juofkg::RMSD,sdu6-homo / RMSD,RMSD,Time (ps),17100,0.15664096,nm,nm
line,overlay,sdu6-homo,sdu6-homo,rmsd,l4juofkg,l4juofkg::RMSD,sdu6-homo / RMSD,RMSD,Time (ps),17200,0.15917511,nm,nm
line,overlay,sdu6-homo,sdu6-homo,rmsd,l4juofkg,l4juofkg::RMSD,sdu6-homo / RMSD,RMSD,Time (ps),17300,0.16633148,nm,nm
line,overlay,sdu6-homo,sdu6-homo,rmsd,l4juofkg,l4juofkg::RMSD,sdu6-homo / RMSD,RMSD,Time (ps),17400,0.15621018,nm,nm
line,overlay,sdu6-homo,sdu6-homo,rmsd,l4juofkg,l4juofkg::RMSD,sdu6-homo / RMSD,RMSD,Time (ps),17500,0.1545891,nm,nm
line,overlay,sdu6-homo,sdu6-homo,rmsd,l4juofkg,l4juofkg::RMSD,sdu6-homo / RMSD,RMSD,Time (ps),17600,0.14589137,nm,nm
line,overlay,sdu6-homo,sdu6-homo,rmsd,l4juofkg,l4juofkg::RMSD,sdu6-homo / RMSD,RMSD,Time (ps),17700,0.17573857,nm,nm
line,overlay,sdu6-homo,sdu6-homo,rmsd,l4juofkg,l4juofkg::RMSD,sdu6-homo / RMSD,RMSD,Time (ps),17800,0.14724235,nm,nm
line,overlay,sdu6-homo,sdu6-homo,rmsd,l4juofkg,l4juofkg::RMSD,sdu6-homo / RMSD,RMSD,Time (ps),17900,0.15414922,nm,nm
line,overlay,sdu6-homo,sdu6-homo,rmsd,l4juofkg,l4juofkg::RMSD,sdu6-homo / RMSD,RMSD,Time (ps),18000,0.15918814,nm,nm
line,overlay,sdu6-homo,sdu6-homo,rmsd,l4juofkg,l4juofkg::RMSD,sdu6-homo / RMSD,RMSD,Time (ps),18100,0.15818861,nm,nm
line,overlay,sdu6-homo,sdu6-homo,rmsd,l4juofkg,l4juofkg::RMSD,sdu6-homo / RMSD,RMSD,Time (ps),18200,0.17200011,nm,nm
line,overlay,sdu6-homo,sdu6-homo,rmsd,l4juofkg,l4juofkg::RMSD,sdu6-homo / RMSD,RMSD,Time (ps),18300,0.15774563,nm,nm
line,overlay,sdu6-homo,sdu6-homo,rmsd,l4juofkg,l4juofkg::RMSD,sdu6-homo / RMSD,RMSD,Time (ps),18400,0.15781462,nm,nm
line,overlay,sdu6-homo,sdu6-homo,rmsd,l4juofkg,l4juofkg::RMSD,sdu6-homo / RMSD,RMSD,Time (ps),18500,0.16785154,nm,nm
line,overlay,sdu6-homo,sdu6-homo,rmsd,l4juofkg,l4juofkg::RMSD,sdu6-homo / RMSD,RMSD,Time (ps),18600,0.15713325,nm,nm
line,overlay,sdu6-homo,sdu6-homo,rmsd,l4juofkg,l4juofkg::RMSD,sdu6-homo / RMSD,RMSD,Time (ps),18700,0.16841571,nm,nm
line,overlay,sdu6-homo,sdu6-homo,rmsd,l4juofkg,l4juofkg::RMSD,sdu6-homo / RMSD,RMSD,Time (ps),18800,0.16225523,nm,nm
line,overlay,sdu6-homo,sdu6-homo,rmsd,l4juofkg,l4juofkg::RMSD,sdu6-homo / RMSD,RMSD,Time (ps),18900,0.16060801,nm,nm
line,overlay,sdu6-homo,sdu6-homo,rmsd,l4juofkg,l4juofkg::RMSD,sdu6-homo / RMSD,RMSD,Time (ps),19000,0.16458337,nm,nm
line,overlay,sdu6-homo,sdu6-homo,rmsd,l4juofkg,l4juofkg::RMSD,sdu6-homo / RMSD,RMSD,Time (ps),19100,0.16202824,nm,nm
line,overlay,sdu6-homo,sdu6-homo,rmsd,l4juofkg,l4juofkg::RMSD,sdu6-homo / RMSD,RMSD,Time (ps),19200,0.16709013,nm,nm
line,overlay,sdu6-homo,sdu6-homo,rmsd,l4juofkg,l4juofkg::RMSD,sdu6-homo / RMSD,RMSD,Time (ps),19300,0.16951399,nm,nm
line,overlay,sdu6-homo,sdu6-homo,rmsd,l4juofkg,l4juofkg::RMSD,sdu6-homo / RMSD,RMSD,Time (ps),19400,0.17558809,nm,nm
line,overlay,sdu6-homo,sdu6-homo,rmsd,l4juofkg,l4juofkg::RMSD,sdu6-homo / RMSD,RMSD,Time (ps),19500,0.16647166,nm,nm
line,overlay,sdu6-homo,sdu6-homo,rmsd,l4juofkg,l4juofkg::RMSD,sdu6-homo / RMSD,RMSD,Time (ps),19600,0.17010616,nm,nm
line,overlay,sdu6-homo,sdu6-homo,rmsd,l4juofkg,l4juofkg::RMSD,sdu6-homo / RMSD,RMSD,Time (ps),19700,0.17824548,nm,nm
line,overlay,sdu6-homo,sdu6-homo,rmsd,l4juofkg,l4juofkg::RMSD,sdu6-homo / RMSD,RMSD,Time (ps),19800,0.18380335,nm,nm
line,overlay,sdu6-homo,sdu6-homo,rmsd,l4juofkg,l4juofkg::RMSD,sdu6-homo / RMSD,RMSD,Time (ps),19900,0.16600081,nm,nm
line,overlay,sdu6-homo,sdu6-homo,rmsd,l4juofkg,l4juofkg::RMSD,sdu6-homo / RMSD,RMSD,Time (ps),20000,0.16931204,nm,nm
line,overlay,sdu6-homo,sdu6-homo,rmsd,l4juofkg,l4juofkg::RMSD,sdu6-homo / RMSD,RMSD,Time (ps),20100,0.16613816,nm,nm
line,overlay,sdu6-homo,sdu6-homo,rmsd,l4juofkg,l4juofkg::RMSD,sdu6-homo / RMSD,RMSD,Time (ps),20200,0.16395228,nm,nm
line,overlay,sdu6-homo,sdu6-homo,rmsd,l4juofkg,l4juofkg::RMSD,sdu6-homo / RMSD,RMSD,Time (ps),20300,0.16574144,nm,nm
line,overlay,sdu6-homo,sdu6-homo,rmsd,l4juofkg,l4juofkg::RMSD,sdu6-homo / RMSD,RMSD,Time (ps),20400,0.17025845,nm,nm
line,overlay,sdu6-homo,sdu6-homo,rmsd,l4juofkg,l4juofkg::RMSD,sdu6-homo / RMSD,RMSD,Time (ps),20500,0.16596334,nm,nm
line,overlay,sdu6-homo,sdu6-homo,rmsd,l4juofkg,l4juofkg::RMSD,sdu6-homo / RMSD,RMSD,Time (ps),20600,0.15632628,nm,nm
line,overlay,sdu6-homo,sdu6-homo,rmsd,l4juofkg,l4juofkg::RMSD,sdu6-homo / RMSD,RMSD,Time (ps),20700,0.1662442,nm,nm
line,overlay,sdu6-homo,sdu6-homo,rmsd,l4juofkg,l4juofkg::RMSD,sdu6-homo / RMSD,RMSD,Time (ps),20800,0.18453512,nm,nm
line,overlay,sdu6-homo,sdu6-homo,rmsd,l4juofkg,l4juofkg::RMSD,sdu6-homo / RMSD,RMSD,Time (ps),20900,0.15443143,nm,nm
line,overlay,sdu6-homo,sdu6-homo,rmsd,l4juofkg,l4juofkg::RMSD,sdu6-homo / RMSD,RMSD,Time (ps),21000,0.16853571,nm,nm
line,overlay,sdu6-homo,sdu6-homo,rmsd,l4juofkg,l4juofkg::RMSD,sdu6-homo / RMSD,RMSD,Time (ps),21100,0.1612104,nm,nm
line,overlay,sdu6-homo,sdu6-homo,rmsd,l4juofkg,l4juofkg::RMSD,sdu6-homo / RMSD,RMSD,Time (ps),21200,0.15790656,nm,nm
line,overlay,sdu6-homo,sdu6-homo,rmsd,l4juofkg,l4juofkg::RMSD,sdu6-homo / RMSD,RMSD,Time (ps),21300,0.1782891,nm,nm
line,overlay,sdu6-homo,sdu6-homo,rmsd,l4juofkg,l4juofkg::RMSD,sdu6-homo / RMSD,RMSD,Time (ps),21400,0.18324694,nm,nm
line,overlay,sdu6-homo,sdu6-homo,rmsd,l4juofkg,l4juofkg::RMSD,sdu6-homo / RMSD,RMSD,Time (ps),21500,0.17646855,nm,nm
line,overlay,sdu6-homo,sdu6-homo,rmsd,l4juofkg,l4juofkg::RMSD,sdu6-homo / RMSD,RMSD,Time (ps),21600,0.17387938,nm,nm
line,overlay,sdu6-homo,sdu6-homo,rmsd,l4juofkg,l4juofkg::RMSD,sdu6-homo / RMSD,RMSD,Time (ps),21700,0.17709602,nm,nm
line,overlay,sdu6-homo,sdu6-homo,rmsd,l4juofkg,l4juofkg::RMSD,sdu6-homo / RMSD,RMSD,Time (ps),21800,0.17733294,nm,nm
line,overlay,sdu6-homo,sdu6-homo,rmsd,l4juofkg,l4juofkg::RMSD,sdu6-homo / RMSD,RMSD,Time (ps),21900,0.17287785,nm,nm
line,overlay,sdu6-homo,sdu6-homo,rmsd,l4juofkg,l4juofkg::RMSD,sdu6-homo / RMSD,RMSD,Time (ps),22000,0.16404077,nm,nm
line,overlay,sdu6-homo,sdu6-homo,rmsd,l4juofkg,l4juofkg::RMSD,sdu6-homo / RMSD,RMSD,Time (ps),22100,0.1608821,nm,nm
line,overlay,sdu6-homo,sdu6-homo,rmsd,l4juofkg,l4juofkg::RMSD,sdu6-homo / RMSD,RMSD,Time (ps),22200,0.16095297,nm,nm
line,overlay,sdu6-homo,sdu6-homo,rmsd,l4juofkg,l4juofkg::RMSD,sdu6-homo / RMSD,RMSD,Time (ps),22300,0.18175867,nm,nm
line,overlay,sdu6-homo,sdu6-homo,rmsd,l4juofkg,l4juofkg::RMSD,sdu6-homo / RMSD,RMSD,Time (ps),22400,0.17720135,nm,nm
line,overlay,sdu6-homo,sdu6-homo,rmsd,l4juofkg,l4juofkg::RMSD,sdu6-homo / RMSD,RMSD,Time (ps),22500,0.18307997,nm,nm
line,overlay,sdu6-homo,sdu6-homo,rmsd,l4juofkg,l4juofkg::RMSD,sdu6-homo / RMSD,RMSD,Time (ps),22600,0.16943139,nm,nm
line,overlay,sdu6-homo,sdu6-homo,rmsd,l4juofkg,l4juofkg::RMSD,sdu6-homo / RMSD,RMSD,Time (ps),22700,0.1741445,nm,nm
line,overlay,sdu6-homo,sdu6-homo,rmsd,l4juofkg,l4juofkg::RMSD,sdu6-homo / RMSD,RMSD,Time (ps),22800,0.16233507,nm,nm
line,overlay,sdu6-homo,sdu6-homo,rmsd,l4juofkg,l4juofkg::RMSD,sdu6-homo / RMSD,RMSD,Time (ps),22900,0.16892278,nm,nm
line,overlay,sdu6-homo,sdu6-homo,rmsd,l4juofkg,l4juofkg::RMSD,sdu6-homo / RMSD,RMSD,Time (ps),23000,0.177517,nm,nm
line,overlay,sdu6-homo,sdu6-homo,rmsd,l4juofkg,l4juofkg::RMSD,sdu6-homo / RMSD,RMSD,Time (ps),23100,0.17040148,nm,nm
line,overlay,sdu6-homo,sdu6-homo,rmsd,l4juofkg,l4juofkg::RMSD,sdu6-homo / RMSD,RMSD,Time (ps),23200,0.1687355,nm,nm
line,overlay,sdu6-homo,sdu6-homo,rmsd,l4juofkg,l4juofkg::RMSD,sdu6-homo / RMSD,RMSD,Time (ps),23300,0.17877108,nm,nm
line,overlay,sdu6-homo,sdu6-homo,rmsd,l4juofkg,l4juofkg::RMSD,sdu6-homo / RMSD,RMSD,Time (ps),23400,0.17089963,nm,nm
line,overlay,sdu6-homo,sdu6-homo,rmsd,l4juofkg,l4juofkg::RMSD,sdu6-homo / RMSD,RMSD,Time (ps),23500,0.17544633,nm,nm
line,overlay,sdu6-homo,sdu6-homo,rmsd,l4juofkg,l4juofkg::RMSD,sdu6-homo / RMSD,RMSD,Time (ps),23600,0.17009397,nm,nm
line,overlay,sdu6-homo,sdu6-homo,rmsd,l4juofkg,l4juofkg::RMSD,sdu6-homo / RMSD,RMSD,Time (ps),23700,0.2075065,nm,nm
line,overlay,sdu6-homo,sdu6-homo,rmsd,l4juofkg,l4juofkg::RMSD,sdu6-homo / RMSD,RMSD,Time (ps),23800,0.17742354,nm,nm
line,overlay,sdu6-homo,sdu6-homo,rmsd,l4juofkg,l4juofkg::RMSD,sdu6-homo / RMSD,RMSD,Time (ps),23900,0.18067174,nm,nm
line,overlay,sdu6-homo,sdu6-homo,rmsd,l4juofkg,l4juofkg::RMSD,sdu6-homo / RMSD,RMSD,Time (ps),24000,0.1776571,nm,nm
line,overlay,sdu6-homo,sdu6-homo,rmsd,l4juofkg,l4juofkg::RMSD,sdu6-homo / RMSD,RMSD,Time (ps),24100,0.1691926,nm,nm
line,overlay,sdu6-homo,sdu6-homo,rmsd,l4juofkg,l4juofkg::RMSD,sdu6-homo / RMSD,RMSD,Time (ps),24200,0.18083806,nm,nm
line,overlay,sdu6-homo,sdu6-homo,rmsd,l4juofkg,l4juofkg::RMSD,sdu6-homo / RMSD,RMSD,Time (ps),24300,0.16712116,nm,nm
line,overlay,sdu6-homo,sdu6-homo,rmsd,l4juofkg,l4juofkg::RMSD,sdu6-homo / RMSD,RMSD,Time (ps),24400,0.17144772,nm,nm
line,overlay,sdu6-homo,sdu6-homo,rmsd,l4juofkg,l4juofkg::RMSD,sdu6-homo / RMSD,RMSD,Time (ps),24500,0.1580542,nm,nm
line,overlay,sdu6-homo,sdu6-homo,rmsd,l4juofkg,l4juofkg::RMSD,sdu6-homo / RMSD,RMSD,Time (ps),24600,0.17834434,nm,nm
line,overlay,sdu6-homo,sdu6-homo,rmsd,l4juofkg,l4juofkg::RMSD,sdu6-homo / RMSD,RMSD,Time (ps),24700,0.18968777,nm,nm
line,overlay,sdu6-homo,sdu6-homo,rmsd,l4juofkg,l4juofkg::RMSD,sdu6-homo / RMSD,RMSD,Time (ps),24800,0.18368204,nm,nm
line,overlay,sdu6-homo,sdu6-homo,rmsd,l4juofkg,l4juofkg::RMSD,sdu6-homo / RMSD,RMSD,Time (ps),24900,0.17331506,nm,nm
line,overlay,sdu6-homo,sdu6-homo,rmsd,l4juofkg,l4juofkg::RMSD,sdu6-homo / RMSD,RMSD,Time (ps),25000,0.17290783,nm,nm
line,overlay,sdu6-homo,sdu6-homo,rmsd,l4juofkg,l4juofkg::RMSD,sdu6-homo / RMSD,RMSD,Time (ps),25100,0.15571497,nm,nm
line,overlay,sdu6-homo,sdu6-homo,rmsd,l4juofkg,l4juofkg::RMSD,sdu6-homo / RMSD,RMSD,Time (ps),25200,0.16842802,nm,nm
line,overlay,sdu6-homo,sdu6-homo,rmsd,l4juofkg,l4juofkg::RMSD,sdu6-homo / RMSD,RMSD,Time (ps),25300,0.16623484,nm,nm
line,overlay,sdu6-homo,sdu6-homo,rmsd,l4juofkg,l4juofkg::RMSD,sdu6-homo / RMSD,RMSD,Time (ps),25400,0.17168942,nm,nm
line,overlay,sdu6-homo,sdu6-homo,rmsd,l4juofkg,l4juofkg::RMSD,sdu6-homo / RMSD,RMSD,Time (ps),25500,0.15979588,nm,nm
line,overlay,sdu6-homo,sdu6-homo,rmsd,l4juofkg,l4juofkg::RMSD,sdu6-homo / RMSD,RMSD,Time (ps),25600,0.17455478,nm,nm
line,overlay,sdu6-homo,sdu6-homo,rmsd,l4juofkg,l4juofkg::RMSD,sdu6-homo / RMSD,RMSD,Time (ps),25700,0.1747744,nm,nm
line,overlay,sdu6-homo,sdu6-homo,rmsd,l4juofkg,l4juofkg::RMSD,sdu6-homo / RMSD,RMSD,Time (ps),25800,0.1827314,nm,nm
line,overlay,sdu6-homo,sdu6-homo,rmsd,l4juofkg,l4juofkg::RMSD,sdu6-homo / RMSD,RMSD,Time (ps),25900,0.18544297,nm,nm
line,overlay,sdu6-homo,sdu6-homo,rmsd,l4juofkg,l4juofkg::RMSD,sdu6-homo / RMSD,RMSD,Time (ps),26000,0.1626158,nm,nm
line,overlay,sdu6-homo,sdu6-homo,rmsd,l4juofkg,l4juofkg::RMSD,sdu6-homo / RMSD,RMSD,Time (ps),26100,0.18746129,nm,nm
line,overlay,sdu6-homo,sdu6-homo,rmsd,l4juofkg,l4juofkg::RMSD,sdu6-homo / RMSD,RMSD,Time (ps),26200,0.1940775,nm,nm
line,overlay,sdu6-homo,sdu6-homo,rmsd,l4juofkg,l4juofkg::RMSD,sdu6-homo / RMSD,RMSD,Time (ps),26300,0.19322096,nm,nm
line,overlay,sdu6-homo,sdu6-homo,rmsd,l4juofkg,l4juofkg::RMSD,sdu6-homo / RMSD,RMSD,Time (ps),26400,0.18255828,nm,nm
line,overlay,sdu6-homo,sdu6-homo,rmsd,l4juofkg,l4juofkg::RMSD,sdu6-homo / RMSD,RMSD,Time (ps),26500,0.16071771,nm,nm
line,overlay,sdu6-homo,sdu6-homo,rmsd,l4juofkg,l4juofkg::RMSD,sdu6-homo / RMSD,RMSD,Time (ps),26600,0.16709013,nm,nm
line,overlay,sdu6-homo,sdu6-homo,rmsd,l4juofkg,l4juofkg::RMSD,sdu6-homo / RMSD,RMSD,Time (ps),26700,0.17609511,nm,nm
line,overlay,sdu6-homo,sdu6-homo,rmsd,l4juofkg,l4juofkg::RMSD,sdu6-homo / RMSD,RMSD,Time (ps),26800,0.17315347,nm,nm
line,overlay,sdu6-homo,sdu6-homo,rmsd,l4juofkg,l4juofkg::RMSD,sdu6-homo / RMSD,RMSD,Time (ps),26900,0.17001167,nm,nm
line,overlay,sdu6-homo,sdu6-homo,rmsd,l4juofkg,l4juofkg::RMSD,sdu6-homo / RMSD,RMSD,Time (ps),27000,0.17153236,nm,nm
line,overlay,sdu6-homo,sdu6-homo,rmsd,l4juofkg,l4juofkg::RMSD,sdu6-homo / RMSD,RMSD,Time (ps),27100,0.17478625,nm,nm
line,overlay,sdu6-homo,sdu6-homo,rmsd,l4juofkg,l4juofkg::RMSD,sdu6-homo / RMSD,RMSD,Time (ps),27200,0.16366115,nm,nm
line,overlay,sdu6-homo,sdu6-homo,rmsd,l4juofkg,l4juofkg::RMSD,sdu6-homo / RMSD,RMSD,Time (ps),27300,0.1646495,nm,nm
line,overlay,sdu6-homo,sdu6-homo,rmsd,l4juofkg,l4juofkg::RMSD,sdu6-homo / RMSD,RMSD,Time (ps),27400,0.17477736,nm,nm
line,overlay,sdu6-homo,sdu6-homo,rmsd,l4juofkg,l4juofkg::RMSD,sdu6-homo / RMSD,RMSD,Time (ps),27500,0.17728032,nm,nm
line,overlay,sdu6-homo,sdu6-homo,rmsd,l4juofkg,l4juofkg::RMSD,sdu6-homo / RMSD,RMSD,Time (ps),27600,0.17180412,nm,nm
line,overlay,sdu6-homo,sdu6-homo,rmsd,l4juofkg,l4juofkg::RMSD,sdu6-homo / RMSD,RMSD,Time (ps),27700,0.15372832,nm,nm
line,overlay,sdu6-homo,sdu6-homo,rmsd,l4juofkg,l4juofkg::RMSD,sdu6-homo / RMSD,RMSD,Time (ps),27800,0.17325523,nm,nm
line,overlay,sdu6-homo,sdu6-homo,rmsd,l4juofkg,l4juofkg::RMSD,sdu6-homo / RMSD,RMSD,Time (ps),27900,0.18163316,nm,nm
line,overlay,sdu6-homo,sdu6-homo,rmsd,l4juofkg,l4juofkg::RMSD,sdu6-homo / RMSD,RMSD,Time (ps),28000,0.17743814,nm,nm
line,overlay,sdu6-homo,sdu6-homo,rmsd,l4juofkg,l4juofkg::RMSD,sdu6-homo / RMSD,RMSD,Time (ps),28100,0.1637593,nm,nm
line,overlay,sdu6-homo,sdu6-homo,rmsd,l4juofkg,l4juofkg::RMSD,sdu6-homo / RMSD,RMSD,Time (ps),28200,0.16384475,nm,nm
line,overlay,sdu6-homo,sdu6-homo,rmsd,l4juofkg,l4juofkg::RMSD,sdu6-homo / RMSD,RMSD,Time (ps),28300,0.1764333,nm,nm
line,overlay,sdu6-homo,sdu6-homo,rmsd,l4juofkg,l4juofkg::RMSD,sdu6-homo / RMSD,RMSD,Time (ps),28400,0.17030716,nm,nm
line,overlay,sdu6-homo,sdu6-homo,rmsd,l4juofkg,l4juofkg::RMSD,sdu6-homo / RMSD,RMSD,Time (ps),28500,0.19193436,nm,nm
line,overlay,sdu6-homo,sdu6-homo,rmsd,l4juofkg,l4juofkg::RMSD,sdu6-homo / RMSD,RMSD,Time (ps),28600,0.19705664,nm,nm
line,overlay,sdu6-homo,sdu6-homo,rmsd,l4juofkg,l4juofkg::RMSD,sdu6-homo / RMSD,RMSD,Time (ps),28700,0.17181619,nm,nm
line,overlay,sdu6-homo,sdu6-homo,rmsd,l4juofkg,l4juofkg::RMSD,sdu6-homo / RMSD,RMSD,Time (ps),28800,0.1803185,nm,nm
line,overlay,sdu6-homo,sdu6-homo,rmsd,l4juofkg,l4juofkg::RMSD,sdu6-homo / RMSD,RMSD,Time (ps),28900,0.17378993,nm,nm
line,overlay,sdu6-homo,sdu6-homo,rmsd,l4juofkg,l4juofkg::RMSD,sdu6-homo / RMSD,RMSD,Time (ps),29000,0.17228617,nm,nm
line,overlay,sdu6-homo,sdu6-homo,rmsd,l4juofkg,l4juofkg::RMSD,sdu6-homo / RMSD,RMSD,Time (ps),29100,0.1653908,nm,nm
line,overlay,sdu6-homo,sdu6-homo,rmsd,l4juofkg,l4juofkg::RMSD,sdu6-homo / RMSD,RMSD,Time (ps),29200,0.16806449,nm,nm
line,overlay,sdu6-homo,sdu6-homo,rmsd,l4juofkg,l4juofkg::RMSD,sdu6-homo / RMSD,RMSD,Time (ps),29300,0.16602892,nm,nm
line,overlay,sdu6-homo,sdu6-homo,rmsd,l4juofkg,l4juofkg::RMSD,sdu6-homo / RMSD,RMSD,Time (ps),29400,0.17625399,nm,nm
line,overlay,sdu6-homo,sdu6-homo,rmsd,l4juofkg,l4juofkg::RMSD,sdu6-homo / RMSD,RMSD,Time (ps),29500,0.17538723,nm,nm
line,overlay,sdu6-homo,sdu6-homo,rmsd,l4juofkg,l4juofkg::RMSD,sdu6-homo / RMSD,RMSD,Time (ps),29600,0.18851735,nm,nm
line,overlay,sdu6-homo,sdu6-homo,rmsd,l4juofkg,l4juofkg::RMSD,sdu6-homo / RMSD,RMSD,Time (ps),29700,0.17897102,nm,nm
line,overlay,sdu6-homo,sdu6-homo,rmsd,l4juofkg,l4juofkg::RMSD,sdu6-homo / RMSD,RMSD,Time (ps),29800,0.18505405,nm,nm
line,overlay,sdu6-homo,sdu6-homo,rmsd,l4juofkg,l4juofkg::RMSD,sdu6-homo / RMSD,RMSD,Time (ps),29900,0.17717795,nm,nm
line,overlay,sdu6-homo,sdu6-homo,rmsd,l4juofkg,l4juofkg::RMSD,sdu6-homo / RMSD,RMSD,Time (ps),30000,0.17554085,nm,nm
line,overlay,sdu6-homo,sdu6-homo,rmsd,l4juofkg,l4juofkg::RMSD,sdu6-homo / RMSD,RMSD,Time (ps),30100,0.16775887,nm,nm
line,overlay,sdu6-homo,sdu6-homo,rmsd,l4juofkg,l4juofkg::RMSD,sdu6-homo / RMSD,RMSD,Time (ps),30200,0.17836177,nm,nm
line,overlay,sdu6-homo,sdu6-homo,rmsd,l4juofkg,l4juofkg::RMSD,sdu6-homo / RMSD,RMSD,Time (ps),30300,0.17975996,nm,nm
line,overlay,sdu6-homo,sdu6-homo,rmsd,l4juofkg,l4juofkg::RMSD,sdu6-homo / RMSD,RMSD,Time (ps),30400,0.16960263,nm,nm
line,overlay,sdu6-homo,sdu6-homo,rmsd,l4juofkg,l4juofkg::RMSD,sdu6-homo / RMSD,RMSD,Time (ps),30500,0.16347419,nm,nm
line,overlay,sdu6-homo,sdu6-homo,rmsd,l4juofkg,l4juofkg::RMSD,sdu6-homo / RMSD,RMSD,Time (ps),30600,0.17456666,nm,nm
line,overlay,sdu6-homo,sdu6-homo,rmsd,l4juofkg,l4juofkg::RMSD,sdu6-homo / RMSD,RMSD,Time (ps),30700,0.15950368,nm,nm
line,overlay,sdu6-homo,sdu6-homo,rmsd,l4juofkg,l4juofkg::RMSD,sdu6-homo / RMSD,RMSD,Time (ps),30800,0.15844399,nm,nm
line,overlay,sdu6-homo,sdu6-homo,rmsd,l4juofkg,l4juofkg::RMSD,sdu6-homo / RMSD,RMSD,Time (ps),30900,0.16096264,nm,nm
line,overlay,sdu6-homo,sdu6-homo,rmsd,l4juofkg,l4juofkg::RMSD,sdu6-homo / RMSD,RMSD,Time (ps),31000,0.17416236,nm,nm
line,overlay,sdu6-homo,sdu6-homo,rmsd,l4juofkg,l4juofkg::RMSD,sdu6-homo / RMSD,RMSD,Time (ps),31100,0.18283916,nm,nm
line,overlay,sdu6-homo,sdu6-homo,rmsd,l4juofkg,l4juofkg::RMSD,sdu6-homo / RMSD,RMSD,Time (ps),31200,0.17777376,nm,nm
line,overlay,sdu6-homo,sdu6-homo,rmsd,l4juofkg,l4juofkg::RMSD,sdu6-homo / RMSD,RMSD,Time (ps),31300,0.17751116,nm,nm
line,overlay,sdu6-homo,sdu6-homo,rmsd,l4juofkg,l4juofkg::RMSD,sdu6-homo / RMSD,RMSD,Time (ps),31400,0.19293101,nm,nm
line,overlay,sdu6-homo,sdu6-homo,rmsd,l4juofkg,l4juofkg::RMSD,sdu6-homo / RMSD,RMSD,Time (ps),31500,0.1694008,nm,nm
line,overlay,sdu6-homo,sdu6-homo,rmsd,l4juofkg,l4juofkg::RMSD,sdu6-homo / RMSD,RMSD,Time (ps),31600,0.16952926,nm,nm
line,overlay,sdu6-homo,sdu6-homo,rmsd,l4juofkg,l4juofkg::RMSD,sdu6-homo / RMSD,RMSD,Time (ps),31700,0.16604453,nm,nm
line,overlay,sdu6-homo,sdu6-homo,rmsd,l4juofkg,l4juofkg::RMSD,sdu6-homo / RMSD,RMSD,Time (ps),31800,0.19000177,nm,nm
line,overlay,sdu6-homo,sdu6-homo,rmsd,l4juofkg,l4juofkg::RMSD,sdu6-homo / RMSD,RMSD,Time (ps),31900,0.16131327,nm,nm
line,overlay,sdu6-homo,sdu6-homo,rmsd,l4juofkg,l4juofkg::RMSD,sdu6-homo / RMSD,RMSD,Time (ps),32000,0.17658307,nm,nm
line,overlay,sdu6-homo,sdu6-homo,rmsd,l4juofkg,l4juofkg::RMSD,sdu6-homo / RMSD,RMSD,Time (ps),32100,0.16871093,nm,nm
line,overlay,sdu6-homo,sdu6-homo,rmsd,l4juofkg,l4juofkg::RMSD,sdu6-homo / RMSD,RMSD,Time (ps),32200,0.1735213,nm,nm
line,overlay,sdu6-homo,sdu6-homo,rmsd,l4juofkg,l4juofkg::RMSD,sdu6-homo / RMSD,RMSD,Time (ps),32300,0.18145327,nm,nm
line,overlay,sdu6-homo,sdu6-homo,rmsd,l4juofkg,l4juofkg::RMSD,sdu6-homo / RMSD,RMSD,Time (ps),32400,0.17214169,nm,nm
line,overlay,sdu6-homo,sdu6-homo,rmsd,l4juofkg,l4juofkg::RMSD,sdu6-homo / RMSD,RMSD,Time (ps),32500,0.18117598,nm,nm
line,overlay,sdu6-homo,sdu6-homo,rmsd,l4juofkg,l4juofkg::RMSD,sdu6-homo / RMSD,RMSD,Time (ps),32600,0.17400455,nm,nm
line,overlay,sdu6-homo,sdu6-homo,rmsd,l4juofkg,l4juofkg::RMSD,sdu6-homo / RMSD,RMSD,Time (ps),32700,0.17313552,nm,nm
line,overlay,sdu6-homo,sdu6-homo,rmsd,l4juofkg,l4juofkg::RMSD,sdu6-homo / RMSD,RMSD,Time (ps),32800,0.17033455,nm,nm
line,overlay,sdu6-homo,sdu6-homo,rmsd,l4juofkg,l4juofkg::RMSD,sdu6-homo / RMSD,RMSD,Time (ps),32900,0.17634219,nm,nm
line,overlay,sdu6-homo,sdu6-homo,rmsd,l4juofkg,l4juofkg::RMSD,sdu6-homo / RMSD,RMSD,Time (ps),33000,0.16402814,nm,nm
line,overlay,sdu6-homo,sdu6-homo,rmsd,l4juofkg,l4juofkg::RMSD,sdu6-homo / RMSD,RMSD,Time (ps),33100,0.15419629,nm,nm
line,overlay,sdu6-homo,sdu6-homo,rmsd,l4juofkg,l4juofkg::RMSD,sdu6-homo / RMSD,RMSD,Time (ps),33200,0.16995068,nm,nm
line,overlay,sdu6-homo,sdu6-homo,rmsd,l4juofkg,l4juofkg::RMSD,sdu6-homo / RMSD,RMSD,Time (ps),33300,0.16830488,nm,nm
line,overlay,sdu6-homo,sdu6-homo,rmsd,l4juofkg,l4juofkg::RMSD,sdu6-homo / RMSD,RMSD,Time (ps),33400,0.17004521,nm,nm
line,overlay,sdu6-homo,sdu6-homo,rmsd,l4juofkg,l4juofkg::RMSD,sdu6-homo / RMSD,RMSD,Time (ps),33500,0.15932809,nm,nm
line,overlay,sdu6-homo,sdu6-homo,rmsd,l4juofkg,l4juofkg::RMSD,sdu6-homo / RMSD,RMSD,Time (ps),33600,0.17673564,nm,nm
line,overlay,sdu6-homo,sdu6-homo,rmsd,l4juofkg,l4juofkg::RMSD,sdu6-homo / RMSD,RMSD,Time (ps),33700,0.17834143,nm,nm
line,overlay,sdu6-homo,sdu6-homo,rmsd,l4juofkg,l4juofkg::RMSD,sdu6-homo / RMSD,RMSD,Time (ps),33800,0.1737959,nm,nm
line,overlay,sdu6-homo,sdu6-homo,rmsd,l4juofkg,l4juofkg::RMSD,sdu6-homo / RMSD,RMSD,Time (ps),33900,0.17826293,nm,nm
line,overlay,sdu6-homo,sdu6-homo,rmsd,l4juofkg,l4juofkg::RMSD,sdu6-homo / RMSD,RMSD,Time (ps),34000,0.1940027,nm,nm
line,overlay,sdu6-homo,sdu6-homo,rmsd,l4juofkg,l4juofkg::RMSD,sdu6-homo / RMSD,RMSD,Time (ps),34100,0.17183127,nm,nm
line,overlay,sdu6-homo,sdu6-homo,rmsd,l4juofkg,l4juofkg::RMSD,sdu6-homo / RMSD,RMSD,Time (ps),34200,0.16570391,nm,nm
line,overlay,sdu6-homo,sdu6-homo,rmsd,l4juofkg,l4juofkg::RMSD,sdu6-homo / RMSD,RMSD,Time (ps),34300,0.18060574,nm,nm
line,overlay,sdu6-homo,sdu6-homo,rmsd,l4juofkg,l4juofkg::RMSD,sdu6-homo / RMSD,RMSD,Time (ps),34400,0.19578995,nm,nm
line,overlay,sdu6-homo,sdu6-homo,rmsd,l4juofkg,l4juofkg::RMSD,sdu6-homo / RMSD,RMSD,Time (ps),34500,0.18178149,nm,nm
line,overlay,sdu6-homo,sdu6-homo,rmsd,l4juofkg,l4juofkg::RMSD,sdu6-homo / RMSD,RMSD,Time (ps),34600,0.16950786,nm,nm
line,overlay,sdu6-homo,sdu6-homo,rmsd,l4juofkg,l4juofkg::RMSD,sdu6-homo / RMSD,RMSD,Time (ps),34700,0.18176438,nm,nm
line,overlay,sdu6-homo,sdu6-homo,rmsd,l4juofkg,l4juofkg::RMSD,sdu6-homo / RMSD,RMSD,Time (ps),34800,0.1871652,nm,nm
line,overlay,sdu6-homo,sdu6-homo,rmsd,l4juofkg,l4juofkg::RMSD,sdu6-homo / RMSD,RMSD,Time (ps),34900,0.18358043,nm,nm
line,overlay,sdu6-homo,sdu6-homo,rmsd,l4juofkg,l4juofkg::RMSD,sdu6-homo / RMSD,RMSD,Time (ps),35000,0.18678261,nm,nm
line,overlay,sdu6-homo,sdu6-homo,rmsd,l4juofkg,l4juofkg::RMSD,sdu6-homo / RMSD,RMSD,Time (ps),35100,0.17410581,nm,nm
line,overlay,sdu6-homo,sdu6-homo,rmsd,l4juofkg,l4juofkg::RMSD,sdu6-homo / RMSD,RMSD,Time (ps),35200,0.18294969,nm,nm
line,overlay,sdu6-homo,sdu6-homo,rmsd,l4juofkg,l4juofkg::RMSD,sdu6-homo / RMSD,RMSD,Time (ps),35300,0.18570833,nm,nm
line,overlay,sdu6-homo,sdu6-homo,rmsd,l4juofkg,l4juofkg::RMSD,sdu6-homo / RMSD,RMSD,Time (ps),35400,0.18505684,nm,nm
line,overlay,sdu6-homo,sdu6-homo,rmsd,l4juofkg,l4juofkg::RMSD,sdu6-homo / RMSD,RMSD,Time (ps),35500,0.18563296,nm,nm
line,overlay,sdu6-homo,sdu6-homo,rmsd,l4juofkg,l4juofkg::RMSD,sdu6-homo / RMSD,RMSD,Time (ps),35600,0.17186746,nm,nm
line,overlay,sdu6-homo,sdu6-homo,rmsd,l4juofkg,l4juofkg::RMSD,sdu6-homo / RMSD,RMSD,Time (ps),35700,0.18088391,nm,nm
line,overlay,sdu6-homo,sdu6-homo,rmsd,l4juofkg,l4juofkg::RMSD,sdu6-homo / RMSD,RMSD,Time (ps),35800,0.19370858,nm,nm
line,overlay,sdu6-homo,sdu6-homo,rmsd,l4juofkg,l4juofkg::RMSD,sdu6-homo / RMSD,RMSD,Time (ps),35900,0.19462691,nm,nm
line,overlay,sdu6-homo,sdu6-homo,rmsd,l4juofkg,l4juofkg::RMSD,sdu6-homo / RMSD,RMSD,Time (ps),36000,0.18252422,nm,nm
line,overlay,sdu6-homo,sdu6-homo,rmsd,l4juofkg,l4juofkg::RMSD,sdu6-homo / RMSD,RMSD,Time (ps),36100,0.18214612,nm,nm
line,overlay,sdu6-homo,sdu6-homo,rmsd,l4juofkg,l4juofkg::RMSD,sdu6-homo / RMSD,RMSD,Time (ps),36200,0.18185847,nm,nm
line,overlay,sdu6-homo,sdu6-homo,rmsd,l4juofkg,l4juofkg::RMSD,sdu6-homo / RMSD,RMSD,Time (ps),36300,0.17727154,nm,nm
line,overlay,sdu6-homo,sdu6-homo,rmsd,l4juofkg,l4juofkg::RMSD,sdu6-homo / RMSD,RMSD,Time (ps),36400,0.18618779,nm,nm
line,overlay,sdu6-homo,sdu6-homo,rmsd,l4juofkg,l4juofkg::RMSD,sdu6-homo / RMSD,RMSD,Time (ps),36500,0.1785796,nm,nm
line,overlay,sdu6-homo,sdu6-homo,rmsd,l4juofkg,l4juofkg::RMSD,sdu6-homo / RMSD,RMSD,Time (ps),36600,0.1925195,nm,nm
line,overlay,sdu6-homo,sdu6-homo,rmsd,l4juofkg,l4juofkg::RMSD,sdu6-homo / RMSD,RMSD,Time (ps),36700,0.18256396,nm,nm
line,overlay,sdu6-homo,sdu6-homo,rmsd,l4juofkg,l4juofkg::RMSD,sdu6-homo / RMSD,RMSD,Time (ps),36800,0.17997321,nm,nm
line,overlay,sdu6-homo,sdu6-homo,rmsd,l4juofkg,l4juofkg::RMSD,sdu6-homo / RMSD,RMSD,Time (ps),36900,0.19067986,nm,nm
line,overlay,sdu6-homo,sdu6-homo,rmsd,l4juofkg,l4juofkg::RMSD,sdu6-homo / RMSD,RMSD,Time (ps),37000,0.1632362,nm,nm
line,overlay,sdu6-homo,sdu6-homo,rmsd,l4juofkg,l4juofkg::RMSD,sdu6-homo / RMSD,RMSD,Time (ps),37100,0.16569765,nm,nm
line,overlay,sdu6-homo,sdu6-homo,rmsd,l4juofkg,l4juofkg::RMSD,sdu6-homo / RMSD,RMSD,Time (ps),37200,0.18322149,nm,nm
line,overlay,sdu6-homo,sdu6-homo,rmsd,l4juofkg,l4juofkg::RMSD,sdu6-homo / RMSD,RMSD,Time (ps),37300,0.17466758,nm,nm
line,overlay,sdu6-homo,sdu6-homo,rmsd,l4juofkg,l4juofkg::RMSD,sdu6-homo / RMSD,RMSD,Time (ps),37400,0.16107209,nm,nm
line,overlay,sdu6-homo,sdu6-homo,rmsd,l4juofkg,l4juofkg::RMSD,sdu6-homo / RMSD,RMSD,Time (ps),37500,0.17167735,nm,nm
line,overlay,sdu6-homo,sdu6-homo,rmsd,l4juofkg,l4juofkg::RMSD,sdu6-homo / RMSD,RMSD,Time (ps),37600,0.17122082,nm,nm
line,overlay,sdu6-homo,sdu6-homo,rmsd,l4juofkg,l4juofkg::RMSD,sdu6-homo / RMSD,RMSD,Time (ps),37700,0.17403732,nm,nm
line,overlay,sdu6-homo,sdu6-homo,rmsd,l4juofkg,l4juofkg::RMSD,sdu6-homo / RMSD,RMSD,Time (ps),37800,0.16078542,nm,nm
line,overlay,sdu6-homo,sdu6-homo,rmsd,l4juofkg,l4juofkg::RMSD,sdu6-homo / RMSD,RMSD,Time (ps),37900,0.17020364,nm,nm
line,overlay,sdu6-homo,sdu6-homo,rmsd,l4juofkg,l4juofkg::RMSD,sdu6-homo / RMSD,RMSD,Time (ps),38000,0.17423972,nm,nm
line,overlay,sdu6-homo,sdu6-homo,rmsd,l4juofkg,l4juofkg::RMSD,sdu6-homo / RMSD,RMSD,Time (ps),38100,0.1791939,nm,nm
line,overlay,sdu6-homo,sdu6-homo,rmsd,l4juofkg,l4juofkg::RMSD,sdu6-homo / RMSD,RMSD,Time (ps),38200,0.17973977,nm,nm
line,overlay,sdu6-homo,sdu6-homo,rmsd,l4juofkg,l4juofkg::RMSD,sdu6-homo / RMSD,RMSD,Time (ps),38300,0.2007158,nm,nm
line,overlay,sdu6-homo,sdu6-homo,rmsd,l4juofkg,l4juofkg::RMSD,sdu6-homo / RMSD,RMSD,Time (ps),38400,0.16821554,nm,nm
line,overlay,sdu6-homo,sdu6-homo,rmsd,l4juofkg,l4juofkg::RMSD,sdu6-homo / RMSD,RMSD,Time (ps),38500,0.16390485,nm,nm
line,overlay,sdu6-homo,sdu6-homo,rmsd,l4juofkg,l4juofkg::RMSD,sdu6-homo / RMSD,RMSD,Time (ps),38600,0.18106149,nm,nm
line,overlay,sdu6-homo,sdu6-homo,rmsd,l4juofkg,l4juofkg::RMSD,sdu6-homo / RMSD,RMSD,Time (ps),38700,0.17045319,nm,nm
line,overlay,sdu6-homo,sdu6-homo,rmsd,l4juofkg,l4juofkg::RMSD,sdu6-homo / RMSD,RMSD,Time (ps),38800,0.17044407,nm,nm
line,overlay,sdu6-homo,sdu6-homo,rmsd,l4juofkg,l4juofkg::RMSD,sdu6-homo / RMSD,RMSD,Time (ps),38900,0.17029195,nm,nm
line,overlay,sdu6-homo,sdu6-homo,rmsd,l4juofkg,l4juofkg::RMSD,sdu6-homo / RMSD,RMSD,Time (ps),39000,0.18349287,nm,nm
line,overlay,sdu6-homo,sdu6-homo,rmsd,l4juofkg,l4juofkg::RMSD,sdu6-homo / RMSD,RMSD,Time (ps),39100,0.1825441,nm,nm
line,overlay,sdu6-homo,sdu6-homo,rmsd,l4juofkg,l4juofkg::RMSD,sdu6-homo / RMSD,RMSD,Time (ps),39200,0.17868987,nm,nm
line,overlay,sdu6-homo,sdu6-homo,rmsd,l4juofkg,l4juofkg::RMSD,sdu6-homo / RMSD,RMSD,Time (ps),39300,0.15985751,nm,nm
line,overlay,sdu6-homo,sdu6-homo,rmsd,l4juofkg,l4juofkg::RMSD,sdu6-homo / RMSD,RMSD,Time (ps),39400,0.17273088,nm,nm
line,overlay,sdu6-homo,sdu6-homo,rmsd,l4juofkg,l4juofkg::RMSD,sdu6-homo / RMSD,RMSD,Time (ps),39500,0.17034368,nm,nm
line,overlay,sdu6-homo,sdu6-homo,rmsd,l4juofkg,l4juofkg::RMSD,sdu6-homo / RMSD,RMSD,Time (ps),39600,0.17480405,nm,nm
line,overlay,sdu6-homo,sdu6-homo,rmsd,l4juofkg,l4juofkg::RMSD,sdu6-homo / RMSD,RMSD,Time (ps),39700,0.16101094,nm,nm
line,overlay,sdu6-homo,sdu6-homo,rmsd,l4juofkg,l4juofkg::RMSD,sdu6-homo / RMSD,RMSD,Time (ps),39800,0.18449299,nm,nm
line,overlay,sdu6-homo,sdu6-homo,rmsd,l4juofkg,l4juofkg::RMSD,sdu6-homo / RMSD,RMSD,Time (ps),39900,0.17461416,nm,nm
line,overlay,sdu6-homo,sdu6-homo,rmsd,l4juofkg,l4juofkg::RMSD,sdu6-homo / RMSD,RMSD,Time (ps),40000,0.16757956,nm,nm
line,overlay,sdu6-homo,sdu6-homo,rmsd,l4juofkg,l4juofkg::RMSD,sdu6-homo / RMSD,RMSD,Time (ps),40100,0.17752576,nm,nm
line,overlay,sdu6-homo,sdu6-homo,rmsd,l4juofkg,l4juofkg::RMSD,sdu6-homo / RMSD,RMSD,Time (ps),40200,0.1896222,nm,nm
line,overlay,sdu6-homo,sdu6-homo,rmsd,l4juofkg,l4juofkg::RMSD,sdu6-homo / RMSD,RMSD,Time (ps),40300,0.19283696,nm,nm
line,overlay,sdu6-homo,sdu6-homo,rmsd,l4juofkg,l4juofkg::RMSD,sdu6-homo / RMSD,RMSD,Time (ps),40400,0.19073695,nm,nm
line,overlay,sdu6-homo,sdu6-homo,rmsd,l4juofkg,l4juofkg::RMSD,sdu6-homo / RMSD,RMSD,Time (ps),40500,0.1844171,nm,nm
line,overlay,sdu6-homo,sdu6-homo,rmsd,l4juofkg,l4juofkg::RMSD,sdu6-homo / RMSD,RMSD,Time (ps),40600,0.17699061,nm,nm
line,overlay,sdu6-homo,sdu6-homo,rmsd,l4juofkg,l4juofkg::RMSD,sdu6-homo / RMSD,RMSD,Time (ps),40700,0.1702341,nm,nm
line,overlay,sdu6-homo,sdu6-homo,rmsd,l4juofkg,l4juofkg::RMSD,sdu6-homo / RMSD,RMSD,Time (ps),40800,0.17061125,nm,nm
line,overlay,sdu6-homo,sdu6-homo,rmsd,l4juofkg,l4juofkg::RMSD,sdu6-homo / RMSD,RMSD,Time (ps),40900,0.17403732,nm,nm
line,overlay,sdu6-homo,sdu6-homo,rmsd,l4juofkg,l4juofkg::RMSD,sdu6-homo / RMSD,RMSD,Time (ps),41000,0.18002506,nm,nm
line,overlay,sdu6-homo,sdu6-homo,rmsd,l4juofkg,l4juofkg::RMSD,sdu6-homo / RMSD,RMSD,Time (ps),41100,0.18662994,nm,nm
line,overlay,sdu6-homo,sdu6-homo,rmsd,l4juofkg,l4juofkg::RMSD,sdu6-homo / RMSD,RMSD,Time (ps),41200,0.18181571,nm,nm
line,overlay,sdu6-homo,sdu6-homo,rmsd,l4juofkg,l4juofkg::RMSD,sdu6-homo / RMSD,RMSD,Time (ps),41300,0.19784681,nm,nm
line,overlay,sdu6-homo,sdu6-homo,rmsd,l4juofkg,l4juofkg::RMSD,sdu6-homo / RMSD,RMSD,Time (ps),41400,0.18619615,nm,nm
line,overlay,sdu6-homo,sdu6-homo,rmsd,l4juofkg,l4juofkg::RMSD,sdu6-homo / RMSD,RMSD,Time (ps),41500,0.18231963,nm,nm
line,overlay,sdu6-homo,sdu6-homo,rmsd,l4juofkg,l4juofkg::RMSD,sdu6-homo / RMSD,RMSD,Time (ps),41600,0.18909387,nm,nm
line,overlay,sdu6-homo,sdu6-homo,rmsd,l4juofkg,l4juofkg::RMSD,sdu6-homo / RMSD,RMSD,Time (ps),41700,0.1854877,nm,nm
line,overlay,sdu6-homo,sdu6-homo,rmsd,l4juofkg,l4juofkg::RMSD,sdu6-homo / RMSD,RMSD,Time (ps),41800,0.17880586,nm,nm
line,overlay,sdu6-homo,sdu6-homo,rmsd,l4juofkg,l4juofkg::RMSD,sdu6-homo / RMSD,RMSD,Time (ps),41900,0.18068895,nm,nm
line,overlay,sdu6-homo,sdu6-homo,rmsd,l4juofkg,l4juofkg::RMSD,sdu6-homo / RMSD,RMSD,Time (ps),42000,0.18291852,nm,nm
line,overlay,sdu6-homo,sdu6-homo,rmsd,l4juofkg,l4juofkg::RMSD,sdu6-homo / RMSD,RMSD,Time (ps),42100,0.17482184,nm,nm
line,overlay,sdu6-homo,sdu6-homo,rmsd,l4juofkg,l4juofkg::RMSD,sdu6-homo / RMSD,RMSD,Time (ps),42200,0.19030708,nm,nm
line,overlay,sdu6-homo,sdu6-homo,rmsd,l4juofkg,l4juofkg::RMSD,sdu6-homo / RMSD,RMSD,Time (ps),42300,0.17504999,nm,nm
line,overlay,sdu6-homo,sdu6-homo,rmsd,l4juofkg,l4juofkg::RMSD,sdu6-homo / RMSD,RMSD,Time (ps),42400,0.18721227,nm,nm
line,overlay,sdu6-homo,sdu6-homo,rmsd,l4juofkg,l4juofkg::RMSD,sdu6-homo / RMSD,RMSD,Time (ps),42500,0.20287605,nm,nm
line,overlay,sdu6-homo,sdu6-homo,rmsd,l4juofkg,l4juofkg::RMSD,sdu6-homo / RMSD,RMSD,Time (ps),42600,0.1893322,nm,nm
line,overlay,sdu6-homo,sdu6-homo,rmsd,l4juofkg,l4juofkg::RMSD,sdu6-homo / RMSD,RMSD,Time (ps),42700,0.17212664,nm,nm
line,overlay,sdu6-homo,sdu6-homo,rmsd,l4juofkg,l4juofkg::RMSD,sdu6-homo / RMSD,RMSD,Time (ps),42800,0.17486334,nm,nm
line,overlay,sdu6-homo,sdu6-homo,rmsd,l4juofkg,l4juofkg::RMSD,sdu6-homo / RMSD,RMSD,Time (ps),42900,0.19481857,nm,nm
line,overlay,sdu6-homo,sdu6-homo,rmsd,l4juofkg,l4juofkg::RMSD,sdu6-homo / RMSD,RMSD,Time (ps),43000,0.16972484,nm,nm
line,overlay,sdu6-homo,sdu6-homo,rmsd,l4juofkg,l4juofkg::RMSD,sdu6-homo / RMSD,RMSD,Time (ps),43100,0.16541901,nm,nm
line,overlay,sdu6-homo,sdu6-homo,rmsd,l4juofkg,l4juofkg::RMSD,sdu6-homo / RMSD,RMSD,Time (ps),43200,0.17570613,nm,nm
line,overlay,sdu6-homo,sdu6-homo,rmsd,l4juofkg,l4juofkg::RMSD,sdu6-homo / RMSD,RMSD,Time (ps),43300,0.17355117,nm,nm
line,overlay,sdu6-homo,sdu6-homo,rmsd,l4juofkg,l4juofkg::RMSD,sdu6-homo / RMSD,RMSD,Time (ps),43400,0.19285038,nm,nm
line,overlay,sdu6-homo,sdu6-homo,rmsd,l4juofkg,l4juofkg::RMSD,sdu6-homo / RMSD,RMSD,Time (ps),43500,0.18596773,nm,nm
line,overlay,sdu6-homo,sdu6-homo,rmsd,l4juofkg,l4juofkg::RMSD,sdu6-homo / RMSD,RMSD,Time (ps),43600,0.18237647,nm,nm
line,overlay,sdu6-homo,sdu6-homo,rmsd,l4juofkg,l4juofkg::RMSD,sdu6-homo / RMSD,RMSD,Time (ps),43700,0.19900666,nm,nm
line,overlay,sdu6-homo,sdu6-homo,rmsd,l4juofkg,l4juofkg::RMSD,sdu6-homo / RMSD,RMSD,Time (ps),43800,0.18704885,nm,nm
line,overlay,sdu6-homo,sdu6-homo,rmsd,l4juofkg,l4juofkg::RMSD,sdu6-homo / RMSD,RMSD,Time (ps),43900,0.16777432,nm,nm
line,overlay,sdu6-homo,sdu6-homo,rmsd,l4juofkg,l4juofkg::RMSD,sdu6-homo / RMSD,RMSD,Time (ps),44000,0.1720423,nm,nm
line,overlay,sdu6-homo,sdu6-homo,rmsd,l4juofkg,l4juofkg::RMSD,sdu6-homo / RMSD,RMSD,Time (ps),44100,0.17550246,nm,nm
line,overlay,sdu6-homo,sdu6-homo,rmsd,l4juofkg,l4juofkg::RMSD,sdu6-homo / RMSD,RMSD,Time (ps),44200,0.18421182,nm,nm
line,overlay,sdu6-homo,sdu6-homo,rmsd,l4juofkg,l4juofkg::RMSD,sdu6-homo / RMSD,RMSD,Time (ps),44300,0.18101569,nm,nm
line,overlay,sdu6-homo,sdu6-homo,rmsd,l4juofkg,l4juofkg::RMSD,sdu6-homo / RMSD,RMSD,Time (ps),44400,0.17895944,nm,nm
line,overlay,sdu6-homo,sdu6-homo,rmsd,l4juofkg,l4juofkg::RMSD,sdu6-homo / RMSD,RMSD,Time (ps),44500,0.1700635,nm,nm
line,overlay,sdu6-homo,sdu6-homo,rmsd,l4juofkg,l4juofkg::RMSD,sdu6-homo / RMSD,RMSD,Time (ps),44600,0.17719257,nm,nm
line,overlay,sdu6-homo,sdu6-homo,rmsd,l4juofkg,l4juofkg::RMSD,sdu6-homo / RMSD,RMSD,Time (ps),44700,0.17244555,nm,nm
line,overlay,sdu6-homo,sdu6-homo,rmsd,l4juofkg,l4juofkg::RMSD,sdu6-homo / RMSD,RMSD,Time (ps),44800,0.18461375,nm,nm
line,overlay,sdu6-homo,sdu6-homo,rmsd,l4juofkg,l4juofkg::RMSD,sdu6-homo / RMSD,RMSD,Time (ps),44900,0.18264629,nm,nm
line,overlay,sdu6-homo,sdu6-homo,rmsd,l4juofkg,l4juofkg::RMSD,sdu6-homo / RMSD,RMSD,Time (ps),45000,0.1793009,nm,nm
line,overlay,sdu6-homo,sdu6-homo,rmsd,l4juofkg,l4juofkg::RMSD,sdu6-homo / RMSD,RMSD,Time (ps),45100,0.19185333,nm,nm
line,overlay,sdu6-homo,sdu6-homo,rmsd,l4juofkg,l4juofkg::RMSD,sdu6-homo / RMSD,RMSD,Time (ps),45200,0.19420834,nm,nm
line,overlay,sdu6-homo,sdu6-homo,rmsd,l4juofkg,l4juofkg::RMSD,sdu6-homo / RMSD,RMSD,Time (ps),45300,0.16938856,nm,nm
line,overlay,sdu6-homo,sdu6-homo,rmsd,l4juofkg,l4juofkg::RMSD,sdu6-homo / RMSD,RMSD,Time (ps),45400,0.1725357,nm,nm
line,overlay,sdu6-homo,sdu6-homo,rmsd,l4juofkg,l4juofkg::RMSD,sdu6-homo / RMSD,RMSD,Time (ps),45500,0.17958687,nm,nm
line,overlay,sdu6-homo,sdu6-homo,rmsd,l4juofkg,l4juofkg::RMSD,sdu6-homo / RMSD,RMSD,Time (ps),45600,0.18214042,nm,nm
line,overlay,sdu6-homo,sdu6-homo,rmsd,l4juofkg,l4juofkg::RMSD,sdu6-homo / RMSD,RMSD,Time (ps),45700,0.18368204,nm,nm
line,overlay,sdu6-homo,sdu6-homo,rmsd,l4juofkg,l4juofkg::RMSD,sdu6-homo / RMSD,RMSD,Time (ps),45800,0.17491077,nm,nm
line,overlay,sdu6-homo,sdu6-homo,rmsd,l4juofkg,l4juofkg::RMSD,sdu6-homo / RMSD,RMSD,Time (ps),45900,0.1848915,nm,nm
line,overlay,sdu6-homo,sdu6-homo,rmsd,l4juofkg,l4juofkg::RMSD,sdu6-homo / RMSD,RMSD,Time (ps),46000,0.17278787,nm,nm
line,overlay,sdu6-homo,sdu6-homo,rmsd,l4juofkg,l4juofkg::RMSD,sdu6-homo / RMSD,RMSD,Time (ps),46100,0.17872177,nm,nm
line,overlay,sdu6-homo,sdu6-homo,rmsd,l4juofkg,l4juofkg::RMSD,sdu6-homo / RMSD,RMSD,Time (ps),46200,0.18344484,nm,nm
line,overlay,sdu6-homo,sdu6-homo,rmsd,l4juofkg,l4juofkg::RMSD,sdu6-homo / RMSD,RMSD,Time (ps),46300,0.17288984,nm,nm
line,overlay,sdu6-homo,sdu6-homo,rmsd,l4juofkg,l4juofkg::RMSD,sdu6-homo / RMSD,RMSD,Time (ps),46400,0.16805832,nm,nm
line,overlay,sdu6-homo,sdu6-homo,rmsd,l4juofkg,l4juofkg::RMSD,sdu6-homo / RMSD,RMSD,Time (ps),46500,0.16725758,nm,nm
line,overlay,sdu6-homo,sdu6-homo,rmsd,l4juofkg,l4juofkg::RMSD,sdu6-homo / RMSD,RMSD,Time (ps),46600,0.18282215,nm,nm
line,overlay,sdu6-homo,sdu6-homo,rmsd,l4juofkg,l4juofkg::RMSD,sdu6-homo / RMSD,RMSD,Time (ps),46700,0.18252137,nm,nm
line,overlay,sdu6-homo,sdu6-homo,rmsd,l4juofkg,l4juofkg::RMSD,sdu6-homo / RMSD,RMSD,Time (ps),46800,0.17989543,nm,nm
line,overlay,sdu6-homo,sdu6-homo,rmsd,l4juofkg,l4juofkg::RMSD,sdu6-homo / RMSD,RMSD,Time (ps),46900,0.17305467,nm,nm
line,overlay,sdu6-homo,sdu6-homo,rmsd,l4juofkg,l4juofkg::RMSD,sdu6-homo / RMSD,RMSD,Time (ps),47000,0.19046499,nm,nm
line,overlay,sdu6-homo,sdu6-homo,rmsd,l4juofkg,l4juofkg::RMSD,sdu6-homo / RMSD,RMSD,Time (ps),47100,0.17805928,nm,nm
line,overlay,sdu6-homo,sdu6-homo,rmsd,l4juofkg,l4juofkg::RMSD,sdu6-homo / RMSD,RMSD,Time (ps),47200,0.17464681,nm,nm
line,overlay,sdu6-homo,sdu6-homo,rmsd,l4juofkg,l4juofkg::RMSD,sdu6-homo / RMSD,RMSD,Time (ps),47300,0.18374695,nm,nm
line,overlay,sdu6-homo,sdu6-homo,rmsd,l4juofkg,l4juofkg::RMSD,sdu6-homo / RMSD,RMSD,Time (ps),47400,0.16135503,nm,nm
line,overlay,sdu6-homo,sdu6-homo,rmsd,l4juofkg,l4juofkg::RMSD,sdu6-homo / RMSD,RMSD,Time (ps),47500,0.16799045,nm,nm
line,overlay,sdu6-homo,sdu6-homo,rmsd,l4juofkg,l4juofkg::RMSD,sdu6-homo / RMSD,RMSD,Time (ps),47600,0.18418086,nm,nm
line,overlay,sdu6-homo,sdu6-homo,rmsd,l4juofkg,l4juofkg::RMSD,sdu6-homo / RMSD,RMSD,Time (ps),47700,0.16356294,nm,nm
line,overlay,sdu6-homo,sdu6-homo,rmsd,l4juofkg,l4juofkg::RMSD,sdu6-homo / RMSD,RMSD,Time (ps),47800,0.17696133,nm,nm
line,overlay,sdu6-homo,sdu6-homo,rmsd,l4juofkg,l4juofkg::RMSD,sdu6-homo / RMSD,RMSD,Time (ps),47900,0.18742535,nm,nm
line,overlay,sdu6-homo,sdu6-homo,rmsd,l4juofkg,l4juofkg::RMSD,sdu6-homo / RMSD,RMSD,Time (ps),48000,0.19260564,nm,nm
line,overlay,sdu6-homo,sdu6-homo,rmsd,l4juofkg,l4juofkg::RMSD,sdu6-homo / RMSD,RMSD,Time (ps),48100,0.1984981,nm,nm
line,overlay,sdu6-homo,sdu6-homo,rmsd,l4juofkg,l4juofkg::RMSD,sdu6-homo / RMSD,RMSD,Time (ps),48200,0.19004269,nm,nm
line,overlay,sdu6-homo,sdu6-homo,rmsd,l4juofkg,l4juofkg::RMSD,sdu6-homo / RMSD,RMSD,Time (ps),48300,0.191342,nm,nm
line,overlay,sdu6-homo,sdu6-homo,rmsd,l4juofkg,l4juofkg::RMSD,sdu6-homo / RMSD,RMSD,Time (ps),48400,0.18033288,nm,nm
line,overlay,sdu6-homo,sdu6-homo,rmsd,l4juofkg,l4juofkg::RMSD,sdu6-homo / RMSD,RMSD,Time (ps),48500,0.20112857,nm,nm
line,overlay,sdu6-homo,sdu6-homo,rmsd,l4juofkg,l4juofkg::RMSD,sdu6-homo / RMSD,RMSD,Time (ps),48600,0.1864493,nm,nm
line,overlay,sdu6-homo,sdu6-homo,rmsd,l4juofkg,l4juofkg::RMSD,sdu6-homo / RMSD,RMSD,Time (ps),48700,0.18812373,nm,nm
line,overlay,sdu6-homo,sdu6-homo,rmsd,l4juofkg,l4juofkg::RMSD,sdu6-homo / RMSD,RMSD,Time (ps),48800,0.18596773,nm,nm
line,overlay,sdu6-homo,sdu6-homo,rmsd,l4juofkg,l4juofkg::RMSD,sdu6-homo / RMSD,RMSD,Time (ps),48900,0.18972604,nm,nm
line,overlay,sdu6-homo,sdu6-homo,rmsd,l4juofkg,l4juofkg::RMSD,sdu6-homo / RMSD,RMSD,Time (ps),49000,0.1711633,nm,nm
line,overlay,sdu6-homo,sdu6-homo,rmsd,l4juofkg,l4juofkg::RMSD,sdu6-homo / RMSD,RMSD,Time (ps),49100,0.18482421,nm,nm
line,overlay,sdu6-homo,sdu6-homo,rmsd,l4juofkg,l4juofkg::RMSD,sdu6-homo / RMSD,RMSD,Time (ps),49200,0.17743814,nm,nm
line,overlay,sdu6-homo,sdu6-homo,rmsd,l4juofkg,l4juofkg::RMSD,sdu6-homo / RMSD,RMSD,Time (ps),49300,0.18276261,nm,nm
line,overlay,sdu6-homo,sdu6-homo,rmsd,l4juofkg,l4juofkg::RMSD,sdu6-homo / RMSD,RMSD,Time (ps),49400,0.18649378,nm,nm
line,overlay,sdu6-homo,sdu6-homo,rmsd,l4juofkg,l4juofkg::RMSD,sdu6-homo / RMSD,RMSD,Time (ps),49500,0.17680894,nm,nm
line,overlay,sdu6-homo,sdu6-homo,rmsd,l4juofkg,l4juofkg::RMSD,sdu6-homo / RMSD,RMSD,Time (ps),49600,0.17317443,nm,nm
line,overlay,sdu6-homo,sdu6-homo,rmsd,l4juofkg,l4juofkg::RMSD,sdu6-homo / RMSD,RMSD,Time (ps),49700,0.18827248,nm,nm
line,overlay,sdu6-homo,sdu6-homo,rmsd,l4juofkg,l4juofkg::RMSD,sdu6-homo / RMSD,RMSD,Time (ps),49800,0.18057129,nm,nm
line,overlay,sdu6-homo,sdu6-homo,rmsd,l4juofkg,l4juofkg::RMSD,sdu6-homo / RMSD,RMSD,Time (ps),49900,0.19213949,nm,nm
line,overlay,sdu6-homo,sdu6-homo,rmsd,l4juofkg,l4juofkg::RMSD,sdu6-homo / RMSD,RMSD,Time (ps),50000,0.1861321,nm,nm
line,overlay,sdu6-homo,sdu6-homo,rmsd,l4juofkg,l4juofkg::RMSD,sdu6-homo / RMSD,RMSD,Time (ps),50100,0.18412174,nm,nm
line,overlay,sdu6-homo,sdu6-homo,rmsd,l4juofkg,l4juofkg::RMSD,sdu6-homo / RMSD,RMSD,Time (ps),50200,0.18396685,nm,nm
line,overlay,sdu6-homo,sdu6-homo,rmsd,l4juofkg,l4juofkg::RMSD,sdu6-homo / RMSD,RMSD,Time (ps),50300,0.19532876,nm,nm
line,overlay,sdu6-homo,sdu6-homo,rmsd,l4juofkg,l4juofkg::RMSD,sdu6-homo / RMSD,RMSD,Time (ps),50400,0.19854249,nm,nm
line,overlay,sdu6-homo,sdu6-homo,rmsd,l4juofkg,l4juofkg::RMSD,sdu6-homo / RMSD,RMSD,Time (ps),50500,0.17290783,nm,nm
line,overlay,sdu6-homo,sdu6-homo,rmsd,l4juofkg,l4juofkg::RMSD,sdu6-homo / RMSD,RMSD,Time (ps),50600,0.18704607,nm,nm
line,overlay,sdu6-homo,sdu6-homo,rmsd,l4juofkg,l4juofkg::RMSD,sdu6-homo / RMSD,RMSD,Time (ps),50700,0.19775248,nm,nm
line,overlay,sdu6-homo,sdu6-homo,rmsd,l4juofkg,l4juofkg::RMSD,sdu6-homo / RMSD,RMSD,Time (ps),50800,0.17947137,nm,nm
line,overlay,sdu6-homo,sdu6-homo,rmsd,l4juofkg,l4juofkg::RMSD,sdu6-homo / RMSD,RMSD,Time (ps),50900,0.18994175,nm,nm
line,overlay,sdu6-homo,sdu6-homo,rmsd,l4juofkg,l4juofkg::RMSD,sdu6-homo / RMSD,RMSD,Time (ps),51000,0.18764646,nm,nm
line,overlay,sdu6-homo,sdu6-homo,rmsd,l4juofkg,l4juofkg::RMSD,sdu6-homo / RMSD,RMSD,Time (ps),51100,0.185859,nm,nm
line,overlay,sdu6-homo,sdu6-homo,rmsd,l4juofkg,l4juofkg::RMSD,sdu6-homo / RMSD,RMSD,Time (ps),51200,0.18667436,nm,nm
line,overlay,sdu6-homo,sdu6-homo,rmsd,l4juofkg,l4juofkg::RMSD,sdu6-homo / RMSD,RMSD,Time (ps),51300,0.18071476,nm,nm
line,overlay,sdu6-homo,sdu6-homo,rmsd,l4juofkg,l4juofkg::RMSD,sdu6-homo / RMSD,RMSD,Time (ps),51400,0.196258,nm,nm
line,overlay,sdu6-homo,sdu6-homo,rmsd,l4juofkg,l4juofkg::RMSD,sdu6-homo / RMSD,RMSD,Time (ps),51500,0.20051943,nm,nm
line,overlay,sdu6-homo,sdu6-homo,rmsd,l4juofkg,l4juofkg::RMSD,sdu6-homo / RMSD,RMSD,Time (ps),51600,0.19458164,nm,nm
line,overlay,sdu6-homo,sdu6-homo,rmsd,l4juofkg,l4juofkg::RMSD,sdu6-homo / RMSD,RMSD,Time (ps),51700,0.17739724,nm,nm
line,overlay,sdu6-homo,sdu6-homo,rmsd,l4juofkg,l4juofkg::RMSD,sdu6-homo / RMSD,RMSD,Time (ps),51800,0.18482421,nm,nm
line,overlay,sdu6-homo,sdu6-homo,rmsd,l4juofkg,l4juofkg::RMSD,sdu6-homo / RMSD,RMSD,Time (ps),51900,0.18983257,nm,nm
line,overlay,sdu6-homo,sdu6-homo,rmsd,l4juofkg,l4juofkg::RMSD,sdu6-homo / RMSD,RMSD,Time (ps),52000,0.19226086,nm,nm
line,overlay,sdu6-homo,sdu6-homo,rmsd,l4juofkg,l4juofkg::RMSD,sdu6-homo / RMSD,RMSD,Time (ps),52100,0.1944004,nm,nm
line,overlay,sdu6-homo,sdu6-homo,rmsd,l4juofkg,l4juofkg::RMSD,sdu6-homo / RMSD,RMSD,Time (ps),52200,0.1882642,nm,nm
line,overlay,sdu6-homo,sdu6-homo,rmsd,l4juofkg,l4juofkg::RMSD,sdu6-homo / RMSD,RMSD,Time (ps),52300,0.1848887,nm,nm
line,overlay,sdu6-homo,sdu6-homo,rmsd,l4juofkg,l4juofkg::RMSD,sdu6-homo / RMSD,RMSD,Time (ps),52400,0.18274842,nm,nm
line,overlay,sdu6-homo,sdu6-homo,rmsd,l4juofkg,l4juofkg::RMSD,sdu6-homo / RMSD,RMSD,Time (ps),52500,0.18994448,nm,nm
line,overlay,sdu6-homo,sdu6-homo,rmsd,l4juofkg,l4juofkg::RMSD,sdu6-homo / RMSD,RMSD,Time (ps),52600,0.1863631,nm,nm
line,overlay,sdu6-homo,sdu6-homo,rmsd,l4juofkg,l4juofkg::RMSD,sdu6-homo / RMSD,RMSD,Time (ps),52700,0.17344362,nm,nm
line,overlay,sdu6-homo,sdu6-homo,rmsd,l4juofkg,l4juofkg::RMSD,sdu6-homo / RMSD,RMSD,Time (ps),52800,0.17690568,nm,nm
line,overlay,sdu6-homo,sdu6-homo,rmsd,l4juofkg,l4juofkg::RMSD,sdu6-homo / RMSD,RMSD,Time (ps),52900,0.16723278,nm,nm
line,overlay,sdu6-homo,sdu6-homo,rmsd,l4juofkg,l4juofkg::RMSD,sdu6-homo / RMSD,RMSD,Time (ps),53000,0.17881167,nm,nm
line,overlay,sdu6-homo,sdu6-homo,rmsd,l4juofkg,l4juofkg::RMSD,sdu6-homo / RMSD,RMSD,Time (ps),53100,0.19053845,nm,nm
line,overlay,sdu6-homo,sdu6-homo,rmsd,l4juofkg,l4juofkg::RMSD,sdu6-homo / RMSD,RMSD,Time (ps),53200,0.18335158,nm,nm
line,overlay,sdu6-homo,sdu6-homo,rmsd,l4juofkg,l4juofkg::RMSD,sdu6-homo / RMSD,RMSD,Time (ps),53300,0.17528673,nm,nm
line,overlay,sdu6-homo,sdu6-homo,rmsd,l4juofkg,l4juofkg::RMSD,sdu6-homo / RMSD,RMSD,Time (ps),53400,0.18425682,nm,nm
line,overlay,sdu6-homo,sdu6-homo,rmsd,l4juofkg,l4juofkg::RMSD,sdu6-homo / RMSD,RMSD,Time (ps),53500,0.1923552,nm,nm
line,overlay,sdu6-homo,sdu6-homo,rmsd,l4juofkg,l4juofkg::RMSD,sdu6-homo / RMSD,RMSD,Time (ps),53600,0.18861906,nm,nm
line,overlay,sdu6-homo,sdu6-homo,rmsd,l4juofkg,l4juofkg::RMSD,sdu6-homo / RMSD,RMSD,Time (ps),53700,0.18641038,nm,nm
line,overlay,sdu6-homo,sdu6-homo,rmsd,l4juofkg,l4juofkg::RMSD,sdu6-homo / RMSD,RMSD,Time (ps),53800,0.18163316,nm,nm
line,overlay,sdu6-homo,sdu6-homo,rmsd,l4juofkg,l4juofkg::RMSD,sdu6-homo / RMSD,RMSD,Time (ps),53900,0.18761331,nm,nm
line,overlay,sdu6-homo,sdu6-homo,rmsd,l4juofkg,l4juofkg::RMSD,sdu6-homo / RMSD,RMSD,Time (ps),54000,0.17300373,nm,nm
line,overlay,sdu6-homo,sdu6-homo,rmsd,l4juofkg,l4juofkg::RMSD,sdu6-homo / RMSD,RMSD,Time (ps),54100,0.18441993,nm,nm
line,overlay,sdu6-homo,sdu6-homo,rmsd,l4juofkg,l4juofkg::RMSD,sdu6-homo / RMSD,RMSD,Time (ps),54200,0.17990986,nm,nm
line,overlay,sdu6-homo,sdu6-homo,rmsd,l4juofkg,l4juofkg::RMSD,sdu6-homo / RMSD,RMSD,Time (ps),54300,0.17948581,nm,nm
line,overlay,sdu6-homo,sdu6-homo,rmsd,l4juofkg,l4juofkg::RMSD,sdu6-homo / RMSD,RMSD,Time (ps),54400,0.18888544,nm,nm
line,overlay,sdu6-homo,sdu6-homo,rmsd,l4juofkg,l4juofkg::RMSD,sdu6-homo / RMSD,RMSD,Time (ps),54500,0.19501272,nm,nm
line,overlay,sdu6-homo,sdu6-homo,rmsd,l4juofkg,l4juofkg::RMSD,sdu6-homo / RMSD,RMSD,Time (ps),54600,0.1923606,nm,nm
line,overlay,sdu6-homo,sdu6-homo,rmsd,l4juofkg,l4juofkg::RMSD,sdu6-homo / RMSD,RMSD,Time (ps),54700,0.19763187,nm,nm
line,overlay,sdu6-homo,sdu6-homo,rmsd,l4juofkg,l4juofkg::RMSD,sdu6-homo / RMSD,RMSD,Time (ps),54800,0.18910758,nm,nm
line,overlay,sdu6-homo,sdu6-homo,rmsd,l4juofkg,l4juofkg::RMSD,sdu6-homo / RMSD,RMSD,Time (ps),54900,0.19915767,nm,nm
line,overlay,sdu6-homo,sdu6-homo,rmsd,l4juofkg,l4juofkg::RMSD,sdu6-homo / RMSD,RMSD,Time (ps),55000,0.19394659,nm,nm
line,overlay,sdu6-homo,sdu6-homo,rmsd,l4juofkg,l4juofkg::RMSD,sdu6-homo / RMSD,RMSD,Time (ps),55100,0.18370745,nm,nm
line,overlay,sdu6-homo,sdu6-homo,rmsd,l4juofkg,l4juofkg::RMSD,sdu6-homo / RMSD,RMSD,Time (ps),55200,0.19792016,nm,nm
line,overlay,sdu6-homo,sdu6-homo,rmsd,l4juofkg,l4juofkg::RMSD,sdu6-homo / RMSD,RMSD,Time (ps),55300,0.18945263,nm,nm
line,overlay,sdu6-homo,sdu6-homo,rmsd,l4juofkg,l4juofkg::RMSD,sdu6-homo / RMSD,RMSD,Time (ps),55400,0.1870821,nm,nm
line,overlay,sdu6-homo,sdu6-homo,rmsd,l4juofkg,l4juofkg::RMSD,sdu6-homo / RMSD,RMSD,Time (ps),55500,0.18796112,nm,nm
line,overlay,sdu6-homo,sdu6-homo,rmsd,l4juofkg,l4juofkg::RMSD,sdu6-homo / RMSD,RMSD,Time (ps),55600,0.19629762,nm,nm
line,overlay,sdu6-homo,sdu6-homo,rmsd,l4juofkg,l4juofkg::RMSD,sdu6-homo / RMSD,RMSD,Time (ps),55700,0.18390486,nm,nm
line,overlay,sdu6-homo,sdu6-homo,rmsd,l4juofkg,l4juofkg::RMSD,sdu6-homo / RMSD,RMSD,Time (ps),55800,0.19383699,nm,nm
line,overlay,sdu6-homo,sdu6-homo,rmsd,l4juofkg,l4juofkg::RMSD,sdu6-homo / RMSD,RMSD,Time (ps),55900,0.19752167,nm,nm
line,overlay,sdu6-homo,sdu6-homo,rmsd,l4juofkg,l4juofkg::RMSD,sdu6-homo / RMSD,RMSD,Time (ps),56000,0.19649819,nm,nm
line,overlay,sdu6-homo,sdu6-homo,rmsd,l4juofkg,l4juofkg::RMSD,sdu6-homo / RMSD,RMSD,Time (ps),56100,0.195026,nm,nm
line,overlay,sdu6-homo,sdu6-homo,rmsd,l4juofkg,l4juofkg::RMSD,sdu6-homo / RMSD,RMSD,Time (ps),56200,0.18673266,nm,nm
line,overlay,sdu6-homo,sdu6-homo,rmsd,l4juofkg,l4juofkg::RMSD,sdu6-homo / RMSD,RMSD,Time (ps),56300,0.17820768,nm,nm
line,overlay,sdu6-homo,sdu6-homo,rmsd,l4juofkg,l4juofkg::RMSD,sdu6-homo / RMSD,RMSD,Time (ps),56400,0.17909263,nm,nm
line,overlay,sdu6-homo,sdu6-homo,rmsd,l4juofkg,l4juofkg::RMSD,sdu6-homo / RMSD,RMSD,Time (ps),56500,0.18517724,nm,nm
line,overlay,sdu6-homo,sdu6-homo,rmsd,l4juofkg,l4juofkg::RMSD,sdu6-homo / RMSD,RMSD,Time (ps),56600,0.19034521,nm,nm
line,overlay,sdu6-homo,sdu6-homo,rmsd,l4juofkg,l4juofkg::RMSD,sdu6-homo / RMSD,RMSD,Time (ps),56700,0.18329786,nm,nm
line,overlay,sdu6-homo,sdu6-homo,rmsd,l4juofkg,l4juofkg::RMSD,sdu6-homo / RMSD,RMSD,Time (ps),56800,0.17871886,nm,nm
line,overlay,sdu6-homo,sdu6-homo,rmsd,l4juofkg,l4juofkg::RMSD,sdu6-homo / RMSD,RMSD,Time (ps),56900,0.1840936,nm,nm
line,overlay,sdu6-homo,sdu6-homo,rmsd,l4juofkg,l4juofkg::RMSD,sdu6-homo / RMSD,RMSD,Time (ps),57000,0.17165622,nm,nm
line,overlay,sdu6-homo,sdu6-homo,rmsd,l4juofkg,l4juofkg::RMSD,sdu6-homo / RMSD,RMSD,Time (ps),57100,0.16897494,nm,nm
line,overlay,sdu6-homo,sdu6-homo,rmsd,l4juofkg,l4juofkg::RMSD,sdu6-homo / RMSD,RMSD,Time (ps),57200,0.18407951,nm,nm
line,overlay,sdu6-homo,sdu6-homo,rmsd,l4juofkg,l4juofkg::RMSD,sdu6-homo / RMSD,RMSD,Time (ps),57300,0.1784286,nm,nm
line,overlay,sdu6-homo,sdu6-homo,rmsd,l4juofkg,l4juofkg::RMSD,sdu6-homo / RMSD,RMSD,Time (ps),57400,0.16903628,nm,nm
line,overlay,sdu6-homo,sdu6-homo,rmsd,l4juofkg,l4juofkg::RMSD,sdu6-homo / RMSD,RMSD,Time (ps),57500,0.1741207,nm,nm
line,overlay,sdu6-homo,sdu6-homo,rmsd,l4juofkg,l4juofkg::RMSD,sdu6-homo / RMSD,RMSD,Time (ps),57600,0.17885225,nm,nm
line,overlay,sdu6-homo,sdu6-homo,rmsd,l4juofkg,l4juofkg::RMSD,sdu6-homo / RMSD,RMSD,Time (ps),57700,0.17763084,nm,nm
line,overlay,sdu6-homo,sdu6-homo,rmsd,l4juofkg,l4juofkg::RMSD,sdu6-homo / RMSD,RMSD,Time (ps),57800,0.1824532,nm,nm
line,overlay,sdu6-homo,sdu6-homo,rmsd,l4juofkg,l4juofkg::RMSD,sdu6-homo / RMSD,RMSD,Time (ps),57900,0.16275601,nm,nm
line,overlay,sdu6-homo,sdu6-homo,rmsd,l4juofkg,l4juofkg::RMSD,sdu6-homo / RMSD,RMSD,Time (ps),58000,0.16162786,nm,nm
line,overlay,sdu6-homo,sdu6-homo,rmsd,l4juofkg,l4juofkg::RMSD,sdu6-homo / RMSD,RMSD,Time (ps),58100,0.17184334,nm,nm
line,overlay,sdu6-homo,sdu6-homo,rmsd,l4juofkg,l4juofkg::RMSD,sdu6-homo / RMSD,RMSD,Time (ps),58200,0.16248508,nm,nm
line,overlay,sdu6-homo,sdu6-homo,rmsd,l4juofkg,l4juofkg::RMSD,sdu6-homo / RMSD,RMSD,Time (ps),58300,0.1709906,nm,nm
line,overlay,sdu6-homo,sdu6-homo,rmsd,l4juofkg,l4juofkg::RMSD,sdu6-homo / RMSD,RMSD,Time (ps),58400,0.15283558,nm,nm
line,overlay,sdu6-homo,sdu6-homo,rmsd,l4juofkg,l4juofkg::RMSD,sdu6-homo / RMSD,RMSD,Time (ps),58500,0.16496402,nm,nm
line,overlay,sdu6-homo,sdu6-homo,rmsd,l4juofkg,l4juofkg::RMSD,sdu6-homo / RMSD,RMSD,Time (ps),58600,0.1560608,nm,nm
line,overlay,sdu6-homo,sdu6-homo,rmsd,l4juofkg,l4juofkg::RMSD,sdu6-homo / RMSD,RMSD,Time (ps),58700,0.17653316,nm,nm
line,overlay,sdu6-homo,sdu6-homo,rmsd,l4juofkg,l4juofkg::RMSD,sdu6-homo / RMSD,RMSD,Time (ps),58800,0.16311866,nm,nm
line,overlay,sdu6-homo,sdu6-homo,rmsd,l4juofkg,l4juofkg::RMSD,sdu6-homo / RMSD,RMSD,Time (ps),58900,0.16216254,nm,nm
line,overlay,sdu6-homo,sdu6-homo,rmsd,l4juofkg,l4juofkg::RMSD,sdu6-homo / RMSD,RMSD,Time (ps),59000,0.17276688,nm,nm
line,overlay,sdu6-homo,sdu6-homo,rmsd,l4juofkg,l4juofkg::RMSD,sdu6-homo / RMSD,RMSD,Time (ps),59100,0.15743974,nm,nm
line,overlay,sdu6-homo,sdu6-homo,rmsd,l4juofkg,l4juofkg::RMSD,sdu6-homo / RMSD,RMSD,Time (ps),59200,0.16744031,nm,nm
line,overlay,sdu6-homo,sdu6-homo,rmsd,l4juofkg,l4juofkg::RMSD,sdu6-homo / RMSD,RMSD,Time (ps),59300,0.14506118,nm,nm
line,overlay,sdu6-homo,sdu6-homo,rmsd,l4juofkg,l4juofkg::RMSD,sdu6-homo / RMSD,RMSD,Time (ps),59400,0.15479016,nm,nm
line,overlay,sdu6-homo,sdu6-homo,rmsd,l4juofkg,l4juofkg::RMSD,sdu6-homo / RMSD,RMSD,Time (ps),59500,0.18680204,nm,nm
line,overlay,sdu6-homo,sdu6-homo,rmsd,l4juofkg,l4juofkg::RMSD,sdu6-homo / RMSD,RMSD,Time (ps),59600,0.17224404,nm,nm
line,overlay,sdu6-homo,sdu6-homo,rmsd,l4juofkg,l4juofkg::RMSD,sdu6-homo / RMSD,RMSD,Time (ps),59700,0.16697532,nm,nm
line,overlay,sdu6-homo,sdu6-homo,rmsd,l4juofkg,l4juofkg::RMSD,sdu6-homo / RMSD,RMSD,Time (ps),59800,0.16105922,nm,nm
line,overlay,sdu6-homo,sdu6-homo,rmsd,l4juofkg,l4juofkg::RMSD,sdu6-homo / RMSD,RMSD,Time (ps),59900,0.17459932,nm,nm
line,overlay,sdu6-homo,sdu6-homo,rmsd,l4juofkg,l4juofkg::RMSD,sdu6-homo / RMSD,RMSD,Time (ps),60000,0.1579722,nm,nm
line,overlay,sdu6-homo,sdu6-homo,rmsd,l4juofkg,l4juofkg::RMSD,sdu6-homo / RMSD,RMSD,Time (ps),60100,0.17106636,nm,nm
line,overlay,sdu6-homo,sdu6-homo,rmsd,l4juofkg,l4juofkg::RMSD,sdu6-homo / RMSD,RMSD,Time (ps),60200,0.17823967,nm,nm
line,overlay,sdu6-homo,sdu6-homo,rmsd,l4juofkg,l4juofkg::RMSD,sdu6-homo / RMSD,RMSD,Time (ps),60300,0.17474176,nm,nm
line,overlay,sdu6-homo,sdu6-homo,rmsd,l4juofkg,l4juofkg::RMSD,sdu6-homo / RMSD,RMSD,Time (ps),60400,0.16270503,nm,nm
line,overlay,sdu6-homo,sdu6-homo,rmsd,l4juofkg,l4juofkg::RMSD,sdu6-homo / RMSD,RMSD,Time (ps),60500,0.15867282,nm,nm
line,overlay,sdu6-homo,sdu6-homo,rmsd,l4juofkg,l4juofkg::RMSD,sdu6-homo / RMSD,RMSD,Time (ps),60600,0.16197705,nm,nm
line,overlay,sdu6-homo,sdu6-homo,rmsd,l4juofkg,l4juofkg::RMSD,sdu6-homo / RMSD,RMSD,Time (ps),60700,0.18390203,nm,nm
line,overlay,sdu6-homo,sdu6-homo,rmsd,l4juofkg,l4juofkg::RMSD,sdu6-homo / RMSD,RMSD,Time (ps),60800,0.15808372,nm,nm
line,overlay,sdu6-homo,sdu6-homo,rmsd,l4juofkg,l4juofkg::RMSD,sdu6-homo / RMSD,RMSD,Time (ps),60900,0.15747924,nm,nm
line,overlay,sdu6-homo,sdu6-homo,rmsd,l4juofkg,l4juofkg::RMSD,sdu6-homo / RMSD,RMSD,Time (ps),61000,0.16614127,nm,nm
line,overlay,sdu6-homo,sdu6-homo,rmsd,l4juofkg,l4juofkg::RMSD,sdu6-homo / RMSD,RMSD,Time (ps),61100,0.170672,nm,nm
line,overlay,sdu6-homo,sdu6-homo,rmsd,l4juofkg,l4juofkg::RMSD,sdu6-homo / RMSD,RMSD,Time (ps),61200,0.15886545,nm,nm
line,overlay,sdu6-homo,sdu6-homo,rmsd,l4juofkg,l4juofkg::RMSD,sdu6-homo / RMSD,RMSD,Time (ps),61300,0.16966374,nm,nm
line,overlay,sdu6-homo,sdu6-homo,rmsd,l4juofkg,l4juofkg::RMSD,sdu6-homo / RMSD,RMSD,Time (ps),61400,0.16168877,nm,nm
line,overlay,sdu6-homo,sdu6-homo,rmsd,l4juofkg,l4juofkg::RMSD,sdu6-homo / RMSD,RMSD,Time (ps),61500,0.17259277,nm,nm
line,overlay,sdu6-homo,sdu6-homo,rmsd,l4juofkg,l4juofkg::RMSD,sdu6-homo / RMSD,RMSD,Time (ps),61600,0.1805512,nm,nm
line,overlay,sdu6-homo,sdu6-homo,rmsd,l4juofkg,l4juofkg::RMSD,sdu6-homo / RMSD,RMSD,Time (ps),61700,0.17466165,nm,nm
line,overlay,sdu6-homo,sdu6-homo,rmsd,l4juofkg,l4juofkg::RMSD,sdu6-homo / RMSD,RMSD,Time (ps),61800,0.15014963,nm,nm
line,overlay,sdu6-homo,sdu6-homo,rmsd,l4juofkg,l4juofkg::RMSD,sdu6-homo / RMSD,RMSD,Time (ps),61900,0.16437854,nm,nm
line,overlay,sdu6-homo,sdu6-homo,rmsd,l4juofkg,l4juofkg::RMSD,sdu6-homo / RMSD,RMSD,Time (ps),62000,0.15625332,nm,nm
line,overlay,sdu6-homo,sdu6-homo,rmsd,l4juofkg,l4juofkg::RMSD,sdu6-homo / RMSD,RMSD,Time (ps),62100,0.18407951,nm,nm
line,overlay,sdu6-homo,sdu6-homo,rmsd,l4juofkg,l4juofkg::RMSD,sdu6-homo / RMSD,RMSD,Time (ps),62200,0.15804765,nm,nm
line,overlay,sdu6-homo,sdu6-homo,rmsd,l4juofkg,l4juofkg::RMSD,sdu6-homo / RMSD,RMSD,Time (ps),62300,0.18200947,nm,nm
line,overlay,sdu6-homo,sdu6-homo,rmsd,l4juofkg,l4juofkg::RMSD,sdu6-homo / RMSD,RMSD,Time (ps),62400,0.17829202,nm,nm
line,overlay,sdu6-homo,sdu6-homo,rmsd,l4juofkg,l4juofkg::RMSD,sdu6-homo / RMSD,RMSD,Time (ps),62500,0.18275125,nm,nm
line,overlay,sdu6-homo,sdu6-homo,rmsd,l4juofkg,l4juofkg::RMSD,sdu6-homo / RMSD,RMSD,Time (ps),62600,0.1888772,nm,nm
line,overlay,sdu6-homo,sdu6-homo,rmsd,l4juofkg,l4juofkg::RMSD,sdu6-homo / RMSD,RMSD,Time (ps),62700,0.1961576,nm,nm
line,overlay,sdu6-homo,sdu6-homo,rmsd,l4juofkg,l4juofkg::RMSD,sdu6-homo / RMSD,RMSD,Time (ps),62800,0.18388793,nm,nm
line,overlay,sdu6-homo,sdu6-homo,rmsd,l4juofkg,l4juofkg::RMSD,sdu6-homo / RMSD,RMSD,Time (ps),62900,0.17246358,nm,nm
line,overlay,sdu6-homo,sdu6-homo,rmsd,l4juofkg,l4juofkg::RMSD,sdu6-homo / RMSD,RMSD,Time (ps),63000,0.18298653,nm,nm
line,overlay,sdu6-homo,sdu6-homo,rmsd,l4juofkg,l4juofkg::RMSD,sdu6-homo / RMSD,RMSD,Time (ps),63100,0.18413301,nm,nm
line,overlay,sdu6-homo,sdu6-homo,rmsd,l4juofkg,l4juofkg::RMSD,sdu6-homo / RMSD,RMSD,Time (ps),63200,0.166907,nm,nm
line,overlay,sdu6-homo,sdu6-homo,rmsd,l4juofkg,l4juofkg::RMSD,sdu6-homo / RMSD,RMSD,Time (ps),63300,0.18272856,nm,nm
line,overlay,sdu6-homo,sdu6-homo,rmsd,l4juofkg,l4juofkg::RMSD,sdu6-homo / RMSD,RMSD,Time (ps),63400,0.19032614,nm,nm
line,overlay,sdu6-homo,sdu6-homo,rmsd,l4juofkg,l4juofkg::RMSD,sdu6-homo / RMSD,RMSD,Time (ps),63500,0.2001054,nm,nm
line,overlay,sdu6-homo,sdu6-homo,rmsd,l4juofkg,l4juofkg::RMSD,sdu6-homo / RMSD,RMSD,Time (ps),63600,0.19322632,nm,nm
line,overlay,sdu6-homo,sdu6-homo,rmsd,l4juofkg,l4juofkg::RMSD,sdu6-homo / RMSD,RMSD,Time (ps),63700,0.19693033,nm,nm
line,overlay,sdu6-homo,sdu6-homo,rmsd,l4juofkg,l4juofkg::RMSD,sdu6-homo / RMSD,RMSD,Time (ps),63800,0.19856599,nm,nm
line,overlay,sdu6-homo,sdu6-homo,rmsd,l4juofkg,l4juofkg::RMSD,sdu6-homo / RMSD,RMSD,Time (ps),63900,0.18998814,nm,nm
line,overlay,sdu6-homo,sdu6-homo,rmsd,l4juofkg,l4juofkg::RMSD,sdu6-homo / RMSD,RMSD,Time (ps),64000,0.18060574,nm,nm
line,overlay,sdu6-homo,sdu6-homo,rmsd,l4juofkg,l4juofkg::RMSD,sdu6-homo / RMSD,RMSD,Time (ps),64100,0.17320436,nm,nm
line,overlay,sdu6-homo,sdu6-homo,rmsd,l4juofkg,l4juofkg::RMSD,sdu6-homo / RMSD,RMSD,Time (ps),64200,0.1762687,nm,nm
line,overlay,sdu6-homo,sdu6-homo,rmsd,l4juofkg,l4juofkg::RMSD,sdu6-homo / RMSD,RMSD,Time (ps),64300,0.1685726,nm,nm
line,overlay,sdu6-homo,sdu6-homo,rmsd,l4juofkg,l4juofkg::RMSD,sdu6-homo / RMSD,RMSD,Time (ps),64400,0.1985477,nm,nm
line,overlay,sdu6-homo,sdu6-homo,rmsd,l4juofkg,l4juofkg::RMSD,sdu6-homo / RMSD,RMSD,Time (ps),64500,0.21095993,nm,nm
line,overlay,sdu6-homo,sdu6-homo,rmsd,l4juofkg,l4juofkg::RMSD,sdu6-homo / RMSD,RMSD,Time (ps),64600,0.17702575,nm,nm
line,overlay,sdu6-homo,sdu6-homo,rmsd,l4juofkg,l4juofkg::RMSD,sdu6-homo / RMSD,RMSD,Time (ps),64700,0.18304317,nm,nm
line,overlay,sdu6-homo,sdu6-homo,rmsd,l4juofkg,l4juofkg::RMSD,sdu6-homo / RMSD,RMSD,Time (ps),64800,0.18320452,nm,nm
line,overlay,sdu6-homo,sdu6-homo,rmsd,l4juofkg,l4juofkg::RMSD,sdu6-homo / RMSD,RMSD,Time (ps),64900,0.17297077,nm,nm
line,overlay,sdu6-homo,sdu6-homo,rmsd,l4juofkg,l4juofkg::RMSD,sdu6-homo / RMSD,RMSD,Time (ps),65000,0.1782135,nm,nm
line,overlay,sdu6-homo,sdu6-homo,rmsd,l4juofkg,l4juofkg::RMSD,sdu6-homo / RMSD,RMSD,Time (ps),65100,0.1765449,nm,nm
line,overlay,sdu6-homo,sdu6-homo,rmsd,l4juofkg,l4juofkg::RMSD,sdu6-homo / RMSD,RMSD,Time (ps),65200,0.17480701,nm,nm
line,overlay,sdu6-homo,sdu6-homo,rmsd,l4juofkg,l4juofkg::RMSD,sdu6-homo / RMSD,RMSD,Time (ps),65300,0.1846727,nm,nm
line,overlay,sdu6-homo,sdu6-homo,rmsd,l4juofkg,l4juofkg::RMSD,sdu6-homo / RMSD,RMSD,Time (ps),65400,0.19313778,nm,nm
line,overlay,sdu6-homo,sdu6-homo,rmsd,l4juofkg,l4juofkg::RMSD,sdu6-homo / RMSD,RMSD,Time (ps),65500,0.18291286,nm,nm
line,overlay,sdu6-homo,sdu6-homo,rmsd,l4juofkg,l4juofkg::RMSD,sdu6-homo / RMSD,RMSD,Time (ps),65600,0.19721965,nm,nm
line,overlay,sdu6-homo,sdu6-homo,rmsd,l4juofkg,l4juofkg::RMSD,sdu6-homo / RMSD,RMSD,Time (ps),65700,0.1892254,nm,nm
line,overlay,sdu6-homo,sdu6-homo,rmsd,l4juofkg,l4juofkg::RMSD,sdu6-homo / RMSD,RMSD,Time (ps),65800,0.17745274,nm,nm
line,overlay,sdu6-homo,sdu6-homo,rmsd,l4juofkg,l4juofkg::RMSD,sdu6-homo / RMSD,RMSD,Time (ps),65900,0.1856553,nm,nm
line,overlay,sdu6-homo,sdu6-homo,rmsd,l4juofkg,l4juofkg::RMSD,sdu6-homo / RMSD,RMSD,Time (ps),66000,0.1715807,nm,nm
line,overlay,sdu6-homo,sdu6-homo,rmsd,l4juofkg,l4juofkg::RMSD,sdu6-homo / RMSD,RMSD,Time (ps),66100,0.16851111,nm,nm
line,overlay,sdu6-homo,sdu6-homo,rmsd,l4juofkg,l4juofkg::RMSD,sdu6-homo / RMSD,RMSD,Time (ps),66200,0.1611107,nm,nm
line,overlay,sdu6-homo,sdu6-homo,rmsd,l4juofkg,l4juofkg::RMSD,sdu6-homo / RMSD,RMSD,Time (ps),66300,0.17582114,nm,nm
line,overlay,sdu6-homo,sdu6-homo,rmsd,l4juofkg,l4juofkg::RMSD,sdu6-homo / RMSD,RMSD,Time (ps),66400,0.1872787,nm,nm
line,overlay,sdu6-homo,sdu6-homo,rmsd,l4juofkg,l4juofkg::RMSD,sdu6-homo / RMSD,RMSD,Time (ps),66500,0.1709057,nm,nm
line,overlay,sdu6-homo,sdu6-homo,rmsd,l4juofkg,l4juofkg::RMSD,sdu6-homo / RMSD,RMSD,Time (ps),66600,0.17219889,nm,nm
line,overlay,sdu6-homo,sdu6-homo,rmsd,l4juofkg,l4juofkg::RMSD,sdu6-homo / RMSD,RMSD,Time (ps),66700,0.19398935,nm,nm
line,overlay,sdu6-homo,sdu6-homo,rmsd,l4juofkg,l4juofkg::RMSD,sdu6-homo / RMSD,RMSD,Time (ps),66800,0.17718087,nm,nm
line,overlay,sdu6-homo,sdu6-homo,rmsd,l4juofkg,l4juofkg::RMSD,sdu6-homo / RMSD,RMSD,Time (ps),66900,0.17737386,nm,nm
line,overlay,sdu6-homo,sdu6-homo,rmsd,l4juofkg,l4juofkg::RMSD,sdu6-homo / RMSD,RMSD,Time (ps),67000,0.20354435,nm,nm
line,overlay,sdu6-homo,sdu6-homo,rmsd,l4juofkg,l4juofkg::RMSD,sdu6-homo / RMSD,RMSD,Time (ps),67100,0.19505523,nm,nm
line,overlay,sdu6-homo,sdu6-homo,rmsd,l4juofkg,l4juofkg::RMSD,sdu6-homo / RMSD,RMSD,Time (ps),67200,0.17562056,nm,nm
line,overlay,sdu6-homo,sdu6-homo,rmsd,l4juofkg,l4juofkg::RMSD,sdu6-homo / RMSD,RMSD,Time (ps),67300,0.18059139,nm,nm
line,overlay,sdu6-homo,sdu6-homo,rmsd,l4juofkg,l4juofkg::RMSD,sdu6-homo / RMSD,RMSD,Time (ps),67400,0.20289649,nm,nm
line,overlay,sdu6-homo,sdu6-homo,rmsd,l4juofkg,l4juofkg::RMSD,sdu6-homo / RMSD,RMSD,Time (ps),67500,0.20374797,nm,nm
line,overlay,sdu6-homo,sdu6-homo,rmsd,l4juofkg,l4juofkg::RMSD,sdu6-homo / RMSD,RMSD,Time (ps),67600,0.19037244,nm,nm
line,overlay,sdu6-homo,sdu6-homo,rmsd,l4juofkg,l4juofkg::RMSD,sdu6-homo / RMSD,RMSD,Time (ps),67700,0.18360867,nm,nm
line,overlay,sdu6-homo,sdu6-homo,rmsd,l4juofkg,l4juofkg::RMSD,sdu6-homo / RMSD,RMSD,Time (ps),67800,0.19030435,nm,nm
line,overlay,sdu6-homo,sdu6-homo,rmsd,l4juofkg,l4juofkg::RMSD,sdu6-homo / RMSD,RMSD,Time (ps),67900,0.17995882,nm,nm
line,overlay,sdu6-homo,sdu6-homo,rmsd,l4juofkg,l4juofkg::RMSD,sdu6-homo / RMSD,RMSD,Time (ps),68000,0.18029837,nm,nm
line,overlay,sdu6-homo,sdu6-homo,rmsd,l4juofkg,l4juofkg::RMSD,sdu6-homo / RMSD,RMSD,Time (ps),68100,0.18903631,nm,nm
line,overlay,sdu6-homo,sdu6-homo,rmsd,l4juofkg,l4juofkg::RMSD,sdu6-homo / RMSD,RMSD,Time (ps),68200,0.19938138,nm,nm
line,overlay,sdu6-homo,sdu6-homo,rmsd,l4juofkg,l4juofkg::RMSD,sdu6-homo / RMSD,RMSD,Time (ps),68300,0.19051124,nm,nm
line,overlay,sdu6-homo,sdu6-homo,rmsd,l4juofkg,l4juofkg::RMSD,sdu6-homo / RMSD,RMSD,Time (ps),68400,0.16693495,nm,nm
line,overlay,sdu6-homo,sdu6-homo,rmsd,l4juofkg,l4juofkg::RMSD,sdu6-homo / RMSD,RMSD,Time (ps),68500,0.17071451,nm,nm
line,overlay,sdu6-homo,sdu6-homo,rmsd,l4juofkg,l4juofkg::RMSD,sdu6-homo / RMSD,RMSD,Time (ps),68600,0.16632836,nm,nm
line,overlay,sdu6-homo,sdu6-homo,rmsd,l4juofkg,l4juofkg::RMSD,sdu6-homo / RMSD,RMSD,Time (ps),68700,0.17750823,nm,nm
line,overlay,sdu6-homo,sdu6-homo,rmsd,l4juofkg,l4juofkg::RMSD,sdu6-homo / RMSD,RMSD,Time (ps),68800,0.17973977,nm,nm
line,overlay,sdu6-homo,sdu6-homo,rmsd,l4juofkg,l4juofkg::RMSD,sdu6-homo / RMSD,RMSD,Time (ps),68900,0.17356311,nm,nm
line,overlay,sdu6-homo,sdu6-homo,rmsd,l4juofkg,l4juofkg::RMSD,sdu6-homo / RMSD,RMSD,Time (ps),69000,0.1853675,nm,nm
line,overlay,sdu6-homo,sdu6-homo,rmsd,l4juofkg,l4juofkg::RMSD,sdu6-homo / RMSD,RMSD,Time (ps),69100,0.17641273,nm,nm
line,overlay,sdu6-homo,sdu6-homo,rmsd,l4juofkg,l4juofkg::RMSD,sdu6-homo / RMSD,RMSD,Time (ps),69200,0.18546253,nm,nm
line,overlay,sdu6-homo,sdu6-homo,rmsd,l4juofkg,l4juofkg::RMSD,sdu6-homo / RMSD,RMSD,Time (ps),69300,0.1855296,nm,nm
line,overlay,sdu6-homo,sdu6-homo,rmsd,l4juofkg,l4juofkg::RMSD,sdu6-homo / RMSD,RMSD,Time (ps),69400,0.19412023,nm,nm
line,overlay,sdu6-homo,sdu6-homo,rmsd,l4juofkg,l4juofkg::RMSD,sdu6-homo / RMSD,RMSD,Time (ps),69500,0.19997066,nm,nm
line,overlay,sdu6-homo,sdu6-homo,rmsd,l4juofkg,l4juofkg::RMSD,sdu6-homo / RMSD,RMSD,Time (ps),69600,0.19096509,nm,nm
line,overlay,sdu6-homo,sdu6-homo,rmsd,l4juofkg,l4juofkg::RMSD,sdu6-homo / RMSD,RMSD,Time (ps),69700,0.19157213,nm,nm
line,overlay,sdu6-homo,sdu6-homo,rmsd,l4juofkg,l4juofkg::RMSD,sdu6-homo / RMSD,RMSD,Time (ps),69800,0.20851323,nm,nm
line,overlay,sdu6-homo,sdu6-homo,rmsd,l4juofkg,l4juofkg::RMSD,sdu6-homo / RMSD,RMSD,Time (ps),69900,0.20506155,nm,nm
line,overlay,sdu6-homo,sdu6-homo,rmsd,l4juofkg,l4juofkg::RMSD,sdu6-homo / RMSD,RMSD,Time (ps),70000,0.18743917,nm,nm
line,overlay,sdu6-homo,sdu6-homo,rmsd,l4juofkg,l4juofkg::RMSD,sdu6-homo / RMSD,RMSD,Time (ps),70100,0.19848244,nm,nm
line,overlay,sdu6-homo,sdu6-homo,rmsd,l4juofkg,l4juofkg::RMSD,sdu6-homo / RMSD,RMSD,Time (ps),70200,0.20103577,nm,nm
line,overlay,sdu6-homo,sdu6-homo,rmsd,l4juofkg,l4juofkg::RMSD,sdu6-homo / RMSD,RMSD,Time (ps),70300,0.18798593,nm,nm
line,overlay,sdu6-homo,sdu6-homo,rmsd,l4juofkg,l4juofkg::RMSD,sdu6-homo / RMSD,RMSD,Time (ps),70400,0.19773938,nm,nm
line,overlay,sdu6-homo,sdu6-homo,rmsd,l4juofkg,l4juofkg::RMSD,sdu6-homo / RMSD,RMSD,Time (ps),70500,0.19265139,nm,nm
line,overlay,sdu6-homo,sdu6-homo,rmsd,l4juofkg,l4juofkg::RMSD,sdu6-homo / RMSD,RMSD,Time (ps),70600,0.18084092,nm,nm
line,overlay,sdu6-homo,sdu6-homo,rmsd,l4juofkg,l4juofkg::RMSD,sdu6-homo / RMSD,RMSD,Time (ps),70700,0.1826179,nm,nm
line,overlay,sdu6-homo,sdu6-homo,rmsd,l4juofkg,l4juofkg::RMSD,sdu6-homo / RMSD,RMSD,Time (ps),70800,0.17008178,nm,nm
line,overlay,sdu6-homo,sdu6-homo,rmsd,l4juofkg,l4juofkg::RMSD,sdu6-homo / RMSD,RMSD,Time (ps),70900,0.19581643,nm,nm
line,overlay,sdu6-homo,sdu6-homo,rmsd,l4juofkg,l4juofkg::RMSD,sdu6-homo / RMSD,RMSD,Time (ps),71000,0.19700666,nm,nm
line,overlay,sdu6-homo,sdu6-homo,rmsd,l4juofkg,l4juofkg::RMSD,sdu6-homo / RMSD,RMSD,Time (ps),71100,0.19525975,nm,nm
line,overlay,sdu6-homo,sdu6-homo,rmsd,l4juofkg,l4juofkg::RMSD,sdu6-homo / RMSD,RMSD,Time (ps),71200,0.1964639,nm,nm
line,overlay,sdu6-homo,sdu6-homo,rmsd,l4juofkg,l4juofkg::RMSD,sdu6-homo / RMSD,RMSD,Time (ps),71300,0.20008726,nm,nm
line,overlay,sdu6-homo,sdu6-homo,rmsd,l4juofkg,l4juofkg::RMSD,sdu6-homo / RMSD,RMSD,Time (ps),71400,0.19202346,nm,nm
line,overlay,sdu6-homo,sdu6-homo,rmsd,l4juofkg,l4juofkg::RMSD,sdu6-homo / RMSD,RMSD,Time (ps),71500,0.19465888,nm,nm
line,overlay,sdu6-homo,sdu6-homo,rmsd,l4juofkg,l4juofkg::RMSD,sdu6-homo / RMSD,RMSD,Time (ps),71600,0.19553298,nm,nm
line,overlay,sdu6-homo,sdu6-homo,rmsd,l4juofkg,l4juofkg::RMSD,sdu6-homo / RMSD,RMSD,Time (ps),71700,0.18462218,nm,nm
line,overlay,sdu6-homo,sdu6-homo,rmsd,l4juofkg,l4juofkg::RMSD,sdu6-homo / RMSD,RMSD,Time (ps),71800,0.18258668,nm,nm
line,overlay,sdu6-homo,sdu6-homo,rmsd,l4juofkg,l4juofkg::RMSD,sdu6-homo / RMSD,RMSD,Time (ps),71900,0.19928777,nm,nm
line,overlay,sdu6-homo,sdu6-homo,rmsd,l4juofkg,l4juofkg::RMSD,sdu6-homo / RMSD,RMSD,Time (ps),72000,0.20088875,nm,nm
line,overlay,sdu6-homo,sdu6-homo,rmsd,l4juofkg,l4juofkg::RMSD,sdu6-homo / RMSD,RMSD,Time (ps),72100,0.18859707,nm,nm
line,overlay,sdu6-homo,sdu6-homo,rmsd,l4juofkg,l4juofkg::RMSD,sdu6-homo / RMSD,RMSD,Time (ps),72200,0.18620172,nm,nm
line,overlay,sdu6-homo,sdu6-homo,rmsd,l4juofkg,l4juofkg::RMSD,sdu6-homo / RMSD,RMSD,Time (ps),72300,0.20257176,nm,nm
line,overlay,sdu6-homo,sdu6-homo,rmsd,l4juofkg,l4juofkg::RMSD,sdu6-homo / RMSD,RMSD,Time (ps),72400,0.18044494,nm,nm
line,overlay,sdu6-homo,sdu6-homo,rmsd,l4juofkg,l4juofkg::RMSD,sdu6-homo / RMSD,RMSD,Time (ps),72500,0.19395462,nm,nm
line,overlay,sdu6-homo,sdu6-homo,rmsd,l4juofkg,l4juofkg::RMSD,sdu6-homo / RMSD,RMSD,Time (ps),72600,0.18718459,nm,nm
line,overlay,sdu6-homo,sdu6-homo,rmsd,l4juofkg,l4juofkg::RMSD,sdu6-homo / RMSD,RMSD,Time (ps),72700,0.18211196,nm,nm
line,overlay,sdu6-homo,sdu6-homo,rmsd,l4juofkg,l4juofkg::RMSD,sdu6-homo / RMSD,RMSD,Time (ps),72800,0.20277637,nm,nm
line,overlay,sdu6-homo,sdu6-homo,rmsd,l4juofkg,l4juofkg::RMSD,sdu6-homo / RMSD,RMSD,Time (ps),72900,0.19041055,nm,nm
line,overlay,sdu6-homo,sdu6-homo,rmsd,l4juofkg,l4juofkg::RMSD,sdu6-homo / RMSD,RMSD,Time (ps),73000,0.19143409,nm,nm
line,overlay,sdu6-homo,sdu6-homo,rmsd,l4juofkg,l4juofkg::RMSD,sdu6-homo / RMSD,RMSD,Time (ps),73100,0.18330917,nm,nm
line,overlay,sdu6-homo,sdu6-homo,rmsd,l4juofkg,l4juofkg::RMSD,sdu6-homo / RMSD,RMSD,Time (ps),73200,0.19562574,nm,nm
line,overlay,sdu6-homo,sdu6-homo,rmsd,l4juofkg,l4juofkg::RMSD,sdu6-homo / RMSD,RMSD,Time (ps),73300,0.19582437,nm,nm
line,overlay,sdu6-homo,sdu6-homo,rmsd,l4juofkg,l4juofkg::RMSD,sdu6-homo / RMSD,RMSD,Time (ps),73400,0.19779179,nm,nm
line,overlay,sdu6-homo,sdu6-homo,rmsd,l4juofkg,l4juofkg::RMSD,sdu6-homo / RMSD,RMSD,Time (ps),73500,0.19797514,nm,nm
line,overlay,sdu6-homo,sdu6-homo,rmsd,l4juofkg,l4juofkg::RMSD,sdu6-homo / RMSD,RMSD,Time (ps),73600,0.17846636,nm,nm
line,overlay,sdu6-homo,sdu6-homo,rmsd,l4juofkg,l4juofkg::RMSD,sdu6-homo / RMSD,RMSD,Time (ps),73700,0.18620728,nm,nm
line,overlay,sdu6-homo,sdu6-homo,rmsd,l4juofkg,l4juofkg::RMSD,sdu6-homo / RMSD,RMSD,Time (ps),73800,0.18310264,nm,nm
line,overlay,sdu6-homo,sdu6-homo,rmsd,l4juofkg,l4juofkg::RMSD,sdu6-homo / RMSD,RMSD,Time (ps),73900,0.1806086,nm,nm
line,overlay,sdu6-homo,sdu6-homo,rmsd,l4juofkg,l4juofkg::RMSD,sdu6-homo / RMSD,RMSD,Time (ps),74000,0.18555754,nm,nm
line,overlay,sdu6-homo,sdu6-homo,rmsd,l4juofkg,l4juofkg::RMSD,sdu6-homo / RMSD,RMSD,Time (ps),74100,0.18512125,nm,nm
line,overlay,sdu6-homo,sdu6-homo,rmsd,l4juofkg,l4juofkg::RMSD,sdu6-homo / RMSD,RMSD,Time (ps),74200,0.17571498,nm,nm
line,overlay,sdu6-homo,sdu6-homo,rmsd,l4juofkg,l4juofkg::RMSD,sdu6-homo / RMSD,RMSD,Time (ps),74300,0.18341659,nm,nm
line,overlay,sdu6-homo,sdu6-homo,rmsd,l4juofkg,l4juofkg::RMSD,sdu6-homo / RMSD,RMSD,Time (ps),74400,0.1794887,nm,nm
line,overlay,sdu6-homo,sdu6-homo,rmsd,l4juofkg,l4juofkg::RMSD,sdu6-homo / RMSD,RMSD,Time (ps),74500,0.18801074,nm,nm
line,overlay,sdu6-homo,sdu6-homo,rmsd,l4juofkg,l4juofkg::RMSD,sdu6-homo / RMSD,RMSD,Time (ps),74600,0.17482777,nm,nm
line,overlay,sdu6-homo,sdu6-homo,rmsd,l4juofkg,l4juofkg::RMSD,sdu6-homo / RMSD,RMSD,Time (ps),74700,0.17747319,nm,nm
line,overlay,sdu6-homo,sdu6-homo,rmsd,l4juofkg,l4juofkg::RMSD,sdu6-homo / RMSD,RMSD,Time (ps),74800,0.17800105,nm,nm
line,overlay,sdu6-homo,sdu6-homo,rmsd,l4juofkg,l4juofkg::RMSD,sdu6-homo / RMSD,RMSD,Time (ps),74900,0.17090872,nm,nm
line,overlay,sdu6-homo,sdu6-homo,rmsd,l4juofkg,l4juofkg::RMSD,sdu6-homo / RMSD,RMSD,Time (ps),75000,0.18957025,nm,nm
line,overlay,sdu6-homo,sdu6-homo,rmsd,l4juofkg,l4juofkg::RMSD,sdu6-homo / RMSD,RMSD,Time (ps),75100,0.18790042,nm,nm
line,overlay,sdu6-homo,sdu6-homo,rmsd,l4juofkg,l4juofkg::RMSD,sdu6-homo / RMSD,RMSD,Time (ps),75200,0.18607083,nm,nm
line,overlay,sdu6-homo,sdu6-homo,rmsd,l4juofkg,l4juofkg::RMSD,sdu6-homo / RMSD,RMSD,Time (ps),75300,0.17805928,nm,nm
line,overlay,sdu6-homo,sdu6-homo,rmsd,l4juofkg,l4juofkg::RMSD,sdu6-homo / RMSD,RMSD,Time (ps),75400,0.19449371,nm,nm
line,overlay,sdu6-homo,sdu6-homo,rmsd,l4juofkg,l4juofkg::RMSD,sdu6-homo / RMSD,RMSD,Time (ps),75500,0.1771838,nm,nm
line,overlay,sdu6-homo,sdu6-homo,rmsd,l4juofkg,l4juofkg::RMSD,sdu6-homo / RMSD,RMSD,Time (ps),75600,0.17219588,nm,nm
line,overlay,sdu6-homo,sdu6-homo,rmsd,l4juofkg,l4juofkg::RMSD,sdu6-homo / RMSD,RMSD,Time (ps),75700,0.18130468,nm,nm
line,overlay,sdu6-homo,sdu6-homo,rmsd,l4juofkg,l4juofkg::RMSD,sdu6-homo / RMSD,RMSD,Time (ps),75800,0.16106243,nm,nm
line,overlay,sdu6-homo,sdu6-homo,rmsd,l4juofkg,l4juofkg::RMSD,sdu6-homo / RMSD,RMSD,Time (ps),75900,0.19092165,nm,nm
line,overlay,sdu6-homo,sdu6-homo,rmsd,l4juofkg,l4juofkg::RMSD,sdu6-homo / RMSD,RMSD,Time (ps),76000,0.18634085,nm,nm
line,overlay,sdu6-homo,sdu6-homo,rmsd,l4juofkg,l4juofkg::RMSD,sdu6-homo / RMSD,RMSD,Time (ps),76100,0.18403164,nm,nm
line,overlay,sdu6-homo,sdu6-homo,rmsd,l4juofkg,l4juofkg::RMSD,sdu6-homo / RMSD,RMSD,Time (ps),76200,0.19194517,nm,nm
line,overlay,sdu6-homo,sdu6-homo,rmsd,l4juofkg,l4juofkg::RMSD,sdu6-homo / RMSD,RMSD,Time (ps),76300,0.18433557,nm,nm
line,overlay,sdu6-homo,sdu6-homo,rmsd,l4juofkg,l4juofkg::RMSD,sdu6-homo / RMSD,RMSD,Time (ps),76400,0.18481581,nm,nm
line,overlay,sdu6-homo,sdu6-homo,rmsd,l4juofkg,l4juofkg::RMSD,sdu6-homo / RMSD,RMSD,Time (ps),76500,0.18210912,nm,nm
line,overlay,sdu6-homo,sdu6-homo,rmsd,l4juofkg,l4juofkg::RMSD,sdu6-homo / RMSD,RMSD,Time (ps),76600,0.19163705,nm,nm
line,overlay,sdu6-homo,sdu6-homo,rmsd,l4juofkg,l4juofkg::RMSD,sdu6-homo / RMSD,RMSD,Time (ps),76700,0.18930209,nm,nm
line,overlay,sdu6-homo,sdu6-homo,rmsd,l4juofkg,l4juofkg::RMSD,sdu6-homo / RMSD,RMSD,Time (ps),76800,0.18473445,nm,nm
line,overlay,sdu6-homo,sdu6-homo,rmsd,l4juofkg,l4juofkg::RMSD,sdu6-homo / RMSD,RMSD,Time (ps),76900,0.18036449,nm,nm
line,overlay,sdu6-homo,sdu6-homo,rmsd,l4juofkg,l4juofkg::RMSD,sdu6-homo / RMSD,RMSD,Time (ps),77000,0.19739304,nm,nm
line,overlay,sdu6-homo,sdu6-homo,rmsd,l4juofkg,l4juofkg::RMSD,sdu6-homo / RMSD,RMSD,Time (ps),77100,0.19916028,nm,nm
line,overlay,sdu6-homo,sdu6-homo,rmsd,l4juofkg,l4juofkg::RMSD,sdu6-homo / RMSD,RMSD,Time (ps),77200,0.19944637,nm,nm
line,overlay,sdu6-homo,sdu6-homo,rmsd,l4juofkg,l4juofkg::RMSD,sdu6-homo / RMSD,RMSD,Time (ps),77300,0.1975558,nm,nm
line,overlay,sdu6-homo,sdu6-homo,rmsd,l4juofkg,l4juofkg::RMSD,sdu6-homo / RMSD,RMSD,Time (ps),77400,0.19459495,nm,nm
line,overlay,sdu6-homo,sdu6-homo,rmsd,l4juofkg,l4juofkg::RMSD,sdu6-homo / RMSD,RMSD,Time (ps),77500,0.17472397,nm,nm
line,overlay,sdu6-homo,sdu6-homo,rmsd,l4juofkg,l4juofkg::RMSD,sdu6-homo / RMSD,RMSD,Time (ps),77600,0.20026594,nm,nm
line,overlay,sdu6-homo,sdu6-homo,rmsd,l4juofkg,l4juofkg::RMSD,sdu6-homo / RMSD,RMSD,Time (ps),77700,0.17209351,nm,nm
line,overlay,sdu6-homo,sdu6-homo,rmsd,l4juofkg,l4juofkg::RMSD,sdu6-homo / RMSD,RMSD,Time (ps),77800,0.17676203,nm,nm
line,overlay,sdu6-homo,sdu6-homo,rmsd,l4juofkg,l4juofkg::RMSD,sdu6-homo / RMSD,RMSD,Time (ps),77900,0.18727317,nm,nm
line,overlay,sdu6-homo,sdu6-homo,rmsd,l4juofkg,l4juofkg::RMSD,sdu6-homo / RMSD,RMSD,Time (ps),78000,0.19531018,nm,nm
line,overlay,sdu6-homo,sdu6-homo,rmsd,l4juofkg,l4juofkg::RMSD,sdu6-homo / RMSD,RMSD,Time (ps),78100,0.17911577,nm,nm
line,overlay,sdu6-homo,sdu6-homo,rmsd,l4juofkg,l4juofkg::RMSD,sdu6-homo / RMSD,RMSD,Time (ps),78200,0.18796937,nm,nm
line,overlay,sdu6-homo,sdu6-homo,rmsd,l4juofkg,l4juofkg::RMSD,sdu6-homo / RMSD,RMSD,Time (ps),78300,0.18715966,nm,nm
line,overlay,sdu6-homo,sdu6-homo,rmsd,l4juofkg,l4juofkg::RMSD,sdu6-homo / RMSD,RMSD,Time (ps),78400,0.17682067,nm,nm
line,overlay,sdu6-homo,sdu6-homo,rmsd,l4juofkg,l4juofkg::RMSD,sdu6-homo / RMSD,RMSD,Time (ps),78500,0.17470616,nm,nm
line,overlay,sdu6-homo,sdu6-homo,rmsd,l4juofkg,l4juofkg::RMSD,sdu6-homo / RMSD,RMSD,Time (ps),78600,0.18162745,nm,nm
line,overlay,sdu6-homo,sdu6-homo,rmsd,l4juofkg,l4juofkg::RMSD,sdu6-homo / RMSD,RMSD,Time (ps),78700,0.17288685,nm,nm
line,overlay,sdu6-homo,sdu6-homo,rmsd,l4juofkg,l4juofkg::RMSD,sdu6-homo / RMSD,RMSD,Time (ps),78800,0.17829202,nm,nm
line,overlay,sdu6-homo,sdu6-homo,rmsd,l4juofkg,l4juofkg::RMSD,sdu6-homo / RMSD,RMSD,Time (ps),78900,0.19316192,nm,nm
line,overlay,sdu6-homo,sdu6-homo,rmsd,l4juofkg,l4juofkg::RMSD,sdu6-homo / RMSD,RMSD,Time (ps),79000,0.18196104,nm,nm
line,overlay,sdu6-homo,sdu6-homo,rmsd,l4juofkg,l4juofkg::RMSD,sdu6-homo / RMSD,RMSD,Time (ps),79100,0.18322149,nm,nm
line,overlay,sdu6-homo,sdu6-homo,rmsd,l4juofkg,l4juofkg::RMSD,sdu6-homo / RMSD,RMSD,Time (ps),79200,0.17679429,nm,nm
line,overlay,sdu6-homo,sdu6-homo,rmsd,l4juofkg,l4juofkg::RMSD,sdu6-homo / RMSD,RMSD,Time (ps),79300,0.18857782,nm,nm
line,overlay,sdu6-homo,sdu6-homo,rmsd,l4juofkg,l4juofkg::RMSD,sdu6-homo / RMSD,RMSD,Time (ps),79400,0.19602808,nm,nm
line,overlay,sdu6-homo,sdu6-homo,rmsd,l4juofkg,l4juofkg::RMSD,sdu6-homo / RMSD,RMSD,Time (ps),79500,0.18664104,nm,nm
line,overlay,sdu6-homo,sdu6-homo,rmsd,l4juofkg,l4juofkg::RMSD,sdu6-homo / RMSD,RMSD,Time (ps),79600,0.17914762,nm,nm
line,overlay,sdu6-homo,sdu6-homo,rmsd,l4juofkg,l4juofkg::RMSD,sdu6-homo / RMSD,RMSD,Time (ps),79700,0.20001213,nm,nm
line,overlay,sdu6-homo,sdu6-homo,rmsd,l4juofkg,l4juofkg::RMSD,sdu6-homo / RMSD,RMSD,Time (ps),79800,0.18875091,nm,nm
line,overlay,sdu6-homo,sdu6-homo,rmsd,l4juofkg,l4juofkg::RMSD,sdu6-homo / RMSD,RMSD,Time (ps),79900,0.19859208,nm,nm
line,overlay,sdu6-homo,sdu6-homo,rmsd,l4juofkg,l4juofkg::RMSD,sdu6-homo / RMSD,RMSD,Time (ps),80000,0.18626016,nm,nm
line,overlay,sdu6-homo,sdu6-homo,rmsd,l4juofkg,l4juofkg::RMSD,sdu6-homo / RMSD,RMSD,Time (ps),80100,0.19277243,nm,nm
line,overlay,sdu6-homo,sdu6-homo,rmsd,l4juofkg,l4juofkg::RMSD,sdu6-homo / RMSD,RMSD,Time (ps),80200,0.17070237,nm,nm
line,overlay,sdu6-homo,sdu6-homo,rmsd,l4juofkg,l4juofkg::RMSD,sdu6-homo / RMSD,RMSD,Time (ps),80300,0.20554379,nm,nm
line,overlay,sdu6-homo,sdu6-homo,rmsd,l4juofkg,l4juofkg::RMSD,sdu6-homo / RMSD,RMSD,Time (ps),80400,0.17782041,nm,nm
line,overlay,sdu6-homo,sdu6-homo,rmsd,l4juofkg,l4juofkg::RMSD,sdu6-homo / RMSD,RMSD,Time (ps),80500,0.18507925,nm,nm
line,overlay,sdu6-homo,sdu6-homo,rmsd,l4juofkg,l4juofkg::RMSD,sdu6-homo / RMSD,RMSD,Time (ps),80600,0.17908685,nm,nm
line,overlay,sdu6-homo,sdu6-homo,rmsd,l4juofkg,l4juofkg::RMSD,sdu6-homo / RMSD,RMSD,Time (ps),80700,0.1696332,nm,nm
line,overlay,sdu6-homo,sdu6-homo,rmsd,l4juofkg,l4juofkg::RMSD,sdu6-homo / RMSD,RMSD,Time (ps),80800,0.1681693,nm,nm
line,overlay,sdu6-homo,sdu6-homo,rmsd,l4juofkg,l4juofkg::RMSD,sdu6-homo / RMSD,RMSD,Time (ps),80900,0.17509736,nm,nm
line,overlay,sdu6-homo,sdu6-homo,rmsd,l4juofkg,l4juofkg::RMSD,sdu6-homo / RMSD,RMSD,Time (ps),81000,0.19461094,nm,nm
line,overlay,sdu6-homo,sdu6-homo,rmsd,l4juofkg,l4juofkg::RMSD,sdu6-homo / RMSD,RMSD,Time (ps),81100,0.17969362,nm,nm
line,overlay,sdu6-homo,sdu6-homo,rmsd,l4juofkg,l4juofkg::RMSD,sdu6-homo / RMSD,RMSD,Time (ps),81200,0.18285334,nm,nm
line,overlay,sdu6-homo,sdu6-homo,rmsd,l4juofkg,l4juofkg::RMSD,sdu6-homo / RMSD,RMSD,Time (ps),81300,0.15424672,nm,nm
line,overlay,sdu6-homo,sdu6-homo,rmsd,l4juofkg,l4juofkg::RMSD,sdu6-homo / RMSD,RMSD,Time (ps),81400,0.16896267,nm,nm
line,overlay,sdu6-homo,sdu6-homo,rmsd,l4juofkg,l4juofkg::RMSD,sdu6-homo / RMSD,RMSD,Time (ps),81500,0.16407554,nm,nm
line,overlay,sdu6-homo,sdu6-homo,rmsd,l4juofkg,l4juofkg::RMSD,sdu6-homo / RMSD,RMSD,Time (ps),81600,0.16975842,nm,nm
line,overlay,sdu6-homo,sdu6-homo,rmsd,l4juofkg,l4juofkg::RMSD,sdu6-homo / RMSD,RMSD,Time (ps),81700,0.16996288,nm,nm
line,overlay,sdu6-homo,sdu6-homo,rmsd,l4juofkg,l4juofkg::RMSD,sdu6-homo / RMSD,RMSD,Time (ps),81800,0.16838801,nm,nm
line,overlay,sdu6-homo,sdu6-homo,rmsd,l4juofkg,l4juofkg::RMSD,sdu6-homo / RMSD,RMSD,Time (ps),81900,0.17737386,nm,nm
line,overlay,sdu6-homo,sdu6-homo,rmsd,l4juofkg,l4juofkg::RMSD,sdu6-homo / RMSD,RMSD,Time (ps),82000,0.17035586,nm,nm
line,overlay,sdu6-homo,sdu6-homo,rmsd,l4juofkg,l4juofkg::RMSD,sdu6-homo / RMSD,RMSD,Time (ps),82100,0.19631346,nm,nm
line,overlay,sdu6-homo,sdu6-homo,rmsd,l4juofkg,l4juofkg::RMSD,sdu6-homo / RMSD,RMSD,Time (ps),82200,0.19614704,nm,nm
line,overlay,sdu6-homo,sdu6-homo,rmsd,l4juofkg,l4juofkg::RMSD,sdu6-homo / RMSD,RMSD,Time (ps),82300,0.205198,nm,nm
line,overlay,sdu6-homo,sdu6-homo,rmsd,l4juofkg,l4juofkg::RMSD,sdu6-homo / RMSD,RMSD,Time (ps),82400,0.21176921,nm,nm
line,overlay,sdu6-homo,sdu6-homo,rmsd,l4juofkg,l4juofkg::RMSD,sdu6-homo / RMSD,RMSD,Time (ps),82500,0.19506852,nm,nm
line,overlay,sdu6-homo,sdu6-homo,rmsd,l4juofkg,l4juofkg::RMSD,sdu6-homo / RMSD,RMSD,Time (ps),82600,0.17808548,nm,nm
line,overlay,sdu6-homo,sdu6-homo,rmsd,l4juofkg,l4juofkg::RMSD,sdu6-homo / RMSD,RMSD,Time (ps),82700,0.18181,nm,nm
line,overlay,sdu6-homo,sdu6-homo,rmsd,l4juofkg,l4juofkg::RMSD,sdu6-homo / RMSD,RMSD,Time (ps),82800,0.17094512,nm,nm
line,overlay,sdu6-homo,sdu6-homo,rmsd,l4juofkg,l4juofkg::RMSD,sdu6-homo / RMSD,RMSD,Time (ps),82900,0.18833578,nm,nm
line,overlay,sdu6-homo,sdu6-homo,rmsd,l4juofkg,l4juofkg::RMSD,sdu6-homo / RMSD,RMSD,Time (ps),83000,0.17835596,nm,nm
line,overlay,sdu6-homo,sdu6-homo,rmsd,l4juofkg,l4juofkg::RMSD,sdu6-homo / RMSD,RMSD,Time (ps),83100,0.18009414,nm,nm
line,overlay,sdu6-homo,sdu6-homo,rmsd,l4juofkg,l4juofkg::RMSD,sdu6-homo / RMSD,RMSD,Time (ps),83200,0.1807463,nm,nm
line,overlay,sdu6-homo,sdu6-homo,rmsd,l4juofkg,l4juofkg::RMSD,sdu6-homo / RMSD,RMSD,Time (ps),83300,0.18523882,nm,nm
line,overlay,sdu6-homo,sdu6-homo,rmsd,l4juofkg,l4juofkg::RMSD,sdu6-homo / RMSD,RMSD,Time (ps),83400,0.18710148,nm,nm
line,overlay,sdu6-homo,sdu6-homo,rmsd,l4juofkg,l4juofkg::RMSD,sdu6-homo / RMSD,RMSD,Time (ps),83500,0.19237946,nm,nm
line,overlay,sdu6-homo,sdu6-homo,rmsd,l4juofkg,l4juofkg::RMSD,sdu6-homo / RMSD,RMSD,Time (ps),83600,0.20745902,nm,nm
line,overlay,sdu6-homo,sdu6-homo,rmsd,l4juofkg,l4juofkg::RMSD,sdu6-homo / RMSD,RMSD,Time (ps),83700,0.20005877,nm,nm
line,overlay,sdu6-homo,sdu6-homo,rmsd,l4juofkg,l4juofkg::RMSD,sdu6-homo / RMSD,RMSD,Time (ps),83800,0.21633151,nm,nm
line,overlay,sdu6-homo,sdu6-homo,rmsd,l4juofkg,l4juofkg::RMSD,sdu6-homo / RMSD,RMSD,Time (ps),83900,0.18177009,nm,nm
line,overlay,sdu6-homo,sdu6-homo,rmsd,l4juofkg,l4juofkg::RMSD,sdu6-homo / RMSD,RMSD,Time (ps),84000,0.1870627,nm,nm
line,overlay,sdu6-homo,sdu6-homo,rmsd,l4juofkg,l4juofkg::RMSD,sdu6-homo / RMSD,RMSD,Time (ps),84100,0.17132978,nm,nm
line,overlay,sdu6-homo,sdu6-homo,rmsd,l4juofkg,l4juofkg::RMSD,sdu6-homo / RMSD,RMSD,Time (ps),84200,0.19198567,nm,nm
line,overlay,sdu6-homo,sdu6-homo,rmsd,l4juofkg,l4juofkg::RMSD,sdu6-homo / RMSD,RMSD,Time (ps),84300,0.187547,nm,nm
line,overlay,sdu6-homo,sdu6-homo,rmsd,l4juofkg,l4juofkg::RMSD,sdu6-homo / RMSD,RMSD,Time (ps),84400,0.17823096,nm,nm
line,overlay,sdu6-homo,sdu6-homo,rmsd,l4juofkg,l4juofkg::RMSD,sdu6-homo / RMSD,RMSD,Time (ps),84500,0.20169476,nm,nm
line,overlay,sdu6-homo,sdu6-homo,rmsd,l4juofkg,l4juofkg::RMSD,sdu6-homo / RMSD,RMSD,Time (ps),84600,0.20504133,nm,nm
line,overlay,sdu6-homo,sdu6-homo,rmsd,l4juofkg,l4juofkg::RMSD,sdu6-homo / RMSD,RMSD,Time (ps),84700,0.19419499,nm,nm
line,overlay,sdu6-homo,sdu6-homo,rmsd,l4juofkg,l4juofkg::RMSD,sdu6-homo / RMSD,RMSD,Time (ps),84800,0.20325382,nm,nm
line,overlay,sdu6-homo,sdu6-homo,rmsd,l4juofkg,l4juofkg::RMSD,sdu6-homo / RMSD,RMSD,Time (ps),84900,0.1942377,nm,nm
line,overlay,sdu6-homo,sdu6-homo,rmsd,l4juofkg,l4juofkg::RMSD,sdu6-homo / RMSD,RMSD,Time (ps),85000,0.18377233,nm,nm
line,overlay,sdu6-homo,sdu6-homo,rmsd,l4juofkg,l4juofkg::RMSD,sdu6-homo / RMSD,RMSD,Time (ps),85100,0.18491673,nm,nm
line,overlay,sdu6-homo,sdu6-homo,rmsd,l4juofkg,l4juofkg::RMSD,sdu6-homo / RMSD,RMSD,Time (ps),85200,0.18415552,nm,nm
line,overlay,sdu6-homo,sdu6-homo,rmsd,l4juofkg,l4juofkg::RMSD,sdu6-homo / RMSD,RMSD,Time (ps),85300,0.19365506,nm,nm
line,overlay,sdu6-homo,sdu6-homo,rmsd,l4juofkg,l4juofkg::RMSD,sdu6-homo / RMSD,RMSD,Time (ps),85400,0.18013155,nm,nm
line,overlay,sdu6-homo,sdu6-homo,rmsd,l4juofkg,l4juofkg::RMSD,sdu6-homo / RMSD,RMSD,Time (ps),85500,0.18530037,nm,nm
line,overlay,sdu6-homo,sdu6-homo,rmsd,l4juofkg,l4juofkg::RMSD,sdu6-homo / RMSD,RMSD,Time (ps),85600,0.18223716,nm,nm
line,overlay,sdu6-homo,sdu6-homo,rmsd,l4juofkg,l4juofkg::RMSD,sdu6-homo / RMSD,RMSD,Time (ps),85700,0.18866302,nm,nm
line,overlay,sdu6-homo,sdu6-homo,rmsd,l4juofkg,l4juofkg::RMSD,sdu6-homo / RMSD,RMSD,Time (ps),85800,0.18627687,nm,nm
line,overlay,sdu6-homo,sdu6-homo,rmsd,l4juofkg,l4juofkg::RMSD,sdu6-homo / RMSD,RMSD,Time (ps),85900,0.1942537,nm,nm
line,overlay,sdu6-homo,sdu6-homo,rmsd,l4juofkg,l4juofkg::RMSD,sdu6-homo / RMSD,RMSD,Time (ps),86000,0.20493007,nm,nm
line,overlay,sdu6-homo,sdu6-homo,rmsd,l4juofkg,l4juofkg::RMSD,sdu6-homo / RMSD,RMSD,Time (ps),86100,0.21779773,nm,nm
line,overlay,sdu6-homo,sdu6-homo,rmsd,l4juofkg,l4juofkg::RMSD,sdu6-homo / RMSD,RMSD,Time (ps),86200,0.21973825,nm,nm
line,overlay,sdu6-homo,sdu6-homo,rmsd,l4juofkg,l4juofkg::RMSD,sdu6-homo / RMSD,RMSD,Time (ps),86300,0.22760594,nm,nm
line,overlay,sdu6-homo,sdu6-homo,rmsd,l4juofkg,l4juofkg::RMSD,sdu6-homo / RMSD,RMSD,Time (ps),86400,0.21788815,nm,nm
line,overlay,sdu6-homo,sdu6-homo,rmsd,l4juofkg,l4juofkg::RMSD,sdu6-homo / RMSD,RMSD,Time (ps),86500,0.20495789,nm,nm
line,overlay,sdu6-homo,sdu6-homo,rmsd,l4juofkg,l4juofkg::RMSD,sdu6-homo / RMSD,RMSD,Time (ps),86600,0.19861297,nm,nm
line,overlay,sdu6-homo,sdu6-homo,rmsd,l4juofkg,l4juofkg::RMSD,sdu6-homo / RMSD,RMSD,Time (ps),86700,0.20773867,nm,nm
line,overlay,sdu6-homo,sdu6-homo,rmsd,l4juofkg,l4juofkg::RMSD,sdu6-homo / RMSD,RMSD,Time (ps),86800,0.21867889,nm,nm
line,overlay,sdu6-homo,sdu6-homo,rmsd,l4juofkg,l4juofkg::RMSD,sdu6-homo / RMSD,RMSD,Time (ps),86900,0.18864378,nm,nm
line,overlay,sdu6-homo,sdu6-homo,rmsd,l4juofkg,l4juofkg::RMSD,sdu6-homo / RMSD,RMSD,Time (ps),87000,0.21196494,nm,nm
line,overlay,sdu6-homo,sdu6-homo,rmsd,l4juofkg,l4juofkg::RMSD,sdu6-homo / RMSD,RMSD,Time (ps),87100,0.20059697,nm,nm
line,overlay,sdu6-homo,sdu6-homo,rmsd,l4juofkg,l4juofkg::RMSD,sdu6-homo / RMSD,RMSD,Time (ps),87200,0.21463805,nm,nm
line,overlay,sdu6-homo,sdu6-homo,rmsd,l4juofkg,l4juofkg::RMSD,sdu6-homo / RMSD,RMSD,Time (ps),87300,0.19351582,nm,nm
line,overlay,sdu6-homo,sdu6-homo,rmsd,l4juofkg,l4juofkg::RMSD,sdu6-homo / RMSD,RMSD,Time (ps),87400,0.20855051,nm,nm
line,overlay,sdu6-homo,sdu6-homo,rmsd,l4juofkg,l4juofkg::RMSD,sdu6-homo / RMSD,RMSD,Time (ps),87500,0.19248988,nm,nm
line,overlay,sdu6-homo,sdu6-homo,rmsd,l4juofkg,l4juofkg::RMSD,sdu6-homo / RMSD,RMSD,Time (ps),87600,0.2068184,nm,nm
line,overlay,sdu6-homo,sdu6-homo,rmsd,l4juofkg,l4juofkg::RMSD,sdu6-homo / RMSD,RMSD,Time (ps),87700,0.22702447,nm,nm
line,overlay,sdu6-homo,sdu6-homo,rmsd,l4juofkg,l4juofkg::RMSD,sdu6-homo / RMSD,RMSD,Time (ps),87800,0.20954481,nm,nm
line,overlay,sdu6-homo,sdu6-homo,rmsd,l4juofkg,l4juofkg::RMSD,sdu6-homo / RMSD,RMSD,Time (ps),87900,0.20986861,nm,nm
line,overlay,sdu6-homo,sdu6-homo,rmsd,l4juofkg,l4juofkg::RMSD,sdu6-homo / RMSD,RMSD,Time (ps),88000,0.21191847,nm,nm
line,overlay,sdu6-homo,sdu6-homo,rmsd,l4juofkg,l4juofkg::RMSD,sdu6-homo / RMSD,RMSD,Time (ps),88100,0.21237049,nm,nm
line,overlay,sdu6-homo,sdu6-homo,rmsd,l4juofkg,l4juofkg::RMSD,sdu6-homo / RMSD,RMSD,Time (ps),88200,0.19744031,nm,nm
line,overlay,sdu6-homo,sdu6-homo,rmsd,l4juofkg,l4juofkg::RMSD,sdu6-homo / RMSD,RMSD,Time (ps),88300,0.21249005,nm,nm
line,overlay,sdu6-homo,sdu6-homo,rmsd,l4juofkg,l4juofkg::RMSD,sdu6-homo / RMSD,RMSD,Time (ps),88400,0.2226511,nm,nm
line,overlay,sdu6-homo,sdu6-homo,rmsd,l4juofkg,l4juofkg::RMSD,sdu6-homo / RMSD,RMSD,Time (ps),88500,0.22352704,nm,nm
line,overlay,sdu6-homo,sdu6-homo,rmsd,l4juofkg,l4juofkg::RMSD,sdu6-homo / RMSD,RMSD,Time (ps),88600,0.2155634,nm,nm
line,overlay,sdu6-homo,sdu6-homo,rmsd,l4juofkg,l4juofkg::RMSD,sdu6-homo / RMSD,RMSD,Time (ps),88700,0.21045808,nm,nm
line,overlay,sdu6-homo,sdu6-homo,rmsd,l4juofkg,l4juofkg::RMSD,sdu6-homo / RMSD,RMSD,Time (ps),88800,0.23314767,nm,nm
line,overlay,sdu6-homo,sdu6-homo,rmsd,l4juofkg,l4juofkg::RMSD,sdu6-homo / RMSD,RMSD,Time (ps),88900,0.23707858,nm,nm
line,overlay,sdu6-homo,sdu6-homo,rmsd,l4juofkg,l4juofkg::RMSD,sdu6-homo / RMSD,RMSD,Time (ps),89000,0.22728916,nm,nm
line,overlay,sdu6-homo,sdu6-homo,rmsd,l4juofkg,l4juofkg::RMSD,sdu6-homo / RMSD,RMSD,Time (ps),89100,0.2070739,nm,nm
line,overlay,sdu6-homo,sdu6-homo,rmsd,l4juofkg,l4juofkg::RMSD,sdu6-homo / RMSD,RMSD,Time (ps),89200,0.22497632,nm,nm
line,overlay,sdu6-homo,sdu6-homo,rmsd,l4juofkg,l4juofkg::RMSD,sdu6-homo / RMSD,RMSD,Time (ps),89300,0.21424162,nm,nm
line,overlay,sdu6-homo,sdu6-homo,rmsd,l4juofkg,l4juofkg::RMSD,sdu6-homo / RMSD,RMSD,Time (ps),89400,0.22690342,nm,nm
line,overlay,sdu6-homo,sdu6-homo,rmsd,l4juofkg,l4juofkg::RMSD,sdu6-homo / RMSD,RMSD,Time (ps),89500,0.21347329,nm,nm
line,overlay,sdu6-homo,sdu6-homo,rmsd,l4juofkg,l4juofkg::RMSD,sdu6-homo / RMSD,RMSD,Time (ps),89600,0.20868964,nm,nm
line,overlay,sdu6-homo,sdu6-homo,rmsd,l4juofkg,l4juofkg::RMSD,sdu6-homo / RMSD,RMSD,Time (ps),89700,0.2015405,nm,nm
line,overlay,sdu6-homo,sdu6-homo,rmsd,l4juofkg,l4juofkg::RMSD,sdu6-homo / RMSD,RMSD,Time (ps),89800,0.19827601,nm,nm
line,overlay,sdu6-homo,sdu6-homo,rmsd,l4juofkg,l4juofkg::RMSD,sdu6-homo / RMSD,RMSD,Time (ps),89900,0.21174228,nm,nm
line,overlay,sdu6-homo,sdu6-homo,rmsd,l4juofkg,l4juofkg::RMSD,sdu6-homo / RMSD,RMSD,Time (ps),90000,0.19763711,nm,nm
line,overlay,sdu6-homo,sdu6-homo,rmsd,l4juofkg,l4juofkg::RMSD,sdu6-homo / RMSD,RMSD,Time (ps),90100,0.21749765,nm,nm
line,overlay,sdu6-homo,sdu6-homo,rmsd,l4juofkg,l4juofkg::RMSD,sdu6-homo / RMSD,RMSD,Time (ps),90200,0.20987602,nm,nm
line,overlay,sdu6-homo,sdu6-homo,rmsd,l4juofkg,l4juofkg::RMSD,sdu6-homo / RMSD,RMSD,Time (ps),90300,0.21092306,nm,nm
line,overlay,sdu6-homo,sdu6-homo,rmsd,l4juofkg,l4juofkg::RMSD,sdu6-homo / RMSD,RMSD,Time (ps),90400,0.20397426,nm,nm
line,overlay,sdu6-homo,sdu6-homo,rmsd,l4juofkg,l4juofkg::RMSD,sdu6-homo / RMSD,RMSD,Time (ps),90500,0.21148999,nm,nm
line,overlay,sdu6-homo,sdu6-homo,rmsd,l4juofkg,l4juofkg::RMSD,sdu6-homo / RMSD,RMSD,Time (ps),90600,0.2121165,nm,nm
line,overlay,sdu6-homo,sdu6-homo,rmsd,l4juofkg,l4juofkg::RMSD,sdu6-homo / RMSD,RMSD,Time (ps),90700,0.195586,nm,nm
line,overlay,sdu6-homo,sdu6-homo,rmsd,l4juofkg,l4juofkg::RMSD,sdu6-homo / RMSD,RMSD,Time (ps),90800,0.19491167,nm,nm
line,overlay,sdu6-homo,sdu6-homo,rmsd,l4juofkg,l4juofkg::RMSD,sdu6-homo / RMSD,RMSD,Time (ps),90900,0.20820972,nm,nm
line,overlay,sdu6-homo,sdu6-homo,rmsd,l4juofkg,l4juofkg::RMSD,sdu6-homo / RMSD,RMSD,Time (ps),91000,0.20102803,nm,nm
line,overlay,sdu6-homo,sdu6-homo,rmsd,l4juofkg,l4juofkg::RMSD,sdu6-homo / RMSD,RMSD,Time (ps),91100,0.21007597,nm,nm
line,overlay,sdu6-homo,sdu6-homo,rmsd,l4juofkg,l4juofkg::RMSD,sdu6-homo / RMSD,RMSD,Time (ps),91200,0.21444717,nm,nm
line,overlay,sdu6-homo,sdu6-homo,rmsd,l4juofkg,l4juofkg::RMSD,sdu6-homo / RMSD,RMSD,Time (ps),91300,0.21828507,nm,nm
line,overlay,sdu6-homo,sdu6-homo,rmsd,l4juofkg,l4juofkg::RMSD,sdu6-homo / RMSD,RMSD,Time (ps),91400,0.22998701,nm,nm
line,overlay,sdu6-homo,sdu6-homo,rmsd,l4juofkg,l4juofkg::RMSD,sdu6-homo / RMSD,RMSD,Time (ps),91500,0.21604139,nm,nm
line,overlay,sdu6-homo,sdu6-homo,rmsd,l4juofkg,l4juofkg::RMSD,sdu6-homo / RMSD,RMSD,Time (ps),91600,0.19601485,nm,nm
line,overlay,sdu6-homo,sdu6-homo,rmsd,l4juofkg,l4juofkg::RMSD,sdu6-homo / RMSD,RMSD,Time (ps),91700,0.20865488,nm,nm
line,overlay,sdu6-homo,sdu6-homo,rmsd,l4juofkg,l4juofkg::RMSD,sdu6-homo / RMSD,RMSD,Time (ps),91800,0.2153902,nm,nm
line,overlay,sdu6-homo,sdu6-homo,rmsd,l4juofkg,l4juofkg::RMSD,sdu6-homo / RMSD,RMSD,Time (ps),91900,0.20199008,nm,nm
line,overlay,sdu6-homo,sdu6-homo,rmsd,l4juofkg,l4juofkg::RMSD,sdu6-homo / RMSD,RMSD,Time (ps),92000,0.19903271,nm,nm
line,overlay,sdu6-homo,sdu6-homo,rmsd,l4juofkg,l4juofkg::RMSD,sdu6-homo / RMSD,RMSD,Time (ps),92100,0.21292381,nm,nm
line,overlay,sdu6-homo,sdu6-homo,rmsd,l4juofkg,l4juofkg::RMSD,sdu6-homo / RMSD,RMSD,Time (ps),92200,0.20744152,nm,nm
line,overlay,sdu6-homo,sdu6-homo,rmsd,l4juofkg,l4juofkg::RMSD,sdu6-homo / RMSD,RMSD,Time (ps),92300,0.2024233,nm,nm
line,overlay,sdu6-homo,sdu6-homo,rmsd,l4juofkg,l4juofkg::RMSD,sdu6-homo / RMSD,RMSD,Time (ps),92400,0.20054528,nm,nm
line,overlay,sdu6-homo,sdu6-homo,rmsd,l4juofkg,l4juofkg::RMSD,sdu6-homo / RMSD,RMSD,Time (ps),92500,0.20096356,nm,nm
line,overlay,sdu6-homo,sdu6-homo,rmsd,l4juofkg,l4juofkg::RMSD,sdu6-homo / RMSD,RMSD,Time (ps),92600,0.19815049,nm,nm
line,overlay,sdu6-homo,sdu6-homo,rmsd,l4juofkg,l4juofkg::RMSD,sdu6-homo / RMSD,RMSD,Time (ps),92700,0.20851572,nm,nm
line,overlay,sdu6-homo,sdu6-homo,rmsd,l4juofkg,l4juofkg::RMSD,sdu6-homo / RMSD,RMSD,Time (ps),92800,0.20168704,nm,nm
line,overlay,sdu6-homo,sdu6-homo,rmsd,l4juofkg,l4juofkg::RMSD,sdu6-homo / RMSD,RMSD,Time (ps),92900,0.21755722,nm,nm
line,overlay,sdu6-homo,sdu6-homo,rmsd,l4juofkg,l4juofkg::RMSD,sdu6-homo / RMSD,RMSD,Time (ps),93000,0.20931712,nm,nm
line,overlay,sdu6-homo,sdu6-homo,rmsd,l4juofkg,l4juofkg::RMSD,sdu6-homo / RMSD,RMSD,Time (ps),93100,0.21016972,nm,nm
line,overlay,sdu6-homo,sdu6-homo,rmsd,l4juofkg,l4juofkg::RMSD,sdu6-homo / RMSD,RMSD,Time (ps),93200,0.20809269,nm,nm
line,overlay,sdu6-homo,sdu6-homo,rmsd,l4juofkg,l4juofkg::RMSD,sdu6-homo / RMSD,RMSD,Time (ps),93300,0.20844112,nm,nm
line,overlay,sdu6-homo,sdu6-homo,rmsd,l4juofkg,l4juofkg::RMSD,sdu6-homo / RMSD,RMSD,Time (ps),93400,0.22011772,nm,nm
line,overlay,sdu6-homo,sdu6-homo,rmsd,l4juofkg,l4juofkg::RMSD,sdu6-homo / RMSD,RMSD,Time (ps),93500,0.2315414,nm,nm
line,overlay,sdu6-homo,sdu6-homo,rmsd,l4juofkg,l4juofkg::RMSD,sdu6-homo / RMSD,RMSD,Time (ps),93600,0.22014126,nm,nm
line,overlay,sdu6-homo,sdu6-homo,rmsd,l4juofkg,l4juofkg::RMSD,sdu6-homo / RMSD,RMSD,Time (ps),93700,0.23465018,nm,nm
line,overlay,sdu6-homo,sdu6-homo,rmsd,l4juofkg,l4juofkg::RMSD,sdu6-homo / RMSD,RMSD,Time (ps),93800,0.21674803,nm,nm
line,overlay,sdu6-homo,sdu6-homo,rmsd,l4juofkg,l4juofkg::RMSD,sdu6-homo / RMSD,RMSD,Time (ps),93900,0.21864097,nm,nm
line,overlay,sdu6-homo,sdu6-homo,rmsd,l4juofkg,l4juofkg::RMSD,sdu6-homo / RMSD,RMSD,Time (ps),94000,0.23651162,nm,nm
line,overlay,sdu6-homo,sdu6-homo,rmsd,l4juofkg,l4juofkg::RMSD,sdu6-homo / RMSD,RMSD,Time (ps),94100,0.21425855,nm,nm
line,overlay,sdu6-homo,sdu6-homo,rmsd,l4juofkg,l4juofkg::RMSD,sdu6-homo / RMSD,RMSD,Time (ps),94200,0.22980888,nm,nm
line,overlay,sdu6-homo,sdu6-homo,rmsd,l4juofkg,l4juofkg::RMSD,sdu6-homo / RMSD,RMSD,Time (ps),94300,0.22561362,nm,nm
line,overlay,sdu6-homo,sdu6-homo,rmsd,l4juofkg,l4juofkg::RMSD,sdu6-homo / RMSD,RMSD,Time (ps),94400,0.2197642,nm,nm
line,overlay,sdu6-homo,sdu6-homo,rmsd,l4juofkg,l4juofkg::RMSD,sdu6-homo / RMSD,RMSD,Time (ps),94500,0.20990565,nm,nm
line,overlay,sdu6-homo,sdu6-homo,rmsd,l4juofkg,l4juofkg::RMSD,sdu6-homo / RMSD,RMSD,Time (ps),94600,0.2329497,nm,nm
line,overlay,sdu6-homo,sdu6-homo,rmsd,l4juofkg,l4juofkg::RMSD,sdu6-homo / RMSD,RMSD,Time (ps),94700,0.22038364,nm,nm
line,overlay,sdu6-homo,sdu6-homo,rmsd,l4juofkg,l4juofkg::RMSD,sdu6-homo / RMSD,RMSD,Time (ps),94800,0.21591899,nm,nm
line,overlay,sdu6-homo,sdu6-homo,rmsd,l4juofkg,l4juofkg::RMSD,sdu6-homo / RMSD,RMSD,Time (ps),94900,0.20799302,nm,nm
line,overlay,sdu6-homo,sdu6-homo,rmsd,l4juofkg,l4juofkg::RMSD,sdu6-homo / RMSD,RMSD,Time (ps),95000,0.20226191,nm,nm
line,overlay,sdu6-homo,sdu6-homo,rmsd,l4juofkg,l4juofkg::RMSD,sdu6-homo / RMSD,RMSD,Time (ps),95100,0.220226,nm,nm
line,overlay,sdu6-homo,sdu6-homo,rmsd,l4juofkg,l4juofkg::RMSD,sdu6-homo / RMSD,RMSD,Time (ps),95200,0.2216384,nm,nm
line,overlay,sdu6-homo,sdu6-homo,rmsd,l4juofkg,l4juofkg::RMSD,sdu6-homo / RMSD,RMSD,Time (ps),95300,0.21799755,nm,nm
line,overlay,sdu6-homo,sdu6-homo,rmsd,l4juofkg,l4juofkg::RMSD,sdu6-homo / RMSD,RMSD,Time (ps),95400,0.23552333,nm,nm
line,overlay,sdu6-homo,sdu6-homo,rmsd,l4juofkg,l4juofkg::RMSD,sdu6-homo / RMSD,RMSD,Time (ps),95500,0.2251053,nm,nm
line,overlay,sdu6-homo,sdu6-homo,rmsd,l4juofkg,l4juofkg::RMSD,sdu6-homo / RMSD,RMSD,Time (ps),95600,0.22060227,nm,nm
line,overlay,sdu6-homo,sdu6-homo,rmsd,l4juofkg,l4juofkg::RMSD,sdu6-homo / RMSD,RMSD,Time (ps),95700,0.21222642,nm,nm
line,overlay,sdu6-homo,sdu6-homo,rmsd,l4juofkg,l4juofkg::RMSD,sdu6-homo / RMSD,RMSD,Time (ps),95800,0.221292,nm,nm
line,overlay,sdu6-homo,sdu6-homo,rmsd,l4juofkg,l4juofkg::RMSD,sdu6-homo / RMSD,RMSD,Time (ps),95900,0.21231678,nm,nm
line,overlay,sdu6-homo,sdu6-homo,rmsd,l4juofkg,l4juofkg::RMSD,sdu6-homo / RMSD,RMSD,Time (ps),96000,0.23072957,nm,nm
line,overlay,sdu6-homo,sdu6-homo,rmsd,l4juofkg,l4juofkg::RMSD,sdu6-homo / RMSD,RMSD,Time (ps),96100,0.2212592,nm,nm
line,overlay,sdu6-homo,sdu6-homo,rmsd,l4juofkg,l4juofkg::RMSD,sdu6-homo / RMSD,RMSD,Time (ps),96200,0.21201873,nm,nm
line,overlay,sdu6-homo,sdu6-homo,rmsd,l4juofkg,l4juofkg::RMSD,sdu6-homo / RMSD,RMSD,Time (ps),96300,0.21823995,nm,nm
line,overlay,sdu6-homo,sdu6-homo,rmsd,l4juofkg,l4juofkg::RMSD,sdu6-homo / RMSD,RMSD,Time (ps),96400,0.23737137,nm,nm
line,overlay,sdu6-homo,sdu6-homo,rmsd,l4juofkg,l4juofkg::RMSD,sdu6-homo / RMSD,RMSD,Time (ps),96500,0.20945822,nm,nm
line,overlay,sdu6-homo,sdu6-homo,rmsd,l4juofkg,l4juofkg::RMSD,sdu6-homo / RMSD,RMSD,Time (ps),96600,0.21510845,nm,nm
line,overlay,sdu6-homo,sdu6-homo,rmsd,l4juofkg,l4juofkg::RMSD,sdu6-homo / RMSD,RMSD,Time (ps),96700,0.19692507,nm,nm
line,overlay,sdu6-homo,sdu6-homo,rmsd,l4juofkg,l4juofkg::RMSD,sdu6-homo / RMSD,RMSD,Time (ps),96800,0.2007003,nm,nm
line,overlay,sdu6-homo,sdu6-homo,rmsd,l4juofkg,l4juofkg::RMSD,sdu6-homo / RMSD,RMSD,Time (ps),96900,0.20203371,nm,nm
line,overlay,sdu6-homo,sdu6-homo,rmsd,l4juofkg,l4juofkg::RMSD,sdu6-homo / RMSD,RMSD,Time (ps),97000,0.19925396,nm,nm
line,overlay,sdu6-homo,sdu6-homo,rmsd,l4juofkg,l4juofkg::RMSD,sdu6-homo / RMSD,RMSD,Time (ps),97100,0.19880079,nm,nm
line,overlay,sdu6-homo,sdu6-homo,rmsd,l4juofkg,l4juofkg::RMSD,sdu6-homo / RMSD,RMSD,Time (ps),97200,0.20000954,nm,nm
line,overlay,sdu6-homo,sdu6-homo,rmsd,l4juofkg,l4juofkg::RMSD,sdu6-homo / RMSD,RMSD,Time (ps),97300,0.18609591,nm,nm
line,overlay,sdu6-homo,sdu6-homo,rmsd,l4juofkg,l4juofkg::RMSD,sdu6-homo / RMSD,RMSD,Time (ps),97400,0.1932907,nm,nm
line,overlay,sdu6-homo,sdu6-homo,rmsd,l4juofkg,l4juofkg::RMSD,sdu6-homo / RMSD,RMSD,Time (ps),97500,0.20581093,nm,nm
line,overlay,sdu6-homo,sdu6-homo,rmsd,l4juofkg,l4juofkg::RMSD,sdu6-homo / RMSD,RMSD,Time (ps),97600,0.19392788,nm,nm
line,overlay,sdu6-homo,sdu6-homo,rmsd,l4juofkg,l4juofkg::RMSD,sdu6-homo / RMSD,RMSD,Time (ps),97700,0.2183468,nm,nm
line,overlay,sdu6-homo,sdu6-homo,rmsd,l4juofkg,l4juofkg::RMSD,sdu6-homo / RMSD,RMSD,Time (ps),97800,0.20144017,nm,nm
line,overlay,sdu6-homo,sdu6-homo,rmsd,l4juofkg,l4juofkg::RMSD,sdu6-homo / RMSD,RMSD,Time (ps),97900,0.20633413,nm,nm
line,overlay,sdu6-homo,sdu6-homo,rmsd,l4juofkg,l4juofkg::RMSD,sdu6-homo / RMSD,RMSD,Time (ps),98000,0.21300657,nm,nm
line,overlay,sdu6-homo,sdu6-homo,rmsd,l4juofkg,l4juofkg::RMSD,sdu6-homo / RMSD,RMSD,Time (ps),98100,0.20358764,nm,nm
line,overlay,sdu6-homo,sdu6-homo,rmsd,l4juofkg,l4juofkg::RMSD,sdu6-homo / RMSD,RMSD,Time (ps),98200,0.20953986,nm,nm
line,overlay,sdu6-homo,sdu6-homo,rmsd,l4juofkg,l4juofkg::RMSD,sdu6-homo / RMSD,RMSD,Time (ps),98300,0.19999658,nm,nm
line,overlay,sdu6-homo,sdu6-homo,rmsd,l4juofkg,l4juofkg::RMSD,sdu6-homo / RMSD,RMSD,Time (ps),98400,0.20669305,nm,nm
line,overlay,sdu6-homo,sdu6-homo,rmsd,l4juofkg,l4juofkg::RMSD,sdu6-homo / RMSD,RMSD,Time (ps),98500,0.20775862,nm,nm
line,overlay,sdu6-homo,sdu6-homo,rmsd,l4juofkg,l4juofkg::RMSD,sdu6-homo / RMSD,RMSD,Time (ps),98600,0.21188177,nm,nm
line,overlay,sdu6-homo,sdu6-homo,rmsd,l4juofkg,l4juofkg::RMSD,sdu6-homo / RMSD,RMSD,Time (ps),98700,0.22032014,nm,nm
line,overlay,sdu6-homo,sdu6-homo,rmsd,l4juofkg,l4juofkg::RMSD,sdu6-homo / RMSD,RMSD,Time (ps),98800,0.22779943,nm,nm
line,overlay,sdu6-homo,sdu6-homo,rmsd,l4juofkg,l4juofkg::RMSD,sdu6-homo / RMSD,RMSD,Time (ps),98900,0.2282677,nm,nm
line,overlay,sdu6-homo,sdu6-homo,rmsd,l4juofkg,l4juofkg::RMSD,sdu6-homo / RMSD,RMSD,Time (ps),99000,0.22470659,nm,nm
line,overlay,sdu6-homo,sdu6-homo,rmsd,l4juofkg,l4juofkg::RMSD,sdu6-homo / RMSD,RMSD,Time (ps),99100,0.22268134,nm,nm
line,overlay,sdu6-homo,sdu6-homo,rmsd,l4juofkg,l4juofkg::RMSD,sdu6-homo / RMSD,RMSD,Time (ps),99200,0.23554534,nm,nm
line,overlay,sdu6-homo,sdu6-homo,rmsd,l4juofkg,l4juofkg::RMSD,sdu6-homo / RMSD,RMSD,Time (ps),99300,0.22372407,nm,nm
line,overlay,sdu6-homo,sdu6-homo,rmsd,l4juofkg,l4juofkg::RMSD,sdu6-homo / RMSD,RMSD,Time (ps),99400,0.20688856,nm,nm
line,overlay,sdu6-homo,sdu6-homo,rmsd,l4juofkg,l4juofkg::RMSD,sdu6-homo / RMSD,RMSD,Time (ps),99500,0.20591667,nm,nm
line,overlay,sdu6-homo,sdu6-homo,rmsd,l4juofkg,l4juofkg::RMSD,sdu6-homo / RMSD,RMSD,Time (ps),99600,0.21243149,nm,nm
line,overlay,sdu6-homo,sdu6-homo,rmsd,l4juofkg,l4juofkg::RMSD,sdu6-homo / RMSD,RMSD,Time (ps),99700,0.21485528,nm,nm
line,overlay,sdu6-homo,sdu6-homo,rmsd,l4juofkg,l4juofkg::RMSD,sdu6-homo / RMSD,RMSD,Time (ps),99800,0.21007597,nm,nm
line,overlay,sdu6-homo,sdu6-homo,rmsd,l4juofkg,l4juofkg::RMSD,sdu6-homo / RMSD,RMSD,Time (ps),99900,0.20768626,nm,nm
line,overlay,sdu6-homo,sdu6-homo,rmsd,l4juofkg,l4juofkg::RMSD,sdu6-homo / RMSD,RMSD,Time (ps),100000,0.20640446,nm,nm
line,overlay,sdu6-homo-2,sdu6-homo-2,rmsd,p7n44oqi,p7n44oqi::RMSD,sdu6-homo-2 / RMSD,RMSD,Time (ps),0,0,nm,nm
line,overlay,sdu6-homo-2,sdu6-homo-2,rmsd,p7n44oqi,p7n44oqi::RMSD,sdu6-homo-2 / RMSD,RMSD,Time (ps),100,0.09049782,nm,nm
line,overlay,sdu6-homo-2,sdu6-homo-2,rmsd,p7n44oqi,p7n44oqi::RMSD,sdu6-homo-2 / RMSD,RMSD,Time (ps),200,0.10133833,nm,nm
line,overlay,sdu6-homo-2,sdu6-homo-2,rmsd,p7n44oqi,p7n44oqi::RMSD,sdu6-homo-2 / RMSD,RMSD,Time (ps),300,0.09323994,nm,nm
line,overlay,sdu6-homo-2,sdu6-homo-2,rmsd,p7n44oqi,p7n44oqi::RMSD,sdu6-homo-2 / RMSD,RMSD,Time (ps),400,0.08751019,nm,nm
line,overlay,sdu6-homo-2,sdu6-homo-2,rmsd,p7n44oqi,p7n44oqi::RMSD,sdu6-homo-2 / RMSD,RMSD,Time (ps),500,0.115795314,nm,nm
line,overlay,sdu6-homo-2,sdu6-homo-2,rmsd,p7n44oqi,p7n44oqi::RMSD,sdu6-homo-2 / RMSD,RMSD,Time (ps),600,0.15700124,nm,nm
line,overlay,sdu6-homo-2,sdu6-homo-2,rmsd,p7n44oqi,p7n44oqi::RMSD,sdu6-homo-2 / RMSD,RMSD,Time (ps),700,0.13029522,nm,nm
line,overlay,sdu6-homo-2,sdu6-homo-2,rmsd,p7n44oqi,p7n44oqi::RMSD,sdu6-homo-2 / RMSD,RMSD,Time (ps),800,0.10674878,nm,nm
line,overlay,sdu6-homo-2,sdu6-homo-2,rmsd,p7n44oqi,p7n44oqi::RMSD,sdu6-homo-2 / RMSD,RMSD,Time (ps),900,0.10721876,nm,nm
line,overlay,sdu6-homo-2,sdu6-homo-2,rmsd,p7n44oqi,p7n44oqi::RMSD,sdu6-homo-2 / RMSD,RMSD,Time (ps),1000,0.12373715,nm,nm
line,overlay,sdu6-homo-2,sdu6-homo-2,rmsd,p7n44oqi,p7n44oqi::RMSD,sdu6-homo-2 / RMSD,RMSD,Time (ps),1100,0.119920686,nm,nm
line,overlay,sdu6-homo-2,sdu6-homo-2,rmsd,p7n44oqi,p7n44oqi::RMSD,sdu6-homo-2 / RMSD,RMSD,Time (ps),1200,0.11509038,nm,nm
line,overlay,sdu6-homo-2,sdu6-homo-2,rmsd,p7n44oqi,p7n44oqi::RMSD,sdu6-homo-2 / RMSD,RMSD,Time (ps),1300,0.111331366,nm,nm
line,overlay,sdu6-homo-2,sdu6-homo-2,rmsd,p7n44oqi,p7n44oqi::RMSD,sdu6-homo-2 / RMSD,RMSD,Time (ps),1400,0.11870861,nm,nm
line,overlay,sdu6-homo-2,sdu6-homo-2,rmsd,p7n44oqi,p7n44oqi::RMSD,sdu6-homo-2 / RMSD,RMSD,Time (ps),1500,0.12330913,nm,nm
line,overlay,sdu6-homo-2,sdu6-homo-2,rmsd,p7n44oqi,p7n44oqi::RMSD,sdu6-homo-2 / RMSD,RMSD,Time (ps),1600,0.11277464,nm,nm
line,overlay,sdu6-homo-2,sdu6-homo-2,rmsd,p7n44oqi,p7n44oqi::RMSD,sdu6-homo-2 / RMSD,RMSD,Time (ps),1700,0.10531644,nm,nm
line,overlay,sdu6-homo-2,sdu6-homo-2,rmsd,p7n44oqi,p7n44oqi::RMSD,sdu6-homo-2 / RMSD,RMSD,Time (ps),1800,0.123523325,nm,nm
line,overlay,sdu6-homo-2,sdu6-homo-2,rmsd,p7n44oqi,p7n44oqi::RMSD,sdu6-homo-2 / RMSD,RMSD,Time (ps),1900,0.11838943,nm,nm
line,overlay,sdu6-homo-2,sdu6-homo-2,rmsd,p7n44oqi,p7n44oqi::RMSD,sdu6-homo-2 / RMSD,RMSD,Time (ps),2000,0.1265373,nm,nm
line,overlay,sdu6-homo-2,sdu6-homo-2,rmsd,p7n44oqi,p7n44oqi::RMSD,sdu6-homo-2 / RMSD,RMSD,Time (ps),2100,0.11820978,nm,nm
line,overlay,sdu6-homo-2,sdu6-homo-2,rmsd,p7n44oqi,p7n44oqi::RMSD,sdu6-homo-2 / RMSD,RMSD,Time (ps),2200,0.12824623,nm,nm
line,overlay,sdu6-homo-2,sdu6-homo-2,rmsd,p7n44oqi,p7n44oqi::RMSD,sdu6-homo-2 / RMSD,RMSD,Time (ps),2300,0.12696669,nm,nm
line,overlay,sdu6-homo-2,sdu6-homo-2,rmsd,p7n44oqi,p7n44oqi::RMSD,sdu6-homo-2 / RMSD,RMSD,Time (ps),2400,0.12029184,nm,nm
line,overlay,sdu6-homo-2,sdu6-homo-2,rmsd,p7n44oqi,p7n44oqi::RMSD,sdu6-homo-2 / RMSD,RMSD,Time (ps),2500,0.13581544,nm,nm
line,overlay,sdu6-homo-2,sdu6-homo-2,rmsd,p7n44oqi,p7n44oqi::RMSD,sdu6-homo-2 / RMSD,RMSD,Time (ps),2600,0.13942005,nm,nm
line,overlay,sdu6-homo-2,sdu6-homo-2,rmsd,p7n44oqi,p7n44oqi::RMSD,sdu6-homo-2 / RMSD,RMSD,Time (ps),2700,0.13195157,nm,nm
line,overlay,sdu6-homo-2,sdu6-homo-2,rmsd,p7n44oqi,p7n44oqi::RMSD,sdu6-homo-2 / RMSD,RMSD,Time (ps),2800,0.12516576,nm,nm
line,overlay,sdu6-homo-2,sdu6-homo-2,rmsd,p7n44oqi,p7n44oqi::RMSD,sdu6-homo-2 / RMSD,RMSD,Time (ps),2900,0.13013202,nm,nm
line,overlay,sdu6-homo-2,sdu6-homo-2,rmsd,p7n44oqi,p7n44oqi::RMSD,sdu6-homo-2 / RMSD,RMSD,Time (ps),3000,0.1202703,nm,nm
line,overlay,sdu6-homo-2,sdu6-homo-2,rmsd,p7n44oqi,p7n44oqi::RMSD,sdu6-homo-2 / RMSD,RMSD,Time (ps),3100,0.122296095,nm,nm
line,overlay,sdu6-homo-2,sdu6-homo-2,rmsd,p7n44oqi,p7n44oqi::RMSD,sdu6-homo-2 / RMSD,RMSD,Time (ps),3200,0.12988083,nm,nm
line,overlay,sdu6-homo-2,sdu6-homo-2,rmsd,p7n44oqi,p7n44oqi::RMSD,sdu6-homo-2 / RMSD,RMSD,Time (ps),3300,0.14231229,nm,nm
line,overlay,sdu6-homo-2,sdu6-homo-2,rmsd,p7n44oqi,p7n44oqi::RMSD,sdu6-homo-2 / RMSD,RMSD,Time (ps),3400,0.15034972,nm,nm
line,overlay,sdu6-homo-2,sdu6-homo-2,rmsd,p7n44oqi,p7n44oqi::RMSD,sdu6-homo-2 / RMSD,RMSD,Time (ps),3500,0.14377625,nm,nm
line,overlay,sdu6-homo-2,sdu6-homo-2,rmsd,p7n44oqi,p7n44oqi::RMSD,sdu6-homo-2 / RMSD,RMSD,Time (ps),3600,0.1455677,nm,nm
line,overlay,sdu6-homo-2,sdu6-homo-2,rmsd,p7n44oqi,p7n44oqi::RMSD,sdu6-homo-2 / RMSD,RMSD,Time (ps),3700,0.13310148,nm,nm
line,overlay,sdu6-homo-2,sdu6-homo-2,rmsd,p7n44oqi,p7n44oqi::RMSD,sdu6-homo-2 / RMSD,RMSD,Time (ps),3800,0.123489745,nm,nm
line,overlay,sdu6-homo-2,sdu6-homo-2,rmsd,p7n44oqi,p7n44oqi::RMSD,sdu6-homo-2 / RMSD,RMSD,Time (ps),3900,0.1197087,nm,nm
line,overlay,sdu6-homo-2,sdu6-homo-2,rmsd,p7n44oqi,p7n44oqi::RMSD,sdu6-homo-2 / RMSD,RMSD,Time (ps),4000,0.14457081,nm,nm
line,overlay,sdu6-homo-2,sdu6-homo-2,rmsd,p7n44oqi,p7n44oqi::RMSD,sdu6-homo-2 / RMSD,RMSD,Time (ps),4100,0.12888326,nm,nm
line,overlay,sdu6-homo-2,sdu6-homo-2,rmsd,p7n44oqi,p7n44oqi::RMSD,sdu6-homo-2 / RMSD,RMSD,Time (ps),4200,0.12788194,nm,nm
line,overlay,sdu6-homo-2,sdu6-homo-2,rmsd,p7n44oqi,p7n44oqi::RMSD,sdu6-homo-2 / RMSD,RMSD,Time (ps),4300,0.14207534,nm,nm
line,overlay,sdu6-homo-2,sdu6-homo-2,rmsd,p7n44oqi,p7n44oqi::RMSD,sdu6-homo-2 / RMSD,RMSD,Time (ps),4400,0.1250456,nm,nm
line,overlay,sdu6-homo-2,sdu6-homo-2,rmsd,p7n44oqi,p7n44oqi::RMSD,sdu6-homo-2 / RMSD,RMSD,Time (ps),4500,0.128323,nm,nm
line,overlay,sdu6-homo-2,sdu6-homo-2,rmsd,p7n44oqi,p7n44oqi::RMSD,sdu6-homo-2 / RMSD,RMSD,Time (ps),4600,0.11532883,nm,nm
line,overlay,sdu6-homo-2,sdu6-homo-2,rmsd,p7n44oqi,p7n44oqi::RMSD,sdu6-homo-2 / RMSD,RMSD,Time (ps),4700,0.13196729,nm,nm
line,overlay,sdu6-homo-2,sdu6-homo-2,rmsd,p7n44oqi,p7n44oqi::RMSD,sdu6-homo-2 / RMSD,RMSD,Time (ps),4800,0.14078157,nm,nm
line,overlay,sdu6-homo-2,sdu6-homo-2,rmsd,p7n44oqi,p7n44oqi::RMSD,sdu6-homo-2 / RMSD,RMSD,Time (ps),4900,0.14405718,nm,nm
line,overlay,sdu6-homo-2,sdu6-homo-2,rmsd,p7n44oqi,p7n44oqi::RMSD,sdu6-homo-2 / RMSD,RMSD,Time (ps),5000,0.142305,nm,nm
line,overlay,sdu6-homo-2,sdu6-homo-2,rmsd,p7n44oqi,p7n44oqi::RMSD,sdu6-homo-2 / RMSD,RMSD,Time (ps),5100,0.12146252,nm,nm
line,overlay,sdu6-homo-2,sdu6-homo-2,rmsd,p7n44oqi,p7n44oqi::RMSD,sdu6-homo-2 / RMSD,RMSD,Time (ps),5200,0.12948912,nm,nm
line,overlay,sdu6-homo-2,sdu6-homo-2,rmsd,p7n44oqi,p7n44oqi::RMSD,sdu6-homo-2 / RMSD,RMSD,Time (ps),5300,0.13675867,nm,nm
line,overlay,sdu6-homo-2,sdu6-homo-2,rmsd,p7n44oqi,p7n44oqi::RMSD,sdu6-homo-2 / RMSD,RMSD,Time (ps),5400,0.14122638,nm,nm
line,overlay,sdu6-homo-2,sdu6-homo-2,rmsd,p7n44oqi,p7n44oqi::RMSD,sdu6-homo-2 / RMSD,RMSD,Time (ps),5500,0.13634111,nm,nm
line,overlay,sdu6-homo-2,sdu6-homo-2,rmsd,p7n44oqi,p7n44oqi::RMSD,sdu6-homo-2 / RMSD,RMSD,Time (ps),5600,0.14551784,nm,nm
line,overlay,sdu6-homo-2,sdu6-homo-2,rmsd,p7n44oqi,p7n44oqi::RMSD,sdu6-homo-2 / RMSD,RMSD,Time (ps),5700,0.14046825,nm,nm
line,overlay,sdu6-homo-2,sdu6-homo-2,rmsd,p7n44oqi,p7n44oqi::RMSD,sdu6-homo-2 / RMSD,RMSD,Time (ps),5800,0.1351344,nm,nm
line,overlay,sdu6-homo-2,sdu6-homo-2,rmsd,p7n44oqi,p7n44oqi::RMSD,sdu6-homo-2 / RMSD,RMSD,Time (ps),5900,0.1481723,nm,nm
line,overlay,sdu6-homo-2,sdu6-homo-2,rmsd,p7n44oqi,p7n44oqi::RMSD,sdu6-homo-2 / RMSD,RMSD,Time (ps),6000,0.13489637,nm,nm
line,overlay,sdu6-homo-2,sdu6-homo-2,rmsd,p7n44oqi,p7n44oqi::RMSD,sdu6-homo-2 / RMSD,RMSD,Time (ps),6100,0.12484232,nm,nm
line,overlay,sdu6-homo-2,sdu6-homo-2,rmsd,p7n44oqi,p7n44oqi::RMSD,sdu6-homo-2 / RMSD,RMSD,Time (ps),6200,0.13557479,nm,nm
line,overlay,sdu6-homo-2,sdu6-homo-2,rmsd,p7n44oqi,p7n44oqi::RMSD,sdu6-homo-2 / RMSD,RMSD,Time (ps),6300,0.12045117,nm,nm
line,overlay,sdu6-homo-2,sdu6-homo-2,rmsd,p7n44oqi,p7n44oqi::RMSD,sdu6-homo-2 / RMSD,RMSD,Time (ps),6400,0.1267583,nm,nm
line,overlay,sdu6-homo-2,sdu6-homo-2,rmsd,p7n44oqi,p7n44oqi::RMSD,sdu6-homo-2 / RMSD,RMSD,Time (ps),6500,0.1386483,nm,nm
line,overlay,sdu6-homo-2,sdu6-homo-2,rmsd,p7n44oqi,p7n44oqi::RMSD,sdu6-homo-2 / RMSD,RMSD,Time (ps),6600,0.13422224,nm,nm
line,overlay,sdu6-homo-2,sdu6-homo-2,rmsd,p7n44oqi,p7n44oqi::RMSD,sdu6-homo-2 / RMSD,RMSD,Time (ps),6700,0.12730916,nm,nm
line,overlay,sdu6-homo-2,sdu6-homo-2,rmsd,p7n44oqi,p7n44oqi::RMSD,sdu6-homo-2 / RMSD,RMSD,Time (ps),6800,0.13409087,nm,nm
line,overlay,sdu6-homo-2,sdu6-homo-2,rmsd,p7n44oqi,p7n44oqi::RMSD,sdu6-homo-2 / RMSD,RMSD,Time (ps),6900,0.13419907,nm,nm
line,overlay,sdu6-homo-2,sdu6-homo-2,rmsd,p7n44oqi,p7n44oqi::RMSD,sdu6-homo-2 / RMSD,RMSD,Time (ps),7000,0.12880681,nm,nm
line,overlay,sdu6-homo-2,sdu6-homo-2,rmsd,p7n44oqi,p7n44oqi::RMSD,sdu6-homo-2 / RMSD,RMSD,Time (ps),7100,0.13402514,nm,nm
line,overlay,sdu6-homo-2,sdu6-homo-2,rmsd,p7n44oqi,p7n44oqi::RMSD,sdu6-homo-2 / RMSD,RMSD,Time (ps),7200,0.12986885,nm,nm
line,overlay,sdu6-homo-2,sdu6-homo-2,rmsd,p7n44oqi,p7n44oqi::RMSD,sdu6-homo-2 / RMSD,RMSD,Time (ps),7300,0.12571947,nm,nm
line,overlay,sdu6-homo-2,sdu6-homo-2,rmsd,p7n44oqi,p7n44oqi::RMSD,sdu6-homo-2 / RMSD,RMSD,Time (ps),7400,0.12944509,nm,nm
line,overlay,sdu6-homo-2,sdu6-homo-2,rmsd,p7n44oqi,p7n44oqi::RMSD,sdu6-homo-2 / RMSD,RMSD,Time (ps),7500,0.13637912,nm,nm
line,overlay,sdu6-homo-2,sdu6-homo-2,rmsd,p7n44oqi,p7n44oqi::RMSD,sdu6-homo-2 / RMSD,RMSD,Time (ps),7600,0.117633946,nm,nm
line,overlay,sdu6-homo-2,sdu6-homo-2,rmsd,p7n44oqi,p7n44oqi::RMSD,sdu6-homo-2 / RMSD,RMSD,Time (ps),7700,0.119925015,nm,nm
line,overlay,sdu6-homo-2,sdu6-homo-2,rmsd,p7n44oqi,p7n44oqi::RMSD,sdu6-homo-2 / RMSD,RMSD,Time (ps),7800,0.12021425,nm,nm
line,overlay,sdu6-homo-2,sdu6-homo-2,rmsd,p7n44oqi,p7n44oqi::RMSD,sdu6-homo-2 / RMSD,RMSD,Time (ps),7900,0.12004165,nm,nm
line,overlay,sdu6-homo-2,sdu6-homo-2,rmsd,p7n44oqi,p7n44oqi::RMSD,sdu6-homo-2 / RMSD,RMSD,Time (ps),8000,0.12848043,nm,nm
line,overlay,sdu6-homo-2,sdu6-homo-2,rmsd,p7n44oqi,p7n44oqi::RMSD,sdu6-homo-2 / RMSD,RMSD,Time (ps),8100,0.12960915,nm,nm
line,overlay,sdu6-homo-2,sdu6-homo-2,rmsd,p7n44oqi,p7n44oqi::RMSD,sdu6-homo-2 / RMSD,RMSD,Time (ps),8200,0.12338897,nm,nm
line,overlay,sdu6-homo-2,sdu6-homo-2,rmsd,p7n44oqi,p7n44oqi::RMSD,sdu6-homo-2 / RMSD,RMSD,Time (ps),8300,0.11675821,nm,nm
line,overlay,sdu6-homo-2,sdu6-homo-2,rmsd,p7n44oqi,p7n44oqi::RMSD,sdu6-homo-2 / RMSD,RMSD,Time (ps),8400,0.12216463,nm,nm
line,overlay,sdu6-homo-2,sdu6-homo-2,rmsd,p7n44oqi,p7n44oqi::RMSD,sdu6-homo-2 / RMSD,RMSD,Time (ps),8500,0.1472353,nm,nm
line,overlay,sdu6-homo-2,sdu6-homo-2,rmsd,p7n44oqi,p7n44oqi::RMSD,sdu6-homo-2 / RMSD,RMSD,Time (ps),8600,0.12171404,nm,nm
line,overlay,sdu6-homo-2,sdu6-homo-2,rmsd,p7n44oqi,p7n44oqi::RMSD,sdu6-homo-2 / RMSD,RMSD,Time (ps),8700,0.13073605,nm,nm
line,overlay,sdu6-homo-2,sdu6-homo-2,rmsd,p7n44oqi,p7n44oqi::RMSD,sdu6-homo-2 / RMSD,RMSD,Time (ps),8800,0.11807816,nm,nm
line,overlay,sdu6-homo-2,sdu6-homo-2,rmsd,p7n44oqi,p7n44oqi::RMSD,sdu6-homo-2 / RMSD,RMSD,Time (ps),8900,0.12899582,nm,nm
line,overlay,sdu6-homo-2,sdu6-homo-2,rmsd,p7n44oqi,p7n44oqi::RMSD,sdu6-homo-2 / RMSD,RMSD,Time (ps),9000,0.13035488,nm,nm
line,overlay,sdu6-homo-2,sdu6-homo-2,rmsd,p7n44oqi,p7n44oqi::RMSD,sdu6-homo-2 / RMSD,RMSD,Time (ps),9100,0.116032325,nm,nm
line,overlay,sdu6-homo-2,sdu6-homo-2,rmsd,p7n44oqi,p7n44oqi::RMSD,sdu6-homo-2 / RMSD,RMSD,Time (ps),9200,0.121688485,nm,nm
line,overlay,sdu6-homo-2,sdu6-homo-2,rmsd,p7n44oqi,p7n44oqi::RMSD,sdu6-homo-2 / RMSD,RMSD,Time (ps),9300,0.117431074,nm,nm
line,overlay,sdu6-homo-2,sdu6-homo-2,rmsd,p7n44oqi,p7n44oqi::RMSD,sdu6-homo-2 / RMSD,RMSD,Time (ps),9400,0.11570127,nm,nm
line,overlay,sdu6-homo-2,sdu6-homo-2,rmsd,p7n44oqi,p7n44oqi::RMSD,sdu6-homo-2 / RMSD,RMSD,Time (ps),9500,0.11764716,nm,nm
line,overlay,sdu6-homo-2,sdu6-homo-2,rmsd,p7n44oqi,p7n44oqi::RMSD,sdu6-homo-2 / RMSD,RMSD,Time (ps),9600,0.12075203,nm,nm
line,overlay,sdu6-homo-2,sdu6-homo-2,rmsd,p7n44oqi,p7n44oqi::RMSD,sdu6-homo-2 / RMSD,RMSD,Time (ps),9700,0.123140864,nm,nm
line,overlay,sdu6-homo-2,sdu6-homo-2,rmsd,p7n44oqi,p7n44oqi::RMSD,sdu6-homo-2 / RMSD,RMSD,Time (ps),9800,0.10746503,nm,nm
line,overlay,sdu6-homo-2,sdu6-homo-2,rmsd,p7n44oqi,p7n44oqi::RMSD,sdu6-homo-2 / RMSD,RMSD,Time (ps),9900,0.11264127,nm,nm
line,overlay,sdu6-homo-2,sdu6-homo-2,rmsd,p7n44oqi,p7n44oqi::RMSD,sdu6-homo-2 / RMSD,RMSD,Time (ps),10000,0.122761436,nm,nm
line,overlay,sdu6-homo-2,sdu6-homo-2,rmsd,p7n44oqi,p7n44oqi::RMSD,sdu6-homo-2 / RMSD,RMSD,Time (ps),10100,0.12039952,nm,nm
line,overlay,sdu6-homo-2,sdu6-homo-2,rmsd,p7n44oqi,p7n44oqi::RMSD,sdu6-homo-2 / RMSD,RMSD,Time (ps),10200,0.13215177,nm,nm
line,overlay,sdu6-homo-2,sdu6-homo-2,rmsd,p7n44oqi,p7n44oqi::RMSD,sdu6-homo-2 / RMSD,RMSD,Time (ps),10300,0.15320142,nm,nm
line,overlay,sdu6-homo-2,sdu6-homo-2,rmsd,p7n44oqi,p7n44oqi::RMSD,sdu6-homo-2 / RMSD,RMSD,Time (ps),10400,0.14107949,nm,nm
line,overlay,sdu6-homo-2,sdu6-homo-2,rmsd,p7n44oqi,p7n44oqi::RMSD,sdu6-homo-2 / RMSD,RMSD,Time (ps),10500,0.1451112,nm,nm
line,overlay,sdu6-homo-2,sdu6-homo-2,rmsd,p7n44oqi,p7n44oqi::RMSD,sdu6-homo-2 / RMSD,RMSD,Time (ps),10600,0.13842382,nm,nm
line,overlay,sdu6-homo-2,sdu6-homo-2,rmsd,p7n44oqi,p7n44oqi::RMSD,sdu6-homo-2 / RMSD,RMSD,Time (ps),10700,0.12946911,nm,nm
line,overlay,sdu6-homo-2,sdu6-homo-2,rmsd,p7n44oqi,p7n44oqi::RMSD,sdu6-homo-2 / RMSD,RMSD,Time (ps),10800,0.13890976,nm,nm
line,overlay,sdu6-homo-2,sdu6-homo-2,rmsd,p7n44oqi,p7n44oqi::RMSD,sdu6-homo-2 / RMSD,RMSD,Time (ps),10900,0.12324605,nm,nm
line,overlay,sdu6-homo-2,sdu6-homo-2,rmsd,p7n44oqi,p7n44oqi::RMSD,sdu6-homo-2 / RMSD,RMSD,Time (ps),11000,0.12438893,nm,nm
line,overlay,sdu6-homo-2,sdu6-homo-2,rmsd,p7n44oqi,p7n44oqi::RMSD,sdu6-homo-2 / RMSD,RMSD,Time (ps),11100,0.13106473,nm,nm
line,overlay,sdu6-homo-2,sdu6-homo-2,rmsd,p7n44oqi,p7n44oqi::RMSD,sdu6-homo-2 / RMSD,RMSD,Time (ps),11200,0.12213493,nm,nm
line,overlay,sdu6-homo-2,sdu6-homo-2,rmsd,p7n44oqi,p7n44oqi::RMSD,sdu6-homo-2 / RMSD,RMSD,Time (ps),11300,0.123644955,nm,nm
line,overlay,sdu6-homo-2,sdu6-homo-2,rmsd,p7n44oqi,p7n44oqi::RMSD,sdu6-homo-2 / RMSD,RMSD,Time (ps),11400,0.12952115,nm,nm
line,overlay,sdu6-homo-2,sdu6-homo-2,rmsd,p7n44oqi,p7n44oqi::RMSD,sdu6-homo-2 / RMSD,RMSD,Time (ps),11500,0.11791123,nm,nm
line,overlay,sdu6-homo-2,sdu6-homo-2,rmsd,p7n44oqi,p7n44oqi::RMSD,sdu6-homo-2 / RMSD,RMSD,Time (ps),11600,0.14082575,nm,nm
line,overlay,sdu6-homo-2,sdu6-homo-2,rmsd,p7n44oqi,p7n44oqi::RMSD,sdu6-homo-2 / RMSD,RMSD,Time (ps),11700,0.11937048,nm,nm
line,overlay,sdu6-homo-2,sdu6-homo-2,rmsd,p7n44oqi,p7n44oqi::RMSD,sdu6-homo-2 / RMSD,RMSD,Time (ps),11800,0.124167874,nm,nm
line,overlay,sdu6-homo-2,sdu6-homo-2,rmsd,p7n44oqi,p7n44oqi::RMSD,sdu6-homo-2 / RMSD,RMSD,Time (ps),11900,0.12469692,nm,nm
line,overlay,sdu6-homo-2,sdu6-homo-2,rmsd,p7n44oqi,p7n44oqi::RMSD,sdu6-homo-2 / RMSD,RMSD,Time (ps),12000,0.13160543,nm,nm
line,overlay,sdu6-homo-2,sdu6-homo-2,rmsd,p7n44oqi,p7n44oqi::RMSD,sdu6-homo-2 / RMSD,RMSD,Time (ps),12100,0.1158356,nm,nm
line,overlay,sdu6-homo-2,sdu6-homo-2,rmsd,p7n44oqi,p7n44oqi::RMSD,sdu6-homo-2 / RMSD,RMSD,Time (ps),12200,0.10564078,nm,nm
line,overlay,sdu6-homo-2,sdu6-homo-2,rmsd,p7n44oqi,p7n44oqi::RMSD,sdu6-homo-2 / RMSD,RMSD,Time (ps),12300,0.113398015,nm,nm
line,overlay,sdu6-homo-2,sdu6-homo-2,rmsd,p7n44oqi,p7n44oqi::RMSD,sdu6-homo-2 / RMSD,RMSD,Time (ps),12400,0.12604888,nm,nm
line,overlay,sdu6-homo-2,sdu6-homo-2,rmsd,p7n44oqi,p7n44oqi::RMSD,sdu6-homo-2 / RMSD,RMSD,Time (ps),12500,0.1179332,nm,nm
line,overlay,sdu6-homo-2,sdu6-homo-2,rmsd,p7n44oqi,p7n44oqi::RMSD,sdu6-homo-2 / RMSD,RMSD,Time (ps),12600,0.12772377,nm,nm
line,overlay,sdu6-homo-2,sdu6-homo-2,rmsd,p7n44oqi,p7n44oqi::RMSD,sdu6-homo-2 / RMSD,RMSD,Time (ps),12700,0.11768241,nm,nm
line,overlay,sdu6-homo-2,sdu6-homo-2,rmsd,p7n44oqi,p7n44oqi::RMSD,sdu6-homo-2 / RMSD,RMSD,Time (ps),12800,0.13199085,nm,nm
line,overlay,sdu6-homo-2,sdu6-homo-2,rmsd,p7n44oqi,p7n44oqi::RMSD,sdu6-homo-2 / RMSD,RMSD,Time (ps),12900,0.12598717,nm,nm
line,overlay,sdu6-homo-2,sdu6-homo-2,rmsd,p7n44oqi,p7n44oqi::RMSD,sdu6-homo-2 / RMSD,RMSD,Time (ps),13000,0.12771566,nm,nm
line,overlay,sdu6-homo-2,sdu6-homo-2,rmsd,p7n44oqi,p7n44oqi::RMSD,sdu6-homo-2 / RMSD,RMSD,Time (ps),13100,0.12017975,nm,nm
line,overlay,sdu6-homo-2,sdu6-homo-2,rmsd,p7n44oqi,p7n44oqi::RMSD,sdu6-homo-2 / RMSD,RMSD,Time (ps),13200,0.12608176,nm,nm
line,overlay,sdu6-homo-2,sdu6-homo-2,rmsd,p7n44oqi,p7n44oqi::RMSD,sdu6-homo-2 / RMSD,RMSD,Time (ps),13300,0.14200966,nm,nm
line,overlay,sdu6-homo-2,sdu6-homo-2,rmsd,p7n44oqi,p7n44oqi::RMSD,sdu6-homo-2 / RMSD,RMSD,Time (ps),13400,0.13138074,nm,nm
line,overlay,sdu6-homo-2,sdu6-homo-2,rmsd,p7n44oqi,p7n44oqi::RMSD,sdu6-homo-2 / RMSD,RMSD,Time (ps),13500,0.1190966,nm,nm
line,overlay,sdu6-homo-2,sdu6-homo-2,rmsd,p7n44oqi,p7n44oqi::RMSD,sdu6-homo-2 / RMSD,RMSD,Time (ps),13600,0.12212644,nm,nm
line,overlay,sdu6-homo-2,sdu6-homo-2,rmsd,p7n44oqi,p7n44oqi::RMSD,sdu6-homo-2 / RMSD,RMSD,Time (ps),13700,0.1182843,nm,nm
line,overlay,sdu6-homo-2,sdu6-homo-2,rmsd,p7n44oqi,p7n44oqi::RMSD,sdu6-homo-2 / RMSD,RMSD,Time (ps),13800,0.13231249,nm,nm
line,overlay,sdu6-homo-2,sdu6-homo-2,rmsd,p7n44oqi,p7n44oqi::RMSD,sdu6-homo-2 / RMSD,RMSD,Time (ps),13900,0.12493364,nm,nm
line,overlay,sdu6-homo-2,sdu6-homo-2,rmsd,p7n44oqi,p7n44oqi::RMSD,sdu6-homo-2 / RMSD,RMSD,Time (ps),14000,0.13397871,nm,nm
line,overlay,sdu6-homo-2,sdu6-homo-2,rmsd,p7n44oqi,p7n44oqi::RMSD,sdu6-homo-2 / RMSD,RMSD,Time (ps),14100,0.13513823,nm,nm
line,overlay,sdu6-homo-2,sdu6-homo-2,rmsd,p7n44oqi,p7n44oqi::RMSD,sdu6-homo-2 / RMSD,RMSD,Time (ps),14200,0.12532303,nm,nm
line,overlay,sdu6-homo-2,sdu6-homo-2,rmsd,p7n44oqi,p7n44oqi::RMSD,sdu6-homo-2 / RMSD,RMSD,Time (ps),14300,0.1231114,nm,nm
line,overlay,sdu6-homo-2,sdu6-homo-2,rmsd,p7n44oqi,p7n44oqi::RMSD,sdu6-homo-2 / RMSD,RMSD,Time (ps),14400,0.13735622,nm,nm
line,overlay,sdu6-homo-2,sdu6-homo-2,rmsd,p7n44oqi,p7n44oqi::RMSD,sdu6-homo-2 / RMSD,RMSD,Time (ps),14500,0.1595654,nm,nm
line,overlay,sdu6-homo-2,sdu6-homo-2,rmsd,p7n44oqi,p7n44oqi::RMSD,sdu6-homo-2 / RMSD,RMSD,Time (ps),14600,0.13738641,nm,nm
line,overlay,sdu6-homo-2,sdu6-homo-2,rmsd,p7n44oqi,p7n44oqi::RMSD,sdu6-homo-2 / RMSD,RMSD,Time (ps),14700,0.15362376,nm,nm
line,overlay,sdu6-homo-2,sdu6-homo-2,rmsd,p7n44oqi,p7n44oqi::RMSD,sdu6-homo-2 / RMSD,RMSD,Time (ps),14800,0.15549512,nm,nm
line,overlay,sdu6-homo-2,sdu6-homo-2,rmsd,p7n44oqi,p7n44oqi::RMSD,sdu6-homo-2 / RMSD,RMSD,Time (ps),14900,0.14739013,nm,nm
line,overlay,sdu6-homo-2,sdu6-homo-2,rmsd,p7n44oqi,p7n44oqi::RMSD,sdu6-homo-2 / RMSD,RMSD,Time (ps),15000,0.14243244,nm,nm
line,overlay,sdu6-homo-2,sdu6-homo-2,rmsd,p7n44oqi,p7n44oqi::RMSD,sdu6-homo-2 / RMSD,RMSD,Time (ps),15100,0.13409087,nm,nm
line,overlay,sdu6-homo-2,sdu6-homo-2,rmsd,p7n44oqi,p7n44oqi::RMSD,sdu6-homo-2 / RMSD,RMSD,Time (ps),15200,0.12948112,nm,nm
line,overlay,sdu6-homo-2,sdu6-homo-2,rmsd,p7n44oqi,p7n44oqi::RMSD,sdu6-homo-2 / RMSD,RMSD,Time (ps),15300,0.13337381,nm,nm
line,overlay,sdu6-homo-2,sdu6-homo-2,rmsd,p7n44oqi,p7n44oqi::RMSD,sdu6-homo-2 / RMSD,RMSD,Time (ps),15400,0.1572157,nm,nm
line,overlay,sdu6-homo-2,sdu6-homo-2,rmsd,p7n44oqi,p7n44oqi::RMSD,sdu6-homo-2 / RMSD,RMSD,Time (ps),15500,0.1563528,nm,nm
line,overlay,sdu6-homo-2,sdu6-homo-2,rmsd,p7n44oqi,p7n44oqi::RMSD,sdu6-homo-2 / RMSD,RMSD,Time (ps),15600,0.15910019,nm,nm
line,overlay,sdu6-homo-2,sdu6-homo-2,rmsd,p7n44oqi,p7n44oqi::RMSD,sdu6-homo-2 / RMSD,RMSD,Time (ps),15700,0.12977701,nm,nm
line,overlay,sdu6-homo-2,sdu6-homo-2,rmsd,p7n44oqi,p7n44oqi::RMSD,sdu6-homo-2 / RMSD,RMSD,Time (ps),15800,0.13134523,nm,nm
line,overlay,sdu6-homo-2,sdu6-homo-2,rmsd,p7n44oqi,p7n44oqi::RMSD,sdu6-homo-2 / RMSD,RMSD,Time (ps),15900,0.1266724,nm,nm
line,overlay,sdu6-homo-2,sdu6-homo-2,rmsd,p7n44oqi,p7n44oqi::RMSD,sdu6-homo-2 / RMSD,RMSD,Time (ps),16000,0.12572359,nm,nm
line,overlay,sdu6-homo-2,sdu6-homo-2,rmsd,p7n44oqi,p7n44oqi::RMSD,sdu6-homo-2 / RMSD,RMSD,Time (ps),16100,0.11805621,nm,nm
line,overlay,sdu6-homo-2,sdu6-homo-2,rmsd,p7n44oqi,p7n44oqi::RMSD,sdu6-homo-2 / RMSD,RMSD,Time (ps),16200,0.12497097,nm,nm
line,overlay,sdu6-homo-2,sdu6-homo-2,rmsd,p7n44oqi,p7n44oqi::RMSD,sdu6-homo-2 / RMSD,RMSD,Time (ps),16300,0.12412613,nm,nm
line,overlay,sdu6-homo-2,sdu6-homo-2,rmsd,p7n44oqi,p7n44oqi::RMSD,sdu6-homo-2 / RMSD,RMSD,Time (ps),16400,0.11776607,nm,nm
line,overlay,sdu6-homo-2,sdu6-homo-2,rmsd,p7n44oqi,p7n44oqi::RMSD,sdu6-homo-2 / RMSD,RMSD,Time (ps),16500,0.12601598,nm,nm
line,overlay,sdu6-homo-2,sdu6-homo-2,rmsd,p7n44oqi,p7n44oqi::RMSD,sdu6-homo-2 / RMSD,RMSD,Time (ps),16600,0.12160753,nm,nm
line,overlay,sdu6-homo-2,sdu6-homo-2,rmsd,p7n44oqi,p7n44oqi::RMSD,sdu6-homo-2 / RMSD,RMSD,Time (ps),16700,0.12690543,nm,nm
line,overlay,sdu6-homo-2,sdu6-homo-2,rmsd,p7n44oqi,p7n44oqi::RMSD,sdu6-homo-2 / RMSD,RMSD,Time (ps),16800,0.12515333,nm,nm
line,overlay,sdu6-homo-2,sdu6-homo-2,rmsd,p7n44oqi,p7n44oqi::RMSD,sdu6-homo-2 / RMSD,RMSD,Time (ps),16900,0.12372039,nm,nm
line,overlay,sdu6-homo-2,sdu6-homo-2,rmsd,p7n44oqi,p7n44oqi::RMSD,sdu6-homo-2 / RMSD,RMSD,Time (ps),17000,0.1291725,nm,nm
line,overlay,sdu6-homo-2,sdu6-homo-2,rmsd,p7n44oqi,p7n44oqi::RMSD,sdu6-homo-2 / RMSD,RMSD,Time (ps),17100,0.11804742,nm,nm
line,overlay,sdu6-homo-2,sdu6-homo-2,rmsd,p7n44oqi,p7n44oqi::RMSD,sdu6-homo-2 / RMSD,RMSD,Time (ps),17200,0.12220281,nm,nm
line,overlay,sdu6-homo-2,sdu6-homo-2,rmsd,p7n44oqi,p7n44oqi::RMSD,sdu6-homo-2 / RMSD,RMSD,Time (ps),17300,0.12464287,nm,nm
line,overlay,sdu6-homo-2,sdu6-homo-2,rmsd,p7n44oqi,p7n44oqi::RMSD,sdu6-homo-2 / RMSD,RMSD,Time (ps),17400,0.1208164,nm,nm
line,overlay,sdu6-homo-2,sdu6-homo-2,rmsd,p7n44oqi,p7n44oqi::RMSD,sdu6-homo-2 / RMSD,RMSD,Time (ps),17500,0.12478003,nm,nm
line,overlay,sdu6-homo-2,sdu6-homo-2,rmsd,p7n44oqi,p7n44oqi::RMSD,sdu6-homo-2 / RMSD,RMSD,Time (ps),17600,0.12325446,nm,nm
line,overlay,sdu6-homo-2,sdu6-homo-2,rmsd,p7n44oqi,p7n44oqi::RMSD,sdu6-homo-2 / RMSD,RMSD,Time (ps),17700,0.12142837,nm,nm
line,overlay,sdu6-homo-2,sdu6-homo-2,rmsd,p7n44oqi,p7n44oqi::RMSD,sdu6-homo-2 / RMSD,RMSD,Time (ps),17800,0.11832812,nm,nm
line,overlay,sdu6-homo-2,sdu6-homo-2,rmsd,p7n44oqi,p7n44oqi::RMSD,sdu6-homo-2 / RMSD,RMSD,Time (ps),17900,0.11453507,nm,nm
line,overlay,sdu6-homo-2,sdu6-homo-2,rmsd,p7n44oqi,p7n44oqi::RMSD,sdu6-homo-2 / RMSD,RMSD,Time (ps),18000,0.126525,nm,nm
line,overlay,sdu6-homo-2,sdu6-homo-2,rmsd,p7n44oqi,p7n44oqi::RMSD,sdu6-homo-2 / RMSD,RMSD,Time (ps),18100,0.11967839,nm,nm
line,overlay,sdu6-homo-2,sdu6-homo-2,rmsd,p7n44oqi,p7n44oqi::RMSD,sdu6-homo-2 / RMSD,RMSD,Time (ps),18200,0.12690134,nm,nm
line,overlay,sdu6-homo-2,sdu6-homo-2,rmsd,p7n44oqi,p7n44oqi::RMSD,sdu6-homo-2 / RMSD,RMSD,Time (ps),18300,0.11724554,nm,nm
line,overlay,sdu6-homo-2,sdu6-homo-2,rmsd,p7n44oqi,p7n44oqi::RMSD,sdu6-homo-2 / RMSD,RMSD,Time (ps),18400,0.12400078,nm,nm
line,overlay,sdu6-homo-2,sdu6-homo-2,rmsd,p7n44oqi,p7n44oqi::RMSD,sdu6-homo-2 / RMSD,RMSD,Time (ps),18500,0.12327549,nm,nm
line,overlay,sdu6-homo-2,sdu6-homo-2,rmsd,p7n44oqi,p7n44oqi::RMSD,sdu6-homo-2 / RMSD,RMSD,Time (ps),18600,0.11154068,nm,nm
line,overlay,sdu6-homo-2,sdu6-homo-2,rmsd,p7n44oqi,p7n44oqi::RMSD,sdu6-homo-2 / RMSD,RMSD,Time (ps),18700,0.11940955,nm,nm
line,overlay,sdu6-homo-2,sdu6-homo-2,rmsd,p7n44oqi,p7n44oqi::RMSD,sdu6-homo-2 / RMSD,RMSD,Time (ps),18800,0.11343001,nm,nm
line,overlay,sdu6-homo-2,sdu6-homo-2,rmsd,p7n44oqi,p7n44oqi::RMSD,sdu6-homo-2 / RMSD,RMSD,Time (ps),18900,0.1257442,nm,nm
line,overlay,sdu6-homo-2,sdu6-homo-2,rmsd,p7n44oqi,p7n44oqi::RMSD,sdu6-homo-2 / RMSD,RMSD,Time (ps),19000,0.1317314,nm,nm
line,overlay,sdu6-homo-2,sdu6-homo-2,rmsd,p7n44oqi,p7n44oqi::RMSD,sdu6-homo-2 / RMSD,RMSD,Time (ps),19100,0.118704244,nm,nm
line,overlay,sdu6-homo-2,sdu6-homo-2,rmsd,p7n44oqi,p7n44oqi::RMSD,sdu6-homo-2 / RMSD,RMSD,Time (ps),19200,0.115866914,nm,nm
line,overlay,sdu6-homo-2,sdu6-homo-2,rmsd,p7n44oqi,p7n44oqi::RMSD,sdu6-homo-2 / RMSD,RMSD,Time (ps),19300,0.12451389,nm,nm
line,overlay,sdu6-homo-2,sdu6-homo-2,rmsd,p7n44oqi,p7n44oqi::RMSD,sdu6-homo-2 / RMSD,RMSD,Time (ps),19400,0.13251996,nm,nm
line,overlay,sdu6-homo-2,sdu6-homo-2,rmsd,p7n44oqi,p7n44oqi::RMSD,sdu6-homo-2 / RMSD,RMSD,Time (ps),19500,0.11907919,nm,nm
line,overlay,sdu6-homo-2,sdu6-homo-2,rmsd,p7n44oqi,p7n44oqi::RMSD,sdu6-homo-2 / RMSD,RMSD,Time (ps),19600,0.12113347,nm,nm
line,overlay,sdu6-homo-2,sdu6-homo-2,rmsd,p7n44oqi,p7n44oqi::RMSD,sdu6-homo-2 / RMSD,RMSD,Time (ps),19700,0.12758166,nm,nm
line,overlay,sdu6-homo-2,sdu6-homo-2,rmsd,p7n44oqi,p7n44oqi::RMSD,sdu6-homo-2 / RMSD,RMSD,Time (ps),19800,0.14295553,nm,nm
line,overlay,sdu6-homo-2,sdu6-homo-2,rmsd,p7n44oqi,p7n44oqi::RMSD,sdu6-homo-2 / RMSD,RMSD,Time (ps),19900,0.14643043,nm,nm
line,overlay,sdu6-homo-2,sdu6-homo-2,rmsd,p7n44oqi,p7n44oqi::RMSD,sdu6-homo-2 / RMSD,RMSD,Time (ps),20000,0.16332191,nm,nm
line,overlay,sdu6-homo-2,sdu6-homo-2,rmsd,p7n44oqi,p7n44oqi::RMSD,sdu6-homo-2 / RMSD,RMSD,Time (ps),20100,0.15412232,nm,nm
line,overlay,sdu6-homo-2,sdu6-homo-2,rmsd,p7n44oqi,p7n44oqi::RMSD,sdu6-homo-2 / RMSD,RMSD,Time (ps),20200,0.16154125,nm,nm
line,overlay,sdu6-homo-2,sdu6-homo-2,rmsd,p7n44oqi,p7n44oqi::RMSD,sdu6-homo-2 / RMSD,RMSD,Time (ps),20300,0.15413241,nm,nm
line,overlay,sdu6-homo-2,sdu6-homo-2,rmsd,p7n44oqi,p7n44oqi::RMSD,sdu6-homo-2 / RMSD,RMSD,Time (ps),20400,0.15362714,nm,nm
line,overlay,sdu6-homo-2,sdu6-homo-2,rmsd,p7n44oqi,p7n44oqi::RMSD,sdu6-homo-2 / RMSD,RMSD,Time (ps),20500,0.14294827,nm,nm
line,overlay,sdu6-homo-2,sdu6-homo-2,rmsd,p7n44oqi,p7n44oqi::RMSD,sdu6-homo-2 / RMSD,RMSD,Time (ps),20600,0.13290662,nm,nm
line,overlay,sdu6-homo-2,sdu6-homo-2,rmsd,p7n44oqi,p7n44oqi::RMSD,sdu6-homo-2 / RMSD,RMSD,Time (ps),20700,0.15310326,nm,nm
line,overlay,sdu6-homo-2,sdu6-homo-2,rmsd,p7n44oqi,p7n44oqi::RMSD,sdu6-homo-2 / RMSD,RMSD,Time (ps),20800,0.15942891,nm,nm
line,overlay,sdu6-homo-2,sdu6-homo-2,rmsd,p7n44oqi,p7n44oqi::RMSD,sdu6-homo-2 / RMSD,RMSD,Time (ps),20900,0.14861593,nm,nm
line,overlay,sdu6-homo-2,sdu6-homo-2,rmsd,p7n44oqi,p7n44oqi::RMSD,sdu6-homo-2 / RMSD,RMSD,Time (ps),21000,0.14986283,nm,nm
line,overlay,sdu6-homo-2,sdu6-homo-2,rmsd,p7n44oqi,p7n44oqi::RMSD,sdu6-homo-2 / RMSD,RMSD,Time (ps),21100,0.1445493,nm,nm
line,overlay,sdu6-homo-2,sdu6-homo-2,rmsd,p7n44oqi,p7n44oqi::RMSD,sdu6-homo-2 / RMSD,RMSD,Time (ps),21200,0.12905608,nm,nm
line,overlay,sdu6-homo-2,sdu6-homo-2,rmsd,p7n44oqi,p7n44oqi::RMSD,sdu6-homo-2 / RMSD,RMSD,Time (ps),21300,0.12811683,nm,nm
line,overlay,sdu6-homo-2,sdu6-homo-2,rmsd,p7n44oqi,p7n44oqi::RMSD,sdu6-homo-2 / RMSD,RMSD,Time (ps),21400,0.14270511,nm,nm
line,overlay,sdu6-homo-2,sdu6-homo-2,rmsd,p7n44oqi,p7n44oqi::RMSD,sdu6-homo-2 / RMSD,RMSD,Time (ps),21500,0.12786168,nm,nm
line,overlay,sdu6-homo-2,sdu6-homo-2,rmsd,p7n44oqi,p7n44oqi::RMSD,sdu6-homo-2 / RMSD,RMSD,Time (ps),21600,0.12688091,nm,nm
line,overlay,sdu6-homo-2,sdu6-homo-2,rmsd,p7n44oqi,p7n44oqi::RMSD,sdu6-homo-2 / RMSD,RMSD,Time (ps),21700,0.15668398,nm,nm
line,overlay,sdu6-homo-2,sdu6-homo-2,rmsd,p7n44oqi,p7n44oqi::RMSD,sdu6-homo-2 / RMSD,RMSD,Time (ps),21800,0.15409878,nm,nm
line,overlay,sdu6-homo-2,sdu6-homo-2,rmsd,p7n44oqi,p7n44oqi::RMSD,sdu6-homo-2 / RMSD,RMSD,Time (ps),21900,0.15964335,nm,nm
line,overlay,sdu6-homo-2,sdu6-homo-2,rmsd,p7n44oqi,p7n44oqi::RMSD,sdu6-homo-2 / RMSD,RMSD,Time (ps),22000,0.1310133,nm,nm
line,overlay,sdu6-homo-2,sdu6-homo-2,rmsd,p7n44oqi,p7n44oqi::RMSD,sdu6-homo-2 / RMSD,RMSD,Time (ps),22100,0.13801129,nm,nm
line,overlay,sdu6-homo-2,sdu6-homo-2,rmsd,p7n44oqi,p7n44oqi::RMSD,sdu6-homo-2 / RMSD,RMSD,Time (ps),22200,0.13977279,nm,nm
line,overlay,sdu6-homo-2,sdu6-homo-2,rmsd,p7n44oqi,p7n44oqi::RMSD,sdu6-homo-2 / RMSD,RMSD,Time (ps),22300,0.12164588,nm,nm
line,overlay,sdu6-homo-2,sdu6-homo-2,rmsd,p7n44oqi,p7n44oqi::RMSD,sdu6-homo-2 / RMSD,RMSD,Time (ps),22400,0.12494608,nm,nm
line,overlay,sdu6-homo-2,sdu6-homo-2,rmsd,p7n44oqi,p7n44oqi::RMSD,sdu6-homo-2 / RMSD,RMSD,Time (ps),22500,0.11132671,nm,nm
line,overlay,sdu6-homo-2,sdu6-homo-2,rmsd,p7n44oqi,p7n44oqi::RMSD,sdu6-homo-2 / RMSD,RMSD,Time (ps),22600,0.116873585,nm,nm
line,overlay,sdu6-homo-2,sdu6-homo-2,rmsd,p7n44oqi,p7n44oqi::RMSD,sdu6-homo-2 / RMSD,RMSD,Time (ps),22700,0.1502014,nm,nm
line,overlay,sdu6-homo-2,sdu6-homo-2,rmsd,p7n44oqi,p7n44oqi::RMSD,sdu6-homo-2 / RMSD,RMSD,Time (ps),22800,0.14173563,nm,nm
line,overlay,sdu6-homo-2,sdu6-homo-2,rmsd,p7n44oqi,p7n44oqi::RMSD,sdu6-homo-2 / RMSD,RMSD,Time (ps),22900,0.14299177,nm,nm
line,overlay,sdu6-homo-2,sdu6-homo-2,rmsd,p7n44oqi,p7n44oqi::RMSD,sdu6-homo-2 / RMSD,RMSD,Time (ps),23000,0.1373449,nm,nm
line,overlay,sdu6-homo-2,sdu6-homo-2,rmsd,p7n44oqi,p7n44oqi::RMSD,sdu6-homo-2 / RMSD,RMSD,Time (ps),23100,0.13899183,nm,nm
line,overlay,sdu6-homo-2,sdu6-homo-2,rmsd,p7n44oqi,p7n44oqi::RMSD,sdu6-homo-2 / RMSD,RMSD,Time (ps),23200,0.1330002,nm,nm
line,overlay,sdu6-homo-2,sdu6-homo-2,rmsd,p7n44oqi,p7n44oqi::RMSD,sdu6-homo-2 / RMSD,RMSD,Time (ps),23300,0.12446808,nm,nm
line,overlay,sdu6-homo-2,sdu6-homo-2,rmsd,p7n44oqi,p7n44oqi::RMSD,sdu6-homo-2 / RMSD,RMSD,Time (ps),23400,0.1275979,nm,nm
line,overlay,sdu6-homo-2,sdu6-homo-2,rmsd,p7n44oqi,p7n44oqi::RMSD,sdu6-homo-2 / RMSD,RMSD,Time (ps),23500,0.1168381,nm,nm
line,overlay,sdu6-homo-2,sdu6-homo-2,rmsd,p7n44oqi,p7n44oqi::RMSD,sdu6-homo-2 / RMSD,RMSD,Time (ps),23600,0.12409689,nm,nm
line,overlay,sdu6-homo-2,sdu6-homo-2,rmsd,p7n44oqi,p7n44oqi::RMSD,sdu6-homo-2 / RMSD,RMSD,Time (ps),23700,0.12723584,nm,nm
line,overlay,sdu6-homo-2,sdu6-homo-2,rmsd,p7n44oqi,p7n44oqi::RMSD,sdu6-homo-2 / RMSD,RMSD,Time (ps),23800,0.12798324,nm,nm
line,overlay,sdu6-homo-2,sdu6-homo-2,rmsd,p7n44oqi,p7n44oqi::RMSD,sdu6-homo-2 / RMSD,RMSD,Time (ps),23900,0.12169275,nm,nm
line,overlay,sdu6-homo-2,sdu6-homo-2,rmsd,p7n44oqi,p7n44oqi::RMSD,sdu6-homo-2 / RMSD,RMSD,Time (ps),24000,0.12459712,nm,nm
line,overlay,sdu6-homo-2,sdu6-homo-2,rmsd,p7n44oqi,p7n44oqi::RMSD,sdu6-homo-2 / RMSD,RMSD,Time (ps),24100,0.1350423,nm,nm
line,overlay,sdu6-homo-2,sdu6-homo-2,rmsd,p7n44oqi,p7n44oqi::RMSD,sdu6-homo-2 / RMSD,RMSD,Time (ps),24200,0.12409689,nm,nm
line,overlay,sdu6-homo-2,sdu6-homo-2,rmsd,p7n44oqi,p7n44oqi::RMSD,sdu6-homo-2 / RMSD,RMSD,Time (ps),24300,0.12645124,nm,nm
line,overlay,sdu6-homo-2,sdu6-homo-2,rmsd,p7n44oqi,p7n44oqi::RMSD,sdu6-homo-2 / RMSD,RMSD,Time (ps),24400,0.12462207,nm,nm
line,overlay,sdu6-homo-2,sdu6-homo-2,rmsd,p7n44oqi,p7n44oqi::RMSD,sdu6-homo-2 / RMSD,RMSD,Time (ps),24500,0.13575819,nm,nm
line,overlay,sdu6-homo-2,sdu6-homo-2,rmsd,p7n44oqi,p7n44oqi::RMSD,sdu6-homo-2 / RMSD,RMSD,Time (ps),24600,0.1291725,nm,nm
line,overlay,sdu6-homo-2,sdu6-homo-2,rmsd,p7n44oqi,p7n44oqi::RMSD,sdu6-homo-2 / RMSD,RMSD,Time (ps),24700,0.13035886,nm,nm
line,overlay,sdu6-homo-2,sdu6-homo-2,rmsd,p7n44oqi,p7n44oqi::RMSD,sdu6-homo-2 / RMSD,RMSD,Time (ps),24800,0.12456383,nm,nm
line,overlay,sdu6-homo-2,sdu6-homo-2,rmsd,p7n44oqi,p7n44oqi::RMSD,sdu6-homo-2 / RMSD,RMSD,Time (ps),24900,0.11871734,nm,nm
line,overlay,sdu6-homo-2,sdu6-homo-2,rmsd,p7n44oqi,p7n44oqi::RMSD,sdu6-homo-2 / RMSD,RMSD,Time (ps),25000,0.121599,nm,nm
line,overlay,sdu6-homo-2,sdu6-homo-2,rmsd,p7n44oqi,p7n44oqi::RMSD,sdu6-homo-2 / RMSD,RMSD,Time (ps),25100,0.10809504,nm,nm
line,overlay,sdu6-homo-2,sdu6-homo-2,rmsd,p7n44oqi,p7n44oqi::RMSD,sdu6-homo-2 / RMSD,RMSD,Time (ps),25200,0.1257442,nm,nm
line,overlay,sdu6-homo-2,sdu6-homo-2,rmsd,p7n44oqi,p7n44oqi::RMSD,sdu6-homo-2 / RMSD,RMSD,Time (ps),25300,0.12910828,nm,nm
line,overlay,sdu6-homo-2,sdu6-homo-2,rmsd,p7n44oqi,p7n44oqi::RMSD,sdu6-homo-2 / RMSD,RMSD,Time (ps),25400,0.1438087,nm,nm
line,overlay,sdu6-homo-2,sdu6-homo-2,rmsd,p7n44oqi,p7n44oqi::RMSD,sdu6-homo-2 / RMSD,RMSD,Time (ps),25500,0.14343695,nm,nm
line,overlay,sdu6-homo-2,sdu6-homo-2,rmsd,p7n44oqi,p7n44oqi::RMSD,sdu6-homo-2 / RMSD,RMSD,Time (ps),25600,0.13403673,nm,nm
line,overlay,sdu6-homo-2,sdu6-homo-2,rmsd,p7n44oqi,p7n44oqi::RMSD,sdu6-homo-2 / RMSD,RMSD,Time (ps),25700,0.16041425,nm,nm
line,overlay,sdu6-homo-2,sdu6-homo-2,rmsd,p7n44oqi,p7n44oqi::RMSD,sdu6-homo-2 / RMSD,RMSD,Time (ps),25800,0.15114401,nm,nm
line,overlay,sdu6-homo-2,sdu6-homo-2,rmsd,p7n44oqi,p7n44oqi::RMSD,sdu6-homo-2 / RMSD,RMSD,Time (ps),25900,0.1458665,nm,nm
line,overlay,sdu6-homo-2,sdu6-homo-2,rmsd,p7n44oqi,p7n44oqi::RMSD,sdu6-homo-2 / RMSD,RMSD,Time (ps),26000,0.13607854,nm,nm
line,overlay,sdu6-homo-2,sdu6-homo-2,rmsd,p7n44oqi,p7n44oqi::RMSD,sdu6-homo-2 / RMSD,RMSD,Time (ps),26100,0.14345863,nm,nm
line,overlay,sdu6-homo-2,sdu6-homo-2,rmsd,p7n44oqi,p7n44oqi::RMSD,sdu6-homo-2 / RMSD,RMSD,Time (ps),26200,0.13369212,nm,nm
line,overlay,sdu6-homo-2,sdu6-homo-2,rmsd,p7n44oqi,p7n44oqi::RMSD,sdu6-homo-2 / RMSD,RMSD,Time (ps),26300,0.13250431,nm,nm
line,overlay,sdu6-homo-2,sdu6-homo-2,rmsd,p7n44oqi,p7n44oqi::RMSD,sdu6-homo-2 / RMSD,RMSD,Time (ps),26400,0.12182897,nm,nm
line,overlay,sdu6-homo-2,sdu6-homo-2,rmsd,p7n44oqi,p7n44oqi::RMSD,sdu6-homo-2 / RMSD,RMSD,Time (ps),26500,0.12183748,nm,nm
line,overlay,sdu6-homo-2,sdu6-homo-2,rmsd,p7n44oqi,p7n44oqi::RMSD,sdu6-homo-2 / RMSD,RMSD,Time (ps),26600,0.12106927,nm,nm
line,overlay,sdu6-homo-2,sdu6-homo-2,rmsd,p7n44oqi,p7n44oqi::RMSD,sdu6-homo-2 / RMSD,RMSD,Time (ps),26700,0.13705777,nm,nm
line,overlay,sdu6-homo-2,sdu6-homo-2,rmsd,p7n44oqi,p7n44oqi::RMSD,sdu6-homo-2 / RMSD,RMSD,Time (ps),26800,0.12951313,nm,nm
line,overlay,sdu6-homo-2,sdu6-homo-2,rmsd,p7n44oqi,p7n44oqi::RMSD,sdu6-homo-2 / RMSD,RMSD,Time (ps),26900,0.12743124,nm,nm
line,overlay,sdu6-homo-2,sdu6-homo-2,rmsd,p7n44oqi,p7n44oqi::RMSD,sdu6-homo-2 / RMSD,RMSD,Time (ps),27000,0.12279521,nm,nm
line,overlay,sdu6-homo-2,sdu6-homo-2,rmsd,p7n44oqi,p7n44oqi::RMSD,sdu6-homo-2 / RMSD,RMSD,Time (ps),27100,0.13077967,nm,nm
line,overlay,sdu6-homo-2,sdu6-homo-2,rmsd,p7n44oqi,p7n44oqi::RMSD,sdu6-homo-2 / RMSD,RMSD,Time (ps),27200,0.13190442,nm,nm
line,overlay,sdu6-homo-2,sdu6-homo-2,rmsd,p7n44oqi,p7n44oqi::RMSD,sdu6-homo-2 / RMSD,RMSD,Time (ps),27300,0.120058924,nm,nm
line,overlay,sdu6-homo-2,sdu6-homo-2,rmsd,p7n44oqi,p7n44oqi::RMSD,sdu6-homo-2 / RMSD,RMSD,Time (ps),27400,0.14172831,nm,nm
line,overlay,sdu6-homo-2,sdu6-homo-2,rmsd,p7n44oqi,p7n44oqi::RMSD,sdu6-homo-2 / RMSD,RMSD,Time (ps),27500,0.14174294,nm,nm
line,overlay,sdu6-homo-2,sdu6-homo-2,rmsd,p7n44oqi,p7n44oqi::RMSD,sdu6-homo-2 / RMSD,RMSD,Time (ps),27600,0.14675927,nm,nm
line,overlay,sdu6-homo-2,sdu6-homo-2,rmsd,p7n44oqi,p7n44oqi::RMSD,sdu6-homo-2 / RMSD,RMSD,Time (ps),27700,0.13592227,nm,nm
line,overlay,sdu6-homo-2,sdu6-homo-2,rmsd,p7n44oqi,p7n44oqi::RMSD,sdu6-homo-2 / RMSD,RMSD,Time (ps),27800,0.13254733,nm,nm
line,overlay,sdu6-homo-2,sdu6-homo-2,rmsd,p7n44oqi,p7n44oqi::RMSD,sdu6-homo-2 / RMSD,RMSD,Time (ps),27900,0.13609758,nm,nm
line,overlay,sdu6-homo-2,sdu6-homo-2,rmsd,p7n44oqi,p7n44oqi::RMSD,sdu6-homo-2 / RMSD,RMSD,Time (ps),28000,0.13740905,nm,nm
line,overlay,sdu6-homo-2,sdu6-homo-2,rmsd,p7n44oqi,p7n44oqi::RMSD,sdu6-homo-2 / RMSD,RMSD,Time (ps),28100,0.13670559,nm,nm
line,overlay,sdu6-homo-2,sdu6-homo-2,rmsd,p7n44oqi,p7n44oqi::RMSD,sdu6-homo-2 / RMSD,RMSD,Time (ps),28200,0.13516508,nm,nm
line,overlay,sdu6-homo-2,sdu6-homo-2,rmsd,p7n44oqi,p7n44oqi::RMSD,sdu6-homo-2 / RMSD,RMSD,Time (ps),28300,0.14355977,nm,nm
line,overlay,sdu6-homo-2,sdu6-homo-2,rmsd,p7n44oqi,p7n44oqi::RMSD,sdu6-homo-2 / RMSD,RMSD,Time (ps),28400,0.14968285,nm,nm
line,overlay,sdu6-homo-2,sdu6-homo-2,rmsd,p7n44oqi,p7n44oqi::RMSD,sdu6-homo-2 / RMSD,RMSD,Time (ps),28500,0.15209442,nm,nm
line,overlay,sdu6-homo-2,sdu6-homo-2,rmsd,p7n44oqi,p7n44oqi::RMSD,sdu6-homo-2 / RMSD,RMSD,Time (ps),28600,0.131983,nm,nm
line,overlay,sdu6-homo-2,sdu6-homo-2,rmsd,p7n44oqi,p7n44oqi::RMSD,sdu6-homo-2 / RMSD,RMSD,Time (ps),28700,0.15509793,nm,nm
line,overlay,sdu6-homo-2,sdu6-homo-2,rmsd,p7n44oqi,p7n44oqi::RMSD,sdu6-homo-2 / RMSD,RMSD,Time (ps),28800,0.1769584,nm,nm
line,overlay,sdu6-homo-2,sdu6-homo-2,rmsd,p7n44oqi,p7n44oqi::RMSD,sdu6-homo-2 / RMSD,RMSD,Time (ps),28900,0.14618596,nm,nm
line,overlay,sdu6-homo-2,sdu6-homo-2,rmsd,p7n44oqi,p7n44oqi::RMSD,sdu6-homo-2 / RMSD,RMSD,Time (ps),29000,0.14392398,nm,nm
line,overlay,sdu6-homo-2,sdu6-homo-2,rmsd,p7n44oqi,p7n44oqi::RMSD,sdu6-homo-2 / RMSD,RMSD,Time (ps),29100,0.13949066,nm,nm
line,overlay,sdu6-homo-2,sdu6-homo-2,rmsd,p7n44oqi,p7n44oqi::RMSD,sdu6-homo-2 / RMSD,RMSD,Time (ps),29200,0.13392067,nm,nm
line,overlay,sdu6-homo-2,sdu6-homo-2,rmsd,p7n44oqi,p7n44oqi::RMSD,sdu6-homo-2 / RMSD,RMSD,Time (ps),29300,0.14658256,nm,nm
line,overlay,sdu6-homo-2,sdu6-homo-2,rmsd,p7n44oqi,p7n44oqi::RMSD,sdu6-homo-2 / RMSD,RMSD,Time (ps),29400,0.141186,nm,nm
line,overlay,sdu6-homo-2,sdu6-homo-2,rmsd,p7n44oqi,p7n44oqi::RMSD,sdu6-homo-2 / RMSD,RMSD,Time (ps),29500,0.15164731,nm,nm
line,overlay,sdu6-homo-2,sdu6-homo-2,rmsd,p7n44oqi,p7n44oqi::RMSD,sdu6-homo-2 / RMSD,RMSD,Time (ps),29600,0.13575819,nm,nm
line,overlay,sdu6-homo-2,sdu6-homo-2,rmsd,p7n44oqi,p7n44oqi::RMSD,sdu6-homo-2 / RMSD,RMSD,Time (ps),29700,0.13545622,nm,nm
line,overlay,sdu6-homo-2,sdu6-homo-2,rmsd,p7n44oqi,p7n44oqi::RMSD,sdu6-homo-2 / RMSD,RMSD,Time (ps),29800,0.13412179,nm,nm
line,overlay,sdu6-homo-2,sdu6-homo-2,rmsd,p7n44oqi,p7n44oqi::RMSD,sdu6-homo-2 / RMSD,RMSD,Time (ps),29900,0.1364893,nm,nm
line,overlay,sdu6-homo-2,sdu6-homo-2,rmsd,p7n44oqi,p7n44oqi::RMSD,sdu6-homo-2 / RMSD,RMSD,Time (ps),30000,0.12967713,nm,nm
line,overlay,sdu6-homo-2,sdu6-homo-2,rmsd,p7n44oqi,p7n44oqi::RMSD,sdu6-homo-2 / RMSD,RMSD,Time (ps),30100,0.13205759,nm,nm
line,overlay,sdu6-homo-2,sdu6-homo-2,rmsd,p7n44oqi,p7n44oqi::RMSD,sdu6-homo-2 / RMSD,RMSD,Time (ps),30200,0.1413181,nm,nm
line,overlay,sdu6-homo-2,sdu6-homo-2,rmsd,p7n44oqi,p7n44oqi::RMSD,sdu6-homo-2 / RMSD,RMSD,Time (ps),30300,0.14162588,nm,nm
line,overlay,sdu6-homo-2,sdu6-homo-2,rmsd,p7n44oqi,p7n44oqi::RMSD,sdu6-homo-2 / RMSD,RMSD,Time (ps),30400,0.13529156,nm,nm
line,overlay,sdu6-homo-2,sdu6-homo-2,rmsd,p7n44oqi,p7n44oqi::RMSD,sdu6-homo-2 / RMSD,RMSD,Time (ps),30500,0.12597483,nm,nm
line,overlay,sdu6-homo-2,sdu6-homo-2,rmsd,p7n44oqi,p7n44oqi::RMSD,sdu6-homo-2 / RMSD,RMSD,Time (ps),30600,0.13944978,nm,nm
line,overlay,sdu6-homo-2,sdu6-homo-2,rmsd,p7n44oqi,p7n44oqi::RMSD,sdu6-homo-2 / RMSD,RMSD,Time (ps),30700,0.14261791,nm,nm
line,overlay,sdu6-homo-2,sdu6-homo-2,rmsd,p7n44oqi,p7n44oqi::RMSD,sdu6-homo-2 / RMSD,RMSD,Time (ps),30800,0.15424672,nm,nm
line,overlay,sdu6-homo-2,sdu6-homo-2,rmsd,p7n44oqi,p7n44oqi::RMSD,sdu6-homo-2 / RMSD,RMSD,Time (ps),30900,0.137054,nm,nm
line,overlay,sdu6-homo-2,sdu6-homo-2,rmsd,p7n44oqi,p7n44oqi::RMSD,sdu6-homo-2 / RMSD,RMSD,Time (ps),31000,0.14478219,nm,nm
line,overlay,sdu6-homo-2,sdu6-homo-2,rmsd,p7n44oqi,p7n44oqi::RMSD,sdu6-homo-2 / RMSD,RMSD,Time (ps),31100,0.15462933,nm,nm
line,overlay,sdu6-homo-2,sdu6-homo-2,rmsd,p7n44oqi,p7n44oqi::RMSD,sdu6-homo-2 / RMSD,RMSD,Time (ps),31200,0.14681223,nm,nm
line,overlay,sdu6-homo-2,sdu6-homo-2,rmsd,p7n44oqi,p7n44oqi::RMSD,sdu6-homo-2 / RMSD,RMSD,Time (ps),31300,0.13440362,nm,nm
line,overlay,sdu6-homo-2,sdu6-homo-2,rmsd,p7n44oqi,p7n44oqi::RMSD,sdu6-homo-2 / RMSD,RMSD,Time (ps),31400,0.13370375,nm,nm
line,overlay,sdu6-homo-2,sdu6-homo-2,rmsd,p7n44oqi,p7n44oqi::RMSD,sdu6-homo-2 / RMSD,RMSD,Time (ps),31500,0.1363221,nm,nm
line,overlay,sdu6-homo-2,sdu6-homo-2,rmsd,p7n44oqi,p7n44oqi::RMSD,sdu6-homo-2 / RMSD,RMSD,Time (ps),31600,0.13536434,nm,nm
line,overlay,sdu6-homo-2,sdu6-homo-2,rmsd,p7n44oqi,p7n44oqi::RMSD,sdu6-homo-2 / RMSD,RMSD,Time (ps),31700,0.14784661,nm,nm
line,overlay,sdu6-homo-2,sdu6-homo-2,rmsd,p7n44oqi,p7n44oqi::RMSD,sdu6-homo-2 / RMSD,RMSD,Time (ps),31800,0.14934656,nm,nm
line,overlay,sdu6-homo-2,sdu6-homo-2,rmsd,p7n44oqi,p7n44oqi::RMSD,sdu6-homo-2 / RMSD,RMSD,Time (ps),31900,0.13910367,nm,nm
line,overlay,sdu6-homo-2,sdu6-homo-2,rmsd,p7n44oqi,p7n44oqi::RMSD,sdu6-homo-2 / RMSD,RMSD,Time (ps),32000,0.13033897,nm,nm
line,overlay,sdu6-homo-2,sdu6-homo-2,rmsd,p7n44oqi,p7n44oqi::RMSD,sdu6-homo-2 / RMSD,RMSD,Time (ps),32100,0.14737958,nm,nm
line,overlay,sdu6-homo-2,sdu6-homo-2,rmsd,p7n44oqi,p7n44oqi::RMSD,sdu6-homo-2 / RMSD,RMSD,Time (ps),32200,0.1484065,nm,nm
line,overlay,sdu6-homo-2,sdu6-homo-2,rmsd,p7n44oqi,p7n44oqi::RMSD,sdu6-homo-2 / RMSD,RMSD,Time (ps),32300,0.150429,nm,nm
line,overlay,sdu6-homo-2,sdu6-homo-2,rmsd,p7n44oqi,p7n44oqi::RMSD,sdu6-homo-2 / RMSD,RMSD,Time (ps),32400,0.16748674,nm,nm
line,overlay,sdu6-homo-2,sdu6-homo-2,rmsd,p7n44oqi,p7n44oqi::RMSD,sdu6-homo-2 / RMSD,RMSD,Time (ps),32500,0.16818473,nm,nm
line,overlay,sdu6-homo-2,sdu6-homo-2,rmsd,p7n44oqi,p7n44oqi::RMSD,sdu6-homo-2 / RMSD,RMSD,Time (ps),32600,0.14702393,nm,nm
line,overlay,sdu6-homo-2,sdu6-homo-2,rmsd,p7n44oqi,p7n44oqi::RMSD,sdu6-homo-2 / RMSD,RMSD,Time (ps),32700,0.14974171,nm,nm
line,overlay,sdu6-homo-2,sdu6-homo-2,rmsd,p7n44oqi,p7n44oqi::RMSD,sdu6-homo-2 / RMSD,RMSD,Time (ps),32800,0.13911857,nm,nm
line,overlay,sdu6-homo-2,sdu6-homo-2,rmsd,p7n44oqi,p7n44oqi::RMSD,sdu6-homo-2 / RMSD,RMSD,Time (ps),32900,0.12627074,nm,nm
line,overlay,sdu6-homo-2,sdu6-homo-2,rmsd,p7n44oqi,p7n44oqi::RMSD,sdu6-homo-2 / RMSD,RMSD,Time (ps),33000,0.13087872,nm,nm
line,overlay,sdu6-homo-2,sdu6-homo-2,rmsd,p7n44oqi,p7n44oqi::RMSD,sdu6-homo-2 / RMSD,RMSD,Time (ps),33100,0.14037967,nm,nm
line,overlay,sdu6-homo-2,sdu6-homo-2,rmsd,p7n44oqi,p7n44oqi::RMSD,sdu6-homo-2 / RMSD,RMSD,Time (ps),33200,0.14235234,nm,nm
line,overlay,sdu6-homo-2,sdu6-homo-2,rmsd,p7n44oqi,p7n44oqi::RMSD,sdu6-homo-2 / RMSD,RMSD,Time (ps),33300,0.12888326,nm,nm
line,overlay,sdu6-homo-2,sdu6-homo-2,rmsd,p7n44oqi,p7n44oqi::RMSD,sdu6-homo-2 / RMSD,RMSD,Time (ps),33400,0.13355635,nm,nm
line,overlay,sdu6-homo-2,sdu6-homo-2,rmsd,p7n44oqi,p7n44oqi::RMSD,sdu6-homo-2 / RMSD,RMSD,Time (ps),33500,0.13668285,nm,nm
line,overlay,sdu6-homo-2,sdu6-homo-2,rmsd,p7n44oqi,p7n44oqi::RMSD,sdu6-homo-2 / RMSD,RMSD,Time (ps),33600,0.13401353,nm,nm
line,overlay,sdu6-homo-2,sdu6-homo-2,rmsd,p7n44oqi,p7n44oqi::RMSD,sdu6-homo-2 / RMSD,RMSD,Time (ps),33700,0.13358739,nm,nm
line,overlay,sdu6-homo-2,sdu6-homo-2,rmsd,p7n44oqi,p7n44oqi::RMSD,sdu6-homo-2 / RMSD,RMSD,Time (ps),33800,0.12552966,nm,nm
line,overlay,sdu6-homo-2,sdu6-homo-2,rmsd,p7n44oqi,p7n44oqi::RMSD,sdu6-homo-2 / RMSD,RMSD,Time (ps),33900,0.12552966,nm,nm
line,overlay,sdu6-homo-2,sdu6-homo-2,rmsd,p7n44oqi,p7n44oqi::RMSD,sdu6-homo-2 / RMSD,RMSD,Time (ps),34000,0.12285429,nm,nm
line,overlay,sdu6-homo-2,sdu6-homo-2,rmsd,p7n44oqi,p7n44oqi::RMSD,sdu6-homo-2 / RMSD,RMSD,Time (ps),34100,0.12861754,nm,nm
line,overlay,sdu6-homo-2,sdu6-homo-2,rmsd,p7n44oqi,p7n44oqi::RMSD,sdu6-homo-2 / RMSD,RMSD,Time (ps),34200,0.13703507,nm,nm
line,overlay,sdu6-homo-2,sdu6-homo-2,rmsd,p7n44oqi,p7n44oqi::RMSD,sdu6-homo-2 / RMSD,RMSD,Time (ps),34300,0.12695035,nm,nm
line,overlay,sdu6-homo-2,sdu6-homo-2,rmsd,p7n44oqi,p7n44oqi::RMSD,sdu6-homo-2 / RMSD,RMSD,Time (ps),34400,0.12722363,nm,nm
line,overlay,sdu6-homo-2,sdu6-homo-2,rmsd,p7n44oqi,p7n44oqi::RMSD,sdu6-homo-2 / RMSD,RMSD,Time (ps),34500,0.14241423,nm,nm
line,overlay,sdu6-homo-2,sdu6-homo-2,rmsd,p7n44oqi,p7n44oqi::RMSD,sdu6-homo-2 / RMSD,RMSD,Time (ps),34600,0.13299629,nm,nm
line,overlay,sdu6-homo-2,sdu6-homo-2,rmsd,p7n44oqi,p7n44oqi::RMSD,sdu6-homo-2 / RMSD,RMSD,Time (ps),34700,0.1313018,nm,nm
line,overlay,sdu6-homo-2,sdu6-homo-2,rmsd,p7n44oqi,p7n44oqi::RMSD,sdu6-homo-2 / RMSD,RMSD,Time (ps),34800,0.14226128,nm,nm
line,overlay,sdu6-homo-2,sdu6-homo-2,rmsd,p7n44oqi,p7n44oqi::RMSD,sdu6-homo-2 / RMSD,RMSD,Time (ps),34900,0.1372354,nm,nm
line,overlay,sdu6-homo-2,sdu6-homo-2,rmsd,p7n44oqi,p7n44oqi::RMSD,sdu6-homo-2 / RMSD,RMSD,Time (ps),35000,0.14494321,nm,nm
line,overlay,sdu6-homo-2,sdu6-homo-2,rmsd,p7n44oqi,p7n44oqi::RMSD,sdu6-homo-2 / RMSD,RMSD,Time (ps),35100,0.1424761,nm,nm
line,overlay,sdu6-homo-2,sdu6-homo-2,rmsd,p7n44oqi,p7n44oqi::RMSD,sdu6-homo-2 / RMSD,RMSD,Time (ps),35200,0.14183068,nm,nm
line,overlay,sdu6-homo-2,sdu6-homo-2,rmsd,p7n44oqi,p7n44oqi::RMSD,sdu6-homo-2 / RMSD,RMSD,Time (ps),35300,0.13933823,nm,nm
line,overlay,sdu6-homo-2,sdu6-homo-2,rmsd,p7n44oqi,p7n44oqi::RMSD,sdu6-homo-2 / RMSD,RMSD,Time (ps),35400,0.1440464,nm,nm
line,overlay,sdu6-homo-2,sdu6-homo-2,rmsd,p7n44oqi,p7n44oqi::RMSD,sdu6-homo-2 / RMSD,RMSD,Time (ps),35500,0.14418305,nm,nm
line,overlay,sdu6-homo-2,sdu6-homo-2,rmsd,p7n44oqi,p7n44oqi::RMSD,sdu6-homo-2 / RMSD,RMSD,Time (ps),35600,0.14575274,nm,nm
line,overlay,sdu6-homo-2,sdu6-homo-2,rmsd,p7n44oqi,p7n44oqi::RMSD,sdu6-homo-2 / RMSD,RMSD,Time (ps),35700,0.16104312,nm,nm
line,overlay,sdu6-homo-2,sdu6-homo-2,rmsd,p7n44oqi,p7n44oqi::RMSD,sdu6-homo-2 / RMSD,RMSD,Time (ps),35800,0.15177372,nm,nm
line,overlay,sdu6-homo-2,sdu6-homo-2,rmsd,p7n44oqi,p7n44oqi::RMSD,sdu6-homo-2 / RMSD,RMSD,Time (ps),35900,0.16379729,nm,nm
line,overlay,sdu6-homo-2,sdu6-homo-2,rmsd,p7n44oqi,p7n44oqi::RMSD,sdu6-homo-2 / RMSD,RMSD,Time (ps),36000,0.15028076,nm,nm
line,overlay,sdu6-homo-2,sdu6-homo-2,rmsd,p7n44oqi,p7n44oqi::RMSD,sdu6-homo-2 / RMSD,RMSD,Time (ps),36100,0.15089345,nm,nm
line,overlay,sdu6-homo-2,sdu6-homo-2,rmsd,p7n44oqi,p7n44oqi::RMSD,sdu6-homo-2 / RMSD,RMSD,Time (ps),36200,0.13253169,nm,nm
line,overlay,sdu6-homo-2,sdu6-homo-2,rmsd,p7n44oqi,p7n44oqi::RMSD,sdu6-homo-2 / RMSD,RMSD,Time (ps),36300,0.13845377,nm,nm
line,overlay,sdu6-homo-2,sdu6-homo-2,rmsd,p7n44oqi,p7n44oqi::RMSD,sdu6-homo-2 / RMSD,RMSD,Time (ps),36400,0.152961,nm,nm
line,overlay,sdu6-homo-2,sdu6-homo-2,rmsd,p7n44oqi,p7n44oqi::RMSD,sdu6-homo-2 / RMSD,RMSD,Time (ps),36500,0.15125372,nm,nm
line,overlay,sdu6-homo-2,sdu6-homo-2,rmsd,p7n44oqi,p7n44oqi::RMSD,sdu6-homo-2 / RMSD,RMSD,Time (ps),36600,0.13465407,nm,nm
line,overlay,sdu6-homo-2,sdu6-homo-2,rmsd,p7n44oqi,p7n44oqi::RMSD,sdu6-homo-2 / RMSD,RMSD,Time (ps),36700,0.13139257,nm,nm
line,overlay,sdu6-homo-2,sdu6-homo-2,rmsd,p7n44oqi,p7n44oqi::RMSD,sdu6-homo-2 / RMSD,RMSD,Time (ps),36800,0.13852488,nm,nm
line,overlay,sdu6-homo-2,sdu6-homo-2,rmsd,p7n44oqi,p7n44oqi::RMSD,sdu6-homo-2 / RMSD,RMSD,Time (ps),36900,0.12771972,nm,nm
line,overlay,sdu6-homo-2,sdu6-homo-2,rmsd,p7n44oqi,p7n44oqi::RMSD,sdu6-homo-2 / RMSD,RMSD,Time (ps),37000,0.13972828,nm,nm
line,overlay,sdu6-homo-2,sdu6-homo-2,rmsd,p7n44oqi,p7n44oqi::RMSD,sdu6-homo-2 / RMSD,RMSD,Time (ps),37100,0.13003638,nm,nm
line,overlay,sdu6-homo-2,sdu6-homo-2,rmsd,p7n44oqi,p7n44oqi::RMSD,sdu6-homo-2 / RMSD,RMSD,Time (ps),37200,0.12585133,nm,nm
line,overlay,sdu6-homo-2,sdu6-homo-2,rmsd,p7n44oqi,p7n44oqi::RMSD,sdu6-homo-2 / RMSD,RMSD,Time (ps),37300,0.13597946,nm,nm
line,overlay,sdu6-homo-2,sdu6-homo-2,rmsd,p7n44oqi,p7n44oqi::RMSD,sdu6-homo-2 / RMSD,RMSD,Time (ps),37400,0.13619275,nm,nm
line,overlay,sdu6-homo-2,sdu6-homo-2,rmsd,p7n44oqi,p7n44oqi::RMSD,sdu6-homo-2 / RMSD,RMSD,Time (ps),37500,0.12780897,nm,nm
line,overlay,sdu6-homo-2,sdu6-homo-2,rmsd,p7n44oqi,p7n44oqi::RMSD,sdu6-homo-2 / RMSD,RMSD,Time (ps),37600,0.12891944,nm,nm
line,overlay,sdu6-homo-2,sdu6-homo-2,rmsd,p7n44oqi,p7n44oqi::RMSD,sdu6-homo-2 / RMSD,RMSD,Time (ps),37700,0.13084307,nm,nm
line,overlay,sdu6-homo-2,sdu6-homo-2,rmsd,p7n44oqi,p7n44oqi::RMSD,sdu6-homo-2 / RMSD,RMSD,Time (ps),37800,0.12543878,nm,nm
line,overlay,sdu6-homo-2,sdu6-homo-2,rmsd,p7n44oqi,p7n44oqi::RMSD,sdu6-homo-2 / RMSD,RMSD,Time (ps),37900,0.1274353,nm,nm
line,overlay,sdu6-homo-2,sdu6-homo-2,rmsd,p7n44oqi,p7n44oqi::RMSD,sdu6-homo-2 / RMSD,RMSD,Time (ps),38000,0.14023928,nm,nm
line,overlay,sdu6-homo-2,sdu6-homo-2,rmsd,p7n44oqi,p7n44oqi::RMSD,sdu6-homo-2 / RMSD,RMSD,Time (ps),38100,0.12870617,nm,nm
line,overlay,sdu6-homo-2,sdu6-homo-2,rmsd,p7n44oqi,p7n44oqi::RMSD,sdu6-homo-2 / RMSD,RMSD,Time (ps),38200,0.14114194,nm,nm
line,overlay,sdu6-homo-2,sdu6-homo-2,rmsd,p7n44oqi,p7n44oqi::RMSD,sdu6-homo-2 / RMSD,RMSD,Time (ps),38300,0.13738641,nm,nm
line,overlay,sdu6-homo-2,sdu6-homo-2,rmsd,p7n44oqi,p7n44oqi::RMSD,sdu6-homo-2 / RMSD,RMSD,Time (ps),38400,0.13483103,nm,nm
line,overlay,sdu6-homo-2,sdu6-homo-2,rmsd,p7n44oqi,p7n44oqi::RMSD,sdu6-homo-2 / RMSD,RMSD,Time (ps),38500,0.13488099,nm,nm
line,overlay,sdu6-homo-2,sdu6-homo-2,rmsd,p7n44oqi,p7n44oqi::RMSD,sdu6-homo-2 / RMSD,RMSD,Time (ps),38600,0.1342145,nm,nm
line,overlay,sdu6-homo-2,sdu6-homo-2,rmsd,p7n44oqi,p7n44oqi::RMSD,sdu6-homo-2 / RMSD,RMSD,Time (ps),38700,0.13958353,nm,nm
line,overlay,sdu6-homo-2,sdu6-homo-2,rmsd,p7n44oqi,p7n44oqi::RMSD,sdu6-homo-2 / RMSD,RMSD,Time (ps),38800,0.14412554,nm,nm
line,overlay,sdu6-homo-2,sdu6-homo-2,rmsd,p7n44oqi,p7n44oqi::RMSD,sdu6-homo-2 / RMSD,RMSD,Time (ps),38900,0.13495399,nm,nm
line,overlay,sdu6-homo-2,sdu6-homo-2,rmsd,p7n44oqi,p7n44oqi::RMSD,sdu6-homo-2 / RMSD,RMSD,Time (ps),39000,0.13870811,nm,nm
line,overlay,sdu6-homo-2,sdu6-homo-2,rmsd,p7n44oqi,p7n44oqi::RMSD,sdu6-homo-2 / RMSD,RMSD,Time (ps),39100,0.13321048,nm,nm
line,overlay,sdu6-homo-2,sdu6-homo-2,rmsd,p7n44oqi,p7n44oqi::RMSD,sdu6-homo-2 / RMSD,RMSD,Time (ps),39200,0.1425961,nm,nm
line,overlay,sdu6-homo-2,sdu6-homo-2,rmsd,p7n44oqi,p7n44oqi::RMSD,sdu6-homo-2 / RMSD,RMSD,Time (ps),39300,0.1383414,nm,nm
line,overlay,sdu6-homo-2,sdu6-homo-2,rmsd,p7n44oqi,p7n44oqi::RMSD,sdu6-homo-2 / RMSD,RMSD,Time (ps),39400,0.14860547,nm,nm
line,overlay,sdu6-homo-2,sdu6-homo-2,rmsd,p7n44oqi,p7n44oqi::RMSD,sdu6-homo-2 / RMSD,RMSD,Time (ps),39500,0.14728107,nm,nm
line,overlay,sdu6-homo-2,sdu6-homo-2,rmsd,p7n44oqi,p7n44oqi::RMSD,sdu6-homo-2 / RMSD,RMSD,Time (ps),39600,0.13688369,nm,nm
line,overlay,sdu6-homo-2,sdu6-homo-2,rmsd,p7n44oqi,p7n44oqi::RMSD,sdu6-homo-2 / RMSD,RMSD,Time (ps),39700,0.13058531,nm,nm
line,overlay,sdu6-homo-2,sdu6-homo-2,rmsd,p7n44oqi,p7n44oqi::RMSD,sdu6-homo-2 / RMSD,RMSD,Time (ps),39800,0.13135706,nm,nm
line,overlay,sdu6-homo-2,sdu6-homo-2,rmsd,p7n44oqi,p7n44oqi::RMSD,sdu6-homo-2 / RMSD,RMSD,Time (ps),39900,0.1361052,nm,nm
line,overlay,sdu6-homo-2,sdu6-homo-2,rmsd,p7n44oqi,p7n44oqi::RMSD,sdu6-homo-2 / RMSD,RMSD,Time (ps),40000,0.13490021,nm,nm
line,overlay,sdu6-homo-2,sdu6-homo-2,rmsd,p7n44oqi,p7n44oqi::RMSD,sdu6-homo-2 / RMSD,RMSD,Time (ps),40100,0.12566999,nm,nm
line,overlay,sdu6-homo-2,sdu6-homo-2,rmsd,p7n44oqi,p7n44oqi::RMSD,sdu6-homo-2 / RMSD,RMSD,Time (ps),40200,0.13361843,nm,nm
line,overlay,sdu6-homo-2,sdu6-homo-2,rmsd,p7n44oqi,p7n44oqi::RMSD,sdu6-homo-2 / RMSD,RMSD,Time (ps),40300,0.1261352,nm,nm
line,overlay,sdu6-homo-2,sdu6-homo-2,rmsd,p7n44oqi,p7n44oqi::RMSD,sdu6-homo-2 / RMSD,RMSD,Time (ps),40400,0.13819145,nm,nm
line,overlay,sdu6-homo-2,sdu6-homo-2,rmsd,p7n44oqi,p7n44oqi::RMSD,sdu6-homo-2 / RMSD,RMSD,Time (ps),40500,0.13312875,nm,nm
line,overlay,sdu6-homo-2,sdu6-homo-2,rmsd,p7n44oqi,p7n44oqi::RMSD,sdu6-homo-2 / RMSD,RMSD,Time (ps),40600,0.12546358,nm,nm
line,overlay,sdu6-homo-2,sdu6-homo-2,rmsd,p7n44oqi,p7n44oqi::RMSD,sdu6-homo-2 / RMSD,RMSD,Time (ps),40700,0.13303137,nm,nm
line,overlay,sdu6-homo-2,sdu6-homo-2,rmsd,p7n44oqi,p7n44oqi::RMSD,sdu6-homo-2 / RMSD,RMSD,Time (ps),40800,0.12627485,nm,nm
line,overlay,sdu6-homo-2,sdu6-homo-2,rmsd,p7n44oqi,p7n44oqi::RMSD,sdu6-homo-2 / RMSD,RMSD,Time (ps),40900,0.1227361,nm,nm
line,overlay,sdu6-homo-2,sdu6-homo-2,rmsd,p7n44oqi,p7n44oqi::RMSD,sdu6-homo-2 / RMSD,RMSD,Time (ps),41000,0.13583834,nm,nm
line,overlay,sdu6-homo-2,sdu6-homo-2,rmsd,p7n44oqi,p7n44oqi::RMSD,sdu6-homo-2 / RMSD,RMSD,Time (ps),41100,0.12903197,nm,nm
line,overlay,sdu6-homo-2,sdu6-homo-2,rmsd,p7n44oqi,p7n44oqi::RMSD,sdu6-homo-2 / RMSD,RMSD,Time (ps),41200,0.13567798,nm,nm
line,overlay,sdu6-homo-2,sdu6-homo-2,rmsd,p7n44oqi,p7n44oqi::RMSD,sdu6-homo-2 / RMSD,RMSD,Time (ps),41300,0.12675013,nm,nm
line,overlay,sdu6-homo-2,sdu6-homo-2,rmsd,p7n44oqi,p7n44oqi::RMSD,sdu6-homo-2 / RMSD,RMSD,Time (ps),41400,0.120322,nm,nm
line,overlay,sdu6-homo-2,sdu6-homo-2,rmsd,p7n44oqi,p7n44oqi::RMSD,sdu6-homo-2 / RMSD,RMSD,Time (ps),41500,0.12552966,nm,nm
line,overlay,sdu6-homo-2,sdu6-homo-2,rmsd,p7n44oqi,p7n44oqi::RMSD,sdu6-homo-2 / RMSD,RMSD,Time (ps),41600,0.13106868,nm,nm
line,overlay,sdu6-homo-2,sdu6-homo-2,rmsd,p7n44oqi,p7n44oqi::RMSD,sdu6-homo-2 / RMSD,RMSD,Time (ps),41700,0.13302357,nm,nm
line,overlay,sdu6-homo-2,sdu6-homo-2,rmsd,p7n44oqi,p7n44oqi::RMSD,sdu6-homo-2 / RMSD,RMSD,Time (ps),41800,0.12598306,nm,nm
line,overlay,sdu6-homo-2,sdu6-homo-2,rmsd,p7n44oqi,p7n44oqi::RMSD,sdu6-homo-2 / RMSD,RMSD,Time (ps),41900,0.13798499,nm,nm
line,overlay,sdu6-homo-2,sdu6-homo-2,rmsd,p7n44oqi,p7n44oqi::RMSD,sdu6-homo-2 / RMSD,RMSD,Time (ps),42000,0.1318612,nm,nm
line,overlay,sdu6-homo-2,sdu6-homo-2,rmsd,p7n44oqi,p7n44oqi::RMSD,sdu6-homo-2 / RMSD,RMSD,Time (ps),42100,0.13788353,nm,nm
line,overlay,sdu6-homo-2,sdu6-homo-2,rmsd,p7n44oqi,p7n44oqi::RMSD,sdu6-homo-2 / RMSD,RMSD,Time (ps),42200,0.14333573,nm,nm
line,overlay,sdu6-homo-2,sdu6-homo-2,rmsd,p7n44oqi,p7n44oqi::RMSD,sdu6-homo-2 / RMSD,RMSD,Time (ps),42300,0.11940522,nm,nm
line,overlay,sdu6-homo-2,sdu6-homo-2,rmsd,p7n44oqi,p7n44oqi::RMSD,sdu6-homo-2 / RMSD,RMSD,Time (ps),42400,0.1192271,nm,nm
line,overlay,sdu6-homo-2,sdu6-homo-2,rmsd,p7n44oqi,p7n44oqi::RMSD,sdu6-homo-2 / RMSD,RMSD,Time (ps),42500,0.12437226,nm,nm
line,overlay,sdu6-homo-2,sdu6-homo-2,rmsd,p7n44oqi,p7n44oqi::RMSD,sdu6-homo-2 / RMSD,RMSD,Time (ps),42600,0.1205114,nm,nm
line,overlay,sdu6-homo-2,sdu6-homo-2,rmsd,p7n44oqi,p7n44oqi::RMSD,sdu6-homo-2 / RMSD,RMSD,Time (ps),42700,0.1197087,nm,nm
line,overlay,sdu6-homo-2,sdu6-homo-2,rmsd,p7n44oqi,p7n44oqi::RMSD,sdu6-homo-2 / RMSD,RMSD,Time (ps),42800,0.121688485,nm,nm
line,overlay,sdu6-homo-2,sdu6-homo-2,rmsd,p7n44oqi,p7n44oqi::RMSD,sdu6-homo-2 / RMSD,RMSD,Time (ps),42900,0.11634461,nm,nm
line,overlay,sdu6-homo-2,sdu6-homo-2,rmsd,p7n44oqi,p7n44oqi::RMSD,sdu6-homo-2 / RMSD,RMSD,Time (ps),43000,0.116032325,nm,nm
line,overlay,sdu6-homo-2,sdu6-homo-2,rmsd,p7n44oqi,p7n44oqi::RMSD,sdu6-homo-2 / RMSD,RMSD,Time (ps),43100,0.11907484,nm,nm
line,overlay,sdu6-homo-2,sdu6-homo-2,rmsd,p7n44oqi,p7n44oqi::RMSD,sdu6-homo-2 / RMSD,RMSD,Time (ps),43200,0.118170306,nm,nm
line,overlay,sdu6-homo-2,sdu6-homo-2,rmsd,p7n44oqi,p7n44oqi::RMSD,sdu6-homo-2 / RMSD,RMSD,Time (ps),43300,0.12726437,nm,nm
line,overlay,sdu6-homo-2,sdu6-homo-2,rmsd,p7n44oqi,p7n44oqi::RMSD,sdu6-homo-2 / RMSD,RMSD,Time (ps),43400,0.12950513,nm,nm
line,overlay,sdu6-homo-2,sdu6-homo-2,rmsd,p7n44oqi,p7n44oqi::RMSD,sdu6-homo-2 / RMSD,RMSD,Time (ps),43500,0.12187151,nm,nm
line,overlay,sdu6-homo-2,sdu6-homo-2,rmsd,p7n44oqi,p7n44oqi::RMSD,sdu6-homo-2 / RMSD,RMSD,Time (ps),43600,0.11959607,nm,nm
line,overlay,sdu6-homo-2,sdu6-homo-2,rmsd,p7n44oqi,p7n44oqi::RMSD,sdu6-homo-2 / RMSD,RMSD,Time (ps),43700,0.11453054,nm,nm
line,overlay,sdu6-homo-2,sdu6-homo-2,rmsd,p7n44oqi,p7n44oqi::RMSD,sdu6-homo-2 / RMSD,RMSD,Time (ps),43800,0.13216352,nm,nm
line,overlay,sdu6-homo-2,sdu6-homo-2,rmsd,p7n44oqi,p7n44oqi::RMSD,sdu6-homo-2 / RMSD,RMSD,Time (ps),43900,0.11924884,nm,nm
line,overlay,sdu6-homo-2,sdu6-homo-2,rmsd,p7n44oqi,p7n44oqi::RMSD,sdu6-homo-2 / RMSD,RMSD,Time (ps),44000,0.1218545,nm,nm
line,overlay,sdu6-homo-2,sdu6-homo-2,rmsd,p7n44oqi,p7n44oqi::RMSD,sdu6-homo-2 / RMSD,RMSD,Time (ps),44100,0.12489214,nm,nm
line,overlay,sdu6-homo-2,sdu6-homo-2,rmsd,p7n44oqi,p7n44oqi::RMSD,sdu6-homo-2 / RMSD,RMSD,Time (ps),44200,0.12642664,nm,nm
line,overlay,sdu6-homo-2,sdu6-homo-2,rmsd,p7n44oqi,p7n44oqi::RMSD,sdu6-homo-2 / RMSD,RMSD,Time (ps),44300,0.11898775,nm,nm
line,overlay,sdu6-homo-2,sdu6-homo-2,rmsd,p7n44oqi,p7n44oqi::RMSD,sdu6-homo-2 / RMSD,RMSD,Time (ps),44400,0.13558626,nm,nm
line,overlay,sdu6-homo-2,sdu6-homo-2,rmsd,p7n44oqi,p7n44oqi::RMSD,sdu6-homo-2 / RMSD,RMSD,Time (ps),44500,0.11290327,nm,nm
line,overlay,sdu6-homo-2,sdu6-homo-2,rmsd,p7n44oqi,p7n44oqi::RMSD,sdu6-homo-2 / RMSD,RMSD,Time (ps),44600,0.11160108,nm,nm
line,overlay,sdu6-homo-2,sdu6-homo-2,rmsd,p7n44oqi,p7n44oqi::RMSD,sdu6-homo-2 / RMSD,RMSD,Time (ps),44700,0.12994467,nm,nm
line,overlay,sdu6-homo-2,sdu6-homo-2,rmsd,p7n44oqi,p7n44oqi::RMSD,sdu6-homo-2 / RMSD,RMSD,Time (ps),44800,0.13087872,nm,nm
line,overlay,sdu6-homo-2,sdu6-homo-2,rmsd,p7n44oqi,p7n44oqi::RMSD,sdu6-homo-2 / RMSD,RMSD,Time (ps),44900,0.12595837,nm,nm
line,overlay,sdu6-homo-2,sdu6-homo-2,rmsd,p7n44oqi,p7n44oqi::RMSD,sdu6-homo-2 / RMSD,RMSD,Time (ps),45000,0.121492386,nm,nm
line,overlay,sdu6-homo-2,sdu6-homo-2,rmsd,p7n44oqi,p7n44oqi::RMSD,sdu6-homo-2 / RMSD,RMSD,Time (ps),45100,0.13350199,nm,nm
line,overlay,sdu6-homo-2,sdu6-homo-2,rmsd,p7n44oqi,p7n44oqi::RMSD,sdu6-homo-2 / RMSD,RMSD,Time (ps),45200,0.12602831,nm,nm
line,overlay,sdu6-homo-2,sdu6-homo-2,rmsd,p7n44oqi,p7n44oqi::RMSD,sdu6-homo-2 / RMSD,RMSD,Time (ps),45300,0.12599953,nm,nm
line,overlay,sdu6-homo-2,sdu6-homo-2,rmsd,p7n44oqi,p7n44oqi::RMSD,sdu6-homo-2 / RMSD,RMSD,Time (ps),45400,0.12159047,nm,nm
line,overlay,sdu6-homo-2,sdu6-homo-2,rmsd,p7n44oqi,p7n44oqi::RMSD,sdu6-homo-2 / RMSD,RMSD,Time (ps),45500,0.12874644,nm,nm
line,overlay,sdu6-homo-2,sdu6-homo-2,rmsd,p7n44oqi,p7n44oqi::RMSD,sdu6-homo-2 / RMSD,RMSD,Time (ps),45600,0.13001247,nm,nm
line,overlay,sdu6-homo-2,sdu6-homo-2,rmsd,p7n44oqi,p7n44oqi::RMSD,sdu6-homo-2 / RMSD,RMSD,Time (ps),45700,0.122778326,nm,nm
line,overlay,sdu6-homo-2,sdu6-homo-2,rmsd,p7n44oqi,p7n44oqi::RMSD,sdu6-homo-2 / RMSD,RMSD,Time (ps),45800,0.13673593,nm,nm
line,overlay,sdu6-homo-2,sdu6-homo-2,rmsd,p7n44oqi,p7n44oqi::RMSD,sdu6-homo-2 / RMSD,RMSD,Time (ps),45900,0.14851823,nm,nm
line,overlay,sdu6-homo-2,sdu6-homo-2,rmsd,p7n44oqi,p7n44oqi::RMSD,sdu6-homo-2 / RMSD,RMSD,Time (ps),46000,0.1345578,nm,nm
line,overlay,sdu6-homo-2,sdu6-homo-2,rmsd,p7n44oqi,p7n44oqi::RMSD,sdu6-homo-2 / RMSD,RMSD,Time (ps),46100,0.15418285,nm,nm
line,overlay,sdu6-homo-2,sdu6-homo-2,rmsd,p7n44oqi,p7n44oqi::RMSD,sdu6-homo-2 / RMSD,RMSD,Time (ps),46200,0.13506533,nm,nm
line,overlay,sdu6-homo-2,sdu6-homo-2,rmsd,p7n44oqi,p7n44oqi::RMSD,sdu6-homo-2 / RMSD,RMSD,Time (ps),46300,0.12535198,nm,nm
line,overlay,sdu6-homo-2,sdu6-homo-2,rmsd,p7n44oqi,p7n44oqi::RMSD,sdu6-homo-2 / RMSD,RMSD,Time (ps),46400,0.11021299,nm,nm
line,overlay,sdu6-homo-2,sdu6-homo-2,rmsd,p7n44oqi,p7n44oqi::RMSD,sdu6-homo-2 / RMSD,RMSD,Time (ps),46500,0.121368594,nm,nm
line,overlay,sdu6-homo-2,sdu6-homo-2,rmsd,p7n44oqi,p7n44oqi::RMSD,sdu6-homo-2 / RMSD,RMSD,Time (ps),46600,0.13572381,nm,nm
line,overlay,sdu6-homo-2,sdu6-homo-2,rmsd,p7n44oqi,p7n44oqi::RMSD,sdu6-homo-2 / RMSD,RMSD,Time (ps),46700,0.12770754,nm,nm
line,overlay,sdu6-homo-2,sdu6-homo-2,rmsd,p7n44oqi,p7n44oqi::RMSD,sdu6-homo-2 / RMSD,RMSD,Time (ps),46800,0.12541813,nm,nm
line,overlay,sdu6-homo-2,sdu6-homo-2,rmsd,p7n44oqi,p7n44oqi::RMSD,sdu6-homo-2 / RMSD,RMSD,Time (ps),46900,0.14003955,nm,nm
line,overlay,sdu6-homo-2,sdu6-homo-2,rmsd,p7n44oqi,p7n44oqi::RMSD,sdu6-homo-2 / RMSD,RMSD,Time (ps),47000,0.14999074,nm,nm
line,overlay,sdu6-homo-2,sdu6-homo-2,rmsd,p7n44oqi,p7n44oqi::RMSD,sdu6-homo-2 / RMSD,RMSD,Time (ps),47100,0.13536817,nm,nm
line,overlay,sdu6-homo-2,sdu6-homo-2,rmsd,p7n44oqi,p7n44oqi::RMSD,sdu6-homo-2 / RMSD,RMSD,Time (ps),47200,0.13243778,nm,nm
line,overlay,sdu6-homo-2,sdu6-homo-2,rmsd,p7n44oqi,p7n44oqi::RMSD,sdu6-homo-2 / RMSD,RMSD,Time (ps),47300,0.14164783,nm,nm
line,overlay,sdu6-homo-2,sdu6-homo-2,rmsd,p7n44oqi,p7n44oqi::RMSD,sdu6-homo-2 / RMSD,RMSD,Time (ps),47400,0.12627895,nm,nm
line,overlay,sdu6-homo-2,sdu6-homo-2,rmsd,p7n44oqi,p7n44oqi::RMSD,sdu6-homo-2 / RMSD,RMSD,Time (ps),47500,0.13233991,nm,nm
line,overlay,sdu6-homo-2,sdu6-homo-2,rmsd,p7n44oqi,p7n44oqi::RMSD,sdu6-homo-2 / RMSD,RMSD,Time (ps),47600,0.11927056,nm,nm
line,overlay,sdu6-homo-2,sdu6-homo-2,rmsd,p7n44oqi,p7n44oqi::RMSD,sdu6-homo-2 / RMSD,RMSD,Time (ps),47700,0.11744873,nm,nm
line,overlay,sdu6-homo-2,sdu6-homo-2,rmsd,p7n44oqi,p7n44oqi::RMSD,sdu6-homo-2 / RMSD,RMSD,Time (ps),47800,0.12974107,nm,nm
line,overlay,sdu6-homo-2,sdu6-homo-2,rmsd,p7n44oqi,p7n44oqi::RMSD,sdu6-homo-2 / RMSD,RMSD,Time (ps),47900,0.13491558,nm,nm
line,overlay,sdu6-homo-2,sdu6-homo-2,rmsd,p7n44oqi,p7n44oqi::RMSD,sdu6-homo-2 / RMSD,RMSD,Time (ps),48000,0.119756326,nm,nm
line,overlay,sdu6-homo-2,sdu6-homo-2,rmsd,p7n44oqi,p7n44oqi::RMSD,sdu6-homo-2 / RMSD,RMSD,Time (ps),48100,0.1263118,nm,nm
line,overlay,sdu6-homo-2,sdu6-homo-2,rmsd,p7n44oqi,p7n44oqi::RMSD,sdu6-homo-2 / RMSD,RMSD,Time (ps),48200,0.12774001,nm,nm
line,overlay,sdu6-homo-2,sdu6-homo-2,rmsd,p7n44oqi,p7n44oqi::RMSD,sdu6-homo-2 / RMSD,RMSD,Time (ps),48300,0.11461198,nm,nm
line,overlay,sdu6-homo-2,sdu6-homo-2,rmsd,p7n44oqi,p7n44oqi::RMSD,sdu6-homo-2 / RMSD,RMSD,Time (ps),48400,0.1329807,nm,nm
line,overlay,sdu6-homo-2,sdu6-homo-2,rmsd,p7n44oqi,p7n44oqi::RMSD,sdu6-homo-2 / RMSD,RMSD,Time (ps),48500,0.12601186,nm,nm
line,overlay,sdu6-homo-2,sdu6-homo-2,rmsd,p7n44oqi,p7n44oqi::RMSD,sdu6-homo-2 / RMSD,RMSD,Time (ps),48600,0.11756783,nm,nm
line,overlay,sdu6-homo-2,sdu6-homo-2,rmsd,p7n44oqi,p7n44oqi::RMSD,sdu6-homo-2 / RMSD,RMSD,Time (ps),48700,0.118104495,nm,nm
line,overlay,sdu6-homo-2,sdu6-homo-2,rmsd,p7n44oqi,p7n44oqi::RMSD,sdu6-homo-2 / RMSD,RMSD,Time (ps),48800,0.14715783,nm,nm
line,overlay,sdu6-homo-2,sdu6-homo-2,rmsd,p7n44oqi,p7n44oqi::RMSD,sdu6-homo-2 / RMSD,RMSD,Time (ps),48900,0.1663751,nm,nm
line,overlay,sdu6-homo-2,sdu6-homo-2,rmsd,p7n44oqi,p7n44oqi::RMSD,sdu6-homo-2 / RMSD,RMSD,Time (ps),49000,0.17237641,nm,nm
line,overlay,sdu6-homo-2,sdu6-homo-2,rmsd,p7n44oqi,p7n44oqi::RMSD,sdu6-homo-2 / RMSD,RMSD,Time (ps),49100,0.1716079,nm,nm
line,overlay,sdu6-homo-2,sdu6-homo-2,rmsd,p7n44oqi,p7n44oqi::RMSD,sdu6-homo-2 / RMSD,RMSD,Time (ps),49200,0.1563727,nm,nm
line,overlay,sdu6-homo-2,sdu6-homo-2,rmsd,p7n44oqi,p7n44oqi::RMSD,sdu6-homo-2 / RMSD,RMSD,Time (ps),49300,0.15999363,nm,nm
line,overlay,sdu6-homo-2,sdu6-homo-2,rmsd,p7n44oqi,p7n44oqi::RMSD,sdu6-homo-2 / RMSD,RMSD,Time (ps),49400,0.142254,nm,nm
line,overlay,sdu6-homo-2,sdu6-homo-2,rmsd,p7n44oqi,p7n44oqi::RMSD,sdu6-homo-2 / RMSD,RMSD,Time (ps),49500,0.13723163,nm,nm
line,overlay,sdu6-homo-2,sdu6-homo-2,rmsd,p7n44oqi,p7n44oqi::RMSD,sdu6-homo-2 / RMSD,RMSD,Time (ps),49600,0.13659559,nm,nm
line,overlay,sdu6-homo-2,sdu6-homo-2,rmsd,p7n44oqi,p7n44oqi::RMSD,sdu6-homo-2 / RMSD,RMSD,Time (ps),49700,0.13946094,nm,nm
line,overlay,sdu6-homo-2,sdu6-homo-2,rmsd,p7n44oqi,p7n44oqi::RMSD,sdu6-homo-2 / RMSD,RMSD,Time (ps),49800,0.13862588,nm,nm
line,overlay,sdu6-homo-2,sdu6-homo-2,rmsd,p7n44oqi,p7n44oqi::RMSD,sdu6-homo-2 / RMSD,RMSD,Time (ps),49900,0.13370763,nm,nm
line,overlay,sdu6-homo-2,sdu6-homo-2,rmsd,p7n44oqi,p7n44oqi::RMSD,sdu6-homo-2 / RMSD,RMSD,Time (ps),50000,0.14388075,nm,nm
line,overlay,sdu6-homo-2,sdu6-homo-2,rmsd,p7n44oqi,p7n44oqi::RMSD,sdu6-homo-2 / RMSD,RMSD,Time (ps),50100,0.1262502,nm,nm
line,overlay,sdu6-homo-2,sdu6-homo-2,rmsd,p7n44oqi,p7n44oqi::RMSD,sdu6-homo-2 / RMSD,RMSD,Time (ps),50200,0.12995663,nm,nm
line,overlay,sdu6-homo-2,sdu6-homo-2,rmsd,p7n44oqi,p7n44oqi::RMSD,sdu6-homo-2 / RMSD,RMSD,Time (ps),50300,0.13259034,nm,nm
line,overlay,sdu6-homo-2,sdu6-homo-2,rmsd,p7n44oqi,p7n44oqi::RMSD,sdu6-homo-2 / RMSD,RMSD,Time (ps),50400,0.11822294,nm,nm
line,overlay,sdu6-homo-2,sdu6-homo-2,rmsd,p7n44oqi,p7n44oqi::RMSD,sdu6-homo-2 / RMSD,RMSD,Time (ps),50500,0.12458047,nm,nm
line,overlay,sdu6-homo-2,sdu6-homo-2,rmsd,p7n44oqi,p7n44oqi::RMSD,sdu6-homo-2 / RMSD,RMSD,Time (ps),50600,0.13405994,nm,nm
line,overlay,sdu6-homo-2,sdu6-homo-2,rmsd,p7n44oqi,p7n44oqi::RMSD,sdu6-homo-2 / RMSD,RMSD,Time (ps),50700,0.1269871,nm,nm
line,overlay,sdu6-homo-2,sdu6-homo-2,rmsd,p7n44oqi,p7n44oqi::RMSD,sdu6-homo-2 / RMSD,RMSD,Time (ps),50800,0.13524558,nm,nm
line,overlay,sdu6-homo-2,sdu6-homo-2,rmsd,p7n44oqi,p7n44oqi::RMSD,sdu6-homo-2 / RMSD,RMSD,Time (ps),50900,0.13241431,nm,nm
line,overlay,sdu6-homo-2,sdu6-homo-2,rmsd,p7n44oqi,p7n44oqi::RMSD,sdu6-homo-2 / RMSD,RMSD,Time (ps),51000,0.13499239,nm,nm
line,overlay,sdu6-homo-2,sdu6-homo-2,rmsd,p7n44oqi,p7n44oqi::RMSD,sdu6-homo-2 / RMSD,RMSD,Time (ps),51100,0.13738641,nm,nm
line,overlay,sdu6-homo-2,sdu6-homo-2,rmsd,p7n44oqi,p7n44oqi::RMSD,sdu6-homo-2 / RMSD,RMSD,Time (ps),51200,0.13041054,nm,nm
line,overlay,sdu6-homo-2,sdu6-homo-2,rmsd,p7n44oqi,p7n44oqi::RMSD,sdu6-homo-2 / RMSD,RMSD,Time (ps),51300,0.1265168,nm,nm
line,overlay,sdu6-homo-2,sdu6-homo-2,rmsd,p7n44oqi,p7n44oqi::RMSD,sdu6-homo-2 / RMSD,RMSD,Time (ps),51400,0.13600995,nm,nm
line,overlay,sdu6-homo-2,sdu6-homo-2,rmsd,p7n44oqi,p7n44oqi::RMSD,sdu6-homo-2 / RMSD,RMSD,Time (ps),51500,0.14252338,nm,nm
line,overlay,sdu6-homo-2,sdu6-homo-2,rmsd,p7n44oqi,p7n44oqi::RMSD,sdu6-homo-2 / RMSD,RMSD,Time (ps),51600,0.14979362,nm,nm
line,overlay,sdu6-homo-2,sdu6-homo-2,rmsd,p7n44oqi,p7n44oqi::RMSD,sdu6-homo-2 / RMSD,RMSD,Time (ps),51700,0.15124686,nm,nm
line,overlay,sdu6-homo-2,sdu6-homo-2,rmsd,p7n44oqi,p7n44oqi::RMSD,sdu6-homo-2 / RMSD,RMSD,Time (ps),51800,0.13184547,nm,nm
line,overlay,sdu6-homo-2,sdu6-homo-2,rmsd,p7n44oqi,p7n44oqi::RMSD,sdu6-homo-2 / RMSD,RMSD,Time (ps),51900,0.12962516,nm,nm
line,overlay,sdu6-homo-2,sdu6-homo-2,rmsd,p7n44oqi,p7n44oqi::RMSD,sdu6-homo-2 / RMSD,RMSD,Time (ps),52000,0.12183748,nm,nm
line,overlay,sdu6-homo-2,sdu6-homo-2,rmsd,p7n44oqi,p7n44oqi::RMSD,sdu6-homo-2 / RMSD,RMSD,Time (ps),52100,0.13592608,nm,nm
line,overlay,sdu6-homo-2,sdu6-homo-2,rmsd,p7n44oqi,p7n44oqi::RMSD,sdu6-homo-2 / RMSD,RMSD,Time (ps),52200,0.122300334,nm,nm
line,overlay,sdu6-homo-2,sdu6-homo-2,rmsd,p7n44oqi,p7n44oqi::RMSD,sdu6-homo-2 / RMSD,RMSD,Time (ps),52300,0.13609758,nm,nm
line,overlay,sdu6-homo-2,sdu6-homo-2,rmsd,p7n44oqi,p7n44oqi::RMSD,sdu6-homo-2 / RMSD,RMSD,Time (ps),52400,0.12600775,nm,nm
line,overlay,sdu6-homo-2,sdu6-homo-2,rmsd,p7n44oqi,p7n44oqi::RMSD,sdu6-homo-2 / RMSD,RMSD,Time (ps),52500,0.13604043,nm,nm
line,overlay,sdu6-homo-2,sdu6-homo-2,rmsd,p7n44oqi,p7n44oqi::RMSD,sdu6-homo-2 / RMSD,RMSD,Time (ps),52600,0.13060118,nm,nm
line,overlay,sdu6-homo-2,sdu6-homo-2,rmsd,p7n44oqi,p7n44oqi::RMSD,sdu6-homo-2 / RMSD,RMSD,Time (ps),52700,0.12508705,nm,nm
line,overlay,sdu6-homo-2,sdu6-homo-2,rmsd,p7n44oqi,p7n44oqi::RMSD,sdu6-homo-2 / RMSD,RMSD,Time (ps),52800,0.13552508,nm,nm
line,overlay,sdu6-homo-2,sdu6-homo-2,rmsd,p7n44oqi,p7n44oqi::RMSD,sdu6-homo-2 / RMSD,RMSD,Time (ps),52900,0.13277785,nm,nm
line,overlay,sdu6-homo-2,sdu6-homo-2,rmsd,p7n44oqi,p7n44oqi::RMSD,sdu6-homo-2 / RMSD,RMSD,Time (ps),53000,0.122329995,nm,nm
line,overlay,sdu6-homo-2,sdu6-homo-2,rmsd,p7n44oqi,p7n44oqi::RMSD,sdu6-homo-2 / RMSD,RMSD,Time (ps),53100,0.13656144,nm,nm
line,overlay,sdu6-homo-2,sdu6-homo-2,rmsd,p7n44oqi,p7n44oqi::RMSD,sdu6-homo-2 / RMSD,RMSD,Time (ps),53200,0.12500414,nm,nm
line,overlay,sdu6-homo-2,sdu6-homo-2,rmsd,p7n44oqi,p7n44oqi::RMSD,sdu6-homo-2 / RMSD,RMSD,Time (ps),53300,0.1354983,nm,nm
line,overlay,sdu6-homo-2,sdu6-homo-2,rmsd,p7n44oqi,p7n44oqi::RMSD,sdu6-homo-2 / RMSD,RMSD,Time (ps),53400,0.14071159,nm,nm
line,overlay,sdu6-homo-2,sdu6-homo-2,rmsd,p7n44oqi,p7n44oqi::RMSD,sdu6-homo-2 / RMSD,RMSD,Time (ps),53500,0.1337774,nm,nm
line,overlay,sdu6-homo-2,sdu6-homo-2,rmsd,p7n44oqi,p7n44oqi::RMSD,sdu6-homo-2 / RMSD,RMSD,Time (ps),53600,0.13689126,nm,nm
line,overlay,sdu6-homo-2,sdu6-homo-2,rmsd,p7n44oqi,p7n44oqi::RMSD,sdu6-homo-2 / RMSD,RMSD,Time (ps),53700,0.15283896,nm,nm
line,overlay,sdu6-homo-2,sdu6-homo-2,rmsd,p7n44oqi,p7n44oqi::RMSD,sdu6-homo-2 / RMSD,RMSD,Time (ps),53800,0.13082722,nm,nm
line,overlay,sdu6-homo-2,sdu6-homo-2,rmsd,p7n44oqi,p7n44oqi::RMSD,sdu6-homo-2 / RMSD,RMSD,Time (ps),53900,0.13381225,nm,nm
line,overlay,sdu6-homo-2,sdu6-homo-2,rmsd,p7n44oqi,p7n44oqi::RMSD,sdu6-homo-2 / RMSD,RMSD,Time (ps),54000,0.1300005,nm,nm
line,overlay,sdu6-homo-2,sdu6-homo-2,rmsd,p7n44oqi,p7n44oqi::RMSD,sdu6-homo-2 / RMSD,RMSD,Time (ps),54100,0.1262502,nm,nm
line,overlay,sdu6-homo-2,sdu6-homo-2,rmsd,p7n44oqi,p7n44oqi::RMSD,sdu6-homo-2 / RMSD,RMSD,Time (ps),54200,0.12523614,nm,nm
line,overlay,sdu6-homo-2,sdu6-homo-2,rmsd,p7n44oqi,p7n44oqi::RMSD,sdu6-homo-2 / RMSD,RMSD,Time (ps),54300,0.12817751,nm,nm
line,overlay,sdu6-homo-2,sdu6-homo-2,rmsd,p7n44oqi,p7n44oqi::RMSD,sdu6-homo-2 / RMSD,RMSD,Time (ps),54400,0.13084702,nm,nm
line,overlay,sdu6-homo-2,sdu6-homo-2,rmsd,p7n44oqi,p7n44oqi::RMSD,sdu6-homo-2 / RMSD,RMSD,Time (ps),54500,0.12301031,nm,nm
line,overlay,sdu6-homo-2,sdu6-homo-2,rmsd,p7n44oqi,p7n44oqi::RMSD,sdu6-homo-2 / RMSD,RMSD,Time (ps),54600,0.1253189,nm,nm
line,overlay,sdu6-homo-2,sdu6-homo-2,rmsd,p7n44oqi,p7n44oqi::RMSD,sdu6-homo-2 / RMSD,RMSD,Time (ps),54700,0.13535285,nm,nm
line,overlay,sdu6-homo-2,sdu6-homo-2,rmsd,p7n44oqi,p7n44oqi::RMSD,sdu6-homo-2 / RMSD,RMSD,Time (ps),54800,0.15128799,nm,nm
line,overlay,sdu6-homo-2,sdu6-homo-2,rmsd,p7n44oqi,p7n44oqi::RMSD,sdu6-homo-2 / RMSD,RMSD,Time (ps),54900,0.13612804,nm,nm
line,overlay,sdu6-homo-2,sdu6-homo-2,rmsd,p7n44oqi,p7n44oqi::RMSD,sdu6-homo-2 / RMSD,RMSD,Time (ps),55000,0.13752593,nm,nm
line,overlay,sdu6-homo-2,sdu6-homo-2,rmsd,p7n44oqi,p7n44oqi::RMSD,sdu6-homo-2 / RMSD,RMSD,Time (ps),55100,0.13519959,nm,nm
line,overlay,sdu6-homo-2,sdu6-homo-2,rmsd,p7n44oqi,p7n44oqi::RMSD,sdu6-homo-2 / RMSD,RMSD,Time (ps),55200,0.122900695,nm,nm
line,overlay,sdu6-homo-2,sdu6-homo-2,rmsd,p7n44oqi,p7n44oqi::RMSD,sdu6-homo-2 / RMSD,RMSD,Time (ps),55300,0.14466758,nm,nm
line,overlay,sdu6-homo-2,sdu6-homo-2,rmsd,p7n44oqi,p7n44oqi::RMSD,sdu6-homo-2 / RMSD,RMSD,Time (ps),55400,0.14510763,nm,nm
line,overlay,sdu6-homo-2,sdu6-homo-2,rmsd,p7n44oqi,p7n44oqi::RMSD,sdu6-homo-2 / RMSD,RMSD,Time (ps),55500,0.130625,nm,nm
line,overlay,sdu6-homo-2,sdu6-homo-2,rmsd,p7n44oqi,p7n44oqi::RMSD,sdu6-homo-2 / RMSD,RMSD,Time (ps),55600,0.1314123,nm,nm
line,overlay,sdu6-homo-2,sdu6-homo-2,rmsd,p7n44oqi,p7n44oqi::RMSD,sdu6-homo-2 / RMSD,RMSD,Time (ps),55700,0.117713235,nm,nm
line,overlay,sdu6-homo-2,sdu6-homo-2,rmsd,p7n44oqi,p7n44oqi::RMSD,sdu6-homo-2 / RMSD,RMSD,Time (ps),55800,0.14961703,nm,nm
line,overlay,sdu6-homo-2,sdu6-homo-2,rmsd,p7n44oqi,p7n44oqi::RMSD,sdu6-homo-2 / RMSD,RMSD,Time (ps),55900,0.1439564,nm,nm
line,overlay,sdu6-homo-2,sdu6-homo-2,rmsd,p7n44oqi,p7n44oqi::RMSD,sdu6-homo-2 / RMSD,RMSD,Time (ps),56000,0.16584149,nm,nm
line,overlay,sdu6-homo-2,sdu6-homo-2,rmsd,p7n44oqi,p7n44oqi::RMSD,sdu6-homo-2 / RMSD,RMSD,Time (ps),56100,0.16167916,nm,nm
line,overlay,sdu6-homo-2,sdu6-homo-2,rmsd,p7n44oqi,p7n44oqi::RMSD,sdu6-homo-2 / RMSD,RMSD,Time (ps),56200,0.14913818,nm,nm
line,overlay,sdu6-homo-2,sdu6-homo-2,rmsd,p7n44oqi,p7n44oqi::RMSD,sdu6-homo-2 / RMSD,RMSD,Time (ps),56300,0.15627654,nm,nm
line,overlay,sdu6-homo-2,sdu6-homo-2,rmsd,p7n44oqi,p7n44oqi::RMSD,sdu6-homo-2 / RMSD,RMSD,Time (ps),56400,0.15786387,nm,nm
line,overlay,sdu6-homo-2,sdu6-homo-2,rmsd,p7n44oqi,p7n44oqi::RMSD,sdu6-homo-2 / RMSD,RMSD,Time (ps),56500,0.16492316,nm,nm
line,overlay,sdu6-homo-2,sdu6-homo-2,rmsd,p7n44oqi,p7n44oqi::RMSD,sdu6-homo-2 / RMSD,RMSD,Time (ps),56600,0.17113604,nm,nm
line,overlay,sdu6-homo-2,sdu6-homo-2,rmsd,p7n44oqi,p7n44oqi::RMSD,sdu6-homo-2 / RMSD,RMSD,Time (ps),56700,0.1647156,nm,nm
line,overlay,sdu6-homo-2,sdu6-homo-2,rmsd,p7n44oqi,p7n44oqi::RMSD,sdu6-homo-2 / RMSD,RMSD,Time (ps),56800,0.15936062,nm,nm
line,overlay,sdu6-homo-2,sdu6-homo-2,rmsd,p7n44oqi,p7n44oqi::RMSD,sdu6-homo-2 / RMSD,RMSD,Time (ps),56900,0.13992105,nm,nm
line,overlay,sdu6-homo-2,sdu6-homo-2,rmsd,p7n44oqi,p7n44oqi::RMSD,sdu6-homo-2 / RMSD,RMSD,Time (ps),57000,0.13912229,nm,nm
line,overlay,sdu6-homo-2,sdu6-homo-2,rmsd,p7n44oqi,p7n44oqi::RMSD,sdu6-homo-2 / RMSD,RMSD,Time (ps),57100,0.1549876,nm,nm
line,overlay,sdu6-homo-2,sdu6-homo-2,rmsd,p7n44oqi,p7n44oqi::RMSD,sdu6-homo-2 / RMSD,RMSD,Time (ps),57200,0.1363183,nm,nm
line,overlay,sdu6-homo-2,sdu6-homo-2,rmsd,p7n44oqi,p7n44oqi::RMSD,sdu6-homo-2 / RMSD,RMSD,Time (ps),57300,0.15034628,nm,nm
line,overlay,sdu6-homo-2,sdu6-homo-2,rmsd,p7n44oqi,p7n44oqi::RMSD,sdu6-homo-2 / RMSD,RMSD,Time (ps),57400,0.15005983,nm,nm
line,overlay,sdu6-homo-2,sdu6-homo-2,rmsd,p7n44oqi,p7n44oqi::RMSD,sdu6-homo-2 / RMSD,RMSD,Time (ps),57500,0.14459948,nm,nm
line,overlay,sdu6-homo-2,sdu6-homo-2,rmsd,p7n44oqi,p7n44oqi::RMSD,sdu6-homo-2 / RMSD,RMSD,Time (ps),57600,0.13756362,nm,nm
line,overlay,sdu6-homo-2,sdu6-homo-2,rmsd,p7n44oqi,p7n44oqi::RMSD,sdu6-homo-2 / RMSD,RMSD,Time (ps),57700,0.15080412,nm,nm
line,overlay,sdu6-homo-2,sdu6-homo-2,rmsd,p7n44oqi,p7n44oqi::RMSD,sdu6-homo-2 / RMSD,RMSD,Time (ps),57800,0.1362156,nm,nm
line,overlay,sdu6-homo-2,sdu6-homo-2,rmsd,p7n44oqi,p7n44oqi::RMSD,sdu6-homo-2 / RMSD,RMSD,Time (ps),57900,0.13358352,nm,nm
line,overlay,sdu6-homo-2,sdu6-homo-2,rmsd,p7n44oqi,p7n44oqi::RMSD,sdu6-homo-2 / RMSD,RMSD,Time (ps),58000,0.14396359,nm,nm
line,overlay,sdu6-homo-2,sdu6-homo-2,rmsd,p7n44oqi,p7n44oqi::RMSD,sdu6-homo-2 / RMSD,RMSD,Time (ps),58100,0.1351344,nm,nm
line,overlay,sdu6-homo-2,sdu6-homo-2,rmsd,p7n44oqi,p7n44oqi::RMSD,sdu6-homo-2 / RMSD,RMSD,Time (ps),58200,0.13439205,nm,nm
line,overlay,sdu6-homo-2,sdu6-homo-2,rmsd,p7n44oqi,p7n44oqi::RMSD,sdu6-homo-2 / RMSD,RMSD,Time (ps),58300,0.12901591,nm,nm
line,overlay,sdu6-homo-2,sdu6-homo-2,rmsd,p7n44oqi,p7n44oqi::RMSD,sdu6-homo-2 / RMSD,RMSD,Time (ps),58400,0.13478874,nm,nm
line,overlay,sdu6-homo-2,sdu6-homo-2,rmsd,p7n44oqi,p7n44oqi::RMSD,sdu6-homo-2 / RMSD,RMSD,Time (ps),58500,0.13359126,nm,nm
line,overlay,sdu6-homo-2,sdu6-homo-2,rmsd,p7n44oqi,p7n44oqi::RMSD,sdu6-homo-2 / RMSD,RMSD,Time (ps),58600,0.11587586,nm,nm
line,overlay,sdu6-homo-2,sdu6-homo-2,rmsd,p7n44oqi,p7n44oqi::RMSD,sdu6-homo-2 / RMSD,RMSD,Time (ps),58700,0.13452312,nm,nm
line,overlay,sdu6-homo-2,sdu6-homo-2,rmsd,p7n44oqi,p7n44oqi::RMSD,sdu6-homo-2 / RMSD,RMSD,Time (ps),58800,0.15096214,nm,nm
line,overlay,sdu6-homo-2,sdu6-homo-2,rmsd,p7n44oqi,p7n44oqi::RMSD,sdu6-homo-2 / RMSD,RMSD,Time (ps),58900,0.15827706,nm,nm
line,overlay,sdu6-homo-2,sdu6-homo-2,rmsd,p7n44oqi,p7n44oqi::RMSD,sdu6-homo-2 / RMSD,RMSD,Time (ps),59000,0.17381677,nm,nm
line,overlay,sdu6-homo-2,sdu6-homo-2,rmsd,p7n44oqi,p7n44oqi::RMSD,sdu6-homo-2 / RMSD,RMSD,Time (ps),59100,0.1769291,nm,nm
line,overlay,sdu6-homo-2,sdu6-homo-2,rmsd,p7n44oqi,p7n44oqi::RMSD,sdu6-homo-2 / RMSD,RMSD,Time (ps),59200,0.14854965,nm,nm
line,overlay,sdu6-homo-2,sdu6-homo-2,rmsd,p7n44oqi,p7n44oqi::RMSD,sdu6-homo-2 / RMSD,RMSD,Time (ps),59300,0.14589848,nm,nm
line,overlay,sdu6-homo-2,sdu6-homo-2,rmsd,p7n44oqi,p7n44oqi::RMSD,sdu6-homo-2 / RMSD,RMSD,Time (ps),59400,0.13447303,nm,nm
line,overlay,sdu6-homo-2,sdu6-homo-2,rmsd,p7n44oqi,p7n44oqi::RMSD,sdu6-homo-2 / RMSD,RMSD,Time (ps),59500,0.13364945,nm,nm
line,overlay,sdu6-homo-2,sdu6-homo-2,rmsd,p7n44oqi,p7n44oqi::RMSD,sdu6-homo-2 / RMSD,RMSD,Time (ps),59600,0.15065968,nm,nm
line,overlay,sdu6-homo-2,sdu6-homo-2,rmsd,p7n44oqi,p7n44oqi::RMSD,sdu6-homo-2 / RMSD,RMSD,Time (ps),59700,0.1503704,nm,nm
line,overlay,sdu6-homo-2,sdu6-homo-2,rmsd,p7n44oqi,p7n44oqi::RMSD,sdu6-homo-2 / RMSD,RMSD,Time (ps),59800,0.12622969,nm,nm
line,overlay,sdu6-homo-2,sdu6-homo-2,rmsd,p7n44oqi,p7n44oqi::RMSD,sdu6-homo-2 / RMSD,RMSD,Time (ps),59900,0.12843606,nm,nm
line,overlay,sdu6-homo-2,sdu6-homo-2,rmsd,p7n44oqi,p7n44oqi::RMSD,sdu6-homo-2 / RMSD,RMSD,Time (ps),60000,0.13275443,nm,nm
line,overlay,sdu6-homo-2,sdu6-homo-2,rmsd,p7n44oqi,p7n44oqi::RMSD,sdu6-homo-2 / RMSD,RMSD,Time (ps),60100,0.15448177,nm,nm
line,overlay,sdu6-homo-2,sdu6-homo-2,rmsd,p7n44oqi,p7n44oqi::RMSD,sdu6-homo-2 / RMSD,RMSD,Time (ps),60200,0.13364945,nm,nm
line,overlay,sdu6-homo-2,sdu6-homo-2,rmsd,p7n44oqi,p7n44oqi::RMSD,sdu6-homo-2 / RMSD,RMSD,Time (ps),60300,0.14277048,nm,nm
line,overlay,sdu6-homo-2,sdu6-homo-2,rmsd,p7n44oqi,p7n44oqi::RMSD,sdu6-homo-2 / RMSD,RMSD,Time (ps),60400,0.13735999,nm,nm
line,overlay,sdu6-homo-2,sdu6-homo-2,rmsd,p7n44oqi,p7n44oqi::RMSD,sdu6-homo-2 / RMSD,RMSD,Time (ps),60500,0.12622969,nm,nm
line,overlay,sdu6-homo-2,sdu6-homo-2,rmsd,p7n44oqi,p7n44oqi::RMSD,sdu6-homo-2 / RMSD,RMSD,Time (ps),60600,0.13518809,nm,nm
line,overlay,sdu6-homo-2,sdu6-homo-2,rmsd,p7n44oqi,p7n44oqi::RMSD,sdu6-homo-2 / RMSD,RMSD,Time (ps),60700,0.13768415,nm,nm
line,overlay,sdu6-homo-2,sdu6-homo-2,rmsd,p7n44oqi,p7n44oqi::RMSD,sdu6-homo-2 / RMSD,RMSD,Time (ps),60800,0.12395061,nm,nm
line,overlay,sdu6-homo-2,sdu6-homo-2,rmsd,p7n44oqi,p7n44oqi::RMSD,sdu6-homo-2 / RMSD,RMSD,Time (ps),60900,0.13015193,nm,nm
line,overlay,sdu6-homo-2,sdu6-homo-2,rmsd,p7n44oqi,p7n44oqi::RMSD,sdu6-homo-2 / RMSD,RMSD,Time (ps),61000,0.13948323,nm,nm
line,overlay,sdu6-homo-2,sdu6-homo-2,rmsd,p7n44oqi,p7n44oqi::RMSD,sdu6-homo-2 / RMSD,RMSD,Time (ps),61100,0.12913638,nm,nm
line,overlay,sdu6-homo-2,sdu6-homo-2,rmsd,p7n44oqi,p7n44oqi::RMSD,sdu6-homo-2 / RMSD,RMSD,Time (ps),61200,0.12502073,nm,nm
line,overlay,sdu6-homo-2,sdu6-homo-2,rmsd,p7n44oqi,p7n44oqi::RMSD,sdu6-homo-2 / RMSD,RMSD,Time (ps),61300,0.124796644,nm,nm
line,overlay,sdu6-homo-2,sdu6-homo-2,rmsd,p7n44oqi,p7n44oqi::RMSD,sdu6-homo-2 / RMSD,RMSD,Time (ps),61400,0.14210087,nm,nm
line,overlay,sdu6-homo-2,sdu6-homo-2,rmsd,p7n44oqi,p7n44oqi::RMSD,sdu6-homo-2 / RMSD,RMSD,Time (ps),61500,0.12796299,nm,nm
line,overlay,sdu6-homo-2,sdu6-homo-2,rmsd,p7n44oqi,p7n44oqi::RMSD,sdu6-homo-2 / RMSD,RMSD,Time (ps),61600,0.119153164,nm,nm
line,overlay,sdu6-homo-2,sdu6-homo-2,rmsd,p7n44oqi,p7n44oqi::RMSD,sdu6-homo-2 / RMSD,RMSD,Time (ps),61700,0.13192406,nm,nm
line,overlay,sdu6-homo-2,sdu6-homo-2,rmsd,p7n44oqi,p7n44oqi::RMSD,sdu6-homo-2 / RMSD,RMSD,Time (ps),61800,0.14887728,nm,nm
line,overlay,sdu6-homo-2,sdu6-homo-2,rmsd,p7n44oqi,p7n44oqi::RMSD,sdu6-homo-2 / RMSD,RMSD,Time (ps),61900,0.14042027,nm,nm
line,overlay,sdu6-homo-2,sdu6-homo-2,rmsd,p7n44oqi,p7n44oqi::RMSD,sdu6-homo-2 / RMSD,RMSD,Time (ps),62000,0.13299629,nm,nm
line,overlay,sdu6-homo-2,sdu6-homo-2,rmsd,p7n44oqi,p7n44oqi::RMSD,sdu6-homo-2 / RMSD,RMSD,Time (ps),62100,0.13041054,nm,nm
line,overlay,sdu6-homo-2,sdu6-homo-2,rmsd,p7n44oqi,p7n44oqi::RMSD,sdu6-homo-2 / RMSD,RMSD,Time (ps),62200,0.13825895,nm,nm
line,overlay,sdu6-homo-2,sdu6-homo-2,rmsd,p7n44oqi,p7n44oqi::RMSD,sdu6-homo-2 / RMSD,RMSD,Time (ps),62300,0.1394535,nm,nm
line,overlay,sdu6-homo-2,sdu6-homo-2,rmsd,p7n44oqi,p7n44oqi::RMSD,sdu6-homo-2 / RMSD,RMSD,Time (ps),62400,0.14711556,nm,nm
line,overlay,sdu6-homo-2,sdu6-homo-2,rmsd,p7n44oqi,p7n44oqi::RMSD,sdu6-homo-2 / RMSD,RMSD,Time (ps),62500,0.13779327,nm,nm
line,overlay,sdu6-homo-2,sdu6-homo-2,rmsd,p7n44oqi,p7n44oqi::RMSD,sdu6-homo-2 / RMSD,RMSD,Time (ps),62600,0.12864575,nm,nm
line,overlay,sdu6-homo-2,sdu6-homo-2,rmsd,p7n44oqi,p7n44oqi::RMSD,sdu6-homo-2 / RMSD,RMSD,Time (ps),62700,0.1329924,nm,nm
line,overlay,sdu6-homo-2,sdu6-homo-2,rmsd,p7n44oqi,p7n44oqi::RMSD,sdu6-homo-2 / RMSD,RMSD,Time (ps),62800,0.12860142,nm,nm
line,overlay,sdu6-homo-2,sdu6-homo-2,rmsd,p7n44oqi,p7n44oqi::RMSD,sdu6-homo-2 / RMSD,RMSD,Time (ps),62900,0.12342257,nm,nm
line,overlay,sdu6-homo-2,sdu6-homo-2,rmsd,p7n44oqi,p7n44oqi::RMSD,sdu6-homo-2 / RMSD,RMSD,Time (ps),63000,0.117042,nm,nm
line,overlay,sdu6-homo-2,sdu6-homo-2,rmsd,p7n44oqi,p7n44oqi::RMSD,sdu6-homo-2 / RMSD,RMSD,Time (ps),63100,0.12157769,nm,nm
line,overlay,sdu6-homo-2,sdu6-homo-2,rmsd,p7n44oqi,p7n44oqi::RMSD,sdu6-homo-2 / RMSD,RMSD,Time (ps),63200,0.11698441,nm,nm
line,overlay,sdu6-homo-2,sdu6-homo-2,rmsd,p7n44oqi,p7n44oqi::RMSD,sdu6-homo-2 / RMSD,RMSD,Time (ps),63300,0.11846384,nm,nm
line,overlay,sdu6-homo-2,sdu6-homo-2,rmsd,p7n44oqi,p7n44oqi::RMSD,sdu6-homo-2 / RMSD,RMSD,Time (ps),63400,0.11634016,nm,nm
line,overlay,sdu6-homo-2,sdu6-homo-2,rmsd,p7n44oqi,p7n44oqi::RMSD,sdu6-homo-2 / RMSD,RMSD,Time (ps),63500,0.122028776,nm,nm
line,overlay,sdu6-homo-2,sdu6-homo-2,rmsd,p7n44oqi,p7n44oqi::RMSD,sdu6-homo-2 / RMSD,RMSD,Time (ps),63600,0.12634051,nm,nm
line,overlay,sdu6-homo-2,sdu6-homo-2,rmsd,p7n44oqi,p7n44oqi::RMSD,sdu6-homo-2 / RMSD,RMSD,Time (ps),63700,0.11577293,nm,nm
line,overlay,sdu6-homo-2,sdu6-homo-2,rmsd,p7n44oqi,p7n44oqi::RMSD,sdu6-homo-2 / RMSD,RMSD,Time (ps),63800,0.13335826,nm,nm
line,overlay,sdu6-homo-2,sdu6-homo-2,rmsd,p7n44oqi,p7n44oqi::RMSD,sdu6-homo-2 / RMSD,RMSD,Time (ps),63900,0.12853691,nm,nm
line,overlay,sdu6-homo-2,sdu6-homo-2,rmsd,p7n44oqi,p7n44oqi::RMSD,sdu6-homo-2 / RMSD,RMSD,Time (ps),64000,0.12601598,nm,nm
line,overlay,sdu6-homo-2,sdu6-homo-2,rmsd,p7n44oqi,p7n44oqi::RMSD,sdu6-homo-2 / RMSD,RMSD,Time (ps),64100,0.13385098,nm,nm
line,overlay,sdu6-homo-2,sdu6-homo-2,rmsd,p7n44oqi,p7n44oqi::RMSD,sdu6-homo-2 / RMSD,RMSD,Time (ps),64200,0.125,nm,nm
line,overlay,sdu6-homo-2,sdu6-homo-2,rmsd,p7n44oqi,p7n44oqi::RMSD,sdu6-homo-2 / RMSD,RMSD,Time (ps),64300,0.13392454,nm,nm
line,overlay,sdu6-homo-2,sdu6-homo-2,rmsd,p7n44oqi,p7n44oqi::RMSD,sdu6-homo-2 / RMSD,RMSD,Time (ps),64400,0.1280966,nm,nm
line,overlay,sdu6-homo-2,sdu6-homo-2,rmsd,p7n44oqi,p7n44oqi::RMSD,sdu6-homo-2 / RMSD,RMSD,Time (ps),64500,0.13521108,nm,nm
line,overlay,sdu6-homo-2,sdu6-homo-2,rmsd,p7n44oqi,p7n44oqi::RMSD,sdu6-homo-2 / RMSD,RMSD,Time (ps),64600,0.13560538,nm,nm
line,overlay,sdu6-homo-2,sdu6-homo-2,rmsd,p7n44oqi,p7n44oqi::RMSD,sdu6-homo-2 / RMSD,RMSD,Time (ps),64700,0.13749954,nm,nm
line,overlay,sdu6-homo-2,sdu6-homo-2,rmsd,p7n44oqi,p7n44oqi::RMSD,sdu6-homo-2 / RMSD,RMSD,Time (ps),64800,0.14840302,nm,nm
line,overlay,sdu6-homo-2,sdu6-homo-2,rmsd,p7n44oqi,p7n44oqi::RMSD,sdu6-homo-2 / RMSD,RMSD,Time (ps),64900,0.13947952,nm,nm
line,overlay,sdu6-homo-2,sdu6-homo-2,rmsd,p7n44oqi,p7n44oqi::RMSD,sdu6-homo-2 / RMSD,RMSD,Time (ps),65000,0.14577764,nm,nm
line,overlay,sdu6-homo-2,sdu6-homo-2,rmsd,p7n44oqi,p7n44oqi::RMSD,sdu6-homo-2 / RMSD,RMSD,Time (ps),65100,0.1387268,nm,nm
line,overlay,sdu6-homo-2,sdu6-homo-2,rmsd,p7n44oqi,p7n44oqi::RMSD,sdu6-homo-2 / RMSD,RMSD,Time (ps),65200,0.13849494,nm,nm
line,overlay,sdu6-homo-2,sdu6-homo-2,rmsd,p7n44oqi,p7n44oqi::RMSD,sdu6-homo-2 / RMSD,RMSD,Time (ps),65300,0.1310845,nm,nm
line,overlay,sdu6-homo-2,sdu6-homo-2,rmsd,p7n44oqi,p7n44oqi::RMSD,sdu6-homo-2 / RMSD,RMSD,Time (ps),65400,0.14181972,nm,nm
line,overlay,sdu6-homo-2,sdu6-homo-2,rmsd,p7n44oqi,p7n44oqi::RMSD,sdu6-homo-2 / RMSD,RMSD,Time (ps),65500,0.13275833,nm,nm
line,overlay,sdu6-homo-2,sdu6-homo-2,rmsd,p7n44oqi,p7n44oqi::RMSD,sdu6-homo-2 / RMSD,RMSD,Time (ps),65600,0.12540159,nm,nm
line,overlay,sdu6-homo-2,sdu6-homo-2,rmsd,p7n44oqi,p7n44oqi::RMSD,sdu6-homo-2 / RMSD,RMSD,Time (ps),65700,0.13508068,nm,nm
line,overlay,sdu6-homo-2,sdu6-homo-2,rmsd,p7n44oqi,p7n44oqi::RMSD,sdu6-homo-2 / RMSD,RMSD,Time (ps),65800,0.13545622,nm,nm
line,overlay,sdu6-homo-2,sdu6-homo-2,rmsd,p7n44oqi,p7n44oqi::RMSD,sdu6-homo-2 / RMSD,RMSD,Time (ps),65900,0.13732225,nm,nm
line,overlay,sdu6-homo-2,sdu6-homo-2,rmsd,p7n44oqi,p7n44oqi::RMSD,sdu6-homo-2 / RMSD,RMSD,Time (ps),66000,0.13723919,nm,nm
line,overlay,sdu6-homo-2,sdu6-homo-2,rmsd,p7n44oqi,p7n44oqi::RMSD,sdu6-homo-2 / RMSD,RMSD,Time (ps),66100,0.124234654,nm,nm
line,overlay,sdu6-homo-2,sdu6-homo-2,rmsd,p7n44oqi,p7n44oqi::RMSD,sdu6-homo-2 / RMSD,RMSD,Time (ps),66200,0.13429944,nm,nm
line,overlay,sdu6-homo-2,sdu6-homo-2,rmsd,p7n44oqi,p7n44oqi::RMSD,sdu6-homo-2 / RMSD,RMSD,Time (ps),66300,0.14292651,nm,nm
line,overlay,sdu6-homo-2,sdu6-homo-2,rmsd,p7n44oqi,p7n44oqi::RMSD,sdu6-homo-2 / RMSD,RMSD,Time (ps),66400,0.13265288,nm,nm
line,overlay,sdu6-homo-2,sdu6-homo-2,rmsd,p7n44oqi,p7n44oqi::RMSD,sdu6-homo-2 / RMSD,RMSD,Time (ps),66500,0.13839011,nm,nm
line,overlay,sdu6-homo-2,sdu6-homo-2,rmsd,p7n44oqi,p7n44oqi::RMSD,sdu6-homo-2 / RMSD,RMSD,Time (ps),66600,0.13752593,nm,nm
line,overlay,sdu6-homo-2,sdu6-homo-2,rmsd,p7n44oqi,p7n44oqi::RMSD,sdu6-homo-2 / RMSD,RMSD,Time (ps),66700,0.15794595,nm,nm
line,overlay,sdu6-homo-2,sdu6-homo-2,rmsd,p7n44oqi,p7n44oqi::RMSD,sdu6-homo-2 / RMSD,RMSD,Time (ps),66800,0.1496309,nm,nm
line,overlay,sdu6-homo-2,sdu6-homo-2,rmsd,p7n44oqi,p7n44oqi::RMSD,sdu6-homo-2 / RMSD,RMSD,Time (ps),66900,0.13291052,nm,nm
line,overlay,sdu6-homo-2,sdu6-homo-2,rmsd,p7n44oqi,p7n44oqi::RMSD,sdu6-homo-2 / RMSD,RMSD,Time (ps),67000,0.13323772,nm,nm
line,overlay,sdu6-homo-2,sdu6-homo-2,rmsd,p7n44oqi,p7n44oqi::RMSD,sdu6-homo-2 / RMSD,RMSD,Time (ps),67100,0.14274506,nm,nm
line,overlay,sdu6-homo-2,sdu6-homo-2,rmsd,p7n44oqi,p7n44oqi::RMSD,sdu6-homo-2 / RMSD,RMSD,Time (ps),67200,0.14737606,nm,nm
line,overlay,sdu6-homo-2,sdu6-homo-2,rmsd,p7n44oqi,p7n44oqi::RMSD,sdu6-homo-2 / RMSD,RMSD,Time (ps),67300,0.13538349,nm,nm
line,overlay,sdu6-homo-2,sdu6-homo-2,rmsd,p7n44oqi,p7n44oqi::RMSD,sdu6-homo-2 / RMSD,RMSD,Time (ps),67400,0.14699924,nm,nm
line,overlay,sdu6-homo-2,sdu6-homo-2,rmsd,p7n44oqi,p7n44oqi::RMSD,sdu6-homo-2 / RMSD,RMSD,Time (ps),67500,0.14343695,nm,nm
line,overlay,sdu6-homo-2,sdu6-homo-2,rmsd,p7n44oqi,p7n44oqi::RMSD,sdu6-homo-2 / RMSD,RMSD,Time (ps),67600,0.1437474,nm,nm
line,overlay,sdu6-homo-2,sdu6-homo-2,rmsd,p7n44oqi,p7n44oqi::RMSD,sdu6-homo-2 / RMSD,RMSD,Time (ps),67700,0.1429229,nm,nm
line,overlay,sdu6-homo-2,sdu6-homo-2,rmsd,p7n44oqi,p7n44oqi::RMSD,sdu6-homo-2 / RMSD,RMSD,Time (ps),67800,0.14681223,nm,nm
line,overlay,sdu6-homo-2,sdu6-homo-2,rmsd,p7n44oqi,p7n44oqi::RMSD,sdu6-homo-2 / RMSD,RMSD,Time (ps),67900,0.14266878,nm,nm
line,overlay,sdu6-homo-2,sdu6-homo-2,rmsd,p7n44oqi,p7n44oqi::RMSD,sdu6-homo-2 / RMSD,RMSD,Time (ps),68000,0.13271147,nm,nm
line,overlay,sdu6-homo-2,sdu6-homo-2,rmsd,p7n44oqi,p7n44oqi::RMSD,sdu6-homo-2 / RMSD,RMSD,Time (ps),68100,0.14296639,nm,nm
line,overlay,sdu6-homo-2,sdu6-homo-2,rmsd,p7n44oqi,p7n44oqi::RMSD,sdu6-homo-2 / RMSD,RMSD,Time (ps),68200,0.1372845,nm,nm
line,overlay,sdu6-homo-2,sdu6-homo-2,rmsd,p7n44oqi,p7n44oqi::RMSD,sdu6-homo-2 / RMSD,RMSD,Time (ps),68300,0.13572,nm,nm
line,overlay,sdu6-homo-2,sdu6-homo-2,rmsd,p7n44oqi,p7n44oqi::RMSD,sdu6-homo-2 / RMSD,RMSD,Time (ps),68400,0.14124472,nm,nm
line,overlay,sdu6-homo-2,sdu6-homo-2,rmsd,p7n44oqi,p7n44oqi::RMSD,sdu6-homo-2 / RMSD,RMSD,Time (ps),68500,0.14042027,nm,nm
line,overlay,sdu6-homo-2,sdu6-homo-2,rmsd,p7n44oqi,p7n44oqi::RMSD,sdu6-homo-2 / RMSD,RMSD,Time (ps),68600,0.14324892,nm,nm
line,overlay,sdu6-homo-2,sdu6-homo-2,rmsd,p7n44oqi,p7n44oqi::RMSD,sdu6-homo-2 / RMSD,RMSD,Time (ps),68700,0.13825895,nm,nm
line,overlay,sdu6-homo-2,sdu6-homo-2,rmsd,p7n44oqi,p7n44oqi::RMSD,sdu6-homo-2 / RMSD,RMSD,Time (ps),68800,0.154418,nm,nm
line,overlay,sdu6-homo-2,sdu6-homo-2,rmsd,p7n44oqi,p7n44oqi::RMSD,sdu6-homo-2 / RMSD,RMSD,Time (ps),68900,0.14045718,nm,nm
line,overlay,sdu6-homo-2,sdu6-homo-2,rmsd,p7n44oqi,p7n44oqi::RMSD,sdu6-homo-2 / RMSD,RMSD,Time (ps),69000,0.15210806,nm,nm
line,overlay,sdu6-homo-2,sdu6-homo-2,rmsd,p7n44oqi,p7n44oqi::RMSD,sdu6-homo-2 / RMSD,RMSD,Time (ps),69100,0.14582741,nm,nm
line,overlay,sdu6-homo-2,sdu6-homo-2,rmsd,p7n44oqi,p7n44oqi::RMSD,sdu6-homo-2 / RMSD,RMSD,Time (ps),69200,0.14061947,nm,nm
line,overlay,sdu6-homo-2,sdu6-homo-2,rmsd,p7n44oqi,p7n44oqi::RMSD,sdu6-homo-2 / RMSD,RMSD,Time (ps),69300,0.14522189,nm,nm
line,overlay,sdu6-homo-2,sdu6-homo-2,rmsd,p7n44oqi,p7n44oqi::RMSD,sdu6-homo-2 / RMSD,RMSD,Time (ps),69400,0.14337912,nm,nm
line,overlay,sdu6-homo-2,sdu6-homo-2,rmsd,p7n44oqi,p7n44oqi::RMSD,sdu6-homo-2 / RMSD,RMSD,Time (ps),69500,0.13573527,nm,nm
line,overlay,sdu6-homo-2,sdu6-homo-2,rmsd,p7n44oqi,p7n44oqi::RMSD,sdu6-homo-2 / RMSD,RMSD,Time (ps),69600,0.13100539,nm,nm
line,overlay,sdu6-homo-2,sdu6-homo-2,rmsd,p7n44oqi,p7n44oqi::RMSD,sdu6-homo-2 / RMSD,RMSD,Time (ps),69700,0.13710693,nm,nm
line,overlay,sdu6-homo-2,sdu6-homo-2,rmsd,p7n44oqi,p7n44oqi::RMSD,sdu6-homo-2 / RMSD,RMSD,Time (ps),69800,0.14718953,nm,nm
line,overlay,sdu6-homo-2,sdu6-homo-2,rmsd,p7n44oqi,p7n44oqi::RMSD,sdu6-homo-2 / RMSD,RMSD,Time (ps),69900,0.13549066,nm,nm
line,overlay,sdu6-homo-2,sdu6-homo-2,rmsd,p7n44oqi,p7n44oqi::RMSD,sdu6-homo-2 / RMSD,RMSD,Time (ps),70000,0.13962066,nm,nm
line,overlay,sdu6-homo-2,sdu6-homo-2,rmsd,p7n44oqi,p7n44oqi::RMSD,sdu6-homo-2 / RMSD,RMSD,Time (ps),70100,0.14413272,nm,nm
line,overlay,sdu6-homo-2,sdu6-homo-2,rmsd,p7n44oqi,p7n44oqi::RMSD,sdu6-homo-2 / RMSD,RMSD,Time (ps),70200,0.13550213,nm,nm
line,overlay,sdu6-homo-2,sdu6-homo-2,rmsd,p7n44oqi,p7n44oqi::RMSD,sdu6-homo-2 / RMSD,RMSD,Time (ps),70300,0.1458203,nm,nm
line,overlay,sdu6-homo-2,sdu6-homo-2,rmsd,p7n44oqi,p7n44oqi::RMSD,sdu6-homo-2 / RMSD,RMSD,Time (ps),70400,0.13903657,nm,nm
line,overlay,sdu6-homo-2,sdu6-homo-2,rmsd,p7n44oqi,p7n44oqi::RMSD,sdu6-homo-2 / RMSD,RMSD,Time (ps),70500,0.13898064,nm,nm
line,overlay,sdu6-homo-2,sdu6-homo-2,rmsd,p7n44oqi,p7n44oqi::RMSD,sdu6-homo-2 / RMSD,RMSD,Time (ps),70600,0.14076315,nm,nm
line,overlay,sdu6-homo-2,sdu6-homo-2,rmsd,p7n44oqi,p7n44oqi::RMSD,sdu6-homo-2 / RMSD,RMSD,Time (ps),70700,0.1440284,nm,nm
line,overlay,sdu6-homo-2,sdu6-homo-2,rmsd,p7n44oqi,p7n44oqi::RMSD,sdu6-homo-2 / RMSD,RMSD,Time (ps),70800,0.13776319,nm,nm
line,overlay,sdu6-homo-2,sdu6-homo-2,rmsd,p7n44oqi,p7n44oqi::RMSD,sdu6-homo-2 / RMSD,RMSD,Time (ps),70900,0.13927497,nm,nm
line,overlay,sdu6-homo-2,sdu6-homo-2,rmsd,p7n44oqi,p7n44oqi::RMSD,sdu6-homo-2 / RMSD,RMSD,Time (ps),71000,0.13751462,nm,nm
line,overlay,sdu6-homo-2,sdu6-homo-2,rmsd,p7n44oqi,p7n44oqi::RMSD,sdu6-homo-2 / RMSD,RMSD,Time (ps),71100,0.12560397,nm,nm
line,overlay,sdu6-homo-2,sdu6-homo-2,rmsd,p7n44oqi,p7n44oqi::RMSD,sdu6-homo-2 / RMSD,RMSD,Time (ps),71200,0.13835265,nm,nm
line,overlay,sdu6-homo-2,sdu6-homo-2,rmsd,p7n44oqi,p7n44oqi::RMSD,sdu6-homo-2 / RMSD,RMSD,Time (ps),71300,0.1320262,nm,nm
line,overlay,sdu6-homo-2,sdu6-homo-2,rmsd,p7n44oqi,p7n44oqi::RMSD,sdu6-homo-2 / RMSD,RMSD,Time (ps),71400,0.13263333,nm,nm
line,overlay,sdu6-homo-2,sdu6-homo-2,rmsd,p7n44oqi,p7n44oqi::RMSD,sdu6-homo-2 / RMSD,RMSD,Time (ps),71500,0.1283432,nm,nm
line,overlay,sdu6-homo-2,sdu6-homo-2,rmsd,p7n44oqi,p7n44oqi::RMSD,sdu6-homo-2 / RMSD,RMSD,Time (ps),71600,0.13087079,nm,nm
line,overlay,sdu6-homo-2,sdu6-homo-2,rmsd,p7n44oqi,p7n44oqi::RMSD,sdu6-homo-2 / RMSD,RMSD,Time (ps),71700,0.14043134,nm,nm
line,overlay,sdu6-homo-2,sdu6-homo-2,rmsd,p7n44oqi,p7n44oqi::RMSD,sdu6-homo-2 / RMSD,RMSD,Time (ps),71800,0.13098164,nm,nm
line,overlay,sdu6-homo-2,sdu6-homo-2,rmsd,p7n44oqi,p7n44oqi::RMSD,sdu6-homo-2 / RMSD,RMSD,Time (ps),71900,0.11939653,nm,nm
line,overlay,sdu6-homo-2,sdu6-homo-2,rmsd,p7n44oqi,p7n44oqi::RMSD,sdu6-homo-2 / RMSD,RMSD,Time (ps),72000,0.13448073,nm,nm
line,overlay,sdu6-homo-2,sdu6-homo-2,rmsd,p7n44oqi,p7n44oqi::RMSD,sdu6-homo-2 / RMSD,RMSD,Time (ps),72100,0.13050589,nm,nm
line,overlay,sdu6-homo-2,sdu6-homo-2,rmsd,p7n44oqi,p7n44oqi::RMSD,sdu6-homo-2 / RMSD,RMSD,Time (ps),72200,0.13310927,nm,nm
line,overlay,sdu6-homo-2,sdu6-homo-2,rmsd,p7n44oqi,p7n44oqi::RMSD,sdu6-homo-2 / RMSD,RMSD,Time (ps),72300,0.14186724,nm,nm
line,overlay,sdu6-homo-2,sdu6-homo-2,rmsd,p7n44oqi,p7n44oqi::RMSD,sdu6-homo-2 / RMSD,RMSD,Time (ps),72400,0.12745158,nm,nm
line,overlay,sdu6-homo-2,sdu6-homo-2,rmsd,p7n44oqi,p7n44oqi::RMSD,sdu6-homo-2 / RMSD,RMSD,Time (ps),72500,0.1347041,nm,nm
line,overlay,sdu6-homo-2,sdu6-homo-2,rmsd,p7n44oqi,p7n44oqi::RMSD,sdu6-homo-2 / RMSD,RMSD,Time (ps),72600,0.13061705,nm,nm
line,overlay,sdu6-homo-2,sdu6-homo-2,rmsd,p7n44oqi,p7n44oqi::RMSD,sdu6-homo-2 / RMSD,RMSD,Time (ps),72700,0.12701158,nm,nm
line,overlay,sdu6-homo-2,sdu6-homo-2,rmsd,p7n44oqi,p7n44oqi::RMSD,sdu6-homo-2 / RMSD,RMSD,Time (ps),72800,0.12112919,nm,nm
line,overlay,sdu6-homo-2,sdu6-homo-2,rmsd,p7n44oqi,p7n44oqi::RMSD,sdu6-homo-2 / RMSD,RMSD,Time (ps),72900,0.126611,nm,nm
line,overlay,sdu6-homo-2,sdu6-homo-2,rmsd,p7n44oqi,p7n44oqi::RMSD,sdu6-homo-2 / RMSD,RMSD,Time (ps),73000,0.12758166,nm,nm
line,overlay,sdu6-homo-2,sdu6-homo-2,rmsd,p7n44oqi,p7n44oqi::RMSD,sdu6-homo-2 / RMSD,RMSD,Time (ps),73100,0.12459295,nm,nm
line,overlay,sdu6-homo-2,sdu6-homo-2,rmsd,p7n44oqi,p7n44oqi::RMSD,sdu6-homo-2 / RMSD,RMSD,Time (ps),73200,0.1232839,nm,nm
line,overlay,sdu6-homo-2,sdu6-homo-2,rmsd,p7n44oqi,p7n44oqi::RMSD,sdu6-homo-2 / RMSD,RMSD,Time (ps),73300,0.12446808,nm,nm
line,overlay,sdu6-homo-2,sdu6-homo-2,rmsd,p7n44oqi,p7n44oqi::RMSD,sdu6-homo-2 / RMSD,RMSD,Time (ps),73400,0.116669394,nm,nm
line,overlay,sdu6-homo-2,sdu6-homo-2,rmsd,p7n44oqi,p7n44oqi::RMSD,sdu6-homo-2 / RMSD,RMSD,Time (ps),73500,0.13131365,nm,nm
line,overlay,sdu6-homo-2,sdu6-homo-2,rmsd,p7n44oqi,p7n44oqi::RMSD,sdu6-homo-2 / RMSD,RMSD,Time (ps),73600,0.13694048,nm,nm
line,overlay,sdu6-homo-2,sdu6-homo-2,rmsd,p7n44oqi,p7n44oqi::RMSD,sdu6-homo-2 / RMSD,RMSD,Time (ps),73700,0.13756362,nm,nm
line,overlay,sdu6-homo-2,sdu6-homo-2,rmsd,p7n44oqi,p7n44oqi::RMSD,sdu6-homo-2 / RMSD,RMSD,Time (ps),73800,0.13081534,nm,nm
line,overlay,sdu6-homo-2,sdu6-homo-2,rmsd,p7n44oqi,p7n44oqi::RMSD,sdu6-homo-2 / RMSD,RMSD,Time (ps),73900,0.13104495,nm,nm
line,overlay,sdu6-homo-2,sdu6-homo-2,rmsd,p7n44oqi,p7n44oqi::RMSD,sdu6-homo-2 / RMSD,RMSD,Time (ps),74000,0.13772555,nm,nm
line,overlay,sdu6-homo-2,sdu6-homo-2,rmsd,p7n44oqi,p7n44oqi::RMSD,sdu6-homo-2 / RMSD,RMSD,Time (ps),74100,0.1376992,nm,nm
line,overlay,sdu6-homo-2,sdu6-homo-2,rmsd,p7n44oqi,p7n44oqi::RMSD,sdu6-homo-2 / RMSD,RMSD,Time (ps),74200,0.13597183,nm,nm
line,overlay,sdu6-homo-2,sdu6-homo-2,rmsd,p7n44oqi,p7n44oqi::RMSD,sdu6-homo-2 / RMSD,RMSD,Time (ps),74300,0.13158573,nm,nm
line,overlay,sdu6-homo-2,sdu6-homo-2,rmsd,p7n44oqi,p7n44oqi::RMSD,sdu6-homo-2 / RMSD,RMSD,Time (ps),74400,0.13087872,nm,nm
line,overlay,sdu6-homo-2,sdu6-homo-2,rmsd,p7n44oqi,p7n44oqi::RMSD,sdu6-homo-2 / RMSD,RMSD,Time (ps),74500,0.1293289,nm,nm
line,overlay,sdu6-homo-2,sdu6-homo-2,rmsd,p7n44oqi,p7n44oqi::RMSD,sdu6-homo-2 / RMSD,RMSD,Time (ps),74600,0.13218313,nm,nm
line,overlay,sdu6-homo-2,sdu6-homo-2,rmsd,p7n44oqi,p7n44oqi::RMSD,sdu6-homo-2 / RMSD,RMSD,Time (ps),74700,0.13002044,nm,nm
line,overlay,sdu6-homo-2,sdu6-homo-2,rmsd,p7n44oqi,p7n44oqi::RMSD,sdu6-homo-2 / RMSD,RMSD,Time (ps),74800,0.12512021,nm,nm
line,overlay,sdu6-homo-2,sdu6-homo-2,rmsd,p7n44oqi,p7n44oqi::RMSD,sdu6-homo-2 / RMSD,RMSD,Time (ps),74900,0.1302435,nm,nm
line,overlay,sdu6-homo-2,sdu6-homo-2,rmsd,p7n44oqi,p7n44oqi::RMSD,sdu6-homo-2 / RMSD,RMSD,Time (ps),75000,0.12477588,nm,nm
line,overlay,sdu6-homo-2,sdu6-homo-2,rmsd,p7n44oqi,p7n44oqi::RMSD,sdu6-homo-2 / RMSD,RMSD,Time (ps),75100,0.12723176,nm,nm
line,overlay,sdu6-homo-2,sdu6-homo-2,rmsd,p7n44oqi,p7n44oqi::RMSD,sdu6-homo-2 / RMSD,RMSD,Time (ps),75200,0.1458665,nm,nm
line,overlay,sdu6-homo-2,sdu6-homo-2,rmsd,p7n44oqi,p7n44oqi::RMSD,sdu6-homo-2 / RMSD,RMSD,Time (ps),75300,0.13314432,nm,nm
line,overlay,sdu6-homo-2,sdu6-homo-2,rmsd,p7n44oqi,p7n44oqi::RMSD,sdu6-homo-2 / RMSD,RMSD,Time (ps),75400,0.13383937,nm,nm
line,overlay,sdu6-homo-2,sdu6-homo-2,rmsd,p7n44oqi,p7n44oqi::RMSD,sdu6-homo-2 / RMSD,RMSD,Time (ps),75500,0.12967713,nm,nm
line,overlay,sdu6-homo-2,sdu6-homo-2,rmsd,p7n44oqi,p7n44oqi::RMSD,sdu6-homo-2 / RMSD,RMSD,Time (ps),75600,0.12301031,nm,nm
line,overlay,sdu6-homo-2,sdu6-homo-2,rmsd,p7n44oqi,p7n44oqi::RMSD,sdu6-homo-2 / RMSD,RMSD,Time (ps),75700,0.1593899,nm,nm
line,overlay,sdu6-homo-2,sdu6-homo-2,rmsd,p7n44oqi,p7n44oqi::RMSD,sdu6-homo-2 / RMSD,RMSD,Time (ps),75800,0.14223577,nm,nm
line,overlay,sdu6-homo-2,sdu6-homo-2,rmsd,p7n44oqi,p7n44oqi::RMSD,sdu6-homo-2 / RMSD,RMSD,Time (ps),75900,0.14793773,nm,nm
line,overlay,sdu6-homo-2,sdu6-homo-2,rmsd,p7n44oqi,p7n44oqi::RMSD,sdu6-homo-2 / RMSD,RMSD,Time (ps),76000,0.14580964,nm,nm
line,overlay,sdu6-homo-2,sdu6-homo-2,rmsd,p7n44oqi,p7n44oqi::RMSD,sdu6-homo-2 / RMSD,RMSD,Time (ps),76100,0.12840377,nm,nm
line,overlay,sdu6-homo-2,sdu6-homo-2,rmsd,p7n44oqi,p7n44oqi::RMSD,sdu6-homo-2 / RMSD,RMSD,Time (ps),76200,0.1360671,nm,nm
line,overlay,sdu6-homo-2,sdu6-homo-2,rmsd,p7n44oqi,p7n44oqi::RMSD,sdu6-homo-2 / RMSD,RMSD,Time (ps),76300,0.13666388,nm,nm
line,overlay,sdu6-homo-2,sdu6-homo-2,rmsd,p7n44oqi,p7n44oqi::RMSD,sdu6-homo-2 / RMSD,RMSD,Time (ps),76400,0.14262882,nm,nm
line,overlay,sdu6-homo-2,sdu6-homo-2,rmsd,p7n44oqi,p7n44oqi::RMSD,sdu6-homo-2 / RMSD,RMSD,Time (ps),76500,0.14366084,nm,nm
line,overlay,sdu6-homo-2,sdu6-homo-2,rmsd,p7n44oqi,p7n44oqi::RMSD,sdu6-homo-2 / RMSD,RMSD,Time (ps),76600,0.1419001,nm,nm
line,overlay,sdu6-homo-2,sdu6-homo-2,rmsd,p7n44oqi,p7n44oqi::RMSD,sdu6-homo-2 / RMSD,RMSD,Time (ps),76700,0.13984694,nm,nm
line,overlay,sdu6-homo-2,sdu6-homo-2,rmsd,p7n44oqi,p7n44oqi::RMSD,sdu6-homo-2 / RMSD,RMSD,Time (ps),76800,0.14519332,nm,nm
line,overlay,sdu6-homo-2,sdu6-homo-2,rmsd,p7n44oqi,p7n44oqi::RMSD,sdu6-homo-2 / RMSD,RMSD,Time (ps),76900,0.119609065,nm,nm
line,overlay,sdu6-homo-2,sdu6-homo-2,rmsd,p7n44oqi,p7n44oqi::RMSD,sdu6-homo-2 / RMSD,RMSD,Time (ps),77000,0.13226938,nm,nm
line,overlay,sdu6-homo-2,sdu6-homo-2,rmsd,p7n44oqi,p7n44oqi::RMSD,sdu6-homo-2 / RMSD,RMSD,Time (ps),77100,0.12527339,nm,nm
line,overlay,sdu6-homo-2,sdu6-homo-2,rmsd,p7n44oqi,p7n44oqi::RMSD,sdu6-homo-2 / RMSD,RMSD,Time (ps),77200,0.13758622,nm,nm
line,overlay,sdu6-homo-2,sdu6-homo-2,rmsd,p7n44oqi,p7n44oqi::RMSD,sdu6-homo-2 / RMSD,RMSD,Time (ps),77300,0.11691793,nm,nm
line,overlay,sdu6-homo-2,sdu6-homo-2,rmsd,p7n44oqi,p7n44oqi::RMSD,sdu6-homo-2 / RMSD,RMSD,Time (ps),77400,0.12011072,nm,nm
line,overlay,sdu6-homo-2,sdu6-homo-2,rmsd,p7n44oqi,p7n44oqi::RMSD,sdu6-homo-2 / RMSD,RMSD,Time (ps),77500,0.13717496,nm,nm
line,overlay,sdu6-homo-2,sdu6-homo-2,rmsd,p7n44oqi,p7n44oqi::RMSD,sdu6-homo-2 / RMSD,RMSD,Time (ps),77600,0.13049398,nm,nm
line,overlay,sdu6-homo-2,sdu6-homo-2,rmsd,p7n44oqi,p7n44oqi::RMSD,sdu6-homo-2 / RMSD,RMSD,Time (ps),77700,0.13204189,nm,nm
line,overlay,sdu6-homo-2,sdu6-homo-2,rmsd,p7n44oqi,p7n44oqi::RMSD,sdu6-homo-2 / RMSD,RMSD,Time (ps),77800,0.13565123,nm,nm
line,overlay,sdu6-homo-2,sdu6-homo-2,rmsd,p7n44oqi,p7n44oqi::RMSD,sdu6-homo-2 / RMSD,RMSD,Time (ps),77900,0.13454624,nm,nm
line,overlay,sdu6-homo-2,sdu6-homo-2,rmsd,p7n44oqi,p7n44oqi::RMSD,sdu6-homo-2 / RMSD,RMSD,Time (ps),78000,0.12862156,nm,nm
line,overlay,sdu6-homo-2,sdu6-homo-2,rmsd,p7n44oqi,p7n44oqi::RMSD,sdu6-homo-2 / RMSD,RMSD,Time (ps),78100,0.12559572,nm,nm
line,overlay,sdu6-homo-2,sdu6-homo-2,rmsd,p7n44oqi,p7n44oqi::RMSD,sdu6-homo-2 / RMSD,RMSD,Time (ps),78200,0.13706912,nm,nm
line,overlay,sdu6-homo-2,sdu6-homo-2,rmsd,p7n44oqi,p7n44oqi::RMSD,sdu6-homo-2 / RMSD,RMSD,Time (ps),78300,0.16051438,nm,nm
line,overlay,sdu6-homo-2,sdu6-homo-2,rmsd,p7n44oqi,p7n44oqi::RMSD,sdu6-homo-2 / RMSD,RMSD,Time (ps),78400,0.14522903,nm,nm
line,overlay,sdu6-homo-2,sdu6-homo-2,rmsd,p7n44oqi,p7n44oqi::RMSD,sdu6-homo-2 / RMSD,RMSD,Time (ps),78500,0.15366763,nm,nm
line,overlay,sdu6-homo-2,sdu6-homo-2,rmsd,p7n44oqi,p7n44oqi::RMSD,sdu6-homo-2 / RMSD,RMSD,Time (ps),78600,0.14287935,nm,nm
line,overlay,sdu6-homo-2,sdu6-homo-2,rmsd,p7n44oqi,p7n44oqi::RMSD,sdu6-homo-2 / RMSD,RMSD,Time (ps),78700,0.15154131,nm,nm
line,overlay,sdu6-homo-2,sdu6-homo-2,rmsd,p7n44oqi,p7n44oqi::RMSD,sdu6-homo-2 / RMSD,RMSD,Time (ps),78800,0.15523823,nm,nm
line,overlay,sdu6-homo-2,sdu6-homo-2,rmsd,p7n44oqi,p7n44oqi::RMSD,sdu6-homo-2 / RMSD,RMSD,Time (ps),78900,0.17721598,nm,nm
line,overlay,sdu6-homo-2,sdu6-homo-2,rmsd,p7n44oqi,p7n44oqi::RMSD,sdu6-homo-2 / RMSD,RMSD,Time (ps),79000,0.17919968,nm,nm
line,overlay,sdu6-homo-2,sdu6-homo-2,rmsd,p7n44oqi,p7n44oqi::RMSD,sdu6-homo-2 / RMSD,RMSD,Time (ps),79100,0.16842802,nm,nm
line,overlay,sdu6-homo-2,sdu6-homo-2,rmsd,p7n44oqi,p7n44oqi::RMSD,sdu6-homo-2 / RMSD,RMSD,Time (ps),79200,0.17300673,nm,nm
line,overlay,sdu6-homo-2,sdu6-homo-2,rmsd,p7n44oqi,p7n44oqi::RMSD,sdu6-homo-2 / RMSD,RMSD,Time (ps),79300,0.17784373,nm,nm
line,overlay,sdu6-homo-2,sdu6-homo-2,rmsd,p7n44oqi,p7n44oqi::RMSD,sdu6-homo-2 / RMSD,RMSD,Time (ps),79400,0.1414794,nm,nm
line,overlay,sdu6-homo-2,sdu6-homo-2,rmsd,p7n44oqi,p7n44oqi::RMSD,sdu6-homo-2 / RMSD,RMSD,Time (ps),79500,0.13992475,nm,nm
line,overlay,sdu6-homo-2,sdu6-homo-2,rmsd,p7n44oqi,p7n44oqi::RMSD,sdu6-homo-2 / RMSD,RMSD,Time (ps),79600,0.15375192,nm,nm
line,overlay,sdu6-homo-2,sdu6-homo-2,rmsd,p7n44oqi,p7n44oqi::RMSD,sdu6-homo-2 / RMSD,RMSD,Time (ps),79700,0.15704747,nm,nm
line,overlay,sdu6-homo-2,sdu6-homo-2,rmsd,p7n44oqi,p7n44oqi::RMSD,sdu6-homo-2 / RMSD,RMSD,Time (ps),79800,0.16512734,nm,nm
line,overlay,sdu6-homo-2,sdu6-homo-2,rmsd,p7n44oqi,p7n44oqi::RMSD,sdu6-homo-2 / RMSD,RMSD,Time (ps),79900,0.18707378,nm,nm
line,overlay,sdu6-homo-2,sdu6-homo-2,rmsd,p7n44oqi,p7n44oqi::RMSD,sdu6-homo-2 / RMSD,RMSD,Time (ps),80000,0.16016525,nm,nm
line,overlay,sdu6-homo-2,sdu6-homo-2,rmsd,p7n44oqi,p7n44oqi::RMSD,sdu6-homo-2 / RMSD,RMSD,Time (ps),80100,0.12811278,nm,nm
line,overlay,sdu6-homo-2,sdu6-homo-2,rmsd,p7n44oqi,p7n44oqi::RMSD,sdu6-homo-2 / RMSD,RMSD,Time (ps),80200,0.14016165,nm,nm
line,overlay,sdu6-homo-2,sdu6-homo-2,rmsd,p7n44oqi,p7n44oqi::RMSD,sdu6-homo-2 / RMSD,RMSD,Time (ps),80300,0.13835265,nm,nm
line,overlay,sdu6-homo-2,sdu6-homo-2,rmsd,p7n44oqi,p7n44oqi::RMSD,sdu6-homo-2 / RMSD,RMSD,Time (ps),80400,0.1396021,nm,nm
line,overlay,sdu6-homo-2,sdu6-homo-2,rmsd,p7n44oqi,p7n44oqi::RMSD,sdu6-homo-2 / RMSD,RMSD,Time (ps),80500,0.13125047,nm,nm
line,overlay,sdu6-homo-2,sdu6-homo-2,rmsd,p7n44oqi,p7n44oqi::RMSD,sdu6-homo-2 / RMSD,RMSD,Time (ps),80600,0.14051254,nm,nm
line,overlay,sdu6-homo-2,sdu6-homo-2,rmsd,p7n44oqi,p7n44oqi::RMSD,sdu6-homo-2 / RMSD,RMSD,Time (ps),80700,0.14243607,nm,nm
line,overlay,sdu6-homo-2,sdu6-homo-2,rmsd,p7n44oqi,p7n44oqi::RMSD,sdu6-homo-2 / RMSD,RMSD,Time (ps),80800,0.13405608,nm,nm
line,overlay,sdu6-homo-2,sdu6-homo-2,rmsd,p7n44oqi,p7n44oqi::RMSD,sdu6-homo-2 / RMSD,RMSD,Time (ps),80900,0.12921663,nm,nm
line,overlay,sdu6-homo-2,sdu6-homo-2,rmsd,p7n44oqi,p7n44oqi::RMSD,sdu6-homo-2 / RMSD,RMSD,Time (ps),81000,0.13481565,nm,nm
line,overlay,sdu6-homo-2,sdu6-homo-2,rmsd,p7n44oqi,p7n44oqi::RMSD,sdu6-homo-2 / RMSD,RMSD,Time (ps),81100,0.14187454,nm,nm
line,overlay,sdu6-homo-2,sdu6-homo-2,rmsd,p7n44oqi,p7n44oqi::RMSD,sdu6-homo-2 / RMSD,RMSD,Time (ps),81200,0.14497897,nm,nm
line,overlay,sdu6-homo-2,sdu6-homo-2,rmsd,p7n44oqi,p7n44oqi::RMSD,sdu6-homo-2 / RMSD,RMSD,Time (ps),81300,0.15738705,nm,nm
line,overlay,sdu6-homo-2,sdu6-homo-2,rmsd,p7n44oqi,p7n44oqi::RMSD,sdu6-homo-2 / RMSD,RMSD,Time (ps),81400,0.14117865,nm,nm
line,overlay,sdu6-homo-2,sdu6-homo-2,rmsd,p7n44oqi,p7n44oqi::RMSD,sdu6-homo-2 / RMSD,RMSD,Time (ps),81500,0.14631002,nm,nm
line,overlay,sdu6-homo-2,sdu6-homo-2,rmsd,p7n44oqi,p7n44oqi::RMSD,sdu6-homo-2 / RMSD,RMSD,Time (ps),81600,0.13822895,nm,nm
line,overlay,sdu6-homo-2,sdu6-homo-2,rmsd,p7n44oqi,p7n44oqi::RMSD,sdu6-homo-2 / RMSD,RMSD,Time (ps),81700,0.1372543,nm,nm
line,overlay,sdu6-homo-2,sdu6-homo-2,rmsd,p7n44oqi,p7n44oqi::RMSD,sdu6-homo-2 / RMSD,RMSD,Time (ps),81800,0.14332488,nm,nm
line,overlay,sdu6-homo-2,sdu6-homo-2,rmsd,p7n44oqi,p7n44oqi::RMSD,sdu6-homo-2 / RMSD,RMSD,Time (ps),81900,0.12750444,nm,nm
line,overlay,sdu6-homo-2,sdu6-homo-2,rmsd,p7n44oqi,p7n44oqi::RMSD,sdu6-homo-2 / RMSD,RMSD,Time (ps),82000,0.13172354,nm,nm
line,overlay,sdu6-homo-2,sdu6-homo-2,rmsd,p7n44oqi,p7n44oqi::RMSD,sdu6-homo-2 / RMSD,RMSD,Time (ps),82100,0.13276224,nm,nm
line,overlay,sdu6-homo-2,sdu6-homo-2,rmsd,p7n44oqi,p7n44oqi::RMSD,sdu6-homo-2 / RMSD,RMSD,Time (ps),82200,0.14183433,nm,nm
line,overlay,sdu6-homo-2,sdu6-homo-2,rmsd,p7n44oqi,p7n44oqi::RMSD,sdu6-homo-2 / RMSD,RMSD,Time (ps),82300,0.13397485,nm,nm
line,overlay,sdu6-homo-2,sdu6-homo-2,rmsd,p7n44oqi,p7n44oqi::RMSD,sdu6-homo-2 / RMSD,RMSD,Time (ps),82400,0.14992853,nm,nm
line,overlay,sdu6-homo-2,sdu6-homo-2,rmsd,p7n44oqi,p7n44oqi::RMSD,sdu6-homo-2 / RMSD,RMSD,Time (ps),82500,0.14855662,nm,nm
line,overlay,sdu6-homo-2,sdu6-homo-2,rmsd,p7n44oqi,p7n44oqi::RMSD,sdu6-homo-2 / RMSD,RMSD,Time (ps),82600,0.14001364,nm,nm
line,overlay,sdu6-homo-2,sdu6-homo-2,rmsd,p7n44oqi,p7n44oqi::RMSD,sdu6-homo-2 / RMSD,RMSD,Time (ps),82700,0.14599082,nm,nm
line,overlay,sdu6-homo-2,sdu6-homo-2,rmsd,p7n44oqi,p7n44oqi::RMSD,sdu6-homo-2 / RMSD,RMSD,Time (ps),82800,0.15507454,nm,nm
line,overlay,sdu6-homo-2,sdu6-homo-2,rmsd,p7n44oqi,p7n44oqi::RMSD,sdu6-homo-2 / RMSD,RMSD,Time (ps),82900,0.13987288,nm,nm
line,overlay,sdu6-homo-2,sdu6-homo-2,rmsd,p7n44oqi,p7n44oqi::RMSD,sdu6-homo-2 / RMSD,RMSD,Time (ps),83000,0.1375297,nm,nm
line,overlay,sdu6-homo-2,sdu6-homo-2,rmsd,p7n44oqi,p7n44oqi::RMSD,sdu6-homo-2 / RMSD,RMSD,Time (ps),83100,0.13925263,nm,nm
line,overlay,sdu6-homo-2,sdu6-homo-2,rmsd,p7n44oqi,p7n44oqi::RMSD,sdu6-homo-2 / RMSD,RMSD,Time (ps),83200,0.13133733,nm,nm
line,overlay,sdu6-homo-2,sdu6-homo-2,rmsd,p7n44oqi,p7n44oqi::RMSD,sdu6-homo-2 / RMSD,RMSD,Time (ps),83300,0.13020767,nm,nm
line,overlay,sdu6-homo-2,sdu6-homo-2,rmsd,p7n44oqi,p7n44oqi::RMSD,sdu6-homo-2 / RMSD,RMSD,Time (ps),83400,0.12588839,nm,nm
line,overlay,sdu6-homo-2,sdu6-homo-2,rmsd,p7n44oqi,p7n44oqi::RMSD,sdu6-homo-2 / RMSD,RMSD,Time (ps),83500,0.13335049,nm,nm
line,overlay,sdu6-homo-2,sdu6-homo-2,rmsd,p7n44oqi,p7n44oqi::RMSD,sdu6-homo-2 / RMSD,RMSD,Time (ps),83600,0.1280035,nm,nm
line,overlay,sdu6-homo-2,sdu6-homo-2,rmsd,p7n44oqi,p7n44oqi::RMSD,sdu6-homo-2 / RMSD,RMSD,Time (ps),83700,0.12748818,nm,nm
line,overlay,sdu6-homo-2,sdu6-homo-2,rmsd,p7n44oqi,p7n44oqi::RMSD,sdu6-homo-2 / RMSD,RMSD,Time (ps),83800,0.13587268,nm,nm
line,overlay,sdu6-homo-2,sdu6-homo-2,rmsd,p7n44oqi,p7n44oqi::RMSD,sdu6-homo-2 / RMSD,RMSD,Time (ps),83900,0.13629928,nm,nm
line,overlay,sdu6-homo-2,sdu6-homo-2,rmsd,p7n44oqi,p7n44oqi::RMSD,sdu6-homo-2 / RMSD,RMSD,Time (ps),84000,0.12967312,nm,nm
line,overlay,sdu6-homo-2,sdu6-homo-2,rmsd,p7n44oqi,p7n44oqi::RMSD,sdu6-homo-2 / RMSD,RMSD,Time (ps),84100,0.14191838,nm,nm
line,overlay,sdu6-homo-2,sdu6-homo-2,rmsd,p7n44oqi,p7n44oqi::RMSD,sdu6-homo-2 / RMSD,RMSD,Time (ps),84200,0.13593371,nm,nm
line,overlay,sdu6-homo-2,sdu6-homo-2,rmsd,p7n44oqi,p7n44oqi::RMSD,sdu6-homo-2 / RMSD,RMSD,Time (ps),84300,0.13521875,nm,nm
line,overlay,sdu6-homo-2,sdu6-homo-2,rmsd,p7n44oqi,p7n44oqi::RMSD,sdu6-homo-2 / RMSD,RMSD,Time (ps),84400,0.14602633,nm,nm
line,overlay,sdu6-homo-2,sdu6-homo-2,rmsd,p7n44oqi,p7n44oqi::RMSD,sdu6-homo-2 / RMSD,RMSD,Time (ps),84500,0.14196585,nm,nm
line,overlay,sdu6-homo-2,sdu6-homo-2,rmsd,p7n44oqi,p7n44oqi::RMSD,sdu6-homo-2 / RMSD,RMSD,Time (ps),84600,0.13790233,nm,nm
line,overlay,sdu6-homo-2,sdu6-homo-2,rmsd,p7n44oqi,p7n44oqi::RMSD,sdu6-homo-2 / RMSD,RMSD,Time (ps),84700,0.14142443,nm,nm
line,overlay,sdu6-homo-2,sdu6-homo-2,rmsd,p7n44oqi,p7n44oqi::RMSD,sdu6-homo-2 / RMSD,RMSD,Time (ps),84800,0.14316928,nm,nm
line,overlay,sdu6-homo-2,sdu6-homo-2,rmsd,p7n44oqi,p7n44oqi::RMSD,sdu6-homo-2 / RMSD,RMSD,Time (ps),84900,0.14513619,nm,nm
line,overlay,sdu6-homo-2,sdu6-homo-2,rmsd,p7n44oqi,p7n44oqi::RMSD,sdu6-homo-2 / RMSD,RMSD,Time (ps),85000,0.13737509,nm,nm
line,overlay,sdu6-homo-2,sdu6-homo-2,rmsd,p7n44oqi,p7n44oqi::RMSD,sdu6-homo-2 / RMSD,RMSD,Time (ps),85100,0.14635608,nm,nm
line,overlay,sdu6-homo-2,sdu6-homo-2,rmsd,p7n44oqi,p7n44oqi::RMSD,sdu6-homo-2 / RMSD,RMSD,Time (ps),85200,0.13815019,nm,nm
line,overlay,sdu6-homo-2,sdu6-homo-2,rmsd,p7n44oqi,p7n44oqi::RMSD,sdu6-homo-2 / RMSD,RMSD,Time (ps),85300,0.1514592,nm,nm
line,overlay,sdu6-homo-2,sdu6-homo-2,rmsd,p7n44oqi,p7n44oqi::RMSD,sdu6-homo-2 / RMSD,RMSD,Time (ps),85400,0.14643396,nm,nm
line,overlay,sdu6-homo-2,sdu6-homo-2,rmsd,p7n44oqi,p7n44oqi::RMSD,sdu6-homo-2 / RMSD,RMSD,Time (ps),85500,0.13554803,nm,nm
line,overlay,sdu6-homo-2,sdu6-homo-2,rmsd,p7n44oqi,p7n44oqi::RMSD,sdu6-homo-2 / RMSD,RMSD,Time (ps),85600,0.14320187,nm,nm
line,overlay,sdu6-homo-2,sdu6-homo-2,rmsd,p7n44oqi,p7n44oqi::RMSD,sdu6-homo-2 / RMSD,RMSD,Time (ps),85700,0.13189264,nm,nm
line,overlay,sdu6-homo-2,sdu6-homo-2,rmsd,p7n44oqi,p7n44oqi::RMSD,sdu6-homo-2 / RMSD,RMSD,Time (ps),85800,0.13237123,nm,nm
line,overlay,sdu6-homo-2,sdu6-homo-2,rmsd,p7n44oqi,p7n44oqi::RMSD,sdu6-homo-2 / RMSD,RMSD,Time (ps),85900,0.14078893,nm,nm
line,overlay,sdu6-homo-2,sdu6-homo-2,rmsd,p7n44oqi,p7n44oqi::RMSD,sdu6-homo-2 / RMSD,RMSD,Time (ps),86000,0.14378347,nm,nm
line,overlay,sdu6-homo-2,sdu6-homo-2,rmsd,p7n44oqi,p7n44oqi::RMSD,sdu6-homo-2 / RMSD,RMSD,Time (ps),86100,0.13166843,nm,nm
line,overlay,sdu6-homo-2,sdu6-homo-2,rmsd,p7n44oqi,p7n44oqi::RMSD,sdu6-homo-2 / RMSD,RMSD,Time (ps),86200,0.14535032,nm,nm
line,overlay,sdu6-homo-2,sdu6-homo-2,rmsd,p7n44oqi,p7n44oqi::RMSD,sdu6-homo-2 / RMSD,RMSD,Time (ps),86300,0.13445374,nm,nm
line,overlay,sdu6-homo-2,sdu6-homo-2,rmsd,p7n44oqi,p7n44oqi::RMSD,sdu6-homo-2 / RMSD,RMSD,Time (ps),86400,0.14688636,nm,nm
line,overlay,sdu6-homo-2,sdu6-homo-2,rmsd,p7n44oqi,p7n44oqi::RMSD,sdu6-homo-2 / RMSD,RMSD,Time (ps),86500,0.14846587,nm,nm
line,overlay,sdu6-homo-2,sdu6-homo-2,rmsd,p7n44oqi,p7n44oqi::RMSD,sdu6-homo-2 / RMSD,RMSD,Time (ps),86600,0.14642335,nm,nm
line,overlay,sdu6-homo-2,sdu6-homo-2,rmsd,p7n44oqi,p7n44oqi::RMSD,sdu6-homo-2 / RMSD,RMSD,Time (ps),86700,0.14062685,nm,nm
line,overlay,sdu6-homo-2,sdu6-homo-2,rmsd,p7n44oqi,p7n44oqi::RMSD,sdu6-homo-2 / RMSD,RMSD,Time (ps),86800,0.12704423,nm,nm
line,overlay,sdu6-homo-2,sdu6-homo-2,rmsd,p7n44oqi,p7n44oqi::RMSD,sdu6-homo-2 / RMSD,RMSD,Time (ps),86900,0.13395163,nm,nm
line,overlay,sdu6-homo-2,sdu6-homo-2,rmsd,p7n44oqi,p7n44oqi::RMSD,sdu6-homo-2 / RMSD,RMSD,Time (ps),87000,0.13354859,nm,nm
line,overlay,sdu6-homo-2,sdu6-homo-2,rmsd,p7n44oqi,p7n44oqi::RMSD,sdu6-homo-2 / RMSD,RMSD,Time (ps),87100,0.13963552,nm,nm
line,overlay,sdu6-homo-2,sdu6-homo-2,rmsd,p7n44oqi,p7n44oqi::RMSD,sdu6-homo-2 / RMSD,RMSD,Time (ps),87200,0.13742414,nm,nm
line,overlay,sdu6-homo-2,sdu6-homo-2,rmsd,p7n44oqi,p7n44oqi::RMSD,sdu6-homo-2 / RMSD,RMSD,Time (ps),87300,0.13646652,nm,nm
line,overlay,sdu6-homo-2,sdu6-homo-2,rmsd,p7n44oqi,p7n44oqi::RMSD,sdu6-homo-2 / RMSD,RMSD,Time (ps),87400,0.14055678,nm,nm
line,overlay,sdu6-homo-2,sdu6-homo-2,rmsd,p7n44oqi,p7n44oqi::RMSD,sdu6-homo-2 / RMSD,RMSD,Time (ps),87500,0.14843793,nm,nm
line,overlay,sdu6-homo-2,sdu6-homo-2,rmsd,p7n44oqi,p7n44oqi::RMSD,sdu6-homo-2 / RMSD,RMSD,Time (ps),87600,0.13763143,nm,nm
line,overlay,sdu6-homo-2,sdu6-homo-2,rmsd,p7n44oqi,p7n44oqi::RMSD,sdu6-homo-2 / RMSD,RMSD,Time (ps),87700,0.15889807,nm,nm
line,overlay,sdu6-homo-2,sdu6-homo-2,rmsd,p7n44oqi,p7n44oqi::RMSD,sdu6-homo-2 / RMSD,RMSD,Time (ps),87800,0.15046,nm,nm
line,overlay,sdu6-homo-2,sdu6-homo-2,rmsd,p7n44oqi,p7n44oqi::RMSD,sdu6-homo-2 / RMSD,RMSD,Time (ps),87900,0.15352589,nm,nm
line,overlay,sdu6-homo-2,sdu6-homo-2,rmsd,p7n44oqi,p7n44oqi::RMSD,sdu6-homo-2 / RMSD,RMSD,Time (ps),88000,0.14463533,nm,nm
line,overlay,sdu6-homo-2,sdu6-homo-2,rmsd,p7n44oqi,p7n44oqi::RMSD,sdu6-homo-2 / RMSD,RMSD,Time (ps),88100,0.15062872,nm,nm
line,overlay,sdu6-homo-2,sdu6-homo-2,rmsd,p7n44oqi,p7n44oqi::RMSD,sdu6-homo-2 / RMSD,RMSD,Time (ps),88200,0.13536052,nm,nm
line,overlay,sdu6-homo-2,sdu6-homo-2,rmsd,p7n44oqi,p7n44oqi::RMSD,sdu6-homo-2 / RMSD,RMSD,Time (ps),88300,0.13350976,nm,nm
line,overlay,sdu6-homo-2,sdu6-homo-2,rmsd,p7n44oqi,p7n44oqi::RMSD,sdu6-homo-2 / RMSD,RMSD,Time (ps),88400,0.1415966,nm,nm
line,overlay,sdu6-homo-2,sdu6-homo-2,rmsd,p7n44oqi,p7n44oqi::RMSD,sdu6-homo-2 / RMSD,RMSD,Time (ps),88500,0.13044234,nm,nm
line,overlay,sdu6-homo-2,sdu6-homo-2,rmsd,p7n44oqi,p7n44oqi::RMSD,sdu6-homo-2 / RMSD,RMSD,Time (ps),88600,0.13876042,nm,nm
line,overlay,sdu6-homo-2,sdu6-homo-2,rmsd,p7n44oqi,p7n44oqi::RMSD,sdu6-homo-2 / RMSD,RMSD,Time (ps),88700,0.13726562,nm,nm
line,overlay,sdu6-homo-2,sdu6-homo-2,rmsd,p7n44oqi,p7n44oqi::RMSD,sdu6-homo-2 / RMSD,RMSD,Time (ps),88800,0.14310773,nm,nm
line,overlay,sdu6-homo-2,sdu6-homo-2,rmsd,p7n44oqi,p7n44oqi::RMSD,sdu6-homo-2 / RMSD,RMSD,Time (ps),88900,0.13448459,nm,nm
line,overlay,sdu6-homo-2,sdu6-homo-2,rmsd,p7n44oqi,p7n44oqi::RMSD,sdu6-homo-2 / RMSD,RMSD,Time (ps),89000,0.13373864,nm,nm
line,overlay,sdu6-homo-2,sdu6-homo-2,rmsd,p7n44oqi,p7n44oqi::RMSD,sdu6-homo-2 / RMSD,RMSD,Time (ps),89100,0.14584874,nm,nm
line,overlay,sdu6-homo-2,sdu6-homo-2,rmsd,p7n44oqi,p7n44oqi::RMSD,sdu6-homo-2 / RMSD,RMSD,Time (ps),89200,0.1394535,nm,nm
line,overlay,sdu6-homo-2,sdu6-homo-2,rmsd,p7n44oqi,p7n44oqi::RMSD,sdu6-homo-2 / RMSD,RMSD,Time (ps),89300,0.14389877,nm,nm
line,overlay,sdu6-homo-2,sdu6-homo-2,rmsd,p7n44oqi,p7n44oqi::RMSD,sdu6-homo-2 / RMSD,RMSD,Time (ps),89400,0.12378741,nm,nm
line,overlay,sdu6-homo-2,sdu6-homo-2,rmsd,p7n44oqi,p7n44oqi::RMSD,sdu6-homo-2 / RMSD,RMSD,Time (ps),89500,0.14025037,nm,nm
line,overlay,sdu6-homo-2,sdu6-homo-2,rmsd,p7n44oqi,p7n44oqi::RMSD,sdu6-homo-2 / RMSD,RMSD,Time (ps),89600,0.15172932,nm,nm
line,overlay,sdu6-homo-2,sdu6-homo-2,rmsd,p7n44oqi,p7n44oqi::RMSD,sdu6-homo-2 / RMSD,RMSD,Time (ps),89700,0.17977437,nm,nm
line,overlay,sdu6-homo-2,sdu6-homo-2,rmsd,p7n44oqi,p7n44oqi::RMSD,sdu6-homo-2 / RMSD,RMSD,Time (ps),89800,0.18018046,nm,nm
line,overlay,sdu6-homo-2,sdu6-homo-2,rmsd,p7n44oqi,p7n44oqi::RMSD,sdu6-homo-2 / RMSD,RMSD,Time (ps),89900,0.16902709,nm,nm
line,overlay,sdu6-homo-2,sdu6-homo-2,rmsd,p7n44oqi,p7n44oqi::RMSD,sdu6-homo-2 / RMSD,RMSD,Time (ps),90000,0.15772262,nm,nm
line,overlay,sdu6-homo-2,sdu6-homo-2,rmsd,p7n44oqi,p7n44oqi::RMSD,sdu6-homo-2 / RMSD,RMSD,Time (ps),90100,0.17019147,nm,nm
line,overlay,sdu6-homo-2,sdu6-homo-2,rmsd,p7n44oqi,p7n44oqi::RMSD,sdu6-homo-2 / RMSD,RMSD,Time (ps),90200,0.15928905,nm,nm
line,overlay,sdu6-homo-2,sdu6-homo-2,rmsd,p7n44oqi,p7n44oqi::RMSD,sdu6-homo-2 / RMSD,RMSD,Time (ps),90300,0.15062183,nm,nm
line,overlay,sdu6-homo-2,sdu6-homo-2,rmsd,p7n44oqi,p7n44oqi::RMSD,sdu6-homo-2 / RMSD,RMSD,Time (ps),90400,0.15457569,nm,nm
line,overlay,sdu6-homo-2,sdu6-homo-2,rmsd,p7n44oqi,p7n44oqi::RMSD,sdu6-homo-2 / RMSD,RMSD,Time (ps),90500,0.14933269,nm,nm
line,overlay,sdu6-homo-2,sdu6-homo-2,rmsd,p7n44oqi,p7n44oqi::RMSD,sdu6-homo-2 / RMSD,RMSD,Time (ps),90600,0.12626664,nm,nm
line,overlay,sdu6-homo-2,sdu6-homo-2,rmsd,p7n44oqi,p7n44oqi::RMSD,sdu6-homo-2 / RMSD,RMSD,Time (ps),90700,0.14752722,nm,nm
line,overlay,sdu6-homo-2,sdu6-homo-2,rmsd,p7n44oqi,p7n44oqi::RMSD,sdu6-homo-2 / RMSD,RMSD,Time (ps),90800,0.13924892,nm,nm
line,overlay,sdu6-homo-2,sdu6-homo-2,rmsd,p7n44oqi,p7n44oqi::RMSD,sdu6-homo-2 / RMSD,RMSD,Time (ps),90900,0.13653865,nm,nm
line,overlay,sdu6-homo-2,sdu6-homo-2,rmsd,p7n44oqi,p7n44oqi::RMSD,sdu6-homo-2 / RMSD,RMSD,Time (ps),91000,0.14935698,nm,nm
line,overlay,sdu6-homo-2,sdu6-homo-2,rmsd,p7n44oqi,p7n44oqi::RMSD,sdu6-homo-2 / RMSD,RMSD,Time (ps),91100,0.13575055,nm,nm
line,overlay,sdu6-homo-2,sdu6-homo-2,rmsd,p7n44oqi,p7n44oqi::RMSD,sdu6-homo-2 / RMSD,RMSD,Time (ps),91200,0.13865204,nm,nm
line,overlay,sdu6-homo-2,sdu6-homo-2,rmsd,p7n44oqi,p7n44oqi::RMSD,sdu6-homo-2 / RMSD,RMSD,Time (ps),91300,0.15375192,nm,nm
line,overlay,sdu6-homo-2,sdu6-homo-2,rmsd,p7n44oqi,p7n44oqi::RMSD,sdu6-homo-2 / RMSD,RMSD,Time (ps),91400,0.14556414,nm,nm
line,overlay,sdu6-homo-2,sdu6-homo-2,rmsd,p7n44oqi,p7n44oqi::RMSD,sdu6-homo-2 / RMSD,RMSD,Time (ps),91500,0.1372203,nm,nm
line,overlay,sdu6-homo-2,sdu6-homo-2,rmsd,p7n44oqi,p7n44oqi::RMSD,sdu6-homo-2 / RMSD,RMSD,Time (ps),91600,0.12941304,nm,nm
line,overlay,sdu6-homo-2,sdu6-homo-2,rmsd,p7n44oqi,p7n44oqi::RMSD,sdu6-homo-2 / RMSD,RMSD,Time (ps),91700,0.13389358,nm,nm
line,overlay,sdu6-homo-2,sdu6-homo-2,rmsd,p7n44oqi,p7n44oqi::RMSD,sdu6-homo-2 / RMSD,RMSD,Time (ps),91800,0.14450984,nm,nm
line,overlay,sdu6-homo-2,sdu6-homo-2,rmsd,p7n44oqi,p7n44oqi::RMSD,sdu6-homo-2 / RMSD,RMSD,Time (ps),91900,0.13992846,nm,nm
line,overlay,sdu6-homo-2,sdu6-homo-2,rmsd,p7n44oqi,p7n44oqi::RMSD,sdu6-homo-2 / RMSD,RMSD,Time (ps),92000,0.14449908,nm,nm
line,overlay,sdu6-homo-2,sdu6-homo-2,rmsd,p7n44oqi,p7n44oqi::RMSD,sdu6-homo-2 / RMSD,RMSD,Time (ps),92100,0.15518145,nm,nm
line,overlay,sdu6-homo-2,sdu6-homo-2,rmsd,p7n44oqi,p7n44oqi::RMSD,sdu6-homo-2 / RMSD,RMSD,Time (ps),92200,0.14279589,nm,nm
line,overlay,sdu6-homo-2,sdu6-homo-2,rmsd,p7n44oqi,p7n44oqi::RMSD,sdu6-homo-2 / RMSD,RMSD,Time (ps),92300,0.14476071,nm,nm
line,overlay,sdu6-homo-2,sdu6-homo-2,rmsd,p7n44oqi,p7n44oqi::RMSD,sdu6-homo-2 / RMSD,RMSD,Time (ps),92400,0.13084702,nm,nm
line,overlay,sdu6-homo-2,sdu6-homo-2,rmsd,p7n44oqi,p7n44oqi::RMSD,sdu6-homo-2 / RMSD,RMSD,Time (ps),92500,0.14749911,nm,nm
line,overlay,sdu6-homo-2,sdu6-homo-2,rmsd,p7n44oqi,p7n44oqi::RMSD,sdu6-homo-2 / RMSD,RMSD,Time (ps),92600,0.14784311,nm,nm
line,overlay,sdu6-homo-2,sdu6-homo-2,rmsd,p7n44oqi,p7n44oqi::RMSD,sdu6-homo-2 / RMSD,RMSD,Time (ps),92700,0.13912974,nm,nm
line,overlay,sdu6-homo-2,sdu6-homo-2,rmsd,p7n44oqi,p7n44oqi::RMSD,sdu6-homo-2 / RMSD,RMSD,Time (ps),92800,0.1335641,nm,nm
line,overlay,sdu6-homo-2,sdu6-homo-2,rmsd,p7n44oqi,p7n44oqi::RMSD,sdu6-homo-2 / RMSD,RMSD,Time (ps),92900,0.14145376,nm,nm
line,overlay,sdu6-homo-2,sdu6-homo-2,rmsd,p7n44oqi,p7n44oqi::RMSD,sdu6-homo-2 / RMSD,RMSD,Time (ps),93000,0.13316378,nm,nm
line,overlay,sdu6-homo-2,sdu6-homo-2,rmsd,p7n44oqi,p7n44oqi::RMSD,sdu6-homo-2 / RMSD,RMSD,Time (ps),93100,0.14158927,nm,nm
line,overlay,sdu6-homo-2,sdu6-homo-2,rmsd,p7n44oqi,p7n44oqi::RMSD,sdu6-homo-2 / RMSD,RMSD,Time (ps),93200,0.13607854,nm,nm
line,overlay,sdu6-homo-2,sdu6-homo-2,rmsd,p7n44oqi,p7n44oqi::RMSD,sdu6-homo-2 / RMSD,RMSD,Time (ps),93300,0.12762228,nm,nm
line,overlay,sdu6-homo-2,sdu6-homo-2,rmsd,p7n44oqi,p7n44oqi::RMSD,sdu6-homo-2 / RMSD,RMSD,Time (ps),93400,0.13828143,nm,nm
line,overlay,sdu6-homo-2,sdu6-homo-2,rmsd,p7n44oqi,p7n44oqi::RMSD,sdu6-homo-2 / RMSD,RMSD,Time (ps),93500,0.13410632,nm,nm
line,overlay,sdu6-homo-2,sdu6-homo-2,rmsd,p7n44oqi,p7n44oqi::RMSD,sdu6-homo-2 / RMSD,RMSD,Time (ps),93600,0.1309579,nm,nm
line,overlay,sdu6-homo-2,sdu6-homo-2,rmsd,p7n44oqi,p7n44oqi::RMSD,sdu6-homo-2 / RMSD,RMSD,Time (ps),93700,0.15945493,nm,nm
line,overlay,sdu6-homo-2,sdu6-homo-2,rmsd,p7n44oqi,p7n44oqi::RMSD,sdu6-homo-2 / RMSD,RMSD,Time (ps),93800,0.13703507,nm,nm
line,overlay,sdu6-homo-2,sdu6-homo-2,rmsd,p7n44oqi,p7n44oqi::RMSD,sdu6-homo-2 / RMSD,RMSD,Time (ps),93900,0.15285592,nm,nm
line,overlay,sdu6-homo-2,sdu6-homo-2,rmsd,p7n44oqi,p7n44oqi::RMSD,sdu6-homo-2 / RMSD,RMSD,Time (ps),94000,0.14278863,nm,nm
line,overlay,sdu6-homo-2,sdu6-homo-2,rmsd,p7n44oqi,p7n44oqi::RMSD,sdu6-homo-2 / RMSD,RMSD,Time (ps),94100,0.13439205,nm,nm
line,overlay,sdu6-homo-2,sdu6-homo-2,rmsd,p7n44oqi,p7n44oqi::RMSD,sdu6-homo-2 / RMSD,RMSD,Time (ps),94200,0.13070036,nm,nm
line,overlay,sdu6-homo-2,sdu6-homo-2,rmsd,p7n44oqi,p7n44oqi::RMSD,sdu6-homo-2 / RMSD,RMSD,Time (ps),94300,0.13232815,nm,nm
line,overlay,sdu6-homo-2,sdu6-homo-2,rmsd,p7n44oqi,p7n44oqi::RMSD,sdu6-homo-2 / RMSD,RMSD,Time (ps),94400,0.1314399,nm,nm
line,overlay,sdu6-homo-2,sdu6-homo-2,rmsd,p7n44oqi,p7n44oqi::RMSD,sdu6-homo-2 / RMSD,RMSD,Time (ps),94500,0.13138074,nm,nm
line,overlay,sdu6-homo-2,sdu6-homo-2,rmsd,p7n44oqi,p7n44oqi::RMSD,sdu6-homo-2 / RMSD,RMSD,Time (ps),94600,0.12942106,nm,nm
line,overlay,sdu6-homo-2,sdu6-homo-2,rmsd,p7n44oqi,p7n44oqi::RMSD,sdu6-homo-2 / RMSD,RMSD,Time (ps),94700,0.13706534,nm,nm
line,overlay,sdu6-homo-2,sdu6-homo-2,rmsd,p7n44oqi,p7n44oqi::RMSD,sdu6-homo-2 / RMSD,RMSD,Time (ps),94800,0.14430884,nm,nm
line,overlay,sdu6-homo-2,sdu6-homo-2,rmsd,p7n44oqi,p7n44oqi::RMSD,sdu6-homo-2 / RMSD,RMSD,Time (ps),94900,0.13099352,nm,nm
line,overlay,sdu6-homo-2,sdu6-homo-2,rmsd,p7n44oqi,p7n44oqi::RMSD,sdu6-homo-2 / RMSD,RMSD,Time (ps),95000,0.14293739,nm,nm
line,overlay,sdu6-homo-2,sdu6-homo-2,rmsd,p7n44oqi,p7n44oqi::RMSD,sdu6-homo-2 / RMSD,RMSD,Time (ps),95100,0.1410942,nm,nm
line,overlay,sdu6-homo-2,sdu6-homo-2,rmsd,p7n44oqi,p7n44oqi::RMSD,sdu6-homo-2 / RMSD,RMSD,Time (ps),95200,0.13867073,nm,nm
line,overlay,sdu6-homo-2,sdu6-homo-2,rmsd,p7n44oqi,p7n44oqi::RMSD,sdu6-homo-2 / RMSD,RMSD,Time (ps),95300,0.13105287,nm,nm
line,overlay,sdu6-homo-2,sdu6-homo-2,rmsd,p7n44oqi,p7n44oqi::RMSD,sdu6-homo-2 / RMSD,RMSD,Time (ps),95400,0.13923402,nm,nm
line,overlay,sdu6-homo-2,sdu6-homo-2,rmsd,p7n44oqi,p7n44oqi::RMSD,sdu6-homo-2 / RMSD,RMSD,Time (ps),95500,0.13264115,nm,nm
line,overlay,sdu6-homo-2,sdu6-homo-2,rmsd,p7n44oqi,p7n44oqi::RMSD,sdu6-homo-2 / RMSD,RMSD,Time (ps),95600,0.14582741,nm,nm
line,overlay,sdu6-homo-2,sdu6-homo-2,rmsd,p7n44oqi,p7n44oqi::RMSD,sdu6-homo-2 / RMSD,RMSD,Time (ps),95700,0.13740905,nm,nm
line,overlay,sdu6-homo-2,sdu6-homo-2,rmsd,p7n44oqi,p7n44oqi::RMSD,sdu6-homo-2 / RMSD,RMSD,Time (ps),95800,0.14811283,nm,nm
line,overlay,sdu6-homo-2,sdu6-homo-2,rmsd,p7n44oqi,p7n44oqi::RMSD,sdu6-homo-2 / RMSD,RMSD,Time (ps),95900,0.14787465,nm,nm
line,overlay,sdu6-homo-2,sdu6-homo-2,rmsd,p7n44oqi,p7n44oqi::RMSD,sdu6-homo-2 / RMSD,RMSD,Time (ps),96000,0.1509175,nm,nm
line,overlay,sdu6-homo-2,sdu6-homo-2,rmsd,p7n44oqi,p7n44oqi::RMSD,sdu6-homo-2 / RMSD,RMSD,Time (ps),96100,0.16158937,nm,nm
line,overlay,sdu6-homo-2,sdu6-homo-2,rmsd,p7n44oqi,p7n44oqi::RMSD,sdu6-homo-2 / RMSD,RMSD,Time (ps),96200,0.15702435,nm,nm
line,overlay,sdu6-homo-2,sdu6-homo-2,rmsd,p7n44oqi,p7n44oqi::RMSD,sdu6-homo-2 / RMSD,RMSD,Time (ps),96300,0.165008,nm,nm
line,overlay,sdu6-homo-2,sdu6-homo-2,rmsd,p7n44oqi,p7n44oqi::RMSD,sdu6-homo-2 / RMSD,RMSD,Time (ps),96400,0.16787006,nm,nm
line,overlay,sdu6-homo-2,sdu6-homo-2,rmsd,p7n44oqi,p7n44oqi::RMSD,sdu6-homo-2 / RMSD,RMSD,Time (ps),96500,0.14214464,nm,nm
line,overlay,sdu6-homo-2,sdu6-homo-2,rmsd,p7n44oqi,p7n44oqi::RMSD,sdu6-homo-2 / RMSD,RMSD,Time (ps),96600,0.15032558,nm,nm
line,overlay,sdu6-homo-2,sdu6-homo-2,rmsd,p7n44oqi,p7n44oqi::RMSD,sdu6-homo-2 / RMSD,RMSD,Time (ps),96700,0.13438433,nm,nm
line,overlay,sdu6-homo-2,sdu6-homo-2,rmsd,p7n44oqi,p7n44oqi::RMSD,sdu6-homo-2 / RMSD,RMSD,Time (ps),96800,0.14532892,nm,nm
line,overlay,sdu6-homo-2,sdu6-homo-2,rmsd,p7n44oqi,p7n44oqi::RMSD,sdu6-homo-2 / RMSD,RMSD,Time (ps),96900,0.1376126,nm,nm
line,overlay,sdu6-homo-2,sdu6-homo-2,rmsd,p7n44oqi,p7n44oqi::RMSD,sdu6-homo-2 / RMSD,RMSD,Time (ps),97000,0.15378226,nm,nm
line,overlay,sdu6-homo-2,sdu6-homo-2,rmsd,p7n44oqi,p7n44oqi::RMSD,sdu6-homo-2 / RMSD,RMSD,Time (ps),97100,0.1561604,nm,nm
line,overlay,sdu6-homo-2,sdu6-homo-2,rmsd,p7n44oqi,p7n44oqi::RMSD,sdu6-homo-2 / RMSD,RMSD,Time (ps),97200,0.15127428,nm,nm
line,overlay,sdu6-homo-2,sdu6-homo-2,rmsd,p7n44oqi,p7n44oqi::RMSD,sdu6-homo-2 / RMSD,RMSD,Time (ps),97300,0.15415595,nm,nm
line,overlay,sdu6-homo-2,sdu6-homo-2,rmsd,p7n44oqi,p7n44oqi::RMSD,sdu6-homo-2 / RMSD,RMSD,Time (ps),97400,0.13289882,nm,nm
line,overlay,sdu6-homo-2,sdu6-homo-2,rmsd,p7n44oqi,p7n44oqi::RMSD,sdu6-homo-2 / RMSD,RMSD,Time (ps),97500,0.13740528,nm,nm
line,overlay,sdu6-homo-2,sdu6-homo-2,rmsd,p7n44oqi,p7n44oqi::RMSD,sdu6-homo-2 / RMSD,RMSD,Time (ps),97600,0.13163693,nm,nm
line,overlay,sdu6-homo-2,sdu6-homo-2,rmsd,p7n44oqi,p7n44oqi::RMSD,sdu6-homo-2 / RMSD,RMSD,Time (ps),97700,0.13134916,nm,nm
line,overlay,sdu6-homo-2,sdu6-homo-2,rmsd,p7n44oqi,p7n44oqi::RMSD,sdu6-homo-2 / RMSD,RMSD,Time (ps),97800,0.13957982,nm,nm
line,overlay,sdu6-homo-2,sdu6-homo-2,rmsd,p7n44oqi,p7n44oqi::RMSD,sdu6-homo-2 / RMSD,RMSD,Time (ps),97900,0.12478003,nm,nm
line,overlay,sdu6-homo-2,sdu6-homo-2,rmsd,p7n44oqi,p7n44oqi::RMSD,sdu6-homo-2 / RMSD,RMSD,Time (ps),98000,0.133401,nm,nm
line,overlay,sdu6-homo-2,sdu6-homo-2,rmsd,p7n44oqi,p7n44oqi::RMSD,sdu6-homo-2 / RMSD,RMSD,Time (ps),98100,0.13507684,nm,nm
line,overlay,sdu6-homo-2,sdu6-homo-2,rmsd,p7n44oqi,p7n44oqi::RMSD,sdu6-homo-2 / RMSD,RMSD,Time (ps),98200,0.13746561,nm,nm
line,overlay,sdu6-homo-2,sdu6-homo-2,rmsd,p7n44oqi,p7n44oqi::RMSD,sdu6-homo-2 / RMSD,RMSD,Time (ps),98300,0.13121493,nm,nm
line,overlay,sdu6-homo-2,sdu6-homo-2,rmsd,p7n44oqi,p7n44oqi::RMSD,sdu6-homo-2 / RMSD,RMSD,Time (ps),98400,0.1340522,nm,nm
line,overlay,sdu6-homo-2,sdu6-homo-2,rmsd,p7n44oqi,p7n44oqi::RMSD,sdu6-homo-2 / RMSD,RMSD,Time (ps),98500,0.15185225,nm,nm
line,overlay,sdu6-homo-2,sdu6-homo-2,rmsd,p7n44oqi,p7n44oqi::RMSD,sdu6-homo-2 / RMSD,RMSD,Time (ps),98600,0.15138389,nm,nm
line,overlay,sdu6-homo-2,sdu6-homo-2,rmsd,p7n44oqi,p7n44oqi::RMSD,sdu6-homo-2 / RMSD,RMSD,Time (ps),98700,0.1462037,nm,nm
line,overlay,sdu6-homo-2,sdu6-homo-2,rmsd,p7n44oqi,p7n44oqi::RMSD,sdu6-homo-2 / RMSD,RMSD,Time (ps),98800,0.13384324,nm,nm
line,overlay,sdu6-homo-2,sdu6-homo-2,rmsd,p7n44oqi,p7n44oqi::RMSD,sdu6-homo-2 / RMSD,RMSD,Time (ps),98900,0.13609377,nm,nm
line,overlay,sdu6-homo-2,sdu6-homo-2,rmsd,p7n44oqi,p7n44oqi::RMSD,sdu6-homo-2 / RMSD,RMSD,Time (ps),99000,0.13254341,nm,nm
line,overlay,sdu6-homo-2,sdu6-homo-2,rmsd,p7n44oqi,p7n44oqi::RMSD,sdu6-homo-2 / RMSD,RMSD,Time (ps),99100,0.14328147,nm,nm
line,overlay,sdu6-homo-2,sdu6-homo-2,rmsd,p7n44oqi,p7n44oqi::RMSD,sdu6-homo-2 / RMSD,RMSD,Time (ps),99200,0.121841736,nm,nm
line,overlay,sdu6-homo-2,sdu6-homo-2,rmsd,p7n44oqi,p7n44oqi::RMSD,sdu6-homo-2 / RMSD,RMSD,Time (ps),99300,0.14258882,nm,nm
line,overlay,sdu6-homo-2,sdu6-homo-2,rmsd,p7n44oqi,p7n44oqi::RMSD,sdu6-homo-2 / RMSD,RMSD,Time (ps),99400,0.13583834,nm,nm
line,overlay,sdu6-homo-2,sdu6-homo-2,rmsd,p7n44oqi,p7n44oqi::RMSD,sdu6-homo-2 / RMSD,RMSD,Time (ps),99500,0.13917817,nm,nm
line,overlay,sdu6-homo-2,sdu6-homo-2,rmsd,p7n44oqi,p7n44oqi::RMSD,sdu6-homo-2 / RMSD,RMSD,Time (ps),99600,0.14637733,nm,nm
line,overlay,sdu6-homo-2,sdu6-homo-2,rmsd,p7n44oqi,p7n44oqi::RMSD,sdu6-homo-2 / RMSD,RMSD,Time (ps),99700,0.14648351,nm,nm
line,overlay,sdu6-homo-2,sdu6-homo-2,rmsd,p7n44oqi,p7n44oqi::RMSD,sdu6-homo-2 / RMSD,RMSD,Time (ps),99800,0.14197315,nm,nm
line,overlay,sdu6-homo-2,sdu6-homo-2,rmsd,p7n44oqi,p7n44oqi::RMSD,sdu6-homo-2 / RMSD,RMSD,Time (ps),99900,0.13409473,nm,nm
line,overlay,sdu6-homo-2,sdu6-homo-2,rmsd,p7n44oqi,p7n44oqi::RMSD,sdu6-homo-2 / RMSD,RMSD,Time (ps),100000,0.15112,nm,nm
line,overlay,sdu6-homo-3,sdu6-homo-3,rmsd,31isjen3,31isjen3::RMSD,sdu6-homo-3 / RMSD,RMSD,Time (ps),0,0,nm,nm
line,overlay,sdu6-homo-3,sdu6-homo-3,rmsd,31isjen3,31isjen3::RMSD,sdu6-homo-3 / RMSD,RMSD,Time (ps),100,0.08673077,nm,nm
line,overlay,sdu6-homo-3,sdu6-homo-3,rmsd,31isjen3,31isjen3::RMSD,sdu6-homo-3 / RMSD,RMSD,Time (ps),200,0.101894334,nm,nm
line,overlay,sdu6-homo-3,sdu6-homo-3,rmsd,31isjen3,31isjen3::RMSD,sdu6-homo-3 / RMSD,RMSD,Time (ps),300,0.10929203,nm,nm
line,overlay,sdu6-homo-3,sdu6-homo-3,rmsd,31isjen3,31isjen3::RMSD,sdu6-homo-3 / RMSD,RMSD,Time (ps),400,0.11066357,nm,nm
line,overlay,sdu6-homo-3,sdu6-homo-3,rmsd,31isjen3,31isjen3::RMSD,sdu6-homo-3 / RMSD,RMSD,Time (ps),500,0.11532883,nm,nm
line,overlay,sdu6-homo-3,sdu6-homo-3,rmsd,31isjen3,31isjen3::RMSD,sdu6-homo-3 / RMSD,RMSD,Time (ps),600,0.10078953,nm,nm
line,overlay,sdu6-homo-3,sdu6-homo-3,rmsd,31isjen3,31isjen3::RMSD,sdu6-homo-3 / RMSD,RMSD,Time (ps),700,0.101990946,nm,nm
line,overlay,sdu6-homo-3,sdu6-homo-3,rmsd,31isjen3,31isjen3::RMSD,sdu6-homo-3 / RMSD,RMSD,Time (ps),800,0.12630768,nm,nm
line,overlay,sdu6-homo-3,sdu6-homo-3,rmsd,31isjen3,31isjen3::RMSD,sdu6-homo-3 / RMSD,RMSD,Time (ps),900,0.12795085,nm,nm
line,overlay,sdu6-homo-3,sdu6-homo-3,rmsd,31isjen3,31isjen3::RMSD,sdu6-homo-3 / RMSD,RMSD,Time (ps),1000,0.1143403,nm,nm
line,overlay,sdu6-homo-3,sdu6-homo-3,rmsd,31isjen3,31isjen3::RMSD,sdu6-homo-3 / RMSD,RMSD,Time (ps),1100,0.115795314,nm,nm
line,overlay,sdu6-homo-3,sdu6-homo-3,rmsd,31isjen3,31isjen3::RMSD,sdu6-homo-3 / RMSD,RMSD,Time (ps),1200,0.12849657,nm,nm
line,overlay,sdu6-homo-3,sdu6-homo-3,rmsd,31isjen3,31isjen3::RMSD,sdu6-homo-3 / RMSD,RMSD,Time (ps),1300,0.118446335,nm,nm
line,overlay,sdu6-homo-3,sdu6-homo-3,rmsd,31isjen3,31isjen3::RMSD,sdu6-homo-3 / RMSD,RMSD,Time (ps),1400,0.12329231,nm,nm
line,overlay,sdu6-homo-3,sdu6-homo-3,rmsd,31isjen3,31isjen3::RMSD,sdu6-homo-3 / RMSD,RMSD,Time (ps),1500,0.12662739,nm,nm
line,overlay,sdu6-homo-3,sdu6-homo-3,rmsd,31isjen3,31isjen3::RMSD,sdu6-homo-3 / RMSD,RMSD,Time (ps),1600,0.12646353,nm,nm
line,overlay,sdu6-homo-3,sdu6-homo-3,rmsd,31isjen3,31isjen3::RMSD,sdu6-homo-3 / RMSD,RMSD,Time (ps),1700,0.12615575,nm,nm
line,overlay,sdu6-homo-3,sdu6-homo-3,rmsd,31isjen3,31isjen3::RMSD,sdu6-homo-3 / RMSD,RMSD,Time (ps),1800,0.13028328,nm,nm
line,overlay,sdu6-homo-3,sdu6-homo-3,rmsd,31isjen3,31isjen3::RMSD,sdu6-homo-3 / RMSD,RMSD,Time (ps),1900,0.13879403,nm,nm
line,overlay,sdu6-homo-3,sdu6-homo-3,rmsd,31isjen3,31isjen3::RMSD,sdu6-homo-3 / RMSD,RMSD,Time (ps),2000,0.12648812,nm,nm
line,overlay,sdu6-homo-3,sdu6-homo-3,rmsd,31isjen3,31isjen3::RMSD,sdu6-homo-3 / RMSD,RMSD,Time (ps),2100,0.13161725,nm,nm
line,overlay,sdu6-homo-3,sdu6-homo-3,rmsd,31isjen3,31isjen3::RMSD,sdu6-homo-3 / RMSD,RMSD,Time (ps),2200,0.14442015,nm,nm
line,overlay,sdu6-homo-3,sdu6-homo-3,rmsd,31isjen3,31isjen3::RMSD,sdu6-homo-3 / RMSD,RMSD,Time (ps),2300,0.13509987,nm,nm
line,overlay,sdu6-homo-3,sdu6-homo-3,rmsd,31isjen3,31isjen3::RMSD,sdu6-homo-3 / RMSD,RMSD,Time (ps),2400,0.1156475,nm,nm
line,overlay,sdu6-homo-3,sdu6-homo-3,rmsd,31isjen3,31isjen3::RMSD,sdu6-homo-3 / RMSD,RMSD,Time (ps),2500,0.11936614,nm,nm
line,overlay,sdu6-homo-3,sdu6-homo-3,rmsd,31isjen3,31isjen3::RMSD,sdu6-homo-3 / RMSD,RMSD,Time (ps),2600,0.12444309,nm,nm
line,overlay,sdu6-homo-3,sdu6-homo-3,rmsd,31isjen3,31isjen3::RMSD,sdu6-homo-3 / RMSD,RMSD,Time (ps),2700,0.12125323,nm,nm
line,overlay,sdu6-homo-3,sdu6-homo-3,rmsd,31isjen3,31isjen3::RMSD,sdu6-homo-3 / RMSD,RMSD,Time (ps),2800,0.114715956,nm,nm
line,overlay,sdu6-homo-3,sdu6-homo-3,rmsd,31isjen3,31isjen3::RMSD,sdu6-homo-3 / RMSD,RMSD,Time (ps),2900,0.12960117,nm,nm
line,overlay,sdu6-homo-3,sdu6-homo-3,rmsd,31isjen3,31isjen3::RMSD,sdu6-homo-3 / RMSD,RMSD,Time (ps),3000,0.14013945,nm,nm
line,overlay,sdu6-homo-3,sdu6-homo-3,rmsd,31isjen3,31isjen3::RMSD,sdu6-homo-3 / RMSD,RMSD,Time (ps),3100,0.12995264,nm,nm
line,overlay,sdu6-homo-3,sdu6-homo-3,rmsd,31isjen3,31isjen3::RMSD,sdu6-homo-3 / RMSD,RMSD,Time (ps),3200,0.12172682,nm,nm
line,overlay,sdu6-homo-3,sdu6-homo-3,rmsd,31isjen3,31isjen3::RMSD,sdu6-homo-3 / RMSD,RMSD,Time (ps),3300,0.12786573,nm,nm
line,overlay,sdu6-homo-3,sdu6-homo-3,rmsd,31isjen3,31isjen3::RMSD,sdu6-homo-3 / RMSD,RMSD,Time (ps),3400,0.12900788,nm,nm
line,overlay,sdu6-homo-3,sdu6-homo-3,rmsd,31isjen3,31isjen3::RMSD,sdu6-homo-3 / RMSD,RMSD,Time (ps),3500,0.13322605,nm,nm
line,overlay,sdu6-homo-3,sdu6-homo-3,rmsd,31isjen3,31isjen3::RMSD,sdu6-homo-3 / RMSD,RMSD,Time (ps),3600,0.11528838,nm,nm
line,overlay,sdu6-homo-3,sdu6-homo-3,rmsd,31isjen3,31isjen3::RMSD,sdu6-homo-3 / RMSD,RMSD,Time (ps),3700,0.12393388,nm,nm
line,overlay,sdu6-homo-3,sdu6-homo-3,rmsd,31isjen3,31isjen3::RMSD,sdu6-homo-3 / RMSD,RMSD,Time (ps),3800,0.11868678,nm,nm
line,overlay,sdu6-homo-3,sdu6-homo-3,rmsd,31isjen3,31isjen3::RMSD,sdu6-homo-3 / RMSD,RMSD,Time (ps),3900,0.11520292,nm,nm
line,overlay,sdu6-homo-3,sdu6-homo-3,rmsd,31isjen3,31isjen3::RMSD,sdu6-homo-3 / RMSD,RMSD,Time (ps),4000,0.10831541,nm,nm
line,overlay,sdu6-homo-3,sdu6-homo-3,rmsd,31isjen3,31isjen3::RMSD,sdu6-homo-3 / RMSD,RMSD,Time (ps),4100,0.11968272,nm,nm
line,overlay,sdu6-homo-3,sdu6-homo-3,rmsd,31isjen3,31isjen3::RMSD,sdu6-homo-3 / RMSD,RMSD,Time (ps),4200,0.12458047,nm,nm
line,overlay,sdu6-homo-3,sdu6-homo-3,rmsd,31isjen3,31isjen3::RMSD,sdu6-homo-3 / RMSD,RMSD,Time (ps),4300,0.12330913,nm,nm
line,overlay,sdu6-homo-3,sdu6-homo-3,rmsd,31isjen3,31isjen3::RMSD,sdu6-homo-3 / RMSD,RMSD,Time (ps),4400,0.13878283,nm,nm
line,overlay,sdu6-homo-3,sdu6-homo-3,rmsd,31isjen3,31isjen3::RMSD,sdu6-homo-3 / RMSD,RMSD,Time (ps),4500,0.12689318,nm,nm
line,overlay,sdu6-homo-3,sdu6-homo-3,rmsd,31isjen3,31isjen3::RMSD,sdu6-homo-3 / RMSD,RMSD,Time (ps),4600,0.11642478,nm,nm
line,overlay,sdu6-homo-3,sdu6-homo-3,rmsd,31isjen3,31isjen3::RMSD,sdu6-homo-3 / RMSD,RMSD,Time (ps),4700,0.13737132,nm,nm
line,overlay,sdu6-homo-3,sdu6-homo-3,rmsd,31isjen3,31isjen3::RMSD,sdu6-homo-3 / RMSD,RMSD,Time (ps),4800,0.14551784,nm,nm
line,overlay,sdu6-homo-3,sdu6-homo-3,rmsd,31isjen3,31isjen3::RMSD,sdu6-homo-3 / RMSD,RMSD,Time (ps),4900,0.12488384,nm,nm
line,overlay,sdu6-homo-3,sdu6-homo-3,rmsd,31isjen3,31isjen3::RMSD,sdu6-homo-3 / RMSD,RMSD,Time (ps),5000,0.12033062,nm,nm
line,overlay,sdu6-homo-3,sdu6-homo-3,rmsd,31isjen3,31isjen3::RMSD,sdu6-homo-3 / RMSD,RMSD,Time (ps),5100,0.13771802,nm,nm
line,overlay,sdu6-homo-3,sdu6-homo-3,rmsd,31isjen3,31isjen3::RMSD,sdu6-homo-3 / RMSD,RMSD,Time (ps),5200,0.13781585,nm,nm
line,overlay,sdu6-homo-3,sdu6-homo-3,rmsd,31isjen3,31isjen3::RMSD,sdu6-homo-3 / RMSD,RMSD,Time (ps),5300,0.15159261,nm,nm
line,overlay,sdu6-homo-3,sdu6-homo-3,rmsd,31isjen3,31isjen3::RMSD,sdu6-homo-3 / RMSD,RMSD,Time (ps),5400,0.13258252,nm,nm
line,overlay,sdu6-homo-3,sdu6-homo-3,rmsd,31isjen3,31isjen3::RMSD,sdu6-homo-3 / RMSD,RMSD,Time (ps),5500,0.15731129,nm,nm
line,overlay,sdu6-homo-3,sdu6-homo-3,rmsd,31isjen3,31isjen3::RMSD,sdu6-homo-3 / RMSD,RMSD,Time (ps),5600,0.12597895,nm,nm
line,overlay,sdu6-homo-3,sdu6-homo-3,rmsd,31isjen3,31isjen3::RMSD,sdu6-homo-3 / RMSD,RMSD,Time (ps),5700,0.14184897,nm,nm
line,overlay,sdu6-homo-3,sdu6-homo-3,rmsd,31isjen3,31isjen3::RMSD,sdu6-homo-3 / RMSD,RMSD,Time (ps),5800,0.13967633,nm,nm
line,overlay,sdu6-homo-3,sdu6-homo-3,rmsd,31isjen3,31isjen3::RMSD,sdu6-homo-3 / RMSD,RMSD,Time (ps),5900,0.13223803,nm,nm
line,overlay,sdu6-homo-3,sdu6-homo-3,rmsd,31isjen3,31isjen3::RMSD,sdu6-homo-3 / RMSD,RMSD,Time (ps),6000,0.13989882,nm,nm
line,overlay,sdu6-homo-3,sdu6-homo-3,rmsd,31isjen3,31isjen3::RMSD,sdu6-homo-3 / RMSD,RMSD,Time (ps),6100,0.15360014,nm,nm
line,overlay,sdu6-homo-3,sdu6-homo-3,rmsd,31isjen3,31isjen3::RMSD,sdu6-homo-3 / RMSD,RMSD,Time (ps),6200,0.14571363,nm,nm
line,overlay,sdu6-homo-3,sdu6-homo-3,rmsd,31isjen3,31isjen3::RMSD,sdu6-homo-3 / RMSD,RMSD,Time (ps),6300,0.13573146,nm,nm
line,overlay,sdu6-homo-3,sdu6-homo-3,rmsd,31isjen3,31isjen3::RMSD,sdu6-homo-3 / RMSD,RMSD,Time (ps),6400,0.16678274,nm,nm
line,overlay,sdu6-homo-3,sdu6-homo-3,rmsd,31isjen3,31isjen3::RMSD,sdu6-homo-3 / RMSD,RMSD,Time (ps),6500,0.15938014,nm,nm
line,overlay,sdu6-homo-3,sdu6-homo-3,rmsd,31isjen3,31isjen3::RMSD,sdu6-homo-3 / RMSD,RMSD,Time (ps),6600,0.15436429,nm,nm
line,overlay,sdu6-homo-3,sdu6-homo-3,rmsd,31isjen3,31isjen3::RMSD,sdu6-homo-3 / RMSD,RMSD,Time (ps),6700,0.17715456,nm,nm
line,overlay,sdu6-homo-3,sdu6-homo-3,rmsd,31isjen3,31isjen3::RMSD,sdu6-homo-3 / RMSD,RMSD,Time (ps),6800,0.15215917,nm,nm
line,overlay,sdu6-homo-3,sdu6-homo-3,rmsd,31isjen3,31isjen3::RMSD,sdu6-homo-3 / RMSD,RMSD,Time (ps),6900,0.16597895,nm,nm
line,overlay,sdu6-homo-3,sdu6-homo-3,rmsd,31isjen3,31isjen3::RMSD,sdu6-homo-3 / RMSD,RMSD,Time (ps),7000,0.12733358,nm,nm
line,overlay,sdu6-homo-3,sdu6-homo-3,rmsd,31isjen3,31isjen3::RMSD,sdu6-homo-3 / RMSD,RMSD,Time (ps),7100,0.14009136,nm,nm
line,overlay,sdu6-homo-3,sdu6-homo-3,rmsd,31isjen3,31isjen3::RMSD,sdu6-homo-3 / RMSD,RMSD,Time (ps),7200,0.14661792,nm,nm
line,overlay,sdu6-homo-3,sdu6-homo-3,rmsd,31isjen3,31isjen3::RMSD,sdu6-homo-3 / RMSD,RMSD,Time (ps),7300,0.13616993,nm,nm
line,overlay,sdu6-homo-3,sdu6-homo-3,rmsd,31isjen3,31isjen3::RMSD,sdu6-homo-3 / RMSD,RMSD,Time (ps),7400,0.14698867,nm,nm
line,overlay,sdu6-homo-3,sdu6-homo-3,rmsd,31isjen3,31isjen3::RMSD,sdu6-homo-3 / RMSD,RMSD,Time (ps),7500,0.14944372,nm,nm
line,overlay,sdu6-homo-3,sdu6-homo-3,rmsd,31isjen3,31isjen3::RMSD,sdu6-homo-3 / RMSD,RMSD,Time (ps),7600,0.13332328,nm,nm
line,overlay,sdu6-homo-3,sdu6-homo-3,rmsd,31isjen3,31isjen3::RMSD,sdu6-homo-3 / RMSD,RMSD,Time (ps),7700,0.14925978,nm,nm
line,overlay,sdu6-homo-3,sdu6-homo-3,rmsd,31isjen3,31isjen3::RMSD,sdu6-homo-3 / RMSD,RMSD,Time (ps),7800,0.16026878,nm,nm
line,overlay,sdu6-homo-3,sdu6-homo-3,rmsd,31isjen3,31isjen3::RMSD,sdu6-homo-3 / RMSD,RMSD,Time (ps),7900,0.1385174,nm,nm
line,overlay,sdu6-homo-3,sdu6-homo-3,rmsd,31isjen3,31isjen3::RMSD,sdu6-homo-3 / RMSD,RMSD,Time (ps),8000,0.13256688,nm,nm
line,overlay,sdu6-homo-3,sdu6-homo-3,rmsd,31isjen3,31isjen3::RMSD,sdu6-homo-3 / RMSD,RMSD,Time (ps),8100,0.1293289,nm,nm
line,overlay,sdu6-homo-3,sdu6-homo-3,rmsd,31isjen3,31isjen3::RMSD,sdu6-homo-3 / RMSD,RMSD,Time (ps),8200,0.14497897,nm,nm
line,overlay,sdu6-homo-3,sdu6-homo-3,rmsd,31isjen3,31isjen3::RMSD,sdu6-homo-3 / RMSD,RMSD,Time (ps),8300,0.135372,nm,nm
line,overlay,sdu6-homo-3,sdu6-homo-3,rmsd,31isjen3,31isjen3::RMSD,sdu6-homo-3 / RMSD,RMSD,Time (ps),8400,0.15267609,nm,nm
line,overlay,sdu6-homo-3,sdu6-homo-3,rmsd,31isjen3,31isjen3::RMSD,sdu6-homo-3 / RMSD,RMSD,Time (ps),8500,0.16933347,nm,nm
line,overlay,sdu6-homo-3,sdu6-homo-3,rmsd,31isjen3,31isjen3::RMSD,sdu6-homo-3 / RMSD,RMSD,Time (ps),8600,0.13736755,nm,nm
line,overlay,sdu6-homo-3,sdu6-homo-3,rmsd,31isjen3,31isjen3::RMSD,sdu6-homo-3 / RMSD,RMSD,Time (ps),8700,0.14722475,nm,nm
line,overlay,sdu6-homo-3,sdu6-homo-3,rmsd,31isjen3,31isjen3::RMSD,sdu6-homo-3 / RMSD,RMSD,Time (ps),8800,0.15083504,nm,nm
line,overlay,sdu6-homo-3,sdu6-homo-3,rmsd,31isjen3,31isjen3::RMSD,sdu6-homo-3 / RMSD,RMSD,Time (ps),8900,0.16007137,nm,nm
line,overlay,sdu6-homo-3,sdu6-homo-3,rmsd,31isjen3,31isjen3::RMSD,sdu6-homo-3 / RMSD,RMSD,Time (ps),9000,0.12811278,nm,nm
line,overlay,sdu6-homo-3,sdu6-homo-3,rmsd,31isjen3,31isjen3::RMSD,sdu6-homo-3 / RMSD,RMSD,Time (ps),9100,0.13934939,nm,nm
line,overlay,sdu6-homo-3,sdu6-homo-3,rmsd,31isjen3,31isjen3::RMSD,sdu6-homo-3 / RMSD,RMSD,Time (ps),9200,0.1387268,nm,nm
line,overlay,sdu6-homo-3,sdu6-homo-3,rmsd,31isjen3,31isjen3::RMSD,sdu6-homo-3 / RMSD,RMSD,Time (ps),9300,0.15561508,nm,nm
line,overlay,sdu6-homo-3,sdu6-homo-3,rmsd,31isjen3,31isjen3::RMSD,sdu6-homo-3 / RMSD,RMSD,Time (ps),9400,0.1469287,nm,nm
line,overlay,sdu6-homo-3,sdu6-homo-3,rmsd,31isjen3,31isjen3::RMSD,sdu6-homo-3 / RMSD,RMSD,Time (ps),9500,0.14867172,nm,nm
line,overlay,sdu6-homo-3,sdu6-homo-3,rmsd,31isjen3,31isjen3::RMSD,sdu6-homo-3 / RMSD,RMSD,Time (ps),9600,0.15359677,nm,nm
line,overlay,sdu6-homo-3,sdu6-homo-3,rmsd,31isjen3,31isjen3::RMSD,sdu6-homo-3 / RMSD,RMSD,Time (ps),9700,0.14955467,nm,nm
line,overlay,sdu6-homo-3,sdu6-homo-3,rmsd,31isjen3,31isjen3::RMSD,sdu6-homo-3 / RMSD,RMSD,Time (ps),9800,0.15050822,nm,nm
line,overlay,sdu6-homo-3,sdu6-homo-3,rmsd,31isjen3,31isjen3::RMSD,sdu6-homo-3 / RMSD,RMSD,Time (ps),9900,0.15101364,nm,nm
line,overlay,sdu6-homo-3,sdu6-homo-3,rmsd,31isjen3,31isjen3::RMSD,sdu6-homo-3 / RMSD,RMSD,Time (ps),10000,0.15312697,nm,nm
line,overlay,sdu6-homo-3,sdu6-homo-3,rmsd,31isjen3,31isjen3::RMSD,sdu6-homo-3 / RMSD,RMSD,Time (ps),10100,0.17008787,nm,nm
line,overlay,sdu6-homo-3,sdu6-homo-3,rmsd,31isjen3,31isjen3::RMSD,sdu6-homo-3 / RMSD,RMSD,Time (ps),10200,0.13059326,nm,nm
line,overlay,sdu6-homo-3,sdu6-homo-3,rmsd,31isjen3,31isjen3::RMSD,sdu6-homo-3 / RMSD,RMSD,Time (ps),10300,0.15314727,nm,nm
line,overlay,sdu6-homo-3,sdu6-homo-3,rmsd,31isjen3,31isjen3::RMSD,sdu6-homo-3 / RMSD,RMSD,Time (ps),10400,0.139167,nm,nm
line,overlay,sdu6-homo-3,sdu6-homo-3,rmsd,31isjen3,31isjen3::RMSD,sdu6-homo-3 / RMSD,RMSD,Time (ps),10500,0.14219569,nm,nm
line,overlay,sdu6-homo-3,sdu6-homo-3,rmsd,31isjen3,31isjen3::RMSD,sdu6-homo-3 / RMSD,RMSD,Time (ps),10600,0.15561841,nm,nm
line,overlay,sdu6-homo-3,sdu6-homo-3,rmsd,31isjen3,31isjen3::RMSD,sdu6-homo-3 / RMSD,RMSD,Time (ps),10700,0.15326907,nm,nm
line,overlay,sdu6-homo-3,sdu6-homo-3,rmsd,31isjen3,31isjen3::RMSD,sdu6-homo-3 / RMSD,RMSD,Time (ps),10800,0.13870437,nm,nm
line,overlay,sdu6-homo-3,sdu6-homo-3,rmsd,31isjen3,31isjen3::RMSD,sdu6-homo-3 / RMSD,RMSD,Time (ps),10900,0.14468192,nm,nm
line,overlay,sdu6-homo-3,sdu6-homo-3,rmsd,31isjen3,31isjen3::RMSD,sdu6-homo-3 / RMSD,RMSD,Time (ps),11000,0.16063705,nm,nm
line,overlay,sdu6-homo-3,sdu6-homo-3,rmsd,31isjen3,31isjen3::RMSD,sdu6-homo-3 / RMSD,RMSD,Time (ps),11100,0.15923372,nm,nm
line,overlay,sdu6-homo-3,sdu6-homo-3,rmsd,31isjen3,31isjen3::RMSD,sdu6-homo-3 / RMSD,RMSD,Time (ps),11200,0.15484707,nm,nm
line,overlay,sdu6-homo-3,sdu6-homo-3,rmsd,31isjen3,31isjen3::RMSD,sdu6-homo-3 / RMSD,RMSD,Time (ps),11300,0.16317585,nm,nm
line,overlay,sdu6-homo-3,sdu6-homo-3,rmsd,31isjen3,31isjen3::RMSD,sdu6-homo-3 / RMSD,RMSD,Time (ps),11400,0.15960114,nm,nm
line,overlay,sdu6-homo-3,sdu6-homo-3,rmsd,31isjen3,31isjen3::RMSD,sdu6-homo-3 / RMSD,RMSD,Time (ps),11500,0.16486973,nm,nm
line,overlay,sdu6-homo-3,sdu6-homo-3,rmsd,31isjen3,31isjen3::RMSD,sdu6-homo-3 / RMSD,RMSD,Time (ps),11600,0.15529165,nm,nm
line,overlay,sdu6-homo-3,sdu6-homo-3,rmsd,31isjen3,31isjen3::RMSD,sdu6-homo-3 / RMSD,RMSD,Time (ps),11700,0.15735082,nm,nm
line,overlay,sdu6-homo-3,sdu6-homo-3,rmsd,31isjen3,31isjen3::RMSD,sdu6-homo-3 / RMSD,RMSD,Time (ps),11800,0.16038518,nm,nm
line,overlay,sdu6-homo-3,sdu6-homo-3,rmsd,31isjen3,31isjen3::RMSD,sdu6-homo-3 / RMSD,RMSD,Time (ps),11900,0.1622616,nm,nm
line,overlay,sdu6-homo-3,sdu6-homo-3,rmsd,31isjen3,31isjen3::RMSD,sdu6-homo-3 / RMSD,RMSD,Time (ps),12000,0.18612653,nm,nm
line,overlay,sdu6-homo-3,sdu6-homo-3,rmsd,31isjen3,31isjen3::RMSD,sdu6-homo-3 / RMSD,RMSD,Time (ps),12100,0.17075095,nm,nm
line,overlay,sdu6-homo-3,sdu6-homo-3,rmsd,31isjen3,31isjen3::RMSD,sdu6-homo-3 / RMSD,RMSD,Time (ps),12200,0.15230557,nm,nm
line,overlay,sdu6-homo-3,sdu6-homo-3,rmsd,31isjen3,31isjen3::RMSD,sdu6-homo-3 / RMSD,RMSD,Time (ps),12300,0.16241169,nm,nm
line,overlay,sdu6-homo-3,sdu6-homo-3,rmsd,31isjen3,31isjen3::RMSD,sdu6-homo-3 / RMSD,RMSD,Time (ps),12400,0.16966069,nm,nm
line,overlay,sdu6-homo-3,sdu6-homo-3,rmsd,31isjen3,31isjen3::RMSD,sdu6-homo-3 / RMSD,RMSD,Time (ps),12500,0.17865215,nm,nm
line,overlay,sdu6-homo-3,sdu6-homo-3,rmsd,31isjen3,31isjen3::RMSD,sdu6-homo-3 / RMSD,RMSD,Time (ps),12600,0.15691207,nm,nm
line,overlay,sdu6-homo-3,sdu6-homo-3,rmsd,31isjen3,31isjen3::RMSD,sdu6-homo-3 / RMSD,RMSD,Time (ps),12700,0.1609723,nm,nm
line,overlay,sdu6-homo-3,sdu6-homo-3,rmsd,31isjen3,31isjen3::RMSD,sdu6-homo-3 / RMSD,RMSD,Time (ps),12800,0.15616372,nm,nm
line,overlay,sdu6-homo-3,sdu6-homo-3,rmsd,31isjen3,31isjen3::RMSD,sdu6-homo-3 / RMSD,RMSD,Time (ps),12900,0.16248825,nm,nm
line,overlay,sdu6-homo-3,sdu6-homo-3,rmsd,31isjen3,31isjen3::RMSD,sdu6-homo-3 / RMSD,RMSD,Time (ps),13000,0.15180787,nm,nm
line,overlay,sdu6-homo-3,sdu6-homo-3,rmsd,31isjen3,31isjen3::RMSD,sdu6-homo-3 / RMSD,RMSD,Time (ps),13100,0.16329335,nm,nm
line,overlay,sdu6-homo-3,sdu6-homo-3,rmsd,31isjen3,31isjen3::RMSD,sdu6-homo-3 / RMSD,RMSD,Time (ps),13200,0.14746045,nm,nm
line,overlay,sdu6-homo-3,sdu6-homo-3,rmsd,31isjen3,31isjen3::RMSD,sdu6-homo-3 / RMSD,RMSD,Time (ps),13300,0.15168148,nm,nm
line,overlay,sdu6-homo-3,sdu6-homo-3,rmsd,31isjen3,31isjen3::RMSD,sdu6-homo-3 / RMSD,RMSD,Time (ps),13400,0.143942,nm,nm
line,overlay,sdu6-homo-3,sdu6-homo-3,rmsd,31isjen3,31isjen3::RMSD,sdu6-homo-3 / RMSD,RMSD,Time (ps),13500,0.16015878,nm,nm
line,overlay,sdu6-homo-3,sdu6-homo-3,rmsd,31isjen3,31isjen3::RMSD,sdu6-homo-3 / RMSD,RMSD,Time (ps),13600,0.17576218,nm,nm
line,overlay,sdu6-homo-3,sdu6-homo-3,rmsd,31isjen3,31isjen3::RMSD,sdu6-homo-3 / RMSD,RMSD,Time (ps),13700,0.17112999,nm,nm
line,overlay,sdu6-homo-3,sdu6-homo-3,rmsd,31isjen3,31isjen3::RMSD,sdu6-homo-3 / RMSD,RMSD,Time (ps),13800,0.14932922,nm,nm
line,overlay,sdu6-homo-3,sdu6-homo-3,rmsd,31isjen3,31isjen3::RMSD,sdu6-homo-3 / RMSD,RMSD,Time (ps),13900,0.149013,nm,nm
line,overlay,sdu6-homo-3,sdu6-homo-3,rmsd,31isjen3,31isjen3::RMSD,sdu6-homo-3 / RMSD,RMSD,Time (ps),14000,0.15263873,nm,nm
line,overlay,sdu6-homo-3,sdu6-homo-3,rmsd,31isjen3,31isjen3::RMSD,sdu6-homo-3 / RMSD,RMSD,Time (ps),14100,0.15477677,nm,nm
line,overlay,sdu6-homo-3,sdu6-homo-3,rmsd,31isjen3,31isjen3::RMSD,sdu6-homo-3 / RMSD,RMSD,Time (ps),14200,0.15171224,nm,nm
line,overlay,sdu6-homo-3,sdu6-homo-3,rmsd,31isjen3,31isjen3::RMSD,sdu6-homo-3 / RMSD,RMSD,Time (ps),14300,0.14730218,nm,nm
line,overlay,sdu6-homo-3,sdu6-homo-3,rmsd,31isjen3,31isjen3::RMSD,sdu6-homo-3 / RMSD,RMSD,Time (ps),14400,0.14825624,nm,nm
line,overlay,sdu6-homo-3,sdu6-homo-3,rmsd,31isjen3,31isjen3::RMSD,sdu6-homo-3 / RMSD,RMSD,Time (ps),14500,0.15317436,nm,nm
line,overlay,sdu6-homo-3,sdu6-homo-3,rmsd,31isjen3,31isjen3::RMSD,sdu6-homo-3 / RMSD,RMSD,Time (ps),14600,0.16834491,nm,nm
line,overlay,sdu6-homo-3,sdu6-homo-3,rmsd,31isjen3,31isjen3::RMSD,sdu6-homo-3 / RMSD,RMSD,Time (ps),14700,0.17850411,nm,nm
line,overlay,sdu6-homo-3,sdu6-homo-3,rmsd,31isjen3,31isjen3::RMSD,sdu6-homo-3 / RMSD,RMSD,Time (ps),14800,0.16206023,nm,nm
line,overlay,sdu6-homo-3,sdu6-homo-3,rmsd,31isjen3,31isjen3::RMSD,sdu6-homo-3 / RMSD,RMSD,Time (ps),14900,0.16515243,nm,nm
line,overlay,sdu6-homo-3,sdu6-homo-3,rmsd,31isjen3,31isjen3::RMSD,sdu6-homo-3 / RMSD,RMSD,Time (ps),15000,0.16444474,nm,nm
line,overlay,sdu6-homo-3,sdu6-homo-3,rmsd,31isjen3,31isjen3::RMSD,sdu6-homo-3 / RMSD,RMSD,Time (ps),15100,0.16152841,nm,nm
line,overlay,sdu6-homo-3,sdu6-homo-3,rmsd,31isjen3,31isjen3::RMSD,sdu6-homo-3 / RMSD,RMSD,Time (ps),15200,0.18223432,nm,nm
line,overlay,sdu6-homo-3,sdu6-homo-3,rmsd,31isjen3,31isjen3::RMSD,sdu6-homo-3 / RMSD,RMSD,Time (ps),15300,0.17564712,nm,nm
line,overlay,sdu6-homo-3,sdu6-homo-3,rmsd,31isjen3,31isjen3::RMSD,sdu6-homo-3 / RMSD,RMSD,Time (ps),15400,0.17753452,nm,nm
line,overlay,sdu6-homo-3,sdu6-homo-3,rmsd,31isjen3,31isjen3::RMSD,sdu6-homo-3 / RMSD,RMSD,Time (ps),15500,0.19242525,nm,nm
line,overlay,sdu6-homo-3,sdu6-homo-3,rmsd,31isjen3,31isjen3::RMSD,sdu6-homo-3 / RMSD,RMSD,Time (ps),15600,0.16851418,nm,nm
line,overlay,sdu6-homo-3,sdu6-homo-3,rmsd,31isjen3,31isjen3::RMSD,sdu6-homo-3 / RMSD,RMSD,Time (ps),15700,0.1826917,nm,nm
line,overlay,sdu6-homo-3,sdu6-homo-3,rmsd,31isjen3,31isjen3::RMSD,sdu6-homo-3 / RMSD,RMSD,Time (ps),15800,0.16943751,nm,nm
line,overlay,sdu6-homo-3,sdu6-homo-3,rmsd,31isjen3,31isjen3::RMSD,sdu6-homo-3 / RMSD,RMSD,Time (ps),15900,0.18005097,nm,nm
line,overlay,sdu6-homo-3,sdu6-homo-3,rmsd,31isjen3,31isjen3::RMSD,sdu6-homo-3 / RMSD,RMSD,Time (ps),16000,0.19107363,nm,nm
line,overlay,sdu6-homo-3,sdu6-homo-3,rmsd,31isjen3,31isjen3::RMSD,sdu6-homo-3 / RMSD,RMSD,Time (ps),16100,0.18174727,nm,nm
line,overlay,sdu6-homo-3,sdu6-homo-3,rmsd,31isjen3,31isjen3::RMSD,sdu6-homo-3 / RMSD,RMSD,Time (ps),16200,0.17395093,nm,nm
line,overlay,sdu6-homo-3,sdu6-homo-3,rmsd,31isjen3,31isjen3::RMSD,sdu6-homo-3 / RMSD,RMSD,Time (ps),16300,0.18108153,nm,nm
line,overlay,sdu6-homo-3,sdu6-homo-3,rmsd,31isjen3,31isjen3::RMSD,sdu6-homo-3 / RMSD,RMSD,Time (ps),16400,0.18523322,nm,nm
line,overlay,sdu6-homo-3,sdu6-homo-3,rmsd,31isjen3,31isjen3::RMSD,sdu6-homo-3 / RMSD,RMSD,Time (ps),16500,0.17231926,nm,nm
line,overlay,sdu6-homo-3,sdu6-homo-3,rmsd,31isjen3,31isjen3::RMSD,sdu6-homo-3 / RMSD,RMSD,Time (ps),16600,0.17938183,nm,nm
line,overlay,sdu6-homo-3,sdu6-homo-3,rmsd,31isjen3,31isjen3::RMSD,sdu6-homo-3 / RMSD,RMSD,Time (ps),16700,0.17750531,nm,nm
line,overlay,sdu6-homo-3,sdu6-homo-3,rmsd,31isjen3,31isjen3::RMSD,sdu6-homo-3 / RMSD,RMSD,Time (ps),16800,0.18076925,nm,nm
line,overlay,sdu6-homo-3,sdu6-homo-3,rmsd,31isjen3,31isjen3::RMSD,sdu6-homo-3 / RMSD,RMSD,Time (ps),16900,0.17968498,nm,nm
line,overlay,sdu6-homo-3,sdu6-homo-3,rmsd,31isjen3,31isjen3::RMSD,sdu6-homo-3 / RMSD,RMSD,Time (ps),17000,0.16697532,nm,nm
line,overlay,sdu6-homo-3,sdu6-homo-3,rmsd,31isjen3,31isjen3::RMSD,sdu6-homo-3 / RMSD,RMSD,Time (ps),17100,0.175995,nm,nm
line,overlay,sdu6-homo-3,sdu6-homo-3,rmsd,31isjen3,31isjen3::RMSD,sdu6-homo-3 / RMSD,RMSD,Time (ps),17200,0.17330608,nm,nm
line,overlay,sdu6-homo-3,sdu6-homo-3,rmsd,31isjen3,31isjen3::RMSD,sdu6-homo-3 / RMSD,RMSD,Time (ps),17300,0.18420899,nm,nm
line,overlay,sdu6-homo-3,sdu6-homo-3,rmsd,31isjen3,31isjen3::RMSD,sdu6-homo-3 / RMSD,RMSD,Time (ps),17400,0.18297236,nm,nm
line,overlay,sdu6-homo-3,sdu6-homo-3,rmsd,31isjen3,31isjen3::RMSD,sdu6-homo-3 / RMSD,RMSD,Time (ps),17500,0.1638922,nm,nm
line,overlay,sdu6-homo-3,sdu6-homo-3,rmsd,31isjen3,31isjen3::RMSD,sdu6-homo-3 / RMSD,RMSD,Time (ps),17600,0.16935183,nm,nm
line,overlay,sdu6-homo-3,sdu6-homo-3,rmsd,31isjen3,31isjen3::RMSD,sdu6-homo-3 / RMSD,RMSD,Time (ps),17700,0.16632836,nm,nm
line,overlay,sdu6-homo-3,sdu6-homo-3,rmsd,31isjen3,31isjen3::RMSD,sdu6-homo-3 / RMSD,RMSD,Time (ps),17800,0.1517908,nm,nm
line,overlay,sdu6-homo-3,sdu6-homo-3,rmsd,31isjen3,31isjen3::RMSD,sdu6-homo-3 / RMSD,RMSD,Time (ps),17900,0.16397756,nm,nm
line,overlay,sdu6-homo-3,sdu6-homo-3,rmsd,31isjen3,31isjen3::RMSD,sdu6-homo-3 / RMSD,RMSD,Time (ps),18000,0.16748984,nm,nm
line,overlay,sdu6-homo-3,sdu6-homo-3,rmsd,31isjen3,31isjen3::RMSD,sdu6-homo-3 / RMSD,RMSD,Time (ps),18100,0.17701404,nm,nm
line,overlay,sdu6-homo-3,sdu6-homo-3,rmsd,31isjen3,31isjen3::RMSD,sdu6-homo-3 / RMSD,RMSD,Time (ps),18200,0.17692031,nm,nm
line,overlay,sdu6-homo-3,sdu6-homo-3,rmsd,31isjen3,31isjen3::RMSD,sdu6-homo-3 / RMSD,RMSD,Time (ps),18300,0.17841989,nm,nm
line,overlay,sdu6-homo-3,sdu6-homo-3,rmsd,31isjen3,31isjen3::RMSD,sdu6-homo-3 / RMSD,RMSD,Time (ps),18400,0.16837262,nm,nm
line,overlay,sdu6-homo-3,sdu6-homo-3,rmsd,31isjen3,31isjen3::RMSD,sdu6-homo-3 / RMSD,RMSD,Time (ps),18500,0.17243654,nm,nm
line,overlay,sdu6-homo-3,sdu6-homo-3,rmsd,31isjen3,31isjen3::RMSD,sdu6-homo-3 / RMSD,RMSD,Time (ps),18600,0.16790402,nm,nm
line,overlay,sdu6-homo-3,sdu6-homo-3,rmsd,31isjen3,31isjen3::RMSD,sdu6-homo-3 / RMSD,RMSD,Time (ps),18700,0.17094815,nm,nm
line,overlay,sdu6-homo-3,sdu6-homo-3,rmsd,31isjen3,31isjen3::RMSD,sdu6-homo-3 / RMSD,RMSD,Time (ps),18800,0.16997813,nm,nm
line,overlay,sdu6-homo-3,sdu6-homo-3,rmsd,31isjen3,31isjen3::RMSD,sdu6-homo-3 / RMSD,RMSD,Time (ps),18900,0.17715748,nm,nm
line,overlay,sdu6-homo-3,sdu6-homo-3,rmsd,31isjen3,31isjen3::RMSD,sdu6-homo-3 / RMSD,RMSD,Time (ps),19000,0.17355713,nm,nm
line,overlay,sdu6-homo-3,sdu6-homo-3,rmsd,31isjen3,31isjen3::RMSD,sdu6-homo-3 / RMSD,RMSD,Time (ps),19100,0.18312244,nm,nm
line,overlay,sdu6-homo-3,sdu6-homo-3,rmsd,31isjen3,31isjen3::RMSD,sdu6-homo-3 / RMSD,RMSD,Time (ps),19200,0.17987527,nm,nm
line,overlay,sdu6-homo-3,sdu6-homo-3,rmsd,31isjen3,31isjen3::RMSD,sdu6-homo-3 / RMSD,RMSD,Time (ps),19300,0.18289302,nm,nm
line,overlay,sdu6-homo-3,sdu6-homo-3,rmsd,31isjen3,31isjen3::RMSD,sdu6-homo-3 / RMSD,RMSD,Time (ps),19400,0.17850411,nm,nm
line,overlay,sdu6-homo-3,sdu6-homo-3,rmsd,31isjen3,31isjen3::RMSD,sdu6-homo-3 / RMSD,RMSD,Time (ps),19500,0.1647282,nm,nm
line,overlay,sdu6-homo-3,sdu6-homo-3,rmsd,31isjen3,31isjen3::RMSD,sdu6-homo-3 / RMSD,RMSD,Time (ps),19600,0.16693495,nm,nm
line,overlay,sdu6-homo-3,sdu6-homo-3,rmsd,31isjen3,31isjen3::RMSD,sdu6-homo-3 / RMSD,RMSD,Time (ps),19700,0.19644015,nm,nm
line,overlay,sdu6-homo-3,sdu6-homo-3,rmsd,31isjen3,31isjen3::RMSD,sdu6-homo-3 / RMSD,RMSD,Time (ps),19800,0.18271439,nm,nm
line,overlay,sdu6-homo-3,sdu6-homo-3,rmsd,31isjen3,31isjen3::RMSD,sdu6-homo-3 / RMSD,RMSD,Time (ps),19900,0.19158025,nm,nm
line,overlay,sdu6-homo-3,sdu6-homo-3,rmsd,31isjen3,31isjen3::RMSD,sdu6-homo-3 / RMSD,RMSD,Time (ps),20000,0.18634643,nm,nm
line,overlay,sdu6-homo-3,sdu6-homo-3,rmsd,31isjen3,31isjen3::RMSD,sdu6-homo-3 / RMSD,RMSD,Time (ps),20100,0.19861037,nm,nm
line,overlay,sdu6-homo-3,sdu6-homo-3,rmsd,31isjen3,31isjen3::RMSD,sdu6-homo-3 / RMSD,RMSD,Time (ps),20200,0.17982051,nm,nm
line,overlay,sdu6-homo-3,sdu6-homo-3,rmsd,31isjen3,31isjen3::RMSD,sdu6-homo-3 / RMSD,RMSD,Time (ps),20300,0.16050148,nm,nm
line,overlay,sdu6-homo-3,sdu6-homo-3,rmsd,31isjen3,31isjen3::RMSD,sdu6-homo-3 / RMSD,RMSD,Time (ps),20400,0.1661288,nm,nm
line,overlay,sdu6-homo-3,sdu6-homo-3,rmsd,31isjen3,31isjen3::RMSD,sdu6-homo-3 / RMSD,RMSD,Time (ps),20500,0.16925693,nm,nm
line,overlay,sdu6-homo-3,sdu6-homo-3,rmsd,31isjen3,31isjen3::RMSD,sdu6-homo-3 / RMSD,RMSD,Time (ps),20600,0.15919791,nm,nm
line,overlay,sdu6-homo-3,sdu6-homo-3,rmsd,31isjen3,31isjen3::RMSD,sdu6-homo-3 / RMSD,RMSD,Time (ps),20700,0.17122991,nm,nm
line,overlay,sdu6-homo-3,sdu6-homo-3,rmsd,31isjen3,31isjen3::RMSD,sdu6-homo-3 / RMSD,RMSD,Time (ps),20800,0.16181697,nm,nm
line,overlay,sdu6-homo-3,sdu6-homo-3,rmsd,31isjen3,31isjen3::RMSD,sdu6-homo-3 / RMSD,RMSD,Time (ps),20900,0.16508965,nm,nm
line,overlay,sdu6-homo-3,sdu6-homo-3,rmsd,31isjen3,31isjen3::RMSD,sdu6-homo-3 / RMSD,RMSD,Time (ps),21000,0.16997813,nm,nm
line,overlay,sdu6-homo-3,sdu6-homo-3,rmsd,31isjen3,31isjen3::RMSD,sdu6-homo-3 / RMSD,RMSD,Time (ps),21100,0.17254171,nm,nm
line,overlay,sdu6-homo-3,sdu6-homo-3,rmsd,31isjen3,31isjen3::RMSD,sdu6-homo-3 / RMSD,RMSD,Time (ps),21200,0.16087566,nm,nm
line,overlay,sdu6-homo-3,sdu6-homo-3,rmsd,31isjen3,31isjen3::RMSD,sdu6-homo-3 / RMSD,RMSD,Time (ps),21300,0.16332191,nm,nm
line,overlay,sdu6-homo-3,sdu6-homo-3,rmsd,31isjen3,31isjen3::RMSD,sdu6-homo-3 / RMSD,RMSD,Time (ps),21400,0.17009397,nm,nm
line,overlay,sdu6-homo-3,sdu6-homo-3,rmsd,31isjen3,31isjen3::RMSD,sdu6-homo-3 / RMSD,RMSD,Time (ps),21500,0.16351223,nm,nm
line,overlay,sdu6-homo-3,sdu6-homo-3,rmsd,31isjen3,31isjen3::RMSD,sdu6-homo-3 / RMSD,RMSD,Time (ps),21600,0.15963686,nm,nm
line,overlay,sdu6-homo-3,sdu6-homo-3,rmsd,31isjen3,31isjen3::RMSD,sdu6-homo-3 / RMSD,RMSD,Time (ps),21700,0.17217782,nm,nm
line,overlay,sdu6-homo-3,sdu6-homo-3,rmsd,31isjen3,31isjen3::RMSD,sdu6-homo-3 / RMSD,RMSD,Time (ps),21800,0.17434679,nm,nm
line,overlay,sdu6-homo-3,sdu6-homo-3,rmsd,31isjen3,31isjen3::RMSD,sdu6-homo-3 / RMSD,RMSD,Time (ps),21900,0.16920486,nm,nm
line,overlay,sdu6-homo-3,sdu6-homo-3,rmsd,31isjen3,31isjen3::RMSD,sdu6-homo-3 / RMSD,RMSD,Time (ps),22000,0.18689914,nm,nm
line,overlay,sdu6-homo-3,sdu6-homo-3,rmsd,31isjen3,31isjen3::RMSD,sdu6-homo-3 / RMSD,RMSD,Time (ps),22100,0.16559438,nm,nm
line,overlay,sdu6-homo-3,sdu6-homo-3,rmsd,31isjen3,31isjen3::RMSD,sdu6-homo-3 / RMSD,RMSD,Time (ps),22200,0.16030112,nm,nm
line,overlay,sdu6-homo-3,sdu6-homo-3,rmsd,31isjen3,31isjen3::RMSD,sdu6-homo-3 / RMSD,RMSD,Time (ps),22300,0.16779286,nm,nm
line,overlay,sdu6-homo-3,sdu6-homo-3,rmsd,31isjen3,31isjen3::RMSD,sdu6-homo-3 / RMSD,RMSD,Time (ps),22400,0.17421593,nm,nm
line,overlay,sdu6-homo-3,sdu6-homo-3,rmsd,31isjen3,31isjen3::RMSD,sdu6-homo-3 / RMSD,RMSD,Time (ps),22500,0.15336712,nm,nm
line,overlay,sdu6-homo-3,sdu6-homo-3,rmsd,31isjen3,31isjen3::RMSD,sdu6-homo-3 / RMSD,RMSD,Time (ps),22600,0.16442898,nm,nm
line,overlay,sdu6-homo-3,sdu6-homo-3,rmsd,31isjen3,31isjen3::RMSD,sdu6-homo-3 / RMSD,RMSD,Time (ps),22700,0.15079723,nm,nm
line,overlay,sdu6-homo-3,sdu6-homo-3,rmsd,31isjen3,31isjen3::RMSD,sdu6-homo-3 / RMSD,RMSD,Time (ps),22800,0.15665752,nm,nm
line,overlay,sdu6-homo-3,sdu6-homo-3,rmsd,31isjen3,31isjen3::RMSD,sdu6-homo-3 / RMSD,RMSD,Time (ps),22900,0.15561508,nm,nm
line,overlay,sdu6-homo-3,sdu6-homo-3,rmsd,31isjen3,31isjen3::RMSD,sdu6-homo-3 / RMSD,RMSD,Time (ps),23000,0.16691943,nm,nm
line,overlay,sdu6-homo-3,sdu6-homo-3,rmsd,31isjen3,31isjen3::RMSD,sdu6-homo-3 / RMSD,RMSD,Time (ps),23100,0.15863362,nm,nm
line,overlay,sdu6-homo-3,sdu6-homo-3,rmsd,31isjen3,31isjen3::RMSD,sdu6-homo-3 / RMSD,RMSD,Time (ps),23200,0.16238615,nm,nm
line,overlay,sdu6-homo-3,sdu6-homo-3,rmsd,31isjen3,31isjen3::RMSD,sdu6-homo-3 / RMSD,RMSD,Time (ps),23300,0.15722229,nm,nm
line,overlay,sdu6-homo-3,sdu6-homo-3,rmsd,31isjen3,31isjen3::RMSD,sdu6-homo-3 / RMSD,RMSD,Time (ps),23400,0.15615377,nm,nm
line,overlay,sdu6-homo-3,sdu6-homo-3,rmsd,31isjen3,31isjen3::RMSD,sdu6-homo-3 / RMSD,RMSD,Time (ps),23500,0.15047379,nm,nm
line,overlay,sdu6-homo-3,sdu6-homo-3,rmsd,31isjen3,31isjen3::RMSD,sdu6-homo-3 / RMSD,RMSD,Time (ps),23600,0.15533838,nm,nm
line,overlay,sdu6-homo-3,sdu6-homo-3,rmsd,31isjen3,31isjen3::RMSD,sdu6-homo-3 / RMSD,RMSD,Time (ps),23700,0.1550712,nm,nm
line,overlay,sdu6-homo-3,sdu6-homo-3,rmsd,31isjen3,31isjen3::RMSD,sdu6-homo-3 / RMSD,RMSD,Time (ps),23800,0.1604627,nm,nm
line,overlay,sdu6-homo-3,sdu6-homo-3,rmsd,31isjen3,31isjen3::RMSD,sdu6-homo-3 / RMSD,RMSD,Time (ps),23900,0.16873857,nm,nm
line,overlay,sdu6-homo-3,sdu6-homo-3,rmsd,31isjen3,31isjen3::RMSD,sdu6-homo-3 / RMSD,RMSD,Time (ps),24000,0.15954266,nm,nm
line,overlay,sdu6-homo-3,sdu6-homo-3,rmsd,31isjen3,31isjen3::RMSD,sdu6-homo-3 / RMSD,RMSD,Time (ps),24100,0.17734171,nm,nm
line,overlay,sdu6-homo-3,sdu6-homo-3,rmsd,31isjen3,31isjen3::RMSD,sdu6-homo-3 / RMSD,RMSD,Time (ps),24200,0.16699395,nm,nm
line,overlay,sdu6-homo-3,sdu6-homo-3,rmsd,31isjen3,31isjen3::RMSD,sdu6-homo-3 / RMSD,RMSD,Time (ps),24300,0.16350272,nm,nm
line,overlay,sdu6-homo-3,sdu6-homo-3,rmsd,31isjen3,31isjen3::RMSD,sdu6-homo-3 / RMSD,RMSD,Time (ps),24400,0.15596777,nm,nm
line,overlay,sdu6-homo-3,sdu6-homo-3,rmsd,31isjen3,31isjen3::RMSD,sdu6-homo-3 / RMSD,RMSD,Time (ps),24500,0.17381677,nm,nm
line,overlay,sdu6-homo-3,sdu6-homo-3,rmsd,31isjen3,31isjen3::RMSD,sdu6-homo-3 / RMSD,RMSD,Time (ps),24600,0.15923697,nm,nm
line,overlay,sdu6-homo-3,sdu6-homo-3,rmsd,31isjen3,31isjen3::RMSD,sdu6-homo-3 / RMSD,RMSD,Time (ps),24700,0.17038627,nm,nm
line,overlay,sdu6-homo-3,sdu6-homo-3,rmsd,31isjen3,31isjen3::RMSD,sdu6-homo-3 / RMSD,RMSD,Time (ps),24800,0.17468539,nm,nm
line,overlay,sdu6-homo-3,sdu6-homo-3,rmsd,31isjen3,31isjen3::RMSD,sdu6-homo-3 / RMSD,RMSD,Time (ps),24900,0.17061733,nm,nm
line,overlay,sdu6-homo-3,sdu6-homo-3,rmsd,31isjen3,31isjen3::RMSD,sdu6-homo-3 / RMSD,RMSD,Time (ps),25000,0.18011716,nm,nm
line,overlay,sdu6-homo-3,sdu6-homo-3,rmsd,31isjen3,31isjen3::RMSD,sdu6-homo-3 / RMSD,RMSD,Time (ps),25100,0.1666366,nm,nm
line,overlay,sdu6-homo-3,sdu6-homo-3,rmsd,31isjen3,31isjen3::RMSD,sdu6-homo-3 / RMSD,RMSD,Time (ps),25200,0.16062738,nm,nm
line,overlay,sdu6-homo-3,sdu6-homo-3,rmsd,31isjen3,31isjen3::RMSD,sdu6-homo-3 / RMSD,RMSD,Time (ps),25300,0.17995018,nm,nm
line,overlay,sdu6-homo-3,sdu6-homo-3,rmsd,31isjen3,31isjen3::RMSD,sdu6-homo-3 / RMSD,RMSD,Time (ps),25400,0.1825952,nm,nm
line,overlay,sdu6-homo-3,sdu6-homo-3,rmsd,31isjen3,31isjen3::RMSD,sdu6-homo-3 / RMSD,RMSD,Time (ps),25500,0.16894732,nm,nm
line,overlay,sdu6-homo-3,sdu6-homo-3,rmsd,31isjen3,31isjen3::RMSD,sdu6-homo-3 / RMSD,RMSD,Time (ps),25600,0.16345198,nm,nm
line,overlay,sdu6-homo-3,sdu6-homo-3,rmsd,31isjen3,31isjen3::RMSD,sdu6-homo-3 / RMSD,RMSD,Time (ps),25700,0.15557511,nm,nm
line,overlay,sdu6-homo-3,sdu6-homo-3,rmsd,31isjen3,31isjen3::RMSD,sdu6-homo-3 / RMSD,RMSD,Time (ps),25800,0.16304557,nm,nm
line,overlay,sdu6-homo-3,sdu6-homo-3,rmsd,31isjen3,31isjen3::RMSD,sdu6-homo-3 / RMSD,RMSD,Time (ps),25900,0.1634044,nm,nm
line,overlay,sdu6-homo-3,sdu6-homo-3,rmsd,31isjen3,31isjen3::RMSD,sdu6-homo-3 / RMSD,RMSD,Time (ps),26000,0.16947728,nm,nm
line,overlay,sdu6-homo-3,sdu6-homo-3,rmsd,31isjen3,31isjen3::RMSD,sdu6-homo-3 / RMSD,RMSD,Time (ps),26100,0.17528968,nm,nm
line,overlay,sdu6-homo-3,sdu6-homo-3,rmsd,31isjen3,31isjen3::RMSD,sdu6-homo-3 / RMSD,RMSD,Time (ps),26200,0.16846496,nm,nm
line,overlay,sdu6-homo-3,sdu6-homo-3,rmsd,31isjen3,31isjen3::RMSD,sdu6-homo-3 / RMSD,RMSD,Time (ps),26300,0.18610983,nm,nm
line,overlay,sdu6-homo-3,sdu6-homo-3,rmsd,31isjen3,31isjen3::RMSD,sdu6-homo-3 / RMSD,RMSD,Time (ps),26400,0.17080557,nm,nm
line,overlay,sdu6-homo-3,sdu6-homo-3,rmsd,31isjen3,31isjen3::RMSD,sdu6-homo-3 / RMSD,RMSD,Time (ps),26500,0.18231678,nm,nm
line,overlay,sdu6-homo-3,sdu6-homo-3,rmsd,31isjen3,31isjen3::RMSD,sdu6-homo-3 / RMSD,RMSD,Time (ps),26600,0.17680015,nm,nm
line,overlay,sdu6-homo-3,sdu6-homo-3,rmsd,31isjen3,31isjen3::RMSD,sdu6-homo-3 / RMSD,RMSD,Time (ps),26700,0.17304568,nm,nm
line,overlay,sdu6-homo-3,sdu6-homo-3,rmsd,31isjen3,31isjen3::RMSD,sdu6-homo-3 / RMSD,RMSD,Time (ps),26800,0.1780389,nm,nm
line,overlay,sdu6-homo-3,sdu6-homo-3,rmsd,31isjen3,31isjen3::RMSD,sdu6-homo-3 / RMSD,RMSD,Time (ps),26900,0.17318042,nm,nm
line,overlay,sdu6-homo-3,sdu6-homo-3,rmsd,31isjen3,31isjen3::RMSD,sdu6-homo-3 / RMSD,RMSD,Time (ps),27000,0.18036161,nm,nm
line,overlay,sdu6-homo-3,sdu6-homo-3,rmsd,31isjen3,31isjen3::RMSD,sdu6-homo-3 / RMSD,RMSD,Time (ps),27100,0.17075701,nm,nm
line,overlay,sdu6-homo-3,sdu6-homo-3,rmsd,31isjen3,31isjen3::RMSD,sdu6-homo-3 / RMSD,RMSD,Time (ps),27200,0.1770726,nm,nm
line,overlay,sdu6-homo-3,sdu6-homo-3,rmsd,31isjen3,31isjen3::RMSD,sdu6-homo-3 / RMSD,RMSD,Time (ps),27300,0.15801813,nm,nm
line,overlay,sdu6-homo-3,sdu6-homo-3,rmsd,31isjen3,31isjen3::RMSD,sdu6-homo-3 / RMSD,RMSD,Time (ps),27400,0.16619118,nm,nm
line,overlay,sdu6-homo-3,sdu6-homo-3,rmsd,31isjen3,31isjen3::RMSD,sdu6-homo-3 / RMSD,RMSD,Time (ps),27500,0.16178173,nm,nm
line,overlay,sdu6-homo-3,sdu6-homo-3,rmsd,31isjen3,31isjen3::RMSD,sdu6-homo-3 / RMSD,RMSD,Time (ps),27600,0.16653703,nm,nm
line,overlay,sdu6-homo-3,sdu6-homo-3,rmsd,31isjen3,31isjen3::RMSD,sdu6-homo-3 / RMSD,RMSD,Time (ps),27700,0.16373715,nm,nm
line,overlay,sdu6-homo-3,sdu6-homo-3,rmsd,31isjen3,31isjen3::RMSD,sdu6-homo-3 / RMSD,RMSD,Time (ps),27800,0.1661132,nm,nm
line,overlay,sdu6-homo-3,sdu6-homo-3,rmsd,31isjen3,31isjen3::RMSD,sdu6-homo-3 / RMSD,RMSD,Time (ps),27900,0.17160185,nm,nm
line,overlay,sdu6-homo-3,sdu6-homo-3,rmsd,31isjen3,31isjen3::RMSD,sdu6-homo-3 / RMSD,RMSD,Time (ps),28000,0.17160487,nm,nm
line,overlay,sdu6-homo-3,sdu6-homo-3,rmsd,31isjen3,31isjen3::RMSD,sdu6-homo-3 / RMSD,RMSD,Time (ps),28100,0.17922282,nm,nm
line,overlay,sdu6-homo-3,sdu6-homo-3,rmsd,31isjen3,31isjen3::RMSD,sdu6-homo-3 / RMSD,RMSD,Time (ps),28200,0.17725107,nm,nm
line,overlay,sdu6-homo-3,sdu6-homo-3,rmsd,31isjen3,31isjen3::RMSD,sdu6-homo-3 / RMSD,RMSD,Time (ps),28300,0.17021887,nm,nm
line,overlay,sdu6-homo-3,sdu6-homo-3,rmsd,31isjen3,31isjen3::RMSD,sdu6-homo-3 / RMSD,RMSD,Time (ps),28400,0.15801157,nm,nm
line,overlay,sdu6-homo-3,sdu6-homo-3,rmsd,31isjen3,31isjen3::RMSD,sdu6-homo-3 / RMSD,RMSD,Time (ps),28500,0.1607048,nm,nm
line,overlay,sdu6-homo-3,sdu6-homo-3,rmsd,31isjen3,31isjen3::RMSD,sdu6-homo-3 / RMSD,RMSD,Time (ps),28600,0.17091782,nm,nm
line,overlay,sdu6-homo-3,sdu6-homo-3,rmsd,31isjen3,31isjen3::RMSD,sdu6-homo-3 / RMSD,RMSD,Time (ps),28700,0.16601019,nm,nm
line,overlay,sdu6-homo-3,sdu6-homo-3,rmsd,31isjen3,31isjen3::RMSD,sdu6-homo-3 / RMSD,RMSD,Time (ps),28800,0.17213266,nm,nm
line,overlay,sdu6-homo-3,sdu6-homo-3,rmsd,31isjen3,31isjen3::RMSD,sdu6-homo-3 / RMSD,RMSD,Time (ps),28900,0.16721727,nm,nm
line,overlay,sdu6-homo-3,sdu6-homo-3,rmsd,31isjen3,31isjen3::RMSD,sdu6-homo-3 / RMSD,RMSD,Time (ps),29000,0.17218685,nm,nm
line,overlay,sdu6-homo-3,sdu6-homo-3,rmsd,31isjen3,31isjen3::RMSD,sdu6-homo-3 / RMSD,RMSD,Time (ps),29100,0.18737279,nm,nm
line,overlay,sdu6-homo-3,sdu6-homo-3,rmsd,31isjen3,31isjen3::RMSD,sdu6-homo-3 / RMSD,RMSD,Time (ps),29200,0.1901354,nm,nm
line,overlay,sdu6-homo-3,sdu6-homo-3,rmsd,31isjen3,31isjen3::RMSD,sdu6-homo-3 / RMSD,RMSD,Time (ps),29300,0.17753743,nm,nm
line,overlay,sdu6-homo-3,sdu6-homo-3,rmsd,31isjen3,31isjen3::RMSD,sdu6-homo-3 / RMSD,RMSD,Time (ps),29400,0.19202076,nm,nm
line,overlay,sdu6-homo-3,sdu6-homo-3,rmsd,31isjen3,31isjen3::RMSD,sdu6-homo-3 / RMSD,RMSD,Time (ps),29500,0.18361713,nm,nm
line,overlay,sdu6-homo-3,sdu6-homo-3,rmsd,31isjen3,31isjen3::RMSD,sdu6-homo-3 / RMSD,RMSD,Time (ps),29600,0.18613489,nm,nm
line,overlay,sdu6-homo-3,sdu6-homo-3,rmsd,31isjen3,31isjen3::RMSD,sdu6-homo-3 / RMSD,RMSD,Time (ps),29700,0.18316206,nm,nm
line,overlay,sdu6-homo-3,sdu6-homo-3,rmsd,31isjen3,31isjen3::RMSD,sdu6-homo-3 / RMSD,RMSD,Time (ps),29800,0.17434679,nm,nm
line,overlay,sdu6-homo-3,sdu6-homo-3,rmsd,31isjen3,31isjen3::RMSD,sdu6-homo-3 / RMSD,RMSD,Time (ps),29900,0.18174727,nm,nm
line,overlay,sdu6-homo-3,sdu6-homo-3,rmsd,31isjen3,31isjen3::RMSD,sdu6-homo-3 / RMSD,RMSD,Time (ps),30000,0.18303184,nm,nm
line,overlay,sdu6-homo-3,sdu6-homo-3,rmsd,31isjen3,31isjen3::RMSD,sdu6-homo-3 / RMSD,RMSD,Time (ps),30100,0.16706221,nm,nm
line,overlay,sdu6-homo-3,sdu6-homo-3,rmsd,31isjen3,31isjen3::RMSD,sdu6-homo-3 / RMSD,RMSD,Time (ps),30200,0.19058198,nm,nm
line,overlay,sdu6-homo-3,sdu6-homo-3,rmsd,31isjen3,31isjen3::RMSD,sdu6-homo-3 / RMSD,RMSD,Time (ps),30300,0.18246457,nm,nm
line,overlay,sdu6-homo-3,sdu6-homo-3,rmsd,31isjen3,31isjen3::RMSD,sdu6-homo-3 / RMSD,RMSD,Time (ps),30400,0.18309979,nm,nm
line,overlay,sdu6-homo-3,sdu6-homo-3,rmsd,31isjen3,31isjen3::RMSD,sdu6-homo-3 / RMSD,RMSD,Time (ps),30500,0.17875078,nm,nm
line,overlay,sdu6-homo-3,sdu6-homo-3,rmsd,31isjen3,31isjen3::RMSD,sdu6-homo-3 / RMSD,RMSD,Time (ps),30600,0.18070903,nm,nm
line,overlay,sdu6-homo-3,sdu6-homo-3,rmsd,31isjen3,31isjen3::RMSD,sdu6-homo-3 / RMSD,RMSD,Time (ps),30700,0.18860531,nm,nm
line,overlay,sdu6-homo-3,sdu6-homo-3,rmsd,31isjen3,31isjen3::RMSD,sdu6-homo-3 / RMSD,RMSD,Time (ps),30800,0.17462604,nm,nm
line,overlay,sdu6-homo-3,sdu6-homo-3,rmsd,31isjen3,31isjen3::RMSD,sdu6-homo-3 / RMSD,RMSD,Time (ps),30900,0.19641112,nm,nm
line,overlay,sdu6-homo-3,sdu6-homo-3,rmsd,31isjen3,31isjen3::RMSD,sdu6-homo-3 / RMSD,RMSD,Time (ps),31000,0.19161272,nm,nm
line,overlay,sdu6-homo-3,sdu6-homo-3,rmsd,31isjen3,31isjen3::RMSD,sdu6-homo-3 / RMSD,RMSD,Time (ps),31100,0.19288264,nm,nm
line,overlay,sdu6-homo-3,sdu6-homo-3,rmsd,31isjen3,31isjen3::RMSD,sdu6-homo-3 / RMSD,RMSD,Time (ps),31200,0.19521461,nm,nm
line,overlay,sdu6-homo-3,sdu6-homo-3,rmsd,31isjen3,31isjen3::RMSD,sdu6-homo-3 / RMSD,RMSD,Time (ps),31300,0.19504726,nm,nm
line,overlay,sdu6-homo-3,sdu6-homo-3,rmsd,31isjen3,31isjen3::RMSD,sdu6-homo-3 / RMSD,RMSD,Time (ps),31400,0.20852317,nm,nm
line,overlay,sdu6-homo-3,sdu6-homo-3,rmsd,31isjen3,31isjen3::RMSD,sdu6-homo-3 / RMSD,RMSD,Time (ps),31500,0.18523043,nm,nm
line,overlay,sdu6-homo-3,sdu6-homo-3,rmsd,31isjen3,31isjen3::RMSD,sdu6-homo-3 / RMSD,RMSD,Time (ps),31600,0.1805512,nm,nm
line,overlay,sdu6-homo-3,sdu6-homo-3,rmsd,31isjen3,31isjen3::RMSD,sdu6-homo-3 / RMSD,RMSD,Time (ps),31700,0.18593149,nm,nm
line,overlay,sdu6-homo-3,sdu6-homo-3,rmsd,31isjen3,31isjen3::RMSD,sdu6-homo-3 / RMSD,RMSD,Time (ps),31800,0.18182427,nm,nm
line,overlay,sdu6-homo-3,sdu6-homo-3,rmsd,31isjen3,31isjen3::RMSD,sdu6-homo-3 / RMSD,RMSD,Time (ps),31900,0.18670768,nm,nm
line,overlay,sdu6-homo-3,sdu6-homo-3,rmsd,31isjen3,31isjen3::RMSD,sdu6-homo-3 / RMSD,RMSD,Time (ps),32000,0.19204776,nm,nm
line,overlay,sdu6-homo-3,sdu6-homo-3,rmsd,31isjen3,31isjen3::RMSD,sdu6-homo-3 / RMSD,RMSD,Time (ps),32100,0.19265409,nm,nm
line,overlay,sdu6-homo-3,sdu6-homo-3,rmsd,31isjen3,31isjen3::RMSD,sdu6-homo-3 / RMSD,RMSD,Time (ps),32200,0.17492558,nm,nm
line,overlay,sdu6-homo-3,sdu6-homo-3,rmsd,31isjen3,31isjen3::RMSD,sdu6-homo-3 / RMSD,RMSD,Time (ps),32300,0.18171304,nm,nm
line,overlay,sdu6-homo-3,sdu6-homo-3,rmsd,31isjen3,31isjen3::RMSD,sdu6-homo-3 / RMSD,RMSD,Time (ps),32400,0.18299219,nm,nm
line,overlay,sdu6-homo-3,sdu6-homo-3,rmsd,31isjen3,31isjen3::RMSD,sdu6-homo-3 / RMSD,RMSD,Time (ps),32500,0.18926102,nm,nm
line,overlay,sdu6-homo-3,sdu6-homo-3,rmsd,31isjen3,31isjen3::RMSD,sdu6-homo-3 / RMSD,RMSD,Time (ps),32600,0.18484665,nm,nm
line,overlay,sdu6-homo-3,sdu6-homo-3,rmsd,31isjen3,31isjen3::RMSD,sdu6-homo-3 / RMSD,RMSD,Time (ps),32700,0.18236795,nm,nm
line,overlay,sdu6-homo-3,sdu6-homo-3,rmsd,31isjen3,31isjen3::RMSD,sdu6-homo-3 / RMSD,RMSD,Time (ps),32800,0.17300673,nm,nm
line,overlay,sdu6-homo-3,sdu6-homo-3,rmsd,31isjen3,31isjen3::RMSD,sdu6-homo-3 / RMSD,RMSD,Time (ps),32900,0.18516886,nm,nm
line,overlay,sdu6-homo-3,sdu6-homo-3,rmsd,31isjen3,31isjen3::RMSD,sdu6-homo-3 / RMSD,RMSD,Time (ps),33000,0.18897048,nm,nm
line,overlay,sdu6-homo-3,sdu6-homo-3,rmsd,31isjen3,31isjen3::RMSD,sdu6-homo-3 / RMSD,RMSD,Time (ps),33100,0.19857381,nm,nm
line,overlay,sdu6-homo-3,sdu6-homo-3,rmsd,31isjen3,31isjen3::RMSD,sdu6-homo-3 / RMSD,RMSD,Time (ps),33200,0.17570023,nm,nm
line,overlay,sdu6-homo-3,sdu6-homo-3,rmsd,31isjen3,31isjen3::RMSD,sdu6-homo-3 / RMSD,RMSD,Time (ps),33300,0.16675477,nm,nm
line,overlay,sdu6-homo-3,sdu6-homo-3,rmsd,31isjen3,31isjen3::RMSD,sdu6-homo-3 / RMSD,RMSD,Time (ps),33400,0.19924875,nm,nm
line,overlay,sdu6-homo-3,sdu6-homo-3,rmsd,31isjen3,31isjen3::RMSD,sdu6-homo-3 / RMSD,RMSD,Time (ps),33500,0.18857782,nm,nm
line,overlay,sdu6-homo-3,sdu6-homo-3,rmsd,31isjen3,31isjen3::RMSD,sdu6-homo-3 / RMSD,RMSD,Time (ps),33600,0.18902259,nm,nm
line,overlay,sdu6-homo-3,sdu6-homo-3,rmsd,31isjen3,31isjen3::RMSD,sdu6-homo-3 / RMSD,RMSD,Time (ps),33700,0.19637945,nm,nm
line,overlay,sdu6-homo-3,sdu6-homo-3,rmsd,31isjen3,31isjen3::RMSD,sdu6-homo-3 / RMSD,RMSD,Time (ps),33800,0.19600429,nm,nm
line,overlay,sdu6-homo-3,sdu6-homo-3,rmsd,31isjen3,31isjen3::RMSD,sdu6-homo-3 / RMSD,RMSD,Time (ps),33900,0.18019485,nm,nm
line,overlay,sdu6-homo-3,sdu6-homo-3,rmsd,31isjen3,31isjen3::RMSD,sdu6-homo-3 / RMSD,RMSD,Time (ps),34000,0.19577406,nm,nm
line,overlay,sdu6-homo-3,sdu6-homo-3,rmsd,31isjen3,31isjen3::RMSD,sdu6-homo-3 / RMSD,RMSD,Time (ps),34100,0.1806,nm,nm
line,overlay,sdu6-homo-3,sdu6-homo-3,rmsd,31isjen3,31isjen3::RMSD,sdu6-homo-3 / RMSD,RMSD,Time (ps),34200,0.20011058,nm,nm
line,overlay,sdu6-homo-3,sdu6-homo-3,rmsd,31isjen3,31isjen3::RMSD,sdu6-homo-3 / RMSD,RMSD,Time (ps),34300,0.20467699,nm,nm
line,overlay,sdu6-homo-3,sdu6-homo-3,rmsd,31isjen3,31isjen3::RMSD,sdu6-homo-3 / RMSD,RMSD,Time (ps),34400,0.19492231,nm,nm
line,overlay,sdu6-homo-3,sdu6-homo-3,rmsd,31isjen3,31isjen3::RMSD,sdu6-homo-3 / RMSD,RMSD,Time (ps),34500,0.19402942,nm,nm
line,overlay,sdu6-homo-3,sdu6-homo-3,rmsd,31isjen3,31isjen3::RMSD,sdu6-homo-3 / RMSD,RMSD,Time (ps),34600,0.20418,nm,nm
line,overlay,sdu6-homo-3,sdu6-homo-3,rmsd,31isjen3,31isjen3::RMSD,sdu6-homo-3 / RMSD,RMSD,Time (ps),34700,0.19703823,nm,nm
line,overlay,sdu6-homo-3,sdu6-homo-3,rmsd,31isjen3,31isjen3::RMSD,sdu6-homo-3 / RMSD,RMSD,Time (ps),34800,0.200051,nm,nm
line,overlay,sdu6-homo-3,sdu6-homo-3,rmsd,31isjen3,31isjen3::RMSD,sdu6-homo-3 / RMSD,RMSD,Time (ps),34900,0.1986208,nm,nm
line,overlay,sdu6-homo-3,sdu6-homo-3,rmsd,31isjen3,31isjen3::RMSD,sdu6-homo-3 / RMSD,RMSD,Time (ps),35000,0.195472,nm,nm
line,overlay,sdu6-homo-3,sdu6-homo-3,rmsd,31isjen3,31isjen3::RMSD,sdu6-homo-3 / RMSD,RMSD,Time (ps),35100,0.20186174,nm,nm
line,overlay,sdu6-homo-3,sdu6-homo-3,rmsd,31isjen3,31isjen3::RMSD,sdu6-homo-3 / RMSD,RMSD,Time (ps),35200,0.2017076,nm,nm
line,overlay,sdu6-homo-3,sdu6-homo-3,rmsd,31isjen3,31isjen3::RMSD,sdu6-homo-3 / RMSD,RMSD,Time (ps),35300,0.19915247,nm,nm
line,overlay,sdu6-homo-3,sdu6-homo-3,rmsd,31isjen3,31isjen3::RMSD,sdu6-homo-3 / RMSD,RMSD,Time (ps),35400,0.19221503,nm,nm
line,overlay,sdu6-homo-3,sdu6-homo-3,rmsd,31isjen3,31isjen3::RMSD,sdu6-homo-3 / RMSD,RMSD,Time (ps),35500,0.18820088,nm,nm
line,overlay,sdu6-homo-3,sdu6-homo-3,rmsd,31isjen3,31isjen3::RMSD,sdu6-homo-3 / RMSD,RMSD,Time (ps),35600,0.21270217,nm,nm
line,overlay,sdu6-homo-3,sdu6-homo-3,rmsd,31isjen3,31isjen3::RMSD,sdu6-homo-3 / RMSD,RMSD,Time (ps),35700,0.22120532,nm,nm
line,overlay,sdu6-homo-3,sdu6-homo-3,rmsd,31isjen3,31isjen3::RMSD,sdu6-homo-3 / RMSD,RMSD,Time (ps),35800,0.2015945,nm,nm
line,overlay,sdu6-homo-3,sdu6-homo-3,rmsd,31isjen3,31isjen3::RMSD,sdu6-homo-3 / RMSD,RMSD,Time (ps),35900,0.18940338,nm,nm
line,overlay,sdu6-homo-3,sdu6-homo-3,rmsd,31isjen3,31isjen3::RMSD,sdu6-homo-3 / RMSD,RMSD,Time (ps),36000,0.20964868,nm,nm
line,overlay,sdu6-homo-3,sdu6-homo-3,rmsd,31isjen3,31isjen3::RMSD,sdu6-homo-3 / RMSD,RMSD,Time (ps),36100,0.19329874,nm,nm
line,overlay,sdu6-homo-3,sdu6-homo-3,rmsd,31isjen3,31isjen3::RMSD,sdu6-homo-3 / RMSD,RMSD,Time (ps),36200,0.20464152,nm,nm
line,overlay,sdu6-homo-3,sdu6-homo-3,rmsd,31isjen3,31isjen3::RMSD,sdu6-homo-3 / RMSD,RMSD,Time (ps),36300,0.19797514,nm,nm
line,overlay,sdu6-homo-3,sdu6-homo-3,rmsd,31isjen3,31isjen3::RMSD,sdu6-homo-3 / RMSD,RMSD,Time (ps),36400,0.20207475,nm,nm
line,overlay,sdu6-homo-3,sdu6-homo-3,rmsd,31isjen3,31isjen3::RMSD,sdu6-homo-3 / RMSD,RMSD,Time (ps),36500,0.2152289,nm,nm
line,overlay,sdu6-homo-3,sdu6-homo-3,rmsd,31isjen3,31isjen3::RMSD,sdu6-homo-3 / RMSD,RMSD,Time (ps),36600,0.20233366,nm,nm
line,overlay,sdu6-homo-3,sdu6-homo-3,rmsd,31isjen3,31isjen3::RMSD,sdu6-homo-3 / RMSD,RMSD,Time (ps),36700,0.20122647,nm,nm
line,overlay,sdu6-homo-3,sdu6-homo-3,rmsd,31isjen3,31isjen3::RMSD,sdu6-homo-3 / RMSD,RMSD,Time (ps),36800,0.19446705,nm,nm
line,overlay,sdu6-homo-3,sdu6-homo-3,rmsd,31isjen3,31isjen3::RMSD,sdu6-homo-3 / RMSD,RMSD,Time (ps),36900,0.1891569,nm,nm
line,overlay,sdu6-homo-3,sdu6-homo-3,rmsd,31isjen3,31isjen3::RMSD,sdu6-homo-3 / RMSD,RMSD,Time (ps),37000,0.19111703,nm,nm
line,overlay,sdu6-homo-3,sdu6-homo-3,rmsd,31isjen3,31isjen3::RMSD,sdu6-homo-3 / RMSD,RMSD,Time (ps),37100,0.19912905,nm,nm
line,overlay,sdu6-homo-3,sdu6-homo-3,rmsd,31isjen3,31isjen3::RMSD,sdu6-homo-3 / RMSD,RMSD,Time (ps),37200,0.18400066,nm,nm
line,overlay,sdu6-homo-3,sdu6-homo-3,rmsd,31isjen3,31isjen3::RMSD,sdu6-homo-3 / RMSD,RMSD,Time (ps),37300,0.19538978,nm,nm
line,overlay,sdu6-homo-3,sdu6-homo-3,rmsd,31isjen3,31isjen3::RMSD,sdu6-homo-3 / RMSD,RMSD,Time (ps),37400,0.18883602,nm,nm
line,overlay,sdu6-homo-3,sdu6-homo-3,rmsd,31isjen3,31isjen3::RMSD,sdu6-homo-3 / RMSD,RMSD,Time (ps),37500,0.17960419,nm,nm
line,overlay,sdu6-homo-3,sdu6-homo-3,rmsd,31isjen3,31isjen3::RMSD,sdu6-homo-3 / RMSD,RMSD,Time (ps),37600,0.19623159,nm,nm
line,overlay,sdu6-homo-3,sdu6-homo-3,rmsd,31isjen3,31isjen3::RMSD,sdu6-homo-3 / RMSD,RMSD,Time (ps),37700,0.18545136,nm,nm
line,overlay,sdu6-homo-3,sdu6-homo-3,rmsd,31isjen3,31isjen3::RMSD,sdu6-homo-3 / RMSD,RMSD,Time (ps),37800,0.19140701,nm,nm
line,overlay,sdu6-homo-3,sdu6-homo-3,rmsd,31isjen3,31isjen3::RMSD,sdu6-homo-3 / RMSD,RMSD,Time (ps),37900,0.19813742,nm,nm
line,overlay,sdu6-homo-3,sdu6-homo-3,rmsd,31isjen3,31isjen3::RMSD,sdu6-homo-3 / RMSD,RMSD,Time (ps),38000,0.1897479,nm,nm
line,overlay,sdu6-homo-3,sdu6-homo-3,rmsd,31isjen3,31isjen3::RMSD,sdu6-homo-3 / RMSD,RMSD,Time (ps),38100,0.19170737,nm,nm
line,overlay,sdu6-homo-3,sdu6-homo-3,rmsd,31isjen3,31isjen3::RMSD,sdu6-homo-3 / RMSD,RMSD,Time (ps),38200,0.18769893,nm,nm
line,overlay,sdu6-homo-3,sdu6-homo-3,rmsd,31isjen3,31isjen3::RMSD,sdu6-homo-3 / RMSD,RMSD,Time (ps),38300,0.18826972,nm,nm
line,overlay,sdu6-homo-3,sdu6-homo-3,rmsd,31isjen3,31isjen3::RMSD,sdu6-homo-3 / RMSD,RMSD,Time (ps),38400,0.18143041,nm,nm
line,overlay,sdu6-homo-3,sdu6-homo-3,rmsd,31isjen3,31isjen3::RMSD,sdu6-homo-3 / RMSD,RMSD,Time (ps),38500,0.185429,nm,nm
line,overlay,sdu6-homo-3,sdu6-homo-3,rmsd,31isjen3,31isjen3::RMSD,sdu6-homo-3 / RMSD,RMSD,Time (ps),38600,0.19814788,nm,nm
line,overlay,sdu6-homo-3,sdu6-homo-3,rmsd,31isjen3,31isjen3::RMSD,sdu6-homo-3 / RMSD,RMSD,Time (ps),38700,0.18916513,nm,nm
line,overlay,sdu6-homo-3,sdu6-homo-3,rmsd,31isjen3,31isjen3::RMSD,sdu6-homo-3 / RMSD,RMSD,Time (ps),38800,0.18296953,nm,nm
line,overlay,sdu6-homo-3,sdu6-homo-3,rmsd,31isjen3,31isjen3::RMSD,sdu6-homo-3 / RMSD,RMSD,Time (ps),38900,0.18959485,nm,nm
line,overlay,sdu6-homo-3,sdu6-homo-3,rmsd,31isjen3,31isjen3::RMSD,sdu6-homo-3 / RMSD,RMSD,Time (ps),39000,0.17708139,nm,nm
line,overlay,sdu6-homo-3,sdu6-homo-3,rmsd,31isjen3,31isjen3::RMSD,sdu6-homo-3 / RMSD,RMSD,Time (ps),39100,0.18237364,nm,nm
line,overlay,sdu6-homo-3,sdu6-homo-3,rmsd,31isjen3,31isjen3::RMSD,sdu6-homo-3 / RMSD,RMSD,Time (ps),39200,0.17232226,nm,nm
line,overlay,sdu6-homo-3,sdu6-homo-3,rmsd,31isjen3,31isjen3::RMSD,sdu6-homo-3 / RMSD,RMSD,Time (ps),39300,0.18882504,nm,nm
line,overlay,sdu6-homo-3,sdu6-homo-3,rmsd,31isjen3,31isjen3::RMSD,sdu6-homo-3 / RMSD,RMSD,Time (ps),39400,0.18510725,nm,nm
line,overlay,sdu6-homo-3,sdu6-homo-3,rmsd,31isjen3,31isjen3::RMSD,sdu6-homo-3 / RMSD,RMSD,Time (ps),39500,0.19519602,nm,nm
line,overlay,sdu6-homo-3,sdu6-homo-3,rmsd,31isjen3,31isjen3::RMSD,sdu6-homo-3 / RMSD,RMSD,Time (ps),39600,0.19321023,nm,nm
line,overlay,sdu6-homo-3,sdu6-homo-3,rmsd,31isjen3,31isjen3::RMSD,sdu6-homo-3 / RMSD,RMSD,Time (ps),39700,0.18803279,nm,nm
line,overlay,sdu6-homo-3,sdu6-homo-3,rmsd,31isjen3,31isjen3::RMSD,sdu6-homo-3 / RMSD,RMSD,Time (ps),39800,0.18781213,nm,nm
line,overlay,sdu6-homo-3,sdu6-homo-3,rmsd,31isjen3,31isjen3::RMSD,sdu6-homo-3 / RMSD,RMSD,Time (ps),39900,0.20127027,nm,nm
line,overlay,sdu6-homo-3,sdu6-homo-3,rmsd,31isjen3,31isjen3::RMSD,sdu6-homo-3 / RMSD,RMSD,Time (ps),40000,0.20714146,nm,nm
line,overlay,sdu6-homo-3,sdu6-homo-3,rmsd,31isjen3,31isjen3::RMSD,sdu6-homo-3 / RMSD,RMSD,Time (ps),40100,0.18083806,nm,nm
line,overlay,sdu6-homo-3,sdu6-homo-3,rmsd,31isjen3,31isjen3::RMSD,sdu6-homo-3 / RMSD,RMSD,Time (ps),40200,0.19763187,nm,nm
line,overlay,sdu6-homo-3,sdu6-homo-3,rmsd,31isjen3,31isjen3::RMSD,sdu6-homo-3 / RMSD,RMSD,Time (ps),40300,0.20429422,nm,nm
line,overlay,sdu6-homo-3,sdu6-homo-3,rmsd,31isjen3,31isjen3::RMSD,sdu6-homo-3 / RMSD,RMSD,Time (ps),40400,0.19336309,nm,nm
line,overlay,sdu6-homo-3,sdu6-homo-3,rmsd,31isjen3,31isjen3::RMSD,sdu6-homo-3 / RMSD,RMSD,Time (ps),40500,0.18265197,nm,nm
line,overlay,sdu6-homo-3,sdu6-homo-3,rmsd,31isjen3,31isjen3::RMSD,sdu6-homo-3 / RMSD,RMSD,Time (ps),40600,0.18905275,nm,nm
line,overlay,sdu6-homo-3,sdu6-homo-3,rmsd,31isjen3,31isjen3::RMSD,sdu6-homo-3 / RMSD,RMSD,Time (ps),40700,0.17275487,nm,nm
line,overlay,sdu6-homo-3,sdu6-homo-3,rmsd,31isjen3,31isjen3::RMSD,sdu6-homo-3 / RMSD,RMSD,Time (ps),40800,0.18863828,nm,nm
line,overlay,sdu6-homo-3,sdu6-homo-3,rmsd,31isjen3,31isjen3::RMSD,sdu6-homo-3 / RMSD,RMSD,Time (ps),40900,0.1867271,nm,nm
line,overlay,sdu6-homo-3,sdu6-homo-3,rmsd,31isjen3,31isjen3::RMSD,sdu6-homo-3 / RMSD,RMSD,Time (ps),41000,0.17329413,nm,nm
line,overlay,sdu6-homo-3,sdu6-homo-3,rmsd,31isjen3,31isjen3::RMSD,sdu6-homo-3 / RMSD,RMSD,Time (ps),41100,0.19584554,nm,nm
line,overlay,sdu6-homo-3,sdu6-homo-3,rmsd,31isjen3,31isjen3::RMSD,sdu6-homo-3 / RMSD,RMSD,Time (ps),41200,0.17128742,nm,nm
line,overlay,sdu6-homo-3,sdu6-homo-3,rmsd,31isjen3,31isjen3::RMSD,sdu6-homo-3 / RMSD,RMSD,Time (ps),41300,0.16448256,nm,nm
line,overlay,sdu6-homo-3,sdu6-homo-3,rmsd,31isjen3,31isjen3::RMSD,sdu6-homo-3 / RMSD,RMSD,Time (ps),41400,0.15839164,nm,nm
line,overlay,sdu6-homo-3,sdu6-homo-3,rmsd,31isjen3,31isjen3::RMSD,sdu6-homo-3 / RMSD,RMSD,Time (ps),41500,0.1652654,nm,nm
line,overlay,sdu6-homo-3,sdu6-homo-3,rmsd,31isjen3,31isjen3::RMSD,sdu6-homo-3 / RMSD,RMSD,Time (ps),41600,0.17493151,nm,nm
line,overlay,sdu6-homo-3,sdu6-homo-3,rmsd,31isjen3,31isjen3::RMSD,sdu6-homo-3 / RMSD,RMSD,Time (ps),41700,0.17031933,nm,nm
line,overlay,sdu6-homo-3,sdu6-homo-3,rmsd,31isjen3,31isjen3::RMSD,sdu6-homo-3 / RMSD,RMSD,Time (ps),41800,0.17572089,nm,nm
line,overlay,sdu6-homo-3,sdu6-homo-3,rmsd,31isjen3,31isjen3::RMSD,sdu6-homo-3 / RMSD,RMSD,Time (ps),41900,0.2002297,nm,nm
line,overlay,sdu6-homo-3,sdu6-homo-3,rmsd,31isjen3,31isjen3::RMSD,sdu6-homo-3 / RMSD,RMSD,Time (ps),42000,0.1846334,nm,nm
line,overlay,sdu6-homo-3,sdu6-homo-3,rmsd,31isjen3,31isjen3::RMSD,sdu6-homo-3 / RMSD,RMSD,Time (ps),42100,0.19860253,nm,nm
line,overlay,sdu6-homo-3,sdu6-homo-3,rmsd,31isjen3,31isjen3::RMSD,sdu6-homo-3 / RMSD,RMSD,Time (ps),42200,0.20576811,nm,nm
line,overlay,sdu6-homo-3,sdu6-homo-3,rmsd,31isjen3,31isjen3::RMSD,sdu6-homo-3 / RMSD,RMSD,Time (ps),42300,0.2118206,nm,nm
line,overlay,sdu6-homo-3,sdu6-homo-3,rmsd,31isjen3,31isjen3::RMSD,sdu6-homo-3 / RMSD,RMSD,Time (ps),42400,0.20996244,nm,nm
line,overlay,sdu6-homo-3,sdu6-homo-3,rmsd,31isjen3,31isjen3::RMSD,sdu6-homo-3 / RMSD,RMSD,Time (ps),42500,0.21080999,nm,nm
line,overlay,sdu6-homo-3,sdu6-homo-3,rmsd,31isjen3,31isjen3::RMSD,sdu6-homo-3 / RMSD,RMSD,Time (ps),42600,0.19279125,nm,nm
line,overlay,sdu6-homo-3,sdu6-homo-3,rmsd,31isjen3,31isjen3::RMSD,sdu6-homo-3 / RMSD,RMSD,Time (ps),42700,0.19707242,nm,nm
line,overlay,sdu6-homo-3,sdu6-homo-3,rmsd,31isjen3,31isjen3::RMSD,sdu6-homo-3 / RMSD,RMSD,Time (ps),42800,0.20137326,nm,nm
line,overlay,sdu6-homo-3,sdu6-homo-3,rmsd,31isjen3,31isjen3::RMSD,sdu6-homo-3 / RMSD,RMSD,Time (ps),42900,0.20116723,nm,nm
line,overlay,sdu6-homo-3,sdu6-homo-3,rmsd,31isjen3,31isjen3::RMSD,sdu6-homo-3 / RMSD,RMSD,Time (ps),43000,0.20518285,nm,nm
line,overlay,sdu6-homo-3,sdu6-homo-3,rmsd,31isjen3,31isjen3::RMSD,sdu6-homo-3 / RMSD,RMSD,Time (ps),43100,0.20050134,nm,nm
line,overlay,sdu6-homo-3,sdu6-homo-3,rmsd,31isjen3,31isjen3::RMSD,sdu6-homo-3 / RMSD,RMSD,Time (ps),43200,0.19902751,nm,nm
line,overlay,sdu6-homo-3,sdu6-homo-3,rmsd,31isjen3,31isjen3::RMSD,sdu6-homo-3 / RMSD,RMSD,Time (ps),43300,0.18927471,nm,nm
line,overlay,sdu6-homo-3,sdu6-homo-3,rmsd,31isjen3,31isjen3::RMSD,sdu6-homo-3 / RMSD,RMSD,Time (ps),43400,0.195639,nm,nm
line,overlay,sdu6-homo-3,sdu6-homo-3,rmsd,31isjen3,31isjen3::RMSD,sdu6-homo-3 / RMSD,RMSD,Time (ps),43500,0.1865049,nm,nm
line,overlay,sdu6-homo-3,sdu6-homo-3,rmsd,31isjen3,31isjen3::RMSD,sdu6-homo-3 / RMSD,RMSD,Time (ps),43600,0.18576415,nm,nm
line,overlay,sdu6-homo-3,sdu6-homo-3,rmsd,31isjen3,31isjen3::RMSD,sdu6-homo-3 / RMSD,RMSD,Time (ps),43700,0.1985686,nm,nm
line,overlay,sdu6-homo-3,sdu6-homo-3,rmsd,31isjen3,31isjen3::RMSD,sdu6-homo-3 / RMSD,RMSD,Time (ps),43800,0.17985798,nm,nm
line,overlay,sdu6-homo-3,sdu6-homo-3,rmsd,31isjen3,31isjen3::RMSD,sdu6-homo-3 / RMSD,RMSD,Time (ps),43900,0.17849831,nm,nm
line,overlay,sdu6-homo-3,sdu6-homo-3,rmsd,31isjen3,31isjen3::RMSD,sdu6-homo-3 / RMSD,RMSD,Time (ps),44000,0.18742812,nm,nm
line,overlay,sdu6-homo-3,sdu6-homo-3,rmsd,31isjen3,31isjen3::RMSD,sdu6-homo-3 / RMSD,RMSD,Time (ps),44100,0.19163436,nm,nm
line,overlay,sdu6-homo-3,sdu6-homo-3,rmsd,31isjen3,31isjen3::RMSD,sdu6-homo-3 / RMSD,RMSD,Time (ps),44200,0.18976155,nm,nm
line,overlay,sdu6-homo-3,sdu6-homo-3,rmsd,31isjen3,31isjen3::RMSD,sdu6-homo-3 / RMSD,RMSD,Time (ps),44300,0.19512165,nm,nm
line,overlay,sdu6-homo-3,sdu6-homo-3,rmsd,31isjen3,31isjen3::RMSD,sdu6-homo-3 / RMSD,RMSD,Time (ps),44400,0.19145034,nm,nm
line,overlay,sdu6-homo-3,sdu6-homo-3,rmsd,31isjen3,31isjen3::RMSD,sdu6-homo-3 / RMSD,RMSD,Time (ps),44500,0.180666,nm,nm
line,overlay,sdu6-homo-3,sdu6-homo-3,rmsd,31isjen3,31isjen3::RMSD,sdu6-homo-3 / RMSD,RMSD,Time (ps),44600,0.1987356,nm,nm
line,overlay,sdu6-homo-3,sdu6-homo-3,rmsd,31isjen3,31isjen3::RMSD,sdu6-homo-3 / RMSD,RMSD,Time (ps),44700,0.18486908,nm,nm
line,overlay,sdu6-homo-3,sdu6-homo-3,rmsd,31isjen3,31isjen3::RMSD,sdu6-homo-3 / RMSD,RMSD,Time (ps),44800,0.19517744,nm,nm
line,overlay,sdu6-homo-3,sdu6-homo-3,rmsd,31isjen3,31isjen3::RMSD,sdu6-homo-3 / RMSD,RMSD,Time (ps),44900,0.18954837,nm,nm
line,overlay,sdu6-homo-3,sdu6-homo-3,rmsd,31isjen3,31isjen3::RMSD,sdu6-homo-3 / RMSD,RMSD,Time (ps),45000,0.1797859,nm,nm
line,overlay,sdu6-homo-3,sdu6-homo-3,rmsd,31isjen3,31isjen3::RMSD,sdu6-homo-3 / RMSD,RMSD,Time (ps),45100,0.19140972,nm,nm
line,overlay,sdu6-homo-3,sdu6-homo-3,rmsd,31isjen3,31isjen3::RMSD,sdu6-homo-3 / RMSD,RMSD,Time (ps),45200,0.18858881,nm,nm
line,overlay,sdu6-homo-3,sdu6-homo-3,rmsd,31isjen3,31isjen3::RMSD,sdu6-homo-3 / RMSD,RMSD,Time (ps),45300,0.18533394,nm,nm
line,overlay,sdu6-homo-3,sdu6-homo-3,rmsd,31isjen3,31isjen3::RMSD,sdu6-homo-3 / RMSD,RMSD,Time (ps),45400,0.19040239,nm,nm
line,overlay,sdu6-homo-3,sdu6-homo-3,rmsd,31isjen3,31isjen3::RMSD,sdu6-homo-3 / RMSD,RMSD,Time (ps),45500,0.1859287,nm,nm
line,overlay,sdu6-homo-3,sdu6-homo-3,rmsd,31isjen3,31isjen3::RMSD,sdu6-homo-3 / RMSD,RMSD,Time (ps),45600,0.184984,nm,nm
line,overlay,sdu6-homo-3,sdu6-homo-3,rmsd,31isjen3,31isjen3::RMSD,sdu6-homo-3 / RMSD,RMSD,Time (ps),45700,0.18190975,nm,nm
line,overlay,sdu6-homo-3,sdu6-homo-3,rmsd,31isjen3,31isjen3::RMSD,sdu6-homo-3 / RMSD,RMSD,Time (ps),45800,0.1812246,nm,nm
line,overlay,sdu6-homo-3,sdu6-homo-3,rmsd,31isjen3,31isjen3::RMSD,sdu6-homo-3 / RMSD,RMSD,Time (ps),45900,0.17464681,nm,nm
line,overlay,sdu6-homo-3,sdu6-homo-3,rmsd,31isjen3,31isjen3::RMSD,sdu6-homo-3 / RMSD,RMSD,Time (ps),46000,0.18224569,nm,nm
line,overlay,sdu6-homo-3,sdu6-homo-3,rmsd,31isjen3,31isjen3::RMSD,sdu6-homo-3 / RMSD,RMSD,Time (ps),46100,0.17670044,nm,nm
line,overlay,sdu6-homo-3,sdu6-homo-3,rmsd,31isjen3,31isjen3::RMSD,sdu6-homo-3 / RMSD,RMSD,Time (ps),46200,0.17911288,nm,nm
line,overlay,sdu6-homo-3,sdu6-homo-3,rmsd,31isjen3,31isjen3::RMSD,sdu6-homo-3 / RMSD,RMSD,Time (ps),46300,0.19931898,nm,nm
line,overlay,sdu6-homo-3,sdu6-homo-3,rmsd,31isjen3,31isjen3::RMSD,sdu6-homo-3 / RMSD,RMSD,Time (ps),46400,0.1945017,nm,nm
line,overlay,sdu6-homo-3,sdu6-homo-3,rmsd,31isjen3,31isjen3::RMSD,sdu6-homo-3 / RMSD,RMSD,Time (ps),46500,0.19563633,nm,nm
line,overlay,sdu6-homo-3,sdu6-homo-3,rmsd,31isjen3,31isjen3::RMSD,sdu6-homo-3 / RMSD,RMSD,Time (ps),46600,0.1980249,nm,nm
line,overlay,sdu6-homo-3,sdu6-homo-3,rmsd,31isjen3,31isjen3::RMSD,sdu6-homo-3 / RMSD,RMSD,Time (ps),46700,0.2164896,nm,nm
line,overlay,sdu6-homo-3,sdu6-homo-3,rmsd,31isjen3,31isjen3::RMSD,sdu6-homo-3 / RMSD,RMSD,Time (ps),46800,0.24047162,nm,nm
line,overlay,sdu6-homo-3,sdu6-homo-3,rmsd,31isjen3,31isjen3::RMSD,sdu6-homo-3 / RMSD,RMSD,Time (ps),46900,0.24089158,nm,nm
line,overlay,sdu6-homo-3,sdu6-homo-3,rmsd,31isjen3,31isjen3::RMSD,sdu6-homo-3 / RMSD,RMSD,Time (ps),47000,0.22624685,nm,nm
line,overlay,sdu6-homo-3,sdu6-homo-3,rmsd,31isjen3,31isjen3::RMSD,sdu6-homo-3 / RMSD,RMSD,Time (ps),47100,0.2360729,nm,nm
line,overlay,sdu6-homo-3,sdu6-homo-3,rmsd,31isjen3,31isjen3::RMSD,sdu6-homo-3 / RMSD,RMSD,Time (ps),47200,0.22006589,nm,nm
line,overlay,sdu6-homo-3,sdu6-homo-3,rmsd,31isjen3,31isjen3::RMSD,sdu6-homo-3 / RMSD,RMSD,Time (ps),47300,0.23953213,nm,nm
line,overlay,sdu6-homo-3,sdu6-homo-3,rmsd,31isjen3,31isjen3::RMSD,sdu6-homo-3 / RMSD,RMSD,Time (ps),47400,0.22443192,nm,nm
line,overlay,sdu6-homo-3,sdu6-homo-3,rmsd,31isjen3,31isjen3::RMSD,sdu6-homo-3 / RMSD,RMSD,Time (ps),47500,0.24133444,nm,nm
line,overlay,sdu6-homo-3,sdu6-homo-3,rmsd,31isjen3,31isjen3::RMSD,sdu6-homo-3 / RMSD,RMSD,Time (ps),47600,0.23357192,nm,nm
line,overlay,sdu6-homo-3,sdu6-homo-3,rmsd,31isjen3,31isjen3::RMSD,sdu6-homo-3 / RMSD,RMSD,Time (ps),47700,0.22327878,nm,nm
line,overlay,sdu6-homo-3,sdu6-homo-3,rmsd,31isjen3,31isjen3::RMSD,sdu6-homo-3 / RMSD,RMSD,Time (ps),47800,0.23377599,nm,nm
line,overlay,sdu6-homo-3,sdu6-homo-3,rmsd,31isjen3,31isjen3::RMSD,sdu6-homo-3 / RMSD,RMSD,Time (ps),47900,0.222143,nm,nm
line,overlay,sdu6-homo-3,sdu6-homo-3,rmsd,31isjen3,31isjen3::RMSD,sdu6-homo-3 / RMSD,RMSD,Time (ps),48000,0.2335586,nm,nm
line,overlay,sdu6-homo-3,sdu6-homo-3,rmsd,31isjen3,31isjen3::RMSD,sdu6-homo-3 / RMSD,RMSD,Time (ps),48100,0.23658393,nm,nm
line,overlay,sdu6-homo-3,sdu6-homo-3,rmsd,31isjen3,31isjen3::RMSD,sdu6-homo-3 / RMSD,RMSD,Time (ps),48200,0.22631098,nm,nm
line,overlay,sdu6-homo-3,sdu6-homo-3,rmsd,31isjen3,31isjen3::RMSD,sdu6-homo-3 / RMSD,RMSD,Time (ps),48300,0.22876672,nm,nm
line,overlay,sdu6-homo-3,sdu6-homo-3,rmsd,31isjen3,31isjen3::RMSD,sdu6-homo-3 / RMSD,RMSD,Time (ps),48400,0.21268754,nm,nm
line,overlay,sdu6-homo-3,sdu6-homo-3,rmsd,31isjen3,31isjen3::RMSD,sdu6-homo-3 / RMSD,RMSD,Time (ps),48500,0.23883864,nm,nm
line,overlay,sdu6-homo-3,sdu6-homo-3,rmsd,31isjen3,31isjen3::RMSD,sdu6-homo-3 / RMSD,RMSD,Time (ps),48600,0.2346811,nm,nm
line,overlay,sdu6-homo-3,sdu6-homo-3,rmsd,31isjen3,31isjen3::RMSD,sdu6-homo-3 / RMSD,RMSD,Time (ps),48700,0.2424915,nm,nm
line,overlay,sdu6-homo-3,sdu6-homo-3,rmsd,31isjen3,31isjen3::RMSD,sdu6-homo-3 / RMSD,RMSD,Time (ps),48800,0.22075495,nm,nm
line,overlay,sdu6-homo-3,sdu6-homo-3,rmsd,31isjen3,31isjen3::RMSD,sdu6-homo-3 / RMSD,RMSD,Time (ps),48900,0.24280979,nm,nm
line,overlay,sdu6-homo-3,sdu6-homo-3,rmsd,31isjen3,31isjen3::RMSD,sdu6-homo-3 / RMSD,RMSD,Time (ps),49000,0.25605556,nm,nm
line,overlay,sdu6-homo-3,sdu6-homo-3,rmsd,31isjen3,31isjen3::RMSD,sdu6-homo-3 / RMSD,RMSD,Time (ps),49100,0.21184263,nm,nm
line,overlay,sdu6-homo-3,sdu6-homo-3,rmsd,31isjen3,31isjen3::RMSD,sdu6-homo-3 / RMSD,RMSD,Time (ps),49200,0.24443531,nm,nm
line,overlay,sdu6-homo-3,sdu6-homo-3,rmsd,31isjen3,31isjen3::RMSD,sdu6-homo-3 / RMSD,RMSD,Time (ps),49300,0.24922335,nm,nm
line,overlay,sdu6-homo-3,sdu6-homo-3,rmsd,31isjen3,31isjen3::RMSD,sdu6-homo-3 / RMSD,RMSD,Time (ps),49400,0.24897572,nm,nm
line,overlay,sdu6-homo-3,sdu6-homo-3,rmsd,31isjen3,31isjen3::RMSD,sdu6-homo-3 / RMSD,RMSD,Time (ps),49500,0.23043507,nm,nm
line,overlay,sdu6-homo-3,sdu6-homo-3,rmsd,31isjen3,31isjen3::RMSD,sdu6-homo-3 / RMSD,RMSD,Time (ps),49600,0.25306433,nm,nm
line,overlay,sdu6-homo-3,sdu6-homo-3,rmsd,31isjen3,31isjen3::RMSD,sdu6-homo-3 / RMSD,RMSD,Time (ps),49700,0.23795153,nm,nm
line,overlay,sdu6-homo-3,sdu6-homo-3,rmsd,31isjen3,31isjen3::RMSD,sdu6-homo-3 / RMSD,RMSD,Time (ps),49800,0.24708441,nm,nm
line,overlay,sdu6-homo-3,sdu6-homo-3,rmsd,31isjen3,31isjen3::RMSD,sdu6-homo-3 / RMSD,RMSD,Time (ps),49900,0.23036309,nm,nm
line,overlay,sdu6-homo-3,sdu6-homo-3,rmsd,31isjen3,31isjen3::RMSD,sdu6-homo-3 / RMSD,RMSD,Time (ps),50000,0.23677886,nm,nm
line,overlay,sdu6-homo-3,sdu6-homo-3,rmsd,31isjen3,31isjen3::RMSD,sdu6-homo-3 / RMSD,RMSD,Time (ps),50100,0.21242173,nm,nm
line,overlay,sdu6-homo-3,sdu6-homo-3,rmsd,31isjen3,31isjen3::RMSD,sdu6-homo-3 / RMSD,RMSD,Time (ps),50200,0.24337058,nm,nm
line,overlay,sdu6-homo-3,sdu6-homo-3,rmsd,31isjen3,31isjen3::RMSD,sdu6-homo-3 / RMSD,RMSD,Time (ps),50300,0.22255795,nm,nm
line,overlay,sdu6-homo-3,sdu6-homo-3,rmsd,31isjen3,31isjen3::RMSD,sdu6-homo-3 / RMSD,RMSD,Time (ps),50400,0.24690184,nm,nm
line,overlay,sdu6-homo-3,sdu6-homo-3,rmsd,31isjen3,31isjen3::RMSD,sdu6-homo-3 / RMSD,RMSD,Time (ps),50500,0.21393171,nm,nm
line,overlay,sdu6-homo-3,sdu6-homo-3,rmsd,31isjen3,31isjen3::RMSD,sdu6-homo-3 / RMSD,RMSD,Time (ps),50600,0.20629393,nm,nm
line,overlay,sdu6-homo-3,sdu6-homo-3,rmsd,31isjen3,31isjen3::RMSD,sdu6-homo-3 / RMSD,RMSD,Time (ps),50700,0.23654889,nm,nm
line,overlay,sdu6-homo-3,sdu6-homo-3,rmsd,31isjen3,31isjen3::RMSD,sdu6-homo-3 / RMSD,RMSD,Time (ps),50800,0.23097432,nm,nm
line,overlay,sdu6-homo-3,sdu6-homo-3,rmsd,31isjen3,31isjen3::RMSD,sdu6-homo-3 / RMSD,RMSD,Time (ps),50900,0.24372175,nm,nm
line,overlay,sdu6-homo-3,sdu6-homo-3,rmsd,31isjen3,31isjen3::RMSD,sdu6-homo-3 / RMSD,RMSD,Time (ps),51000,0.23192613,nm,nm
line,overlay,sdu6-homo-3,sdu6-homo-3,rmsd,31isjen3,31isjen3::RMSD,sdu6-homo-3 / RMSD,RMSD,Time (ps),51100,0.23365179,nm,nm
line,overlay,sdu6-homo-3,sdu6-homo-3,rmsd,31isjen3,31isjen3::RMSD,sdu6-homo-3 / RMSD,RMSD,Time (ps),51200,0.21509159,nm,nm
line,overlay,sdu6-homo-3,sdu6-homo-3,rmsd,31isjen3,31isjen3::RMSD,sdu6-homo-3 / RMSD,RMSD,Time (ps),51300,0.23648094,nm,nm
line,overlay,sdu6-homo-3,sdu6-homo-3,rmsd,31isjen3,31isjen3::RMSD,sdu6-homo-3 / RMSD,RMSD,Time (ps),51400,0.22732109,nm,nm
line,overlay,sdu6-homo-3,sdu6-homo-3,rmsd,31isjen3,31isjen3::RMSD,sdu6-homo-3 / RMSD,RMSD,Time (ps),51500,0.22183008,nm,nm
line,overlay,sdu6-homo-3,sdu6-homo-3,rmsd,31isjen3,31isjen3::RMSD,sdu6-homo-3 / RMSD,RMSD,Time (ps),51600,0.22460276,nm,nm
line,overlay,sdu6-homo-3,sdu6-homo-3,rmsd,31isjen3,31isjen3::RMSD,sdu6-homo-3 / RMSD,RMSD,Time (ps),51700,0.24164139,nm,nm
line,overlay,sdu6-homo-3,sdu6-homo-3,rmsd,31isjen3,31isjen3::RMSD,sdu6-homo-3 / RMSD,RMSD,Time (ps),51800,0.23960352,nm,nm
line,overlay,sdu6-homo-3,sdu6-homo-3,rmsd,31isjen3,31isjen3::RMSD,sdu6-homo-3 / RMSD,RMSD,Time (ps),51900,0.23629674,nm,nm
line,overlay,sdu6-homo-3,sdu6-homo-3,rmsd,31isjen3,31isjen3::RMSD,sdu6-homo-3 / RMSD,RMSD,Time (ps),52000,0.2421471,nm,nm
line,overlay,sdu6-homo-3,sdu6-homo-3,rmsd,31isjen3,31isjen3::RMSD,sdu6-homo-3 / RMSD,RMSD,Time (ps),52100,0.23587959,nm,nm
line,overlay,sdu6-homo-3,sdu6-homo-3,rmsd,31isjen3,31isjen3::RMSD,sdu6-homo-3 / RMSD,RMSD,Time (ps),52200,0.22937316,nm,nm
line,overlay,sdu6-homo-3,sdu6-homo-3,rmsd,31isjen3,31isjen3::RMSD,sdu6-homo-3 / RMSD,RMSD,Time (ps),52300,0.24628173,nm,nm
line,overlay,sdu6-homo-3,sdu6-homo-3,rmsd,31isjen3,31isjen3::RMSD,sdu6-homo-3 / RMSD,RMSD,Time (ps),52400,0.23605752,nm,nm
line,overlay,sdu6-homo-3,sdu6-homo-3,rmsd,31isjen3,31isjen3::RMSD,sdu6-homo-3 / RMSD,RMSD,Time (ps),52500,0.22870326,nm,nm
line,overlay,sdu6-homo-3,sdu6-homo-3,rmsd,31isjen3,31isjen3::RMSD,sdu6-homo-3 / RMSD,RMSD,Time (ps),52600,0.22205196,nm,nm
line,overlay,sdu6-homo-3,sdu6-homo-3,rmsd,31isjen3,31isjen3::RMSD,sdu6-homo-3 / RMSD,RMSD,Time (ps),52700,0.23545069,nm,nm
line,overlay,sdu6-homo-3,sdu6-homo-3,rmsd,31isjen3,31isjen3::RMSD,sdu6-homo-3 / RMSD,RMSD,Time (ps),52800,0.21519037,nm,nm
line,overlay,sdu6-homo-3,sdu6-homo-3,rmsd,31isjen3,31isjen3::RMSD,sdu6-homo-3 / RMSD,RMSD,Time (ps),52900,0.23371612,nm,nm
line,overlay,sdu6-homo-3,sdu6-homo-3,rmsd,31isjen3,31isjen3::RMSD,sdu6-homo-3 / RMSD,RMSD,Time (ps),53000,0.22281165,nm,nm
line,overlay,sdu6-homo-3,sdu6-homo-3,rmsd,31isjen3,31isjen3::RMSD,sdu6-homo-3 / RMSD,RMSD,Time (ps),53100,0.23050031,nm,nm
line,overlay,sdu6-homo-3,sdu6-homo-3,rmsd,31isjen3,31isjen3::RMSD,sdu6-homo-3 / RMSD,RMSD,Time (ps),53200,0.23161526,nm,nm
line,overlay,sdu6-homo-3,sdu6-homo-3,rmsd,31isjen3,31isjen3::RMSD,sdu6-homo-3 / RMSD,RMSD,Time (ps),53300,0.23838462,nm,nm
line,overlay,sdu6-homo-3,sdu6-homo-3,rmsd,31isjen3,31isjen3::RMSD,sdu6-homo-3 / RMSD,RMSD,Time (ps),53400,0.24516582,nm,nm
line,overlay,sdu6-homo-3,sdu6-homo-3,rmsd,31isjen3,31isjen3::RMSD,sdu6-homo-3 / RMSD,RMSD,Time (ps),53500,0.23001406,nm,nm
line,overlay,sdu6-homo-3,sdu6-homo-3,rmsd,31isjen3,31isjen3::RMSD,sdu6-homo-3 / RMSD,RMSD,Time (ps),53600,0.23143391,nm,nm
line,overlay,sdu6-homo-3,sdu6-homo-3,rmsd,31isjen3,31isjen3::RMSD,sdu6-homo-3 / RMSD,RMSD,Time (ps),53700,0.25024453,nm,nm
line,overlay,sdu6-homo-3,sdu6-homo-3,rmsd,31isjen3,31isjen3::RMSD,sdu6-homo-3 / RMSD,RMSD,Time (ps),53800,0.22900225,nm,nm
line,overlay,sdu6-homo-3,sdu6-homo-3,rmsd,31isjen3,31isjen3::RMSD,sdu6-homo-3 / RMSD,RMSD,Time (ps),53900,0.22905883,nm,nm
line,overlay,sdu6-homo-3,sdu6-homo-3,rmsd,31isjen3,31isjen3::RMSD,sdu6-homo-3 / RMSD,RMSD,Time (ps),54000,0.2335009,nm,nm
line,overlay,sdu6-homo-3,sdu6-homo-3,rmsd,31isjen3,31isjen3::RMSD,sdu6-homo-3 / RMSD,RMSD,Time (ps),54100,0.22747609,nm,nm
line,overlay,sdu6-homo-3,sdu6-homo-3,rmsd,31isjen3,31isjen3::RMSD,sdu6-homo-3 / RMSD,RMSD,Time (ps),54200,0.2200447,nm,nm
line,overlay,sdu6-homo-3,sdu6-homo-3,rmsd,31isjen3,31isjen3::RMSD,sdu6-homo-3 / RMSD,RMSD,Time (ps),54300,0.22943643,nm,nm
line,overlay,sdu6-homo-3,sdu6-homo-3,rmsd,31isjen3,31isjen3::RMSD,sdu6-homo-3 / RMSD,RMSD,Time (ps),54400,0.21953529,nm,nm
line,overlay,sdu6-homo-3,sdu6-homo-3,rmsd,31isjen3,31isjen3::RMSD,sdu6-homo-3 / RMSD,RMSD,Time (ps),54500,0.22853322,nm,nm
line,overlay,sdu6-homo-3,sdu6-homo-3,rmsd,31isjen3,31isjen3::RMSD,sdu6-homo-3 / RMSD,RMSD,Time (ps),54600,0.23581146,nm,nm
line,overlay,sdu6-homo-3,sdu6-homo-3,rmsd,31isjen3,31isjen3::RMSD,sdu6-homo-3 / RMSD,RMSD,Time (ps),54700,0.23095636,nm,nm
line,overlay,sdu6-homo-3,sdu6-homo-3,rmsd,31isjen3,31isjen3::RMSD,sdu6-homo-3 / RMSD,RMSD,Time (ps),54800,0.23258004,nm,nm
line,overlay,sdu6-homo-3,sdu6-homo-3,rmsd,31isjen3,31isjen3::RMSD,sdu6-homo-3 / RMSD,RMSD,Time (ps),54900,0.22163373,nm,nm
line,overlay,sdu6-homo-3,sdu6-homo-3,rmsd,31isjen3,31isjen3::RMSD,sdu6-homo-3 / RMSD,RMSD,Time (ps),55000,0.23559374,nm,nm
line,overlay,sdu6-homo-3,sdu6-homo-3,rmsd,31isjen3,31isjen3::RMSD,sdu6-homo-3 / RMSD,RMSD,Time (ps),55100,0.23552112,nm,nm
line,overlay,sdu6-homo-3,sdu6-homo-3,rmsd,31isjen3,31isjen3::RMSD,sdu6-homo-3 / RMSD,RMSD,Time (ps),55200,0.23666938,nm,nm
line,overlay,sdu6-homo-3,sdu6-homo-3,rmsd,31isjen3,31isjen3::RMSD,sdu6-homo-3 / RMSD,RMSD,Time (ps),55300,0.23282284,nm,nm
line,overlay,sdu6-homo-3,sdu6-homo-3,rmsd,31isjen3,31isjen3::RMSD,sdu6-homo-3 / RMSD,RMSD,Time (ps),55400,0.235356,nm,nm
line,overlay,sdu6-homo-3,sdu6-homo-3,rmsd,31isjen3,31isjen3::RMSD,sdu6-homo-3 / RMSD,RMSD,Time (ps),55500,0.2318367,nm,nm
line,overlay,sdu6-homo-3,sdu6-homo-3,rmsd,31isjen3,31isjen3::RMSD,sdu6-homo-3 / RMSD,RMSD,Time (ps),55600,0.23858893,nm,nm
line,overlay,sdu6-homo-3,sdu6-homo-3,rmsd,31isjen3,31isjen3::RMSD,sdu6-homo-3 / RMSD,RMSD,Time (ps),55700,0.21886134,nm,nm
line,overlay,sdu6-homo-3,sdu6-homo-3,rmsd,31isjen3,31isjen3::RMSD,sdu6-homo-3 / RMSD,RMSD,Time (ps),55800,0.23461041,nm,nm
line,overlay,sdu6-homo-3,sdu6-homo-3,rmsd,31isjen3,31isjen3::RMSD,sdu6-homo-3 / RMSD,RMSD,Time (ps),55900,0.23483787,nm,nm
line,overlay,sdu6-homo-3,sdu6-homo-3,rmsd,31isjen3,31isjen3::RMSD,sdu6-homo-3 / RMSD,RMSD,Time (ps),56000,0.22895923,nm,nm
line,overlay,sdu6-homo-3,sdu6-homo-3,rmsd,31isjen3,31isjen3::RMSD,sdu6-homo-3 / RMSD,RMSD,Time (ps),56100,0.2271637,nm,nm
line,overlay,sdu6-homo-3,sdu6-homo-3,rmsd,31isjen3,31isjen3::RMSD,sdu6-homo-3 / RMSD,RMSD,Time (ps),56200,0.23333879,nm,nm
line,overlay,sdu6-homo-3,sdu6-homo-3,rmsd,31isjen3,31isjen3::RMSD,sdu6-homo-3 / RMSD,RMSD,Time (ps),56300,0.24902152,nm,nm
line,overlay,sdu6-homo-3,sdu6-homo-3,rmsd,31isjen3,31isjen3::RMSD,sdu6-homo-3 / RMSD,RMSD,Time (ps),56400,0.24478708,nm,nm
line,overlay,sdu6-homo-3,sdu6-homo-3,rmsd,31isjen3,31isjen3::RMSD,sdu6-homo-3 / RMSD,RMSD,Time (ps),56500,0.21862201,nm,nm
line,overlay,sdu6-homo-3,sdu6-homo-3,rmsd,31isjen3,31isjen3::RMSD,sdu6-homo-3 / RMSD,RMSD,Time (ps),56600,0.22246243,nm,nm
line,overlay,sdu6-homo-3,sdu6-homo-3,rmsd,31isjen3,31isjen3::RMSD,sdu6-homo-3 / RMSD,RMSD,Time (ps),56700,0.20847344,nm,nm
line,overlay,sdu6-homo-3,sdu6-homo-3,rmsd,31isjen3,31isjen3::RMSD,sdu6-homo-3 / RMSD,RMSD,Time (ps),56800,0.21747859,nm,nm
line,overlay,sdu6-homo-3,sdu6-homo-3,rmsd,31isjen3,31isjen3::RMSD,sdu6-homo-3 / RMSD,RMSD,Time (ps),56900,0.22388156,nm,nm
line,overlay,sdu6-homo-3,sdu6-homo-3,rmsd,31isjen3,31isjen3::RMSD,sdu6-homo-3 / RMSD,RMSD,Time (ps),57000,0.22504772,nm,nm
line,overlay,sdu6-homo-3,sdu6-homo-3,rmsd,31isjen3,31isjen3::RMSD,sdu6-homo-3 / RMSD,RMSD,Time (ps),57100,0.21852003,nm,nm
line,overlay,sdu6-homo-3,sdu6-homo-3,rmsd,31isjen3,31isjen3::RMSD,sdu6-homo-3 / RMSD,RMSD,Time (ps),57200,0.22910634,nm,nm
line,overlay,sdu6-homo-3,sdu6-homo-3,rmsd,31isjen3,31isjen3::RMSD,sdu6-homo-3 / RMSD,RMSD,Time (ps),57300,0.23506069,nm,nm
line,overlay,sdu6-homo-3,sdu6-homo-3,rmsd,31isjen3,31isjen3::RMSD,sdu6-homo-3 / RMSD,RMSD,Time (ps),57400,0.2279905,nm,nm
line,overlay,sdu6-homo-3,sdu6-homo-3,rmsd,31isjen3,31isjen3::RMSD,sdu6-homo-3 / RMSD,RMSD,Time (ps),57500,0.2291923,nm,nm
line,overlay,sdu6-homo-3,sdu6-homo-3,rmsd,31isjen3,31isjen3::RMSD,sdu6-homo-3 / RMSD,RMSD,Time (ps),57600,0.2354551,nm,nm
line,overlay,sdu6-homo-3,sdu6-homo-3,rmsd,31isjen3,31isjen3::RMSD,sdu6-homo-3 / RMSD,RMSD,Time (ps),57700,0.22990361,nm,nm
line,overlay,sdu6-homo-3,sdu6-homo-3,rmsd,31isjen3,31isjen3::RMSD,sdu6-homo-3 / RMSD,RMSD,Time (ps),57800,0.21498552,nm,nm
line,overlay,sdu6-homo-3,sdu6-homo-3,rmsd,31isjen3,31isjen3::RMSD,sdu6-homo-3 / RMSD,RMSD,Time (ps),57900,0.21482392,nm,nm
line,overlay,sdu6-homo-3,sdu6-homo-3,rmsd,31isjen3,31isjen3::RMSD,sdu6-homo-3 / RMSD,RMSD,Time (ps),58000,0.24018691,nm,nm
line,overlay,sdu6-homo-3,sdu6-homo-3,rmsd,31isjen3,31isjen3::RMSD,sdu6-homo-3 / RMSD,RMSD,Time (ps),58100,0.21973589,nm,nm
line,overlay,sdu6-homo-3,sdu6-homo-3,rmsd,31isjen3,31isjen3::RMSD,sdu6-homo-3 / RMSD,RMSD,Time (ps),58200,0.21592858,nm,nm
line,overlay,sdu6-homo-3,sdu6-homo-3,rmsd,31isjen3,31isjen3::RMSD,sdu6-homo-3 / RMSD,RMSD,Time (ps),58300,0.21790004,nm,nm
line,overlay,sdu6-homo-3,sdu6-homo-3,rmsd,31isjen3,31isjen3::RMSD,sdu6-homo-3 / RMSD,RMSD,Time (ps),58400,0.23808873,nm,nm
line,overlay,sdu6-homo-3,sdu6-homo-3,rmsd,31isjen3,31isjen3::RMSD,sdu6-homo-3 / RMSD,RMSD,Time (ps),58500,0.21697988,nm,nm
line,overlay,sdu6-homo-3,sdu6-homo-3,rmsd,31isjen3,31isjen3::RMSD,sdu6-homo-3 / RMSD,RMSD,Time (ps),58600,0.20859772,nm,nm
line,overlay,sdu6-homo-3,sdu6-homo-3,rmsd,31isjen3,31isjen3::RMSD,sdu6-homo-3 / RMSD,RMSD,Time (ps),58700,0.22179738,nm,nm
line,overlay,sdu6-homo-3,sdu6-homo-3,rmsd,31isjen3,31isjen3::RMSD,sdu6-homo-3 / RMSD,RMSD,Time (ps),58800,0.20862009,nm,nm
line,overlay,sdu6-homo-3,sdu6-homo-3,rmsd,31isjen3,31isjen3::RMSD,sdu6-homo-3 / RMSD,RMSD,Time (ps),58900,0.2161733,nm,nm
line,overlay,sdu6-homo-3,sdu6-homo-3,rmsd,31isjen3,31isjen3::RMSD,sdu6-homo-3 / RMSD,RMSD,Time (ps),59000,0.2170969,nm,nm
line,overlay,sdu6-homo-3,sdu6-homo-3,rmsd,31isjen3,31isjen3::RMSD,sdu6-homo-3 / RMSD,RMSD,Time (ps),59100,0.21067224,nm,nm
line,overlay,sdu6-homo-3,sdu6-homo-3,rmsd,31isjen3,31isjen3::RMSD,sdu6-homo-3 / RMSD,RMSD,Time (ps),59200,0.21520242,nm,nm
line,overlay,sdu6-homo-3,sdu6-homo-3,rmsd,31isjen3,31isjen3::RMSD,sdu6-homo-3 / RMSD,RMSD,Time (ps),59300,0.21104836,nm,nm
line,overlay,sdu6-homo-3,sdu6-homo-3,rmsd,31isjen3,31isjen3::RMSD,sdu6-homo-3 / RMSD,RMSD,Time (ps),59400,0.21956834,nm,nm
line,overlay,sdu6-homo-3,sdu6-homo-3,rmsd,31isjen3,31isjen3::RMSD,sdu6-homo-3 / RMSD,RMSD,Time (ps),59500,0.21610616,nm,nm
line,overlay,sdu6-homo-3,sdu6-homo-3,rmsd,31isjen3,31isjen3::RMSD,sdu6-homo-3 / RMSD,RMSD,Time (ps),59600,0.21696314,nm,nm
line,overlay,sdu6-homo-3,sdu6-homo-3,rmsd,31isjen3,31isjen3::RMSD,sdu6-homo-3 / RMSD,RMSD,Time (ps),59700,0.2144351,nm,nm
line,overlay,sdu6-homo-3,sdu6-homo-3,rmsd,31isjen3,31isjen3::RMSD,sdu6-homo-3 / RMSD,RMSD,Time (ps),59800,0.20313138,nm,nm
line,overlay,sdu6-homo-3,sdu6-homo-3,rmsd,31isjen3,31isjen3::RMSD,sdu6-homo-3 / RMSD,RMSD,Time (ps),59900,0.20963879,nm,nm
line,overlay,sdu6-homo-3,sdu6-homo-3,rmsd,31isjen3,31isjen3::RMSD,sdu6-homo-3 / RMSD,RMSD,Time (ps),60000,0.21512532,nm,nm
line,overlay,sdu6-homo-3,sdu6-homo-3,rmsd,31isjen3,31isjen3::RMSD,sdu6-homo-3 / RMSD,RMSD,Time (ps),60100,0.209431,nm,nm
line,overlay,sdu6-homo-3,sdu6-homo-3,rmsd,31isjen3,31isjen3::RMSD,sdu6-homo-3 / RMSD,RMSD,Time (ps),60200,0.21067718,nm,nm
line,overlay,sdu6-homo-3,sdu6-homo-3,rmsd,31isjen3,31isjen3::RMSD,sdu6-homo-3 / RMSD,RMSD,Time (ps),60300,0.2151446,nm,nm
line,overlay,sdu6-homo-3,sdu6-homo-3,rmsd,31isjen3,31isjen3::RMSD,sdu6-homo-3 / RMSD,RMSD,Time (ps),60400,0.22194223,nm,nm
line,overlay,sdu6-homo-3,sdu6-homo-3,rmsd,31isjen3,31isjen3::RMSD,sdu6-homo-3 / RMSD,RMSD,Time (ps),60500,0.2098612,nm,nm
line,overlay,sdu6-homo-3,sdu6-homo-3,rmsd,31isjen3,31isjen3::RMSD,sdu6-homo-3 / RMSD,RMSD,Time (ps),60600,0.21770965,nm,nm
line,overlay,sdu6-homo-3,sdu6-homo-3,rmsd,31isjen3,31isjen3::RMSD,sdu6-homo-3 / RMSD,RMSD,Time (ps),60700,0.21250224,nm,nm
line,overlay,sdu6-homo-3,sdu6-homo-3,rmsd,31isjen3,31isjen3::RMSD,sdu6-homo-3 / RMSD,RMSD,Time (ps),60800,0.1953606,nm,nm
line,overlay,sdu6-homo-3,sdu6-homo-3,rmsd,31isjen3,31isjen3::RMSD,sdu6-homo-3 / RMSD,RMSD,Time (ps),60900,0.20857039,nm,nm
line,overlay,sdu6-homo-3,sdu6-homo-3,rmsd,31isjen3,31isjen3::RMSD,sdu6-homo-3 / RMSD,RMSD,Time (ps),61000,0.20967093,nm,nm
line,overlay,sdu6-homo-3,sdu6-homo-3,rmsd,31isjen3,31isjen3::RMSD,sdu6-homo-3 / RMSD,RMSD,Time (ps),61100,0.20285815,nm,nm
line,overlay,sdu6-homo-3,sdu6-homo-3,rmsd,31isjen3,31isjen3::RMSD,sdu6-homo-3 / RMSD,RMSD,Time (ps),61200,0.21370141,nm,nm
line,overlay,sdu6-homo-3,sdu6-homo-3,rmsd,31isjen3,31isjen3::RMSD,sdu6-homo-3 / RMSD,RMSD,Time (ps),61300,0.21444717,nm,nm
line,overlay,sdu6-homo-3,sdu6-homo-3,rmsd,31isjen3,31isjen3::RMSD,sdu6-homo-3 / RMSD,RMSD,Time (ps),61400,0.20145047,nm,nm
line,overlay,sdu6-homo-3,sdu6-homo-3,rmsd,31isjen3,31isjen3::RMSD,sdu6-homo-3 / RMSD,RMSD,Time (ps),61500,0.18930483,nm,nm
line,overlay,sdu6-homo-3,sdu6-homo-3,rmsd,31isjen3,31isjen3::RMSD,sdu6-homo-3 / RMSD,RMSD,Time (ps),61600,0.19428305,nm,nm
line,overlay,sdu6-homo-3,sdu6-homo-3,rmsd,31isjen3,31isjen3::RMSD,sdu6-homo-3 / RMSD,RMSD,Time (ps),61700,0.19927737,nm,nm
line,overlay,sdu6-homo-3,sdu6-homo-3,rmsd,31isjen3,31isjen3::RMSD,sdu6-homo-3 / RMSD,RMSD,Time (ps),61800,0.22297677,nm,nm
line,overlay,sdu6-homo-3,sdu6-homo-3,rmsd,31isjen3,31isjen3::RMSD,sdu6-homo-3 / RMSD,RMSD,Time (ps),61900,0.21446168,nm,nm
line,overlay,sdu6-homo-3,sdu6-homo-3,rmsd,31isjen3,31isjen3::RMSD,sdu6-homo-3 / RMSD,RMSD,Time (ps),62000,0.20604753,nm,nm
line,overlay,sdu6-homo-3,sdu6-homo-3,rmsd,31isjen3,31isjen3::RMSD,sdu6-homo-3 / RMSD,RMSD,Time (ps),62100,0.20774865,nm,nm
line,overlay,sdu6-homo-3,sdu6-homo-3,rmsd,31isjen3,31isjen3::RMSD,sdu6-homo-3 / RMSD,RMSD,Time (ps),62200,0.18358324,nm,nm
line,overlay,sdu6-homo-3,sdu6-homo-3,rmsd,31isjen3,31isjen3::RMSD,sdu6-homo-3 / RMSD,RMSD,Time (ps),62300,0.18198098,nm,nm
line,overlay,sdu6-homo-3,sdu6-homo-3,rmsd,31isjen3,31isjen3::RMSD,sdu6-homo-3 / RMSD,RMSD,Time (ps),62400,0.19879557,nm,nm
line,overlay,sdu6-homo-3,sdu6-homo-3,rmsd,31isjen3,31isjen3::RMSD,sdu6-homo-3 / RMSD,RMSD,Time (ps),62500,0.19325046,nm,nm
line,overlay,sdu6-homo-3,sdu6-homo-3,rmsd,31isjen3,31isjen3::RMSD,sdu6-homo-3 / RMSD,RMSD,Time (ps),62600,0.19893894,nm,nm
line,overlay,sdu6-homo-3,sdu6-homo-3,rmsd,31isjen3,31isjen3::RMSD,sdu6-homo-3 / RMSD,RMSD,Time (ps),62700,0.20580338,nm,nm
line,overlay,sdu6-homo-3,sdu6-homo-3,rmsd,31isjen3,31isjen3::RMSD,sdu6-homo-3 / RMSD,RMSD,Time (ps),62800,0.193639,nm,nm
line,overlay,sdu6-homo-3,sdu6-homo-3,rmsd,31isjen3,31isjen3::RMSD,sdu6-homo-3 / RMSD,RMSD,Time (ps),62900,0.20590661,nm,nm
line,overlay,sdu6-homo-3,sdu6-homo-3,rmsd,31isjen3,31isjen3::RMSD,sdu6-homo-3 / RMSD,RMSD,Time (ps),63000,0.20166905,nm,nm
line,overlay,sdu6-homo-3,sdu6-homo-3,rmsd,31isjen3,31isjen3::RMSD,sdu6-homo-3 / RMSD,RMSD,Time (ps),63100,0.21234608,nm,nm
line,overlay,sdu6-homo-3,sdu6-homo-3,rmsd,31isjen3,31isjen3::RMSD,sdu6-homo-3 / RMSD,RMSD,Time (ps),63200,0.22351544,nm,nm
line,overlay,sdu6-homo-3,sdu6-homo-3,rmsd,31isjen3,31isjen3::RMSD,sdu6-homo-3 / RMSD,RMSD,Time (ps),63300,0.21550567,nm,nm
line,overlay,sdu6-homo-3,sdu6-homo-3,rmsd,31isjen3,31isjen3::RMSD,sdu6-homo-3 / RMSD,RMSD,Time (ps),63400,0.19510572,nm,nm
line,overlay,sdu6-homo-3,sdu6-homo-3,rmsd,31isjen3,31isjen3::RMSD,sdu6-homo-3 / RMSD,RMSD,Time (ps),63500,0.18135613,nm,nm
line,overlay,sdu6-homo-3,sdu6-homo-3,rmsd,31isjen3,31isjen3::RMSD,sdu6-homo-3 / RMSD,RMSD,Time (ps),63600,0.2006073,nm,nm
line,overlay,sdu6-homo-3,sdu6-homo-3,rmsd,31isjen3,31isjen3::RMSD,sdu6-homo-3 / RMSD,RMSD,Time (ps),63700,0.20402509,nm,nm
line,overlay,sdu6-homo-3,sdu6-homo-3,rmsd,31isjen3,31isjen3::RMSD,sdu6-homo-3 / RMSD,RMSD,Time (ps),63800,0.20043153,nm,nm
line,overlay,sdu6-homo-3,sdu6-homo-3,rmsd,31isjen3,31isjen3::RMSD,sdu6-homo-3 / RMSD,RMSD,Time (ps),63900,0.19639528,nm,nm
line,overlay,sdu6-homo-3,sdu6-homo-3,rmsd,31isjen3,31isjen3::RMSD,sdu6-homo-3 / RMSD,RMSD,Time (ps),64000,0.2061758,nm,nm
line,overlay,sdu6-homo-3,sdu6-homo-3,rmsd,31isjen3,31isjen3::RMSD,sdu6-homo-3 / RMSD,RMSD,Time (ps),64100,0.18747512,nm,nm
line,overlay,sdu6-homo-3,sdu6-homo-3,rmsd,31isjen3,31isjen3::RMSD,sdu6-homo-3 / RMSD,RMSD,Time (ps),64200,0.18496719,nm,nm
line,overlay,sdu6-homo-3,sdu6-homo-3,rmsd,31isjen3,31isjen3::RMSD,sdu6-homo-3 / RMSD,RMSD,Time (ps),64300,0.18584785,nm,nm
line,overlay,sdu6-homo-3,sdu6-homo-3,rmsd,31isjen3,31isjen3::RMSD,sdu6-homo-3 / RMSD,RMSD,Time (ps),64400,0.20064089,nm,nm
line,overlay,sdu6-homo-3,sdu6-homo-3,rmsd,31isjen3,31isjen3::RMSD,sdu6-homo-3 / RMSD,RMSD,Time (ps),64500,0.19659577,nm,nm
line,overlay,sdu6-homo-3,sdu6-homo-3,rmsd,31isjen3,31isjen3::RMSD,sdu6-homo-3 / RMSD,RMSD,Time (ps),64600,0.1925545,nm,nm
line,overlay,sdu6-homo-3,sdu6-homo-3,rmsd,31isjen3,31isjen3::RMSD,sdu6-homo-3 / RMSD,RMSD,Time (ps),64700,0.20018569,nm,nm
line,overlay,sdu6-homo-3,sdu6-homo-3,rmsd,31isjen3,31isjen3::RMSD,sdu6-homo-3 / RMSD,RMSD,Time (ps),64800,0.19366309,nm,nm
line,overlay,sdu6-homo-3,sdu6-homo-3,rmsd,31isjen3,31isjen3::RMSD,sdu6-homo-3 / RMSD,RMSD,Time (ps),64900,0.19319412,nm,nm
line,overlay,sdu6-homo-3,sdu6-homo-3,rmsd,31isjen3,31isjen3::RMSD,sdu6-homo-3 / RMSD,RMSD,Time (ps),65000,0.1990171,nm,nm
line,overlay,sdu6-homo-3,sdu6-homo-3,rmsd,31isjen3,31isjen3::RMSD,sdu6-homo-3 / RMSD,RMSD,Time (ps),65100,0.20476812,nm,nm
line,overlay,sdu6-homo-3,sdu6-homo-3,rmsd,31isjen3,31isjen3::RMSD,sdu6-homo-3 / RMSD,RMSD,Time (ps),65200,0.20432973,nm,nm
line,overlay,sdu6-homo-3,sdu6-homo-3,rmsd,31isjen3,31isjen3::RMSD,sdu6-homo-3 / RMSD,RMSD,Time (ps),65300,0.21271192,nm,nm
line,overlay,sdu6-homo-3,sdu6-homo-3,rmsd,31isjen3,31isjen3::RMSD,sdu6-homo-3 / RMSD,RMSD,Time (ps),65400,0.20969813,nm,nm
line,overlay,sdu6-homo-3,sdu6-homo-3,rmsd,31isjen3,31isjen3::RMSD,sdu6-homo-3 / RMSD,RMSD,Time (ps),65500,0.2043627,nm,nm
line,overlay,sdu6-homo-3,sdu6-homo-3,rmsd,31isjen3,31isjen3::RMSD,sdu6-homo-3 / RMSD,RMSD,Time (ps),65600,0.2157845,nm,nm
line,overlay,sdu6-homo-3,sdu6-homo-3,rmsd,31isjen3,31isjen3::RMSD,sdu6-homo-3 / RMSD,RMSD,Time (ps),65700,0.1945683,nm,nm
line,overlay,sdu6-homo-3,sdu6-homo-3,rmsd,31isjen3,31isjen3::RMSD,sdu6-homo-3 / RMSD,RMSD,Time (ps),65800,0.2079382,nm,nm
line,overlay,sdu6-homo-3,sdu6-homo-3,rmsd,31isjen3,31isjen3::RMSD,sdu6-homo-3 / RMSD,RMSD,Time (ps),65900,0.20224911,nm,nm
line,overlay,sdu6-homo-3,sdu6-homo-3,rmsd,31isjen3,31isjen3::RMSD,sdu6-homo-3 / RMSD,RMSD,Time (ps),66000,0.1982734,nm,nm
line,overlay,sdu6-homo-3,sdu6-homo-3,rmsd,31isjen3,31isjen3::RMSD,sdu6-homo-3 / RMSD,RMSD,Time (ps),66100,0.19209364,nm,nm
line,overlay,sdu6-homo-3,sdu6-homo-3,rmsd,31isjen3,31isjen3::RMSD,sdu6-homo-3 / RMSD,RMSD,Time (ps),66200,0.20330483,nm,nm
line,overlay,sdu6-homo-3,sdu6-homo-3,rmsd,31isjen3,31isjen3::RMSD,sdu6-homo-3 / RMSD,RMSD,Time (ps),66300,0.194917,nm,nm
line,overlay,sdu6-homo-3,sdu6-homo-3,rmsd,31isjen3,31isjen3::RMSD,sdu6-homo-3 / RMSD,RMSD,Time (ps),66400,0.19459495,nm,nm
line,overlay,sdu6-homo-3,sdu6-homo-3,rmsd,31isjen3,31isjen3::RMSD,sdu6-homo-3 / RMSD,RMSD,Time (ps),66500,0.20136811,nm,nm
line,overlay,sdu6-homo-3,sdu6-homo-3,rmsd,31isjen3,31isjen3::RMSD,sdu6-homo-3 / RMSD,RMSD,Time (ps),66600,0.19827078,nm,nm
line,overlay,sdu6-homo-3,sdu6-homo-3,rmsd,31isjen3,31isjen3::RMSD,sdu6-homo-3 / RMSD,RMSD,Time (ps),66700,0.19687769,nm,nm
line,overlay,sdu6-homo-3,sdu6-homo-3,rmsd,31isjen3,31isjen3::RMSD,sdu6-homo-3 / RMSD,RMSD,Time (ps),66800,0.2130382,nm,nm
line,overlay,sdu6-homo-3,sdu6-homo-3,rmsd,31isjen3,31isjen3::RMSD,sdu6-homo-3 / RMSD,RMSD,Time (ps),66900,0.21218735,nm,nm
line,overlay,sdu6-homo-3,sdu6-homo-3,rmsd,31isjen3,31isjen3::RMSD,sdu6-homo-3 / RMSD,RMSD,Time (ps),67000,0.20544541,nm,nm
line,overlay,sdu6-homo-3,sdu6-homo-3,rmsd,31isjen3,31isjen3::RMSD,sdu6-homo-3 / RMSD,RMSD,Time (ps),67100,0.20263828,nm,nm
line,overlay,sdu6-homo-3,sdu6-homo-3,rmsd,31isjen3,31isjen3::RMSD,sdu6-homo-3 / RMSD,RMSD,Time (ps),67200,0.21203828,nm,nm
line,overlay,sdu6-homo-3,sdu6-homo-3,rmsd,31isjen3,31isjen3::RMSD,sdu6-homo-3 / RMSD,RMSD,Time (ps),67300,0.21064273,nm,nm
line,overlay,sdu6-homo-3,sdu6-homo-3,rmsd,31isjen3,31isjen3::RMSD,sdu6-homo-3 / RMSD,RMSD,Time (ps),67400,0.20366654,nm,nm
line,overlay,sdu6-homo-3,sdu6-homo-3,rmsd,31isjen3,31isjen3::RMSD,sdu6-homo-3 / RMSD,RMSD,Time (ps),67500,0.21422711,nm,nm
line,overlay,sdu6-homo-3,sdu6-homo-3,rmsd,31isjen3,31isjen3::RMSD,sdu6-homo-3 / RMSD,RMSD,Time (ps),67600,0.21501446,nm,nm
line,overlay,sdu6-homo-3,sdu6-homo-3,rmsd,31isjen3,31isjen3::RMSD,sdu6-homo-3 / RMSD,RMSD,Time (ps),67700,0.2016305,nm,nm
line,overlay,sdu6-homo-3,sdu6-homo-3,rmsd,31isjen3,31isjen3::RMSD,sdu6-homo-3 / RMSD,RMSD,Time (ps),67800,0.19496486,nm,nm
line,overlay,sdu6-homo-3,sdu6-homo-3,rmsd,31isjen3,31isjen3::RMSD,sdu6-homo-3 / RMSD,RMSD,Time (ps),67900,0.20996492,nm,nm
line,overlay,sdu6-homo-3,sdu6-homo-3,rmsd,31isjen3,31isjen3::RMSD,sdu6-homo-3 / RMSD,RMSD,Time (ps),68000,0.207179,nm,nm
line,overlay,sdu6-homo-3,sdu6-homo-3,rmsd,31isjen3,31isjen3::RMSD,sdu6-homo-3 / RMSD,RMSD,Time (ps),68100,0.19912905,nm,nm
line,overlay,sdu6-homo-3,sdu6-homo-3,rmsd,31isjen3,31isjen3::RMSD,sdu6-homo-3 / RMSD,RMSD,Time (ps),68200,0.20556396,nm,nm
line,overlay,sdu6-homo-3,sdu6-homo-3,rmsd,31isjen3,31isjen3::RMSD,sdu6-homo-3 / RMSD,RMSD,Time (ps),68300,0.22315803,nm,nm
line,overlay,sdu6-homo-3,sdu6-homo-3,rmsd,31isjen3,31isjen3::RMSD,sdu6-homo-3 / RMSD,RMSD,Time (ps),68400,0.2033864,nm,nm
line,overlay,sdu6-homo-3,sdu6-homo-3,rmsd,31isjen3,31isjen3::RMSD,sdu6-homo-3 / RMSD,RMSD,Time (ps),68500,0.20835656,nm,nm
line,overlay,sdu6-homo-3,sdu6-homo-3,rmsd,31isjen3,31isjen3::RMSD,sdu6-homo-3 / RMSD,RMSD,Time (ps),68600,0.22104827,nm,nm
line,overlay,sdu6-homo-3,sdu6-homo-3,rmsd,31isjen3,31isjen3::RMSD,sdu6-homo-3 / RMSD,RMSD,Time (ps),68700,0.20236696,nm,nm
line,overlay,sdu6-homo-3,sdu6-homo-3,rmsd,31isjen3,31isjen3::RMSD,sdu6-homo-3 / RMSD,RMSD,Time (ps),68800,0.19808248,nm,nm
line,overlay,sdu6-homo-3,sdu6-homo-3,rmsd,31isjen3,31isjen3::RMSD,sdu6-homo-3 / RMSD,RMSD,Time (ps),68900,0.20259735,nm,nm
line,overlay,sdu6-homo-3,sdu6-homo-3,rmsd,31isjen3,31isjen3::RMSD,sdu6-homo-3 / RMSD,RMSD,Time (ps),69000,0.20510958,nm,nm
line,overlay,sdu6-homo-3,sdu6-homo-3,rmsd,31isjen3,31isjen3::RMSD,sdu6-homo-3 / RMSD,RMSD,Time (ps),69100,0.19476269,nm,nm
line,overlay,sdu6-homo-3,sdu6-homo-3,rmsd,31isjen3,31isjen3::RMSD,sdu6-homo-3 / RMSD,RMSD,Time (ps),69200,0.20530912,nm,nm
line,overlay,sdu6-homo-3,sdu6-homo-3,rmsd,31isjen3,31isjen3::RMSD,sdu6-homo-3 / RMSD,RMSD,Time (ps),69300,0.19268368,nm,nm
line,overlay,sdu6-homo-3,sdu6-homo-3,rmsd,31isjen3,31isjen3::RMSD,sdu6-homo-3 / RMSD,RMSD,Time (ps),69400,0.21485528,nm,nm
line,overlay,sdu6-homo-3,sdu6-homo-3,rmsd,31isjen3,31isjen3::RMSD,sdu6-homo-3 / RMSD,RMSD,Time (ps),69500,0.20581093,nm,nm
line,overlay,sdu6-homo-3,sdu6-homo-3,rmsd,31isjen3,31isjen3::RMSD,sdu6-homo-3 / RMSD,RMSD,Time (ps),69600,0.215931,nm,nm
line,overlay,sdu6-homo-3,sdu6-homo-3,rmsd,31isjen3,31isjen3::RMSD,sdu6-homo-3 / RMSD,RMSD,Time (ps),69700,0.21683648,nm,nm
line,overlay,sdu6-homo-3,sdu6-homo-3,rmsd,31isjen3,31isjen3::RMSD,sdu6-homo-3 / RMSD,RMSD,Time (ps),69800,0.2159238,nm,nm
line,overlay,sdu6-homo-3,sdu6-homo-3,rmsd,31isjen3,31isjen3::RMSD,sdu6-homo-3 / RMSD,RMSD,Time (ps),69900,0.2210764,nm,nm
line,overlay,sdu6-homo-3,sdu6-homo-3,rmsd,31isjen3,31isjen3::RMSD,sdu6-homo-3 / RMSD,RMSD,Time (ps),70000,0.20769624,nm,nm
line,overlay,sdu6-homo-3,sdu6-homo-3,rmsd,31isjen3,31isjen3::RMSD,sdu6-homo-3 / RMSD,RMSD,Time (ps),70100,0.20379376,nm,nm
line,overlay,sdu6-homo-3,sdu6-homo-3,rmsd,31isjen3,31isjen3::RMSD,sdu6-homo-3 / RMSD,RMSD,Time (ps),70200,0.22012949,nm,nm
line,overlay,sdu6-homo-3,sdu6-homo-3,rmsd,31isjen3,31isjen3::RMSD,sdu6-homo-3 / RMSD,RMSD,Time (ps),70300,0.22389776,nm,nm
line,overlay,sdu6-homo-3,sdu6-homo-3,rmsd,31isjen3,31isjen3::RMSD,sdu6-homo-3 / RMSD,RMSD,Time (ps),70400,0.20431705,nm,nm
line,overlay,sdu6-homo-3,sdu6-homo-3,rmsd,31isjen3,31isjen3::RMSD,sdu6-homo-3 / RMSD,RMSD,Time (ps),70500,0.21735938,nm,nm
line,overlay,sdu6-homo-3,sdu6-homo-3,rmsd,31isjen3,31isjen3::RMSD,sdu6-homo-3 / RMSD,RMSD,Time (ps),70600,0.20090939,nm,nm
line,overlay,sdu6-homo-3,sdu6-homo-3,rmsd,31isjen3,31isjen3::RMSD,sdu6-homo-3 / RMSD,RMSD,Time (ps),70700,0.20302162,nm,nm
line,overlay,sdu6-homo-3,sdu6-homo-3,rmsd,31isjen3,31isjen3::RMSD,sdu6-homo-3 / RMSD,RMSD,Time (ps),70800,0.20081906,nm,nm
line,overlay,sdu6-homo-3,sdu6-homo-3,rmsd,31isjen3,31isjen3::RMSD,sdu6-homo-3 / RMSD,RMSD,Time (ps),70900,0.2138275,nm,nm
line,overlay,sdu6-homo-3,sdu6-homo-3,rmsd,31isjen3,31isjen3::RMSD,sdu6-homo-3 / RMSD,RMSD,Time (ps),71000,0.2284629,nm,nm
line,overlay,sdu6-homo-3,sdu6-homo-3,rmsd,31isjen3,31isjen3::RMSD,sdu6-homo-3 / RMSD,RMSD,Time (ps),71100,0.20496547,nm,nm
line,overlay,sdu6-homo-3,sdu6-homo-3,rmsd,31isjen3,31isjen3::RMSD,sdu6-homo-3 / RMSD,RMSD,Time (ps),71200,0.21942665,nm,nm
line,overlay,sdu6-homo-3,sdu6-homo-3,rmsd,31isjen3,31isjen3::RMSD,sdu6-homo-3 / RMSD,RMSD,Time (ps),71300,0.19777869,nm,nm
line,overlay,sdu6-homo-3,sdu6-homo-3,rmsd,31isjen3,31isjen3::RMSD,sdu6-homo-3 / RMSD,RMSD,Time (ps),71400,0.20265108,nm,nm
line,overlay,sdu6-homo-3,sdu6-homo-3,rmsd,31isjen3,31isjen3::RMSD,sdu6-homo-3 / RMSD,RMSD,Time (ps),71500,0.20558162,nm,nm
line,overlay,sdu6-homo-3,sdu6-homo-3,rmsd,31isjen3,31isjen3::RMSD,sdu6-homo-3 / RMSD,RMSD,Time (ps),71600,0.2090495,nm,nm
line,overlay,sdu6-homo-3,sdu6-homo-3,rmsd,31isjen3,31isjen3::RMSD,sdu6-homo-3 / RMSD,RMSD,Time (ps),71700,0.20376833,nm,nm
line,overlay,sdu6-homo-3,sdu6-homo-3,rmsd,31isjen3,31isjen3::RMSD,sdu6-homo-3 / RMSD,RMSD,Time (ps),71800,0.20484406,nm,nm
line,overlay,sdu6-homo-3,sdu6-homo-3,rmsd,31isjen3,31isjen3::RMSD,sdu6-homo-3 / RMSD,RMSD,Time (ps),71900,0.21012038,nm,nm
line,overlay,sdu6-homo-3,sdu6-homo-3,rmsd,31isjen3,31isjen3::RMSD,sdu6-homo-3 / RMSD,RMSD,Time (ps),72000,0.20023747,nm,nm
line,overlay,sdu6-homo-3,sdu6-homo-3,rmsd,31isjen3,31isjen3::RMSD,sdu6-homo-3 / RMSD,RMSD,Time (ps),72100,0.21471532,nm,nm
line,overlay,sdu6-homo-3,sdu6-homo-3,rmsd,31isjen3,31isjen3::RMSD,sdu6-homo-3 / RMSD,RMSD,Time (ps),72200,0.19311361,nm,nm
line,overlay,sdu6-homo-3,sdu6-homo-3,rmsd,31isjen3,31isjen3::RMSD,sdu6-homo-3 / RMSD,RMSD,Time (ps),72300,0.206309,nm,nm
line,overlay,sdu6-homo-3,sdu6-homo-3,rmsd,31isjen3,31isjen3::RMSD,sdu6-homo-3 / RMSD,RMSD,Time (ps),72400,0.20266643,nm,nm
line,overlay,sdu6-homo-3,sdu6-homo-3,rmsd,31isjen3,31isjen3::RMSD,sdu6-homo-3 / RMSD,RMSD,Time (ps),72500,0.1962844,nm,nm
line,overlay,sdu6-homo-3,sdu6-homo-3,rmsd,31isjen3,31isjen3::RMSD,sdu6-homo-3 / RMSD,RMSD,Time (ps),72600,0.19372731,nm,nm
line,overlay,sdu6-homo-3,sdu6-homo-3,rmsd,31isjen3,31isjen3::RMSD,sdu6-homo-3 / RMSD,RMSD,Time (ps),72700,0.2005582,nm,nm
line,overlay,sdu6-homo-3,sdu6-homo-3,rmsd,31isjen3,31isjen3::RMSD,sdu6-homo-3 / RMSD,RMSD,Time (ps),72800,0.2027329,nm,nm
line,overlay,sdu6-homo-3,sdu6-homo-3,rmsd,31isjen3,31isjen3::RMSD,sdu6-homo-3 / RMSD,RMSD,Time (ps),72900,0.19531548,nm,nm
line,overlay,sdu6-homo-3,sdu6-homo-3,rmsd,31isjen3,31isjen3::RMSD,sdu6-homo-3 / RMSD,RMSD,Time (ps),73000,0.19642696,nm,nm
line,overlay,sdu6-homo-3,sdu6-homo-3,rmsd,31isjen3,31isjen3::RMSD,sdu6-homo-3 / RMSD,RMSD,Time (ps),73100,0.2127436,nm,nm
line,overlay,sdu6-homo-3,sdu6-homo-3,rmsd,31isjen3,31isjen3::RMSD,sdu6-homo-3 / RMSD,RMSD,Time (ps),73200,0.20461112,nm,nm
line,overlay,sdu6-homo-3,sdu6-homo-3,rmsd,31isjen3,31isjen3::RMSD,sdu6-homo-3 / RMSD,RMSD,Time (ps),73300,0.20996985,nm,nm
line,overlay,sdu6-homo-3,sdu6-homo-3,rmsd,31isjen3,31isjen3::RMSD,sdu6-homo-3 / RMSD,RMSD,Time (ps),73400,0.2106993,nm,nm
line,overlay,sdu6-homo-3,sdu6-homo-3,rmsd,31isjen3,31isjen3::RMSD,sdu6-homo-3 / RMSD,RMSD,Time (ps),73500,0.22055292,nm,nm
line,overlay,sdu6-homo-3,sdu6-homo-3,rmsd,31isjen3,31isjen3::RMSD,sdu6-homo-3 / RMSD,RMSD,Time (ps),73600,0.19632137,nm,nm
line,overlay,sdu6-homo-3,sdu6-homo-3,rmsd,31isjen3,31isjen3::RMSD,sdu6-homo-3 / RMSD,RMSD,Time (ps),73700,0.21878317,nm,nm
line,overlay,sdu6-homo-3,sdu6-homo-3,rmsd,31isjen3,31isjen3::RMSD,sdu6-homo-3 / RMSD,RMSD,Time (ps),73800,0.22073618,nm,nm
line,overlay,sdu6-homo-3,sdu6-homo-3,rmsd,31isjen3,31isjen3::RMSD,sdu6-homo-3 / RMSD,RMSD,Time (ps),73900,0.21914773,nm,nm
line,overlay,sdu6-homo-3,sdu6-homo-3,rmsd,31isjen3,31isjen3::RMSD,sdu6-homo-3 / RMSD,RMSD,Time (ps),74000,0.20700128,nm,nm
line,overlay,sdu6-homo-3,sdu6-homo-3,rmsd,31isjen3,31isjen3::RMSD,sdu6-homo-3 / RMSD,RMSD,Time (ps),74100,0.21583015,nm,nm
line,overlay,sdu6-homo-3,sdu6-homo-3,rmsd,31isjen3,31isjen3::RMSD,sdu6-homo-3 / RMSD,RMSD,Time (ps),74200,0.22449195,nm,nm
line,overlay,sdu6-homo-3,sdu6-homo-3,rmsd,31isjen3,31isjen3::RMSD,sdu6-homo-3 / RMSD,RMSD,Time (ps),74300,0.2159406,nm,nm
line,overlay,sdu6-homo-3,sdu6-homo-3,rmsd,31isjen3,31isjen3::RMSD,sdu6-homo-3 / RMSD,RMSD,Time (ps),74400,0.23258896,nm,nm
line,overlay,sdu6-homo-3,sdu6-homo-3,rmsd,31isjen3,31isjen3::RMSD,sdu6-homo-3 / RMSD,RMSD,Time (ps),74500,0.22386304,nm,nm
line,overlay,sdu6-homo-3,sdu6-homo-3,rmsd,31isjen3,31isjen3::RMSD,sdu6-homo-3 / RMSD,RMSD,Time (ps),74600,0.22606349,nm,nm
line,overlay,sdu6-homo-3,sdu6-homo-3,rmsd,31isjen3,31isjen3::RMSD,sdu6-homo-3 / RMSD,RMSD,Time (ps),74700,0.22006826,nm,nm
line,overlay,sdu6-homo-3,sdu6-homo-3,rmsd,31isjen3,31isjen3::RMSD,sdu6-homo-3 / RMSD,RMSD,Time (ps),74800,0.22927144,nm,nm
line,overlay,sdu6-homo-3,sdu6-homo-3,rmsd,31isjen3,31isjen3::RMSD,sdu6-homo-3 / RMSD,RMSD,Time (ps),74900,0.22449195,nm,nm
line,overlay,sdu6-homo-3,sdu6-homo-3,rmsd,31isjen3,31isjen3::RMSD,sdu6-homo-3 / RMSD,RMSD,Time (ps),75000,0.22693998,nm,nm
line,overlay,sdu6-homo-3,sdu6-homo-3,rmsd,31isjen3,31isjen3::RMSD,sdu6-homo-3 / RMSD,RMSD,Time (ps),75100,0.22276281,nm,nm
line,overlay,sdu6-homo-3,sdu6-homo-3,rmsd,31isjen3,31isjen3::RMSD,sdu6-homo-3 / RMSD,RMSD,Time (ps),75200,0.23861934,nm,nm
line,overlay,sdu6-homo-3,sdu6-homo-3,rmsd,31isjen3,31isjen3::RMSD,sdu6-homo-3 / RMSD,RMSD,Time (ps),75300,0.2293483,nm,nm
line,overlay,sdu6-homo-3,sdu6-homo-3,rmsd,31isjen3,31isjen3::RMSD,sdu6-homo-3 / RMSD,RMSD,Time (ps),75400,0.23404856,nm,nm
line,overlay,sdu6-homo-3,sdu6-homo-3,rmsd,31isjen3,31isjen3::RMSD,sdu6-homo-3 / RMSD,RMSD,Time (ps),75500,0.23014022,nm,nm
line,overlay,sdu6-homo-3,sdu6-homo-3,rmsd,31isjen3,31isjen3::RMSD,sdu6-homo-3 / RMSD,RMSD,Time (ps),75600,0.23174278,nm,nm
line,overlay,sdu6-homo-3,sdu6-homo-3,rmsd,31isjen3,31isjen3::RMSD,sdu6-homo-3 / RMSD,RMSD,Time (ps),75700,0.2279814,nm,nm
line,overlay,sdu6-homo-3,sdu6-homo-3,rmsd,31isjen3,31isjen3::RMSD,sdu6-homo-3 / RMSD,RMSD,Time (ps),75800,0.25069982,nm,nm
line,overlay,sdu6-homo-3,sdu6-homo-3,rmsd,31isjen3,31isjen3::RMSD,sdu6-homo-3 / RMSD,RMSD,Time (ps),75900,0.24381107,nm,nm
line,overlay,sdu6-homo-3,sdu6-homo-3,rmsd,31isjen3,31isjen3::RMSD,sdu6-homo-3 / RMSD,RMSD,Time (ps),76000,0.22859672,nm,nm
line,overlay,sdu6-homo-3,sdu6-homo-3,rmsd,31isjen3,31isjen3::RMSD,sdu6-homo-3 / RMSD,RMSD,Time (ps),76100,0.22802915,nm,nm
line,overlay,sdu6-homo-3,sdu6-homo-3,rmsd,31isjen3,31isjen3::RMSD,sdu6-homo-3 / RMSD,RMSD,Time (ps),76200,0.23440927,nm,nm
line,overlay,sdu6-homo-3,sdu6-homo-3,rmsd,31isjen3,31isjen3::RMSD,sdu6-homo-3 / RMSD,RMSD,Time (ps),76300,0.21642973,nm,nm
line,overlay,sdu6-homo-3,sdu6-homo-3,rmsd,31isjen3,31isjen3::RMSD,sdu6-homo-3 / RMSD,RMSD,Time (ps),76400,0.24681154,nm,nm
line,overlay,sdu6-homo-3,sdu6-homo-3,rmsd,31isjen3,31isjen3::RMSD,sdu6-homo-3 / RMSD,RMSD,Time (ps),76500,0.24430592,nm,nm
line,overlay,sdu6-homo-3,sdu6-homo-3,rmsd,31isjen3,31isjen3::RMSD,sdu6-homo-3 / RMSD,RMSD,Time (ps),76600,0.25032118,nm,nm
line,overlay,sdu6-homo-3,sdu6-homo-3,rmsd,31isjen3,31isjen3::RMSD,sdu6-homo-3 / RMSD,RMSD,Time (ps),76700,0.24897364,nm,nm
line,overlay,sdu6-homo-3,sdu6-homo-3,rmsd,31isjen3,31isjen3::RMSD,sdu6-homo-3 / RMSD,RMSD,Time (ps),76800,0.24559253,nm,nm
line,overlay,sdu6-homo-3,sdu6-homo-3,rmsd,31isjen3,31isjen3::RMSD,sdu6-homo-3 / RMSD,RMSD,Time (ps),76900,0.24464093,nm,nm
line,overlay,sdu6-homo-3,sdu6-homo-3,rmsd,31isjen3,31isjen3::RMSD,sdu6-homo-3 / RMSD,RMSD,Time (ps),77000,0.24863614,nm,nm
line,overlay,sdu6-homo-3,sdu6-homo-3,rmsd,31isjen3,31isjen3::RMSD,sdu6-homo-3 / RMSD,RMSD,Time (ps),77100,0.23495924,nm,nm
line,overlay,sdu6-homo-3,sdu6-homo-3,rmsd,31isjen3,31isjen3::RMSD,sdu6-homo-3 / RMSD,RMSD,Time (ps),77200,0.23199986,nm,nm
line,overlay,sdu6-homo-3,sdu6-homo-3,rmsd,31isjen3,31isjen3::RMSD,sdu6-homo-3 / RMSD,RMSD,Time (ps),77300,0.23658393,nm,nm
line,overlay,sdu6-homo-3,sdu6-homo-3,rmsd,31isjen3,31isjen3::RMSD,sdu6-homo-3 / RMSD,RMSD,Time (ps),77400,0.22627662,nm,nm
line,overlay,sdu6-homo-3,sdu6-homo-3,rmsd,31isjen3,31isjen3::RMSD,sdu6-homo-3 / RMSD,RMSD,Time (ps),77500,0.23426771,nm,nm
line,overlay,sdu6-homo-3,sdu6-homo-3,rmsd,31isjen3,31isjen3::RMSD,sdu6-homo-3 / RMSD,RMSD,Time (ps),77600,0.23599383,nm,nm
line,overlay,sdu6-homo-3,sdu6-homo-3,rmsd,31isjen3,31isjen3::RMSD,sdu6-homo-3 / RMSD,RMSD,Time (ps),77700,0.2190105,nm,nm
line,overlay,sdu6-homo-3,sdu6-homo-3,rmsd,31isjen3,31isjen3::RMSD,sdu6-homo-3 / RMSD,RMSD,Time (ps),77800,0.23034734,nm,nm
line,overlay,sdu6-homo-3,sdu6-homo-3,rmsd,31isjen3,31isjen3::RMSD,sdu6-homo-3 / RMSD,RMSD,Time (ps),77900,0.23663214,nm,nm
line,overlay,sdu6-homo-3,sdu6-homo-3,rmsd,31isjen3,31isjen3::RMSD,sdu6-homo-3 / RMSD,RMSD,Time (ps),78000,0.23647875,nm,nm
line,overlay,sdu6-homo-3,sdu6-homo-3,rmsd,31isjen3,31isjen3::RMSD,sdu6-homo-3 / RMSD,RMSD,Time (ps),78100,0.22738492,nm,nm
line,overlay,sdu6-homo-3,sdu6-homo-3,rmsd,31isjen3,31isjen3::RMSD,sdu6-homo-3 / RMSD,RMSD,Time (ps),78200,0.24542996,nm,nm
line,overlay,sdu6-homo-3,sdu6-homo-3,rmsd,31isjen3,31isjen3::RMSD,sdu6-homo-3 / RMSD,RMSD,Time (ps),78300,0.2399883,nm,nm
line,overlay,sdu6-homo-3,sdu6-homo-3,rmsd,31isjen3,31isjen3::RMSD,sdu6-homo-3 / RMSD,RMSD,Time (ps),78400,0.24287595,nm,nm
line,overlay,sdu6-homo-3,sdu6-homo-3,rmsd,31isjen3,31isjen3::RMSD,sdu6-homo-3 / RMSD,RMSD,Time (ps),78500,0.2470991,nm,nm
line,overlay,sdu6-homo-3,sdu6-homo-3,rmsd,31isjen3,31isjen3::RMSD,sdu6-homo-3 / RMSD,RMSD,Time (ps),78600,0.24683884,nm,nm
line,overlay,sdu6-homo-3,sdu6-homo-3,rmsd,31isjen3,31isjen3::RMSD,sdu6-homo-3 / RMSD,RMSD,Time (ps),78700,0.24793886,nm,nm
line,overlay,sdu6-homo-3,sdu6-homo-3,rmsd,31isjen3,31isjen3::RMSD,sdu6-homo-3 / RMSD,RMSD,Time (ps),78800,0.2653331,nm,nm
line,overlay,sdu6-homo-3,sdu6-homo-3,rmsd,31isjen3,31isjen3::RMSD,sdu6-homo-3 / RMSD,RMSD,Time (ps),78900,0.26432705,nm,nm
line,overlay,sdu6-homo-3,sdu6-homo-3,rmsd,31isjen3,31isjen3::RMSD,sdu6-homo-3 / RMSD,RMSD,Time (ps),79000,0.27685323,nm,nm
line,overlay,sdu6-homo-3,sdu6-homo-3,rmsd,31isjen3,31isjen3::RMSD,sdu6-homo-3 / RMSD,RMSD,Time (ps),79100,0.25900227,nm,nm
line,overlay,sdu6-homo-3,sdu6-homo-3,rmsd,31isjen3,31isjen3::RMSD,sdu6-homo-3 / RMSD,RMSD,Time (ps),79200,0.2504578,nm,nm
line,overlay,sdu6-homo-3,sdu6-homo-3,rmsd,31isjen3,31isjen3::RMSD,sdu6-homo-3 / RMSD,RMSD,Time (ps),79300,0.24274147,nm,nm
line,overlay,sdu6-homo-3,sdu6-homo-3,rmsd,31isjen3,31isjen3::RMSD,sdu6-homo-3 / RMSD,RMSD,Time (ps),79400,0.25983945,nm,nm
line,overlay,sdu6-homo-3,sdu6-homo-3,rmsd,31isjen3,31isjen3::RMSD,sdu6-homo-3 / RMSD,RMSD,Time (ps),79500,0.2451045,nm,nm
line,overlay,sdu6-homo-3,sdu6-homo-3,rmsd,31isjen3,31isjen3::RMSD,sdu6-homo-3 / RMSD,RMSD,Time (ps),79600,0.256448,nm,nm
line,overlay,sdu6-homo-3,sdu6-homo-3,rmsd,31isjen3,31isjen3::RMSD,sdu6-homo-3 / RMSD,RMSD,Time (ps),79700,0.23868017,nm,nm
line,overlay,sdu6-homo-3,sdu6-homo-3,rmsd,31isjen3,31isjen3::RMSD,sdu6-homo-3 / RMSD,RMSD,Time (ps),79800,0.26440942,nm,nm
line,overlay,sdu6-homo-3,sdu6-homo-3,rmsd,31isjen3,31isjen3::RMSD,sdu6-homo-3 / RMSD,RMSD,Time (ps),79900,0.24698159,nm,nm
line,overlay,sdu6-homo-3,sdu6-homo-3,rmsd,31isjen3,31isjen3::RMSD,sdu6-homo-3 / RMSD,RMSD,Time (ps),80000,0.2711209,nm,nm
line,overlay,sdu6-homo-3,sdu6-homo-3,rmsd,31isjen3,31isjen3::RMSD,sdu6-homo-3 / RMSD,RMSD,Time (ps),80100,0.27199322,nm,nm
line,overlay,sdu6-homo-3,sdu6-homo-3,rmsd,31isjen3,31isjen3::RMSD,sdu6-homo-3 / RMSD,RMSD,Time (ps),80200,0.25008294,nm,nm
line,overlay,sdu6-homo-3,sdu6-homo-3,rmsd,31isjen3,31isjen3::RMSD,sdu6-homo-3 / RMSD,RMSD,Time (ps),80300,0.26950052,nm,nm
line,overlay,sdu6-homo-3,sdu6-homo-3,rmsd,31isjen3,31isjen3::RMSD,sdu6-homo-3 / RMSD,RMSD,Time (ps),80400,0.26919842,nm,nm
line,overlay,sdu6-homo-3,sdu6-homo-3,rmsd,31isjen3,31isjen3::RMSD,sdu6-homo-3 / RMSD,RMSD,Time (ps),80500,0.25230533,nm,nm
line,overlay,sdu6-homo-3,sdu6-homo-3,rmsd,31isjen3,31isjen3::RMSD,sdu6-homo-3 / RMSD,RMSD,Time (ps),80600,0.2514513,nm,nm
line,overlay,sdu6-homo-3,sdu6-homo-3,rmsd,31isjen3,31isjen3::RMSD,sdu6-homo-3 / RMSD,RMSD,Time (ps),80700,0.24268593,nm,nm
line,overlay,sdu6-homo-3,sdu6-homo-3,rmsd,31isjen3,31isjen3::RMSD,sdu6-homo-3 / RMSD,RMSD,Time (ps),80800,0.25351048,nm,nm
line,overlay,sdu6-homo-3,sdu6-homo-3,rmsd,31isjen3,31isjen3::RMSD,sdu6-homo-3 / RMSD,RMSD,Time (ps),80900,0.2528758,nm,nm
line,overlay,sdu6-homo-3,sdu6-homo-3,rmsd,31isjen3,31isjen3::RMSD,sdu6-homo-3 / RMSD,RMSD,Time (ps),81000,0.25253737,nm,nm
line,overlay,sdu6-homo-3,sdu6-homo-3,rmsd,31isjen3,31isjen3::RMSD,sdu6-homo-3 / RMSD,RMSD,Time (ps),81100,0.24513412,nm,nm
line,overlay,sdu6-homo-3,sdu6-homo-3,rmsd,31isjen3,31isjen3::RMSD,sdu6-homo-3 / RMSD,RMSD,Time (ps),81200,0.25188178,nm,nm
line,overlay,sdu6-homo-3,sdu6-homo-3,rmsd,31isjen3,31isjen3::RMSD,sdu6-homo-3 / RMSD,RMSD,Time (ps),81300,0.24625857,nm,nm
line,overlay,sdu6-homo-3,sdu6-homo-3,rmsd,31isjen3,31isjen3::RMSD,sdu6-homo-3 / RMSD,RMSD,Time (ps),81400,0.24634907,nm,nm
line,overlay,sdu6-homo-3,sdu6-homo-3,rmsd,31isjen3,31isjen3::RMSD,sdu6-homo-3 / RMSD,RMSD,Time (ps),81500,0.24767739,nm,nm
line,overlay,sdu6-homo-3,sdu6-homo-3,rmsd,31isjen3,31isjen3::RMSD,sdu6-homo-3 / RMSD,RMSD,Time (ps),81600,0.23998398,nm,nm
line,overlay,sdu6-homo-3,sdu6-homo-3,rmsd,31isjen3,31isjen3::RMSD,sdu6-homo-3 / RMSD,RMSD,Time (ps),81700,0.23386244,nm,nm
line,overlay,sdu6-homo-3,sdu6-homo-3,rmsd,31isjen3,31isjen3::RMSD,sdu6-homo-3 / RMSD,RMSD,Time (ps),81800,0.24721025,nm,nm
line,overlay,sdu6-homo-3,sdu6-homo-3,rmsd,31isjen3,31isjen3::RMSD,sdu6-homo-3 / RMSD,RMSD,Time (ps),81900,0.24188581,nm,nm
line,overlay,sdu6-homo-3,sdu6-homo-3,rmsd,31isjen3,31isjen3::RMSD,sdu6-homo-3 / RMSD,RMSD,Time (ps),82000,0.25300083,nm,nm
line,overlay,sdu6-homo-3,sdu6-homo-3,rmsd,31isjen3,31isjen3::RMSD,sdu6-homo-3 / RMSD,RMSD,Time (ps),82100,0.25007048,nm,nm
line,overlay,sdu6-homo-3,sdu6-homo-3,rmsd,31isjen3,31isjen3::RMSD,sdu6-homo-3 / RMSD,RMSD,Time (ps),82200,0.25692052,nm,nm
line,overlay,sdu6-homo-3,sdu6-homo-3,rmsd,31isjen3,31isjen3::RMSD,sdu6-homo-3 / RMSD,RMSD,Time (ps),82300,0.24023655,nm,nm
line,overlay,sdu6-homo-3,sdu6-homo-3,rmsd,31isjen3,31isjen3::RMSD,sdu6-homo-3 / RMSD,RMSD,Time (ps),82400,0.2596898,nm,nm
line,overlay,sdu6-homo-3,sdu6-homo-3,rmsd,31isjen3,31isjen3::RMSD,sdu6-homo-3 / RMSD,RMSD,Time (ps),82500,0.25584495,nm,nm
line,overlay,sdu6-homo-3,sdu6-homo-3,rmsd,31isjen3,31isjen3::RMSD,sdu6-homo-3 / RMSD,RMSD,Time (ps),82600,0.24603325,nm,nm
line,overlay,sdu6-homo-3,sdu6-homo-3,rmsd,31isjen3,31isjen3::RMSD,sdu6-homo-3 / RMSD,RMSD,Time (ps),82700,0.23863238,nm,nm
line,overlay,sdu6-homo-3,sdu6-homo-3,rmsd,31isjen3,31isjen3::RMSD,sdu6-homo-3 / RMSD,RMSD,Time (ps),82800,0.24069785,nm,nm
line,overlay,sdu6-homo-3,sdu6-homo-3,rmsd,31isjen3,31isjen3::RMSD,sdu6-homo-3 / RMSD,RMSD,Time (ps),82900,0.24672122,nm,nm
line,overlay,sdu6-homo-3,sdu6-homo-3,rmsd,31isjen3,31isjen3::RMSD,sdu6-homo-3 / RMSD,RMSD,Time (ps),83000,0.23791231,nm,nm
line,overlay,sdu6-homo-3,sdu6-homo-3,rmsd,31isjen3,31isjen3::RMSD,sdu6-homo-3 / RMSD,RMSD,Time (ps),83100,0.23743469,nm,nm
line,overlay,sdu6-homo-3,sdu6-homo-3,rmsd,31isjen3,31isjen3::RMSD,sdu6-homo-3 / RMSD,RMSD,Time (ps),83200,0.22705187,nm,nm
line,overlay,sdu6-homo-3,sdu6-homo-3,rmsd,31isjen3,31isjen3::RMSD,sdu6-homo-3 / RMSD,RMSD,Time (ps),83300,0.21395837,nm,nm
line,overlay,sdu6-homo-3,sdu6-homo-3,rmsd,31isjen3,31isjen3::RMSD,sdu6-homo-3 / RMSD,RMSD,Time (ps),83400,0.24071938,nm,nm
line,overlay,sdu6-homo-3,sdu6-homo-3,rmsd,31isjen3,31isjen3::RMSD,sdu6-homo-3 / RMSD,RMSD,Time (ps),83500,0.2398068,nm,nm
line,overlay,sdu6-homo-3,sdu6-homo-3,rmsd,31isjen3,31isjen3::RMSD,sdu6-homo-3 / RMSD,RMSD,Time (ps),83600,0.23189707,nm,nm
line,overlay,sdu6-homo-3,sdu6-homo-3,rmsd,31isjen3,31isjen3::RMSD,sdu6-homo-3 / RMSD,RMSD,Time (ps),83700,0.23549251,nm,nm
line,overlay,sdu6-homo-3,sdu6-homo-3,rmsd,31isjen3,31isjen3::RMSD,sdu6-homo-3 / RMSD,RMSD,Time (ps),83800,0.2257629,nm,nm
line,overlay,sdu6-homo-3,sdu6-homo-3,rmsd,31isjen3,31isjen3::RMSD,sdu6-homo-3 / RMSD,RMSD,Time (ps),83900,0.23007715,nm,nm
line,overlay,sdu6-homo-3,sdu6-homo-3,rmsd,31isjen3,31isjen3::RMSD,sdu6-homo-3 / RMSD,RMSD,Time (ps),84000,0.21853189,nm,nm
line,overlay,sdu6-homo-3,sdu6-homo-3,rmsd,31isjen3,31isjen3::RMSD,sdu6-homo-3 / RMSD,RMSD,Time (ps),84100,0.21013272,nm,nm
line,overlay,sdu6-homo-3,sdu6-homo-3,rmsd,31isjen3,31isjen3::RMSD,sdu6-homo-3 / RMSD,RMSD,Time (ps),84200,0.21205294,nm,nm
line,overlay,sdu6-homo-3,sdu6-homo-3,rmsd,31isjen3,31isjen3::RMSD,sdu6-homo-3 / RMSD,RMSD,Time (ps),84300,0.21570283,nm,nm
line,overlay,sdu6-homo-3,sdu6-homo-3,rmsd,31isjen3,31isjen3::RMSD,sdu6-homo-3 / RMSD,RMSD,Time (ps),84400,0.22847424,nm,nm
line,overlay,sdu6-homo-3,sdu6-homo-3,rmsd,31isjen3,31isjen3::RMSD,sdu6-homo-3 / RMSD,RMSD,Time (ps),84500,0.21451002,nm,nm
line,overlay,sdu6-homo-3,sdu6-homo-3,rmsd,31isjen3,31isjen3::RMSD,sdu6-homo-3 / RMSD,RMSD,Time (ps),84600,0.22677775,nm,nm
line,overlay,sdu6-homo-3,sdu6-homo-3,rmsd,31isjen3,31isjen3::RMSD,sdu6-homo-3 / RMSD,RMSD,Time (ps),84700,0.22194923,nm,nm
line,overlay,sdu6-homo-3,sdu6-homo-3,rmsd,31isjen3,31isjen3::RMSD,sdu6-homo-3 / RMSD,RMSD,Time (ps),84800,0.21307956,nm,nm
line,overlay,sdu6-homo-3,sdu6-homo-3,rmsd,31isjen3,31isjen3::RMSD,sdu6-homo-3 / RMSD,RMSD,Time (ps),84900,0.20174101,nm,nm
line,overlay,sdu6-homo-3,sdu6-homo-3,rmsd,31isjen3,31isjen3::RMSD,sdu6-homo-3 / RMSD,RMSD,Time (ps),85000,0.22213832,nm,nm
line,overlay,sdu6-homo-3,sdu6-homo-3,rmsd,31isjen3,31isjen3::RMSD,sdu6-homo-3 / RMSD,RMSD,Time (ps),85100,0.20886345,nm,nm
line,overlay,sdu6-homo-3,sdu6-homo-3,rmsd,31isjen3,31isjen3::RMSD,sdu6-homo-3 / RMSD,RMSD,Time (ps),85200,0.23353863,nm,nm
line,overlay,sdu6-homo-3,sdu6-homo-3,rmsd,31isjen3,31isjen3::RMSD,sdu6-homo-3 / RMSD,RMSD,Time (ps),85300,0.23669127,nm,nm
line,overlay,sdu6-homo-3,sdu6-homo-3,rmsd,31isjen3,31isjen3::RMSD,sdu6-homo-3 / RMSD,RMSD,Time (ps),85400,0.26550496,nm,nm
line,overlay,sdu6-homo-3,sdu6-homo-3,rmsd,31isjen3,31isjen3::RMSD,sdu6-homo-3 / RMSD,RMSD,Time (ps),85500,0.25059643,nm,nm
line,overlay,sdu6-homo-3,sdu6-homo-3,rmsd,31isjen3,31isjen3::RMSD,sdu6-homo-3 / RMSD,RMSD,Time (ps),85600,0.24513412,nm,nm
line,overlay,sdu6-homo-3,sdu6-homo-3,rmsd,31isjen3,31isjen3::RMSD,sdu6-homo-3 / RMSD,RMSD,Time (ps),85700,0.25532374,nm,nm
line,overlay,sdu6-homo-3,sdu6-homo-3,rmsd,31isjen3,31isjen3::RMSD,sdu6-homo-3 / RMSD,RMSD,Time (ps),85800,0.2517912,nm,nm
line,overlay,sdu6-homo-3,sdu6-homo-3,rmsd,31isjen3,31isjen3::RMSD,sdu6-homo-3 / RMSD,RMSD,Time (ps),85900,0.260487,nm,nm
line,overlay,sdu6-homo-3,sdu6-homo-3,rmsd,31isjen3,31isjen3::RMSD,sdu6-homo-3 / RMSD,RMSD,Time (ps),86000,0.2950281,nm,nm
line,overlay,sdu6-homo-3,sdu6-homo-3,rmsd,31isjen3,31isjen3::RMSD,sdu6-homo-3 / RMSD,RMSD,Time (ps),86100,0.28092912,nm,nm
line,overlay,sdu6-homo-3,sdu6-homo-3,rmsd,31isjen3,31isjen3::RMSD,sdu6-homo-3 / RMSD,RMSD,Time (ps),86200,0.26932737,nm,nm
line,overlay,sdu6-homo-3,sdu6-homo-3,rmsd,31isjen3,31isjen3::RMSD,sdu6-homo-3 / RMSD,RMSD,Time (ps),86300,0.26981387,nm,nm
line,overlay,sdu6-homo-3,sdu6-homo-3,rmsd,31isjen3,31isjen3::RMSD,sdu6-homo-3 / RMSD,RMSD,Time (ps),86400,0.2696563,nm,nm
line,overlay,sdu6-homo-3,sdu6-homo-3,rmsd,31isjen3,31isjen3::RMSD,sdu6-homo-3 / RMSD,RMSD,Time (ps),86500,0.25772628,nm,nm
line,overlay,sdu6-homo-3,sdu6-homo-3,rmsd,31isjen3,31isjen3::RMSD,sdu6-homo-3 / RMSD,RMSD,Time (ps),86600,0.25385988,nm,nm
line,overlay,sdu6-homo-3,sdu6-homo-3,rmsd,31isjen3,31isjen3::RMSD,sdu6-homo-3 / RMSD,RMSD,Time (ps),86700,0.25816235,nm,nm
line,overlay,sdu6-homo-3,sdu6-homo-3,rmsd,31isjen3,31isjen3::RMSD,sdu6-homo-3 / RMSD,RMSD,Time (ps),86800,0.27709654,nm,nm
line,overlay,sdu6-homo-3,sdu6-homo-3,rmsd,31isjen3,31isjen3::RMSD,sdu6-homo-3 / RMSD,RMSD,Time (ps),86900,0.24925454,nm,nm
line,overlay,sdu6-homo-3,sdu6-homo-3,rmsd,31isjen3,31isjen3::RMSD,sdu6-homo-3 / RMSD,RMSD,Time (ps),87000,0.2603118,nm,nm
line,overlay,sdu6-homo-3,sdu6-homo-3,rmsd,31isjen3,31isjen3::RMSD,sdu6-homo-3 / RMSD,RMSD,Time (ps),87100,0.27707595,nm,nm
line,overlay,sdu6-homo-3,sdu6-homo-3,rmsd,31isjen3,31isjen3::RMSD,sdu6-homo-3 / RMSD,RMSD,Time (ps),87200,0.25130284,nm,nm
line,overlay,sdu6-homo-3,sdu6-homo-3,rmsd,31isjen3,31isjen3::RMSD,sdu6-homo-3 / RMSD,RMSD,Time (ps),87300,0.273176,nm,nm
line,overlay,sdu6-homo-3,sdu6-homo-3,rmsd,31isjen3,31isjen3::RMSD,sdu6-homo-3 / RMSD,RMSD,Time (ps),87400,0.25356567,nm,nm
line,overlay,sdu6-homo-3,sdu6-homo-3,rmsd,31isjen3,31isjen3::RMSD,sdu6-homo-3 / RMSD,RMSD,Time (ps),87500,0.2625286,nm,nm
line,overlay,sdu6-homo-3,sdu6-homo-3,rmsd,31isjen3,31isjen3::RMSD,sdu6-homo-3 / RMSD,RMSD,Time (ps),87600,0.26553425,nm,nm
line,overlay,sdu6-homo-3,sdu6-homo-3,rmsd,31isjen3,31isjen3::RMSD,sdu6-homo-3 / RMSD,RMSD,Time (ps),87700,0.25998506,nm,nm
line,overlay,sdu6-homo-3,sdu6-homo-3,rmsd,31isjen3,31isjen3::RMSD,sdu6-homo-3 / RMSD,RMSD,Time (ps),87800,0.26407987,nm,nm
line,overlay,sdu6-homo-3,sdu6-homo-3,rmsd,31isjen3,31isjen3::RMSD,sdu6-homo-3 / RMSD,RMSD,Time (ps),87900,0.2494167,nm,nm
line,overlay,sdu6-homo-3,sdu6-homo-3,rmsd,31isjen3,31isjen3::RMSD,sdu6-homo-3 / RMSD,RMSD,Time (ps),88000,0.24248508,nm,nm
line,overlay,sdu6-homo-3,sdu6-homo-3,rmsd,31isjen3,31isjen3::RMSD,sdu6-homo-3 / RMSD,RMSD,Time (ps),88100,0.2674385,nm,nm
line,overlay,sdu6-homo-3,sdu6-homo-3,rmsd,31isjen3,31isjen3::RMSD,sdu6-homo-3 / RMSD,RMSD,Time (ps),88200,0.25651672,nm,nm
line,overlay,sdu6-homo-3,sdu6-homo-3,rmsd,31isjen3,31isjen3::RMSD,sdu6-homo-3 / RMSD,RMSD,Time (ps),88300,0.2805691,nm,nm
line,overlay,sdu6-homo-3,sdu6-homo-3,rmsd,31isjen3,31isjen3::RMSD,sdu6-homo-3 / RMSD,RMSD,Time (ps),88400,0.25213477,nm,nm
line,overlay,sdu6-homo-3,sdu6-homo-3,rmsd,31isjen3,31isjen3::RMSD,sdu6-homo-3 / RMSD,RMSD,Time (ps),88500,0.23840636,nm,nm
line,overlay,sdu6-homo-3,sdu6-homo-3,rmsd,31isjen3,31isjen3::RMSD,sdu6-homo-3 / RMSD,RMSD,Time (ps),88600,0.24730459,nm,nm
line,overlay,sdu6-homo-3,sdu6-homo-3,rmsd,31isjen3,31isjen3::RMSD,sdu6-homo-3 / RMSD,RMSD,Time (ps),88700,0.26124206,nm,nm
line,overlay,sdu6-homo-3,sdu6-homo-3,rmsd,31isjen3,31isjen3::RMSD,sdu6-homo-3 / RMSD,RMSD,Time (ps),88800,0.24610066,nm,nm
line,overlay,sdu6-homo-3,sdu6-homo-3,rmsd,31isjen3,31isjen3::RMSD,sdu6-homo-3 / RMSD,RMSD,Time (ps),88900,0.2540048,nm,nm
line,overlay,sdu6-homo-3,sdu6-homo-3,rmsd,31isjen3,31isjen3::RMSD,sdu6-homo-3 / RMSD,RMSD,Time (ps),89000,0.23757218,nm,nm
line,overlay,sdu6-homo-3,sdu6-homo-3,rmsd,31isjen3,31isjen3::RMSD,sdu6-homo-3 / RMSD,RMSD,Time (ps),89100,0.2485444,nm,nm
line,overlay,sdu6-homo-3,sdu6-homo-3,rmsd,31isjen3,31isjen3::RMSD,sdu6-homo-3 / RMSD,RMSD,Time (ps),89200,0.25105727,nm,nm
line,overlay,sdu6-homo-3,sdu6-homo-3,rmsd,31isjen3,31isjen3::RMSD,sdu6-homo-3 / RMSD,RMSD,Time (ps),89300,0.25121,nm,nm
line,overlay,sdu6-homo-3,sdu6-homo-3,rmsd,31isjen3,31isjen3::RMSD,sdu6-homo-3 / RMSD,RMSD,Time (ps),89400,0.24732554,nm,nm
line,overlay,sdu6-homo-3,sdu6-homo-3,rmsd,31isjen3,31isjen3::RMSD,sdu6-homo-3 / RMSD,RMSD,Time (ps),89500,0.27304885,nm,nm
line,overlay,sdu6-homo-3,sdu6-homo-3,rmsd,31isjen3,31isjen3::RMSD,sdu6-homo-3 / RMSD,RMSD,Time (ps),89600,0.24960159,nm,nm
line,overlay,sdu6-homo-3,sdu6-homo-3,rmsd,31isjen3,31isjen3::RMSD,sdu6-homo-3 / RMSD,RMSD,Time (ps),89700,0.25402725,nm,nm
line,overlay,sdu6-homo-3,sdu6-homo-3,rmsd,31isjen3,31isjen3::RMSD,sdu6-homo-3 / RMSD,RMSD,Time (ps),89800,0.25230327,nm,nm
line,overlay,sdu6-homo-3,sdu6-homo-3,rmsd,31isjen3,31isjen3::RMSD,sdu6-homo-3 / RMSD,RMSD,Time (ps),89900,0.24217707,nm,nm
line,overlay,sdu6-homo-3,sdu6-homo-3,rmsd,31isjen3,31isjen3::RMSD,sdu6-homo-3 / RMSD,RMSD,Time (ps),90000,0.25628626,nm,nm
line,overlay,sdu6-homo-3,sdu6-homo-3,rmsd,31isjen3,31isjen3::RMSD,sdu6-homo-3 / RMSD,RMSD,Time (ps),90100,0.27100232,nm,nm
line,overlay,sdu6-homo-3,sdu6-homo-3,rmsd,31isjen3,31isjen3::RMSD,sdu6-homo-3 / RMSD,RMSD,Time (ps),90200,0.26365948,nm,nm
line,overlay,sdu6-homo-3,sdu6-homo-3,rmsd,31isjen3,31isjen3::RMSD,sdu6-homo-3 / RMSD,RMSD,Time (ps),90300,0.26387563,nm,nm
line,overlay,sdu6-homo-3,sdu6-homo-3,rmsd,31isjen3,31isjen3::RMSD,sdu6-homo-3 / RMSD,RMSD,Time (ps),90400,0.2772686,nm,nm
line,overlay,sdu6-homo-3,sdu6-homo-3,rmsd,31isjen3,31isjen3::RMSD,sdu6-homo-3 / RMSD,RMSD,Time (ps),90500,0.2711859,nm,nm
line,overlay,sdu6-homo-3,sdu6-homo-3,rmsd,31isjen3,31isjen3::RMSD,sdu6-homo-3 / RMSD,RMSD,Time (ps),90600,0.25955603,nm,nm
line,overlay,sdu6-homo-3,sdu6-homo-3,rmsd,31isjen3,31isjen3::RMSD,sdu6-homo-3 / RMSD,RMSD,Time (ps),90700,0.27012682,nm,nm
line,overlay,sdu6-homo-3,sdu6-homo-3,rmsd,31isjen3,31isjen3::RMSD,sdu6-homo-3 / RMSD,RMSD,Time (ps),90800,0.24226694,nm,nm
line,overlay,sdu6-homo-3,sdu6-homo-3,rmsd,31isjen3,31isjen3::RMSD,sdu6-homo-3 / RMSD,RMSD,Time (ps),90900,0.25232586,nm,nm
line,overlay,sdu6-homo-3,sdu6-homo-3,rmsd,31isjen3,31isjen3::RMSD,sdu6-homo-3 / RMSD,RMSD,Time (ps),91000,0.24726057,nm,nm
line,overlay,sdu6-homo-3,sdu6-homo-3,rmsd,31isjen3,31isjen3::RMSD,sdu6-homo-3 / RMSD,RMSD,Time (ps),91100,0.25307867,nm,nm
line,overlay,sdu6-homo-3,sdu6-homo-3,rmsd,31isjen3,31isjen3::RMSD,sdu6-homo-3 / RMSD,RMSD,Time (ps),91200,0.2554455,nm,nm
line,overlay,sdu6-homo-3,sdu6-homo-3,rmsd,31isjen3,31isjen3::RMSD,sdu6-homo-3 / RMSD,RMSD,Time (ps),91300,0.2533489,nm,nm
line,overlay,sdu6-homo-3,sdu6-homo-3,rmsd,31isjen3,31isjen3::RMSD,sdu6-homo-3 / RMSD,RMSD,Time (ps),91400,0.25631052,nm,nm
line,overlay,sdu6-homo-3,sdu6-homo-3,rmsd,31isjen3,31isjen3::RMSD,sdu6-homo-3 / RMSD,RMSD,Time (ps),91500,0.27003855,nm,nm
line,overlay,sdu6-homo-3,sdu6-homo-3,rmsd,31isjen3,31isjen3::RMSD,sdu6-homo-3 / RMSD,RMSD,Time (ps),91600,0.24825852,nm,nm
line,overlay,sdu6-homo-3,sdu6-homo-3,rmsd,31isjen3,31isjen3::RMSD,sdu6-homo-3 / RMSD,RMSD,Time (ps),91700,0.25207102,nm,nm
line,overlay,sdu6-homo-3,sdu6-homo-3,rmsd,31isjen3,31isjen3::RMSD,sdu6-homo-3 / RMSD,RMSD,Time (ps),91800,0.2710272,nm,nm
line,overlay,sdu6-homo-3,sdu6-homo-3,rmsd,31isjen3,31isjen3::RMSD,sdu6-homo-3 / RMSD,RMSD,Time (ps),91900,0.24529476,nm,nm
line,overlay,sdu6-homo-3,sdu6-homo-3,rmsd,31isjen3,31isjen3::RMSD,sdu6-homo-3 / RMSD,RMSD,Time (ps),92000,0.2450749,nm,nm
line,overlay,sdu6-homo-3,sdu6-homo-3,rmsd,31isjen3,31isjen3::RMSD,sdu6-homo-3 / RMSD,RMSD,Time (ps),92100,0.26661158,nm,nm
line,overlay,sdu6-homo-3,sdu6-homo-3,rmsd,31isjen3,31isjen3::RMSD,sdu6-homo-3 / RMSD,RMSD,Time (ps),92200,0.26433688,nm,nm
line,overlay,sdu6-homo-3,sdu6-homo-3,rmsd,31isjen3,31isjen3::RMSD,sdu6-homo-3 / RMSD,RMSD,Time (ps),92300,0.27983284,nm,nm
line,overlay,sdu6-homo-3,sdu6-homo-3,rmsd,31isjen3,31isjen3::RMSD,sdu6-homo-3 / RMSD,RMSD,Time (ps),92400,0.29216444,nm,nm
line,overlay,sdu6-homo-3,sdu6-homo-3,rmsd,31isjen3,31isjen3::RMSD,sdu6-homo-3 / RMSD,RMSD,Time (ps),92500,0.28096235,nm,nm
line,overlay,sdu6-homo-3,sdu6-homo-3,rmsd,31isjen3,31isjen3::RMSD,sdu6-homo-3 / RMSD,RMSD,Time (ps),92600,0.26228562,nm,nm
line,overlay,sdu6-homo-3,sdu6-homo-3,rmsd,31isjen3,31isjen3::RMSD,sdu6-homo-3 / RMSD,RMSD,Time (ps),92700,0.28170484,nm,nm
line,overlay,sdu6-homo-3,sdu6-homo-3,rmsd,31isjen3,31isjen3::RMSD,sdu6-homo-3 / RMSD,RMSD,Time (ps),92800,0.27459732,nm,nm
line,overlay,sdu6-homo-3,sdu6-homo-3,rmsd,31isjen3,31isjen3::RMSD,sdu6-homo-3 / RMSD,RMSD,Time (ps),92900,0.27608454,nm,nm
line,overlay,sdu6-homo-3,sdu6-homo-3,rmsd,31isjen3,31isjen3::RMSD,sdu6-homo-3 / RMSD,RMSD,Time (ps),93000,0.2781328,nm,nm
line,overlay,sdu6-homo-3,sdu6-homo-3,rmsd,31isjen3,31isjen3::RMSD,sdu6-homo-3 / RMSD,RMSD,Time (ps),93100,0.27743116,nm,nm
line,overlay,sdu6-homo-3,sdu6-homo-3,rmsd,31isjen3,31isjen3::RMSD,sdu6-homo-3 / RMSD,RMSD,Time (ps),93200,0.28843263,nm,nm
line,overlay,sdu6-homo-3,sdu6-homo-3,rmsd,31isjen3,31isjen3::RMSD,sdu6-homo-3 / RMSD,RMSD,Time (ps),93300,0.2567611,nm,nm
line,overlay,sdu6-homo-3,sdu6-homo-3,rmsd,31isjen3,31isjen3::RMSD,sdu6-homo-3 / RMSD,RMSD,Time (ps),93400,0.26579764,nm,nm
line,overlay,sdu6-homo-3,sdu6-homo-3,rmsd,31isjen3,31isjen3::RMSD,sdu6-homo-3 / RMSD,RMSD,Time (ps),93500,0.28913444,nm,nm
line,overlay,sdu6-homo-3,sdu6-homo-3,rmsd,31isjen3,31isjen3::RMSD,sdu6-homo-3 / RMSD,RMSD,Time (ps),93600,0.25957,nm,nm
line,overlay,sdu6-homo-3,sdu6-homo-3,rmsd,31isjen3,31isjen3::RMSD,sdu6-homo-3 / RMSD,RMSD,Time (ps),93700,0.2665824,nm,nm
line,overlay,sdu6-homo-3,sdu6-homo-3,rmsd,31isjen3,31isjen3::RMSD,sdu6-homo-3 / RMSD,RMSD,Time (ps),93800,0.26580155,nm,nm
line,overlay,sdu6-homo-3,sdu6-homo-3,rmsd,31isjen3,31isjen3::RMSD,sdu6-homo-3 / RMSD,RMSD,Time (ps),93900,0.25079697,nm,nm
line,overlay,sdu6-homo-3,sdu6-homo-3,rmsd,31isjen3,31isjen3::RMSD,sdu6-homo-3 / RMSD,RMSD,Time (ps),94000,0.2575251,nm,nm
line,overlay,sdu6-homo-3,sdu6-homo-3,rmsd,31isjen3,31isjen3::RMSD,sdu6-homo-3 / RMSD,RMSD,Time (ps),94100,0.24953306,nm,nm
line,overlay,sdu6-homo-3,sdu6-homo-3,rmsd,31isjen3,31isjen3::RMSD,sdu6-homo-3 / RMSD,RMSD,Time (ps),94200,0.23964679,nm,nm
line,overlay,sdu6-homo-3,sdu6-homo-3,rmsd,31isjen3,31isjen3::RMSD,sdu6-homo-3 / RMSD,RMSD,Time (ps),94300,0.23083737,nm,nm
line,overlay,sdu6-homo-3,sdu6-homo-3,rmsd,31isjen3,31isjen3::RMSD,sdu6-homo-3 / RMSD,RMSD,Time (ps),94400,0.24314898,nm,nm
line,overlay,sdu6-homo-3,sdu6-homo-3,rmsd,31isjen3,31isjen3::RMSD,sdu6-homo-3 / RMSD,RMSD,Time (ps),94500,0.22909276,nm,nm
line,overlay,sdu6-homo-3,sdu6-homo-3,rmsd,31isjen3,31isjen3::RMSD,sdu6-homo-3 / RMSD,RMSD,Time (ps),94600,0.24134304,nm,nm
line,overlay,sdu6-homo-3,sdu6-homo-3,rmsd,31isjen3,31isjen3::RMSD,sdu6-homo-3 / RMSD,RMSD,Time (ps),94700,0.24219847,nm,nm
line,overlay,sdu6-homo-3,sdu6-homo-3,rmsd,31isjen3,31isjen3::RMSD,sdu6-homo-3 / RMSD,RMSD,Time (ps),94800,0.22643004,nm,nm
line,overlay,sdu6-homo-3,sdu6-homo-3,rmsd,31isjen3,31isjen3::RMSD,sdu6-homo-3 / RMSD,RMSD,Time (ps),94900,0.25046194,nm,nm
line,overlay,sdu6-homo-3,sdu6-homo-3,rmsd,31isjen3,31isjen3::RMSD,sdu6-homo-3 / RMSD,RMSD,Time (ps),95000,0.249749,nm,nm
line,overlay,sdu6-homo-3,sdu6-homo-3,rmsd,31isjen3,31isjen3::RMSD,sdu6-homo-3 / RMSD,RMSD,Time (ps),95100,0.24362816,nm,nm
line,overlay,sdu6-homo-3,sdu6-homo-3,rmsd,31isjen3,31isjen3::RMSD,sdu6-homo-3 / RMSD,RMSD,Time (ps),95200,0.23407735,nm,nm
line,overlay,sdu6-homo-3,sdu6-homo-3,rmsd,31isjen3,31isjen3::RMSD,sdu6-homo-3 / RMSD,RMSD,Time (ps),95300,0.2504516,nm,nm
line,overlay,sdu6-homo-3,sdu6-homo-3,rmsd,31isjen3,31isjen3::RMSD,sdu6-homo-3 / RMSD,RMSD,Time (ps),95400,0.25003108,nm,nm
line,overlay,sdu6-homo-3,sdu6-homo-3,rmsd,31isjen3,31isjen3::RMSD,sdu6-homo-3 / RMSD,RMSD,Time (ps),95500,0.25369853,nm,nm
line,overlay,sdu6-homo-3,sdu6-homo-3,rmsd,31isjen3,31isjen3::RMSD,sdu6-homo-3 / RMSD,RMSD,Time (ps),95600,0.2531688,nm,nm
line,overlay,sdu6-homo-3,sdu6-homo-3,rmsd,31isjen3,31isjen3::RMSD,sdu6-homo-3 / RMSD,RMSD,Time (ps),95700,0.2519476,nm,nm
line,overlay,sdu6-homo-3,sdu6-homo-3,rmsd,31isjen3,31isjen3::RMSD,sdu6-homo-3 / RMSD,RMSD,Time (ps),95800,0.24187508,nm,nm
line,overlay,sdu6-homo-3,sdu6-homo-3,rmsd,31isjen3,31isjen3::RMSD,sdu6-homo-3 / RMSD,RMSD,Time (ps),95900,0.23844333,nm,nm
line,overlay,sdu6-homo-3,sdu6-homo-3,rmsd,31isjen3,31isjen3::RMSD,sdu6-homo-3 / RMSD,RMSD,Time (ps),96000,0.24802455,nm,nm
line,overlay,sdu6-homo-3,sdu6-homo-3,rmsd,31isjen3,31isjen3::RMSD,sdu6-homo-3 / RMSD,RMSD,Time (ps),96100,0.2518468,nm,nm
line,overlay,sdu6-homo-3,sdu6-homo-3,rmsd,31isjen3,31isjen3::RMSD,sdu6-homo-3 / RMSD,RMSD,Time (ps),96200,0.24976768,nm,nm
line,overlay,sdu6-homo-3,sdu6-homo-3,rmsd,31isjen3,31isjen3::RMSD,sdu6-homo-3 / RMSD,RMSD,Time (ps),96300,0.24598901,nm,nm
line,overlay,sdu6-homo-3,sdu6-homo-3,rmsd,31isjen3,31isjen3::RMSD,sdu6-homo-3 / RMSD,RMSD,Time (ps),96400,0.24470872,nm,nm
line,overlay,sdu6-homo-3,sdu6-homo-3,rmsd,31isjen3,31isjen3::RMSD,sdu6-homo-3 / RMSD,RMSD,Time (ps),96500,0.23843898,nm,nm
line,overlay,sdu6-homo-3,sdu6-homo-3,rmsd,31isjen3,31isjen3::RMSD,sdu6-homo-3 / RMSD,RMSD,Time (ps),96600,0.2401826,nm,nm
line,overlay,sdu6-homo-3,sdu6-homo-3,rmsd,31isjen3,31isjen3::RMSD,sdu6-homo-3 / RMSD,RMSD,Time (ps),96700,0.24639536,nm,nm
line,overlay,sdu6-homo-3,sdu6-homo-3,rmsd,31isjen3,31isjen3::RMSD,sdu6-homo-3 / RMSD,RMSD,Time (ps),96800,0.24259195,nm,nm
line,overlay,sdu6-homo-3,sdu6-homo-3,rmsd,31isjen3,31isjen3::RMSD,sdu6-homo-3 / RMSD,RMSD,Time (ps),96900,0.25283894,nm,nm
line,overlay,sdu6-homo-3,sdu6-homo-3,rmsd,31isjen3,31isjen3::RMSD,sdu6-homo-3 / RMSD,RMSD,Time (ps),97000,0.25109857,nm,nm
line,overlay,sdu6-homo-3,sdu6-homo-3,rmsd,31isjen3,31isjen3::RMSD,sdu6-homo-3 / RMSD,RMSD,Time (ps),97100,0.24929406,nm,nm
line,overlay,sdu6-homo-3,sdu6-homo-3,rmsd,31isjen3,31isjen3::RMSD,sdu6-homo-3 / RMSD,RMSD,Time (ps),97200,0.24972825,nm,nm
line,overlay,sdu6-homo-3,sdu6-homo-3,rmsd,31isjen3,31isjen3::RMSD,sdu6-homo-3 / RMSD,RMSD,Time (ps),97300,0.26107135,nm,nm
line,overlay,sdu6-homo-3,sdu6-homo-3,rmsd,31isjen3,31isjen3::RMSD,sdu6-homo-3 / RMSD,RMSD,Time (ps),97400,0.24971786,nm,nm
line,overlay,sdu6-homo-3,sdu6-homo-3,rmsd,31isjen3,31isjen3::RMSD,sdu6-homo-3 / RMSD,RMSD,Time (ps),97500,0.27379578,nm,nm
line,overlay,sdu6-homo-3,sdu6-homo-3,rmsd,31isjen3,31isjen3::RMSD,sdu6-homo-3 / RMSD,RMSD,Time (ps),97600,0.25440446,nm,nm
line,overlay,sdu6-homo-3,sdu6-homo-3,rmsd,31isjen3,31isjen3::RMSD,sdu6-homo-3 / RMSD,RMSD,Time (ps),97700,0.26677093,nm,nm
line,overlay,sdu6-homo-3,sdu6-homo-3,rmsd,31isjen3,31isjen3::RMSD,sdu6-homo-3 / RMSD,RMSD,Time (ps),97800,0.26037753,nm,nm
line,overlay,sdu6-homo-3,sdu6-homo-3,rmsd,31isjen3,31isjen3::RMSD,sdu6-homo-3 / RMSD,RMSD,Time (ps),97900,0.25702542,nm,nm
line,overlay,sdu6-homo-3,sdu6-homo-3,rmsd,31isjen3,31isjen3::RMSD,sdu6-homo-3 / RMSD,RMSD,Time (ps),98000,0.26388153,nm,nm
line,overlay,sdu6-homo-3,sdu6-homo-3,rmsd,31isjen3,31isjen3::RMSD,sdu6-homo-3 / RMSD,RMSD,Time (ps),98100,0.26291332,nm,nm
line,overlay,sdu6-homo-3,sdu6-homo-3,rmsd,31isjen3,31isjen3::RMSD,sdu6-homo-3 / RMSD,RMSD,Time (ps),98200,0.2588321,nm,nm
line,overlay,sdu6-homo-3,sdu6-homo-3,rmsd,31isjen3,31isjen3::RMSD,sdu6-homo-3 / RMSD,RMSD,Time (ps),98300,0.2534614,nm,nm
line,overlay,sdu6-homo-3,sdu6-homo-3,rmsd,31isjen3,31isjen3::RMSD,sdu6-homo-3 / RMSD,RMSD,Time (ps),98400,0.25756934,nm,nm
line,overlay,sdu6-homo-3,sdu6-homo-3,rmsd,31isjen3,31isjen3::RMSD,sdu6-homo-3 / RMSD,RMSD,Time (ps),98500,0.2510903,nm,nm
line,overlay,sdu6-homo-3,sdu6-homo-3,rmsd,31isjen3,31isjen3::RMSD,sdu6-homo-3 / RMSD,RMSD,Time (ps),98600,0.26297837,nm,nm
line,overlay,sdu6-homo-3,sdu6-homo-3,rmsd,31isjen3,31isjen3::RMSD,sdu6-homo-3 / RMSD,RMSD,Time (ps),98700,0.25709802,nm,nm
line,overlay,sdu6-homo-3,sdu6-homo-3,rmsd,31isjen3,31isjen3::RMSD,sdu6-homo-3 / RMSD,RMSD,Time (ps),98800,0.25343683,nm,nm
line,overlay,sdu6-homo-3,sdu6-homo-3,rmsd,31isjen3,31isjen3::RMSD,sdu6-homo-3 / RMSD,RMSD,Time (ps),98900,0.236665,nm,nm
line,overlay,sdu6-homo-3,sdu6-homo-3,rmsd,31isjen3,31isjen3::RMSD,sdu6-homo-3 / RMSD,RMSD,Time (ps),99000,0.25456944,nm,nm
line,overlay,sdu6-homo-3,sdu6-homo-3,rmsd,31isjen3,31isjen3::RMSD,sdu6-homo-3 / RMSD,RMSD,Time (ps),99100,0.24975938,nm,nm
line,overlay,sdu6-homo-3,sdu6-homo-3,rmsd,31isjen3,31isjen3::RMSD,sdu6-homo-3 / RMSD,RMSD,Time (ps),99200,0.25284097,nm,nm
line,overlay,sdu6-homo-3,sdu6-homo-3,rmsd,31isjen3,31isjen3::RMSD,sdu6-homo-3 / RMSD,RMSD,Time (ps),99300,0.24857776,nm,nm
line,overlay,sdu6-homo-3,sdu6-homo-3,rmsd,31isjen3,31isjen3::RMSD,sdu6-homo-3 / RMSD,RMSD,Time (ps),99400,0.24765228,nm,nm
line,overlay,sdu6-homo-3,sdu6-homo-3,rmsd,31isjen3,31isjen3::RMSD,sdu6-homo-3 / RMSD,RMSD,Time (ps),99500,0.24861738,nm,nm
line,overlay,sdu6-homo-3,sdu6-homo-3,rmsd,31isjen3,31isjen3::RMSD,sdu6-homo-3 / RMSD,RMSD,Time (ps),99600,0.25182825,nm,nm
line,overlay,sdu6-homo-3,sdu6-homo-3,rmsd,31isjen3,31isjen3::RMSD,sdu6-homo-3 / RMSD,RMSD,Time (ps),99700,0.26320103,nm,nm
line,overlay,sdu6-homo-3,sdu6-homo-3,rmsd,31isjen3,31isjen3::RMSD,sdu6-homo-3 / RMSD,RMSD,Time (ps),99800,0.2619534,nm,nm
line,overlay,sdu6-homo-3,sdu6-homo-3,rmsd,31isjen3,31isjen3::RMSD,sdu6-homo-3 / RMSD,RMSD,Time (ps),99900,0.2540864,nm,nm
line,overlay,sdu6-homo-3,sdu6-homo-3,rmsd,31isjen3,31isjen3::RMSD,sdu6-homo-3 / RMSD,RMSD,Time (ps),100000,0.25354728,nm,nm
line,overlay,sdu6-homo-4,sdu6-homo-4,rmsd,yj9cotmp,yj9cotmp::RMSD,sdu6-homo-4 / RMSD,RMSD,Time (ps),0,0,nm,nm
line,overlay,sdu6-homo-4,sdu6-homo-4,rmsd,yj9cotmp,yj9cotmp::RMSD,sdu6-homo-4 / RMSD,RMSD,Time (ps),100,0.09389917,nm,nm
line,overlay,sdu6-homo-4,sdu6-homo-4,rmsd,yj9cotmp,yj9cotmp::RMSD,sdu6-homo-4 / RMSD,RMSD,Time (ps),200,0.10874048,nm,nm
line,overlay,sdu6-homo-4,sdu6-homo-4,rmsd,yj9cotmp,yj9cotmp::RMSD,sdu6-homo-4 / RMSD,RMSD,Time (ps),300,0.090411864,nm,nm
line,overlay,sdu6-homo-4,sdu6-homo-4,rmsd,yj9cotmp,yj9cotmp::RMSD,sdu6-homo-4 / RMSD,RMSD,Time (ps),400,0.11097695,nm,nm
line,overlay,sdu6-homo-4,sdu6-homo-4,rmsd,yj9cotmp,yj9cotmp::RMSD,sdu6-homo-4 / RMSD,RMSD,Time (ps),500,0.1204985,nm,nm
line,overlay,sdu6-homo-4,sdu6-homo-4,rmsd,yj9cotmp,yj9cotmp::RMSD,sdu6-homo-4 / RMSD,RMSD,Time (ps),600,0.12257128,nm,nm
line,overlay,sdu6-homo-4,sdu6-homo-4,rmsd,yj9cotmp,yj9cotmp::RMSD,sdu6-homo-4 / RMSD,RMSD,Time (ps),700,0.11304091,nm,nm
line,overlay,sdu6-homo-4,sdu6-homo-4,rmsd,yj9cotmp,yj9cotmp::RMSD,sdu6-homo-4 / RMSD,RMSD,Time (ps),800,0.122308806,nm,nm
line,overlay,sdu6-homo-4,sdu6-homo-4,rmsd,yj9cotmp,yj9cotmp::RMSD,sdu6-homo-4 / RMSD,RMSD,Time (ps),900,0.12719917,nm,nm
line,overlay,sdu6-homo-4,sdu6-homo-4,rmsd,yj9cotmp,yj9cotmp::RMSD,sdu6-homo-4 / RMSD,RMSD,Time (ps),1000,0.13219883,nm,nm
line,overlay,sdu6-homo-4,sdu6-homo-4,rmsd,yj9cotmp,yj9cotmp::RMSD,sdu6-homo-4 / RMSD,RMSD,Time (ps),1100,0.13292612,nm,nm
line,overlay,sdu6-homo-4,sdu6-homo-4,rmsd,yj9cotmp,yj9cotmp::RMSD,sdu6-homo-4 / RMSD,RMSD,Time (ps),1200,0.1529339,nm,nm
line,overlay,sdu6-homo-4,sdu6-homo-4,rmsd,yj9cotmp,yj9cotmp::RMSD,sdu6-homo-4 / RMSD,RMSD,Time (ps),1300,0.13498472,nm,nm
line,overlay,sdu6-homo-4,sdu6-homo-4,rmsd,yj9cotmp,yj9cotmp::RMSD,sdu6-homo-4 / RMSD,RMSD,Time (ps),1400,0.13603282,nm,nm
line,overlay,sdu6-homo-4,sdu6-homo-4,rmsd,yj9cotmp,yj9cotmp::RMSD,sdu6-homo-4 / RMSD,RMSD,Time (ps),1500,0.12911229,nm,nm
line,overlay,sdu6-homo-4,sdu6-homo-4,rmsd,yj9cotmp,yj9cotmp::RMSD,sdu6-homo-4 / RMSD,RMSD,Time (ps),1600,0.13395551,nm,nm
line,overlay,sdu6-homo-4,sdu6-homo-4,rmsd,yj9cotmp,yj9cotmp::RMSD,sdu6-homo-4 / RMSD,RMSD,Time (ps),1700,0.14471057,nm,nm
line,overlay,sdu6-homo-4,sdu6-homo-4,rmsd,yj9cotmp,yj9cotmp::RMSD,sdu6-homo-4 / RMSD,RMSD,Time (ps),1800,0.13659939,nm,nm
line,overlay,sdu6-homo-4,sdu6-homo-4,rmsd,yj9cotmp,yj9cotmp::RMSD,sdu6-homo-4 / RMSD,RMSD,Time (ps),1900,0.13219099,nm,nm
line,overlay,sdu6-homo-4,sdu6-homo-4,rmsd,yj9cotmp,yj9cotmp::RMSD,sdu6-homo-4 / RMSD,RMSD,Time (ps),2000,0.127358,nm,nm
line,overlay,sdu6-homo-4,sdu6-homo-4,rmsd,yj9cotmp,yj9cotmp::RMSD,sdu6-homo-4 / RMSD,RMSD,Time (ps),2100,0.12739055,nm,nm
line,overlay,sdu6-homo-4,sdu6-homo-4,rmsd,yj9cotmp,yj9cotmp::RMSD,sdu6-homo-4 / RMSD,RMSD,Time (ps),2200,0.13962437,nm,nm
line,overlay,sdu6-homo-4,sdu6-homo-4,rmsd,yj9cotmp,yj9cotmp::RMSD,sdu6-homo-4 / RMSD,RMSD,Time (ps),2300,0.15213531,nm,nm
line,overlay,sdu6-homo-4,sdu6-homo-4,rmsd,yj9cotmp,yj9cotmp::RMSD,sdu6-homo-4 / RMSD,RMSD,Time (ps),2400,0.14957893,nm,nm
line,overlay,sdu6-homo-4,sdu6-homo-4,rmsd,yj9cotmp,yj9cotmp::RMSD,sdu6-homo-4 / RMSD,RMSD,Time (ps),2500,0.14063421,nm,nm
line,overlay,sdu6-homo-4,sdu6-homo-4,rmsd,yj9cotmp,yj9cotmp::RMSD,sdu6-homo-4 / RMSD,RMSD,Time (ps),2600,0.12941705,nm,nm
line,overlay,sdu6-homo-4,sdu6-homo-4,rmsd,yj9cotmp,yj9cotmp::RMSD,sdu6-homo-4 / RMSD,RMSD,Time (ps),2700,0.118952885,nm,nm
line,overlay,sdu6-homo-4,sdu6-homo-4,rmsd,yj9cotmp,yj9cotmp::RMSD,sdu6-homo-4 / RMSD,RMSD,Time (ps),2800,0.13852862,nm,nm
line,overlay,sdu6-homo-4,sdu6-homo-4,rmsd,yj9cotmp,yj9cotmp::RMSD,sdu6-homo-4 / RMSD,RMSD,Time (ps),2900,0.14635253,nm,nm
line,overlay,sdu6-homo-4,sdu6-homo-4,rmsd,yj9cotmp,yj9cotmp::RMSD,sdu6-homo-4 / RMSD,RMSD,Time (ps),3000,0.14189646,nm,nm
line,overlay,sdu6-homo-4,sdu6-homo-4,rmsd,yj9cotmp,yj9cotmp::RMSD,sdu6-homo-4 / RMSD,RMSD,Time (ps),3100,0.1522477,nm,nm
line,overlay,sdu6-homo-4,sdu6-homo-4,rmsd,yj9cotmp,yj9cotmp::RMSD,sdu6-homo-4 / RMSD,RMSD,Time (ps),3200,0.14787817,nm,nm
line,overlay,sdu6-homo-4,sdu6-homo-4,rmsd,yj9cotmp,yj9cotmp::RMSD,sdu6-homo-4 / RMSD,RMSD,Time (ps),3300,0.13989513,nm,nm
line,overlay,sdu6-homo-4,sdu6-homo-4,rmsd,yj9cotmp,yj9cotmp::RMSD,sdu6-homo-4 / RMSD,RMSD,Time (ps),3400,0.146904,nm,nm
line,overlay,sdu6-homo-4,sdu6-homo-4,rmsd,yj9cotmp,yj9cotmp::RMSD,sdu6-homo-4 / RMSD,RMSD,Time (ps),3500,0.14149772,nm,nm
line,overlay,sdu6-homo-4,sdu6-homo-4,rmsd,yj9cotmp,yj9cotmp::RMSD,sdu6-homo-4 / RMSD,RMSD,Time (ps),3600,0.1561604,nm,nm
line,overlay,sdu6-homo-4,sdu6-homo-4,rmsd,yj9cotmp,yj9cotmp::RMSD,sdu6-homo-4 / RMSD,RMSD,Time (ps),3700,0.16568828,nm,nm
line,overlay,sdu6-homo-4,sdu6-homo-4,rmsd,yj9cotmp,yj9cotmp::RMSD,sdu6-homo-4 / RMSD,RMSD,Time (ps),3800,0.1530457,nm,nm
line,overlay,sdu6-homo-4,sdu6-homo-4,rmsd,yj9cotmp,yj9cotmp::RMSD,sdu6-homo-4 / RMSD,RMSD,Time (ps),3900,0.15472652,nm,nm
line,overlay,sdu6-homo-4,sdu6-homo-4,rmsd,yj9cotmp,yj9cotmp::RMSD,sdu6-homo-4 / RMSD,RMSD,Time (ps),4000,0.14253792,nm,nm
line,overlay,sdu6-homo-4,sdu6-homo-4,rmsd,yj9cotmp,yj9cotmp::RMSD,sdu6-homo-4 / RMSD,RMSD,Time (ps),4100,0.13771425,nm,nm
line,overlay,sdu6-homo-4,sdu6-homo-4,rmsd,yj9cotmp,yj9cotmp::RMSD,sdu6-homo-4 / RMSD,RMSD,Time (ps),4200,0.13293782,nm,nm
line,overlay,sdu6-homo-4,sdu6-homo-4,rmsd,yj9cotmp,yj9cotmp::RMSD,sdu6-homo-4 / RMSD,RMSD,Time (ps),4300,0.13084307,nm,nm
line,overlay,sdu6-homo-4,sdu6-homo-4,rmsd,yj9cotmp,yj9cotmp::RMSD,sdu6-homo-4 / RMSD,RMSD,Time (ps),4400,0.13864456,nm,nm
line,overlay,sdu6-homo-4,sdu6-homo-4,rmsd,yj9cotmp,yj9cotmp::RMSD,sdu6-homo-4 / RMSD,RMSD,Time (ps),4500,0.13224587,nm,nm
line,overlay,sdu6-homo-4,sdu6-homo-4,rmsd,yj9cotmp,yj9cotmp::RMSD,sdu6-homo-4 / RMSD,RMSD,Time (ps),4600,0.13206151,nm,nm
line,overlay,sdu6-homo-4,sdu6-homo-4,rmsd,yj9cotmp,yj9cotmp::RMSD,sdu6-homo-4 / RMSD,RMSD,Time (ps),4700,0.12721547,nm,nm
line,overlay,sdu6-homo-4,sdu6-homo-4,rmsd,yj9cotmp,yj9cotmp::RMSD,sdu6-homo-4 / RMSD,RMSD,Time (ps),4800,0.12465534,nm,nm
line,overlay,sdu6-homo-4,sdu6-homo-4,rmsd,yj9cotmp,yj9cotmp::RMSD,sdu6-homo-4 / RMSD,RMSD,Time (ps),4900,0.13345152,nm,nm
line,overlay,sdu6-homo-4,sdu6-homo-4,rmsd,yj9cotmp,yj9cotmp::RMSD,sdu6-homo-4 / RMSD,RMSD,Time (ps),5000,0.12158621,nm,nm
line,overlay,sdu6-homo-4,sdu6-homo-4,rmsd,yj9cotmp,yj9cotmp::RMSD,sdu6-homo-4 / RMSD,RMSD,Time (ps),5100,0.13307032,nm,nm
line,overlay,sdu6-homo-4,sdu6-homo-4,rmsd,yj9cotmp,yj9cotmp::RMSD,sdu6-homo-4 / RMSD,RMSD,Time (ps),5200,0.1297051,nm,nm
line,overlay,sdu6-homo-4,sdu6-homo-4,rmsd,yj9cotmp,yj9cotmp::RMSD,sdu6-homo-4 / RMSD,RMSD,Time (ps),5300,0.1287102,nm,nm
line,overlay,sdu6-homo-4,sdu6-homo-4,rmsd,yj9cotmp,yj9cotmp::RMSD,sdu6-homo-4 / RMSD,RMSD,Time (ps),5400,0.13985807,nm,nm
line,overlay,sdu6-homo-4,sdu6-homo-4,rmsd,yj9cotmp,yj9cotmp::RMSD,sdu6-homo-4 / RMSD,RMSD,Time (ps),5500,0.14263609,nm,nm
line,overlay,sdu6-homo-4,sdu6-homo-4,rmsd,yj9cotmp,yj9cotmp::RMSD,sdu6-homo-4 / RMSD,RMSD,Time (ps),5600,0.14809532,nm,nm
line,overlay,sdu6-homo-4,sdu6-homo-4,rmsd,yj9cotmp,yj9cotmp::RMSD,sdu6-homo-4 / RMSD,RMSD,Time (ps),5700,0.14403918,nm,nm
line,overlay,sdu6-homo-4,sdu6-homo-4,rmsd,yj9cotmp,yj9cotmp::RMSD,sdu6-homo-4 / RMSD,RMSD,Time (ps),5800,0.13613947,nm,nm
line,overlay,sdu6-homo-4,sdu6-homo-4,rmsd,yj9cotmp,yj9cotmp::RMSD,sdu6-homo-4 / RMSD,RMSD,Time (ps),5900,0.14850427,nm,nm
line,overlay,sdu6-homo-4,sdu6-homo-4,rmsd,yj9cotmp,yj9cotmp::RMSD,sdu6-homo-4 / RMSD,RMSD,Time (ps),6000,0.14588071,nm,nm
line,overlay,sdu6-homo-4,sdu6-homo-4,rmsd,yj9cotmp,yj9cotmp::RMSD,sdu6-homo-4 / RMSD,RMSD,Time (ps),6100,0.13351753,nm,nm
line,overlay,sdu6-homo-4,sdu6-homo-4,rmsd,yj9cotmp,yj9cotmp::RMSD,sdu6-homo-4 / RMSD,RMSD,Time (ps),6200,0.14319101,nm,nm
line,overlay,sdu6-homo-4,sdu6-homo-4,rmsd,yj9cotmp,yj9cotmp::RMSD,sdu6-homo-4 / RMSD,RMSD,Time (ps),6300,0.14638087,nm,nm
line,overlay,sdu6-homo-4,sdu6-homo-4,rmsd,yj9cotmp,yj9cotmp::RMSD,sdu6-homo-4 / RMSD,RMSD,Time (ps),6400,0.14878324,nm,nm
line,overlay,sdu6-homo-4,sdu6-homo-4,rmsd,yj9cotmp,yj9cotmp::RMSD,sdu6-homo-4 / RMSD,RMSD,Time (ps),6500,0.16347735,nm,nm
line,overlay,sdu6-homo-4,sdu6-homo-4,rmsd,yj9cotmp,yj9cotmp::RMSD,sdu6-homo-4 / RMSD,RMSD,Time (ps),6600,0.16042072,nm,nm
line,overlay,sdu6-homo-4,sdu6-homo-4,rmsd,yj9cotmp,yj9cotmp::RMSD,sdu6-homo-4 / RMSD,RMSD,Time (ps),6700,0.15570167,nm,nm
line,overlay,sdu6-homo-4,sdu6-homo-4,rmsd,yj9cotmp,yj9cotmp::RMSD,sdu6-homo-4 / RMSD,RMSD,Time (ps),6800,0.15250625,nm,nm
line,overlay,sdu6-homo-4,sdu6-homo-4,rmsd,yj9cotmp,yj9cotmp::RMSD,sdu6-homo-4 / RMSD,RMSD,Time (ps),6900,0.13738641,nm,nm
line,overlay,sdu6-homo-4,sdu6-homo-4,rmsd,yj9cotmp,yj9cotmp::RMSD,sdu6-homo-4 / RMSD,RMSD,Time (ps),7000,0.15111658,nm,nm
line,overlay,sdu6-homo-4,sdu6-homo-4,rmsd,yj9cotmp,yj9cotmp::RMSD,sdu6-homo-4 / RMSD,RMSD,Time (ps),7100,0.14047933,nm,nm
line,overlay,sdu6-homo-4,sdu6-homo-4,rmsd,yj9cotmp,yj9cotmp::RMSD,sdu6-homo-4 / RMSD,RMSD,Time (ps),7200,0.1596401,nm,nm
line,overlay,sdu6-homo-4,sdu6-homo-4,rmsd,yj9cotmp,yj9cotmp::RMSD,sdu6-homo-4 / RMSD,RMSD,Time (ps),7300,0.1395724,nm,nm
line,overlay,sdu6-homo-4,sdu6-homo-4,rmsd,yj9cotmp,yj9cotmp::RMSD,sdu6-homo-4 / RMSD,RMSD,Time (ps),7400,0.12645534,nm,nm
line,overlay,sdu6-homo-4,sdu6-homo-4,rmsd,yj9cotmp,yj9cotmp::RMSD,sdu6-homo-4 / RMSD,RMSD,Time (ps),7500,0.129385,nm,nm
line,overlay,sdu6-homo-4,sdu6-homo-4,rmsd,yj9cotmp,yj9cotmp::RMSD,sdu6-homo-4 / RMSD,RMSD,Time (ps),7600,0.1316133,nm,nm
line,overlay,sdu6-homo-4,sdu6-homo-4,rmsd,yj9cotmp,yj9cotmp::RMSD,sdu6-homo-4 / RMSD,RMSD,Time (ps),7700,0.1393345,nm,nm
line,overlay,sdu6-homo-4,sdu6-homo-4,rmsd,yj9cotmp,yj9cotmp::RMSD,sdu6-homo-4 / RMSD,RMSD,Time (ps),7800,0.12812896,nm,nm
line,overlay,sdu6-homo-4,sdu6-homo-4,rmsd,yj9cotmp,yj9cotmp::RMSD,sdu6-homo-4 / RMSD,RMSD,Time (ps),7900,0.11885698,nm,nm
line,overlay,sdu6-homo-4,sdu6-homo-4,rmsd,yj9cotmp,yj9cotmp::RMSD,sdu6-homo-4 / RMSD,RMSD,Time (ps),8000,0.1273865,nm,nm
line,overlay,sdu6-homo-4,sdu6-homo-4,rmsd,yj9cotmp,yj9cotmp::RMSD,sdu6-homo-4 / RMSD,RMSD,Time (ps),8100,0.139821,nm,nm
line,overlay,sdu6-homo-4,sdu6-homo-4,rmsd,yj9cotmp,yj9cotmp::RMSD,sdu6-homo-4 / RMSD,RMSD,Time (ps),8200,0.1289918,nm,nm
line,overlay,sdu6-homo-4,sdu6-homo-4,rmsd,yj9cotmp,yj9cotmp::RMSD,sdu6-homo-4 / RMSD,RMSD,Time (ps),8300,0.13466562,nm,nm
line,overlay,sdu6-homo-4,sdu6-homo-4,rmsd,yj9cotmp,yj9cotmp::RMSD,sdu6-homo-4 / RMSD,RMSD,Time (ps),8400,0.12351913,nm,nm
line,overlay,sdu6-homo-4,sdu6-homo-4,rmsd,yj9cotmp,yj9cotmp::RMSD,sdu6-homo-4 / RMSD,RMSD,Time (ps),8500,0.13471949,nm,nm
line,overlay,sdu6-homo-4,sdu6-homo-4,rmsd,yj9cotmp,yj9cotmp::RMSD,sdu6-homo-4 / RMSD,RMSD,Time (ps),8600,0.13947952,nm,nm
line,overlay,sdu6-homo-4,sdu6-homo-4,rmsd,yj9cotmp,yj9cotmp::RMSD,sdu6-homo-4 / RMSD,RMSD,Time (ps),8700,0.12333014,nm,nm
line,overlay,sdu6-homo-4,sdu6-homo-4,rmsd,yj9cotmp,yj9cotmp::RMSD,sdu6-homo-4 / RMSD,RMSD,Time (ps),8800,0.12705238,nm,nm
line,overlay,sdu6-homo-4,sdu6-homo-4,rmsd,yj9cotmp,yj9cotmp::RMSD,sdu6-homo-4 / RMSD,RMSD,Time (ps),8900,0.13514206,nm,nm
line,overlay,sdu6-homo-4,sdu6-homo-4,rmsd,yj9cotmp,yj9cotmp::RMSD,sdu6-homo-4 / RMSD,RMSD,Time (ps),9000,0.12304822,nm,nm
line,overlay,sdu6-homo-4,sdu6-homo-4,rmsd,yj9cotmp,yj9cotmp::RMSD,sdu6-homo-4 / RMSD,RMSD,Time (ps),9100,0.14420104,nm,nm
line,overlay,sdu6-homo-4,sdu6-homo-4,rmsd,yj9cotmp,yj9cotmp::RMSD,sdu6-homo-4 / RMSD,RMSD,Time (ps),9200,0.13319881,nm,nm
line,overlay,sdu6-homo-4,sdu6-homo-4,rmsd,yj9cotmp,yj9cotmp::RMSD,sdu6-homo-4 / RMSD,RMSD,Time (ps),9300,0.13090247,nm,nm
line,overlay,sdu6-homo-4,sdu6-homo-4,rmsd,yj9cotmp,yj9cotmp::RMSD,sdu6-homo-4 / RMSD,RMSD,Time (ps),9400,0.14860196,nm,nm
line,overlay,sdu6-homo-4,sdu6-homo-4,rmsd,yj9cotmp,yj9cotmp::RMSD,sdu6-homo-4 / RMSD,RMSD,Time (ps),9500,0.14968285,nm,nm
line,overlay,sdu6-homo-4,sdu6-homo-4,rmsd,yj9cotmp,yj9cotmp::RMSD,sdu6-homo-4 / RMSD,RMSD,Time (ps),9600,0.13500008,nm,nm
line,overlay,sdu6-homo-4,sdu6-homo-4,rmsd,yj9cotmp,yj9cotmp::RMSD,sdu6-homo-4 / RMSD,RMSD,Time (ps),9700,0.13423768,nm,nm
line,overlay,sdu6-homo-4,sdu6-homo-4,rmsd,yj9cotmp,yj9cotmp::RMSD,sdu6-homo-4 / RMSD,RMSD,Time (ps),9800,0.14724939,nm,nm
line,overlay,sdu6-homo-4,sdu6-homo-4,rmsd,yj9cotmp,yj9cotmp::RMSD,sdu6-homo-4 / RMSD,RMSD,Time (ps),9900,0.13765402,nm,nm
line,overlay,sdu6-homo-4,sdu6-homo-4,rmsd,yj9cotmp,yj9cotmp::RMSD,sdu6-homo-4 / RMSD,RMSD,Time (ps),10000,0.14282855,nm,nm
line,overlay,sdu6-homo-4,sdu6-homo-4,rmsd,yj9cotmp,yj9cotmp::RMSD,sdu6-homo-4 / RMSD,RMSD,Time (ps),10100,0.1430099,nm,nm
line,overlay,sdu6-homo-4,sdu6-homo-4,rmsd,yj9cotmp,yj9cotmp::RMSD,sdu6-homo-4 / RMSD,RMSD,Time (ps),10200,0.14205346,nm,nm
line,overlay,sdu6-homo-4,sdu6-homo-4,rmsd,yj9cotmp,yj9cotmp::RMSD,sdu6-homo-4 / RMSD,RMSD,Time (ps),10300,0.14804982,nm,nm
line,overlay,sdu6-homo-4,sdu6-homo-4,rmsd,yj9cotmp,yj9cotmp::RMSD,sdu6-homo-4 / RMSD,RMSD,Time (ps),10400,0.13914092,nm,nm
line,overlay,sdu6-homo-4,sdu6-homo-4,rmsd,yj9cotmp,yj9cotmp::RMSD,sdu6-homo-4 / RMSD,RMSD,Time (ps),10500,0.1456389,nm,nm
line,overlay,sdu6-homo-4,sdu6-homo-4,rmsd,yj9cotmp,yj9cotmp::RMSD,sdu6-homo-4 / RMSD,RMSD,Time (ps),10600,0.14861244,nm,nm
line,overlay,sdu6-homo-4,sdu6-homo-4,rmsd,yj9cotmp,yj9cotmp::RMSD,sdu6-homo-4 / RMSD,RMSD,Time (ps),10700,0.1307083,nm,nm
line,overlay,sdu6-homo-4,sdu6-homo-4,rmsd,yj9cotmp,yj9cotmp::RMSD,sdu6-homo-4 / RMSD,RMSD,Time (ps),10800,0.12614754,nm,nm
line,overlay,sdu6-homo-4,sdu6-homo-4,rmsd,yj9cotmp,yj9cotmp::RMSD,sdu6-homo-4 / RMSD,RMSD,Time (ps),10900,0.14534676,nm,nm
line,overlay,sdu6-homo-4,sdu6-homo-4,rmsd,yj9cotmp,yj9cotmp::RMSD,sdu6-homo-4 / RMSD,RMSD,Time (ps),11000,0.14262155,nm,nm
line,overlay,sdu6-homo-4,sdu6-homo-4,rmsd,yj9cotmp,yj9cotmp::RMSD,sdu6-homo-4 / RMSD,RMSD,Time (ps),11100,0.1502359,nm,nm
line,overlay,sdu6-homo-4,sdu6-homo-4,rmsd,yj9cotmp,yj9cotmp::RMSD,sdu6-homo-4 / RMSD,RMSD,Time (ps),11200,0.1654754,nm,nm
line,overlay,sdu6-homo-4,sdu6-homo-4,rmsd,yj9cotmp,yj9cotmp::RMSD,sdu6-homo-4 / RMSD,RMSD,Time (ps),11300,0.16853264,nm,nm
line,overlay,sdu6-homo-4,sdu6-homo-4,rmsd,yj9cotmp,yj9cotmp::RMSD,sdu6-homo-4 / RMSD,RMSD,Time (ps),11400,0.14424057,nm,nm
line,overlay,sdu6-homo-4,sdu6-homo-4,rmsd,yj9cotmp,yj9cotmp::RMSD,sdu6-homo-4 / RMSD,RMSD,Time (ps),11500,0.13925636,nm,nm
line,overlay,sdu6-homo-4,sdu6-homo-4,rmsd,yj9cotmp,yj9cotmp::RMSD,sdu6-homo-4 / RMSD,RMSD,Time (ps),11600,0.13337381,nm,nm
line,overlay,sdu6-homo-4,sdu6-homo-4,rmsd,yj9cotmp,yj9cotmp::RMSD,sdu6-homo-4 / RMSD,RMSD,Time (ps),11700,0.1415673,nm,nm
line,overlay,sdu6-homo-4,sdu6-homo-4,rmsd,yj9cotmp,yj9cotmp::RMSD,sdu6-homo-4 / RMSD,RMSD,Time (ps),11800,0.14428729,nm,nm
line,overlay,sdu6-homo-4,sdu6-homo-4,rmsd,yj9cotmp,yj9cotmp::RMSD,sdu6-homo-4 / RMSD,RMSD,Time (ps),11900,0.14209722,nm,nm
line,overlay,sdu6-homo-4,sdu6-homo-4,rmsd,yj9cotmp,yj9cotmp::RMSD,sdu6-homo-4 / RMSD,RMSD,Time (ps),12000,0.13804884,nm,nm
line,overlay,sdu6-homo-4,sdu6-homo-4,rmsd,yj9cotmp,yj9cotmp::RMSD,sdu6-homo-4 / RMSD,RMSD,Time (ps),12100,0.1439852,nm,nm
line,overlay,sdu6-homo-4,sdu6-homo-4,rmsd,yj9cotmp,yj9cotmp::RMSD,sdu6-homo-4 / RMSD,RMSD,Time (ps),12200,0.14410396,nm,nm
line,overlay,sdu6-homo-4,sdu6-homo-4,rmsd,yj9cotmp,yj9cotmp::RMSD,sdu6-homo-4 / RMSD,RMSD,Time (ps),12300,0.14355616,nm,nm
line,overlay,sdu6-homo-4,sdu6-homo-4,rmsd,yj9cotmp,yj9cotmp::RMSD,sdu6-homo-4 / RMSD,RMSD,Time (ps),12400,0.14743584,nm,nm
line,overlay,sdu6-homo-4,sdu6-homo-4,rmsd,yj9cotmp,yj9cotmp::RMSD,sdu6-homo-4 / RMSD,RMSD,Time (ps),12500,0.14982131,nm,nm
line,overlay,sdu6-homo-4,sdu6-homo-4,rmsd,yj9cotmp,yj9cotmp::RMSD,sdu6-homo-4 / RMSD,RMSD,Time (ps),12600,0.14375822,nm,nm
line,overlay,sdu6-homo-4,sdu6-homo-4,rmsd,yj9cotmp,yj9cotmp::RMSD,sdu6-homo-4 / RMSD,RMSD,Time (ps),12700,0.15417613,nm,nm
line,overlay,sdu6-homo-4,sdu6-homo-4,rmsd,yj9cotmp,yj9cotmp::RMSD,sdu6-homo-4 / RMSD,RMSD,Time (ps),12800,0.1443232,nm,nm
line,overlay,sdu6-homo-4,sdu6-homo-4,rmsd,yj9cotmp,yj9cotmp::RMSD,sdu6-homo-4 / RMSD,RMSD,Time (ps),12900,0.13420293,nm,nm
line,overlay,sdu6-homo-4,sdu6-homo-4,rmsd,yj9cotmp,yj9cotmp::RMSD,sdu6-homo-4 / RMSD,RMSD,Time (ps),13000,0.14249064,nm,nm
line,overlay,sdu6-homo-4,sdu6-homo-4,rmsd,yj9cotmp,yj9cotmp::RMSD,sdu6-homo-4 / RMSD,RMSD,Time (ps),13100,0.14951654,nm,nm
line,overlay,sdu6-homo-4,sdu6-homo-4,rmsd,yj9cotmp,yj9cotmp::RMSD,sdu6-homo-4 / RMSD,RMSD,Time (ps),13200,0.14644104,nm,nm
line,overlay,sdu6-homo-4,sdu6-homo-4,rmsd,yj9cotmp,yj9cotmp::RMSD,sdu6-homo-4 / RMSD,RMSD,Time (ps),13300,0.12795489,nm,nm
line,overlay,sdu6-homo-4,sdu6-homo-4,rmsd,yj9cotmp,yj9cotmp::RMSD,sdu6-homo-4 / RMSD,RMSD,Time (ps),13400,0.14900953,nm,nm
line,overlay,sdu6-homo-4,sdu6-homo-4,rmsd,yj9cotmp,yj9cotmp::RMSD,sdu6-homo-4 / RMSD,RMSD,Time (ps),13500,0.1388911,nm,nm
line,overlay,sdu6-homo-4,sdu6-homo-4,rmsd,yj9cotmp,yj9cotmp::RMSD,sdu6-homo-4 / RMSD,RMSD,Time (ps),13600,0.1520467,nm,nm
line,overlay,sdu6-homo-4,sdu6-homo-4,rmsd,yj9cotmp,yj9cotmp::RMSD,sdu6-homo-4 / RMSD,RMSD,Time (ps),13700,0.16453297,nm,nm
line,overlay,sdu6-homo-4,sdu6-homo-4,rmsd,yj9cotmp,yj9cotmp::RMSD,sdu6-homo-4 / RMSD,RMSD,Time (ps),13800,0.1575319,nm,nm
line,overlay,sdu6-homo-4,sdu6-homo-4,rmsd,yj9cotmp,yj9cotmp::RMSD,sdu6-homo-4 / RMSD,RMSD,Time (ps),13900,0.1528661,nm,nm
line,overlay,sdu6-homo-4,sdu6-homo-4,rmsd,yj9cotmp,yj9cotmp::RMSD,sdu6-homo-4 / RMSD,RMSD,Time (ps),14000,0.14300628,nm,nm
line,overlay,sdu6-homo-4,sdu6-homo-4,rmsd,yj9cotmp,yj9cotmp::RMSD,sdu6-homo-4 / RMSD,RMSD,Time (ps),14100,0.12942506,nm,nm
line,overlay,sdu6-homo-4,sdu6-homo-4,rmsd,yj9cotmp,yj9cotmp::RMSD,sdu6-homo-4 / RMSD,RMSD,Time (ps),14200,0.13138074,nm,nm
line,overlay,sdu6-homo-4,sdu6-homo-4,rmsd,yj9cotmp,yj9cotmp::RMSD,sdu6-homo-4 / RMSD,RMSD,Time (ps),14300,0.12658644,nm,nm
line,overlay,sdu6-homo-4,sdu6-homo-4,rmsd,yj9cotmp,yj9cotmp::RMSD,sdu6-homo-4 / RMSD,RMSD,Time (ps),14400,0.12723991,nm,nm
line,overlay,sdu6-homo-4,sdu6-homo-4,rmsd,yj9cotmp,yj9cotmp::RMSD,sdu6-homo-4 / RMSD,RMSD,Time (ps),14500,0.12677057,nm,nm
line,overlay,sdu6-homo-4,sdu6-homo-4,rmsd,yj9cotmp,yj9cotmp::RMSD,sdu6-homo-4 / RMSD,RMSD,Time (ps),14600,0.13980988,nm,nm
line,overlay,sdu6-homo-4,sdu6-homo-4,rmsd,yj9cotmp,yj9cotmp::RMSD,sdu6-homo-4 / RMSD,RMSD,Time (ps),14700,0.13415657,nm,nm
line,overlay,sdu6-homo-4,sdu6-homo-4,rmsd,yj9cotmp,yj9cotmp::RMSD,sdu6-homo-4 / RMSD,RMSD,Time (ps),14800,0.13804509,nm,nm
line,overlay,sdu6-homo-4,sdu6-homo-4,rmsd,yj9cotmp,yj9cotmp::RMSD,sdu6-homo-4 / RMSD,RMSD,Time (ps),14900,0.131983,nm,nm
line,overlay,sdu6-homo-4,sdu6-homo-4,rmsd,yj9cotmp,yj9cotmp::RMSD,sdu6-homo-4 / RMSD,RMSD,Time (ps),15000,0.13651589,nm,nm
line,overlay,sdu6-homo-4,sdu6-homo-4,rmsd,yj9cotmp,yj9cotmp::RMSD,sdu6-homo-4 / RMSD,RMSD,Time (ps),15100,0.13116752,nm,nm
line,overlay,sdu6-homo-4,sdu6-homo-4,rmsd,yj9cotmp,yj9cotmp::RMSD,sdu6-homo-4 / RMSD,RMSD,Time (ps),15200,0.12787384,nm,nm
line,overlay,sdu6-homo-4,sdu6-homo-4,rmsd,yj9cotmp,yj9cotmp::RMSD,sdu6-homo-4 / RMSD,RMSD,Time (ps),15300,0.12760197,nm,nm
line,overlay,sdu6-homo-4,sdu6-homo-4,rmsd,yj9cotmp,yj9cotmp::RMSD,sdu6-homo-4 / RMSD,RMSD,Time (ps),15400,0.1257813,nm,nm
line,overlay,sdu6-homo-4,sdu6-homo-4,rmsd,yj9cotmp,yj9cotmp::RMSD,sdu6-homo-4 / RMSD,RMSD,Time (ps),15500,0.12715434,nm,nm
line,overlay,sdu6-homo-4,sdu6-homo-4,rmsd,yj9cotmp,yj9cotmp::RMSD,sdu6-homo-4 / RMSD,RMSD,Time (ps),15600,0.12733765,nm,nm
line,overlay,sdu6-homo-4,sdu6-homo-4,rmsd,yj9cotmp,yj9cotmp::RMSD,sdu6-homo-4 / RMSD,RMSD,Time (ps),15700,0.12874644,nm,nm
line,overlay,sdu6-homo-4,sdu6-homo-4,rmsd,yj9cotmp,yj9cotmp::RMSD,sdu6-homo-4 / RMSD,RMSD,Time (ps),15800,0.1457065,nm,nm
line,overlay,sdu6-homo-4,sdu6-homo-4,rmsd,yj9cotmp,yj9cotmp::RMSD,sdu6-homo-4 / RMSD,RMSD,Time (ps),15900,0.123921335,nm,nm
line,overlay,sdu6-homo-4,sdu6-homo-4,rmsd,yj9cotmp,yj9cotmp::RMSD,sdu6-homo-4 / RMSD,RMSD,Time (ps),16000,0.12114631,nm,nm
line,overlay,sdu6-homo-4,sdu6-homo-4,rmsd,yj9cotmp,yj9cotmp::RMSD,sdu6-homo-4 / RMSD,RMSD,Time (ps),16100,0.119773634,nm,nm
line,overlay,sdu6-homo-4,sdu6-homo-4,rmsd,yj9cotmp,yj9cotmp::RMSD,sdu6-homo-4 / RMSD,RMSD,Time (ps),16200,0.14300628,nm,nm
line,overlay,sdu6-homo-4,sdu6-homo-4,rmsd,yj9cotmp,yj9cotmp::RMSD,sdu6-homo-4 / RMSD,RMSD,Time (ps),16300,0.1476361,nm,nm
line,overlay,sdu6-homo-4,sdu6-homo-4,rmsd,yj9cotmp,yj9cotmp::RMSD,sdu6-homo-4 / RMSD,RMSD,Time (ps),16400,0.1382477,nm,nm
line,overlay,sdu6-homo-4,sdu6-homo-4,rmsd,yj9cotmp,yj9cotmp::RMSD,sdu6-homo-4 / RMSD,RMSD,Time (ps),16500,0.13058133,nm,nm
line,overlay,sdu6-homo-4,sdu6-homo-4,rmsd,yj9cotmp,yj9cotmp::RMSD,sdu6-homo-4 / RMSD,RMSD,Time (ps),16600,0.15461257,nm,nm
line,overlay,sdu6-homo-4,sdu6-homo-4,rmsd,yj9cotmp,yj9cotmp::RMSD,sdu6-homo-4 / RMSD,RMSD,Time (ps),16700,0.15464275,nm,nm
line,overlay,sdu6-homo-4,sdu6-homo-4,rmsd,yj9cotmp,yj9cotmp::RMSD,sdu6-homo-4 / RMSD,RMSD,Time (ps),16800,0.13822146,nm,nm
line,overlay,sdu6-homo-4,sdu6-homo-4,rmsd,yj9cotmp,yj9cotmp::RMSD,sdu6-homo-4 / RMSD,RMSD,Time (ps),16900,0.1340986,nm,nm
line,overlay,sdu6-homo-4,sdu6-homo-4,rmsd,yj9cotmp,yj9cotmp::RMSD,sdu6-homo-4 / RMSD,RMSD,Time (ps),17000,0.13670559,nm,nm
line,overlay,sdu6-homo-4,sdu6-homo-4,rmsd,yj9cotmp,yj9cotmp::RMSD,sdu6-homo-4 / RMSD,RMSD,Time (ps),17100,0.14565669,nm,nm
line,overlay,sdu6-homo-4,sdu6-homo-4,rmsd,yj9cotmp,yj9cotmp::RMSD,sdu6-homo-4 / RMSD,RMSD,Time (ps),17200,0.14204614,nm,nm
line,overlay,sdu6-homo-4,sdu6-homo-4,rmsd,yj9cotmp,yj9cotmp::RMSD,sdu6-homo-4 / RMSD,RMSD,Time (ps),17300,0.13974683,nm,nm
line,overlay,sdu6-homo-4,sdu6-homo-4,rmsd,yj9cotmp,yj9cotmp::RMSD,sdu6-homo-4 / RMSD,RMSD,Time (ps),17400,0.1349463,nm,nm
line,overlay,sdu6-homo-4,sdu6-homo-4,rmsd,yj9cotmp,yj9cotmp::RMSD,sdu6-homo-4 / RMSD,RMSD,Time (ps),17500,0.11819662,nm,nm
line,overlay,sdu6-homo-4,sdu6-homo-4,rmsd,yj9cotmp,yj9cotmp::RMSD,sdu6-homo-4 / RMSD,RMSD,Time (ps),17600,0.13189657,nm,nm
line,overlay,sdu6-homo-4,sdu6-homo-4,rmsd,yj9cotmp,yj9cotmp::RMSD,sdu6-homo-4 / RMSD,RMSD,Time (ps),17700,0.1287102,nm,nm
line,overlay,sdu6-homo-4,sdu6-homo-4,rmsd,yj9cotmp,yj9cotmp::RMSD,sdu6-homo-4 / RMSD,RMSD,Time (ps),17800,0.119327046,nm,nm
line,overlay,sdu6-homo-4,sdu6-homo-4,rmsd,yj9cotmp,yj9cotmp::RMSD,sdu6-homo-4 / RMSD,RMSD,Time (ps),17900,0.12721547,nm,nm
line,overlay,sdu6-homo-4,sdu6-homo-4,rmsd,yj9cotmp,yj9cotmp::RMSD,sdu6-homo-4 / RMSD,RMSD,Time (ps),18000,0.11210158,nm,nm
line,overlay,sdu6-homo-4,sdu6-homo-4,rmsd,yj9cotmp,yj9cotmp::RMSD,sdu6-homo-4 / RMSD,RMSD,Time (ps),18100,0.12928481,nm,nm
line,overlay,sdu6-homo-4,sdu6-homo-4,rmsd,yj9cotmp,yj9cotmp::RMSD,sdu6-homo-4 / RMSD,RMSD,Time (ps),18200,0.13054164,nm,nm
line,overlay,sdu6-homo-4,sdu6-homo-4,rmsd,yj9cotmp,yj9cotmp::RMSD,sdu6-homo-4 / RMSD,RMSD,Time (ps),18300,0.13049795,nm,nm
line,overlay,sdu6-homo-4,sdu6-homo-4,rmsd,yj9cotmp,yj9cotmp::RMSD,sdu6-homo-4 / RMSD,RMSD,Time (ps),18400,0.14067475,nm,nm
line,overlay,sdu6-homo-4,sdu6-homo-4,rmsd,yj9cotmp,yj9cotmp::RMSD,sdu6-homo-4 / RMSD,RMSD,Time (ps),18500,0.1310845,nm,nm
line,overlay,sdu6-homo-4,sdu6-homo-4,rmsd,yj9cotmp,yj9cotmp::RMSD,sdu6-homo-4 / RMSD,RMSD,Time (ps),18600,0.13274662,nm,nm
line,overlay,sdu6-homo-4,sdu6-homo-4,rmsd,yj9cotmp,yj9cotmp::RMSD,sdu6-homo-4 / RMSD,RMSD,Time (ps),18700,0.14678046,nm,nm
line,overlay,sdu6-homo-4,sdu6-homo-4,rmsd,yj9cotmp,yj9cotmp::RMSD,sdu6-homo-4 / RMSD,RMSD,Time (ps),18800,0.15937363,nm,nm
line,overlay,sdu6-homo-4,sdu6-homo-4,rmsd,yj9cotmp,yj9cotmp::RMSD,sdu6-homo-4 / RMSD,RMSD,Time (ps),18900,0.16111714,nm,nm
line,overlay,sdu6-homo-4,sdu6-homo-4,rmsd,yj9cotmp,yj9cotmp::RMSD,sdu6-homo-4 / RMSD,RMSD,Time (ps),19000,0.17075399,nm,nm
line,overlay,sdu6-homo-4,sdu6-homo-4,rmsd,yj9cotmp,yj9cotmp::RMSD,sdu6-homo-4 / RMSD,RMSD,Time (ps),19100,0.15047033,nm,nm
line,overlay,sdu6-homo-4,sdu6-homo-4,rmsd,yj9cotmp,yj9cotmp::RMSD,sdu6-homo-4 / RMSD,RMSD,Time (ps),19200,0.15896983,nm,nm
line,overlay,sdu6-homo-4,sdu6-homo-4,rmsd,yj9cotmp,yj9cotmp::RMSD,sdu6-homo-4 / RMSD,RMSD,Time (ps),19300,0.15034282,nm,nm
line,overlay,sdu6-homo-4,sdu6-homo-4,rmsd,yj9cotmp,yj9cotmp::RMSD,sdu6-homo-4 / RMSD,RMSD,Time (ps),19400,0.15939315,nm,nm
line,overlay,sdu6-homo-4,sdu6-homo-4,rmsd,yj9cotmp,yj9cotmp::RMSD,sdu6-homo-4 / RMSD,RMSD,Time (ps),19500,0.1593346,nm,nm
line,overlay,sdu6-homo-4,sdu6-homo-4,rmsd,yj9cotmp,yj9cotmp::RMSD,sdu6-homo-4 / RMSD,RMSD,Time (ps),19600,0.15374856,nm,nm
line,overlay,sdu6-homo-4,sdu6-homo-4,rmsd,yj9cotmp,yj9cotmp::RMSD,sdu6-homo-4 / RMSD,RMSD,Time (ps),19700,0.18093549,nm,nm
line,overlay,sdu6-homo-4,sdu6-homo-4,rmsd,yj9cotmp,yj9cotmp::RMSD,sdu6-homo-4 / RMSD,RMSD,Time (ps),19800,0.16506454,nm,nm
line,overlay,sdu6-homo-4,sdu6-homo-4,rmsd,yj9cotmp,yj9cotmp::RMSD,sdu6-homo-4 / RMSD,RMSD,Time (ps),19900,0.17775919,nm,nm
line,overlay,sdu6-homo-4,sdu6-homo-4,rmsd,yj9cotmp,yj9cotmp::RMSD,sdu6-homo-4 / RMSD,RMSD,Time (ps),20000,0.15791969,nm,nm
line,overlay,sdu6-homo-4,sdu6-homo-4,rmsd,yj9cotmp,yj9cotmp::RMSD,sdu6-homo-4 / RMSD,RMSD,Time (ps),20100,0.18096127,nm,nm
line,overlay,sdu6-homo-4,sdu6-homo-4,rmsd,yj9cotmp,yj9cotmp::RMSD,sdu6-homo-4 / RMSD,RMSD,Time (ps),20200,0.17952336,nm,nm
line,overlay,sdu6-homo-4,sdu6-homo-4,rmsd,yj9cotmp,yj9cotmp::RMSD,sdu6-homo-4 / RMSD,RMSD,Time (ps),20300,0.15129825,nm,nm
line,overlay,sdu6-homo-4,sdu6-homo-4,rmsd,yj9cotmp,yj9cotmp::RMSD,sdu6-homo-4 / RMSD,RMSD,Time (ps),20400,0.15408532,nm,nm
line,overlay,sdu6-homo-4,sdu6-homo-4,rmsd,yj9cotmp,yj9cotmp::RMSD,sdu6-homo-4 / RMSD,RMSD,Time (ps),20500,0.14971401,nm,nm
line,overlay,sdu6-homo-4,sdu6-homo-4,rmsd,yj9cotmp,yj9cotmp::RMSD,sdu6-homo-4 / RMSD,RMSD,Time (ps),20600,0.15856172,nm,nm
line,overlay,sdu6-homo-4,sdu6-homo-4,rmsd,yj9cotmp,yj9cotmp::RMSD,sdu6-homo-4 / RMSD,RMSD,Time (ps),20700,0.16946505,nm,nm
line,overlay,sdu6-homo-4,sdu6-homo-4,rmsd,yj9cotmp,yj9cotmp::RMSD,sdu6-homo-4 / RMSD,RMSD,Time (ps),20800,0.17068112,nm,nm
line,overlay,sdu6-homo-4,sdu6-homo-4,rmsd,yj9cotmp,yj9cotmp::RMSD,sdu6-homo-4 / RMSD,RMSD,Time (ps),20900,0.17143261,nm,nm
line,overlay,sdu6-homo-4,sdu6-homo-4,rmsd,yj9cotmp,yj9cotmp::RMSD,sdu6-homo-4 / RMSD,RMSD,Time (ps),21000,0.16873243,nm,nm
line,overlay,sdu6-homo-4,sdu6-homo-4,rmsd,yj9cotmp,yj9cotmp::RMSD,sdu6-homo-4 / RMSD,RMSD,Time (ps),21100,0.17089356,nm,nm
line,overlay,sdu6-homo-4,sdu6-homo-4,rmsd,yj9cotmp,yj9cotmp::RMSD,sdu6-homo-4 / RMSD,RMSD,Time (ps),21200,0.17845476,nm,nm
line,overlay,sdu6-homo-4,sdu6-homo-4,rmsd,yj9cotmp,yj9cotmp::RMSD,sdu6-homo-4 / RMSD,RMSD,Time (ps),21300,0.15886545,nm,nm
line,overlay,sdu6-homo-4,sdu6-homo-4,rmsd,yj9cotmp,yj9cotmp::RMSD,sdu6-homo-4 / RMSD,RMSD,Time (ps),21400,0.17688222,nm,nm
line,overlay,sdu6-homo-4,sdu6-homo-4,rmsd,yj9cotmp,yj9cotmp::RMSD,sdu6-homo-4 / RMSD,RMSD,Time (ps),21500,0.17216277,nm,nm
line,overlay,sdu6-homo-4,sdu6-homo-4,rmsd,yj9cotmp,yj9cotmp::RMSD,sdu6-homo-4 / RMSD,RMSD,Time (ps),21600,0.14639857,nm,nm
line,overlay,sdu6-homo-4,sdu6-homo-4,rmsd,yj9cotmp,yj9cotmp::RMSD,sdu6-homo-4 / RMSD,RMSD,Time (ps),21700,0.15236002,nm,nm
line,overlay,sdu6-homo-4,sdu6-homo-4,rmsd,yj9cotmp,yj9cotmp::RMSD,sdu6-homo-4 / RMSD,RMSD,Time (ps),21800,0.16747127,nm,nm
line,overlay,sdu6-homo-4,sdu6-homo-4,rmsd,yj9cotmp,yj9cotmp::RMSD,sdu6-homo-4 / RMSD,RMSD,Time (ps),21900,0.15404831,nm,nm
line,overlay,sdu6-homo-4,sdu6-homo-4,rmsd,yj9cotmp,yj9cotmp::RMSD,sdu6-homo-4 / RMSD,RMSD,Time (ps),22000,0.16049178,nm,nm
line,overlay,sdu6-homo-4,sdu6-homo-4,rmsd,yj9cotmp,yj9cotmp::RMSD,sdu6-homo-4 / RMSD,RMSD,Time (ps),22100,0.16846187,nm,nm
line,overlay,sdu6-homo-4,sdu6-homo-4,rmsd,yj9cotmp,yj9cotmp::RMSD,sdu6-homo-4 / RMSD,RMSD,Time (ps),22200,0.15947443,nm,nm
line,overlay,sdu6-homo-4,sdu6-homo-4,rmsd,yj9cotmp,yj9cotmp::RMSD,sdu6-homo-4 / RMSD,RMSD,Time (ps),22300,0.16651525,nm,nm
line,overlay,sdu6-homo-4,sdu6-homo-4,rmsd,yj9cotmp,yj9cotmp::RMSD,sdu6-homo-4 / RMSD,RMSD,Time (ps),22400,0.1592858,nm,nm
line,overlay,sdu6-homo-4,sdu6-homo-4,rmsd,yj9cotmp,yj9cotmp::RMSD,sdu6-homo-4 / RMSD,RMSD,Time (ps),22500,0.1649263,nm,nm
line,overlay,sdu6-homo-4,sdu6-homo-4,rmsd,yj9cotmp,yj9cotmp::RMSD,sdu6-homo-4 / RMSD,RMSD,Time (ps),22600,0.16519637,nm,nm
line,overlay,sdu6-homo-4,sdu6-homo-4,rmsd,yj9cotmp,yj9cotmp::RMSD,sdu6-homo-4 / RMSD,RMSD,Time (ps),22700,0.15895025,nm,nm
line,overlay,sdu6-homo-4,sdu6-homo-4,rmsd,yj9cotmp,yj9cotmp::RMSD,sdu6-homo-4 / RMSD,RMSD,Time (ps),22800,0.16400285,nm,nm
line,overlay,sdu6-homo-4,sdu6-homo-4,rmsd,yj9cotmp,yj9cotmp::RMSD,sdu6-homo-4 / RMSD,RMSD,Time (ps),22900,0.1384912,nm,nm
line,overlay,sdu6-homo-4,sdu6-homo-4,rmsd,yj9cotmp,yj9cotmp::RMSD,sdu6-homo-4 / RMSD,RMSD,Time (ps),23000,0.15538508,nm,nm
line,overlay,sdu6-homo-4,sdu6-homo-4,rmsd,yj9cotmp,yj9cotmp::RMSD,sdu6-homo-4 / RMSD,RMSD,Time (ps),23100,0.14458156,nm,nm
line,overlay,sdu6-homo-4,sdu6-homo-4,rmsd,yj9cotmp,yj9cotmp::RMSD,sdu6-homo-4 / RMSD,RMSD,Time (ps),23200,0.1556717,nm,nm
line,overlay,sdu6-homo-4,sdu6-homo-4,rmsd,yj9cotmp,yj9cotmp::RMSD,sdu6-homo-4 / RMSD,RMSD,Time (ps),23300,0.149572,nm,nm
line,overlay,sdu6-homo-4,sdu6-homo-4,rmsd,yj9cotmp,yj9cotmp::RMSD,sdu6-homo-4 / RMSD,RMSD,Time (ps),23400,0.18384847,nm,nm
line,overlay,sdu6-homo-4,sdu6-homo-4,rmsd,yj9cotmp,yj9cotmp::RMSD,sdu6-homo-4 / RMSD,RMSD,Time (ps),23500,0.17436463,nm,nm
line,overlay,sdu6-homo-4,sdu6-homo-4,rmsd,yj9cotmp,yj9cotmp::RMSD,sdu6-homo-4 / RMSD,RMSD,Time (ps),23600,0.15770291,nm,nm
line,overlay,sdu6-homo-4,sdu6-homo-4,rmsd,yj9cotmp,yj9cotmp::RMSD,sdu6-homo-4 / RMSD,RMSD,Time (ps),23700,0.14953387,nm,nm
line,overlay,sdu6-homo-4,sdu6-homo-4,rmsd,yj9cotmp,yj9cotmp::RMSD,sdu6-homo-4 / RMSD,RMSD,Time (ps),23800,0.15947768,nm,nm
line,overlay,sdu6-homo-4,sdu6-homo-4,rmsd,yj9cotmp,yj9cotmp::RMSD,sdu6-homo-4 / RMSD,RMSD,Time (ps),23900,0.1504979,nm,nm
line,overlay,sdu6-homo-4,sdu6-homo-4,rmsd,yj9cotmp,yj9cotmp::RMSD,sdu6-homo-4 / RMSD,RMSD,Time (ps),24000,0.15523489,nm,nm
line,overlay,sdu6-homo-4,sdu6-homo-4,rmsd,yj9cotmp,yj9cotmp::RMSD,sdu6-homo-4 / RMSD,RMSD,Time (ps),24100,0.153789,nm,nm
line,overlay,sdu6-homo-4,sdu6-homo-4,rmsd,yj9cotmp,yj9cotmp::RMSD,sdu6-homo-4 / RMSD,RMSD,Time (ps),24200,0.17129649,nm,nm
line,overlay,sdu6-homo-4,sdu6-homo-4,rmsd,yj9cotmp,yj9cotmp::RMSD,sdu6-homo-4 / RMSD,RMSD,Time (ps),24300,0.18443397,nm,nm
line,overlay,sdu6-homo-4,sdu6-homo-4,rmsd,yj9cotmp,yj9cotmp::RMSD,sdu6-homo-4 / RMSD,RMSD,Time (ps),24400,0.15916209,nm,nm
line,overlay,sdu6-homo-4,sdu6-homo-4,rmsd,yj9cotmp,yj9cotmp::RMSD,sdu6-homo-4 / RMSD,RMSD,Time (ps),24500,0.14796926,nm,nm
line,overlay,sdu6-homo-4,sdu6-homo-4,rmsd,yj9cotmp,yj9cotmp::RMSD,sdu6-homo-4 / RMSD,RMSD,Time (ps),24600,0.17167433,nm,nm
line,overlay,sdu6-homo-4,sdu6-homo-4,rmsd,yj9cotmp,yj9cotmp::RMSD,sdu6-homo-4 / RMSD,RMSD,Time (ps),24700,0.17139028,nm,nm
line,overlay,sdu6-homo-4,sdu6-homo-4,rmsd,yj9cotmp,yj9cotmp::RMSD,sdu6-homo-4 / RMSD,RMSD,Time (ps),24800,0.16267636,nm,nm
line,overlay,sdu6-homo-4,sdu6-homo-4,rmsd,yj9cotmp,yj9cotmp::RMSD,sdu6-homo-4 / RMSD,RMSD,Time (ps),24900,0.16446365,nm,nm
line,overlay,sdu6-homo-4,sdu6-homo-4,rmsd,yj9cotmp,yj9cotmp::RMSD,sdu6-homo-4 / RMSD,RMSD,Time (ps),25000,0.18257816,nm,nm
line,overlay,sdu6-homo-4,sdu6-homo-4,rmsd,yj9cotmp,yj9cotmp::RMSD,sdu6-homo-4 / RMSD,RMSD,Time (ps),25100,0.17094815,nm,nm
line,overlay,sdu6-homo-4,sdu6-homo-4,rmsd,yj9cotmp,yj9cotmp::RMSD,sdu6-homo-4 / RMSD,RMSD,Time (ps),25200,0.1798551,nm,nm
line,overlay,sdu6-homo-4,sdu6-homo-4,rmsd,yj9cotmp,yj9cotmp::RMSD,sdu6-homo-4 / RMSD,RMSD,Time (ps),25300,0.16839725,nm,nm
line,overlay,sdu6-homo-4,sdu6-homo-4,rmsd,yj9cotmp,yj9cotmp::RMSD,sdu6-homo-4 / RMSD,RMSD,Time (ps),25400,0.16070157,nm,nm
line,overlay,sdu6-homo-4,sdu6-homo-4,rmsd,yj9cotmp,yj9cotmp::RMSD,sdu6-homo-4 / RMSD,RMSD,Time (ps),25500,0.15435421,nm,nm
line,overlay,sdu6-homo-4,sdu6-homo-4,rmsd,yj9cotmp,yj9cotmp::RMSD,sdu6-homo-4 / RMSD,RMSD,Time (ps),25600,0.15062183,nm,nm
line,overlay,sdu6-homo-4,sdu6-homo-4,rmsd,yj9cotmp,yj9cotmp::RMSD,sdu6-homo-4 / RMSD,RMSD,Time (ps),25700,0.15941592,nm,nm
line,overlay,sdu6-homo-4,sdu6-homo-4,rmsd,yj9cotmp,yj9cotmp::RMSD,sdu6-homo-4 / RMSD,RMSD,Time (ps),25800,0.16488859,nm,nm
line,overlay,sdu6-homo-4,sdu6-homo-4,rmsd,yj9cotmp,yj9cotmp::RMSD,sdu6-homo-4 / RMSD,RMSD,Time (ps),25900,0.17153539,nm,nm
line,overlay,sdu6-homo-4,sdu6-homo-4,rmsd,yj9cotmp,yj9cotmp::RMSD,sdu6-homo-4 / RMSD,RMSD,Time (ps),26000,0.16955984,nm,nm
line,overlay,sdu6-homo-4,sdu6-homo-4,rmsd,yj9cotmp,yj9cotmp::RMSD,sdu6-homo-4 / RMSD,RMSD,Time (ps),26100,0.17018537,nm,nm
line,overlay,sdu6-homo-4,sdu6-homo-4,rmsd,yj9cotmp,yj9cotmp::RMSD,sdu6-homo-4 / RMSD,RMSD,Time (ps),26200,0.17093602,nm,nm
line,overlay,sdu6-homo-4,sdu6-homo-4,rmsd,yj9cotmp,yj9cotmp::RMSD,sdu6-homo-4 / RMSD,RMSD,Time (ps),26300,0.16129078,nm,nm
line,overlay,sdu6-homo-4,sdu6-homo-4,rmsd,yj9cotmp,yj9cotmp::RMSD,sdu6-homo-4 / RMSD,RMSD,Time (ps),26400,0.15510796,nm,nm
line,overlay,sdu6-homo-4,sdu6-homo-4,rmsd,yj9cotmp,yj9cotmp::RMSD,sdu6-homo-4 / RMSD,RMSD,Time (ps),26500,0.14908256,nm,nm
line,overlay,sdu6-homo-4,sdu6-homo-4,rmsd,yj9cotmp,yj9cotmp::RMSD,sdu6-homo-4 / RMSD,RMSD,Time (ps),26600,0.15542176,nm,nm
line,overlay,sdu6-homo-4,sdu6-homo-4,rmsd,yj9cotmp,yj9cotmp::RMSD,sdu6-homo-4 / RMSD,RMSD,Time (ps),26700,0.15019104,nm,nm
line,overlay,sdu6-homo-4,sdu6-homo-4,rmsd,yj9cotmp,yj9cotmp::RMSD,sdu6-homo-4 / RMSD,RMSD,Time (ps),26800,0.14538242,nm,nm
line,overlay,sdu6-homo-4,sdu6-homo-4,rmsd,yj9cotmp,yj9cotmp::RMSD,sdu6-homo-4 / RMSD,RMSD,Time (ps),26900,0.1480043,nm,nm
line,overlay,sdu6-homo-4,sdu6-homo-4,rmsd,yj9cotmp,yj9cotmp::RMSD,sdu6-homo-4 / RMSD,RMSD,Time (ps),27000,0.15876101,nm,nm
line,overlay,sdu6-homo-4,sdu6-homo-4,rmsd,yj9cotmp,yj9cotmp::RMSD,sdu6-homo-4 / RMSD,RMSD,Time (ps),27100,0.16300741,nm,nm
line,overlay,sdu6-homo-4,sdu6-homo-4,rmsd,yj9cotmp,yj9cotmp::RMSD,sdu6-homo-4 / RMSD,RMSD,Time (ps),27200,0.1531642,nm,nm
line,overlay,sdu6-homo-4,sdu6-homo-4,rmsd,yj9cotmp,yj9cotmp::RMSD,sdu6-homo-4 / RMSD,RMSD,Time (ps),27300,0.1610399,nm,nm
line,overlay,sdu6-homo-4,sdu6-homo-4,rmsd,yj9cotmp,yj9cotmp::RMSD,sdu6-homo-4 / RMSD,RMSD,Time (ps),27400,0.15083504,nm,nm
line,overlay,sdu6-homo-4,sdu6-homo-4,rmsd,yj9cotmp,yj9cotmp::RMSD,sdu6-homo-4 / RMSD,RMSD,Time (ps),27500,0.14760801,nm,nm
line,overlay,sdu6-homo-4,sdu6-homo-4,rmsd,yj9cotmp,yj9cotmp::RMSD,sdu6-homo-4 / RMSD,RMSD,Time (ps),27600,0.16631901,nm,nm
line,overlay,sdu6-homo-4,sdu6-homo-4,rmsd,yj9cotmp,yj9cotmp::RMSD,sdu6-homo-4 / RMSD,RMSD,Time (ps),27700,0.16335048,nm,nm
line,overlay,sdu6-homo-4,sdu6-homo-4,rmsd,yj9cotmp,yj9cotmp::RMSD,sdu6-homo-4 / RMSD,RMSD,Time (ps),27800,0.16097552,nm,nm
line,overlay,sdu6-homo-4,sdu6-homo-4,rmsd,yj9cotmp,yj9cotmp::RMSD,sdu6-homo-4 / RMSD,RMSD,Time (ps),27900,0.16188101,nm,nm
line,overlay,sdu6-homo-4,sdu6-homo-4,rmsd,yj9cotmp,yj9cotmp::RMSD,sdu6-homo-4 / RMSD,RMSD,Time (ps),28000,0.14366443,nm,nm
line,overlay,sdu6-homo-4,sdu6-homo-4,rmsd,yj9cotmp,yj9cotmp::RMSD,sdu6-homo-4 / RMSD,RMSD,Time (ps),28100,0.17419212,nm,nm
line,overlay,sdu6-homo-4,sdu6-homo-4,rmsd,yj9cotmp,yj9cotmp::RMSD,sdu6-homo-4 / RMSD,RMSD,Time (ps),28200,0.15600099,nm,nm
line,overlay,sdu6-homo-4,sdu6-homo-4,rmsd,yj9cotmp,yj9cotmp::RMSD,sdu6-homo-4 / RMSD,RMSD,Time (ps),28300,0.16881841,nm,nm
line,overlay,sdu6-homo-4,sdu6-homo-4,rmsd,yj9cotmp,yj9cotmp::RMSD,sdu6-homo-4 / RMSD,RMSD,Time (ps),28400,0.16006814,nm,nm
line,overlay,sdu6-homo-4,sdu6-homo-4,rmsd,yj9cotmp,yj9cotmp::RMSD,sdu6-homo-4 / RMSD,RMSD,Time (ps),28500,0.16376564,nm,nm
line,overlay,sdu6-homo-4,sdu6-homo-4,rmsd,yj9cotmp,yj9cotmp::RMSD,sdu6-homo-4 / RMSD,RMSD,Time (ps),28600,0.14578475,nm,nm
line,overlay,sdu6-homo-4,sdu6-homo-4,rmsd,yj9cotmp,yj9cotmp::RMSD,sdu6-homo-4 / RMSD,RMSD,Time (ps),28700,0.13060912,nm,nm
line,overlay,sdu6-homo-4,sdu6-homo-4,rmsd,yj9cotmp,yj9cotmp::RMSD,sdu6-homo-4 / RMSD,RMSD,Time (ps),28800,0.13564359,nm,nm
line,overlay,sdu6-homo-4,sdu6-homo-4,rmsd,yj9cotmp,yj9cotmp::RMSD,sdu6-homo-4 / RMSD,RMSD,Time (ps),28900,0.13519575,nm,nm
line,overlay,sdu6-homo-4,sdu6-homo-4,rmsd,yj9cotmp,yj9cotmp::RMSD,sdu6-homo-4 / RMSD,RMSD,Time (ps),29000,0.13347481,nm,nm
line,overlay,sdu6-homo-4,sdu6-homo-4,rmsd,yj9cotmp,yj9cotmp::RMSD,sdu6-homo-4 / RMSD,RMSD,Time (ps),29100,0.13694805,nm,nm
line,overlay,sdu6-homo-4,sdu6-homo-4,rmsd,yj9cotmp,yj9cotmp::RMSD,sdu6-homo-4 / RMSD,RMSD,Time (ps),29200,0.14551784,nm,nm
line,overlay,sdu6-homo-4,sdu6-homo-4,rmsd,yj9cotmp,yj9cotmp::RMSD,sdu6-homo-4 / RMSD,RMSD,Time (ps),29300,0.14512905,nm,nm
line,overlay,sdu6-homo-4,sdu6-homo-4,rmsd,yj9cotmp,yj9cotmp::RMSD,sdu6-homo-4 / RMSD,RMSD,Time (ps),29400,0.14808482,nm,nm
line,overlay,sdu6-homo-4,sdu6-homo-4,rmsd,yj9cotmp,yj9cotmp::RMSD,sdu6-homo-4 / RMSD,RMSD,Time (ps),29500,0.14051622,nm,nm
line,overlay,sdu6-homo-4,sdu6-homo-4,rmsd,yj9cotmp,yj9cotmp::RMSD,sdu6-homo-4 / RMSD,RMSD,Time (ps),29600,0.14264698,nm,nm
line,overlay,sdu6-homo-4,sdu6-homo-4,rmsd,yj9cotmp,yj9cotmp::RMSD,sdu6-homo-4 / RMSD,RMSD,Time (ps),29700,0.15121944,nm,nm
line,overlay,sdu6-homo-4,sdu6-homo-4,rmsd,yj9cotmp,yj9cotmp::RMSD,sdu6-homo-4 / RMSD,RMSD,Time (ps),29800,0.13253559,nm,nm
line,overlay,sdu6-homo-4,sdu6-homo-4,rmsd,yj9cotmp,yj9cotmp::RMSD,sdu6-homo-4 / RMSD,RMSD,Time (ps),29900,0.1526591,nm,nm
line,overlay,sdu6-homo-4,sdu6-homo-4,rmsd,yj9cotmp,yj9cotmp::RMSD,sdu6-homo-4 / RMSD,RMSD,Time (ps),30000,0.15087284,nm,nm
line,overlay,sdu6-homo-4,sdu6-homo-4,rmsd,yj9cotmp,yj9cotmp::RMSD,sdu6-homo-4 / RMSD,RMSD,Time (ps),30100,0.13733357,nm,nm
line,overlay,sdu6-homo-4,sdu6-homo-4,rmsd,yj9cotmp,yj9cotmp::RMSD,sdu6-homo-4 / RMSD,RMSD,Time (ps),30200,0.15423998,nm,nm
line,overlay,sdu6-homo-4,sdu6-homo-4,rmsd,yj9cotmp,yj9cotmp::RMSD,sdu6-homo-4 / RMSD,RMSD,Time (ps),30300,0.15259118,nm,nm
line,overlay,sdu6-homo-4,sdu6-homo-4,rmsd,yj9cotmp,yj9cotmp::RMSD,sdu6-homo-4 / RMSD,RMSD,Time (ps),30400,0.14838205,nm,nm
line,overlay,sdu6-homo-4,sdu6-homo-4,rmsd,yj9cotmp,yj9cotmp::RMSD,sdu6-homo-4 / RMSD,RMSD,Time (ps),30500,0.14471057,nm,nm
line,overlay,sdu6-homo-4,sdu6-homo-4,rmsd,yj9cotmp,yj9cotmp::RMSD,sdu6-homo-4 / RMSD,RMSD,Time (ps),30600,0.14379427,nm,nm
line,overlay,sdu6-homo-4,sdu6-homo-4,rmsd,yj9cotmp,yj9cotmp::RMSD,sdu6-homo-4 / RMSD,RMSD,Time (ps),30700,0.16701877,nm,nm
line,overlay,sdu6-homo-4,sdu6-homo-4,rmsd,yj9cotmp,yj9cotmp::RMSD,sdu6-homo-4 / RMSD,RMSD,Time (ps),30800,0.15904154,nm,nm
line,overlay,sdu6-homo-4,sdu6-homo-4,rmsd,yj9cotmp,yj9cotmp::RMSD,sdu6-homo-4 / RMSD,RMSD,Time (ps),30900,0.15125714,nm,nm
line,overlay,sdu6-homo-4,sdu6-homo-4,rmsd,yj9cotmp,yj9cotmp::RMSD,sdu6-homo-4 / RMSD,RMSD,Time (ps),31000,0.14556058,nm,nm
line,overlay,sdu6-homo-4,sdu6-homo-4,rmsd,yj9cotmp,yj9cotmp::RMSD,sdu6-homo-4 / RMSD,RMSD,Time (ps),31100,0.14680165,nm,nm
line,overlay,sdu6-homo-4,sdu6-homo-4,rmsd,yj9cotmp,yj9cotmp::RMSD,sdu6-homo-4 / RMSD,RMSD,Time (ps),31200,0.14314757,nm,nm
line,overlay,sdu6-homo-4,sdu6-homo-4,rmsd,yj9cotmp,yj9cotmp::RMSD,sdu6-homo-4 / RMSD,RMSD,Time (ps),31300,0.123958975,nm,nm
line,overlay,sdu6-homo-4,sdu6-homo-4,rmsd,yj9cotmp,yj9cotmp::RMSD,sdu6-homo-4 / RMSD,RMSD,Time (ps),31400,0.12525684,nm,nm
line,overlay,sdu6-homo-4,sdu6-homo-4,rmsd,yj9cotmp,yj9cotmp::RMSD,sdu6-homo-4 / RMSD,RMSD,Time (ps),31500,0.12507048,nm,nm
line,overlay,sdu6-homo-4,sdu6-homo-4,rmsd,yj9cotmp,yj9cotmp::RMSD,sdu6-homo-4 / RMSD,RMSD,Time (ps),31600,0.14206804,nm,nm
line,overlay,sdu6-homo-4,sdu6-homo-4,rmsd,yj9cotmp,yj9cotmp::RMSD,sdu6-homo-4 / RMSD,RMSD,Time (ps),31700,0.15706065,nm,nm
line,overlay,sdu6-homo-4,sdu6-homo-4,rmsd,yj9cotmp,yj9cotmp::RMSD,sdu6-homo-4 / RMSD,RMSD,Time (ps),31800,0.17135398,nm,nm
line,overlay,sdu6-homo-4,sdu6-homo-4,rmsd,yj9cotmp,yj9cotmp::RMSD,sdu6-homo-4 / RMSD,RMSD,Time (ps),31900,0.15190686,nm,nm
line,overlay,sdu6-homo-4,sdu6-homo-4,rmsd,yj9cotmp,yj9cotmp::RMSD,sdu6-homo-4 / RMSD,RMSD,Time (ps),32000,0.1500771,nm,nm
line,overlay,sdu6-homo-4,sdu6-homo-4,rmsd,yj9cotmp,yj9cotmp::RMSD,sdu6-homo-4 / RMSD,RMSD,Time (ps),32100,0.1537081,nm,nm
line,overlay,sdu6-homo-4,sdu6-homo-4,rmsd,yj9cotmp,yj9cotmp::RMSD,sdu6-homo-4 / RMSD,RMSD,Time (ps),32200,0.14700982,nm,nm
line,overlay,sdu6-homo-4,sdu6-homo-4,rmsd,yj9cotmp,yj9cotmp::RMSD,sdu6-homo-4 / RMSD,RMSD,Time (ps),32300,0.14071159,nm,nm
line,overlay,sdu6-homo-4,sdu6-homo-4,rmsd,yj9cotmp,yj9cotmp::RMSD,sdu6-homo-4 / RMSD,RMSD,Time (ps),32400,0.15371484,nm,nm
line,overlay,sdu6-homo-4,sdu6-homo-4,rmsd,yj9cotmp,yj9cotmp::RMSD,sdu6-homo-4 / RMSD,RMSD,Time (ps),32500,0.15690878,nm,nm
line,overlay,sdu6-homo-4,sdu6-homo-4,rmsd,yj9cotmp,yj9cotmp::RMSD,sdu6-homo-4 / RMSD,RMSD,Time (ps),32600,0.15432063,nm,nm
line,overlay,sdu6-homo-4,sdu6-homo-4,rmsd,yj9cotmp,yj9cotmp::RMSD,sdu6-homo-4 / RMSD,RMSD,Time (ps),32700,0.14527185,nm,nm
line,overlay,sdu6-homo-4,sdu6-homo-4,rmsd,yj9cotmp,yj9cotmp::RMSD,sdu6-homo-4 / RMSD,RMSD,Time (ps),32800,0.14325978,nm,nm
line,overlay,sdu6-homo-4,sdu6-homo-4,rmsd,yj9cotmp,yj9cotmp::RMSD,sdu6-homo-4 / RMSD,RMSD,Time (ps),32900,0.14816882,nm,nm
line,overlay,sdu6-homo-4,sdu6-homo-4,rmsd,yj9cotmp,yj9cotmp::RMSD,sdu6-homo-4 / RMSD,RMSD,Time (ps),33000,0.1496586,nm,nm
line,overlay,sdu6-homo-4,sdu6-homo-4,rmsd,yj9cotmp,yj9cotmp::RMSD,sdu6-homo-4 / RMSD,RMSD,Time (ps),33100,0.14168808,nm,nm
line,overlay,sdu6-homo-4,sdu6-homo-4,rmsd,yj9cotmp,yj9cotmp::RMSD,sdu6-homo-4 / RMSD,RMSD,Time (ps),33200,0.14074843,nm,nm
line,overlay,sdu6-homo-4,sdu6-homo-4,rmsd,yj9cotmp,yj9cotmp::RMSD,sdu6-homo-4 / RMSD,RMSD,Time (ps),33300,0.143978,nm,nm
line,overlay,sdu6-homo-4,sdu6-homo-4,rmsd,yj9cotmp,yj9cotmp::RMSD,sdu6-homo-4 / RMSD,RMSD,Time (ps),33400,0.14560686,nm,nm
line,overlay,sdu6-homo-4,sdu6-homo-4,rmsd,yj9cotmp,yj9cotmp::RMSD,sdu6-homo-4 / RMSD,RMSD,Time (ps),33500,0.14928061,nm,nm
line,overlay,sdu6-homo-4,sdu6-homo-4,rmsd,yj9cotmp,yj9cotmp::RMSD,sdu6-homo-4 / RMSD,RMSD,Time (ps),33600,0.15896331,nm,nm
line,overlay,sdu6-homo-4,sdu6-homo-4,rmsd,yj9cotmp,yj9cotmp::RMSD,sdu6-homo-4 / RMSD,RMSD,Time (ps),33700,0.13912602,nm,nm
line,overlay,sdu6-homo-4,sdu6-homo-4,rmsd,yj9cotmp,yj9cotmp::RMSD,sdu6-homo-4 / RMSD,RMSD,Time (ps),33800,0.15010819,nm,nm
line,overlay,sdu6-homo-4,sdu6-homo-4,rmsd,yj9cotmp,yj9cotmp::RMSD,sdu6-homo-4 / RMSD,RMSD,Time (ps),33900,0.14421542,nm,nm
line,overlay,sdu6-homo-4,sdu6-homo-4,rmsd,yj9cotmp,yj9cotmp::RMSD,sdu6-homo-4 / RMSD,RMSD,Time (ps),34000,0.15248245,nm,nm
line,overlay,sdu6-homo-4,sdu6-homo-4,rmsd,yj9cotmp,yj9cotmp::RMSD,sdu6-homo-4 / RMSD,RMSD,Time (ps),34100,0.13419907,nm,nm
line,overlay,sdu6-homo-4,sdu6-homo-4,rmsd,yj9cotmp,yj9cotmp::RMSD,sdu6-homo-4 / RMSD,RMSD,Time (ps),34200,0.14129975,nm,nm
line,overlay,sdu6-homo-4,sdu6-homo-4,rmsd,yj9cotmp,yj9cotmp::RMSD,sdu6-homo-4 / RMSD,RMSD,Time (ps),34300,0.13963552,nm,nm
line,overlay,sdu6-homo-4,sdu6-homo-4,rmsd,yj9cotmp,yj9cotmp::RMSD,sdu6-homo-4 / RMSD,RMSD,Time (ps),34400,0.14569938,nm,nm
line,overlay,sdu6-homo-4,sdu6-homo-4,rmsd,yj9cotmp,yj9cotmp::RMSD,sdu6-homo-4 / RMSD,RMSD,Time (ps),34500,0.14376183,nm,nm
line,overlay,sdu6-homo-4,sdu6-homo-4,rmsd,yj9cotmp,yj9cotmp::RMSD,sdu6-homo-4 / RMSD,RMSD,Time (ps),34600,0.1464729,nm,nm
line,overlay,sdu6-homo-4,sdu6-homo-4,rmsd,yj9cotmp,yj9cotmp::RMSD,sdu6-homo-4 / RMSD,RMSD,Time (ps),34700,0.16297242,nm,nm
line,overlay,sdu6-homo-4,sdu6-homo-4,rmsd,yj9cotmp,yj9cotmp::RMSD,sdu6-homo-4 / RMSD,RMSD,Time (ps),34800,0.165466,nm,nm
line,overlay,sdu6-homo-4,sdu6-homo-4,rmsd,yj9cotmp,yj9cotmp::RMSD,sdu6-homo-4 / RMSD,RMSD,Time (ps),34900,0.14636315,nm,nm
line,overlay,sdu6-homo-4,sdu6-homo-4,rmsd,yj9cotmp,yj9cotmp::RMSD,sdu6-homo-4 / RMSD,RMSD,Time (ps),35000,0.14701687,nm,nm
line,overlay,sdu6-homo-4,sdu6-homo-4,rmsd,yj9cotmp,yj9cotmp::RMSD,sdu6-homo-4 / RMSD,RMSD,Time (ps),35100,0.14902344,nm,nm
line,overlay,sdu6-homo-4,sdu6-homo-4,rmsd,yj9cotmp,yj9cotmp::RMSD,sdu6-homo-4 / RMSD,RMSD,Time (ps),35200,0.15617368,nm,nm
line,overlay,sdu6-homo-4,sdu6-homo-4,rmsd,yj9cotmp,yj9cotmp::RMSD,sdu6-homo-4 / RMSD,RMSD,Time (ps),35300,0.15653172,nm,nm
line,overlay,sdu6-homo-4,sdu6-homo-4,rmsd,yj9cotmp,yj9cotmp::RMSD,sdu6-homo-4 / RMSD,RMSD,Time (ps),35400,0.14580609,nm,nm
line,overlay,sdu6-homo-4,sdu6-homo-4,rmsd,yj9cotmp,yj9cotmp::RMSD,sdu6-homo-4 / RMSD,RMSD,Time (ps),35500,0.14664267,nm,nm
line,overlay,sdu6-homo-4,sdu6-homo-4,rmsd,yj9cotmp,yj9cotmp::RMSD,sdu6-homo-4 / RMSD,RMSD,Time (ps),35600,0.16662727,nm,nm
line,overlay,sdu6-homo-4,sdu6-homo-4,rmsd,yj9cotmp,yj9cotmp::RMSD,sdu6-homo-4 / RMSD,RMSD,Time (ps),35700,0.18018046,nm,nm
line,overlay,sdu6-homo-4,sdu6-homo-4,rmsd,yj9cotmp,yj9cotmp::RMSD,sdu6-homo-4 / RMSD,RMSD,Time (ps),35800,0.15243824,nm,nm
line,overlay,sdu6-homo-4,sdu6-homo-4,rmsd,yj9cotmp,yj9cotmp::RMSD,sdu6-homo-4 / RMSD,RMSD,Time (ps),35900,0.18559107,nm,nm
line,overlay,sdu6-homo-4,sdu6-homo-4,rmsd,yj9cotmp,yj9cotmp::RMSD,sdu6-homo-4 / RMSD,RMSD,Time (ps),36000,0.17328216,nm,nm
line,overlay,sdu6-homo-4,sdu6-homo-4,rmsd,yj9cotmp,yj9cotmp::RMSD,sdu6-homo-4 / RMSD,RMSD,Time (ps),36100,0.16659304,nm,nm
line,overlay,sdu6-homo-4,sdu6-homo-4,rmsd,yj9cotmp,yj9cotmp::RMSD,sdu6-homo-4 / RMSD,RMSD,Time (ps),36200,0.17408794,nm,nm
line,overlay,sdu6-homo-4,sdu6-homo-4,rmsd,yj9cotmp,yj9cotmp::RMSD,sdu6-homo-4 / RMSD,RMSD,Time (ps),36300,0.18518564,nm,nm
line,overlay,sdu6-homo-4,sdu6-homo-4,rmsd,yj9cotmp,yj9cotmp::RMSD,sdu6-homo-4 / RMSD,RMSD,Time (ps),36400,0.1811302,nm,nm
line,overlay,sdu6-homo-4,sdu6-homo-4,rmsd,yj9cotmp,yj9cotmp::RMSD,sdu6-homo-4 / RMSD,RMSD,Time (ps),36500,0.17270686,nm,nm
line,overlay,sdu6-homo-4,sdu6-homo-4,rmsd,yj9cotmp,yj9cotmp::RMSD,sdu6-homo-4 / RMSD,RMSD,Time (ps),36600,0.17871886,nm,nm
line,overlay,sdu6-homo-4,sdu6-homo-4,rmsd,yj9cotmp,yj9cotmp::RMSD,sdu6-homo-4 / RMSD,RMSD,Time (ps),36700,0.17852154,nm,nm
line,overlay,sdu6-homo-4,sdu6-homo-4,rmsd,yj9cotmp,yj9cotmp::RMSD,sdu6-homo-4 / RMSD,RMSD,Time (ps),36800,0.17271286,nm,nm
line,overlay,sdu6-homo-4,sdu6-homo-4,rmsd,yj9cotmp,yj9cotmp::RMSD,sdu6-homo-4 / RMSD,RMSD,Time (ps),36900,0.15571831,nm,nm
line,overlay,sdu6-homo-4,sdu6-homo-4,rmsd,yj9cotmp,yj9cotmp::RMSD,sdu6-homo-4 / RMSD,RMSD,Time (ps),37000,0.15001492,nm,nm
line,overlay,sdu6-homo-4,sdu6-homo-4,rmsd,yj9cotmp,yj9cotmp::RMSD,sdu6-homo-4 / RMSD,RMSD,Time (ps),37100,0.15161654,nm,nm
line,overlay,sdu6-homo-4,sdu6-homo-4,rmsd,yj9cotmp,yj9cotmp::RMSD,sdu6-homo-4 / RMSD,RMSD,Time (ps),37200,0.1417393,nm,nm
line,overlay,sdu6-homo-4,sdu6-homo-4,rmsd,yj9cotmp,yj9cotmp::RMSD,sdu6-homo-4 / RMSD,RMSD,Time (ps),37300,0.14864731,nm,nm
line,overlay,sdu6-homo-4,sdu6-homo-4,rmsd,yj9cotmp,yj9cotmp::RMSD,sdu6-homo-4 / RMSD,RMSD,Time (ps),37400,0.14413632,nm,nm
line,overlay,sdu6-homo-4,sdu6-homo-4,rmsd,yj9cotmp,yj9cotmp::RMSD,sdu6-homo-4 / RMSD,RMSD,Time (ps),37500,0.1642776,nm,nm
line,overlay,sdu6-homo-4,sdu6-homo-4,rmsd,yj9cotmp,yj9cotmp::RMSD,sdu6-homo-4 / RMSD,RMSD,Time (ps),37600,0.15848325,nm,nm
line,overlay,sdu6-homo-4,sdu6-homo-4,rmsd,yj9cotmp,yj9cotmp::RMSD,sdu6-homo-4 / RMSD,RMSD,Time (ps),37700,0.17545815,nm,nm
line,overlay,sdu6-homo-4,sdu6-homo-4,rmsd,yj9cotmp,yj9cotmp::RMSD,sdu6-homo-4 / RMSD,RMSD,Time (ps),37800,0.17693496,nm,nm
line,overlay,sdu6-homo-4,sdu6-homo-4,rmsd,yj9cotmp,yj9cotmp::RMSD,sdu6-homo-4 / RMSD,RMSD,Time (ps),37900,0.18341094,nm,nm
line,overlay,sdu6-homo-4,sdu6-homo-4,rmsd,yj9cotmp,yj9cotmp::RMSD,sdu6-homo-4 / RMSD,RMSD,Time (ps),38000,0.18117882,nm,nm
line,overlay,sdu6-homo-4,sdu6-homo-4,rmsd,yj9cotmp,yj9cotmp::RMSD,sdu6-homo-4 / RMSD,RMSD,Time (ps),38100,0.1790579,nm,nm
line,overlay,sdu6-homo-4,sdu6-homo-4,rmsd,yj9cotmp,yj9cotmp::RMSD,sdu6-homo-4 / RMSD,RMSD,Time (ps),38200,0.17646855,nm,nm
line,overlay,sdu6-homo-4,sdu6-homo-4,rmsd,yj9cotmp,yj9cotmp::RMSD,sdu6-homo-4 / RMSD,RMSD,Time (ps),38300,0.17415045,nm,nm
line,overlay,sdu6-homo-4,sdu6-homo-4,rmsd,yj9cotmp,yj9cotmp::RMSD,sdu6-homo-4 / RMSD,RMSD,Time (ps),38400,0.15985751,nm,nm
line,overlay,sdu6-homo-4,sdu6-homo-4,rmsd,yj9cotmp,yj9cotmp::RMSD,sdu6-homo-4 / RMSD,RMSD,Time (ps),38500,0.16421132,nm,nm
line,overlay,sdu6-homo-4,sdu6-homo-4,rmsd,yj9cotmp,yj9cotmp::RMSD,sdu6-homo-4 / RMSD,RMSD,Time (ps),38600,0.17079344,nm,nm
line,overlay,sdu6-homo-4,sdu6-homo-4,rmsd,yj9cotmp,yj9cotmp::RMSD,sdu6-homo-4 / RMSD,RMSD,Time (ps),38700,0.18120173,nm,nm
line,overlay,sdu6-homo-4,sdu6-homo-4,rmsd,yj9cotmp,yj9cotmp::RMSD,sdu6-homo-4 / RMSD,RMSD,Time (ps),38800,0.1636168,nm,nm
line,overlay,sdu6-homo-4,sdu6-homo-4,rmsd,yj9cotmp,yj9cotmp::RMSD,sdu6-homo-4 / RMSD,RMSD,Time (ps),38900,0.17026758,nm,nm
line,overlay,sdu6-homo-4,sdu6-homo-4,rmsd,yj9cotmp,yj9cotmp::RMSD,sdu6-homo-4 / RMSD,RMSD,Time (ps),39000,0.15096214,nm,nm
line,overlay,sdu6-homo-4,sdu6-homo-4,rmsd,yj9cotmp,yj9cotmp::RMSD,sdu6-homo-4 / RMSD,RMSD,Time (ps),39100,0.14813732,nm,nm
line,overlay,sdu6-homo-4,sdu6-homo-4,rmsd,yj9cotmp,yj9cotmp::RMSD,sdu6-homo-4 / RMSD,RMSD,Time (ps),39200,0.16399021,nm,nm
line,overlay,sdu6-homo-4,sdu6-homo-4,rmsd,yj9cotmp,yj9cotmp::RMSD,sdu6-homo-4 / RMSD,RMSD,Time (ps),39300,0.1566939,nm,nm
line,overlay,sdu6-homo-4,sdu6-homo-4,rmsd,yj9cotmp,yj9cotmp::RMSD,sdu6-homo-4 / RMSD,RMSD,Time (ps),39400,0.15718932,nm,nm
line,overlay,sdu6-homo-4,sdu6-homo-4,rmsd,yj9cotmp,yj9cotmp::RMSD,sdu6-homo-4 / RMSD,RMSD,Time (ps),39500,0.16192584,nm,nm
line,overlay,sdu6-homo-4,sdu6-homo-4,rmsd,yj9cotmp,yj9cotmp::RMSD,sdu6-homo-4 / RMSD,RMSD,Time (ps),39600,0.16251697,nm,nm
line,overlay,sdu6-homo-4,sdu6-homo-4,rmsd,yj9cotmp,yj9cotmp::RMSD,sdu6-homo-4 / RMSD,RMSD,Time (ps),39700,0.15831308,nm,nm
line,overlay,sdu6-homo-4,sdu6-homo-4,rmsd,yj9cotmp,yj9cotmp::RMSD,sdu6-homo-4 / RMSD,RMSD,Time (ps),39800,0.14735848,nm,nm
line,overlay,sdu6-homo-4,sdu6-homo-4,rmsd,yj9cotmp,yj9cotmp::RMSD,sdu6-homo-4 / RMSD,RMSD,Time (ps),39900,0.14811283,nm,nm
line,overlay,sdu6-homo-4,sdu6-homo-4,rmsd,yj9cotmp,yj9cotmp::RMSD,sdu6-homo-4 / RMSD,RMSD,Time (ps),40000,0.163658,nm,nm
line,overlay,sdu6-homo-4,sdu6-homo-4,rmsd,yj9cotmp,yj9cotmp::RMSD,sdu6-homo-4 / RMSD,RMSD,Time (ps),40100,0.15812634,nm,nm
line,overlay,sdu6-homo-4,sdu6-homo-4,rmsd,yj9cotmp,yj9cotmp::RMSD,sdu6-homo-4 / RMSD,RMSD,Time (ps),40200,0.16401866,nm,nm
line,overlay,sdu6-homo-4,sdu6-homo-4,rmsd,yj9cotmp,yj9cotmp::RMSD,sdu6-homo-4 / RMSD,RMSD,Time (ps),40300,0.1842709,nm,nm
line,overlay,sdu6-homo-4,sdu6-homo-4,rmsd,yj9cotmp,yj9cotmp::RMSD,sdu6-homo-4 / RMSD,RMSD,Time (ps),40400,0.1857781,nm,nm
line,overlay,sdu6-homo-4,sdu6-homo-4,rmsd,yj9cotmp,yj9cotmp::RMSD,sdu6-homo-4 / RMSD,RMSD,Time (ps),40500,0.17456073,nm,nm
line,overlay,sdu6-homo-4,sdu6-homo-4,rmsd,yj9cotmp,yj9cotmp::RMSD,sdu6-homo-4 / RMSD,RMSD,Time (ps),40600,0.18414707,nm,nm
line,overlay,sdu6-homo-4,sdu6-homo-4,rmsd,yj9cotmp,yj9cotmp::RMSD,sdu6-homo-4 / RMSD,RMSD,Time (ps),40700,0.18883054,nm,nm
line,overlay,sdu6-homo-4,sdu6-homo-4,rmsd,yj9cotmp,yj9cotmp::RMSD,sdu6-homo-4 / RMSD,RMSD,Time (ps),40800,0.1745726,nm,nm
line,overlay,sdu6-homo-4,sdu6-homo-4,rmsd,yj9cotmp,yj9cotmp::RMSD,sdu6-homo-4 / RMSD,RMSD,Time (ps),40900,0.17359596,nm,nm
line,overlay,sdu6-homo-4,sdu6-homo-4,rmsd,yj9cotmp,yj9cotmp::RMSD,sdu6-homo-4 / RMSD,RMSD,Time (ps),41000,0.17677669,nm,nm
line,overlay,sdu6-homo-4,sdu6-homo-4,rmsd,yj9cotmp,yj9cotmp::RMSD,sdu6-homo-4 / RMSD,RMSD,Time (ps),41100,0.1679565,nm,nm
line,overlay,sdu6-homo-4,sdu6-homo-4,rmsd,yj9cotmp,yj9cotmp::RMSD,sdu6-homo-4 / RMSD,RMSD,Time (ps),41200,0.17487223,nm,nm
line,overlay,sdu6-homo-4,sdu6-homo-4,rmsd,yj9cotmp,yj9cotmp::RMSD,sdu6-homo-4 / RMSD,RMSD,Time (ps),41300,0.19060102,nm,nm
line,overlay,sdu6-homo-4,sdu6-homo-4,rmsd,yj9cotmp,yj9cotmp::RMSD,sdu6-homo-4 / RMSD,RMSD,Time (ps),41400,0.18790595,nm,nm
line,overlay,sdu6-homo-4,sdu6-homo-4,rmsd,yj9cotmp,yj9cotmp::RMSD,sdu6-homo-4 / RMSD,RMSD,Time (ps),41500,0.18886895,nm,nm
line,overlay,sdu6-homo-4,sdu6-homo-4,rmsd,yj9cotmp,yj9cotmp::RMSD,sdu6-homo-4 / RMSD,RMSD,Time (ps),41600,0.16296607,nm,nm
line,overlay,sdu6-homo-4,sdu6-homo-4,rmsd,yj9cotmp,yj9cotmp::RMSD,sdu6-homo-4 / RMSD,RMSD,Time (ps),41700,0.18130468,nm,nm
line,overlay,sdu6-homo-4,sdu6-homo-4,rmsd,yj9cotmp,yj9cotmp::RMSD,sdu6-homo-4 / RMSD,RMSD,Time (ps),41800,0.17298277,nm,nm
line,overlay,sdu6-homo-4,sdu6-homo-4,rmsd,yj9cotmp,yj9cotmp::RMSD,sdu6-homo-4 / RMSD,RMSD,Time (ps),41900,0.16782375,nm,nm
line,overlay,sdu6-homo-4,sdu6-homo-4,rmsd,yj9cotmp,yj9cotmp::RMSD,sdu6-homo-4 / RMSD,RMSD,Time (ps),42000,0.17269786,nm,nm
line,overlay,sdu6-homo-4,sdu6-homo-4,rmsd,yj9cotmp,yj9cotmp::RMSD,sdu6-homo-4 / RMSD,RMSD,Time (ps),42100,0.19005087,nm,nm
line,overlay,sdu6-homo-4,sdu6-homo-4,rmsd,yj9cotmp,yj9cotmp::RMSD,sdu6-homo-4 / RMSD,RMSD,Time (ps),42200,0.2096833,nm,nm
line,overlay,sdu6-homo-4,sdu6-homo-4,rmsd,yj9cotmp,yj9cotmp::RMSD,sdu6-homo-4 / RMSD,RMSD,Time (ps),42300,0.19350243,nm,nm
line,overlay,sdu6-homo-4,sdu6-homo-4,rmsd,yj9cotmp,yj9cotmp::RMSD,sdu6-homo-4 / RMSD,RMSD,Time (ps),42400,0.19896239,nm,nm
line,overlay,sdu6-homo-4,sdu6-homo-4,rmsd,yj9cotmp,yj9cotmp::RMSD,sdu6-homo-4 / RMSD,RMSD,Time (ps),42500,0.18283632,nm,nm
line,overlay,sdu6-homo-4,sdu6-homo-4,rmsd,yj9cotmp,yj9cotmp::RMSD,sdu6-homo-4 / RMSD,RMSD,Time (ps),42600,0.19489571,nm,nm
line,overlay,sdu6-homo-4,sdu6-homo-4,rmsd,yj9cotmp,yj9cotmp::RMSD,sdu6-homo-4 / RMSD,RMSD,Time (ps),42700,0.1800337,nm,nm
line,overlay,sdu6-homo-4,sdu6-homo-4,rmsd,yj9cotmp,yj9cotmp::RMSD,sdu6-homo-4 / RMSD,RMSD,Time (ps),42800,0.19500473,nm,nm
line,overlay,sdu6-homo-4,sdu6-homo-4,rmsd,yj9cotmp,yj9cotmp::RMSD,sdu6-homo-4 / RMSD,RMSD,Time (ps),42900,0.18725103,nm,nm
line,overlay,sdu6-homo-4,sdu6-homo-4,rmsd,yj9cotmp,yj9cotmp::RMSD,sdu6-homo-4 / RMSD,RMSD,Time (ps),43000,0.20232086,nm,nm
line,overlay,sdu6-homo-4,sdu6-homo-4,rmsd,yj9cotmp,yj9cotmp::RMSD,sdu6-homo-4 / RMSD,RMSD,Time (ps),43100,0.22013655,nm,nm
line,overlay,sdu6-homo-4,sdu6-homo-4,rmsd,yj9cotmp,yj9cotmp::RMSD,sdu6-homo-4 / RMSD,RMSD,Time (ps),43200,0.21001674,nm,nm
line,overlay,sdu6-homo-4,sdu6-homo-4,rmsd,yj9cotmp,yj9cotmp::RMSD,sdu6-homo-4 / RMSD,RMSD,Time (ps),43300,0.19231208,nm,nm
line,overlay,sdu6-homo-4,sdu6-homo-4,rmsd,yj9cotmp,yj9cotmp::RMSD,sdu6-homo-4 / RMSD,RMSD,Time (ps),43400,0.19669594,nm,nm
line,overlay,sdu6-homo-4,sdu6-homo-4,rmsd,yj9cotmp,yj9cotmp::RMSD,sdu6-homo-4 / RMSD,RMSD,Time (ps),43500,0.18424557,nm,nm
line,overlay,sdu6-homo-4,sdu6-homo-4,rmsd,yj9cotmp,yj9cotmp::RMSD,sdu6-homo-4 / RMSD,RMSD,Time (ps),43600,0.18180716,nm,nm
line,overlay,sdu6-homo-4,sdu6-homo-4,rmsd,yj9cotmp,yj9cotmp::RMSD,sdu6-homo-4 / RMSD,RMSD,Time (ps),43700,0.19594873,nm,nm
line,overlay,sdu6-homo-4,sdu6-homo-4,rmsd,yj9cotmp,yj9cotmp::RMSD,sdu6-homo-4 / RMSD,RMSD,Time (ps),43800,0.19320753,nm,nm
line,overlay,sdu6-homo-4,sdu6-homo-4,rmsd,yj9cotmp,yj9cotmp::RMSD,sdu6-homo-4 / RMSD,RMSD,Time (ps),43900,0.18230826,nm,nm
line,overlay,sdu6-homo-4,sdu6-homo-4,rmsd,yj9cotmp,yj9cotmp::RMSD,sdu6-homo-4 / RMSD,RMSD,Time (ps),44000,0.1827938,nm,nm
line,overlay,sdu6-homo-4,sdu6-homo-4,rmsd,yj9cotmp,yj9cotmp::RMSD,sdu6-homo-4 / RMSD,RMSD,Time (ps),44100,0.19415228,nm,nm
line,overlay,sdu6-homo-4,sdu6-homo-4,rmsd,yj9cotmp,yj9cotmp::RMSD,sdu6-homo-4 / RMSD,RMSD,Time (ps),44200,0.1821262,nm,nm
line,overlay,sdu6-homo-4,sdu6-homo-4,rmsd,yj9cotmp,yj9cotmp::RMSD,sdu6-homo-4 / RMSD,RMSD,Time (ps),44300,0.19577143,nm,nm
line,overlay,sdu6-homo-4,sdu6-homo-4,rmsd,yj9cotmp,yj9cotmp::RMSD,sdu6-homo-4 / RMSD,RMSD,Time (ps),44400,0.20235415,nm,nm
line,overlay,sdu6-homo-4,sdu6-homo-4,rmsd,yj9cotmp,yj9cotmp::RMSD,sdu6-homo-4 / RMSD,RMSD,Time (ps),44500,0.21513978,nm,nm
line,overlay,sdu6-homo-4,sdu6-homo-4,rmsd,yj9cotmp,yj9cotmp::RMSD,sdu6-homo-4 / RMSD,RMSD,Time (ps),44600,0.19215569,nm,nm
line,overlay,sdu6-homo-4,sdu6-homo-4,rmsd,yj9cotmp,yj9cotmp::RMSD,sdu6-homo-4 / RMSD,RMSD,Time (ps),44700,0.18128465,nm,nm
line,overlay,sdu6-homo-4,sdu6-homo-4,rmsd,yj9cotmp,yj9cotmp::RMSD,sdu6-homo-4 / RMSD,RMSD,Time (ps),44800,0.20460099,nm,nm
line,overlay,sdu6-homo-4,sdu6-homo-4,rmsd,yj9cotmp,yj9cotmp::RMSD,sdu6-homo-4 / RMSD,RMSD,Time (ps),44900,0.19176954,nm,nm
line,overlay,sdu6-homo-4,sdu6-homo-4,rmsd,yj9cotmp,yj9cotmp::RMSD,sdu6-homo-4 / RMSD,RMSD,Time (ps),45000,0.20592926,nm,nm
line,overlay,sdu6-homo-4,sdu6-homo-4,rmsd,yj9cotmp,yj9cotmp::RMSD,sdu6-homo-4 / RMSD,RMSD,Time (ps),45100,0.18376951,nm,nm
line,overlay,sdu6-homo-4,sdu6-homo-4,rmsd,yj9cotmp,yj9cotmp::RMSD,sdu6-homo-4 / RMSD,RMSD,Time (ps),45200,0.18264629,nm,nm
line,overlay,sdu6-homo-4,sdu6-homo-4,rmsd,yj9cotmp,yj9cotmp::RMSD,sdu6-homo-4 / RMSD,RMSD,Time (ps),45300,0.18398093,nm,nm
line,overlay,sdu6-homo-4,sdu6-homo-4,rmsd,yj9cotmp,yj9cotmp::RMSD,sdu6-homo-4 / RMSD,RMSD,Time (ps),45400,0.19772364,nm,nm
line,overlay,sdu6-homo-4,sdu6-homo-4,rmsd,yj9cotmp,yj9cotmp::RMSD,sdu6-homo-4 / RMSD,RMSD,Time (ps),45500,0.20992541,nm,nm
line,overlay,sdu6-homo-4,sdu6-homo-4,rmsd,yj9cotmp,yj9cotmp::RMSD,sdu6-homo-4 / RMSD,RMSD,Time (ps),45600,0.19863385,nm,nm
line,overlay,sdu6-homo-4,sdu6-homo-4,rmsd,yj9cotmp,yj9cotmp::RMSD,sdu6-homo-4 / RMSD,RMSD,Time (ps),45700,0.1959117,nm,nm
line,overlay,sdu6-homo-4,sdu6-homo-4,rmsd,yj9cotmp,yj9cotmp::RMSD,sdu6-homo-4 / RMSD,RMSD,Time (ps),45800,0.1984302,nm,nm
line,overlay,sdu6-homo-4,sdu6-homo-4,rmsd,yj9cotmp,yj9cotmp::RMSD,sdu6-homo-4 / RMSD,RMSD,Time (ps),45900,0.18291003,nm,nm
line,overlay,sdu6-homo-4,sdu6-homo-4,rmsd,yj9cotmp,yj9cotmp::RMSD,sdu6-homo-4 / RMSD,RMSD,Time (ps),46000,0.19838056,nm,nm
line,overlay,sdu6-homo-4,sdu6-homo-4,rmsd,yj9cotmp,yj9cotmp::RMSD,sdu6-homo-4 / RMSD,RMSD,Time (ps),46100,0.18234238,nm,nm
line,overlay,sdu6-homo-4,sdu6-homo-4,rmsd,yj9cotmp,yj9cotmp::RMSD,sdu6-homo-4 / RMSD,RMSD,Time (ps),46200,0.18794732,nm,nm
line,overlay,sdu6-homo-4,sdu6-homo-4,rmsd,yj9cotmp,yj9cotmp::RMSD,sdu6-homo-4 / RMSD,RMSD,Time (ps),46300,0.17871597,nm,nm
line,overlay,sdu6-homo-4,sdu6-homo-4,rmsd,yj9cotmp,yj9cotmp::RMSD,sdu6-homo-4 / RMSD,RMSD,Time (ps),46400,0.19397064,nm,nm
line,overlay,sdu6-homo-4,sdu6-homo-4,rmsd,yj9cotmp,yj9cotmp::RMSD,sdu6-homo-4 / RMSD,RMSD,Time (ps),46500,0.19774723,nm,nm
line,overlay,sdu6-homo-4,sdu6-homo-4,rmsd,yj9cotmp,yj9cotmp::RMSD,sdu6-homo-4 / RMSD,RMSD,Time (ps),46600,0.19347028,nm,nm
line,overlay,sdu6-homo-4,sdu6-homo-4,rmsd,yj9cotmp,yj9cotmp::RMSD,sdu6-homo-4 / RMSD,RMSD,Time (ps),46700,0.19864951,nm,nm
line,overlay,sdu6-homo-4,sdu6-homo-4,rmsd,yj9cotmp,yj9cotmp::RMSD,sdu6-homo-4 / RMSD,RMSD,Time (ps),46800,0.19504726,nm,nm
line,overlay,sdu6-homo-4,sdu6-homo-4,rmsd,yj9cotmp,yj9cotmp::RMSD,sdu6-homo-4 / RMSD,RMSD,Time (ps),46900,0.1916073,nm,nm
line,overlay,sdu6-homo-4,sdu6-homo-4,rmsd,yj9cotmp,yj9cotmp::RMSD,sdu6-homo-4 / RMSD,RMSD,Time (ps),47000,0.18940611,nm,nm
line,overlay,sdu6-homo-4,sdu6-homo-4,rmsd,yj9cotmp,yj9cotmp::RMSD,sdu6-homo-4 / RMSD,RMSD,Time (ps),47100,0.1893979,nm,nm
line,overlay,sdu6-homo-4,sdu6-homo-4,rmsd,yj9cotmp,yj9cotmp::RMSD,sdu6-homo-4 / RMSD,RMSD,Time (ps),47200,0.17595376,nm,nm
line,overlay,sdu6-homo-4,sdu6-homo-4,rmsd,yj9cotmp,yj9cotmp::RMSD,sdu6-homo-4 / RMSD,RMSD,Time (ps),47300,0.19148012,nm,nm
line,overlay,sdu6-homo-4,sdu6-homo-4,rmsd,yj9cotmp,yj9cotmp::RMSD,sdu6-homo-4 / RMSD,RMSD,Time (ps),47400,0.19005087,nm,nm
line,overlay,sdu6-homo-4,sdu6-homo-4,rmsd,yj9cotmp,yj9cotmp::RMSD,sdu6-homo-4 / RMSD,RMSD,Time (ps),47500,0.18987624,nm,nm
line,overlay,sdu6-homo-4,sdu6-homo-4,rmsd,yj9cotmp,yj9cotmp::RMSD,sdu6-homo-4 / RMSD,RMSD,Time (ps),47600,0.18794732,nm,nm
line,overlay,sdu6-homo-4,sdu6-homo-4,rmsd,yj9cotmp,yj9cotmp::RMSD,sdu6-homo-4 / RMSD,RMSD,Time (ps),47700,0.17497002,nm,nm
line,overlay,sdu6-homo-4,sdu6-homo-4,rmsd,yj9cotmp,yj9cotmp::RMSD,sdu6-homo-4 / RMSD,RMSD,Time (ps),47800,0.18920623,nm,nm
line,overlay,sdu6-homo-4,sdu6-homo-4,rmsd,yj9cotmp,yj9cotmp::RMSD,sdu6-homo-4 / RMSD,RMSD,Time (ps),47900,0.18764094,nm,nm
line,overlay,sdu6-homo-4,sdu6-homo-4,rmsd,yj9cotmp,yj9cotmp::RMSD,sdu6-homo-4 / RMSD,RMSD,Time (ps),48000,0.20371489,nm,nm
line,overlay,sdu6-homo-4,sdu6-homo-4,rmsd,yj9cotmp,yj9cotmp::RMSD,sdu6-homo-4 / RMSD,RMSD,Time (ps),48100,0.20812505,nm,nm
line,overlay,sdu6-homo-4,sdu6-homo-4,rmsd,yj9cotmp,yj9cotmp::RMSD,sdu6-homo-4 / RMSD,RMSD,Time (ps),48200,0.1918101,nm,nm
line,overlay,sdu6-homo-4,sdu6-homo-4,rmsd,yj9cotmp,yj9cotmp::RMSD,sdu6-homo-4 / RMSD,RMSD,Time (ps),48300,0.19616026,nm,nm
line,overlay,sdu6-homo-4,sdu6-homo-4,rmsd,yj9cotmp,yj9cotmp::RMSD,sdu6-homo-4 / RMSD,RMSD,Time (ps),48400,0.19444306,nm,nm
line,overlay,sdu6-homo-4,sdu6-homo-4,rmsd,yj9cotmp,yj9cotmp::RMSD,sdu6-homo-4 / RMSD,RMSD,Time (ps),48500,0.18760502,nm,nm
line,overlay,sdu6-homo-4,sdu6-homo-4,rmsd,yj9cotmp,yj9cotmp::RMSD,sdu6-homo-4 / RMSD,RMSD,Time (ps),48600,0.19218266,nm,nm
line,overlay,sdu6-homo-4,sdu6-homo-4,rmsd,yj9cotmp,yj9cotmp::RMSD,sdu6-homo-4 / RMSD,RMSD,Time (ps),48700,0.20858033,nm,nm
line,overlay,sdu6-homo-4,sdu6-homo-4,rmsd,yj9cotmp,yj9cotmp::RMSD,sdu6-homo-4 / RMSD,RMSD,Time (ps),48800,0.22365223,nm,nm
line,overlay,sdu6-homo-4,sdu6-homo-4,rmsd,yj9cotmp,yj9cotmp::RMSD,sdu6-homo-4 / RMSD,RMSD,Time (ps),48900,0.20271757,nm,nm
line,overlay,sdu6-homo-4,sdu6-homo-4,rmsd,yj9cotmp,yj9cotmp::RMSD,sdu6-homo-4 / RMSD,RMSD,Time (ps),49000,0.19286652,nm,nm
line,overlay,sdu6-homo-4,sdu6-homo-4,rmsd,yj9cotmp,yj9cotmp::RMSD,sdu6-homo-4 / RMSD,RMSD,Time (ps),49100,0.20978709,nm,nm
line,overlay,sdu6-homo-4,sdu6-homo-4,rmsd,yj9cotmp,yj9cotmp::RMSD,sdu6-homo-4 / RMSD,RMSD,Time (ps),49200,0.19345956,nm,nm
line,overlay,sdu6-homo-4,sdu6-homo-4,rmsd,yj9cotmp,yj9cotmp::RMSD,sdu6-homo-4 / RMSD,RMSD,Time (ps),49300,0.192126,nm,nm
line,overlay,sdu6-homo-4,sdu6-homo-4,rmsd,yj9cotmp,yj9cotmp::RMSD,sdu6-homo-4 / RMSD,RMSD,Time (ps),49400,0.20097388,nm,nm
line,overlay,sdu6-homo-4,sdu6-homo-4,rmsd,yj9cotmp,yj9cotmp::RMSD,sdu6-homo-4 / RMSD,RMSD,Time (ps),49500,0.19503929,nm,nm
line,overlay,sdu6-homo-4,sdu6-homo-4,rmsd,yj9cotmp,yj9cotmp::RMSD,sdu6-homo-4 / RMSD,RMSD,Time (ps),49600,0.19973205,nm,nm
line,overlay,sdu6-homo-4,sdu6-homo-4,rmsd,yj9cotmp,yj9cotmp::RMSD,sdu6-homo-4 / RMSD,RMSD,Time (ps),49700,0.20573787,nm,nm
line,overlay,sdu6-homo-4,sdu6-homo-4,rmsd,yj9cotmp,yj9cotmp::RMSD,sdu6-homo-4 / RMSD,RMSD,Time (ps),49800,0.20413683,nm,nm
line,overlay,sdu6-homo-4,sdu6-homo-4,rmsd,yj9cotmp,yj9cotmp::RMSD,sdu6-homo-4 / RMSD,RMSD,Time (ps),49900,0.19703296,nm,nm
line,overlay,sdu6-homo-4,sdu6-homo-4,rmsd,yj9cotmp,yj9cotmp::RMSD,sdu6-homo-4 / RMSD,RMSD,Time (ps),50000,0.19672756,nm,nm
line,overlay,sdu6-homo-4,sdu6-homo-4,rmsd,yj9cotmp,yj9cotmp::RMSD,sdu6-homo-4 / RMSD,RMSD,Time (ps),50100,0.20530155,nm,nm
line,overlay,sdu6-homo-4,sdu6-homo-4,rmsd,yj9cotmp,yj9cotmp::RMSD,sdu6-homo-4 / RMSD,RMSD,Time (ps),50200,0.19652985,nm,nm
line,overlay,sdu6-homo-4,sdu6-homo-4,rmsd,yj9cotmp,yj9cotmp::RMSD,sdu6-homo-4 / RMSD,RMSD,Time (ps),50300,0.20587641,nm,nm
line,overlay,sdu6-homo-4,sdu6-homo-4,rmsd,yj9cotmp,yj9cotmp::RMSD,sdu6-homo-4 / RMSD,RMSD,Time (ps),50400,0.19577672,nm,nm
line,overlay,sdu6-homo-4,sdu6-homo-4,rmsd,yj9cotmp,yj9cotmp::RMSD,sdu6-homo-4 / RMSD,RMSD,Time (ps),50500,0.20329463,nm,nm
line,overlay,sdu6-homo-4,sdu6-homo-4,rmsd,yj9cotmp,yj9cotmp::RMSD,sdu6-homo-4 / RMSD,RMSD,Time (ps),50600,0.19874863,nm,nm
line,overlay,sdu6-homo-4,sdu6-homo-4,rmsd,yj9cotmp,yj9cotmp::RMSD,sdu6-homo-4 / RMSD,RMSD,Time (ps),50700,0.18476811,nm,nm
line,overlay,sdu6-homo-4,sdu6-homo-4,rmsd,yj9cotmp,yj9cotmp::RMSD,sdu6-homo-4 / RMSD,RMSD,Time (ps),50800,0.20088358,nm,nm
line,overlay,sdu6-homo-4,sdu6-homo-4,rmsd,yj9cotmp,yj9cotmp::RMSD,sdu6-homo-4 / RMSD,RMSD,Time (ps),50900,0.19631082,nm,nm
line,overlay,sdu6-homo-4,sdu6-homo-4,rmsd,yj9cotmp,yj9cotmp::RMSD,sdu6-homo-4 / RMSD,RMSD,Time (ps),51000,0.21466461,nm,nm
line,overlay,sdu6-homo-4,sdu6-homo-4,rmsd,yj9cotmp,yj9cotmp::RMSD,sdu6-homo-4 / RMSD,RMSD,Time (ps),51100,0.2119209,nm,nm
line,overlay,sdu6-homo-4,sdu6-homo-4,rmsd,yj9cotmp,yj9cotmp::RMSD,sdu6-homo-4 / RMSD,RMSD,Time (ps),51200,0.1964639,nm,nm
line,overlay,sdu6-homo-4,sdu6-homo-4,rmsd,yj9cotmp,yj9cotmp::RMSD,sdu6-homo-4 / RMSD,RMSD,Time (ps),51300,0.19453901,nm,nm
line,overlay,sdu6-homo-4,sdu6-homo-4,rmsd,yj9cotmp,yj9cotmp::RMSD,sdu6-homo-4 / RMSD,RMSD,Time (ps),51400,0.19480793,nm,nm
line,overlay,sdu6-homo-4,sdu6-homo-4,rmsd,yj9cotmp,yj9cotmp::RMSD,sdu6-homo-4 / RMSD,RMSD,Time (ps),51500,0.20241049,nm,nm
line,overlay,sdu6-homo-4,sdu6-homo-4,rmsd,yj9cotmp,yj9cotmp::RMSD,sdu6-homo-4 / RMSD,RMSD,Time (ps),51600,0.19350511,nm,nm
line,overlay,sdu6-homo-4,sdu6-homo-4,rmsd,yj9cotmp,yj9cotmp::RMSD,sdu6-homo-4 / RMSD,RMSD,Time (ps),51700,0.19933198,nm,nm
line,overlay,sdu6-homo-4,sdu6-homo-4,rmsd,yj9cotmp,yj9cotmp::RMSD,sdu6-homo-4 / RMSD,RMSD,Time (ps),51800,0.20890811,nm,nm
line,overlay,sdu6-homo-4,sdu6-homo-4,rmsd,yj9cotmp,yj9cotmp::RMSD,sdu6-homo-4 / RMSD,RMSD,Time (ps),51900,0.19742192,nm,nm
line,overlay,sdu6-homo-4,sdu6-homo-4,rmsd,yj9cotmp,yj9cotmp::RMSD,sdu6-homo-4 / RMSD,RMSD,Time (ps),52000,0.1971329,nm,nm
line,overlay,sdu6-homo-4,sdu6-homo-4,rmsd,yj9cotmp,yj9cotmp::RMSD,sdu6-homo-4 / RMSD,RMSD,Time (ps),52100,0.20789331,nm,nm
line,overlay,sdu6-homo-4,sdu6-homo-4,rmsd,yj9cotmp,yj9cotmp::RMSD,sdu6-homo-4 / RMSD,RMSD,Time (ps),52200,0.19786254,nm,nm
line,overlay,sdu6-homo-4,sdu6-homo-4,rmsd,yj9cotmp,yj9cotmp::RMSD,sdu6-homo-4 / RMSD,RMSD,Time (ps),52300,0.20749399,nm,nm
line,overlay,sdu6-homo-4,sdu6-homo-4,rmsd,yj9cotmp,yj9cotmp::RMSD,sdu6-homo-4 / RMSD,RMSD,Time (ps),52400,0.19468816,nm,nm
line,overlay,sdu6-homo-4,sdu6-homo-4,rmsd,yj9cotmp,yj9cotmp::RMSD,sdu6-homo-4 / RMSD,RMSD,Time (ps),52500,0.20672566,nm,nm
line,overlay,sdu6-homo-4,sdu6-homo-4,rmsd,yj9cotmp,yj9cotmp::RMSD,sdu6-homo-4 / RMSD,RMSD,Time (ps),52600,0.20346029,nm,nm
line,overlay,sdu6-homo-4,sdu6-homo-4,rmsd,yj9cotmp,yj9cotmp::RMSD,sdu6-homo-4 / RMSD,RMSD,Time (ps),52700,0.21746428,nm,nm
line,overlay,sdu6-homo-4,sdu6-homo-4,rmsd,yj9cotmp,yj9cotmp::RMSD,sdu6-homo-4 / RMSD,RMSD,Time (ps),52800,0.19564429,nm,nm
line,overlay,sdu6-homo-4,sdu6-homo-4,rmsd,yj9cotmp,yj9cotmp::RMSD,sdu6-homo-4 / RMSD,RMSD,Time (ps),52900,0.20990318,nm,nm
line,overlay,sdu6-homo-4,sdu6-homo-4,rmsd,yj9cotmp,yj9cotmp::RMSD,sdu6-homo-4 / RMSD,RMSD,Time (ps),53000,0.21208717,nm,nm
line,overlay,sdu6-homo-4,sdu6-homo-4,rmsd,yj9cotmp,yj9cotmp::RMSD,sdu6-homo-4 / RMSD,RMSD,Time (ps),53100,0.2023311,nm,nm
line,overlay,sdu6-homo-4,sdu6-homo-4,rmsd,yj9cotmp,yj9cotmp::RMSD,sdu6-homo-4 / RMSD,RMSD,Time (ps),53200,0.20737655,nm,nm
line,overlay,sdu6-homo-4,sdu6-homo-4,rmsd,yj9cotmp,yj9cotmp::RMSD,sdu6-homo-4 / RMSD,RMSD,Time (ps),53300,0.19785206,nm,nm
line,overlay,sdu6-homo-4,sdu6-homo-4,rmsd,yj9cotmp,yj9cotmp::RMSD,sdu6-homo-4 / RMSD,RMSD,Time (ps),53400,0.21128401,nm,nm
line,overlay,sdu6-homo-4,sdu6-homo-4,rmsd,yj9cotmp,yj9cotmp::RMSD,sdu6-homo-4 / RMSD,RMSD,Time (ps),53500,0.19569992,nm,nm
line,overlay,sdu6-homo-4,sdu6-homo-4,rmsd,yj9cotmp,yj9cotmp::RMSD,sdu6-homo-4 / RMSD,RMSD,Time (ps),53600,0.195782,nm,nm
line,overlay,sdu6-homo-4,sdu6-homo-4,rmsd,yj9cotmp,yj9cotmp::RMSD,sdu6-homo-4 / RMSD,RMSD,Time (ps),53700,0.20790328,nm,nm
line,overlay,sdu6-homo-4,sdu6-homo-4,rmsd,yj9cotmp,yj9cotmp::RMSD,sdu6-homo-4 / RMSD,RMSD,Time (ps),53800,0.20283772,nm,nm
line,overlay,sdu6-homo-4,sdu6-homo-4,rmsd,yj9cotmp,yj9cotmp::RMSD,sdu6-homo-4 / RMSD,RMSD,Time (ps),53900,0.20722902,nm,nm
line,overlay,sdu6-homo-4,sdu6-homo-4,rmsd,yj9cotmp,yj9cotmp::RMSD,sdu6-homo-4 / RMSD,RMSD,Time (ps),54000,0.20650738,nm,nm
line,overlay,sdu6-homo-4,sdu6-homo-4,rmsd,yj9cotmp,yj9cotmp::RMSD,sdu6-homo-4 / RMSD,RMSD,Time (ps),54100,0.20011058,nm,nm
line,overlay,sdu6-homo-4,sdu6-homo-4,rmsd,yj9cotmp,yj9cotmp::RMSD,sdu6-homo-4 / RMSD,RMSD,Time (ps),54200,0.20005877,nm,nm
line,overlay,sdu6-homo-4,sdu6-homo-4,rmsd,yj9cotmp,yj9cotmp::RMSD,sdu6-homo-4 / RMSD,RMSD,Time (ps),54300,0.21080999,nm,nm
line,overlay,sdu6-homo-4,sdu6-homo-4,rmsd,yj9cotmp,yj9cotmp::RMSD,sdu6-homo-4 / RMSD,RMSD,Time (ps),54400,0.19728798,nm,nm
line,overlay,sdu6-homo-4,sdu6-homo-4,rmsd,yj9cotmp,yj9cotmp::RMSD,sdu6-homo-4 / RMSD,RMSD,Time (ps),54500,0.17688516,nm,nm
line,overlay,sdu6-homo-4,sdu6-homo-4,rmsd,yj9cotmp,yj9cotmp::RMSD,sdu6-homo-4 / RMSD,RMSD,Time (ps),54600,0.18702114,nm,nm
line,overlay,sdu6-homo-4,sdu6-homo-4,rmsd,yj9cotmp,yj9cotmp::RMSD,sdu6-homo-4 / RMSD,RMSD,Time (ps),54700,0.185429,nm,nm
line,overlay,sdu6-homo-4,sdu6-homo-4,rmsd,yj9cotmp,yj9cotmp::RMSD,sdu6-homo-4 / RMSD,RMSD,Time (ps),54800,0.20574039,nm,nm
line,overlay,sdu6-homo-4,sdu6-homo-4,rmsd,yj9cotmp,yj9cotmp::RMSD,sdu6-homo-4 / RMSD,RMSD,Time (ps),54900,0.19983582,nm,nm
line,overlay,sdu6-homo-4,sdu6-homo-4,rmsd,yj9cotmp,yj9cotmp::RMSD,sdu6-homo-4 / RMSD,RMSD,Time (ps),55000,0.19865733,nm,nm
line,overlay,sdu6-homo-4,sdu6-homo-4,rmsd,yj9cotmp,yj9cotmp::RMSD,sdu6-homo-4 / RMSD,RMSD,Time (ps),55100,0.18947726,nm,nm
line,overlay,sdu6-homo-4,sdu6-homo-4,rmsd,yj9cotmp,yj9cotmp::RMSD,sdu6-homo-4 / RMSD,RMSD,Time (ps),55200,0.17518911,nm,nm
line,overlay,sdu6-homo-4,sdu6-homo-4,rmsd,yj9cotmp,yj9cotmp::RMSD,sdu6-homo-4 / RMSD,RMSD,Time (ps),55300,0.19002087,nm,nm
line,overlay,sdu6-homo-4,sdu6-homo-4,rmsd,yj9cotmp,yj9cotmp::RMSD,sdu6-homo-4 / RMSD,RMSD,Time (ps),55400,0.18930209,nm,nm
line,overlay,sdu6-homo-4,sdu6-homo-4,rmsd,yj9cotmp,yj9cotmp::RMSD,sdu6-homo-4 / RMSD,RMSD,Time (ps),55500,0.19069889,nm,nm
line,overlay,sdu6-homo-4,sdu6-homo-4,rmsd,yj9cotmp,yj9cotmp::RMSD,sdu6-homo-4 / RMSD,RMSD,Time (ps),55600,0.19078314,nm,nm
line,overlay,sdu6-homo-4,sdu6-homo-4,rmsd,yj9cotmp,yj9cotmp::RMSD,sdu6-homo-4 / RMSD,RMSD,Time (ps),55700,0.19627385,nm,nm
line,overlay,sdu6-homo-4,sdu6-homo-4,rmsd,yj9cotmp,yj9cotmp::RMSD,sdu6-homo-4 / RMSD,RMSD,Time (ps),55800,0.20310076,nm,nm
line,overlay,sdu6-homo-4,sdu6-homo-4,rmsd,yj9cotmp,yj9cotmp::RMSD,sdu6-homo-4 / RMSD,RMSD,Time (ps),55900,0.19811125,nm,nm
line,overlay,sdu6-homo-4,sdu6-homo-4,rmsd,yj9cotmp,yj9cotmp::RMSD,sdu6-homo-4 / RMSD,RMSD,Time (ps),56000,0.20676075,nm,nm
line,overlay,sdu6-homo-4,sdu6-homo-4,rmsd,yj9cotmp,yj9cotmp::RMSD,sdu6-homo-4 / RMSD,RMSD,Time (ps),56100,0.2048314,nm,nm
line,overlay,sdu6-homo-4,sdu6-homo-4,rmsd,yj9cotmp,yj9cotmp::RMSD,sdu6-homo-4 / RMSD,RMSD,Time (ps),56200,0.20027371,nm,nm
line,overlay,sdu6-homo-4,sdu6-homo-4,rmsd,yj9cotmp,yj9cotmp::RMSD,sdu6-homo-4 / RMSD,RMSD,Time (ps),56300,0.19427505,nm,nm
line,overlay,sdu6-homo-4,sdu6-homo-4,rmsd,yj9cotmp,yj9cotmp::RMSD,sdu6-homo-4 / RMSD,RMSD,Time (ps),56400,0.19986436,nm,nm
line,overlay,sdu6-homo-4,sdu6-homo-4,rmsd,yj9cotmp,yj9cotmp::RMSD,sdu6-homo-4 / RMSD,RMSD,Time (ps),56500,0.20237722,nm,nm
line,overlay,sdu6-homo-4,sdu6-homo-4,rmsd,yj9cotmp,yj9cotmp::RMSD,sdu6-homo-4 / RMSD,RMSD,Time (ps),56600,0.19315924,nm,nm
line,overlay,sdu6-homo-4,sdu6-homo-4,rmsd,yj9cotmp,yj9cotmp::RMSD,sdu6-homo-4 / RMSD,RMSD,Time (ps),56700,0.18748894,nm,nm
line,overlay,sdu6-homo-4,sdu6-homo-4,rmsd,yj9cotmp,yj9cotmp::RMSD,sdu6-homo-4 / RMSD,RMSD,Time (ps),56800,0.19166952,nm,nm
line,overlay,sdu6-homo-4,sdu6-homo-4,rmsd,yj9cotmp,yj9cotmp::RMSD,sdu6-homo-4 / RMSD,RMSD,Time (ps),56900,0.21632431,nm,nm
line,overlay,sdu6-homo-4,sdu6-homo-4,rmsd,yj9cotmp,yj9cotmp::RMSD,sdu6-homo-4 / RMSD,RMSD,Time (ps),57000,0.2155634,nm,nm
line,overlay,sdu6-homo-4,sdu6-homo-4,rmsd,yj9cotmp,yj9cotmp::RMSD,sdu6-homo-4 / RMSD,RMSD,Time (ps),57100,0.2064346,nm,nm
line,overlay,sdu6-homo-4,sdu6-homo-4,rmsd,yj9cotmp,yj9cotmp::RMSD,sdu6-homo-4 / RMSD,RMSD,Time (ps),57200,0.20678583,nm,nm
line,overlay,sdu6-homo-4,sdu6-homo-4,rmsd,yj9cotmp,yj9cotmp::RMSD,sdu6-homo-4 / RMSD,RMSD,Time (ps),57300,0.18304883,nm,nm
line,overlay,sdu6-homo-4,sdu6-homo-4,rmsd,yj9cotmp,yj9cotmp::RMSD,sdu6-homo-4 / RMSD,RMSD,Time (ps),57400,0.19073695,nm,nm
line,overlay,sdu6-homo-4,sdu6-homo-4,rmsd,yj9cotmp,yj9cotmp::RMSD,sdu6-homo-4 / RMSD,RMSD,Time (ps),57500,0.21347815,nm,nm
line,overlay,sdu6-homo-4,sdu6-homo-4,rmsd,yj9cotmp,yj9cotmp::RMSD,sdu6-homo-4 / RMSD,RMSD,Time (ps),57600,0.2147636,nm,nm
line,overlay,sdu6-homo-4,sdu6-homo-4,rmsd,yj9cotmp,yj9cotmp::RMSD,sdu6-homo-4 / RMSD,RMSD,Time (ps),57700,0.21558745,nm,nm
line,overlay,sdu6-homo-4,sdu6-homo-4,rmsd,yj9cotmp,yj9cotmp::RMSD,sdu6-homo-4 / RMSD,RMSD,Time (ps),57800,0.20726654,nm,nm
line,overlay,sdu6-homo-4,sdu6-homo-4,rmsd,yj9cotmp,yj9cotmp::RMSD,sdu6-homo-4 / RMSD,RMSD,Time (ps),57900,0.20779355,nm,nm
line,overlay,sdu6-homo-4,sdu6-homo-4,rmsd,yj9cotmp,yj9cotmp::RMSD,sdu6-homo-4 / RMSD,RMSD,Time (ps),58000,0.21021657,nm,nm
line,overlay,sdu6-homo-4,sdu6-homo-4,rmsd,yj9cotmp,yj9cotmp::RMSD,sdu6-homo-4 / RMSD,RMSD,Time (ps),58100,0.20373525,nm,nm
line,overlay,sdu6-homo-4,sdu6-homo-4,rmsd,yj9cotmp,yj9cotmp::RMSD,sdu6-homo-4 / RMSD,RMSD,Time (ps),58200,0.19025804,nm,nm
line,overlay,sdu6-homo-4,sdu6-homo-4,rmsd,yj9cotmp,yj9cotmp::RMSD,sdu6-homo-4 / RMSD,RMSD,Time (ps),58300,0.19070977,nm,nm
line,overlay,sdu6-homo-4,sdu6-homo-4,rmsd,yj9cotmp,yj9cotmp::RMSD,sdu6-homo-4 / RMSD,RMSD,Time (ps),58400,0.19860515,nm,nm
line,overlay,sdu6-homo-4,sdu6-homo-4,rmsd,yj9cotmp,yj9cotmp::RMSD,sdu6-homo-4 / RMSD,RMSD,Time (ps),58500,0.22003762,nm,nm
line,overlay,sdu6-homo-4,sdu6-homo-4,rmsd,yj9cotmp,yj9cotmp::RMSD,sdu6-homo-4 / RMSD,RMSD,Time (ps),58600,0.19450703,nm,nm
line,overlay,sdu6-homo-4,sdu6-homo-4,rmsd,yj9cotmp,yj9cotmp::RMSD,sdu6-homo-4 / RMSD,RMSD,Time (ps),58700,0.20511463,nm,nm
line,overlay,sdu6-homo-4,sdu6-homo-4,rmsd,yj9cotmp,yj9cotmp::RMSD,sdu6-homo-4 / RMSD,RMSD,Time (ps),58800,0.20264597,nm,nm
line,overlay,sdu6-homo-4,sdu6-homo-4,rmsd,yj9cotmp,yj9cotmp::RMSD,sdu6-homo-4 / RMSD,RMSD,Time (ps),58900,0.19775772,nm,nm
line,overlay,sdu6-homo-4,sdu6-homo-4,rmsd,yj9cotmp,yj9cotmp::RMSD,sdu6-homo-4 / RMSD,RMSD,Time (ps),59000,0.20495284,nm,nm
line,overlay,sdu6-homo-4,sdu6-homo-4,rmsd,yj9cotmp,yj9cotmp::RMSD,sdu6-homo-4 / RMSD,RMSD,Time (ps),59100,0.19837011,nm,nm
line,overlay,sdu6-homo-4,sdu6-homo-4,rmsd,yj9cotmp,yj9cotmp::RMSD,sdu6-homo-4 / RMSD,RMSD,Time (ps),59200,0.20616071,nm,nm
line,overlay,sdu6-homo-4,sdu6-homo-4,rmsd,yj9cotmp,yj9cotmp::RMSD,sdu6-homo-4 / RMSD,RMSD,Time (ps),59300,0.22679603,nm,nm
line,overlay,sdu6-homo-4,sdu6-homo-4,rmsd,yj9cotmp,yj9cotmp::RMSD,sdu6-homo-4 / RMSD,RMSD,Time (ps),59400,0.22626746,nm,nm
line,overlay,sdu6-homo-4,sdu6-homo-4,rmsd,yj9cotmp,yj9cotmp::RMSD,sdu6-homo-4 / RMSD,RMSD,Time (ps),59500,0.23710263,nm,nm
line,overlay,sdu6-homo-4,sdu6-homo-4,rmsd,yj9cotmp,yj9cotmp::RMSD,sdu6-homo-4 / RMSD,RMSD,Time (ps),59600,0.23091146,nm,nm
line,overlay,sdu6-homo-4,sdu6-homo-4,rmsd,yj9cotmp,yj9cotmp::RMSD,sdu6-homo-4 / RMSD,RMSD,Time (ps),59700,0.2212592,nm,nm
line,overlay,sdu6-homo-4,sdu6-homo-4,rmsd,yj9cotmp,yj9cotmp::RMSD,sdu6-homo-4 / RMSD,RMSD,Time (ps),59800,0.22059287,nm,nm
line,overlay,sdu6-homo-4,sdu6-homo-4,rmsd,yj9cotmp,yj9cotmp::RMSD,sdu6-homo-4 / RMSD,RMSD,Time (ps),59900,0.2236615,nm,nm
line,overlay,sdu6-homo-4,sdu6-homo-4,rmsd,yj9cotmp,yj9cotmp::RMSD,sdu6-homo-4 / RMSD,RMSD,Time (ps),60000,0.24464305,nm,nm
line,overlay,sdu6-homo-4,sdu6-homo-4,rmsd,yj9cotmp,yj9cotmp::RMSD,sdu6-homo-4 / RMSD,RMSD,Time (ps),60100,0.21446651,nm,nm
line,overlay,sdu6-homo-4,sdu6-homo-4,rmsd,yj9cotmp,yj9cotmp::RMSD,sdu6-homo-4 / RMSD,RMSD,Time (ps),60200,0.21278745,nm,nm
line,overlay,sdu6-homo-4,sdu6-homo-4,rmsd,yj9cotmp,yj9cotmp::RMSD,sdu6-homo-4 / RMSD,RMSD,Time (ps),60300,0.2070839,nm,nm
line,overlay,sdu6-homo-4,sdu6-homo-4,rmsd,yj9cotmp,yj9cotmp::RMSD,sdu6-homo-4 / RMSD,RMSD,Time (ps),60400,0.221767,nm,nm
line,overlay,sdu6-homo-4,sdu6-homo-4,rmsd,yj9cotmp,yj9cotmp::RMSD,sdu6-homo-4 / RMSD,RMSD,Time (ps),60500,0.22164775,nm,nm
line,overlay,sdu6-homo-4,sdu6-homo-4,rmsd,yj9cotmp,yj9cotmp::RMSD,sdu6-homo-4 / RMSD,RMSD,Time (ps),60600,0.23869537,nm,nm
line,overlay,sdu6-homo-4,sdu6-homo-4,rmsd,yj9cotmp,yj9cotmp::RMSD,sdu6-homo-4 / RMSD,RMSD,Time (ps),60700,0.23302314,nm,nm
line,overlay,sdu6-homo-4,sdu6-homo-4,rmsd,yj9cotmp,yj9cotmp::RMSD,sdu6-homo-4 / RMSD,RMSD,Time (ps),60800,0.24213426,nm,nm
line,overlay,sdu6-homo-4,sdu6-homo-4,rmsd,yj9cotmp,yj9cotmp::RMSD,sdu6-homo-4 / RMSD,RMSD,Time (ps),60900,0.22441344,nm,nm
line,overlay,sdu6-homo-4,sdu6-homo-4,rmsd,yj9cotmp,yj9cotmp::RMSD,sdu6-homo-4 / RMSD,RMSD,Time (ps),61000,0.22834943,nm,nm
line,overlay,sdu6-homo-4,sdu6-homo-4,rmsd,yj9cotmp,yj9cotmp::RMSD,sdu6-homo-4 / RMSD,RMSD,Time (ps),61100,0.21496624,nm,nm
line,overlay,sdu6-homo-4,sdu6-homo-4,rmsd,yj9cotmp,yj9cotmp::RMSD,sdu6-homo-4 / RMSD,RMSD,Time (ps),61200,0.21779296,nm,nm
line,overlay,sdu6-homo-4,sdu6-homo-4,rmsd,yj9cotmp,yj9cotmp::RMSD,sdu6-homo-4 / RMSD,RMSD,Time (ps),61300,0.205198,nm,nm
line,overlay,sdu6-homo-4,sdu6-homo-4,rmsd,yj9cotmp,yj9cotmp::RMSD,sdu6-homo-4 / RMSD,RMSD,Time (ps),61400,0.20969813,nm,nm
line,overlay,sdu6-homo-4,sdu6-homo-4,rmsd,yj9cotmp,yj9cotmp::RMSD,sdu6-homo-4 / RMSD,RMSD,Time (ps),61500,0.1966564,nm,nm
line,overlay,sdu6-homo-4,sdu6-homo-4,rmsd,yj9cotmp,yj9cotmp::RMSD,sdu6-homo-4 / RMSD,RMSD,Time (ps),61600,0.22248107,nm,nm
line,overlay,sdu6-homo-4,sdu6-homo-4,rmsd,yj9cotmp,yj9cotmp::RMSD,sdu6-homo-4 / RMSD,RMSD,Time (ps),61700,0.20486683,nm,nm
line,overlay,sdu6-homo-4,sdu6-homo-4,rmsd,yj9cotmp,yj9cotmp::RMSD,sdu6-homo-4 / RMSD,RMSD,Time (ps),61800,0.22597863,nm,nm
line,overlay,sdu6-homo-4,sdu6-homo-4,rmsd,yj9cotmp,yj9cotmp::RMSD,sdu6-homo-4 / RMSD,RMSD,Time (ps),61900,0.236119,nm,nm
line,overlay,sdu6-homo-4,sdu6-homo-4,rmsd,yj9cotmp,yj9cotmp::RMSD,sdu6-homo-4 / RMSD,RMSD,Time (ps),62000,0.23852809,nm,nm
line,overlay,sdu6-homo-4,sdu6-homo-4,rmsd,yj9cotmp,yj9cotmp::RMSD,sdu6-homo-4 / RMSD,RMSD,Time (ps),62100,0.25101185,nm,nm
line,overlay,sdu6-homo-4,sdu6-homo-4,rmsd,yj9cotmp,yj9cotmp::RMSD,sdu6-homo-4 / RMSD,RMSD,Time (ps),62200,0.24462609,nm,nm
line,overlay,sdu6-homo-4,sdu6-homo-4,rmsd,yj9cotmp,yj9cotmp::RMSD,sdu6-homo-4 / RMSD,RMSD,Time (ps),62300,0.25186324,nm,nm
line,overlay,sdu6-homo-4,sdu6-homo-4,rmsd,yj9cotmp,yj9cotmp::RMSD,sdu6-homo-4 / RMSD,RMSD,Time (ps),62400,0.22544584,nm,nm
line,overlay,sdu6-homo-4,sdu6-homo-4,rmsd,yj9cotmp,yj9cotmp::RMSD,sdu6-homo-4 / RMSD,RMSD,Time (ps),62500,0.23158169,nm,nm
line,overlay,sdu6-homo-4,sdu6-homo-4,rmsd,yj9cotmp,yj9cotmp::RMSD,sdu6-homo-4 / RMSD,RMSD,Time (ps),62600,0.23410392,nm,nm
line,overlay,sdu6-homo-4,sdu6-homo-4,rmsd,yj9cotmp,yj9cotmp::RMSD,sdu6-homo-4 / RMSD,RMSD,Time (ps),62700,0.24039185,nm,nm
line,overlay,sdu6-homo-4,sdu6-homo-4,rmsd,yj9cotmp,yj9cotmp::RMSD,sdu6-homo-4 / RMSD,RMSD,Time (ps),62800,0.23871057,nm,nm
line,overlay,sdu6-homo-4,sdu6-homo-4,rmsd,yj9cotmp,yj9cotmp::RMSD,sdu6-homo-4 / RMSD,RMSD,Time (ps),62900,0.24229476,nm,nm
line,overlay,sdu6-homo-4,sdu6-homo-4,rmsd,yj9cotmp,yj9cotmp::RMSD,sdu6-homo-4 / RMSD,RMSD,Time (ps),63000,0.22424707,nm,nm
line,overlay,sdu6-homo-4,sdu6-homo-4,rmsd,yj9cotmp,yj9cotmp::RMSD,sdu6-homo-4 / RMSD,RMSD,Time (ps),63100,0.2271751,nm,nm
line,overlay,sdu6-homo-4,sdu6-homo-4,rmsd,yj9cotmp,yj9cotmp::RMSD,sdu6-homo-4 / RMSD,RMSD,Time (ps),63200,0.24866116,nm,nm
line,overlay,sdu6-homo-4,sdu6-homo-4,rmsd,yj9cotmp,yj9cotmp::RMSD,sdu6-homo-4 / RMSD,RMSD,Time (ps),63300,0.2322455,nm,nm
line,overlay,sdu6-homo-4,sdu6-homo-4,rmsd,yj9cotmp,yj9cotmp::RMSD,sdu6-homo-4 / RMSD,RMSD,Time (ps),63400,0.22634763,nm,nm
line,overlay,sdu6-homo-4,sdu6-homo-4,rmsd,yj9cotmp,yj9cotmp::RMSD,sdu6-homo-4 / RMSD,RMSD,Time (ps),63500,0.23341653,nm,nm
line,overlay,sdu6-homo-4,sdu6-homo-4,rmsd,yj9cotmp,yj9cotmp::RMSD,sdu6-homo-4 / RMSD,RMSD,Time (ps),63600,0.2308733,nm,nm
line,overlay,sdu6-homo-4,sdu6-homo-4,rmsd,yj9cotmp,yj9cotmp::RMSD,sdu6-homo-4 / RMSD,RMSD,Time (ps),63700,0.24109592,nm,nm
line,overlay,sdu6-homo-4,sdu6-homo-4,rmsd,yj9cotmp,yj9cotmp::RMSD,sdu6-homo-4 / RMSD,RMSD,Time (ps),63800,0.24405755,nm,nm
line,overlay,sdu6-homo-4,sdu6-homo-4,rmsd,yj9cotmp,yj9cotmp::RMSD,sdu6-homo-4 / RMSD,RMSD,Time (ps),63900,0.25834098,nm,nm
line,overlay,sdu6-homo-4,sdu6-homo-4,rmsd,yj9cotmp,yj9cotmp::RMSD,sdu6-homo-4 / RMSD,RMSD,Time (ps),64000,0.26619712,nm,nm
line,overlay,sdu6-homo-4,sdu6-homo-4,rmsd,yj9cotmp,yj9cotmp::RMSD,sdu6-homo-4 / RMSD,RMSD,Time (ps),64100,0.26802126,nm,nm
line,overlay,sdu6-homo-4,sdu6-homo-4,rmsd,yj9cotmp,yj9cotmp::RMSD,sdu6-homo-4 / RMSD,RMSD,Time (ps),64200,0.24617647,nm,nm
line,overlay,sdu6-homo-4,sdu6-homo-4,rmsd,yj9cotmp,yj9cotmp::RMSD,sdu6-homo-4 / RMSD,RMSD,Time (ps),64300,0.23733643,nm,nm
line,overlay,sdu6-homo-4,sdu6-homo-4,rmsd,yj9cotmp,yj9cotmp::RMSD,sdu6-homo-4 / RMSD,RMSD,Time (ps),64400,0.25346547,nm,nm
line,overlay,sdu6-homo-4,sdu6-homo-4,rmsd,yj9cotmp,yj9cotmp::RMSD,sdu6-homo-4 / RMSD,RMSD,Time (ps),64500,0.2503833,nm,nm
line,overlay,sdu6-homo-4,sdu6-homo-4,rmsd,yj9cotmp,yj9cotmp::RMSD,sdu6-homo-4 / RMSD,RMSD,Time (ps),64600,0.25871992,nm,nm
line,overlay,sdu6-homo-4,sdu6-homo-4,rmsd,yj9cotmp,yj9cotmp::RMSD,sdu6-homo-4 / RMSD,RMSD,Time (ps),64700,0.2565369,nm,nm
line,overlay,sdu6-homo-4,sdu6-homo-4,rmsd,yj9cotmp,yj9cotmp::RMSD,sdu6-homo-4 / RMSD,RMSD,Time (ps),64800,0.25273436,nm,nm
line,overlay,sdu6-homo-4,sdu6-homo-4,rmsd,yj9cotmp,yj9cotmp::RMSD,sdu6-homo-4 / RMSD,RMSD,Time (ps),64900,0.24727944,nm,nm
line,overlay,sdu6-homo-4,sdu6-homo-4,rmsd,yj9cotmp,yj9cotmp::RMSD,sdu6-homo-4 / RMSD,RMSD,Time (ps),65000,0.25787106,nm,nm
line,overlay,sdu6-homo-4,sdu6-homo-4,rmsd,yj9cotmp,yj9cotmp::RMSD,sdu6-homo-4 / RMSD,RMSD,Time (ps),65100,0.24728572,nm,nm
line,overlay,sdu6-homo-4,sdu6-homo-4,rmsd,yj9cotmp,yj9cotmp::RMSD,sdu6-homo-4 / RMSD,RMSD,Time (ps),65200,0.22906335,nm,nm
line,overlay,sdu6-homo-4,sdu6-homo-4,rmsd,yj9cotmp,yj9cotmp::RMSD,sdu6-homo-4 / RMSD,RMSD,Time (ps),65300,0.230579,nm,nm
line,overlay,sdu6-homo-4,sdu6-homo-4,rmsd,yj9cotmp,yj9cotmp::RMSD,sdu6-homo-4 / RMSD,RMSD,Time (ps),65400,0.24094106,nm,nm
line,overlay,sdu6-homo-4,sdu6-homo-4,rmsd,yj9cotmp,yj9cotmp::RMSD,sdu6-homo-4 / RMSD,RMSD,Time (ps),65500,0.23792103,nm,nm
line,overlay,sdu6-homo-4,sdu6-homo-4,rmsd,yj9cotmp,yj9cotmp::RMSD,sdu6-homo-4 / RMSD,RMSD,Time (ps),65600,0.23462147,nm,nm
line,overlay,sdu6-homo-4,sdu6-homo-4,rmsd,yj9cotmp,yj9cotmp::RMSD,sdu6-homo-4 / RMSD,RMSD,Time (ps),65700,0.24106796,nm,nm
line,overlay,sdu6-homo-4,sdu6-homo-4,rmsd,yj9cotmp,yj9cotmp::RMSD,sdu6-homo-4 / RMSD,RMSD,Time (ps),65800,0.24064831,nm,nm
line,overlay,sdu6-homo-4,sdu6-homo-4,rmsd,yj9cotmp,yj9cotmp::RMSD,sdu6-homo-4 / RMSD,RMSD,Time (ps),65900,0.24237818,nm,nm
line,overlay,sdu6-homo-4,sdu6-homo-4,rmsd,yj9cotmp,yj9cotmp::RMSD,sdu6-homo-4 / RMSD,RMSD,Time (ps),66000,0.2395754,nm,nm
line,overlay,sdu6-homo-4,sdu6-homo-4,rmsd,yj9cotmp,yj9cotmp::RMSD,sdu6-homo-4 / RMSD,RMSD,Time (ps),66100,0.23204455,nm,nm
line,overlay,sdu6-homo-4,sdu6-homo-4,rmsd,yj9cotmp,yj9cotmp::RMSD,sdu6-homo-4 / RMSD,RMSD,Time (ps),66200,0.23577629,nm,nm
line,overlay,sdu6-homo-4,sdu6-homo-4,rmsd,yj9cotmp,yj9cotmp::RMSD,sdu6-homo-4 / RMSD,RMSD,Time (ps),66300,0.24055351,nm,nm
line,overlay,sdu6-homo-4,sdu6-homo-4,rmsd,yj9cotmp,yj9cotmp::RMSD,sdu6-homo-4 / RMSD,RMSD,Time (ps),66400,0.22933021,nm,nm
line,overlay,sdu6-homo-4,sdu6-homo-4,rmsd,yj9cotmp,yj9cotmp::RMSD,sdu6-homo-4 / RMSD,RMSD,Time (ps),66500,0.23347647,nm,nm
line,overlay,sdu6-homo-4,sdu6-homo-4,rmsd,yj9cotmp,yj9cotmp::RMSD,sdu6-homo-4 / RMSD,RMSD,Time (ps),66600,0.23299865,nm,nm
line,overlay,sdu6-homo-4,sdu6-homo-4,rmsd,yj9cotmp,yj9cotmp::RMSD,sdu6-homo-4 / RMSD,RMSD,Time (ps),66700,0.24194151,nm,nm
line,overlay,sdu6-homo-4,sdu6-homo-4,rmsd,yj9cotmp,yj9cotmp::RMSD,sdu6-homo-4 / RMSD,RMSD,Time (ps),66800,0.23485553,nm,nm
line,overlay,sdu6-homo-4,sdu6-homo-4,rmsd,yj9cotmp,yj9cotmp::RMSD,sdu6-homo-4 / RMSD,RMSD,Time (ps),66900,0.24707812,nm,nm
line,overlay,sdu6-homo-4,sdu6-homo-4,rmsd,yj9cotmp,yj9cotmp::RMSD,sdu6-homo-4 / RMSD,RMSD,Time (ps),67000,0.25502512,nm,nm
line,overlay,sdu6-homo-4,sdu6-homo-4,rmsd,yj9cotmp,yj9cotmp::RMSD,sdu6-homo-4 / RMSD,RMSD,Time (ps),67100,0.24140745,nm,nm
line,overlay,sdu6-homo-4,sdu6-homo-4,rmsd,yj9cotmp,yj9cotmp::RMSD,sdu6-homo-4 / RMSD,RMSD,Time (ps),67200,0.22674116,nm,nm
line,overlay,sdu6-homo-4,sdu6-homo-4,rmsd,yj9cotmp,yj9cotmp::RMSD,sdu6-homo-4 / RMSD,RMSD,Time (ps),67300,0.23082839,nm,nm
line,overlay,sdu6-homo-4,sdu6-homo-4,rmsd,yj9cotmp,yj9cotmp::RMSD,sdu6-homo-4 / RMSD,RMSD,Time (ps),67400,0.23968571,nm,nm
line,overlay,sdu6-homo-4,sdu6-homo-4,rmsd,yj9cotmp,yj9cotmp::RMSD,sdu6-homo-4 / RMSD,RMSD,Time (ps),67500,0.23249756,nm,nm
line,overlay,sdu6-homo-4,sdu6-homo-4,rmsd,yj9cotmp,yj9cotmp::RMSD,sdu6-homo-4 / RMSD,RMSD,Time (ps),67600,0.22197725,nm,nm
line,overlay,sdu6-homo-4,sdu6-homo-4,rmsd,yj9cotmp,yj9cotmp::RMSD,sdu6-homo-4 / RMSD,RMSD,Time (ps),67700,0.21298952,nm,nm
line,overlay,sdu6-homo-4,sdu6-homo-4,rmsd,yj9cotmp,yj9cotmp::RMSD,sdu6-homo-4 / RMSD,RMSD,Time (ps),67800,0.20655759,nm,nm
line,overlay,sdu6-homo-4,sdu6-homo-4,rmsd,yj9cotmp,yj9cotmp::RMSD,sdu6-homo-4 / RMSD,RMSD,Time (ps),67900,0.23967923,nm,nm
line,overlay,sdu6-homo-4,sdu6-homo-4,rmsd,yj9cotmp,yj9cotmp::RMSD,sdu6-homo-4 / RMSD,RMSD,Time (ps),68000,0.22654219,nm,nm
line,overlay,sdu6-homo-4,sdu6-homo-4,rmsd,yj9cotmp,yj9cotmp::RMSD,sdu6-homo-4 / RMSD,RMSD,Time (ps),68100,0.21309902,nm,nm
line,overlay,sdu6-homo-4,sdu6-homo-4,rmsd,yj9cotmp,yj9cotmp::RMSD,sdu6-homo-4 / RMSD,RMSD,Time (ps),68200,0.2218955,nm,nm
line,overlay,sdu6-homo-4,sdu6-homo-4,rmsd,yj9cotmp,yj9cotmp::RMSD,sdu6-homo-4 / RMSD,RMSD,Time (ps),68300,0.23159511,nm,nm
line,overlay,sdu6-homo-4,sdu6-homo-4,rmsd,yj9cotmp,yj9cotmp::RMSD,sdu6-homo-4 / RMSD,RMSD,Time (ps),68400,0.23514448,nm,nm
line,overlay,sdu6-homo-4,sdu6-homo-4,rmsd,yj9cotmp,yj9cotmp::RMSD,sdu6-homo-4 / RMSD,RMSD,Time (ps),68500,0.23581806,nm,nm
line,overlay,sdu6-homo-4,sdu6-homo-4,rmsd,yj9cotmp,yj9cotmp::RMSD,sdu6-homo-4 / RMSD,RMSD,Time (ps),68600,0.22762871,nm,nm
line,overlay,sdu6-homo-4,sdu6-homo-4,rmsd,yj9cotmp,yj9cotmp::RMSD,sdu6-homo-4 / RMSD,RMSD,Time (ps),68700,0.22674116,nm,nm
line,overlay,sdu6-homo-4,sdu6-homo-4,rmsd,yj9cotmp,yj9cotmp::RMSD,sdu6-homo-4 / RMSD,RMSD,Time (ps),68800,0.21879502,nm,nm
line,overlay,sdu6-homo-4,sdu6-homo-4,rmsd,yj9cotmp,yj9cotmp::RMSD,sdu6-homo-4 / RMSD,RMSD,Time (ps),68900,0.22329271,nm,nm
line,overlay,sdu6-homo-4,sdu6-homo-4,rmsd,yj9cotmp,yj9cotmp::RMSD,sdu6-homo-4 / RMSD,RMSD,Time (ps),69000,0.2139196,nm,nm
line,overlay,sdu6-homo-4,sdu6-homo-4,rmsd,yj9cotmp,yj9cotmp::RMSD,sdu6-homo-4 / RMSD,RMSD,Time (ps),69100,0.21970758,nm,nm
line,overlay,sdu6-homo-4,sdu6-homo-4,rmsd,yj9cotmp,yj9cotmp::RMSD,sdu6-homo-4 / RMSD,RMSD,Time (ps),69200,0.20551857,nm,nm
line,overlay,sdu6-homo-4,sdu6-homo-4,rmsd,yj9cotmp,yj9cotmp::RMSD,sdu6-homo-4 / RMSD,RMSD,Time (ps),69300,0.2203319,nm,nm
line,overlay,sdu6-homo-4,sdu6-homo-4,rmsd,yj9cotmp,yj9cotmp::RMSD,sdu6-homo-4 / RMSD,RMSD,Time (ps),69400,0.2031569,nm,nm
line,overlay,sdu6-homo-4,sdu6-homo-4,rmsd,yj9cotmp,yj9cotmp::RMSD,sdu6-homo-4 / RMSD,RMSD,Time (ps),69500,0.21375719,nm,nm
line,overlay,sdu6-homo-4,sdu6-homo-4,rmsd,yj9cotmp,yj9cotmp::RMSD,sdu6-homo-4 / RMSD,RMSD,Time (ps),69600,0.23236376,nm,nm
line,overlay,sdu6-homo-4,sdu6-homo-4,rmsd,yj9cotmp,yj9cotmp::RMSD,sdu6-homo-4 / RMSD,RMSD,Time (ps),69700,0.2212311,nm,nm
line,overlay,sdu6-homo-4,sdu6-homo-4,rmsd,yj9cotmp,yj9cotmp::RMSD,sdu6-homo-4 / RMSD,RMSD,Time (ps),69800,0.22431178,nm,nm
line,overlay,sdu6-homo-4,sdu6-homo-4,rmsd,yj9cotmp,yj9cotmp::RMSD,sdu6-homo-4 / RMSD,RMSD,Time (ps),69900,0.22001171,nm,nm
line,overlay,sdu6-homo-4,sdu6-homo-4,rmsd,yj9cotmp,yj9cotmp::RMSD,sdu6-homo-4 / RMSD,RMSD,Time (ps),70000,0.23246859,nm,nm
line,overlay,sdu6-homo-4,sdu6-homo-4,rmsd,yj9cotmp,yj9cotmp::RMSD,sdu6-homo-4 / RMSD,RMSD,Time (ps),70100,0.21543592,nm,nm
line,overlay,sdu6-homo-4,sdu6-homo-4,rmsd,yj9cotmp,yj9cotmp::RMSD,sdu6-homo-4 / RMSD,RMSD,Time (ps),70200,0.21981372,nm,nm
line,overlay,sdu6-homo-4,sdu6-homo-4,rmsd,yj9cotmp,yj9cotmp::RMSD,sdu6-homo-4 / RMSD,RMSD,Time (ps),70300,0.21283129,nm,nm
line,overlay,sdu6-homo-4,sdu6-homo-4,rmsd,yj9cotmp,yj9cotmp::RMSD,sdu6-homo-4 / RMSD,RMSD,Time (ps),70400,0.20312117,nm,nm
line,overlay,sdu6-homo-4,sdu6-homo-4,rmsd,yj9cotmp,yj9cotmp::RMSD,sdu6-homo-4 / RMSD,RMSD,Time (ps),70500,0.21299683,nm,nm
line,overlay,sdu6-homo-4,sdu6-homo-4,rmsd,yj9cotmp,yj9cotmp::RMSD,sdu6-homo-4 / RMSD,RMSD,Time (ps),70600,0.21613014,nm,nm
line,overlay,sdu6-homo-4,sdu6-homo-4,rmsd,yj9cotmp,yj9cotmp::RMSD,sdu6-homo-4 / RMSD,RMSD,Time (ps),70700,0.22531936,nm,nm
line,overlay,sdu6-homo-4,sdu6-homo-4,rmsd,yj9cotmp,yj9cotmp::RMSD,sdu6-homo-4 / RMSD,RMSD,Time (ps),70800,0.2130309,nm,nm
line,overlay,sdu6-homo-4,sdu6-homo-4,rmsd,yj9cotmp,yj9cotmp::RMSD,sdu6-homo-4 / RMSD,RMSD,Time (ps),70900,0.2343009,nm,nm
line,overlay,sdu6-homo-4,sdu6-homo-4,rmsd,yj9cotmp,yj9cotmp::RMSD,sdu6-homo-4 / RMSD,RMSD,Time (ps),71000,0.23874748,nm,nm
line,overlay,sdu6-homo-4,sdu6-homo-4,rmsd,yj9cotmp,yj9cotmp::RMSD,sdu6-homo-4 / RMSD,RMSD,Time (ps),71100,0.24498604,nm,nm
line,overlay,sdu6-homo-4,sdu6-homo-4,rmsd,yj9cotmp,yj9cotmp::RMSD,sdu6-homo-4 / RMSD,RMSD,Time (ps),71200,0.22661082,nm,nm
line,overlay,sdu6-homo-4,sdu6-homo-4,rmsd,yj9cotmp,yj9cotmp::RMSD,sdu6-homo-4 / RMSD,RMSD,Time (ps),71300,0.24880911,nm,nm
line,overlay,sdu6-homo-4,sdu6-homo-4,rmsd,yj9cotmp,yj9cotmp::RMSD,sdu6-homo-4 / RMSD,RMSD,Time (ps),71400,0.22751255,nm,nm
line,overlay,sdu6-homo-4,sdu6-homo-4,rmsd,yj9cotmp,yj9cotmp::RMSD,sdu6-homo-4 / RMSD,RMSD,Time (ps),71500,0.23386467,nm,nm
line,overlay,sdu6-homo-4,sdu6-homo-4,rmsd,yj9cotmp,yj9cotmp::RMSD,sdu6-homo-4 / RMSD,RMSD,Time (ps),71600,0.23689047,nm,nm
line,overlay,sdu6-homo-4,sdu6-homo-4,rmsd,yj9cotmp,yj9cotmp::RMSD,sdu6-homo-4 / RMSD,RMSD,Time (ps),71700,0.2287554,nm,nm
line,overlay,sdu6-homo-4,sdu6-homo-4,rmsd,yj9cotmp,yj9cotmp::RMSD,sdu6-homo-4 / RMSD,RMSD,Time (ps),71800,0.23621118,nm,nm
line,overlay,sdu6-homo-4,sdu6-homo-4,rmsd,yj9cotmp,yj9cotmp::RMSD,sdu6-homo-4 / RMSD,RMSD,Time (ps),71900,0.21350242,nm,nm
line,overlay,sdu6-homo-4,sdu6-homo-4,rmsd,yj9cotmp,yj9cotmp::RMSD,sdu6-homo-4 / RMSD,RMSD,Time (ps),72000,0.22090518,nm,nm
line,overlay,sdu6-homo-4,sdu6-homo-4,rmsd,yj9cotmp,yj9cotmp::RMSD,sdu6-homo-4 / RMSD,RMSD,Time (ps),72100,0.21968164,nm,nm
line,overlay,sdu6-homo-4,sdu6-homo-4,rmsd,yj9cotmp,yj9cotmp::RMSD,sdu6-homo-4 / RMSD,RMSD,Time (ps),72200,0.23653354,nm,nm
line,overlay,sdu6-homo-4,sdu6-homo-4,rmsd,yj9cotmp,yj9cotmp::RMSD,sdu6-homo-4 / RMSD,RMSD,Time (ps),72300,0.24172503,nm,nm
line,overlay,sdu6-homo-4,sdu6-homo-4,rmsd,yj9cotmp,yj9cotmp::RMSD,sdu6-homo-4 / RMSD,RMSD,Time (ps),72400,0.25215945,nm,nm
line,overlay,sdu6-homo-4,sdu6-homo-4,rmsd,yj9cotmp,yj9cotmp::RMSD,sdu6-homo-4 / RMSD,RMSD,Time (ps),72500,0.2107239,nm,nm
line,overlay,sdu6-homo-4,sdu6-homo-4,rmsd,yj9cotmp,yj9cotmp::RMSD,sdu6-homo-4 / RMSD,RMSD,Time (ps),72600,0.2335364,nm,nm
line,overlay,sdu6-homo-4,sdu6-homo-4,rmsd,yj9cotmp,yj9cotmp::RMSD,sdu6-homo-4 / RMSD,RMSD,Time (ps),72700,0.21619728,nm,nm
line,overlay,sdu6-homo-4,sdu6-homo-4,rmsd,yj9cotmp,yj9cotmp::RMSD,sdu6-homo-4 / RMSD,RMSD,Time (ps),72800,0.21445927,nm,nm
line,overlay,sdu6-homo-4,sdu6-homo-4,rmsd,yj9cotmp,yj9cotmp::RMSD,sdu6-homo-4 / RMSD,RMSD,Time (ps),72900,0.23427656,nm,nm
line,overlay,sdu6-homo-4,sdu6-homo-4,rmsd,yj9cotmp,yj9cotmp::RMSD,sdu6-homo-4 / RMSD,RMSD,Time (ps),73000,0.20920317,nm,nm
line,overlay,sdu6-homo-4,sdu6-homo-4,rmsd,yj9cotmp,yj9cotmp::RMSD,sdu6-homo-4 / RMSD,RMSD,Time (ps),73100,0.21080016,nm,nm
line,overlay,sdu6-homo-4,sdu6-homo-4,rmsd,yj9cotmp,yj9cotmp::RMSD,sdu6-homo-4 / RMSD,RMSD,Time (ps),73200,0.2092453,nm,nm
line,overlay,sdu6-homo-4,sdu6-homo-4,rmsd,yj9cotmp,yj9cotmp::RMSD,sdu6-homo-4 / RMSD,RMSD,Time (ps),73300,0.21053442,nm,nm
line,overlay,sdu6-homo-4,sdu6-homo-4,rmsd,yj9cotmp,yj9cotmp::RMSD,sdu6-homo-4 / RMSD,RMSD,Time (ps),73400,0.20819977,nm,nm
line,overlay,sdu6-homo-4,sdu6-homo-4,rmsd,yj9cotmp,yj9cotmp::RMSD,sdu6-homo-4 / RMSD,RMSD,Time (ps),73500,0.20987108,nm,nm
line,overlay,sdu6-homo-4,sdu6-homo-4,rmsd,yj9cotmp,yj9cotmp::RMSD,sdu6-homo-4 / RMSD,RMSD,Time (ps),73600,0.21710883,nm,nm
line,overlay,sdu6-homo-4,sdu6-homo-4,rmsd,yj9cotmp,yj9cotmp::RMSD,sdu6-homo-4 / RMSD,RMSD,Time (ps),73700,0.20304205,nm,nm
line,overlay,sdu6-homo-4,sdu6-homo-4,rmsd,yj9cotmp,yj9cotmp::RMSD,sdu6-homo-4 / RMSD,RMSD,Time (ps),73800,0.1977184,nm,nm
line,overlay,sdu6-homo-4,sdu6-homo-4,rmsd,yj9cotmp,yj9cotmp::RMSD,sdu6-homo-4 / RMSD,RMSD,Time (ps),73900,0.20036687,nm,nm
line,overlay,sdu6-homo-4,sdu6-homo-4,rmsd,yj9cotmp,yj9cotmp::RMSD,sdu6-homo-4 / RMSD,RMSD,Time (ps),74000,0.19859992,nm,nm
line,overlay,sdu6-homo-4,sdu6-homo-4,rmsd,yj9cotmp,yj9cotmp::RMSD,sdu6-homo-4 / RMSD,RMSD,Time (ps),74100,0.19827601,nm,nm
line,overlay,sdu6-homo-4,sdu6-homo-4,rmsd,yj9cotmp,yj9cotmp::RMSD,sdu6-homo-4 / RMSD,RMSD,Time (ps),74200,0.19922014,nm,nm
line,overlay,sdu6-homo-4,sdu6-homo-4,rmsd,yj9cotmp,yj9cotmp::RMSD,sdu6-homo-4 / RMSD,RMSD,Time (ps),74300,0.20012613,nm,nm
line,overlay,sdu6-homo-4,sdu6-homo-4,rmsd,yj9cotmp,yj9cotmp::RMSD,sdu6-homo-4 / RMSD,RMSD,Time (ps),74400,0.19335504,nm,nm
line,overlay,sdu6-homo-4,sdu6-homo-4,rmsd,yj9cotmp,yj9cotmp::RMSD,sdu6-homo-4 / RMSD,RMSD,Time (ps),74500,0.19495156,nm,nm
line,overlay,sdu6-homo-4,sdu6-homo-4,rmsd,yj9cotmp,yj9cotmp::RMSD,sdu6-homo-4 / RMSD,RMSD,Time (ps),74600,0.20251803,nm,nm
line,overlay,sdu6-homo-4,sdu6-homo-4,rmsd,yj9cotmp,yj9cotmp::RMSD,sdu6-homo-4 / RMSD,RMSD,Time (ps),74700,0.20113888,nm,nm
line,overlay,sdu6-homo-4,sdu6-homo-4,rmsd,yj9cotmp,yj9cotmp::RMSD,sdu6-homo-4 / RMSD,RMSD,Time (ps),74800,0.19781537,nm,nm
line,overlay,sdu6-homo-4,sdu6-homo-4,rmsd,yj9cotmp,yj9cotmp::RMSD,sdu6-homo-4 / RMSD,RMSD,Time (ps),74900,0.18581437,nm,nm
line,overlay,sdu6-homo-4,sdu6-homo-4,rmsd,yj9cotmp,yj9cotmp::RMSD,sdu6-homo-4 / RMSD,RMSD,Time (ps),75000,0.18512405,nm,nm
line,overlay,sdu6-homo-4,sdu6-homo-4,rmsd,yj9cotmp,yj9cotmp::RMSD,sdu6-homo-4 / RMSD,RMSD,Time (ps),75100,0.19382094,nm,nm
line,overlay,sdu6-homo-4,sdu6-homo-4,rmsd,yj9cotmp,yj9cotmp::RMSD,sdu6-homo-4 / RMSD,RMSD,Time (ps),75200,0.18266332,nm,nm
line,overlay,sdu6-homo-4,sdu6-homo-4,rmsd,yj9cotmp,yj9cotmp::RMSD,sdu6-homo-4 / RMSD,RMSD,Time (ps),75300,0.19806938,nm,nm
line,overlay,sdu6-homo-4,sdu6-homo-4,rmsd,yj9cotmp,yj9cotmp::RMSD,sdu6-homo-4 / RMSD,RMSD,Time (ps),75400,0.1918263,nm,nm
line,overlay,sdu6-homo-4,sdu6-homo-4,rmsd,yj9cotmp,yj9cotmp::RMSD,sdu6-homo-4 / RMSD,RMSD,Time (ps),75500,0.1958376,nm,nm
line,overlay,sdu6-homo-4,sdu6-homo-4,rmsd,yj9cotmp,yj9cotmp::RMSD,sdu6-homo-4 / RMSD,RMSD,Time (ps),75600,0.19078857,nm,nm
line,overlay,sdu6-homo-4,sdu6-homo-4,rmsd,yj9cotmp,yj9cotmp::RMSD,sdu6-homo-4 / RMSD,RMSD,Time (ps),75700,0.20011835,nm,nm
line,overlay,sdu6-homo-4,sdu6-homo-4,rmsd,yj9cotmp,yj9cotmp::RMSD,sdu6-homo-4 / RMSD,RMSD,Time (ps),75800,0.20852068,nm,nm
line,overlay,sdu6-homo-4,sdu6-homo-4,rmsd,yj9cotmp,yj9cotmp::RMSD,sdu6-homo-4 / RMSD,RMSD,Time (ps),75900,0.1958429,nm,nm
line,overlay,sdu6-homo-4,sdu6-homo-4,rmsd,yj9cotmp,yj9cotmp::RMSD,sdu6-homo-4 / RMSD,RMSD,Time (ps),76000,0.1885421,nm,nm
line,overlay,sdu6-homo-4,sdu6-homo-4,rmsd,yj9cotmp,yj9cotmp::RMSD,sdu6-homo-4 / RMSD,RMSD,Time (ps),76100,0.19754529,nm,nm
line,overlay,sdu6-homo-4,sdu6-homo-4,rmsd,yj9cotmp,yj9cotmp::RMSD,sdu6-homo-4 / RMSD,RMSD,Time (ps),76200,0.20134236,nm,nm
line,overlay,sdu6-homo-4,sdu6-homo-4,rmsd,yj9cotmp,yj9cotmp::RMSD,sdu6-homo-4 / RMSD,RMSD,Time (ps),76300,0.2074915,nm,nm
line,overlay,sdu6-homo-4,sdu6-homo-4,rmsd,yj9cotmp,yj9cotmp::RMSD,sdu6-homo-4 / RMSD,RMSD,Time (ps),76400,0.19609419,nm,nm
line,overlay,sdu6-homo-4,sdu6-homo-4,rmsd,yj9cotmp,yj9cotmp::RMSD,sdu6-homo-4 / RMSD,RMSD,Time (ps),76500,0.20544794,nm,nm
line,overlay,sdu6-homo-4,sdu6-homo-4,rmsd,yj9cotmp,yj9cotmp::RMSD,sdu6-homo-4 / RMSD,RMSD,Time (ps),76600,0.20241307,nm,nm
line,overlay,sdu6-homo-4,sdu6-homo-4,rmsd,yj9cotmp,yj9cotmp::RMSD,sdu6-homo-4 / RMSD,RMSD,Time (ps),76700,0.20133464,nm,nm
line,overlay,sdu6-homo-4,sdu6-homo-4,rmsd,yj9cotmp,yj9cotmp::RMSD,sdu6-homo-4 / RMSD,RMSD,Time (ps),76800,0.18265197,nm,nm
line,overlay,sdu6-homo-4,sdu6-homo-4,rmsd,yj9cotmp,yj9cotmp::RMSD,sdu6-homo-4 / RMSD,RMSD,Time (ps),76900,0.18690191,nm,nm
line,overlay,sdu6-homo-4,sdu6-homo-4,rmsd,yj9cotmp,yj9cotmp::RMSD,sdu6-homo-4 / RMSD,RMSD,Time (ps),77000,0.19822372,nm,nm
line,overlay,sdu6-homo-4,sdu6-homo-4,rmsd,yj9cotmp,yj9cotmp::RMSD,sdu6-homo-4 / RMSD,RMSD,Time (ps),77100,0.21182795,nm,nm
line,overlay,sdu6-homo-4,sdu6-homo-4,rmsd,yj9cotmp,yj9cotmp::RMSD,sdu6-homo-4 / RMSD,RMSD,Time (ps),77200,0.20915113,nm,nm
line,overlay,sdu6-homo-4,sdu6-homo-4,rmsd,yj9cotmp,yj9cotmp::RMSD,sdu6-homo-4 / RMSD,RMSD,Time (ps),77300,0.1943684,nm,nm
line,overlay,sdu6-homo-4,sdu6-homo-4,rmsd,yj9cotmp,yj9cotmp::RMSD,sdu6-homo-4 / RMSD,RMSD,Time (ps),77400,0.22036484,nm,nm
line,overlay,sdu6-homo-4,sdu6-homo-4,rmsd,yj9cotmp,yj9cotmp::RMSD,sdu6-homo-4 / RMSD,RMSD,Time (ps),77500,0.20477319,nm,nm
line,overlay,sdu6-homo-4,sdu6-homo-4,rmsd,yj9cotmp,yj9cotmp::RMSD,sdu6-homo-4 / RMSD,RMSD,Time (ps),77600,0.20945822,nm,nm
line,overlay,sdu6-homo-4,sdu6-homo-4,rmsd,yj9cotmp,yj9cotmp::RMSD,sdu6-homo-4 / RMSD,RMSD,Time (ps),77700,0.20694117,nm,nm
line,overlay,sdu6-homo-4,sdu6-homo-4,rmsd,yj9cotmp,yj9cotmp::RMSD,sdu6-homo-4 / RMSD,RMSD,Time (ps),77800,0.19789921,nm,nm
line,overlay,sdu6-homo-4,sdu6-homo-4,rmsd,yj9cotmp,yj9cotmp::RMSD,sdu6-homo-4 / RMSD,RMSD,Time (ps),77900,0.19623159,nm,nm
line,overlay,sdu6-homo-4,sdu6-homo-4,rmsd,yj9cotmp,yj9cotmp::RMSD,sdu6-homo-4 / RMSD,RMSD,Time (ps),78000,0.19913685,nm,nm
line,overlay,sdu6-homo-4,sdu6-homo-4,rmsd,yj9cotmp,yj9cotmp::RMSD,sdu6-homo-4 / RMSD,RMSD,Time (ps),78100,0.21376446,nm,nm
line,overlay,sdu6-homo-4,sdu6-homo-4,rmsd,yj9cotmp,yj9cotmp::RMSD,sdu6-homo-4 / RMSD,RMSD,Time (ps),78200,0.21799992,nm,nm
line,overlay,sdu6-homo-4,sdu6-homo-4,rmsd,yj9cotmp,yj9cotmp::RMSD,sdu6-homo-4 / RMSD,RMSD,Time (ps),78300,0.21494213,nm,nm
line,overlay,sdu6-homo-4,sdu6-homo-4,rmsd,yj9cotmp,yj9cotmp::RMSD,sdu6-homo-4 / RMSD,RMSD,Time (ps),78400,0.21536854,nm,nm
line,overlay,sdu6-homo-4,sdu6-homo-4,rmsd,yj9cotmp,yj9cotmp::RMSD,sdu6-homo-4 / RMSD,RMSD,Time (ps),78500,0.23992349,nm,nm
line,overlay,sdu6-homo-4,sdu6-homo-4,rmsd,yj9cotmp,yj9cotmp::RMSD,sdu6-homo-4 / RMSD,RMSD,Time (ps),78600,0.22673431,nm,nm
line,overlay,sdu6-homo-4,sdu6-homo-4,rmsd,yj9cotmp,yj9cotmp::RMSD,sdu6-homo-4 / RMSD,RMSD,Time (ps),78700,0.2196179,nm,nm
line,overlay,sdu6-homo-4,sdu6-homo-4,rmsd,yj9cotmp,yj9cotmp::RMSD,sdu6-homo-4 / RMSD,RMSD,Time (ps),78800,0.22653532,nm,nm
line,overlay,sdu6-homo-4,sdu6-homo-4,rmsd,yj9cotmp,yj9cotmp::RMSD,sdu6-homo-4 / RMSD,RMSD,Time (ps),78900,0.21342957,nm,nm
line,overlay,sdu6-homo-4,sdu6-homo-4,rmsd,yj9cotmp,yj9cotmp::RMSD,sdu6-homo-4 / RMSD,RMSD,Time (ps),79000,0.19983843,nm,nm
line,overlay,sdu6-homo-4,sdu6-homo-4,rmsd,yj9cotmp,yj9cotmp::RMSD,sdu6-homo-4 / RMSD,RMSD,Time (ps),79100,0.19056566,nm,nm
line,overlay,sdu6-homo-4,sdu6-homo-4,rmsd,yj9cotmp,yj9cotmp::RMSD,sdu6-homo-4 / RMSD,RMSD,Time (ps),79200,0.20552109,nm,nm
line,overlay,sdu6-homo-4,sdu6-homo-4,rmsd,yj9cotmp,yj9cotmp::RMSD,sdu6-homo-4 / RMSD,RMSD,Time (ps),79300,0.2111343,nm,nm
line,overlay,sdu6-homo-4,sdu6-homo-4,rmsd,yj9cotmp,yj9cotmp::RMSD,sdu6-homo-4 / RMSD,RMSD,Time (ps),79400,0.20100999,nm,nm
line,overlay,sdu6-homo-4,sdu6-homo-4,rmsd,yj9cotmp,yj9cotmp::RMSD,sdu6-homo-4 / RMSD,RMSD,Time (ps),79500,0.20243354,nm,nm
line,overlay,sdu6-homo-4,sdu6-homo-4,rmsd,yj9cotmp,yj9cotmp::RMSD,sdu6-homo-4 / RMSD,RMSD,Time (ps),79600,0.21700855,nm,nm
line,overlay,sdu6-homo-4,sdu6-homo-4,rmsd,yj9cotmp,yj9cotmp::RMSD,sdu6-homo-4 / RMSD,RMSD,Time (ps),79700,0.19796991,nm,nm
line,overlay,sdu6-homo-4,sdu6-homo-4,rmsd,yj9cotmp,yj9cotmp::RMSD,sdu6-homo-4 / RMSD,RMSD,Time (ps),79800,0.19687505,nm,nm
line,overlay,sdu6-homo-4,sdu6-homo-4,rmsd,yj9cotmp,yj9cotmp::RMSD,sdu6-homo-4 / RMSD,RMSD,Time (ps),79900,0.17498186,nm,nm
line,overlay,sdu6-homo-4,sdu6-homo-4,rmsd,yj9cotmp,yj9cotmp::RMSD,sdu6-homo-4 / RMSD,RMSD,Time (ps),80000,0.184998,nm,nm
line,overlay,sdu6-homo-4,sdu6-homo-4,rmsd,yj9cotmp,yj9cotmp::RMSD,sdu6-homo-4 / RMSD,RMSD,Time (ps),80100,0.19520399,nm,nm
line,overlay,sdu6-homo-4,sdu6-homo-4,rmsd,yj9cotmp,yj9cotmp::RMSD,sdu6-homo-4 / RMSD,RMSD,Time (ps),80200,0.20769376,nm,nm
line,overlay,sdu6-homo-4,sdu6-homo-4,rmsd,yj9cotmp,yj9cotmp::RMSD,sdu6-homo-4 / RMSD,RMSD,Time (ps),80300,0.1918209,nm,nm
line,overlay,sdu6-homo-4,sdu6-homo-4,rmsd,yj9cotmp,yj9cotmp::RMSD,sdu6-homo-4 / RMSD,RMSD,Time (ps),80400,0.18748894,nm,nm
line,overlay,sdu6-homo-4,sdu6-homo-4,rmsd,yj9cotmp,yj9cotmp::RMSD,sdu6-homo-4 / RMSD,RMSD,Time (ps),80500,0.19063637,nm,nm
line,overlay,sdu6-homo-4,sdu6-homo-4,rmsd,yj9cotmp,yj9cotmp::RMSD,sdu6-homo-4 / RMSD,RMSD,Time (ps),80600,0.18670768,nm,nm
line,overlay,sdu6-homo-4,sdu6-homo-4,rmsd,yj9cotmp,yj9cotmp::RMSD,sdu6-homo-4 / RMSD,RMSD,Time (ps),80700,0.20610036,nm,nm
line,overlay,sdu6-homo-4,sdu6-homo-4,rmsd,yj9cotmp,yj9cotmp::RMSD,sdu6-homo-4 / RMSD,RMSD,Time (ps),80800,0.2097599,nm,nm
line,overlay,sdu6-homo-4,sdu6-homo-4,rmsd,yj9cotmp,yj9cotmp::RMSD,sdu6-homo-4 / RMSD,RMSD,Time (ps),80900,0.18332613,nm,nm
line,overlay,sdu6-homo-4,sdu6-homo-4,rmsd,yj9cotmp,yj9cotmp::RMSD,sdu6-homo-4 / RMSD,RMSD,Time (ps),81000,0.18503444,nm,nm
line,overlay,sdu6-homo-4,sdu6-homo-4,rmsd,yj9cotmp,yj9cotmp::RMSD,sdu6-homo-4 / RMSD,RMSD,Time (ps),81100,0.17505296,nm,nm
line,overlay,sdu6-homo-4,sdu6-homo-4,rmsd,yj9cotmp,yj9cotmp::RMSD,sdu6-homo-4 / RMSD,RMSD,Time (ps),81200,0.18769066,nm,nm
line,overlay,sdu6-homo-4,sdu6-homo-4,rmsd,yj9cotmp,yj9cotmp::RMSD,sdu6-homo-4 / RMSD,RMSD,Time (ps),81300,0.19689085,nm,nm
line,overlay,sdu6-homo-4,sdu6-homo-4,rmsd,yj9cotmp,yj9cotmp::RMSD,sdu6-homo-4 / RMSD,RMSD,Time (ps),81400,0.18756358,nm,nm
line,overlay,sdu6-homo-4,sdu6-homo-4,rmsd,yj9cotmp,yj9cotmp::RMSD,sdu6-homo-4 / RMSD,RMSD,Time (ps),81500,0.19233634,nm,nm
line,overlay,sdu6-homo-4,sdu6-homo-4,rmsd,yj9cotmp,yj9cotmp::RMSD,sdu6-homo-4 / RMSD,RMSD,Time (ps),81600,0.19161272,nm,nm
line,overlay,sdu6-homo-4,sdu6-homo-4,rmsd,yj9cotmp,yj9cotmp::RMSD,sdu6-homo-4 / RMSD,RMSD,Time (ps),81700,0.19800657,nm,nm
line,overlay,sdu6-homo-4,sdu6-homo-4,rmsd,yj9cotmp,yj9cotmp::RMSD,sdu6-homo-4 / RMSD,RMSD,Time (ps),81800,0.19760564,nm,nm
line,overlay,sdu6-homo-4,sdu6-homo-4,rmsd,yj9cotmp,yj9cotmp::RMSD,sdu6-homo-4 / RMSD,RMSD,Time (ps),81900,0.18079793,nm,nm
line,overlay,sdu6-homo-4,sdu6-homo-4,rmsd,yj9cotmp,yj9cotmp::RMSD,sdu6-homo-4 / RMSD,RMSD,Time (ps),82000,0.19086735,nm,nm
line,overlay,sdu6-homo-4,sdu6-homo-4,rmsd,yj9cotmp,yj9cotmp::RMSD,sdu6-homo-4 / RMSD,RMSD,Time (ps),82100,0.19943078,nm,nm
line,overlay,sdu6-homo-4,sdu6-homo-4,rmsd,yj9cotmp,yj9cotmp::RMSD,sdu6-homo-4 / RMSD,RMSD,Time (ps),82200,0.2068159,nm,nm
line,overlay,sdu6-homo-4,sdu6-homo-4,rmsd,yj9cotmp,yj9cotmp::RMSD,sdu6-homo-4 / RMSD,RMSD,Time (ps),82300,0.1941496,nm,nm
line,overlay,sdu6-homo-4,sdu6-homo-4,rmsd,yj9cotmp,yj9cotmp::RMSD,sdu6-homo-4 / RMSD,RMSD,Time (ps),82400,0.18390486,nm,nm
line,overlay,sdu6-homo-4,sdu6-homo-4,rmsd,yj9cotmp,yj9cotmp::RMSD,sdu6-homo-4 / RMSD,RMSD,Time (ps),82500,0.19189385,nm,nm
line,overlay,sdu6-homo-4,sdu6-homo-4,rmsd,yj9cotmp,yj9cotmp::RMSD,sdu6-homo-4 / RMSD,RMSD,Time (ps),82600,0.21163699,nm,nm
line,overlay,sdu6-homo-4,sdu6-homo-4,rmsd,yj9cotmp,yj9cotmp::RMSD,sdu6-homo-4 / RMSD,RMSD,Time (ps),82700,0.18600117,nm,nm
line,overlay,sdu6-homo-4,sdu6-homo-4,rmsd,yj9cotmp,yj9cotmp::RMSD,sdu6-homo-4 / RMSD,RMSD,Time (ps),82800,0.1956496,nm,nm
line,overlay,sdu6-homo-4,sdu6-homo-4,rmsd,yj9cotmp,yj9cotmp::RMSD,sdu6-homo-4 / RMSD,RMSD,Time (ps),82900,0.19476801,nm,nm
line,overlay,sdu6-homo-4,sdu6-homo-4,rmsd,yj9cotmp,yj9cotmp::RMSD,sdu6-homo-4 / RMSD,RMSD,Time (ps),83000,0.19660105,nm,nm
line,overlay,sdu6-homo-4,sdu6-homo-4,rmsd,yj9cotmp,yj9cotmp::RMSD,sdu6-homo-4 / RMSD,RMSD,Time (ps),83100,0.21020918,nm,nm
line,overlay,sdu6-homo-4,sdu6-homo-4,rmsd,yj9cotmp,yj9cotmp::RMSD,sdu6-homo-4 / RMSD,RMSD,Time (ps),83200,0.2168843,nm,nm
line,overlay,sdu6-homo-4,sdu6-homo-4,rmsd,yj9cotmp,yj9cotmp::RMSD,sdu6-homo-4 / RMSD,RMSD,Time (ps),83300,0.22518589,nm,nm
line,overlay,sdu6-homo-4,sdu6-homo-4,rmsd,yj9cotmp,yj9cotmp::RMSD,sdu6-homo-4 / RMSD,RMSD,Time (ps),83400,0.22470197,nm,nm
line,overlay,sdu6-homo-4,sdu6-homo-4,rmsd,yj9cotmp,yj9cotmp::RMSD,sdu6-homo-4 / RMSD,RMSD,Time (ps),83500,0.21272166,nm,nm
line,overlay,sdu6-homo-4,sdu6-homo-4,rmsd,yj9cotmp,yj9cotmp::RMSD,sdu6-homo-4 / RMSD,RMSD,Time (ps),83600,0.216015,nm,nm
line,overlay,sdu6-homo-4,sdu6-homo-4,rmsd,yj9cotmp,yj9cotmp::RMSD,sdu6-homo-4 / RMSD,RMSD,Time (ps),83700,0.23196858,nm,nm
line,overlay,sdu6-homo-4,sdu6-homo-4,rmsd,yj9cotmp,yj9cotmp::RMSD,sdu6-homo-4 / RMSD,RMSD,Time (ps),83800,0.20516264,nm,nm
line,overlay,sdu6-homo-4,sdu6-homo-4,rmsd,yj9cotmp,yj9cotmp::RMSD,sdu6-homo-4 / RMSD,RMSD,Time (ps),83900,0.21807125,nm,nm
line,overlay,sdu6-homo-4,sdu6-homo-4,rmsd,yj9cotmp,yj9cotmp::RMSD,sdu6-homo-4 / RMSD,RMSD,Time (ps),84000,0.19559395,nm,nm
line,overlay,sdu6-homo-4,sdu6-homo-4,rmsd,yj9cotmp,yj9cotmp::RMSD,sdu6-homo-4 / RMSD,RMSD,Time (ps),84100,0.20427138,nm,nm
line,overlay,sdu6-homo-4,sdu6-homo-4,rmsd,yj9cotmp,yj9cotmp::RMSD,sdu6-homo-4 / RMSD,RMSD,Time (ps),84200,0.19992399,nm,nm
line,overlay,sdu6-homo-4,sdu6-homo-4,rmsd,yj9cotmp,yj9cotmp::RMSD,sdu6-homo-4 / RMSD,RMSD,Time (ps),84300,0.20202345,nm,nm
line,overlay,sdu6-homo-4,sdu6-homo-4,rmsd,yj9cotmp,yj9cotmp::RMSD,sdu6-homo-4 / RMSD,RMSD,Time (ps),84400,0.21995045,nm,nm
line,overlay,sdu6-homo-4,sdu6-homo-4,rmsd,yj9cotmp,yj9cotmp::RMSD,sdu6-homo-4 / RMSD,RMSD,Time (ps),84500,0.23007715,nm,nm
line,overlay,sdu6-homo-4,sdu6-homo-4,rmsd,yj9cotmp,yj9cotmp::RMSD,sdu6-homo-4 / RMSD,RMSD,Time (ps),84600,0.21695837,nm,nm
line,overlay,sdu6-homo-4,sdu6-homo-4,rmsd,yj9cotmp,yj9cotmp::RMSD,sdu6-homo-4 / RMSD,RMSD,Time (ps),84700,0.2173856,nm,nm
line,overlay,sdu6-homo-4,sdu6-homo-4,rmsd,yj9cotmp,yj9cotmp::RMSD,sdu6-homo-4 / RMSD,RMSD,Time (ps),84800,0.22177167,nm,nm
line,overlay,sdu6-homo-4,sdu6-homo-4,rmsd,yj9cotmp,yj9cotmp::RMSD,sdu6-homo-4 / RMSD,RMSD,Time (ps),84900,0.21945027,nm,nm
line,overlay,sdu6-homo-4,sdu6-homo-4,rmsd,yj9cotmp,yj9cotmp::RMSD,sdu6-homo-4 / RMSD,RMSD,Time (ps),85000,0.21071899,nm,nm
line,overlay,sdu6-homo-4,sdu6-homo-4,rmsd,yj9cotmp,yj9cotmp::RMSD,sdu6-homo-4 / RMSD,RMSD,Time (ps),85100,0.20803787,nm,nm
line,overlay,sdu6-homo-4,sdu6-homo-4,rmsd,yj9cotmp,yj9cotmp::RMSD,sdu6-homo-4 / RMSD,RMSD,Time (ps),85200,0.21910515,nm,nm
line,overlay,sdu6-homo-4,sdu6-homo-4,rmsd,yj9cotmp,yj9cotmp::RMSD,sdu6-homo-4 / RMSD,RMSD,Time (ps),85300,0.21915956,nm,nm
line,overlay,sdu6-homo-4,sdu6-homo-4,rmsd,yj9cotmp,yj9cotmp::RMSD,sdu6-homo-4 / RMSD,RMSD,Time (ps),85400,0.21612056,nm,nm
line,overlay,sdu6-homo-4,sdu6-homo-4,rmsd,yj9cotmp,yj9cotmp::RMSD,sdu6-homo-4 / RMSD,RMSD,Time (ps),85500,0.2411389,nm,nm
line,overlay,sdu6-homo-4,sdu6-homo-4,rmsd,yj9cotmp,yj9cotmp::RMSD,sdu6-homo-4 / RMSD,RMSD,Time (ps),85600,0.23807566,nm,nm
line,overlay,sdu6-homo-4,sdu6-homo-4,rmsd,yj9cotmp,yj9cotmp::RMSD,sdu6-homo-4 / RMSD,RMSD,Time (ps),85700,0.22982243,nm,nm
line,overlay,sdu6-homo-4,sdu6-homo-4,rmsd,yj9cotmp,yj9cotmp::RMSD,sdu6-homo-4 / RMSD,RMSD,Time (ps),85800,0.23139359,nm,nm
line,overlay,sdu6-homo-4,sdu6-homo-4,rmsd,yj9cotmp,yj9cotmp::RMSD,sdu6-homo-4 / RMSD,RMSD,Time (ps),85900,0.20725404,nm,nm
line,overlay,sdu6-homo-4,sdu6-homo-4,rmsd,yj9cotmp,yj9cotmp::RMSD,sdu6-homo-4 / RMSD,RMSD,Time (ps),86000,0.19670911,nm,nm
line,overlay,sdu6-homo-4,sdu6-homo-4,rmsd,yj9cotmp,yj9cotmp::RMSD,sdu6-homo-4 / RMSD,RMSD,Time (ps),86100,0.19944116,nm,nm
line,overlay,sdu6-homo-4,sdu6-homo-4,rmsd,yj9cotmp,yj9cotmp::RMSD,sdu6-homo-4 / RMSD,RMSD,Time (ps),86200,0.20379376,nm,nm
line,overlay,sdu6-homo-4,sdu6-homo-4,rmsd,yj9cotmp,yj9cotmp::RMSD,sdu6-homo-4 / RMSD,RMSD,Time (ps),86300,0.21641535,nm,nm
line,overlay,sdu6-homo-4,sdu6-homo-4,rmsd,yj9cotmp,yj9cotmp::RMSD,sdu6-homo-4 / RMSD,RMSD,Time (ps),86400,0.2236082,nm,nm
line,overlay,sdu6-homo-4,sdu6-homo-4,rmsd,yj9cotmp,yj9cotmp::RMSD,sdu6-homo-4 / RMSD,RMSD,Time (ps),86500,0.22655134,nm,nm
line,overlay,sdu6-homo-4,sdu6-homo-4,rmsd,yj9cotmp,yj9cotmp::RMSD,sdu6-homo-4 / RMSD,RMSD,Time (ps),86600,0.21453418,nm,nm
line,overlay,sdu6-homo-4,sdu6-homo-4,rmsd,yj9cotmp,yj9cotmp::RMSD,sdu6-homo-4 / RMSD,RMSD,Time (ps),86700,0.19599898,nm,nm
line,overlay,sdu6-homo-4,sdu6-homo-4,rmsd,yj9cotmp,yj9cotmp::RMSD,sdu6-homo-4 / RMSD,RMSD,Time (ps),86800,0.2029348,nm,nm
line,overlay,sdu6-homo-4,sdu6-homo-4,rmsd,yj9cotmp,yj9cotmp::RMSD,sdu6-homo-4 / RMSD,RMSD,Time (ps),86900,0.19683293,nm,nm
line,overlay,sdu6-homo-4,sdu6-homo-4,rmsd,yj9cotmp,yj9cotmp::RMSD,sdu6-homo-4 / RMSD,RMSD,Time (ps),87000,0.21641296,nm,nm
line,overlay,sdu6-homo-4,sdu6-homo-4,rmsd,yj9cotmp,yj9cotmp::RMSD,sdu6-homo-4 / RMSD,RMSD,Time (ps),87100,0.20907429,nm,nm
line,overlay,sdu6-homo-4,sdu6-homo-4,rmsd,yj9cotmp,yj9cotmp::RMSD,sdu6-homo-4 / RMSD,RMSD,Time (ps),87200,0.20672314,nm,nm
line,overlay,sdu6-homo-4,sdu6-homo-4,rmsd,yj9cotmp,yj9cotmp::RMSD,sdu6-homo-4 / RMSD,RMSD,Time (ps),87300,0.2172425,nm,nm
line,overlay,sdu6-homo-4,sdu6-homo-4,rmsd,yj9cotmp,yj9cotmp::RMSD,sdu6-homo-4 / RMSD,RMSD,Time (ps),87400,0.19774461,nm,nm
line,overlay,sdu6-homo-4,sdu6-homo-4,rmsd,yj9cotmp,yj9cotmp::RMSD,sdu6-homo-4 / RMSD,RMSD,Time (ps),87500,0.20208244,nm,nm
line,overlay,sdu6-homo-4,sdu6-homo-4,rmsd,yj9cotmp,yj9cotmp::RMSD,sdu6-homo-4 / RMSD,RMSD,Time (ps),87600,0.19823419,nm,nm
line,overlay,sdu6-homo-4,sdu6-homo-4,rmsd,yj9cotmp,yj9cotmp::RMSD,sdu6-homo-4 / RMSD,RMSD,Time (ps),87700,0.19569197,nm,nm
line,overlay,sdu6-homo-4,sdu6-homo-4,rmsd,yj9cotmp,yj9cotmp::RMSD,sdu6-homo-4 / RMSD,RMSD,Time (ps),87800,0.18278529,nm,nm
line,overlay,sdu6-homo-4,sdu6-homo-4,rmsd,yj9cotmp,yj9cotmp::RMSD,sdu6-homo-4 / RMSD,RMSD,Time (ps),87900,0.20498824,nm,nm
line,overlay,sdu6-homo-4,sdu6-homo-4,rmsd,yj9cotmp,yj9cotmp::RMSD,sdu6-homo-4 / RMSD,RMSD,Time (ps),88000,0.204968,nm,nm
line,overlay,sdu6-homo-4,sdu6-homo-4,rmsd,yj9cotmp,yj9cotmp::RMSD,sdu6-homo-4 / RMSD,RMSD,Time (ps),88100,0.21089111,nm,nm
line,overlay,sdu6-homo-4,sdu6-homo-4,rmsd,yj9cotmp,yj9cotmp::RMSD,sdu6-homo-4 / RMSD,RMSD,Time (ps),88200,0.21499999,nm,nm
line,overlay,sdu6-homo-4,sdu6-homo-4,rmsd,yj9cotmp,yj9cotmp::RMSD,sdu6-homo-4 / RMSD,RMSD,Time (ps),88300,0.22065397,nm,nm
line,overlay,sdu6-homo-4,sdu6-homo-4,rmsd,yj9cotmp,yj9cotmp::RMSD,sdu6-homo-4 / RMSD,RMSD,Time (ps),88400,0.20367418,nm,nm
line,overlay,sdu6-homo-4,sdu6-homo-4,rmsd,yj9cotmp,yj9cotmp::RMSD,sdu6-homo-4 / RMSD,RMSD,Time (ps),88500,0.20207731,nm,nm
line,overlay,sdu6-homo-4,sdu6-homo-4,rmsd,yj9cotmp,yj9cotmp::RMSD,sdu6-homo-4 / RMSD,RMSD,Time (ps),88600,0.20906189,nm,nm
line,overlay,sdu6-homo-4,sdu6-homo-4,rmsd,yj9cotmp,yj9cotmp::RMSD,sdu6-homo-4 / RMSD,RMSD,Time (ps),88700,0.1928692,nm,nm
line,overlay,sdu6-homo-4,sdu6-homo-4,rmsd,yj9cotmp,yj9cotmp::RMSD,sdu6-homo-4 / RMSD,RMSD,Time (ps),88800,0.22107406,nm,nm
line,overlay,sdu6-homo-4,sdu6-homo-4,rmsd,yj9cotmp,yj9cotmp::RMSD,sdu6-homo-4 / RMSD,RMSD,Time (ps),88900,0.20990072,nm,nm
line,overlay,sdu6-homo-4,sdu6-homo-4,rmsd,yj9cotmp,yj9cotmp::RMSD,sdu6-homo-4 / RMSD,RMSD,Time (ps),89000,0.19924355,nm,nm
line,overlay,sdu6-homo-4,sdu6-homo-4,rmsd,yj9cotmp,yj9cotmp::RMSD,sdu6-homo-4 / RMSD,RMSD,Time (ps),89100,0.20598716,nm,nm
line,overlay,sdu6-homo-4,sdu6-homo-4,rmsd,yj9cotmp,yj9cotmp::RMSD,sdu6-homo-4 / RMSD,RMSD,Time (ps),89200,0.20220552,nm,nm
line,overlay,sdu6-homo-4,sdu6-homo-4,rmsd,yj9cotmp,yj9cotmp::RMSD,sdu6-homo-4 / RMSD,RMSD,Time (ps),89300,0.20368436,nm,nm
line,overlay,sdu6-homo-4,sdu6-homo-4,rmsd,yj9cotmp,yj9cotmp::RMSD,sdu6-homo-4 / RMSD,RMSD,Time (ps),89400,0.20169476,nm,nm
line,overlay,sdu6-homo-4,sdu6-homo-4,rmsd,yj9cotmp,yj9cotmp::RMSD,sdu6-homo-4 / RMSD,RMSD,Time (ps),89500,0.20725153,nm,nm
line,overlay,sdu6-homo-4,sdu6-homo-4,rmsd,yj9cotmp,yj9cotmp::RMSD,sdu6-homo-4 / RMSD,RMSD,Time (ps),89600,0.20723653,nm,nm
line,overlay,sdu6-homo-4,sdu6-homo-4,rmsd,yj9cotmp,yj9cotmp::RMSD,sdu6-homo-4 / RMSD,RMSD,Time (ps),89700,0.20932454,nm,nm
line,overlay,sdu6-homo-4,sdu6-homo-4,rmsd,yj9cotmp,yj9cotmp::RMSD,sdu6-homo-4 / RMSD,RMSD,Time (ps),89800,0.21318413,nm,nm
line,overlay,sdu6-homo-4,sdu6-homo-4,rmsd,yj9cotmp,yj9cotmp::RMSD,sdu6-homo-4 / RMSD,RMSD,Time (ps),89900,0.21234608,nm,nm
line,overlay,sdu6-homo-4,sdu6-homo-4,rmsd,yj9cotmp,yj9cotmp::RMSD,sdu6-homo-4 / RMSD,RMSD,Time (ps),90000,0.2113576,nm,nm
line,overlay,sdu6-homo-4,sdu6-homo-4,rmsd,yj9cotmp,yj9cotmp::RMSD,sdu6-homo-4 / RMSD,RMSD,Time (ps),90100,0.21358253,nm,nm
line,overlay,sdu6-homo-4,sdu6-homo-4,rmsd,yj9cotmp,yj9cotmp::RMSD,sdu6-homo-4 / RMSD,RMSD,Time (ps),90200,0.21179858,nm,nm
line,overlay,sdu6-homo-4,sdu6-homo-4,rmsd,yj9cotmp,yj9cotmp::RMSD,sdu6-homo-4 / RMSD,RMSD,Time (ps),90300,0.20876911,nm,nm
line,overlay,sdu6-homo-4,sdu6-homo-4,rmsd,yj9cotmp,yj9cotmp::RMSD,sdu6-homo-4 / RMSD,RMSD,Time (ps),90400,0.19553033,nm,nm
line,overlay,sdu6-homo-4,sdu6-homo-4,rmsd,yj9cotmp,yj9cotmp::RMSD,sdu6-homo-4 / RMSD,RMSD,Time (ps),90500,0.2059192,nm,nm
line,overlay,sdu6-homo-4,sdu6-homo-4,rmsd,yj9cotmp,yj9cotmp::RMSD,sdu6-homo-4 / RMSD,RMSD,Time (ps),90600,0.20890811,nm,nm
line,overlay,sdu6-homo-4,sdu6-homo-4,rmsd,yj9cotmp,yj9cotmp::RMSD,sdu6-homo-4 / RMSD,RMSD,Time (ps),90700,0.211311,nm,nm
line,overlay,sdu6-homo-4,sdu6-homo-4,rmsd,yj9cotmp,yj9cotmp::RMSD,sdu6-homo-4 / RMSD,RMSD,Time (ps),90800,0.19315119,nm,nm
line,overlay,sdu6-homo-4,sdu6-homo-4,rmsd,yj9cotmp,yj9cotmp::RMSD,sdu6-homo-4 / RMSD,RMSD,Time (ps),90900,0.18736173,nm,nm
line,overlay,sdu6-homo-4,sdu6-homo-4,rmsd,yj9cotmp,yj9cotmp::RMSD,sdu6-homo-4 / RMSD,RMSD,Time (ps),91000,0.19840407,nm,nm
line,overlay,sdu6-homo-4,sdu6-homo-4,rmsd,yj9cotmp,yj9cotmp::RMSD,sdu6-homo-4 / RMSD,RMSD,Time (ps),91100,0.18681315,nm,nm
line,overlay,sdu6-homo-4,sdu6-homo-4,rmsd,yj9cotmp,yj9cotmp::RMSD,sdu6-homo-4 / RMSD,RMSD,Time (ps),91200,0.20293735,nm,nm
line,overlay,sdu6-homo-4,sdu6-homo-4,rmsd,yj9cotmp,yj9cotmp::RMSD,sdu6-homo-4 / RMSD,RMSD,Time (ps),91300,0.18558827,nm,nm
line,overlay,sdu6-homo-4,sdu6-homo-4,rmsd,yj9cotmp,yj9cotmp::RMSD,sdu6-homo-4 / RMSD,RMSD,Time (ps),91400,0.20757891,nm,nm
line,overlay,sdu6-homo-4,sdu6-homo-4,rmsd,yj9cotmp,yj9cotmp::RMSD,sdu6-homo-4 / RMSD,RMSD,Time (ps),91500,0.1894499,nm,nm
line,overlay,sdu6-homo-4,sdu6-homo-4,rmsd,yj9cotmp,yj9cotmp::RMSD,sdu6-homo-4 / RMSD,RMSD,Time (ps),91600,0.18811548,nm,nm
line,overlay,sdu6-homo-4,sdu6-homo-4,rmsd,yj9cotmp,yj9cotmp::RMSD,sdu6-homo-4 / RMSD,RMSD,Time (ps),91700,0.18874542,nm,nm
line,overlay,sdu6-homo-4,sdu6-homo-4,rmsd,yj9cotmp,yj9cotmp::RMSD,sdu6-homo-4 / RMSD,RMSD,Time (ps),91800,0.19861819,nm,nm
line,overlay,sdu6-homo-4,sdu6-homo-4,rmsd,yj9cotmp,yj9cotmp::RMSD,sdu6-homo-4 / RMSD,RMSD,Time (ps),91900,0.19145846,nm,nm
line,overlay,sdu6-homo-4,sdu6-homo-4,rmsd,yj9cotmp,yj9cotmp::RMSD,sdu6-homo-4 / RMSD,RMSD,Time (ps),92000,0.18229404,nm,nm
line,overlay,sdu6-homo-4,sdu6-homo-4,rmsd,yj9cotmp,yj9cotmp::RMSD,sdu6-homo-4 / RMSD,RMSD,Time (ps),92100,0.19586407,nm,nm
line,overlay,sdu6-homo-4,sdu6-homo-4,rmsd,yj9cotmp,yj9cotmp::RMSD,sdu6-homo-4 / RMSD,RMSD,Time (ps),92200,0.17135096,nm,nm
line,overlay,sdu6-homo-4,sdu6-homo-4,rmsd,yj9cotmp,yj9cotmp::RMSD,sdu6-homo-4 / RMSD,RMSD,Time (ps),92300,0.18715689,nm,nm
line,overlay,sdu6-homo-4,sdu6-homo-4,rmsd,yj9cotmp,yj9cotmp::RMSD,sdu6-homo-4 / RMSD,RMSD,Time (ps),92400,0.17893048,nm,nm
line,overlay,sdu6-homo-4,sdu6-homo-4,rmsd,yj9cotmp,yj9cotmp::RMSD,sdu6-homo-4 / RMSD,RMSD,Time (ps),92500,0.18922266,nm,nm
line,overlay,sdu6-homo-4,sdu6-homo-4,rmsd,yj9cotmp,yj9cotmp::RMSD,sdu6-homo-4 / RMSD,RMSD,Time (ps),92600,0.18887995,nm,nm
line,overlay,sdu6-homo-4,sdu6-homo-4,rmsd,yj9cotmp,yj9cotmp::RMSD,sdu6-homo-4 / RMSD,RMSD,Time (ps),92700,0.19123091,nm,nm
line,overlay,sdu6-homo-4,sdu6-homo-4,rmsd,yj9cotmp,yj9cotmp::RMSD,sdu6-homo-4 / RMSD,RMSD,Time (ps),92800,0.18739767,nm,nm
line,overlay,sdu6-homo-4,sdu6-homo-4,rmsd,yj9cotmp,yj9cotmp::RMSD,sdu6-homo-4 / RMSD,RMSD,Time (ps),92900,0.18001354,nm,nm
line,overlay,sdu6-homo-4,sdu6-homo-4,rmsd,yj9cotmp,yj9cotmp::RMSD,sdu6-homo-4 / RMSD,RMSD,Time (ps),93000,0.17230122,nm,nm
line,overlay,sdu6-homo-4,sdu6-homo-4,rmsd,yj9cotmp,yj9cotmp::RMSD,sdu6-homo-4 / RMSD,RMSD,Time (ps),93100,0.18369898,nm,nm
line,overlay,sdu6-homo-4,sdu6-homo-4,rmsd,yj9cotmp,yj9cotmp::RMSD,sdu6-homo-4 / RMSD,RMSD,Time (ps),93200,0.19581114,nm,nm
line,overlay,sdu6-homo-4,sdu6-homo-4,rmsd,yj9cotmp,yj9cotmp::RMSD,sdu6-homo-4 / RMSD,RMSD,Time (ps),93300,0.19374871,nm,nm
line,overlay,sdu6-homo-4,sdu6-homo-4,rmsd,yj9cotmp,yj9cotmp::RMSD,sdu6-homo-4 / RMSD,RMSD,Time (ps),93400,0.19816619,nm,nm
line,overlay,sdu6-homo-4,sdu6-homo-4,rmsd,yj9cotmp,yj9cotmp::RMSD,sdu6-homo-4 / RMSD,RMSD,Time (ps),93500,0.21174473,nm,nm
line,overlay,sdu6-homo-4,sdu6-homo-4,rmsd,yj9cotmp,yj9cotmp::RMSD,sdu6-homo-4 / RMSD,RMSD,Time (ps),93600,0.22059053,nm,nm
line,overlay,sdu6-homo-4,sdu6-homo-4,rmsd,yj9cotmp,yj9cotmp::RMSD,sdu6-homo-4 / RMSD,RMSD,Time (ps),93700,0.21565476,nm,nm
line,overlay,sdu6-homo-4,sdu6-homo-4,rmsd,yj9cotmp,yj9cotmp::RMSD,sdu6-homo-4 / RMSD,RMSD,Time (ps),93800,0.20684597,nm,nm
line,overlay,sdu6-homo-4,sdu6-homo-4,rmsd,yj9cotmp,yj9cotmp::RMSD,sdu6-homo-4 / RMSD,RMSD,Time (ps),93900,0.19768432,nm,nm
line,overlay,sdu6-homo-4,sdu6-homo-4,rmsd,yj9cotmp,yj9cotmp::RMSD,sdu6-homo-4 / RMSD,RMSD,Time (ps),94000,0.20986368,nm,nm
line,overlay,sdu6-homo-4,sdu6-homo-4,rmsd,yj9cotmp,yj9cotmp::RMSD,sdu6-homo-4 / RMSD,RMSD,Time (ps),94100,0.20222348,nm,nm
line,overlay,sdu6-homo-4,sdu6-homo-4,rmsd,yj9cotmp,yj9cotmp::RMSD,sdu6-homo-4 / RMSD,RMSD,Time (ps),94200,0.20417239,nm,nm
line,overlay,sdu6-homo-4,sdu6-homo-4,rmsd,yj9cotmp,yj9cotmp::RMSD,sdu6-homo-4 / RMSD,RMSD,Time (ps),94300,0.18949914,nm,nm
line,overlay,sdu6-homo-4,sdu6-homo-4,rmsd,yj9cotmp,yj9cotmp::RMSD,sdu6-homo-4 / RMSD,RMSD,Time (ps),94400,0.19694613,nm,nm
line,overlay,sdu6-homo-4,sdu6-homo-4,rmsd,yj9cotmp,yj9cotmp::RMSD,sdu6-homo-4 / RMSD,RMSD,Time (ps),94500,0.19539773,nm,nm
line,overlay,sdu6-homo-4,sdu6-homo-4,rmsd,yj9cotmp,yj9cotmp::RMSD,sdu6-homo-4 / RMSD,RMSD,Time (ps),94600,0.20671563,nm,nm
line,overlay,sdu6-homo-4,sdu6-homo-4,rmsd,yj9cotmp,yj9cotmp::RMSD,sdu6-homo-4 / RMSD,RMSD,Time (ps),94700,0.18630747,nm,nm
line,overlay,sdu6-homo-4,sdu6-homo-4,rmsd,yj9cotmp,yj9cotmp::RMSD,sdu6-homo-4 / RMSD,RMSD,Time (ps),94800,0.20344245,nm,nm
line,overlay,sdu6-homo-4,sdu6-homo-4,rmsd,yj9cotmp,yj9cotmp::RMSD,sdu6-homo-4 / RMSD,RMSD,Time (ps),94900,0.20036428,nm,nm
line,overlay,sdu6-homo-4,sdu6-homo-4,rmsd,yj9cotmp,yj9cotmp::RMSD,sdu6-homo-4 / RMSD,RMSD,Time (ps),95000,0.18411331,nm,nm
line,overlay,sdu6-homo-4,sdu6-homo-4,rmsd,yj9cotmp,yj9cotmp::RMSD,sdu6-homo-4 / RMSD,RMSD,Time (ps),95100,0.18647432,nm,nm
line,overlay,sdu6-homo-4,sdu6-homo-4,rmsd,yj9cotmp,yj9cotmp::RMSD,sdu6-homo-4 / RMSD,RMSD,Time (ps),95200,0.1949356,nm,nm
line,overlay,sdu6-homo-4,sdu6-homo-4,rmsd,yj9cotmp,yj9cotmp::RMSD,sdu6-homo-4 / RMSD,RMSD,Time (ps),95300,0.19739304,nm,nm
line,overlay,sdu6-homo-4,sdu6-homo-4,rmsd,yj9cotmp,yj9cotmp::RMSD,sdu6-homo-4 / RMSD,RMSD,Time (ps),95400,0.18828899,nm,nm
line,overlay,sdu6-homo-4,sdu6-homo-4,rmsd,yj9cotmp,yj9cotmp::RMSD,sdu6-homo-4 / RMSD,RMSD,Time (ps),95500,0.19301964,nm,nm
line,overlay,sdu6-homo-4,sdu6-homo-4,rmsd,yj9cotmp,yj9cotmp::RMSD,sdu6-homo-4 / RMSD,RMSD,Time (ps),95600,0.19680396,nm,nm
line,overlay,sdu6-homo-4,sdu6-homo-4,rmsd,yj9cotmp,yj9cotmp::RMSD,sdu6-homo-4 / RMSD,RMSD,Time (ps),95700,0.17037411,nm,nm
line,overlay,sdu6-homo-4,sdu6-homo-4,rmsd,yj9cotmp,yj9cotmp::RMSD,sdu6-homo-4 / RMSD,RMSD,Time (ps),95800,0.1980275,nm,nm
line,overlay,sdu6-homo-4,sdu6-homo-4,rmsd,yj9cotmp,yj9cotmp::RMSD,sdu6-homo-4 / RMSD,RMSD,Time (ps),95900,0.19434173,nm,nm
line,overlay,sdu6-homo-4,sdu6-homo-4,rmsd,yj9cotmp,yj9cotmp::RMSD,sdu6-homo-4 / RMSD,RMSD,Time (ps),96000,0.20483899,nm,nm
line,overlay,sdu6-homo-4,sdu6-homo-4,rmsd,yj9cotmp,yj9cotmp::RMSD,sdu6-homo-4 / RMSD,RMSD,Time (ps),96100,0.19544813,nm,nm
line,overlay,sdu6-homo-4,sdu6-homo-4,rmsd,yj9cotmp,yj9cotmp::RMSD,sdu6-homo-4 / RMSD,RMSD,Time (ps),96200,0.19851899,nm,nm
line,overlay,sdu6-homo-4,sdu6-homo-4,rmsd,yj9cotmp,yj9cotmp::RMSD,sdu6-homo-4 / RMSD,RMSD,Time (ps),96300,0.1990301,nm,nm
line,overlay,sdu6-homo-4,sdu6-homo-4,rmsd,yj9cotmp,yj9cotmp::RMSD,sdu6-homo-4 / RMSD,RMSD,Time (ps),96400,0.1846671,nm,nm
line,overlay,sdu6-homo-4,sdu6-homo-4,rmsd,yj9cotmp,yj9cotmp::RMSD,sdu6-homo-4 / RMSD,RMSD,Time (ps),96500,0.1989285,nm,nm
line,overlay,sdu6-homo-4,sdu6-homo-4,rmsd,yj9cotmp,yj9cotmp::RMSD,sdu6-homo-4 / RMSD,RMSD,Time (ps),96600,0.20830183,nm,nm
line,overlay,sdu6-homo-4,sdu6-homo-4,rmsd,yj9cotmp,yj9cotmp::RMSD,sdu6-homo-4 / RMSD,RMSD,Time (ps),96700,0.18866576,nm,nm
line,overlay,sdu6-homo-4,sdu6-homo-4,rmsd,yj9cotmp,yj9cotmp::RMSD,sdu6-homo-4 / RMSD,RMSD,Time (ps),96800,0.20247452,nm,nm
line,overlay,sdu6-homo-4,sdu6-homo-4,rmsd,yj9cotmp,yj9cotmp::RMSD,sdu6-homo-4 / RMSD,RMSD,Time (ps),96900,0.1977551,nm,nm
line,overlay,sdu6-homo-4,sdu6-homo-4,rmsd,yj9cotmp,yj9cotmp::RMSD,sdu6-homo-4 / RMSD,RMSD,Time (ps),97000,0.18651325,nm,nm
line,overlay,sdu6-homo-4,sdu6-homo-4,rmsd,yj9cotmp,yj9cotmp::RMSD,sdu6-homo-4 / RMSD,RMSD,Time (ps),97100,0.19445638,nm,nm
line,overlay,sdu6-homo-4,sdu6-homo-4,rmsd,yj9cotmp,yj9cotmp::RMSD,sdu6-homo-4 / RMSD,RMSD,Time (ps),97200,0.20068482,nm,nm
line,overlay,sdu6-homo-4,sdu6-homo-4,rmsd,yj9cotmp,yj9cotmp::RMSD,sdu6-homo-4 / RMSD,RMSD,Time (ps),97300,0.20195928,nm,nm
line,overlay,sdu6-homo-4,sdu6-homo-4,rmsd,yj9cotmp,yj9cotmp::RMSD,sdu6-homo-4 / RMSD,RMSD,Time (ps),97400,0.18619058,nm,nm
line,overlay,sdu6-homo-4,sdu6-homo-4,rmsd,yj9cotmp,yj9cotmp::RMSD,sdu6-homo-4 / RMSD,RMSD,Time (ps),97500,0.19545874,nm,nm
line,overlay,sdu6-homo-4,sdu6-homo-4,rmsd,yj9cotmp,yj9cotmp::RMSD,sdu6-homo-4 / RMSD,RMSD,Time (ps),97600,0.20571773,nm,nm
line,overlay,sdu6-homo-4,sdu6-homo-4,rmsd,yj9cotmp,yj9cotmp::RMSD,sdu6-homo-4 / RMSD,RMSD,Time (ps),97700,0.19338185,nm,nm
line,overlay,sdu6-homo-4,sdu6-homo-4,rmsd,yj9cotmp,yj9cotmp::RMSD,sdu6-homo-4 / RMSD,RMSD,Time (ps),97800,0.19183171,nm,nm
line,overlay,sdu6-homo-4,sdu6-homo-4,rmsd,yj9cotmp,yj9cotmp::RMSD,sdu6-homo-4 / RMSD,RMSD,Time (ps),97900,0.19205585,nm,nm
line,overlay,sdu6-homo-4,sdu6-homo-4,rmsd,yj9cotmp,yj9cotmp::RMSD,sdu6-homo-4 / RMSD,RMSD,Time (ps),98000,0.19750592,nm,nm
line,overlay,sdu6-homo-4,sdu6-homo-4,rmsd,yj9cotmp,yj9cotmp::RMSD,sdu6-homo-4 / RMSD,RMSD,Time (ps),98100,0.19420566,nm,nm
line,overlay,sdu6-homo-4,sdu6-homo-4,rmsd,yj9cotmp,yj9cotmp::RMSD,sdu6-homo-4 / RMSD,RMSD,Time (ps),98200,0.18621285,nm,nm
line,overlay,sdu6-homo-4,sdu6-homo-4,rmsd,yj9cotmp,yj9cotmp::RMSD,sdu6-homo-4 / RMSD,RMSD,Time (ps),98300,0.19114956,nm,nm
line,overlay,sdu6-homo-4,sdu6-homo-4,rmsd,yj9cotmp,yj9cotmp::RMSD,sdu6-homo-4 / RMSD,RMSD,Time (ps),98400,0.18472603,nm,nm
line,overlay,sdu6-homo-4,sdu6-homo-4,rmsd,yj9cotmp,yj9cotmp::RMSD,sdu6-homo-4 / RMSD,RMSD,Time (ps),98500,0.19278318,nm,nm
line,overlay,sdu6-homo-4,sdu6-homo-4,rmsd,yj9cotmp,yj9cotmp::RMSD,sdu6-homo-4 / RMSD,RMSD,Time (ps),98600,0.21264611,nm,nm
line,overlay,sdu6-homo-4,sdu6-homo-4,rmsd,yj9cotmp,yj9cotmp::RMSD,sdu6-homo-4 / RMSD,RMSD,Time (ps),98700,0.19724068,nm,nm
line,overlay,sdu6-homo-4,sdu6-homo-4,rmsd,yj9cotmp,yj9cotmp::RMSD,sdu6-homo-4 / RMSD,RMSD,Time (ps),98800,0.18289018,nm,nm
line,overlay,sdu6-homo-4,sdu6-homo-4,rmsd,yj9cotmp,yj9cotmp::RMSD,sdu6-homo-4 / RMSD,RMSD,Time (ps),98900,0.20632659,nm,nm
line,overlay,sdu6-homo-4,sdu6-homo-4,rmsd,yj9cotmp,yj9cotmp::RMSD,sdu6-homo-4 / RMSD,RMSD,Time (ps),99000,0.20193362,nm,nm
line,overlay,sdu6-homo-4,sdu6-homo-4,rmsd,yj9cotmp,yj9cotmp::RMSD,sdu6-homo-4 / RMSD,RMSD,Time (ps),99100,0.21099924,nm,nm
line,overlay,sdu6-homo-4,sdu6-homo-4,rmsd,yj9cotmp,yj9cotmp::RMSD,sdu6-homo-4 / RMSD,RMSD,Time (ps),99200,0.1938958,nm,nm
line,overlay,sdu6-homo-4,sdu6-homo-4,rmsd,yj9cotmp,yj9cotmp::RMSD,sdu6-homo-4 / RMSD,RMSD,Time (ps),99300,0.20945327,nm,nm
line,overlay,sdu6-homo-4,sdu6-homo-4,rmsd,yj9cotmp,yj9cotmp::RMSD,sdu6-homo-4 / RMSD,RMSD,Time (ps),99400,0.20037462,nm,nm
line,overlay,sdu6-homo-4,sdu6-homo-4,rmsd,yj9cotmp,yj9cotmp::RMSD,sdu6-homo-4 / RMSD,RMSD,Time (ps),99500,0.1978049,nm,nm
line,overlay,sdu6-homo-4,sdu6-homo-4,rmsd,yj9cotmp,yj9cotmp::RMSD,sdu6-homo-4 / RMSD,RMSD,Time (ps),99600,0.19676444,nm,nm
line,overlay,sdu6-homo-4,sdu6-homo-4,rmsd,yj9cotmp,yj9cotmp::RMSD,sdu6-homo-4 / RMSD,RMSD,Time (ps),99700,0.20000435,nm,nm
line,overlay,sdu6-homo-4,sdu6-homo-4,rmsd,yj9cotmp,yj9cotmp::RMSD,sdu6-homo-4 / RMSD,RMSD,Time (ps),99800,0.19613382,nm,nm
line,overlay,sdu6-homo-4,sdu6-homo-4,rmsd,yj9cotmp,yj9cotmp::RMSD,sdu6-homo-4 / RMSD,RMSD,Time (ps),99900,0.18607362,nm,nm
line,overlay,sdu6-homo-4,sdu6-homo-4,rmsd,yj9cotmp,yj9cotmp::RMSD,sdu6-homo-4 / RMSD,RMSD,Time (ps),100000,0.19872516,nm,nm
line,overlay,wt-homo,wt-homo,rmsd,vy94cwpl,vy94cwpl::RMSD,wt-homo / RMSD,RMSD,Time (ps),0,0,nm,nm
line,overlay,wt-homo,wt-homo,rmsd,vy94cwpl,vy94cwpl::RMSD,wt-homo / RMSD,RMSD,Time (ps),100,0.079970896,nm,nm
line,overlay,wt-homo,wt-homo,rmsd,vy94cwpl,vy94cwpl::RMSD,wt-homo / RMSD,RMSD,Time (ps),200,0.08755756,nm,nm
line,overlay,wt-homo,wt-homo,rmsd,vy94cwpl,vy94cwpl::RMSD,wt-homo / RMSD,RMSD,Time (ps),300,0.08970969,nm,nm
line,overlay,wt-homo,wt-homo,rmsd,vy94cwpl,vy94cwpl::RMSD,wt-homo / RMSD,RMSD,Time (ps),400,0.09086936,nm,nm
line,overlay,wt-homo,wt-homo,rmsd,vy94cwpl,vy94cwpl::RMSD,wt-homo / RMSD,RMSD,Time (ps),500,0.10461521,nm,nm
line,overlay,wt-homo,wt-homo,rmsd,vy94cwpl,vy94cwpl::RMSD,wt-homo / RMSD,RMSD,Time (ps),600,0.09391572,nm,nm
line,overlay,wt-homo,wt-homo,rmsd,vy94cwpl,vy94cwpl::RMSD,wt-homo / RMSD,RMSD,Time (ps),700,0.090818,nm,nm
line,overlay,wt-homo,wt-homo,rmsd,vy94cwpl,vy94cwpl::RMSD,wt-homo / RMSD,RMSD,Time (ps),800,0.111596435,nm,nm
line,overlay,wt-homo,wt-homo,rmsd,vy94cwpl,vy94cwpl::RMSD,wt-homo / RMSD,RMSD,Time (ps),900,0.086046755,nm,nm
line,overlay,wt-homo,wt-homo,rmsd,vy94cwpl,vy94cwpl::RMSD,wt-homo / RMSD,RMSD,Time (ps),1000,0.10179763,nm,nm
line,overlay,wt-homo,wt-homo,rmsd,vy94cwpl,vy94cwpl::RMSD,wt-homo / RMSD,RMSD,Time (ps),1100,0.106262095,nm,nm
line,overlay,wt-homo,wt-homo,rmsd,vy94cwpl,vy94cwpl::RMSD,wt-homo / RMSD,RMSD,Time (ps),1200,0.095855035,nm,nm
line,overlay,wt-homo,wt-homo,rmsd,vy94cwpl,vy94cwpl::RMSD,wt-homo / RMSD,RMSD,Time (ps),1300,0.10156824,nm,nm
line,overlay,wt-homo,wt-homo,rmsd,vy94cwpl,vy94cwpl::RMSD,wt-homo / RMSD,RMSD,Time (ps),1400,0.10856874,nm,nm
line,overlay,wt-homo,wt-homo,rmsd,vy94cwpl,vy94cwpl::RMSD,wt-homo / RMSD,RMSD,Time (ps),1500,0.105134174,nm,nm
line,overlay,wt-homo,wt-homo,rmsd,vy94cwpl,vy94cwpl::RMSD,wt-homo / RMSD,RMSD,Time (ps),1600,0.10487254,nm,nm
line,overlay,wt-homo,wt-homo,rmsd,vy94cwpl,vy94cwpl::RMSD,wt-homo / RMSD,RMSD,Time (ps),1700,0.10763853,nm,nm
line,overlay,wt-homo,wt-homo,rmsd,vy94cwpl,vy94cwpl::RMSD,wt-homo / RMSD,RMSD,Time (ps),1800,0.101593755,nm,nm
line,overlay,wt-homo,wt-homo,rmsd,vy94cwpl,vy94cwpl::RMSD,wt-homo / RMSD,RMSD,Time (ps),1900,0.116673835,nm,nm
line,overlay,wt-homo,wt-homo,rmsd,vy94cwpl,vy94cwpl::RMSD,wt-homo / RMSD,RMSD,Time (ps),2000,0.11298128,nm,nm
line,overlay,wt-homo,wt-homo,rmsd,vy94cwpl,vy94cwpl::RMSD,wt-homo / RMSD,RMSD,Time (ps),2100,0.11879591,nm,nm
line,overlay,wt-homo,wt-homo,rmsd,vy94cwpl,vy94cwpl::RMSD,wt-homo / RMSD,RMSD,Time (ps),2200,0.110170655,nm,nm
line,overlay,wt-homo,wt-homo,rmsd,vy94cwpl,vy94cwpl::RMSD,wt-homo / RMSD,RMSD,Time (ps),2300,0.1044863,nm,nm
line,overlay,wt-homo,wt-homo,rmsd,vy94cwpl,vy94cwpl::RMSD,wt-homo / RMSD,RMSD,Time (ps),2400,0.09627591,nm,nm
line,overlay,wt-homo,wt-homo,rmsd,vy94cwpl,vy94cwpl::RMSD,wt-homo / RMSD,RMSD,Time (ps),2500,0.09310086,nm,nm
line,overlay,wt-homo,wt-homo,rmsd,vy94cwpl,vy94cwpl::RMSD,wt-homo / RMSD,RMSD,Time (ps),2600,0.10444165,nm,nm
line,overlay,wt-homo,wt-homo,rmsd,vy94cwpl,vy94cwpl::RMSD,wt-homo / RMSD,RMSD,Time (ps),2700,0.10371452,nm,nm
line,overlay,wt-homo,wt-homo,rmsd,vy94cwpl,vy94cwpl::RMSD,wt-homo / RMSD,RMSD,Time (ps),2800,0.098731965,nm,nm
line,overlay,wt-homo,wt-homo,rmsd,vy94cwpl,vy94cwpl::RMSD,wt-homo / RMSD,RMSD,Time (ps),2900,0.1077348,nm,nm
line,overlay,wt-homo,wt-homo,rmsd,vy94cwpl,vy94cwpl::RMSD,wt-homo / RMSD,RMSD,Time (ps),3000,0.106777914,nm,nm
line,overlay,wt-homo,wt-homo,rmsd,vy94cwpl,vy94cwpl::RMSD,wt-homo / RMSD,RMSD,Time (ps),3100,0.1114849,nm,nm
line,overlay,wt-homo,wt-homo,rmsd,vy94cwpl,vy94cwpl::RMSD,wt-homo / RMSD,RMSD,Time (ps),3200,0.1076289,nm,nm
line,overlay,wt-homo,wt-homo,rmsd,vy94cwpl,vy94cwpl::RMSD,wt-homo / RMSD,RMSD,Time (ps),3300,0.10553278,nm,nm
line,overlay,wt-homo,wt-homo,rmsd,vy94cwpl,vy94cwpl::RMSD,wt-homo / RMSD,RMSD,Time (ps),3400,0.11387241,nm,nm
line,overlay,wt-homo,wt-homo,rmsd,vy94cwpl,vy94cwpl::RMSD,wt-homo / RMSD,RMSD,Time (ps),3500,0.12852481,nm,nm
line,overlay,wt-homo,wt-homo,rmsd,vy94cwpl,vy94cwpl::RMSD,wt-homo / RMSD,RMSD,Time (ps),3600,0.12626664,nm,nm
line,overlay,wt-homo,wt-homo,rmsd,vy94cwpl,vy94cwpl::RMSD,wt-homo / RMSD,RMSD,Time (ps),3700,0.10455078,nm,nm
line,overlay,wt-homo,wt-homo,rmsd,vy94cwpl,vy94cwpl::RMSD,wt-homo / RMSD,RMSD,Time (ps),3800,0.10962825,nm,nm
line,overlay,wt-homo,wt-homo,rmsd,vy94cwpl,vy94cwpl::RMSD,wt-homo / RMSD,RMSD,Time (ps),3900,0.12575245,nm,nm
line,overlay,wt-homo,wt-homo,rmsd,vy94cwpl,vy94cwpl::RMSD,wt-homo / RMSD,RMSD,Time (ps),4000,0.11310967,nm,nm
line,overlay,wt-homo,wt-homo,rmsd,vy94cwpl,vy94cwpl::RMSD,wt-homo / RMSD,RMSD,Time (ps),4100,0.12164162,nm,nm
line,overlay,wt-homo,wt-homo,rmsd,vy94cwpl,vy94cwpl::RMSD,wt-homo / RMSD,RMSD,Time (ps),4200,0.117999114,nm,nm
line,overlay,wt-homo,wt-homo,rmsd,vy94cwpl,vy94cwpl::RMSD,wt-homo / RMSD,RMSD,Time (ps),4300,0.13765027,nm,nm
line,overlay,wt-homo,wt-homo,rmsd,vy94cwpl,vy94cwpl::RMSD,wt-homo / RMSD,RMSD,Time (ps),4400,0.11443999,nm,nm
line,overlay,wt-homo,wt-homo,rmsd,vy94cwpl,vy94cwpl::RMSD,wt-homo / RMSD,RMSD,Time (ps),4500,0.13199478,nm,nm
line,overlay,wt-homo,wt-homo,rmsd,vy94cwpl,vy94cwpl::RMSD,wt-homo / RMSD,RMSD,Time (ps),4600,0.122469746,nm,nm
line,overlay,wt-homo,wt-homo,rmsd,vy94cwpl,vy94cwpl::RMSD,wt-homo / RMSD,RMSD,Time (ps),4700,0.13425699,nm,nm
line,overlay,wt-homo,wt-homo,rmsd,vy94cwpl,vy94cwpl::RMSD,wt-homo / RMSD,RMSD,Time (ps),4800,0.13854359,nm,nm
line,overlay,wt-homo,wt-homo,rmsd,vy94cwpl,vy94cwpl::RMSD,wt-homo / RMSD,RMSD,Time (ps),4900,0.12053291,nm,nm
line,overlay,wt-homo,wt-homo,rmsd,vy94cwpl,vy94cwpl::RMSD,wt-homo / RMSD,RMSD,Time (ps),5000,0.13871932,nm,nm
line,overlay,wt-homo,wt-homo,rmsd,vy94cwpl,vy94cwpl::RMSD,wt-homo / RMSD,RMSD,Time (ps),5100,0.14697808,nm,nm
line,overlay,wt-homo,wt-homo,rmsd,vy94cwpl,vy94cwpl::RMSD,wt-homo / RMSD,RMSD,Time (ps),5200,0.13977279,nm,nm
line,overlay,wt-homo,wt-homo,rmsd,vy94cwpl,vy94cwpl::RMSD,wt-homo / RMSD,RMSD,Time (ps),5300,0.121799186,nm,nm
line,overlay,wt-homo,wt-homo,rmsd,vy94cwpl,vy94cwpl::RMSD,wt-homo / RMSD,RMSD,Time (ps),5400,0.11768241,nm,nm
line,overlay,wt-homo,wt-homo,rmsd,vy94cwpl,vy94cwpl::RMSD,wt-homo / RMSD,RMSD,Time (ps),5500,0.13482718,nm,nm
line,overlay,wt-homo,wt-homo,rmsd,vy94cwpl,vy94cwpl::RMSD,wt-homo / RMSD,RMSD,Time (ps),5600,0.14091405,nm,nm
line,overlay,wt-homo,wt-homo,rmsd,vy94cwpl,vy94cwpl::RMSD,wt-homo / RMSD,RMSD,Time (ps),5700,0.13992475,nm,nm
line,overlay,wt-homo,wt-homo,rmsd,vy94cwpl,vy94cwpl::RMSD,wt-homo / RMSD,RMSD,Time (ps),5800,0.14435552,nm,nm
line,overlay,wt-homo,wt-homo,rmsd,vy94cwpl,vy94cwpl::RMSD,wt-homo / RMSD,RMSD,Time (ps),5900,0.1443986,nm,nm
line,overlay,wt-homo,wt-homo,rmsd,vy94cwpl,vy94cwpl::RMSD,wt-homo / RMSD,RMSD,Time (ps),6000,0.13897319,nm,nm
line,overlay,wt-homo,wt-homo,rmsd,vy94cwpl,vy94cwpl::RMSD,wt-homo / RMSD,RMSD,Time (ps),6100,0.13775566,nm,nm
line,overlay,wt-homo,wt-homo,rmsd,vy94cwpl,vy94cwpl::RMSD,wt-homo / RMSD,RMSD,Time (ps),6200,0.14631002,nm,nm
line,overlay,wt-homo,wt-homo,rmsd,vy94cwpl,vy94cwpl::RMSD,wt-homo / RMSD,RMSD,Time (ps),6300,0.13103704,nm,nm
line,overlay,wt-homo,wt-homo,rmsd,vy94cwpl,vy94cwpl::RMSD,wt-homo / RMSD,RMSD,Time (ps),6400,0.12566999,nm,nm
line,overlay,wt-homo,wt-homo,rmsd,vy94cwpl,vy94cwpl::RMSD,wt-homo / RMSD,RMSD,Time (ps),6500,0.13277395,nm,nm
line,overlay,wt-homo,wt-homo,rmsd,vy94cwpl,vy94cwpl::RMSD,wt-homo / RMSD,RMSD,Time (ps),6600,0.13915582,nm,nm
line,overlay,wt-homo,wt-homo,rmsd,vy94cwpl,vy94cwpl::RMSD,wt-homo / RMSD,RMSD,Time (ps),6700,0.13810891,nm,nm
line,overlay,wt-homo,wt-homo,rmsd,vy94cwpl,vy94cwpl::RMSD,wt-homo / RMSD,RMSD,Time (ps),6800,0.14472131,nm,nm
line,overlay,wt-homo,wt-homo,rmsd,vy94cwpl,vy94cwpl::RMSD,wt-homo / RMSD,RMSD,Time (ps),6900,0.1487484,nm,nm
line,overlay,wt-homo,wt-homo,rmsd,vy94cwpl,vy94cwpl::RMSD,wt-homo / RMSD,RMSD,Time (ps),7000,0.15886219,nm,nm
line,overlay,wt-homo,wt-homo,rmsd,vy94cwpl,vy94cwpl::RMSD,wt-homo / RMSD,RMSD,Time (ps),7100,0.14831915,nm,nm
line,overlay,wt-homo,wt-homo,rmsd,vy94cwpl,vy94cwpl::RMSD,wt-homo / RMSD,RMSD,Time (ps),7200,0.1548705,nm,nm
line,overlay,wt-homo,wt-homo,rmsd,vy94cwpl,vy94cwpl::RMSD,wt-homo / RMSD,RMSD,Time (ps),7300,0.1537182,nm,nm
line,overlay,wt-homo,wt-homo,rmsd,vy94cwpl,vy94cwpl::RMSD,wt-homo / RMSD,RMSD,Time (ps),7400,0.14487167,nm,nm
line,overlay,wt-homo,wt-homo,rmsd,vy94cwpl,vy94cwpl::RMSD,wt-homo / RMSD,RMSD,Time (ps),7500,0.15637933,nm,nm
line,overlay,wt-homo,wt-homo,rmsd,vy94cwpl,vy94cwpl::RMSD,wt-homo / RMSD,RMSD,Time (ps),7600,0.14235963,nm,nm
line,overlay,wt-homo,wt-homo,rmsd,vy94cwpl,vy94cwpl::RMSD,wt-homo / RMSD,RMSD,Time (ps),7700,0.16677031,nm,nm
line,overlay,wt-homo,wt-homo,rmsd,vy94cwpl,vy94cwpl::RMSD,wt-homo / RMSD,RMSD,Time (ps),7800,0.16053054,nm,nm
line,overlay,wt-homo,wt-homo,rmsd,vy94cwpl,vy94cwpl::RMSD,wt-homo / RMSD,RMSD,Time (ps),7900,0.16565698,nm,nm
line,overlay,wt-homo,wt-homo,rmsd,vy94cwpl,vy94cwpl::RMSD,wt-homo / RMSD,RMSD,Time (ps),8000,0.16966069,nm,nm
line,overlay,wt-homo,wt-homo,rmsd,vy94cwpl,vy94cwpl::RMSD,wt-homo / RMSD,RMSD,Time (ps),8100,0.16259031,nm,nm
line,overlay,wt-homo,wt-homo,rmsd,vy94cwpl,vy94cwpl::RMSD,wt-homo / RMSD,RMSD,Time (ps),8200,0.14596596,nm,nm
line,overlay,wt-homo,wt-homo,rmsd,vy94cwpl,vy94cwpl::RMSD,wt-homo / RMSD,RMSD,Time (ps),8300,0.15546845,nm,nm
line,overlay,wt-homo,wt-homo,rmsd,vy94cwpl,vy94cwpl::RMSD,wt-homo / RMSD,RMSD,Time (ps),8400,0.16642183,nm,nm
line,overlay,wt-homo,wt-homo,rmsd,vy94cwpl,vy94cwpl::RMSD,wt-homo / RMSD,RMSD,Time (ps),8500,0.15903176,nm,nm
line,overlay,wt-homo,wt-homo,rmsd,vy94cwpl,vy94cwpl::RMSD,wt-homo / RMSD,RMSD,Time (ps),8600,0.1633822,nm,nm
line,overlay,wt-homo,wt-homo,rmsd,vy94cwpl,vy94cwpl::RMSD,wt-homo / RMSD,RMSD,Time (ps),8700,0.16455817,nm,nm
line,overlay,wt-homo,wt-homo,rmsd,vy94cwpl,vy94cwpl::RMSD,wt-homo / RMSD,RMSD,Time (ps),8800,0.15395744,nm,nm
line,overlay,wt-homo,wt-homo,rmsd,vy94cwpl,vy94cwpl::RMSD,wt-homo / RMSD,RMSD,Time (ps),8900,0.14765015,nm,nm
line,overlay,wt-homo,wt-homo,rmsd,vy94cwpl,vy94cwpl::RMSD,wt-homo / RMSD,RMSD,Time (ps),9000,0.14943679,nm,nm
line,overlay,wt-homo,wt-homo,rmsd,vy94cwpl,vy94cwpl::RMSD,wt-homo / RMSD,RMSD,Time (ps),9100,0.14270148,nm,nm
line,overlay,wt-homo,wt-homo,rmsd,vy94cwpl,vy94cwpl::RMSD,wt-homo / RMSD,RMSD,Time (ps),9200,0.14410396,nm,nm
line,overlay,wt-homo,wt-homo,rmsd,vy94cwpl,vy94cwpl::RMSD,wt-homo / RMSD,RMSD,Time (ps),9300,0.14939862,nm,nm
line,overlay,wt-homo,wt-homo,rmsd,vy94cwpl,vy94cwpl::RMSD,wt-homo / RMSD,RMSD,Time (ps),9400,0.16409133,nm,nm
line,overlay,wt-homo,wt-homo,rmsd,vy94cwpl,vy94cwpl::RMSD,wt-homo / RMSD,RMSD,Time (ps),9500,0.14164051,nm,nm
line,overlay,wt-homo,wt-homo,rmsd,vy94cwpl,vy94cwpl::RMSD,wt-homo / RMSD,RMSD,Time (ps),9600,0.15314727,nm,nm
line,overlay,wt-homo,wt-homo,rmsd,vy94cwpl,vy94cwpl::RMSD,wt-homo / RMSD,RMSD,Time (ps),9700,0.15375867,nm,nm
line,overlay,wt-homo,wt-homo,rmsd,vy94cwpl,vy94cwpl::RMSD,wt-homo / RMSD,RMSD,Time (ps),9800,0.13759753,nm,nm
line,overlay,wt-homo,wt-homo,rmsd,vy94cwpl,vy94cwpl::RMSD,wt-homo / RMSD,RMSD,Time (ps),9900,0.15279487,nm,nm
line,overlay,wt-homo,wt-homo,rmsd,vy94cwpl,vy94cwpl::RMSD,wt-homo / RMSD,RMSD,Time (ps),10000,0.14794825,nm,nm
line,overlay,wt-homo,wt-homo,rmsd,vy94cwpl,vy94cwpl::RMSD,wt-homo / RMSD,RMSD,Time (ps),10100,0.14717545,nm,nm
line,overlay,wt-homo,wt-homo,rmsd,vy94cwpl,vy94cwpl::RMSD,wt-homo / RMSD,RMSD,Time (ps),10200,0.14339359,nm,nm
line,overlay,wt-homo,wt-homo,rmsd,vy94cwpl,vy94cwpl::RMSD,wt-homo / RMSD,RMSD,Time (ps),10300,0.14842048,nm,nm
line,overlay,wt-homo,wt-homo,rmsd,vy94cwpl,vy94cwpl::RMSD,wt-homo / RMSD,RMSD,Time (ps),10400,0.1556484,nm,nm
line,overlay,wt-homo,wt-homo,rmsd,vy94cwpl,vy94cwpl::RMSD,wt-homo / RMSD,RMSD,Time (ps),10500,0.15222728,nm,nm
line,overlay,wt-homo,wt-homo,rmsd,vy94cwpl,vy94cwpl::RMSD,wt-homo / RMSD,RMSD,Time (ps),10600,0.15660456,nm,nm
line,overlay,wt-homo,wt-homo,rmsd,vy94cwpl,vy94cwpl::RMSD,wt-homo / RMSD,RMSD,Time (ps),10700,0.14295189,nm,nm
line,overlay,wt-homo,wt-homo,rmsd,vy94cwpl,vy94cwpl::RMSD,wt-homo / RMSD,RMSD,Time (ps),10800,0.15283896,nm,nm
line,overlay,wt-homo,wt-homo,rmsd,vy94cwpl,vy94cwpl::RMSD,wt-homo / RMSD,RMSD,Time (ps),10900,0.1652748,nm,nm
line,overlay,wt-homo,wt-homo,rmsd,vy94cwpl,vy94cwpl::RMSD,wt-homo / RMSD,RMSD,Time (ps),11000,0.15824758,nm,nm
line,overlay,wt-homo,wt-homo,rmsd,vy94cwpl,vy94cwpl::RMSD,wt-homo / RMSD,RMSD,Time (ps),11100,0.1490756,nm,nm
line,overlay,wt-homo,wt-homo,rmsd,vy94cwpl,vy94cwpl::RMSD,wt-homo / RMSD,RMSD,Time (ps),11200,0.16413239,nm,nm
line,overlay,wt-homo,wt-homo,rmsd,vy94cwpl,vy94cwpl::RMSD,wt-homo / RMSD,RMSD,Time (ps),11300,0.15781133,nm,nm
line,overlay,wt-homo,wt-homo,rmsd,vy94cwpl,vy94cwpl::RMSD,wt-homo / RMSD,RMSD,Time (ps),11400,0.15786387,nm,nm
line,overlay,wt-homo,wt-homo,rmsd,vy94cwpl,vy94cwpl::RMSD,wt-homo / RMSD,RMSD,Time (ps),11500,0.14923893,nm,nm
line,overlay,wt-homo,wt-homo,rmsd,vy94cwpl,vy94cwpl::RMSD,wt-homo / RMSD,RMSD,Time (ps),11600,0.15348198,nm,nm
line,overlay,wt-homo,wt-homo,rmsd,vy94cwpl,vy94cwpl::RMSD,wt-homo / RMSD,RMSD,Time (ps),11700,0.15229876,nm,nm
line,overlay,wt-homo,wt-homo,rmsd,vy94cwpl,vy94cwpl::RMSD,wt-homo / RMSD,RMSD,Time (ps),11800,0.16147386,nm,nm
line,overlay,wt-homo,wt-homo,rmsd,vy94cwpl,vy94cwpl::RMSD,wt-homo / RMSD,RMSD,Time (ps),11900,0.15198533,nm,nm
line,overlay,wt-homo,wt-homo,rmsd,vy94cwpl,vy94cwpl::RMSD,wt-homo / RMSD,RMSD,Time (ps),12000,0.15531167,nm,nm
line,overlay,wt-homo,wt-homo,rmsd,vy94cwpl,vy94cwpl::RMSD,wt-homo / RMSD,RMSD,Time (ps),12100,0.17506479,nm,nm
line,overlay,wt-homo,wt-homo,rmsd,vy94cwpl,vy94cwpl::RMSD,wt-homo / RMSD,RMSD,Time (ps),12200,0.16036578,nm,nm
line,overlay,wt-homo,wt-homo,rmsd,vy94cwpl,vy94cwpl::RMSD,wt-homo / RMSD,RMSD,Time (ps),12300,0.15967582,nm,nm
line,overlay,wt-homo,wt-homo,rmsd,vy94cwpl,vy94cwpl::RMSD,wt-homo / RMSD,RMSD,Time (ps),12400,0.17437355,nm,nm
line,overlay,wt-homo,wt-homo,rmsd,vy94cwpl,vy94cwpl::RMSD,wt-homo / RMSD,RMSD,Time (ps),12500,0.15666083,nm,nm
line,overlay,wt-homo,wt-homo,rmsd,vy94cwpl,vy94cwpl::RMSD,wt-homo / RMSD,RMSD,Time (ps),12600,0.16647166,nm,nm
line,overlay,wt-homo,wt-homo,rmsd,vy94cwpl,vy94cwpl::RMSD,wt-homo / RMSD,RMSD,Time (ps),12700,0.16568515,nm,nm
line,overlay,wt-homo,wt-homo,rmsd,vy94cwpl,vy94cwpl::RMSD,wt-homo / RMSD,RMSD,Time (ps),12800,0.17716917,nm,nm
line,overlay,wt-homo,wt-homo,rmsd,vy94cwpl,vy94cwpl::RMSD,wt-homo / RMSD,RMSD,Time (ps),12900,0.16624108,nm,nm
line,overlay,wt-homo,wt-homo,rmsd,vy94cwpl,vy94cwpl::RMSD,wt-homo / RMSD,RMSD,Time (ps),13000,0.16541587,nm,nm
line,overlay,wt-homo,wt-homo,rmsd,vy94cwpl,vy94cwpl::RMSD,wt-homo / RMSD,RMSD,Time (ps),13100,0.14853568,nm,nm
line,overlay,wt-homo,wt-homo,rmsd,vy94cwpl,vy94cwpl::RMSD,wt-homo / RMSD,RMSD,Time (ps),13200,0.16955984,nm,nm
line,overlay,wt-homo,wt-homo,rmsd,vy94cwpl,vy94cwpl::RMSD,wt-homo / RMSD,RMSD,Time (ps),13300,0.15668729,nm,nm
line,overlay,wt-homo,wt-homo,rmsd,vy94cwpl,vy94cwpl::RMSD,wt-homo / RMSD,RMSD,Time (ps),13400,0.1649043,nm,nm
line,overlay,wt-homo,wt-homo,rmsd,vy94cwpl,vy94cwpl::RMSD,wt-homo / RMSD,RMSD,Time (ps),13500,0.17507368,nm,nm
line,overlay,wt-homo,wt-homo,rmsd,vy94cwpl,vy94cwpl::RMSD,wt-homo / RMSD,RMSD,Time (ps),13600,0.17065378,nm,nm
line,overlay,wt-homo,wt-homo,rmsd,vy94cwpl,vy94cwpl::RMSD,wt-homo / RMSD,RMSD,Time (ps),13700,0.17447458,nm,nm
line,overlay,wt-homo,wt-homo,rmsd,vy94cwpl,vy94cwpl::RMSD,wt-homo / RMSD,RMSD,Time (ps),13800,0.16073383,nm,nm
line,overlay,wt-homo,wt-homo,rmsd,vy94cwpl,vy94cwpl::RMSD,wt-homo / RMSD,RMSD,Time (ps),13900,0.1709815,nm,nm
line,overlay,wt-homo,wt-homo,rmsd,vy94cwpl,vy94cwpl::RMSD,wt-homo / RMSD,RMSD,Time (ps),14000,0.16376564,nm,nm
line,overlay,wt-homo,wt-homo,rmsd,vy94cwpl,vy94cwpl::RMSD,wt-homo / RMSD,RMSD,Time (ps),14100,0.16426498,nm,nm
line,overlay,wt-homo,wt-homo,rmsd,vy94cwpl,vy94cwpl::RMSD,wt-homo / RMSD,RMSD,Time (ps),14200,0.16925693,nm,nm
line,overlay,wt-homo,wt-homo,rmsd,vy94cwpl,vy94cwpl::RMSD,wt-homo / RMSD,RMSD,Time (ps),14300,0.1544415,nm,nm
line,overlay,wt-homo,wt-homo,rmsd,vy94cwpl,vy94cwpl::RMSD,wt-homo / RMSD,RMSD,Time (ps),14400,0.16809532,nm,nm
line,overlay,wt-homo,wt-homo,rmsd,vy94cwpl,vy94cwpl::RMSD,wt-homo / RMSD,RMSD,Time (ps),14500,0.15700124,nm,nm
line,overlay,wt-homo,wt-homo,rmsd,vy94cwpl,vy94cwpl::RMSD,wt-homo / RMSD,RMSD,Time (ps),14600,0.15810667,nm,nm
line,overlay,wt-homo,wt-homo,rmsd,vy94cwpl,vy94cwpl::RMSD,wt-homo / RMSD,RMSD,Time (ps),14700,0.15209782,nm,nm
line,overlay,wt-homo,wt-homo,rmsd,vy94cwpl,vy94cwpl::RMSD,wt-homo / RMSD,RMSD,Time (ps),14800,0.15534504,nm,nm
line,overlay,wt-homo,wt-homo,rmsd,vy94cwpl,vy94cwpl::RMSD,wt-homo / RMSD,RMSD,Time (ps),14900,0.1625648,nm,nm
line,overlay,wt-homo,wt-homo,rmsd,vy94cwpl,vy94cwpl::RMSD,wt-homo / RMSD,RMSD,Time (ps),15000,0.15200238,nm,nm
line,overlay,wt-homo,wt-homo,rmsd,vy94cwpl,vy94cwpl::RMSD,wt-homo / RMSD,RMSD,Time (ps),15100,0.1586271,nm,nm
line,overlay,wt-homo,wt-homo,rmsd,vy94cwpl,vy94cwpl::RMSD,wt-homo / RMSD,RMSD,Time (ps),15200,0.15663435,nm,nm
line,overlay,wt-homo,wt-homo,rmsd,vy94cwpl,vy94cwpl::RMSD,wt-homo / RMSD,RMSD,Time (ps),15300,0.15604751,nm,nm
line,overlay,wt-homo,wt-homo,rmsd,vy94cwpl,vy94cwpl::RMSD,wt-homo / RMSD,RMSD,Time (ps),15400,0.15809028,nm,nm
line,overlay,wt-homo,wt-homo,rmsd,vy94cwpl,vy94cwpl::RMSD,wt-homo / RMSD,RMSD,Time (ps),15500,0.1647911,nm,nm
line,overlay,wt-homo,wt-homo,rmsd,vy94cwpl,vy94cwpl::RMSD,wt-homo / RMSD,RMSD,Time (ps),15600,0.1588524,nm,nm
line,overlay,wt-homo,wt-homo,rmsd,vy94cwpl,vy94cwpl::RMSD,wt-homo / RMSD,RMSD,Time (ps),15700,0.15083161,nm,nm
line,overlay,wt-homo,wt-homo,rmsd,vy94cwpl,vy94cwpl::RMSD,wt-homo / RMSD,RMSD,Time (ps),15800,0.15576823,nm,nm
line,overlay,wt-homo,wt-homo,rmsd,vy94cwpl,vy94cwpl::RMSD,wt-homo / RMSD,RMSD,Time (ps),15900,0.16604453,nm,nm
line,overlay,wt-homo,wt-homo,rmsd,vy94cwpl,vy94cwpl::RMSD,wt-homo / RMSD,RMSD,Time (ps),16000,0.15748253,nm,nm
line,overlay,wt-homo,wt-homo,rmsd,vy94cwpl,vy94cwpl::RMSD,wt-homo / RMSD,RMSD,Time (ps),16100,0.15766674,nm,nm
line,overlay,wt-homo,wt-homo,rmsd,vy94cwpl,vy94cwpl::RMSD,wt-homo / RMSD,RMSD,Time (ps),16200,0.16151558,nm,nm
line,overlay,wt-homo,wt-homo,rmsd,vy94cwpl,vy94cwpl::RMSD,wt-homo / RMSD,RMSD,Time (ps),16300,0.16500486,nm,nm
line,overlay,wt-homo,wt-homo,rmsd,vy94cwpl,vy94cwpl::RMSD,wt-homo / RMSD,RMSD,Time (ps),16400,0.1586663,nm,nm
line,overlay,wt-homo,wt-homo,rmsd,vy94cwpl,vy94cwpl::RMSD,wt-homo / RMSD,RMSD,Time (ps),16500,0.16946505,nm,nm
line,overlay,wt-homo,wt-homo,rmsd,vy94cwpl,vy94cwpl::RMSD,wt-homo / RMSD,RMSD,Time (ps),16600,0.17372133,nm,nm
line,overlay,wt-homo,wt-homo,rmsd,vy94cwpl,vy94cwpl::RMSD,wt-homo / RMSD,RMSD,Time (ps),16700,0.15954266,nm,nm
line,overlay,wt-homo,wt-homo,rmsd,vy94cwpl,vy94cwpl::RMSD,wt-homo / RMSD,RMSD,Time (ps),16800,0.16619118,nm,nm
line,overlay,wt-homo,wt-homo,rmsd,vy94cwpl,vy94cwpl::RMSD,wt-homo / RMSD,RMSD,Time (ps),16900,0.17928065,nm,nm
line,overlay,wt-homo,wt-homo,rmsd,vy94cwpl,vy94cwpl::RMSD,wt-homo / RMSD,RMSD,Time (ps),17000,0.16692874,nm,nm
line,overlay,wt-homo,wt-homo,rmsd,vy94cwpl,vy94cwpl::RMSD,wt-homo / RMSD,RMSD,Time (ps),17100,0.16853571,nm,nm
line,overlay,wt-homo,wt-homo,rmsd,vy94cwpl,vy94cwpl::RMSD,wt-homo / RMSD,RMSD,Time (ps),17200,0.1662598,nm,nm
line,overlay,wt-homo,wt-homo,rmsd,vy94cwpl,vy94cwpl::RMSD,wt-homo / RMSD,RMSD,Time (ps),17300,0.16644986,nm,nm
line,overlay,wt-homo,wt-homo,rmsd,vy94cwpl,vy94cwpl::RMSD,wt-homo / RMSD,RMSD,Time (ps),17400,0.16233186,nm,nm
line,overlay,wt-homo,wt-homo,rmsd,vy94cwpl,vy94cwpl::RMSD,wt-homo / RMSD,RMSD,Time (ps),17500,0.1557416,nm,nm
line,overlay,wt-homo,wt-homo,rmsd,vy94cwpl,vy94cwpl::RMSD,wt-homo / RMSD,RMSD,Time (ps),17600,0.15262176,nm,nm
line,overlay,wt-homo,wt-homo,rmsd,vy94cwpl,vy94cwpl::RMSD,wt-homo / RMSD,RMSD,Time (ps),17700,0.15459916,nm,nm
line,overlay,wt-homo,wt-homo,rmsd,vy94cwpl,vy94cwpl::RMSD,wt-homo / RMSD,RMSD,Time (ps),17800,0.1607822,nm,nm
line,overlay,wt-homo,wt-homo,rmsd,vy94cwpl,vy94cwpl::RMSD,wt-homo / RMSD,RMSD,Time (ps),17900,0.15945493,nm,nm
line,overlay,wt-homo,wt-homo,rmsd,vy94cwpl,vy94cwpl::RMSD,wt-homo / RMSD,RMSD,Time (ps),18000,0.15658139,nm,nm
line,overlay,wt-homo,wt-homo,rmsd,vy94cwpl,vy94cwpl::RMSD,wt-homo / RMSD,RMSD,Time (ps),18100,0.16177212,nm,nm
line,overlay,wt-homo,wt-homo,rmsd,vy94cwpl,vy94cwpl::RMSD,wt-homo / RMSD,RMSD,Time (ps),18200,0.16413239,nm,nm
line,overlay,wt-homo,wt-homo,rmsd,vy94cwpl,vy94cwpl::RMSD,wt-homo / RMSD,RMSD,Time (ps),18300,0.16050793,nm,nm
line,overlay,wt-homo,wt-homo,rmsd,vy94cwpl,vy94cwpl::RMSD,wt-homo / RMSD,RMSD,Time (ps),18400,0.15264893,nm,nm
line,overlay,wt-homo,wt-homo,rmsd,vy94cwpl,vy94cwpl::RMSD,wt-homo / RMSD,RMSD,Time (ps),18500,0.15477341,nm,nm
line,overlay,wt-homo,wt-homo,rmsd,vy94cwpl,vy94cwpl::RMSD,wt-homo / RMSD,RMSD,Time (ps),18600,0.1553784,nm,nm
line,overlay,wt-homo,wt-homo,rmsd,vy94cwpl,vy94cwpl::RMSD,wt-homo / RMSD,RMSD,Time (ps),18700,0.16140643,nm,nm
line,overlay,wt-homo,wt-homo,rmsd,vy94cwpl,vy94cwpl::RMSD,wt-homo / RMSD,RMSD,Time (ps),18800,0.15379575,nm,nm
line,overlay,wt-homo,wt-homo,rmsd,vy94cwpl,vy94cwpl::RMSD,wt-homo / RMSD,RMSD,Time (ps),18900,0.16328065,nm,nm
line,overlay,wt-homo,wt-homo,rmsd,vy94cwpl,vy94cwpl::RMSD,wt-homo / RMSD,RMSD,Time (ps),19000,0.1644668,nm,nm
line,overlay,wt-homo,wt-homo,rmsd,vy94cwpl,vy94cwpl::RMSD,wt-homo / RMSD,RMSD,Time (ps),19100,0.15633954,nm,nm
line,overlay,wt-homo,wt-homo,rmsd,vy94cwpl,vy94cwpl::RMSD,wt-homo / RMSD,RMSD,Time (ps),19200,0.15764701,nm,nm
line,overlay,wt-homo,wt-homo,rmsd,vy94cwpl,vy94cwpl::RMSD,wt-homo / RMSD,RMSD,Time (ps),19300,0.14670628,nm,nm
line,overlay,wt-homo,wt-homo,rmsd,vy94cwpl,vy94cwpl::RMSD,wt-homo / RMSD,RMSD,Time (ps),19400,0.14889468,nm,nm
line,overlay,wt-homo,wt-homo,rmsd,vy94cwpl,vy94cwpl::RMSD,wt-homo / RMSD,RMSD,Time (ps),19500,0.15809684,nm,nm
line,overlay,wt-homo,wt-homo,rmsd,vy94cwpl,vy94cwpl::RMSD,wt-homo / RMSD,RMSD,Time (ps),19600,0.15984453,nm,nm
line,overlay,wt-homo,wt-homo,rmsd,vy94cwpl,vy94cwpl::RMSD,wt-homo / RMSD,RMSD,Time (ps),19700,0.1555851,nm,nm
line,overlay,wt-homo,wt-homo,rmsd,vy94cwpl,vy94cwpl::RMSD,wt-homo / RMSD,RMSD,Time (ps),19800,0.16022027,nm,nm
line,overlay,wt-homo,wt-homo,rmsd,vy94cwpl,vy94cwpl::RMSD,wt-homo / RMSD,RMSD,Time (ps),19900,0.15455557,nm,nm
line,overlay,wt-homo,wt-homo,rmsd,vy94cwpl,vy94cwpl::RMSD,wt-homo / RMSD,RMSD,Time (ps),20000,0.1621945,nm,nm
line,overlay,wt-homo,wt-homo,rmsd,vy94cwpl,vy94cwpl::RMSD,wt-homo / RMSD,RMSD,Time (ps),20100,0.16007785,nm,nm
line,overlay,wt-homo,wt-homo,rmsd,vy94cwpl,vy94cwpl::RMSD,wt-homo / RMSD,RMSD,Time (ps),20200,0.15923047,nm,nm
line,overlay,wt-homo,wt-homo,rmsd,vy94cwpl,vy94cwpl::RMSD,wt-homo / RMSD,RMSD,Time (ps),20300,0.15644561,nm,nm
line,overlay,wt-homo,wt-homo,rmsd,vy94cwpl,vy94cwpl::RMSD,wt-homo / RMSD,RMSD,Time (ps),20400,0.17154747,nm,nm
line,overlay,wt-homo,wt-homo,rmsd,vy94cwpl,vy94cwpl::RMSD,wt-homo / RMSD,RMSD,Time (ps),20500,0.15636274,nm,nm
line,overlay,wt-homo,wt-homo,rmsd,vy94cwpl,vy94cwpl::RMSD,wt-homo / RMSD,RMSD,Time (ps),20600,0.16011022,nm,nm
line,overlay,wt-homo,wt-homo,rmsd,vy94cwpl,vy94cwpl::RMSD,wt-homo / RMSD,RMSD,Time (ps),20700,0.15824103,nm,nm
line,overlay,wt-homo,wt-homo,rmsd,vy94cwpl,vy94cwpl::RMSD,wt-homo / RMSD,RMSD,Time (ps),20800,0.15982184,nm,nm
line,overlay,wt-homo,wt-homo,rmsd,vy94cwpl,vy94cwpl::RMSD,wt-homo / RMSD,RMSD,Time (ps),20900,0.17166829,nm,nm
line,overlay,wt-homo,wt-homo,rmsd,vy94cwpl,vy94cwpl::RMSD,wt-homo / RMSD,RMSD,Time (ps),21000,0.1683018,nm,nm
line,overlay,wt-homo,wt-homo,rmsd,vy94cwpl,vy94cwpl::RMSD,wt-homo / RMSD,RMSD,Time (ps),21100,0.16400601,nm,nm
line,overlay,wt-homo,wt-homo,rmsd,vy94cwpl,vy94cwpl::RMSD,wt-homo / RMSD,RMSD,Time (ps),21200,0.15656152,nm,nm
line,overlay,wt-homo,wt-homo,rmsd,vy94cwpl,vy94cwpl::RMSD,wt-homo / RMSD,RMSD,Time (ps),21300,0.15578154,nm,nm
line,overlay,wt-homo,wt-homo,rmsd,vy94cwpl,vy94cwpl::RMSD,wt-homo / RMSD,RMSD,Time (ps),21400,0.1573014,nm,nm
line,overlay,wt-homo,wt-homo,rmsd,vy94cwpl,vy94cwpl::RMSD,wt-homo / RMSD,RMSD,Time (ps),21500,0.15532836,nm,nm
line,overlay,wt-homo,wt-homo,rmsd,vy94cwpl,vy94cwpl::RMSD,wt-homo / RMSD,RMSD,Time (ps),21600,0.15267949,nm,nm
line,overlay,wt-homo,wt-homo,rmsd,vy94cwpl,vy94cwpl::RMSD,wt-homo / RMSD,RMSD,Time (ps),21700,0.1551681,nm,nm
line,overlay,wt-homo,wt-homo,rmsd,vy94cwpl,vy94cwpl::RMSD,wt-homo / RMSD,RMSD,Time (ps),21800,0.15220344,nm,nm
line,overlay,wt-homo,wt-homo,rmsd,vy94cwpl,vy94cwpl::RMSD,wt-homo / RMSD,RMSD,Time (ps),21900,0.15379575,nm,nm
line,overlay,wt-homo,wt-homo,rmsd,vy94cwpl,vy94cwpl::RMSD,wt-homo / RMSD,RMSD,Time (ps),22000,0.16408817,nm,nm
line,overlay,wt-homo,wt-homo,rmsd,vy94cwpl,vy94cwpl::RMSD,wt-homo / RMSD,RMSD,Time (ps),22100,0.17209351,nm,nm
line,overlay,wt-homo,wt-homo,rmsd,vy94cwpl,vy94cwpl::RMSD,wt-homo / RMSD,RMSD,Time (ps),22200,0.16340758,nm,nm
line,overlay,wt-homo,wt-homo,rmsd,vy94cwpl,vy94cwpl::RMSD,wt-homo / RMSD,RMSD,Time (ps),22300,0.17458151,nm,nm
line,overlay,wt-homo,wt-homo,rmsd,vy94cwpl,vy94cwpl::RMSD,wt-homo / RMSD,RMSD,Time (ps),22400,0.16161825,nm,nm
line,overlay,wt-homo,wt-homo,rmsd,vy94cwpl,vy94cwpl::RMSD,wt-homo / RMSD,RMSD,Time (ps),22500,0.17486037,nm,nm
line,overlay,wt-homo,wt-homo,rmsd,vy94cwpl,vy94cwpl::RMSD,wt-homo / RMSD,RMSD,Time (ps),22600,0.17653903,nm,nm
line,overlay,wt-homo,wt-homo,rmsd,vy94cwpl,vy94cwpl::RMSD,wt-homo / RMSD,RMSD,Time (ps),22700,0.17035586,nm,nm
line,overlay,wt-homo,wt-homo,rmsd,vy94cwpl,vy94cwpl::RMSD,wt-homo / RMSD,RMSD,Time (ps),22800,0.17192174,nm,nm
line,overlay,wt-homo,wt-homo,rmsd,vy94cwpl,vy94cwpl::RMSD,wt-homo / RMSD,RMSD,Time (ps),22900,0.18301485,nm,nm
line,overlay,wt-homo,wt-homo,rmsd,vy94cwpl,vy94cwpl::RMSD,wt-homo / RMSD,RMSD,Time (ps),23000,0.20691612,nm,nm
line,overlay,wt-homo,wt-homo,rmsd,vy94cwpl,vy94cwpl::RMSD,wt-homo / RMSD,RMSD,Time (ps),23100,0.18068033,nm,nm
line,overlay,wt-homo,wt-homo,rmsd,vy94cwpl,vy94cwpl::RMSD,wt-homo / RMSD,RMSD,Time (ps),23200,0.19145846,nm,nm
line,overlay,wt-homo,wt-homo,rmsd,vy94cwpl,vy94cwpl::RMSD,wt-homo / RMSD,RMSD,Time (ps),23300,0.20089649,nm,nm
line,overlay,wt-homo,wt-homo,rmsd,vy94cwpl,vy94cwpl::RMSD,wt-homo / RMSD,RMSD,Time (ps),23400,0.19247103,nm,nm
line,overlay,wt-homo,wt-homo,rmsd,vy94cwpl,vy94cwpl::RMSD,wt-homo / RMSD,RMSD,Time (ps),23500,0.18039322,nm,nm
line,overlay,wt-homo,wt-homo,rmsd,vy94cwpl,vy94cwpl::RMSD,wt-homo / RMSD,RMSD,Time (ps),23600,0.20438553,nm,nm
line,overlay,wt-homo,wt-homo,rmsd,vy94cwpl,vy94cwpl::RMSD,wt-homo / RMSD,RMSD,Time (ps),23700,0.1829667,nm,nm
line,overlay,wt-homo,wt-homo,rmsd,vy94cwpl,vy94cwpl::RMSD,wt-homo / RMSD,RMSD,Time (ps),23800,0.18496999,nm,nm
line,overlay,wt-homo,wt-homo,rmsd,vy94cwpl,vy94cwpl::RMSD,wt-homo / RMSD,RMSD,Time (ps),23900,0.16297242,nm,nm
line,overlay,wt-homo,wt-homo,rmsd,vy94cwpl,vy94cwpl::RMSD,wt-homo / RMSD,RMSD,Time (ps),24000,0.17807966,nm,nm
line,overlay,wt-homo,wt-homo,rmsd,vy94cwpl,vy94cwpl::RMSD,wt-homo / RMSD,RMSD,Time (ps),24100,0.17531924,nm,nm
line,overlay,wt-homo,wt-homo,rmsd,vy94cwpl,vy94cwpl::RMSD,wt-homo / RMSD,RMSD,Time (ps),24200,0.1843412,nm,nm
line,overlay,wt-homo,wt-homo,rmsd,vy94cwpl,vy94cwpl::RMSD,wt-homo / RMSD,RMSD,Time (ps),24300,0.18719012,nm,nm
line,overlay,wt-homo,wt-homo,rmsd,vy94cwpl,vy94cwpl::RMSD,wt-homo / RMSD,RMSD,Time (ps),24400,0.19150177,nm,nm
line,overlay,wt-homo,wt-homo,rmsd,vy94cwpl,vy94cwpl::RMSD,wt-homo / RMSD,RMSD,Time (ps),24500,0.20488706,nm,nm
line,overlay,wt-homo,wt-homo,rmsd,vy94cwpl,vy94cwpl::RMSD,wt-homo / RMSD,RMSD,Time (ps),24600,0.19593287,nm,nm
line,overlay,wt-homo,wt-homo,rmsd,vy94cwpl,vy94cwpl::RMSD,wt-homo / RMSD,RMSD,Time (ps),24700,0.18766028,nm,nm
line,overlay,wt-homo,wt-homo,rmsd,vy94cwpl,vy94cwpl::RMSD,wt-homo / RMSD,RMSD,Time (ps),24800,0.18097846,nm,nm
line,overlay,wt-homo,wt-homo,rmsd,vy94cwpl,vy94cwpl::RMSD,wt-homo / RMSD,RMSD,Time (ps),24900,0.18376105,nm,nm
line,overlay,wt-homo,wt-homo,rmsd,vy94cwpl,vy94cwpl::RMSD,wt-homo / RMSD,RMSD,Time (ps),25000,0.19232824,nm,nm
line,overlay,wt-homo,wt-homo,rmsd,vy94cwpl,vy94cwpl::RMSD,wt-homo / RMSD,RMSD,Time (ps),25100,0.19970869,nm,nm
line,overlay,wt-homo,wt-homo,rmsd,vy94cwpl,vy94cwpl::RMSD,wt-homo / RMSD,RMSD,Time (ps),25200,0.20672314,nm,nm
line,overlay,wt-homo,wt-homo,rmsd,vy94cwpl,vy94cwpl::RMSD,wt-homo / RMSD,RMSD,Time (ps),25300,0.20206192,nm,nm
line,overlay,wt-homo,wt-homo,rmsd,vy94cwpl,vy94cwpl::RMSD,wt-homo / RMSD,RMSD,Time (ps),25400,0.20226191,nm,nm
line,overlay,wt-homo,wt-homo,rmsd,vy94cwpl,vy94cwpl::RMSD,wt-homo / RMSD,RMSD,Time (ps),25500,0.20055045,nm,nm
line,overlay,wt-homo,wt-homo,rmsd,vy94cwpl,vy94cwpl::RMSD,wt-homo / RMSD,RMSD,Time (ps),25600,0.20443879,nm,nm
line,overlay,wt-homo,wt-homo,rmsd,vy94cwpl,vy94cwpl::RMSD,wt-homo / RMSD,RMSD,Time (ps),25700,0.20667298,nm,nm
line,overlay,wt-homo,wt-homo,rmsd,vy94cwpl,vy94cwpl::RMSD,wt-homo / RMSD,RMSD,Time (ps),25800,0.20099452,nm,nm
line,overlay,wt-homo,wt-homo,rmsd,vy94cwpl,vy94cwpl::RMSD,wt-homo / RMSD,RMSD,Time (ps),25900,0.21228993,nm,nm
line,overlay,wt-homo,wt-homo,rmsd,vy94cwpl,vy94cwpl::RMSD,wt-homo / RMSD,RMSD,Time (ps),26000,0.20551352,nm,nm
line,overlay,wt-homo,wt-homo,rmsd,vy94cwpl,vy94cwpl::RMSD,wt-homo / RMSD,RMSD,Time (ps),26100,0.20304205,nm,nm
line,overlay,wt-homo,wt-homo,rmsd,vy94cwpl,vy94cwpl::RMSD,wt-homo / RMSD,RMSD,Time (ps),26200,0.20889074,nm,nm
line,overlay,wt-homo,wt-homo,rmsd,vy94cwpl,vy94cwpl::RMSD,wt-homo / RMSD,RMSD,Time (ps),26300,0.20800298,nm,nm
line,overlay,wt-homo,wt-homo,rmsd,vy94cwpl,vy94cwpl::RMSD,wt-homo / RMSD,RMSD,Time (ps),26400,0.21165903,nm,nm
line,overlay,wt-homo,wt-homo,rmsd,vy94cwpl,vy94cwpl::RMSD,wt-homo / RMSD,RMSD,Time (ps),26500,0.1955913,nm,nm
line,overlay,wt-homo,wt-homo,rmsd,vy94cwpl,vy94cwpl::RMSD,wt-homo / RMSD,RMSD,Time (ps),26600,0.20674069,nm,nm
line,overlay,wt-homo,wt-homo,rmsd,vy94cwpl,vy94cwpl::RMSD,wt-homo / RMSD,RMSD,Time (ps),26700,0.21338342,nm,nm
line,overlay,wt-homo,wt-homo,rmsd,vy94cwpl,vy94cwpl::RMSD,wt-homo / RMSD,RMSD,Time (ps),26800,0.21209694,nm,nm
line,overlay,wt-homo,wt-homo,rmsd,vy94cwpl,vy94cwpl::RMSD,wt-homo / RMSD,RMSD,Time (ps),26900,0.21223131,nm,nm
line,overlay,wt-homo,wt-homo,rmsd,vy94cwpl,vy94cwpl::RMSD,wt-homo / RMSD,RMSD,Time (ps),27000,0.20941862,nm,nm
line,overlay,wt-homo,wt-homo,rmsd,vy94cwpl,vy94cwpl::RMSD,wt-homo / RMSD,RMSD,Time (ps),27100,0.21224841,nm,nm
line,overlay,wt-homo,wt-homo,rmsd,vy94cwpl,vy94cwpl::RMSD,wt-homo / RMSD,RMSD,Time (ps),27200,0.2070889,nm,nm
line,overlay,wt-homo,wt-homo,rmsd,vy94cwpl,vy94cwpl::RMSD,wt-homo / RMSD,RMSD,Time (ps),27300,0.21929432,nm,nm
line,overlay,wt-homo,wt-homo,rmsd,vy94cwpl,vy94cwpl::RMSD,wt-homo / RMSD,RMSD,Time (ps),27400,0.23622654,nm,nm
line,overlay,wt-homo,wt-homo,rmsd,vy94cwpl,vy94cwpl::RMSD,wt-homo / RMSD,RMSD,Time (ps),27500,0.21302848,nm,nm
line,overlay,wt-homo,wt-homo,rmsd,vy94cwpl,vy94cwpl::RMSD,wt-homo / RMSD,RMSD,Time (ps),27600,0.21733314,nm,nm
line,overlay,wt-homo,wt-homo,rmsd,vy94cwpl,vy94cwpl::RMSD,wt-homo / RMSD,RMSD,Time (ps),27700,0.231295,nm,nm
line,overlay,wt-homo,wt-homo,rmsd,vy94cwpl,vy94cwpl::RMSD,wt-homo / RMSD,RMSD,Time (ps),27800,0.21513014,nm,nm
line,overlay,wt-homo,wt-homo,rmsd,vy94cwpl,vy94cwpl::RMSD,wt-homo / RMSD,RMSD,Time (ps),27900,0.22035071,nm,nm
line,overlay,wt-homo,wt-homo,rmsd,vy94cwpl,vy94cwpl::RMSD,wt-homo / RMSD,RMSD,Time (ps),28000,0.22705415,nm,nm
line,overlay,wt-homo,wt-homo,rmsd,vy94cwpl,vy94cwpl::RMSD,wt-homo / RMSD,RMSD,Time (ps),28100,0.21101151,nm,nm
line,overlay,wt-homo,wt-homo,rmsd,vy94cwpl,vy94cwpl::RMSD,wt-homo / RMSD,RMSD,Time (ps),28200,0.21640578,nm,nm
line,overlay,wt-homo,wt-homo,rmsd,vy94cwpl,vy94cwpl::RMSD,wt-homo / RMSD,RMSD,Time (ps),28300,0.22145826,nm,nm
line,overlay,wt-homo,wt-homo,rmsd,vy94cwpl,vy94cwpl::RMSD,wt-homo / RMSD,RMSD,Time (ps),28400,0.20869711,nm,nm
line,overlay,wt-homo,wt-homo,rmsd,vy94cwpl,vy94cwpl::RMSD,wt-homo / RMSD,RMSD,Time (ps),28500,0.20376578,nm,nm
line,overlay,wt-homo,wt-homo,rmsd,vy94cwpl,vy94cwpl::RMSD,wt-homo / RMSD,RMSD,Time (ps),28600,0.20634669,nm,nm
line,overlay,wt-homo,wt-homo,rmsd,vy94cwpl,vy94cwpl::RMSD,wt-homo / RMSD,RMSD,Time (ps),28700,0.22493485,nm,nm
line,overlay,wt-homo,wt-homo,rmsd,vy94cwpl,vy94cwpl::RMSD,wt-homo / RMSD,RMSD,Time (ps),28800,0.21148999,nm,nm
line,overlay,wt-homo,wt-homo,rmsd,vy94cwpl,vy94cwpl::RMSD,wt-homo / RMSD,RMSD,Time (ps),28900,0.21366017,nm,nm
line,overlay,wt-homo,wt-homo,rmsd,vy94cwpl,vy94cwpl::RMSD,wt-homo / RMSD,RMSD,Time (ps),29000,0.21387841,nm,nm
line,overlay,wt-homo,wt-homo,rmsd,vy94cwpl,vy94cwpl::RMSD,wt-homo / RMSD,RMSD,Time (ps),29100,0.21021904,nm,nm
line,overlay,wt-homo,wt-homo,rmsd,vy94cwpl,vy94cwpl::RMSD,wt-homo / RMSD,RMSD,Time (ps),29200,0.22321376,nm,nm
line,overlay,wt-homo,wt-homo,rmsd,vy94cwpl,vy94cwpl::RMSD,wt-homo / RMSD,RMSD,Time (ps),29300,0.19528098,nm,nm
line,overlay,wt-homo,wt-homo,rmsd,vy94cwpl,vy94cwpl::RMSD,wt-homo / RMSD,RMSD,Time (ps),29400,0.19312167,nm,nm
line,overlay,wt-homo,wt-homo,rmsd,vy94cwpl,vy94cwpl::RMSD,wt-homo / RMSD,RMSD,Time (ps),29500,0.22937994,nm,nm
line,overlay,wt-homo,wt-homo,rmsd,vy94cwpl,vy94cwpl::RMSD,wt-homo / RMSD,RMSD,Time (ps),29600,0.2140383,nm,nm
line,overlay,wt-homo,wt-homo,rmsd,vy94cwpl,vy94cwpl::RMSD,wt-homo / RMSD,RMSD,Time (ps),29700,0.2395754,nm,nm
line,overlay,wt-homo,wt-homo,rmsd,vy94cwpl,vy94cwpl::RMSD,wt-homo / RMSD,RMSD,Time (ps),29800,0.23899701,nm,nm
line,overlay,wt-homo,wt-homo,rmsd,vy94cwpl,vy94cwpl::RMSD,wt-homo / RMSD,RMSD,Time (ps),29900,0.21448827,nm,nm
line,overlay,wt-homo,wt-homo,rmsd,vy94cwpl,vy94cwpl::RMSD,wt-homo / RMSD,RMSD,Time (ps),30000,0.2302483,nm,nm
line,overlay,wt-homo,wt-homo,rmsd,vy94cwpl,vy94cwpl::RMSD,wt-homo / RMSD,RMSD,Time (ps),30100,0.22618955,nm,nm
line,overlay,wt-homo,wt-homo,rmsd,vy94cwpl,vy94cwpl::RMSD,wt-homo / RMSD,RMSD,Time (ps),30200,0.22854003,nm,nm
line,overlay,wt-homo,wt-homo,rmsd,vy94cwpl,vy94cwpl::RMSD,wt-homo / RMSD,RMSD,Time (ps),30300,0.21687473,nm,nm
line,overlay,wt-homo,wt-homo,rmsd,vy94cwpl,vy94cwpl::RMSD,wt-homo / RMSD,RMSD,Time (ps),30400,0.23150557,nm,nm
line,overlay,wt-homo,wt-homo,rmsd,vy94cwpl,vy94cwpl::RMSD,wt-homo / RMSD,RMSD,Time (ps),30500,0.24826477,nm,nm
line,overlay,wt-homo,wt-homo,rmsd,vy94cwpl,vy94cwpl::RMSD,wt-homo / RMSD,RMSD,Time (ps),30600,0.23383364,nm,nm
line,overlay,wt-homo,wt-homo,rmsd,vy94cwpl,vy94cwpl::RMSD,wt-homo / RMSD,RMSD,Time (ps),30700,0.24609013,nm,nm
line,overlay,wt-homo,wt-homo,rmsd,vy94cwpl,vy94cwpl::RMSD,wt-homo / RMSD,RMSD,Time (ps),30800,0.26449174,nm,nm
line,overlay,wt-homo,wt-homo,rmsd,vy94cwpl,vy94cwpl::RMSD,wt-homo / RMSD,RMSD,Time (ps),30900,0.22750115,nm,nm
line,overlay,wt-homo,wt-homo,rmsd,vy94cwpl,vy94cwpl::RMSD,wt-homo / RMSD,RMSD,Time (ps),31000,0.23004335,nm,nm
line,overlay,wt-homo,wt-homo,rmsd,vy94cwpl,vy94cwpl::RMSD,wt-homo / RMSD,RMSD,Time (ps),31100,0.22356182,nm,nm
line,overlay,wt-homo,wt-homo,rmsd,vy94cwpl,vy94cwpl::RMSD,wt-homo / RMSD,RMSD,Time (ps),31200,0.23474957,nm,nm
line,overlay,wt-homo,wt-homo,rmsd,vy94cwpl,vy94cwpl::RMSD,wt-homo / RMSD,RMSD,Time (ps),31300,0.24857359,nm,nm
line,overlay,wt-homo,wt-homo,rmsd,vy94cwpl,vy94cwpl::RMSD,wt-homo / RMSD,RMSD,Time (ps),31400,0.22848104,nm,nm
line,overlay,wt-homo,wt-homo,rmsd,vy94cwpl,vy94cwpl::RMSD,wt-homo / RMSD,RMSD,Time (ps),31500,0.22509149,nm,nm
line,overlay,wt-homo,wt-homo,rmsd,vy94cwpl,vy94cwpl::RMSD,wt-homo / RMSD,RMSD,Time (ps),31600,0.24285887,nm,nm
line,overlay,wt-homo,wt-homo,rmsd,vy94cwpl,vy94cwpl::RMSD,wt-homo / RMSD,RMSD,Time (ps),31700,0.23047107,nm,nm
line,overlay,wt-homo,wt-homo,rmsd,vy94cwpl,vy94cwpl::RMSD,wt-homo / RMSD,RMSD,Time (ps),31800,0.24581194,nm,nm
line,overlay,wt-homo,wt-homo,rmsd,vy94cwpl,vy94cwpl::RMSD,wt-homo / RMSD,RMSD,Time (ps),31900,0.23211601,nm,nm
line,overlay,wt-homo,wt-homo,rmsd,vy94cwpl,vy94cwpl::RMSD,wt-homo / RMSD,RMSD,Time (ps),32000,0.23717913,nm,nm
line,overlay,wt-homo,wt-homo,rmsd,vy94cwpl,vy94cwpl::RMSD,wt-homo / RMSD,RMSD,Time (ps),32100,0.22357574,nm,nm
line,overlay,wt-homo,wt-homo,rmsd,vy94cwpl,vy94cwpl::RMSD,wt-homo / RMSD,RMSD,Time (ps),32200,0.21414724,nm,nm
line,overlay,wt-homo,wt-homo,rmsd,vy94cwpl,vy94cwpl::RMSD,wt-homo / RMSD,RMSD,Time (ps),32300,0.22005412,nm,nm
line,overlay,wt-homo,wt-homo,rmsd,vy94cwpl,vy94cwpl::RMSD,wt-homo / RMSD,RMSD,Time (ps),32400,0.20053752,nm,nm
line,overlay,wt-homo,wt-homo,rmsd,vy94cwpl,vy94cwpl::RMSD,wt-homo / RMSD,RMSD,Time (ps),32500,0.21115394,nm,nm
line,overlay,wt-homo,wt-homo,rmsd,vy94cwpl,vy94cwpl::RMSD,wt-homo / RMSD,RMSD,Time (ps),32600,0.21344657,nm,nm
line,overlay,wt-homo,wt-homo,rmsd,vy94cwpl,vy94cwpl::RMSD,wt-homo / RMSD,RMSD,Time (ps),32700,0.20984145,nm,nm
line,overlay,wt-homo,wt-homo,rmsd,vy94cwpl,vy94cwpl::RMSD,wt-homo / RMSD,RMSD,Time (ps),32800,0.19968013,nm,nm
line,overlay,wt-homo,wt-homo,rmsd,vy94cwpl,vy94cwpl::RMSD,wt-homo / RMSD,RMSD,Time (ps),32900,0.20665543,nm,nm
line,overlay,wt-homo,wt-homo,rmsd,vy94cwpl,vy94cwpl::RMSD,wt-homo / RMSD,RMSD,Time (ps),33000,0.23267363,nm,nm
line,overlay,wt-homo,wt-homo,rmsd,vy94cwpl,vy94cwpl::RMSD,wt-homo / RMSD,RMSD,Time (ps),33100,0.2259098,nm,nm
line,overlay,wt-homo,wt-homo,rmsd,vy94cwpl,vy94cwpl::RMSD,wt-homo / RMSD,RMSD,Time (ps),33200,0.2381649,nm,nm
line,overlay,wt-homo,wt-homo,rmsd,vy94cwpl,vy94cwpl::RMSD,wt-homo / RMSD,RMSD,Time (ps),33300,0.22750115,nm,nm
line,overlay,wt-homo,wt-homo,rmsd,vy94cwpl,vy94cwpl::RMSD,wt-homo / RMSD,RMSD,Time (ps),33400,0.22832672,nm,nm
line,overlay,wt-homo,wt-homo,rmsd,vy94cwpl,vy94cwpl::RMSD,wt-homo / RMSD,RMSD,Time (ps),33500,0.2173236,nm,nm
line,overlay,wt-homo,wt-homo,rmsd,vy94cwpl,vy94cwpl::RMSD,wt-homo / RMSD,RMSD,Time (ps),33600,0.21684366,nm,nm
line,overlay,wt-homo,wt-homo,rmsd,vy94cwpl,vy94cwpl::RMSD,wt-homo / RMSD,RMSD,Time (ps),33700,0.22578128,nm,nm
line,overlay,wt-homo,wt-homo,rmsd,vy94cwpl,vy94cwpl::RMSD,wt-homo / RMSD,RMSD,Time (ps),33800,0.21076572,nm,nm
line,overlay,wt-homo,wt-homo,rmsd,vy94cwpl,vy94cwpl::RMSD,wt-homo / RMSD,RMSD,Time (ps),33900,0.22837666,nm,nm
line,overlay,wt-homo,wt-homo,rmsd,vy94cwpl,vy94cwpl::RMSD,wt-homo / RMSD,RMSD,Time (ps),34000,0.2240644,nm,nm
line,overlay,wt-homo,wt-homo,rmsd,vy94cwpl,vy94cwpl::RMSD,wt-homo / RMSD,RMSD,Time (ps),34100,0.22190018,nm,nm
line,overlay,wt-homo,wt-homo,rmsd,vy94cwpl,vy94cwpl::RMSD,wt-homo / RMSD,RMSD,Time (ps),34200,0.22210097,nm,nm
line,overlay,wt-homo,wt-homo,rmsd,vy94cwpl,vy94cwpl::RMSD,wt-homo / RMSD,RMSD,Time (ps),34300,0.22350384,nm,nm
line,overlay,wt-homo,wt-homo,rmsd,vy94cwpl,vy94cwpl::RMSD,wt-homo / RMSD,RMSD,Time (ps),34400,0.22565268,nm,nm
line,overlay,wt-homo,wt-homo,rmsd,vy94cwpl,vy94cwpl::RMSD,wt-homo / RMSD,RMSD,Time (ps),34500,0.22217332,nm,nm
line,overlay,wt-homo,wt-homo,rmsd,vy94cwpl,vy94cwpl::RMSD,wt-homo / RMSD,RMSD,Time (ps),34600,0.22405745,nm,nm
line,overlay,wt-homo,wt-homo,rmsd,vy94cwpl,vy94cwpl::RMSD,wt-homo / RMSD,RMSD,Time (ps),34700,0.2200447,nm,nm
line,overlay,wt-homo,wt-homo,rmsd,vy94cwpl,vy94cwpl::RMSD,wt-homo / RMSD,RMSD,Time (ps),34800,0.23257336,nm,nm
line,overlay,wt-homo,wt-homo,rmsd,vy94cwpl,vy94cwpl::RMSD,wt-homo / RMSD,RMSD,Time (ps),34900,0.24001853,nm,nm
line,overlay,wt-homo,wt-homo,rmsd,vy94cwpl,vy94cwpl::RMSD,wt-homo / RMSD,RMSD,Time (ps),35000,0.21203583,nm,nm
line,overlay,wt-homo,wt-homo,rmsd,vy94cwpl,vy94cwpl::RMSD,wt-homo / RMSD,RMSD,Time (ps),35100,0.24236749,nm,nm
line,overlay,wt-homo,wt-homo,rmsd,vy94cwpl,vy94cwpl::RMSD,wt-homo / RMSD,RMSD,Time (ps),35200,0.21477807,nm,nm
line,overlay,wt-homo,wt-homo,rmsd,vy94cwpl,vy94cwpl::RMSD,wt-homo / RMSD,RMSD,Time (ps),35300,0.21199672,nm,nm
line,overlay,wt-homo,wt-homo,rmsd,vy94cwpl,vy94cwpl::RMSD,wt-homo / RMSD,RMSD,Time (ps),35400,0.22579964,nm,nm
line,overlay,wt-homo,wt-homo,rmsd,vy94cwpl,vy94cwpl::RMSD,wt-homo / RMSD,RMSD,Time (ps),35500,0.23302314,nm,nm
line,overlay,wt-homo,wt-homo,rmsd,vy94cwpl,vy94cwpl::RMSD,wt-homo / RMSD,RMSD,Time (ps),35600,0.22582948,nm,nm
line,overlay,wt-homo,wt-homo,rmsd,vy94cwpl,vy94cwpl::RMSD,wt-homo / RMSD,RMSD,Time (ps),35700,0.22407365,nm,nm
line,overlay,wt-homo,wt-homo,rmsd,vy94cwpl,vy94cwpl::RMSD,wt-homo / RMSD,RMSD,Time (ps),35800,0.22314408,nm,nm
line,overlay,wt-homo,wt-homo,rmsd,vy94cwpl,vy94cwpl::RMSD,wt-homo / RMSD,RMSD,Time (ps),35900,0.23609045,nm,nm
line,overlay,wt-homo,wt-homo,rmsd,vy94cwpl,vy94cwpl::RMSD,wt-homo / RMSD,RMSD,Time (ps),36000,0.21912171,nm,nm
line,overlay,wt-homo,wt-homo,rmsd,vy94cwpl,vy94cwpl::RMSD,wt-homo / RMSD,RMSD,Time (ps),36100,0.2283517,nm,nm
line,overlay,wt-homo,wt-homo,rmsd,vy94cwpl,vy94cwpl::RMSD,wt-homo / RMSD,RMSD,Time (ps),36200,0.21855086,nm,nm
line,overlay,wt-homo,wt-homo,rmsd,vy94cwpl,vy94cwpl::RMSD,wt-homo / RMSD,RMSD,Time (ps),36300,0.22654448,nm,nm
line,overlay,wt-homo,wt-homo,rmsd,vy94cwpl,vy94cwpl::RMSD,wt-homo / RMSD,RMSD,Time (ps),36400,0.21696793,nm,nm
line,overlay,wt-homo,wt-homo,rmsd,vy94cwpl,vy94cwpl::RMSD,wt-homo / RMSD,RMSD,Time (ps),36500,0.21908858,nm,nm
line,overlay,wt-homo,wt-homo,rmsd,vy94cwpl,vy94cwpl::RMSD,wt-homo / RMSD,RMSD,Time (ps),36600,0.2169512,nm,nm
line,overlay,wt-homo,wt-homo,rmsd,vy94cwpl,vy94cwpl::RMSD,wt-homo / RMSD,RMSD,Time (ps),36700,0.22711806,nm,nm
line,overlay,wt-homo,wt-homo,rmsd,vy94cwpl,vy94cwpl::RMSD,wt-homo / RMSD,RMSD,Time (ps),36800,0.22393249,nm,nm
line,overlay,wt-homo,wt-homo,rmsd,vy94cwpl,vy94cwpl::RMSD,wt-homo / RMSD,RMSD,Time (ps),36900,0.23125018,nm,nm
line,overlay,wt-homo,wt-homo,rmsd,vy94cwpl,vy94cwpl::RMSD,wt-homo / RMSD,RMSD,Time (ps),37000,0.22034366,nm,nm
line,overlay,wt-homo,wt-homo,rmsd,vy94cwpl,vy94cwpl::RMSD,wt-homo / RMSD,RMSD,Time (ps),37100,0.19949573,nm,nm
line,overlay,wt-homo,wt-homo,rmsd,vy94cwpl,vy94cwpl::RMSD,wt-homo / RMSD,RMSD,Time (ps),37200,0.20064606,nm,nm
line,overlay,wt-homo,wt-homo,rmsd,vy94cwpl,vy94cwpl::RMSD,wt-homo / RMSD,RMSD,Time (ps),37300,0.22333449,nm,nm
line,overlay,wt-homo,wt-homo,rmsd,vy94cwpl,vy94cwpl::RMSD,wt-homo / RMSD,RMSD,Time (ps),37400,0.193556,nm,nm
line,overlay,wt-homo,wt-homo,rmsd,vy94cwpl,vy94cwpl::RMSD,wt-homo / RMSD,RMSD,Time (ps),37500,0.19034792,nm,nm
line,overlay,wt-homo,wt-homo,rmsd,vy94cwpl,vy94cwpl::RMSD,wt-homo / RMSD,RMSD,Time (ps),37600,0.2016202,nm,nm
line,overlay,wt-homo,wt-homo,rmsd,vy94cwpl,vy94cwpl::RMSD,wt-homo / RMSD,RMSD,Time (ps),37700,0.20119299,nm,nm
line,overlay,wt-homo,wt-homo,rmsd,vy94cwpl,vy94cwpl::RMSD,wt-homo / RMSD,RMSD,Time (ps),37800,0.2035036,nm,nm
line,overlay,wt-homo,wt-homo,rmsd,vy94cwpl,vy94cwpl::RMSD,wt-homo / RMSD,RMSD,Time (ps),37900,0.21571004,nm,nm
line,overlay,wt-homo,wt-homo,rmsd,vy94cwpl,vy94cwpl::RMSD,wt-homo / RMSD,RMSD,Time (ps),38000,0.21400438,nm,nm
line,overlay,wt-homo,wt-homo,rmsd,vy94cwpl,vy94cwpl::RMSD,wt-homo / RMSD,RMSD,Time (ps),38100,0.23571472,nm,nm
line,overlay,wt-homo,wt-homo,rmsd,vy94cwpl,vy94cwpl::RMSD,wt-homo / RMSD,RMSD,Time (ps),38200,0.22251834,nm,nm
line,overlay,wt-homo,wt-homo,rmsd,vy94cwpl,vy94cwpl::RMSD,wt-homo / RMSD,RMSD,Time (ps),38300,0.2017667,nm,nm
line,overlay,wt-homo,wt-homo,rmsd,vy94cwpl,vy94cwpl::RMSD,wt-homo / RMSD,RMSD,Time (ps),38400,0.20486683,nm,nm
line,overlay,wt-homo,wt-homo,rmsd,vy94cwpl,vy94cwpl::RMSD,wt-homo / RMSD,RMSD,Time (ps),38500,0.19225007,nm,nm
line,overlay,wt-homo,wt-homo,rmsd,vy94cwpl,vy94cwpl::RMSD,wt-homo / RMSD,RMSD,Time (ps),38600,0.22494406,nm,nm
line,overlay,wt-homo,wt-homo,rmsd,vy94cwpl,vy94cwpl::RMSD,wt-homo / RMSD,RMSD,Time (ps),38700,0.21943374,nm,nm
line,overlay,wt-homo,wt-homo,rmsd,vy94cwpl,vy94cwpl::RMSD,wt-homo / RMSD,RMSD,Time (ps),38800,0.2270998,nm,nm
line,overlay,wt-homo,wt-homo,rmsd,vy94cwpl,vy94cwpl::RMSD,wt-homo / RMSD,RMSD,Time (ps),38900,0.22374955,nm,nm
line,overlay,wt-homo,wt-homo,rmsd,vy94cwpl,vy94cwpl::RMSD,wt-homo / RMSD,RMSD,Time (ps),39000,0.22291864,nm,nm
line,overlay,wt-homo,wt-homo,rmsd,vy94cwpl,vy94cwpl::RMSD,wt-homo / RMSD,RMSD,Time (ps),39100,0.21795712,nm,nm
line,overlay,wt-homo,wt-homo,rmsd,vy94cwpl,vy94cwpl::RMSD,wt-homo / RMSD,RMSD,Time (ps),39200,0.2320155,nm,nm
line,overlay,wt-homo,wt-homo,rmsd,vy94cwpl,vy94cwpl::RMSD,wt-homo / RMSD,RMSD,Time (ps),39300,0.20180266,nm,nm
line,overlay,wt-homo,wt-homo,rmsd,vy94cwpl,vy94cwpl::RMSD,wt-homo / RMSD,RMSD,Time (ps),39400,0.2053899,nm,nm
line,overlay,wt-homo,wt-homo,rmsd,vy94cwpl,vy94cwpl::RMSD,wt-homo / RMSD,RMSD,Time (ps),39500,0.20594437,nm,nm
line,overlay,wt-homo,wt-homo,rmsd,vy94cwpl,vy94cwpl::RMSD,wt-homo / RMSD,RMSD,Time (ps),39600,0.2164824,nm,nm
line,overlay,wt-homo,wt-homo,rmsd,vy94cwpl,vy94cwpl::RMSD,wt-homo / RMSD,RMSD,Time (ps),39700,0.21691297,nm,nm
line,overlay,wt-homo,wt-homo,rmsd,vy94cwpl,vy94cwpl::RMSD,wt-homo / RMSD,RMSD,Time (ps),39800,0.2133154,nm,nm
line,overlay,wt-homo,wt-homo,rmsd,vy94cwpl,vy94cwpl::RMSD,wt-homo / RMSD,RMSD,Time (ps),39900,0.20080875,nm,nm
line,overlay,wt-homo,wt-homo,rmsd,vy94cwpl,vy94cwpl::RMSD,wt-homo / RMSD,RMSD,Time (ps),40000,0.22291632,nm,nm
line,overlay,wt-homo,wt-homo,rmsd,vy94cwpl,vy94cwpl::RMSD,wt-homo / RMSD,RMSD,Time (ps),40100,0.20406319,nm,nm
line,overlay,wt-homo,wt-homo,rmsd,vy94cwpl,vy94cwpl::RMSD,wt-homo / RMSD,RMSD,Time (ps),40200,0.20760638,nm,nm
line,overlay,wt-homo,wt-homo,rmsd,vy94cwpl,vy94cwpl::RMSD,wt-homo / RMSD,RMSD,Time (ps),40300,0.20311607,nm,nm
line,overlay,wt-homo,wt-homo,rmsd,vy94cwpl,vy94cwpl::RMSD,wt-homo / RMSD,RMSD,Time (ps),40400,0.20807774,nm,nm
line,overlay,wt-homo,wt-homo,rmsd,vy94cwpl,vy94cwpl::RMSD,wt-homo / RMSD,RMSD,Time (ps),40500,0.20196699,nm,nm
line,overlay,wt-homo,wt-homo,rmsd,vy94cwpl,vy94cwpl::RMSD,wt-homo / RMSD,RMSD,Time (ps),40600,0.19766071,nm,nm
line,overlay,wt-homo,wt-homo,rmsd,vy94cwpl,vy94cwpl::RMSD,wt-homo / RMSD,RMSD,Time (ps),40700,0.20381157,nm,nm
line,overlay,wt-homo,wt-homo,rmsd,vy94cwpl,vy94cwpl::RMSD,wt-homo / RMSD,RMSD,Time (ps),40800,0.20160992,nm,nm
line,overlay,wt-homo,wt-homo,rmsd,vy94cwpl,vy94cwpl::RMSD,wt-homo / RMSD,RMSD,Time (ps),40900,0.2031824,nm,nm
line,overlay,wt-homo,wt-homo,rmsd,vy94cwpl,vy94cwpl::RMSD,wt-homo / RMSD,RMSD,Time (ps),41000,0.19166681,nm,nm
line,overlay,wt-homo,wt-homo,rmsd,vy94cwpl,vy94cwpl::RMSD,wt-homo / RMSD,RMSD,Time (ps),41100,0.21249492,nm,nm
line,overlay,wt-homo,wt-homo,rmsd,vy94cwpl,vy94cwpl::RMSD,wt-homo / RMSD,RMSD,Time (ps),41200,0.2007003,nm,nm
line,overlay,wt-homo,wt-homo,rmsd,vy94cwpl,vy94cwpl::RMSD,wt-homo / RMSD,RMSD,Time (ps),41300,0.20404795,nm,nm
line,overlay,wt-homo,wt-homo,rmsd,vy94cwpl,vy94cwpl::RMSD,wt-homo / RMSD,RMSD,Time (ps),41400,0.20790827,nm,nm
line,overlay,wt-homo,wt-homo,rmsd,vy94cwpl,vy94cwpl::RMSD,wt-homo / RMSD,RMSD,Time (ps),41500,0.20260759,nm,nm
line,overlay,wt-homo,wt-homo,rmsd,vy94cwpl,vy94cwpl::RMSD,wt-homo / RMSD,RMSD,Time (ps),41600,0.20474029,nm,nm
line,overlay,wt-homo,wt-homo,rmsd,vy94cwpl,vy94cwpl::RMSD,wt-homo / RMSD,RMSD,Time (ps),41700,0.19580849,nm,nm
line,overlay,wt-homo,wt-homo,rmsd,vy94cwpl,vy94cwpl::RMSD,wt-homo / RMSD,RMSD,Time (ps),41800,0.19093522,nm,nm
line,overlay,wt-homo,wt-homo,rmsd,vy94cwpl,vy94cwpl::RMSD,wt-homo / RMSD,RMSD,Time (ps),41900,0.19836488,nm,nm
line,overlay,wt-homo,wt-homo,rmsd,vy94cwpl,vy94cwpl::RMSD,wt-homo / RMSD,RMSD,Time (ps),42000,0.19656412,nm,nm
line,overlay,wt-homo,wt-homo,rmsd,vy94cwpl,vy94cwpl::RMSD,wt-homo / RMSD,RMSD,Time (ps),42100,0.19920193,nm,nm
line,overlay,wt-homo,wt-homo,rmsd,vy94cwpl,vy94cwpl::RMSD,wt-homo / RMSD,RMSD,Time (ps),42200,0.19749017,nm,nm
line,overlay,wt-homo,wt-homo,rmsd,vy94cwpl,vy94cwpl::RMSD,wt-homo / RMSD,RMSD,Time (ps),42300,0.20389293,nm,nm
line,overlay,wt-homo,wt-homo,rmsd,vy94cwpl,vy94cwpl::RMSD,wt-homo / RMSD,RMSD,Time (ps),42400,0.20422822,nm,nm
line,overlay,wt-homo,wt-homo,rmsd,vy94cwpl,vy94cwpl::RMSD,wt-homo / RMSD,RMSD,Time (ps),42500,0.2054101,nm,nm
line,overlay,wt-homo,wt-homo,rmsd,vy94cwpl,vy94cwpl::RMSD,wt-homo / RMSD,RMSD,Time (ps),42600,0.20030217,nm,nm
line,overlay,wt-homo,wt-homo,rmsd,vy94cwpl,vy94cwpl::RMSD,wt-homo / RMSD,RMSD,Time (ps),42700,0.18800247,nm,nm
line,overlay,wt-homo,wt-homo,rmsd,vy94cwpl,vy94cwpl::RMSD,wt-homo / RMSD,RMSD,Time (ps),42800,0.20779106,nm,nm
line,overlay,wt-homo,wt-homo,rmsd,vy94cwpl,vy94cwpl::RMSD,wt-homo / RMSD,RMSD,Time (ps),42900,0.2078958,nm,nm
line,overlay,wt-homo,wt-homo,rmsd,vy94cwpl,vy94cwpl::RMSD,wt-homo / RMSD,RMSD,Time (ps),43000,0.20687854,nm,nm
line,overlay,wt-homo,wt-homo,rmsd,vy94cwpl,vy94cwpl::RMSD,wt-homo / RMSD,RMSD,Time (ps),43100,0.20464405,nm,nm
line,overlay,wt-homo,wt-homo,rmsd,vy94cwpl,vy94cwpl::RMSD,wt-homo / RMSD,RMSD,Time (ps),43200,0.19496752,nm,nm
line,overlay,wt-homo,wt-homo,rmsd,vy94cwpl,vy94cwpl::RMSD,wt-homo / RMSD,RMSD,Time (ps),43300,0.21289948,nm,nm
line,overlay,wt-homo,wt-homo,rmsd,vy94cwpl,vy94cwpl::RMSD,wt-homo / RMSD,RMSD,Time (ps),43400,0.2147636,nm,nm
line,overlay,wt-homo,wt-homo,rmsd,vy94cwpl,vy94cwpl::RMSD,wt-homo / RMSD,RMSD,Time (ps),43500,0.21418597,nm,nm
line,overlay,wt-homo,wt-homo,rmsd,vy94cwpl,vy94cwpl::RMSD,wt-homo / RMSD,RMSD,Time (ps),43600,0.21451727,nm,nm
line,overlay,wt-homo,wt-homo,rmsd,vy94cwpl,vy94cwpl::RMSD,wt-homo / RMSD,RMSD,Time (ps),43700,0.21819481,nm,nm
line,overlay,wt-homo,wt-homo,rmsd,vy94cwpl,vy94cwpl::RMSD,wt-homo / RMSD,RMSD,Time (ps),43800,0.21799755,nm,nm
line,overlay,wt-homo,wt-homo,rmsd,vy94cwpl,vy94cwpl::RMSD,wt-homo / RMSD,RMSD,Time (ps),43900,0.22669087,nm,nm
line,overlay,wt-homo,wt-homo,rmsd,vy94cwpl,vy94cwpl::RMSD,wt-homo / RMSD,RMSD,Time (ps),44000,0.22585702,nm,nm
line,overlay,wt-homo,wt-homo,rmsd,vy94cwpl,vy94cwpl::RMSD,wt-homo / RMSD,RMSD,Time (ps),44100,0.21845123,nm,nm
line,overlay,wt-homo,wt-homo,rmsd,vy94cwpl,vy94cwpl::RMSD,wt-homo / RMSD,RMSD,Time (ps),44200,0.2176787,nm,nm
line,overlay,wt-homo,wt-homo,rmsd,vy94cwpl,vy94cwpl::RMSD,wt-homo / RMSD,RMSD,Time (ps),44300,0.21796188,nm,nm
line,overlay,wt-homo,wt-homo,rmsd,vy94cwpl,vy94cwpl::RMSD,wt-homo / RMSD,RMSD,Time (ps),44400,0.2387974,nm,nm
line,overlay,wt-homo,wt-homo,rmsd,vy94cwpl,vy94cwpl::RMSD,wt-homo / RMSD,RMSD,Time (ps),44500,0.22457968,nm,nm
line,overlay,wt-homo,wt-homo,rmsd,vy94cwpl,vy94cwpl::RMSD,wt-homo / RMSD,RMSD,Time (ps),44600,0.23456843,nm,nm
line,overlay,wt-homo,wt-homo,rmsd,vy94cwpl,vy94cwpl::RMSD,wt-homo / RMSD,RMSD,Time (ps),44700,0.2273758,nm,nm
line,overlay,wt-homo,wt-homo,rmsd,vy94cwpl,vy94cwpl::RMSD,wt-homo / RMSD,RMSD,Time (ps),44800,0.23605752,nm,nm
line,overlay,wt-homo,wt-homo,rmsd,vy94cwpl,vy94cwpl::RMSD,wt-homo / RMSD,RMSD,Time (ps),44900,0.23285179,nm,nm
line,overlay,wt-homo,wt-homo,rmsd,vy94cwpl,vy94cwpl::RMSD,wt-homo / RMSD,RMSD,Time (ps),45000,0.22942513,nm,nm
line,overlay,wt-homo,wt-homo,rmsd,vy94cwpl,vy94cwpl::RMSD,wt-homo / RMSD,RMSD,Time (ps),45100,0.2430509,nm,nm
line,overlay,wt-homo,wt-homo,rmsd,vy94cwpl,vy94cwpl::RMSD,wt-homo / RMSD,RMSD,Time (ps),45200,0.22801323,nm,nm
line,overlay,wt-homo,wt-homo,rmsd,vy94cwpl,vy94cwpl::RMSD,wt-homo / RMSD,RMSD,Time (ps),45300,0.23189259,nm,nm
line,overlay,wt-homo,wt-homo,rmsd,vy94cwpl,vy94cwpl::RMSD,wt-homo / RMSD,RMSD,Time (ps),45400,0.25328547,nm,nm
line,overlay,wt-homo,wt-homo,rmsd,vy94cwpl,vy94cwpl::RMSD,wt-homo / RMSD,RMSD,Time (ps),45500,0.2271249,nm,nm
line,overlay,wt-homo,wt-homo,rmsd,vy94cwpl,vy94cwpl::RMSD,wt-homo / RMSD,RMSD,Time (ps),45600,0.24268167,nm,nm
line,overlay,wt-homo,wt-homo,rmsd,vy94cwpl,vy94cwpl::RMSD,wt-homo / RMSD,RMSD,Time (ps),45700,0.23941307,nm,nm
line,overlay,wt-homo,wt-homo,rmsd,vy94cwpl,vy94cwpl::RMSD,wt-homo / RMSD,RMSD,Time (ps),45800,0.24650893,nm,nm
line,overlay,wt-homo,wt-homo,rmsd,vy94cwpl,vy94cwpl::RMSD,wt-homo / RMSD,RMSD,Time (ps),45900,0.2301785,nm,nm
line,overlay,wt-homo,wt-homo,rmsd,vy94cwpl,vy94cwpl::RMSD,wt-homo / RMSD,RMSD,Time (ps),46000,0.24535815,nm,nm
line,overlay,wt-homo,wt-homo,rmsd,vy94cwpl,vy94cwpl::RMSD,wt-homo / RMSD,RMSD,Time (ps),46100,0.25203195,nm,nm
line,overlay,wt-homo,wt-homo,rmsd,vy94cwpl,vy94cwpl::RMSD,wt-homo / RMSD,RMSD,Time (ps),46200,0.23370282,nm,nm
line,overlay,wt-homo,wt-homo,rmsd,vy94cwpl,vy94cwpl::RMSD,wt-homo / RMSD,RMSD,Time (ps),46300,0.23967707,nm,nm
line,overlay,wt-homo,wt-homo,rmsd,vy94cwpl,vy94cwpl::RMSD,wt-homo / RMSD,RMSD,Time (ps),46400,0.2263499,nm,nm
line,overlay,wt-homo,wt-homo,rmsd,vy94cwpl,vy94cwpl::RMSD,wt-homo / RMSD,RMSD,Time (ps),46500,0.23130621,nm,nm
line,overlay,wt-homo,wt-homo,rmsd,vy94cwpl,vy94cwpl::RMSD,wt-homo / RMSD,RMSD,Time (ps),46600,0.2313107,nm,nm
line,overlay,wt-homo,wt-homo,rmsd,vy94cwpl,vy94cwpl::RMSD,wt-homo / RMSD,RMSD,Time (ps),46700,0.25232586,nm,nm
line,overlay,wt-homo,wt-homo,rmsd,vy94cwpl,vy94cwpl::RMSD,wt-homo / RMSD,RMSD,Time (ps),46800,0.23879306,nm,nm
line,overlay,wt-homo,wt-homo,rmsd,vy94cwpl,vy94cwpl::RMSD,wt-homo / RMSD,RMSD,Time (ps),46900,0.24408092,nm,nm
line,overlay,wt-homo,wt-homo,rmsd,vy94cwpl,vy94cwpl::RMSD,wt-homo / RMSD,RMSD,Time (ps),47000,0.23569933,nm,nm
line,overlay,wt-homo,wt-homo,rmsd,vy94cwpl,vy94cwpl::RMSD,wt-homo / RMSD,RMSD,Time (ps),47100,0.24328111,nm,nm
line,overlay,wt-homo,wt-homo,rmsd,vy94cwpl,vy94cwpl::RMSD,wt-homo / RMSD,RMSD,Time (ps),47200,0.231944,nm,nm
line,overlay,wt-homo,wt-homo,rmsd,vy94cwpl,vy94cwpl::RMSD,wt-homo / RMSD,RMSD,Time (ps),47300,0.23673506,nm,nm
line,overlay,wt-homo,wt-homo,rmsd,vy94cwpl,vy94cwpl::RMSD,wt-homo / RMSD,RMSD,Time (ps),47400,0.23392671,nm,nm
line,overlay,wt-homo,wt-homo,rmsd,vy94cwpl,vy94cwpl::RMSD,wt-homo / RMSD,RMSD,Time (ps),47500,0.24447772,nm,nm
line,overlay,wt-homo,wt-homo,rmsd,vy94cwpl,vy94cwpl::RMSD,wt-homo / RMSD,RMSD,Time (ps),47600,0.24442895,nm,nm
line,overlay,wt-homo,wt-homo,rmsd,vy94cwpl,vy94cwpl::RMSD,wt-homo / RMSD,RMSD,Time (ps),47700,0.23981544,nm,nm
line,overlay,wt-homo,wt-homo,rmsd,vy94cwpl,vy94cwpl::RMSD,wt-homo / RMSD,RMSD,Time (ps),47800,0.23455076,nm,nm
line,overlay,wt-homo,wt-homo,rmsd,vy94cwpl,vy94cwpl::RMSD,wt-homo / RMSD,RMSD,Time (ps),47900,0.24526095,nm,nm
line,overlay,wt-homo,wt-homo,rmsd,vy94cwpl,vy94cwpl::RMSD,wt-homo / RMSD,RMSD,Time (ps),48000,0.23640859,nm,nm
line,overlay,wt-homo,wt-homo,rmsd,vy94cwpl,vy94cwpl::RMSD,wt-homo / RMSD,RMSD,Time (ps),48100,0.23450214,nm,nm
line,overlay,wt-homo,wt-homo,rmsd,vy94cwpl,vy94cwpl::RMSD,wt-homo / RMSD,RMSD,Time (ps),48200,0.22948161,nm,nm
line,overlay,wt-homo,wt-homo,rmsd,vy94cwpl,vy94cwpl::RMSD,wt-homo / RMSD,RMSD,Time (ps),48300,0.22765604,nm,nm
line,overlay,wt-homo,wt-homo,rmsd,vy94cwpl,vy94cwpl::RMSD,wt-homo / RMSD,RMSD,Time (ps),48400,0.22945224,nm,nm
line,overlay,wt-homo,wt-homo,rmsd,vy94cwpl,vy94cwpl::RMSD,wt-homo / RMSD,RMSD,Time (ps),48500,0.22522041,nm,nm
line,overlay,wt-homo,wt-homo,rmsd,vy94cwpl,vy94cwpl::RMSD,wt-homo / RMSD,RMSD,Time (ps),48600,0.2178477,nm,nm
line,overlay,wt-homo,wt-homo,rmsd,vy94cwpl,vy94cwpl::RMSD,wt-homo / RMSD,RMSD,Time (ps),48700,0.23300979,nm,nm
line,overlay,wt-homo,wt-homo,rmsd,vy94cwpl,vy94cwpl::RMSD,wt-homo / RMSD,RMSD,Time (ps),48800,0.23461924,nm,nm
line,overlay,wt-homo,wt-homo,rmsd,vy94cwpl,vy94cwpl::RMSD,wt-homo / RMSD,RMSD,Time (ps),48900,0.25391296,nm,nm
line,overlay,wt-homo,wt-homo,rmsd,vy94cwpl,vy94cwpl::RMSD,wt-homo / RMSD,RMSD,Time (ps),49000,0.23190153,nm,nm
line,overlay,wt-homo,wt-homo,rmsd,vy94cwpl,vy94cwpl::RMSD,wt-homo / RMSD,RMSD,Time (ps),49100,0.23562674,nm,nm
line,overlay,wt-homo,wt-homo,rmsd,vy94cwpl,vy94cwpl::RMSD,wt-homo / RMSD,RMSD,Time (ps),49200,0.22818366,nm,nm
line,overlay,wt-homo,wt-homo,rmsd,vy94cwpl,vy94cwpl::RMSD,wt-homo / RMSD,RMSD,Time (ps),49300,0.23371834,nm,nm
line,overlay,wt-homo,wt-homo,rmsd,vy94cwpl,vy94cwpl::RMSD,wt-homo / RMSD,RMSD,Time (ps),49400,0.22469966,nm,nm
line,overlay,wt-homo,wt-homo,rmsd,vy94cwpl,vy94cwpl::RMSD,wt-homo / RMSD,RMSD,Time (ps),49500,0.23294303,nm,nm
line,overlay,wt-homo,wt-homo,rmsd,vy94cwpl,vy94cwpl::RMSD,wt-homo / RMSD,RMSD,Time (ps),49600,0.22462122,nm,nm
line,overlay,wt-homo,wt-homo,rmsd,vy94cwpl,vy94cwpl::RMSD,wt-homo / RMSD,RMSD,Time (ps),49700,0.21924941,nm,nm
line,overlay,wt-homo,wt-homo,rmsd,vy94cwpl,vy94cwpl::RMSD,wt-homo / RMSD,RMSD,Time (ps),49800,0.21265098,nm,nm
line,overlay,wt-homo,wt-homo,rmsd,vy94cwpl,vy94cwpl::RMSD,wt-homo / RMSD,RMSD,Time (ps),49900,0.22876446,nm,nm
line,overlay,wt-homo,wt-homo,rmsd,vy94cwpl,vy94cwpl::RMSD,wt-homo / RMSD,RMSD,Time (ps),50000,0.21505544,nm,nm
line,overlay,wt-homo,wt-homo,rmsd,vy94cwpl,vy94cwpl::RMSD,wt-homo / RMSD,RMSD,Time (ps),50100,0.2150747,nm,nm
line,overlay,wt-homo,wt-homo,rmsd,vy94cwpl,vy94cwpl::RMSD,wt-homo / RMSD,RMSD,Time (ps),50200,0.22262082,nm,nm
line,overlay,wt-homo,wt-homo,rmsd,vy94cwpl,vy94cwpl::RMSD,wt-homo / RMSD,RMSD,Time (ps),50300,0.22463737,nm,nm
line,overlay,wt-homo,wt-homo,rmsd,vy94cwpl,vy94cwpl::RMSD,wt-homo / RMSD,RMSD,Time (ps),50400,0.22375186,nm,nm
line,overlay,wt-homo,wt-homo,rmsd,vy94cwpl,vy94cwpl::RMSD,wt-homo / RMSD,RMSD,Time (ps),50500,0.20652495,nm,nm
line,overlay,wt-homo,wt-homo,rmsd,vy94cwpl,vy94cwpl::RMSD,wt-homo / RMSD,RMSD,Time (ps),50600,0.21995752,nm,nm
line,overlay,wt-homo,wt-homo,rmsd,vy94cwpl,vy94cwpl::RMSD,wt-homo / RMSD,RMSD,Time (ps),50700,0.22797684,nm,nm
line,overlay,wt-homo,wt-homo,rmsd,vy94cwpl,vy94cwpl::RMSD,wt-homo / RMSD,RMSD,Time (ps),50800,0.21422952,nm,nm
line,overlay,wt-homo,wt-homo,rmsd,vy94cwpl,vy94cwpl::RMSD,wt-homo / RMSD,RMSD,Time (ps),50900,0.23219863,nm,nm
line,overlay,wt-homo,wt-homo,rmsd,vy94cwpl,vy94cwpl::RMSD,wt-homo / RMSD,RMSD,Time (ps),51000,0.2316242,nm,nm
line,overlay,wt-homo,wt-homo,rmsd,vy94cwpl,vy94cwpl::RMSD,wt-homo / RMSD,RMSD,Time (ps),51100,0.22432102,nm,nm
line,overlay,wt-homo,wt-homo,rmsd,vy94cwpl,vy94cwpl::RMSD,wt-homo / RMSD,RMSD,Time (ps),51200,0.2236221,nm,nm
line,overlay,wt-homo,wt-homo,rmsd,vy94cwpl,vy94cwpl::RMSD,wt-homo / RMSD,RMSD,Time (ps),51300,0.21949987,nm,nm
line,overlay,wt-homo,wt-homo,rmsd,vy94cwpl,vy94cwpl::RMSD,wt-homo / RMSD,RMSD,Time (ps),51400,0.22470197,nm,nm
line,overlay,wt-homo,wt-homo,rmsd,vy94cwpl,vy94cwpl::RMSD,wt-homo / RMSD,RMSD,Time (ps),51500,0.22313713,nm,nm
line,overlay,wt-homo,wt-homo,rmsd,vy94cwpl,vy94cwpl::RMSD,wt-homo / RMSD,RMSD,Time (ps),51600,0.22535846,nm,nm
line,overlay,wt-homo,wt-homo,rmsd,vy94cwpl,vy94cwpl::RMSD,wt-homo / RMSD,RMSD,Time (ps),51700,0.22708154,nm,nm
line,overlay,wt-homo,wt-homo,rmsd,vy94cwpl,vy94cwpl::RMSD,wt-homo / RMSD,RMSD,Time (ps),51800,0.2129092,nm,nm
line,overlay,wt-homo,wt-homo,rmsd,vy94cwpl,vy94cwpl::RMSD,wt-homo / RMSD,RMSD,Time (ps),51900,0.22667257,nm,nm
line,overlay,wt-homo,wt-homo,rmsd,vy94cwpl,vy94cwpl::RMSD,wt-homo / RMSD,RMSD,Time (ps),52000,0.23556735,nm,nm
line,overlay,wt-homo,wt-homo,rmsd,vy94cwpl,vy94cwpl::RMSD,wt-homo / RMSD,RMSD,Time (ps),52100,0.23078796,nm,nm
line,overlay,wt-homo,wt-homo,rmsd,vy94cwpl,vy94cwpl::RMSD,wt-homo / RMSD,RMSD,Time (ps),52200,0.2116027,nm,nm
line,overlay,wt-homo,wt-homo,rmsd,vy94cwpl,vy94cwpl::RMSD,wt-homo / RMSD,RMSD,Time (ps),52300,0.22166179,nm,nm
line,overlay,wt-homo,wt-homo,rmsd,vy94cwpl,vy94cwpl::RMSD,wt-homo / RMSD,RMSD,Time (ps),52400,0.21915956,nm,nm
line,overlay,wt-homo,wt-homo,rmsd,vy94cwpl,vy94cwpl::RMSD,wt-homo / RMSD,RMSD,Time (ps),52500,0.20751148,nm,nm
line,overlay,wt-homo,wt-homo,rmsd,vy94cwpl,vy94cwpl::RMSD,wt-homo / RMSD,RMSD,Time (ps),52600,0.21644169,nm,nm
line,overlay,wt-homo,wt-homo,rmsd,vy94cwpl,vy94cwpl::RMSD,wt-homo / RMSD,RMSD,Time (ps),52700,0.222143,nm,nm
line,overlay,wt-homo,wt-homo,rmsd,vy94cwpl,vy94cwpl::RMSD,wt-homo / RMSD,RMSD,Time (ps),52800,0.2314115,nm,nm
line,overlay,wt-homo,wt-homo,rmsd,vy94cwpl,vy94cwpl::RMSD,wt-homo / RMSD,RMSD,Time (ps),52900,0.22003292,nm,nm
line,overlay,wt-homo,wt-homo,rmsd,vy94cwpl,vy94cwpl::RMSD,wt-homo / RMSD,RMSD,Time (ps),53000,0.24533702,nm,nm
line,overlay,wt-homo,wt-homo,rmsd,vy94cwpl,vy94cwpl::RMSD,wt-homo / RMSD,RMSD,Time (ps),53100,0.23403527,nm,nm
line,overlay,wt-homo,wt-homo,rmsd,vy94cwpl,vy94cwpl::RMSD,wt-homo / RMSD,RMSD,Time (ps),53200,0.21259736,nm,nm
line,overlay,wt-homo,wt-homo,rmsd,vy94cwpl,vy94cwpl::RMSD,wt-homo / RMSD,RMSD,Time (ps),53300,0.21199428,nm,nm
line,overlay,wt-homo,wt-homo,rmsd,vy94cwpl,vy94cwpl::RMSD,wt-homo / RMSD,RMSD,Time (ps),53400,0.22497632,nm,nm
line,overlay,wt-homo,wt-homo,rmsd,vy94cwpl,vy94cwpl::RMSD,wt-homo / RMSD,RMSD,Time (ps),53500,0.22631328,nm,nm
line,overlay,wt-homo,wt-homo,rmsd,vy94cwpl,vy94cwpl::RMSD,wt-homo / RMSD,RMSD,Time (ps),53600,0.21947862,nm,nm
line,overlay,wt-homo,wt-homo,rmsd,vy94cwpl,vy94cwpl::RMSD,wt-homo / RMSD,RMSD,Time (ps),53700,0.21192579,nm,nm
line,overlay,wt-homo,wt-homo,rmsd,vy94cwpl,vy94cwpl::RMSD,wt-homo / RMSD,RMSD,Time (ps),53800,0.21183039,nm,nm
line,overlay,wt-homo,wt-homo,rmsd,vy94cwpl,vy94cwpl::RMSD,wt-homo / RMSD,RMSD,Time (ps),53900,0.20833665,nm,nm
line,overlay,wt-homo,wt-homo,rmsd,vy94cwpl,vy94cwpl::RMSD,wt-homo / RMSD,RMSD,Time (ps),54000,0.22943191,nm,nm
line,overlay,wt-homo,wt-homo,rmsd,vy94cwpl,vy94cwpl::RMSD,wt-homo / RMSD,RMSD,Time (ps),54100,0.22126858,nm,nm
line,overlay,wt-homo,wt-homo,rmsd,vy94cwpl,vy94cwpl::RMSD,wt-homo / RMSD,RMSD,Time (ps),54200,0.22689657,nm,nm
line,overlay,wt-homo,wt-homo,rmsd,vy94cwpl,vy94cwpl::RMSD,wt-homo / RMSD,RMSD,Time (ps),54300,0.23071833,nm,nm
line,overlay,wt-homo,wt-homo,rmsd,vy94cwpl,vy94cwpl::RMSD,wt-homo / RMSD,RMSD,Time (ps),54400,0.25160378,nm,nm
line,overlay,wt-homo,wt-homo,rmsd,vy94cwpl,vy94cwpl::RMSD,wt-homo / RMSD,RMSD,Time (ps),54500,0.25178298,nm,nm
line,overlay,wt-homo,wt-homo,rmsd,vy94cwpl,vy94cwpl::RMSD,wt-homo / RMSD,RMSD,Time (ps),54600,0.24362816,nm,nm
line,overlay,wt-homo,wt-homo,rmsd,vy94cwpl,vy94cwpl::RMSD,wt-homo / RMSD,RMSD,Time (ps),54700,0.25742844,nm,nm
line,overlay,wt-homo,wt-homo,rmsd,vy94cwpl,vy94cwpl::RMSD,wt-homo / RMSD,RMSD,Time (ps),54800,0.24834202,nm,nm
line,overlay,wt-homo,wt-homo,rmsd,vy94cwpl,vy94cwpl::RMSD,wt-homo / RMSD,RMSD,Time (ps),54900,0.24931484,nm,nm
line,overlay,wt-homo,wt-homo,rmsd,vy94cwpl,vy94cwpl::RMSD,wt-homo / RMSD,RMSD,Time (ps),55000,0.25804788,nm,nm
line,overlay,wt-homo,wt-homo,rmsd,vy94cwpl,vy94cwpl::RMSD,wt-homo / RMSD,RMSD,Time (ps),55100,0.24555032,nm,nm
line,overlay,wt-homo,wt-homo,rmsd,vy94cwpl,vy94cwpl::RMSD,wt-homo / RMSD,RMSD,Time (ps),55200,0.24907564,nm,nm
line,overlay,wt-homo,wt-homo,rmsd,vy94cwpl,vy94cwpl::RMSD,wt-homo / RMSD,RMSD,Time (ps),55300,0.23368286,nm,nm
line,overlay,wt-homo,wt-homo,rmsd,vy94cwpl,vy94cwpl::RMSD,wt-homo / RMSD,RMSD,Time (ps),55400,0.23660147,nm,nm
line,overlay,wt-homo,wt-homo,rmsd,vy94cwpl,vy94cwpl::RMSD,wt-homo / RMSD,RMSD,Time (ps),55500,0.25258252,nm,nm
line,overlay,wt-homo,wt-homo,rmsd,vy94cwpl,vy94cwpl::RMSD,wt-homo / RMSD,RMSD,Time (ps),55600,0.26151374,nm,nm
line,overlay,wt-homo,wt-homo,rmsd,vy94cwpl,vy94cwpl::RMSD,wt-homo / RMSD,RMSD,Time (ps),55700,0.25639543,nm,nm
line,overlay,wt-homo,wt-homo,rmsd,vy94cwpl,vy94cwpl::RMSD,wt-homo / RMSD,RMSD,Time (ps),55800,0.25367194,nm,nm
line,overlay,wt-homo,wt-homo,rmsd,vy94cwpl,vy94cwpl::RMSD,wt-homo / RMSD,RMSD,Time (ps),55900,0.26539367,nm,nm
line,overlay,wt-homo,wt-homo,rmsd,vy94cwpl,vy94cwpl::RMSD,wt-homo / RMSD,RMSD,Time (ps),56000,0.26875323,nm,nm
line,overlay,wt-homo,wt-homo,rmsd,vy94cwpl,vy94cwpl::RMSD,wt-homo / RMSD,RMSD,Time (ps),56100,0.25896424,nm,nm
line,overlay,wt-homo,wt-homo,rmsd,vy94cwpl,vy94cwpl::RMSD,wt-homo / RMSD,RMSD,Time (ps),56200,0.2513379,nm,nm
line,overlay,wt-homo,wt-homo,rmsd,vy94cwpl,vy94cwpl::RMSD,wt-homo / RMSD,RMSD,Time (ps),56300,0.25828078,nm,nm
line,overlay,wt-homo,wt-homo,rmsd,vy94cwpl,vy94cwpl::RMSD,wt-homo / RMSD,RMSD,Time (ps),56400,0.2584774,nm,nm
line,overlay,wt-homo,wt-homo,rmsd,vy94cwpl,vy94cwpl::RMSD,wt-homo / RMSD,RMSD,Time (ps),56500,0.23258673,nm,nm
line,overlay,wt-homo,wt-homo,rmsd,vy94cwpl,vy94cwpl::RMSD,wt-homo / RMSD,RMSD,Time (ps),56600,0.22758543,nm,nm
line,overlay,wt-homo,wt-homo,rmsd,vy94cwpl,vy94cwpl::RMSD,wt-homo / RMSD,RMSD,Time (ps),56700,0.2377227,nm,nm
line,overlay,wt-homo,wt-homo,rmsd,vy94cwpl,vy94cwpl::RMSD,wt-homo / RMSD,RMSD,Time (ps),56800,0.23907942,nm,nm
line,overlay,wt-homo,wt-homo,rmsd,vy94cwpl,vy94cwpl::RMSD,wt-homo / RMSD,RMSD,Time (ps),56900,0.25036052,nm,nm
line,overlay,wt-homo,wt-homo,rmsd,vy94cwpl,vy94cwpl::RMSD,wt-homo / RMSD,RMSD,Time (ps),57000,0.22480805,nm,nm
line,overlay,wt-homo,wt-homo,rmsd,vy94cwpl,vy94cwpl::RMSD,wt-homo / RMSD,RMSD,Time (ps),57100,0.2310147,nm,nm
line,overlay,wt-homo,wt-homo,rmsd,vy94cwpl,vy94cwpl::RMSD,wt-homo / RMSD,RMSD,Time (ps),57200,0.23948668,nm,nm
line,overlay,wt-homo,wt-homo,rmsd,vy94cwpl,vy94cwpl::RMSD,wt-homo / RMSD,RMSD,Time (ps),57300,0.23287182,nm,nm
line,overlay,wt-homo,wt-homo,rmsd,vy94cwpl,vy94cwpl::RMSD,wt-homo / RMSD,RMSD,Time (ps),57400,0.22963741,nm,nm
line,overlay,wt-homo,wt-homo,rmsd,vy94cwpl,vy94cwpl::RMSD,wt-homo / RMSD,RMSD,Time (ps),57500,0.23795588,nm,nm
line,overlay,wt-homo,wt-homo,rmsd,vy94cwpl,vy94cwpl::RMSD,wt-homo / RMSD,RMSD,Time (ps),57600,0.2159334,nm,nm
line,overlay,wt-homo,wt-homo,rmsd,vy94cwpl,vy94cwpl::RMSD,wt-homo / RMSD,RMSD,Time (ps),57700,0.24014592,nm,nm
line,overlay,wt-homo,wt-homo,rmsd,vy94cwpl,vy94cwpl::RMSD,wt-homo / RMSD,RMSD,Time (ps),57800,0.21989389,nm,nm
line,overlay,wt-homo,wt-homo,rmsd,vy94cwpl,vy94cwpl::RMSD,wt-homo / RMSD,RMSD,Time (ps),57900,0.22831084,nm,nm
line,overlay,wt-homo,wt-homo,rmsd,vy94cwpl,vy94cwpl::RMSD,wt-homo / RMSD,RMSD,Time (ps),58000,0.22523881,nm,nm
line,overlay,wt-homo,wt-homo,rmsd,vy94cwpl,vy94cwpl::RMSD,wt-homo / RMSD,RMSD,Time (ps),58100,0.21279962,nm,nm
line,overlay,wt-homo,wt-homo,rmsd,vy94cwpl,vy94cwpl::RMSD,wt-homo / RMSD,RMSD,Time (ps),58200,0.21002662,nm,nm
line,overlay,wt-homo,wt-homo,rmsd,vy94cwpl,vy94cwpl::RMSD,wt-homo / RMSD,RMSD,Time (ps),58300,0.20507926,nm,nm
line,overlay,wt-homo,wt-homo,rmsd,vy94cwpl,vy94cwpl::RMSD,wt-homo / RMSD,RMSD,Time (ps),58400,0.21572925,nm,nm
line,overlay,wt-homo,wt-homo,rmsd,vy94cwpl,vy94cwpl::RMSD,wt-homo / RMSD,RMSD,Time (ps),58500,0.21196494,nm,nm
line,overlay,wt-homo,wt-homo,rmsd,vy94cwpl,vy94cwpl::RMSD,wt-homo / RMSD,RMSD,Time (ps),58600,0.22380978,nm,nm
line,overlay,wt-homo,wt-homo,rmsd,vy94cwpl,vy94cwpl::RMSD,wt-homo / RMSD,RMSD,Time (ps),58700,0.22873953,nm,nm
line,overlay,wt-homo,wt-homo,rmsd,vy94cwpl,vy94cwpl::RMSD,wt-homo / RMSD,RMSD,Time (ps),58800,0.22600156,nm,nm
line,overlay,wt-homo,wt-homo,rmsd,vy94cwpl,vy94cwpl::RMSD,wt-homo / RMSD,RMSD,Time (ps),58900,0.22614142,nm,nm
line,overlay,wt-homo,wt-homo,rmsd,vy94cwpl,vy94cwpl::RMSD,wt-homo / RMSD,RMSD,Time (ps),59000,0.2250201,nm,nm
line,overlay,wt-homo,wt-homo,rmsd,vy94cwpl,vy94cwpl::RMSD,wt-homo / RMSD,RMSD,Time (ps),59100,0.22717738,nm,nm
line,overlay,wt-homo,wt-homo,rmsd,vy94cwpl,vy94cwpl::RMSD,wt-homo / RMSD,RMSD,Time (ps),59200,0.23588179,nm,nm
line,overlay,wt-homo,wt-homo,rmsd,vy94cwpl,vy94cwpl::RMSD,wt-homo / RMSD,RMSD,Time (ps),59300,0.24208073,nm,nm
line,overlay,wt-homo,wt-homo,rmsd,vy94cwpl,vy94cwpl::RMSD,wt-homo / RMSD,RMSD,Time (ps),59400,0.22654448,nm,nm
line,overlay,wt-homo,wt-homo,rmsd,vy94cwpl,vy94cwpl::RMSD,wt-homo / RMSD,RMSD,Time (ps),59500,0.21100168,nm,nm
line,overlay,wt-homo,wt-homo,rmsd,vy94cwpl,vy94cwpl::RMSD,wt-homo / RMSD,RMSD,Time (ps),59600,0.23278277,nm,nm
line,overlay,wt-homo,wt-homo,rmsd,vy94cwpl,vy94cwpl::RMSD,wt-homo / RMSD,RMSD,Time (ps),59700,0.21570283,nm,nm
line,overlay,wt-homo,wt-homo,rmsd,vy94cwpl,vy94cwpl::RMSD,wt-homo / RMSD,RMSD,Time (ps),59800,0.21632911,nm,nm
line,overlay,wt-homo,wt-homo,rmsd,vy94cwpl,vy94cwpl::RMSD,wt-homo / RMSD,RMSD,Time (ps),59900,0.21266073,nm,nm
line,overlay,wt-homo,wt-homo,rmsd,vy94cwpl,vy94cwpl::RMSD,wt-homo / RMSD,RMSD,Time (ps),60000,0.22848104,nm,nm
line,overlay,wt-homo,wt-homo,rmsd,vy94cwpl,vy94cwpl::RMSD,wt-homo / RMSD,RMSD,Time (ps),60100,0.22181608,nm,nm
line,overlay,wt-homo,wt-homo,rmsd,vy94cwpl,vy94cwpl::RMSD,wt-homo / RMSD,RMSD,Time (ps),60200,0.22332056,nm,nm
line,overlay,wt-homo,wt-homo,rmsd,vy94cwpl,vy94cwpl::RMSD,wt-homo / RMSD,RMSD,Time (ps),60300,0.22142547,nm,nm
line,overlay,wt-homo,wt-homo,rmsd,vy94cwpl,vy94cwpl::RMSD,wt-homo / RMSD,RMSD,Time (ps),60400,0.2347871,nm,nm
line,overlay,wt-homo,wt-homo,rmsd,vy94cwpl,vy94cwpl::RMSD,wt-homo / RMSD,RMSD,Time (ps),60500,0.21887556,nm,nm
line,overlay,wt-homo,wt-homo,rmsd,vy94cwpl,vy94cwpl::RMSD,wt-homo / RMSD,RMSD,Time (ps),60600,0.25266463,nm,nm
line,overlay,wt-homo,wt-homo,rmsd,vy94cwpl,vy94cwpl::RMSD,wt-homo / RMSD,RMSD,Time (ps),60700,0.22581342,nm,nm
line,overlay,wt-homo,wt-homo,rmsd,vy94cwpl,vy94cwpl::RMSD,wt-homo / RMSD,RMSD,Time (ps),60800,0.23321435,nm,nm
line,overlay,wt-homo,wt-homo,rmsd,vy94cwpl,vy94cwpl::RMSD,wt-homo / RMSD,RMSD,Time (ps),60900,0.23640859,nm,nm
line,overlay,wt-homo,wt-homo,rmsd,vy94cwpl,vy94cwpl::RMSD,wt-homo / RMSD,RMSD,Time (ps),61000,0.22898866,nm,nm
line,overlay,wt-homo,wt-homo,rmsd,vy94cwpl,vy94cwpl::RMSD,wt-homo / RMSD,RMSD,Time (ps),61100,0.23790796,nm,nm
line,overlay,wt-homo,wt-homo,rmsd,vy94cwpl,vy94cwpl::RMSD,wt-homo / RMSD,RMSD,Time (ps),61200,0.23369172,nm,nm
line,overlay,wt-homo,wt-homo,rmsd,vy94cwpl,vy94cwpl::RMSD,wt-homo / RMSD,RMSD,Time (ps),61300,0.23077224,nm,nm
line,overlay,wt-homo,wt-homo,rmsd,vy94cwpl,vy94cwpl::RMSD,wt-homo / RMSD,RMSD,Time (ps),61400,0.23369394,nm,nm
line,overlay,wt-homo,wt-homo,rmsd,vy94cwpl,vy94cwpl::RMSD,wt-homo / RMSD,RMSD,Time (ps),61500,0.23278055,nm,nm
line,overlay,wt-homo,wt-homo,rmsd,vy94cwpl,vy94cwpl::RMSD,wt-homo / RMSD,RMSD,Time (ps),61600,0.24221987,nm,nm
line,overlay,wt-homo,wt-homo,rmsd,vy94cwpl,vy94cwpl::RMSD,wt-homo / RMSD,RMSD,Time (ps),61700,0.23971383,nm,nm
line,overlay,wt-homo,wt-homo,rmsd,vy94cwpl,vy94cwpl::RMSD,wt-homo / RMSD,RMSD,Time (ps),61800,0.2553542,nm,nm
line,overlay,wt-homo,wt-homo,rmsd,vy94cwpl,vy94cwpl::RMSD,wt-homo / RMSD,RMSD,Time (ps),61900,0.23545289,nm,nm
line,overlay,wt-homo,wt-homo,rmsd,vy94cwpl,vy94cwpl::RMSD,wt-homo / RMSD,RMSD,Time (ps),62000,0.22597404,nm,nm
line,overlay,wt-homo,wt-homo,rmsd,vy94cwpl,vy94cwpl::RMSD,wt-homo / RMSD,RMSD,Time (ps),62100,0.21717328,nm,nm
line,overlay,wt-homo,wt-homo,rmsd,vy94cwpl,vy94cwpl::RMSD,wt-homo / RMSD,RMSD,Time (ps),62200,0.22091691,nm,nm
line,overlay,wt-homo,wt-homo,rmsd,vy94cwpl,vy94cwpl::RMSD,wt-homo / RMSD,RMSD,Time (ps),62300,0.22801323,nm,nm
line,overlay,wt-homo,wt-homo,rmsd,vy94cwpl,vy94cwpl::RMSD,wt-homo / RMSD,RMSD,Time (ps),62400,0.24306369,nm,nm
line,overlay,wt-homo,wt-homo,rmsd,vy94cwpl,vy94cwpl::RMSD,wt-homo / RMSD,RMSD,Time (ps),62500,0.2649284,nm,nm
line,overlay,wt-homo,wt-homo,rmsd,vy94cwpl,vy94cwpl::RMSD,wt-homo / RMSD,RMSD,Time (ps),62600,0.25262153,nm,nm
line,overlay,wt-homo,wt-homo,rmsd,vy94cwpl,vy94cwpl::RMSD,wt-homo / RMSD,RMSD,Time (ps),62700,0.23493277,nm,nm
line,overlay,wt-homo,wt-homo,rmsd,vy94cwpl,vy94cwpl::RMSD,wt-homo / RMSD,RMSD,Time (ps),62800,0.23716165,nm,nm
line,overlay,wt-homo,wt-homo,rmsd,vy94cwpl,vy94cwpl::RMSD,wt-homo / RMSD,RMSD,Time (ps),62900,0.23212942,nm,nm
line,overlay,wt-homo,wt-homo,rmsd,vy94cwpl,vy94cwpl::RMSD,wt-homo / RMSD,RMSD,Time (ps),63000,0.22578357,nm,nm
line,overlay,wt-homo,wt-homo,rmsd,vy94cwpl,vy94cwpl::RMSD,wt-homo / RMSD,RMSD,Time (ps),63100,0.23448224,nm,nm
line,overlay,wt-homo,wt-homo,rmsd,vy94cwpl,vy94cwpl::RMSD,wt-homo / RMSD,RMSD,Time (ps),63200,0.23312098,nm,nm
line,overlay,wt-homo,wt-homo,rmsd,vy94cwpl,vy94cwpl::RMSD,wt-homo / RMSD,RMSD,Time (ps),63300,0.22220364,nm,nm
line,overlay,wt-homo,wt-homo,rmsd,vy94cwpl,vy94cwpl::RMSD,wt-homo / RMSD,RMSD,Time (ps),63400,0.23452424,nm,nm
line,overlay,wt-homo,wt-homo,rmsd,vy94cwpl,vy94cwpl::RMSD,wt-homo / RMSD,RMSD,Time (ps),63500,0.21217757,nm,nm
line,overlay,wt-homo,wt-homo,rmsd,vy94cwpl,vy94cwpl::RMSD,wt-homo / RMSD,RMSD,Time (ps),63600,0.21899393,nm,nm
line,overlay,wt-homo,wt-homo,rmsd,vy94cwpl,vy94cwpl::RMSD,wt-homo / RMSD,RMSD,Time (ps),63700,0.2199905,nm,nm
line,overlay,wt-homo,wt-homo,rmsd,vy94cwpl,vy94cwpl::RMSD,wt-homo / RMSD,RMSD,Time (ps),63800,0.23331213,nm,nm
line,overlay,wt-homo,wt-homo,rmsd,vy94cwpl,vy94cwpl::RMSD,wt-homo / RMSD,RMSD,Time (ps),63900,0.24641009,nm,nm
line,overlay,wt-homo,wt-homo,rmsd,vy94cwpl,vy94cwpl::RMSD,wt-homo / RMSD,RMSD,Time (ps),64000,0.25408846,nm,nm
line,overlay,wt-homo,wt-homo,rmsd,vy94cwpl,vy94cwpl::RMSD,wt-homo / RMSD,RMSD,Time (ps),64100,0.27185026,nm,nm
line,overlay,wt-homo,wt-homo,rmsd,vy94cwpl,vy94cwpl::RMSD,wt-homo / RMSD,RMSD,Time (ps),64200,0.25645202,nm,nm
line,overlay,wt-homo,wt-homo,rmsd,vy94cwpl,vy94cwpl::RMSD,wt-homo / RMSD,RMSD,Time (ps),64300,0.2469543,nm,nm
line,overlay,wt-homo,wt-homo,rmsd,vy94cwpl,vy94cwpl::RMSD,wt-homo / RMSD,RMSD,Time (ps),64400,0.24462609,nm,nm
line,overlay,wt-homo,wt-homo,rmsd,vy94cwpl,vy94cwpl::RMSD,wt-homo / RMSD,RMSD,Time (ps),64500,0.24322571,nm,nm
line,overlay,wt-homo,wt-homo,rmsd,vy94cwpl,vy94cwpl::RMSD,wt-homo / RMSD,RMSD,Time (ps),64600,0.25465292,nm,nm
line,overlay,wt-homo,wt-homo,rmsd,vy94cwpl,vy94cwpl::RMSD,wt-homo / RMSD,RMSD,Time (ps),64700,0.24665187,nm,nm
line,overlay,wt-homo,wt-homo,rmsd,vy94cwpl,vy94cwpl::RMSD,wt-homo / RMSD,RMSD,Time (ps),64800,0.2521142,nm,nm
line,overlay,wt-homo,wt-homo,rmsd,vy94cwpl,vy94cwpl::RMSD,wt-homo / RMSD,RMSD,Time (ps),64900,0.23784477,nm,nm
line,overlay,wt-homo,wt-homo,rmsd,vy94cwpl,vy94cwpl::RMSD,wt-homo / RMSD,RMSD,Time (ps),65000,0.22706784,nm,nm
line,overlay,wt-homo,wt-homo,rmsd,vy94cwpl,vy94cwpl::RMSD,wt-homo / RMSD,RMSD,Time (ps),65100,0.22471812,nm,nm
line,overlay,wt-homo,wt-homo,rmsd,vy94cwpl,vy94cwpl::RMSD,wt-homo / RMSD,RMSD,Time (ps),65200,0.22330664,nm,nm
line,overlay,wt-homo,wt-homo,rmsd,vy94cwpl,vy94cwpl::RMSD,wt-homo / RMSD,RMSD,Time (ps),65300,0.228667,nm,nm
line,overlay,wt-homo,wt-homo,rmsd,vy94cwpl,vy94cwpl::RMSD,wt-homo / RMSD,RMSD,Time (ps),65400,0.22512603,nm,nm
line,overlay,wt-homo,wt-homo,rmsd,vy94cwpl,vy94cwpl::RMSD,wt-homo / RMSD,RMSD,Time (ps),65500,0.21992925,nm,nm
line,overlay,wt-homo,wt-homo,rmsd,vy94cwpl,vy94cwpl::RMSD,wt-homo / RMSD,RMSD,Time (ps),65600,0.20397934,nm,nm
line,overlay,wt-homo,wt-homo,rmsd,vy94cwpl,vy94cwpl::RMSD,wt-homo / RMSD,RMSD,Time (ps),65700,0.215955,nm,nm
line,overlay,wt-homo,wt-homo,rmsd,vy94cwpl,vy94cwpl::RMSD,wt-homo / RMSD,RMSD,Time (ps),65800,0.22938897,nm,nm
line,overlay,wt-homo,wt-homo,rmsd,vy94cwpl,vy94cwpl::RMSD,wt-homo / RMSD,RMSD,Time (ps),65900,0.22787224,nm,nm
line,overlay,wt-homo,wt-homo,rmsd,vy94cwpl,vy94cwpl::RMSD,wt-homo / RMSD,RMSD,Time (ps),66000,0.2335808,nm,nm
line,overlay,wt-homo,wt-homo,rmsd,vy94cwpl,vy94cwpl::RMSD,wt-homo / RMSD,RMSD,Time (ps),66100,0.24663086,nm,nm
line,overlay,wt-homo,wt-homo,rmsd,vy94cwpl,vy94cwpl::RMSD,wt-homo / RMSD,RMSD,Time (ps),66200,0.2500767,nm,nm
line,overlay,wt-homo,wt-homo,rmsd,vy94cwpl,vy94cwpl::RMSD,wt-homo / RMSD,RMSD,Time (ps),66300,0.2677794,nm,nm
line,overlay,wt-homo,wt-homo,rmsd,vy94cwpl,vy94cwpl::RMSD,wt-homo / RMSD,RMSD,Time (ps),66400,0.25315446,nm,nm
line,overlay,wt-homo,wt-homo,rmsd,vy94cwpl,vy94cwpl::RMSD,wt-homo / RMSD,RMSD,Time (ps),66500,0.25234026,nm,nm
line,overlay,wt-homo,wt-homo,rmsd,vy94cwpl,vy94cwpl::RMSD,wt-homo / RMSD,RMSD,Time (ps),66600,0.25689632,nm,nm
line,overlay,wt-homo,wt-homo,rmsd,vy94cwpl,vy94cwpl::RMSD,wt-homo / RMSD,RMSD,Time (ps),66700,0.25918433,nm,nm
line,overlay,wt-homo,wt-homo,rmsd,vy94cwpl,vy94cwpl::RMSD,wt-homo / RMSD,RMSD,Time (ps),66800,0.23737574,nm,nm
line,overlay,wt-homo,wt-homo,rmsd,vy94cwpl,vy94cwpl::RMSD,wt-homo / RMSD,RMSD,Time (ps),66900,0.2702189,nm,nm
line,overlay,wt-homo,wt-homo,rmsd,vy94cwpl,vy94cwpl::RMSD,wt-homo / RMSD,RMSD,Time (ps),67000,0.24406181,nm,nm
line,overlay,wt-homo,wt-homo,rmsd,vy94cwpl,vy94cwpl::RMSD,wt-homo / RMSD,RMSD,Time (ps),67100,0.24638273,nm,nm
line,overlay,wt-homo,wt-homo,rmsd,vy94cwpl,vy94cwpl::RMSD,wt-homo / RMSD,RMSD,Time (ps),67200,0.24931484,nm,nm
line,overlay,wt-homo,wt-homo,rmsd,vy94cwpl,vy94cwpl::RMSD,wt-homo / RMSD,RMSD,Time (ps),67300,0.24850686,nm,nm
line,overlay,wt-homo,wt-homo,rmsd,vy94cwpl,vy94cwpl::RMSD,wt-homo / RMSD,RMSD,Time (ps),67400,0.24659093,nm,nm
line,overlay,wt-homo,wt-homo,rmsd,vy94cwpl,vy94cwpl::RMSD,wt-homo / RMSD,RMSD,Time (ps),67500,0.24227978,nm,nm
line,overlay,wt-homo,wt-homo,rmsd,vy94cwpl,vy94cwpl::RMSD,wt-homo / RMSD,RMSD,Time (ps),67600,0.23658393,nm,nm
line,overlay,wt-homo,wt-homo,rmsd,vy94cwpl,vy94cwpl::RMSD,wt-homo / RMSD,RMSD,Time (ps),67700,0.25026318,nm,nm
line,overlay,wt-homo,wt-homo,rmsd,vy94cwpl,vy94cwpl::RMSD,wt-homo / RMSD,RMSD,Time (ps),67800,0.25850144,nm,nm
line,overlay,wt-homo,wt-homo,rmsd,vy94cwpl,vy94cwpl::RMSD,wt-homo / RMSD,RMSD,Time (ps),67900,0.23641297,nm,nm
line,overlay,wt-homo,wt-homo,rmsd,vy94cwpl,vy94cwpl::RMSD,wt-homo / RMSD,RMSD,Time (ps),68000,0.2267183,nm,nm
line,overlay,wt-homo,wt-homo,rmsd,vy94cwpl,vy94cwpl::RMSD,wt-homo / RMSD,RMSD,Time (ps),68100,0.22187681,nm,nm
line,overlay,wt-homo,wt-homo,rmsd,vy94cwpl,vy94cwpl::RMSD,wt-homo / RMSD,RMSD,Time (ps),68200,0.2391683,nm,nm
line,overlay,wt-homo,wt-homo,rmsd,vy94cwpl,vy94cwpl::RMSD,wt-homo / RMSD,RMSD,Time (ps),68300,0.23403971,nm,nm
line,overlay,wt-homo,wt-homo,rmsd,vy94cwpl,vy94cwpl::RMSD,wt-homo / RMSD,RMSD,Time (ps),68400,0.23411942,nm,nm
line,overlay,wt-homo,wt-homo,rmsd,vy94cwpl,vy94cwpl::RMSD,wt-homo / RMSD,RMSD,Time (ps),68500,0.24025813,nm,nm
line,overlay,wt-homo,wt-homo,rmsd,vy94cwpl,vy94cwpl::RMSD,wt-homo / RMSD,RMSD,Time (ps),68600,0.25214505,nm,nm
line,overlay,wt-homo,wt-homo,rmsd,vy94cwpl,vy94cwpl::RMSD,wt-homo / RMSD,RMSD,Time (ps),68700,0.24803919,nm,nm
line,overlay,wt-homo,wt-homo,rmsd,vy94cwpl,vy94cwpl::RMSD,wt-homo / RMSD,RMSD,Time (ps),68800,0.24949566,nm,nm
line,overlay,wt-homo,wt-homo,rmsd,vy94cwpl,vy94cwpl::RMSD,wt-homo / RMSD,RMSD,Time (ps),68900,0.24792004,nm,nm
line,overlay,wt-homo,wt-homo,rmsd,vy94cwpl,vy94cwpl::RMSD,wt-homo / RMSD,RMSD,Time (ps),69000,0.2379733,nm,nm
line,overlay,wt-homo,wt-homo,rmsd,vy94cwpl,vy94cwpl::RMSD,wt-homo / RMSD,RMSD,Time (ps),69100,0.255017,nm,nm
line,overlay,wt-homo,wt-homo,rmsd,vy94cwpl,vy94cwpl::RMSD,wt-homo / RMSD,RMSD,Time (ps),69200,0.25860772,nm,nm
line,overlay,wt-homo,wt-homo,rmsd,vy94cwpl,vy94cwpl::RMSD,wt-homo / RMSD,RMSD,Time (ps),69300,0.24533702,nm,nm
line,overlay,wt-homo,wt-homo,rmsd,vy94cwpl,vy94cwpl::RMSD,wt-homo / RMSD,RMSD,Time (ps),69400,0.25707987,nm,nm
line,overlay,wt-homo,wt-homo,rmsd,vy94cwpl,vy94cwpl::RMSD,wt-homo / RMSD,RMSD,Time (ps),69500,0.24578874,nm,nm
line,overlay,wt-homo,wt-homo,rmsd,vy94cwpl,vy94cwpl::RMSD,wt-homo / RMSD,RMSD,Time (ps),69600,0.23395552,nm,nm
line,overlay,wt-homo,wt-homo,rmsd,vy94cwpl,vy94cwpl::RMSD,wt-homo / RMSD,RMSD,Time (ps),69700,0.24082272,nm,nm
line,overlay,wt-homo,wt-homo,rmsd,vy94cwpl,vy94cwpl::RMSD,wt-homo / RMSD,RMSD,Time (ps),69800,0.21919739,nm,nm
line,overlay,wt-homo,wt-homo,rmsd,vy94cwpl,vy94cwpl::RMSD,wt-homo / RMSD,RMSD,Time (ps),69900,0.21063288,nm,nm
line,overlay,wt-homo,wt-homo,rmsd,vy94cwpl,vy94cwpl::RMSD,wt-homo / RMSD,RMSD,Time (ps),70000,0.21545036,nm,nm
line,overlay,wt-homo,wt-homo,rmsd,vy94cwpl,vy94cwpl::RMSD,wt-homo / RMSD,RMSD,Time (ps),70100,0.23068464,nm,nm
line,overlay,wt-homo,wt-homo,rmsd,vy94cwpl,vy94cwpl::RMSD,wt-homo / RMSD,RMSD,Time (ps),70200,0.22211266,nm,nm
line,overlay,wt-homo,wt-homo,rmsd,vy94cwpl,vy94cwpl::RMSD,wt-homo / RMSD,RMSD,Time (ps),70300,0.22897735,nm,nm
line,overlay,wt-homo,wt-homo,rmsd,vy94cwpl,vy94cwpl::RMSD,wt-homo / RMSD,RMSD,Time (ps),70400,0.23088004,nm,nm
line,overlay,wt-homo,wt-homo,rmsd,vy94cwpl,vy94cwpl::RMSD,wt-homo / RMSD,RMSD,Time (ps),70500,0.21567398,nm,nm
line,overlay,wt-homo,wt-homo,rmsd,vy94cwpl,vy94cwpl::RMSD,wt-homo / RMSD,RMSD,Time (ps),70600,0.22558835,nm,nm
line,overlay,wt-homo,wt-homo,rmsd,vy94cwpl,vy94cwpl::RMSD,wt-homo / RMSD,RMSD,Time (ps),70700,0.24642691,nm,nm
line,overlay,wt-homo,wt-homo,rmsd,vy94cwpl,vy94cwpl::RMSD,wt-homo / RMSD,RMSD,Time (ps),70800,0.23159288,nm,nm
line,overlay,wt-homo,wt-homo,rmsd,vy94cwpl,vy94cwpl::RMSD,wt-homo / RMSD,RMSD,Time (ps),70900,0.22937089,nm,nm
line,overlay,wt-homo,wt-homo,rmsd,vy94cwpl,vy94cwpl::RMSD,wt-homo / RMSD,RMSD,Time (ps),71000,0.23529433,nm,nm
line,overlay,wt-homo,wt-homo,rmsd,vy94cwpl,vy94cwpl::RMSD,wt-homo / RMSD,RMSD,Time (ps),71100,0.23227228,nm,nm
line,overlay,wt-homo,wt-homo,rmsd,vy94cwpl,vy94cwpl::RMSD,wt-homo / RMSD,RMSD,Time (ps),71200,0.22946353,nm,nm
line,overlay,wt-homo,wt-homo,rmsd,vy94cwpl,vy94cwpl::RMSD,wt-homo / RMSD,RMSD,Time (ps),71300,0.22597863,nm,nm
line,overlay,wt-homo,wt-homo,rmsd,vy94cwpl,vy94cwpl::RMSD,wt-homo / RMSD,RMSD,Time (ps),71400,0.25073496,nm,nm
line,overlay,wt-homo,wt-homo,rmsd,vy94cwpl,vy94cwpl::RMSD,wt-homo / RMSD,RMSD,Time (ps),71500,0.24601428,nm,nm
line,overlay,wt-homo,wt-homo,rmsd,vy94cwpl,vy94cwpl::RMSD,wt-homo / RMSD,RMSD,Time (ps),71600,0.24787614,nm,nm
line,overlay,wt-homo,wt-homo,rmsd,vy94cwpl,vy94cwpl::RMSD,wt-homo / RMSD,RMSD,Time (ps),71700,0.2216197,nm,nm
line,overlay,wt-homo,wt-homo,rmsd,vy94cwpl,vy94cwpl::RMSD,wt-homo / RMSD,RMSD,Time (ps),71800,0.2278745,nm,nm
line,overlay,wt-homo,wt-homo,rmsd,vy94cwpl,vy94cwpl::RMSD,wt-homo / RMSD,RMSD,Time (ps),71900,0.24658042,nm,nm
line,overlay,wt-homo,wt-homo,rmsd,vy94cwpl,vy94cwpl::RMSD,wt-homo / RMSD,RMSD,Time (ps),72000,0.21163699,nm,nm
line,overlay,wt-homo,wt-homo,rmsd,vy94cwpl,vy94cwpl::RMSD,wt-homo / RMSD,RMSD,Time (ps),72100,0.23104836,nm,nm
line,overlay,wt-homo,wt-homo,rmsd,vy94cwpl,vy94cwpl::RMSD,wt-homo / RMSD,RMSD,Time (ps),72200,0.22361977,nm,nm
line,overlay,wt-homo,wt-homo,rmsd,vy94cwpl,vy94cwpl::RMSD,wt-homo / RMSD,RMSD,Time (ps),72300,0.24527574,nm,nm
line,overlay,wt-homo,wt-homo,rmsd,vy94cwpl,vy94cwpl::RMSD,wt-homo / RMSD,RMSD,Time (ps),72400,0.23550352,nm,nm
line,overlay,wt-homo,wt-homo,rmsd,vy94cwpl,vy94cwpl::RMSD,wt-homo / RMSD,RMSD,Time (ps),72500,0.2510428,nm,nm
line,overlay,wt-homo,wt-homo,rmsd,vy94cwpl,vy94cwpl::RMSD,wt-homo / RMSD,RMSD,Time (ps),72600,0.24167356,nm,nm
line,overlay,wt-homo,wt-homo,rmsd,vy94cwpl,vy94cwpl::RMSD,wt-homo / RMSD,RMSD,Time (ps),72700,0.23877136,nm,nm
line,overlay,wt-homo,wt-homo,rmsd,vy94cwpl,vy94cwpl::RMSD,wt-homo / RMSD,RMSD,Time (ps),72800,0.24987763,nm,nm
line,overlay,wt-homo,wt-homo,rmsd,vy94cwpl,vy94cwpl::RMSD,wt-homo / RMSD,RMSD,Time (ps),72900,0.25527096,nm,nm
line,overlay,wt-homo,wt-homo,rmsd,vy94cwpl,vy94cwpl::RMSD,wt-homo / RMSD,RMSD,Time (ps),73000,0.23070036,nm,nm
line,overlay,wt-homo,wt-homo,rmsd,vy94cwpl,vy94cwpl::RMSD,wt-homo / RMSD,RMSD,Time (ps),73100,0.23177634,nm,nm
line,overlay,wt-homo,wt-homo,rmsd,vy94cwpl,vy94cwpl::RMSD,wt-homo / RMSD,RMSD,Time (ps),73200,0.21712077,nm,nm
line,overlay,wt-homo,wt-homo,rmsd,vy94cwpl,vy94cwpl::RMSD,wt-homo / RMSD,RMSD,Time (ps),73300,0.23056775,nm,nm
line,overlay,wt-homo,wt-homo,rmsd,vy94cwpl,vy94cwpl::RMSD,wt-homo / RMSD,RMSD,Time (ps),73400,0.23234145,nm,nm
line,overlay,wt-homo,wt-homo,rmsd,vy94cwpl,vy94cwpl::RMSD,wt-homo / RMSD,RMSD,Time (ps),73500,0.23321657,nm,nm
line,overlay,wt-homo,wt-homo,rmsd,vy94cwpl,vy94cwpl::RMSD,wt-homo / RMSD,RMSD,Time (ps),73600,0.23832156,nm,nm
line,overlay,wt-homo,wt-homo,rmsd,vy94cwpl,vy94cwpl::RMSD,wt-homo / RMSD,RMSD,Time (ps),73700,0.22392786,nm,nm
line,overlay,wt-homo,wt-homo,rmsd,vy94cwpl,vy94cwpl::RMSD,wt-homo / RMSD,RMSD,Time (ps),73800,0.23405963,nm,nm
line,overlay,wt-homo,wt-homo,rmsd,vy94cwpl,vy94cwpl::RMSD,wt-homo / RMSD,RMSD,Time (ps),73900,0.23474516,nm,nm
line,overlay,wt-homo,wt-homo,rmsd,vy94cwpl,vy94cwpl::RMSD,wt-homo / RMSD,RMSD,Time (ps),74000,0.22086997,nm,nm
line,overlay,wt-homo,wt-homo,rmsd,vy94cwpl,vy94cwpl::RMSD,wt-homo / RMSD,RMSD,Time (ps),74100,0.23549032,nm,nm
line,overlay,wt-homo,wt-homo,rmsd,vy94cwpl,vy94cwpl::RMSD,wt-homo / RMSD,RMSD,Time (ps),74200,0.23826501,nm,nm
line,overlay,wt-homo,wt-homo,rmsd,vy94cwpl,vy94cwpl::RMSD,wt-homo / RMSD,RMSD,Time (ps),74300,0.23879957,nm,nm
line,overlay,wt-homo,wt-homo,rmsd,vy94cwpl,vy94cwpl::RMSD,wt-homo / RMSD,RMSD,Time (ps),74400,0.21640338,nm,nm
line,overlay,wt-homo,wt-homo,rmsd,vy94cwpl,vy94cwpl::RMSD,wt-homo / RMSD,RMSD,Time (ps),74500,0.21998109,nm,nm
line,overlay,wt-homo,wt-homo,rmsd,vy94cwpl,vy94cwpl::RMSD,wt-homo / RMSD,RMSD,Time (ps),74600,0.23367397,nm,nm
line,overlay,wt-homo,wt-homo,rmsd,vy94cwpl,vy94cwpl::RMSD,wt-homo / RMSD,RMSD,Time (ps),74700,0.23780334,nm,nm
line,overlay,wt-homo,wt-homo,rmsd,vy94cwpl,vy94cwpl::RMSD,wt-homo / RMSD,RMSD,Time (ps),74800,0.25039363,nm,nm
line,overlay,wt-homo,wt-homo,rmsd,vy94cwpl,vy94cwpl::RMSD,wt-homo / RMSD,RMSD,Time (ps),74900,0.26125595,nm,nm
line,overlay,wt-homo,wt-homo,rmsd,vy94cwpl,vy94cwpl::RMSD,wt-homo / RMSD,RMSD,Time (ps),75000,0.25194556,nm,nm
line,overlay,wt-homo,wt-homo,rmsd,vy94cwpl,vy94cwpl::RMSD,wt-homo / RMSD,RMSD,Time (ps),75100,0.25406396,nm,nm
line,overlay,wt-homo,wt-homo,rmsd,vy94cwpl,vy94cwpl::RMSD,wt-homo / RMSD,RMSD,Time (ps),75200,0.24655308,nm,nm
line,overlay,wt-homo,wt-homo,rmsd,vy94cwpl,vy94cwpl::RMSD,wt-homo / RMSD,RMSD,Time (ps),75300,0.23237492,nm,nm
line,overlay,wt-homo,wt-homo,rmsd,vy94cwpl,vy94cwpl::RMSD,wt-homo / RMSD,RMSD,Time (ps),75400,0.2465657,nm,nm
line,overlay,wt-homo,wt-homo,rmsd,vy94cwpl,vy94cwpl::RMSD,wt-homo / RMSD,RMSD,Time (ps),75500,0.24004877,nm,nm
line,overlay,wt-homo,wt-homo,rmsd,vy94cwpl,vy94cwpl::RMSD,wt-homo / RMSD,RMSD,Time (ps),75600,0.23644806,nm,nm
line,overlay,wt-homo,wt-homo,rmsd,vy94cwpl,vy94cwpl::RMSD,wt-homo / RMSD,RMSD,Time (ps),75700,0.2341991,nm,nm
line,overlay,wt-homo,wt-homo,rmsd,vy94cwpl,vy94cwpl::RMSD,wt-homo / RMSD,RMSD,Time (ps),75800,0.23297419,nm,nm
line,overlay,wt-homo,wt-homo,rmsd,vy94cwpl,vy94cwpl::RMSD,wt-homo / RMSD,RMSD,Time (ps),75900,0.23721628,nm,nm
line,overlay,wt-homo,wt-homo,rmsd,vy94cwpl,vy94cwpl::RMSD,wt-homo / RMSD,RMSD,Time (ps),76000,0.22724582,nm,nm
line,overlay,wt-homo,wt-homo,rmsd,vy94cwpl,vy94cwpl::RMSD,wt-homo / RMSD,RMSD,Time (ps),76100,0.22781081,nm,nm
line,overlay,wt-homo,wt-homo,rmsd,vy94cwpl,vy94cwpl::RMSD,wt-homo / RMSD,RMSD,Time (ps),76200,0.23476723,nm,nm
line,overlay,wt-homo,wt-homo,rmsd,vy94cwpl,vy94cwpl::RMSD,wt-homo / RMSD,RMSD,Time (ps),76300,0.24200578,nm,nm
line,overlay,wt-homo,wt-homo,rmsd,vy94cwpl,vy94cwpl::RMSD,wt-homo / RMSD,RMSD,Time (ps),76400,0.23684889,nm,nm
line,overlay,wt-homo,wt-homo,rmsd,vy94cwpl,vy94cwpl::RMSD,wt-homo / RMSD,RMSD,Time (ps),76500,0.25083005,nm,nm
line,overlay,wt-homo,wt-homo,rmsd,vy94cwpl,vy94cwpl::RMSD,wt-homo / RMSD,RMSD,Time (ps),76600,0.24684094,nm,nm
line,overlay,wt-homo,wt-homo,rmsd,vy94cwpl,vy94cwpl::RMSD,wt-homo / RMSD,RMSD,Time (ps),76700,0.24120769,nm,nm
line,overlay,wt-homo,wt-homo,rmsd,vy94cwpl,vy94cwpl::RMSD,wt-homo / RMSD,RMSD,Time (ps),76800,0.23095188,nm,nm
line,overlay,wt-homo,wt-homo,rmsd,vy94cwpl,vy94cwpl::RMSD,wt-homo / RMSD,RMSD,Time (ps),76900,0.25886813,nm,nm
line,overlay,wt-homo,wt-homo,rmsd,vy94cwpl,vy94cwpl::RMSD,wt-homo / RMSD,RMSD,Time (ps),77000,0.25243267,nm,nm
line,overlay,wt-homo,wt-homo,rmsd,vy94cwpl,vy94cwpl::RMSD,wt-homo / RMSD,RMSD,Time (ps),77100,0.24492891,nm,nm
line,overlay,wt-homo,wt-homo,rmsd,vy94cwpl,vy94cwpl::RMSD,wt-homo / RMSD,RMSD,Time (ps),77200,0.24355581,nm,nm
line,overlay,wt-homo,wt-homo,rmsd,vy94cwpl,vy94cwpl::RMSD,wt-homo / RMSD,RMSD,Time (ps),77300,0.25522625,nm,nm
line,overlay,wt-homo,wt-homo,rmsd,vy94cwpl,vy94cwpl::RMSD,wt-homo / RMSD,RMSD,Time (ps),77400,0.24215353,nm,nm
line,overlay,wt-homo,wt-homo,rmsd,vy94cwpl,vy94cwpl::RMSD,wt-homo / RMSD,RMSD,Time (ps),77500,0.2316891,nm,nm
line,overlay,wt-homo,wt-homo,rmsd,vy94cwpl,vy94cwpl::RMSD,wt-homo / RMSD,RMSD,Time (ps),77600,0.23720972,nm,nm
line,overlay,wt-homo,wt-homo,rmsd,vy94cwpl,vy94cwpl::RMSD,wt-homo / RMSD,RMSD,Time (ps),77700,0.25596243,nm,nm
line,overlay,wt-homo,wt-homo,rmsd,vy94cwpl,vy94cwpl::RMSD,wt-homo / RMSD,RMSD,Time (ps),77800,0.24915679,nm,nm
line,overlay,wt-homo,wt-homo,rmsd,vy94cwpl,vy94cwpl::RMSD,wt-homo / RMSD,RMSD,Time (ps),77900,0.22741456,nm,nm
line,overlay,wt-homo,wt-homo,rmsd,vy94cwpl,vy94cwpl::RMSD,wt-homo / RMSD,RMSD,Time (ps),78000,0.23625506,nm,nm
line,overlay,wt-homo,wt-homo,rmsd,vy94cwpl,vy94cwpl::RMSD,wt-homo / RMSD,RMSD,Time (ps),78100,0.25546378,nm,nm
line,overlay,wt-homo,wt-homo,rmsd,vy94cwpl,vy94cwpl::RMSD,wt-homo / RMSD,RMSD,Time (ps),78200,0.25284714,nm,nm
line,overlay,wt-homo,wt-homo,rmsd,vy94cwpl,vy94cwpl::RMSD,wt-homo / RMSD,RMSD,Time (ps),78300,0.2537516,nm,nm
line,overlay,wt-homo,wt-homo,rmsd,vy94cwpl,vy94cwpl::RMSD,wt-homo / RMSD,RMSD,Time (ps),78400,0.23332767,nm,nm
line,overlay,wt-homo,wt-homo,rmsd,vy94cwpl,vy94cwpl::RMSD,wt-homo / RMSD,RMSD,Time (ps),78500,0.25327727,nm,nm
line,overlay,wt-homo,wt-homo,rmsd,vy94cwpl,vy94cwpl::RMSD,wt-homo / RMSD,RMSD,Time (ps),78600,0.24728991,nm,nm
line,overlay,wt-homo,wt-homo,rmsd,vy94cwpl,vy94cwpl::RMSD,wt-homo / RMSD,RMSD,Time (ps),78700,0.24987349,nm,nm
line,overlay,wt-homo,wt-homo,rmsd,vy94cwpl,vy94cwpl::RMSD,wt-homo / RMSD,RMSD,Time (ps),78800,0.22938897,nm,nm
line,overlay,wt-homo,wt-homo,rmsd,vy94cwpl,vy94cwpl::RMSD,wt-homo / RMSD,RMSD,Time (ps),78900,0.24406393,nm,nm
line,overlay,wt-homo,wt-homo,rmsd,vy94cwpl,vy94cwpl::RMSD,wt-homo / RMSD,RMSD,Time (ps),79000,0.24499239,nm,nm
line,overlay,wt-homo,wt-homo,rmsd,vy94cwpl,vy94cwpl::RMSD,wt-homo / RMSD,RMSD,Time (ps),79100,0.25981355,nm,nm
line,overlay,wt-homo,wt-homo,rmsd,vy94cwpl,vy94cwpl::RMSD,wt-homo / RMSD,RMSD,Time (ps),79200,0.26899615,nm,nm
line,overlay,wt-homo,wt-homo,rmsd,vy94cwpl,vy94cwpl::RMSD,wt-homo / RMSD,RMSD,Time (ps),79300,0.25758344,nm,nm
line,overlay,wt-homo,wt-homo,rmsd,vy94cwpl,vy94cwpl::RMSD,wt-homo / RMSD,RMSD,Time (ps),79400,0.25299263,nm,nm
line,overlay,wt-homo,wt-homo,rmsd,vy94cwpl,vy94cwpl::RMSD,wt-homo / RMSD,RMSD,Time (ps),79500,0.26006278,nm,nm
line,overlay,wt-homo,wt-homo,rmsd,vy94cwpl,vy94cwpl::RMSD,wt-homo / RMSD,RMSD,Time (ps),79600,0.25761563,nm,nm
line,overlay,wt-homo,wt-homo,rmsd,vy94cwpl,vy94cwpl::RMSD,wt-homo / RMSD,RMSD,Time (ps),79700,0.26809087,nm,nm
line,overlay,wt-homo,wt-homo,rmsd,vy94cwpl,vy94cwpl::RMSD,wt-homo / RMSD,RMSD,Time (ps),79800,0.25437185,nm,nm
line,overlay,wt-homo,wt-homo,rmsd,vy94cwpl,vy94cwpl::RMSD,wt-homo / RMSD,RMSD,Time (ps),79900,0.25660965,nm,nm
line,overlay,wt-homo,wt-homo,rmsd,vy94cwpl,vy94cwpl::RMSD,wt-homo / RMSD,RMSD,Time (ps),80000,0.23952563,nm,nm
line,overlay,wt-homo,wt-homo,rmsd,vy94cwpl,vy94cwpl::RMSD,wt-homo / RMSD,RMSD,Time (ps),80100,0.25494993,nm,nm
line,overlay,wt-homo,wt-homo,rmsd,vy94cwpl,vy94cwpl::RMSD,wt-homo / RMSD,RMSD,Time (ps),80200,0.2455271,nm,nm
line,overlay,wt-homo,wt-homo,rmsd,vy94cwpl,vy94cwpl::RMSD,wt-homo / RMSD,RMSD,Time (ps),80300,0.25375775,nm,nm
line,overlay,wt-homo,wt-homo,rmsd,vy94cwpl,vy94cwpl::RMSD,wt-homo / RMSD,RMSD,Time (ps),80400,0.2344955,nm,nm
line,overlay,wt-homo,wt-homo,rmsd,vy94cwpl,vy94cwpl::RMSD,wt-homo / RMSD,RMSD,Time (ps),80500,0.2478113,nm,nm
line,overlay,wt-homo,wt-homo,rmsd,vy94cwpl,vy94cwpl::RMSD,wt-homo / RMSD,RMSD,Time (ps),80600,0.25952008,nm,nm
line,overlay,wt-homo,wt-homo,rmsd,vy94cwpl,vy94cwpl::RMSD,wt-homo / RMSD,RMSD,Time (ps),80700,0.25833496,nm,nm
line,overlay,wt-homo,wt-homo,rmsd,vy94cwpl,vy94cwpl::RMSD,wt-homo / RMSD,RMSD,Time (ps),80800,0.25486046,nm,nm
line,overlay,wt-homo,wt-homo,rmsd,vy94cwpl,vy94cwpl::RMSD,wt-homo / RMSD,RMSD,Time (ps),80900,0.2365905,nm,nm
line,overlay,wt-homo,wt-homo,rmsd,vy94cwpl,vy94cwpl::RMSD,wt-homo / RMSD,RMSD,Time (ps),81000,0.24146113,nm,nm
line,overlay,wt-homo,wt-homo,rmsd,vy94cwpl,vy94cwpl::RMSD,wt-homo / RMSD,RMSD,Time (ps),81100,0.2530582,nm,nm
line,overlay,wt-homo,wt-homo,rmsd,vy94cwpl,vy94cwpl::RMSD,wt-homo / RMSD,RMSD,Time (ps),81200,0.25055093,nm,nm
line,overlay,wt-homo,wt-homo,rmsd,vy94cwpl,vy94cwpl::RMSD,wt-homo / RMSD,RMSD,Time (ps),81300,0.24826269,nm,nm
line,overlay,wt-homo,wt-homo,rmsd,vy94cwpl,vy94cwpl::RMSD,wt-homo / RMSD,RMSD,Time (ps),81400,0.25153375,nm,nm
line,overlay,wt-homo,wt-homo,rmsd,vy94cwpl,vy94cwpl::RMSD,wt-homo / RMSD,RMSD,Time (ps),81500,0.24303383,nm,nm
line,overlay,wt-homo,wt-homo,rmsd,vy94cwpl,vy94cwpl::RMSD,wt-homo / RMSD,RMSD,Time (ps),81600,0.25421083,nm,nm
line,overlay,wt-homo,wt-homo,rmsd,vy94cwpl,vy94cwpl::RMSD,wt-homo / RMSD,RMSD,Time (ps),81700,0.26883808,nm,nm
line,overlay,wt-homo,wt-homo,rmsd,vy94cwpl,vy94cwpl::RMSD,wt-homo / RMSD,RMSD,Time (ps),81800,0.25236696,nm,nm
line,overlay,wt-homo,wt-homo,rmsd,vy94cwpl,vy94cwpl::RMSD,wt-homo / RMSD,RMSD,Time (ps),81900,0.2666757,nm,nm
line,overlay,wt-homo,wt-homo,rmsd,vy94cwpl,vy94cwpl::RMSD,wt-homo / RMSD,RMSD,Time (ps),82000,0.2547567,nm,nm
line,overlay,wt-homo,wt-homo,rmsd,vy94cwpl,vy94cwpl::RMSD,wt-homo / RMSD,RMSD,Time (ps),82100,0.25711617,nm,nm
line,overlay,wt-homo,wt-homo,rmsd,vy94cwpl,vy94cwpl::RMSD,wt-homo / RMSD,RMSD,Time (ps),82200,0.24827313,nm,nm
line,overlay,wt-homo,wt-homo,rmsd,vy94cwpl,vy94cwpl::RMSD,wt-homo / RMSD,RMSD,Time (ps),82300,0.2540742,nm,nm
line,overlay,wt-homo,wt-homo,rmsd,vy94cwpl,vy94cwpl::RMSD,wt-homo / RMSD,RMSD,Time (ps),82400,0.2496452,nm,nm
line,overlay,wt-homo,wt-homo,rmsd,vy94cwpl,vy94cwpl::RMSD,wt-homo / RMSD,RMSD,Time (ps),82500,0.2463638,nm,nm
line,overlay,wt-homo,wt-homo,rmsd,vy94cwpl,vy94cwpl::RMSD,wt-homo / RMSD,RMSD,Time (ps),82600,0.24753085,nm,nm
line,overlay,wt-homo,wt-homo,rmsd,vy94cwpl,vy94cwpl::RMSD,wt-homo / RMSD,RMSD,Time (ps),82700,0.25791326,nm,nm
line,overlay,wt-homo,wt-homo,rmsd,vy94cwpl,vy94cwpl::RMSD,wt-homo / RMSD,RMSD,Time (ps),82800,0.24740098,nm,nm
line,overlay,wt-homo,wt-homo,rmsd,vy94cwpl,vy94cwpl::RMSD,wt-homo / RMSD,RMSD,Time (ps),82900,0.26488537,nm,nm
line,overlay,wt-homo,wt-homo,rmsd,vy94cwpl,vy94cwpl::RMSD,wt-homo / RMSD,RMSD,Time (ps),83000,0.2575754,nm,nm
line,overlay,wt-homo,wt-homo,rmsd,vy94cwpl,vy94cwpl::RMSD,wt-homo / RMSD,RMSD,Time (ps),83100,0.27306974,nm,nm
line,overlay,wt-homo,wt-homo,rmsd,vy94cwpl,vy94cwpl::RMSD,wt-homo / RMSD,RMSD,Time (ps),83200,0.2680232,nm,nm
line,overlay,wt-homo,wt-homo,rmsd,vy94cwpl,vy94cwpl::RMSD,wt-homo / RMSD,RMSD,Time (ps),83300,0.26441333,nm,nm
line,overlay,wt-homo,wt-homo,rmsd,vy94cwpl,vy94cwpl::RMSD,wt-homo / RMSD,RMSD,Time (ps),83400,0.26752183,nm,nm
line,overlay,wt-homo,wt-homo,rmsd,vy94cwpl,vy94cwpl::RMSD,wt-homo / RMSD,RMSD,Time (ps),83500,0.26806766,nm,nm
line,overlay,wt-homo,wt-homo,rmsd,vy94cwpl,vy94cwpl::RMSD,wt-homo / RMSD,RMSD,Time (ps),83600,0.25797355,nm,nm
line,overlay,wt-homo,wt-homo,rmsd,vy94cwpl,vy94cwpl::RMSD,wt-homo / RMSD,RMSD,Time (ps),83700,0.2580338,nm,nm
line,overlay,wt-homo,wt-homo,rmsd,vy94cwpl,vy94cwpl::RMSD,wt-homo / RMSD,RMSD,Time (ps),83800,0.26274174,nm,nm
line,overlay,wt-homo,wt-homo,rmsd,vy94cwpl,vy94cwpl::RMSD,wt-homo / RMSD,RMSD,Time (ps),83900,0.27474263,nm,nm
line,overlay,wt-homo,wt-homo,rmsd,vy94cwpl,vy94cwpl::RMSD,wt-homo / RMSD,RMSD,Time (ps),84000,0.2595041,nm,nm
line,overlay,wt-homo,wt-homo,rmsd,vy94cwpl,vy94cwpl::RMSD,wt-homo / RMSD,RMSD,Time (ps),84100,0.25559765,nm,nm
line,overlay,wt-homo,wt-homo,rmsd,vy94cwpl,vy94cwpl::RMSD,wt-homo / RMSD,RMSD,Time (ps),84200,0.25681964,nm,nm
line,overlay,wt-homo,wt-homo,rmsd,vy94cwpl,vy94cwpl::RMSD,wt-homo / RMSD,RMSD,Time (ps),84300,0.27944544,nm,nm
line,overlay,wt-homo,wt-homo,rmsd,vy94cwpl,vy94cwpl::RMSD,wt-homo / RMSD,RMSD,Time (ps),84400,0.27810484,nm,nm
line,overlay,wt-homo,wt-homo,rmsd,vy94cwpl,vy94cwpl::RMSD,wt-homo / RMSD,RMSD,Time (ps),84500,0.27828,nm,nm
line,overlay,wt-homo,wt-homo,rmsd,vy94cwpl,vy94cwpl::RMSD,wt-homo / RMSD,RMSD,Time (ps),84600,0.27396423,nm,nm
line,overlay,wt-homo,wt-homo,rmsd,vy94cwpl,vy94cwpl::RMSD,wt-homo / RMSD,RMSD,Time (ps),84700,0.26814115,nm,nm
line,overlay,wt-homo,wt-homo,rmsd,vy94cwpl,vy94cwpl::RMSD,wt-homo / RMSD,RMSD,Time (ps),84800,0.27415147,nm,nm
line,overlay,wt-homo,wt-homo,rmsd,vy94cwpl,vy94cwpl::RMSD,wt-homo / RMSD,RMSD,Time (ps),84900,0.27011338,nm,nm
line,overlay,wt-homo,wt-homo,rmsd,vy94cwpl,vy94cwpl::RMSD,wt-homo / RMSD,RMSD,Time (ps),85000,0.25621545,nm,nm
line,overlay,wt-homo,wt-homo,rmsd,vy94cwpl,vy94cwpl::RMSD,wt-homo / RMSD,RMSD,Time (ps),85100,0.25878203,nm,nm
line,overlay,wt-homo,wt-homo,rmsd,vy94cwpl,vy94cwpl::RMSD,wt-homo / RMSD,RMSD,Time (ps),85200,0.26760513,nm,nm
line,overlay,wt-homo,wt-homo,rmsd,vy94cwpl,vy94cwpl::RMSD,wt-homo / RMSD,RMSD,Time (ps),85300,0.25904828,nm,nm
line,overlay,wt-homo,wt-homo,rmsd,vy94cwpl,vy94cwpl::RMSD,wt-homo / RMSD,RMSD,Time (ps),85400,0.27140945,nm,nm
line,overlay,wt-homo,wt-homo,rmsd,vy94cwpl,vy94cwpl::RMSD,wt-homo / RMSD,RMSD,Time (ps),85500,0.26969472,nm,nm
line,overlay,wt-homo,wt-homo,rmsd,vy94cwpl,vy94cwpl::RMSD,wt-homo / RMSD,RMSD,Time (ps),85600,0.26865485,nm,nm
line,overlay,wt-homo,wt-homo,rmsd,vy94cwpl,vy94cwpl::RMSD,wt-homo / RMSD,RMSD,Time (ps),85700,0.2621611,nm,nm
line,overlay,wt-homo,wt-homo,rmsd,vy94cwpl,vy94cwpl::RMSD,wt-homo / RMSD,RMSD,Time (ps),85800,0.2527528,nm,nm
line,overlay,wt-homo,wt-homo,rmsd,vy94cwpl,vy94cwpl::RMSD,wt-homo / RMSD,RMSD,Time (ps),85900,0.26779878,nm,nm
line,overlay,wt-homo,wt-homo,rmsd,vy94cwpl,vy94cwpl::RMSD,wt-homo / RMSD,RMSD,Time (ps),86000,0.25314626,nm,nm
line,overlay,wt-homo,wt-homo,rmsd,vy94cwpl,vy94cwpl::RMSD,wt-homo / RMSD,RMSD,Time (ps),86100,0.25234643,nm,nm
line,overlay,wt-homo,wt-homo,rmsd,vy94cwpl,vy94cwpl::RMSD,wt-homo / RMSD,RMSD,Time (ps),86200,0.25868988,nm,nm
line,overlay,wt-homo,wt-homo,rmsd,vy94cwpl,vy94cwpl::RMSD,wt-homo / RMSD,RMSD,Time (ps),86300,0.256007,nm,nm
line,overlay,wt-homo,wt-homo,rmsd,vy94cwpl,vy94cwpl::RMSD,wt-homo / RMSD,RMSD,Time (ps),86400,0.26861048,nm,nm
line,overlay,wt-homo,wt-homo,rmsd,vy94cwpl,vy94cwpl::RMSD,wt-homo / RMSD,RMSD,Time (ps),86500,0.27711523,nm,nm
line,overlay,wt-homo,wt-homo,rmsd,vy94cwpl,vy94cwpl::RMSD,wt-homo / RMSD,RMSD,Time (ps),86600,0.27626848,nm,nm
line,overlay,wt-homo,wt-homo,rmsd,vy94cwpl,vy94cwpl::RMSD,wt-homo / RMSD,RMSD,Time (ps),86700,0.26747146,nm,nm
line,overlay,wt-homo,wt-homo,rmsd,vy94cwpl,vy94cwpl::RMSD,wt-homo / RMSD,RMSD,Time (ps),86800,0.26897687,nm,nm
line,overlay,wt-homo,wt-homo,rmsd,vy94cwpl,vy94cwpl::RMSD,wt-homo / RMSD,RMSD,Time (ps),86900,0.25429848,nm,nm
line,overlay,wt-homo,wt-homo,rmsd,vy94cwpl,vy94cwpl::RMSD,wt-homo / RMSD,RMSD,Time (ps),87000,0.25770214,nm,nm
line,overlay,wt-homo,wt-homo,rmsd,vy94cwpl,vy94cwpl::RMSD,wt-homo / RMSD,RMSD,Time (ps),87100,0.27530053,nm,nm
line,overlay,wt-homo,wt-homo,rmsd,vy94cwpl,vy94cwpl::RMSD,wt-homo / RMSD,RMSD,Time (ps),87200,0.27871364,nm,nm
line,overlay,wt-homo,wt-homo,rmsd,vy94cwpl,vy94cwpl::RMSD,wt-homo / RMSD,RMSD,Time (ps),87300,0.26275554,nm,nm
line,overlay,wt-homo,wt-homo,rmsd,vy94cwpl,vy94cwpl::RMSD,wt-homo / RMSD,RMSD,Time (ps),87400,0.27954188,nm,nm
line,overlay,wt-homo,wt-homo,rmsd,vy94cwpl,vy94cwpl::RMSD,wt-homo / RMSD,RMSD,Time (ps),87500,0.26854873,nm,nm
line,overlay,wt-homo,wt-homo,rmsd,vy94cwpl,vy94cwpl::RMSD,wt-homo / RMSD,RMSD,Time (ps),87600,0.27272403,nm,nm
line,overlay,wt-homo,wt-homo,rmsd,vy94cwpl,vy94cwpl::RMSD,wt-homo / RMSD,RMSD,Time (ps),87700,0.27538523,nm,nm
line,overlay,wt-homo,wt-homo,rmsd,vy94cwpl,vy94cwpl::RMSD,wt-homo / RMSD,RMSD,Time (ps),87800,0.2620444,nm,nm
line,overlay,wt-homo,wt-homo,rmsd,vy94cwpl,vy94cwpl::RMSD,wt-homo / RMSD,RMSD,Time (ps),87900,0.28539208,nm,nm
line,overlay,wt-homo,wt-homo,rmsd,vy94cwpl,vy94cwpl::RMSD,wt-homo / RMSD,RMSD,Time (ps),88000,0.2840412,nm,nm
line,overlay,wt-homo,wt-homo,rmsd,vy94cwpl,vy94cwpl::RMSD,wt-homo / RMSD,RMSD,Time (ps),88100,0.28196052,nm,nm
line,overlay,wt-homo,wt-homo,rmsd,vy94cwpl,vy94cwpl::RMSD,wt-homo / RMSD,RMSD,Time (ps),88200,0.29314038,nm,nm
line,overlay,wt-homo,wt-homo,rmsd,vy94cwpl,vy94cwpl::RMSD,wt-homo / RMSD,RMSD,Time (ps),88300,0.2820708,nm,nm
line,overlay,wt-homo,wt-homo,rmsd,vy94cwpl,vy94cwpl::RMSD,wt-homo / RMSD,RMSD,Time (ps),88400,0.2895411,nm,nm
line,overlay,wt-homo,wt-homo,rmsd,vy94cwpl,vy94cwpl::RMSD,wt-homo / RMSD,RMSD,Time (ps),88500,0.27468225,nm,nm
line,overlay,wt-homo,wt-homo,rmsd,vy94cwpl,vy94cwpl::RMSD,wt-homo / RMSD,RMSD,Time (ps),88600,0.2704816,nm,nm
line,overlay,wt-homo,wt-homo,rmsd,vy94cwpl,vy94cwpl::RMSD,wt-homo / RMSD,RMSD,Time (ps),88700,0.2835773,nm,nm
line,overlay,wt-homo,wt-homo,rmsd,vy94cwpl,vy94cwpl::RMSD,wt-homo / RMSD,RMSD,Time (ps),88800,0.29338783,nm,nm
line,overlay,wt-homo,wt-homo,rmsd,vy94cwpl,vy94cwpl::RMSD,wt-homo / RMSD,RMSD,Time (ps),88900,0.2862734,nm,nm
line,overlay,wt-homo,wt-homo,rmsd,vy94cwpl,vy94cwpl::RMSD,wt-homo / RMSD,RMSD,Time (ps),89000,0.27594557,nm,nm
line,overlay,wt-homo,wt-homo,rmsd,vy94cwpl,vy94cwpl::RMSD,wt-homo / RMSD,RMSD,Time (ps),89100,0.27600756,nm,nm
line,overlay,wt-homo,wt-homo,rmsd,vy94cwpl,vy94cwpl::RMSD,wt-homo / RMSD,RMSD,Time (ps),89200,0.27758992,nm,nm
line,overlay,wt-homo,wt-homo,rmsd,vy94cwpl,vy94cwpl::RMSD,wt-homo / RMSD,RMSD,Time (ps),89300,0.2802974,nm,nm
line,overlay,wt-homo,wt-homo,rmsd,vy94cwpl,vy94cwpl::RMSD,wt-homo / RMSD,RMSD,Time (ps),89400,0.28129423,nm,nm
line,overlay,wt-homo,wt-homo,rmsd,vy94cwpl,vy94cwpl::RMSD,wt-homo / RMSD,RMSD,Time (ps),89500,0.27086458,nm,nm
line,overlay,wt-homo,wt-homo,rmsd,vy94cwpl,vy94cwpl::RMSD,wt-homo / RMSD,RMSD,Time (ps),89600,0.26325813,nm,nm
line,overlay,wt-homo,wt-homo,rmsd,vy94cwpl,vy94cwpl::RMSD,wt-homo / RMSD,RMSD,Time (ps),89700,0.27704602,nm,nm
line,overlay,wt-homo,wt-homo,rmsd,vy94cwpl,vy94cwpl::RMSD,wt-homo / RMSD,RMSD,Time (ps),89800,0.30070114,nm,nm
line,overlay,wt-homo,wt-homo,rmsd,vy94cwpl,vy94cwpl::RMSD,wt-homo / RMSD,RMSD,Time (ps),89900,0.27557525,nm,nm
line,overlay,wt-homo,wt-homo,rmsd,vy94cwpl,vy94cwpl::RMSD,wt-homo / RMSD,RMSD,Time (ps),90000,0.28709608,nm,nm
line,overlay,wt-homo,wt-homo,rmsd,vy94cwpl,vy94cwpl::RMSD,wt-homo / RMSD,RMSD,Time (ps),90100,0.27692252,nm,nm
line,overlay,wt-homo,wt-homo,rmsd,vy94cwpl,vy94cwpl::RMSD,wt-homo / RMSD,RMSD,Time (ps),90200,0.28015497,nm,nm
line,overlay,wt-homo,wt-homo,rmsd,vy94cwpl,vy94cwpl::RMSD,wt-homo / RMSD,RMSD,Time (ps),90300,0.26987535,nm,nm
line,overlay,wt-homo,wt-homo,rmsd,vy94cwpl,vy94cwpl::RMSD,wt-homo / RMSD,RMSD,Time (ps),90400,0.27511594,nm,nm
line,overlay,wt-homo,wt-homo,rmsd,vy94cwpl,vy94cwpl::RMSD,wt-homo / RMSD,RMSD,Time (ps),90500,0.25821656,nm,nm
line,overlay,wt-homo,wt-homo,rmsd,vy94cwpl,vy94cwpl::RMSD,wt-homo / RMSD,RMSD,Time (ps),90600,0.26616403,nm,nm
line,overlay,wt-homo,wt-homo,rmsd,vy94cwpl,vy94cwpl::RMSD,wt-homo / RMSD,RMSD,Time (ps),90700,0.27317792,nm,nm
line,overlay,wt-homo,wt-homo,rmsd,vy94cwpl,vy94cwpl::RMSD,wt-homo / RMSD,RMSD,Time (ps),90800,0.27916148,nm,nm
line,overlay,wt-homo,wt-homo,rmsd,vy94cwpl,vy94cwpl::RMSD,wt-homo / RMSD,RMSD,Time (ps),90900,0.2684966,nm,nm
line,overlay,wt-homo,wt-homo,rmsd,vy94cwpl,vy94cwpl::RMSD,wt-homo / RMSD,RMSD,Time (ps),91000,0.2638108,nm,nm
line,overlay,wt-homo,wt-homo,rmsd,vy94cwpl,vy94cwpl::RMSD,wt-homo / RMSD,RMSD,Time (ps),91100,0.27540216,nm,nm
line,overlay,wt-homo,wt-homo,rmsd,vy94cwpl,vy94cwpl::RMSD,wt-homo / RMSD,RMSD,Time (ps),91200,0.29578787,nm,nm
line,overlay,wt-homo,wt-homo,rmsd,vy94cwpl,vy94cwpl::RMSD,wt-homo / RMSD,RMSD,Time (ps),91300,0.27019206,nm,nm
line,overlay,wt-homo,wt-homo,rmsd,vy94cwpl,vy94cwpl::RMSD,wt-homo / RMSD,RMSD,Time (ps),91400,0.2623034,nm,nm
line,overlay,wt-homo,wt-homo,rmsd,vy94cwpl,vy94cwpl::RMSD,wt-homo / RMSD,RMSD,Time (ps),91500,0.27073058,nm,nm
line,overlay,wt-homo,wt-homo,rmsd,vy94cwpl,vy94cwpl::RMSD,wt-homo / RMSD,RMSD,Time (ps),91600,0.2624496,nm,nm
line,overlay,wt-homo,wt-homo,rmsd,vy94cwpl,vy94cwpl::RMSD,wt-homo / RMSD,RMSD,Time (ps),91700,0.27143234,nm,nm
line,overlay,wt-homo,wt-homo,rmsd,vy94cwpl,vy94cwpl::RMSD,wt-homo / RMSD,RMSD,Time (ps),91800,0.26769036,nm,nm
line,overlay,wt-homo,wt-homo,rmsd,vy94cwpl,vy94cwpl::RMSD,wt-homo / RMSD,RMSD,Time (ps),91900,0.2627516,nm,nm
line,overlay,wt-homo,wt-homo,rmsd,vy94cwpl,vy94cwpl::RMSD,wt-homo / RMSD,RMSD,Time (ps),92000,0.26209584,nm,nm
line,overlay,wt-homo,wt-homo,rmsd,vy94cwpl,vy94cwpl::RMSD,wt-homo / RMSD,RMSD,Time (ps),92100,0.25232384,nm,nm
line,overlay,wt-homo,wt-homo,rmsd,vy94cwpl,vy94cwpl::RMSD,wt-homo / RMSD,RMSD,Time (ps),92200,0.26468763,nm,nm
line,overlay,wt-homo,wt-homo,rmsd,vy94cwpl,vy94cwpl::RMSD,wt-homo / RMSD,RMSD,Time (ps),92300,0.2673823,nm,nm
line,overlay,wt-homo,wt-homo,rmsd,vy94cwpl,vy94cwpl::RMSD,wt-homo / RMSD,RMSD,Time (ps),92400,0.26067397,nm,nm
line,overlay,wt-homo,wt-homo,rmsd,vy94cwpl,vy94cwpl::RMSD,wt-homo / RMSD,RMSD,Time (ps),92500,0.2615613,nm,nm
line,overlay,wt-homo,wt-homo,rmsd,vy94cwpl,vy94cwpl::RMSD,wt-homo / RMSD,RMSD,Time (ps),92600,0.25579026,nm,nm
line,overlay,wt-homo,wt-homo,rmsd,vy94cwpl,vy94cwpl::RMSD,wt-homo / RMSD,RMSD,Time (ps),92700,0.26476204,nm,nm
line,overlay,wt-homo,wt-homo,rmsd,vy94cwpl,vy94cwpl::RMSD,wt-homo / RMSD,RMSD,Time (ps),92800,0.26794776,nm,nm
line,overlay,wt-homo,wt-homo,rmsd,vy94cwpl,vy94cwpl::RMSD,wt-homo / RMSD,RMSD,Time (ps),92900,0.26647544,nm,nm
line,overlay,wt-homo,wt-homo,rmsd,vy94cwpl,vy94cwpl::RMSD,wt-homo / RMSD,RMSD,Time (ps),93000,0.25519377,nm,nm
line,overlay,wt-homo,wt-homo,rmsd,vy94cwpl,vy94cwpl::RMSD,wt-homo / RMSD,RMSD,Time (ps),93100,0.2652022,nm,nm
line,overlay,wt-homo,wt-homo,rmsd,vy94cwpl,vy94cwpl::RMSD,wt-homo / RMSD,RMSD,Time (ps),93200,0.26155734,nm,nm
line,overlay,wt-homo,wt-homo,rmsd,vy94cwpl,vy94cwpl::RMSD,wt-homo / RMSD,RMSD,Time (ps),93300,0.25702542,nm,nm
line,overlay,wt-homo,wt-homo,rmsd,vy94cwpl,vy94cwpl::RMSD,wt-homo / RMSD,RMSD,Time (ps),93400,0.2541374,nm,nm
line,overlay,wt-homo,wt-homo,rmsd,vy94cwpl,vy94cwpl::RMSD,wt-homo / RMSD,RMSD,Time (ps),93500,0.28232244,nm,nm
line,overlay,wt-homo,wt-homo,rmsd,vy94cwpl,vy94cwpl::RMSD,wt-homo / RMSD,RMSD,Time (ps),93600,0.27805638,nm,nm
line,overlay,wt-homo,wt-homo,rmsd,vy94cwpl,vy94cwpl::RMSD,wt-homo / RMSD,RMSD,Time (ps),93700,0.2650966,nm,nm
line,overlay,wt-homo,wt-homo,rmsd,vy94cwpl,vy94cwpl::RMSD,wt-homo / RMSD,RMSD,Time (ps),93800,0.26864907,nm,nm
line,overlay,wt-homo,wt-homo,rmsd,vy94cwpl,vy94cwpl::RMSD,wt-homo / RMSD,RMSD,Time (ps),93900,0.2750971,nm,nm
line,overlay,wt-homo,wt-homo,rmsd,vy94cwpl,vy94cwpl::RMSD,wt-homo / RMSD,RMSD,Time (ps),94000,0.27789414,nm,nm
line,overlay,wt-homo,wt-homo,rmsd,vy94cwpl,vy94cwpl::RMSD,wt-homo / RMSD,RMSD,Time (ps),94100,0.26664266,nm,nm
line,overlay,wt-homo,wt-homo,rmsd,vy94cwpl,vy94cwpl::RMSD,wt-homo / RMSD,RMSD,Time (ps),94200,0.25362086,nm,nm
line,overlay,wt-homo,wt-homo,rmsd,vy94cwpl,vy94cwpl::RMSD,wt-homo / RMSD,RMSD,Time (ps),94300,0.25743046,nm,nm
line,overlay,wt-homo,wt-homo,rmsd,vy94cwpl,vy94cwpl::RMSD,wt-homo / RMSD,RMSD,Time (ps),94400,0.27068081,nm,nm
line,overlay,wt-homo,wt-homo,rmsd,vy94cwpl,vy94cwpl::RMSD,wt-homo / RMSD,RMSD,Time (ps),94500,0.2747445,nm,nm
line,overlay,wt-homo,wt-homo,rmsd,vy94cwpl,vy94cwpl::RMSD,wt-homo / RMSD,RMSD,Time (ps),94600,0.27747226,nm,nm
line,overlay,wt-homo,wt-homo,rmsd,vy94cwpl,vy94cwpl::RMSD,wt-homo / RMSD,RMSD,Time (ps),94700,0.27087608,nm,nm
line,overlay,wt-homo,wt-homo,rmsd,vy94cwpl,vy94cwpl::RMSD,wt-homo / RMSD,RMSD,Time (ps),94800,0.28249863,nm,nm
line,overlay,wt-homo,wt-homo,rmsd,vy94cwpl,vy94cwpl::RMSD,wt-homo / RMSD,RMSD,Time (ps),94900,0.27234173,nm,nm
line,overlay,wt-homo,wt-homo,rmsd,vy94cwpl,vy94cwpl::RMSD,wt-homo / RMSD,RMSD,Time (ps),95000,0.26900193,nm,nm
line,overlay,wt-homo,wt-homo,rmsd,vy94cwpl,vy94cwpl::RMSD,wt-homo / RMSD,RMSD,Time (ps),95100,0.2784029,nm,nm
line,overlay,wt-homo,wt-homo,rmsd,vy94cwpl,vy94cwpl::RMSD,wt-homo / RMSD,RMSD,Time (ps),95200,0.2528184,nm,nm
line,overlay,wt-homo,wt-homo,rmsd,vy94cwpl,vy94cwpl::RMSD,wt-homo / RMSD,RMSD,Time (ps),95300,0.2598175,nm,nm
line,overlay,wt-homo,wt-homo,rmsd,vy94cwpl,vy94cwpl::RMSD,wt-homo / RMSD,RMSD,Time (ps),95400,0.2765835,nm,nm
line,overlay,wt-homo,wt-homo,rmsd,vy94cwpl,vy94cwpl::RMSD,wt-homo / RMSD,RMSD,Time (ps),95500,0.26432902,nm,nm
line,overlay,wt-homo,wt-homo,rmsd,vy94cwpl,vy94cwpl::RMSD,wt-homo / RMSD,RMSD,Time (ps),95600,0.26969087,nm,nm
line,overlay,wt-homo,wt-homo,rmsd,vy94cwpl,vy94cwpl::RMSD,wt-homo / RMSD,RMSD,Time (ps),95700,0.2676826,nm,nm
line,overlay,wt-homo,wt-homo,rmsd,vy94cwpl,vy94cwpl::RMSD,wt-homo / RMSD,RMSD,Time (ps),95800,0.26220655,nm,nm
line,overlay,wt-homo,wt-homo,rmsd,vy94cwpl,vy94cwpl::RMSD,wt-homo / RMSD,RMSD,Time (ps),95900,0.26333687,nm,nm
line,overlay,wt-homo,wt-homo,rmsd,vy94cwpl,vy94cwpl::RMSD,wt-homo / RMSD,RMSD,Time (ps),96000,0.26168215,nm,nm
line,overlay,wt-homo,wt-homo,rmsd,vy94cwpl,vy94cwpl::RMSD,wt-homo / RMSD,RMSD,Time (ps),96100,0.2669283,nm,nm
line,overlay,wt-homo,wt-homo,rmsd,vy94cwpl,vy94cwpl::RMSD,wt-homo / RMSD,RMSD,Time (ps),96200,0.25196406,nm,nm
line,overlay,wt-homo,wt-homo,rmsd,vy94cwpl,vy94cwpl::RMSD,wt-homo / RMSD,RMSD,Time (ps),96300,0.25612438,nm,nm
line,overlay,wt-homo,wt-homo,rmsd,vy94cwpl,vy94cwpl::RMSD,wt-homo / RMSD,RMSD,Time (ps),96400,0.25787106,nm,nm
line,overlay,wt-homo,wt-homo,rmsd,vy94cwpl,vy94cwpl::RMSD,wt-homo / RMSD,RMSD,Time (ps),96500,0.26211363,nm,nm
line,overlay,wt-homo,wt-homo,rmsd,vy94cwpl,vy94cwpl::RMSD,wt-homo / RMSD,RMSD,Time (ps),96600,0.2638521,nm,nm
line,overlay,wt-homo,wt-homo,rmsd,vy94cwpl,vy94cwpl::RMSD,wt-homo / RMSD,RMSD,Time (ps),96700,0.2697985,nm,nm
line,overlay,wt-homo,wt-homo,rmsd,vy94cwpl,vy94cwpl::RMSD,wt-homo / RMSD,RMSD,Time (ps),96800,0.262795,nm,nm
line,overlay,wt-homo,wt-homo,rmsd,vy94cwpl,vy94cwpl::RMSD,wt-homo / RMSD,RMSD,Time (ps),96900,0.25613654,nm,nm
line,overlay,wt-homo,wt-homo,rmsd,vy94cwpl,vy94cwpl::RMSD,wt-homo / RMSD,RMSD,Time (ps),97000,0.271205,nm,nm
line,overlay,wt-homo,wt-homo,rmsd,vy94cwpl,vy94cwpl::RMSD,wt-homo / RMSD,RMSD,Time (ps),97100,0.28164414,nm,nm
line,overlay,wt-homo,wt-homo,rmsd,vy94cwpl,vy94cwpl::RMSD,wt-homo / RMSD,RMSD,Time (ps),97200,0.2762497,nm,nm
line,overlay,wt-homo,wt-homo,rmsd,vy94cwpl,vy94cwpl::RMSD,wt-homo / RMSD,RMSD,Time (ps),97300,0.26436627,nm,nm
line,overlay,wt-homo,wt-homo,rmsd,vy94cwpl,vy94cwpl::RMSD,wt-homo / RMSD,RMSD,Time (ps),97400,0.28047487,nm,nm
line,overlay,wt-homo,wt-homo,rmsd,vy94cwpl,vy94cwpl::RMSD,wt-homo / RMSD,RMSD,Time (ps),97500,0.26385796,nm,nm
line,overlay,wt-homo,wt-homo,rmsd,vy94cwpl,vy94cwpl::RMSD,wt-homo / RMSD,RMSD,Time (ps),97600,0.2710425,nm,nm
line,overlay,wt-homo,wt-homo,rmsd,vy94cwpl,vy94cwpl::RMSD,wt-homo / RMSD,RMSD,Time (ps),97700,0.2697735,nm,nm
line,overlay,wt-homo,wt-homo,rmsd,vy94cwpl,vy94cwpl::RMSD,wt-homo / RMSD,RMSD,Time (ps),97800,0.2791002,nm,nm
line,overlay,wt-homo,wt-homo,rmsd,vy94cwpl,vy94cwpl::RMSD,wt-homo / RMSD,RMSD,Time (ps),97900,0.25314215,nm,nm
line,overlay,wt-homo,wt-homo,rmsd,vy94cwpl,vy94cwpl::RMSD,wt-homo / RMSD,RMSD,Time (ps),98000,0.25174797,nm,nm
line,overlay,wt-homo,wt-homo,rmsd,vy94cwpl,vy94cwpl::RMSD,wt-homo / RMSD,RMSD,Time (ps),98100,0.24173789,nm,nm
line,overlay,wt-homo,wt-homo,rmsd,vy94cwpl,vy94cwpl::RMSD,wt-homo / RMSD,RMSD,Time (ps),98200,0.2422755,nm,nm
line,overlay,wt-homo,wt-homo,rmsd,vy94cwpl,vy94cwpl::RMSD,wt-homo / RMSD,RMSD,Time (ps),98300,0.24955797,nm,nm
line,overlay,wt-homo,wt-homo,rmsd,vy94cwpl,vy94cwpl::RMSD,wt-homo / RMSD,RMSD,Time (ps),98400,0.25500685,nm,nm
line,overlay,wt-homo,wt-homo,rmsd,vy94cwpl,vy94cwpl::RMSD,wt-homo / RMSD,RMSD,Time (ps),98500,0.24353667,nm,nm
line,overlay,wt-homo,wt-homo,rmsd,vy94cwpl,vy94cwpl::RMSD,wt-homo / RMSD,RMSD,Time (ps),98600,0.25365764,nm,nm
line,overlay,wt-homo,wt-homo,rmsd,vy94cwpl,vy94cwpl::RMSD,wt-homo / RMSD,RMSD,Time (ps),98700,0.2532343,nm,nm
line,overlay,wt-homo,wt-homo,rmsd,vy94cwpl,vy94cwpl::RMSD,wt-homo / RMSD,RMSD,Time (ps),98800,0.25901225,nm,nm
line,overlay,wt-homo,wt-homo,rmsd,vy94cwpl,vy94cwpl::RMSD,wt-homo / RMSD,RMSD,Time (ps),98900,0.24060522,nm,nm
line,overlay,wt-homo,wt-homo,rmsd,vy94cwpl,vy94cwpl::RMSD,wt-homo / RMSD,RMSD,Time (ps),99000,0.23219417,nm,nm
line,overlay,wt-homo,wt-homo,rmsd,vy94cwpl,vy94cwpl::RMSD,wt-homo / RMSD,RMSD,Time (ps),99100,0.25842926,nm,nm
line,overlay,wt-homo,wt-homo,rmsd,vy94cwpl,vy94cwpl::RMSD,wt-homo / RMSD,RMSD,Time (ps),99200,0.24321505,nm,nm
line,overlay,wt-homo,wt-homo,rmsd,vy94cwpl,vy94cwpl::RMSD,wt-homo / RMSD,RMSD,Time (ps),99300,0.24117546,nm,nm
line,overlay,wt-homo,wt-homo,rmsd,vy94cwpl,vy94cwpl::RMSD,wt-homo / RMSD,RMSD,Time (ps),99400,0.25312373,nm,nm
line,overlay,wt-homo,wt-homo,rmsd,vy94cwpl,vy94cwpl::RMSD,wt-homo / RMSD,RMSD,Time (ps),99500,0.24762507,nm,nm
line,overlay,wt-homo,wt-homo,rmsd,vy94cwpl,vy94cwpl::RMSD,wt-homo / RMSD,RMSD,Time (ps),99600,0.24720186,nm,nm
line,overlay,wt-homo,wt-homo,rmsd,vy94cwpl,vy94cwpl::RMSD,wt-homo / RMSD,RMSD,Time (ps),99700,0.2601943,nm,nm
line,overlay,wt-homo,wt-homo,rmsd,vy94cwpl,vy94cwpl::RMSD,wt-homo / RMSD,RMSD,Time (ps),99800,0.25495806,nm,nm
line,overlay,wt-homo,wt-homo,rmsd,vy94cwpl,vy94cwpl::RMSD,wt-homo / RMSD,RMSD,Time (ps),99900,0.24634697,nm,nm
line,overlay,wt-homo,wt-homo,rmsd,vy94cwpl,vy94cwpl::RMSD,wt-homo / RMSD,RMSD,Time (ps),100000,0.25425363,nm,nm
line,overlay,wt-homo-2,wt-homo-2,rmsd,h1sabu3b,h1sabu3b::RMSD,wt-homo-2 / RMSD,RMSD,Time (ps),0,0,nm,nm
line,overlay,wt-homo-2,wt-homo-2,rmsd,h1sabu3b,h1sabu3b::RMSD,wt-homo-2 / RMSD,RMSD,Time (ps),100,0.07397763,nm,nm
line,overlay,wt-homo-2,wt-homo-2,rmsd,h1sabu3b,h1sabu3b::RMSD,wt-homo-2 / RMSD,RMSD,Time (ps),200,0.10203668,nm,nm
line,overlay,wt-homo-2,wt-homo-2,rmsd,h1sabu3b,h1sabu3b::RMSD,wt-homo-2 / RMSD,RMSD,Time (ps),300,0.10484288,nm,nm
line,overlay,wt-homo-2,wt-homo-2,rmsd,h1sabu3b,h1sabu3b::RMSD,wt-homo-2 / RMSD,RMSD,Time (ps),400,0.10661759,nm,nm
line,overlay,wt-homo-2,wt-homo-2,rmsd,h1sabu3b,h1sabu3b::RMSD,wt-homo-2 / RMSD,RMSD,Time (ps),500,0.09501862,nm,nm
line,overlay,wt-homo-2,wt-homo-2,rmsd,h1sabu3b,h1sabu3b::RMSD,wt-homo-2 / RMSD,RMSD,Time (ps),600,0.110241205,nm,nm
line,overlay,wt-homo-2,wt-homo-2,rmsd,h1sabu3b,h1sabu3b::RMSD,wt-homo-2 / RMSD,RMSD,Time (ps),700,0.08726106,nm,nm
line,overlay,wt-homo-2,wt-homo-2,rmsd,h1sabu3b,h1sabu3b::RMSD,wt-homo-2 / RMSD,RMSD,Time (ps),800,0.09739465,nm,nm
line,overlay,wt-homo-2,wt-homo-2,rmsd,h1sabu3b,h1sabu3b::RMSD,wt-homo-2 / RMSD,RMSD,Time (ps),900,0.09290579,nm,nm
line,overlay,wt-homo-2,wt-homo-2,rmsd,h1sabu3b,h1sabu3b::RMSD,wt-homo-2 / RMSD,RMSD,Time (ps),1000,0.102795854,nm,nm
line,overlay,wt-homo-2,wt-homo-2,rmsd,h1sabu3b,h1sabu3b::RMSD,wt-homo-2 / RMSD,RMSD,Time (ps),1100,0.10495159,nm,nm
line,overlay,wt-homo-2,wt-homo-2,rmsd,h1sabu3b,h1sabu3b::RMSD,wt-homo-2 / RMSD,RMSD,Time (ps),1200,0.101205245,nm,nm
line,overlay,wt-homo-2,wt-homo-2,rmsd,h1sabu3b,h1sabu3b::RMSD,wt-homo-2 / RMSD,RMSD,Time (ps),1300,0.11217091,nm,nm
line,overlay,wt-homo-2,wt-homo-2,rmsd,h1sabu3b,h1sabu3b::RMSD,wt-homo-2 / RMSD,RMSD,Time (ps),1400,0.11054641,nm,nm
line,overlay,wt-homo-2,wt-homo-2,rmsd,h1sabu3b,h1sabu3b::RMSD,wt-homo-2 / RMSD,RMSD,Time (ps),1500,0.099885486,nm,nm
line,overlay,wt-homo-2,wt-homo-2,rmsd,h1sabu3b,h1sabu3b::RMSD,wt-homo-2 / RMSD,RMSD,Time (ps),1600,0.102173746,nm,nm
line,overlay,wt-homo-2,wt-homo-2,rmsd,h1sabu3b,h1sabu3b::RMSD,wt-homo-2 / RMSD,RMSD,Time (ps),1700,0.11168929,nm,nm
line,overlay,wt-homo-2,wt-homo-2,rmsd,h1sabu3b,h1sabu3b::RMSD,wt-homo-2 / RMSD,RMSD,Time (ps),1800,0.12226218,nm,nm
line,overlay,wt-homo-2,wt-homo-2,rmsd,h1sabu3b,h1sabu3b::RMSD,wt-homo-2 / RMSD,RMSD,Time (ps),1900,0.10961407,nm,nm
line,overlay,wt-homo-2,wt-homo-2,rmsd,h1sabu3b,h1sabu3b::RMSD,wt-homo-2 / RMSD,RMSD,Time (ps),2000,0.09669495,nm,nm
line,overlay,wt-homo-2,wt-homo-2,rmsd,h1sabu3b,h1sabu3b::RMSD,wt-homo-2 / RMSD,RMSD,Time (ps),2100,0.09660913,nm,nm
line,overlay,wt-homo-2,wt-homo-2,rmsd,h1sabu3b,h1sabu3b::RMSD,wt-homo-2 / RMSD,RMSD,Time (ps),2200,0.102026515,nm,nm
line,overlay,wt-homo-2,wt-homo-2,rmsd,h1sabu3b,h1sabu3b::RMSD,wt-homo-2 / RMSD,RMSD,Time (ps),2300,0.10895478,nm,nm
line,overlay,wt-homo-2,wt-homo-2,rmsd,h1sabu3b,h1sabu3b::RMSD,wt-homo-2 / RMSD,RMSD,Time (ps),2400,0.12309455,nm,nm
line,overlay,wt-homo-2,wt-homo-2,rmsd,h1sabu3b,h1sabu3b::RMSD,wt-homo-2 / RMSD,RMSD,Time (ps),2500,0.11469336,nm,nm
line,overlay,wt-homo-2,wt-homo-2,rmsd,h1sabu3b,h1sabu3b::RMSD,wt-homo-2 / RMSD,RMSD,Time (ps),2600,0.11588034,nm,nm
line,overlay,wt-homo-2,wt-homo-2,rmsd,h1sabu3b,h1sabu3b::RMSD,wt-homo-2 / RMSD,RMSD,Time (ps),2700,0.11810011,nm,nm
line,overlay,wt-homo-2,wt-homo-2,rmsd,h1sabu3b,h1sabu3b::RMSD,wt-homo-2 / RMSD,RMSD,Time (ps),2800,0.101884164,nm,nm
line,overlay,wt-homo-2,wt-homo-2,rmsd,h1sabu3b,h1sabu3b::RMSD,wt-homo-2 / RMSD,RMSD,Time (ps),2900,0.11046197,nm,nm
line,overlay,wt-homo-2,wt-homo-2,rmsd,h1sabu3b,h1sabu3b::RMSD,wt-homo-2 / RMSD,RMSD,Time (ps),3000,0.10760964,nm,nm
line,overlay,wt-homo-2,wt-homo-2,rmsd,h1sabu3b,h1sabu3b::RMSD,wt-homo-2 / RMSD,RMSD,Time (ps),3100,0.12266851,nm,nm
line,overlay,wt-homo-2,wt-homo-2,rmsd,h1sabu3b,h1sabu3b::RMSD,wt-homo-2 / RMSD,RMSD,Time (ps),3200,0.12757353,nm,nm
line,overlay,wt-homo-2,wt-homo-2,rmsd,h1sabu3b,h1sabu3b::RMSD,wt-homo-2 / RMSD,RMSD,Time (ps),3300,0.12524442,nm,nm
line,overlay,wt-homo-2,wt-homo-2,rmsd,h1sabu3b,h1sabu3b::RMSD,wt-homo-2 / RMSD,RMSD,Time (ps),3400,0.11358527,nm,nm
line,overlay,wt-homo-2,wt-homo-2,rmsd,h1sabu3b,h1sabu3b::RMSD,wt-homo-2 / RMSD,RMSD,Time (ps),3500,0.12718695,nm,nm
line,overlay,wt-homo-2,wt-homo-2,rmsd,h1sabu3b,h1sabu3b::RMSD,wt-homo-2 / RMSD,RMSD,Time (ps),3600,0.116598286,nm,nm
line,overlay,wt-homo-2,wt-homo-2,rmsd,h1sabu3b,h1sabu3b::RMSD,wt-homo-2 / RMSD,RMSD,Time (ps),3700,0.10343426,nm,nm
line,overlay,wt-homo-2,wt-homo-2,rmsd,h1sabu3b,h1sabu3b::RMSD,wt-homo-2 / RMSD,RMSD,Time (ps),3800,0.11062141,nm,nm
line,overlay,wt-homo-2,wt-homo-2,rmsd,h1sabu3b,h1sabu3b::RMSD,wt-homo-2 / RMSD,RMSD,Time (ps),3900,0.1341952,nm,nm
line,overlay,wt-homo-2,wt-homo-2,rmsd,h1sabu3b,h1sabu3b::RMSD,wt-homo-2 / RMSD,RMSD,Time (ps),4000,0.11614841,nm,nm
line,overlay,wt-homo-2,wt-homo-2,rmsd,h1sabu3b,h1sabu3b::RMSD,wt-homo-2 / RMSD,RMSD,Time (ps),4100,0.11178671,nm,nm
line,overlay,wt-homo-2,wt-homo-2,rmsd,h1sabu3b,h1sabu3b::RMSD,wt-homo-2 / RMSD,RMSD,Time (ps),4200,0.11216629,nm,nm
line,overlay,wt-homo-2,wt-homo-2,rmsd,h1sabu3b,h1sabu3b::RMSD,wt-homo-2 / RMSD,RMSD,Time (ps),4300,0.12551315,nm,nm
line,overlay,wt-homo-2,wt-homo-2,rmsd,h1sabu3b,h1sabu3b::RMSD,wt-homo-2 / RMSD,RMSD,Time (ps),4400,0.118809,nm,nm
line,overlay,wt-homo-2,wt-homo-2,rmsd,h1sabu3b,h1sabu3b::RMSD,wt-homo-2 / RMSD,RMSD,Time (ps),4500,0.112069204,nm,nm
line,overlay,wt-homo-2,wt-homo-2,rmsd,h1sabu3b,h1sabu3b::RMSD,wt-homo-2 / RMSD,RMSD,Time (ps),4600,0.11106099,nm,nm
line,overlay,wt-homo-2,wt-homo-2,rmsd,h1sabu3b,h1sabu3b::RMSD,wt-homo-2 / RMSD,RMSD,Time (ps),4700,0.123208195,nm,nm
line,overlay,wt-homo-2,wt-homo-2,rmsd,h1sabu3b,h1sabu3b::RMSD,wt-homo-2 / RMSD,RMSD,Time (ps),4800,0.11215242,nm,nm
line,overlay,wt-homo-2,wt-homo-2,rmsd,h1sabu3b,h1sabu3b::RMSD,wt-homo-2 / RMSD,RMSD,Time (ps),4900,0.11089752,nm,nm
line,overlay,wt-homo-2,wt-homo-2,rmsd,h1sabu3b,h1sabu3b::RMSD,wt-homo-2 / RMSD,RMSD,Time (ps),5000,0.124834016,nm,nm
line,overlay,wt-homo-2,wt-homo-2,rmsd,h1sabu3b,h1sabu3b::RMSD,wt-homo-2 / RMSD,RMSD,Time (ps),5100,0.12692177,nm,nm
line,overlay,wt-homo-2,wt-homo-2,rmsd,h1sabu3b,h1sabu3b::RMSD,wt-homo-2 / RMSD,RMSD,Time (ps),5200,0.12249937,nm,nm
line,overlay,wt-homo-2,wt-homo-2,rmsd,h1sabu3b,h1sabu3b::RMSD,wt-homo-2 / RMSD,RMSD,Time (ps),5300,0.12620094,nm,nm
line,overlay,wt-homo-2,wt-homo-2,rmsd,h1sabu3b,h1sabu3b::RMSD,wt-homo-2 / RMSD,RMSD,Time (ps),5400,0.13108055,nm,nm
line,overlay,wt-homo-2,wt-homo-2,rmsd,h1sabu3b,h1sabu3b::RMSD,wt-homo-2 / RMSD,RMSD,Time (ps),5500,0.13680415,nm,nm
line,overlay,wt-homo-2,wt-homo-2,rmsd,h1sabu3b,h1sabu3b::RMSD,wt-homo-2 / RMSD,RMSD,Time (ps),5600,0.11530636,nm,nm
line,overlay,wt-homo-2,wt-homo-2,rmsd,h1sabu3b,h1sabu3b::RMSD,wt-homo-2 / RMSD,RMSD,Time (ps),5700,0.12296394,nm,nm
line,overlay,wt-homo-2,wt-homo-2,rmsd,h1sabu3b,h1sabu3b::RMSD,wt-homo-2 / RMSD,RMSD,Time (ps),5800,0.14545727,nm,nm
line,overlay,wt-homo-2,wt-homo-2,rmsd,h1sabu3b,h1sabu3b::RMSD,wt-homo-2 / RMSD,RMSD,Time (ps),5900,0.12621325,nm,nm
line,overlay,wt-homo-2,wt-homo-2,rmsd,h1sabu3b,h1sabu3b::RMSD,wt-homo-2 / RMSD,RMSD,Time (ps),6000,0.12750444,nm,nm
line,overlay,wt-homo-2,wt-homo-2,rmsd,h1sabu3b,h1sabu3b::RMSD,wt-homo-2 / RMSD,RMSD,Time (ps),6100,0.1406379,nm,nm
line,overlay,wt-homo-2,wt-homo-2,rmsd,h1sabu3b,h1sabu3b::RMSD,wt-homo-2 / RMSD,RMSD,Time (ps),6200,0.12566586,nm,nm
line,overlay,wt-homo-2,wt-homo-2,rmsd,h1sabu3b,h1sabu3b::RMSD,wt-homo-2 / RMSD,RMSD,Time (ps),6300,0.12962915,nm,nm
line,overlay,wt-homo-2,wt-homo-2,rmsd,h1sabu3b,h1sabu3b::RMSD,wt-homo-2 / RMSD,RMSD,Time (ps),6400,0.1255627,nm,nm
line,overlay,wt-homo-2,wt-homo-2,rmsd,h1sabu3b,h1sabu3b::RMSD,wt-homo-2 / RMSD,RMSD,Time (ps),6500,0.14209358,nm,nm
line,overlay,wt-homo-2,wt-homo-2,rmsd,h1sabu3b,h1sabu3b::RMSD,wt-homo-2 / RMSD,RMSD,Time (ps),6600,0.14737254,nm,nm
line,overlay,wt-homo-2,wt-homo-2,rmsd,h1sabu3b,h1sabu3b::RMSD,wt-homo-2 / RMSD,RMSD,Time (ps),6700,0.14716841,nm,nm
line,overlay,wt-homo-2,wt-homo-2,rmsd,h1sabu3b,h1sabu3b::RMSD,wt-homo-2 / RMSD,RMSD,Time (ps),6800,0.14950961,nm,nm
line,overlay,wt-homo-2,wt-homo-2,rmsd,h1sabu3b,h1sabu3b::RMSD,wt-homo-2 / RMSD,RMSD,Time (ps),6900,0.13774437,nm,nm
line,overlay,wt-homo-2,wt-homo-2,rmsd,h1sabu3b,h1sabu3b::RMSD,wt-homo-2 / RMSD,RMSD,Time (ps),7000,0.13346705,nm,nm
line,overlay,wt-homo-2,wt-homo-2,rmsd,h1sabu3b,h1sabu3b::RMSD,wt-homo-2 / RMSD,RMSD,Time (ps),7100,0.14762908,nm,nm
line,overlay,wt-homo-2,wt-homo-2,rmsd,h1sabu3b,h1sabu3b::RMSD,wt-homo-2 / RMSD,RMSD,Time (ps),7200,0.14668155,nm,nm
line,overlay,wt-homo-2,wt-homo-2,rmsd,h1sabu3b,h1sabu3b::RMSD,wt-homo-2 / RMSD,RMSD,Time (ps),7300,0.15159945,nm,nm
line,overlay,wt-homo-2,wt-homo-2,rmsd,h1sabu3b,h1sabu3b::RMSD,wt-homo-2 / RMSD,RMSD,Time (ps),7400,0.14007285,nm,nm
line,overlay,wt-homo-2,wt-homo-2,rmsd,h1sabu3b,h1sabu3b::RMSD,wt-homo-2 / RMSD,RMSD,Time (ps),7500,0.14957546,nm,nm
line,overlay,wt-homo-2,wt-homo-2,rmsd,h1sabu3b,h1sabu3b::RMSD,wt-homo-2 / RMSD,RMSD,Time (ps),7600,0.14201695,nm,nm
line,overlay,wt-homo-2,wt-homo-2,rmsd,h1sabu3b,h1sabu3b::RMSD,wt-homo-2 / RMSD,RMSD,Time (ps),7700,0.13948695,nm,nm
line,overlay,wt-homo-2,wt-homo-2,rmsd,h1sabu3b,h1sabu3b::RMSD,wt-homo-2 / RMSD,RMSD,Time (ps),7800,0.15460922,nm,nm
line,overlay,wt-homo-2,wt-homo-2,rmsd,h1sabu3b,h1sabu3b::RMSD,wt-homo-2 / RMSD,RMSD,Time (ps),7900,0.14368248,nm,nm
line,overlay,wt-homo-2,wt-homo-2,rmsd,h1sabu3b,h1sabu3b::RMSD,wt-homo-2 / RMSD,RMSD,Time (ps),8000,0.16089822,nm,nm
line,overlay,wt-homo-2,wt-homo-2,rmsd,h1sabu3b,h1sabu3b::RMSD,wt-homo-2 / RMSD,RMSD,Time (ps),8100,0.12815323,nm,nm
line,overlay,wt-homo-2,wt-homo-2,rmsd,h1sabu3b,h1sabu3b::RMSD,wt-homo-2 / RMSD,RMSD,Time (ps),8200,0.15093124,nm,nm
line,overlay,wt-homo-2,wt-homo-2,rmsd,h1sabu3b,h1sabu3b::RMSD,wt-homo-2 / RMSD,RMSD,Time (ps),8300,0.15415595,nm,nm
line,overlay,wt-homo-2,wt-homo-2,rmsd,h1sabu3b,h1sabu3b::RMSD,wt-homo-2 / RMSD,RMSD,Time (ps),8400,0.16368017,nm,nm
line,overlay,wt-homo-2,wt-homo-2,rmsd,h1sabu3b,h1sabu3b::RMSD,wt-homo-2 / RMSD,RMSD,Time (ps),8500,0.157364,nm,nm
line,overlay,wt-homo-2,wt-homo-2,rmsd,h1sabu3b,h1sabu3b::RMSD,wt-homo-2 / RMSD,RMSD,Time (ps),8600,0.16499543,nm,nm
line,overlay,wt-homo-2,wt-homo-2,rmsd,h1sabu3b,h1sabu3b::RMSD,wt-homo-2 / RMSD,RMSD,Time (ps),8700,0.14697456,nm,nm
line,overlay,wt-homo-2,wt-homo-2,rmsd,h1sabu3b,h1sabu3b::RMSD,wt-homo-2 / RMSD,RMSD,Time (ps),8800,0.14953734,nm,nm
line,overlay,wt-homo-2,wt-homo-2,rmsd,h1sabu3b,h1sabu3b::RMSD,wt-homo-2 / RMSD,RMSD,Time (ps),8900,0.17043798,nm,nm
line,overlay,wt-homo-2,wt-homo-2,rmsd,h1sabu3b,h1sabu3b::RMSD,wt-homo-2 / RMSD,RMSD,Time (ps),9000,0.1688522,nm,nm
line,overlay,wt-homo-2,wt-homo-2,rmsd,h1sabu3b,h1sabu3b::RMSD,wt-homo-2 / RMSD,RMSD,Time (ps),9100,0.1572058,nm,nm
line,overlay,wt-homo-2,wt-homo-2,rmsd,h1sabu3b,h1sabu3b::RMSD,wt-homo-2 / RMSD,RMSD,Time (ps),9200,0.14729866,nm,nm
line,overlay,wt-homo-2,wt-homo-2,rmsd,h1sabu3b,h1sabu3b::RMSD,wt-homo-2 / RMSD,RMSD,Time (ps),9300,0.13896945,nm,nm
line,overlay,wt-homo-2,wt-homo-2,rmsd,h1sabu3b,h1sabu3b::RMSD,wt-homo-2 / RMSD,RMSD,Time (ps),9400,0.14055678,nm,nm
line,overlay,wt-homo-2,wt-homo-2,rmsd,h1sabu3b,h1sabu3b::RMSD,wt-homo-2 / RMSD,RMSD,Time (ps),9500,0.14647645,nm,nm
line,overlay,wt-homo-2,wt-homo-2,rmsd,h1sabu3b,h1sabu3b::RMSD,wt-homo-2 / RMSD,RMSD,Time (ps),9600,0.14070423,nm,nm
line,overlay,wt-homo-2,wt-homo-2,rmsd,h1sabu3b,h1sabu3b::RMSD,wt-homo-2 / RMSD,RMSD,Time (ps),9700,0.12726028,nm,nm
line,overlay,wt-homo-2,wt-homo-2,rmsd,h1sabu3b,h1sabu3b::RMSD,wt-homo-2 / RMSD,RMSD,Time (ps),9800,0.13071227,nm,nm
line,overlay,wt-homo-2,wt-homo-2,rmsd,h1sabu3b,h1sabu3b::RMSD,wt-homo-2 / RMSD,RMSD,Time (ps),9900,0.1349463,nm,nm
line,overlay,wt-homo-2,wt-homo-2,rmsd,h1sabu3b,h1sabu3b::RMSD,wt-homo-2 / RMSD,RMSD,Time (ps),10000,0.15534504,nm,nm
line,overlay,wt-homo-2,wt-homo-2,rmsd,h1sabu3b,h1sabu3b::RMSD,wt-homo-2 / RMSD,RMSD,Time (ps),10100,0.13791735,nm,nm
line,overlay,wt-homo-2,wt-homo-2,rmsd,h1sabu3b,h1sabu3b::RMSD,wt-homo-2 / RMSD,RMSD,Time (ps),10200,0.13246518,nm,nm
line,overlay,wt-homo-2,wt-homo-2,rmsd,h1sabu3b,h1sabu3b::RMSD,wt-homo-2 / RMSD,RMSD,Time (ps),10300,0.13381612,nm,nm
line,overlay,wt-homo-2,wt-homo-2,rmsd,h1sabu3b,h1sabu3b::RMSD,wt-homo-2 / RMSD,RMSD,Time (ps),10400,0.1345501,nm,nm
line,overlay,wt-homo-2,wt-homo-2,rmsd,h1sabu3b,h1sabu3b::RMSD,wt-homo-2 / RMSD,RMSD,Time (ps),10500,0.117254384,nm,nm
line,overlay,wt-homo-2,wt-homo-2,rmsd,h1sabu3b,h1sabu3b::RMSD,wt-homo-2 / RMSD,RMSD,Time (ps),10600,0.1359604,nm,nm
line,overlay,wt-homo-2,wt-homo-2,rmsd,h1sabu3b,h1sabu3b::RMSD,wt-homo-2 / RMSD,RMSD,Time (ps),10700,0.15381597,nm,nm
line,overlay,wt-homo-2,wt-homo-2,rmsd,h1sabu3b,h1sabu3b::RMSD,wt-homo-2 / RMSD,RMSD,Time (ps),10800,0.14427291,nm,nm
line,overlay,wt-homo-2,wt-homo-2,rmsd,h1sabu3b,h1sabu3b::RMSD,wt-homo-2 / RMSD,RMSD,Time (ps),10900,0.13694048,nm,nm
line,overlay,wt-homo-2,wt-homo-2,rmsd,h1sabu3b,h1sabu3b::RMSD,wt-homo-2 / RMSD,RMSD,Time (ps),11000,0.13337381,nm,nm
line,overlay,wt-homo-2,wt-homo-2,rmsd,h1sabu3b,h1sabu3b::RMSD,wt-homo-2 / RMSD,RMSD,Time (ps),11100,0.13375026,nm,nm
line,overlay,wt-homo-2,wt-homo-2,rmsd,h1sabu3b,h1sabu3b::RMSD,wt-homo-2 / RMSD,RMSD,Time (ps),11200,0.13384324,nm,nm
line,overlay,wt-homo-2,wt-homo-2,rmsd,h1sabu3b,h1sabu3b::RMSD,wt-homo-2 / RMSD,RMSD,Time (ps),11300,0.13282469,nm,nm
line,overlay,wt-homo-2,wt-homo-2,rmsd,h1sabu3b,h1sabu3b::RMSD,wt-homo-2 / RMSD,RMSD,Time (ps),11400,0.13792112,nm,nm
line,overlay,wt-homo-2,wt-homo-2,rmsd,h1sabu3b,h1sabu3b::RMSD,wt-homo-2 / RMSD,RMSD,Time (ps),11500,0.12943307,nm,nm
line,overlay,wt-homo-2,wt-homo-2,rmsd,h1sabu3b,h1sabu3b::RMSD,wt-homo-2 / RMSD,RMSD,Time (ps),11600,0.142006,nm,nm
line,overlay,wt-homo-2,wt-homo-2,rmsd,h1sabu3b,h1sabu3b::RMSD,wt-homo-2 / RMSD,RMSD,Time (ps),11700,0.1473831,nm,nm
line,overlay,wt-homo-2,wt-homo-2,rmsd,h1sabu3b,h1sabu3b::RMSD,wt-homo-2 / RMSD,RMSD,Time (ps),11800,0.1348118,nm,nm
line,overlay,wt-homo-2,wt-homo-2,rmsd,h1sabu3b,h1sabu3b::RMSD,wt-homo-2 / RMSD,RMSD,Time (ps),11900,0.13333493,nm,nm
line,overlay,wt-homo-2,wt-homo-2,rmsd,h1sabu3b,h1sabu3b::RMSD,wt-homo-2 / RMSD,RMSD,Time (ps),12000,0.13169205,nm,nm
line,overlay,wt-homo-2,wt-homo-2,rmsd,h1sabu3b,h1sabu3b::RMSD,wt-homo-2 / RMSD,RMSD,Time (ps),12100,0.13561301,nm,nm
line,overlay,wt-homo-2,wt-homo-2,rmsd,h1sabu3b,h1sabu3b::RMSD,wt-homo-2 / RMSD,RMSD,Time (ps),12200,0.13719007,nm,nm
line,overlay,wt-homo-2,wt-homo-2,rmsd,h1sabu3b,h1sabu3b::RMSD,wt-homo-2 / RMSD,RMSD,Time (ps),12300,0.12520303,nm,nm
line,overlay,wt-homo-2,wt-homo-2,rmsd,h1sabu3b,h1sabu3b::RMSD,wt-homo-2 / RMSD,RMSD,Time (ps),12400,0.13055354,nm,nm
line,overlay,wt-homo-2,wt-homo-2,rmsd,h1sabu3b,h1sabu3b::RMSD,wt-homo-2 / RMSD,RMSD,Time (ps),12500,0.14918335,nm,nm
line,overlay,wt-homo-2,wt-homo-2,rmsd,h1sabu3b,h1sabu3b::RMSD,wt-homo-2 / RMSD,RMSD,Time (ps),12600,0.12806018,nm,nm
line,overlay,wt-homo-2,wt-homo-2,rmsd,h1sabu3b,h1sabu3b::RMSD,wt-homo-2 / RMSD,RMSD,Time (ps),12700,0.12939702,nm,nm
line,overlay,wt-homo-2,wt-homo-2,rmsd,h1sabu3b,h1sabu3b::RMSD,wt-homo-2 / RMSD,RMSD,Time (ps),12800,0.1376879,nm,nm
line,overlay,wt-homo-2,wt-homo-2,rmsd,h1sabu3b,h1sabu3b::RMSD,wt-homo-2 / RMSD,RMSD,Time (ps),12900,0.14891209,nm,nm
line,overlay,wt-homo-2,wt-homo-2,rmsd,h1sabu3b,h1sabu3b::RMSD,wt-homo-2 / RMSD,RMSD,Time (ps),13000,0.14768174,nm,nm
line,overlay,wt-homo-2,wt-homo-2,rmsd,h1sabu3b,h1sabu3b::RMSD,wt-homo-2 / RMSD,RMSD,Time (ps),13100,0.14222485,nm,nm
line,overlay,wt-homo-2,wt-homo-2,rmsd,h1sabu3b,h1sabu3b::RMSD,wt-homo-2 / RMSD,RMSD,Time (ps),13200,0.13165268,nm,nm
line,overlay,wt-homo-2,wt-homo-2,rmsd,h1sabu3b,h1sabu3b::RMSD,wt-homo-2 / RMSD,RMSD,Time (ps),13300,0.14358504,nm,nm
line,overlay,wt-homo-2,wt-homo-2,rmsd,h1sabu3b,h1sabu3b::RMSD,wt-homo-2 / RMSD,RMSD,Time (ps),13400,0.14795175,nm,nm
line,overlay,wt-homo-2,wt-homo-2,rmsd,h1sabu3b,h1sabu3b::RMSD,wt-homo-2 / RMSD,RMSD,Time (ps),13500,0.13032705,nm,nm
line,overlay,wt-homo-2,wt-homo-2,rmsd,h1sabu3b,h1sabu3b::RMSD,wt-homo-2 / RMSD,RMSD,Time (ps),13600,0.13177861,nm,nm
line,overlay,wt-homo-2,wt-homo-2,rmsd,h1sabu3b,h1sabu3b::RMSD,wt-homo-2 / RMSD,RMSD,Time (ps),13700,0.14536816,nm,nm
line,overlay,wt-homo-2,wt-homo-2,rmsd,h1sabu3b,h1sabu3b::RMSD,wt-homo-2 / RMSD,RMSD,Time (ps),13800,0.12893954,nm,nm
line,overlay,wt-homo-2,wt-homo-2,rmsd,h1sabu3b,h1sabu3b::RMSD,wt-homo-2 / RMSD,RMSD,Time (ps),13900,0.14084047,nm,nm
line,overlay,wt-homo-2,wt-homo-2,rmsd,h1sabu3b,h1sabu3b::RMSD,wt-homo-2 / RMSD,RMSD,Time (ps),14000,0.1331521,nm,nm
line,overlay,wt-homo-2,wt-homo-2,rmsd,h1sabu3b,h1sabu3b::RMSD,wt-homo-2 / RMSD,RMSD,Time (ps),14100,0.1363145,nm,nm
line,overlay,wt-homo-2,wt-homo-2,rmsd,h1sabu3b,h1sabu3b::RMSD,wt-homo-2 / RMSD,RMSD,Time (ps),14200,0.13651209,nm,nm
line,overlay,wt-homo-2,wt-homo-2,rmsd,h1sabu3b,h1sabu3b::RMSD,wt-homo-2 / RMSD,RMSD,Time (ps),14300,0.14181241,nm,nm
line,overlay,wt-homo-2,wt-homo-2,rmsd,h1sabu3b,h1sabu3b::RMSD,wt-homo-2 / RMSD,RMSD,Time (ps),14400,0.13597564,nm,nm
line,overlay,wt-homo-2,wt-homo-2,rmsd,h1sabu3b,h1sabu3b::RMSD,wt-homo-2 / RMSD,RMSD,Time (ps),14500,0.1307876,nm,nm
line,overlay,wt-homo-2,wt-homo-2,rmsd,h1sabu3b,h1sabu3b::RMSD,wt-homo-2 / RMSD,RMSD,Time (ps),14600,0.13750708,nm,nm
line,overlay,wt-homo-2,wt-homo-2,rmsd,h1sabu3b,h1sabu3b::RMSD,wt-homo-2 / RMSD,RMSD,Time (ps),14700,0.13029124,nm,nm
line,overlay,wt-homo-2,wt-homo-2,rmsd,h1sabu3b,h1sabu3b::RMSD,wt-homo-2 / RMSD,RMSD,Time (ps),14800,0.13557479,nm,nm
line,overlay,wt-homo-2,wt-homo-2,rmsd,h1sabu3b,h1sabu3b::RMSD,wt-homo-2 / RMSD,RMSD,Time (ps),14900,0.13687612,nm,nm
line,overlay,wt-homo-2,wt-homo-2,rmsd,h1sabu3b,h1sabu3b::RMSD,wt-homo-2 / RMSD,RMSD,Time (ps),15000,0.1321047,nm,nm
line,overlay,wt-homo-2,wt-homo-2,rmsd,h1sabu3b,h1sabu3b::RMSD,wt-homo-2 / RMSD,RMSD,Time (ps),15100,0.1326138,nm,nm
line,overlay,wt-homo-2,wt-homo-2,rmsd,h1sabu3b,h1sabu3b::RMSD,wt-homo-2 / RMSD,RMSD,Time (ps),15200,0.15166098,nm,nm
line,overlay,wt-homo-2,wt-homo-2,rmsd,h1sabu3b,h1sabu3b::RMSD,wt-homo-2 / RMSD,RMSD,Time (ps),15300,0.1289114,nm,nm
line,overlay,wt-homo-2,wt-homo-2,rmsd,h1sabu3b,h1sabu3b::RMSD,wt-homo-2 / RMSD,RMSD,Time (ps),15400,0.13257861,nm,nm
line,overlay,wt-homo-2,wt-homo-2,rmsd,h1sabu3b,h1sabu3b::RMSD,wt-homo-2 / RMSD,RMSD,Time (ps),15500,0.1371296,nm,nm
line,overlay,wt-homo-2,wt-homo-2,rmsd,h1sabu3b,h1sabu3b::RMSD,wt-homo-2 / RMSD,RMSD,Time (ps),15600,0.14170638,nm,nm
line,overlay,wt-homo-2,wt-homo-2,rmsd,h1sabu3b,h1sabu3b::RMSD,wt-homo-2 / RMSD,RMSD,Time (ps),15700,0.12478418,nm,nm
line,overlay,wt-homo-2,wt-homo-2,rmsd,h1sabu3b,h1sabu3b::RMSD,wt-homo-2 / RMSD,RMSD,Time (ps),15800,0.13306253,nm,nm
line,overlay,wt-homo-2,wt-homo-2,rmsd,h1sabu3b,h1sabu3b::RMSD,wt-homo-2 / RMSD,RMSD,Time (ps),15900,0.13727318,nm,nm
line,overlay,wt-homo-2,wt-homo-2,rmsd,h1sabu3b,h1sabu3b::RMSD,wt-homo-2 / RMSD,RMSD,Time (ps),16000,0.13747315,nm,nm
line,overlay,wt-homo-2,wt-homo-2,rmsd,h1sabu3b,h1sabu3b::RMSD,wt-homo-2 / RMSD,RMSD,Time (ps),16100,0.13185726,nm,nm
line,overlay,wt-homo-2,wt-homo-2,rmsd,h1sabu3b,h1sabu3b::RMSD,wt-homo-2 / RMSD,RMSD,Time (ps),16200,0.14685813,nm,nm
line,overlay,wt-homo-2,wt-homo-2,rmsd,h1sabu3b,h1sabu3b::RMSD,wt-homo-2 / RMSD,RMSD,Time (ps),16300,0.13353306,nm,nm
line,overlay,wt-homo-2,wt-homo-2,rmsd,h1sabu3b,h1sabu3b::RMSD,wt-homo-2 / RMSD,RMSD,Time (ps),16400,0.13942005,nm,nm
line,overlay,wt-homo-2,wt-homo-2,rmsd,h1sabu3b,h1sabu3b::RMSD,wt-homo-2 / RMSD,RMSD,Time (ps),16500,0.15292373,nm,nm
line,overlay,wt-homo-2,wt-homo-2,rmsd,h1sabu3b,h1sabu3b::RMSD,wt-homo-2 / RMSD,RMSD,Time (ps),16600,0.1345655,nm,nm
line,overlay,wt-homo-2,wt-homo-2,rmsd,h1sabu3b,h1sabu3b::RMSD,wt-homo-2 / RMSD,RMSD,Time (ps),16700,0.13708803,nm,nm
line,overlay,wt-homo-2,wt-homo-2,rmsd,h1sabu3b,h1sabu3b::RMSD,wt-homo-2 / RMSD,RMSD,Time (ps),16800,0.13030317,nm,nm
line,overlay,wt-homo-2,wt-homo-2,rmsd,h1sabu3b,h1sabu3b::RMSD,wt-homo-2 / RMSD,RMSD,Time (ps),16900,0.14561398,nm,nm
line,overlay,wt-homo-2,wt-homo-2,rmsd,h1sabu3b,h1sabu3b::RMSD,wt-homo-2 / RMSD,RMSD,Time (ps),17000,0.13415271,nm,nm
line,overlay,wt-homo-2,wt-homo-2,rmsd,h1sabu3b,h1sabu3b::RMSD,wt-homo-2 / RMSD,RMSD,Time (ps),17100,0.14306426,nm,nm
line,overlay,wt-homo-2,wt-homo-2,rmsd,h1sabu3b,h1sabu3b::RMSD,wt-homo-2 / RMSD,RMSD,Time (ps),17200,0.14046825,nm,nm
line,overlay,wt-homo-2,wt-homo-2,rmsd,h1sabu3b,h1sabu3b::RMSD,wt-homo-2 / RMSD,RMSD,Time (ps),17300,0.14440937,nm,nm
line,overlay,wt-homo-2,wt-homo-2,rmsd,h1sabu3b,h1sabu3b::RMSD,wt-homo-2 / RMSD,RMSD,Time (ps),17400,0.13626885,nm,nm
line,overlay,wt-homo-2,wt-homo-2,rmsd,h1sabu3b,h1sabu3b::RMSD,wt-homo-2 / RMSD,RMSD,Time (ps),17500,0.14348394,nm,nm
line,overlay,wt-homo-2,wt-homo-2,rmsd,h1sabu3b,h1sabu3b::RMSD,wt-homo-2 / RMSD,RMSD,Time (ps),17600,0.14495036,nm,nm
line,overlay,wt-homo-2,wt-homo-2,rmsd,h1sabu3b,h1sabu3b::RMSD,wt-homo-2 / RMSD,RMSD,Time (ps),17700,0.13439205,nm,nm
line,overlay,wt-homo-2,wt-homo-2,rmsd,h1sabu3b,h1sabu3b::RMSD,wt-homo-2 / RMSD,RMSD,Time (ps),17800,0.13576582,nm,nm
line,overlay,wt-homo-2,wt-homo-2,rmsd,h1sabu3b,h1sabu3b::RMSD,wt-homo-2 / RMSD,RMSD,Time (ps),17900,0.13897692,nm,nm
line,overlay,wt-homo-2,wt-homo-2,rmsd,h1sabu3b,h1sabu3b::RMSD,wt-homo-2 / RMSD,RMSD,Time (ps),18000,0.14019492,nm,nm
line,overlay,wt-homo-2,wt-homo-2,rmsd,h1sabu3b,h1sabu3b::RMSD,wt-homo-2 / RMSD,RMSD,Time (ps),18100,0.12952915,nm,nm
line,overlay,wt-homo-2,wt-homo-2,rmsd,h1sabu3b,h1sabu3b::RMSD,wt-homo-2 / RMSD,RMSD,Time (ps),18200,0.13792488,nm,nm
line,overlay,wt-homo-2,wt-homo-2,rmsd,h1sabu3b,h1sabu3b::RMSD,wt-homo-2 / RMSD,RMSD,Time (ps),18300,0.13868569,nm,nm
line,overlay,wt-homo-2,wt-homo-2,rmsd,h1sabu3b,h1sabu3b::RMSD,wt-homo-2 / RMSD,RMSD,Time (ps),18400,0.134087,nm,nm
line,overlay,wt-homo-2,wt-homo-2,rmsd,h1sabu3b,h1sabu3b::RMSD,wt-homo-2 / RMSD,RMSD,Time (ps),18500,0.14673807,nm,nm
line,overlay,wt-homo-2,wt-homo-2,rmsd,h1sabu3b,h1sabu3b::RMSD,wt-homo-2 / RMSD,RMSD,Time (ps),18600,0.13407154,nm,nm
line,overlay,wt-homo-2,wt-homo-2,rmsd,h1sabu3b,h1sabu3b::RMSD,wt-homo-2 / RMSD,RMSD,Time (ps),18700,0.13884258,nm,nm
line,overlay,wt-homo-2,wt-homo-2,rmsd,h1sabu3b,h1sabu3b::RMSD,wt-homo-2 / RMSD,RMSD,Time (ps),18800,0.13913347,nm,nm
line,overlay,wt-homo-2,wt-homo-2,rmsd,h1sabu3b,h1sabu3b::RMSD,wt-homo-2 / RMSD,RMSD,Time (ps),18900,0.14506118,nm,nm
line,overlay,wt-homo-2,wt-homo-2,rmsd,h1sabu3b,h1sabu3b::RMSD,wt-homo-2 / RMSD,RMSD,Time (ps),19000,0.14202425,nm,nm
line,overlay,wt-homo-2,wt-homo-2,rmsd,h1sabu3b,h1sabu3b::RMSD,wt-homo-2 / RMSD,RMSD,Time (ps),19100,0.1485322,nm,nm
line,overlay,wt-homo-2,wt-homo-2,rmsd,h1sabu3b,h1sabu3b::RMSD,wt-homo-2 / RMSD,RMSD,Time (ps),19200,0.13659559,nm,nm
line,overlay,wt-homo-2,wt-homo-2,rmsd,h1sabu3b,h1sabu3b::RMSD,wt-homo-2 / RMSD,RMSD,Time (ps),19300,0.13700104,nm,nm
line,overlay,wt-homo-2,wt-homo-2,rmsd,h1sabu3b,h1sabu3b::RMSD,wt-homo-2 / RMSD,RMSD,Time (ps),19400,0.13737886,nm,nm
line,overlay,wt-homo-2,wt-homo-2,rmsd,h1sabu3b,h1sabu3b::RMSD,wt-homo-2 / RMSD,RMSD,Time (ps),19500,0.12851675,nm,nm
line,overlay,wt-homo-2,wt-homo-2,rmsd,h1sabu3b,h1sabu3b::RMSD,wt-homo-2 / RMSD,RMSD,Time (ps),19600,0.14680871,nm,nm
line,overlay,wt-homo-2,wt-homo-2,rmsd,h1sabu3b,h1sabu3b::RMSD,wt-homo-2 / RMSD,RMSD,Time (ps),19700,0.1306369,nm,nm
line,overlay,wt-homo-2,wt-homo-2,rmsd,h1sabu3b,h1sabu3b::RMSD,wt-homo-2 / RMSD,RMSD,Time (ps),19800,0.12742311,nm,nm
line,overlay,wt-homo-2,wt-homo-2,rmsd,h1sabu3b,h1sabu3b::RMSD,wt-homo-2 / RMSD,RMSD,Time (ps),19900,0.13454239,nm,nm
line,overlay,wt-homo-2,wt-homo-2,rmsd,h1sabu3b,h1sabu3b::RMSD,wt-homo-2 / RMSD,RMSD,Time (ps),20000,0.12548424,nm,nm
line,overlay,wt-homo-2,wt-homo-2,rmsd,h1sabu3b,h1sabu3b::RMSD,wt-homo-2 / RMSD,RMSD,Time (ps),20100,0.13165268,nm,nm
line,overlay,wt-homo-2,wt-homo-2,rmsd,h1sabu3b,h1sabu3b::RMSD,wt-homo-2 / RMSD,RMSD,Time (ps),20200,0.13265288,nm,nm
line,overlay,wt-homo-2,wt-homo-2,rmsd,h1sabu3b,h1sabu3b::RMSD,wt-homo-2 / RMSD,RMSD,Time (ps),20300,0.13092227,nm,nm
line,overlay,wt-homo-2,wt-homo-2,rmsd,h1sabu3b,h1sabu3b::RMSD,wt-homo-2 / RMSD,RMSD,Time (ps),20400,0.14336105,nm,nm
line,overlay,wt-homo-2,wt-homo-2,rmsd,h1sabu3b,h1sabu3b::RMSD,wt-homo-2 / RMSD,RMSD,Time (ps),20500,0.14742881,nm,nm
line,overlay,wt-homo-2,wt-homo-2,rmsd,h1sabu3b,h1sabu3b::RMSD,wt-homo-2 / RMSD,RMSD,Time (ps),20600,0.14875886,nm,nm
line,overlay,wt-homo-2,wt-homo-2,rmsd,h1sabu3b,h1sabu3b::RMSD,wt-homo-2 / RMSD,RMSD,Time (ps),20700,0.15337387,nm,nm
line,overlay,wt-homo-2,wt-homo-2,rmsd,h1sabu3b,h1sabu3b::RMSD,wt-homo-2 / RMSD,RMSD,Time (ps),20800,0.15011854,nm,nm
line,overlay,wt-homo-2,wt-homo-2,rmsd,h1sabu3b,h1sabu3b::RMSD,wt-homo-2 / RMSD,RMSD,Time (ps),20900,0.14686166,nm,nm
line,overlay,wt-homo-2,wt-homo-2,rmsd,h1sabu3b,h1sabu3b::RMSD,wt-homo-2 / RMSD,RMSD,Time (ps),21000,0.13773307,nm,nm
line,overlay,wt-homo-2,wt-homo-2,rmsd,h1sabu3b,h1sabu3b::RMSD,wt-homo-2 / RMSD,RMSD,Time (ps),21100,0.14419743,nm,nm
line,overlay,wt-homo-2,wt-homo-2,rmsd,h1sabu3b,h1sabu3b::RMSD,wt-homo-2 / RMSD,RMSD,Time (ps),21200,0.14225763,nm,nm
line,overlay,wt-homo-2,wt-homo-2,rmsd,h1sabu3b,h1sabu3b::RMSD,wt-homo-2 / RMSD,RMSD,Time (ps),21300,0.1484065,nm,nm
line,overlay,wt-homo-2,wt-homo-2,rmsd,h1sabu3b,h1sabu3b::RMSD,wt-homo-2 / RMSD,RMSD,Time (ps),21400,0.14774841,nm,nm
line,overlay,wt-homo-2,wt-homo-2,rmsd,h1sabu3b,h1sabu3b::RMSD,wt-homo-2 / RMSD,RMSD,Time (ps),21500,0.15702766,nm,nm
line,overlay,wt-homo-2,wt-homo-2,rmsd,h1sabu3b,h1sabu3b::RMSD,wt-homo-2 / RMSD,RMSD,Time (ps),21600,0.15914907,nm,nm
line,overlay,wt-homo-2,wt-homo-2,rmsd,h1sabu3b,h1sabu3b::RMSD,wt-homo-2 / RMSD,RMSD,Time (ps),21700,0.15065968,nm,nm
line,overlay,wt-homo-2,wt-homo-2,rmsd,h1sabu3b,h1sabu3b::RMSD,wt-homo-2 / RMSD,RMSD,Time (ps),21800,0.14649059,nm,nm
line,overlay,wt-homo-2,wt-homo-2,rmsd,h1sabu3b,h1sabu3b::RMSD,wt-homo-2 / RMSD,RMSD,Time (ps),21900,0.15447505,nm,nm
line,overlay,wt-homo-2,wt-homo-2,rmsd,h1sabu3b,h1sabu3b::RMSD,wt-homo-2 / RMSD,RMSD,Time (ps),22000,0.15395407,nm,nm
line,overlay,wt-homo-2,wt-homo-2,rmsd,h1sabu3b,h1sabu3b::RMSD,wt-homo-2 / RMSD,RMSD,Time (ps),22100,0.14635961,nm,nm
line,overlay,wt-homo-2,wt-homo-2,rmsd,h1sabu3b,h1sabu3b::RMSD,wt-homo-2 / RMSD,RMSD,Time (ps),22200,0.14873795,nm,nm
line,overlay,wt-homo-2,wt-homo-2,rmsd,h1sabu3b,h1sabu3b::RMSD,wt-homo-2 / RMSD,RMSD,Time (ps),22300,0.14641981,nm,nm
line,overlay,wt-homo-2,wt-homo-2,rmsd,h1sabu3b,h1sabu3b::RMSD,wt-homo-2 / RMSD,RMSD,Time (ps),22400,0.13792488,nm,nm
line,overlay,wt-homo-2,wt-homo-2,rmsd,h1sabu3b,h1sabu3b::RMSD,wt-homo-2 / RMSD,RMSD,Time (ps),22500,0.14670274,nm,nm
line,overlay,wt-homo-2,wt-homo-2,rmsd,h1sabu3b,h1sabu3b::RMSD,wt-homo-2 / RMSD,RMSD,Time (ps),22600,0.1499389,nm,nm
line,overlay,wt-homo-2,wt-homo-2,rmsd,h1sabu3b,h1sabu3b::RMSD,wt-homo-2 / RMSD,RMSD,Time (ps),22700,0.1366563,nm,nm
line,overlay,wt-homo-2,wt-homo-2,rmsd,h1sabu3b,h1sabu3b::RMSD,wt-homo-2 / RMSD,RMSD,Time (ps),22800,0.15416604,nm,nm
line,overlay,wt-homo-2,wt-homo-2,rmsd,h1sabu3b,h1sabu3b::RMSD,wt-homo-2 / RMSD,RMSD,Time (ps),22900,0.1750026,nm,nm
line,overlay,wt-homo-2,wt-homo-2,rmsd,h1sabu3b,h1sabu3b::RMSD,wt-homo-2 / RMSD,RMSD,Time (ps),23000,0.17927776,nm,nm
line,overlay,wt-homo-2,wt-homo-2,rmsd,h1sabu3b,h1sabu3b::RMSD,wt-homo-2 / RMSD,RMSD,Time (ps),23100,0.16280696,nm,nm
line,overlay,wt-homo-2,wt-homo-2,rmsd,h1sabu3b,h1sabu3b::RMSD,wt-homo-2 / RMSD,RMSD,Time (ps),23200,0.15424672,nm,nm
line,overlay,wt-homo-2,wt-homo-2,rmsd,h1sabu3b,h1sabu3b::RMSD,wt-homo-2 / RMSD,RMSD,Time (ps),23300,0.14945759,nm,nm
line,overlay,wt-homo-2,wt-homo-2,rmsd,h1sabu3b,h1sabu3b::RMSD,wt-homo-2 / RMSD,RMSD,Time (ps),23400,0.15625663,nm,nm
line,overlay,wt-homo-2,wt-homo-2,rmsd,h1sabu3b,h1sabu3b::RMSD,wt-homo-2 / RMSD,RMSD,Time (ps),23500,0.16121362,nm,nm
line,overlay,wt-homo-2,wt-homo-2,rmsd,h1sabu3b,h1sabu3b::RMSD,wt-homo-2 / RMSD,RMSD,Time (ps),23600,0.13650829,nm,nm
line,overlay,wt-homo-2,wt-homo-2,rmsd,h1sabu3b,h1sabu3b::RMSD,wt-homo-2 / RMSD,RMSD,Time (ps),23700,0.14236692,nm,nm
line,overlay,wt-homo-2,wt-homo-2,rmsd,h1sabu3b,h1sabu3b::RMSD,wt-homo-2 / RMSD,RMSD,Time (ps),23800,0.16090144,nm,nm
line,overlay,wt-homo-2,wt-homo-2,rmsd,h1sabu3b,h1sabu3b::RMSD,wt-homo-2 / RMSD,RMSD,Time (ps),23900,0.166733,nm,nm
line,overlay,wt-homo-2,wt-homo-2,rmsd,h1sabu3b,h1sabu3b::RMSD,wt-homo-2 / RMSD,RMSD,Time (ps),24000,0.16842186,nm,nm
line,overlay,wt-homo-2,wt-homo-2,rmsd,h1sabu3b,h1sabu3b::RMSD,wt-homo-2 / RMSD,RMSD,Time (ps),24100,0.16333143,nm,nm
line,overlay,wt-homo-2,wt-homo-2,rmsd,h1sabu3b,h1sabu3b::RMSD,wt-homo-2 / RMSD,RMSD,Time (ps),24200,0.16443214,nm,nm
line,overlay,wt-homo-2,wt-homo-2,rmsd,h1sabu3b,h1sabu3b::RMSD,wt-homo-2 / RMSD,RMSD,Time (ps),24300,0.142716,nm,nm
line,overlay,wt-homo-2,wt-homo-2,rmsd,h1sabu3b,h1sabu3b::RMSD,wt-homo-2 / RMSD,RMSD,Time (ps),24400,0.1689504,nm,nm
line,overlay,wt-homo-2,wt-homo-2,rmsd,h1sabu3b,h1sabu3b::RMSD,wt-homo-2 / RMSD,RMSD,Time (ps),24500,0.15930207,nm,nm
line,overlay,wt-homo-2,wt-homo-2,rmsd,h1sabu3b,h1sabu3b::RMSD,wt-homo-2 / RMSD,RMSD,Time (ps),24600,0.16320445,nm,nm
line,overlay,wt-homo-2,wt-homo-2,rmsd,h1sabu3b,h1sabu3b::RMSD,wt-homo-2 / RMSD,RMSD,Time (ps),24700,0.16286743,nm,nm
line,overlay,wt-homo-2,wt-homo-2,rmsd,h1sabu3b,h1sabu3b::RMSD,wt-homo-2 / RMSD,RMSD,Time (ps),24800,0.15184201,nm,nm
line,overlay,wt-homo-2,wt-homo-2,rmsd,h1sabu3b,h1sabu3b::RMSD,wt-homo-2 / RMSD,RMSD,Time (ps),24900,0.15459245,nm,nm
line,overlay,wt-homo-2,wt-homo-2,rmsd,h1sabu3b,h1sabu3b::RMSD,wt-homo-2 / RMSD,RMSD,Time (ps),25000,0.1457563,nm,nm
line,overlay,wt-homo-2,wt-homo-2,rmsd,h1sabu3b,h1sabu3b::RMSD,wt-homo-2 / RMSD,RMSD,Time (ps),25100,0.14763962,nm,nm
line,overlay,wt-homo-2,wt-homo-2,rmsd,h1sabu3b,h1sabu3b::RMSD,wt-homo-2 / RMSD,RMSD,Time (ps),25200,0.15193416,nm,nm
line,overlay,wt-homo-2,wt-homo-2,rmsd,h1sabu3b,h1sabu3b::RMSD,wt-homo-2 / RMSD,RMSD,Time (ps),25300,0.15274058,nm,nm
line,overlay,wt-homo-2,wt-homo-2,rmsd,h1sabu3b,h1sabu3b::RMSD,wt-homo-2 / RMSD,RMSD,Time (ps),25400,0.15343131,nm,nm
line,overlay,wt-homo-2,wt-homo-2,rmsd,h1sabu3b,h1sabu3b::RMSD,wt-homo-2 / RMSD,RMSD,Time (ps),25500,0.1476361,nm,nm
line,overlay,wt-homo-2,wt-homo-2,rmsd,h1sabu3b,h1sabu3b::RMSD,wt-homo-2 / RMSD,RMSD,Time (ps),25600,0.14207534,nm,nm
line,overlay,wt-homo-2,wt-homo-2,rmsd,h1sabu3b,h1sabu3b::RMSD,wt-homo-2 / RMSD,RMSD,Time (ps),25700,0.15860094,nm,nm
line,overlay,wt-homo-2,wt-homo-2,rmsd,h1sabu3b,h1sabu3b::RMSD,wt-homo-2 / RMSD,RMSD,Time (ps),25800,0.16246912,nm,nm
line,overlay,wt-homo-2,wt-homo-2,rmsd,h1sabu3b,h1sabu3b::RMSD,wt-homo-2 / RMSD,RMSD,Time (ps),25900,0.18698786,nm,nm
line,overlay,wt-homo-2,wt-homo-2,rmsd,h1sabu3b,h1sabu3b::RMSD,wt-homo-2 / RMSD,RMSD,Time (ps),26000,0.16598833,nm,nm
line,overlay,wt-homo-2,wt-homo-2,rmsd,h1sabu3b,h1sabu3b::RMSD,wt-homo-2 / RMSD,RMSD,Time (ps),26100,0.1618618,nm,nm
line,overlay,wt-homo-2,wt-homo-2,rmsd,h1sabu3b,h1sabu3b::RMSD,wt-homo-2 / RMSD,RMSD,Time (ps),26200,0.165466,nm,nm
line,overlay,wt-homo-2,wt-homo-2,rmsd,h1sabu3b,h1sabu3b::RMSD,wt-homo-2 / RMSD,RMSD,Time (ps),26300,0.15850614,nm,nm
line,overlay,wt-homo-2,wt-homo-2,rmsd,h1sabu3b,h1sabu3b::RMSD,wt-homo-2 / RMSD,RMSD,Time (ps),26400,0.15370135,nm,nm
line,overlay,wt-homo-2,wt-homo-2,rmsd,h1sabu3b,h1sabu3b::RMSD,wt-homo-2 / RMSD,RMSD,Time (ps),26500,0.15567504,nm,nm
line,overlay,wt-homo-2,wt-homo-2,rmsd,h1sabu3b,h1sabu3b::RMSD,wt-homo-2 / RMSD,RMSD,Time (ps),26600,0.13902912,nm,nm
line,overlay,wt-homo-2,wt-homo-2,rmsd,h1sabu3b,h1sabu3b::RMSD,wt-homo-2 / RMSD,RMSD,Time (ps),26700,0.12695035,nm,nm
line,overlay,wt-homo-2,wt-homo-2,rmsd,h1sabu3b,h1sabu3b::RMSD,wt-homo-2 / RMSD,RMSD,Time (ps),26800,0.14505045,nm,nm
line,overlay,wt-homo-2,wt-homo-2,rmsd,h1sabu3b,h1sabu3b::RMSD,wt-homo-2 / RMSD,RMSD,Time (ps),26900,0.12984091,nm,nm
line,overlay,wt-homo-2,wt-homo-2,rmsd,h1sabu3b,h1sabu3b::RMSD,wt-homo-2 / RMSD,RMSD,Time (ps),27000,0.13686097,nm,nm
line,overlay,wt-homo-2,wt-homo-2,rmsd,h1sabu3b,h1sabu3b::RMSD,wt-homo-2 / RMSD,RMSD,Time (ps),27100,0.14991468,nm,nm
line,overlay,wt-homo-2,wt-homo-2,rmsd,h1sabu3b,h1sabu3b::RMSD,wt-homo-2 / RMSD,RMSD,Time (ps),27200,0.14707327,nm,nm
line,overlay,wt-homo-2,wt-homo-2,rmsd,h1sabu3b,h1sabu3b::RMSD,wt-homo-2 / RMSD,RMSD,Time (ps),27300,0.15452874,nm,nm
line,overlay,wt-homo-2,wt-homo-2,rmsd,h1sabu3b,h1sabu3b::RMSD,wt-homo-2 / RMSD,RMSD,Time (ps),27400,0.15743315,nm,nm
line,overlay,wt-homo-2,wt-homo-2,rmsd,h1sabu3b,h1sabu3b::RMSD,wt-homo-2 / RMSD,RMSD,Time (ps),27500,0.15573496,nm,nm
line,overlay,wt-homo-2,wt-homo-2,rmsd,h1sabu3b,h1sabu3b::RMSD,wt-homo-2 / RMSD,RMSD,Time (ps),27600,0.1582443,nm,nm
line,overlay,wt-homo-2,wt-homo-2,rmsd,h1sabu3b,h1sabu3b::RMSD,wt-homo-2 / RMSD,RMSD,Time (ps),27700,0.15872182,nm,nm
line,overlay,wt-homo-2,wt-homo-2,rmsd,h1sabu3b,h1sabu3b::RMSD,wt-homo-2 / RMSD,RMSD,Time (ps),27800,0.16036254,nm,nm
line,overlay,wt-homo-2,wt-homo-2,rmsd,h1sabu3b,h1sabu3b::RMSD,wt-homo-2 / RMSD,RMSD,Time (ps),27900,0.16798119,nm,nm
line,overlay,wt-homo-2,wt-homo-2,rmsd,h1sabu3b,h1sabu3b::RMSD,wt-homo-2 / RMSD,RMSD,Time (ps),28000,0.15818533,nm,nm
line,overlay,wt-homo-2,wt-homo-2,rmsd,h1sabu3b,h1sabu3b::RMSD,wt-homo-2 / RMSD,RMSD,Time (ps),28100,0.14634545,nm,nm
line,overlay,wt-homo-2,wt-homo-2,rmsd,h1sabu3b,h1sabu3b::RMSD,wt-homo-2 / RMSD,RMSD,Time (ps),28200,0.15211487,nm,nm
line,overlay,wt-homo-2,wt-homo-2,rmsd,h1sabu3b,h1sabu3b::RMSD,wt-homo-2 / RMSD,RMSD,Time (ps),28300,0.15323186,nm,nm
line,overlay,wt-homo-2,wt-homo-2,rmsd,h1sabu3b,h1sabu3b::RMSD,wt-homo-2 / RMSD,RMSD,Time (ps),28400,0.14689343,nm,nm
line,overlay,wt-homo-2,wt-homo-2,rmsd,h1sabu3b,h1sabu3b::RMSD,wt-homo-2 / RMSD,RMSD,Time (ps),28500,0.1543139,nm,nm
line,overlay,wt-homo-2,wt-homo-2,rmsd,h1sabu3b,h1sabu3b::RMSD,wt-homo-2 / RMSD,RMSD,Time (ps),28600,0.15302199,nm,nm
line,overlay,wt-homo-2,wt-homo-2,rmsd,h1sabu3b,h1sabu3b::RMSD,wt-homo-2 / RMSD,RMSD,Time (ps),28700,0.1583949,nm,nm
line,overlay,wt-homo-2,wt-homo-2,rmsd,h1sabu3b,h1sabu3b::RMSD,wt-homo-2 / RMSD,RMSD,Time (ps),28800,0.15275416,nm,nm
line,overlay,wt-homo-2,wt-homo-2,rmsd,h1sabu3b,h1sabu3b::RMSD,wt-homo-2 / RMSD,RMSD,Time (ps),28900,0.15407524,nm,nm
line,overlay,wt-homo-2,wt-homo-2,rmsd,h1sabu3b,h1sabu3b::RMSD,wt-homo-2 / RMSD,RMSD,Time (ps),29000,0.16040133,nm,nm
line,overlay,wt-homo-2,wt-homo-2,rmsd,h1sabu3b,h1sabu3b::RMSD,wt-homo-2 / RMSD,RMSD,Time (ps),29100,0.15561175,nm,nm
line,overlay,wt-homo-2,wt-homo-2,rmsd,h1sabu3b,h1sabu3b::RMSD,wt-homo-2 / RMSD,RMSD,Time (ps),29200,0.13578491,nm,nm
line,overlay,wt-homo-2,wt-homo-2,rmsd,h1sabu3b,h1sabu3b::RMSD,wt-homo-2 / RMSD,RMSD,Time (ps),29300,0.15483034,nm,nm
line,overlay,wt-homo-2,wt-homo-2,rmsd,h1sabu3b,h1sabu3b::RMSD,wt-homo-2 / RMSD,RMSD,Time (ps),29400,0.15129142,nm,nm
line,overlay,wt-homo-2,wt-homo-2,rmsd,h1sabu3b,h1sabu3b::RMSD,wt-homo-2 / RMSD,RMSD,Time (ps),29500,0.15898612,nm,nm
line,overlay,wt-homo-2,wt-homo-2,rmsd,h1sabu3b,h1sabu3b::RMSD,wt-homo-2 / RMSD,RMSD,Time (ps),29600,0.15434077,nm,nm
line,overlay,wt-homo-2,wt-homo-2,rmsd,h1sabu3b,h1sabu3b::RMSD,wt-homo-2 / RMSD,RMSD,Time (ps),29700,0.15285932,nm,nm
line,overlay,wt-homo-2,wt-homo-2,rmsd,h1sabu3b,h1sabu3b::RMSD,wt-homo-2 / RMSD,RMSD,Time (ps),29800,0.15203306,nm,nm
line,overlay,wt-homo-2,wt-homo-2,rmsd,h1sabu3b,h1sabu3b::RMSD,wt-homo-2 / RMSD,RMSD,Time (ps),29900,0.13851365,nm,nm
line,overlay,wt-homo-2,wt-homo-2,rmsd,h1sabu3b,h1sabu3b::RMSD,wt-homo-2 / RMSD,RMSD,Time (ps),30000,0.15717943,nm,nm
line,overlay,wt-homo-2,wt-homo-2,rmsd,h1sabu3b,h1sabu3b::RMSD,wt-homo-2 / RMSD,RMSD,Time (ps),30100,0.15105826,nm,nm
line,overlay,wt-homo-2,wt-homo-2,rmsd,h1sabu3b,h1sabu3b::RMSD,wt-homo-2 / RMSD,RMSD,Time (ps),30200,0.16054991,nm,nm
line,overlay,wt-homo-2,wt-homo-2,rmsd,h1sabu3b,h1sabu3b::RMSD,wt-homo-2 / RMSD,RMSD,Time (ps),30300,0.14488955,nm,nm
line,overlay,wt-homo-2,wt-homo-2,rmsd,h1sabu3b,h1sabu3b::RMSD,wt-homo-2 / RMSD,RMSD,Time (ps),30400,0.144818,nm,nm
line,overlay,wt-homo-2,wt-homo-2,rmsd,h1sabu3b,h1sabu3b::RMSD,wt-homo-2 / RMSD,RMSD,Time (ps),30500,0.14620724,nm,nm
line,overlay,wt-homo-2,wt-homo-2,rmsd,h1sabu3b,h1sabu3b::RMSD,wt-homo-2 / RMSD,RMSD,Time (ps),30600,0.16341075,nm,nm
line,overlay,wt-homo-2,wt-homo-2,rmsd,h1sabu3b,h1sabu3b::RMSD,wt-homo-2 / RMSD,RMSD,Time (ps),30700,0.13944234,nm,nm
line,overlay,wt-homo-2,wt-homo-2,rmsd,h1sabu3b,h1sabu3b::RMSD,wt-homo-2 / RMSD,RMSD,Time (ps),30800,0.15060462,nm,nm
line,overlay,wt-homo-2,wt-homo-2,rmsd,h1sabu3b,h1sabu3b::RMSD,wt-homo-2 / RMSD,RMSD,Time (ps),30900,0.14900953,nm,nm
line,overlay,wt-homo-2,wt-homo-2,rmsd,h1sabu3b,h1sabu3b::RMSD,wt-homo-2 / RMSD,RMSD,Time (ps),31000,0.1451969,nm,nm
line,overlay,wt-homo-2,wt-homo-2,rmsd,h1sabu3b,h1sabu3b::RMSD,wt-homo-2 / RMSD,RMSD,Time (ps),31100,0.15059774,nm,nm
line,overlay,wt-homo-2,wt-homo-2,rmsd,h1sabu3b,h1sabu3b::RMSD,wt-homo-2 / RMSD,RMSD,Time (ps),31200,0.13484256,nm,nm
line,overlay,wt-homo-2,wt-homo-2,rmsd,h1sabu3b,h1sabu3b::RMSD,wt-homo-2 / RMSD,RMSD,Time (ps),31300,0.14904083,nm,nm
line,overlay,wt-homo-2,wt-homo-2,rmsd,h1sabu3b,h1sabu3b::RMSD,wt-homo-2 / RMSD,RMSD,Time (ps),31400,0.13016786,nm,nm
line,overlay,wt-homo-2,wt-homo-2,rmsd,h1sabu3b,h1sabu3b::RMSD,wt-homo-2 / RMSD,RMSD,Time (ps),31500,0.13255516,nm,nm
line,overlay,wt-homo-2,wt-homo-2,rmsd,h1sabu3b,h1sabu3b::RMSD,wt-homo-2 / RMSD,RMSD,Time (ps),31600,0.1420206,nm,nm
line,overlay,wt-homo-2,wt-homo-2,rmsd,h1sabu3b,h1sabu3b::RMSD,wt-homo-2 / RMSD,RMSD,Time (ps),31700,0.14363557,nm,nm
line,overlay,wt-homo-2,wt-homo-2,rmsd,h1sabu3b,h1sabu3b::RMSD,wt-homo-2 / RMSD,RMSD,Time (ps),31800,0.14968285,nm,nm
line,overlay,wt-homo-2,wt-homo-2,rmsd,h1sabu3b,h1sabu3b::RMSD,wt-homo-2 / RMSD,RMSD,Time (ps),31900,0.14489314,nm,nm
line,overlay,wt-homo-2,wt-homo-2,rmsd,h1sabu3b,h1sabu3b::RMSD,wt-homo-2 / RMSD,RMSD,Time (ps),32000,0.15087628,nm,nm
line,overlay,wt-homo-2,wt-homo-2,rmsd,h1sabu3b,h1sabu3b::RMSD,wt-homo-2 / RMSD,RMSD,Time (ps),32100,0.14671335,nm,nm
line,overlay,wt-homo-2,wt-homo-2,rmsd,h1sabu3b,h1sabu3b::RMSD,wt-homo-2 / RMSD,RMSD,Time (ps),32200,0.14803231,nm,nm
line,overlay,wt-homo-2,wt-homo-2,rmsd,h1sabu3b,h1sabu3b::RMSD,wt-homo-2 / RMSD,RMSD,Time (ps),32300,0.146731,nm,nm
line,overlay,wt-homo-2,wt-homo-2,rmsd,h1sabu3b,h1sabu3b::RMSD,wt-homo-2 / RMSD,RMSD,Time (ps),32400,0.14270511,nm,nm
line,overlay,wt-homo-2,wt-homo-2,rmsd,h1sabu3b,h1sabu3b::RMSD,wt-homo-2 / RMSD,RMSD,Time (ps),32500,0.14275232,nm,nm
line,overlay,wt-homo-2,wt-homo-2,rmsd,h1sabu3b,h1sabu3b::RMSD,wt-homo-2 / RMSD,RMSD,Time (ps),32600,0.14044243,nm,nm
line,overlay,wt-homo-2,wt-homo-2,rmsd,h1sabu3b,h1sabu3b::RMSD,wt-homo-2 / RMSD,RMSD,Time (ps),32700,0.15110628,nm,nm
line,overlay,wt-homo-2,wt-homo-2,rmsd,h1sabu3b,h1sabu3b::RMSD,wt-homo-2 / RMSD,RMSD,Time (ps),32800,0.1436031,nm,nm
line,overlay,wt-homo-2,wt-homo-2,rmsd,h1sabu3b,h1sabu3b::RMSD,wt-homo-2 / RMSD,RMSD,Time (ps),32900,0.13980246,nm,nm
line,overlay,wt-homo-2,wt-homo-2,rmsd,h1sabu3b,h1sabu3b::RMSD,wt-homo-2 / RMSD,RMSD,Time (ps),33000,0.1630106,nm,nm
line,overlay,wt-homo-2,wt-homo-2,rmsd,h1sabu3b,h1sabu3b::RMSD,wt-homo-2 / RMSD,RMSD,Time (ps),33100,0.1465189,nm,nm
line,overlay,wt-homo-2,wt-homo-2,rmsd,h1sabu3b,h1sabu3b::RMSD,wt-homo-2 / RMSD,RMSD,Time (ps),33200,0.1416698,nm,nm
line,overlay,wt-homo-2,wt-homo-2,rmsd,h1sabu3b,h1sabu3b::RMSD,wt-homo-2 / RMSD,RMSD,Time (ps),33300,0.15454887,nm,nm
line,overlay,wt-homo-2,wt-homo-2,rmsd,h1sabu3b,h1sabu3b::RMSD,wt-homo-2 / RMSD,RMSD,Time (ps),33400,0.14921461,nm,nm
line,overlay,wt-homo-2,wt-homo-2,rmsd,h1sabu3b,h1sabu3b::RMSD,wt-homo-2 / RMSD,RMSD,Time (ps),33500,0.13353693,nm,nm
line,overlay,wt-homo-2,wt-homo-2,rmsd,h1sabu3b,h1sabu3b::RMSD,wt-homo-2 / RMSD,RMSD,Time (ps),33600,0.14345863,nm,nm
line,overlay,wt-homo-2,wt-homo-2,rmsd,h1sabu3b,h1sabu3b::RMSD,wt-homo-2 / RMSD,RMSD,Time (ps),33700,0.13912974,nm,nm
line,overlay,wt-homo-2,wt-homo-2,rmsd,h1sabu3b,h1sabu3b::RMSD,wt-homo-2 / RMSD,RMSD,Time (ps),33800,0.13772555,nm,nm
line,overlay,wt-homo-2,wt-homo-2,rmsd,h1sabu3b,h1sabu3b::RMSD,wt-homo-2 / RMSD,RMSD,Time (ps),33900,0.13914837,nm,nm
line,overlay,wt-homo-2,wt-homo-2,rmsd,h1sabu3b,h1sabu3b::RMSD,wt-homo-2 / RMSD,RMSD,Time (ps),34000,0.14441656,nm,nm
line,overlay,wt-homo-2,wt-homo-2,rmsd,h1sabu3b,h1sabu3b::RMSD,wt-homo-2 / RMSD,RMSD,Time (ps),34100,0.14967592,nm,nm
line,overlay,wt-homo-2,wt-homo-2,rmsd,h1sabu3b,h1sabu3b::RMSD,wt-homo-2 / RMSD,RMSD,Time (ps),34200,0.13899928,nm,nm
line,overlay,wt-homo-2,wt-homo-2,rmsd,h1sabu3b,h1sabu3b::RMSD,wt-homo-2 / RMSD,RMSD,Time (ps),34300,0.14277774,nm,nm
line,overlay,wt-homo-2,wt-homo-2,rmsd,h1sabu3b,h1sabu3b::RMSD,wt-homo-2 / RMSD,RMSD,Time (ps),34400,0.1508591,nm,nm
line,overlay,wt-homo-2,wt-homo-2,rmsd,h1sabu3b,h1sabu3b::RMSD,wt-homo-2 / RMSD,RMSD,Time (ps),34500,0.15240423,nm,nm
line,overlay,wt-homo-2,wt-homo-2,rmsd,h1sabu3b,h1sabu3b::RMSD,wt-homo-2 / RMSD,RMSD,Time (ps),34600,0.13831143,nm,nm
line,overlay,wt-homo-2,wt-homo-2,rmsd,h1sabu3b,h1sabu3b::RMSD,wt-homo-2 / RMSD,RMSD,Time (ps),34700,0.1574101,nm,nm
line,overlay,wt-homo-2,wt-homo-2,rmsd,h1sabu3b,h1sabu3b::RMSD,wt-homo-2 / RMSD,RMSD,Time (ps),34800,0.14869612,nm,nm
line,overlay,wt-homo-2,wt-homo-2,rmsd,h1sabu3b,h1sabu3b::RMSD,wt-homo-2 / RMSD,RMSD,Time (ps),34900,0.15699795,nm,nm
line,overlay,wt-homo-2,wt-homo-2,rmsd,h1sabu3b,h1sabu3b::RMSD,wt-homo-2 / RMSD,RMSD,Time (ps),35000,0.16874164,nm,nm
line,overlay,wt-homo-2,wt-homo-2,rmsd,h1sabu3b,h1sabu3b::RMSD,wt-homo-2 / RMSD,RMSD,Time (ps),35100,0.16340125,nm,nm
line,overlay,wt-homo-2,wt-homo-2,rmsd,h1sabu3b,h1sabu3b::RMSD,wt-homo-2 / RMSD,RMSD,Time (ps),35200,0.16080154,nm,nm
line,overlay,wt-homo-2,wt-homo-2,rmsd,h1sabu3b,h1sabu3b::RMSD,wt-homo-2 / RMSD,RMSD,Time (ps),35300,0.15828034,nm,nm
line,overlay,wt-homo-2,wt-homo-2,rmsd,h1sabu3b,h1sabu3b::RMSD,wt-homo-2 / RMSD,RMSD,Time (ps),35400,0.15597442,nm,nm
line,overlay,wt-homo-2,wt-homo-2,rmsd,h1sabu3b,h1sabu3b::RMSD,wt-homo-2 / RMSD,RMSD,Time (ps),35500,0.16782065,nm,nm
line,overlay,wt-homo-2,wt-homo-2,rmsd,h1sabu3b,h1sabu3b::RMSD,wt-homo-2 / RMSD,RMSD,Time (ps),35600,0.16625044,nm,nm
line,overlay,wt-homo-2,wt-homo-2,rmsd,h1sabu3b,h1sabu3b::RMSD,wt-homo-2 / RMSD,RMSD,Time (ps),35700,0.15396753,nm,nm
line,overlay,wt-homo-2,wt-homo-2,rmsd,h1sabu3b,h1sabu3b::RMSD,wt-homo-2 / RMSD,RMSD,Time (ps),35800,0.14675927,nm,nm
line,overlay,wt-homo-2,wt-homo-2,rmsd,h1sabu3b,h1sabu3b::RMSD,wt-homo-2 / RMSD,RMSD,Time (ps),35900,0.14357421,nm,nm
line,overlay,wt-homo-2,wt-homo-2,rmsd,h1sabu3b,h1sabu3b::RMSD,wt-homo-2 / RMSD,RMSD,Time (ps),36000,0.14605117,nm,nm
line,overlay,wt-homo-2,wt-homo-2,rmsd,h1sabu3b,h1sabu3b::RMSD,wt-homo-2 / RMSD,RMSD,Time (ps),36100,0.16093364,nm,nm
line,overlay,wt-homo-2,wt-homo-2,rmsd,h1sabu3b,h1sabu3b::RMSD,wt-homo-2 / RMSD,RMSD,Time (ps),36200,0.14348754,nm,nm
line,overlay,wt-homo-2,wt-homo-2,rmsd,h1sabu3b,h1sabu3b::RMSD,wt-homo-2 / RMSD,RMSD,Time (ps),36300,0.14009506,nm,nm
line,overlay,wt-homo-2,wt-homo-2,rmsd,h1sabu3b,h1sabu3b::RMSD,wt-homo-2 / RMSD,RMSD,Time (ps),36400,0.15819845,nm,nm
line,overlay,wt-homo-2,wt-homo-2,rmsd,h1sabu3b,h1sabu3b::RMSD,wt-homo-2 / RMSD,RMSD,Time (ps),36500,0.1668573,nm,nm
line,overlay,wt-homo-2,wt-homo-2,rmsd,h1sabu3b,h1sabu3b::RMSD,wt-homo-2 / RMSD,RMSD,Time (ps),36600,0.1651901,nm,nm
line,overlay,wt-homo-2,wt-homo-2,rmsd,h1sabu3b,h1sabu3b::RMSD,wt-homo-2 / RMSD,RMSD,Time (ps),36700,0.15430719,nm,nm
line,overlay,wt-homo-2,wt-homo-2,rmsd,h1sabu3b,h1sabu3b::RMSD,wt-homo-2 / RMSD,RMSD,Time (ps),36800,0.16571642,nm,nm
line,overlay,wt-homo-2,wt-homo-2,rmsd,h1sabu3b,h1sabu3b::RMSD,wt-homo-2 / RMSD,RMSD,Time (ps),36900,0.15089689,nm,nm
line,overlay,wt-homo-2,wt-homo-2,rmsd,h1sabu3b,h1sabu3b::RMSD,wt-homo-2 / RMSD,RMSD,Time (ps),37000,0.14757991,nm,nm
line,overlay,wt-homo-2,wt-homo-2,rmsd,h1sabu3b,h1sabu3b::RMSD,wt-homo-2 / RMSD,RMSD,Time (ps),37100,0.15517144,nm,nm
line,overlay,wt-homo-2,wt-homo-2,rmsd,h1sabu3b,h1sabu3b::RMSD,wt-homo-2 / RMSD,RMSD,Time (ps),37200,0.14295189,nm,nm
line,overlay,wt-homo-2,wt-homo-2,rmsd,h1sabu3b,h1sabu3b::RMSD,wt-homo-2 / RMSD,RMSD,Time (ps),37300,0.15437101,nm,nm
line,overlay,wt-homo-2,wt-homo-2,rmsd,h1sabu3b,h1sabu3b::RMSD,wt-homo-2 / RMSD,RMSD,Time (ps),37400,0.14983861,nm,nm
line,overlay,wt-homo-2,wt-homo-2,rmsd,h1sabu3b,h1sabu3b::RMSD,wt-homo-2 / RMSD,RMSD,Time (ps),37500,0.15206033,nm,nm
line,overlay,wt-homo-2,wt-homo-2,rmsd,h1sabu3b,h1sabu3b::RMSD,wt-homo-2 / RMSD,RMSD,Time (ps),37600,0.15269645,nm,nm
line,overlay,wt-homo-2,wt-homo-2,rmsd,h1sabu3b,h1sabu3b::RMSD,wt-homo-2 / RMSD,RMSD,Time (ps),37700,0.15909694,nm,nm
line,overlay,wt-homo-2,wt-homo-2,rmsd,h1sabu3b,h1sabu3b::RMSD,wt-homo-2 / RMSD,RMSD,Time (ps),37800,0.15319803,nm,nm
line,overlay,wt-homo-2,wt-homo-2,rmsd,h1sabu3b,h1sabu3b::RMSD,wt-homo-2 / RMSD,RMSD,Time (ps),37900,0.15234981,nm,nm
line,overlay,wt-homo-2,wt-homo-2,rmsd,h1sabu3b,h1sabu3b::RMSD,wt-homo-2 / RMSD,RMSD,Time (ps),38000,0.15285592,nm,nm
line,overlay,wt-homo-2,wt-homo-2,rmsd,h1sabu3b,h1sabu3b::RMSD,wt-homo-2 / RMSD,RMSD,Time (ps),38100,0.16657437,nm,nm
line,overlay,wt-homo-2,wt-homo-2,rmsd,h1sabu3b,h1sabu3b::RMSD,wt-homo-2 / RMSD,RMSD,Time (ps),38200,0.13632971,nm,nm
line,overlay,wt-homo-2,wt-homo-2,rmsd,h1sabu3b,h1sabu3b::RMSD,wt-homo-2 / RMSD,RMSD,Time (ps),38300,0.14966208,nm,nm
line,overlay,wt-homo-2,wt-homo-2,rmsd,h1sabu3b,h1sabu3b::RMSD,wt-homo-2 / RMSD,RMSD,Time (ps),38400,0.14088462,nm,nm
line,overlay,wt-homo-2,wt-homo-2,rmsd,h1sabu3b,h1sabu3b::RMSD,wt-homo-2 / RMSD,RMSD,Time (ps),38500,0.14346226,nm,nm
line,overlay,wt-homo-2,wt-homo-2,rmsd,h1sabu3b,h1sabu3b::RMSD,wt-homo-2 / RMSD,RMSD,Time (ps),38600,0.14225763,nm,nm
line,overlay,wt-homo-2,wt-homo-2,rmsd,h1sabu3b,h1sabu3b::RMSD,wt-homo-2 / RMSD,RMSD,Time (ps),38700,0.14903387,nm,nm
line,overlay,wt-homo-2,wt-homo-2,rmsd,h1sabu3b,h1sabu3b::RMSD,wt-homo-2 / RMSD,RMSD,Time (ps),38800,0.15915558,nm,nm
line,overlay,wt-homo-2,wt-homo-2,rmsd,h1sabu3b,h1sabu3b::RMSD,wt-homo-2 / RMSD,RMSD,Time (ps),38900,0.16017497,nm,nm
line,overlay,wt-homo-2,wt-homo-2,rmsd,h1sabu3b,h1sabu3b::RMSD,wt-homo-2 / RMSD,RMSD,Time (ps),39000,0.16650902,nm,nm
line,overlay,wt-homo-2,wt-homo-2,rmsd,h1sabu3b,h1sabu3b::RMSD,wt-homo-2 / RMSD,RMSD,Time (ps),39100,0.16146101,nm,nm
line,overlay,wt-homo-2,wt-homo-2,rmsd,h1sabu3b,h1sabu3b::RMSD,wt-homo-2 / RMSD,RMSD,Time (ps),39200,0.16949257,nm,nm
line,overlay,wt-homo-2,wt-homo-2,rmsd,h1sabu3b,h1sabu3b::RMSD,wt-homo-2 / RMSD,RMSD,Time (ps),39300,0.16739696,nm,nm
line,overlay,wt-homo-2,wt-homo-2,rmsd,h1sabu3b,h1sabu3b::RMSD,wt-homo-2 / RMSD,RMSD,Time (ps),39400,0.17166226,nm,nm
line,overlay,wt-homo-2,wt-homo-2,rmsd,h1sabu3b,h1sabu3b::RMSD,wt-homo-2 / RMSD,RMSD,Time (ps),39500,0.1691926,nm,nm
line,overlay,wt-homo-2,wt-homo-2,rmsd,h1sabu3b,h1sabu3b::RMSD,wt-homo-2 / RMSD,RMSD,Time (ps),39600,0.1692263,nm,nm
line,overlay,wt-homo-2,wt-homo-2,rmsd,h1sabu3b,h1sabu3b::RMSD,wt-homo-2 / RMSD,RMSD,Time (ps),39700,0.15626658,nm,nm
line,overlay,wt-homo-2,wt-homo-2,rmsd,h1sabu3b,h1sabu3b::RMSD,wt-homo-2 / RMSD,RMSD,Time (ps),39800,0.14532892,nm,nm
line,overlay,wt-homo-2,wt-homo-2,rmsd,h1sabu3b,h1sabu3b::RMSD,wt-homo-2 / RMSD,RMSD,Time (ps),39900,0.16028495,nm,nm
line,overlay,wt-homo-2,wt-homo-2,rmsd,h1sabu3b,h1sabu3b::RMSD,wt-homo-2 / RMSD,RMSD,Time (ps),40000,0.14210087,nm,nm
line,overlay,wt-homo-2,wt-homo-2,rmsd,h1sabu3b,h1sabu3b::RMSD,wt-homo-2 / RMSD,RMSD,Time (ps),40100,0.14645167,nm,nm
line,overlay,wt-homo-2,wt-homo-2,rmsd,h1sabu3b,h1sabu3b::RMSD,wt-homo-2 / RMSD,RMSD,Time (ps),40200,0.1511886,nm,nm
line,overlay,wt-homo-2,wt-homo-2,rmsd,h1sabu3b,h1sabu3b::RMSD,wt-homo-2 / RMSD,RMSD,Time (ps),40300,0.15190004,nm,nm
line,overlay,wt-homo-2,wt-homo-2,rmsd,h1sabu3b,h1sabu3b::RMSD,wt-homo-2 / RMSD,RMSD,Time (ps),40400,0.1537182,nm,nm
line,overlay,wt-homo-2,wt-homo-2,rmsd,h1sabu3b,h1sabu3b::RMSD,wt-homo-2 / RMSD,RMSD,Time (ps),40500,0.15471646,nm,nm
line,overlay,wt-homo-2,wt-homo-2,rmsd,h1sabu3b,h1sabu3b::RMSD,wt-homo-2 / RMSD,RMSD,Time (ps),40600,0.1684311,nm,nm
line,overlay,wt-homo-2,wt-homo-2,rmsd,h1sabu3b,h1sabu3b::RMSD,wt-homo-2 / RMSD,RMSD,Time (ps),40700,0.15663435,nm,nm
line,overlay,wt-homo-2,wt-homo-2,rmsd,h1sabu3b,h1sabu3b::RMSD,wt-homo-2 / RMSD,RMSD,Time (ps),40800,0.16939162,nm,nm
line,overlay,wt-homo-2,wt-homo-2,rmsd,h1sabu3b,h1sabu3b::RMSD,wt-homo-2 / RMSD,RMSD,Time (ps),40900,0.15477677,nm,nm
line,overlay,wt-homo-2,wt-homo-2,rmsd,h1sabu3b,h1sabu3b::RMSD,wt-homo-2 / RMSD,RMSD,Time (ps),41000,0.1523294,nm,nm
line,overlay,wt-homo-2,wt-homo-2,rmsd,h1sabu3b,h1sabu3b::RMSD,wt-homo-2 / RMSD,RMSD,Time (ps),41100,0.13853611,nm,nm
line,overlay,wt-homo-2,wt-homo-2,rmsd,h1sabu3b,h1sabu3b::RMSD,wt-homo-2 / RMSD,RMSD,Time (ps),41200,0.15108226,nm,nm
line,overlay,wt-homo-2,wt-homo-2,rmsd,h1sabu3b,h1sabu3b::RMSD,wt-homo-2 / RMSD,RMSD,Time (ps),41300,0.18493356,nm,nm
line,overlay,wt-homo-2,wt-homo-2,rmsd,h1sabu3b,h1sabu3b::RMSD,wt-homo-2 / RMSD,RMSD,Time (ps),41400,0.18955384,nm,nm
line,overlay,wt-homo-2,wt-homo-2,rmsd,h1sabu3b,h1sabu3b::RMSD,wt-homo-2 / RMSD,RMSD,Time (ps),41500,0.17967632,nm,nm
line,overlay,wt-homo-2,wt-homo-2,rmsd,h1sabu3b,h1sabu3b::RMSD,wt-homo-2 / RMSD,RMSD,Time (ps),41600,0.16965152,nm,nm
line,overlay,wt-homo-2,wt-homo-2,rmsd,h1sabu3b,h1sabu3b::RMSD,wt-homo-2 / RMSD,RMSD,Time (ps),41700,0.16777432,nm,nm
line,overlay,wt-homo-2,wt-homo-2,rmsd,h1sabu3b,h1sabu3b::RMSD,wt-homo-2 / RMSD,RMSD,Time (ps),41800,0.14871006,nm,nm
line,overlay,wt-homo-2,wt-homo-2,rmsd,h1sabu3b,h1sabu3b::RMSD,wt-homo-2 / RMSD,RMSD,Time (ps),41900,0.15581813,nm,nm
line,overlay,wt-homo-2,wt-homo-2,rmsd,h1sabu3b,h1sabu3b::RMSD,wt-homo-2 / RMSD,RMSD,Time (ps),42000,0.16481628,nm,nm
line,overlay,wt-homo-2,wt-homo-2,rmsd,h1sabu3b,h1sabu3b::RMSD,wt-homo-2 / RMSD,RMSD,Time (ps),42100,0.18453512,nm,nm
line,overlay,wt-homo-2,wt-homo-2,rmsd,h1sabu3b,h1sabu3b::RMSD,wt-homo-2 / RMSD,RMSD,Time (ps),42200,0.1610399,nm,nm
line,overlay,wt-homo-2,wt-homo-2,rmsd,h1sabu3b,h1sabu3b::RMSD,wt-homo-2 / RMSD,RMSD,Time (ps),42300,0.16547853,nm,nm
line,overlay,wt-homo-2,wt-homo-2,rmsd,h1sabu3b,h1sabu3b::RMSD,wt-homo-2 / RMSD,RMSD,Time (ps),42400,0.16710564,nm,nm
line,overlay,wt-homo-2,wt-homo-2,rmsd,h1sabu3b,h1sabu3b::RMSD,wt-homo-2 / RMSD,RMSD,Time (ps),42500,0.16571955,nm,nm
line,overlay,wt-homo-2,wt-homo-2,rmsd,h1sabu3b,h1sabu3b::RMSD,wt-homo-2 / RMSD,RMSD,Time (ps),42600,0.1578179,nm,nm
line,overlay,wt-homo-2,wt-homo-2,rmsd,h1sabu3b,h1sabu3b::RMSD,wt-homo-2 / RMSD,RMSD,Time (ps),42700,0.14750613,nm,nm
line,overlay,wt-homo-2,wt-homo-2,rmsd,h1sabu3b,h1sabu3b::RMSD,wt-homo-2 / RMSD,RMSD,Time (ps),42800,0.15502104,nm,nm
line,overlay,wt-homo-2,wt-homo-2,rmsd,h1sabu3b,h1sabu3b::RMSD,wt-homo-2 / RMSD,RMSD,Time (ps),42900,0.15615709,nm,nm
line,overlay,wt-homo-2,wt-homo-2,rmsd,h1sabu3b,h1sabu3b::RMSD,wt-homo-2 / RMSD,RMSD,Time (ps),43000,0.15571165,nm,nm
line,overlay,wt-homo-2,wt-homo-2,rmsd,h1sabu3b,h1sabu3b::RMSD,wt-homo-2 / RMSD,RMSD,Time (ps),43100,0.15287966,nm,nm
line,overlay,wt-homo-2,wt-homo-2,rmsd,h1sabu3b,h1sabu3b::RMSD,wt-homo-2 / RMSD,RMSD,Time (ps),43200,0.1506528,nm,nm
line,overlay,wt-homo-2,wt-homo-2,rmsd,h1sabu3b,h1sabu3b::RMSD,wt-homo-2 / RMSD,RMSD,Time (ps),43300,0.15648867,nm,nm
line,overlay,wt-homo-2,wt-homo-2,rmsd,h1sabu3b,h1sabu3b::RMSD,wt-homo-2 / RMSD,RMSD,Time (ps),43400,0.15718602,nm,nm
line,overlay,wt-homo-2,wt-homo-2,rmsd,h1sabu3b,h1sabu3b::RMSD,wt-homo-2 / RMSD,RMSD,Time (ps),43500,0.15767004,nm,nm
line,overlay,wt-homo-2,wt-homo-2,rmsd,h1sabu3b,h1sabu3b::RMSD,wt-homo-2 / RMSD,RMSD,Time (ps),43600,0.15149342,nm,nm
line,overlay,wt-homo-2,wt-homo-2,rmsd,h1sabu3b,h1sabu3b::RMSD,wt-homo-2 / RMSD,RMSD,Time (ps),43700,0.14005436,nm,nm
line,overlay,wt-homo-2,wt-homo-2,rmsd,h1sabu3b,h1sabu3b::RMSD,wt-homo-2 / RMSD,RMSD,Time (ps),43800,0.1552616,nm,nm
line,overlay,wt-homo-2,wt-homo-2,rmsd,h1sabu3b,h1sabu3b::RMSD,wt-homo-2 / RMSD,RMSD,Time (ps),43900,0.16107209,nm,nm
line,overlay,wt-homo-2,wt-homo-2,rmsd,h1sabu3b,h1sabu3b::RMSD,wt-homo-2 / RMSD,RMSD,Time (ps),44000,0.14967592,nm,nm
line,overlay,wt-homo-2,wt-homo-2,rmsd,h1sabu3b,h1sabu3b::RMSD,wt-homo-2 / RMSD,RMSD,Time (ps),44100,0.14254884,nm,nm
line,overlay,wt-homo-2,wt-homo-2,rmsd,h1sabu3b,h1sabu3b::RMSD,wt-homo-2 / RMSD,RMSD,Time (ps),44200,0.13856229,nm,nm
line,overlay,wt-homo-2,wt-homo-2,rmsd,h1sabu3b,h1sabu3b::RMSD,wt-homo-2 / RMSD,RMSD,Time (ps),44300,0.1302435,nm,nm
line,overlay,wt-homo-2,wt-homo-2,rmsd,h1sabu3b,h1sabu3b::RMSD,wt-homo-2 / RMSD,RMSD,Time (ps),44400,0.13799626,nm,nm
line,overlay,wt-homo-2,wt-homo-2,rmsd,h1sabu3b,h1sabu3b::RMSD,wt-homo-2 / RMSD,RMSD,Time (ps),44500,0.14596952,nm,nm
line,overlay,wt-homo-2,wt-homo-2,rmsd,h1sabu3b,h1sabu3b::RMSD,wt-homo-2 / RMSD,RMSD,Time (ps),44600,0.14020601,nm,nm
line,overlay,wt-homo-2,wt-homo-2,rmsd,h1sabu3b,h1sabu3b::RMSD,wt-homo-2 / RMSD,RMSD,Time (ps),44700,0.1560176,nm,nm
line,overlay,wt-homo-2,wt-homo-2,rmsd,h1sabu3b,h1sabu3b::RMSD,wt-homo-2 / RMSD,RMSD,Time (ps),44800,0.14408237,nm,nm
line,overlay,wt-homo-2,wt-homo-2,rmsd,h1sabu3b,h1sabu3b::RMSD,wt-homo-2 / RMSD,RMSD,Time (ps),44900,0.14296639,nm,nm
line,overlay,wt-homo-2,wt-homo-2,rmsd,h1sabu3b,h1sabu3b::RMSD,wt-homo-2 / RMSD,RMSD,Time (ps),45000,0.14311497,nm,nm
line,overlay,wt-homo-2,wt-homo-2,rmsd,h1sabu3b,h1sabu3b::RMSD,wt-homo-2 / RMSD,RMSD,Time (ps),45100,0.14213006,nm,nm
line,overlay,wt-homo-2,wt-homo-2,rmsd,h1sabu3b,h1sabu3b::RMSD,wt-homo-2 / RMSD,RMSD,Time (ps),45200,0.16560066,nm,nm
line,overlay,wt-homo-2,wt-homo-2,rmsd,h1sabu3b,h1sabu3b::RMSD,wt-homo-2 / RMSD,RMSD,Time (ps),45300,0.1605951,nm,nm
line,overlay,wt-homo-2,wt-homo-2,rmsd,h1sabu3b,h1sabu3b::RMSD,wt-homo-2 / RMSD,RMSD,Time (ps),45400,0.15376878,nm,nm
line,overlay,wt-homo-2,wt-homo-2,rmsd,h1sabu3b,h1sabu3b::RMSD,wt-homo-2 / RMSD,RMSD,Time (ps),45500,0.15910345,nm,nm
line,overlay,wt-homo-2,wt-homo-2,rmsd,h1sabu3b,h1sabu3b::RMSD,wt-homo-2 / RMSD,RMSD,Time (ps),45600,0.15762071,nm,nm
line,overlay,wt-homo-2,wt-homo-2,rmsd,h1sabu3b,h1sabu3b::RMSD,wt-homo-2 / RMSD,RMSD,Time (ps),45700,0.1648823,nm,nm
line,overlay,wt-homo-2,wt-homo-2,rmsd,h1sabu3b,h1sabu3b::RMSD,wt-homo-2 / RMSD,RMSD,Time (ps),45800,0.16739696,nm,nm
line,overlay,wt-homo-2,wt-homo-2,rmsd,h1sabu3b,h1sabu3b::RMSD,wt-homo-2 / RMSD,RMSD,Time (ps),45900,0.18393302,nm,nm
line,overlay,wt-homo-2,wt-homo-2,rmsd,h1sabu3b,h1sabu3b::RMSD,wt-homo-2 / RMSD,RMSD,Time (ps),46000,0.18873718,nm,nm
line,overlay,wt-homo-2,wt-homo-2,rmsd,h1sabu3b,h1sabu3b::RMSD,wt-homo-2 / RMSD,RMSD,Time (ps),46100,0.16212739,nm,nm
line,overlay,wt-homo-2,wt-homo-2,rmsd,h1sabu3b,h1sabu3b::RMSD,wt-homo-2 / RMSD,RMSD,Time (ps),46200,0.18652436,nm,nm
line,overlay,wt-homo-2,wt-homo-2,rmsd,h1sabu3b,h1sabu3b::RMSD,wt-homo-2 / RMSD,RMSD,Time (ps),46300,0.18110158,nm,nm
line,overlay,wt-homo-2,wt-homo-2,rmsd,h1sabu3b,h1sabu3b::RMSD,wt-homo-2 / RMSD,RMSD,Time (ps),46400,0.17797776,nm,nm
line,overlay,wt-homo-2,wt-homo-2,rmsd,h1sabu3b,h1sabu3b::RMSD,wt-homo-2 / RMSD,RMSD,Time (ps),46500,0.17543156,nm,nm
line,overlay,wt-homo-2,wt-homo-2,rmsd,h1sabu3b,h1sabu3b::RMSD,wt-homo-2 / RMSD,RMSD,Time (ps),46600,0.18155323,nm,nm
line,overlay,wt-homo-2,wt-homo-2,rmsd,h1sabu3b,h1sabu3b::RMSD,wt-homo-2 / RMSD,RMSD,Time (ps),46700,0.18625182,nm,nm
line,overlay,wt-homo-2,wt-homo-2,rmsd,h1sabu3b,h1sabu3b::RMSD,wt-homo-2 / RMSD,RMSD,Time (ps),46800,0.16828331,nm,nm
line,overlay,wt-homo-2,wt-homo-2,rmsd,h1sabu3b,h1sabu3b::RMSD,wt-homo-2 / RMSD,RMSD,Time (ps),46900,0.18711534,nm,nm
line,overlay,wt-homo-2,wt-homo-2,rmsd,h1sabu3b,h1sabu3b::RMSD,wt-homo-2 / RMSD,RMSD,Time (ps),47000,0.17345855,nm,nm
line,overlay,wt-homo-2,wt-homo-2,rmsd,h1sabu3b,h1sabu3b::RMSD,wt-homo-2 / RMSD,RMSD,Time (ps),47100,0.16716146,nm,nm
line,overlay,wt-homo-2,wt-homo-2,rmsd,h1sabu3b,h1sabu3b::RMSD,wt-homo-2 / RMSD,RMSD,Time (ps),47200,0.16867405,nm,nm
line,overlay,wt-homo-2,wt-homo-2,rmsd,h1sabu3b,h1sabu3b::RMSD,wt-homo-2 / RMSD,RMSD,Time (ps),47300,0.1680182,nm,nm
line,overlay,wt-homo-2,wt-homo-2,rmsd,h1sabu3b,h1sabu3b::RMSD,wt-homo-2 / RMSD,RMSD,Time (ps),47400,0.1775024,nm,nm
line,overlay,wt-homo-2,wt-homo-2,rmsd,h1sabu3b,h1sabu3b::RMSD,wt-homo-2 / RMSD,RMSD,Time (ps),47500,0.16795342,nm,nm
line,overlay,wt-homo-2,wt-homo-2,rmsd,h1sabu3b,h1sabu3b::RMSD,wt-homo-2 / RMSD,RMSD,Time (ps),47600,0.15861075,nm,nm
line,overlay,wt-homo-2,wt-homo-2,rmsd,h1sabu3b,h1sabu3b::RMSD,wt-homo-2 / RMSD,RMSD,Time (ps),47700,0.17379889,nm,nm
line,overlay,wt-homo-2,wt-homo-2,rmsd,h1sabu3b,h1sabu3b::RMSD,wt-homo-2 / RMSD,RMSD,Time (ps),47800,0.18177295,nm,nm
line,overlay,wt-homo-2,wt-homo-2,rmsd,h1sabu3b,h1sabu3b::RMSD,wt-homo-2 / RMSD,RMSD,Time (ps),47900,0.18576136,nm,nm
line,overlay,wt-homo-2,wt-homo-2,rmsd,h1sabu3b,h1sabu3b::RMSD,wt-homo-2 / RMSD,RMSD,Time (ps),48000,0.1937059,nm,nm
line,overlay,wt-homo-2,wt-homo-2,rmsd,h1sabu3b,h1sabu3b::RMSD,wt-homo-2 / RMSD,RMSD,Time (ps),48100,0.1714447,nm,nm
line,overlay,wt-homo-2,wt-homo-2,rmsd,h1sabu3b,h1sabu3b::RMSD,wt-homo-2 / RMSD,RMSD,Time (ps),48200,0.17321932,nm,nm
line,overlay,wt-homo-2,wt-homo-2,rmsd,h1sabu3b,h1sabu3b::RMSD,wt-homo-2 / RMSD,RMSD,Time (ps),48300,0.17695546,nm,nm
line,overlay,wt-homo-2,wt-homo-2,rmsd,h1sabu3b,h1sabu3b::RMSD,wt-homo-2 / RMSD,RMSD,Time (ps),48400,0.18088105,nm,nm
line,overlay,wt-homo-2,wt-homo-2,rmsd,h1sabu3b,h1sabu3b::RMSD,wt-homo-2 / RMSD,RMSD,Time (ps),48500,0.16598208,nm,nm
line,overlay,wt-homo-2,wt-homo-2,rmsd,h1sabu3b,h1sabu3b::RMSD,wt-homo-2 / RMSD,RMSD,Time (ps),48600,0.18618779,nm,nm
line,overlay,wt-homo-2,wt-homo-2,rmsd,h1sabu3b,h1sabu3b::RMSD,wt-homo-2 / RMSD,RMSD,Time (ps),48700,0.1789102,nm,nm
line,overlay,wt-homo-2,wt-homo-2,rmsd,h1sabu3b,h1sabu3b::RMSD,wt-homo-2 / RMSD,RMSD,Time (ps),48800,0.17012444,nm,nm
line,overlay,wt-homo-2,wt-homo-2,rmsd,h1sabu3b,h1sabu3b::RMSD,wt-homo-2 / RMSD,RMSD,Time (ps),48900,0.17892468,nm,nm
line,overlay,wt-homo-2,wt-homo-2,rmsd,h1sabu3b,h1sabu3b::RMSD,wt-homo-2 / RMSD,RMSD,Time (ps),49000,0.18346462,nm,nm
line,overlay,wt-homo-2,wt-homo-2,rmsd,h1sabu3b,h1sabu3b::RMSD,wt-homo-2 / RMSD,RMSD,Time (ps),49100,0.18355219,nm,nm
line,overlay,wt-homo-2,wt-homo-2,rmsd,h1sabu3b,h1sabu3b::RMSD,wt-homo-2 / RMSD,RMSD,Time (ps),49200,0.18810996,nm,nm
line,overlay,wt-homo-2,wt-homo-2,rmsd,h1sabu3b,h1sabu3b::RMSD,wt-homo-2 / RMSD,RMSD,Time (ps),49300,0.19454166,nm,nm
line,overlay,wt-homo-2,wt-homo-2,rmsd,h1sabu3b,h1sabu3b::RMSD,wt-homo-2 / RMSD,RMSD,Time (ps),49400,0.16790712,nm,nm
line,overlay,wt-homo-2,wt-homo-2,rmsd,h1sabu3b,h1sabu3b::RMSD,wt-homo-2 / RMSD,RMSD,Time (ps),49500,0.17209652,nm,nm
line,overlay,wt-homo-2,wt-homo-2,rmsd,h1sabu3b,h1sabu3b::RMSD,wt-homo-2 / RMSD,RMSD,Time (ps),49600,0.186288,nm,nm
line,overlay,wt-homo-2,wt-homo-2,rmsd,h1sabu3b,h1sabu3b::RMSD,wt-homo-2 / RMSD,RMSD,Time (ps),49700,0.1814247,nm,nm
line,overlay,wt-homo-2,wt-homo-2,rmsd,h1sabu3b,h1sabu3b::RMSD,wt-homo-2 / RMSD,RMSD,Time (ps),49800,0.17504999,nm,nm
line,overlay,wt-homo-2,wt-homo-2,rmsd,h1sabu3b,h1sabu3b::RMSD,wt-homo-2 / RMSD,RMSD,Time (ps),49900,0.18231963,nm,nm
line,overlay,wt-homo-2,wt-homo-2,rmsd,h1sabu3b,h1sabu3b::RMSD,wt-homo-2 / RMSD,RMSD,Time (ps),50000,0.19425103,nm,nm
line,overlay,wt-homo-2,wt-homo-2,rmsd,h1sabu3b,h1sabu3b::RMSD,wt-homo-2 / RMSD,RMSD,Time (ps),50100,0.18307431,nm,nm
line,overlay,wt-homo-2,wt-homo-2,rmsd,h1sabu3b,h1sabu3b::RMSD,wt-homo-2 / RMSD,RMSD,Time (ps),50200,0.18823668,nm,nm
line,overlay,wt-homo-2,wt-homo-2,rmsd,h1sabu3b,h1sabu3b::RMSD,wt-homo-2 / RMSD,RMSD,Time (ps),50300,0.18562737,nm,nm
line,overlay,wt-homo-2,wt-homo-2,rmsd,h1sabu3b,h1sabu3b::RMSD,wt-homo-2 / RMSD,RMSD,Time (ps),50400,0.17733586,nm,nm
line,overlay,wt-homo-2,wt-homo-2,rmsd,h1sabu3b,h1sabu3b::RMSD,wt-homo-2 / RMSD,RMSD,Time (ps),50500,0.18468675,nm,nm
line,overlay,wt-homo-2,wt-homo-2,rmsd,h1sabu3b,h1sabu3b::RMSD,wt-homo-2 / RMSD,RMSD,Time (ps),50600,0.20587641,nm,nm
line,overlay,wt-homo-2,wt-homo-2,rmsd,h1sabu3b,h1sabu3b::RMSD,wt-homo-2 / RMSD,RMSD,Time (ps),50700,0.19233903,nm,nm
line,overlay,wt-homo-2,wt-homo-2,rmsd,h1sabu3b,h1sabu3b::RMSD,wt-homo-2 / RMSD,RMSD,Time (ps),50800,0.21400197,nm,nm
line,overlay,wt-homo-2,wt-homo-2,rmsd,h1sabu3b,h1sabu3b::RMSD,wt-homo-2 / RMSD,RMSD,Time (ps),50900,0.19383699,nm,nm
line,overlay,wt-homo-2,wt-homo-2,rmsd,h1sabu3b,h1sabu3b::RMSD,wt-homo-2 / RMSD,RMSD,Time (ps),51000,0.18995813,nm,nm
line,overlay,wt-homo-2,wt-homo-2,rmsd,h1sabu3b,h1sabu3b::RMSD,wt-homo-2 / RMSD,RMSD,Time (ps),51100,0.18229404,nm,nm
line,overlay,wt-homo-2,wt-homo-2,rmsd,h1sabu3b,h1sabu3b::RMSD,wt-homo-2 / RMSD,RMSD,Time (ps),51200,0.17911868,nm,nm
line,overlay,wt-homo-2,wt-homo-2,rmsd,h1sabu3b,h1sabu3b::RMSD,wt-homo-2 / RMSD,RMSD,Time (ps),51300,0.17608334,nm,nm
line,overlay,wt-homo-2,wt-homo-2,rmsd,h1sabu3b,h1sabu3b::RMSD,wt-homo-2 / RMSD,RMSD,Time (ps),51400,0.18845685,nm,nm
line,overlay,wt-homo-2,wt-homo-2,rmsd,h1sabu3b,h1sabu3b::RMSD,wt-homo-2 / RMSD,RMSD,Time (ps),51500,0.18631025,nm,nm
line,overlay,wt-homo-2,wt-homo-2,rmsd,h1sabu3b,h1sabu3b::RMSD,wt-homo-2 / RMSD,RMSD,Time (ps),51600,0.18266615,nm,nm
line,overlay,wt-homo-2,wt-homo-2,rmsd,h1sabu3b,h1sabu3b::RMSD,wt-homo-2 / RMSD,RMSD,Time (ps),51700,0.1848831,nm,nm
line,overlay,wt-homo-2,wt-homo-2,rmsd,h1sabu3b,h1sabu3b::RMSD,wt-homo-2 / RMSD,RMSD,Time (ps),51800,0.18577252,nm,nm
line,overlay,wt-homo-2,wt-homo-2,rmsd,h1sabu3b,h1sabu3b::RMSD,wt-homo-2 / RMSD,RMSD,Time (ps),51900,0.17620105,nm,nm
line,overlay,wt-homo-2,wt-homo-2,rmsd,h1sabu3b,h1sabu3b::RMSD,wt-homo-2 / RMSD,RMSD,Time (ps),52000,0.17691445,nm,nm
line,overlay,wt-homo-2,wt-homo-2,rmsd,h1sabu3b,h1sabu3b::RMSD,wt-homo-2 / RMSD,RMSD,Time (ps),52100,0.17564121,nm,nm
line,overlay,wt-homo-2,wt-homo-2,rmsd,h1sabu3b,h1sabu3b::RMSD,wt-homo-2 / RMSD,RMSD,Time (ps),52200,0.17221695,nm,nm
line,overlay,wt-homo-2,wt-homo-2,rmsd,h1sabu3b,h1sabu3b::RMSD,wt-homo-2 / RMSD,RMSD,Time (ps),52300,0.16672368,nm,nm
line,overlay,wt-homo-2,wt-homo-2,rmsd,h1sabu3b,h1sabu3b::RMSD,wt-homo-2 / RMSD,RMSD,Time (ps),52400,0.17836468,nm,nm
line,overlay,wt-homo-2,wt-homo-2,rmsd,h1sabu3b,h1sabu3b::RMSD,wt-homo-2 / RMSD,RMSD,Time (ps),52500,0.16945587,nm,nm
line,overlay,wt-homo-2,wt-homo-2,rmsd,h1sabu3b,h1sabu3b::RMSD,wt-homo-2 / RMSD,RMSD,Time (ps),52600,0.17942227,nm,nm
line,overlay,wt-homo-2,wt-homo-2,rmsd,h1sabu3b,h1sabu3b::RMSD,wt-homo-2 / RMSD,RMSD,Time (ps),52700,0.18777072,nm,nm
line,overlay,wt-homo-2,wt-homo-2,rmsd,h1sabu3b,h1sabu3b::RMSD,wt-homo-2 / RMSD,RMSD,Time (ps),52800,0.17346752,nm,nm
line,overlay,wt-homo-2,wt-homo-2,rmsd,h1sabu3b,h1sabu3b::RMSD,wt-homo-2 / RMSD,RMSD,Time (ps),52900,0.1796417,nm,nm
line,overlay,wt-homo-2,wt-homo-2,rmsd,h1sabu3b,h1sabu3b::RMSD,wt-homo-2 / RMSD,RMSD,Time (ps),53000,0.20496295,nm,nm
line,overlay,wt-homo-2,wt-homo-2,rmsd,h1sabu3b,h1sabu3b::RMSD,wt-homo-2 / RMSD,RMSD,Time (ps),53100,0.19793326,nm,nm
line,overlay,wt-homo-2,wt-homo-2,rmsd,h1sabu3b,h1sabu3b::RMSD,wt-homo-2 / RMSD,RMSD,Time (ps),53200,0.19193976,nm,nm
line,overlay,wt-homo-2,wt-homo-2,rmsd,h1sabu3b,h1sabu3b::RMSD,wt-homo-2 / RMSD,RMSD,Time (ps),53300,0.19039422,nm,nm
line,overlay,wt-homo-2,wt-homo-2,rmsd,h1sabu3b,h1sabu3b::RMSD,wt-homo-2 / RMSD,RMSD,Time (ps),53400,0.19101393,nm,nm
line,overlay,wt-homo-2,wt-homo-2,rmsd,h1sabu3b,h1sabu3b::RMSD,wt-homo-2 / RMSD,RMSD,Time (ps),53500,0.17711358,nm,nm
line,overlay,wt-homo-2,wt-homo-2,rmsd,h1sabu3b,h1sabu3b::RMSD,wt-homo-2 / RMSD,RMSD,Time (ps),53600,0.18448456,nm,nm
line,overlay,wt-homo-2,wt-homo-2,rmsd,h1sabu3b,h1sabu3b::RMSD,wt-homo-2 / RMSD,RMSD,Time (ps),53700,0.17443596,nm,nm
line,overlay,wt-homo-2,wt-homo-2,rmsd,h1sabu3b,h1sabu3b::RMSD,wt-homo-2 / RMSD,RMSD,Time (ps),53800,0.17579757,nm,nm
line,overlay,wt-homo-2,wt-homo-2,rmsd,h1sabu3b,h1sabu3b::RMSD,wt-homo-2 / RMSD,RMSD,Time (ps),53900,0.18738939,nm,nm
line,overlay,wt-homo-2,wt-homo-2,rmsd,h1sabu3b,h1sabu3b::RMSD,wt-homo-2 / RMSD,RMSD,Time (ps),54000,0.1808094,nm,nm
line,overlay,wt-homo-2,wt-homo-2,rmsd,h1sabu3b,h1sabu3b::RMSD,wt-homo-2 / RMSD,RMSD,Time (ps),54100,0.19444306,nm,nm
line,overlay,wt-homo-2,wt-homo-2,rmsd,h1sabu3b,h1sabu3b::RMSD,wt-homo-2 / RMSD,RMSD,Time (ps),54200,0.1780884,nm,nm
line,overlay,wt-homo-2,wt-homo-2,rmsd,h1sabu3b,h1sabu3b::RMSD,wt-homo-2 / RMSD,RMSD,Time (ps),54300,0.19043778,nm,nm
line,overlay,wt-homo-2,wt-homo-2,rmsd,h1sabu3b,h1sabu3b::RMSD,wt-homo-2 / RMSD,RMSD,Time (ps),54400,0.17850411,nm,nm
line,overlay,wt-homo-2,wt-homo-2,rmsd,h1sabu3b,h1sabu3b::RMSD,wt-homo-2 / RMSD,RMSD,Time (ps),54500,0.1676105,nm,nm
line,overlay,wt-homo-2,wt-homo-2,rmsd,h1sabu3b,h1sabu3b::RMSD,wt-homo-2 / RMSD,RMSD,Time (ps),54600,0.17300373,nm,nm
line,overlay,wt-homo-2,wt-homo-2,rmsd,h1sabu3b,h1sabu3b::RMSD,wt-homo-2 / RMSD,RMSD,Time (ps),54700,0.18803279,nm,nm
line,overlay,wt-homo-2,wt-homo-2,rmsd,h1sabu3b,h1sabu3b::RMSD,wt-homo-2 / RMSD,RMSD,Time (ps),54800,0.18651325,nm,nm
line,overlay,wt-homo-2,wt-homo-2,rmsd,h1sabu3b,h1sabu3b::RMSD,wt-homo-2 / RMSD,RMSD,Time (ps),54900,0.19246835,nm,nm
line,overlay,wt-homo-2,wt-homo-2,rmsd,h1sabu3b,h1sabu3b::RMSD,wt-homo-2 / RMSD,RMSD,Time (ps),55000,0.18989807,nm,nm
line,overlay,wt-homo-2,wt-homo-2,rmsd,h1sabu3b,h1sabu3b::RMSD,wt-homo-2 / RMSD,RMSD,Time (ps),55100,0.18414427,nm,nm
line,overlay,wt-homo-2,wt-homo-2,rmsd,h1sabu3b,h1sabu3b::RMSD,wt-homo-2 / RMSD,RMSD,Time (ps),55200,0.18414427,nm,nm
line,overlay,wt-homo-2,wt-homo-2,rmsd,h1sabu3b,h1sabu3b::RMSD,wt-homo-2 / RMSD,RMSD,Time (ps),55300,0.16673921,nm,nm
line,overlay,wt-homo-2,wt-homo-2,rmsd,h1sabu3b,h1sabu3b::RMSD,wt-homo-2 / RMSD,RMSD,Time (ps),55400,0.16922323,nm,nm
line,overlay,wt-homo-2,wt-homo-2,rmsd,h1sabu3b,h1sabu3b::RMSD,wt-homo-2 / RMSD,RMSD,Time (ps),55500,0.17677376,nm,nm
line,overlay,wt-homo-2,wt-homo-2,rmsd,h1sabu3b,h1sabu3b::RMSD,wt-homo-2 / RMSD,RMSD,Time (ps),55600,0.18761884,nm,nm
line,overlay,wt-homo-2,wt-homo-2,rmsd,h1sabu3b,h1sabu3b::RMSD,wt-homo-2 / RMSD,RMSD,Time (ps),55700,0.17910999,nm,nm
line,overlay,wt-homo-2,wt-homo-2,rmsd,h1sabu3b,h1sabu3b::RMSD,wt-homo-2 / RMSD,RMSD,Time (ps),55800,0.17678842,nm,nm
line,overlay,wt-homo-2,wt-homo-2,rmsd,h1sabu3b,h1sabu3b::RMSD,wt-homo-2 / RMSD,RMSD,Time (ps),55900,0.18068321,nm,nm
line,overlay,wt-homo-2,wt-homo-2,rmsd,h1sabu3b,h1sabu3b::RMSD,wt-homo-2 / RMSD,RMSD,Time (ps),56000,0.19530222,nm,nm
line,overlay,wt-homo-2,wt-homo-2,rmsd,h1sabu3b,h1sabu3b::RMSD,wt-homo-2 / RMSD,RMSD,Time (ps),56100,0.19278318,nm,nm
line,overlay,wt-homo-2,wt-homo-2,rmsd,h1sabu3b,h1sabu3b::RMSD,wt-homo-2 / RMSD,RMSD,Time (ps),56200,0.20478585,nm,nm
line,overlay,wt-homo-2,wt-homo-2,rmsd,h1sabu3b,h1sabu3b::RMSD,wt-homo-2 / RMSD,RMSD,Time (ps),56300,0.205627,nm,nm
line,overlay,wt-homo-2,wt-homo-2,rmsd,h1sabu3b,h1sabu3b::RMSD,wt-homo-2 / RMSD,RMSD,Time (ps),56400,0.20571521,nm,nm
line,overlay,wt-homo-2,wt-homo-2,rmsd,h1sabu3b,h1sabu3b::RMSD,wt-homo-2 / RMSD,RMSD,Time (ps),56500,0.21896553,nm,nm
line,overlay,wt-homo-2,wt-homo-2,rmsd,h1sabu3b,h1sabu3b::RMSD,wt-homo-2 / RMSD,RMSD,Time (ps),56600,0.22218032,nm,nm
line,overlay,wt-homo-2,wt-homo-2,rmsd,h1sabu3b,h1sabu3b::RMSD,wt-homo-2 / RMSD,RMSD,Time (ps),56700,0.22587769,nm,nm
line,overlay,wt-homo-2,wt-homo-2,rmsd,h1sabu3b,h1sabu3b::RMSD,wt-homo-2 / RMSD,RMSD,Time (ps),56800,0.23221202,nm,nm
line,overlay,wt-homo-2,wt-homo-2,rmsd,h1sabu3b,h1sabu3b::RMSD,wt-homo-2 / RMSD,RMSD,Time (ps),56900,0.22481729,nm,nm
line,overlay,wt-homo-2,wt-homo-2,rmsd,h1sabu3b,h1sabu3b::RMSD,wt-homo-2 / RMSD,RMSD,Time (ps),57000,0.20889322,nm,nm
line,overlay,wt-homo-2,wt-homo-2,rmsd,h1sabu3b,h1sabu3b::RMSD,wt-homo-2 / RMSD,RMSD,Time (ps),57100,0.21234119,nm,nm
line,overlay,wt-homo-2,wt-homo-2,rmsd,h1sabu3b,h1sabu3b::RMSD,wt-homo-2 / RMSD,RMSD,Time (ps),57200,0.19414693,nm,nm
line,overlay,wt-homo-2,wt-homo-2,rmsd,h1sabu3b,h1sabu3b::RMSD,wt-homo-2 / RMSD,RMSD,Time (ps),57300,0.2099427,nm,nm
line,overlay,wt-homo-2,wt-homo-2,rmsd,h1sabu3b,h1sabu3b::RMSD,wt-homo-2 / RMSD,RMSD,Time (ps),57400,0.20745651,nm,nm
line,overlay,wt-homo-2,wt-homo-2,rmsd,h1sabu3b,h1sabu3b::RMSD,wt-homo-2 / RMSD,RMSD,Time (ps),57500,0.2084461,nm,nm
line,overlay,wt-homo-2,wt-homo-2,rmsd,h1sabu3b,h1sabu3b::RMSD,wt-homo-2 / RMSD,RMSD,Time (ps),57600,0.20431705,nm,nm
line,overlay,wt-homo-2,wt-homo-2,rmsd,h1sabu3b,h1sabu3b::RMSD,wt-homo-2 / RMSD,RMSD,Time (ps),57700,0.20154822,nm,nm
line,overlay,wt-homo-2,wt-homo-2,rmsd,h1sabu3b,h1sabu3b::RMSD,wt-homo-2 / RMSD,RMSD,Time (ps),57800,0.21313307,nm,nm
line,overlay,wt-homo-2,wt-homo-2,rmsd,h1sabu3b,h1sabu3b::RMSD,wt-homo-2 / RMSD,RMSD,Time (ps),57900,0.20086552,nm,nm
line,overlay,wt-homo-2,wt-homo-2,rmsd,h1sabu3b,h1sabu3b::RMSD,wt-homo-2 / RMSD,RMSD,Time (ps),58000,0.22012949,nm,nm
line,overlay,wt-homo-2,wt-homo-2,rmsd,h1sabu3b,h1sabu3b::RMSD,wt-homo-2 / RMSD,RMSD,Time (ps),58100,0.21240465,nm,nm
line,overlay,wt-homo-2,wt-homo-2,rmsd,h1sabu3b,h1sabu3b::RMSD,wt-homo-2 / RMSD,RMSD,Time (ps),58200,0.2019516,nm,nm
line,overlay,wt-homo-2,wt-homo-2,rmsd,h1sabu3b,h1sabu3b::RMSD,wt-homo-2 / RMSD,RMSD,Time (ps),58300,0.22500856,nm,nm
line,overlay,wt-homo-2,wt-homo-2,rmsd,h1sabu3b,h1sabu3b::RMSD,wt-homo-2 / RMSD,RMSD,Time (ps),58400,0.20455538,nm,nm
line,overlay,wt-homo-2,wt-homo-2,rmsd,h1sabu3b,h1sabu3b::RMSD,wt-homo-2 / RMSD,RMSD,Time (ps),58500,0.20202087,nm,nm
line,overlay,wt-homo-2,wt-homo-2,rmsd,h1sabu3b,h1sabu3b::RMSD,wt-homo-2 / RMSD,RMSD,Time (ps),58600,0.20410383,nm,nm
line,overlay,wt-homo-2,wt-homo-2,rmsd,h1sabu3b,h1sabu3b::RMSD,wt-homo-2 / RMSD,RMSD,Time (ps),58700,0.19377814,nm,nm
line,overlay,wt-homo-2,wt-homo-2,rmsd,h1sabu3b,h1sabu3b::RMSD,wt-homo-2 / RMSD,RMSD,Time (ps),58800,0.20068222,nm,nm
line,overlay,wt-homo-2,wt-homo-2,rmsd,h1sabu3b,h1sabu3b::RMSD,wt-homo-2 / RMSD,RMSD,Time (ps),58900,0.19174792,nm,nm
line,overlay,wt-homo-2,wt-homo-2,rmsd,h1sabu3b,h1sabu3b::RMSD,wt-homo-2 / RMSD,RMSD,Time (ps),59000,0.18710425,nm,nm
line,overlay,wt-homo-2,wt-homo-2,rmsd,h1sabu3b,h1sabu3b::RMSD,wt-homo-2 / RMSD,RMSD,Time (ps),59100,0.19056293,nm,nm
line,overlay,wt-homo-2,wt-homo-2,rmsd,h1sabu3b,h1sabu3b::RMSD,wt-homo-2 / RMSD,RMSD,Time (ps),59200,0.1991889,nm,nm
line,overlay,wt-homo-2,wt-homo-2,rmsd,h1sabu3b,h1sabu3b::RMSD,wt-homo-2 / RMSD,RMSD,Time (ps),59300,0.191656,nm,nm
line,overlay,wt-homo-2,wt-homo-2,rmsd,h1sabu3b,h1sabu3b::RMSD,wt-homo-2 / RMSD,RMSD,Time (ps),59400,0.1843862,nm,nm
line,overlay,wt-homo-2,wt-homo-2,rmsd,h1sabu3b,h1sabu3b::RMSD,wt-homo-2 / RMSD,RMSD,Time (ps),59500,0.1931673,nm,nm
line,overlay,wt-homo-2,wt-homo-2,rmsd,h1sabu3b,h1sabu3b::RMSD,wt-homo-2 / RMSD,RMSD,Time (ps),59600,0.19789921,nm,nm
line,overlay,wt-homo-2,wt-homo-2,rmsd,h1sabu3b,h1sabu3b::RMSD,wt-homo-2 / RMSD,RMSD,Time (ps),59700,0.21550328,nm,nm
line,overlay,wt-homo-2,wt-homo-2,rmsd,h1sabu3b,h1sabu3b::RMSD,wt-homo-2 / RMSD,RMSD,Time (ps),59800,0.18885799,nm,nm
line,overlay,wt-homo-2,wt-homo-2,rmsd,h1sabu3b,h1sabu3b::RMSD,wt-homo-2 / RMSD,RMSD,Time (ps),59900,0.19419232,nm,nm
line,overlay,wt-homo-2,wt-homo-2,rmsd,h1sabu3b,h1sabu3b::RMSD,wt-homo-2 / RMSD,RMSD,Time (ps),60000,0.20828937,nm,nm
line,overlay,wt-homo-2,wt-homo-2,rmsd,h1sabu3b,h1sabu3b::RMSD,wt-homo-2 / RMSD,RMSD,Time (ps),60100,0.20841625,nm,nm
line,overlay,wt-homo-2,wt-homo-2,rmsd,h1sabu3b,h1sabu3b::RMSD,wt-homo-2 / RMSD,RMSD,Time (ps),60200,0.20814249,nm,nm
line,overlay,wt-homo-2,wt-homo-2,rmsd,h1sabu3b,h1sabu3b::RMSD,wt-homo-2 / RMSD,RMSD,Time (ps),60300,0.18823668,nm,nm
line,overlay,wt-homo-2,wt-homo-2,rmsd,h1sabu3b,h1sabu3b::RMSD,wt-homo-2 / RMSD,RMSD,Time (ps),60400,0.19924615,nm,nm
line,overlay,wt-homo-2,wt-homo-2,rmsd,h1sabu3b,h1sabu3b::RMSD,wt-homo-2 / RMSD,RMSD,Time (ps),60500,0.21332997,nm,nm
line,overlay,wt-homo-2,wt-homo-2,rmsd,h1sabu3b,h1sabu3b::RMSD,wt-homo-2 / RMSD,RMSD,Time (ps),60600,0.20562448,nm,nm
line,overlay,wt-homo-2,wt-homo-2,rmsd,h1sabu3b,h1sabu3b::RMSD,wt-homo-2 / RMSD,RMSD,Time (ps),60700,0.21710406,nm,nm
line,overlay,wt-homo-2,wt-homo-2,rmsd,h1sabu3b,h1sabu3b::RMSD,wt-homo-2 / RMSD,RMSD,Time (ps),60800,0.21379113,nm,nm
line,overlay,wt-homo-2,wt-homo-2,rmsd,h1sabu3b,h1sabu3b::RMSD,wt-homo-2 / RMSD,RMSD,Time (ps),60900,0.21292138,nm,nm
line,overlay,wt-homo-2,wt-homo-2,rmsd,h1sabu3b,h1sabu3b::RMSD,wt-homo-2 / RMSD,RMSD,Time (ps),61000,0.19693297,nm,nm
line,overlay,wt-homo-2,wt-homo-2,rmsd,h1sabu3b,h1sabu3b::RMSD,wt-homo-2 / RMSD,RMSD,Time (ps),61100,0.21120794,nm,nm
line,overlay,wt-homo-2,wt-homo-2,rmsd,h1sabu3b,h1sabu3b::RMSD,wt-homo-2 / RMSD,RMSD,Time (ps),61200,0.19078043,nm,nm
line,overlay,wt-homo-2,wt-homo-2,rmsd,h1sabu3b,h1sabu3b::RMSD,wt-homo-2 / RMSD,RMSD,Time (ps),61300,0.20540757,nm,nm
line,overlay,wt-homo-2,wt-homo-2,rmsd,h1sabu3b,h1sabu3b::RMSD,wt-homo-2 / RMSD,RMSD,Time (ps),61400,0.19544284,nm,nm
line,overlay,wt-homo-2,wt-homo-2,rmsd,h1sabu3b,h1sabu3b::RMSD,wt-homo-2 / RMSD,RMSD,Time (ps),61500,0.20146333,nm,nm
line,overlay,wt-homo-2,wt-homo-2,rmsd,h1sabu3b,h1sabu3b::RMSD,wt-homo-2 / RMSD,RMSD,Time (ps),61600,0.20446414,nm,nm
line,overlay,wt-homo-2,wt-homo-2,rmsd,h1sabu3b,h1sabu3b::RMSD,wt-homo-2 / RMSD,RMSD,Time (ps),61700,0.20546308,nm,nm
line,overlay,wt-homo-2,wt-homo-2,rmsd,h1sabu3b,h1sabu3b::RMSD,wt-homo-2 / RMSD,RMSD,Time (ps),61800,0.1988816,nm,nm
line,overlay,wt-homo-2,wt-homo-2,rmsd,h1sabu3b,h1sabu3b::RMSD,wt-homo-2 / RMSD,RMSD,Time (ps),61900,0.20393106,nm,nm
line,overlay,wt-homo-2,wt-homo-2,rmsd,h1sabu3b,h1sabu3b::RMSD,wt-homo-2 / RMSD,RMSD,Time (ps),62000,0.20553875,nm,nm
line,overlay,wt-homo-2,wt-homo-2,rmsd,h1sabu3b,h1sabu3b::RMSD,wt-homo-2 / RMSD,RMSD,Time (ps),62100,0.18681315,nm,nm
line,overlay,wt-homo-2,wt-homo-2,rmsd,h1sabu3b,h1sabu3b::RMSD,wt-homo-2 / RMSD,RMSD,Time (ps),62200,0.18790595,nm,nm
line,overlay,wt-homo-2,wt-homo-2,rmsd,h1sabu3b,h1sabu3b::RMSD,wt-homo-2 / RMSD,RMSD,Time (ps),62300,0.20083714,nm,nm
line,overlay,wt-homo-2,wt-homo-2,rmsd,h1sabu3b,h1sabu3b::RMSD,wt-homo-2 / RMSD,RMSD,Time (ps),62400,0.20042118,nm,nm
line,overlay,wt-homo-2,wt-homo-2,rmsd,h1sabu3b,h1sabu3b::RMSD,wt-homo-2 / RMSD,RMSD,Time (ps),62500,0.19713554,nm,nm
line,overlay,wt-homo-2,wt-homo-2,rmsd,h1sabu3b,h1sabu3b::RMSD,wt-homo-2 / RMSD,RMSD,Time (ps),62600,0.19931898,nm,nm
line,overlay,wt-homo-2,wt-homo-2,rmsd,h1sabu3b,h1sabu3b::RMSD,wt-homo-2 / RMSD,RMSD,Time (ps),62700,0.2092106,nm,nm
line,overlay,wt-homo-2,wt-homo-2,rmsd,h1sabu3b,h1sabu3b::RMSD,wt-homo-2 / RMSD,RMSD,Time (ps),62800,0.18669656,nm,nm
line,overlay,wt-homo-2,wt-homo-2,rmsd,h1sabu3b,h1sabu3b::RMSD,wt-homo-2 / RMSD,RMSD,Time (ps),62900,0.20550597,nm,nm
line,overlay,wt-homo-2,wt-homo-2,rmsd,h1sabu3b,h1sabu3b::RMSD,wt-homo-2 / RMSD,RMSD,Time (ps),63000,0.20042636,nm,nm
line,overlay,wt-homo-2,wt-homo-2,rmsd,h1sabu3b,h1sabu3b::RMSD,wt-homo-2 / RMSD,RMSD,Time (ps),63100,0.21272409,nm,nm
line,overlay,wt-homo-2,wt-homo-2,rmsd,h1sabu3b,h1sabu3b::RMSD,wt-homo-2 / RMSD,RMSD,Time (ps),63200,0.20614311,nm,nm
line,overlay,wt-homo-2,wt-homo-2,rmsd,h1sabu3b,h1sabu3b::RMSD,wt-homo-2 / RMSD,RMSD,Time (ps),63300,0.19925396,nm,nm
line,overlay,wt-homo-2,wt-homo-2,rmsd,h1sabu3b,h1sabu3b::RMSD,wt-homo-2 / RMSD,RMSD,Time (ps),63400,0.20139642,nm,nm
line,overlay,wt-homo-2,wt-homo-2,rmsd,h1sabu3b,h1sabu3b::RMSD,wt-homo-2 / RMSD,RMSD,Time (ps),63500,0.20094809,nm,nm
line,overlay,wt-homo-2,wt-homo-2,rmsd,h1sabu3b,h1sabu3b::RMSD,wt-homo-2 / RMSD,RMSD,Time (ps),63600,0.2102215,nm,nm
line,overlay,wt-homo-2,wt-homo-2,rmsd,h1sabu3b,h1sabu3b::RMSD,wt-homo-2 / RMSD,RMSD,Time (ps),63700,0.20482887,nm,nm
line,overlay,wt-homo-2,wt-homo-2,rmsd,h1sabu3b,h1sabu3b::RMSD,wt-homo-2 / RMSD,RMSD,Time (ps),63800,0.19613118,nm,nm
line,overlay,wt-homo-2,wt-homo-2,rmsd,h1sabu3b,h1sabu3b::RMSD,wt-homo-2 / RMSD,RMSD,Time (ps),63900,0.19973464,nm,nm
line,overlay,wt-homo-2,wt-homo-2,rmsd,h1sabu3b,h1sabu3b::RMSD,wt-homo-2 / RMSD,RMSD,Time (ps),64000,0.20764633,nm,nm
line,overlay,wt-homo-2,wt-homo-2,rmsd,h1sabu3b,h1sabu3b::RMSD,wt-homo-2 / RMSD,RMSD,Time (ps),64100,0.1959937,nm,nm
line,overlay,wt-homo-2,wt-homo-2,rmsd,h1sabu3b,h1sabu3b::RMSD,wt-homo-2 / RMSD,RMSD,Time (ps),64200,0.20103577,nm,nm
line,overlay,wt-homo-2,wt-homo-2,rmsd,h1sabu3b,h1sabu3b::RMSD,wt-homo-2 / RMSD,RMSD,Time (ps),64300,0.18541223,nm,nm
line,overlay,wt-homo-2,wt-homo-2,rmsd,h1sabu3b,h1sabu3b::RMSD,wt-homo-2 / RMSD,RMSD,Time (ps),64400,0.18955384,nm,nm
line,overlay,wt-homo-2,wt-homo-2,rmsd,h1sabu3b,h1sabu3b::RMSD,wt-homo-2 / RMSD,RMSD,Time (ps),64500,0.18078645,nm,nm
line,overlay,wt-homo-2,wt-homo-2,rmsd,h1sabu3b,h1sabu3b::RMSD,wt-homo-2 / RMSD,RMSD,Time (ps),64600,0.19168304,nm,nm
line,overlay,wt-homo-2,wt-homo-2,rmsd,h1sabu3b,h1sabu3b::RMSD,wt-homo-2 / RMSD,RMSD,Time (ps),64700,0.19768432,nm,nm
line,overlay,wt-homo-2,wt-homo-2,rmsd,h1sabu3b,h1sabu3b::RMSD,wt-homo-2 / RMSD,RMSD,Time (ps),64800,0.19164246,nm,nm
line,overlay,wt-homo-2,wt-homo-2,rmsd,h1sabu3b,h1sabu3b::RMSD,wt-homo-2 / RMSD,RMSD,Time (ps),64900,0.19078314,nm,nm
line,overlay,wt-homo-2,wt-homo-2,rmsd,h1sabu3b,h1sabu3b::RMSD,wt-homo-2 / RMSD,RMSD,Time (ps),65000,0.18897048,nm,nm
line,overlay,wt-homo-2,wt-homo-2,rmsd,h1sabu3b,h1sabu3b::RMSD,wt-homo-2 / RMSD,RMSD,Time (ps),65100,0.20864245,nm,nm
line,overlay,wt-homo-2,wt-homo-2,rmsd,h1sabu3b,h1sabu3b::RMSD,wt-homo-2 / RMSD,RMSD,Time (ps),65200,0.20666295,nm,nm
line,overlay,wt-homo-2,wt-homo-2,rmsd,h1sabu3b,h1sabu3b::RMSD,wt-homo-2 / RMSD,RMSD,Time (ps),65300,0.201759,nm,nm
line,overlay,wt-homo-2,wt-homo-2,rmsd,h1sabu3b,h1sabu3b::RMSD,wt-homo-2 / RMSD,RMSD,Time (ps),65400,0.19608095,nm,nm
line,overlay,wt-homo-2,wt-homo-2,rmsd,h1sabu3b,h1sabu3b::RMSD,wt-homo-2 / RMSD,RMSD,Time (ps),65500,0.19032343,nm,nm
line,overlay,wt-homo-2,wt-homo-2,rmsd,h1sabu3b,h1sabu3b::RMSD,wt-homo-2 / RMSD,RMSD,Time (ps),65600,0.19552238,nm,nm
line,overlay,wt-homo-2,wt-homo-2,rmsd,h1sabu3b,h1sabu3b::RMSD,wt-homo-2 / RMSD,RMSD,Time (ps),65700,0.1967539,nm,nm
line,overlay,wt-homo-2,wt-homo-2,rmsd,h1sabu3b,h1sabu3b::RMSD,wt-homo-2 / RMSD,RMSD,Time (ps),65800,0.19565754,nm,nm
line,overlay,wt-homo-2,wt-homo-2,rmsd,h1sabu3b,h1sabu3b::RMSD,wt-homo-2 / RMSD,RMSD,Time (ps),65900,0.19789658,nm,nm
line,overlay,wt-homo-2,wt-homo-2,rmsd,h1sabu3b,h1sabu3b::RMSD,wt-homo-2 / RMSD,RMSD,Time (ps),66000,0.20762137,nm,nm
line,overlay,wt-homo-2,wt-homo-2,rmsd,h1sabu3b,h1sabu3b::RMSD,wt-homo-2 / RMSD,RMSD,Time (ps),66100,0.20938149,nm,nm
line,overlay,wt-homo-2,wt-homo-2,rmsd,h1sabu3b,h1sabu3b::RMSD,wt-homo-2 / RMSD,RMSD,Time (ps),66200,0.21664277,nm,nm
line,overlay,wt-homo-2,wt-homo-2,rmsd,h1sabu3b,h1sabu3b::RMSD,wt-homo-2 / RMSD,RMSD,Time (ps),66300,0.19153696,nm,nm
line,overlay,wt-homo-2,wt-homo-2,rmsd,h1sabu3b,h1sabu3b::RMSD,wt-homo-2 / RMSD,RMSD,Time (ps),66400,0.19517478,nm,nm
line,overlay,wt-homo-2,wt-homo-2,rmsd,h1sabu3b,h1sabu3b::RMSD,wt-homo-2 / RMSD,RMSD,Time (ps),66500,0.18908565,nm,nm
line,overlay,wt-homo-2,wt-homo-2,rmsd,h1sabu3b,h1sabu3b::RMSD,wt-homo-2 / RMSD,RMSD,Time (ps),66600,0.1807463,nm,nm
line,overlay,wt-homo-2,wt-homo-2,rmsd,h1sabu3b,h1sabu3b::RMSD,wt-homo-2 / RMSD,RMSD,Time (ps),66700,0.1693549,nm,nm
line,overlay,wt-homo-2,wt-homo-2,rmsd,h1sabu3b,h1sabu3b::RMSD,wt-homo-2 / RMSD,RMSD,Time (ps),66800,0.18694904,nm,nm
line,overlay,wt-homo-2,wt-homo-2,rmsd,h1sabu3b,h1sabu3b::RMSD,wt-homo-2 / RMSD,RMSD,Time (ps),66900,0.19469348,nm,nm
line,overlay,wt-homo-2,wt-homo-2,rmsd,h1sabu3b,h1sabu3b::RMSD,wt-homo-2 / RMSD,RMSD,Time (ps),67000,0.18252988,nm,nm
line,overlay,wt-homo-2,wt-homo-2,rmsd,h1sabu3b,h1sabu3b::RMSD,wt-homo-2 / RMSD,RMSD,Time (ps),67100,0.19667485,nm,nm
line,overlay,wt-homo-2,wt-homo-2,rmsd,h1sabu3b,h1sabu3b::RMSD,wt-homo-2 / RMSD,RMSD,Time (ps),67200,0.1987382,nm,nm
line,overlay,wt-homo-2,wt-homo-2,rmsd,h1sabu3b,h1sabu3b::RMSD,wt-homo-2 / RMSD,RMSD,Time (ps),67300,0.18975882,nm,nm
line,overlay,wt-homo-2,wt-homo-2,rmsd,h1sabu3b,h1sabu3b::RMSD,wt-homo-2 / RMSD,RMSD,Time (ps),67400,0.18900065,nm,nm
line,overlay,wt-homo-2,wt-homo-2,rmsd,h1sabu3b,h1sabu3b::RMSD,wt-homo-2 / RMSD,RMSD,Time (ps),67500,0.18868224,nm,nm
line,overlay,wt-homo-2,wt-homo-2,rmsd,h1sabu3b,h1sabu3b::RMSD,wt-homo-2 / RMSD,RMSD,Time (ps),67600,0.19685926,nm,nm
line,overlay,wt-homo-2,wt-homo-2,rmsd,h1sabu3b,h1sabu3b::RMSD,wt-homo-2 / RMSD,RMSD,Time (ps),67700,0.19600429,nm,nm
line,overlay,wt-homo-2,wt-homo-2,rmsd,h1sabu3b,h1sabu3b::RMSD,wt-homo-2 / RMSD,RMSD,Time (ps),67800,0.18100137,nm,nm
line,overlay,wt-homo-2,wt-homo-2,rmsd,h1sabu3b,h1sabu3b::RMSD,wt-homo-2 / RMSD,RMSD,Time (ps),67900,0.18486908,nm,nm
line,overlay,wt-homo-2,wt-homo-2,rmsd,h1sabu3b,h1sabu3b::RMSD,wt-homo-2 / RMSD,RMSD,Time (ps),68000,0.17448053,nm,nm
line,overlay,wt-homo-2,wt-homo-2,rmsd,h1sabu3b,h1sabu3b::RMSD,wt-homo-2 / RMSD,RMSD,Time (ps),68100,0.18564971,nm,nm
line,overlay,wt-homo-2,wt-homo-2,rmsd,h1sabu3b,h1sabu3b::RMSD,wt-homo-2 / RMSD,RMSD,Time (ps),68200,0.19536325,nm,nm
line,overlay,wt-homo-2,wt-homo-2,rmsd,h1sabu3b,h1sabu3b::RMSD,wt-homo-2 / RMSD,RMSD,Time (ps),68300,0.19896759,nm,nm
line,overlay,wt-homo-2,wt-homo-2,rmsd,h1sabu3b,h1sabu3b::RMSD,wt-homo-2 / RMSD,RMSD,Time (ps),68400,0.19545344,nm,nm
line,overlay,wt-homo-2,wt-homo-2,rmsd,h1sabu3b,h1sabu3b::RMSD,wt-homo-2 / RMSD,RMSD,Time (ps),68500,0.17859702,nm,nm
line,overlay,wt-homo-2,wt-homo-2,rmsd,h1sabu3b,h1sabu3b::RMSD,wt-homo-2 / RMSD,RMSD,Time (ps),68600,0.19238214,nm,nm
line,overlay,wt-homo-2,wt-homo-2,rmsd,h1sabu3b,h1sabu3b::RMSD,wt-homo-2 / RMSD,RMSD,Time (ps),68700,0.18199807,nm,nm
line,overlay,wt-homo-2,wt-homo-2,rmsd,h1sabu3b,h1sabu3b::RMSD,wt-homo-2 / RMSD,RMSD,Time (ps),68800,0.18521923,nm,nm
line,overlay,wt-homo-2,wt-homo-2,rmsd,h1sabu3b,h1sabu3b::RMSD,wt-homo-2 / RMSD,RMSD,Time (ps),68900,0.18674377,nm,nm
line,overlay,wt-homo-2,wt-homo-2,rmsd,h1sabu3b,h1sabu3b::RMSD,wt-homo-2 / RMSD,RMSD,Time (ps),69000,0.20215425,nm,nm
line,overlay,wt-homo-2,wt-homo-2,rmsd,h1sabu3b,h1sabu3b::RMSD,wt-homo-2 / RMSD,RMSD,Time (ps),69100,0.18752764,nm,nm
line,overlay,wt-homo-2,wt-homo-2,rmsd,h1sabu3b,h1sabu3b::RMSD,wt-homo-2 / RMSD,RMSD,Time (ps),69200,0.19819234,nm,nm
line,overlay,wt-homo-2,wt-homo-2,rmsd,h1sabu3b,h1sabu3b::RMSD,wt-homo-2 / RMSD,RMSD,Time (ps),69300,0.19481857,nm,nm
line,overlay,wt-homo-2,wt-homo-2,rmsd,h1sabu3b,h1sabu3b::RMSD,wt-homo-2 / RMSD,RMSD,Time (ps),69400,0.18699065,nm,nm
line,overlay,wt-homo-2,wt-homo-2,rmsd,h1sabu3b,h1sabu3b::RMSD,wt-homo-2 / RMSD,RMSD,Time (ps),69500,0.18455479,nm,nm
line,overlay,wt-homo-2,wt-homo-2,rmsd,h1sabu3b,h1sabu3b::RMSD,wt-homo-2 / RMSD,RMSD,Time (ps),69600,0.18626295,nm,nm
line,overlay,wt-homo-2,wt-homo-2,rmsd,h1sabu3b,h1sabu3b::RMSD,wt-homo-2 / RMSD,RMSD,Time (ps),69700,0.1764891,nm,nm
line,overlay,wt-homo-2,wt-homo-2,rmsd,h1sabu3b,h1sabu3b::RMSD,wt-homo-2 / RMSD,RMSD,Time (ps),69800,0.18831927,nm,nm
line,overlay,wt-homo-2,wt-homo-2,rmsd,h1sabu3b,h1sabu3b::RMSD,wt-homo-2 / RMSD,RMSD,Time (ps),69900,0.16698773,nm,nm
line,overlay,wt-homo-2,wt-homo-2,rmsd,h1sabu3b,h1sabu3b::RMSD,wt-homo-2 / RMSD,RMSD,Time (ps),70000,0.17107242,nm,nm
line,overlay,wt-homo-2,wt-homo-2,rmsd,h1sabu3b,h1sabu3b::RMSD,wt-homo-2 / RMSD,RMSD,Time (ps),70100,0.18948546,nm,nm
line,overlay,wt-homo-2,wt-homo-2,rmsd,h1sabu3b,h1sabu3b::RMSD,wt-homo-2 / RMSD,RMSD,Time (ps),70200,0.1855771,nm,nm
line,overlay,wt-homo-2,wt-homo-2,rmsd,h1sabu3b,h1sabu3b::RMSD,wt-homo-2 / RMSD,RMSD,Time (ps),70300,0.19674073,nm,nm
line,overlay,wt-homo-2,wt-homo-2,rmsd,h1sabu3b,h1sabu3b::RMSD,wt-homo-2 / RMSD,RMSD,Time (ps),70400,0.20105124,nm,nm
line,overlay,wt-homo-2,wt-homo-2,rmsd,h1sabu3b,h1sabu3b::RMSD,wt-homo-2 / RMSD,RMSD,Time (ps),70500,0.18380618,nm,nm
line,overlay,wt-homo-2,wt-homo-2,rmsd,h1sabu3b,h1sabu3b::RMSD,wt-homo-2 / RMSD,RMSD,Time (ps),70600,0.18788664,nm,nm
line,overlay,wt-homo-2,wt-homo-2,rmsd,h1sabu3b,h1sabu3b::RMSD,wt-homo-2 / RMSD,RMSD,Time (ps),70700,0.19852422,nm,nm
line,overlay,wt-homo-2,wt-homo-2,rmsd,h1sabu3b,h1sabu3b::RMSD,wt-homo-2 / RMSD,RMSD,Time (ps),70800,0.19123904,nm,nm
line,overlay,wt-homo-2,wt-homo-2,rmsd,h1sabu3b,h1sabu3b::RMSD,wt-homo-2 / RMSD,RMSD,Time (ps),70900,0.20141186,nm,nm
line,overlay,wt-homo-2,wt-homo-2,rmsd,h1sabu3b,h1sabu3b::RMSD,wt-homo-2 / RMSD,RMSD,Time (ps),71000,0.20174101,nm,nm
line,overlay,wt-homo-2,wt-homo-2,rmsd,h1sabu3b,h1sabu3b::RMSD,wt-homo-2 / RMSD,RMSD,Time (ps),71100,0.2167265,nm,nm
line,overlay,wt-homo-2,wt-homo-2,rmsd,h1sabu3b,h1sabu3b::RMSD,wt-homo-2 / RMSD,RMSD,Time (ps),71200,0.22131073,nm,nm
line,overlay,wt-homo-2,wt-homo-2,rmsd,h1sabu3b,h1sabu3b::RMSD,wt-homo-2 / RMSD,RMSD,Time (ps),71300,0.21008338,nm,nm
line,overlay,wt-homo-2,wt-homo-2,rmsd,h1sabu3b,h1sabu3b::RMSD,wt-homo-2 / RMSD,RMSD,Time (ps),71400,0.20199779,nm,nm
line,overlay,wt-homo-2,wt-homo-2,rmsd,h1sabu3b,h1sabu3b::RMSD,wt-homo-2 / RMSD,RMSD,Time (ps),71500,0.20264085,nm,nm
line,overlay,wt-homo-2,wt-homo-2,rmsd,h1sabu3b,h1sabu3b::RMSD,wt-homo-2 / RMSD,RMSD,Time (ps),71600,0.20109764,nm,nm
line,overlay,wt-homo-2,wt-homo-2,rmsd,h1sabu3b,h1sabu3b::RMSD,wt-homo-2 / RMSD,RMSD,Time (ps),71700,0.19998622,nm,nm
line,overlay,wt-homo-2,wt-homo-2,rmsd,h1sabu3b,h1sabu3b::RMSD,wt-homo-2 / RMSD,RMSD,Time (ps),71800,0.18402882,nm,nm
line,overlay,wt-homo-2,wt-homo-2,rmsd,h1sabu3b,h1sabu3b::RMSD,wt-homo-2 / RMSD,RMSD,Time (ps),71900,0.20328952,nm,nm
line,overlay,wt-homo-2,wt-homo-2,rmsd,h1sabu3b,h1sabu3b::RMSD,wt-homo-2 / RMSD,RMSD,Time (ps),72000,0.21467426,nm,nm
line,overlay,wt-homo-2,wt-homo-2,rmsd,h1sabu3b,h1sabu3b::RMSD,wt-homo-2 / RMSD,RMSD,Time (ps),72100,0.20033582,nm,nm
line,overlay,wt-homo-2,wt-homo-2,rmsd,h1sabu3b,h1sabu3b::RMSD,wt-homo-2 / RMSD,RMSD,Time (ps),72200,0.2076688,nm,nm
line,overlay,wt-homo-2,wt-homo-2,rmsd,h1sabu3b,h1sabu3b::RMSD,wt-homo-2 / RMSD,RMSD,Time (ps),72300,0.20443371,nm,nm
line,overlay,wt-homo-2,wt-homo-2,rmsd,h1sabu3b,h1sabu3b::RMSD,wt-homo-2 / RMSD,RMSD,Time (ps),72400,0.20643207,nm,nm
line,overlay,wt-homo-2,wt-homo-2,rmsd,h1sabu3b,h1sabu3b::RMSD,wt-homo-2 / RMSD,RMSD,Time (ps),72500,0.21199916,nm,nm
line,overlay,wt-homo-2,wt-homo-2,rmsd,h1sabu3b,h1sabu3b::RMSD,wt-homo-2 / RMSD,RMSD,Time (ps),72600,0.20925024,nm,nm
line,overlay,wt-homo-2,wt-homo-2,rmsd,h1sabu3b,h1sabu3b::RMSD,wt-homo-2 / RMSD,RMSD,Time (ps),72700,0.2012574,nm,nm
line,overlay,wt-homo-2,wt-homo-2,rmsd,h1sabu3b,h1sabu3b::RMSD,wt-homo-2 / RMSD,RMSD,Time (ps),72800,0.21330324,nm,nm
line,overlay,wt-homo-2,wt-homo-2,rmsd,h1sabu3b,h1sabu3b::RMSD,wt-homo-2 / RMSD,RMSD,Time (ps),72900,0.22222464,nm,nm
line,overlay,wt-homo-2,wt-homo-2,rmsd,h1sabu3b,h1sabu3b::RMSD,wt-homo-2 / RMSD,RMSD,Time (ps),73000,0.22052237,nm,nm
line,overlay,wt-homo-2,wt-homo-2,rmsd,h1sabu3b,h1sabu3b::RMSD,wt-homo-2 / RMSD,RMSD,Time (ps),73100,0.1987095,nm,nm
line,overlay,wt-homo-2,wt-homo-2,rmsd,h1sabu3b,h1sabu3b::RMSD,wt-homo-2 / RMSD,RMSD,Time (ps),73200,0.21569322,nm,nm
line,overlay,wt-homo-2,wt-homo-2,rmsd,h1sabu3b,h1sabu3b::RMSD,wt-homo-2 / RMSD,RMSD,Time (ps),73300,0.2157677,nm,nm
line,overlay,wt-homo-2,wt-homo-2,rmsd,h1sabu3b,h1sabu3b::RMSD,wt-homo-2 / RMSD,RMSD,Time (ps),73400,0.20912883,nm,nm
line,overlay,wt-homo-2,wt-homo-2,rmsd,h1sabu3b,h1sabu3b::RMSD,wt-homo-2 / RMSD,RMSD,Time (ps),73500,0.22033425,nm,nm
line,overlay,wt-homo-2,wt-homo-2,rmsd,h1sabu3b,h1sabu3b::RMSD,wt-homo-2 / RMSD,RMSD,Time (ps),73600,0.21155125,nm,nm
line,overlay,wt-homo-2,wt-homo-2,rmsd,h1sabu3b,h1sabu3b::RMSD,wt-homo-2 / RMSD,RMSD,Time (ps),73700,0.21016479,nm,nm
line,overlay,wt-homo-2,wt-homo-2,rmsd,h1sabu3b,h1sabu3b::RMSD,wt-homo-2 / RMSD,RMSD,Time (ps),73800,0.22182074,nm,nm
line,overlay,wt-homo-2,wt-homo-2,rmsd,h1sabu3b,h1sabu3b::RMSD,wt-homo-2 / RMSD,RMSD,Time (ps),73900,0.22674346,nm,nm
line,overlay,wt-homo-2,wt-homo-2,rmsd,h1sabu3b,h1sabu3b::RMSD,wt-homo-2 / RMSD,RMSD,Time (ps),74000,0.20870207,nm,nm
line,overlay,wt-homo-2,wt-homo-2,rmsd,h1sabu3b,h1sabu3b::RMSD,wt-homo-2 / RMSD,RMSD,Time (ps),74100,0.20942852,nm,nm
line,overlay,wt-homo-2,wt-homo-2,rmsd,h1sabu3b,h1sabu3b::RMSD,wt-homo-2 / RMSD,RMSD,Time (ps),74200,0.23302758,nm,nm
line,overlay,wt-homo-2,wt-homo-2,rmsd,h1sabu3b,h1sabu3b::RMSD,wt-homo-2 / RMSD,RMSD,Time (ps),74300,0.23798202,nm,nm
line,overlay,wt-homo-2,wt-homo-2,rmsd,h1sabu3b,h1sabu3b::RMSD,wt-homo-2 / RMSD,RMSD,Time (ps),74400,0.22482419,nm,nm
line,overlay,wt-homo-2,wt-homo-2,rmsd,h1sabu3b,h1sabu3b::RMSD,wt-homo-2 / RMSD,RMSD,Time (ps),74500,0.22150974,nm,nm
line,overlay,wt-homo-2,wt-homo-2,rmsd,h1sabu3b,h1sabu3b::RMSD,wt-homo-2 / RMSD,RMSD,Time (ps),74600,0.21157575,nm,nm
line,overlay,wt-homo-2,wt-homo-2,rmsd,h1sabu3b,h1sabu3b::RMSD,wt-homo-2 / RMSD,RMSD,Time (ps),74700,0.22712718,nm,nm
line,overlay,wt-homo-2,wt-homo-2,rmsd,h1sabu3b,h1sabu3b::RMSD,wt-homo-2 / RMSD,RMSD,Time (ps),74800,0.21057135,nm,nm
line,overlay,wt-homo-2,wt-homo-2,rmsd,h1sabu3b,h1sabu3b::RMSD,wt-homo-2 / RMSD,RMSD,Time (ps),74900,0.2269354,nm,nm
line,overlay,wt-homo-2,wt-homo-2,rmsd,h1sabu3b,h1sabu3b::RMSD,wt-homo-2 / RMSD,RMSD,Time (ps),75000,0.22369163,nm,nm
line,overlay,wt-homo-2,wt-homo-2,rmsd,h1sabu3b,h1sabu3b::RMSD,wt-homo-2 / RMSD,RMSD,Time (ps),75100,0.2157845,nm,nm
line,overlay,wt-homo-2,wt-homo-2,rmsd,h1sabu3b,h1sabu3b::RMSD,wt-homo-2 / RMSD,RMSD,Time (ps),75200,0.21297736,nm,nm
line,overlay,wt-homo-2,wt-homo-2,rmsd,h1sabu3b,h1sabu3b::RMSD,wt-homo-2 / RMSD,RMSD,Time (ps),75300,0.22618268,nm,nm
line,overlay,wt-homo-2,wt-homo-2,rmsd,h1sabu3b,h1sabu3b::RMSD,wt-homo-2 / RMSD,RMSD,Time (ps),75400,0.23381369,nm,nm
line,overlay,wt-homo-2,wt-homo-2,rmsd,h1sabu3b,h1sabu3b::RMSD,wt-homo-2 / RMSD,RMSD,Time (ps),75500,0.22050828,nm,nm
line,overlay,wt-homo-2,wt-homo-2,rmsd,h1sabu3b,h1sabu3b::RMSD,wt-homo-2 / RMSD,RMSD,Time (ps),75600,0.22649413,nm,nm
line,overlay,wt-homo-2,wt-homo-2,rmsd,h1sabu3b,h1sabu3b::RMSD,wt-homo-2 / RMSD,RMSD,Time (ps),75700,0.2296848,nm,nm
line,overlay,wt-homo-2,wt-homo-2,rmsd,h1sabu3b,h1sabu3b::RMSD,wt-homo-2 / RMSD,RMSD,Time (ps),75800,0.21972173,nm,nm
line,overlay,wt-homo-2,wt-homo-2,rmsd,h1sabu3b,h1sabu3b::RMSD,wt-homo-2 / RMSD,RMSD,Time (ps),75900,0.21944556,nm,nm
line,overlay,wt-homo-2,wt-homo-2,rmsd,h1sabu3b,h1sabu3b::RMSD,wt-homo-2 / RMSD,RMSD,Time (ps),76000,0.22131777,nm,nm
line,overlay,wt-homo-2,wt-homo-2,rmsd,h1sabu3b,h1sabu3b::RMSD,wt-homo-2 / RMSD,RMSD,Time (ps),76100,0.2142126,nm,nm
line,overlay,wt-homo-2,wt-homo-2,rmsd,h1sabu3b,h1sabu3b::RMSD,wt-homo-2 / RMSD,RMSD,Time (ps),76200,0.21144341,nm,nm
line,overlay,wt-homo-2,wt-homo-2,rmsd,h1sabu3b,h1sabu3b::RMSD,wt-homo-2 / RMSD,RMSD,Time (ps),76300,0.20335071,nm,nm
line,overlay,wt-homo-2,wt-homo-2,rmsd,h1sabu3b,h1sabu3b::RMSD,wt-homo-2 / RMSD,RMSD,Time (ps),76400,0.21202606,nm,nm
line,overlay,wt-homo-2,wt-homo-2,rmsd,h1sabu3b,h1sabu3b::RMSD,wt-homo-2 / RMSD,RMSD,Time (ps),76500,0.2159934,nm,nm
line,overlay,wt-homo-2,wt-homo-2,rmsd,h1sabu3b,h1sabu3b::RMSD,wt-homo-2 / RMSD,RMSD,Time (ps),76600,0.21080016,nm,nm
line,overlay,wt-homo-2,wt-homo-2,rmsd,h1sabu3b,h1sabu3b::RMSD,wt-homo-2 / RMSD,RMSD,Time (ps),76700,0.21091816,nm,nm
line,overlay,wt-homo-2,wt-homo-2,rmsd,h1sabu3b,h1sabu3b::RMSD,wt-homo-2 / RMSD,RMSD,Time (ps),76800,0.21481667,nm,nm
line,overlay,wt-homo-2,wt-homo-2,rmsd,h1sabu3b,h1sabu3b::RMSD,wt-homo-2 / RMSD,RMSD,Time (ps),76900,0.21510123,nm,nm
line,overlay,wt-homo-2,wt-homo-2,rmsd,h1sabu3b,h1sabu3b::RMSD,wt-homo-2 / RMSD,RMSD,Time (ps),77000,0.20966351,nm,nm
line,overlay,wt-homo-2,wt-homo-2,rmsd,h1sabu3b,h1sabu3b::RMSD,wt-homo-2 / RMSD,RMSD,Time (ps),77100,0.20343226,nm,nm
line,overlay,wt-homo-2,wt-homo-2,rmsd,h1sabu3b,h1sabu3b::RMSD,wt-homo-2 / RMSD,RMSD,Time (ps),77200,0.21074605,nm,nm
line,overlay,wt-homo-2,wt-homo-2,rmsd,h1sabu3b,h1sabu3b::RMSD,wt-homo-2 / RMSD,RMSD,Time (ps),77300,0.2027278,nm,nm
line,overlay,wt-homo-2,wt-homo-2,rmsd,h1sabu3b,h1sabu3b::RMSD,wt-homo-2 / RMSD,RMSD,Time (ps),77400,0.22281864,nm,nm
line,overlay,wt-homo-2,wt-homo-2,rmsd,h1sabu3b,h1sabu3b::RMSD,wt-homo-2 / RMSD,RMSD,Time (ps),77500,0.21621168,nm,nm
line,overlay,wt-homo-2,wt-homo-2,rmsd,h1sabu3b,h1sabu3b::RMSD,wt-homo-2 / RMSD,RMSD,Time (ps),77600,0.22751482,nm,nm
line,overlay,wt-homo-2,wt-homo-2,rmsd,h1sabu3b,h1sabu3b::RMSD,wt-homo-2 / RMSD,RMSD,Time (ps),77700,0.22416615,nm,nm
line,overlay,wt-homo-2,wt-homo-2,rmsd,h1sabu3b,h1sabu3b::RMSD,wt-homo-2 / RMSD,RMSD,Time (ps),77800,0.22372407,nm,nm
line,overlay,wt-homo-2,wt-homo-2,rmsd,h1sabu3b,h1sabu3b::RMSD,wt-homo-2 / RMSD,RMSD,Time (ps),77900,0.21571244,nm,nm
line,overlay,wt-homo-2,wt-homo-2,rmsd,h1sabu3b,h1sabu3b::RMSD,wt-homo-2 / RMSD,RMSD,Time (ps),78000,0.21806173,nm,nm
line,overlay,wt-homo-2,wt-homo-2,rmsd,h1sabu3b,h1sabu3b::RMSD,wt-homo-2 / RMSD,RMSD,Time (ps),78100,0.231295,nm,nm
line,overlay,wt-homo-2,wt-homo-2,rmsd,h1sabu3b,h1sabu3b::RMSD,wt-homo-2 / RMSD,RMSD,Time (ps),78200,0.2188945,nm,nm
line,overlay,wt-homo-2,wt-homo-2,rmsd,h1sabu3b,h1sabu3b::RMSD,wt-homo-2 / RMSD,RMSD,Time (ps),78300,0.22127092,nm,nm
line,overlay,wt-homo-2,wt-homo-2,rmsd,h1sabu3b,h1sabu3b::RMSD,wt-homo-2 / RMSD,RMSD,Time (ps),78400,0.21143606,nm,nm
line,overlay,wt-homo-2,wt-homo-2,rmsd,h1sabu3b,h1sabu3b::RMSD,wt-homo-2 / RMSD,RMSD,Time (ps),78500,0.21264611,nm,nm
line,overlay,wt-homo-2,wt-homo-2,rmsd,h1sabu3b,h1sabu3b::RMSD,wt-homo-2 / RMSD,RMSD,Time (ps),78600,0.22296748,nm,nm
line,overlay,wt-homo-2,wt-homo-2,rmsd,h1sabu3b,h1sabu3b::RMSD,wt-homo-2 / RMSD,RMSD,Time (ps),78700,0.21841088,nm,nm
line,overlay,wt-homo-2,wt-homo-2,rmsd,h1sabu3b,h1sabu3b::RMSD,wt-homo-2 / RMSD,RMSD,Time (ps),78800,0.21228504,nm,nm
line,overlay,wt-homo-2,wt-homo-2,rmsd,h1sabu3b,h1sabu3b::RMSD,wt-homo-2 / RMSD,RMSD,Time (ps),78900,0.21099432,nm,nm
line,overlay,wt-homo-2,wt-homo-2,rmsd,h1sabu3b,h1sabu3b::RMSD,wt-homo-2 / RMSD,RMSD,Time (ps),79000,0.21450518,nm,nm
line,overlay,wt-homo-2,wt-homo-2,rmsd,h1sabu3b,h1sabu3b::RMSD,wt-homo-2 / RMSD,RMSD,Time (ps),79100,0.21516146,nm,nm
line,overlay,wt-homo-2,wt-homo-2,rmsd,h1sabu3b,h1sabu3b::RMSD,wt-homo-2 / RMSD,RMSD,Time (ps),79200,0.21321817,nm,nm
line,overlay,wt-homo-2,wt-homo-2,rmsd,h1sabu3b,h1sabu3b::RMSD,wt-homo-2 / RMSD,RMSD,Time (ps),79300,0.2021286,nm,nm
line,overlay,wt-homo-2,wt-homo-2,rmsd,h1sabu3b,h1sabu3b::RMSD,wt-homo-2 / RMSD,RMSD,Time (ps),79400,0.19879557,nm,nm
line,overlay,wt-homo-2,wt-homo-2,rmsd,h1sabu3b,h1sabu3b::RMSD,wt-homo-2 / RMSD,RMSD,Time (ps),79500,0.2031824,nm,nm
line,overlay,wt-homo-2,wt-homo-2,rmsd,h1sabu3b,h1sabu3b::RMSD,wt-homo-2 / RMSD,RMSD,Time (ps),79600,0.20371489,nm,nm
line,overlay,wt-homo-2,wt-homo-2,rmsd,h1sabu3b,h1sabu3b::RMSD,wt-homo-2 / RMSD,RMSD,Time (ps),79700,0.21655183,nm,nm
line,overlay,wt-homo-2,wt-homo-2,rmsd,h1sabu3b,h1sabu3b::RMSD,wt-homo-2 / RMSD,RMSD,Time (ps),79800,0.20862506,nm,nm
line,overlay,wt-homo-2,wt-homo-2,rmsd,h1sabu3b,h1sabu3b::RMSD,wt-homo-2 / RMSD,RMSD,Time (ps),79900,0.19441374,nm,nm
line,overlay,wt-homo-2,wt-homo-2,rmsd,h1sabu3b,h1sabu3b::RMSD,wt-homo-2 / RMSD,RMSD,Time (ps),80000,0.20945574,nm,nm
line,overlay,wt-homo-2,wt-homo-2,rmsd,h1sabu3b,h1sabu3b::RMSD,wt-homo-2 / RMSD,RMSD,Time (ps),80100,0.2184275,nm,nm
line,overlay,wt-homo-2,wt-homo-2,rmsd,h1sabu3b,h1sabu3b::RMSD,wt-homo-2 / RMSD,RMSD,Time (ps),80200,0.21463321,nm,nm
line,overlay,wt-homo-2,wt-homo-2,rmsd,h1sabu3b,h1sabu3b::RMSD,wt-homo-2 / RMSD,RMSD,Time (ps),80300,0.20595191,nm,nm
line,overlay,wt-homo-2,wt-homo-2,rmsd,h1sabu3b,h1sabu3b::RMSD,wt-homo-2 / RMSD,RMSD,Time (ps),80400,0.2078185,nm,nm
line,overlay,wt-homo-2,wt-homo-2,rmsd,h1sabu3b,h1sabu3b::RMSD,wt-homo-2 / RMSD,RMSD,Time (ps),80500,0.2260589,nm,nm
line,overlay,wt-homo-2,wt-homo-2,rmsd,h1sabu3b,h1sabu3b::RMSD,wt-homo-2 / RMSD,RMSD,Time (ps),80600,0.21842988,nm,nm
line,overlay,wt-homo-2,wt-homo-2,rmsd,h1sabu3b,h1sabu3b::RMSD,wt-homo-2 / RMSD,RMSD,Time (ps),80700,0.20503123,nm,nm
line,overlay,wt-homo-2,wt-homo-2,rmsd,h1sabu3b,h1sabu3b::RMSD,wt-homo-2 / RMSD,RMSD,Time (ps),80800,0.19851115,nm,nm
line,overlay,wt-homo-2,wt-homo-2,rmsd,h1sabu3b,h1sabu3b::RMSD,wt-homo-2 / RMSD,RMSD,Time (ps),80900,0.20411907,nm,nm
line,overlay,wt-homo-2,wt-homo-2,rmsd,h1sabu3b,h1sabu3b::RMSD,wt-homo-2 / RMSD,RMSD,Time (ps),81000,0.20231059,nm,nm
line,overlay,wt-homo-2,wt-homo-2,rmsd,h1sabu3b,h1sabu3b::RMSD,wt-homo-2 / RMSD,RMSD,Time (ps),81100,0.21034475,nm,nm
line,overlay,wt-homo-2,wt-homo-2,rmsd,h1sabu3b,h1sabu3b::RMSD,wt-homo-2 / RMSD,RMSD,Time (ps),81200,0.21934868,nm,nm
line,overlay,wt-homo-2,wt-homo-2,rmsd,h1sabu3b,h1sabu3b::RMSD,wt-homo-2 / RMSD,RMSD,Time (ps),81300,0.22884375,nm,nm
line,overlay,wt-homo-2,wt-homo-2,rmsd,h1sabu3b,h1sabu3b::RMSD,wt-homo-2 / RMSD,RMSD,Time (ps),81400,0.2172568,nm,nm
line,overlay,wt-homo-2,wt-homo-2,rmsd,h1sabu3b,h1sabu3b::RMSD,wt-homo-2 / RMSD,RMSD,Time (ps),81500,0.22462814,nm,nm
line,overlay,wt-homo-2,wt-homo-2,rmsd,h1sabu3b,h1sabu3b::RMSD,wt-homo-2 / RMSD,RMSD,Time (ps),81600,0.22505003,nm,nm
line,overlay,wt-homo-2,wt-homo-2,rmsd,h1sabu3b,h1sabu3b::RMSD,wt-homo-2 / RMSD,RMSD,Time (ps),81700,0.22444808,nm,nm
line,overlay,wt-homo-2,wt-homo-2,rmsd,h1sabu3b,h1sabu3b::RMSD,wt-homo-2 / RMSD,RMSD,Time (ps),81800,0.211414,nm,nm
line,overlay,wt-homo-2,wt-homo-2,rmsd,h1sabu3b,h1sabu3b::RMSD,wt-homo-2 / RMSD,RMSD,Time (ps),81900,0.22221765,nm,nm
line,overlay,wt-homo-2,wt-homo-2,rmsd,h1sabu3b,h1sabu3b::RMSD,wt-homo-2 / RMSD,RMSD,Time (ps),82000,0.22532625,nm,nm
line,overlay,wt-homo-2,wt-homo-2,rmsd,h1sabu3b,h1sabu3b::RMSD,wt-homo-2 / RMSD,RMSD,Time (ps),82100,0.22376576,nm,nm
line,overlay,wt-homo-2,wt-homo-2,rmsd,h1sabu3b,h1sabu3b::RMSD,wt-homo-2 / RMSD,RMSD,Time (ps),82200,0.21852714,nm,nm
line,overlay,wt-homo-2,wt-homo-2,rmsd,h1sabu3b,h1sabu3b::RMSD,wt-homo-2 / RMSD,RMSD,Time (ps),82300,0.22790635,nm,nm
line,overlay,wt-homo-2,wt-homo-2,rmsd,h1sabu3b,h1sabu3b::RMSD,wt-homo-2 / RMSD,RMSD,Time (ps),82400,0.2177644,nm,nm
line,overlay,wt-homo-2,wt-homo-2,rmsd,h1sabu3b,h1sabu3b::RMSD,wt-homo-2 / RMSD,RMSD,Time (ps),82500,0.21407704,nm,nm
line,overlay,wt-homo-2,wt-homo-2,rmsd,h1sabu3b,h1sabu3b::RMSD,wt-homo-2 / RMSD,RMSD,Time (ps),82600,0.21321332,nm,nm
line,overlay,wt-homo-2,wt-homo-2,rmsd,h1sabu3b,h1sabu3b::RMSD,wt-homo-2 / RMSD,RMSD,Time (ps),82700,0.22327414,nm,nm
line,overlay,wt-homo-2,wt-homo-2,rmsd,h1sabu3b,h1sabu3b::RMSD,wt-homo-2 / RMSD,RMSD,Time (ps),82800,0.23826066,nm,nm
line,overlay,wt-homo-2,wt-homo-2,rmsd,h1sabu3b,h1sabu3b::RMSD,wt-homo-2 / RMSD,RMSD,Time (ps),82900,0.21702287,nm,nm
line,overlay,wt-homo-2,wt-homo-2,rmsd,h1sabu3b,h1sabu3b::RMSD,wt-homo-2 / RMSD,RMSD,Time (ps),83000,0.21567158,nm,nm
line,overlay,wt-homo-2,wt-homo-2,rmsd,h1sabu3b,h1sabu3b::RMSD,wt-homo-2 / RMSD,RMSD,Time (ps),83100,0.23324102,nm,nm
line,overlay,wt-homo-2,wt-homo-2,rmsd,h1sabu3b,h1sabu3b::RMSD,wt-homo-2 / RMSD,RMSD,Time (ps),83200,0.22675945,nm,nm
line,overlay,wt-homo-2,wt-homo-2,rmsd,h1sabu3b,h1sabu3b::RMSD,wt-homo-2 / RMSD,RMSD,Time (ps),83300,0.22859898,nm,nm
line,overlay,wt-homo-2,wt-homo-2,rmsd,h1sabu3b,h1sabu3b::RMSD,wt-homo-2 / RMSD,RMSD,Time (ps),83400,0.23264466,nm,nm
line,overlay,wt-homo-2,wt-homo-2,rmsd,h1sabu3b,h1sabu3b::RMSD,wt-homo-2 / RMSD,RMSD,Time (ps),83500,0.22374724,nm,nm
line,overlay,wt-homo-2,wt-homo-2,rmsd,h1sabu3b,h1sabu3b::RMSD,wt-homo-2 / RMSD,RMSD,Time (ps),83600,0.22883695,nm,nm
line,overlay,wt-homo-2,wt-homo-2,rmsd,h1sabu3b,h1sabu3b::RMSD,wt-homo-2 / RMSD,RMSD,Time (ps),83700,0.22583407,nm,nm
line,overlay,wt-homo-2,wt-homo-2,rmsd,h1sabu3b,h1sabu3b::RMSD,wt-homo-2 / RMSD,RMSD,Time (ps),83800,0.24153624,nm,nm
line,overlay,wt-homo-2,wt-homo-2,rmsd,h1sabu3b,h1sabu3b::RMSD,wt-homo-2 / RMSD,RMSD,Time (ps),83900,0.23462367,nm,nm
line,overlay,wt-homo-2,wt-homo-2,rmsd,h1sabu3b,h1sabu3b::RMSD,wt-homo-2 / RMSD,RMSD,Time (ps),84000,0.22730969,nm,nm
line,overlay,wt-homo-2,wt-homo-2,rmsd,h1sabu3b,h1sabu3b::RMSD,wt-homo-2 / RMSD,RMSD,Time (ps),84100,0.22292562,nm,nm
line,overlay,wt-homo-2,wt-homo-2,rmsd,h1sabu3b,h1sabu3b::RMSD,wt-homo-2 / RMSD,RMSD,Time (ps),84200,0.21070176,nm,nm
line,overlay,wt-homo-2,wt-homo-2,rmsd,h1sabu3b,h1sabu3b::RMSD,wt-homo-2 / RMSD,RMSD,Time (ps),84300,0.21322547,nm,nm
line,overlay,wt-homo-2,wt-homo-2,rmsd,h1sabu3b,h1sabu3b::RMSD,wt-homo-2 / RMSD,RMSD,Time (ps),84400,0.22200994,nm,nm
line,overlay,wt-homo-2,wt-homo-2,rmsd,h1sabu3b,h1sabu3b::RMSD,wt-homo-2 / RMSD,RMSD,Time (ps),84500,0.21739276,nm,nm
line,overlay,wt-homo-2,wt-homo-2,rmsd,h1sabu3b,h1sabu3b::RMSD,wt-homo-2 / RMSD,RMSD,Time (ps),84600,0.21654704,nm,nm
line,overlay,wt-homo-2,wt-homo-2,rmsd,h1sabu3b,h1sabu3b::RMSD,wt-homo-2 / RMSD,RMSD,Time (ps),84700,0.2282904,nm,nm
line,overlay,wt-homo-2,wt-homo-2,rmsd,h1sabu3b,h1sabu3b::RMSD,wt-homo-2 / RMSD,RMSD,Time (ps),84800,0.23220532,nm,nm
line,overlay,wt-homo-2,wt-homo-2,rmsd,h1sabu3b,h1sabu3b::RMSD,wt-homo-2 / RMSD,RMSD,Time (ps),84900,0.2383955,nm,nm
line,overlay,wt-homo-2,wt-homo-2,rmsd,h1sabu3b,h1sabu3b::RMSD,wt-homo-2 / RMSD,RMSD,Time (ps),85000,0.22884375,nm,nm
line,overlay,wt-homo-2,wt-homo-2,rmsd,h1sabu3b,h1sabu3b::RMSD,wt-homo-2 / RMSD,RMSD,Time (ps),85100,0.24145684,nm,nm
line,overlay,wt-homo-2,wt-homo-2,rmsd,h1sabu3b,h1sabu3b::RMSD,wt-homo-2 / RMSD,RMSD,Time (ps),85200,0.24043712,nm,nm
line,overlay,wt-homo-2,wt-homo-2,rmsd,h1sabu3b,h1sabu3b::RMSD,wt-homo-2 / RMSD,RMSD,Time (ps),85300,0.2354837,nm,nm
line,overlay,wt-homo-2,wt-homo-2,rmsd,h1sabu3b,h1sabu3b::RMSD,wt-homo-2 / RMSD,RMSD,Time (ps),85400,0.22643921,nm,nm
line,overlay,wt-homo-2,wt-homo-2,rmsd,h1sabu3b,h1sabu3b::RMSD,wt-homo-2 / RMSD,RMSD,Time (ps),85500,0.24774227,nm,nm
line,overlay,wt-homo-2,wt-homo-2,rmsd,h1sabu3b,h1sabu3b::RMSD,wt-homo-2 / RMSD,RMSD,Time (ps),85600,0.23728183,nm,nm
line,overlay,wt-homo-2,wt-homo-2,rmsd,h1sabu3b,h1sabu3b::RMSD,wt-homo-2 / RMSD,RMSD,Time (ps),85700,0.2096561,nm,nm
line,overlay,wt-homo-2,wt-homo-2,rmsd,h1sabu3b,h1sabu3b::RMSD,wt-homo-2 / RMSD,RMSD,Time (ps),85800,0.22317196,nm,nm
line,overlay,wt-homo-2,wt-homo-2,rmsd,h1sabu3b,h1sabu3b::RMSD,wt-homo-2 / RMSD,RMSD,Time (ps),85900,0.23131742,nm,nm
line,overlay,wt-homo-2,wt-homo-2,rmsd,h1sabu3b,h1sabu3b::RMSD,wt-homo-2 / RMSD,RMSD,Time (ps),86000,0.22000465,nm,nm
line,overlay,wt-homo-2,wt-homo-2,rmsd,h1sabu3b,h1sabu3b::RMSD,wt-homo-2 / RMSD,RMSD,Time (ps),86100,0.23537363,nm,nm
line,overlay,wt-homo-2,wt-homo-2,rmsd,h1sabu3b,h1sabu3b::RMSD,wt-homo-2 / RMSD,RMSD,Time (ps),86200,0.22273256,nm,nm
line,overlay,wt-homo-2,wt-homo-2,rmsd,h1sabu3b,h1sabu3b::RMSD,wt-homo-2 / RMSD,RMSD,Time (ps),86300,0.23011093,nm,nm
line,overlay,wt-homo-2,wt-homo-2,rmsd,h1sabu3b,h1sabu3b::RMSD,wt-homo-2 / RMSD,RMSD,Time (ps),86400,0.20769875,nm,nm
line,overlay,wt-homo-2,wt-homo-2,rmsd,h1sabu3b,h1sabu3b::RMSD,wt-homo-2 / RMSD,RMSD,Time (ps),86500,0.22736669,nm,nm
line,overlay,wt-homo-2,wt-homo-2,rmsd,h1sabu3b,h1sabu3b::RMSD,wt-homo-2 / RMSD,RMSD,Time (ps),86600,0.22144888,nm,nm
line,overlay,wt-homo-2,wt-homo-2,rmsd,h1sabu3b,h1sabu3b::RMSD,wt-homo-2 / RMSD,RMSD,Time (ps),86700,0.2195164,nm,nm
line,overlay,wt-homo-2,wt-homo-2,rmsd,h1sabu3b,h1sabu3b::RMSD,wt-homo-2 / RMSD,RMSD,Time (ps),86800,0.2237009,nm,nm
line,overlay,wt-homo-2,wt-homo-2,rmsd,h1sabu3b,h1sabu3b::RMSD,wt-homo-2 / RMSD,RMSD,Time (ps),86900,0.21930614,nm,nm
line,overlay,wt-homo-2,wt-homo-2,rmsd,h1sabu3b,h1sabu3b::RMSD,wt-homo-2 / RMSD,RMSD,Time (ps),87000,0.22940253,nm,nm
line,overlay,wt-homo-2,wt-homo-2,rmsd,h1sabu3b,h1sabu3b::RMSD,wt-homo-2 / RMSD,RMSD,Time (ps),87100,0.22293958,nm,nm
line,overlay,wt-homo-2,wt-homo-2,rmsd,h1sabu3b,h1sabu3b::RMSD,wt-homo-2 / RMSD,RMSD,Time (ps),87200,0.22007768,nm,nm
line,overlay,wt-homo-2,wt-homo-2,rmsd,h1sabu3b,h1sabu3b::RMSD,wt-homo-2 / RMSD,RMSD,Time (ps),87300,0.21188177,nm,nm
line,overlay,wt-homo-2,wt-homo-2,rmsd,h1sabu3b,h1sabu3b::RMSD,wt-homo-2 / RMSD,RMSD,Time (ps),87400,0.22209631,nm,nm
line,overlay,wt-homo-2,wt-homo-2,rmsd,h1sabu3b,h1sabu3b::RMSD,wt-homo-2 / RMSD,RMSD,Time (ps),87500,0.21911225,nm,nm
line,overlay,wt-homo-2,wt-homo-2,rmsd,h1sabu3b,h1sabu3b::RMSD,wt-homo-2 / RMSD,RMSD,Time (ps),87600,0.21622126,nm,nm
line,overlay,wt-homo-2,wt-homo-2,rmsd,h1sabu3b,h1sabu3b::RMSD,wt-homo-2 / RMSD,RMSD,Time (ps),87700,0.22702903,nm,nm
line,overlay,wt-homo-2,wt-homo-2,rmsd,h1sabu3b,h1sabu3b::RMSD,wt-homo-2 / RMSD,RMSD,Time (ps),87800,0.21620688,nm,nm
line,overlay,wt-homo-2,wt-homo-2,rmsd,h1sabu3b,h1sabu3b::RMSD,wt-homo-2 / RMSD,RMSD,Time (ps),87900,0.23214059,nm,nm
line,overlay,wt-homo-2,wt-homo-2,rmsd,h1sabu3b,h1sabu3b::RMSD,wt-homo-2 / RMSD,RMSD,Time (ps),88000,0.2214442,nm,nm
line,overlay,wt-homo-2,wt-homo-2,rmsd,h1sabu3b,h1sabu3b::RMSD,wt-homo-2 / RMSD,RMSD,Time (ps),88100,0.22066571,nm,nm
line,overlay,wt-homo-2,wt-homo-2,rmsd,h1sabu3b,h1sabu3b::RMSD,wt-homo-2 / RMSD,RMSD,Time (ps),88200,0.22173893,nm,nm
line,overlay,wt-homo-2,wt-homo-2,rmsd,h1sabu3b,h1sabu3b::RMSD,wt-homo-2 / RMSD,RMSD,Time (ps),88300,0.22298607,nm,nm
line,overlay,wt-homo-2,wt-homo-2,rmsd,h1sabu3b,h1sabu3b::RMSD,wt-homo-2 / RMSD,RMSD,Time (ps),88400,0.22967578,nm,nm
line,overlay,wt-homo-2,wt-homo-2,rmsd,h1sabu3b,h1sabu3b::RMSD,wt-homo-2 / RMSD,RMSD,Time (ps),88500,0.22702675,nm,nm
line,overlay,wt-homo-2,wt-homo-2,rmsd,h1sabu3b,h1sabu3b::RMSD,wt-homo-2 / RMSD,RMSD,Time (ps),88600,0.22276513,nm,nm
line,overlay,wt-homo-2,wt-homo-2,rmsd,h1sabu3b,h1sabu3b::RMSD,wt-homo-2 / RMSD,RMSD,Time (ps),88700,0.20716648,nm,nm
line,overlay,wt-homo-2,wt-homo-2,rmsd,h1sabu3b,h1sabu3b::RMSD,wt-homo-2 / RMSD,RMSD,Time (ps),88800,0.20716399,nm,nm
line,overlay,wt-homo-2,wt-homo-2,rmsd,h1sabu3b,h1sabu3b::RMSD,wt-homo-2 / RMSD,RMSD,Time (ps),88900,0.203636,nm,nm
line,overlay,wt-homo-2,wt-homo-2,rmsd,h1sabu3b,h1sabu3b::RMSD,wt-homo-2 / RMSD,RMSD,Time (ps),89000,0.21220933,nm,nm
line,overlay,wt-homo-2,wt-homo-2,rmsd,h1sabu3b,h1sabu3b::RMSD,wt-homo-2 / RMSD,RMSD,Time (ps),89100,0.22428174,nm,nm
line,overlay,wt-homo-2,wt-homo-2,rmsd,h1sabu3b,h1sabu3b::RMSD,wt-homo-2 / RMSD,RMSD,Time (ps),89200,0.21583015,nm,nm
line,overlay,wt-homo-2,wt-homo-2,rmsd,h1sabu3b,h1sabu3b::RMSD,wt-homo-2 / RMSD,RMSD,Time (ps),89300,0.21387841,nm,nm
line,overlay,wt-homo-2,wt-homo-2,rmsd,h1sabu3b,h1sabu3b::RMSD,wt-homo-2 / RMSD,RMSD,Time (ps),89400,0.21049994,nm,nm
line,overlay,wt-homo-2,wt-homo-2,rmsd,h1sabu3b,h1sabu3b::RMSD,wt-homo-2 / RMSD,RMSD,Time (ps),89500,0.21005625,nm,nm
line,overlay,wt-homo-2,wt-homo-2,rmsd,h1sabu3b,h1sabu3b::RMSD,wt-homo-2 / RMSD,RMSD,Time (ps),89600,0.20739155,nm,nm
line,overlay,wt-homo-2,wt-homo-2,rmsd,h1sabu3b,h1sabu3b::RMSD,wt-homo-2 / RMSD,RMSD,Time (ps),89700,0.20936911,nm,nm
line,overlay,wt-homo-2,wt-homo-2,rmsd,h1sabu3b,h1sabu3b::RMSD,wt-homo-2 / RMSD,RMSD,Time (ps),89800,0.22244146,nm,nm
line,overlay,wt-homo-2,wt-homo-2,rmsd,h1sabu3b,h1sabu3b::RMSD,wt-homo-2 / RMSD,RMSD,Time (ps),89900,0.20521316,nm,nm
line,overlay,wt-homo-2,wt-homo-2,rmsd,h1sabu3b,h1sabu3b::RMSD,wt-homo-2 / RMSD,RMSD,Time (ps),90000,0.21167372,nm,nm
line,overlay,wt-homo-2,wt-homo-2,rmsd,h1sabu3b,h1sabu3b::RMSD,wt-homo-2 / RMSD,RMSD,Time (ps),90100,0.20414446,nm,nm
line,overlay,wt-homo-2,wt-homo-2,rmsd,h1sabu3b,h1sabu3b::RMSD,wt-homo-2 / RMSD,RMSD,Time (ps),90200,0.20479597,nm,nm
line,overlay,wt-homo-2,wt-homo-2,rmsd,h1sabu3b,h1sabu3b::RMSD,wt-homo-2 / RMSD,RMSD,Time (ps),90300,0.20453764,nm,nm
line,overlay,wt-homo-2,wt-homo-2,rmsd,h1sabu3b,h1sabu3b::RMSD,wt-homo-2 / RMSD,RMSD,Time (ps),90400,0.20162278,nm,nm
line,overlay,wt-homo-2,wt-homo-2,rmsd,h1sabu3b,h1sabu3b::RMSD,wt-homo-2 / RMSD,RMSD,Time (ps),90500,0.20159194,nm,nm
line,overlay,wt-homo-2,wt-homo-2,rmsd,h1sabu3b,h1sabu3b::RMSD,wt-homo-2 / RMSD,RMSD,Time (ps),90600,0.20135781,nm,nm
line,overlay,wt-homo-2,wt-homo-2,rmsd,h1sabu3b,h1sabu3b::RMSD,wt-homo-2 / RMSD,RMSD,Time (ps),90700,0.1995503,nm,nm
line,overlay,wt-homo-2,wt-homo-2,rmsd,h1sabu3b,h1sabu3b::RMSD,wt-homo-2 / RMSD,RMSD,Time (ps),90800,0.20953491,nm,nm
line,overlay,wt-homo-2,wt-homo-2,rmsd,h1sabu3b,h1sabu3b::RMSD,wt-homo-2 / RMSD,RMSD,Time (ps),90900,0.2095646,nm,nm
line,overlay,wt-homo-2,wt-homo-2,rmsd,h1sabu3b,h1sabu3b::RMSD,wt-homo-2 / RMSD,RMSD,Time (ps),91000,0.19586407,nm,nm
line,overlay,wt-homo-2,wt-homo-2,rmsd,h1sabu3b,h1sabu3b::RMSD,wt-homo-2 / RMSD,RMSD,Time (ps),91100,0.2079332,nm,nm
line,overlay,wt-homo-2,wt-homo-2,rmsd,h1sabu3b,h1sabu3b::RMSD,wt-homo-2 / RMSD,RMSD,Time (ps),91200,0.19208284,nm,nm
line,overlay,wt-homo-2,wt-homo-2,rmsd,h1sabu3b,h1sabu3b::RMSD,wt-homo-2 / RMSD,RMSD,Time (ps),91300,0.20166133,nm,nm
line,overlay,wt-homo-2,wt-homo-2,rmsd,h1sabu3b,h1sabu3b::RMSD,wt-homo-2 / RMSD,RMSD,Time (ps),91400,0.20339149,nm,nm
line,overlay,wt-homo-2,wt-homo-2,rmsd,h1sabu3b,h1sabu3b::RMSD,wt-homo-2 / RMSD,RMSD,Time (ps),91500,0.19793326,nm,nm
line,overlay,wt-homo-2,wt-homo-2,rmsd,h1sabu3b,h1sabu3b::RMSD,wt-homo-2 / RMSD,RMSD,Time (ps),91600,0.18926375,nm,nm
line,overlay,wt-homo-2,wt-homo-2,rmsd,h1sabu3b,h1sabu3b::RMSD,wt-homo-2 / RMSD,RMSD,Time (ps),91700,0.19595139,nm,nm
line,overlay,wt-homo-2,wt-homo-2,rmsd,h1sabu3b,h1sabu3b::RMSD,wt-homo-2 / RMSD,RMSD,Time (ps),91800,0.20889322,nm,nm
line,overlay,wt-homo-2,wt-homo-2,rmsd,h1sabu3b,h1sabu3b::RMSD,wt-homo-2 / RMSD,RMSD,Time (ps),91900,0.2037785,nm,nm
line,overlay,wt-homo-2,wt-homo-2,rmsd,h1sabu3b,h1sabu3b::RMSD,wt-homo-2 / RMSD,RMSD,Time (ps),92000,0.20076485,nm,nm
line,overlay,wt-homo-2,wt-homo-2,rmsd,h1sabu3b,h1sabu3b::RMSD,wt-homo-2 / RMSD,RMSD,Time (ps),92100,0.19063364,nm,nm
line,overlay,wt-homo-2,wt-homo-2,rmsd,h1sabu3b,h1sabu3b::RMSD,wt-homo-2 / RMSD,RMSD,Time (ps),92200,0.19103836,nm,nm
line,overlay,wt-homo-2,wt-homo-2,rmsd,h1sabu3b,h1sabu3b::RMSD,wt-homo-2 / RMSD,RMSD,Time (ps),92300,0.18033862,nm,nm
line,overlay,wt-homo-2,wt-homo-2,rmsd,h1sabu3b,h1sabu3b::RMSD,wt-homo-2 / RMSD,RMSD,Time (ps),92400,0.19525975,nm,nm
line,overlay,wt-homo-2,wt-homo-2,rmsd,h1sabu3b,h1sabu3b::RMSD,wt-homo-2 / RMSD,RMSD,Time (ps),92500,0.19538713,nm,nm
line,overlay,wt-homo-2,wt-homo-2,rmsd,h1sabu3b,h1sabu3b::RMSD,wt-homo-2 / RMSD,RMSD,Time (ps),92600,0.1742665,nm,nm
line,overlay,wt-homo-2,wt-homo-2,rmsd,h1sabu3b,h1sabu3b::RMSD,wt-homo-2 / RMSD,RMSD,Time (ps),92700,0.17325523,nm,nm
line,overlay,wt-homo-2,wt-homo-2,rmsd,h1sabu3b,h1sabu3b::RMSD,wt-homo-2 / RMSD,RMSD,Time (ps),92800,0.18691023,nm,nm
line,overlay,wt-homo-2,wt-homo-2,rmsd,h1sabu3b,h1sabu3b::RMSD,wt-homo-2 / RMSD,RMSD,Time (ps),92900,0.2037963,nm,nm
line,overlay,wt-homo-2,wt-homo-2,rmsd,h1sabu3b,h1sabu3b::RMSD,wt-homo-2 / RMSD,RMSD,Time (ps),93000,0.20211065,nm,nm
line,overlay,wt-homo-2,wt-homo-2,rmsd,h1sabu3b,h1sabu3b::RMSD,wt-homo-2 / RMSD,RMSD,Time (ps),93100,0.20059955,nm,nm
line,overlay,wt-homo-2,wt-homo-2,rmsd,h1sabu3b,h1sabu3b::RMSD,wt-homo-2 / RMSD,RMSD,Time (ps),93200,0.20458072,nm,nm
line,overlay,wt-homo-2,wt-homo-2,rmsd,h1sabu3b,h1sabu3b::RMSD,wt-homo-2 / RMSD,RMSD,Time (ps),93300,0.19784419,nm,nm
line,overlay,wt-homo-2,wt-homo-2,rmsd,h1sabu3b,h1sabu3b::RMSD,wt-homo-2 / RMSD,RMSD,Time (ps),93400,0.21026589,nm,nm
line,overlay,wt-homo-2,wt-homo-2,rmsd,h1sabu3b,h1sabu3b::RMSD,wt-homo-2 / RMSD,RMSD,Time (ps),93500,0.18300635,nm,nm
line,overlay,wt-homo-2,wt-homo-2,rmsd,h1sabu3b,h1sabu3b::RMSD,wt-homo-2 / RMSD,RMSD,Time (ps),93600,0.19047588,nm,nm
line,overlay,wt-homo-2,wt-homo-2,rmsd,h1sabu3b,h1sabu3b::RMSD,wt-homo-2 / RMSD,RMSD,Time (ps),93700,0.18803279,nm,nm
line,overlay,wt-homo-2,wt-homo-2,rmsd,h1sabu3b,h1sabu3b::RMSD,wt-homo-2 / RMSD,RMSD,Time (ps),93800,0.19337648,nm,nm
line,overlay,wt-homo-2,wt-homo-2,rmsd,h1sabu3b,h1sabu3b::RMSD,wt-homo-2 / RMSD,RMSD,Time (ps),93900,0.20183861,nm,nm
line,overlay,wt-homo-2,wt-homo-2,rmsd,h1sabu3b,h1sabu3b::RMSD,wt-homo-2 / RMSD,RMSD,Time (ps),94000,0.17949449,nm,nm
line,overlay,wt-homo-2,wt-homo-2,rmsd,h1sabu3b,h1sabu3b::RMSD,wt-homo-2 / RMSD,RMSD,Time (ps),94100,0.19058469,nm,nm
line,overlay,wt-homo-2,wt-homo-2,rmsd,h1sabu3b,h1sabu3b::RMSD,wt-homo-2 / RMSD,RMSD,Time (ps),94200,0.18999632,nm,nm
line,overlay,wt-homo-2,wt-homo-2,rmsd,h1sabu3b,h1sabu3b::RMSD,wt-homo-2 / RMSD,RMSD,Time (ps),94300,0.17595966,nm,nm
line,overlay,wt-homo-2,wt-homo-2,rmsd,h1sabu3b,h1sabu3b::RMSD,wt-homo-2 / RMSD,RMSD,Time (ps),94400,0.18447332,nm,nm
line,overlay,wt-homo-2,wt-homo-2,rmsd,h1sabu3b,h1sabu3b::RMSD,wt-homo-2 / RMSD,RMSD,Time (ps),94500,0.18837981,nm,nm
line,overlay,wt-homo-2,wt-homo-2,rmsd,h1sabu3b,h1sabu3b::RMSD,wt-homo-2 / RMSD,RMSD,Time (ps),94600,0.1880383,nm,nm
line,overlay,wt-homo-2,wt-homo-2,rmsd,h1sabu3b,h1sabu3b::RMSD,wt-homo-2 / RMSD,RMSD,Time (ps),94700,0.19148824,nm,nm
line,overlay,wt-homo-2,wt-homo-2,rmsd,h1sabu3b,h1sabu3b::RMSD,wt-homo-2 / RMSD,RMSD,Time (ps),94800,0.19152884,nm,nm
line,overlay,wt-homo-2,wt-homo-2,rmsd,h1sabu3b,h1sabu3b::RMSD,wt-homo-2 / RMSD,RMSD,Time (ps),94900,0.19478664,nm,nm
line,overlay,wt-homo-2,wt-homo-2,rmsd,h1sabu3b,h1sabu3b::RMSD,wt-homo-2 / RMSD,RMSD,Time (ps),95000,0.194555,nm,nm
line,overlay,wt-homo-2,wt-homo-2,rmsd,h1sabu3b,h1sabu3b::RMSD,wt-homo-2 / RMSD,RMSD,Time (ps),95100,0.19326119,nm,nm
line,overlay,wt-homo-2,wt-homo-2,rmsd,h1sabu3b,h1sabu3b::RMSD,wt-homo-2 / RMSD,RMSD,Time (ps),95200,0.18509886,nm,nm
line,overlay,wt-homo-2,wt-homo-2,rmsd,h1sabu3b,h1sabu3b::RMSD,wt-homo-2 / RMSD,RMSD,Time (ps),95300,0.1780913,nm,nm
line,overlay,wt-homo-2,wt-homo-2,rmsd,h1sabu3b,h1sabu3b::RMSD,wt-homo-2 / RMSD,RMSD,Time (ps),95400,0.18448456,nm,nm
line,overlay,wt-homo-2,wt-homo-2,rmsd,h1sabu3b,h1sabu3b::RMSD,wt-homo-2 / RMSD,RMSD,Time (ps),95500,0.1877017,nm,nm
line,overlay,wt-homo-2,wt-homo-2,rmsd,h1sabu3b,h1sabu3b::RMSD,wt-homo-2 / RMSD,RMSD,Time (ps),95600,0.19202887,nm,nm
line,overlay,wt-homo-2,wt-homo-2,rmsd,h1sabu3b,h1sabu3b::RMSD,wt-homo-2 / RMSD,RMSD,Time (ps),95700,0.19212061,nm,nm
line,overlay,wt-homo-2,wt-homo-2,rmsd,h1sabu3b,h1sabu3b::RMSD,wt-homo-2 / RMSD,RMSD,Time (ps),95800,0.18710148,nm,nm
line,overlay,wt-homo-2,wt-homo-2,rmsd,h1sabu3b,h1sabu3b::RMSD,wt-homo-2 / RMSD,RMSD,Time (ps),95900,0.1830715,nm,nm
line,overlay,wt-homo-2,wt-homo-2,rmsd,h1sabu3b,h1sabu3b::RMSD,wt-homo-2 / RMSD,RMSD,Time (ps),96000,0.19431506,nm,nm
line,overlay,wt-homo-2,wt-homo-2,rmsd,h1sabu3b,h1sabu3b::RMSD,wt-homo-2 / RMSD,RMSD,Time (ps),96100,0.17728616,nm,nm
line,overlay,wt-homo-2,wt-homo-2,rmsd,h1sabu3b,h1sabu3b::RMSD,wt-homo-2 / RMSD,RMSD,Time (ps),96200,0.18197814,nm,nm
line,overlay,wt-homo-2,wt-homo-2,rmsd,h1sabu3b,h1sabu3b::RMSD,wt-homo-2 / RMSD,RMSD,Time (ps),96300,0.18762437,nm,nm
line,overlay,wt-homo-2,wt-homo-2,rmsd,h1sabu3b,h1sabu3b::RMSD,wt-homo-2 / RMSD,RMSD,Time (ps),96400,0.18322149,nm,nm
line,overlay,wt-homo-2,wt-homo-2,rmsd,h1sabu3b,h1sabu3b::RMSD,wt-homo-2 / RMSD,RMSD,Time (ps),96500,0.19095422,nm,nm
line,overlay,wt-homo-2,wt-homo-2,rmsd,h1sabu3b,h1sabu3b::RMSD,wt-homo-2 / RMSD,RMSD,Time (ps),96600,0.18984349,nm,nm
line,overlay,wt-homo-2,wt-homo-2,rmsd,h1sabu3b,h1sabu3b::RMSD,wt-homo-2 / RMSD,RMSD,Time (ps),96700,0.19500206,nm,nm
line,overlay,wt-homo-2,wt-homo-2,rmsd,h1sabu3b,h1sabu3b::RMSD,wt-homo-2 / RMSD,RMSD,Time (ps),96800,0.18409078,nm,nm
line,overlay,wt-homo-2,wt-homo-2,rmsd,h1sabu3b,h1sabu3b::RMSD,wt-homo-2 / RMSD,RMSD,Time (ps),96900,0.20165363,nm,nm
line,overlay,wt-homo-2,wt-homo-2,rmsd,h1sabu3b,h1sabu3b::RMSD,wt-homo-2 / RMSD,RMSD,Time (ps),97000,0.18334876,nm,nm
line,overlay,wt-homo-2,wt-homo-2,rmsd,h1sabu3b,h1sabu3b::RMSD,wt-homo-2 / RMSD,RMSD,Time (ps),97100,0.19084018,nm,nm
line,overlay,wt-homo-2,wt-homo-2,rmsd,h1sabu3b,h1sabu3b::RMSD,wt-homo-2 / RMSD,RMSD,Time (ps),97200,0.20725153,nm,nm
line,overlay,wt-homo-2,wt-homo-2,rmsd,h1sabu3b,h1sabu3b::RMSD,wt-homo-2 / RMSD,RMSD,Time (ps),97300,0.18837431,nm,nm
line,overlay,wt-homo-2,wt-homo-2,rmsd,h1sabu3b,h1sabu3b::RMSD,wt-homo-2 / RMSD,RMSD,Time (ps),97400,0.1995555,nm,nm
line,overlay,wt-homo-2,wt-homo-2,rmsd,h1sabu3b,h1sabu3b::RMSD,wt-homo-2 / RMSD,RMSD,Time (ps),97500,0.17959553,nm,nm
line,overlay,wt-homo-2,wt-homo-2,rmsd,h1sabu3b,h1sabu3b::RMSD,wt-homo-2 / RMSD,RMSD,Time (ps),97600,0.18698786,nm,nm
line,overlay,wt-homo-2,wt-homo-2,rmsd,h1sabu3b,h1sabu3b::RMSD,wt-homo-2 / RMSD,RMSD,Time (ps),97700,0.18442553,nm,nm
line,overlay,wt-homo-2,wt-homo-2,rmsd,h1sabu3b,h1sabu3b::RMSD,wt-homo-2 / RMSD,RMSD,Time (ps),97800,0.19318876,nm,nm
line,overlay,wt-homo-2,wt-homo-2,rmsd,h1sabu3b,h1sabu3b::RMSD,wt-homo-2 / RMSD,RMSD,Time (ps),97900,0.18893757,nm,nm
line,overlay,wt-homo-2,wt-homo-2,rmsd,h1sabu3b,h1sabu3b::RMSD,wt-homo-2 / RMSD,RMSD,Time (ps),98000,0.17871018,nm,nm
line,overlay,wt-homo-2,wt-homo-2,rmsd,h1sabu3b,h1sabu3b::RMSD,wt-homo-2 / RMSD,RMSD,Time (ps),98100,0.18770446,nm,nm
line,overlay,wt-homo-2,wt-homo-2,rmsd,h1sabu3b,h1sabu3b::RMSD,wt-homo-2 / RMSD,RMSD,Time (ps),98200,0.19100308,nm,nm
line,overlay,wt-homo-2,wt-homo-2,rmsd,h1sabu3b,h1sabu3b::RMSD,wt-homo-2 / RMSD,RMSD,Time (ps),98300,0.18681315,nm,nm
line,overlay,wt-homo-2,wt-homo-2,rmsd,h1sabu3b,h1sabu3b::RMSD,wt-homo-2 / RMSD,RMSD,Time (ps),98400,0.18804382,nm,nm
line,overlay,wt-homo-2,wt-homo-2,rmsd,h1sabu3b,h1sabu3b::RMSD,wt-homo-2 / RMSD,RMSD,Time (ps),98500,0.1710694,nm,nm
line,overlay,wt-homo-2,wt-homo-2,rmsd,h1sabu3b,h1sabu3b::RMSD,wt-homo-2 / RMSD,RMSD,Time (ps),98600,0.1832611,nm,nm
line,overlay,wt-homo-2,wt-homo-2,rmsd,h1sabu3b,h1sabu3b::RMSD,wt-homo-2 / RMSD,RMSD,Time (ps),98700,0.17560285,nm,nm
line,overlay,wt-homo-2,wt-homo-2,rmsd,h1sabu3b,h1sabu3b::RMSD,wt-homo-2 / RMSD,RMSD,Time (ps),98800,0.18984349,nm,nm
line,overlay,wt-homo-2,wt-homo-2,rmsd,h1sabu3b,h1sabu3b::RMSD,wt-homo-2 / RMSD,RMSD,Time (ps),98900,0.186741,nm,nm
line,overlay,wt-homo-2,wt-homo-2,rmsd,h1sabu3b,h1sabu3b::RMSD,wt-homo-2 / RMSD,RMSD,Time (ps),99000,0.19101393,nm,nm
line,overlay,wt-homo-2,wt-homo-2,rmsd,h1sabu3b,h1sabu3b::RMSD,wt-homo-2 / RMSD,RMSD,Time (ps),99100,0.18651602,nm,nm
line,overlay,wt-homo-2,wt-homo-2,rmsd,h1sabu3b,h1sabu3b::RMSD,wt-homo-2 / RMSD,RMSD,Time (ps),99200,0.17823386,nm,nm
line,overlay,wt-homo-2,wt-homo-2,rmsd,h1sabu3b,h1sabu3b::RMSD,wt-homo-2 / RMSD,RMSD,Time (ps),99300,0.1806373,nm,nm
line,overlay,wt-homo-2,wt-homo-2,rmsd,h1sabu3b,h1sabu3b::RMSD,wt-homo-2 / RMSD,RMSD,Time (ps),99400,0.18604298,nm,nm
line,overlay,wt-homo-2,wt-homo-2,rmsd,h1sabu3b,h1sabu3b::RMSD,wt-homo-2 / RMSD,RMSD,Time (ps),99500,0.17826004,nm,nm
line,overlay,wt-homo-2,wt-homo-2,rmsd,h1sabu3b,h1sabu3b::RMSD,wt-homo-2 / RMSD,RMSD,Time (ps),99600,0.19098409,nm,nm
line,overlay,wt-homo-2,wt-homo-2,rmsd,h1sabu3b,h1sabu3b::RMSD,wt-homo-2 / RMSD,RMSD,Time (ps),99700,0.20052719,nm,nm
line,overlay,wt-homo-2,wt-homo-2,rmsd,h1sabu3b,h1sabu3b::RMSD,wt-homo-2 / RMSD,RMSD,Time (ps),99800,0.18420337,nm,nm
line,overlay,wt-homo-2,wt-homo-2,rmsd,h1sabu3b,h1sabu3b::RMSD,wt-homo-2 / RMSD,RMSD,Time (ps),99900,0.18428777,nm,nm
line,overlay,wt-homo-2,wt-homo-2,rmsd,h1sabu3b,h1sabu3b::RMSD,wt-homo-2 / RMSD,RMSD,Time (ps),100000,0.17897971,nm,nm
line,overlay,wt-homo-3,wt-homo-3,rmsd,lcqhvqco,lcqhvqco::RMSD,wt-homo-3 / RMSD,RMSD,Time (ps),0,0.001439924,nm,nm
line,overlay,wt-homo-3,wt-homo-3,rmsd,lcqhvqco,lcqhvqco::RMSD,wt-homo-3 / RMSD,RMSD,Time (ps),100,0.085144445,nm,nm
line,overlay,wt-homo-3,wt-homo-3,rmsd,lcqhvqco,lcqhvqco::RMSD,wt-homo-3 / RMSD,RMSD,Time (ps),200,0.09143801,nm,nm
line,overlay,wt-homo-3,wt-homo-3,rmsd,lcqhvqco,lcqhvqco::RMSD,wt-homo-3 / RMSD,RMSD,Time (ps),300,0.08481507,nm,nm
line,overlay,wt-homo-3,wt-homo-3,rmsd,lcqhvqco,lcqhvqco::RMSD,wt-homo-3 / RMSD,RMSD,Time (ps),400,0.100918025,nm,nm
line,overlay,wt-homo-3,wt-homo-3,rmsd,lcqhvqco,lcqhvqco::RMSD,wt-homo-3 / RMSD,RMSD,Time (ps),500,0.10676335,nm,nm
line,overlay,wt-homo-3,wt-homo-3,rmsd,lcqhvqco,lcqhvqco::RMSD,wt-homo-3 / RMSD,RMSD,Time (ps),600,0.10743609,nm,nm
line,overlay,wt-homo-3,wt-homo-3,rmsd,lcqhvqco,lcqhvqco::RMSD,wt-homo-3 / RMSD,RMSD,Time (ps),700,0.104639985,nm,nm
line,overlay,wt-homo-3,wt-homo-3,rmsd,lcqhvqco,lcqhvqco::RMSD,wt-homo-3 / RMSD,RMSD,Time (ps),800,0.09666814,nm,nm
line,overlay,wt-homo-3,wt-homo-3,rmsd,lcqhvqco,lcqhvqco::RMSD,wt-homo-3 / RMSD,RMSD,Time (ps),900,0.09036598,nm,nm
line,overlay,wt-homo-3,wt-homo-3,rmsd,lcqhvqco,lcqhvqco::RMSD,wt-homo-3 / RMSD,RMSD,Time (ps),1000,0.10485277,nm,nm
line,overlay,wt-homo-3,wt-homo-3,rmsd,lcqhvqco,lcqhvqco::RMSD,wt-homo-3 / RMSD,RMSD,Time (ps),1100,0.102760546,nm,nm
line,overlay,wt-homo-3,wt-homo-3,rmsd,lcqhvqco,lcqhvqco::RMSD,wt-homo-3 / RMSD,RMSD,Time (ps),1200,0.10176199,nm,nm
line,overlay,wt-homo-3,wt-homo-3,rmsd,lcqhvqco,lcqhvqco::RMSD,wt-homo-3 / RMSD,RMSD,Time (ps),1300,0.09549204,nm,nm
line,overlay,wt-homo-3,wt-homo-3,rmsd,lcqhvqco,lcqhvqco::RMSD,wt-homo-3 / RMSD,RMSD,Time (ps),1400,0.104188226,nm,nm
line,overlay,wt-homo-3,wt-homo-3,rmsd,lcqhvqco,lcqhvqco::RMSD,wt-homo-3 / RMSD,RMSD,Time (ps),1500,0.09488214,nm,nm
line,overlay,wt-homo-3,wt-homo-3,rmsd,lcqhvqco,lcqhvqco::RMSD,wt-homo-3 / RMSD,RMSD,Time (ps),1600,0.11054641,nm,nm
line,overlay,wt-homo-3,wt-homo-3,rmsd,lcqhvqco,lcqhvqco::RMSD,wt-homo-3 / RMSD,RMSD,Time (ps),1700,0.10809504,nm,nm
line,overlay,wt-homo-3,wt-homo-3,rmsd,lcqhvqco,lcqhvqco::RMSD,wt-homo-3 / RMSD,RMSD,Time (ps),1800,0.10638398,nm,nm
line,overlay,wt-homo-3,wt-homo-3,rmsd,lcqhvqco,lcqhvqco::RMSD,wt-homo-3 / RMSD,RMSD,Time (ps),1900,0.11168001,nm,nm
line,overlay,wt-homo-3,wt-homo-3,rmsd,lcqhvqco,lcqhvqco::RMSD,wt-homo-3 / RMSD,RMSD,Time (ps),2000,0.10355947,nm,nm
line,overlay,wt-homo-3,wt-homo-3,rmsd,lcqhvqco,lcqhvqco::RMSD,wt-homo-3 / RMSD,RMSD,Time (ps),2100,0.112737864,nm,nm
line,overlay,wt-homo-3,wt-homo-3,rmsd,lcqhvqco,lcqhvqco::RMSD,wt-homo-3 / RMSD,RMSD,Time (ps),2200,0.1136765,nm,nm
line,overlay,wt-homo-3,wt-homo-3,rmsd,lcqhvqco,lcqhvqco::RMSD,wt-homo-3 / RMSD,RMSD,Time (ps),2300,0.11107966,nm,nm
line,overlay,wt-homo-3,wt-homo-3,rmsd,lcqhvqco,lcqhvqco::RMSD,wt-homo-3 / RMSD,RMSD,Time (ps),2400,0.13583834,nm,nm
line,overlay,wt-homo-3,wt-homo-3,rmsd,lcqhvqco,lcqhvqco::RMSD,wt-homo-3 / RMSD,RMSD,Time (ps),2500,0.11941823,nm,nm
line,overlay,wt-homo-3,wt-homo-3,rmsd,lcqhvqco,lcqhvqco::RMSD,wt-homo-3 / RMSD,RMSD,Time (ps),2600,0.13249648,nm,nm
line,overlay,wt-homo-3,wt-homo-3,rmsd,lcqhvqco,lcqhvqco::RMSD,wt-homo-3 / RMSD,RMSD,Time (ps),2700,0.12604065,nm,nm
line,overlay,wt-homo-3,wt-homo-3,rmsd,lcqhvqco,lcqhvqco::RMSD,wt-homo-3 / RMSD,RMSD,Time (ps),2800,0.11730742,nm,nm
line,overlay,wt-homo-3,wt-homo-3,rmsd,lcqhvqco,lcqhvqco::RMSD,wt-homo-3 / RMSD,RMSD,Time (ps),2900,0.12893954,nm,nm
line,overlay,wt-homo-3,wt-homo-3,rmsd,lcqhvqco,lcqhvqco::RMSD,wt-homo-3 / RMSD,RMSD,Time (ps),3000,0.12189278,nm,nm
line,overlay,wt-homo-3,wt-homo-3,rmsd,lcqhvqco,lcqhvqco::RMSD,wt-homo-3 / RMSD,RMSD,Time (ps),3100,0.11487399,nm,nm
line,overlay,wt-homo-3,wt-homo-3,rmsd,lcqhvqco,lcqhvqco::RMSD,wt-homo-3 / RMSD,RMSD,Time (ps),3200,0.11201831,nm,nm
line,overlay,wt-homo-3,wt-homo-3,rmsd,lcqhvqco,lcqhvqco::RMSD,wt-homo-3 / RMSD,RMSD,Time (ps),3300,0.12529822,nm,nm
line,overlay,wt-homo-3,wt-homo-3,rmsd,lcqhvqco,lcqhvqco::RMSD,wt-homo-3 / RMSD,RMSD,Time (ps),3400,0.112875715,nm,nm
line,overlay,wt-homo-3,wt-homo-3,rmsd,lcqhvqco,lcqhvqco::RMSD,wt-homo-3 / RMSD,RMSD,Time (ps),3500,0.122942865,nm,nm
line,overlay,wt-homo-3,wt-homo-3,rmsd,lcqhvqco,lcqhvqco::RMSD,wt-homo-3 / RMSD,RMSD,Time (ps),3600,0.13023952,nm,nm
line,overlay,wt-homo-3,wt-homo-3,rmsd,lcqhvqco,lcqhvqco::RMSD,wt-homo-3 / RMSD,RMSD,Time (ps),3700,0.12723584,nm,nm
line,overlay,wt-homo-3,wt-homo-3,rmsd,lcqhvqco,lcqhvqco::RMSD,wt-homo-3 / RMSD,RMSD,Time (ps),3800,0.11812644,nm,nm
line,overlay,wt-homo-3,wt-homo-3,rmsd,lcqhvqco,lcqhvqco::RMSD,wt-homo-3 / RMSD,RMSD,Time (ps),3900,0.12361561,nm,nm
line,overlay,wt-homo-3,wt-homo-3,rmsd,lcqhvqco,lcqhvqco::RMSD,wt-homo-3 / RMSD,RMSD,Time (ps),4000,0.12083785,nm,nm
line,overlay,wt-homo-3,wt-homo-3,rmsd,lcqhvqco,lcqhvqco::RMSD,wt-homo-3 / RMSD,RMSD,Time (ps),4100,0.11898339,nm,nm
line,overlay,wt-homo-3,wt-homo-3,rmsd,lcqhvqco,lcqhvqco::RMSD,wt-homo-3 / RMSD,RMSD,Time (ps),4200,0.12910828,nm,nm
line,overlay,wt-homo-3,wt-homo-3,rmsd,lcqhvqco,lcqhvqco::RMSD,wt-homo-3 / RMSD,RMSD,Time (ps),4300,0.12373296,nm,nm
line,overlay,wt-homo-3,wt-homo-3,rmsd,lcqhvqco,lcqhvqco::RMSD,wt-homo-3 / RMSD,RMSD,Time (ps),4400,0.12990876,nm,nm
line,overlay,wt-homo-3,wt-homo-3,rmsd,lcqhvqco,lcqhvqco::RMSD,wt-homo-3 / RMSD,RMSD,Time (ps),4500,0.11969571,nm,nm
line,overlay,wt-homo-3,wt-homo-3,rmsd,lcqhvqco,lcqhvqco::RMSD,wt-homo-3 / RMSD,RMSD,Time (ps),4600,0.10975111,nm,nm
line,overlay,wt-homo-3,wt-homo-3,rmsd,lcqhvqco,lcqhvqco::RMSD,wt-homo-3 / RMSD,RMSD,Time (ps),4700,0.1180079,nm,nm
line,overlay,wt-homo-3,wt-homo-3,rmsd,lcqhvqco,lcqhvqco::RMSD,wt-homo-3 / RMSD,RMSD,Time (ps),4800,0.12981296,nm,nm
line,overlay,wt-homo-3,wt-homo-3,rmsd,lcqhvqco,lcqhvqco::RMSD,wt-homo-3 / RMSD,RMSD,Time (ps),4900,0.13336214,nm,nm
line,overlay,wt-homo-3,wt-homo-3,rmsd,lcqhvqco,lcqhvqco::RMSD,wt-homo-3 / RMSD,RMSD,Time (ps),5000,0.13379677,nm,nm
line,overlay,wt-homo-3,wt-homo-3,rmsd,lcqhvqco,lcqhvqco::RMSD,wt-homo-3 / RMSD,RMSD,Time (ps),5100,0.12029184,nm,nm
line,overlay,wt-homo-3,wt-homo-3,rmsd,lcqhvqco,lcqhvqco::RMSD,wt-homo-3 / RMSD,RMSD,Time (ps),5200,0.124147005,nm,nm
line,overlay,wt-homo-3,wt-homo-3,rmsd,lcqhvqco,lcqhvqco::RMSD,wt-homo-3 / RMSD,RMSD,Time (ps),5300,0.12683189,nm,nm
line,overlay,wt-homo-3,wt-homo-3,rmsd,lcqhvqco,lcqhvqco::RMSD,wt-homo-3 / RMSD,RMSD,Time (ps),5400,0.13949437,nm,nm
line,overlay,wt-homo-3,wt-homo-3,rmsd,lcqhvqco,lcqhvqco::RMSD,wt-homo-3 / RMSD,RMSD,Time (ps),5500,0.12405512,nm,nm
line,overlay,wt-homo-3,wt-homo-3,rmsd,lcqhvqco,lcqhvqco::RMSD,wt-homo-3 / RMSD,RMSD,Time (ps),5600,0.12674603,nm,nm
line,overlay,wt-homo-3,wt-homo-3,rmsd,lcqhvqco,lcqhvqco::RMSD,wt-homo-3 / RMSD,RMSD,Time (ps),5700,0.14038704,nm,nm
line,overlay,wt-homo-3,wt-homo-3,rmsd,lcqhvqco,lcqhvqco::RMSD,wt-homo-3 / RMSD,RMSD,Time (ps),5800,0.12760602,nm,nm
line,overlay,wt-homo-3,wt-homo-3,rmsd,lcqhvqco,lcqhvqco::RMSD,wt-homo-3 / RMSD,RMSD,Time (ps),5900,0.13264897,nm,nm
line,overlay,wt-homo-3,wt-homo-3,rmsd,lcqhvqco,lcqhvqco::RMSD,wt-homo-3 / RMSD,RMSD,Time (ps),6000,0.12271498,nm,nm
line,overlay,wt-homo-3,wt-homo-3,rmsd,lcqhvqco,lcqhvqco::RMSD,wt-homo-3 / RMSD,RMSD,Time (ps),6100,0.13096187,nm,nm
line,overlay,wt-homo-3,wt-homo-3,rmsd,lcqhvqco,lcqhvqco::RMSD,wt-homo-3 / RMSD,RMSD,Time (ps),6200,0.13195944,nm,nm
line,overlay,wt-homo-3,wt-homo-3,rmsd,lcqhvqco,lcqhvqco::RMSD,wt-homo-3 / RMSD,RMSD,Time (ps),6300,0.1348464,nm,nm
line,overlay,wt-homo-3,wt-homo-3,rmsd,lcqhvqco,lcqhvqco::RMSD,wt-homo-3 / RMSD,RMSD,Time (ps),6400,0.13098957,nm,nm
line,overlay,wt-homo-3,wt-homo-3,rmsd,lcqhvqco,lcqhvqco::RMSD,wt-homo-3 / RMSD,RMSD,Time (ps),6500,0.124975115,nm,nm
line,overlay,wt-homo-3,wt-homo-3,rmsd,lcqhvqco,lcqhvqco::RMSD,wt-homo-3 / RMSD,RMSD,Time (ps),6600,0.12810874,nm,nm
line,overlay,wt-homo-3,wt-homo-3,rmsd,lcqhvqco,lcqhvqco::RMSD,wt-homo-3 / RMSD,RMSD,Time (ps),6700,0.12459295,nm,nm
line,overlay,wt-homo-3,wt-homo-3,rmsd,lcqhvqco,lcqhvqco::RMSD,wt-homo-3 / RMSD,RMSD,Time (ps),6800,0.13346705,nm,nm
line,overlay,wt-homo-3,wt-homo-3,rmsd,lcqhvqco,lcqhvqco::RMSD,wt-homo-3 / RMSD,RMSD,Time (ps),6900,0.12817346,nm,nm
line,overlay,wt-homo-3,wt-homo-3,rmsd,lcqhvqco,lcqhvqco::RMSD,wt-homo-3 / RMSD,RMSD,Time (ps),7000,0.12718695,nm,nm
line,overlay,wt-homo-3,wt-homo-3,rmsd,lcqhvqco,lcqhvqco::RMSD,wt-homo-3 / RMSD,RMSD,Time (ps),7100,0.11393157,nm,nm
line,overlay,wt-homo-3,wt-homo-3,rmsd,lcqhvqco,lcqhvqco::RMSD,wt-homo-3 / RMSD,RMSD,Time (ps),7200,0.114449054,nm,nm
line,overlay,wt-homo-3,wt-homo-3,rmsd,lcqhvqco,lcqhvqco::RMSD,wt-homo-3 / RMSD,RMSD,Time (ps),7300,0.12204152,nm,nm
line,overlay,wt-homo-3,wt-homo-3,rmsd,lcqhvqco,lcqhvqco::RMSD,wt-homo-3 / RMSD,RMSD,Time (ps),7400,0.12865381,nm,nm
line,overlay,wt-homo-3,wt-homo-3,rmsd,lcqhvqco,lcqhvqco::RMSD,wt-homo-3 / RMSD,RMSD,Time (ps),7500,0.102730274,nm,nm
line,overlay,wt-homo-3,wt-homo-3,rmsd,lcqhvqco,lcqhvqco::RMSD,wt-homo-3 / RMSD,RMSD,Time (ps),7600,0.12004597,nm,nm
line,overlay,wt-homo-3,wt-homo-3,rmsd,lcqhvqco,lcqhvqco::RMSD,wt-homo-3 / RMSD,RMSD,Time (ps),7700,0.12825836,nm,nm
line,overlay,wt-homo-3,wt-homo-3,rmsd,lcqhvqco,lcqhvqco::RMSD,wt-homo-3 / RMSD,RMSD,Time (ps),7800,0.13105287,nm,nm
line,overlay,wt-homo-3,wt-homo-3,rmsd,lcqhvqco,lcqhvqco::RMSD,wt-homo-3 / RMSD,RMSD,Time (ps),7900,0.12835935,nm,nm
line,overlay,wt-homo-3,wt-homo-3,rmsd,lcqhvqco,lcqhvqco::RMSD,wt-homo-3 / RMSD,RMSD,Time (ps),8000,0.13029522,nm,nm
line,overlay,wt-homo-3,wt-homo-3,rmsd,lcqhvqco,lcqhvqco::RMSD,wt-homo-3 / RMSD,RMSD,Time (ps),8100,0.13609758,nm,nm
line,overlay,wt-homo-3,wt-homo-3,rmsd,lcqhvqco,lcqhvqco::RMSD,wt-homo-3 / RMSD,RMSD,Time (ps),8200,0.12029184,nm,nm
line,overlay,wt-homo-3,wt-homo-3,rmsd,lcqhvqco,lcqhvqco::RMSD,wt-homo-3 / RMSD,RMSD,Time (ps),8300,0.14403918,nm,nm
line,overlay,wt-homo-3,wt-homo-3,rmsd,lcqhvqco,lcqhvqco::RMSD,wt-homo-3 / RMSD,RMSD,Time (ps),8400,0.10964243,nm,nm
line,overlay,wt-homo-3,wt-homo-3,rmsd,lcqhvqco,lcqhvqco::RMSD,wt-homo-3 / RMSD,RMSD,Time (ps),8500,0.12001142,nm,nm
line,overlay,wt-homo-3,wt-homo-3,rmsd,lcqhvqco,lcqhvqco::RMSD,wt-homo-3 / RMSD,RMSD,Time (ps),8600,0.119201005,nm,nm
line,overlay,wt-homo-3,wt-homo-3,rmsd,lcqhvqco,lcqhvqco::RMSD,wt-homo-3 / RMSD,RMSD,Time (ps),8700,0.114054345,nm,nm
line,overlay,wt-homo-3,wt-homo-3,rmsd,lcqhvqco,lcqhvqco::RMSD,wt-homo-3 / RMSD,RMSD,Time (ps),8800,0.12638153,nm,nm
line,overlay,wt-homo-3,wt-homo-3,rmsd,lcqhvqco,lcqhvqco::RMSD,wt-homo-3 / RMSD,RMSD,Time (ps),8900,0.11125219,nm,nm
line,overlay,wt-homo-3,wt-homo-3,rmsd,lcqhvqco,lcqhvqco::RMSD,wt-homo-3 / RMSD,RMSD,Time (ps),9000,0.12519474,nm,nm
line,overlay,wt-homo-3,wt-homo-3,rmsd,lcqhvqco,lcqhvqco::RMSD,wt-homo-3 / RMSD,RMSD,Time (ps),9100,0.12574832,nm,nm
line,overlay,wt-homo-3,wt-homo-3,rmsd,lcqhvqco,lcqhvqco::RMSD,wt-homo-3 / RMSD,RMSD,Time (ps),9200,0.10456565,nm,nm
line,overlay,wt-homo-3,wt-homo-3,rmsd,lcqhvqco,lcqhvqco::RMSD,wt-homo-3 / RMSD,RMSD,Time (ps),9300,0.12210946,nm,nm
line,overlay,wt-homo-3,wt-homo-3,rmsd,lcqhvqco,lcqhvqco::RMSD,wt-homo-3 / RMSD,RMSD,Time (ps),9400,0.12389205,nm,nm
line,overlay,wt-homo-3,wt-homo-3,rmsd,lcqhvqco,lcqhvqco::RMSD,wt-homo-3 / RMSD,RMSD,Time (ps),9500,0.12352752,nm,nm
line,overlay,wt-homo-3,wt-homo-3,rmsd,lcqhvqco,lcqhvqco::RMSD,wt-homo-3 / RMSD,RMSD,Time (ps),9600,0.13304695,nm,nm
line,overlay,wt-homo-3,wt-homo-3,rmsd,lcqhvqco,lcqhvqco::RMSD,wt-homo-3 / RMSD,RMSD,Time (ps),9700,0.1439528,nm,nm
line,overlay,wt-homo-3,wt-homo-3,rmsd,lcqhvqco,lcqhvqco::RMSD,wt-homo-3 / RMSD,RMSD,Time (ps),9800,0.13770297,nm,nm
line,overlay,wt-homo-3,wt-homo-3,rmsd,lcqhvqco,lcqhvqco::RMSD,wt-homo-3 / RMSD,RMSD,Time (ps),9900,0.13927497,nm,nm
line,overlay,wt-homo-3,wt-homo-3,rmsd,lcqhvqco,lcqhvqco::RMSD,wt-homo-3 / RMSD,RMSD,Time (ps),10000,0.1429229,nm,nm
line,overlay,wt-homo-3,wt-homo-3,rmsd,lcqhvqco,lcqhvqco::RMSD,wt-homo-3 / RMSD,RMSD,Time (ps),10100,0.12646763,nm,nm
line,overlay,wt-homo-3,wt-homo-3,rmsd,lcqhvqco,lcqhvqco::RMSD,wt-homo-3 / RMSD,RMSD,Time (ps),10200,0.13388196,nm,nm
line,overlay,wt-homo-3,wt-homo-3,rmsd,lcqhvqco,lcqhvqco::RMSD,wt-homo-3 / RMSD,RMSD,Time (ps),10300,0.118310586,nm,nm
line,overlay,wt-homo-3,wt-homo-3,rmsd,lcqhvqco,lcqhvqco::RMSD,wt-homo-3 / RMSD,RMSD,Time (ps),10400,0.10904038,nm,nm
line,overlay,wt-homo-3,wt-homo-3,rmsd,lcqhvqco,lcqhvqco::RMSD,wt-homo-3 / RMSD,RMSD,Time (ps),10500,0.11900952,nm,nm
line,overlay,wt-homo-3,wt-homo-3,rmsd,lcqhvqco,lcqhvqco::RMSD,wt-homo-3 / RMSD,RMSD,Time (ps),10600,0.11207845,nm,nm
line,overlay,wt-homo-3,wt-homo-3,rmsd,lcqhvqco,lcqhvqco::RMSD,wt-homo-3 / RMSD,RMSD,Time (ps),10700,0.123267084,nm,nm
line,overlay,wt-homo-3,wt-homo-3,rmsd,lcqhvqco,lcqhvqco::RMSD,wt-homo-3 / RMSD,RMSD,Time (ps),10800,0.11653603,nm,nm
line,overlay,wt-homo-3,wt-homo-3,rmsd,lcqhvqco,lcqhvqco::RMSD,wt-homo-3 / RMSD,RMSD,Time (ps),10900,0.14237055,nm,nm
line,overlay,wt-homo-3,wt-homo-3,rmsd,lcqhvqco,lcqhvqco::RMSD,wt-homo-3 / RMSD,RMSD,Time (ps),11000,0.117210165,nm,nm
line,overlay,wt-homo-3,wt-homo-3,rmsd,lcqhvqco,lcqhvqco::RMSD,wt-homo-3 / RMSD,RMSD,Time (ps),11100,0.13692155,nm,nm
line,overlay,wt-homo-3,wt-homo-3,rmsd,lcqhvqco,lcqhvqco::RMSD,wt-homo-3 / RMSD,RMSD,Time (ps),11200,0.13595277,nm,nm
line,overlay,wt-homo-3,wt-homo-3,rmsd,lcqhvqco,lcqhvqco::RMSD,wt-homo-3 / RMSD,RMSD,Time (ps),11300,0.13242604,nm,nm
line,overlay,wt-homo-3,wt-homo-3,rmsd,lcqhvqco,lcqhvqco::RMSD,wt-homo-3 / RMSD,RMSD,Time (ps),11400,0.124217965,nm,nm
line,overlay,wt-homo-3,wt-homo-3,rmsd,lcqhvqco,lcqhvqco::RMSD,wt-homo-3 / RMSD,RMSD,Time (ps),11500,0.12647992,nm,nm
line,overlay,wt-homo-3,wt-homo-3,rmsd,lcqhvqco,lcqhvqco::RMSD,wt-homo-3 / RMSD,RMSD,Time (ps),11600,0.1270891,nm,nm
line,overlay,wt-homo-3,wt-homo-3,rmsd,lcqhvqco,lcqhvqco::RMSD,wt-homo-3 / RMSD,RMSD,Time (ps),11700,0.122083984,nm,nm
line,overlay,wt-homo-3,wt-homo-3,rmsd,lcqhvqco,lcqhvqco::RMSD,wt-homo-3 / RMSD,RMSD,Time (ps),11800,0.119496346,nm,nm
line,overlay,wt-homo-3,wt-homo-3,rmsd,lcqhvqco,lcqhvqco::RMSD,wt-homo-3 / RMSD,RMSD,Time (ps),11900,0.1328286,nm,nm
line,overlay,wt-homo-3,wt-homo-3,rmsd,lcqhvqco,lcqhvqco::RMSD,wt-homo-3 / RMSD,RMSD,Time (ps),12000,0.12281632,nm,nm
line,overlay,wt-homo-3,wt-homo-3,rmsd,lcqhvqco,lcqhvqco::RMSD,wt-homo-3 / RMSD,RMSD,Time (ps),12100,0.14463891,nm,nm
line,overlay,wt-homo-3,wt-homo-3,rmsd,lcqhvqco,lcqhvqco::RMSD,wt-homo-3 / RMSD,RMSD,Time (ps),12200,0.1418051,nm,nm
line,overlay,wt-homo-3,wt-homo-3,rmsd,lcqhvqco,lcqhvqco::RMSD,wt-homo-3 / RMSD,RMSD,Time (ps),12300,0.15048411,nm,nm
line,overlay,wt-homo-3,wt-homo-3,rmsd,lcqhvqco,lcqhvqco::RMSD,wt-homo-3 / RMSD,RMSD,Time (ps),12400,0.1459198,nm,nm
line,overlay,wt-homo-3,wt-homo-3,rmsd,lcqhvqco,lcqhvqco::RMSD,wt-homo-3 / RMSD,RMSD,Time (ps),12500,0.14815481,nm,nm
line,overlay,wt-homo-3,wt-homo-3,rmsd,lcqhvqco,lcqhvqco::RMSD,wt-homo-3 / RMSD,RMSD,Time (ps),12600,0.13616611,nm,nm
line,overlay,wt-homo-3,wt-homo-3,rmsd,lcqhvqco,lcqhvqco::RMSD,wt-homo-3 / RMSD,RMSD,Time (ps),12700,0.13991734,nm,nm
line,overlay,wt-homo-3,wt-homo-3,rmsd,lcqhvqco,lcqhvqco::RMSD,wt-homo-3 / RMSD,RMSD,Time (ps),12800,0.1306369,nm,nm
line,overlay,wt-homo-3,wt-homo-3,rmsd,lcqhvqco,lcqhvqco::RMSD,wt-homo-3 / RMSD,RMSD,Time (ps),12900,0.13074398,nm,nm
line,overlay,wt-homo-3,wt-homo-3,rmsd,lcqhvqco,lcqhvqco::RMSD,wt-homo-3 / RMSD,RMSD,Time (ps),13000,0.13616611,nm,nm
line,overlay,wt-homo-3,wt-homo-3,rmsd,lcqhvqco,lcqhvqco::RMSD,wt-homo-3 / RMSD,RMSD,Time (ps),13100,0.13647412,nm,nm
line,overlay,wt-homo-3,wt-homo-3,rmsd,lcqhvqco,lcqhvqco::RMSD,wt-homo-3 / RMSD,RMSD,Time (ps),13200,0.12791842,nm,nm
line,overlay,wt-homo-3,wt-homo-3,rmsd,lcqhvqco,lcqhvqco::RMSD,wt-homo-3 / RMSD,RMSD,Time (ps),13300,0.13573146,nm,nm
line,overlay,wt-homo-3,wt-homo-3,rmsd,lcqhvqco,lcqhvqco::RMSD,wt-homo-3 / RMSD,RMSD,Time (ps),13400,0.15818861,nm,nm
line,overlay,wt-homo-3,wt-homo-3,rmsd,lcqhvqco,lcqhvqco::RMSD,wt-homo-3 / RMSD,RMSD,Time (ps),13500,0.13004036,nm,nm
line,overlay,wt-homo-3,wt-homo-3,rmsd,lcqhvqco,lcqhvqco::RMSD,wt-homo-3 / RMSD,RMSD,Time (ps),13600,0.12595014,nm,nm
line,overlay,wt-homo-3,wt-homo-3,rmsd,lcqhvqco,lcqhvqco::RMSD,wt-homo-3 / RMSD,RMSD,Time (ps),13700,0.124105245,nm,nm
line,overlay,wt-homo-3,wt-homo-3,rmsd,lcqhvqco,lcqhvqco::RMSD,wt-homo-3 / RMSD,RMSD,Time (ps),13800,0.124834016,nm,nm
line,overlay,wt-homo-3,wt-homo-3,rmsd,lcqhvqco,lcqhvqco::RMSD,wt-homo-3 / RMSD,RMSD,Time (ps),13900,0.12291756,nm,nm
line,overlay,wt-homo-3,wt-homo-3,rmsd,lcqhvqco,lcqhvqco::RMSD,wt-homo-3 / RMSD,RMSD,Time (ps),14000,0.11946163,nm,nm
line,overlay,wt-homo-3,wt-homo-3,rmsd,lcqhvqco,lcqhvqco::RMSD,wt-homo-3 / RMSD,RMSD,Time (ps),14100,0.118952885,nm,nm
line,overlay,wt-homo-3,wt-homo-3,rmsd,lcqhvqco,lcqhvqco::RMSD,wt-homo-3 / RMSD,RMSD,Time (ps),14200,0.13528007,nm,nm
line,overlay,wt-homo-3,wt-homo-3,rmsd,lcqhvqco,lcqhvqco::RMSD,wt-homo-3 / RMSD,RMSD,Time (ps),14300,0.12500414,nm,nm
line,overlay,wt-homo-3,wt-homo-3,rmsd,lcqhvqco,lcqhvqco::RMSD,wt-homo-3 / RMSD,RMSD,Time (ps),14400,0.13573146,nm,nm
line,overlay,wt-homo-3,wt-homo-3,rmsd,lcqhvqco,lcqhvqco::RMSD,wt-homo-3 / RMSD,RMSD,Time (ps),14500,0.119340084,nm,nm
line,overlay,wt-homo-3,wt-homo-3,rmsd,lcqhvqco,lcqhvqco::RMSD,wt-homo-3 / RMSD,RMSD,Time (ps),14600,0.1284401,nm,nm
line,overlay,wt-homo-3,wt-homo-3,rmsd,lcqhvqco,lcqhvqco::RMSD,wt-homo-3 / RMSD,RMSD,Time (ps),14700,0.11025531,nm,nm
line,overlay,wt-homo-3,wt-homo-3,rmsd,lcqhvqco,lcqhvqco::RMSD,wt-homo-3 / RMSD,RMSD,Time (ps),14800,0.12724806,nm,nm
line,overlay,wt-homo-3,wt-homo-3,rmsd,lcqhvqco,lcqhvqco::RMSD,wt-homo-3 / RMSD,RMSD,Time (ps),14900,0.12009346,nm,nm
line,overlay,wt-homo-3,wt-homo-3,rmsd,lcqhvqco,lcqhvqco::RMSD,wt-homo-3 / RMSD,RMSD,Time (ps),15000,0.12365753,nm,nm
line,overlay,wt-homo-3,wt-homo-3,rmsd,lcqhvqco,lcqhvqco::RMSD,wt-homo-3 / RMSD,RMSD,Time (ps),15100,0.13419133,nm,nm
line,overlay,wt-homo-3,wt-homo-3,rmsd,lcqhvqco,lcqhvqco::RMSD,wt-homo-3 / RMSD,RMSD,Time (ps),15200,0.13206936,nm,nm
line,overlay,wt-homo-3,wt-homo-3,rmsd,lcqhvqco,lcqhvqco::RMSD,wt-homo-3 / RMSD,RMSD,Time (ps),15300,0.13176681,nm,nm
line,overlay,wt-homo-3,wt-homo-3,rmsd,lcqhvqco,lcqhvqco::RMSD,wt-homo-3 / RMSD,RMSD,Time (ps),15400,0.12588428,nm,nm
line,overlay,wt-homo-3,wt-homo-3,rmsd,lcqhvqco,lcqhvqco::RMSD,wt-homo-3 / RMSD,RMSD,Time (ps),15500,0.13049795,nm,nm
line,overlay,wt-homo-3,wt-homo-3,rmsd,lcqhvqco,lcqhvqco::RMSD,wt-homo-3 / RMSD,RMSD,Time (ps),15600,0.13684961,nm,nm
line,overlay,wt-homo-3,wt-homo-3,rmsd,lcqhvqco,lcqhvqco::RMSD,wt-homo-3 / RMSD,RMSD,Time (ps),15700,0.12836742,nm,nm
line,overlay,wt-homo-3,wt-homo-3,rmsd,lcqhvqco,lcqhvqco::RMSD,wt-homo-3 / RMSD,RMSD,Time (ps),15800,0.14157097,nm,nm
line,overlay,wt-homo-3,wt-homo-3,rmsd,lcqhvqco,lcqhvqco::RMSD,wt-homo-3 / RMSD,RMSD,Time (ps),15900,0.14213006,nm,nm
line,overlay,wt-homo-3,wt-homo-3,rmsd,lcqhvqco,lcqhvqco::RMSD,wt-homo-3 / RMSD,RMSD,Time (ps),16000,0.14241788,nm,nm
line,overlay,wt-homo-3,wt-homo-3,rmsd,lcqhvqco,lcqhvqco::RMSD,wt-homo-3 / RMSD,RMSD,Time (ps),16100,0.13436505,nm,nm
line,overlay,wt-homo-3,wt-homo-3,rmsd,lcqhvqco,lcqhvqco::RMSD,wt-homo-3 / RMSD,RMSD,Time (ps),16200,0.14984553,nm,nm
line,overlay,wt-homo-3,wt-homo-3,rmsd,lcqhvqco,lcqhvqco::RMSD,wt-homo-3 / RMSD,RMSD,Time (ps),16300,0.12383765,nm,nm
line,overlay,wt-homo-3,wt-homo-3,rmsd,lcqhvqco,lcqhvqco::RMSD,wt-homo-3 / RMSD,RMSD,Time (ps),16400,0.13570854,nm,nm
line,overlay,wt-homo-3,wt-homo-3,rmsd,lcqhvqco,lcqhvqco::RMSD,wt-homo-3 / RMSD,RMSD,Time (ps),16500,0.14004324,nm,nm
line,overlay,wt-homo-3,wt-homo-3,rmsd,lcqhvqco,lcqhvqco::RMSD,wt-homo-3 / RMSD,RMSD,Time (ps),16600,0.12776029,nm,nm
line,overlay,wt-homo-3,wt-homo-3,rmsd,lcqhvqco,lcqhvqco::RMSD,wt-homo-3 / RMSD,RMSD,Time (ps),16700,0.1241303,nm,nm
line,overlay,wt-homo-3,wt-homo-3,rmsd,lcqhvqco,lcqhvqco::RMSD,wt-homo-3 / RMSD,RMSD,Time (ps),16800,0.12890336,nm,nm
line,overlay,wt-homo-3,wt-homo-3,rmsd,lcqhvqco,lcqhvqco::RMSD,wt-homo-3 / RMSD,RMSD,Time (ps),16900,0.12815729,nm,nm
line,overlay,wt-homo-3,wt-homo-3,rmsd,lcqhvqco,lcqhvqco::RMSD,wt-homo-3 / RMSD,RMSD,Time (ps),17000,0.124368094,nm,nm
line,overlay,wt-homo-3,wt-homo-3,rmsd,lcqhvqco,lcqhvqco::RMSD,wt-homo-3 / RMSD,RMSD,Time (ps),17100,0.12952115,nm,nm
line,overlay,wt-homo-3,wt-homo-3,rmsd,lcqhvqco,lcqhvqco::RMSD,wt-homo-3 / RMSD,RMSD,Time (ps),17200,0.13276224,nm,nm
line,overlay,wt-homo-3,wt-homo-3,rmsd,lcqhvqco,lcqhvqco::RMSD,wt-homo-3 / RMSD,RMSD,Time (ps),17300,0.138581,nm,nm
line,overlay,wt-homo-3,wt-homo-3,rmsd,lcqhvqco,lcqhvqco::RMSD,wt-homo-3 / RMSD,RMSD,Time (ps),17400,0.122168876,nm,nm
line,overlay,wt-homo-3,wt-homo-3,rmsd,lcqhvqco,lcqhvqco::RMSD,wt-homo-3 / RMSD,RMSD,Time (ps),17500,0.1315818,nm,nm
line,overlay,wt-homo-3,wt-homo-3,rmsd,lcqhvqco,lcqhvqco::RMSD,wt-homo-3 / RMSD,RMSD,Time (ps),17600,0.13992475,nm,nm
line,overlay,wt-homo-3,wt-homo-3,rmsd,lcqhvqco,lcqhvqco::RMSD,wt-homo-3 / RMSD,RMSD,Time (ps),17700,0.12064037,nm,nm
line,overlay,wt-homo-3,wt-homo-3,rmsd,lcqhvqco,lcqhvqco::RMSD,wt-homo-3 / RMSD,RMSD,Time (ps),17800,0.14138044,nm,nm
line,overlay,wt-homo-3,wt-homo-3,rmsd,lcqhvqco,lcqhvqco::RMSD,wt-homo-3 / RMSD,RMSD,Time (ps),17900,0.122287616,nm,nm
line,overlay,wt-homo-3,wt-homo-3,rmsd,lcqhvqco,lcqhvqco::RMSD,wt-homo-3 / RMSD,RMSD,Time (ps),18000,0.12508705,nm,nm
line,overlay,wt-homo-3,wt-homo-3,rmsd,lcqhvqco,lcqhvqco::RMSD,wt-homo-3 / RMSD,RMSD,Time (ps),18100,0.123607226,nm,nm
line,overlay,wt-homo-3,wt-homo-3,rmsd,lcqhvqco,lcqhvqco::RMSD,wt-homo-3 / RMSD,RMSD,Time (ps),18200,0.1416149,nm,nm
line,overlay,wt-homo-3,wt-homo-3,rmsd,lcqhvqco,lcqhvqco::RMSD,wt-homo-3 / RMSD,RMSD,Time (ps),18300,0.14117865,nm,nm
line,overlay,wt-homo-3,wt-homo-3,rmsd,lcqhvqco,lcqhvqco::RMSD,wt-homo-3 / RMSD,RMSD,Time (ps),18400,0.1374279,nm,nm
line,overlay,wt-homo-3,wt-homo-3,rmsd,lcqhvqco,lcqhvqco::RMSD,wt-homo-3 / RMSD,RMSD,Time (ps),18500,0.1430244,nm,nm
line,overlay,wt-homo-3,wt-homo-3,rmsd,lcqhvqco,lcqhvqco::RMSD,wt-homo-3 / RMSD,RMSD,Time (ps),18600,0.13921168,nm,nm
line,overlay,wt-homo-3,wt-homo-3,rmsd,lcqhvqco,lcqhvqco::RMSD,wt-homo-3 / RMSD,RMSD,Time (ps),18700,0.14310773,nm,nm
line,overlay,wt-homo-3,wt-homo-3,rmsd,lcqhvqco,lcqhvqco::RMSD,wt-homo-3 / RMSD,RMSD,Time (ps),18800,0.15106168,nm,nm
line,overlay,wt-homo-3,wt-homo-3,rmsd,lcqhvqco,lcqhvqco::RMSD,wt-homo-3 / RMSD,RMSD,Time (ps),18900,0.14940555,nm,nm
line,overlay,wt-homo-3,wt-homo-3,rmsd,lcqhvqco,lcqhvqco::RMSD,wt-homo-3 / RMSD,RMSD,Time (ps),19000,0.13641334,nm,nm
line,overlay,wt-homo-3,wt-homo-3,rmsd,lcqhvqco,lcqhvqco::RMSD,wt-homo-3 / RMSD,RMSD,Time (ps),19100,0.14151603,nm,nm
line,overlay,wt-homo-3,wt-homo-3,rmsd,lcqhvqco,lcqhvqco::RMSD,wt-homo-3 / RMSD,RMSD,Time (ps),19200,0.15780148,nm,nm
line,overlay,wt-homo-3,wt-homo-3,rmsd,lcqhvqco,lcqhvqco::RMSD,wt-homo-3 / RMSD,RMSD,Time (ps),19300,0.1361547,nm,nm
line,overlay,wt-homo-3,wt-homo-3,rmsd,lcqhvqco,lcqhvqco::RMSD,wt-homo-3 / RMSD,RMSD,Time (ps),19400,0.13281299,nm,nm
line,overlay,wt-homo-3,wt-homo-3,rmsd,lcqhvqco,lcqhvqco::RMSD,wt-homo-3 / RMSD,RMSD,Time (ps),19500,0.14493248,nm,nm
line,overlay,wt-homo-3,wt-homo-3,rmsd,lcqhvqco,lcqhvqco::RMSD,wt-homo-3 / RMSD,RMSD,Time (ps),19600,0.13697454,nm,nm
line,overlay,wt-homo-3,wt-homo-3,rmsd,lcqhvqco,lcqhvqco::RMSD,wt-homo-3 / RMSD,RMSD,Time (ps),19700,0.14393479,nm,nm
line,overlay,wt-homo-3,wt-homo-3,rmsd,lcqhvqco,lcqhvqco::RMSD,wt-homo-3 / RMSD,RMSD,Time (ps),19800,0.1369102,nm,nm
line,overlay,wt-homo-3,wt-homo-3,rmsd,lcqhvqco,lcqhvqco::RMSD,wt-homo-3 / RMSD,RMSD,Time (ps),19900,0.1297131,nm,nm
line,overlay,wt-homo-3,wt-homo-3,rmsd,lcqhvqco,lcqhvqco::RMSD,wt-homo-3 / RMSD,RMSD,Time (ps),20000,0.13896573,nm,nm
line,overlay,wt-homo-3,wt-homo-3,rmsd,lcqhvqco,lcqhvqco::RMSD,wt-homo-3 / RMSD,RMSD,Time (ps),20100,0.14997345,nm,nm
line,overlay,wt-homo-3,wt-homo-3,rmsd,lcqhvqco,lcqhvqco::RMSD,wt-homo-3 / RMSD,RMSD,Time (ps),20200,0.15137361,nm,nm
line,overlay,wt-homo-3,wt-homo-3,rmsd,lcqhvqco,lcqhvqco::RMSD,wt-homo-3 / RMSD,RMSD,Time (ps),20300,0.16999643,nm,nm
line,overlay,wt-homo-3,wt-homo-3,rmsd,lcqhvqco,lcqhvqco::RMSD,wt-homo-3 / RMSD,RMSD,Time (ps),20400,0.19052486,nm,nm
line,overlay,wt-homo-3,wt-homo-3,rmsd,lcqhvqco,lcqhvqco::RMSD,wt-homo-3 / RMSD,RMSD,Time (ps),20500,0.18046792,nm,nm
line,overlay,wt-homo-3,wt-homo-3,rmsd,lcqhvqco,lcqhvqco::RMSD,wt-homo-3 / RMSD,RMSD,Time (ps),20600,0.1676847,nm,nm
line,overlay,wt-homo-3,wt-homo-3,rmsd,lcqhvqco,lcqhvqco::RMSD,wt-homo-3 / RMSD,RMSD,Time (ps),20700,0.16586336,nm,nm
line,overlay,wt-homo-3,wt-homo-3,rmsd,lcqhvqco,lcqhvqco::RMSD,wt-homo-3 / RMSD,RMSD,Time (ps),20800,0.17126623,nm,nm
line,overlay,wt-homo-3,wt-homo-3,rmsd,lcqhvqco,lcqhvqco::RMSD,wt-homo-3 / RMSD,RMSD,Time (ps),20900,0.17712821,nm,nm
line,overlay,wt-homo-3,wt-homo-3,rmsd,lcqhvqco,lcqhvqco::RMSD,wt-homo-3 / RMSD,RMSD,Time (ps),21000,0.14707327,nm,nm
line,overlay,wt-homo-3,wt-homo-3,rmsd,lcqhvqco,lcqhvqco::RMSD,wt-homo-3 / RMSD,RMSD,Time (ps),21100,0.1747388,nm,nm
line,overlay,wt-homo-3,wt-homo-3,rmsd,lcqhvqco,lcqhvqco::RMSD,wt-homo-3 / RMSD,RMSD,Time (ps),21200,0.16352807,nm,nm
line,overlay,wt-homo-3,wt-homo-3,rmsd,lcqhvqco,lcqhvqco::RMSD,wt-homo-3 / RMSD,RMSD,Time (ps),21300,0.16723278,nm,nm
line,overlay,wt-homo-3,wt-homo-3,rmsd,lcqhvqco,lcqhvqco::RMSD,wt-homo-3 / RMSD,RMSD,Time (ps),21400,0.16515557,nm,nm
line,overlay,wt-homo-3,wt-homo-3,rmsd,lcqhvqco,lcqhvqco::RMSD,wt-homo-3 / RMSD,RMSD,Time (ps),21500,0.16412291,nm,nm
line,overlay,wt-homo-3,wt-homo-3,rmsd,lcqhvqco,lcqhvqco::RMSD,wt-homo-3 / RMSD,RMSD,Time (ps),21600,0.16810766,nm,nm
line,overlay,wt-homo-3,wt-homo-3,rmsd,lcqhvqco,lcqhvqco::RMSD,wt-homo-3 / RMSD,RMSD,Time (ps),21700,0.15419629,nm,nm
line,overlay,wt-homo-3,wt-homo-3,rmsd,lcqhvqco,lcqhvqco::RMSD,wt-homo-3 / RMSD,RMSD,Time (ps),21800,0.15398774,nm,nm
line,overlay,wt-homo-3,wt-homo-3,rmsd,lcqhvqco,lcqhvqco::RMSD,wt-homo-3 / RMSD,RMSD,Time (ps),21900,0.16004223,nm,nm
line,overlay,wt-homo-3,wt-homo-3,rmsd,lcqhvqco,lcqhvqco::RMSD,wt-homo-3 / RMSD,RMSD,Time (ps),22000,0.1713449,nm,nm
line,overlay,wt-homo-3,wt-homo-3,rmsd,lcqhvqco,lcqhvqco::RMSD,wt-homo-3 / RMSD,RMSD,Time (ps),22100,0.1642208,nm,nm
line,overlay,wt-homo-3,wt-homo-3,rmsd,lcqhvqco,lcqhvqco::RMSD,wt-homo-3 / RMSD,RMSD,Time (ps),22200,0.15378563,nm,nm
line,overlay,wt-homo-3,wt-homo-3,rmsd,lcqhvqco,lcqhvqco::RMSD,wt-homo-3 / RMSD,RMSD,Time (ps),22300,0.15130511,nm,nm
line,overlay,wt-homo-3,wt-homo-3,rmsd,lcqhvqco,lcqhvqco::RMSD,wt-homo-3 / RMSD,RMSD,Time (ps),22400,0.16163427,nm,nm
line,overlay,wt-homo-3,wt-homo-3,rmsd,lcqhvqco,lcqhvqco::RMSD,wt-homo-3 / RMSD,RMSD,Time (ps),22500,0.16508338,nm,nm
line,overlay,wt-homo-3,wt-homo-3,rmsd,lcqhvqco,lcqhvqco::RMSD,wt-homo-3 / RMSD,RMSD,Time (ps),22600,0.1563097,nm,nm
line,overlay,wt-homo-3,wt-homo-3,rmsd,lcqhvqco,lcqhvqco::RMSD,wt-homo-3 / RMSD,RMSD,Time (ps),22700,0.16757028,nm,nm
line,overlay,wt-homo-3,wt-homo-3,rmsd,lcqhvqco,lcqhvqco::RMSD,wt-homo-3 / RMSD,RMSD,Time (ps),22800,0.1633473,nm,nm
line,overlay,wt-homo-3,wt-homo-3,rmsd,lcqhvqco,lcqhvqco::RMSD,wt-homo-3 / RMSD,RMSD,Time (ps),22900,0.17137213,nm,nm
line,overlay,wt-homo-3,wt-homo-3,rmsd,lcqhvqco,lcqhvqco::RMSD,wt-homo-3 / RMSD,RMSD,Time (ps),23000,0.15789671,nm,nm
line,overlay,wt-homo-3,wt-homo-3,rmsd,lcqhvqco,lcqhvqco::RMSD,wt-homo-3 / RMSD,RMSD,Time (ps),23100,0.15696162,nm,nm
line,overlay,wt-homo-3,wt-homo-3,rmsd,lcqhvqco,lcqhvqco::RMSD,wt-homo-3 / RMSD,RMSD,Time (ps),23200,0.15714644,nm,nm
line,overlay,wt-homo-3,wt-homo-3,rmsd,lcqhvqco,lcqhvqco::RMSD,wt-homo-3 / RMSD,RMSD,Time (ps),23300,0.16936101,nm,nm
line,overlay,wt-homo-3,wt-homo-3,rmsd,lcqhvqco,lcqhvqco::RMSD,wt-homo-3 / RMSD,RMSD,Time (ps),23400,0.16973095,nm,nm
line,overlay,wt-homo-3,wt-homo-3,rmsd,lcqhvqco,lcqhvqco::RMSD,wt-homo-3 / RMSD,RMSD,Time (ps),23500,0.15803124,nm,nm
line,overlay,wt-homo-3,wt-homo-3,rmsd,lcqhvqco,lcqhvqco::RMSD,wt-homo-3 / RMSD,RMSD,Time (ps),23600,0.17014576,nm,nm
line,overlay,wt-homo-3,wt-homo-3,rmsd,lcqhvqco,lcqhvqco::RMSD,wt-homo-3 / RMSD,RMSD,Time (ps),23700,0.1622616,nm,nm
line,overlay,wt-homo-3,wt-homo-3,rmsd,lcqhvqco,lcqhvqco::RMSD,wt-homo-3 / RMSD,RMSD,Time (ps),23800,0.1542131,nm,nm
line,overlay,wt-homo-3,wt-homo-3,rmsd,lcqhvqco,lcqhvqco::RMSD,wt-homo-3 / RMSD,RMSD,Time (ps),23900,0.16668326,nm,nm
line,overlay,wt-homo-3,wt-homo-3,rmsd,lcqhvqco,lcqhvqco::RMSD,wt-homo-3 / RMSD,RMSD,Time (ps),24000,0.15856826,nm,nm
line,overlay,wt-homo-3,wt-homo-3,rmsd,lcqhvqco,lcqhvqco::RMSD,wt-homo-3 / RMSD,RMSD,Time (ps),24100,0.1758005,nm,nm
line,overlay,wt-homo-3,wt-homo-3,rmsd,lcqhvqco,lcqhvqco::RMSD,wt-homo-3 / RMSD,RMSD,Time (ps),24200,0.16055638,nm,nm
line,overlay,wt-homo-3,wt-homo-3,rmsd,lcqhvqco,lcqhvqco::RMSD,wt-homo-3 / RMSD,RMSD,Time (ps),24300,0.16922016,nm,nm
line,overlay,wt-homo-3,wt-homo-3,rmsd,lcqhvqco,lcqhvqco::RMSD,wt-homo-3 / RMSD,RMSD,Time (ps),24400,0.16799353,nm,nm
line,overlay,wt-homo-3,wt-homo-3,rmsd,lcqhvqco,lcqhvqco::RMSD,wt-homo-3 / RMSD,RMSD,Time (ps),24500,0.1493778,nm,nm
line,overlay,wt-homo-3,wt-homo-3,rmsd,lcqhvqco,lcqhvqco::RMSD,wt-homo-3 / RMSD,RMSD,Time (ps),24600,0.15877406,nm,nm
line,overlay,wt-homo-3,wt-homo-3,rmsd,lcqhvqco,lcqhvqco::RMSD,wt-homo-3 / RMSD,RMSD,Time (ps),24700,0.1569286,nm,nm
line,overlay,wt-homo-3,wt-homo-3,rmsd,lcqhvqco,lcqhvqco::RMSD,wt-homo-3 / RMSD,RMSD,Time (ps),24800,0.15966608,nm,nm
line,overlay,wt-homo-3,wt-homo-3,rmsd,lcqhvqco,lcqhvqco::RMSD,wt-homo-3 / RMSD,RMSD,Time (ps),24900,0.16374348,nm,nm
line,overlay,wt-homo-3,wt-homo-3,rmsd,lcqhvqco,lcqhvqco::RMSD,wt-homo-3 / RMSD,RMSD,Time (ps),25000,0.16415766,nm,nm
line,overlay,wt-homo-3,wt-homo-3,rmsd,lcqhvqco,lcqhvqco::RMSD,wt-homo-3 / RMSD,RMSD,Time (ps),25100,0.15679641,nm,nm
line,overlay,wt-homo-3,wt-homo-3,rmsd,lcqhvqco,lcqhvqco::RMSD,wt-homo-3 / RMSD,RMSD,Time (ps),25200,0.1499942,nm,nm
line,overlay,wt-homo-3,wt-homo-3,rmsd,lcqhvqco,lcqhvqco::RMSD,wt-homo-3 / RMSD,RMSD,Time (ps),25300,0.16502684,nm,nm
line,overlay,wt-homo-3,wt-homo-3,rmsd,lcqhvqco,lcqhvqco::RMSD,wt-homo-3 / RMSD,RMSD,Time (ps),25400,0.16983475,nm,nm
line,overlay,wt-homo-3,wt-homo-3,rmsd,lcqhvqco,lcqhvqco::RMSD,wt-homo-3 / RMSD,RMSD,Time (ps),25500,0.1557516,nm,nm
line,overlay,wt-homo-3,wt-homo-3,rmsd,lcqhvqco,lcqhvqco::RMSD,wt-homo-3 / RMSD,RMSD,Time (ps),25600,0.1744835,nm,nm
line,overlay,wt-homo-3,wt-homo-3,rmsd,lcqhvqco,lcqhvqco::RMSD,wt-homo-3 / RMSD,RMSD,Time (ps),25700,0.16963625,nm,nm
line,overlay,wt-homo-3,wt-homo-3,rmsd,lcqhvqco,lcqhvqco::RMSD,wt-homo-3 / RMSD,RMSD,Time (ps),25800,0.16444159,nm,nm
line,overlay,wt-homo-3,wt-homo-3,rmsd,lcqhvqco,lcqhvqco::RMSD,wt-homo-3 / RMSD,RMSD,Time (ps),25900,0.16075963,nm,nm
line,overlay,wt-homo-3,wt-homo-3,rmsd,lcqhvqco,lcqhvqco::RMSD,wt-homo-3 / RMSD,RMSD,Time (ps),26000,0.1684834,nm,nm
line,overlay,wt-homo-3,wt-homo-3,rmsd,lcqhvqco,lcqhvqco::RMSD,wt-homo-3 / RMSD,RMSD,Time (ps),26100,0.18117598,nm,nm
line,overlay,wt-homo-3,wt-homo-3,rmsd,lcqhvqco,lcqhvqco::RMSD,wt-homo-3 / RMSD,RMSD,Time (ps),26200,0.17413855,nm,nm
line,overlay,wt-homo-3,wt-homo-3,rmsd,lcqhvqco,lcqhvqco::RMSD,wt-homo-3 / RMSD,RMSD,Time (ps),26300,0.17945115,nm,nm
line,overlay,wt-homo-3,wt-homo-3,rmsd,lcqhvqco,lcqhvqco::RMSD,wt-homo-3 / RMSD,RMSD,Time (ps),26400,0.18341094,nm,nm
line,overlay,wt-homo-3,wt-homo-3,rmsd,lcqhvqco,lcqhvqco::RMSD,wt-homo-3 / RMSD,RMSD,Time (ps),26500,0.1836143,nm,nm
line,overlay,wt-homo-3,wt-homo-3,rmsd,lcqhvqco,lcqhvqco::RMSD,wt-homo-3 / RMSD,RMSD,Time (ps),26600,0.17305167,nm,nm
line,overlay,wt-homo-3,wt-homo-3,rmsd,lcqhvqco,lcqhvqco::RMSD,wt-homo-3 / RMSD,RMSD,Time (ps),26700,0.18470639,nm,nm
line,overlay,wt-homo-3,wt-homo-3,rmsd,lcqhvqco,lcqhvqco::RMSD,wt-homo-3 / RMSD,RMSD,Time (ps),26800,0.17304868,nm,nm
line,overlay,wt-homo-3,wt-homo-3,rmsd,lcqhvqco,lcqhvqco::RMSD,wt-homo-3 / RMSD,RMSD,Time (ps),26900,0.17025845,nm,nm
line,overlay,wt-homo-3,wt-homo-3,rmsd,lcqhvqco,lcqhvqco::RMSD,wt-homo-3 / RMSD,RMSD,Time (ps),27000,0.18686308,nm,nm
line,overlay,wt-homo-3,wt-homo-3,rmsd,lcqhvqco,lcqhvqco::RMSD,wt-homo-3 / RMSD,RMSD,Time (ps),27100,0.1867854,nm,nm
line,overlay,wt-homo-3,wt-homo-3,rmsd,lcqhvqco,lcqhvqco::RMSD,wt-homo-3 / RMSD,RMSD,Time (ps),27200,0.19415495,nm,nm
line,overlay,wt-homo-3,wt-homo-3,rmsd,lcqhvqco,lcqhvqco::RMSD,wt-homo-3 / RMSD,RMSD,Time (ps),27300,0.18091543,nm,nm
line,overlay,wt-homo-3,wt-homo-3,rmsd,lcqhvqco,lcqhvqco::RMSD,wt-homo-3 / RMSD,RMSD,Time (ps),27400,0.19356403,nm,nm
line,overlay,wt-homo-3,wt-homo-3,rmsd,lcqhvqco,lcqhvqco::RMSD,wt-homo-3 / RMSD,RMSD,Time (ps),27500,0.18825871,nm,nm
line,overlay,wt-homo-3,wt-homo-3,rmsd,lcqhvqco,lcqhvqco::RMSD,wt-homo-3 / RMSD,RMSD,Time (ps),27600,0.20012613,nm,nm
line,overlay,wt-homo-3,wt-homo-3,rmsd,lcqhvqco,lcqhvqco::RMSD,wt-homo-3 / RMSD,RMSD,Time (ps),27700,0.18557431,nm,nm
line,overlay,wt-homo-3,wt-homo-3,rmsd,lcqhvqco,lcqhvqco::RMSD,wt-homo-3 / RMSD,RMSD,Time (ps),27800,0.18807688,nm,nm
line,overlay,wt-homo-3,wt-homo-3,rmsd,lcqhvqco,lcqhvqco::RMSD,wt-homo-3 / RMSD,RMSD,Time (ps),27900,0.19634514,nm,nm
line,overlay,wt-homo-3,wt-homo-3,rmsd,lcqhvqco,lcqhvqco::RMSD,wt-homo-3 / RMSD,RMSD,Time (ps),28000,0.18718459,nm,nm
line,overlay,wt-homo-3,wt-homo-3,rmsd,lcqhvqco,lcqhvqco::RMSD,wt-homo-3 / RMSD,RMSD,Time (ps),28100,0.1792315,nm,nm
line,overlay,wt-homo-3,wt-homo-3,rmsd,lcqhvqco,lcqhvqco::RMSD,wt-homo-3 / RMSD,RMSD,Time (ps),28200,0.18770999,nm,nm
line,overlay,wt-homo-3,wt-homo-3,rmsd,lcqhvqco,lcqhvqco::RMSD,wt-homo-3 / RMSD,RMSD,Time (ps),28300,0.18033,nm,nm
line,overlay,wt-homo-3,wt-homo-3,rmsd,lcqhvqco,lcqhvqco::RMSD,wt-homo-3 / RMSD,RMSD,Time (ps),28400,0.17520685,nm,nm
line,overlay,wt-homo-3,wt-homo-3,rmsd,lcqhvqco,lcqhvqco::RMSD,wt-homo-3 / RMSD,RMSD,Time (ps),28500,0.19528098,nm,nm
line,overlay,wt-homo-3,wt-homo-3,rmsd,lcqhvqco,lcqhvqco::RMSD,wt-homo-3 / RMSD,RMSD,Time (ps),28600,0.18192402,nm,nm
line,overlay,wt-homo-3,wt-homo-3,rmsd,lcqhvqco,lcqhvqco::RMSD,wt-homo-3 / RMSD,RMSD,Time (ps),28700,0.17213567,nm,nm
line,overlay,wt-homo-3,wt-homo-3,rmsd,lcqhvqco,lcqhvqco::RMSD,wt-homo-3 / RMSD,RMSD,Time (ps),28800,0.1793269,nm,nm
line,overlay,wt-homo-3,wt-homo-3,rmsd,lcqhvqco,lcqhvqco::RMSD,wt-homo-3 / RMSD,RMSD,Time (ps),28900,0.183312,nm,nm
line,overlay,wt-homo-3,wt-homo-3,rmsd,lcqhvqco,lcqhvqco::RMSD,wt-homo-3 / RMSD,RMSD,Time (ps),29000,0.19148283,nm,nm
line,overlay,wt-homo-3,wt-homo-3,rmsd,lcqhvqco,lcqhvqco::RMSD,wt-homo-3 / RMSD,RMSD,Time (ps),29100,0.18026675,nm,nm
line,overlay,wt-homo-3,wt-homo-3,rmsd,lcqhvqco,lcqhvqco::RMSD,wt-homo-3 / RMSD,RMSD,Time (ps),29200,0.1842737,nm,nm
line,overlay,wt-homo-3,wt-homo-3,rmsd,lcqhvqco,lcqhvqco::RMSD,wt-homo-3 / RMSD,RMSD,Time (ps),29300,0.18901436,nm,nm
line,overlay,wt-homo-3,wt-homo-3,rmsd,lcqhvqco,lcqhvqco::RMSD,wt-homo-3 / RMSD,RMSD,Time (ps),29400,0.17730662,nm,nm
line,overlay,wt-homo-3,wt-homo-3,rmsd,lcqhvqco,lcqhvqco::RMSD,wt-homo-3 / RMSD,RMSD,Time (ps),29500,0.17132676,nm,nm
line,overlay,wt-homo-3,wt-homo-3,rmsd,lcqhvqco,lcqhvqco::RMSD,wt-homo-3 / RMSD,RMSD,Time (ps),29600,0.17996745,nm,nm
line,overlay,wt-homo-3,wt-homo-3,rmsd,lcqhvqco,lcqhvqco::RMSD,wt-homo-3 / RMSD,RMSD,Time (ps),29700,0.18408233,nm,nm
line,overlay,wt-homo-3,wt-homo-3,rmsd,lcqhvqco,lcqhvqco::RMSD,wt-homo-3 / RMSD,RMSD,Time (ps),29800,0.19104107,nm,nm
line,overlay,wt-homo-3,wt-homo-3,rmsd,lcqhvqco,lcqhvqco::RMSD,wt-homo-3 / RMSD,RMSD,Time (ps),29900,0.19243872,nm,nm
line,overlay,wt-homo-3,wt-homo-3,rmsd,lcqhvqco,lcqhvqco::RMSD,wt-homo-3 / RMSD,RMSD,Time (ps),30000,0.18375823,nm,nm
line,overlay,wt-homo-3,wt-homo-3,rmsd,lcqhvqco,lcqhvqco::RMSD,wt-homo-3 / RMSD,RMSD,Time (ps),30100,0.17937893,nm,nm
line,overlay,wt-homo-3,wt-homo-3,rmsd,lcqhvqco,lcqhvqco::RMSD,wt-homo-3 / RMSD,RMSD,Time (ps),30200,0.18249013,nm,nm
line,overlay,wt-homo-3,wt-homo-3,rmsd,lcqhvqco,lcqhvqco::RMSD,wt-homo-3 / RMSD,RMSD,Time (ps),30300,0.17603034,nm,nm
line,overlay,wt-homo-3,wt-homo-3,rmsd,lcqhvqco,lcqhvqco::RMSD,wt-homo-3 / RMSD,RMSD,Time (ps),30400,0.17129649,nm,nm
line,overlay,wt-homo-3,wt-homo-3,rmsd,lcqhvqco,lcqhvqco::RMSD,wt-homo-3 / RMSD,RMSD,Time (ps),30500,0.18198098,nm,nm
line,overlay,wt-homo-3,wt-homo-3,rmsd,lcqhvqco,lcqhvqco::RMSD,wt-homo-3 / RMSD,RMSD,Time (ps),30600,0.19004269,nm,nm
line,overlay,wt-homo-3,wt-homo-3,rmsd,lcqhvqco,lcqhvqco::RMSD,wt-homo-3 / RMSD,RMSD,Time (ps),30700,0.18765475,nm,nm
line,overlay,wt-homo-3,wt-homo-3,rmsd,lcqhvqco,lcqhvqco::RMSD,wt-homo-3 / RMSD,RMSD,Time (ps),30800,0.1923525,nm,nm
line,overlay,wt-homo-3,wt-homo-3,rmsd,lcqhvqco,lcqhvqco::RMSD,wt-homo-3 / RMSD,RMSD,Time (ps),30900,0.17655371,nm,nm
line,overlay,wt-homo-3,wt-homo-3,rmsd,lcqhvqco,lcqhvqco::RMSD,wt-homo-3 / RMSD,RMSD,Time (ps),31000,0.19217457,nm,nm
line,overlay,wt-homo-3,wt-homo-3,rmsd,lcqhvqco,lcqhvqco::RMSD,wt-homo-3 / RMSD,RMSD,Time (ps),31100,0.19816619,nm,nm
line,overlay,wt-homo-3,wt-homo-3,rmsd,lcqhvqco,lcqhvqco::RMSD,wt-homo-3 / RMSD,RMSD,Time (ps),31200,0.18957572,nm,nm
line,overlay,wt-homo-3,wt-homo-3,rmsd,lcqhvqco,lcqhvqco::RMSD,wt-homo-3 / RMSD,RMSD,Time (ps),31300,0.18844585,nm,nm
line,overlay,wt-homo-3,wt-homo-3,rmsd,lcqhvqco,lcqhvqco::RMSD,wt-homo-3 / RMSD,RMSD,Time (ps),31400,0.18453793,nm,nm
line,overlay,wt-homo-3,wt-homo-3,rmsd,lcqhvqco,lcqhvqco::RMSD,wt-homo-3 / RMSD,RMSD,Time (ps),31500,0.1816303,nm,nm
line,overlay,wt-homo-3,wt-homo-3,rmsd,lcqhvqco,lcqhvqco::RMSD,wt-homo-3 / RMSD,RMSD,Time (ps),31600,0.19315119,nm,nm
line,overlay,wt-homo-3,wt-homo-3,rmsd,lcqhvqco,lcqhvqco::RMSD,wt-homo-3 / RMSD,RMSD,Time (ps),31700,0.19505258,nm,nm
line,overlay,wt-homo-3,wt-homo-3,rmsd,lcqhvqco,lcqhvqco::RMSD,wt-homo-3 / RMSD,RMSD,Time (ps),31800,0.18098132,nm,nm
line,overlay,wt-homo-3,wt-homo-3,rmsd,lcqhvqco,lcqhvqco::RMSD,wt-homo-3 / RMSD,RMSD,Time (ps),31900,0.1953208,nm,nm
line,overlay,wt-homo-3,wt-homo-3,rmsd,lcqhvqco,lcqhvqco::RMSD,wt-homo-3 / RMSD,RMSD,Time (ps),32000,0.18993084,nm,nm
line,overlay,wt-homo-3,wt-homo-3,rmsd,lcqhvqco,lcqhvqco::RMSD,wt-homo-3 / RMSD,RMSD,Time (ps),32100,0.18453793,nm,nm
line,overlay,wt-homo-3,wt-homo-3,rmsd,lcqhvqco,lcqhvqco::RMSD,wt-homo-3 / RMSD,RMSD,Time (ps),32200,0.18641873,nm,nm
line,overlay,wt-homo-3,wt-homo-3,rmsd,lcqhvqco,lcqhvqco::RMSD,wt-homo-3 / RMSD,RMSD,Time (ps),32300,0.17789909,nm,nm
line,overlay,wt-homo-3,wt-homo-3,rmsd,lcqhvqco,lcqhvqco::RMSD,wt-homo-3 / RMSD,RMSD,Time (ps),32400,0.19202887,nm,nm
line,overlay,wt-homo-3,wt-homo-3,rmsd,lcqhvqco,lcqhvqco::RMSD,wt-homo-3 / RMSD,RMSD,Time (ps),32500,0.17609216,nm,nm
line,overlay,wt-homo-3,wt-homo-3,rmsd,lcqhvqco,lcqhvqco::RMSD,wt-homo-3 / RMSD,RMSD,Time (ps),32600,0.18696846,nm,nm
line,overlay,wt-homo-3,wt-homo-3,rmsd,lcqhvqco,lcqhvqco::RMSD,wt-homo-3 / RMSD,RMSD,Time (ps),32700,0.18682425,nm,nm
line,overlay,wt-homo-3,wt-homo-3,rmsd,lcqhvqco,lcqhvqco::RMSD,wt-homo-3 / RMSD,RMSD,Time (ps),32800,0.19077499,nm,nm
line,overlay,wt-homo-3,wt-homo-3,rmsd,lcqhvqco,lcqhvqco::RMSD,wt-homo-3 / RMSD,RMSD,Time (ps),32900,0.19287996,nm,nm
line,overlay,wt-homo-3,wt-homo-3,rmsd,lcqhvqco,lcqhvqco::RMSD,wt-homo-3 / RMSD,RMSD,Time (ps),33000,0.19203156,nm,nm
line,overlay,wt-homo-3,wt-homo-3,rmsd,lcqhvqco,lcqhvqco::RMSD,wt-homo-3 / RMSD,RMSD,Time (ps),33100,0.19535263,nm,nm
line,overlay,wt-homo-3,wt-homo-3,rmsd,lcqhvqco,lcqhvqco::RMSD,wt-homo-3 / RMSD,RMSD,Time (ps),33200,0.19572112,nm,nm
line,overlay,wt-homo-3,wt-homo-3,rmsd,lcqhvqco,lcqhvqco::RMSD,wt-homo-3 / RMSD,RMSD,Time (ps),33300,0.18859707,nm,nm
line,overlay,wt-homo-3,wt-homo-3,rmsd,lcqhvqco,lcqhvqco::RMSD,wt-homo-3 / RMSD,RMSD,Time (ps),33400,0.19334699,nm,nm
line,overlay,wt-homo-3,wt-homo-3,rmsd,lcqhvqco,lcqhvqco::RMSD,wt-homo-3 / RMSD,RMSD,Time (ps),33500,0.1881816,nm,nm
line,overlay,wt-homo-3,wt-homo-3,rmsd,lcqhvqco,lcqhvqco::RMSD,wt-homo-3 / RMSD,RMSD,Time (ps),33600,0.18533674,nm,nm
line,overlay,wt-homo-3,wt-homo-3,rmsd,lcqhvqco,lcqhvqco::RMSD,wt-homo-3 / RMSD,RMSD,Time (ps),33700,0.18040472,nm,nm
line,overlay,wt-homo-3,wt-homo-3,rmsd,lcqhvqco,lcqhvqco::RMSD,wt-homo-3 / RMSD,RMSD,Time (ps),33800,0.18866026,nm,nm
line,overlay,wt-homo-3,wt-homo-3,rmsd,lcqhvqco,lcqhvqco::RMSD,wt-homo-3 / RMSD,RMSD,Time (ps),33900,0.18682425,nm,nm
line,overlay,wt-homo-3,wt-homo-3,rmsd,lcqhvqco,lcqhvqco::RMSD,wt-homo-3 / RMSD,RMSD,Time (ps),34000,0.20021676,nm,nm
line,overlay,wt-homo-3,wt-homo-3,rmsd,lcqhvqco,lcqhvqco::RMSD,wt-homo-3 / RMSD,RMSD,Time (ps),34100,0.19183171,nm,nm
line,overlay,wt-homo-3,wt-homo-3,rmsd,lcqhvqco,lcqhvqco::RMSD,wt-homo-3 / RMSD,RMSD,Time (ps),34200,0.18760778,nm,nm
line,overlay,wt-homo-3,wt-homo-3,rmsd,lcqhvqco,lcqhvqco::RMSD,wt-homo-3 / RMSD,RMSD,Time (ps),34300,0.19623159,nm,nm
line,overlay,wt-homo-3,wt-homo-3,rmsd,lcqhvqco,lcqhvqco::RMSD,wt-homo-3 / RMSD,RMSD,Time (ps),34400,0.1893541,nm,nm
line,overlay,wt-homo-3,wt-homo-3,rmsd,lcqhvqco,lcqhvqco::RMSD,wt-homo-3 / RMSD,RMSD,Time (ps),34500,0.20583864,nm,nm
line,overlay,wt-homo-3,wt-homo-3,rmsd,lcqhvqco,lcqhvqco::RMSD,wt-homo-3 / RMSD,RMSD,Time (ps),34600,0.18728977,nm,nm
line,overlay,wt-homo-3,wt-homo-3,rmsd,lcqhvqco,lcqhvqco::RMSD,wt-homo-3 / RMSD,RMSD,Time (ps),34700,0.1963161,nm,nm
line,overlay,wt-homo-3,wt-homo-3,rmsd,lcqhvqco,lcqhvqco::RMSD,wt-homo-3 / RMSD,RMSD,Time (ps),34800,0.1960651,nm,nm
line,overlay,wt-homo-3,wt-homo-3,rmsd,lcqhvqco,lcqhvqco::RMSD,wt-homo-3 / RMSD,RMSD,Time (ps),34900,0.20548831,nm,nm
line,overlay,wt-homo-3,wt-homo-3,rmsd,lcqhvqco,lcqhvqco::RMSD,wt-homo-3 / RMSD,RMSD,Time (ps),35000,0.19567342,nm,nm
line,overlay,wt-homo-3,wt-homo-3,rmsd,lcqhvqco,lcqhvqco::RMSD,wt-homo-3 / RMSD,RMSD,Time (ps),35100,0.19527568,nm,nm
line,overlay,wt-homo-3,wt-homo-3,rmsd,lcqhvqco,lcqhvqco::RMSD,wt-homo-3 / RMSD,RMSD,Time (ps),35200,0.20231573,nm,nm
line,overlay,wt-homo-3,wt-homo-3,rmsd,lcqhvqco,lcqhvqco::RMSD,wt-homo-3 / RMSD,RMSD,Time (ps),35300,0.20567992,nm,nm
line,overlay,wt-homo-3,wt-homo-3,rmsd,lcqhvqco,lcqhvqco::RMSD,wt-homo-3 / RMSD,RMSD,Time (ps),35400,0.19894153,nm,nm
line,overlay,wt-homo-3,wt-homo-3,rmsd,lcqhvqco,lcqhvqco::RMSD,wt-homo-3 / RMSD,RMSD,Time (ps),35500,0.20374034,nm,nm
line,overlay,wt-homo-3,wt-homo-3,rmsd,lcqhvqco,lcqhvqco::RMSD,wt-homo-3 / RMSD,RMSD,Time (ps),35600,0.19913946,nm,nm
line,overlay,wt-homo-3,wt-homo-3,rmsd,lcqhvqco,lcqhvqco::RMSD,wt-homo-3 / RMSD,RMSD,Time (ps),35700,0.19827864,nm,nm
line,overlay,wt-homo-3,wt-homo-3,rmsd,lcqhvqco,lcqhvqco::RMSD,wt-homo-3 / RMSD,RMSD,Time (ps),35800,0.1928692,nm,nm
line,overlay,wt-homo-3,wt-homo-3,rmsd,lcqhvqco,lcqhvqco::RMSD,wt-homo-3 / RMSD,RMSD,Time (ps),35900,0.18582274,nm,nm
line,overlay,wt-homo-3,wt-homo-3,rmsd,lcqhvqco,lcqhvqco::RMSD,wt-homo-3 / RMSD,RMSD,Time (ps),36000,0.20040049,nm,nm
line,overlay,wt-homo-3,wt-homo-3,rmsd,lcqhvqco,lcqhvqco::RMSD,wt-homo-3 / RMSD,RMSD,Time (ps),36100,0.20229267,nm,nm
line,overlay,wt-homo-3,wt-homo-3,rmsd,lcqhvqco,lcqhvqco::RMSD,wt-homo-3 / RMSD,RMSD,Time (ps),36200,0.19216917,nm,nm
line,overlay,wt-homo-3,wt-homo-3,rmsd,lcqhvqco,lcqhvqco::RMSD,wt-homo-3 / RMSD,RMSD,Time (ps),36300,0.2004341,nm,nm
line,overlay,wt-homo-3,wt-homo-3,rmsd,lcqhvqco,lcqhvqco::RMSD,wt-homo-3 / RMSD,RMSD,Time (ps),36400,0.19529426,nm,nm
line,overlay,wt-homo-3,wt-homo-3,rmsd,lcqhvqco,lcqhvqco::RMSD,wt-homo-3 / RMSD,RMSD,Time (ps),36500,0.19605981,nm,nm
line,overlay,wt-homo-3,wt-homo-3,rmsd,lcqhvqco,lcqhvqco::RMSD,wt-homo-3 / RMSD,RMSD,Time (ps),36600,0.18920076,nm,nm
line,overlay,wt-homo-3,wt-homo-3,rmsd,lcqhvqco,lcqhvqco::RMSD,wt-homo-3 / RMSD,RMSD,Time (ps),36700,0.19186413,nm,nm
line,overlay,wt-homo-3,wt-homo-3,rmsd,lcqhvqco,lcqhvqco::RMSD,wt-homo-3 / RMSD,RMSD,Time (ps),36800,0.1981191,nm,nm
line,overlay,wt-homo-3,wt-homo-3,rmsd,lcqhvqco,lcqhvqco::RMSD,wt-homo-3 / RMSD,RMSD,Time (ps),36900,0.20423077,nm,nm
line,overlay,wt-homo-3,wt-homo-3,rmsd,lcqhvqco,lcqhvqco::RMSD,wt-homo-3 / RMSD,RMSD,Time (ps),37000,0.19834398,nm,nm
line,overlay,wt-homo-3,wt-homo-3,rmsd,lcqhvqco,lcqhvqco::RMSD,wt-homo-3 / RMSD,RMSD,Time (ps),37100,0.19884251,nm,nm
line,overlay,wt-homo-3,wt-homo-3,rmsd,lcqhvqco,lcqhvqco::RMSD,wt-homo-3 / RMSD,RMSD,Time (ps),37200,0.19982027,nm,nm
line,overlay,wt-homo-3,wt-homo-3,rmsd,lcqhvqco,lcqhvqco::RMSD,wt-homo-3 / RMSD,RMSD,Time (ps),37300,0.20926262,nm,nm
line,overlay,wt-homo-3,wt-homo-3,rmsd,lcqhvqco,lcqhvqco::RMSD,wt-homo-3 / RMSD,RMSD,Time (ps),37400,0.19389045,nm,nm
line,overlay,wt-homo-3,wt-homo-3,rmsd,lcqhvqco,lcqhvqco::RMSD,wt-homo-3 / RMSD,RMSD,Time (ps),37500,0.19563104,nm,nm
line,overlay,wt-homo-3,wt-homo-3,rmsd,lcqhvqco,lcqhvqco::RMSD,wt-homo-3 / RMSD,RMSD,Time (ps),37600,0.19678289,nm,nm
line,overlay,wt-homo-3,wt-homo-3,rmsd,lcqhvqco,lcqhvqco::RMSD,wt-homo-3 / RMSD,RMSD,Time (ps),37700,0.18930209,nm,nm
line,overlay,wt-homo-3,wt-homo-3,rmsd,lcqhvqco,lcqhvqco::RMSD,wt-homo-3 / RMSD,RMSD,Time (ps),37800,0.1987721,nm,nm
line,overlay,wt-homo-3,wt-homo-3,rmsd,lcqhvqco,lcqhvqco::RMSD,wt-homo-3 / RMSD,RMSD,Time (ps),37900,0.19429106,nm,nm
line,overlay,wt-homo-3,wt-homo-3,rmsd,lcqhvqco,lcqhvqco::RMSD,wt-homo-3 / RMSD,RMSD,Time (ps),38000,0.1847148,nm,nm
line,overlay,wt-homo-3,wt-homo-3,rmsd,lcqhvqco,lcqhvqco::RMSD,wt-homo-3 / RMSD,RMSD,Time (ps),38100,0.18659659,nm,nm
line,overlay,wt-homo-3,wt-homo-3,rmsd,lcqhvqco,lcqhvqco::RMSD,wt-homo-3 / RMSD,RMSD,Time (ps),38200,0.17895074,nm,nm
line,overlay,wt-homo-3,wt-homo-3,rmsd,lcqhvqco,lcqhvqco::RMSD,wt-homo-3 / RMSD,RMSD,Time (ps),38300,0.17818731,nm,nm
line,overlay,wt-homo-3,wt-homo-3,rmsd,lcqhvqco,lcqhvqco::RMSD,wt-homo-3 / RMSD,RMSD,Time (ps),38400,0.18817332,nm,nm
line,overlay,wt-homo-3,wt-homo-3,rmsd,lcqhvqco,lcqhvqco::RMSD,wt-homo-3 / RMSD,RMSD,Time (ps),38500,0.17609511,nm,nm
line,overlay,wt-homo-3,wt-homo-3,rmsd,lcqhvqco,lcqhvqco::RMSD,wt-homo-3 / RMSD,RMSD,Time (ps),38600,0.17524828,nm,nm
line,overlay,wt-homo-3,wt-homo-3,rmsd,lcqhvqco,lcqhvqco::RMSD,wt-homo-3 / RMSD,RMSD,Time (ps),38700,0.16719247,nm,nm
line,overlay,wt-homo-3,wt-homo-3,rmsd,lcqhvqco,lcqhvqco::RMSD,wt-homo-3 / RMSD,RMSD,Time (ps),38800,0.17761916,nm,nm
line,overlay,wt-homo-3,wt-homo-3,rmsd,lcqhvqco,lcqhvqco::RMSD,wt-homo-3 / RMSD,RMSD,Time (ps),38900,0.18003945,nm,nm
line,overlay,wt-homo-3,wt-homo-3,rmsd,lcqhvqco,lcqhvqco::RMSD,wt-homo-3 / RMSD,RMSD,Time (ps),39000,0.1773154,nm,nm
line,overlay,wt-homo-3,wt-homo-3,rmsd,lcqhvqco,lcqhvqco::RMSD,wt-homo-3 / RMSD,RMSD,Time (ps),39100,0.17839955,nm,nm
line,overlay,wt-homo-3,wt-homo-3,rmsd,lcqhvqco,lcqhvqco::RMSD,wt-homo-3 / RMSD,RMSD,Time (ps),39200,0.18016608,nm,nm
line,overlay,wt-homo-3,wt-homo-3,rmsd,lcqhvqco,lcqhvqco::RMSD,wt-homo-3 / RMSD,RMSD,Time (ps),39300,0.18332331,nm,nm
line,overlay,wt-homo-3,wt-homo-3,rmsd,lcqhvqco,lcqhvqco::RMSD,wt-homo-3 / RMSD,RMSD,Time (ps),39400,0.15994179,nm,nm
line,overlay,wt-homo-3,wt-homo-3,rmsd,lcqhvqco,lcqhvqco::RMSD,wt-homo-3 / RMSD,RMSD,Time (ps),39500,0.18694627,nm,nm
line,overlay,wt-homo-3,wt-homo-3,rmsd,lcqhvqco,lcqhvqco::RMSD,wt-homo-3 / RMSD,RMSD,Time (ps),39600,0.18823117,nm,nm
line,overlay,wt-homo-3,wt-homo-3,rmsd,lcqhvqco,lcqhvqco::RMSD,wt-homo-3 / RMSD,RMSD,Time (ps),39700,0.19132575,nm,nm
line,overlay,wt-homo-3,wt-homo-3,rmsd,lcqhvqco,lcqhvqco::RMSD,wt-homo-3 / RMSD,RMSD,Time (ps),39800,0.18531436,nm,nm
line,overlay,wt-homo-3,wt-homo-3,rmsd,lcqhvqco,lcqhvqco::RMSD,wt-homo-3 / RMSD,RMSD,Time (ps),39900,0.18332897,nm,nm
line,overlay,wt-homo-3,wt-homo-3,rmsd,lcqhvqco,lcqhvqco::RMSD,wt-homo-3 / RMSD,RMSD,Time (ps),40000,0.18881132,nm,nm
line,overlay,wt-homo-3,wt-homo-3,rmsd,lcqhvqco,lcqhvqco::RMSD,wt-homo-3 / RMSD,RMSD,Time (ps),40100,0.17912737,nm,nm
line,overlay,wt-homo-3,wt-homo-3,rmsd,lcqhvqco,lcqhvqco::RMSD,wt-homo-3 / RMSD,RMSD,Time (ps),40200,0.19562045,nm,nm
line,overlay,wt-homo-3,wt-homo-3,rmsd,lcqhvqco,lcqhvqco::RMSD,wt-homo-3 / RMSD,RMSD,Time (ps),40300,0.18344484,nm,nm
line,overlay,wt-homo-3,wt-homo-3,rmsd,lcqhvqco,lcqhvqco::RMSD,wt-homo-3 / RMSD,RMSD,Time (ps),40400,0.18513805,nm,nm
line,overlay,wt-homo-3,wt-homo-3,rmsd,lcqhvqco,lcqhvqco::RMSD,wt-homo-3 / RMSD,RMSD,Time (ps),40500,0.19292295,nm,nm
line,overlay,wt-homo-3,wt-homo-3,rmsd,lcqhvqco,lcqhvqco::RMSD,wt-homo-3 / RMSD,RMSD,Time (ps),40600,0.19024988,nm,nm
line,overlay,wt-homo-3,wt-homo-3,rmsd,lcqhvqco,lcqhvqco::RMSD,wt-homo-3 / RMSD,RMSD,Time (ps),40700,0.19408017,nm,nm
line,overlay,wt-homo-3,wt-homo-3,rmsd,lcqhvqco,lcqhvqco::RMSD,wt-homo-3 / RMSD,RMSD,Time (ps),40800,0.18887171,nm,nm
line,overlay,wt-homo-3,wt-homo-3,rmsd,lcqhvqco,lcqhvqco::RMSD,wt-homo-3 / RMSD,RMSD,Time (ps),40900,0.1806,nm,nm
line,overlay,wt-homo-3,wt-homo-3,rmsd,lcqhvqco,lcqhvqco::RMSD,wt-homo-3 / RMSD,RMSD,Time (ps),41000,0.19080216,nm,nm
line,overlay,wt-homo-3,wt-homo-3,rmsd,lcqhvqco,lcqhvqco::RMSD,wt-homo-3 / RMSD,RMSD,Time (ps),41100,0.18994994,nm,nm
line,overlay,wt-homo-3,wt-homo-3,rmsd,lcqhvqco,lcqhvqco::RMSD,wt-homo-3 / RMSD,RMSD,Time (ps),41200,0.19956589,nm,nm
line,overlay,wt-homo-3,wt-homo-3,rmsd,lcqhvqco,lcqhvqco::RMSD,wt-homo-3 / RMSD,RMSD,Time (ps),41300,0.19618402,nm,nm
line,overlay,wt-homo-3,wt-homo-3,rmsd,lcqhvqco,lcqhvqco::RMSD,wt-homo-3 / RMSD,RMSD,Time (ps),41400,0.18161032,nm,nm
line,overlay,wt-homo-3,wt-homo-3,rmsd,lcqhvqco,lcqhvqco::RMSD,wt-homo-3 / RMSD,RMSD,Time (ps),41500,0.18492796,nm,nm
line,overlay,wt-homo-3,wt-homo-3,rmsd,lcqhvqco,lcqhvqco::RMSD,wt-homo-3 / RMSD,RMSD,Time (ps),41600,0.17992425,nm,nm
line,overlay,wt-homo-3,wt-homo-3,rmsd,lcqhvqco,lcqhvqco::RMSD,wt-homo-3 / RMSD,RMSD,Time (ps),41700,0.18484946,nm,nm
line,overlay,wt-homo-3,wt-homo-3,rmsd,lcqhvqco,lcqhvqco::RMSD,wt-homo-3 / RMSD,RMSD,Time (ps),41800,0.18685754,nm,nm
line,overlay,wt-homo-3,wt-homo-3,rmsd,lcqhvqco,lcqhvqco::RMSD,wt-homo-3 / RMSD,RMSD,Time (ps),41900,0.19651139,nm,nm
line,overlay,wt-homo-3,wt-homo-3,rmsd,lcqhvqco,lcqhvqco::RMSD,wt-homo-3 / RMSD,RMSD,Time (ps),42000,0.19210443,nm,nm
line,overlay,wt-homo-3,wt-homo-3,rmsd,lcqhvqco,lcqhvqco::RMSD,wt-homo-3 / RMSD,RMSD,Time (ps),42100,0.18809894,nm,nm
line,overlay,wt-homo-3,wt-homo-3,rmsd,lcqhvqco,lcqhvqco::RMSD,wt-homo-3 / RMSD,RMSD,Time (ps),42200,0.1953659,nm,nm
line,overlay,wt-homo-3,wt-homo-3,rmsd,lcqhvqco,lcqhvqco::RMSD,wt-homo-3 / RMSD,RMSD,Time (ps),42300,0.18591756,nm,nm
line,overlay,wt-homo-3,wt-homo-3,rmsd,lcqhvqco,lcqhvqco::RMSD,wt-homo-3 / RMSD,RMSD,Time (ps),42400,0.19718023,nm,nm
line,overlay,wt-homo-3,wt-homo-3,rmsd,lcqhvqco,lcqhvqco::RMSD,wt-homo-3 / RMSD,RMSD,Time (ps),42500,0.19381559,nm,nm
line,overlay,wt-homo-3,wt-homo-3,rmsd,lcqhvqco,lcqhvqco::RMSD,wt-homo-3 / RMSD,RMSD,Time (ps),42600,0.198978,nm,nm
line,overlay,wt-homo-3,wt-homo-3,rmsd,lcqhvqco,lcqhvqco::RMSD,wt-homo-3 / RMSD,RMSD,Time (ps),42700,0.19043778,nm,nm
line,overlay,wt-homo-3,wt-homo-3,rmsd,lcqhvqco,lcqhvqco::RMSD,wt-homo-3 / RMSD,RMSD,Time (ps),42800,0.20150964,nm,nm
line,overlay,wt-homo-3,wt-homo-3,rmsd,lcqhvqco,lcqhvqco::RMSD,wt-homo-3 / RMSD,RMSD,Time (ps),42900,0.19514556,nm,nm
line,overlay,wt-homo-3,wt-homo-3,rmsd,lcqhvqco,lcqhvqco::RMSD,wt-homo-3 / RMSD,RMSD,Time (ps),43000,0.19578731,nm,nm
line,overlay,wt-homo-3,wt-homo-3,rmsd,lcqhvqco,lcqhvqco::RMSD,wt-homo-3 / RMSD,RMSD,Time (ps),43100,0.17736217,nm,nm
line,overlay,wt-homo-3,wt-homo-3,rmsd,lcqhvqco,lcqhvqco::RMSD,wt-homo-3 / RMSD,RMSD,Time (ps),43200,0.19825248,nm,nm
line,overlay,wt-homo-3,wt-homo-3,rmsd,lcqhvqco,lcqhvqco::RMSD,wt-homo-3 / RMSD,RMSD,Time (ps),43300,0.20335071,nm,nm
line,overlay,wt-homo-3,wt-homo-3,rmsd,lcqhvqco,lcqhvqco::RMSD,wt-homo-3 / RMSD,RMSD,Time (ps),43400,0.19454435,nm,nm
line,overlay,wt-homo-3,wt-homo-3,rmsd,lcqhvqco,lcqhvqco::RMSD,wt-homo-3 / RMSD,RMSD,Time (ps),43500,0.18649378,nm,nm
line,overlay,wt-homo-3,wt-homo-3,rmsd,lcqhvqco,lcqhvqco::RMSD,wt-homo-3 / RMSD,RMSD,Time (ps),43600,0.18511845,nm,nm
line,overlay,wt-homo-3,wt-homo-3,rmsd,lcqhvqco,lcqhvqco::RMSD,wt-homo-3 / RMSD,RMSD,Time (ps),43700,0.19232824,nm,nm
line,overlay,wt-homo-3,wt-homo-3,rmsd,lcqhvqco,lcqhvqco::RMSD,wt-homo-3 / RMSD,RMSD,Time (ps),43800,0.18986532,nm,nm
line,overlay,wt-homo-3,wt-homo-3,rmsd,lcqhvqco,lcqhvqco::RMSD,wt-homo-3 / RMSD,RMSD,Time (ps),43900,0.19353725,nm,nm
line,overlay,wt-homo-3,wt-homo-3,rmsd,lcqhvqco,lcqhvqco::RMSD,wt-homo-3 / RMSD,RMSD,Time (ps),44000,0.19624743,nm,nm
line,overlay,wt-homo-3,wt-homo-3,rmsd,lcqhvqco,lcqhvqco::RMSD,wt-homo-3 / RMSD,RMSD,Time (ps),44100,0.21194781,nm,nm
line,overlay,wt-homo-3,wt-homo-3,rmsd,lcqhvqco,lcqhvqco::RMSD,wt-homo-3 / RMSD,RMSD,Time (ps),44200,0.19750592,nm,nm
line,overlay,wt-homo-3,wt-homo-3,rmsd,lcqhvqco,lcqhvqco::RMSD,wt-homo-3 / RMSD,RMSD,Time (ps),44300,0.19926436,nm,nm
line,overlay,wt-homo-3,wt-homo-3,rmsd,lcqhvqco,lcqhvqco::RMSD,wt-homo-3 / RMSD,RMSD,Time (ps),44400,0.20637432,nm,nm
line,overlay,wt-homo-3,wt-homo-3,rmsd,lcqhvqco,lcqhvqco::RMSD,wt-homo-3 / RMSD,RMSD,Time (ps),44500,0.1975558,nm,nm
line,overlay,wt-homo-3,wt-homo-3,rmsd,lcqhvqco,lcqhvqco::RMSD,wt-homo-3 / RMSD,RMSD,Time (ps),44600,0.20122133,nm,nm
line,overlay,wt-homo-3,wt-homo-3,rmsd,lcqhvqco,lcqhvqco::RMSD,wt-homo-3 / RMSD,RMSD,Time (ps),44700,0.19982804,nm,nm
line,overlay,wt-homo-3,wt-homo-3,rmsd,lcqhvqco,lcqhvqco::RMSD,wt-homo-3 / RMSD,RMSD,Time (ps),44800,0.19290414,nm,nm
line,overlay,wt-homo-3,wt-homo-3,rmsd,lcqhvqco,lcqhvqco::RMSD,wt-homo-3 / RMSD,RMSD,Time (ps),44900,0.19296594,nm,nm
line,overlay,wt-homo-3,wt-homo-3,rmsd,lcqhvqco,lcqhvqco::RMSD,wt-homo-3 / RMSD,RMSD,Time (ps),45000,0.19888942,nm,nm
line,overlay,wt-homo-3,wt-homo-3,rmsd,lcqhvqco,lcqhvqco::RMSD,wt-homo-3 / RMSD,RMSD,Time (ps),45100,0.20423838,nm,nm
line,overlay,wt-homo-3,wt-homo-3,rmsd,lcqhvqco,lcqhvqco::RMSD,wt-homo-3 / RMSD,RMSD,Time (ps),45200,0.19446972,nm,nm
line,overlay,wt-homo-3,wt-homo-3,rmsd,lcqhvqco,lcqhvqco::RMSD,wt-homo-3 / RMSD,RMSD,Time (ps),45300,0.18959485,nm,nm
line,overlay,wt-homo-3,wt-homo-3,rmsd,lcqhvqco,lcqhvqco::RMSD,wt-homo-3 / RMSD,RMSD,Time (ps),45400,0.18492515,nm,nm
line,overlay,wt-homo-3,wt-homo-3,rmsd,lcqhvqco,lcqhvqco::RMSD,wt-homo-3 / RMSD,RMSD,Time (ps),45500,0.18133041,nm,nm
line,overlay,wt-homo-3,wt-homo-3,rmsd,lcqhvqco,lcqhvqco::RMSD,wt-homo-3 / RMSD,RMSD,Time (ps),45600,0.1769291,nm,nm
line,overlay,wt-homo-3,wt-homo-3,rmsd,lcqhvqco,lcqhvqco::RMSD,wt-homo-3 / RMSD,RMSD,Time (ps),45700,0.19312435,nm,nm
line,overlay,wt-homo-3,wt-homo-3,rmsd,lcqhvqco,lcqhvqco::RMSD,wt-homo-3 / RMSD,RMSD,Time (ps),45800,0.1849896,nm,nm
line,overlay,wt-homo-3,wt-homo-3,rmsd,lcqhvqco,lcqhvqco::RMSD,wt-homo-3 / RMSD,RMSD,Time (ps),45900,0.18918705,nm,nm
line,overlay,wt-homo-3,wt-homo-3,rmsd,lcqhvqco,lcqhvqco::RMSD,wt-homo-3 / RMSD,RMSD,Time (ps),46000,0.1832413,nm,nm
line,overlay,wt-homo-3,wt-homo-3,rmsd,lcqhvqco,lcqhvqco::RMSD,wt-homo-3 / RMSD,RMSD,Time (ps),46100,0.18153895,nm,nm
line,overlay,wt-homo-3,wt-homo-3,rmsd,lcqhvqco,lcqhvqco::RMSD,wt-homo-3 / RMSD,RMSD,Time (ps),46200,0.17979167,nm,nm
line,overlay,wt-homo-3,wt-homo-3,rmsd,lcqhvqco,lcqhvqco::RMSD,wt-homo-3 / RMSD,RMSD,Time (ps),46300,0.19069345,nm,nm
line,overlay,wt-homo-3,wt-homo-3,rmsd,lcqhvqco,lcqhvqco::RMSD,wt-homo-3 / RMSD,RMSD,Time (ps),46400,0.18882504,nm,nm
line,overlay,wt-homo-3,wt-homo-3,rmsd,lcqhvqco,lcqhvqco::RMSD,wt-homo-3 / RMSD,RMSD,Time (ps),46500,0.19245218,nm,nm
line,overlay,wt-homo-3,wt-homo-3,rmsd,lcqhvqco,lcqhvqco::RMSD,wt-homo-3 / RMSD,RMSD,Time (ps),46600,0.17999625,nm,nm
line,overlay,wt-homo-3,wt-homo-3,rmsd,lcqhvqco,lcqhvqco::RMSD,wt-homo-3 / RMSD,RMSD,Time (ps),46700,0.18508765,nm,nm
line,overlay,wt-homo-3,wt-homo-3,rmsd,lcqhvqco,lcqhvqco::RMSD,wt-homo-3 / RMSD,RMSD,Time (ps),46800,0.19346492,nm,nm
line,overlay,wt-homo-3,wt-homo-3,rmsd,lcqhvqco,lcqhvqco::RMSD,wt-homo-3 / RMSD,RMSD,Time (ps),46900,0.17906079,nm,nm
line,overlay,wt-homo-3,wt-homo-3,rmsd,lcqhvqco,lcqhvqco::RMSD,wt-homo-3 / RMSD,RMSD,Time (ps),47000,0.18592313,nm,nm
line,overlay,wt-homo-3,wt-homo-3,rmsd,lcqhvqco,lcqhvqco::RMSD,wt-homo-3 / RMSD,RMSD,Time (ps),47100,0.18509886,nm,nm
line,overlay,wt-homo-3,wt-homo-3,rmsd,lcqhvqco,lcqhvqco::RMSD,wt-homo-3 / RMSD,RMSD,Time (ps),47200,0.18406825,nm,nm
line,overlay,wt-homo-3,wt-homo-3,rmsd,lcqhvqco,lcqhvqco::RMSD,wt-homo-3 / RMSD,RMSD,Time (ps),47300,0.18328655,nm,nm
line,overlay,wt-homo-3,wt-homo-3,rmsd,lcqhvqco,lcqhvqco::RMSD,wt-homo-3 / RMSD,RMSD,Time (ps),47400,0.17892757,nm,nm
line,overlay,wt-homo-3,wt-homo-3,rmsd,lcqhvqco,lcqhvqco::RMSD,wt-homo-3 / RMSD,RMSD,Time (ps),47500,0.18423994,nm,nm
line,overlay,wt-homo-3,wt-homo-3,rmsd,lcqhvqco,lcqhvqco::RMSD,wt-homo-3 / RMSD,RMSD,Time (ps),47600,0.18449017,nm,nm
line,overlay,wt-homo-3,wt-homo-3,rmsd,lcqhvqco,lcqhvqco::RMSD,wt-homo-3 / RMSD,RMSD,Time (ps),47700,0.18482141,nm,nm
line,overlay,wt-homo-3,wt-homo-3,rmsd,lcqhvqco,lcqhvqco::RMSD,wt-homo-3 / RMSD,RMSD,Time (ps),47800,0.18162745,nm,nm
line,overlay,wt-homo-3,wt-homo-3,rmsd,lcqhvqco,lcqhvqco::RMSD,wt-homo-3 / RMSD,RMSD,Time (ps),47900,0.1730367,nm,nm
line,overlay,wt-homo-3,wt-homo-3,rmsd,lcqhvqco,lcqhvqco::RMSD,wt-homo-3 / RMSD,RMSD,Time (ps),48000,0.17762208,nm,nm
line,overlay,wt-homo-3,wt-homo-3,rmsd,lcqhvqco,lcqhvqco::RMSD,wt-homo-3 / RMSD,RMSD,Time (ps),48100,0.18793076,nm,nm
line,overlay,wt-homo-3,wt-homo-3,rmsd,lcqhvqco,lcqhvqco::RMSD,wt-homo-3 / RMSD,RMSD,Time (ps),48200,0.19436574,nm,nm
line,overlay,wt-homo-3,wt-homo-3,rmsd,lcqhvqco,lcqhvqco::RMSD,wt-homo-3 / RMSD,RMSD,Time (ps),48300,0.18481581,nm,nm
line,overlay,wt-homo-3,wt-homo-3,rmsd,lcqhvqco,lcqhvqco::RMSD,wt-homo-3 / RMSD,RMSD,Time (ps),48400,0.19218536,nm,nm
line,overlay,wt-homo-3,wt-homo-3,rmsd,lcqhvqco,lcqhvqco::RMSD,wt-homo-3 / RMSD,RMSD,Time (ps),48500,0.18383719,nm,nm
line,overlay,wt-homo-3,wt-homo-3,rmsd,lcqhvqco,lcqhvqco::RMSD,wt-homo-3 / RMSD,RMSD,Time (ps),48600,0.19133389,nm,nm
line,overlay,wt-homo-3,wt-homo-3,rmsd,lcqhvqco,lcqhvqco::RMSD,wt-homo-3 / RMSD,RMSD,Time (ps),48700,0.19733264,nm,nm
line,overlay,wt-homo-3,wt-homo-3,rmsd,lcqhvqco,lcqhvqco::RMSD,wt-homo-3 / RMSD,RMSD,Time (ps),48800,0.18524162,nm,nm
line,overlay,wt-homo-3,wt-homo-3,rmsd,lcqhvqco,lcqhvqco::RMSD,wt-homo-3 / RMSD,RMSD,Time (ps),48900,0.19268636,nm,nm
line,overlay,wt-homo-3,wt-homo-3,rmsd,lcqhvqco,lcqhvqco::RMSD,wt-homo-3 / RMSD,RMSD,Time (ps),49000,0.18627964,nm,nm
line,overlay,wt-homo-3,wt-homo-3,rmsd,lcqhvqco,lcqhvqco::RMSD,wt-homo-3 / RMSD,RMSD,Time (ps),49100,0.19584554,nm,nm
line,overlay,wt-homo-3,wt-homo-3,rmsd,lcqhvqco,lcqhvqco::RMSD,wt-homo-3 / RMSD,RMSD,Time (ps),49200,0.19441107,nm,nm
line,overlay,wt-homo-3,wt-homo-3,rmsd,lcqhvqco,lcqhvqco::RMSD,wt-homo-3 / RMSD,RMSD,Time (ps),49300,0.19120921,nm,nm
line,overlay,wt-homo-3,wt-homo-3,rmsd,lcqhvqco,lcqhvqco::RMSD,wt-homo-3 / RMSD,RMSD,Time (ps),49400,0.19101664,nm,nm
line,overlay,wt-homo-3,wt-homo-3,rmsd,lcqhvqco,lcqhvqco::RMSD,wt-homo-3 / RMSD,RMSD,Time (ps),49500,0.19715132,nm,nm
line,overlay,wt-homo-3,wt-homo-3,rmsd,lcqhvqco,lcqhvqco::RMSD,wt-homo-3 / RMSD,RMSD,Time (ps),49600,0.19659841,nm,nm
line,overlay,wt-homo-3,wt-homo-3,rmsd,lcqhvqco,lcqhvqco::RMSD,wt-homo-3 / RMSD,RMSD,Time (ps),49700,0.19599634,nm,nm
line,overlay,wt-homo-3,wt-homo-3,rmsd,lcqhvqco,lcqhvqco::RMSD,wt-homo-3 / RMSD,RMSD,Time (ps),49800,0.20619842,nm,nm
line,overlay,wt-homo-3,wt-homo-3,rmsd,lcqhvqco,lcqhvqco::RMSD,wt-homo-3 / RMSD,RMSD,Time (ps),49900,0.20156878,nm,nm
line,overlay,wt-homo-3,wt-homo-3,rmsd,lcqhvqco,lcqhvqco::RMSD,wt-homo-3 / RMSD,RMSD,Time (ps),50000,0.20115176,nm,nm
line,overlay,wt-homo-3,wt-homo-3,rmsd,lcqhvqco,lcqhvqco::RMSD,wt-homo-3 / RMSD,RMSD,Time (ps),50100,0.19390382,nm,nm
line,overlay,wt-homo-3,wt-homo-3,rmsd,lcqhvqco,lcqhvqco::RMSD,wt-homo-3 / RMSD,RMSD,Time (ps),50200,0.18659382,nm,nm
line,overlay,wt-homo-3,wt-homo-3,rmsd,lcqhvqco,lcqhvqco::RMSD,wt-homo-3 / RMSD,RMSD,Time (ps),50300,0.19192895,nm,nm
line,overlay,wt-homo-3,wt-homo-3,rmsd,lcqhvqco,lcqhvqco::RMSD,wt-homo-3 / RMSD,RMSD,Time (ps),50400,0.19737992,nm,nm
line,overlay,wt-homo-3,wt-homo-3,rmsd,lcqhvqco,lcqhvqco::RMSD,wt-homo-3 / RMSD,RMSD,Time (ps),50500,0.20117238,nm,nm
line,overlay,wt-homo-3,wt-homo-3,rmsd,lcqhvqco,lcqhvqco::RMSD,wt-homo-3 / RMSD,RMSD,Time (ps),50600,0.19503929,nm,nm
line,overlay,wt-homo-3,wt-homo-3,rmsd,lcqhvqco,lcqhvqco::RMSD,wt-homo-3 / RMSD,RMSD,Time (ps),50700,0.19523586,nm,nm
line,overlay,wt-homo-3,wt-homo-3,rmsd,lcqhvqco,lcqhvqco::RMSD,wt-homo-3 / RMSD,RMSD,Time (ps),50800,0.19767907,nm,nm
line,overlay,wt-homo-3,wt-homo-3,rmsd,lcqhvqco,lcqhvqco::RMSD,wt-homo-3 / RMSD,RMSD,Time (ps),50900,0.20476305,nm,nm
line,overlay,wt-homo-3,wt-homo-3,rmsd,lcqhvqco,lcqhvqco::RMSD,wt-homo-3 / RMSD,RMSD,Time (ps),51000,0.19494891,nm,nm
line,overlay,wt-homo-3,wt-homo-3,rmsd,lcqhvqco,lcqhvqco::RMSD,wt-homo-3 / RMSD,RMSD,Time (ps),51100,0.19889203,nm,nm
line,overlay,wt-homo-3,wt-homo-3,rmsd,lcqhvqco,lcqhvqco::RMSD,wt-homo-3 / RMSD,RMSD,Time (ps),51200,0.19469614,nm,nm
line,overlay,wt-homo-3,wt-homo-3,rmsd,lcqhvqco,lcqhvqco::RMSD,wt-homo-3 / RMSD,RMSD,Time (ps),51300,0.19440307,nm,nm
line,overlay,wt-homo-3,wt-homo-3,rmsd,lcqhvqco,lcqhvqco::RMSD,wt-homo-3 / RMSD,RMSD,Time (ps),51400,0.18916513,nm,nm
line,overlay,wt-homo-3,wt-homo-3,rmsd,lcqhvqco,lcqhvqco::RMSD,wt-homo-3 / RMSD,RMSD,Time (ps),51500,0.19469082,nm,nm
line,overlay,wt-homo-3,wt-homo-3,rmsd,lcqhvqco,lcqhvqco::RMSD,wt-homo-3 / RMSD,RMSD,Time (ps),51600,0.19043778,nm,nm
line,overlay,wt-homo-3,wt-homo-3,rmsd,lcqhvqco,lcqhvqco::RMSD,wt-homo-3 / RMSD,RMSD,Time (ps),51700,0.19859208,nm,nm
line,overlay,wt-homo-3,wt-homo-3,rmsd,lcqhvqco,lcqhvqco::RMSD,wt-homo-3 / RMSD,RMSD,Time (ps),51800,0.19062005,nm,nm
line,overlay,wt-homo-3,wt-homo-3,rmsd,lcqhvqco,lcqhvqco::RMSD,wt-homo-3 / RMSD,RMSD,Time (ps),51900,0.19093251,nm,nm
line,overlay,wt-homo-3,wt-homo-3,rmsd,lcqhvqco,lcqhvqco::RMSD,wt-homo-3 / RMSD,RMSD,Time (ps),52000,0.18371308,nm,nm
line,overlay,wt-homo-3,wt-homo-3,rmsd,lcqhvqco,lcqhvqco::RMSD,wt-homo-3 / RMSD,RMSD,Time (ps),52100,0.18391329,nm,nm
line,overlay,wt-homo-3,wt-homo-3,rmsd,lcqhvqco,lcqhvqco::RMSD,wt-homo-3 / RMSD,RMSD,Time (ps),52200,0.18903355,nm,nm
line,overlay,wt-homo-3,wt-homo-3,rmsd,lcqhvqco,lcqhvqco::RMSD,wt-homo-3 / RMSD,RMSD,Time (ps),52300,0.19010542,nm,nm
line,overlay,wt-homo-3,wt-homo-3,rmsd,lcqhvqco,lcqhvqco::RMSD,wt-homo-3 / RMSD,RMSD,Time (ps),52400,0.19072607,nm,nm
line,overlay,wt-homo-3,wt-homo-3,rmsd,lcqhvqco,lcqhvqco::RMSD,wt-homo-3 / RMSD,RMSD,Time (ps),52500,0.1918209,nm,nm
line,overlay,wt-homo-3,wt-homo-3,rmsd,lcqhvqco,lcqhvqco::RMSD,wt-homo-3 / RMSD,RMSD,Time (ps),52600,0.19433907,nm,nm
line,overlay,wt-homo-3,wt-homo-3,rmsd,lcqhvqco,lcqhvqco::RMSD,wt-homo-3 / RMSD,RMSD,Time (ps),52700,0.18581437,nm,nm
line,overlay,wt-homo-3,wt-homo-3,rmsd,lcqhvqco,lcqhvqco::RMSD,wt-homo-3 / RMSD,RMSD,Time (ps),52800,0.19152072,nm,nm
line,overlay,wt-homo-3,wt-homo-3,rmsd,lcqhvqco,lcqhvqco::RMSD,wt-homo-3 / RMSD,RMSD,Time (ps),52900,0.20645718,nm,nm
line,overlay,wt-homo-3,wt-homo-3,rmsd,lcqhvqco,lcqhvqco::RMSD,wt-homo-3 / RMSD,RMSD,Time (ps),53000,0.19959705,nm,nm
line,overlay,wt-homo-3,wt-homo-3,rmsd,lcqhvqco,lcqhvqco::RMSD,wt-homo-3 / RMSD,RMSD,Time (ps),53100,0.18612097,nm,nm
line,overlay,wt-homo-3,wt-homo-3,rmsd,lcqhvqco,lcqhvqco::RMSD,wt-homo-3 / RMSD,RMSD,Time (ps),53200,0.18581158,nm,nm
line,overlay,wt-homo-3,wt-homo-3,rmsd,lcqhvqco,lcqhvqco::RMSD,wt-homo-3 / RMSD,RMSD,Time (ps),53300,0.19314851,nm,nm
line,overlay,wt-homo-3,wt-homo-3,rmsd,lcqhvqco,lcqhvqco::RMSD,wt-homo-3 / RMSD,RMSD,Time (ps),53400,0.18235089,nm,nm
line,overlay,wt-homo-3,wt-homo-3,rmsd,lcqhvqco,lcqhvqco::RMSD,wt-homo-3 / RMSD,RMSD,Time (ps),53500,0.19030163,nm,nm
line,overlay,wt-homo-3,wt-homo-3,rmsd,lcqhvqco,lcqhvqco::RMSD,wt-homo-3 / RMSD,RMSD,Time (ps),53600,0.19989288,nm,nm
line,overlay,wt-homo-3,wt-homo-3,rmsd,lcqhvqco,lcqhvqco::RMSD,wt-homo-3 / RMSD,RMSD,Time (ps),53700,0.19318339,nm,nm
line,overlay,wt-homo-3,wt-homo-3,rmsd,lcqhvqco,lcqhvqco::RMSD,wt-homo-3 / RMSD,RMSD,Time (ps),53800,0.20620345,nm,nm
line,overlay,wt-homo-3,wt-homo-3,rmsd,lcqhvqco,lcqhvqco::RMSD,wt-homo-3 / RMSD,RMSD,Time (ps),53900,0.21955419,nm,nm
line,overlay,wt-homo-3,wt-homo-3,rmsd,lcqhvqco,lcqhvqco::RMSD,wt-homo-3 / RMSD,RMSD,Time (ps),54000,0.22557455,nm,nm
line,overlay,wt-homo-3,wt-homo-3,rmsd,lcqhvqco,lcqhvqco::RMSD,wt-homo-3 / RMSD,RMSD,Time (ps),54100,0.23006813,nm,nm
line,overlay,wt-homo-3,wt-homo-3,rmsd,lcqhvqco,lcqhvqco::RMSD,wt-homo-3 / RMSD,RMSD,Time (ps),54200,0.2059796,nm,nm
line,overlay,wt-homo-3,wt-homo-3,rmsd,lcqhvqco,lcqhvqco::RMSD,wt-homo-3 / RMSD,RMSD,Time (ps),54300,0.22326252,nm,nm
line,overlay,wt-homo-3,wt-homo-3,rmsd,lcqhvqco,lcqhvqco::RMSD,wt-homo-3 / RMSD,RMSD,Time (ps),54400,0.20966846,nm,nm
line,overlay,wt-homo-3,wt-homo-3,rmsd,lcqhvqco,lcqhvqco::RMSD,wt-homo-3 / RMSD,RMSD,Time (ps),54500,0.21193314,nm,nm
line,overlay,wt-homo-3,wt-homo-3,rmsd,lcqhvqco,lcqhvqco::RMSD,wt-homo-3 / RMSD,RMSD,Time (ps),54600,0.21479255,nm,nm
line,overlay,wt-homo-3,wt-homo-3,rmsd,lcqhvqco,lcqhvqco::RMSD,wt-homo-3 / RMSD,RMSD,Time (ps),54700,0.21672171,nm,nm
line,overlay,wt-homo-3,wt-homo-3,rmsd,lcqhvqco,lcqhvqco::RMSD,wt-homo-3 / RMSD,RMSD,Time (ps),54800,0.22561821,nm,nm
line,overlay,wt-homo-3,wt-homo-3,rmsd,lcqhvqco,lcqhvqco::RMSD,wt-homo-3 / RMSD,RMSD,Time (ps),54900,0.21649916,nm,nm
line,overlay,wt-homo-3,wt-homo-3,rmsd,lcqhvqco,lcqhvqco::RMSD,wt-homo-3 / RMSD,RMSD,Time (ps),55000,0.2210764,nm,nm
line,overlay,wt-homo-3,wt-homo-3,rmsd,lcqhvqco,lcqhvqco::RMSD,wt-homo-3 / RMSD,RMSD,Time (ps),55100,0.21529633,nm,nm
line,overlay,wt-homo-3,wt-homo-3,rmsd,lcqhvqco,lcqhvqco::RMSD,wt-homo-3 / RMSD,RMSD,Time (ps),55200,0.20674069,nm,nm
line,overlay,wt-homo-3,wt-homo-3,rmsd,lcqhvqco,lcqhvqco::RMSD,wt-homo-3 / RMSD,RMSD,Time (ps),55300,0.20166905,nm,nm
line,overlay,wt-homo-3,wt-homo-3,rmsd,lcqhvqco,lcqhvqco::RMSD,wt-homo-3 / RMSD,RMSD,Time (ps),55400,0.22144654,nm,nm
line,overlay,wt-homo-3,wt-homo-3,rmsd,lcqhvqco,lcqhvqco::RMSD,wt-homo-3 / RMSD,RMSD,Time (ps),55500,0.21128401,nm,nm
line,overlay,wt-homo-3,wt-homo-3,rmsd,lcqhvqco,lcqhvqco::RMSD,wt-homo-3 / RMSD,RMSD,Time (ps),55600,0.22377735,nm,nm
line,overlay,wt-homo-3,wt-homo-3,rmsd,lcqhvqco,lcqhvqco::RMSD,wt-homo-3 / RMSD,RMSD,Time (ps),55700,0.20892051,nm,nm
line,overlay,wt-homo-3,wt-homo-3,rmsd,lcqhvqco,lcqhvqco::RMSD,wt-homo-3 / RMSD,RMSD,Time (ps),55800,0.21560667,nm,nm
line,overlay,wt-homo-3,wt-homo-3,rmsd,lcqhvqco,lcqhvqco::RMSD,wt-homo-3 / RMSD,RMSD,Time (ps),55900,0.21333969,nm,nm
line,overlay,wt-homo-3,wt-homo-3,rmsd,lcqhvqco,lcqhvqco::RMSD,wt-homo-3 / RMSD,RMSD,Time (ps),56000,0.21585175,nm,nm
line,overlay,wt-homo-3,wt-homo-3,rmsd,lcqhvqco,lcqhvqco::RMSD,wt-homo-3 / RMSD,RMSD,Time (ps),56100,0.2150024,nm,nm
line,overlay,wt-homo-3,wt-homo-3,rmsd,lcqhvqco,lcqhvqco::RMSD,wt-homo-3 / RMSD,RMSD,Time (ps),56200,0.22433951,nm,nm
line,overlay,wt-homo-3,wt-homo-3,rmsd,lcqhvqco,lcqhvqco::RMSD,wt-homo-3 / RMSD,RMSD,Time (ps),56300,0.20216706,nm,nm
line,overlay,wt-homo-3,wt-homo-3,rmsd,lcqhvqco,lcqhvqco::RMSD,wt-homo-3 / RMSD,RMSD,Time (ps),56400,0.19213949,nm,nm
line,overlay,wt-homo-3,wt-homo-3,rmsd,lcqhvqco,lcqhvqco::RMSD,wt-homo-3 / RMSD,RMSD,Time (ps),56500,0.18579763,nm,nm
line,overlay,wt-homo-3,wt-homo-3,rmsd,lcqhvqco,lcqhvqco::RMSD,wt-homo-3 / RMSD,RMSD,Time (ps),56600,0.20026335,nm,nm
line,overlay,wt-homo-3,wt-homo-3,rmsd,lcqhvqco,lcqhvqco::RMSD,wt-homo-3 / RMSD,RMSD,Time (ps),56700,0.19582437,nm,nm
line,overlay,wt-homo-3,wt-homo-3,rmsd,lcqhvqco,lcqhvqco::RMSD,wt-homo-3 / RMSD,RMSD,Time (ps),56800,0.1921287,nm,nm
line,overlay,wt-homo-3,wt-homo-3,rmsd,lcqhvqco,lcqhvqco::RMSD,wt-homo-3 / RMSD,RMSD,Time (ps),56900,0.1940027,nm,nm
line,overlay,wt-homo-3,wt-homo-3,rmsd,lcqhvqco,lcqhvqco::RMSD,wt-homo-3 / RMSD,RMSD,Time (ps),57000,0.20599973,nm,nm
line,overlay,wt-homo-3,wt-homo-3,rmsd,lcqhvqco,lcqhvqco::RMSD,wt-homo-3 / RMSD,RMSD,Time (ps),57100,0.19681185,nm,nm
line,overlay,wt-homo-3,wt-homo-3,rmsd,lcqhvqco,lcqhvqco::RMSD,wt-homo-3 / RMSD,RMSD,Time (ps),57200,0.18981345,nm,nm
line,overlay,wt-homo-3,wt-homo-3,rmsd,lcqhvqco,lcqhvqco::RMSD,wt-homo-3 / RMSD,RMSD,Time (ps),57300,0.1977682,nm,nm
line,overlay,wt-homo-3,wt-homo-3,rmsd,lcqhvqco,lcqhvqco::RMSD,wt-homo-3 / RMSD,RMSD,Time (ps),57400,0.19834398,nm,nm
line,overlay,wt-homo-3,wt-homo-3,rmsd,lcqhvqco,lcqhvqco::RMSD,wt-homo-3 / RMSD,RMSD,Time (ps),57500,0.19976579,nm,nm
line,overlay,wt-homo-3,wt-homo-3,rmsd,lcqhvqco,lcqhvqco::RMSD,wt-homo-3 / RMSD,RMSD,Time (ps),57600,0.19661158,nm,nm
line,overlay,wt-homo-3,wt-homo-3,rmsd,lcqhvqco,lcqhvqco::RMSD,wt-homo-3 / RMSD,RMSD,Time (ps),57700,0.18506245,nm,nm
line,overlay,wt-homo-3,wt-homo-3,rmsd,lcqhvqco,lcqhvqco::RMSD,wt-homo-3 / RMSD,RMSD,Time (ps),57800,0.1804277,nm,nm
line,overlay,wt-homo-3,wt-homo-3,rmsd,lcqhvqco,lcqhvqco::RMSD,wt-homo-3 / RMSD,RMSD,Time (ps),57900,0.18287034,nm,nm
line,overlay,wt-homo-3,wt-homo-3,rmsd,lcqhvqco,lcqhvqco::RMSD,wt-homo-3 / RMSD,RMSD,Time (ps),58000,0.19120109,nm,nm
line,overlay,wt-homo-3,wt-homo-3,rmsd,lcqhvqco,lcqhvqco::RMSD,wt-homo-3 / RMSD,RMSD,Time (ps),58100,0.1960175,nm,nm
line,overlay,wt-homo-3,wt-homo-3,rmsd,lcqhvqco,lcqhvqco::RMSD,wt-homo-3 / RMSD,RMSD,Time (ps),58200,0.18901984,nm,nm
line,overlay,wt-homo-3,wt-homo-3,rmsd,lcqhvqco,lcqhvqco::RMSD,wt-homo-3 / RMSD,RMSD,Time (ps),58300,0.1998462,nm,nm
line,overlay,wt-homo-3,wt-homo-3,rmsd,lcqhvqco,lcqhvqco::RMSD,wt-homo-3 / RMSD,RMSD,Time (ps),58400,0.18941706,nm,nm
line,overlay,wt-homo-3,wt-homo-3,rmsd,lcqhvqco,lcqhvqco::RMSD,wt-homo-3 / RMSD,RMSD,Time (ps),58500,0.19550116,nm,nm
line,overlay,wt-homo-3,wt-homo-3,rmsd,lcqhvqco,lcqhvqco::RMSD,wt-homo-3 / RMSD,RMSD,Time (ps),58600,0.20138097,nm,nm
line,overlay,wt-homo-3,wt-homo-3,rmsd,lcqhvqco,lcqhvqco::RMSD,wt-homo-3 / RMSD,RMSD,Time (ps),58700,0.2004341,nm,nm
line,overlay,wt-homo-3,wt-homo-3,rmsd,lcqhvqco,lcqhvqco::RMSD,wt-homo-3 / RMSD,RMSD,Time (ps),58800,0.1918101,nm,nm
line,overlay,wt-homo-3,wt-homo-3,rmsd,lcqhvqco,lcqhvqco::RMSD,wt-homo-3 / RMSD,RMSD,Time (ps),58900,0.19927996,nm,nm
line,overlay,wt-homo-3,wt-homo-3,rmsd,lcqhvqco,lcqhvqco::RMSD,wt-homo-3 / RMSD,RMSD,Time (ps),59000,0.19312704,nm,nm
line,overlay,wt-homo-3,wt-homo-3,rmsd,lcqhvqco,lcqhvqco::RMSD,wt-homo-3 / RMSD,RMSD,Time (ps),59100,0.19442707,nm,nm
line,overlay,wt-homo-3,wt-homo-3,rmsd,lcqhvqco,lcqhvqco::RMSD,wt-homo-3 / RMSD,RMSD,Time (ps),59200,0.19121464,nm,nm
line,overlay,wt-homo-3,wt-homo-3,rmsd,lcqhvqco,lcqhvqco::RMSD,wt-homo-3 / RMSD,RMSD,Time (ps),59300,0.18378079,nm,nm
line,overlay,wt-homo-3,wt-homo-3,rmsd,lcqhvqco,lcqhvqco::RMSD,wt-homo-3 / RMSD,RMSD,Time (ps),59400,0.18643261,nm,nm
line,overlay,wt-homo-3,wt-homo-3,rmsd,lcqhvqco,lcqhvqco::RMSD,wt-homo-3 / RMSD,RMSD,Time (ps),59500,0.18492796,nm,nm
line,overlay,wt-homo-3,wt-homo-3,rmsd,lcqhvqco,lcqhvqco::RMSD,wt-homo-3 / RMSD,RMSD,Time (ps),59600,0.19512431,nm,nm
line,overlay,wt-homo-3,wt-homo-3,rmsd,lcqhvqco,lcqhvqco::RMSD,wt-homo-3 / RMSD,RMSD,Time (ps),59700,0.19274285,nm,nm
line,overlay,wt-homo-3,wt-homo-3,rmsd,lcqhvqco,lcqhvqco::RMSD,wt-homo-3 / RMSD,RMSD,Time (ps),59800,0.19449636,nm,nm
line,overlay,wt-homo-3,wt-homo-3,rmsd,lcqhvqco,lcqhvqco::RMSD,wt-homo-3 / RMSD,RMSD,Time (ps),59900,0.1893459,nm,nm
line,overlay,wt-homo-3,wt-homo-3,rmsd,lcqhvqco,lcqhvqco::RMSD,wt-homo-3 / RMSD,RMSD,Time (ps),60000,0.20287348,nm,nm
line,overlay,wt-homo-3,wt-homo-3,rmsd,lcqhvqco,lcqhvqco::RMSD,wt-homo-3 / RMSD,RMSD,Time (ps),60100,0.19206394,nm,nm
line,overlay,wt-homo-3,wt-homo-3,rmsd,lcqhvqco,lcqhvqco::RMSD,wt-homo-3 / RMSD,RMSD,Time (ps),60200,0.19901447,nm,nm
line,overlay,wt-homo-3,wt-homo-3,rmsd,lcqhvqco,lcqhvqco::RMSD,wt-homo-3 / RMSD,RMSD,Time (ps),60300,0.19929297,nm,nm
line,overlay,wt-homo-3,wt-homo-3,rmsd,lcqhvqco,lcqhvqco::RMSD,wt-homo-3 / RMSD,RMSD,Time (ps),60400,0.19209093,nm,nm
line,overlay,wt-homo-3,wt-homo-3,rmsd,lcqhvqco,lcqhvqco::RMSD,wt-homo-3 / RMSD,RMSD,Time (ps),60500,0.18985167,nm,nm
line,overlay,wt-homo-3,wt-homo-3,rmsd,lcqhvqco,lcqhvqco::RMSD,wt-homo-3 / RMSD,RMSD,Time (ps),60600,0.18966319,nm,nm
line,overlay,wt-homo-3,wt-homo-3,rmsd,lcqhvqco,lcqhvqco::RMSD,wt-homo-3 / RMSD,RMSD,Time (ps),60700,0.19117397,nm,nm
line,overlay,wt-homo-3,wt-homo-3,rmsd,lcqhvqco,lcqhvqco::RMSD,wt-homo-3 / RMSD,RMSD,Time (ps),60800,0.18940611,nm,nm
line,overlay,wt-homo-3,wt-homo-3,rmsd,lcqhvqco,lcqhvqco::RMSD,wt-homo-3 / RMSD,RMSD,Time (ps),60900,0.18899791,nm,nm
line,overlay,wt-homo-3,wt-homo-3,rmsd,lcqhvqco,lcqhvqco::RMSD,wt-homo-3 / RMSD,RMSD,Time (ps),61000,0.17643623,nm,nm
line,overlay,wt-homo-3,wt-homo-3,rmsd,lcqhvqco,lcqhvqco::RMSD,wt-homo-3 / RMSD,RMSD,Time (ps),61100,0.19600429,nm,nm
line,overlay,wt-homo-3,wt-homo-3,rmsd,lcqhvqco,lcqhvqco::RMSD,wt-homo-3 / RMSD,RMSD,Time (ps),61200,0.18503444,nm,nm
line,overlay,wt-homo-3,wt-homo-3,rmsd,lcqhvqco,lcqhvqco::RMSD,wt-homo-3 / RMSD,RMSD,Time (ps),61300,0.19369787,nm,nm
line,overlay,wt-homo-3,wt-homo-3,rmsd,lcqhvqco,lcqhvqco::RMSD,wt-homo-3 / RMSD,RMSD,Time (ps),61400,0.18692687,nm,nm
line,overlay,wt-homo-3,wt-homo-3,rmsd,lcqhvqco,lcqhvqco::RMSD,wt-homo-3 / RMSD,RMSD,Time (ps),61500,0.18640482,nm,nm
line,overlay,wt-homo-3,wt-homo-3,rmsd,lcqhvqco,lcqhvqco::RMSD,wt-homo-3 / RMSD,RMSD,Time (ps),61600,0.18942527,nm,nm
line,overlay,wt-homo-3,wt-homo-3,rmsd,lcqhvqco,lcqhvqco::RMSD,wt-homo-3 / RMSD,RMSD,Time (ps),61700,0.19476536,nm,nm
line,overlay,wt-homo-3,wt-homo-3,rmsd,lcqhvqco,lcqhvqco::RMSD,wt-homo-3 / RMSD,RMSD,Time (ps),61800,0.19237137,nm,nm
line,overlay,wt-homo-3,wt-homo-3,rmsd,lcqhvqco,lcqhvqco::RMSD,wt-homo-3 / RMSD,RMSD,Time (ps),61900,0.19378884,nm,nm
line,overlay,wt-homo-3,wt-homo-3,rmsd,lcqhvqco,lcqhvqco::RMSD,wt-homo-3 / RMSD,RMSD,Time (ps),62000,0.18472041,nm,nm
line,overlay,wt-homo-3,wt-homo-3,rmsd,lcqhvqco,lcqhvqco::RMSD,wt-homo-3 / RMSD,RMSD,Time (ps),62100,0.20436524,nm,nm
line,overlay,wt-homo-3,wt-homo-3,rmsd,lcqhvqco,lcqhvqco::RMSD,wt-homo-3 / RMSD,RMSD,Time (ps),62200,0.18424557,nm,nm
line,overlay,wt-homo-3,wt-homo-3,rmsd,lcqhvqco,lcqhvqco::RMSD,wt-homo-3 / RMSD,RMSD,Time (ps),62300,0.18891013,nm,nm
line,overlay,wt-homo-3,wt-homo-3,rmsd,lcqhvqco,lcqhvqco::RMSD,wt-homo-3 / RMSD,RMSD,Time (ps),62400,0.19266485,nm,nm
line,overlay,wt-homo-3,wt-homo-3,rmsd,lcqhvqco,lcqhvqco::RMSD,wt-homo-3 / RMSD,RMSD,Time (ps),62500,0.18658826,nm,nm
line,overlay,wt-homo-3,wt-homo-3,rmsd,lcqhvqco,lcqhvqco::RMSD,wt-homo-3 / RMSD,RMSD,Time (ps),62600,0.1855324,nm,nm
line,overlay,wt-homo-3,wt-homo-3,rmsd,lcqhvqco,lcqhvqco::RMSD,wt-homo-3 / RMSD,RMSD,Time (ps),62700,0.18034437,nm,nm
line,overlay,wt-homo-3,wt-homo-3,rmsd,lcqhvqco,lcqhvqco::RMSD,wt-homo-3 / RMSD,RMSD,Time (ps),62800,0.19392253,nm,nm
line,overlay,wt-homo-3,wt-homo-3,rmsd,lcqhvqco,lcqhvqco::RMSD,wt-homo-3 / RMSD,RMSD,Time (ps),62900,0.19078314,nm,nm
line,overlay,wt-homo-3,wt-homo-3,rmsd,lcqhvqco,lcqhvqco::RMSD,wt-homo-3 / RMSD,RMSD,Time (ps),63000,0.18898968,nm,nm
line,overlay,wt-homo-3,wt-homo-3,rmsd,lcqhvqco,lcqhvqco::RMSD,wt-homo-3 / RMSD,RMSD,Time (ps),63100,0.19020627,nm,nm
line,overlay,wt-homo-3,wt-homo-3,rmsd,lcqhvqco,lcqhvqco::RMSD,wt-homo-3 / RMSD,RMSD,Time (ps),63200,0.19793588,nm,nm
line,overlay,wt-homo-3,wt-homo-3,rmsd,lcqhvqco,lcqhvqco::RMSD,wt-homo-3 / RMSD,RMSD,Time (ps),63300,0.2056396,nm,nm
line,overlay,wt-homo-3,wt-homo-3,rmsd,lcqhvqco,lcqhvqco::RMSD,wt-homo-3 / RMSD,RMSD,Time (ps),63400,0.1942457,nm,nm
line,overlay,wt-homo-3,wt-homo-3,rmsd,lcqhvqco,lcqhvqco::RMSD,wt-homo-3 / RMSD,RMSD,Time (ps),63500,0.19504726,nm,nm
line,overlay,wt-homo-3,wt-homo-3,rmsd,lcqhvqco,lcqhvqco::RMSD,wt-homo-3 / RMSD,RMSD,Time (ps),63600,0.19527833,nm,nm
line,overlay,wt-homo-3,wt-homo-3,rmsd,lcqhvqco,lcqhvqco::RMSD,wt-homo-3 / RMSD,RMSD,Time (ps),63700,0.1949622,nm,nm
line,overlay,wt-homo-3,wt-homo-3,rmsd,lcqhvqco,lcqhvqco::RMSD,wt-homo-3 / RMSD,RMSD,Time (ps),63800,0.20390818,nm,nm
line,overlay,wt-homo-3,wt-homo-3,rmsd,lcqhvqco,lcqhvqco::RMSD,wt-homo-3 / RMSD,RMSD,Time (ps),63900,0.19660105,nm,nm
line,overlay,wt-homo-3,wt-homo-3,rmsd,lcqhvqco,lcqhvqco::RMSD,wt-homo-3 / RMSD,RMSD,Time (ps),64000,0.18957844,nm,nm
line,overlay,wt-homo-3,wt-homo-3,rmsd,lcqhvqco,lcqhvqco::RMSD,wt-homo-3 / RMSD,RMSD,Time (ps),64100,0.19390115,nm,nm
line,overlay,wt-homo-3,wt-homo-3,rmsd,lcqhvqco,lcqhvqco::RMSD,wt-homo-3 / RMSD,RMSD,Time (ps),64200,0.21153654,nm,nm
line,overlay,wt-homo-3,wt-homo-3,rmsd,lcqhvqco,lcqhvqco::RMSD,wt-homo-3 / RMSD,RMSD,Time (ps),64300,0.21563794,nm,nm
line,overlay,wt-homo-3,wt-homo-3,rmsd,lcqhvqco,lcqhvqco::RMSD,wt-homo-3 / RMSD,RMSD,Time (ps),64400,0.20852068,nm,nm
line,overlay,wt-homo-3,wt-homo-3,rmsd,lcqhvqco,lcqhvqco::RMSD,wt-homo-3 / RMSD,RMSD,Time (ps),64500,0.19668539,nm,nm
line,overlay,wt-homo-3,wt-homo-3,rmsd,lcqhvqco,lcqhvqco::RMSD,wt-homo-3 / RMSD,RMSD,Time (ps),64600,0.21113184,nm,nm
line,overlay,wt-homo-3,wt-homo-3,rmsd,lcqhvqco,lcqhvqco::RMSD,wt-homo-3 / RMSD,RMSD,Time (ps),64700,0.19743507,nm,nm
line,overlay,wt-homo-3,wt-homo-3,rmsd,lcqhvqco,lcqhvqco::RMSD,wt-homo-3 / RMSD,RMSD,Time (ps),64800,0.2109329,nm,nm
line,overlay,wt-homo-3,wt-homo-3,rmsd,lcqhvqco,lcqhvqco::RMSD,wt-homo-3 / RMSD,RMSD,Time (ps),64900,0.20654504,nm,nm
line,overlay,wt-homo-3,wt-homo-3,rmsd,lcqhvqco,lcqhvqco::RMSD,wt-homo-3 / RMSD,RMSD,Time (ps),65000,0.20048065,nm,nm
line,overlay,wt-homo-3,wt-homo-3,rmsd,lcqhvqco,lcqhvqco::RMSD,wt-homo-3 / RMSD,RMSD,Time (ps),65100,0.20644212,nm,nm
line,overlay,wt-homo-3,wt-homo-3,rmsd,lcqhvqco,lcqhvqco::RMSD,wt-homo-3 / RMSD,RMSD,Time (ps),65200,0.20554379,nm,nm
line,overlay,wt-homo-3,wt-homo-3,rmsd,lcqhvqco,lcqhvqco::RMSD,wt-homo-3 / RMSD,RMSD,Time (ps),65300,0.20552109,nm,nm
line,overlay,wt-homo-3,wt-homo-3,rmsd,lcqhvqco,lcqhvqco::RMSD,wt-homo-3 / RMSD,RMSD,Time (ps),65400,0.20621602,nm,nm
line,overlay,wt-homo-3,wt-homo-3,rmsd,lcqhvqco,lcqhvqco::RMSD,wt-homo-3 / RMSD,RMSD,Time (ps),65500,0.19455233,nm,nm
line,overlay,wt-homo-3,wt-homo-3,rmsd,lcqhvqco,lcqhvqco::RMSD,wt-homo-3 / RMSD,RMSD,Time (ps),65600,0.20207475,nm,nm
line,overlay,wt-homo-3,wt-homo-3,rmsd,lcqhvqco,lcqhvqco::RMSD,wt-homo-3 / RMSD,RMSD,Time (ps),65700,0.20840879,nm,nm
line,overlay,wt-homo-3,wt-homo-3,rmsd,lcqhvqco,lcqhvqco::RMSD,wt-homo-3 / RMSD,RMSD,Time (ps),65800,0.19191815,nm,nm
line,overlay,wt-homo-3,wt-homo-3,rmsd,lcqhvqco,lcqhvqco::RMSD,wt-homo-3 / RMSD,RMSD,Time (ps),65900,0.19370858,nm,nm
line,overlay,wt-homo-3,wt-homo-3,rmsd,lcqhvqco,lcqhvqco::RMSD,wt-homo-3 / RMSD,RMSD,Time (ps),66000,0.18993357,nm,nm
line,overlay,wt-homo-3,wt-homo-3,rmsd,lcqhvqco,lcqhvqco::RMSD,wt-homo-3 / RMSD,RMSD,Time (ps),66100,0.19015995,nm,nm
line,overlay,wt-homo-3,wt-homo-3,rmsd,lcqhvqco,lcqhvqco::RMSD,wt-homo-3 / RMSD,RMSD,Time (ps),66200,0.18798317,nm,nm
line,overlay,wt-homo-3,wt-homo-3,rmsd,lcqhvqco,lcqhvqco::RMSD,wt-homo-3 / RMSD,RMSD,Time (ps),66300,0.1906119,nm,nm
line,overlay,wt-homo-3,wt-homo-3,rmsd,lcqhvqco,lcqhvqco::RMSD,wt-homo-3 / RMSD,RMSD,Time (ps),66400,0.18686585,nm,nm
line,overlay,wt-homo-3,wt-homo-3,rmsd,lcqhvqco,lcqhvqco::RMSD,wt-homo-3 / RMSD,RMSD,Time (ps),66500,0.19726959,nm,nm
line,overlay,wt-homo-3,wt-homo-3,rmsd,lcqhvqco,lcqhvqco::RMSD,wt-homo-3 / RMSD,RMSD,Time (ps),66600,0.19979432,nm,nm
line,overlay,wt-homo-3,wt-homo-3,rmsd,lcqhvqco,lcqhvqco::RMSD,wt-homo-3 / RMSD,RMSD,Time (ps),66700,0.19819497,nm,nm
line,overlay,wt-homo-3,wt-homo-3,rmsd,lcqhvqco,lcqhvqco::RMSD,wt-homo-3 / RMSD,RMSD,Time (ps),66800,0.19736153,nm,nm
line,overlay,wt-homo-3,wt-homo-3,rmsd,lcqhvqco,lcqhvqco::RMSD,wt-homo-3 / RMSD,RMSD,Time (ps),66900,0.19249797,nm,nm
line,overlay,wt-homo-3,wt-homo-3,rmsd,lcqhvqco,lcqhvqco::RMSD,wt-homo-3 / RMSD,RMSD,Time (ps),67000,0.1943364,nm,nm
line,overlay,wt-homo-3,wt-homo-3,rmsd,lcqhvqco,lcqhvqco::RMSD,wt-homo-3 / RMSD,RMSD,Time (ps),67100,0.1945683,nm,nm
line,overlay,wt-homo-3,wt-homo-3,rmsd,lcqhvqco,lcqhvqco::RMSD,wt-homo-3 / RMSD,RMSD,Time (ps),67200,0.20126513,nm,nm
line,overlay,wt-homo-3,wt-homo-3,rmsd,lcqhvqco,lcqhvqco::RMSD,wt-homo-3 / RMSD,RMSD,Time (ps),67300,0.20526873,nm,nm
line,overlay,wt-homo-3,wt-homo-3,rmsd,lcqhvqco,lcqhvqco::RMSD,wt-homo-3 / RMSD,RMSD,Time (ps),67400,0.18673266,nm,nm
line,overlay,wt-homo-3,wt-homo-3,rmsd,lcqhvqco,lcqhvqco::RMSD,wt-homo-3 / RMSD,RMSD,Time (ps),67500,0.20771621,nm,nm
line,overlay,wt-homo-3,wt-homo-3,rmsd,lcqhvqco,lcqhvqco::RMSD,wt-homo-3 / RMSD,RMSD,Time (ps),67600,0.20122133,nm,nm
line,overlay,wt-homo-3,wt-homo-3,rmsd,lcqhvqco,lcqhvqco::RMSD,wt-homo-3 / RMSD,RMSD,Time (ps),67700,0.20286582,nm,nm
line,overlay,wt-homo-3,wt-homo-3,rmsd,lcqhvqco,lcqhvqco::RMSD,wt-homo-3 / RMSD,RMSD,Time (ps),67800,0.21068454,nm,nm
line,overlay,wt-homo-3,wt-homo-3,rmsd,lcqhvqco,lcqhvqco::RMSD,wt-homo-3 / RMSD,RMSD,Time (ps),67900,0.19824202,nm,nm
line,overlay,wt-homo-3,wt-homo-3,rmsd,lcqhvqco,lcqhvqco::RMSD,wt-homo-3 / RMSD,RMSD,Time (ps),68000,0.20398444,nm,nm
line,overlay,wt-homo-3,wt-homo-3,rmsd,lcqhvqco,lcqhvqco::RMSD,wt-homo-3 / RMSD,RMSD,Time (ps),68100,0.19921753,nm,nm
line,overlay,wt-homo-3,wt-homo-3,rmsd,lcqhvqco,lcqhvqco::RMSD,wt-homo-3 / RMSD,RMSD,Time (ps),68200,0.1897834,nm,nm
line,overlay,wt-homo-3,wt-homo-3,rmsd,lcqhvqco,lcqhvqco::RMSD,wt-homo-3 / RMSD,RMSD,Time (ps),68300,0.19531813,nm,nm
line,overlay,wt-homo-3,wt-homo-3,rmsd,lcqhvqco,lcqhvqco::RMSD,wt-homo-3 / RMSD,RMSD,Time (ps),68400,0.19834921,nm,nm
line,overlay,wt-homo-3,wt-homo-3,rmsd,lcqhvqco,lcqhvqco::RMSD,wt-homo-3 / RMSD,RMSD,Time (ps),68500,0.19871473,nm,nm
line,overlay,wt-homo-3,wt-homo-3,rmsd,lcqhvqco,lcqhvqco::RMSD,wt-homo-3 / RMSD,RMSD,Time (ps),68600,0.19705927,nm,nm
line,overlay,wt-homo-3,wt-homo-3,rmsd,lcqhvqco,lcqhvqco::RMSD,wt-homo-3 / RMSD,RMSD,Time (ps),68700,0.18882504,nm,nm
line,overlay,wt-homo-3,wt-homo-3,rmsd,lcqhvqco,lcqhvqco::RMSD,wt-homo-3 / RMSD,RMSD,Time (ps),68800,0.19215569,nm,nm
line,overlay,wt-homo-3,wt-homo-3,rmsd,lcqhvqco,lcqhvqco::RMSD,wt-homo-3 / RMSD,RMSD,Time (ps),68900,0.19393322,nm,nm
line,overlay,wt-homo-3,wt-homo-3,rmsd,lcqhvqco,lcqhvqco::RMSD,wt-homo-3 / RMSD,RMSD,Time (ps),69000,0.18793353,nm,nm
line,overlay,wt-homo-3,wt-homo-3,rmsd,lcqhvqco,lcqhvqco::RMSD,wt-homo-3 / RMSD,RMSD,Time (ps),69100,0.19803536,nm,nm
line,overlay,wt-homo-3,wt-homo-3,rmsd,lcqhvqco,lcqhvqco::RMSD,wt-homo-3 / RMSD,RMSD,Time (ps),69200,0.18923362,nm,nm
line,overlay,wt-homo-3,wt-homo-3,rmsd,lcqhvqco,lcqhvqco::RMSD,wt-homo-3 / RMSD,RMSD,Time (ps),69300,0.19209093,nm,nm
line,overlay,wt-homo-3,wt-homo-3,rmsd,lcqhvqco,lcqhvqco::RMSD,wt-homo-3 / RMSD,RMSD,Time (ps),69400,0.18906647,nm,nm
line,overlay,wt-homo-3,wt-homo-3,rmsd,lcqhvqco,lcqhvqco::RMSD,wt-homo-3 / RMSD,RMSD,Time (ps),69500,0.1990171,nm,nm
line,overlay,wt-homo-3,wt-homo-3,rmsd,lcqhvqco,lcqhvqco::RMSD,wt-homo-3 / RMSD,RMSD,Time (ps),69600,0.19194786,nm,nm
line,overlay,wt-homo-3,wt-homo-3,rmsd,lcqhvqco,lcqhvqco::RMSD,wt-homo-3 / RMSD,RMSD,Time (ps),69700,0.20362328,nm,nm
line,overlay,wt-homo-3,wt-homo-3,rmsd,lcqhvqco,lcqhvqco::RMSD,wt-homo-3 / RMSD,RMSD,Time (ps),69800,0.19962561,nm,nm
line,overlay,wt-homo-3,wt-homo-3,rmsd,lcqhvqco,lcqhvqco::RMSD,wt-homo-3 / RMSD,RMSD,Time (ps),69900,0.19229591,nm,nm
line,overlay,wt-homo-3,wt-homo-3,rmsd,lcqhvqco,lcqhvqco::RMSD,wt-homo-3 / RMSD,RMSD,Time (ps),70000,0.19062549,nm,nm
line,overlay,wt-homo-3,wt-homo-3,rmsd,lcqhvqco,lcqhvqco::RMSD,wt-homo-3 / RMSD,RMSD,Time (ps),70100,0.19868082,nm,nm
line,overlay,wt-homo-3,wt-homo-3,rmsd,lcqhvqco,lcqhvqco::RMSD,wt-homo-3 / RMSD,RMSD,Time (ps),70200,0.19766858,nm,nm
line,overlay,wt-homo-3,wt-homo-3,rmsd,lcqhvqco,lcqhvqco::RMSD,wt-homo-3 / RMSD,RMSD,Time (ps),70300,0.20166905,nm,nm
line,overlay,wt-homo-3,wt-homo-3,rmsd,lcqhvqco,lcqhvqco::RMSD,wt-homo-3 / RMSD,RMSD,Time (ps),70400,0.20306247,nm,nm
line,overlay,wt-homo-3,wt-homo-3,rmsd,lcqhvqco,lcqhvqco::RMSD,wt-homo-3 / RMSD,RMSD,Time (ps),70500,0.19925916,nm,nm
line,overlay,wt-homo-3,wt-homo-3,rmsd,lcqhvqco,lcqhvqco::RMSD,wt-homo-3 / RMSD,RMSD,Time (ps),70600,0.19961782,nm,nm
line,overlay,wt-homo-3,wt-homo-3,rmsd,lcqhvqco,lcqhvqco::RMSD,wt-homo-3 / RMSD,RMSD,Time (ps),70700,0.20562951,nm,nm
line,overlay,wt-homo-3,wt-homo-3,rmsd,lcqhvqco,lcqhvqco::RMSD,wt-homo-3 / RMSD,RMSD,Time (ps),70800,0.19178846,nm,nm
line,overlay,wt-homo-3,wt-homo-3,rmsd,lcqhvqco,lcqhvqco::RMSD,wt-homo-3 / RMSD,RMSD,Time (ps),70900,0.1878011,nm,nm
line,overlay,wt-homo-3,wt-homo-3,rmsd,lcqhvqco,lcqhvqco::RMSD,wt-homo-3 / RMSD,RMSD,Time (ps),71000,0.20028147,nm,nm
line,overlay,wt-homo-3,wt-homo-3,rmsd,lcqhvqco,lcqhvqco::RMSD,wt-homo-3 / RMSD,RMSD,Time (ps),71100,0.19501802,nm,nm
line,overlay,wt-homo-3,wt-homo-3,rmsd,lcqhvqco,lcqhvqco::RMSD,wt-homo-3 / RMSD,RMSD,Time (ps),71200,0.20149677,nm,nm
line,overlay,wt-homo-3,wt-homo-3,rmsd,lcqhvqco,lcqhvqco::RMSD,wt-homo-3 / RMSD,RMSD,Time (ps),71300,0.20542775,nm,nm
line,overlay,wt-homo-3,wt-homo-3,rmsd,lcqhvqco,lcqhvqco::RMSD,wt-homo-3 / RMSD,RMSD,Time (ps),71400,0.2018874,nm,nm
line,overlay,wt-homo-3,wt-homo-3,rmsd,lcqhvqco,lcqhvqco::RMSD,wt-homo-3 / RMSD,RMSD,Time (ps),71500,0.1997035,nm,nm
line,overlay,wt-homo-3,wt-homo-3,rmsd,lcqhvqco,lcqhvqco::RMSD,wt-homo-3 / RMSD,RMSD,Time (ps),71600,0.20311353,nm,nm
line,overlay,wt-homo-3,wt-homo-3,rmsd,lcqhvqco,lcqhvqco::RMSD,wt-homo-3 / RMSD,RMSD,Time (ps),71700,0.19551708,nm,nm
line,overlay,wt-homo-3,wt-homo-3,rmsd,lcqhvqco,lcqhvqco::RMSD,wt-homo-3 / RMSD,RMSD,Time (ps),71800,0.20833665,nm,nm
line,overlay,wt-homo-3,wt-homo-3,rmsd,lcqhvqco,lcqhvqco::RMSD,wt-homo-3 / RMSD,RMSD,Time (ps),71900,0.20266898,nm,nm
line,overlay,wt-homo-3,wt-homo-3,rmsd,lcqhvqco,lcqhvqco::RMSD,wt-homo-3 / RMSD,RMSD,Time (ps),72000,0.19831784,nm,nm
line,overlay,wt-homo-3,wt-homo-3,rmsd,lcqhvqco,lcqhvqco::RMSD,wt-homo-3 / RMSD,RMSD,Time (ps),72100,0.19339524,nm,nm
line,overlay,wt-homo-3,wt-homo-3,rmsd,lcqhvqco,lcqhvqco::RMSD,wt-homo-3 / RMSD,RMSD,Time (ps),72200,0.19149095,nm,nm
line,overlay,wt-homo-3,wt-homo-3,rmsd,lcqhvqco,lcqhvqco::RMSD,wt-homo-3 / RMSD,RMSD,Time (ps),72300,0.20505397,nm,nm
line,overlay,wt-homo-3,wt-homo-3,rmsd,lcqhvqco,lcqhvqco::RMSD,wt-homo-3 / RMSD,RMSD,Time (ps),72400,0.19460028,nm,nm
line,overlay,wt-homo-3,wt-homo-3,rmsd,lcqhvqco,lcqhvqco::RMSD,wt-homo-3 / RMSD,RMSD,Time (ps),72500,0.18406825,nm,nm
line,overlay,wt-homo-3,wt-homo-3,rmsd,lcqhvqco,lcqhvqco::RMSD,wt-homo-3 / RMSD,RMSD,Time (ps),72600,0.19950354,nm,nm
line,overlay,wt-homo-3,wt-homo-3,rmsd,lcqhvqco,lcqhvqco::RMSD,wt-homo-3 / RMSD,RMSD,Time (ps),72700,0.19032887,nm,nm
line,overlay,wt-homo-3,wt-homo-3,rmsd,lcqhvqco,lcqhvqco::RMSD,wt-homo-3 / RMSD,RMSD,Time (ps),72800,0.20099708,nm,nm
line,overlay,wt-homo-3,wt-homo-3,rmsd,lcqhvqco,lcqhvqco::RMSD,wt-homo-3 / RMSD,RMSD,Time (ps),72900,0.2026741,nm,nm
line,overlay,wt-homo-3,wt-homo-3,rmsd,lcqhvqco,lcqhvqco::RMSD,wt-homo-3 / RMSD,RMSD,Time (ps),73000,0.19192895,nm,nm
line,overlay,wt-homo-3,wt-homo-3,rmsd,lcqhvqco,lcqhvqco::RMSD,wt-homo-3 / RMSD,RMSD,Time (ps),73100,0.21001182,nm,nm
line,overlay,wt-homo-3,wt-homo-3,rmsd,lcqhvqco,lcqhvqco::RMSD,wt-homo-3 / RMSD,RMSD,Time (ps),73200,0.21569802,nm,nm
line,overlay,wt-homo-3,wt-homo-3,rmsd,lcqhvqco,lcqhvqco::RMSD,wt-homo-3 / RMSD,RMSD,Time (ps),73300,0.20479597,nm,nm
line,overlay,wt-homo-3,wt-homo-3,rmsd,lcqhvqco,lcqhvqco::RMSD,wt-homo-3 / RMSD,RMSD,Time (ps),73400,0.20183605,nm,nm
line,overlay,wt-homo-3,wt-homo-3,rmsd,lcqhvqco,lcqhvqco::RMSD,wt-homo-3 / RMSD,RMSD,Time (ps),73500,0.21042113,nm,nm
line,overlay,wt-homo-3,wt-homo-3,rmsd,lcqhvqco,lcqhvqco::RMSD,wt-homo-3 / RMSD,RMSD,Time (ps),73600,0.2104162,nm,nm
line,overlay,wt-homo-3,wt-homo-3,rmsd,lcqhvqco,lcqhvqco::RMSD,wt-homo-3 / RMSD,RMSD,Time (ps),73700,0.209166,nm,nm
line,overlay,wt-homo-3,wt-homo-3,rmsd,lcqhvqco,lcqhvqco::RMSD,wt-homo-3 / RMSD,RMSD,Time (ps),73800,0.18938969,nm,nm
line,overlay,wt-homo-3,wt-homo-3,rmsd,lcqhvqco,lcqhvqco::RMSD,wt-homo-3 / RMSD,RMSD,Time (ps),73900,0.1995555,nm,nm
line,overlay,wt-homo-3,wt-homo-3,rmsd,lcqhvqco,lcqhvqco::RMSD,wt-homo-3 / RMSD,RMSD,Time (ps),74000,0.18565808,nm,nm
line,overlay,wt-homo-3,wt-homo-3,rmsd,lcqhvqco,lcqhvqco::RMSD,wt-homo-3 / RMSD,RMSD,Time (ps),74100,0.20040566,nm,nm
line,overlay,wt-homo-3,wt-homo-3,rmsd,lcqhvqco,lcqhvqco::RMSD,wt-homo-3 / RMSD,RMSD,Time (ps),74200,0.18313377,nm,nm
line,overlay,wt-homo-3,wt-homo-3,rmsd,lcqhvqco,lcqhvqco::RMSD,wt-homo-3 / RMSD,RMSD,Time (ps),74300,0.18987352,nm,nm
line,overlay,wt-homo-3,wt-homo-3,rmsd,lcqhvqco,lcqhvqco::RMSD,wt-homo-3 / RMSD,RMSD,Time (ps),74400,0.19901188,nm,nm
line,overlay,wt-homo-3,wt-homo-3,rmsd,lcqhvqco,lcqhvqco::RMSD,wt-homo-3 / RMSD,RMSD,Time (ps),74500,0.20353925,nm,nm
line,overlay,wt-homo-3,wt-homo-3,rmsd,lcqhvqco,lcqhvqco::RMSD,wt-homo-3 / RMSD,RMSD,Time (ps),74600,0.19939698,nm,nm
line,overlay,wt-homo-3,wt-homo-3,rmsd,lcqhvqco,lcqhvqco::RMSD,wt-homo-3 / RMSD,RMSD,Time (ps),74700,0.19225547,nm,nm
line,overlay,wt-homo-3,wt-homo-3,rmsd,lcqhvqco,lcqhvqco::RMSD,wt-homo-3 / RMSD,RMSD,Time (ps),74800,0.20152764,nm,nm
line,overlay,wt-homo-3,wt-homo-3,rmsd,lcqhvqco,lcqhvqco::RMSD,wt-homo-3 / RMSD,RMSD,Time (ps),74900,0.21058612,nm,nm
line,overlay,wt-homo-3,wt-homo-3,rmsd,lcqhvqco,lcqhvqco::RMSD,wt-homo-3 / RMSD,RMSD,Time (ps),75000,0.19773151,nm,nm
line,overlay,wt-homo-3,wt-homo-3,rmsd,lcqhvqco,lcqhvqco::RMSD,wt-homo-3 / RMSD,RMSD,Time (ps),75100,0.21283859,nm,nm
line,overlay,wt-homo-3,wt-homo-3,rmsd,lcqhvqco,lcqhvqco::RMSD,wt-homo-3 / RMSD,RMSD,Time (ps),75200,0.21163455,nm,nm
line,overlay,wt-homo-3,wt-homo-3,rmsd,lcqhvqco,lcqhvqco::RMSD,wt-homo-3 / RMSD,RMSD,Time (ps),75300,0.20079584,nm,nm
line,overlay,wt-homo-3,wt-homo-3,rmsd,lcqhvqco,lcqhvqco::RMSD,wt-homo-3 / RMSD,RMSD,Time (ps),75400,0.20324108,nm,nm
line,overlay,wt-homo-3,wt-homo-3,rmsd,lcqhvqco,lcqhvqco::RMSD,wt-homo-3 / RMSD,RMSD,Time (ps),75500,0.19927476,nm,nm
line,overlay,wt-homo-3,wt-homo-3,rmsd,lcqhvqco,lcqhvqco::RMSD,wt-homo-3 / RMSD,RMSD,Time (ps),75600,0.21427067,nm,nm
line,overlay,wt-homo-3,wt-homo-3,rmsd,lcqhvqco,lcqhvqco::RMSD,wt-homo-3 / RMSD,RMSD,Time (ps),75700,0.20852566,nm,nm
line,overlay,wt-homo-3,wt-homo-3,rmsd,lcqhvqco,lcqhvqco::RMSD,wt-homo-3 / RMSD,RMSD,Time (ps),75800,0.20949534,nm,nm
line,overlay,wt-homo-3,wt-homo-3,rmsd,lcqhvqco,lcqhvqco::RMSD,wt-homo-3 / RMSD,RMSD,Time (ps),75900,0.19487445,nm,nm
line,overlay,wt-homo-3,wt-homo-3,rmsd,lcqhvqco,lcqhvqco::RMSD,wt-homo-3 / RMSD,RMSD,Time (ps),76000,0.2013295,nm,nm
line,overlay,wt-homo-3,wt-homo-3,rmsd,lcqhvqco,lcqhvqco::RMSD,wt-homo-3 / RMSD,RMSD,Time (ps),76100,0.19761613,nm,nm
line,overlay,wt-homo-3,wt-homo-3,rmsd,lcqhvqco,lcqhvqco::RMSD,wt-homo-3 / RMSD,RMSD,Time (ps),76200,0.19759776,nm,nm
line,overlay,wt-homo-3,wt-homo-3,rmsd,lcqhvqco,lcqhvqco::RMSD,wt-homo-3 / RMSD,RMSD,Time (ps),76300,0.20072354,nm,nm
line,overlay,wt-homo-3,wt-homo-3,rmsd,lcqhvqco,lcqhvqco::RMSD,wt-homo-3 / RMSD,RMSD,Time (ps),76400,0.2030931,nm,nm
line,overlay,wt-homo-3,wt-homo-3,rmsd,lcqhvqco,lcqhvqco::RMSD,wt-homo-3 / RMSD,RMSD,Time (ps),76500,0.19445638,nm,nm
line,overlay,wt-homo-3,wt-homo-3,rmsd,lcqhvqco,lcqhvqco::RMSD,wt-homo-3 / RMSD,RMSD,Time (ps),76600,0.20343226,nm,nm
line,overlay,wt-homo-3,wt-homo-3,rmsd,lcqhvqco,lcqhvqco::RMSD,wt-homo-3 / RMSD,RMSD,Time (ps),76700,0.1991733,nm,nm
line,overlay,wt-homo-3,wt-homo-3,rmsd,lcqhvqco,lcqhvqco::RMSD,wt-homo-3 / RMSD,RMSD,Time (ps),76800,0.20259991,nm,nm
line,overlay,wt-homo-3,wt-homo-3,rmsd,lcqhvqco,lcqhvqco::RMSD,wt-homo-3 / RMSD,RMSD,Time (ps),76900,0.194776,nm,nm
line,overlay,wt-homo-3,wt-homo-3,rmsd,lcqhvqco,lcqhvqco::RMSD,wt-homo-3 / RMSD,RMSD,Time (ps),77000,0.20480104,nm,nm
line,overlay,wt-homo-3,wt-homo-3,rmsd,lcqhvqco,lcqhvqco::RMSD,wt-homo-3 / RMSD,RMSD,Time (ps),77100,0.1916073,nm,nm
line,overlay,wt-homo-3,wt-homo-3,rmsd,lcqhvqco,lcqhvqco::RMSD,wt-homo-3 / RMSD,RMSD,Time (ps),77200,0.2003384,nm,nm
line,overlay,wt-homo-3,wt-homo-3,rmsd,lcqhvqco,lcqhvqco::RMSD,wt-homo-3 / RMSD,RMSD,Time (ps),77300,0.19537917,nm,nm
line,overlay,wt-homo-3,wt-homo-3,rmsd,lcqhvqco,lcqhvqco::RMSD,wt-homo-3 / RMSD,RMSD,Time (ps),77400,0.19392522,nm,nm
line,overlay,wt-homo-3,wt-homo-3,rmsd,lcqhvqco,lcqhvqco::RMSD,wt-homo-3 / RMSD,RMSD,Time (ps),77500,0.19081846,nm,nm
line,overlay,wt-homo-3,wt-homo-3,rmsd,lcqhvqco,lcqhvqco::RMSD,wt-homo-3 / RMSD,RMSD,Time (ps),77600,0.19636098,nm,nm
line,overlay,wt-homo-3,wt-homo-3,rmsd,lcqhvqco,lcqhvqco::RMSD,wt-homo-3 / RMSD,RMSD,Time (ps),77700,0.19611531,nm,nm
line,overlay,wt-homo-3,wt-homo-3,rmsd,lcqhvqco,lcqhvqco::RMSD,wt-homo-3 / RMSD,RMSD,Time (ps),77800,0.19085105,nm,nm
line,overlay,wt-homo-3,wt-homo-3,rmsd,lcqhvqco,lcqhvqco::RMSD,wt-homo-3 / RMSD,RMSD,Time (ps),77900,0.20006394,nm,nm
line,overlay,wt-homo-3,wt-homo-3,rmsd,lcqhvqco,lcqhvqco::RMSD,wt-homo-3 / RMSD,RMSD,Time (ps),78000,0.19816095,nm,nm
line,overlay,wt-homo-3,wt-homo-3,rmsd,lcqhvqco,lcqhvqco::RMSD,wt-homo-3 / RMSD,RMSD,Time (ps),78100,0.19729061,nm,nm
line,overlay,wt-homo-3,wt-homo-3,rmsd,lcqhvqco,lcqhvqco::RMSD,wt-homo-3 / RMSD,RMSD,Time (ps),78200,0.19717497,nm,nm
line,overlay,wt-homo-3,wt-homo-3,rmsd,lcqhvqco,lcqhvqco::RMSD,wt-homo-3 / RMSD,RMSD,Time (ps),78300,0.19948535,nm,nm
line,overlay,wt-homo-3,wt-homo-3,rmsd,lcqhvqco,lcqhvqco::RMSD,wt-homo-3 / RMSD,RMSD,Time (ps),78400,0.18506524,nm,nm
line,overlay,wt-homo-3,wt-homo-3,rmsd,lcqhvqco,lcqhvqco::RMSD,wt-homo-3 / RMSD,RMSD,Time (ps),78500,0.1941843,nm,nm
line,overlay,wt-homo-3,wt-homo-3,rmsd,lcqhvqco,lcqhvqco::RMSD,wt-homo-3 / RMSD,RMSD,Time (ps),78600,0.20298077,nm,nm
line,overlay,wt-homo-3,wt-homo-3,rmsd,lcqhvqco,lcqhvqco::RMSD,wt-homo-3 / RMSD,RMSD,Time (ps),78700,0.20172302,nm,nm
line,overlay,wt-homo-3,wt-homo-3,rmsd,lcqhvqco,lcqhvqco::RMSD,wt-homo-3 / RMSD,RMSD,Time (ps),78800,0.19431506,nm,nm
line,overlay,wt-homo-3,wt-homo-3,rmsd,lcqhvqco,lcqhvqco::RMSD,wt-homo-3 / RMSD,RMSD,Time (ps),78900,0.20429929,nm,nm
line,overlay,wt-homo-3,wt-homo-3,rmsd,lcqhvqco,lcqhvqco::RMSD,wt-homo-3 / RMSD,RMSD,Time (ps),79000,0.19880079,nm,nm
line,overlay,wt-homo-3,wt-homo-3,rmsd,lcqhvqco,lcqhvqco::RMSD,wt-homo-3 / RMSD,RMSD,Time (ps),79100,0.20660526,nm,nm
line,overlay,wt-homo-3,wt-homo-3,rmsd,lcqhvqco,lcqhvqco::RMSD,wt-homo-3 / RMSD,RMSD,Time (ps),79200,0.20148133,nm,nm
line,overlay,wt-homo-3,wt-homo-3,rmsd,lcqhvqco,lcqhvqco::RMSD,wt-homo-3 / RMSD,RMSD,Time (ps),79300,0.20724404,nm,nm
line,overlay,wt-homo-3,wt-homo-3,rmsd,lcqhvqco,lcqhvqco::RMSD,wt-homo-3 / RMSD,RMSD,Time (ps),79400,0.19283696,nm,nm
line,overlay,wt-homo-3,wt-homo-3,rmsd,lcqhvqco,lcqhvqco::RMSD,wt-homo-3 / RMSD,RMSD,Time (ps),79500,0.20242842,nm,nm
line,overlay,wt-homo-3,wt-homo-3,rmsd,lcqhvqco,lcqhvqco::RMSD,wt-homo-3 / RMSD,RMSD,Time (ps),79600,0.18607362,nm,nm
line,overlay,wt-homo-3,wt-homo-3,rmsd,lcqhvqco,lcqhvqco::RMSD,wt-homo-3 / RMSD,RMSD,Time (ps),79700,0.18806587,nm,nm
line,overlay,wt-homo-3,wt-homo-3,rmsd,lcqhvqco,lcqhvqco::RMSD,wt-homo-3 / RMSD,RMSD,Time (ps),79800,0.2002297,nm,nm
line,overlay,wt-homo-3,wt-homo-3,rmsd,lcqhvqco,lcqhvqco::RMSD,wt-homo-3 / RMSD,RMSD,Time (ps),79900,0.19084561,nm,nm
line,overlay,wt-homo-3,wt-homo-3,rmsd,lcqhvqco,lcqhvqco::RMSD,wt-homo-3 / RMSD,RMSD,Time (ps),80000,0.19188845,nm,nm
line,overlay,wt-homo-3,wt-homo-3,rmsd,lcqhvqco,lcqhvqco::RMSD,wt-homo-3 / RMSD,RMSD,Time (ps),80100,0.2040886,nm,nm
line,overlay,wt-homo-3,wt-homo-3,rmsd,lcqhvqco,lcqhvqco::RMSD,wt-homo-3 / RMSD,RMSD,Time (ps),80200,0.20569253,nm,nm
line,overlay,wt-homo-3,wt-homo-3,rmsd,lcqhvqco,lcqhvqco::RMSD,wt-homo-3 / RMSD,RMSD,Time (ps),80300,0.19717497,nm,nm
line,overlay,wt-homo-3,wt-homo-3,rmsd,lcqhvqco,lcqhvqco::RMSD,wt-homo-3 / RMSD,RMSD,Time (ps),80400,0.19869386,nm,nm
line,overlay,wt-homo-3,wt-homo-3,rmsd,lcqhvqco,lcqhvqco::RMSD,wt-homo-3 / RMSD,RMSD,Time (ps),80500,0.20210296,nm,nm
line,overlay,wt-homo-3,wt-homo-3,rmsd,lcqhvqco,lcqhvqco::RMSD,wt-homo-3 / RMSD,RMSD,Time (ps),80600,0.20521569,nm,nm
line,overlay,wt-homo-3,wt-homo-3,rmsd,lcqhvqco,lcqhvqco::RMSD,wt-homo-3 / RMSD,RMSD,Time (ps),80700,0.193984,nm,nm
line,overlay,wt-homo-3,wt-homo-3,rmsd,lcqhvqco,lcqhvqco::RMSD,wt-homo-3 / RMSD,RMSD,Time (ps),80800,0.21429968,nm,nm
line,overlay,wt-homo-3,wt-homo-3,rmsd,lcqhvqco,lcqhvqco::RMSD,wt-homo-3 / RMSD,RMSD,Time (ps),80900,0.20396155,nm,nm
line,overlay,wt-homo-3,wt-homo-3,rmsd,lcqhvqco,lcqhvqco::RMSD,wt-homo-3 / RMSD,RMSD,Time (ps),81000,0.19236597,nm,nm
line,overlay,wt-homo-3,wt-homo-3,rmsd,lcqhvqco,lcqhvqco::RMSD,wt-homo-3 / RMSD,RMSD,Time (ps),81100,0.1989702,nm,nm
line,overlay,wt-homo-3,wt-homo-3,rmsd,lcqhvqco,lcqhvqco::RMSD,wt-homo-3 / RMSD,RMSD,Time (ps),81200,0.19686979,nm,nm
line,overlay,wt-homo-3,wt-homo-3,rmsd,lcqhvqco,lcqhvqco::RMSD,wt-homo-3 / RMSD,RMSD,Time (ps),81300,0.21269485,nm,nm
line,overlay,wt-homo-3,wt-homo-3,rmsd,lcqhvqco,lcqhvqco::RMSD,wt-homo-3 / RMSD,RMSD,Time (ps),81400,0.19646654,nm,nm
line,overlay,wt-homo-3,wt-homo-3,rmsd,lcqhvqco,lcqhvqco::RMSD,wt-homo-3 / RMSD,RMSD,Time (ps),81500,0.20219527,nm,nm
line,overlay,wt-homo-3,wt-homo-3,rmsd,lcqhvqco,lcqhvqco::RMSD,wt-homo-3 / RMSD,RMSD,Time (ps),81600,0.20174871,nm,nm
line,overlay,wt-homo-3,wt-homo-3,rmsd,lcqhvqco,lcqhvqco::RMSD,wt-homo-3 / RMSD,RMSD,Time (ps),81700,0.20659523,nm,nm
line,overlay,wt-homo-3,wt-homo-3,rmsd,lcqhvqco,lcqhvqco::RMSD,wt-homo-3 / RMSD,RMSD,Time (ps),81800,0.1954216,nm,nm
line,overlay,wt-homo-3,wt-homo-3,rmsd,lcqhvqco,lcqhvqco::RMSD,wt-homo-3 / RMSD,RMSD,Time (ps),81900,0.19836488,nm,nm
line,overlay,wt-homo-3,wt-homo-3,rmsd,lcqhvqco,lcqhvqco::RMSD,wt-homo-3 / RMSD,RMSD,Time (ps),82000,0.20480357,nm,nm
line,overlay,wt-homo-3,wt-homo-3,rmsd,lcqhvqco,lcqhvqco::RMSD,wt-homo-3 / RMSD,RMSD,Time (ps),82100,0.19976059,nm,nm
line,overlay,wt-homo-3,wt-homo-3,rmsd,lcqhvqco,lcqhvqco::RMSD,wt-homo-3 / RMSD,RMSD,Time (ps),82200,0.1965905,nm,nm
line,overlay,wt-homo-3,wt-homo-3,rmsd,lcqhvqco,lcqhvqco::RMSD,wt-homo-3 / RMSD,RMSD,Time (ps),82300,0.20213117,nm,nm
line,overlay,wt-homo-3,wt-homo-3,rmsd,lcqhvqco,lcqhvqco::RMSD,wt-homo-3 / RMSD,RMSD,Time (ps),82400,0.19998622,nm,nm
line,overlay,wt-homo-3,wt-homo-3,rmsd,lcqhvqco,lcqhvqco::RMSD,wt-homo-3 / RMSD,RMSD,Time (ps),82500,0.19500473,nm,nm
line,overlay,wt-homo-3,wt-homo-3,rmsd,lcqhvqco,lcqhvqco::RMSD,wt-homo-3 / RMSD,RMSD,Time (ps),82600,0.20509695,nm,nm
line,overlay,wt-homo-3,wt-homo-3,rmsd,lcqhvqco,lcqhvqco::RMSD,wt-homo-3 / RMSD,RMSD,Time (ps),82700,0.20053236,nm,nm
line,overlay,wt-homo-3,wt-homo-3,rmsd,lcqhvqco,lcqhvqco::RMSD,wt-homo-3 / RMSD,RMSD,Time (ps),82800,0.19571581,nm,nm
line,overlay,wt-homo-3,wt-homo-3,rmsd,lcqhvqco,lcqhvqco::RMSD,wt-homo-3 / RMSD,RMSD,Time (ps),82900,0.18984894,nm,nm
line,overlay,wt-homo-3,wt-homo-3,rmsd,lcqhvqco,lcqhvqco::RMSD,wt-homo-3 / RMSD,RMSD,Time (ps),83000,0.19901188,nm,nm
line,overlay,wt-homo-3,wt-homo-3,rmsd,lcqhvqco,lcqhvqco::RMSD,wt-homo-3 / RMSD,RMSD,Time (ps),83100,0.20975497,nm,nm
line,overlay,wt-homo-3,wt-homo-3,rmsd,lcqhvqco,lcqhvqco::RMSD,wt-homo-3 / RMSD,RMSD,Time (ps),83200,0.19990844,nm,nm
line,overlay,wt-homo-3,wt-homo-3,rmsd,lcqhvqco,lcqhvqco::RMSD,wt-homo-3 / RMSD,RMSD,Time (ps),83300,0.21654466,nm,nm
line,overlay,wt-homo-3,wt-homo-3,rmsd,lcqhvqco,lcqhvqco::RMSD,wt-homo-3 / RMSD,RMSD,Time (ps),83400,0.20569757,nm,nm
line,overlay,wt-homo-3,wt-homo-3,rmsd,lcqhvqco,lcqhvqco::RMSD,wt-homo-3 / RMSD,RMSD,Time (ps),83500,0.21914063,nm,nm
line,overlay,wt-homo-3,wt-homo-3,rmsd,lcqhvqco,lcqhvqco::RMSD,wt-homo-3 / RMSD,RMSD,Time (ps),83600,0.2046795,nm,nm
line,overlay,wt-homo-3,wt-homo-3,rmsd,lcqhvqco,lcqhvqco::RMSD,wt-homo-3 / RMSD,RMSD,Time (ps),83700,0.20315434,nm,nm
line,overlay,wt-homo-3,wt-homo-3,rmsd,lcqhvqco,lcqhvqco::RMSD,wt-homo-3 / RMSD,RMSD,Time (ps),83800,0.20480609,nm,nm
line,overlay,wt-homo-3,wt-homo-3,rmsd,lcqhvqco,lcqhvqco::RMSD,wt-homo-3 / RMSD,RMSD,Time (ps),83900,0.20990072,nm,nm
line,overlay,wt-homo-3,wt-homo-3,rmsd,lcqhvqco,lcqhvqco::RMSD,wt-homo-3 / RMSD,RMSD,Time (ps),84000,0.20223884,nm,nm
line,overlay,wt-homo-3,wt-homo-3,rmsd,lcqhvqco,lcqhvqco::RMSD,wt-homo-3 / RMSD,RMSD,Time (ps),84100,0.2042054,nm,nm
line,overlay,wt-homo-3,wt-homo-3,rmsd,lcqhvqco,lcqhvqco::RMSD,wt-homo-3 / RMSD,RMSD,Time (ps),84200,0.20355454,nm,nm
line,overlay,wt-homo-3,wt-homo-3,rmsd,lcqhvqco,lcqhvqco::RMSD,wt-homo-3 / RMSD,RMSD,Time (ps),84300,0.2028096,nm,nm
line,overlay,wt-homo-3,wt-homo-3,rmsd,lcqhvqco,lcqhvqco::RMSD,wt-homo-3 / RMSD,RMSD,Time (ps),84400,0.21350242,nm,nm
line,overlay,wt-homo-3,wt-homo-3,rmsd,lcqhvqco,lcqhvqco::RMSD,wt-homo-3 / RMSD,RMSD,Time (ps),84500,0.20775114,nm,nm
line,overlay,wt-homo-3,wt-homo-3,rmsd,lcqhvqco,lcqhvqco::RMSD,wt-homo-3 / RMSD,RMSD,Time (ps),84600,0.22003998,nm,nm
line,overlay,wt-homo-3,wt-homo-3,rmsd,lcqhvqco,lcqhvqco::RMSD,wt-homo-3 / RMSD,RMSD,Time (ps),84700,0.20012613,nm,nm
line,overlay,wt-homo-3,wt-homo-3,rmsd,lcqhvqco,lcqhvqco::RMSD,wt-homo-3 / RMSD,RMSD,Time (ps),84800,0.20857784,nm,nm
line,overlay,wt-homo-3,wt-homo-3,rmsd,lcqhvqco,lcqhvqco::RMSD,wt-homo-3 / RMSD,RMSD,Time (ps),84900,0.20187713,nm,nm
line,overlay,wt-homo-3,wt-homo-3,rmsd,lcqhvqco,lcqhvqco::RMSD,wt-homo-3 / RMSD,RMSD,Time (ps),85000,0.21658774,nm,nm
line,overlay,wt-homo-3,wt-homo-3,rmsd,lcqhvqco,lcqhvqco::RMSD,wt-homo-3 / RMSD,RMSD,Time (ps),85100,0.20001213,nm,nm
line,overlay,wt-homo-3,wt-homo-3,rmsd,lcqhvqco,lcqhvqco::RMSD,wt-homo-3 / RMSD,RMSD,Time (ps),85200,0.19993177,nm,nm
line,overlay,wt-homo-3,wt-homo-3,rmsd,lcqhvqco,lcqhvqco::RMSD,wt-homo-3 / RMSD,RMSD,Time (ps),85300,0.2056043,nm,nm
line,overlay,wt-homo-3,wt-homo-3,rmsd,lcqhvqco,lcqhvqco::RMSD,wt-homo-3 / RMSD,RMSD,Time (ps),85400,0.20734656,nm,nm
line,overlay,wt-homo-3,wt-homo-3,rmsd,lcqhvqco,lcqhvqco::RMSD,wt-homo-3 / RMSD,RMSD,Time (ps),85500,0.20248476,nm,nm
line,overlay,wt-homo-3,wt-homo-3,rmsd,lcqhvqco,lcqhvqco::RMSD,wt-homo-3 / RMSD,RMSD,Time (ps),85600,0.22369626,nm,nm
line,overlay,wt-homo-3,wt-homo-3,rmsd,lcqhvqco,lcqhvqco::RMSD,wt-homo-3 / RMSD,RMSD,Time (ps),85700,0.2142368,nm,nm
line,overlay,wt-homo-3,wt-homo-3,rmsd,lcqhvqco,lcqhvqco::RMSD,wt-homo-3 / RMSD,RMSD,Time (ps),85800,0.21146058,nm,nm
line,overlay,wt-homo-3,wt-homo-3,rmsd,lcqhvqco,lcqhvqco::RMSD,wt-homo-3 / RMSD,RMSD,Time (ps),85900,0.20516264,nm,nm
line,overlay,wt-homo-3,wt-homo-3,rmsd,lcqhvqco,lcqhvqco::RMSD,wt-homo-3 / RMSD,RMSD,Time (ps),86000,0.20641951,nm,nm
line,overlay,wt-homo-3,wt-homo-3,rmsd,lcqhvqco,lcqhvqco::RMSD,wt-homo-3 / RMSD,RMSD,Time (ps),86100,0.20456298,nm,nm
line,overlay,wt-homo-3,wt-homo-3,rmsd,lcqhvqco,lcqhvqco::RMSD,wt-homo-3 / RMSD,RMSD,Time (ps),86200,0.21074605,nm,nm
line,overlay,wt-homo-3,wt-homo-3,rmsd,lcqhvqco,lcqhvqco::RMSD,wt-homo-3 / RMSD,RMSD,Time (ps),86300,0.20302673,nm,nm
line,overlay,wt-homo-3,wt-homo-3,rmsd,lcqhvqco,lcqhvqco::RMSD,wt-homo-3 / RMSD,RMSD,Time (ps),86400,0.22098495,nm,nm
line,overlay,wt-homo-3,wt-homo-3,rmsd,lcqhvqco,lcqhvqco::RMSD,wt-homo-3 / RMSD,RMSD,Time (ps),86500,0.21996695,nm,nm
line,overlay,wt-homo-3,wt-homo-3,rmsd,lcqhvqco,lcqhvqco::RMSD,wt-homo-3 / RMSD,RMSD,Time (ps),86600,0.23481359,nm,nm
line,overlay,wt-homo-3,wt-homo-3,rmsd,lcqhvqco,lcqhvqco::RMSD,wt-homo-3 / RMSD,RMSD,Time (ps),86700,0.21744044,nm,nm
line,overlay,wt-homo-3,wt-homo-3,rmsd,lcqhvqco,lcqhvqco::RMSD,wt-homo-3 / RMSD,RMSD,Time (ps),86800,0.22375649,nm,nm
line,overlay,wt-homo-3,wt-homo-3,rmsd,lcqhvqco,lcqhvqco::RMSD,wt-homo-3 / RMSD,RMSD,Time (ps),86900,0.24446288,nm,nm
line,overlay,wt-homo-3,wt-homo-3,rmsd,lcqhvqco,lcqhvqco::RMSD,wt-homo-3 / RMSD,RMSD,Time (ps),87000,0.22240184,nm,nm
line,overlay,wt-homo-3,wt-homo-3,rmsd,lcqhvqco,lcqhvqco::RMSD,wt-homo-3 / RMSD,RMSD,Time (ps),87100,0.2143674,nm,nm
line,overlay,wt-homo-3,wt-homo-3,rmsd,lcqhvqco,lcqhvqco::RMSD,wt-homo-3 / RMSD,RMSD,Time (ps),87200,0.21642254,nm,nm
line,overlay,wt-homo-3,wt-homo-3,rmsd,lcqhvqco,lcqhvqco::RMSD,wt-homo-3 / RMSD,RMSD,Time (ps),87300,0.20453511,nm,nm
line,overlay,wt-homo-3,wt-homo-3,rmsd,lcqhvqco,lcqhvqco::RMSD,wt-homo-3 / RMSD,RMSD,Time (ps),87400,0.20623612,nm,nm
line,overlay,wt-homo-3,wt-homo-3,rmsd,lcqhvqco,lcqhvqco::RMSD,wt-homo-3 / RMSD,RMSD,Time (ps),87500,0.21179612,nm,nm
line,overlay,wt-homo-3,wt-homo-3,rmsd,lcqhvqco,lcqhvqco::RMSD,wt-homo-3 / RMSD,RMSD,Time (ps),87600,0.21911225,nm,nm
line,overlay,wt-homo-3,wt-homo-3,rmsd,lcqhvqco,lcqhvqco::RMSD,wt-homo-3 / RMSD,RMSD,Time (ps),87700,0.21355826,nm,nm
line,overlay,wt-homo-3,wt-homo-3,rmsd,lcqhvqco,lcqhvqco::RMSD,wt-homo-3 / RMSD,RMSD,Time (ps),87800,0.20715398,nm,nm
line,overlay,wt-homo-3,wt-homo-3,rmsd,lcqhvqco,lcqhvqco::RMSD,wt-homo-3 / RMSD,RMSD,Time (ps),87900,0.21541908,nm,nm
line,overlay,wt-homo-3,wt-homo-3,rmsd,lcqhvqco,lcqhvqco::RMSD,wt-homo-3 / RMSD,RMSD,Time (ps),88000,0.20439315,nm,nm
line,overlay,wt-homo-3,wt-homo-3,rmsd,lcqhvqco,lcqhvqco::RMSD,wt-homo-3 / RMSD,RMSD,Time (ps),88100,0.21090095,nm,nm
line,overlay,wt-homo-3,wt-homo-3,rmsd,lcqhvqco,lcqhvqco::RMSD,wt-homo-3 / RMSD,RMSD,Time (ps),88200,0.21346357,nm,nm
line,overlay,wt-homo-3,wt-homo-3,rmsd,lcqhvqco,lcqhvqco::RMSD,wt-homo-3 / RMSD,RMSD,Time (ps),88300,0.21336885,nm,nm
line,overlay,wt-homo-3,wt-homo-3,rmsd,lcqhvqco,lcqhvqco::RMSD,wt-homo-3 / RMSD,RMSD,Time (ps),88400,0.21466461,nm,nm
line,overlay,wt-homo-3,wt-homo-3,rmsd,lcqhvqco,lcqhvqco::RMSD,wt-homo-3 / RMSD,RMSD,Time (ps),88500,0.21797615,nm,nm
line,overlay,wt-homo-3,wt-homo-3,rmsd,lcqhvqco,lcqhvqco::RMSD,wt-homo-3 / RMSD,RMSD,Time (ps),88600,0.21652071,nm,nm
line,overlay,wt-homo-3,wt-homo-3,rmsd,lcqhvqco,lcqhvqco::RMSD,wt-homo-3 / RMSD,RMSD,Time (ps),88700,0.20397426,nm,nm
line,overlay,wt-homo-3,wt-homo-3,rmsd,lcqhvqco,lcqhvqco::RMSD,wt-homo-3 / RMSD,RMSD,Time (ps),88800,0.20299864,nm,nm
line,overlay,wt-homo-3,wt-homo-3,rmsd,lcqhvqco,lcqhvqco::RMSD,wt-homo-3 / RMSD,RMSD,Time (ps),88900,0.20054787,nm,nm
line,overlay,wt-homo-3,wt-homo-3,rmsd,lcqhvqco,lcqhvqco::RMSD,wt-homo-3 / RMSD,RMSD,Time (ps),89000,0.20451483,nm,nm
line,overlay,wt-homo-3,wt-homo-3,rmsd,lcqhvqco,lcqhvqco::RMSD,wt-homo-3 / RMSD,RMSD,Time (ps),89100,0.2052965,nm,nm
line,overlay,wt-homo-3,wt-homo-3,rmsd,lcqhvqco,lcqhvqco::RMSD,wt-homo-3 / RMSD,RMSD,Time (ps),89200,0.19657204,nm,nm
line,overlay,wt-homo-3,wt-homo-3,rmsd,lcqhvqco,lcqhvqco::RMSD,wt-homo-3 / RMSD,RMSD,Time (ps),89300,0.19765809,nm,nm
line,overlay,wt-homo-3,wt-homo-3,rmsd,lcqhvqco,lcqhvqco::RMSD,wt-homo-3 / RMSD,RMSD,Time (ps),89400,0.20064089,nm,nm
line,overlay,wt-homo-3,wt-homo-3,rmsd,lcqhvqco,lcqhvqco::RMSD,wt-homo-3 / RMSD,RMSD,Time (ps),89500,0.2183919,nm,nm
line,overlay,wt-homo-3,wt-homo-3,rmsd,lcqhvqco,lcqhvqco::RMSD,wt-homo-3 / RMSD,RMSD,Time (ps),89600,0.21317442,nm,nm
line,overlay,wt-homo-3,wt-homo-3,rmsd,lcqhvqco,lcqhvqco::RMSD,wt-homo-3 / RMSD,RMSD,Time (ps),89700,0.20143245,nm,nm
line,overlay,wt-homo-3,wt-homo-3,rmsd,lcqhvqco,lcqhvqco::RMSD,wt-homo-3 / RMSD,RMSD,Time (ps),89800,0.21183039,nm,nm
line,overlay,wt-homo-3,wt-homo-3,rmsd,lcqhvqco,lcqhvqco::RMSD,wt-homo-3 / RMSD,RMSD,Time (ps),89900,0.21234363,nm,nm
line,overlay,wt-homo-3,wt-homo-3,rmsd,lcqhvqco,lcqhvqco::RMSD,wt-homo-3 / RMSD,RMSD,Time (ps),90000,0.21194291,nm,nm
line,overlay,wt-homo-3,wt-homo-3,rmsd,lcqhvqco,lcqhvqco::RMSD,wt-homo-3 / RMSD,RMSD,Time (ps),90100,0.20918582,nm,nm
line,overlay,wt-homo-3,wt-homo-3,rmsd,lcqhvqco,lcqhvqco::RMSD,wt-homo-3 / RMSD,RMSD,Time (ps),90200,0.20370471,nm,nm
line,overlay,wt-homo-3,wt-homo-3,rmsd,lcqhvqco,lcqhvqco::RMSD,wt-homo-3 / RMSD,RMSD,Time (ps),90300,0.2164848,nm,nm
line,overlay,wt-homo-3,wt-homo-3,rmsd,lcqhvqco,lcqhvqco::RMSD,wt-homo-3 / RMSD,RMSD,Time (ps),90400,0.20654252,nm,nm
line,overlay,wt-homo-3,wt-homo-3,rmsd,lcqhvqco,lcqhvqco::RMSD,wt-homo-3 / RMSD,RMSD,Time (ps),90500,0.19837795,nm,nm
line,overlay,wt-homo-3,wt-homo-3,rmsd,lcqhvqco,lcqhvqco::RMSD,wt-homo-3 / RMSD,RMSD,Time (ps),90600,0.21038911,nm,nm
line,overlay,wt-homo-3,wt-homo-3,rmsd,lcqhvqco,lcqhvqco::RMSD,wt-homo-3 / RMSD,RMSD,Time (ps),90700,0.20883615,nm,nm
line,overlay,wt-homo-3,wt-homo-3,rmsd,lcqhvqco,lcqhvqco::RMSD,wt-homo-3 / RMSD,RMSD,Time (ps),90800,0.22300234,nm,nm
line,overlay,wt-homo-3,wt-homo-3,rmsd,lcqhvqco,lcqhvqco::RMSD,wt-homo-3 / RMSD,RMSD,Time (ps),90900,0.21163699,nm,nm
line,overlay,wt-homo-3,wt-homo-3,rmsd,lcqhvqco,lcqhvqco::RMSD,wt-homo-3 / RMSD,RMSD,Time (ps),91000,0.2273644,nm,nm
line,overlay,wt-homo-3,wt-homo-3,rmsd,lcqhvqco,lcqhvqco::RMSD,wt-homo-3 / RMSD,RMSD,Time (ps),91100,0.22376345,nm,nm
line,overlay,wt-homo-3,wt-homo-3,rmsd,lcqhvqco,lcqhvqco::RMSD,wt-homo-3 / RMSD,RMSD,Time (ps),91200,0.219046,nm,nm
line,overlay,wt-homo-3,wt-homo-3,rmsd,lcqhvqco,lcqhvqco::RMSD,wt-homo-3 / RMSD,RMSD,Time (ps),91300,0.21764536,nm,nm
line,overlay,wt-homo-3,wt-homo-3,rmsd,lcqhvqco,lcqhvqco::RMSD,wt-homo-3 / RMSD,RMSD,Time (ps),91400,0.21858169,nm,nm
line,overlay,wt-homo-3,wt-homo-3,rmsd,lcqhvqco,lcqhvqco::RMSD,wt-homo-3 / RMSD,RMSD,Time (ps),91500,0.21102871,nm,nm
line,overlay,wt-homo-3,wt-homo-3,rmsd,lcqhvqco,lcqhvqco::RMSD,wt-homo-3 / RMSD,RMSD,Time (ps),91600,0.22550331,nm,nm
line,overlay,wt-homo-3,wt-homo-3,rmsd,lcqhvqco,lcqhvqco::RMSD,wt-homo-3 / RMSD,RMSD,Time (ps),91700,0.22237854,nm,nm
line,overlay,wt-homo-3,wt-homo-3,rmsd,lcqhvqco,lcqhvqco::RMSD,wt-homo-3 / RMSD,RMSD,Time (ps),91800,0.22908372,nm,nm
line,overlay,wt-homo-3,wt-homo-3,rmsd,lcqhvqco,lcqhvqco::RMSD,wt-homo-3 / RMSD,RMSD,Time (ps),91900,0.22912218,nm,nm
line,overlay,wt-homo-3,wt-homo-3,rmsd,lcqhvqco,lcqhvqco::RMSD,wt-homo-3 / RMSD,RMSD,Time (ps),92000,0.22624226,nm,nm
line,overlay,wt-homo-3,wt-homo-3,rmsd,lcqhvqco,lcqhvqco::RMSD,wt-homo-3 / RMSD,RMSD,Time (ps),92100,0.20468204,nm,nm
line,overlay,wt-homo-3,wt-homo-3,rmsd,lcqhvqco,lcqhvqco::RMSD,wt-homo-3 / RMSD,RMSD,Time (ps),92200,0.20777859,nm,nm
line,overlay,wt-homo-3,wt-homo-3,rmsd,lcqhvqco,lcqhvqco::RMSD,wt-homo-3 / RMSD,RMSD,Time (ps),92300,0.19666958,nm,nm
line,overlay,wt-homo-3,wt-homo-3,rmsd,lcqhvqco,lcqhvqco::RMSD,wt-homo-3 / RMSD,RMSD,Time (ps),92400,0.21000442,nm,nm
line,overlay,wt-homo-3,wt-homo-3,rmsd,lcqhvqco,lcqhvqco::RMSD,wt-homo-3 / RMSD,RMSD,Time (ps),92500,0.20418254,nm,nm
line,overlay,wt-homo-3,wt-homo-3,rmsd,lcqhvqco,lcqhvqco::RMSD,wt-homo-3 / RMSD,RMSD,Time (ps),92600,0.20971543,nm,nm
line,overlay,wt-homo-3,wt-homo-3,rmsd,lcqhvqco,lcqhvqco::RMSD,wt-homo-3 / RMSD,RMSD,Time (ps),92700,0.22074321,nm,nm
line,overlay,wt-homo-3,wt-homo-3,rmsd,lcqhvqco,lcqhvqco::RMSD,wt-homo-3 / RMSD,RMSD,Time (ps),92800,0.2090594,nm,nm
line,overlay,wt-homo-3,wt-homo-3,rmsd,lcqhvqco,lcqhvqco::RMSD,wt-homo-3 / RMSD,RMSD,Time (ps),92900,0.21075097,nm,nm
line,overlay,wt-homo-3,wt-homo-3,rmsd,lcqhvqco,lcqhvqco::RMSD,wt-homo-3 / RMSD,RMSD,Time (ps),93000,0.21369171,nm,nm
line,overlay,wt-homo-3,wt-homo-3,rmsd,lcqhvqco,lcqhvqco::RMSD,wt-homo-3 / RMSD,RMSD,Time (ps),93100,0.20445907,nm,nm
line,overlay,wt-homo-3,wt-homo-3,rmsd,lcqhvqco,lcqhvqco::RMSD,wt-homo-3 / RMSD,RMSD,Time (ps),93200,0.20627885,nm,nm
line,overlay,wt-homo-3,wt-homo-3,rmsd,lcqhvqco,lcqhvqco::RMSD,wt-homo-3 / RMSD,RMSD,Time (ps),93300,0.20765382,nm,nm
line,overlay,wt-homo-3,wt-homo-3,rmsd,lcqhvqco,lcqhvqco::RMSD,wt-homo-3 / RMSD,RMSD,Time (ps),93400,0.21292868,nm,nm
line,overlay,wt-homo-3,wt-homo-3,rmsd,lcqhvqco,lcqhvqco::RMSD,wt-homo-3 / RMSD,RMSD,Time (ps),93500,0.21553455,nm,nm
line,overlay,wt-homo-3,wt-homo-3,rmsd,lcqhvqco,lcqhvqco::RMSD,wt-homo-3 / RMSD,RMSD,Time (ps),93600,0.2159238,nm,nm
line,overlay,wt-homo-3,wt-homo-3,rmsd,lcqhvqco,lcqhvqco::RMSD,wt-homo-3 / RMSD,RMSD,Time (ps),93700,0.20973767,nm,nm
line,overlay,wt-homo-3,wt-homo-3,rmsd,lcqhvqco,lcqhvqco::RMSD,wt-homo-3 / RMSD,RMSD,Time (ps),93800,0.21672888,nm,nm
line,overlay,wt-homo-3,wt-homo-3,rmsd,lcqhvqco,lcqhvqco::RMSD,wt-homo-3 / RMSD,RMSD,Time (ps),93900,0.22893207,nm,nm
line,overlay,wt-homo-3,wt-homo-3,rmsd,lcqhvqco,lcqhvqco::RMSD,wt-homo-3 / RMSD,RMSD,Time (ps),94000,0.23134206,nm,nm
line,overlay,wt-homo-3,wt-homo-3,rmsd,lcqhvqco,lcqhvqco::RMSD,wt-homo-3 / RMSD,RMSD,Time (ps),94100,0.22659253,nm,nm
line,overlay,wt-homo-3,wt-homo-3,rmsd,lcqhvqco,lcqhvqco::RMSD,wt-homo-3 / RMSD,RMSD,Time (ps),94200,0.21129628,nm,nm
line,overlay,wt-homo-3,wt-homo-3,rmsd,lcqhvqco,lcqhvqco::RMSD,wt-homo-3 / RMSD,RMSD,Time (ps),94300,0.2380321,nm,nm
line,overlay,wt-homo-3,wt-homo-3,rmsd,lcqhvqco,lcqhvqco::RMSD,wt-homo-3 / RMSD,RMSD,Time (ps),94400,0.2295787,nm,nm
line,overlay,wt-homo-3,wt-homo-3,rmsd,lcqhvqco,lcqhvqco::RMSD,wt-homo-3 / RMSD,RMSD,Time (ps),94500,0.22675945,nm,nm
line,overlay,wt-homo-3,wt-homo-3,rmsd,lcqhvqco,lcqhvqco::RMSD,wt-homo-3 / RMSD,RMSD,Time (ps),94600,0.2347871,nm,nm
line,overlay,wt-homo-3,wt-homo-3,rmsd,lcqhvqco,lcqhvqco::RMSD,wt-homo-3 / RMSD,RMSD,Time (ps),94700,0.22207065,nm,nm
line,overlay,wt-homo-3,wt-homo-3,rmsd,lcqhvqco,lcqhvqco::RMSD,wt-homo-3 / RMSD,RMSD,Time (ps),94800,0.2353626,nm,nm
line,overlay,wt-homo-3,wt-homo-3,rmsd,lcqhvqco,lcqhvqco::RMSD,wt-homo-3 / RMSD,RMSD,Time (ps),94900,0.22184645,nm,nm
line,overlay,wt-homo-3,wt-homo-3,rmsd,lcqhvqco,lcqhvqco::RMSD,wt-homo-3 / RMSD,RMSD,Time (ps),95000,0.21751195,nm,nm
line,overlay,wt-homo-3,wt-homo-3,rmsd,lcqhvqco,lcqhvqco::RMSD,wt-homo-3 / RMSD,RMSD,Time (ps),95100,0.21470325,nm,nm
line,overlay,wt-homo-3,wt-homo-3,rmsd,lcqhvqco,lcqhvqco::RMSD,wt-homo-3 / RMSD,RMSD,Time (ps),95200,0.2251951,nm,nm
line,overlay,wt-homo-3,wt-homo-3,rmsd,lcqhvqco,lcqhvqco::RMSD,wt-homo-3 / RMSD,RMSD,Time (ps),95300,0.2226278,nm,nm
line,overlay,wt-homo-3,wt-homo-3,rmsd,lcqhvqco,lcqhvqco::RMSD,wt-homo-3 / RMSD,RMSD,Time (ps),95400,0.21978779,nm,nm
line,overlay,wt-homo-3,wt-homo-3,rmsd,lcqhvqco,lcqhvqco::RMSD,wt-homo-3 / RMSD,RMSD,Time (ps),95500,0.22527564,nm,nm
line,overlay,wt-homo-3,wt-homo-3,rmsd,lcqhvqco,lcqhvqco::RMSD,wt-homo-3 / RMSD,RMSD,Time (ps),95600,0.22184879,nm,nm
line,overlay,wt-homo-3,wt-homo-3,rmsd,lcqhvqco,lcqhvqco::RMSD,wt-homo-3 / RMSD,RMSD,Time (ps),95700,0.2150024,nm,nm
line,overlay,wt-homo-3,wt-homo-3,rmsd,lcqhvqco,lcqhvqco::RMSD,wt-homo-3 / RMSD,RMSD,Time (ps),95800,0.21403587,nm,nm
line,overlay,wt-homo-3,wt-homo-3,rmsd,lcqhvqco,lcqhvqco::RMSD,wt-homo-3 / RMSD,RMSD,Time (ps),95900,0.21661167,nm,nm
line,overlay,wt-homo-3,wt-homo-3,rmsd,lcqhvqco,lcqhvqco::RMSD,wt-homo-3 / RMSD,RMSD,Time (ps),96000,0.22147931,nm,nm
line,overlay,wt-homo-3,wt-homo-3,rmsd,lcqhvqco,lcqhvqco::RMSD,wt-homo-3 / RMSD,RMSD,Time (ps),96100,0.20384462,nm,nm
line,overlay,wt-homo-3,wt-homo-3,rmsd,lcqhvqco,lcqhvqco::RMSD,wt-homo-3 / RMSD,RMSD,Time (ps),96200,0.22089344,nm,nm
line,overlay,wt-homo-3,wt-homo-3,rmsd,lcqhvqco,lcqhvqco::RMSD,wt-homo-3 / RMSD,RMSD,Time (ps),96300,0.23140031,nm,nm
line,overlay,wt-homo-3,wt-homo-3,rmsd,lcqhvqco,lcqhvqco::RMSD,wt-homo-3 / RMSD,RMSD,Time (ps),96400,0.21493971,nm,nm
line,overlay,wt-homo-3,wt-homo-3,rmsd,lcqhvqco,lcqhvqco::RMSD,wt-homo-3 / RMSD,RMSD,Time (ps),96500,0.21616612,nm,nm
line,overlay,wt-homo-3,wt-homo-3,rmsd,lcqhvqco,lcqhvqco::RMSD,wt-homo-3 / RMSD,RMSD,Time (ps),96600,0.21649438,nm,nm
line,overlay,wt-homo-3,wt-homo-3,rmsd,lcqhvqco,lcqhvqco::RMSD,wt-homo-3 / RMSD,RMSD,Time (ps),96700,0.20281215,nm,nm
line,overlay,wt-homo-3,wt-homo-3,rmsd,lcqhvqco,lcqhvqco::RMSD,wt-homo-3 / RMSD,RMSD,Time (ps),96800,0.21790718,nm,nm
line,overlay,wt-homo-3,wt-homo-3,rmsd,lcqhvqco,lcqhvqco::RMSD,wt-homo-3 / RMSD,RMSD,Time (ps),96900,0.2235595,nm,nm
line,overlay,wt-homo-3,wt-homo-3,rmsd,lcqhvqco,lcqhvqco::RMSD,wt-homo-3 / RMSD,RMSD,Time (ps),97000,0.22803368,nm,nm
line,overlay,wt-homo-3,wt-homo-3,rmsd,lcqhvqco,lcqhvqco::RMSD,wt-homo-3 / RMSD,RMSD,Time (ps),97100,0.24093677,nm,nm
line,overlay,wt-homo-3,wt-homo-3,rmsd,lcqhvqco,lcqhvqco::RMSD,wt-homo-3 / RMSD,RMSD,Time (ps),97200,0.22916515,nm,nm
line,overlay,wt-homo-3,wt-homo-3,rmsd,lcqhvqco,lcqhvqco::RMSD,wt-homo-3 / RMSD,RMSD,Time (ps),97300,0.2352062,nm,nm
line,overlay,wt-homo-3,wt-homo-3,rmsd,lcqhvqco,lcqhvqco::RMSD,wt-homo-3 / RMSD,RMSD,Time (ps),97400,0.23687953,nm,nm
line,overlay,wt-homo-3,wt-homo-3,rmsd,lcqhvqco,lcqhvqco::RMSD,wt-homo-3 / RMSD,RMSD,Time (ps),97500,0.22335304,nm,nm
line,overlay,wt-homo-3,wt-homo-3,rmsd,lcqhvqco,lcqhvqco::RMSD,wt-homo-3 / RMSD,RMSD,Time (ps),97600,0.21503374,nm,nm
line,overlay,wt-homo-3,wt-homo-3,rmsd,lcqhvqco,lcqhvqco::RMSD,wt-homo-3 / RMSD,RMSD,Time (ps),97700,0.22159864,nm,nm
line,overlay,wt-homo-3,wt-homo-3,rmsd,lcqhvqco,lcqhvqco::RMSD,wt-homo-3 / RMSD,RMSD,Time (ps),97800,0.19951913,nm,nm
line,overlay,wt-homo-3,wt-homo-3,rmsd,lcqhvqco,lcqhvqco::RMSD,wt-homo-3 / RMSD,RMSD,Time (ps),97900,0.20940872,nm,nm
line,overlay,wt-homo-3,wt-homo-3,rmsd,lcqhvqco,lcqhvqco::RMSD,wt-homo-3 / RMSD,RMSD,Time (ps),98000,0.21852477,nm,nm
line,overlay,wt-homo-3,wt-homo-3,rmsd,lcqhvqco,lcqhvqco::RMSD,wt-homo-3 / RMSD,RMSD,Time (ps),98100,0.19974762,nm,nm
line,overlay,wt-homo-3,wt-homo-3,rmsd,lcqhvqco,lcqhvqco::RMSD,wt-homo-3 / RMSD,RMSD,Time (ps),98200,0.2176787,nm,nm
line,overlay,wt-homo-3,wt-homo-3,rmsd,lcqhvqco,lcqhvqco::RMSD,wt-homo-3 / RMSD,RMSD,Time (ps),98300,0.21165659,nm,nm
line,overlay,wt-homo-3,wt-homo-3,rmsd,lcqhvqco,lcqhvqco::RMSD,wt-homo-3 / RMSD,RMSD,Time (ps),98400,0.21512291,nm,nm
line,overlay,wt-homo-3,wt-homo-3,rmsd,lcqhvqco,lcqhvqco::RMSD,wt-homo-3 / RMSD,RMSD,Time (ps),98500,0.22299305,nm,nm
line,overlay,wt-homo-3,wt-homo-3,rmsd,lcqhvqco,lcqhvqco::RMSD,wt-homo-3 / RMSD,RMSD,Time (ps),98600,0.22884828,nm,nm
line,overlay,wt-homo-3,wt-homo-3,rmsd,lcqhvqco,lcqhvqco::RMSD,wt-homo-3 / RMSD,RMSD,Time (ps),98700,0.22816776,nm,nm
line,overlay,wt-homo-3,wt-homo-3,rmsd,lcqhvqco,lcqhvqco::RMSD,wt-homo-3 / RMSD,RMSD,Time (ps),98800,0.22030838,nm,nm
line,overlay,wt-homo-3,wt-homo-3,rmsd,lcqhvqco,lcqhvqco::RMSD,wt-homo-3 / RMSD,RMSD,Time (ps),98900,0.23225667,nm,nm
line,overlay,wt-homo-3,wt-homo-3,rmsd,lcqhvqco,lcqhvqco::RMSD,wt-homo-3 / RMSD,RMSD,Time (ps),99000,0.23226559,nm,nm
line,overlay,wt-homo-3,wt-homo-3,rmsd,lcqhvqco,lcqhvqco::RMSD,wt-homo-3 / RMSD,RMSD,Time (ps),99100,0.2287078,nm,nm
line,overlay,wt-homo-3,wt-homo-3,rmsd,lcqhvqco,lcqhvqco::RMSD,wt-homo-3 / RMSD,RMSD,Time (ps),99200,0.24004228,nm,nm
line,overlay,wt-homo-3,wt-homo-3,rmsd,lcqhvqco,lcqhvqco::RMSD,wt-homo-3 / RMSD,RMSD,Time (ps),99300,0.23692985,nm,nm
line,overlay,wt-homo-3,wt-homo-3,rmsd,lcqhvqco,lcqhvqco::RMSD,wt-homo-3 / RMSD,RMSD,Time (ps),99400,0.2369933,nm,nm
line,overlay,wt-homo-3,wt-homo-3,rmsd,lcqhvqco,lcqhvqco::RMSD,wt-homo-3 / RMSD,RMSD,Time (ps),99500,0.22473657,nm,nm
line,overlay,wt-homo-3,wt-homo-3,rmsd,lcqhvqco,lcqhvqco::RMSD,wt-homo-3 / RMSD,RMSD,Time (ps),99600,0.22657423,nm,nm
line,overlay,wt-homo-3,wt-homo-3,rmsd,lcqhvqco,lcqhvqco::RMSD,wt-homo-3 / RMSD,RMSD,Time (ps),99700,0.21241441,nm,nm
line,overlay,wt-homo-3,wt-homo-3,rmsd,lcqhvqco,lcqhvqco::RMSD,wt-homo-3 / RMSD,RMSD,Time (ps),99800,0.21749765,nm,nm
line,overlay,wt-homo-3,wt-homo-3,rmsd,lcqhvqco,lcqhvqco::RMSD,wt-homo-3 / RMSD,RMSD,Time (ps),99900,0.21204807,nm,nm
line,overlay,wt-homo-3,wt-homo-3,rmsd,lcqhvqco,lcqhvqco::RMSD,wt-homo-3 / RMSD,RMSD,Time (ps),100000,0.2056396,nm,nm
line,overlay,wt-homo-4,wt-homo-4,rmsd,ru66q04s,ru66q04s::RMSD,wt-homo-4 / RMSD,RMSD,Time (ps),0,0,nm,nm
line,overlay,wt-homo-4,wt-homo-4,rmsd,ru66q04s,ru66q04s::RMSD,wt-homo-4 / RMSD,RMSD,Time (ps),100,0.08271734,nm,nm
line,overlay,wt-homo-4,wt-homo-4,rmsd,ru66q04s,ru66q04s::RMSD,wt-homo-4 / RMSD,RMSD,Time (ps),200,0.093849465,nm,nm
line,overlay,wt-homo-4,wt-homo-4,rmsd,ru66q04s,ru66q04s::RMSD,wt-homo-4 / RMSD,RMSD,Time (ps),300,0.092391066,nm,nm
line,overlay,wt-homo-4,wt-homo-4,rmsd,ru66q04s,ru66q04s::RMSD,wt-homo-4 / RMSD,RMSD,Time (ps),400,0.08894372,nm,nm
line,overlay,wt-homo-4,wt-homo-4,rmsd,ru66q04s,ru66q04s::RMSD,wt-homo-4 / RMSD,RMSD,Time (ps),500,0.099213794,nm,nm
line,overlay,wt-homo-4,wt-homo-4,rmsd,ru66q04s,ru66q04s::RMSD,wt-homo-4 / RMSD,RMSD,Time (ps),600,0.08587792,nm,nm
line,overlay,wt-homo-4,wt-homo-4,rmsd,ru66q04s,ru66q04s::RMSD,wt-homo-4 / RMSD,RMSD,Time (ps),700,0.08708862,nm,nm
line,overlay,wt-homo-4,wt-homo-4,rmsd,ru66q04s,ru66q04s::RMSD,wt-homo-4 / RMSD,RMSD,Time (ps),800,0.09467979,nm,nm
line,overlay,wt-homo-4,wt-homo-4,rmsd,ru66q04s,ru66q04s::RMSD,wt-homo-4 / RMSD,RMSD,Time (ps),900,0.088540696,nm,nm
line,overlay,wt-homo-4,wt-homo-4,rmsd,ru66q04s,ru66q04s::RMSD,wt-homo-4 / RMSD,RMSD,Time (ps),1000,0.08761674,nm,nm
line,overlay,wt-homo-4,wt-homo-4,rmsd,ru66q04s,ru66q04s::RMSD,wt-homo-4 / RMSD,RMSD,Time (ps),1100,0.09489307,nm,nm
line,overlay,wt-homo-4,wt-homo-4,rmsd,ru66q04s,ru66q04s::RMSD,wt-homo-4 / RMSD,RMSD,Time (ps),1200,0.101894334,nm,nm
line,overlay,wt-homo-4,wt-homo-4,rmsd,ru66q04s,ru66q04s::RMSD,wt-homo-4 / RMSD,RMSD,Time (ps),1300,0.09965689,nm,nm
line,overlay,wt-homo-4,wt-homo-4,rmsd,ru66q04s,ru66q04s::RMSD,wt-homo-4 / RMSD,RMSD,Time (ps),1400,0.09467979,nm,nm
line,overlay,wt-homo-4,wt-homo-4,rmsd,ru66q04s,ru66q04s::RMSD,wt-homo-4 / RMSD,RMSD,Time (ps),1500,0.08697546,nm,nm
line,overlay,wt-homo-4,wt-homo-4,rmsd,ru66q04s,ru66q04s::RMSD,wt-homo-4 / RMSD,RMSD,Time (ps),1600,0.09269354,nm,nm
line,overlay,wt-homo-4,wt-homo-4,rmsd,ru66q04s,ru66q04s::RMSD,wt-homo-4 / RMSD,RMSD,Time (ps),1700,0.1148108,nm,nm
line,overlay,wt-homo-4,wt-homo-4,rmsd,ru66q04s,ru66q04s::RMSD,wt-homo-4 / RMSD,RMSD,Time (ps),1800,0.10986912,nm,nm
line,overlay,wt-homo-4,wt-homo-4,rmsd,ru66q04s,ru66q04s::RMSD,wt-homo-4 / RMSD,RMSD,Time (ps),1900,0.1229808,nm,nm
line,overlay,wt-homo-4,wt-homo-4,rmsd,ru66q04s,ru66q04s::RMSD,wt-homo-4 / RMSD,RMSD,Time (ps),2000,0.11217091,nm,nm
line,overlay,wt-homo-4,wt-homo-4,rmsd,ru66q04s,ru66q04s::RMSD,wt-homo-4 / RMSD,RMSD,Time (ps),2100,0.13084702,nm,nm
line,overlay,wt-homo-4,wt-homo-4,rmsd,ru66q04s,ru66q04s::RMSD,wt-homo-4 / RMSD,RMSD,Time (ps),2200,0.1207692,nm,nm
line,overlay,wt-homo-4,wt-homo-4,rmsd,ru66q04s,ru66q04s::RMSD,wt-homo-4 / RMSD,RMSD,Time (ps),2300,0.13613185,nm,nm
line,overlay,wt-homo-4,wt-homo-4,rmsd,ru66q04s,ru66q04s::RMSD,wt-homo-4 / RMSD,RMSD,Time (ps),2400,0.12757353,nm,nm
line,overlay,wt-homo-4,wt-homo-4,rmsd,ru66q04s,ru66q04s::RMSD,wt-homo-4 / RMSD,RMSD,Time (ps),2500,0.12808445,nm,nm
line,overlay,wt-homo-4,wt-homo-4,rmsd,ru66q04s,ru66q04s::RMSD,wt-homo-4 / RMSD,RMSD,Time (ps),2600,0.1288551,nm,nm
line,overlay,wt-homo-4,wt-homo-4,rmsd,ru66q04s,ru66q04s::RMSD,wt-homo-4 / RMSD,RMSD,Time (ps),2700,0.129785,nm,nm
line,overlay,wt-homo-4,wt-homo-4,rmsd,ru66q04s,ru66q04s::RMSD,wt-homo-4 / RMSD,RMSD,Time (ps),2800,0.13079947,nm,nm
line,overlay,wt-homo-4,wt-homo-4,rmsd,ru66q04s,ru66q04s::RMSD,wt-homo-4 / RMSD,RMSD,Time (ps),2900,0.13259034,nm,nm
line,overlay,wt-homo-4,wt-homo-4,rmsd,ru66q04s,ru66q04s::RMSD,wt-homo-4 / RMSD,RMSD,Time (ps),3000,0.14312221,nm,nm
line,overlay,wt-homo-4,wt-homo-4,rmsd,ru66q04s,ru66q04s::RMSD,wt-homo-4 / RMSD,RMSD,Time (ps),3100,0.14113091,nm,nm
line,overlay,wt-homo-4,wt-homo-4,rmsd,ru66q04s,ru66q04s::RMSD,wt-homo-4 / RMSD,RMSD,Time (ps),3200,0.16022673,nm,nm
line,overlay,wt-homo-4,wt-homo-4,rmsd,ru66q04s,ru66q04s::RMSD,wt-homo-4 / RMSD,RMSD,Time (ps),3300,0.14121903,nm,nm
line,overlay,wt-homo-4,wt-homo-4,rmsd,ru66q04s,ru66q04s::RMSD,wt-homo-4 / RMSD,RMSD,Time (ps),3400,0.15933785,nm,nm
line,overlay,wt-homo-4,wt-homo-4,rmsd,ru66q04s,ru66q04s::RMSD,wt-homo-4 / RMSD,RMSD,Time (ps),3500,0.14617889,nm,nm
line,overlay,wt-homo-4,wt-homo-4,rmsd,ru66q04s,ru66q04s::RMSD,wt-homo-4 / RMSD,RMSD,Time (ps),3600,0.17237039,nm,nm
line,overlay,wt-homo-4,wt-homo-4,rmsd,ru66q04s,ru66q04s::RMSD,wt-homo-4 / RMSD,RMSD,Time (ps),3700,0.1675672,nm,nm
line,overlay,wt-homo-4,wt-homo-4,rmsd,ru66q04s,ru66q04s::RMSD,wt-homo-4 / RMSD,RMSD,Time (ps),3800,0.16073707,nm,nm
line,overlay,wt-homo-4,wt-homo-4,rmsd,ru66q04s,ru66q04s::RMSD,wt-homo-4 / RMSD,RMSD,Time (ps),3900,0.17092085,nm,nm
line,overlay,wt-homo-4,wt-homo-4,rmsd,ru66q04s,ru66q04s::RMSD,wt-homo-4 / RMSD,RMSD,Time (ps),4000,0.1815675,nm,nm
line,overlay,wt-homo-4,wt-homo-4,rmsd,ru66q04s,ru66q04s::RMSD,wt-homo-4 / RMSD,RMSD,Time (ps),4100,0.17665936,nm,nm
line,overlay,wt-homo-4,wt-homo-4,rmsd,ru66q04s,ru66q04s::RMSD,wt-homo-4 / RMSD,RMSD,Time (ps),4200,0.17129347,nm,nm
line,overlay,wt-homo-4,wt-homo-4,rmsd,ru66q04s,ru66q04s::RMSD,wt-homo-4 / RMSD,RMSD,Time (ps),4300,0.15772262,nm,nm
line,overlay,wt-homo-4,wt-homo-4,rmsd,ru66q04s,ru66q04s::RMSD,wt-homo-4 / RMSD,RMSD,Time (ps),4400,0.15876101,nm,nm
line,overlay,wt-homo-4,wt-homo-4,rmsd,ru66q04s,ru66q04s::RMSD,wt-homo-4 / RMSD,RMSD,Time (ps),4500,0.1543307,nm,nm
line,overlay,wt-homo-4,wt-homo-4,rmsd,ru66q04s,ru66q04s::RMSD,wt-homo-4 / RMSD,RMSD,Time (ps),4600,0.1577522,nm,nm
line,overlay,wt-homo-4,wt-homo-4,rmsd,ru66q04s,ru66q04s::RMSD,wt-homo-4 / RMSD,RMSD,Time (ps),4700,0.16563195,nm,nm
line,overlay,wt-homo-4,wt-homo-4,rmsd,ru66q04s,ru66q04s::RMSD,wt-homo-4 / RMSD,RMSD,Time (ps),4800,0.13672835,nm,nm
line,overlay,wt-homo-4,wt-homo-4,rmsd,ru66q04s,ru66q04s::RMSD,wt-homo-4 / RMSD,RMSD,Time (ps),4900,0.12122758,nm,nm
line,overlay,wt-homo-4,wt-homo-4,rmsd,ru66q04s,ru66q04s::RMSD,wt-homo-4 / RMSD,RMSD,Time (ps),5000,0.12841184,nm,nm
line,overlay,wt-homo-4,wt-homo-4,rmsd,ru66q04s,ru66q04s::RMSD,wt-homo-4 / RMSD,RMSD,Time (ps),5100,0.124721855,nm,nm
line,overlay,wt-homo-4,wt-homo-4,rmsd,ru66q04s,ru66q04s::RMSD,wt-homo-4 / RMSD,RMSD,Time (ps),5200,0.14392039,nm,nm
line,overlay,wt-homo-4,wt-homo-4,rmsd,ru66q04s,ru66q04s::RMSD,wt-homo-4 / RMSD,RMSD,Time (ps),5300,0.14229408,nm,nm
line,overlay,wt-homo-4,wt-homo-4,rmsd,ru66q04s,ru66q04s::RMSD,wt-homo-4 / RMSD,RMSD,Time (ps),5400,0.14224306,nm,nm
line,overlay,wt-homo-4,wt-homo-4,rmsd,ru66q04s,ru66q04s::RMSD,wt-homo-4 / RMSD,RMSD,Time (ps),5500,0.14012095,nm,nm
line,overlay,wt-homo-4,wt-homo-4,rmsd,ru66q04s,ru66q04s::RMSD,wt-homo-4 / RMSD,RMSD,Time (ps),5600,0.14916597,nm,nm
line,overlay,wt-homo-4,wt-homo-4,rmsd,ru66q04s,ru66q04s::RMSD,wt-homo-4 / RMSD,RMSD,Time (ps),5700,0.14513977,nm,nm
line,overlay,wt-homo-4,wt-homo-4,rmsd,ru66q04s,ru66q04s::RMSD,wt-homo-4 / RMSD,RMSD,Time (ps),5800,0.14641626,nm,nm
line,overlay,wt-homo-4,wt-homo-4,rmsd,ru66q04s,ru66q04s::RMSD,wt-homo-4 / RMSD,RMSD,Time (ps),5900,0.1380188,nm,nm
line,overlay,wt-homo-4,wt-homo-4,rmsd,ru66q04s,ru66q04s::RMSD,wt-homo-4 / RMSD,RMSD,Time (ps),6000,0.13531455,nm,nm
line,overlay,wt-homo-4,wt-homo-4,rmsd,ru66q04s,ru66q04s::RMSD,wt-homo-4 / RMSD,RMSD,Time (ps),6100,0.14075948,nm,nm
line,overlay,wt-homo-4,wt-homo-4,rmsd,ru66q04s,ru66q04s::RMSD,wt-homo-4 / RMSD,RMSD,Time (ps),6200,0.1491764,nm,nm
line,overlay,wt-homo-4,wt-homo-4,rmsd,ru66q04s,ru66q04s::RMSD,wt-homo-4 / RMSD,RMSD,Time (ps),6300,0.13729961,nm,nm
line,overlay,wt-homo-4,wt-homo-4,rmsd,ru66q04s,ru66q04s::RMSD,wt-homo-4 / RMSD,RMSD,Time (ps),6400,0.14360671,nm,nm
line,overlay,wt-homo-4,wt-homo-4,rmsd,ru66q04s,ru66q04s::RMSD,wt-homo-4 / RMSD,RMSD,Time (ps),6500,0.14914165,nm,nm
line,overlay,wt-homo-4,wt-homo-4,rmsd,ru66q04s,ru66q04s::RMSD,wt-homo-4 / RMSD,RMSD,Time (ps),6600,0.14494678,nm,nm
line,overlay,wt-homo-4,wt-homo-4,rmsd,ru66q04s,ru66q04s::RMSD,wt-homo-4 / RMSD,RMSD,Time (ps),6700,0.14155632,nm,nm
line,overlay,wt-homo-4,wt-homo-4,rmsd,ru66q04s,ru66q04s::RMSD,wt-homo-4 / RMSD,RMSD,Time (ps),6800,0.14617889,nm,nm
line,overlay,wt-homo-4,wt-homo-4,rmsd,ru66q04s,ru66q04s::RMSD,wt-homo-4 / RMSD,RMSD,Time (ps),6900,0.14781857,nm,nm
line,overlay,wt-homo-4,wt-homo-4,rmsd,ru66q04s,ru66q04s::RMSD,wt-homo-4 / RMSD,RMSD,Time (ps),7000,0.12879877,nm,nm
line,overlay,wt-homo-4,wt-homo-4,rmsd,ru66q04s,ru66q04s::RMSD,wt-homo-4 / RMSD,RMSD,Time (ps),7100,0.1485636,nm,nm
line,overlay,wt-homo-4,wt-homo-4,rmsd,ru66q04s,ru66q04s::RMSD,wt-homo-4 / RMSD,RMSD,Time (ps),7200,0.1537553,nm,nm
line,overlay,wt-homo-4,wt-homo-4,rmsd,ru66q04s,ru66q04s::RMSD,wt-homo-4 / RMSD,RMSD,Time (ps),7300,0.14452419,nm,nm
line,overlay,wt-homo-4,wt-homo-4,rmsd,ru66q04s,ru66q04s::RMSD,wt-homo-4 / RMSD,RMSD,Time (ps),7400,0.15750228,nm,nm
line,overlay,wt-homo-4,wt-homo-4,rmsd,ru66q04s,ru66q04s::RMSD,wt-homo-4 / RMSD,RMSD,Time (ps),7500,0.1611686,nm,nm
line,overlay,wt-homo-4,wt-homo-4,rmsd,ru66q04s,ru66q04s::RMSD,wt-homo-4 / RMSD,RMSD,Time (ps),7600,0.15875775,nm,nm
line,overlay,wt-homo-4,wt-homo-4,rmsd,ru66q04s,ru66q04s::RMSD,wt-homo-4 / RMSD,RMSD,Time (ps),7700,0.15626326,nm,nm
line,overlay,wt-homo-4,wt-homo-4,rmsd,ru66q04s,ru66q04s::RMSD,wt-homo-4 / RMSD,RMSD,Time (ps),7800,0.16455817,nm,nm
line,overlay,wt-homo-4,wt-homo-4,rmsd,ru66q04s,ru66q04s::RMSD,wt-homo-4 / RMSD,RMSD,Time (ps),7900,0.17750823,nm,nm
line,overlay,wt-homo-4,wt-homo-4,rmsd,ru66q04s,ru66q04s::RMSD,wt-homo-4 / RMSD,RMSD,Time (ps),8000,0.15705076,nm,nm
line,overlay,wt-homo-4,wt-homo-4,rmsd,ru66q04s,ru66q04s::RMSD,wt-homo-4 / RMSD,RMSD,Time (ps),8100,0.14733033,nm,nm
line,overlay,wt-homo-4,wt-homo-4,rmsd,ru66q04s,ru66q04s::RMSD,wt-homo-4 / RMSD,RMSD,Time (ps),8200,0.16376248,nm,nm
line,overlay,wt-homo-4,wt-homo-4,rmsd,ru66q04s,ru66q04s::RMSD,wt-homo-4 / RMSD,RMSD,Time (ps),8300,0.15104453,nm,nm
line,overlay,wt-homo-4,wt-homo-4,rmsd,ru66q04s,ru66q04s::RMSD,wt-homo-4 / RMSD,RMSD,Time (ps),8400,0.16018143,nm,nm
line,overlay,wt-homo-4,wt-homo-4,rmsd,ru66q04s,ru66q04s::RMSD,wt-homo-4 / RMSD,RMSD,Time (ps),8500,0.15277112,nm,nm
line,overlay,wt-homo-4,wt-homo-4,rmsd,ru66q04s,ru66q04s::RMSD,wt-homo-4 / RMSD,RMSD,Time (ps),8600,0.14656842,nm,nm
line,overlay,wt-homo-4,wt-homo-4,rmsd,ru66q04s,ru66q04s::RMSD,wt-homo-4 / RMSD,RMSD,Time (ps),8700,0.14740771,nm,nm
line,overlay,wt-homo-4,wt-homo-4,rmsd,ru66q04s,ru66q04s::RMSD,wt-homo-4 / RMSD,RMSD,Time (ps),8800,0.15818533,nm,nm
line,overlay,wt-homo-4,wt-homo-4,rmsd,ru66q04s,ru66q04s::RMSD,wt-homo-4 / RMSD,RMSD,Time (ps),8900,0.14008395,nm,nm
line,overlay,wt-homo-4,wt-homo-4,rmsd,ru66q04s,ru66q04s::RMSD,wt-homo-4 / RMSD,RMSD,Time (ps),9000,0.1396652,nm,nm
line,overlay,wt-homo-4,wt-homo-4,rmsd,ru66q04s,ru66q04s::RMSD,wt-homo-4 / RMSD,RMSD,Time (ps),9100,0.1391819,nm,nm
line,overlay,wt-homo-4,wt-homo-4,rmsd,ru66q04s,ru66q04s::RMSD,wt-homo-4 / RMSD,RMSD,Time (ps),9200,0.14378707,nm,nm
line,overlay,wt-homo-4,wt-homo-4,rmsd,ru66q04s,ru66q04s::RMSD,wt-homo-4 / RMSD,RMSD,Time (ps),9300,0.14109786,nm,nm
line,overlay,wt-homo-4,wt-homo-4,rmsd,ru66q04s,ru66q04s::RMSD,wt-homo-4 / RMSD,RMSD,Time (ps),9400,0.15286948,nm,nm
line,overlay,wt-homo-4,wt-homo-4,rmsd,ru66q04s,ru66q04s::RMSD,wt-homo-4 / RMSD,RMSD,Time (ps),9500,0.15184201,nm,nm
line,overlay,wt-homo-4,wt-homo-4,rmsd,ru66q04s,ru66q04s::RMSD,wt-homo-4 / RMSD,RMSD,Time (ps),9600,0.13984694,nm,nm
line,overlay,wt-homo-4,wt-homo-4,rmsd,ru66q04s,ru66q04s::RMSD,wt-homo-4 / RMSD,RMSD,Time (ps),9700,0.1269871,nm,nm
line,overlay,wt-homo-4,wt-homo-4,rmsd,ru66q04s,ru66q04s::RMSD,wt-homo-4 / RMSD,RMSD,Time (ps),9800,0.14042027,nm,nm
line,overlay,wt-homo-4,wt-homo-4,rmsd,ru66q04s,ru66q04s::RMSD,wt-homo-4 / RMSD,RMSD,Time (ps),9900,0.13399419,nm,nm
line,overlay,wt-homo-4,wt-homo-4,rmsd,ru66q04s,ru66q04s::RMSD,wt-homo-4 / RMSD,RMSD,Time (ps),10000,0.13779704,nm,nm
line,overlay,wt-homo-4,wt-homo-4,rmsd,ru66q04s,ru66q04s::RMSD,wt-homo-4 / RMSD,RMSD,Time (ps),10100,0.15244845,nm,nm
line,overlay,wt-homo-4,wt-homo-4,rmsd,ru66q04s,ru66q04s::RMSD,wt-homo-4 / RMSD,RMSD,Time (ps),10200,0.15763715,nm,nm
line,overlay,wt-homo-4,wt-homo-4,rmsd,ru66q04s,ru66q04s::RMSD,wt-homo-4 / RMSD,RMSD,Time (ps),10300,0.15059085,nm,nm
line,overlay,wt-homo-4,wt-homo-4,rmsd,ru66q04s,ru66q04s::RMSD,wt-homo-4 / RMSD,RMSD,Time (ps),10400,0.14590204,nm,nm
line,overlay,wt-homo-4,wt-homo-4,rmsd,ru66q04s,ru66q04s::RMSD,wt-homo-4 / RMSD,RMSD,Time (ps),10500,0.1520842,nm,nm
line,overlay,wt-homo-4,wt-homo-4,rmsd,ru66q04s,ru66q04s::RMSD,wt-homo-4 / RMSD,RMSD,Time (ps),10600,0.15485042,nm,nm
line,overlay,wt-homo-4,wt-homo-4,rmsd,ru66q04s,ru66q04s::RMSD,wt-homo-4 / RMSD,RMSD,Time (ps),10700,0.15951668,nm,nm
line,overlay,wt-homo-4,wt-homo-4,rmsd,ru66q04s,ru66q04s::RMSD,wt-homo-4 / RMSD,RMSD,Time (ps),10800,0.15545511,nm,nm
line,overlay,wt-homo-4,wt-homo-4,rmsd,ru66q04s,ru66q04s::RMSD,wt-homo-4 / RMSD,RMSD,Time (ps),10900,0.14175758,nm,nm
line,overlay,wt-homo-4,wt-homo-4,rmsd,ru66q04s,ru66q04s::RMSD,wt-homo-4 / RMSD,RMSD,Time (ps),11000,0.1492181,nm,nm
line,overlay,wt-homo-4,wt-homo-4,rmsd,ru66q04s,ru66q04s::RMSD,wt-homo-4 / RMSD,RMSD,Time (ps),11100,0.14623915,nm,nm
line,overlay,wt-homo-4,wt-homo-4,rmsd,ru66q04s,ru66q04s::RMSD,wt-homo-4 / RMSD,RMSD,Time (ps),11200,0.15227494,nm,nm
line,overlay,wt-homo-4,wt-homo-4,rmsd,ru66q04s,ru66q04s::RMSD,wt-homo-4 / RMSD,RMSD,Time (ps),11300,0.16028495,nm,nm
line,overlay,wt-homo-4,wt-homo-4,rmsd,ru66q04s,ru66q04s::RMSD,wt-homo-4 / RMSD,RMSD,Time (ps),11400,0.15966608,nm,nm
line,overlay,wt-homo-4,wt-homo-4,rmsd,ru66q04s,ru66q04s::RMSD,wt-homo-4 / RMSD,RMSD,Time (ps),11500,0.16731954,nm,nm
line,overlay,wt-homo-4,wt-homo-4,rmsd,ru66q04s,ru66q04s::RMSD,wt-homo-4 / RMSD,RMSD,Time (ps),11600,0.1613229,nm,nm
line,overlay,wt-homo-4,wt-homo-4,rmsd,ru66q04s,ru66q04s::RMSD,wt-homo-4 / RMSD,RMSD,Time (ps),11700,0.1717498,nm,nm
line,overlay,wt-homo-4,wt-homo-4,rmsd,ru66q04s,ru66q04s::RMSD,wt-homo-4 / RMSD,RMSD,Time (ps),11800,0.15443479,nm,nm
line,overlay,wt-homo-4,wt-homo-4,rmsd,ru66q04s,ru66q04s::RMSD,wt-homo-4 / RMSD,RMSD,Time (ps),11900,0.1427378,nm,nm
line,overlay,wt-homo-4,wt-homo-4,rmsd,ru66q04s,ru66q04s::RMSD,wt-homo-4 / RMSD,RMSD,Time (ps),12000,0.16494517,nm,nm
line,overlay,wt-homo-4,wt-homo-4,rmsd,ru66q04s,ru66q04s::RMSD,wt-homo-4 / RMSD,RMSD,Time (ps),12100,0.16057251,nm,nm
line,overlay,wt-homo-4,wt-homo-4,rmsd,ru66q04s,ru66q04s::RMSD,wt-homo-4 / RMSD,RMSD,Time (ps),12200,0.13340878,nm,nm
line,overlay,wt-homo-4,wt-homo-4,rmsd,ru66q04s,ru66q04s::RMSD,wt-homo-4 / RMSD,RMSD,Time (ps),12300,0.14810932,nm,nm
line,overlay,wt-homo-4,wt-homo-4,rmsd,ru66q04s,ru66q04s::RMSD,wt-homo-4 / RMSD,RMSD,Time (ps),12400,0.14307512,nm,nm
line,overlay,wt-homo-4,wt-homo-4,rmsd,ru66q04s,ru66q04s::RMSD,wt-homo-4 / RMSD,RMSD,Time (ps),12500,0.13870811,nm,nm
line,overlay,wt-homo-4,wt-homo-4,rmsd,ru66q04s,ru66q04s::RMSD,wt-homo-4 / RMSD,RMSD,Time (ps),12600,0.15034282,nm,nm
line,overlay,wt-homo-4,wt-homo-4,rmsd,ru66q04s,ru66q04s::RMSD,wt-homo-4 / RMSD,RMSD,Time (ps),12700,0.14172101,nm,nm
line,overlay,wt-homo-4,wt-homo-4,rmsd,ru66q04s,ru66q04s::RMSD,wt-homo-4 / RMSD,RMSD,Time (ps),12800,0.14471057,nm,nm
line,overlay,wt-homo-4,wt-homo-4,rmsd,ru66q04s,ru66q04s::RMSD,wt-homo-4 / RMSD,RMSD,Time (ps),12900,0.14137311,nm,nm
line,overlay,wt-homo-4,wt-homo-4,rmsd,ru66q04s,ru66q04s::RMSD,wt-homo-4 / RMSD,RMSD,Time (ps),13000,0.15128456,nm,nm
line,overlay,wt-homo-4,wt-homo-4,rmsd,ru66q04s,ru66q04s::RMSD,wt-homo-4 / RMSD,RMSD,Time (ps),13100,0.14924589,nm,nm
line,overlay,wt-homo-4,wt-homo-4,rmsd,ru66q04s,ru66q04s::RMSD,wt-homo-4 / RMSD,RMSD,Time (ps),13200,0.15731788,nm,nm
line,overlay,wt-homo-4,wt-homo-4,rmsd,ru66q04s,ru66q04s::RMSD,wt-homo-4 / RMSD,RMSD,Time (ps),13300,0.16088533,nm,nm
line,overlay,wt-homo-4,wt-homo-4,rmsd,ru66q04s,ru66q04s::RMSD,wt-homo-4 / RMSD,RMSD,Time (ps),13400,0.1462923,nm,nm
line,overlay,wt-homo-4,wt-homo-4,rmsd,ru66q04s,ru66q04s::RMSD,wt-homo-4 / RMSD,RMSD,Time (ps),13500,0.13159755,nm,nm
line,overlay,wt-homo-4,wt-homo-4,rmsd,ru66q04s,ru66q04s::RMSD,wt-homo-4 / RMSD,RMSD,Time (ps),13600,0.15071815,nm,nm
line,overlay,wt-homo-4,wt-homo-4,rmsd,ru66q04s,ru66q04s::RMSD,wt-homo-4 / RMSD,RMSD,Time (ps),13700,0.14193298,nm,nm
line,overlay,wt-homo-4,wt-homo-4,rmsd,ru66q04s,ru66q04s::RMSD,wt-homo-4 / RMSD,RMSD,Time (ps),13800,0.13145567,nm,nm
line,overlay,wt-homo-4,wt-homo-4,rmsd,ru66q04s,ru66q04s::RMSD,wt-homo-4 / RMSD,RMSD,Time (ps),13900,0.14160025,nm,nm
line,overlay,wt-homo-4,wt-homo-4,rmsd,ru66q04s,ru66q04s::RMSD,wt-homo-4 / RMSD,RMSD,Time (ps),14000,0.13908875,nm,nm
line,overlay,wt-homo-4,wt-homo-4,rmsd,ru66q04s,ru66q04s::RMSD,wt-homo-4 / RMSD,RMSD,Time (ps),14100,0.15132225,nm,nm
line,overlay,wt-homo-4,wt-homo-4,rmsd,ru66q04s,ru66q04s::RMSD,wt-homo-4 / RMSD,RMSD,Time (ps),14200,0.15341443,nm,nm
line,overlay,wt-homo-4,wt-homo-4,rmsd,ru66q04s,ru66q04s::RMSD,wt-homo-4 / RMSD,RMSD,Time (ps),14300,0.14656489,nm,nm
line,overlay,wt-homo-4,wt-homo-4,rmsd,ru66q04s,ru66q04s::RMSD,wt-homo-4 / RMSD,RMSD,Time (ps),14400,0.15206715,nm,nm
line,overlay,wt-homo-4,wt-homo-4,rmsd,ru66q04s,ru66q04s::RMSD,wt-homo-4 / RMSD,RMSD,Time (ps),14500,0.15390693,nm,nm
line,overlay,wt-homo-4,wt-homo-4,rmsd,ru66q04s,ru66q04s::RMSD,wt-homo-4 / RMSD,RMSD,Time (ps),14600,0.14808832,nm,nm
line,overlay,wt-homo-4,wt-homo-4,rmsd,ru66q04s,ru66q04s::RMSD,wt-homo-4 / RMSD,RMSD,Time (ps),14700,0.16050793,nm,nm
line,overlay,wt-homo-4,wt-homo-4,rmsd,ru66q04s,ru66q04s::RMSD,wt-homo-4 / RMSD,RMSD,Time (ps),14800,0.15617035,nm,nm
line,overlay,wt-homo-4,wt-homo-4,rmsd,ru66q04s,ru66q04s::RMSD,wt-homo-4 / RMSD,RMSD,Time (ps),14900,0.15346172,nm,nm
line,overlay,wt-homo-4,wt-homo-4,rmsd,ru66q04s,ru66q04s::RMSD,wt-homo-4 / RMSD,RMSD,Time (ps),15000,0.16605389,nm,nm
line,overlay,wt-homo-4,wt-homo-4,rmsd,ru66q04s,ru66q04s::RMSD,wt-homo-4 / RMSD,RMSD,Time (ps),15100,0.15274058,nm,nm
line,overlay,wt-homo-4,wt-homo-4,rmsd,ru66q04s,ru66q04s::RMSD,wt-homo-4 / RMSD,RMSD,Time (ps),15200,0.1723343,nm,nm
line,overlay,wt-homo-4,wt-homo-4,rmsd,ru66q04s,ru66q04s::RMSD,wt-homo-4 / RMSD,RMSD,Time (ps),15300,0.1682217,nm,nm
line,overlay,wt-homo-4,wt-homo-4,rmsd,ru66q04s,ru66q04s::RMSD,wt-homo-4 / RMSD,RMSD,Time (ps),15400,0.1666677,nm,nm
line,overlay,wt-homo-4,wt-homo-4,rmsd,ru66q04s,ru66q04s::RMSD,wt-homo-4 / RMSD,RMSD,Time (ps),15500,0.1643943,nm,nm
line,overlay,wt-homo-4,wt-homo-4,rmsd,ru66q04s,ru66q04s::RMSD,wt-homo-4 / RMSD,RMSD,Time (ps),15600,0.16117825,nm,nm
line,overlay,wt-homo-4,wt-homo-4,rmsd,ru66q04s,ru66q04s::RMSD,wt-homo-4 / RMSD,RMSD,Time (ps),15700,0.1654472,nm,nm
line,overlay,wt-homo-4,wt-homo-4,rmsd,ru66q04s,ru66q04s::RMSD,wt-homo-4 / RMSD,RMSD,Time (ps),15800,0.1718373,nm,nm
line,overlay,wt-homo-4,wt-homo-4,rmsd,ru66q04s,ru66q04s::RMSD,wt-homo-4 / RMSD,RMSD,Time (ps),15900,0.17554972,nm,nm
line,overlay,wt-homo-4,wt-homo-4,rmsd,ru66q04s,ru66q04s::RMSD,wt-homo-4 / RMSD,RMSD,Time (ps),16000,0.1724155,nm,nm
line,overlay,wt-homo-4,wt-homo-4,rmsd,ru66q04s,ru66q04s::RMSD,wt-homo-4 / RMSD,RMSD,Time (ps),16100,0.18991718,nm,nm
line,overlay,wt-homo-4,wt-homo-4,rmsd,ru66q04s,ru66q04s::RMSD,wt-homo-4 / RMSD,RMSD,Time (ps),16200,0.17290184,nm,nm
line,overlay,wt-homo-4,wt-homo-4,rmsd,ru66q04s,ru66q04s::RMSD,wt-homo-4 / RMSD,RMSD,Time (ps),16300,0.18689914,nm,nm
line,overlay,wt-homo-4,wt-homo-4,rmsd,ru66q04s,ru66q04s::RMSD,wt-homo-4 / RMSD,RMSD,Time (ps),16400,0.16196746,nm,nm
line,overlay,wt-homo-4,wt-homo-4,rmsd,ru66q04s,ru66q04s::RMSD,wt-homo-4 / RMSD,RMSD,Time (ps),16500,0.1746943,nm,nm
line,overlay,wt-homo-4,wt-homo-4,rmsd,ru66q04s,ru66q04s::RMSD,wt-homo-4 / RMSD,RMSD,Time (ps),16600,0.17500557,nm,nm
line,overlay,wt-homo-4,wt-homo-4,rmsd,ru66q04s,ru66q04s::RMSD,wt-homo-4 / RMSD,RMSD,Time (ps),16700,0.17500854,nm,nm
line,overlay,wt-homo-4,wt-homo-4,rmsd,ru66q04s,ru66q04s::RMSD,wt-homo-4 / RMSD,RMSD,Time (ps),16800,0.17725399,nm,nm
line,overlay,wt-homo-4,wt-homo-4,rmsd,ru66q04s,ru66q04s::RMSD,wt-homo-4 / RMSD,RMSD,Time (ps),16900,0.17261079,nm,nm
line,overlay,wt-homo-4,wt-homo-4,rmsd,ru66q04s,ru66q04s::RMSD,wt-homo-4 / RMSD,RMSD,Time (ps),17000,0.18795007,nm,nm
line,overlay,wt-homo-4,wt-homo-4,rmsd,ru66q04s,ru66q04s::RMSD,wt-homo-4 / RMSD,RMSD,Time (ps),17100,0.18761608,nm,nm
line,overlay,wt-homo-4,wt-homo-4,rmsd,ru66q04s,ru66q04s::RMSD,wt-homo-4 / RMSD,RMSD,Time (ps),17200,0.1845576,nm,nm
line,overlay,wt-homo-4,wt-homo-4,rmsd,ru66q04s,ru66q04s::RMSD,wt-homo-4 / RMSD,RMSD,Time (ps),17300,0.17958687,nm,nm
line,overlay,wt-homo-4,wt-homo-4,rmsd,ru66q04s,ru66q04s::RMSD,wt-homo-4 / RMSD,RMSD,Time (ps),17400,0.20411399,nm,nm
line,overlay,wt-homo-4,wt-homo-4,rmsd,ru66q04s,ru66q04s::RMSD,wt-homo-4 / RMSD,RMSD,Time (ps),17500,0.18059139,nm,nm
line,overlay,wt-homo-4,wt-homo-4,rmsd,ru66q04s,ru66q04s::RMSD,wt-homo-4 / RMSD,RMSD,Time (ps),17600,0.22351544,nm,nm
line,overlay,wt-homo-4,wt-homo-4,rmsd,ru66q04s,ru66q04s::RMSD,wt-homo-4 / RMSD,RMSD,Time (ps),17700,0.20214143,nm,nm
line,overlay,wt-homo-4,wt-homo-4,rmsd,ru66q04s,ru66q04s::RMSD,wt-homo-4 / RMSD,RMSD,Time (ps),17800,0.17798649,nm,nm
line,overlay,wt-homo-4,wt-homo-4,rmsd,ru66q04s,ru66q04s::RMSD,wt-homo-4 / RMSD,RMSD,Time (ps),17900,0.19977616,nm,nm
line,overlay,wt-homo-4,wt-homo-4,rmsd,ru66q04s,ru66q04s::RMSD,wt-homo-4 / RMSD,RMSD,Time (ps),18000,0.17645092,nm,nm
line,overlay,wt-homo-4,wt-homo-4,rmsd,ru66q04s,ru66q04s::RMSD,wt-homo-4 / RMSD,RMSD,Time (ps),18100,0.198978,nm,nm
line,overlay,wt-homo-4,wt-homo-4,rmsd,ru66q04s,ru66q04s::RMSD,wt-homo-4 / RMSD,RMSD,Time (ps),18200,0.21281667,nm,nm
line,overlay,wt-homo-4,wt-homo-4,rmsd,ru66q04s,ru66q04s::RMSD,wt-homo-4 / RMSD,RMSD,Time (ps),18300,0.20803289,nm,nm
line,overlay,wt-homo-4,wt-homo-4,rmsd,ru66q04s,ru66q04s::RMSD,wt-homo-4 / RMSD,RMSD,Time (ps),18400,0.19148554,nm,nm
line,overlay,wt-homo-4,wt-homo-4,rmsd,ru66q04s,ru66q04s::RMSD,wt-homo-4 / RMSD,RMSD,Time (ps),18500,0.19300085,nm,nm
line,overlay,wt-homo-4,wt-homo-4,rmsd,ru66q04s,ru66q04s::RMSD,wt-homo-4 / RMSD,RMSD,Time (ps),18600,0.19330141,nm,nm
line,overlay,wt-homo-4,wt-homo-4,rmsd,ru66q04s,ru66q04s::RMSD,wt-homo-4 / RMSD,RMSD,Time (ps),18700,0.19918631,nm,nm
line,overlay,wt-homo-4,wt-homo-4,rmsd,ru66q04s,ru66q04s::RMSD,wt-homo-4 / RMSD,RMSD,Time (ps),18800,0.19548526,nm,nm
line,overlay,wt-homo-4,wt-homo-4,rmsd,ru66q04s,ru66q04s::RMSD,wt-homo-4 / RMSD,RMSD,Time (ps),18900,0.19387709,nm,nm
line,overlay,wt-homo-4,wt-homo-4,rmsd,ru66q04s,ru66q04s::RMSD,wt-homo-4 / RMSD,RMSD,Time (ps),19000,0.21184263,nm,nm
line,overlay,wt-homo-4,wt-homo-4,rmsd,ru66q04s,ru66q04s::RMSD,wt-homo-4 / RMSD,RMSD,Time (ps),19100,0.2218558,nm,nm
line,overlay,wt-homo-4,wt-homo-4,rmsd,ru66q04s,ru66q04s::RMSD,wt-homo-4 / RMSD,RMSD,Time (ps),19200,0.21408673,nm,nm
line,overlay,wt-homo-4,wt-homo-4,rmsd,ru66q04s,ru66q04s::RMSD,wt-homo-4 / RMSD,RMSD,Time (ps),19300,0.20136811,nm,nm
line,overlay,wt-homo-4,wt-homo-4,rmsd,ru66q04s,ru66q04s::RMSD,wt-homo-4 / RMSD,RMSD,Time (ps),19400,0.22369163,nm,nm
line,overlay,wt-homo-4,wt-homo-4,rmsd,ru66q04s,ru66q04s::RMSD,wt-homo-4 / RMSD,RMSD,Time (ps),19500,0.21503374,nm,nm
line,overlay,wt-homo-4,wt-homo-4,rmsd,ru66q04s,ru66q04s::RMSD,wt-homo-4 / RMSD,RMSD,Time (ps),19600,0.21709451,nm,nm
line,overlay,wt-homo-4,wt-homo-4,rmsd,ru66q04s,ru66q04s::RMSD,wt-homo-4 / RMSD,RMSD,Time (ps),19700,0.22031543,nm,nm
line,overlay,wt-homo-4,wt-homo-4,rmsd,ru66q04s,ru66q04s::RMSD,wt-homo-4 / RMSD,RMSD,Time (ps),19800,0.22641402,nm,nm
line,overlay,wt-homo-4,wt-homo-4,rmsd,ru66q04s,ru66q04s::RMSD,wt-homo-4 / RMSD,RMSD,Time (ps),19900,0.22448272,nm,nm
line,overlay,wt-homo-4,wt-homo-4,rmsd,ru66q04s,ru66q04s::RMSD,wt-homo-4 / RMSD,RMSD,Time (ps),20000,0.2179809,nm,nm
line,overlay,wt-homo-4,wt-homo-4,rmsd,ru66q04s,ru66q04s::RMSD,wt-homo-4 / RMSD,RMSD,Time (ps),20100,0.225027,nm,nm
line,overlay,wt-homo-4,wt-homo-4,rmsd,ru66q04s,ru66q04s::RMSD,wt-homo-4 / RMSD,RMSD,Time (ps),20200,0.21879502,nm,nm
line,overlay,wt-homo-4,wt-homo-4,rmsd,ru66q04s,ru66q04s::RMSD,wt-homo-4 / RMSD,RMSD,Time (ps),20300,0.20688356,nm,nm
line,overlay,wt-homo-4,wt-homo-4,rmsd,ru66q04s,ru66q04s::RMSD,wt-homo-4 / RMSD,RMSD,Time (ps),20400,0.22829494,nm,nm
line,overlay,wt-homo-4,wt-homo-4,rmsd,ru66q04s,ru66q04s::RMSD,wt-homo-4 / RMSD,RMSD,Time (ps),20500,0.22751711,nm,nm
line,overlay,wt-homo-4,wt-homo-4,rmsd,ru66q04s,ru66q04s::RMSD,wt-homo-4 / RMSD,RMSD,Time (ps),20600,0.21873105,nm,nm
line,overlay,wt-homo-4,wt-homo-4,rmsd,ru66q04s,ru66q04s::RMSD,wt-homo-4 / RMSD,RMSD,Time (ps),20700,0.20188227,nm,nm
line,overlay,wt-homo-4,wt-homo-4,rmsd,ru66q04s,ru66q04s::RMSD,wt-homo-4 / RMSD,RMSD,Time (ps),20800,0.19544284,nm,nm
line,overlay,wt-homo-4,wt-homo-4,rmsd,ru66q04s,ru66q04s::RMSD,wt-homo-4 / RMSD,RMSD,Time (ps),20900,0.1895675,nm,nm
line,overlay,wt-homo-4,wt-homo-4,rmsd,ru66q04s,ru66q04s::RMSD,wt-homo-4 / RMSD,RMSD,Time (ps),21000,0.20285049,nm,nm
line,overlay,wt-homo-4,wt-homo-4,rmsd,ru66q04s,ru66q04s::RMSD,wt-homo-4 / RMSD,RMSD,Time (ps),21100,0.2052763,nm,nm
line,overlay,wt-homo-4,wt-homo-4,rmsd,ru66q04s,ru66q04s::RMSD,wt-homo-4 / RMSD,RMSD,Time (ps),21200,0.20932949,nm,nm
line,overlay,wt-homo-4,wt-homo-4,rmsd,ru66q04s,ru66q04s::RMSD,wt-homo-4 / RMSD,RMSD,Time (ps),21300,0.2115733,nm,nm
line,overlay,wt-homo-4,wt-homo-4,rmsd,ru66q04s,ru66q04s::RMSD,wt-homo-4 / RMSD,RMSD,Time (ps),21400,0.20048065,nm,nm
line,overlay,wt-homo-4,wt-homo-4,rmsd,ru66q04s,ru66q04s::RMSD,wt-homo-4 / RMSD,RMSD,Time (ps),21500,0.21300657,nm,nm
line,overlay,wt-homo-4,wt-homo-4,rmsd,ru66q04s,ru66q04s::RMSD,wt-homo-4 / RMSD,RMSD,Time (ps),21600,0.19593021,nm,nm
line,overlay,wt-homo-4,wt-homo-4,rmsd,ru66q04s,ru66q04s::RMSD,wt-homo-4 / RMSD,RMSD,Time (ps),21700,0.18023224,nm,nm
line,overlay,wt-homo-4,wt-homo-4,rmsd,ru66q04s,ru66q04s::RMSD,wt-homo-4 / RMSD,RMSD,Time (ps),21800,0.19355331,nm,nm
line,overlay,wt-homo-4,wt-homo-4,rmsd,ru66q04s,ru66q04s::RMSD,wt-homo-4 / RMSD,RMSD,Time (ps),21900,0.19278856,nm,nm
line,overlay,wt-homo-4,wt-homo-4,rmsd,ru66q04s,ru66q04s::RMSD,wt-homo-4 / RMSD,RMSD,Time (ps),22000,0.19050036,nm,nm
line,overlay,wt-homo-4,wt-homo-4,rmsd,ru66q04s,ru66q04s::RMSD,wt-homo-4 / RMSD,RMSD,Time (ps),22100,0.19652458,nm,nm
line,overlay,wt-homo-4,wt-homo-4,rmsd,ru66q04s,ru66q04s::RMSD,wt-homo-4 / RMSD,RMSD,Time (ps),22200,0.20284027,nm,nm
line,overlay,wt-homo-4,wt-homo-4,rmsd,ru66q04s,ru66q04s::RMSD,wt-homo-4 / RMSD,RMSD,Time (ps),22300,0.18544857,nm,nm
line,overlay,wt-homo-4,wt-homo-4,rmsd,ru66q04s,ru66q04s::RMSD,wt-homo-4 / RMSD,RMSD,Time (ps),22400,0.20584367,nm,nm
line,overlay,wt-homo-4,wt-homo-4,rmsd,ru66q04s,ru66q04s::RMSD,wt-homo-4 / RMSD,RMSD,Time (ps),22500,0.20150706,nm,nm
line,overlay,wt-homo-4,wt-homo-4,rmsd,ru66q04s,ru66q04s::RMSD,wt-homo-4 / RMSD,RMSD,Time (ps),22600,0.23253323,nm,nm
line,overlay,wt-homo-4,wt-homo-4,rmsd,ru66q04s,ru66q04s::RMSD,wt-homo-4 / RMSD,RMSD,Time (ps),22700,0.24658251,nm,nm
line,overlay,wt-homo-4,wt-homo-4,rmsd,ru66q04s,ru66q04s::RMSD,wt-homo-4 / RMSD,RMSD,Time (ps),22800,0.2314675,nm,nm
line,overlay,wt-homo-4,wt-homo-4,rmsd,ru66q04s,ru66q04s::RMSD,wt-homo-4 / RMSD,RMSD,Time (ps),22900,0.2127314,nm,nm
line,overlay,wt-homo-4,wt-homo-4,rmsd,ru66q04s,ru66q04s::RMSD,wt-homo-4 / RMSD,RMSD,Time (ps),23000,0.22468121,nm,nm
line,overlay,wt-homo-4,wt-homo-4,rmsd,ru66q04s,ru66q04s::RMSD,wt-homo-4 / RMSD,RMSD,Time (ps),23100,0.22190486,nm,nm
line,overlay,wt-homo-4,wt-homo-4,rmsd,ru66q04s,ru66q04s::RMSD,wt-homo-4 / RMSD,RMSD,Time (ps),23200,0.21730214,nm,nm
line,overlay,wt-homo-4,wt-homo-4,rmsd,ru66q04s,ru66q04s::RMSD,wt-homo-4 / RMSD,RMSD,Time (ps),23300,0.20758392,nm,nm
line,overlay,wt-homo-4,wt-homo-4,rmsd,ru66q04s,ru66q04s::RMSD,wt-homo-4 / RMSD,RMSD,Time (ps),23400,0.2136626,nm,nm
line,overlay,wt-homo-4,wt-homo-4,rmsd,ru66q04s,ru66q04s::RMSD,wt-homo-4 / RMSD,RMSD,Time (ps),23500,0.20284027,nm,nm
line,overlay,wt-homo-4,wt-homo-4,rmsd,ru66q04s,ru66q04s::RMSD,wt-homo-4 / RMSD,RMSD,Time (ps),23600,0.208262,nm,nm
line,overlay,wt-homo-4,wt-homo-4,rmsd,ru66q04s,ru66q04s::RMSD,wt-homo-4 / RMSD,RMSD,Time (ps),23700,0.21543111,nm,nm
line,overlay,wt-homo-4,wt-homo-4,rmsd,ru66q04s,ru66q04s::RMSD,wt-homo-4 / RMSD,RMSD,Time (ps),23800,0.22207297,nm,nm
line,overlay,wt-homo-4,wt-homo-4,rmsd,ru66q04s,ru66q04s::RMSD,wt-homo-4 / RMSD,RMSD,Time (ps),23900,0.23372722,nm,nm
line,overlay,wt-homo-4,wt-homo-4,rmsd,ru66q04s,ru66q04s::RMSD,wt-homo-4 / RMSD,RMSD,Time (ps),24000,0.23996237,nm,nm
line,overlay,wt-homo-4,wt-homo-4,rmsd,ru66q04s,ru66q04s::RMSD,wt-homo-4 / RMSD,RMSD,Time (ps),24100,0.22604056,nm,nm
line,overlay,wt-homo-4,wt-homo-4,rmsd,ru66q04s,ru66q04s::RMSD,wt-homo-4 / RMSD,RMSD,Time (ps),24200,0.2159406,nm,nm
line,overlay,wt-homo-4,wt-homo-4,rmsd,ru66q04s,ru66q04s::RMSD,wt-homo-4 / RMSD,RMSD,Time (ps),24300,0.2210553,nm,nm
line,overlay,wt-homo-4,wt-homo-4,rmsd,ru66q04s,ru66q04s::RMSD,wt-homo-4 / RMSD,RMSD,Time (ps),24400,0.2251076,nm,nm
line,overlay,wt-homo-4,wt-homo-4,rmsd,ru66q04s,ru66q04s::RMSD,wt-homo-4 / RMSD,RMSD,Time (ps),24500,0.19846416,nm,nm
line,overlay,wt-homo-4,wt-homo-4,rmsd,ru66q04s,ru66q04s::RMSD,wt-homo-4 / RMSD,RMSD,Time (ps),24600,0.22237153,nm,nm
line,overlay,wt-homo-4,wt-homo-4,rmsd,ru66q04s,ru66q04s::RMSD,wt-homo-4 / RMSD,RMSD,Time (ps),24700,0.2243349,nm,nm
line,overlay,wt-homo-4,wt-homo-4,rmsd,ru66q04s,ru66q04s::RMSD,wt-homo-4 / RMSD,RMSD,Time (ps),24800,0.20793071,nm,nm
line,overlay,wt-homo-4,wt-homo-4,rmsd,ru66q04s,ru66q04s::RMSD,wt-homo-4 / RMSD,RMSD,Time (ps),24900,0.18994175,nm,nm
line,overlay,wt-homo-4,wt-homo-4,rmsd,ru66q04s,ru66q04s::RMSD,wt-homo-4 / RMSD,RMSD,Time (ps),25000,0.21521445,nm,nm
line,overlay,wt-homo-4,wt-homo-4,rmsd,ru66q04s,ru66q04s::RMSD,wt-homo-4 / RMSD,RMSD,Time (ps),25100,0.22408289,nm,nm
line,overlay,wt-homo-4,wt-homo-4,rmsd,ru66q04s,ru66q04s::RMSD,wt-homo-4 / RMSD,RMSD,Time (ps),25200,0.2128946,nm,nm
line,overlay,wt-homo-4,wt-homo-4,rmsd,ru66q04s,ru66q04s::RMSD,wt-homo-4 / RMSD,RMSD,Time (ps),25300,0.21159534,nm,nm
line,overlay,wt-homo-4,wt-homo-4,rmsd,ru66q04s,ru66q04s::RMSD,wt-homo-4 / RMSD,RMSD,Time (ps),25400,0.20978463,nm,nm
line,overlay,wt-homo-4,wt-homo-4,rmsd,ru66q04s,ru66q04s::RMSD,wt-homo-4 / RMSD,RMSD,Time (ps),25500,0.21571004,nm,nm
line,overlay,wt-homo-4,wt-homo-4,rmsd,ru66q04s,ru66q04s::RMSD,wt-homo-4 / RMSD,RMSD,Time (ps),25600,0.21988916,nm,nm
line,overlay,wt-homo-4,wt-homo-4,rmsd,ru66q04s,ru66q04s::RMSD,wt-homo-4 / RMSD,RMSD,Time (ps),25700,0.22624685,nm,nm
line,overlay,wt-homo-4,wt-homo-4,rmsd,ru66q04s,ru66q04s::RMSD,wt-homo-4 / RMSD,RMSD,Time (ps),25800,0.2286942,nm,nm
line,overlay,wt-homo-4,wt-homo-4,rmsd,ru66q04s,ru66q04s::RMSD,wt-homo-4 / RMSD,RMSD,Time (ps),25900,0.22751711,nm,nm
line,overlay,wt-homo-4,wt-homo-4,rmsd,ru66q04s,ru66q04s::RMSD,wt-homo-4 / RMSD,RMSD,Time (ps),26000,0.22762871,nm,nm
line,overlay,wt-homo-4,wt-homo-4,rmsd,ru66q04s,ru66q04s::RMSD,wt-homo-4 / RMSD,RMSD,Time (ps),26100,0.2270473,nm,nm
line,overlay,wt-homo-4,wt-homo-4,rmsd,ru66q04s,ru66q04s::RMSD,wt-homo-4 / RMSD,RMSD,Time (ps),26200,0.2129798,nm,nm
line,overlay,wt-homo-4,wt-homo-4,rmsd,ru66q04s,ru66q04s::RMSD,wt-homo-4 / RMSD,RMSD,Time (ps),26300,0.20337111,nm,nm
line,overlay,wt-homo-4,wt-homo-4,rmsd,ru66q04s,ru66q04s::RMSD,wt-homo-4 / RMSD,RMSD,Time (ps),26400,0.215472,nm,nm
line,overlay,wt-homo-4,wt-homo-4,rmsd,ru66q04s,ru66q04s::RMSD,wt-homo-4 / RMSD,RMSD,Time (ps),26500,0.21451968,nm,nm
line,overlay,wt-homo-4,wt-homo-4,rmsd,ru66q04s,ru66q04s::RMSD,wt-homo-4 / RMSD,RMSD,Time (ps),26600,0.20822963,nm,nm
line,overlay,wt-homo-4,wt-homo-4,rmsd,ru66q04s,ru66q04s::RMSD,wt-homo-4 / RMSD,RMSD,Time (ps),26700,0.20793569,nm,nm
line,overlay,wt-homo-4,wt-homo-4,rmsd,ru66q04s,ru66q04s::RMSD,wt-homo-4 / RMSD,RMSD,Time (ps),26800,0.2284992,nm,nm
line,overlay,wt-homo-4,wt-homo-4,rmsd,ru66q04s,ru66q04s::RMSD,wt-homo-4 / RMSD,RMSD,Time (ps),26900,0.24101205,nm,nm
line,overlay,wt-homo-4,wt-homo-4,rmsd,ru66q04s,ru66q04s::RMSD,wt-homo-4 / RMSD,RMSD,Time (ps),27000,0.2360158,nm,nm
line,overlay,wt-homo-4,wt-homo-4,rmsd,ru66q04s,ru66q04s::RMSD,wt-homo-4 / RMSD,RMSD,Time (ps),27100,0.22782446,nm,nm
line,overlay,wt-homo-4,wt-homo-4,rmsd,ru66q04s,ru66q04s::RMSD,wt-homo-4 / RMSD,RMSD,Time (ps),27200,0.2267023,nm,nm
line,overlay,wt-homo-4,wt-homo-4,rmsd,ru66q04s,ru66q04s::RMSD,wt-homo-4 / RMSD,RMSD,Time (ps),27300,0.23393336,nm,nm
line,overlay,wt-homo-4,wt-homo-4,rmsd,ru66q04s,ru66q04s::RMSD,wt-homo-4 / RMSD,RMSD,Time (ps),27400,0.2239186,nm,nm
line,overlay,wt-homo-4,wt-homo-4,rmsd,ru66q04s,ru66q04s::RMSD,wt-homo-4 / RMSD,RMSD,Time (ps),27500,0.22974798,nm,nm
line,overlay,wt-homo-4,wt-homo-4,rmsd,ru66q04s,ru66q04s::RMSD,wt-homo-4 / RMSD,RMSD,Time (ps),27600,0.23016499,nm,nm
line,overlay,wt-homo-4,wt-homo-4,rmsd,ru66q04s,ru66q04s::RMSD,wt-homo-4 / RMSD,RMSD,Time (ps),27700,0.2471746,nm,nm
line,overlay,wt-homo-4,wt-homo-4,rmsd,ru66q04s,ru66q04s::RMSD,wt-homo-4 / RMSD,RMSD,Time (ps),27800,0.2631754,nm,nm
line,overlay,wt-homo-4,wt-homo-4,rmsd,ru66q04s,ru66q04s::RMSD,wt-homo-4 / RMSD,RMSD,Time (ps),27900,0.26149988,nm,nm
line,overlay,wt-homo-4,wt-homo-4,rmsd,ru66q04s,ru66q04s::RMSD,wt-homo-4 / RMSD,RMSD,Time (ps),28000,0.23302536,nm,nm
line,overlay,wt-homo-4,wt-homo-4,rmsd,ru66q04s,ru66q04s::RMSD,wt-homo-4 / RMSD,RMSD,Time (ps),28100,0.2491131,nm,nm
line,overlay,wt-homo-4,wt-homo-4,rmsd,ru66q04s,ru66q04s::RMSD,wt-homo-4 / RMSD,RMSD,Time (ps),28200,0.25705165,nm,nm
line,overlay,wt-homo-4,wt-homo-4,rmsd,ru66q04s,ru66q04s::RMSD,wt-homo-4 / RMSD,RMSD,Time (ps),28300,0.21991509,nm,nm
line,overlay,wt-homo-4,wt-homo-4,rmsd,ru66q04s,ru66q04s::RMSD,wt-homo-4 / RMSD,RMSD,Time (ps),28400,0.24280979,nm,nm
line,overlay,wt-homo-4,wt-homo-4,rmsd,ru66q04s,ru66q04s::RMSD,wt-homo-4 / RMSD,RMSD,Time (ps),28500,0.2430381,nm,nm
line,overlay,wt-homo-4,wt-homo-4,rmsd,ru66q04s,ru66q04s::RMSD,wt-homo-4 / RMSD,RMSD,Time (ps),28600,0.2522663,nm,nm
line,overlay,wt-homo-4,wt-homo-4,rmsd,ru66q04s,ru66q04s::RMSD,wt-homo-4 / RMSD,RMSD,Time (ps),28700,0.24634066,nm,nm
line,overlay,wt-homo-4,wt-homo-4,rmsd,ru66q04s,ru66q04s::RMSD,wt-homo-4 / RMSD,RMSD,Time (ps),28800,0.2509375,nm,nm
line,overlay,wt-homo-4,wt-homo-4,rmsd,ru66q04s,ru66q04s::RMSD,wt-homo-4 / RMSD,RMSD,Time (ps),28900,0.2514245,nm,nm
line,overlay,wt-homo-4,wt-homo-4,rmsd,ru66q04s,ru66q04s::RMSD,wt-homo-4 / RMSD,RMSD,Time (ps),29000,0.24598058,nm,nm
line,overlay,wt-homo-4,wt-homo-4,rmsd,ru66q04s,ru66q04s::RMSD,wt-homo-4 / RMSD,RMSD,Time (ps),29100,0.25763175,nm,nm
line,overlay,wt-homo-4,wt-homo-4,rmsd,ru66q04s,ru66q04s::RMSD,wt-homo-4 / RMSD,RMSD,Time (ps),29200,0.23398654,nm,nm
line,overlay,wt-homo-4,wt-homo-4,rmsd,ru66q04s,ru66q04s::RMSD,wt-homo-4 / RMSD,RMSD,Time (ps),29300,0.24586464,nm,nm
line,overlay,wt-homo-4,wt-homo-4,rmsd,ru66q04s,ru66q04s::RMSD,wt-homo-4 / RMSD,RMSD,Time (ps),29400,0.2341327,nm,nm
line,overlay,wt-homo-4,wt-homo-4,rmsd,ru66q04s,ru66q04s::RMSD,wt-homo-4 / RMSD,RMSD,Time (ps),29500,0.23611021,nm,nm
line,overlay,wt-homo-4,wt-homo-4,rmsd,ru66q04s,ru66q04s::RMSD,wt-homo-4 / RMSD,RMSD,Time (ps),29600,0.25122443,nm,nm
line,overlay,wt-homo-4,wt-homo-4,rmsd,ru66q04s,ru66q04s::RMSD,wt-homo-4 / RMSD,RMSD,Time (ps),29700,0.23892544,nm,nm
line,overlay,wt-homo-4,wt-homo-4,rmsd,ru66q04s,ru66q04s::RMSD,wt-homo-4 / RMSD,RMSD,Time (ps),29800,0.21943846,nm,nm
line,overlay,wt-homo-4,wt-homo-4,rmsd,ru66q04s,ru66q04s::RMSD,wt-homo-4 / RMSD,RMSD,Time (ps),29900,0.23096758,nm,nm
line,overlay,wt-homo-4,wt-homo-4,rmsd,ru66q04s,ru66q04s::RMSD,wt-homo-4 / RMSD,RMSD,Time (ps),30000,0.23410171,nm,nm
line,overlay,wt-homo-4,wt-homo-4,rmsd,ru66q04s,ru66q04s::RMSD,wt-homo-4 / RMSD,RMSD,Time (ps),30100,0.2555936,nm,nm
line,overlay,wt-homo-4,wt-homo-4,rmsd,ru66q04s,ru66q04s::RMSD,wt-homo-4 / RMSD,RMSD,Time (ps),30200,0.23573671,nm,nm
line,overlay,wt-homo-4,wt-homo-4,rmsd,ru66q04s,ru66q04s::RMSD,wt-homo-4 / RMSD,RMSD,Time (ps),30300,0.22302791,nm,nm
line,overlay,wt-homo-4,wt-homo-4,rmsd,ru66q04s,ru66q04s::RMSD,wt-homo-4 / RMSD,RMSD,Time (ps),30400,0.248486,nm,nm
line,overlay,wt-homo-4,wt-homo-4,rmsd,ru66q04s,ru66q04s::RMSD,wt-homo-4 / RMSD,RMSD,Time (ps),30500,0.22777441,nm,nm
line,overlay,wt-homo-4,wt-homo-4,rmsd,ru66q04s,ru66q04s::RMSD,wt-homo-4 / RMSD,RMSD,Time (ps),30600,0.23310097,nm,nm
line,overlay,wt-homo-4,wt-homo-4,rmsd,ru66q04s,ru66q04s::RMSD,wt-homo-4 / RMSD,RMSD,Time (ps),30700,0.23946719,nm,nm
line,overlay,wt-homo-4,wt-homo-4,rmsd,ru66q04s,ru66q04s::RMSD,wt-homo-4 / RMSD,RMSD,Time (ps),30800,0.23854113,nm,nm
line,overlay,wt-homo-4,wt-homo-4,rmsd,ru66q04s,ru66q04s::RMSD,wt-homo-4 / RMSD,RMSD,Time (ps),30900,0.23618264,nm,nm
line,overlay,wt-homo-4,wt-homo-4,rmsd,ru66q04s,ru66q04s::RMSD,wt-homo-4 / RMSD,RMSD,Time (ps),31000,0.23893411,nm,nm
line,overlay,wt-homo-4,wt-homo-4,rmsd,ru66q04s,ru66q04s::RMSD,wt-homo-4 / RMSD,RMSD,Time (ps),31100,0.23951913,nm,nm
line,overlay,wt-homo-4,wt-homo-4,rmsd,ru66q04s,ru66q04s::RMSD,wt-homo-4 / RMSD,RMSD,Time (ps),31200,0.25988135,nm,nm
line,overlay,wt-homo-4,wt-homo-4,rmsd,ru66q04s,ru66q04s::RMSD,wt-homo-4 / RMSD,RMSD,Time (ps),31300,0.22359428,nm,nm
line,overlay,wt-homo-4,wt-homo-4,rmsd,ru66q04s,ru66q04s::RMSD,wt-homo-4 / RMSD,RMSD,Time (ps),31400,0.23232807,nm,nm
line,overlay,wt-homo-4,wt-homo-4,rmsd,ru66q04s,ru66q04s::RMSD,wt-homo-4 / RMSD,RMSD,Time (ps),31500,0.22489336,nm,nm
line,overlay,wt-homo-4,wt-homo-4,rmsd,ru66q04s,ru66q04s::RMSD,wt-homo-4 / RMSD,RMSD,Time (ps),31600,0.22314641,nm,nm
line,overlay,wt-homo-4,wt-homo-4,rmsd,ru66q04s,ru66q04s::RMSD,wt-homo-4 / RMSD,RMSD,Time (ps),31700,0.21843699,nm,nm
line,overlay,wt-homo-4,wt-homo-4,rmsd,ru66q04s,ru66q04s::RMSD,wt-homo-4 / RMSD,RMSD,Time (ps),31800,0.2386085,nm,nm
line,overlay,wt-homo-4,wt-homo-4,rmsd,ru66q04s,ru66q04s::RMSD,wt-homo-4 / RMSD,RMSD,Time (ps),31900,0.23227674,nm,nm
line,overlay,wt-homo-4,wt-homo-4,rmsd,ru66q04s,ru66q04s::RMSD,wt-homo-4 / RMSD,RMSD,Time (ps),32000,0.23077,nm,nm
line,overlay,wt-homo-4,wt-homo-4,rmsd,ru66q04s,ru66q04s::RMSD,wt-homo-4 / RMSD,RMSD,Time (ps),32100,0.2402236,nm,nm
line,overlay,wt-homo-4,wt-homo-4,rmsd,ru66q04s,ru66q04s::RMSD,wt-homo-4 / RMSD,RMSD,Time (ps),32200,0.22312085,nm,nm
line,overlay,wt-homo-4,wt-homo-4,rmsd,ru66q04s,ru66q04s::RMSD,wt-homo-4 / RMSD,RMSD,Time (ps),32300,0.23520839,nm,nm
line,overlay,wt-homo-4,wt-homo-4,rmsd,ru66q04s,ru66q04s::RMSD,wt-homo-4 / RMSD,RMSD,Time (ps),32400,0.2135,nm,nm
line,overlay,wt-homo-4,wt-homo-4,rmsd,ru66q04s,ru66q04s::RMSD,wt-homo-4 / RMSD,RMSD,Time (ps),32500,0.22698337,nm,nm
line,overlay,wt-homo-4,wt-homo-4,rmsd,ru66q04s,ru66q04s::RMSD,wt-homo-4 / RMSD,RMSD,Time (ps),32600,0.22969835,nm,nm
line,overlay,wt-homo-4,wt-homo-4,rmsd,ru66q04s,ru66q04s::RMSD,wt-homo-4 / RMSD,RMSD,Time (ps),32700,0.23350976,nm,nm
line,overlay,wt-homo-4,wt-homo-4,rmsd,ru66q04s,ru66q04s::RMSD,wt-homo-4 / RMSD,RMSD,Time (ps),32800,0.2294093,nm,nm
line,overlay,wt-homo-4,wt-homo-4,rmsd,ru66q04s,ru66q04s::RMSD,wt-homo-4 / RMSD,RMSD,Time (ps),32900,0.22330199,nm,nm
line,overlay,wt-homo-4,wt-homo-4,rmsd,ru66q04s,ru66q04s::RMSD,wt-homo-4 / RMSD,RMSD,Time (ps),33000,0.20390818,nm,nm
line,overlay,wt-homo-4,wt-homo-4,rmsd,ru66q04s,ru66q04s::RMSD,wt-homo-4 / RMSD,RMSD,Time (ps),33100,0.20907182,nm,nm
line,overlay,wt-homo-4,wt-homo-4,rmsd,ru66q04s,ru66q04s::RMSD,wt-homo-4 / RMSD,RMSD,Time (ps),33200,0.2120505,nm,nm
line,overlay,wt-homo-4,wt-homo-4,rmsd,ru66q04s,ru66q04s::RMSD,wt-homo-4 / RMSD,RMSD,Time (ps),33300,0.23272486,nm,nm
line,overlay,wt-homo-4,wt-homo-4,rmsd,ru66q04s,ru66q04s::RMSD,wt-homo-4 / RMSD,RMSD,Time (ps),33400,0.2196179,nm,nm
line,overlay,wt-homo-4,wt-homo-4,rmsd,ru66q04s,ru66q04s::RMSD,wt-homo-4 / RMSD,RMSD,Time (ps),33500,0.21611576,nm,nm
line,overlay,wt-homo-4,wt-homo-4,rmsd,ru66q04s,ru66q04s::RMSD,wt-homo-4 / RMSD,RMSD,Time (ps),33600,0.24133015,nm,nm
line,overlay,wt-homo-4,wt-homo-4,rmsd,ru66q04s,ru66q04s::RMSD,wt-homo-4 / RMSD,RMSD,Time (ps),33700,0.23596089,nm,nm
line,overlay,wt-homo-4,wt-homo-4,rmsd,ru66q04s,ru66q04s::RMSD,wt-homo-4 / RMSD,RMSD,Time (ps),33800,0.2324775,nm,nm
line,overlay,wt-homo-4,wt-homo-4,rmsd,ru66q04s,ru66q04s::RMSD,wt-homo-4 / RMSD,RMSD,Time (ps),33900,0.24033578,nm,nm
line,overlay,wt-homo-4,wt-homo-4,rmsd,ru66q04s,ru66q04s::RMSD,wt-homo-4 / RMSD,RMSD,Time (ps),34000,0.23751982,nm,nm
line,overlay,wt-homo-4,wt-homo-4,rmsd,ru66q04s,ru66q04s::RMSD,wt-homo-4 / RMSD,RMSD,Time (ps),34100,0.24427834,nm,nm
line,overlay,wt-homo-4,wt-homo-4,rmsd,ru66q04s,ru66q04s::RMSD,wt-homo-4 / RMSD,RMSD,Time (ps),34200,0.24706343,nm,nm
line,overlay,wt-homo-4,wt-homo-4,rmsd,ru66q04s,ru66q04s::RMSD,wt-homo-4 / RMSD,RMSD,Time (ps),34300,0.25327113,nm,nm
line,overlay,wt-homo-4,wt-homo-4,rmsd,ru66q04s,ru66q04s::RMSD,wt-homo-4 / RMSD,RMSD,Time (ps),34400,0.23992997,nm,nm
line,overlay,wt-homo-4,wt-homo-4,rmsd,ru66q04s,ru66q04s::RMSD,wt-homo-4 / RMSD,RMSD,Time (ps),34500,0.2345861,nm,nm
line,overlay,wt-homo-4,wt-homo-4,rmsd,ru66q04s,ru66q04s::RMSD,wt-homo-4 / RMSD,RMSD,Time (ps),34600,0.22018127,nm,nm
line,overlay,wt-homo-4,wt-homo-4,rmsd,ru66q04s,ru66q04s::RMSD,wt-homo-4 / RMSD,RMSD,Time (ps),34700,0.23193058,nm,nm
line,overlay,wt-homo-4,wt-homo-4,rmsd,ru66q04s,ru66q04s::RMSD,wt-homo-4 / RMSD,RMSD,Time (ps),34800,0.2342655,nm,nm
line,overlay,wt-homo-4,wt-homo-4,rmsd,ru66q04s,ru66q04s::RMSD,wt-homo-4 / RMSD,RMSD,Time (ps),34900,0.22392555,nm,nm
line,overlay,wt-homo-4,wt-homo-4,rmsd,ru66q04s,ru66q04s::RMSD,wt-homo-4 / RMSD,RMSD,Time (ps),35000,0.25438204,nm,nm
line,overlay,wt-homo-4,wt-homo-4,rmsd,ru66q04s,ru66q04s::RMSD,wt-homo-4 / RMSD,RMSD,Time (ps),35100,0.23863456,nm,nm
line,overlay,wt-homo-4,wt-homo-4,rmsd,ru66q04s,ru66q04s::RMSD,wt-homo-4 / RMSD,RMSD,Time (ps),35200,0.22246942,nm,nm
line,overlay,wt-homo-4,wt-homo-4,rmsd,ru66q04s,ru66q04s::RMSD,wt-homo-4 / RMSD,RMSD,Time (ps),35300,0.2420529,nm,nm
line,overlay,wt-homo-4,wt-homo-4,rmsd,ru66q04s,ru66q04s::RMSD,wt-homo-4 / RMSD,RMSD,Time (ps),35400,0.2704279,nm,nm
line,overlay,wt-homo-4,wt-homo-4,rmsd,ru66q04s,ru66q04s::RMSD,wt-homo-4 / RMSD,RMSD,Time (ps),35500,0.25102216,nm,nm
line,overlay,wt-homo-4,wt-homo-4,rmsd,ru66q04s,ru66q04s::RMSD,wt-homo-4 / RMSD,RMSD,Time (ps),35600,0.23713104,nm,nm
line,overlay,wt-homo-4,wt-homo-4,rmsd,ru66q04s,ru66q04s::RMSD,wt-homo-4 / RMSD,RMSD,Time (ps),35700,0.23582464,nm,nm
line,overlay,wt-homo-4,wt-homo-4,rmsd,ru66q04s,ru66q04s::RMSD,wt-homo-4 / RMSD,RMSD,Time (ps),35800,0.23979166,nm,nm
line,overlay,wt-homo-4,wt-homo-4,rmsd,ru66q04s,ru66q04s::RMSD,wt-homo-4 / RMSD,RMSD,Time (ps),35900,0.24276495,nm,nm
line,overlay,wt-homo-4,wt-homo-4,rmsd,ru66q04s,ru66q04s::RMSD,wt-homo-4 / RMSD,RMSD,Time (ps),36000,0.24376641,nm,nm
line,overlay,wt-homo-4,wt-homo-4,rmsd,ru66q04s,ru66q04s::RMSD,wt-homo-4 / RMSD,RMSD,Time (ps),36100,0.2222946,nm,nm
line,overlay,wt-homo-4,wt-homo-4,rmsd,ru66q04s,ru66q04s::RMSD,wt-homo-4 / RMSD,RMSD,Time (ps),36200,0.2398068,nm,nm
line,overlay,wt-homo-4,wt-homo-4,rmsd,ru66q04s,ru66q04s::RMSD,wt-homo-4 / RMSD,RMSD,Time (ps),36300,0.22722529,nm,nm
line,overlay,wt-homo-4,wt-homo-4,rmsd,ru66q04s,ru66q04s::RMSD,wt-homo-4 / RMSD,RMSD,Time (ps),36400,0.22530554,nm,nm
line,overlay,wt-homo-4,wt-homo-4,rmsd,ru66q04s,ru66q04s::RMSD,wt-homo-4 / RMSD,RMSD,Time (ps),36500,0.21406251,nm,nm
line,overlay,wt-homo-4,wt-homo-4,rmsd,ru66q04s,ru66q04s::RMSD,wt-homo-4 / RMSD,RMSD,Time (ps),36600,0.24014807,nm,nm
line,overlay,wt-homo-4,wt-homo-4,rmsd,ru66q04s,ru66q04s::RMSD,wt-homo-4 / RMSD,RMSD,Time (ps),36700,0.22753076,nm,nm
line,overlay,wt-homo-4,wt-homo-4,rmsd,ru66q04s,ru66q04s::RMSD,wt-homo-4 / RMSD,RMSD,Time (ps),36800,0.23450877,nm,nm
line,overlay,wt-homo-4,wt-homo-4,rmsd,ru66q04s,ru66q04s::RMSD,wt-homo-4 / RMSD,RMSD,Time (ps),36900,0.24213426,nm,nm
line,overlay,wt-homo-4,wt-homo-4,rmsd,ru66q04s,ru66q04s::RMSD,wt-homo-4 / RMSD,RMSD,Time (ps),37000,0.24247652,nm,nm
line,overlay,wt-homo-4,wt-homo-4,rmsd,ru66q04s,ru66q04s::RMSD,wt-homo-4 / RMSD,RMSD,Time (ps),37100,0.24313192,nm,nm
line,overlay,wt-homo-4,wt-homo-4,rmsd,ru66q04s,ru66q04s::RMSD,wt-homo-4 / RMSD,RMSD,Time (ps),37200,0.23426329,nm,nm
line,overlay,wt-homo-4,wt-homo-4,rmsd,ru66q04s,ru66q04s::RMSD,wt-homo-4 / RMSD,RMSD,Time (ps),37300,0.24197151,nm,nm
line,overlay,wt-homo-4,wt-homo-4,rmsd,ru66q04s,ru66q04s::RMSD,wt-homo-4 / RMSD,RMSD,Time (ps),37400,0.24243163,nm,nm
line,overlay,wt-homo-4,wt-homo-4,rmsd,ru66q04s,ru66q04s::RMSD,wt-homo-4 / RMSD,RMSD,Time (ps),37500,0.23119414,nm,nm
line,overlay,wt-homo-4,wt-homo-4,rmsd,ru66q04s,ru66q04s::RMSD,wt-homo-4 / RMSD,RMSD,Time (ps),37600,0.23406406,nm,nm
line,overlay,wt-homo-4,wt-homo-4,rmsd,ru66q04s,ru66q04s::RMSD,wt-homo-4 / RMSD,RMSD,Time (ps),37700,0.2471725,nm,nm
line,overlay,wt-homo-4,wt-homo-4,rmsd,ru66q04s,ru66q04s::RMSD,wt-homo-4 / RMSD,RMSD,Time (ps),37800,0.23722284,nm,nm
line,overlay,wt-homo-4,wt-homo-4,rmsd,ru66q04s,ru66q04s::RMSD,wt-homo-4 / RMSD,RMSD,Time (ps),37900,0.26221052,nm,nm
line,overlay,wt-homo-4,wt-homo-4,rmsd,ru66q04s,ru66q04s::RMSD,wt-homo-4 / RMSD,RMSD,Time (ps),38000,0.22484034,nm,nm
line,overlay,wt-homo-4,wt-homo-4,rmsd,ru66q04s,ru66q04s::RMSD,wt-homo-4 / RMSD,RMSD,Time (ps),38100,0.26217294,nm,nm
line,overlay,wt-homo-4,wt-homo-4,rmsd,ru66q04s,ru66q04s::RMSD,wt-homo-4 / RMSD,RMSD,Time (ps),38200,0.2582848,nm,nm
line,overlay,wt-homo-4,wt-homo-4,rmsd,ru66q04s,ru66q04s::RMSD,wt-homo-4 / RMSD,RMSD,Time (ps),38300,0.26358476,nm,nm
line,overlay,wt-homo-4,wt-homo-4,rmsd,ru66q04s,ru66q04s::RMSD,wt-homo-4 / RMSD,RMSD,Time (ps),38400,0.26217493,nm,nm
line,overlay,wt-homo-4,wt-homo-4,rmsd,ru66q04s,ru66q04s::RMSD,wt-homo-4 / RMSD,RMSD,Time (ps),38500,0.2639503,nm,nm
line,overlay,wt-homo-4,wt-homo-4,rmsd,ru66q04s,ru66q04s::RMSD,wt-homo-4 / RMSD,RMSD,Time (ps),38600,0.24652785,nm,nm
line,overlay,wt-homo-4,wt-homo-4,rmsd,ru66q04s,ru66q04s::RMSD,wt-homo-4 / RMSD,RMSD,Time (ps),38700,0.24169073,nm,nm
line,overlay,wt-homo-4,wt-homo-4,rmsd,ru66q04s,ru66q04s::RMSD,wt-homo-4 / RMSD,RMSD,Time (ps),38800,0.24828982,nm,nm
line,overlay,wt-homo-4,wt-homo-4,rmsd,ru66q04s,ru66q04s::RMSD,wt-homo-4 / RMSD,RMSD,Time (ps),38900,0.2478573,nm,nm
line,overlay,wt-homo-4,wt-homo-4,rmsd,ru66q04s,ru66q04s::RMSD,wt-homo-4 / RMSD,RMSD,Time (ps),39000,0.26800194,nm,nm
line,overlay,wt-homo-4,wt-homo-4,rmsd,ru66q04s,ru66q04s::RMSD,wt-homo-4 / RMSD,RMSD,Time (ps),39100,0.23854113,nm,nm
line,overlay,wt-homo-4,wt-homo-4,rmsd,ru66q04s,ru66q04s::RMSD,wt-homo-4 / RMSD,RMSD,Time (ps),39200,0.22804959,nm,nm
line,overlay,wt-homo-4,wt-homo-4,rmsd,ru66q04s,ru66q04s::RMSD,wt-homo-4 / RMSD,RMSD,Time (ps),39300,0.24175291,nm,nm
line,overlay,wt-homo-4,wt-homo-4,rmsd,ru66q04s,ru66q04s::RMSD,wt-homo-4 / RMSD,RMSD,Time (ps),39400,0.25008085,nm,nm
line,overlay,wt-homo-4,wt-homo-4,rmsd,ru66q04s,ru66q04s::RMSD,wt-homo-4 / RMSD,RMSD,Time (ps),39500,0.2377445,nm,nm
line,overlay,wt-homo-4,wt-homo-4,rmsd,ru66q04s,ru66q04s::RMSD,wt-homo-4 / RMSD,RMSD,Time (ps),39600,0.23194623,nm,nm
line,overlay,wt-homo-4,wt-homo-4,rmsd,ru66q04s,ru66q04s::RMSD,wt-homo-4 / RMSD,RMSD,Time (ps),39700,0.23144063,nm,nm
line,overlay,wt-homo-4,wt-homo-4,rmsd,ru66q04s,ru66q04s::RMSD,wt-homo-4 / RMSD,RMSD,Time (ps),39800,0.25084245,nm,nm
line,overlay,wt-homo-4,wt-homo-4,rmsd,ru66q04s,ru66q04s::RMSD,wt-homo-4 / RMSD,RMSD,Time (ps),39900,0.23653573,nm,nm
line,overlay,wt-homo-4,wt-homo-4,rmsd,ru66q04s,ru66q04s::RMSD,wt-homo-4 / RMSD,RMSD,Time (ps),40000,0.23865409,nm,nm
line,overlay,wt-homo-4,wt-homo-4,rmsd,ru66q04s,ru66q04s::RMSD,wt-homo-4 / RMSD,RMSD,Time (ps),40100,0.21509159,nm,nm
line,overlay,wt-homo-4,wt-homo-4,rmsd,ru66q04s,ru66q04s::RMSD,wt-homo-4 / RMSD,RMSD,Time (ps),40200,0.23564874,nm,nm
line,overlay,wt-homo-4,wt-homo-4,rmsd,ru66q04s,ru66q04s::RMSD,wt-homo-4 / RMSD,RMSD,Time (ps),40300,0.25377205,nm,nm
line,overlay,wt-homo-4,wt-homo-4,rmsd,ru66q04s,ru66q04s::RMSD,wt-homo-4 / RMSD,RMSD,Time (ps),40400,0.23815402,nm,nm
line,overlay,wt-homo-4,wt-homo-4,rmsd,ru66q04s,ru66q04s::RMSD,wt-homo-4 / RMSD,RMSD,Time (ps),40500,0.2377881,nm,nm
line,overlay,wt-homo-4,wt-homo-4,rmsd,ru66q04s,ru66q04s::RMSD,wt-homo-4 / RMSD,RMSD,Time (ps),40600,0.22735073,nm,nm
line,overlay,wt-homo-4,wt-homo-4,rmsd,ru66q04s,ru66q04s::RMSD,wt-homo-4 / RMSD,RMSD,Time (ps),40700,0.23588619,nm,nm
line,overlay,wt-homo-4,wt-homo-4,rmsd,ru66q04s,ru66q04s::RMSD,wt-homo-4 / RMSD,RMSD,Time (ps),40800,0.21181571,nm,nm
line,overlay,wt-homo-4,wt-homo-4,rmsd,ru66q04s,ru66q04s::RMSD,wt-homo-4 / RMSD,RMSD,Time (ps),40900,0.19891287,nm,nm
line,overlay,wt-homo-4,wt-homo-4,rmsd,ru66q04s,ru66q04s::RMSD,wt-homo-4 / RMSD,RMSD,Time (ps),41000,0.22084181,nm,nm
line,overlay,wt-homo-4,wt-homo-4,rmsd,ru66q04s,ru66q04s::RMSD,wt-homo-4 / RMSD,RMSD,Time (ps),41100,0.2119209,nm,nm
line,overlay,wt-homo-4,wt-homo-4,rmsd,ru66q04s,ru66q04s::RMSD,wt-homo-4 / RMSD,RMSD,Time (ps),41200,0.23422568,nm,nm
line,overlay,wt-homo-4,wt-homo-4,rmsd,ru66q04s,ru66q04s::RMSD,wt-homo-4 / RMSD,RMSD,Time (ps),41300,0.23087107,nm,nm
line,overlay,wt-homo-4,wt-homo-4,rmsd,ru66q04s,ru66q04s::RMSD,wt-homo-4 / RMSD,RMSD,Time (ps),41400,0.21429726,nm,nm
line,overlay,wt-homo-4,wt-homo-4,rmsd,ru66q04s,ru66q04s::RMSD,wt-homo-4 / RMSD,RMSD,Time (ps),41500,0.22066571,nm,nm
line,overlay,wt-homo-4,wt-homo-4,rmsd,ru66q04s,ru66q04s::RMSD,wt-homo-4 / RMSD,RMSD,Time (ps),41600,0.23476282,nm,nm
line,overlay,wt-homo-4,wt-homo-4,rmsd,ru66q04s,ru66q04s::RMSD,wt-homo-4 / RMSD,RMSD,Time (ps),41700,0.21170801,nm,nm
line,overlay,wt-homo-4,wt-homo-4,rmsd,ru66q04s,ru66q04s::RMSD,wt-homo-4 / RMSD,RMSD,Time (ps),41800,0.21790718,nm,nm
line,overlay,wt-homo-4,wt-homo-4,rmsd,ru66q04s,ru66q04s::RMSD,wt-homo-4 / RMSD,RMSD,Time (ps),41900,0.20541766,nm,nm
line,overlay,wt-homo-4,wt-homo-4,rmsd,ru66q04s,ru66q04s::RMSD,wt-homo-4 / RMSD,RMSD,Time (ps),42000,0.20094036,nm,nm
line,overlay,wt-homo-4,wt-homo-4,rmsd,ru66q04s,ru66q04s::RMSD,wt-homo-4 / RMSD,RMSD,Time (ps),42100,0.21428034,nm,nm
line,overlay,wt-homo-4,wt-homo-4,rmsd,ru66q04s,ru66q04s::RMSD,wt-homo-4 / RMSD,RMSD,Time (ps),42200,0.20121102,nm,nm
line,overlay,wt-homo-4,wt-homo-4,rmsd,ru66q04s,ru66q04s::RMSD,wt-homo-4 / RMSD,RMSD,Time (ps),42300,0.21883292,nm,nm
line,overlay,wt-homo-4,wt-homo-4,rmsd,ru66q04s,ru66q04s::RMSD,wt-homo-4 / RMSD,RMSD,Time (ps),42400,0.20400985,nm,nm
line,overlay,wt-homo-4,wt-homo-4,rmsd,ru66q04s,ru66q04s::RMSD,wt-homo-4 / RMSD,RMSD,Time (ps),42500,0.20177184,nm,nm
line,overlay,wt-homo-4,wt-homo-4,rmsd,ru66q04s,ru66q04s::RMSD,wt-homo-4 / RMSD,RMSD,Time (ps),42600,0.21006364,nm,nm
line,overlay,wt-homo-4,wt-homo-4,rmsd,ru66q04s,ru66q04s::RMSD,wt-homo-4 / RMSD,RMSD,Time (ps),42700,0.21007352,nm,nm
line,overlay,wt-homo-4,wt-homo-4,rmsd,ru66q04s,ru66q04s::RMSD,wt-homo-4 / RMSD,RMSD,Time (ps),42800,0.21215315,nm,nm
line,overlay,wt-homo-4,wt-homo-4,rmsd,ru66q04s,ru66q04s::RMSD,wt-homo-4 / RMSD,RMSD,Time (ps),42900,0.19666694,nm,nm
line,overlay,wt-homo-4,wt-homo-4,rmsd,ru66q04s,ru66q04s::RMSD,wt-homo-4 / RMSD,RMSD,Time (ps),43000,0.18893208,nm,nm
line,overlay,wt-homo-4,wt-homo-4,rmsd,ru66q04s,ru66q04s::RMSD,wt-homo-4 / RMSD,RMSD,Time (ps),43100,0.20477572,nm,nm
line,overlay,wt-homo-4,wt-homo-4,rmsd,ru66q04s,ru66q04s::RMSD,wt-homo-4 / RMSD,RMSD,Time (ps),43200,0.19857381,nm,nm
line,overlay,wt-homo-4,wt-homo-4,rmsd,ru66q04s,ru66q04s::RMSD,wt-homo-4 / RMSD,RMSD,Time (ps),43300,0.19597518,nm,nm
line,overlay,wt-homo-4,wt-homo-4,rmsd,ru66q04s,ru66q04s::RMSD,wt-homo-4 / RMSD,RMSD,Time (ps),43400,0.20339659,nm,nm
line,overlay,wt-homo-4,wt-homo-4,rmsd,ru66q04s,ru66q04s::RMSD,wt-homo-4 / RMSD,RMSD,Time (ps),43500,0.20048842,nm,nm
line,overlay,wt-homo-4,wt-homo-4,rmsd,ru66q04s,ru66q04s::RMSD,wt-homo-4 / RMSD,RMSD,Time (ps),43600,0.20904206,nm,nm
line,overlay,wt-homo-4,wt-homo-4,rmsd,ru66q04s,ru66q04s::RMSD,wt-homo-4 / RMSD,RMSD,Time (ps),43700,0.20873933,nm,nm
line,overlay,wt-homo-4,wt-homo-4,rmsd,ru66q04s,ru66q04s::RMSD,wt-homo-4 / RMSD,RMSD,Time (ps),43800,0.22052942,nm,nm
line,overlay,wt-homo-4,wt-homo-4,rmsd,ru66q04s,ru66q04s::RMSD,wt-homo-4 / RMSD,RMSD,Time (ps),43900,0.20603496,nm,nm
line,overlay,wt-homo-4,wt-homo-4,rmsd,ru66q04s,ru66q04s::RMSD,wt-homo-4 / RMSD,RMSD,Time (ps),44000,0.2133154,nm,nm
line,overlay,wt-homo-4,wt-homo-4,rmsd,ru66q04s,ru66q04s::RMSD,wt-homo-4 / RMSD,RMSD,Time (ps),44100,0.20895524,nm,nm
line,overlay,wt-homo-4,wt-homo-4,rmsd,ru66q04s,ru66q04s::RMSD,wt-homo-4 / RMSD,RMSD,Time (ps),44200,0.22890036,nm,nm
line,overlay,wt-homo-4,wt-homo-4,rmsd,ru66q04s,ru66q04s::RMSD,wt-homo-4 / RMSD,RMSD,Time (ps),44300,0.2332677,nm,nm
line,overlay,wt-homo-4,wt-homo-4,rmsd,ru66q04s,ru66q04s::RMSD,wt-homo-4 / RMSD,RMSD,Time (ps),44400,0.24521233,nm,nm
line,overlay,wt-homo-4,wt-homo-4,rmsd,ru66q04s,ru66q04s::RMSD,wt-homo-4 / RMSD,RMSD,Time (ps),44500,0.273667,nm,nm
line,overlay,wt-homo-4,wt-homo-4,rmsd,ru66q04s,ru66q04s::RMSD,wt-homo-4 / RMSD,RMSD,Time (ps),44600,0.26287782,nm,nm
line,overlay,wt-homo-4,wt-homo-4,rmsd,ru66q04s,ru66q04s::RMSD,wt-homo-4 / RMSD,RMSD,Time (ps),44700,0.24288236,nm,nm
line,overlay,wt-homo-4,wt-homo-4,rmsd,ru66q04s,ru66q04s::RMSD,wt-homo-4 / RMSD,RMSD,Time (ps),44800,0.22886866,nm,nm
line,overlay,wt-homo-4,wt-homo-4,rmsd,ru66q04s,ru66q04s::RMSD,wt-homo-4 / RMSD,RMSD,Time (ps),44900,0.22071034,nm,nm
line,overlay,wt-homo-4,wt-homo-4,rmsd,ru66q04s,ru66q04s::RMSD,wt-homo-4 / RMSD,RMSD,Time (ps),45000,0.22909956,nm,nm
line,overlay,wt-homo-4,wt-homo-4,rmsd,ru66q04s,ru66q04s::RMSD,wt-homo-4 / RMSD,RMSD,Time (ps),45100,0.21947153,nm,nm
line,overlay,wt-homo-4,wt-homo-4,rmsd,ru66q04s,ru66q04s::RMSD,wt-homo-4 / RMSD,RMSD,Time (ps),45200,0.21792382,nm,nm
line,overlay,wt-homo-4,wt-homo-4,rmsd,ru66q04s,ru66q04s::RMSD,wt-homo-4 / RMSD,RMSD,Time (ps),45300,0.19605188,nm,nm
line,overlay,wt-homo-4,wt-homo-4,rmsd,ru66q04s,ru66q04s::RMSD,wt-homo-4 / RMSD,RMSD,Time (ps),45400,0.2198491,nm,nm
line,overlay,wt-homo-4,wt-homo-4,rmsd,ru66q04s,ru66q04s::RMSD,wt-homo-4 / RMSD,RMSD,Time (ps),45500,0.21705152,nm,nm
line,overlay,wt-homo-4,wt-homo-4,rmsd,ru66q04s,ru66q04s::RMSD,wt-homo-4 / RMSD,RMSD,Time (ps),45600,0.22120766,nm,nm
line,overlay,wt-homo-4,wt-homo-4,rmsd,ru66q04s,ru66q04s::RMSD,wt-homo-4 / RMSD,RMSD,Time (ps),45700,0.22511221,nm,nm
line,overlay,wt-homo-4,wt-homo-4,rmsd,ru66q04s,ru66q04s::RMSD,wt-homo-4 / RMSD,RMSD,Time (ps),45800,0.23036534,nm,nm
line,overlay,wt-homo-4,wt-homo-4,rmsd,ru66q04s,ru66q04s::RMSD,wt-homo-4 / RMSD,RMSD,Time (ps),45900,0.215967,nm,nm
line,overlay,wt-homo-4,wt-homo-4,rmsd,ru66q04s,ru66q04s::RMSD,wt-homo-4 / RMSD,RMSD,Time (ps),46000,0.2294771,nm,nm
line,overlay,wt-homo-4,wt-homo-4,rmsd,ru66q04s,ru66q04s::RMSD,wt-homo-4 / RMSD,RMSD,Time (ps),46100,0.23622873,nm,nm
line,overlay,wt-homo-4,wt-homo-4,rmsd,ru66q04s,ru66q04s::RMSD,wt-homo-4 / RMSD,RMSD,Time (ps),46200,0.23377156,nm,nm
line,overlay,wt-homo-4,wt-homo-4,rmsd,ru66q04s,ru66q04s::RMSD,wt-homo-4 / RMSD,RMSD,Time (ps),46300,0.2322879,nm,nm
line,overlay,wt-homo-4,wt-homo-4,rmsd,ru66q04s,ru66q04s::RMSD,wt-homo-4 / RMSD,RMSD,Time (ps),46400,0.21168351,nm,nm
line,overlay,wt-homo-4,wt-homo-4,rmsd,ru66q04s,ru66q04s::RMSD,wt-homo-4 / RMSD,RMSD,Time (ps),46500,0.24303597,nm,nm
line,overlay,wt-homo-4,wt-homo-4,rmsd,ru66q04s,ru66q04s::RMSD,wt-homo-4 / RMSD,RMSD,Time (ps),46600,0.21784294,nm,nm
line,overlay,wt-homo-4,wt-homo-4,rmsd,ru66q04s,ru66q04s::RMSD,wt-homo-4 / RMSD,RMSD,Time (ps),46700,0.21298224,nm,nm
line,overlay,wt-homo-4,wt-homo-4,rmsd,ru66q04s,ru66q04s::RMSD,wt-homo-4 / RMSD,RMSD,Time (ps),46800,0.21653268,nm,nm
line,overlay,wt-homo-4,wt-homo-4,rmsd,ru66q04s,ru66q04s::RMSD,wt-homo-4 / RMSD,RMSD,Time (ps),46900,0.23319435,nm,nm
line,overlay,wt-homo-4,wt-homo-4,rmsd,ru66q04s,ru66q04s::RMSD,wt-homo-4 / RMSD,RMSD,Time (ps),47000,0.23526128,nm,nm
line,overlay,wt-homo-4,wt-homo-4,rmsd,ru66q04s,ru66q04s::RMSD,wt-homo-4 / RMSD,RMSD,Time (ps),47100,0.22642776,nm,nm
line,overlay,wt-homo-4,wt-homo-4,rmsd,ru66q04s,ru66q04s::RMSD,wt-homo-4 / RMSD,RMSD,Time (ps),47200,0.22259754,nm,nm
line,overlay,wt-homo-4,wt-homo-4,rmsd,ru66q04s,ru66q04s::RMSD,wt-homo-4 / RMSD,RMSD,Time (ps),47300,0.23192388,nm,nm
line,overlay,wt-homo-4,wt-homo-4,rmsd,ru66q04s,ru66q04s::RMSD,wt-homo-4 / RMSD,RMSD,Time (ps),47400,0.23422788,nm,nm
line,overlay,wt-homo-4,wt-homo-4,rmsd,ru66q04s,ru66q04s::RMSD,wt-homo-4 / RMSD,RMSD,Time (ps),47500,0.23654011,nm,nm
line,overlay,wt-homo-4,wt-homo-4,rmsd,ru66q04s,ru66q04s::RMSD,wt-homo-4 / RMSD,RMSD,Time (ps),47600,0.22390471,nm,nm
line,overlay,wt-homo-4,wt-homo-4,rmsd,ru66q04s,ru66q04s::RMSD,wt-homo-4 / RMSD,RMSD,Time (ps),47700,0.23357636,nm,nm
line,overlay,wt-homo-4,wt-homo-4,rmsd,ru66q04s,ru66q04s::RMSD,wt-homo-4 / RMSD,RMSD,Time (ps),47800,0.2245081,nm,nm
line,overlay,wt-homo-4,wt-homo-4,rmsd,ru66q04s,ru66q04s::RMSD,wt-homo-4 / RMSD,RMSD,Time (ps),47900,0.25137708,nm,nm
line,overlay,wt-homo-4,wt-homo-4,rmsd,ru66q04s,ru66q04s::RMSD,wt-homo-4 / RMSD,RMSD,Time (ps),48000,0.23671317,nm,nm
line,overlay,wt-homo-4,wt-homo-4,rmsd,ru66q04s,ru66q04s::RMSD,wt-homo-4 / RMSD,RMSD,Time (ps),48100,0.2282041,nm,nm
line,overlay,wt-homo-4,wt-homo-4,rmsd,ru66q04s,ru66q04s::RMSD,wt-homo-4 / RMSD,RMSD,Time (ps),48200,0.21261442,nm,nm
line,overlay,wt-homo-4,wt-homo-4,rmsd,ru66q04s,ru66q04s::RMSD,wt-homo-4 / RMSD,RMSD,Time (ps),48300,0.21461149,nm,nm
line,overlay,wt-homo-4,wt-homo-4,rmsd,ru66q04s,ru66q04s::RMSD,wt-homo-4 / RMSD,RMSD,Time (ps),48400,0.21923523,nm,nm
line,overlay,wt-homo-4,wt-homo-4,rmsd,ru66q04s,ru66q04s::RMSD,wt-homo-4 / RMSD,RMSD,Time (ps),48500,0.22632015,nm,nm
line,overlay,wt-homo-4,wt-homo-4,rmsd,ru66q04s,ru66q04s::RMSD,wt-homo-4 / RMSD,RMSD,Time (ps),48600,0.21959431,nm,nm
line,overlay,wt-homo-4,wt-homo-4,rmsd,ru66q04s,ru66q04s::RMSD,wt-homo-4 / RMSD,RMSD,Time (ps),48700,0.22794728,nm,nm
line,overlay,wt-homo-4,wt-homo-4,rmsd,ru66q04s,ru66q04s::RMSD,wt-homo-4 / RMSD,RMSD,Time (ps),48800,0.22906108,nm,nm
line,overlay,wt-homo-4,wt-homo-4,rmsd,ru66q04s,ru66q04s::RMSD,wt-homo-4 / RMSD,RMSD,Time (ps),48900,0.23688829,nm,nm
line,overlay,wt-homo-4,wt-homo-4,rmsd,ru66q04s,ru66q04s::RMSD,wt-homo-4 / RMSD,RMSD,Time (ps),49000,0.22818366,nm,nm
line,overlay,wt-homo-4,wt-homo-4,rmsd,ru66q04s,ru66q04s::RMSD,wt-homo-4 / RMSD,RMSD,Time (ps),49100,0.22579505,nm,nm
line,overlay,wt-homo-4,wt-homo-4,rmsd,ru66q04s,ru66q04s::RMSD,wt-homo-4 / RMSD,RMSD,Time (ps),49200,0.2407,nm,nm
line,overlay,wt-homo-4,wt-homo-4,rmsd,ru66q04s,ru66q04s::RMSD,wt-homo-4 / RMSD,RMSD,Time (ps),49300,0.2291561,nm,nm
line,overlay,wt-homo-4,wt-homo-4,rmsd,ru66q04s,ru66q04s::RMSD,wt-homo-4 / RMSD,RMSD,Time (ps),49400,0.21702527,nm,nm
line,overlay,wt-homo-4,wt-homo-4,rmsd,ru66q04s,ru66q04s::RMSD,wt-homo-4 / RMSD,RMSD,Time (ps),49500,0.23774667,nm,nm
line,overlay,wt-homo-4,wt-homo-4,rmsd,ru66q04s,ru66q04s::RMSD,wt-homo-4 / RMSD,RMSD,Time (ps),49600,0.22303954,nm,nm
line,overlay,wt-homo-4,wt-homo-4,rmsd,ru66q04s,ru66q04s::RMSD,wt-homo-4 / RMSD,RMSD,Time (ps),49700,0.2284107,nm,nm
line,overlay,wt-homo-4,wt-homo-4,rmsd,ru66q04s,ru66q04s::RMSD,wt-homo-4 / RMSD,RMSD,Time (ps),49800,0.21966511,nm,nm
line,overlay,wt-homo-4,wt-homo-4,rmsd,ru66q04s,ru66q04s::RMSD,wt-homo-4 / RMSD,RMSD,Time (ps),49900,0.23362517,nm,nm
line,overlay,wt-homo-4,wt-homo-4,rmsd,ru66q04s,ru66q04s::RMSD,wt-homo-4 / RMSD,RMSD,Time (ps),50000,0.22126624,nm,nm
line,overlay,wt-homo-4,wt-homo-4,rmsd,ru66q04s,ru66q04s::RMSD,wt-homo-4 / RMSD,RMSD,Time (ps),50100,0.226908,nm,nm
line,overlay,wt-homo-4,wt-homo-4,rmsd,ru66q04s,ru66q04s::RMSD,wt-homo-4 / RMSD,RMSD,Time (ps),50200,0.22536536,nm,nm
line,overlay,wt-homo-4,wt-homo-4,rmsd,ru66q04s,ru66q04s::RMSD,wt-homo-4 / RMSD,RMSD,Time (ps),50300,0.21758105,nm,nm
line,overlay,wt-homo-4,wt-homo-4,rmsd,ru66q04s,ru66q04s::RMSD,wt-homo-4 / RMSD,RMSD,Time (ps),50400,0.21770728,nm,nm
line,overlay,wt-homo-4,wt-homo-4,rmsd,ru66q04s,ru66q04s::RMSD,wt-homo-4 / RMSD,RMSD,Time (ps),50500,0.23778155,nm,nm
line,overlay,wt-homo-4,wt-homo-4,rmsd,ru66q04s,ru66q04s::RMSD,wt-homo-4 / RMSD,RMSD,Time (ps),50600,0.22127795,nm,nm
line,overlay,wt-homo-4,wt-homo-4,rmsd,ru66q04s,ru66q04s::RMSD,wt-homo-4 / RMSD,RMSD,Time (ps),50700,0.22774254,nm,nm
line,overlay,wt-homo-4,wt-homo-4,rmsd,ru66q04s,ru66q04s::RMSD,wt-homo-4 / RMSD,RMSD,Time (ps),50800,0.24327472,nm,nm
line,overlay,wt-homo-4,wt-homo-4,rmsd,ru66q04s,ru66q04s::RMSD,wt-homo-4 / RMSD,RMSD,Time (ps),50900,0.2237704,nm,nm
line,overlay,wt-homo-4,wt-homo-4,rmsd,ru66q04s,ru66q04s::RMSD,wt-homo-4 / RMSD,RMSD,Time (ps),51000,0.23070036,nm,nm
line,overlay,wt-homo-4,wt-homo-4,rmsd,ru66q04s,ru66q04s::RMSD,wt-homo-4 / RMSD,RMSD,Time (ps),51100,0.23123673,nm,nm
line,overlay,wt-homo-4,wt-homo-4,rmsd,ru66q04s,ru66q04s::RMSD,wt-homo-4 / RMSD,RMSD,Time (ps),51200,0.2289366,nm,nm
line,overlay,wt-homo-4,wt-homo-4,rmsd,ru66q04s,ru66q04s::RMSD,wt-homo-4 / RMSD,RMSD,Time (ps),51300,0.2458288,nm,nm
line,overlay,wt-homo-4,wt-homo-4,rmsd,ru66q04s,ru66q04s::RMSD,wt-homo-4 / RMSD,RMSD,Time (ps),51400,0.25677925,nm,nm
line,overlay,wt-homo-4,wt-homo-4,rmsd,ru66q04s,ru66q04s::RMSD,wt-homo-4 / RMSD,RMSD,Time (ps),51500,0.25633883,nm,nm
line,overlay,wt-homo-4,wt-homo-4,rmsd,ru66q04s,ru66q04s::RMSD,wt-homo-4 / RMSD,RMSD,Time (ps),51600,0.23462588,nm,nm
line,overlay,wt-homo-4,wt-homo-4,rmsd,ru66q04s,ru66q04s::RMSD,wt-homo-4 / RMSD,RMSD,Time (ps),51700,0.24254492,nm,nm
line,overlay,wt-homo-4,wt-homo-4,rmsd,ru66q04s,ru66q04s::RMSD,wt-homo-4 / RMSD,RMSD,Time (ps),51800,0.24187295,nm,nm
line,overlay,wt-homo-4,wt-homo-4,rmsd,ru66q04s,ru66q04s::RMSD,wt-homo-4 / RMSD,RMSD,Time (ps),51900,0.24576554,nm,nm
line,overlay,wt-homo-4,wt-homo-4,rmsd,ru66q04s,ru66q04s::RMSD,wt-homo-4 / RMSD,RMSD,Time (ps),52000,0.25445947,nm,nm
line,overlay,wt-homo-4,wt-homo-4,rmsd,ru66q04s,ru66q04s::RMSD,wt-homo-4 / RMSD,RMSD,Time (ps),52100,0.22465353,nm,nm
line,overlay,wt-homo-4,wt-homo-4,rmsd,ru66q04s,ru66q04s::RMSD,wt-homo-4 / RMSD,RMSD,Time (ps),52200,0.25082797,nm,nm
line,overlay,wt-homo-4,wt-homo-4,rmsd,ru66q04s,ru66q04s::RMSD,wt-homo-4 / RMSD,RMSD,Time (ps),52300,0.24252783,nm,nm
line,overlay,wt-homo-4,wt-homo-4,rmsd,ru66q04s,ru66q04s::RMSD,wt-homo-4 / RMSD,RMSD,Time (ps),52400,0.25321382,nm,nm
line,overlay,wt-homo-4,wt-homo-4,rmsd,ru66q04s,ru66q04s::RMSD,wt-homo-4 / RMSD,RMSD,Time (ps),52500,0.26129562,nm,nm
line,overlay,wt-homo-4,wt-homo-4,rmsd,ru66q04s,ru66q04s::RMSD,wt-homo-4 / RMSD,RMSD,Time (ps),52600,0.26803288,nm,nm
line,overlay,wt-homo-4,wt-homo-4,rmsd,ru66q04s,ru66q04s::RMSD,wt-homo-4 / RMSD,RMSD,Time (ps),52700,0.26812568,nm,nm
line,overlay,wt-homo-4,wt-homo-4,rmsd,ru66q04s,ru66q04s::RMSD,wt-homo-4 / RMSD,RMSD,Time (ps),52800,0.25024042,nm,nm
line,overlay,wt-homo-4,wt-homo-4,rmsd,ru66q04s,ru66q04s::RMSD,wt-homo-4 / RMSD,RMSD,Time (ps),52900,0.22729601,nm,nm
line,overlay,wt-homo-4,wt-homo-4,rmsd,ru66q04s,ru66q04s::RMSD,wt-homo-4 / RMSD,RMSD,Time (ps),53000,0.22487722,nm,nm
line,overlay,wt-homo-4,wt-homo-4,rmsd,ru66q04s,ru66q04s::RMSD,wt-homo-4 / RMSD,RMSD,Time (ps),53100,0.22544815,nm,nm
line,overlay,wt-homo-4,wt-homo-4,rmsd,ru66q04s,ru66q04s::RMSD,wt-homo-4 / RMSD,RMSD,Time (ps),53200,0.24964935,nm,nm
line,overlay,wt-homo-4,wt-homo-4,rmsd,ru66q04s,ru66q04s::RMSD,wt-homo-4 / RMSD,RMSD,Time (ps),53300,0.24540462,nm,nm
line,overlay,wt-homo-4,wt-homo-4,rmsd,ru66q04s,ru66q04s::RMSD,wt-homo-4 / RMSD,RMSD,Time (ps),53400,0.24063969,nm,nm
line,overlay,wt-homo-4,wt-homo-4,rmsd,ru66q04s,ru66q04s::RMSD,wt-homo-4 / RMSD,RMSD,Time (ps),53500,0.2343739,nm,nm
line,overlay,wt-homo-4,wt-homo-4,rmsd,ru66q04s,ru66q04s::RMSD,wt-homo-4 / RMSD,RMSD,Time (ps),53600,0.2410013,nm,nm
line,overlay,wt-homo-4,wt-homo-4,rmsd,ru66q04s,ru66q04s::RMSD,wt-homo-4 / RMSD,RMSD,Time (ps),53700,0.22180438,nm,nm
line,overlay,wt-homo-4,wt-homo-4,rmsd,ru66q04s,ru66q04s::RMSD,wt-homo-4 / RMSD,RMSD,Time (ps),53800,0.22669087,nm,nm
line,overlay,wt-homo-4,wt-homo-4,rmsd,ru66q04s,ru66q04s::RMSD,wt-homo-4 / RMSD,RMSD,Time (ps),53900,0.2245012,nm,nm
line,overlay,wt-homo-4,wt-homo-4,rmsd,ru66q04s,ru66q04s::RMSD,wt-homo-4 / RMSD,RMSD,Time (ps),54000,0.22971414,nm,nm
line,overlay,wt-homo-4,wt-homo-4,rmsd,ru66q04s,ru66q04s::RMSD,wt-homo-4 / RMSD,RMSD,Time (ps),54100,0.22564119,nm,nm
line,overlay,wt-homo-4,wt-homo-4,rmsd,ru66q04s,ru66q04s::RMSD,wt-homo-4 / RMSD,RMSD,Time (ps),54200,0.21997401,nm,nm
line,overlay,wt-homo-4,wt-homo-4,rmsd,ru66q04s,ru66q04s::RMSD,wt-homo-4 / RMSD,RMSD,Time (ps),54300,0.23569714,nm,nm
line,overlay,wt-homo-4,wt-homo-4,rmsd,ru66q04s,ru66q04s::RMSD,wt-homo-4 / RMSD,RMSD,Time (ps),54400,0.21902233,nm,nm
line,overlay,wt-homo-4,wt-homo-4,rmsd,ru66q04s,ru66q04s::RMSD,wt-homo-4 / RMSD,RMSD,Time (ps),54500,0.21421017,nm,nm
line,overlay,wt-homo-4,wt-homo-4,rmsd,ru66q04s,ru66q04s::RMSD,wt-homo-4 / RMSD,RMSD,Time (ps),54600,0.22528253,nm,nm
line,overlay,wt-homo-4,wt-homo-4,rmsd,ru66q04s,ru66q04s::RMSD,wt-homo-4 / RMSD,RMSD,Time (ps),54700,0.21014751,nm,nm
line,overlay,wt-homo-4,wt-homo-4,rmsd,ru66q04s,ru66q04s::RMSD,wt-homo-4 / RMSD,RMSD,Time (ps),54800,0.2130382,nm,nm
line,overlay,wt-homo-4,wt-homo-4,rmsd,ru66q04s,ru66q04s::RMSD,wt-homo-4 / RMSD,RMSD,Time (ps),54900,0.21749288,nm,nm
line,overlay,wt-homo-4,wt-homo-4,rmsd,ru66q04s,ru66q04s::RMSD,wt-homo-4 / RMSD,RMSD,Time (ps),55000,0.21424162,nm,nm
line,overlay,wt-homo-4,wt-homo-4,rmsd,ru66q04s,ru66q04s::RMSD,wt-homo-4 / RMSD,RMSD,Time (ps),55100,0.22462353,nm,nm
line,overlay,wt-homo-4,wt-homo-4,rmsd,ru66q04s,ru66q04s::RMSD,wt-homo-4 / RMSD,RMSD,Time (ps),55200,0.20751648,nm,nm
line,overlay,wt-homo-4,wt-homo-4,rmsd,ru66q04s,ru66q04s::RMSD,wt-homo-4 / RMSD,RMSD,Time (ps),55300,0.2198491,nm,nm
line,overlay,wt-homo-4,wt-homo-4,rmsd,ru66q04s,ru66q04s::RMSD,wt-homo-4 / RMSD,RMSD,Time (ps),55400,0.21518072,nm,nm
line,overlay,wt-homo-4,wt-homo-4,rmsd,ru66q04s,ru66q04s::RMSD,wt-homo-4 / RMSD,RMSD,Time (ps),55500,0.21864334,nm,nm
line,overlay,wt-homo-4,wt-homo-4,rmsd,ru66q04s,ru66q04s::RMSD,wt-homo-4 / RMSD,RMSD,Time (ps),55600,0.21935104,nm,nm
line,overlay,wt-homo-4,wt-homo-4,rmsd,ru66q04s,ru66q04s::RMSD,wt-homo-4 / RMSD,RMSD,Time (ps),55700,0.20775364,nm,nm
line,overlay,wt-homo-4,wt-homo-4,rmsd,ru66q04s,ru66q04s::RMSD,wt-homo-4 / RMSD,RMSD,Time (ps),55800,0.20431958,nm,nm
line,overlay,wt-homo-4,wt-homo-4,rmsd,ru66q04s,ru66q04s::RMSD,wt-homo-4 / RMSD,RMSD,Time (ps),55900,0.20270734,nm,nm
line,overlay,wt-homo-4,wt-homo-4,rmsd,ru66q04s,ru66q04s::RMSD,wt-homo-4 / RMSD,RMSD,Time (ps),56000,0.21237293,nm,nm
line,overlay,wt-homo-4,wt-homo-4,rmsd,ru66q04s,ru66q04s::RMSD,wt-homo-4 / RMSD,RMSD,Time (ps),56100,0.19741143,nm,nm
line,overlay,wt-homo-4,wt-homo-4,rmsd,ru66q04s,ru66q04s::RMSD,wt-homo-4 / RMSD,RMSD,Time (ps),56200,0.21311119,nm,nm
line,overlay,wt-homo-4,wt-homo-4,rmsd,ru66q04s,ru66q04s::RMSD,wt-homo-4 / RMSD,RMSD,Time (ps),56300,0.23219639,nm,nm
line,overlay,wt-homo-4,wt-homo-4,rmsd,ru66q04s,ru66q04s::RMSD,wt-homo-4 / RMSD,RMSD,Time (ps),56400,0.23228566,nm,nm
line,overlay,wt-homo-4,wt-homo-4,rmsd,ru66q04s,ru66q04s::RMSD,wt-homo-4 / RMSD,RMSD,Time (ps),56500,0.23085983,nm,nm
line,overlay,wt-homo-4,wt-homo-4,rmsd,ru66q04s,ru66q04s::RMSD,wt-homo-4 / RMSD,RMSD,Time (ps),56600,0.20973767,nm,nm
line,overlay,wt-homo-4,wt-homo-4,rmsd,ru66q04s,ru66q04s::RMSD,wt-homo-4 / RMSD,RMSD,Time (ps),56700,0.22696738,nm,nm
line,overlay,wt-homo-4,wt-homo-4,rmsd,ru66q04s,ru66q04s::RMSD,wt-homo-4 / RMSD,RMSD,Time (ps),56800,0.22452658,nm,nm
line,overlay,wt-homo-4,wt-homo-4,rmsd,ru66q04s,ru66q04s::RMSD,wt-homo-4 / RMSD,RMSD,Time (ps),56900,0.23889941,nm,nm
line,overlay,wt-homo-4,wt-homo-4,rmsd,ru66q04s,ru66q04s::RMSD,wt-homo-4 / RMSD,RMSD,Time (ps),57000,0.2202213,nm,nm
line,overlay,wt-homo-4,wt-homo-4,rmsd,ru66q04s,ru66q04s::RMSD,wt-homo-4 / RMSD,RMSD,Time (ps),57100,0.24804337,nm,nm
line,overlay,wt-homo-4,wt-homo-4,rmsd,ru66q04s,ru66q04s::RMSD,wt-homo-4 / RMSD,RMSD,Time (ps),57200,0.24965559,nm,nm
line,overlay,wt-homo-4,wt-homo-4,rmsd,ru66q04s,ru66q04s::RMSD,wt-homo-4 / RMSD,RMSD,Time (ps),57300,0.25222108,nm,nm
line,overlay,wt-homo-4,wt-homo-4,rmsd,ru66q04s,ru66q04s::RMSD,wt-homo-4 / RMSD,RMSD,Time (ps),57400,0.2550231,nm,nm
line,overlay,wt-homo-4,wt-homo-4,rmsd,ru66q04s,ru66q04s::RMSD,wt-homo-4 / RMSD,RMSD,Time (ps),57500,0.25244293,nm,nm
line,overlay,wt-homo-4,wt-homo-4,rmsd,ru66q04s,ru66q04s::RMSD,wt-homo-4 / RMSD,RMSD,Time (ps),57600,0.24149548,nm,nm
line,overlay,wt-homo-4,wt-homo-4,rmsd,ru66q04s,ru66q04s::RMSD,wt-homo-4 / RMSD,RMSD,Time (ps),57700,0.2466813,nm,nm
line,overlay,wt-homo-4,wt-homo-4,rmsd,ru66q04s,ru66q04s::RMSD,wt-homo-4 / RMSD,RMSD,Time (ps),57800,0.23832591,nm,nm
line,overlay,wt-homo-4,wt-homo-4,rmsd,ru66q04s,ru66q04s::RMSD,wt-homo-4 / RMSD,RMSD,Time (ps),57900,0.23907292,nm,nm
line,overlay,wt-homo-4,wt-homo-4,rmsd,ru66q04s,ru66q04s::RMSD,wt-homo-4 / RMSD,RMSD,Time (ps),58000,0.2565935,nm,nm
line,overlay,wt-homo-4,wt-homo-4,rmsd,ru66q04s,ru66q04s::RMSD,wt-homo-4 / RMSD,RMSD,Time (ps),58100,0.24843384,nm,nm
line,overlay,wt-homo-4,wt-homo-4,rmsd,ru66q04s,ru66q04s::RMSD,wt-homo-4 / RMSD,RMSD,Time (ps),58200,0.26659212,nm,nm
line,overlay,wt-homo-4,wt-homo-4,rmsd,ru66q04s,ru66q04s::RMSD,wt-homo-4 / RMSD,RMSD,Time (ps),58300,0.24907148,nm,nm
line,overlay,wt-homo-4,wt-homo-4,rmsd,ru66q04s,ru66q04s::RMSD,wt-homo-4 / RMSD,RMSD,Time (ps),58400,0.27025726,nm,nm
line,overlay,wt-homo-4,wt-homo-4,rmsd,ru66q04s,ru66q04s::RMSD,wt-homo-4 / RMSD,RMSD,Time (ps),58500,0.2634392,nm,nm
line,overlay,wt-homo-4,wt-homo-4,rmsd,ru66q04s,ru66q04s::RMSD,wt-homo-4 / RMSD,RMSD,Time (ps),58600,0.2608648,nm,nm
line,overlay,wt-homo-4,wt-homo-4,rmsd,ru66q04s,ru66q04s::RMSD,wt-homo-4 / RMSD,RMSD,Time (ps),58700,0.24280551,nm,nm
line,overlay,wt-homo-4,wt-homo-4,rmsd,ru66q04s,ru66q04s::RMSD,wt-homo-4 / RMSD,RMSD,Time (ps),58800,0.23708077,nm,nm
line,overlay,wt-homo-4,wt-homo-4,rmsd,ru66q04s,ru66q04s::RMSD,wt-homo-4 / RMSD,RMSD,Time (ps),58900,0.25549826,nm,nm
line,overlay,wt-homo-4,wt-homo-4,rmsd,ru66q04s,ru66q04s::RMSD,wt-homo-4 / RMSD,RMSD,Time (ps),59000,0.24019124,nm,nm
line,overlay,wt-homo-4,wt-homo-4,rmsd,ru66q04s,ru66q04s::RMSD,wt-homo-4 / RMSD,RMSD,Time (ps),59100,0.2181972,nm,nm
line,overlay,wt-homo-4,wt-homo-4,rmsd,ru66q04s,ru66q04s::RMSD,wt-homo-4 / RMSD,RMSD,Time (ps),59200,0.22322074,nm,nm
line,overlay,wt-homo-4,wt-homo-4,rmsd,ru66q04s,ru66q04s::RMSD,wt-homo-4 / RMSD,RMSD,Time (ps),59300,0.2460501,nm,nm
line,overlay,wt-homo-4,wt-homo-4,rmsd,ru66q04s,ru66q04s::RMSD,wt-homo-4 / RMSD,RMSD,Time (ps),59400,0.24028185,nm,nm
line,overlay,wt-homo-4,wt-homo-4,rmsd,ru66q04s,ru66q04s::RMSD,wt-homo-4 / RMSD,RMSD,Time (ps),59500,0.24156845,nm,nm
line,overlay,wt-homo-4,wt-homo-4,rmsd,ru66q04s,ru66q04s::RMSD,wt-homo-4 / RMSD,RMSD,Time (ps),59600,0.22080192,nm,nm
line,overlay,wt-homo-4,wt-homo-4,rmsd,ru66q04s,ru66q04s::RMSD,wt-homo-4 / RMSD,RMSD,Time (ps),59700,0.23975058,nm,nm
line,overlay,wt-homo-4,wt-homo-4,rmsd,ru66q04s,ru66q04s::RMSD,wt-homo-4 / RMSD,RMSD,Time (ps),59800,0.2282041,nm,nm
line,overlay,wt-homo-4,wt-homo-4,rmsd,ru66q04s,ru66q04s::RMSD,wt-homo-4 / RMSD,RMSD,Time (ps),59900,0.23633185,nm,nm
line,overlay,wt-homo-4,wt-homo-4,rmsd,ru66q04s,ru66q04s::RMSD,wt-homo-4 / RMSD,RMSD,Time (ps),60000,0.22409908,nm,nm
line,overlay,wt-homo-4,wt-homo-4,rmsd,ru66q04s,ru66q04s::RMSD,wt-homo-4 / RMSD,RMSD,Time (ps),60100,0.22843114,nm,nm
line,overlay,wt-homo-4,wt-homo-4,rmsd,ru66q04s,ru66q04s::RMSD,wt-homo-4 / RMSD,RMSD,Time (ps),60200,0.24432926,nm,nm
line,overlay,wt-homo-4,wt-homo-4,rmsd,ru66q04s,ru66q04s::RMSD,wt-homo-4 / RMSD,RMSD,Time (ps),60300,0.2374063,nm,nm
line,overlay,wt-homo-4,wt-homo-4,rmsd,ru66q04s,ru66q04s::RMSD,wt-homo-4 / RMSD,RMSD,Time (ps),60400,0.25087756,nm,nm
line,overlay,wt-homo-4,wt-homo-4,rmsd,ru66q04s,ru66q04s::RMSD,wt-homo-4 / RMSD,RMSD,Time (ps),60500,0.2386845,nm,nm
line,overlay,wt-homo-4,wt-homo-4,rmsd,ru66q04s,ru66q04s::RMSD,wt-homo-4 / RMSD,RMSD,Time (ps),60600,0.24237604,nm,nm
line,overlay,wt-homo-4,wt-homo-4,rmsd,ru66q04s,ru66q04s::RMSD,wt-homo-4 / RMSD,RMSD,Time (ps),60700,0.25772828,nm,nm
line,overlay,wt-homo-4,wt-homo-4,rmsd,ru66q04s,ru66q04s::RMSD,wt-homo-4 / RMSD,RMSD,Time (ps),60800,0.26711658,nm,nm
line,overlay,wt-homo-4,wt-homo-4,rmsd,ru66q04s,ru66q04s::RMSD,wt-homo-4 / RMSD,RMSD,Time (ps),60900,0.23543528,nm,nm
line,overlay,wt-homo-4,wt-homo-4,rmsd,ru66q04s,ru66q04s::RMSD,wt-homo-4 / RMSD,RMSD,Time (ps),61000,0.24588151,nm,nm
line,overlay,wt-homo-4,wt-homo-4,rmsd,ru66q04s,ru66q04s::RMSD,wt-homo-4 / RMSD,RMSD,Time (ps),61100,0.24571913,nm,nm
line,overlay,wt-homo-4,wt-homo-4,rmsd,ru66q04s,ru66q04s::RMSD,wt-homo-4 / RMSD,RMSD,Time (ps),61200,0.23326324,nm,nm
line,overlay,wt-homo-4,wt-homo-4,rmsd,ru66q04s,ru66q04s::RMSD,wt-homo-4 / RMSD,RMSD,Time (ps),61300,0.22529404,nm,nm
line,overlay,wt-homo-4,wt-homo-4,rmsd,ru66q04s,ru66q04s::RMSD,wt-homo-4 / RMSD,RMSD,Time (ps),61400,0.23157497,nm,nm
line,overlay,wt-homo-4,wt-homo-4,rmsd,ru66q04s,ru66q04s::RMSD,wt-homo-4 / RMSD,RMSD,Time (ps),61500,0.25887012,nm,nm
line,overlay,wt-homo-4,wt-homo-4,rmsd,ru66q04s,ru66q04s::RMSD,wt-homo-4 / RMSD,RMSD,Time (ps),61600,0.25746268,nm,nm
line,overlay,wt-homo-4,wt-homo-4,rmsd,ru66q04s,ru66q04s::RMSD,wt-homo-4 / RMSD,RMSD,Time (ps),61700,0.26111305,nm,nm
line,overlay,wt-homo-4,wt-homo-4,rmsd,ru66q04s,ru66q04s::RMSD,wt-homo-4 / RMSD,RMSD,Time (ps),61800,0.2607833,nm,nm
line,overlay,wt-homo-4,wt-homo-4,rmsd,ru66q04s,ru66q04s::RMSD,wt-homo-4 / RMSD,RMSD,Time (ps),61900,0.24553554,nm,nm
line,overlay,wt-homo-4,wt-homo-4,rmsd,ru66q04s,ru66q04s::RMSD,wt-homo-4 / RMSD,RMSD,Time (ps),62000,0.24235679,nm,nm
line,overlay,wt-homo-4,wt-homo-4,rmsd,ru66q04s,ru66q04s::RMSD,wt-homo-4 / RMSD,RMSD,Time (ps),62100,0.23416813,nm,nm
line,overlay,wt-homo-4,wt-homo-4,rmsd,ru66q04s,ru66q04s::RMSD,wt-homo-4 / RMSD,RMSD,Time (ps),62200,0.255208,nm,nm
line,overlay,wt-homo-4,wt-homo-4,rmsd,ru66q04s,ru66q04s::RMSD,wt-homo-4 / RMSD,RMSD,Time (ps),62300,0.25631255,nm,nm
line,overlay,wt-homo-4,wt-homo-4,rmsd,ru66q04s,ru66q04s::RMSD,wt-homo-4 / RMSD,RMSD,Time (ps),62400,0.26607832,nm,nm
line,overlay,wt-homo-4,wt-homo-4,rmsd,ru66q04s,ru66q04s::RMSD,wt-homo-4 / RMSD,RMSD,Time (ps),62500,0.25416392,nm,nm
line,overlay,wt-homo-4,wt-homo-4,rmsd,ru66q04s,ru66q04s::RMSD,wt-homo-4 / RMSD,RMSD,Time (ps),62600,0.2392333,nm,nm
line,overlay,wt-homo-4,wt-homo-4,rmsd,ru66q04s,ru66q04s::RMSD,wt-homo-4 / RMSD,RMSD,Time (ps),62700,0.23846288,nm,nm
line,overlay,wt-homo-4,wt-homo-4,rmsd,ru66q04s,ru66q04s::RMSD,wt-homo-4 / RMSD,RMSD,Time (ps),62800,0.2553968,nm,nm
line,overlay,wt-homo-4,wt-homo-4,rmsd,ru66q04s,ru66q04s::RMSD,wt-homo-4 / RMSD,RMSD,Time (ps),62900,0.22834489,nm,nm
line,overlay,wt-homo-4,wt-homo-4,rmsd,ru66q04s,ru66q04s::RMSD,wt-homo-4 / RMSD,RMSD,Time (ps),63000,0.22561133,nm,nm
line,overlay,wt-homo-4,wt-homo-4,rmsd,ru66q04s,ru66q04s::RMSD,wt-homo-4 / RMSD,RMSD,Time (ps),63100,0.23792756,nm,nm
line,overlay,wt-homo-4,wt-homo-4,rmsd,ru66q04s,ru66q04s::RMSD,wt-homo-4 / RMSD,RMSD,Time (ps),63200,0.24082917,nm,nm
line,overlay,wt-homo-4,wt-homo-4,rmsd,ru66q04s,ru66q04s::RMSD,wt-homo-4 / RMSD,RMSD,Time (ps),63300,0.23121431,nm,nm
line,overlay,wt-homo-4,wt-homo-4,rmsd,ru66q04s,ru66q04s::RMSD,wt-homo-4 / RMSD,RMSD,Time (ps),63400,0.25035015,nm,nm
line,overlay,wt-homo-4,wt-homo-4,rmsd,ru66q04s,ru66q04s::RMSD,wt-homo-4 / RMSD,RMSD,Time (ps),63500,0.2483775,nm,nm
line,overlay,wt-homo-4,wt-homo-4,rmsd,ru66q04s,ru66q04s::RMSD,wt-homo-4 / RMSD,RMSD,Time (ps),63600,0.24459007,nm,nm
line,overlay,wt-homo-4,wt-homo-4,rmsd,ru66q04s,ru66q04s::RMSD,wt-homo-4 / RMSD,RMSD,Time (ps),63700,0.23802775,nm,nm
line,overlay,wt-homo-4,wt-homo-4,rmsd,ru66q04s,ru66q04s::RMSD,wt-homo-4 / RMSD,RMSD,Time (ps),63800,0.21202117,nm,nm
line,overlay,wt-homo-4,wt-homo-4,rmsd,ru66q04s,ru66q04s::RMSD,wt-homo-4 / RMSD,RMSD,Time (ps),63900,0.23643929,nm,nm
line,overlay,wt-homo-4,wt-homo-4,rmsd,ru66q04s,ru66q04s::RMSD,wt-homo-4 / RMSD,RMSD,Time (ps),64000,0.2274214,nm,nm
line,overlay,wt-homo-4,wt-homo-4,rmsd,ru66q04s,ru66q04s::RMSD,wt-homo-4 / RMSD,RMSD,Time (ps),64100,0.21942902,nm,nm
line,overlay,wt-homo-4,wt-homo-4,rmsd,ru66q04s,ru66q04s::RMSD,wt-homo-4 / RMSD,RMSD,Time (ps),64200,0.22648041,nm,nm
line,overlay,wt-homo-4,wt-homo-4,rmsd,ru66q04s,ru66q04s::RMSD,wt-homo-4 / RMSD,RMSD,Time (ps),64300,0.24226052,nm,nm
line,overlay,wt-homo-4,wt-homo-4,rmsd,ru66q04s,ru66q04s::RMSD,wt-homo-4 / RMSD,RMSD,Time (ps),64400,0.2328362,nm,nm
line,overlay,wt-homo-4,wt-homo-4,rmsd,ru66q04s,ru66q04s::RMSD,wt-homo-4 / RMSD,RMSD,Time (ps),64500,0.24260049,nm,nm
line,overlay,wt-homo-4,wt-homo-4,rmsd,ru66q04s,ru66q04s::RMSD,wt-homo-4 / RMSD,RMSD,Time (ps),64600,0.24124421,nm,nm
line,overlay,wt-homo-4,wt-homo-4,rmsd,ru66q04s,ru66q04s::RMSD,wt-homo-4 / RMSD,RMSD,Time (ps),64700,0.23094963,nm,nm
line,overlay,wt-homo-4,wt-homo-4,rmsd,ru66q04s,ru66q04s::RMSD,wt-homo-4 / RMSD,RMSD,Time (ps),64800,0.2506047,nm,nm
line,overlay,wt-homo-4,wt-homo-4,rmsd,ru66q04s,ru66q04s::RMSD,wt-homo-4 / RMSD,RMSD,Time (ps),64900,0.2425321,nm,nm
line,overlay,wt-homo-4,wt-homo-4,rmsd,ru66q04s,ru66q04s::RMSD,wt-homo-4 / RMSD,RMSD,Time (ps),65000,0.2592363,nm,nm
line,overlay,wt-homo-4,wt-homo-4,rmsd,ru66q04s,ru66q04s::RMSD,wt-homo-4 / RMSD,RMSD,Time (ps),65100,0.23381811,nm,nm
line,overlay,wt-homo-4,wt-homo-4,rmsd,ru66q04s,ru66q04s::RMSD,wt-homo-4 / RMSD,RMSD,Time (ps),65200,0.25195584,nm,nm
line,overlay,wt-homo-4,wt-homo-4,rmsd,ru66q04s,ru66q04s::RMSD,wt-homo-4 / RMSD,RMSD,Time (ps),65300,0.26618934,nm,nm
line,overlay,wt-homo-4,wt-homo-4,rmsd,ru66q04s,ru66q04s::RMSD,wt-homo-4 / RMSD,RMSD,Time (ps),65400,0.24630067,nm,nm
line,overlay,wt-homo-4,wt-homo-4,rmsd,ru66q04s,ru66q04s::RMSD,wt-homo-4 / RMSD,RMSD,Time (ps),65500,0.25084245,nm,nm
line,overlay,wt-homo-4,wt-homo-4,rmsd,ru66q04s,ru66q04s::RMSD,wt-homo-4 / RMSD,RMSD,Time (ps),65600,0.2469921,nm,nm
line,overlay,wt-homo-4,wt-homo-4,rmsd,ru66q04s,ru66q04s::RMSD,wt-homo-4 / RMSD,RMSD,Time (ps),65700,0.24711168,nm,nm
line,overlay,wt-homo-4,wt-homo-4,rmsd,ru66q04s,ru66q04s::RMSD,wt-homo-4 / RMSD,RMSD,Time (ps),65800,0.24756435,nm,nm
line,overlay,wt-homo-4,wt-homo-4,rmsd,ru66q04s,ru66q04s::RMSD,wt-homo-4 / RMSD,RMSD,Time (ps),65900,0.22682802,nm,nm
line,overlay,wt-homo-4,wt-homo-4,rmsd,ru66q04s,ru66q04s::RMSD,wt-homo-4 / RMSD,RMSD,Time (ps),66000,0.23011994,nm,nm
line,overlay,wt-homo-4,wt-homo-4,rmsd,ru66q04s,ru66q04s::RMSD,wt-homo-4 / RMSD,RMSD,Time (ps),66100,0.25311145,nm,nm
line,overlay,wt-homo-4,wt-homo-4,rmsd,ru66q04s,ru66q04s::RMSD,wt-homo-4 / RMSD,RMSD,Time (ps),66200,0.27059463,nm,nm
line,overlay,wt-homo-4,wt-homo-4,rmsd,ru66q04s,ru66q04s::RMSD,wt-homo-4 / RMSD,RMSD,Time (ps),66300,0.24728991,nm,nm
line,overlay,wt-homo-4,wt-homo-4,rmsd,ru66q04s,ru66q04s::RMSD,wt-homo-4 / RMSD,RMSD,Time (ps),66400,0.26264307,nm,nm
line,overlay,wt-homo-4,wt-homo-4,rmsd,ru66q04s,ru66q04s::RMSD,wt-homo-4 / RMSD,RMSD,Time (ps),66500,0.26804835,nm,nm
line,overlay,wt-homo-4,wt-homo-4,rmsd,ru66q04s,ru66q04s::RMSD,wt-homo-4 / RMSD,RMSD,Time (ps),66600,0.26168215,nm,nm
line,overlay,wt-homo-4,wt-homo-4,rmsd,ru66q04s,ru66q04s::RMSD,wt-homo-4 / RMSD,RMSD,Time (ps),66700,0.25490317,nm,nm
line,overlay,wt-homo-4,wt-homo-4,rmsd,ru66q04s,ru66q04s::RMSD,wt-homo-4 / RMSD,RMSD,Time (ps),66800,0.25772226,nm,nm
line,overlay,wt-homo-4,wt-homo-4,rmsd,ru66q04s,ru66q04s::RMSD,wt-homo-4 / RMSD,RMSD,Time (ps),66900,0.28557727,nm,nm
line,overlay,wt-homo-4,wt-homo-4,rmsd,ru66q04s,ru66q04s::RMSD,wt-homo-4 / RMSD,RMSD,Time (ps),67000,0.25661975,nm,nm
line,overlay,wt-homo-4,wt-homo-4,rmsd,ru66q04s,ru66q04s::RMSD,wt-homo-4 / RMSD,RMSD,Time (ps),67100,0.25769007,nm,nm
line,overlay,wt-homo-4,wt-homo-4,rmsd,ru66q04s,ru66q04s::RMSD,wt-homo-4 / RMSD,RMSD,Time (ps),67200,0.2658698,nm,nm
line,overlay,wt-homo-4,wt-homo-4,rmsd,ru66q04s,ru66q04s::RMSD,wt-homo-4 / RMSD,RMSD,Time (ps),67300,0.27003855,nm,nm
line,overlay,wt-homo-4,wt-homo-4,rmsd,ru66q04s,ru66q04s::RMSD,wt-homo-4 / RMSD,RMSD,Time (ps),67400,0.26068988,nm,nm
line,overlay,wt-homo-4,wt-homo-4,rmsd,ru66q04s,ru66q04s::RMSD,wt-homo-4 / RMSD,RMSD,Time (ps),67500,0.26544833,nm,nm
line,overlay,wt-homo-4,wt-homo-4,rmsd,ru66q04s,ru66q04s::RMSD,wt-homo-4 / RMSD,RMSD,Time (ps),67600,0.2762122,nm,nm
line,overlay,wt-homo-4,wt-homo-4,rmsd,ru66q04s,ru66q04s::RMSD,wt-homo-4 / RMSD,RMSD,Time (ps),67700,0.27133113,nm,nm
line,overlay,wt-homo-4,wt-homo-4,rmsd,ru66q04s,ru66q04s::RMSD,wt-homo-4 / RMSD,RMSD,Time (ps),67800,0.27752084,nm,nm
line,overlay,wt-homo-4,wt-homo-4,rmsd,ru66q04s,ru66q04s::RMSD,wt-homo-4 / RMSD,RMSD,Time (ps),67900,0.2654952,nm,nm
line,overlay,wt-homo-4,wt-homo-4,rmsd,ru66q04s,ru66q04s::RMSD,wt-homo-4 / RMSD,RMSD,Time (ps),68000,0.27516115,nm,nm
line,overlay,wt-homo-4,wt-homo-4,rmsd,ru66q04s,ru66q04s::RMSD,wt-homo-4 / RMSD,RMSD,Time (ps),68100,0.28448248,nm,nm
line,overlay,wt-homo-4,wt-homo-4,rmsd,ru66q04s,ru66q04s::RMSD,wt-homo-4 / RMSD,RMSD,Time (ps),68200,0.2714839,nm,nm
line,overlay,wt-homo-4,wt-homo-4,rmsd,ru66q04s,ru66q04s::RMSD,wt-homo-4 / RMSD,RMSD,Time (ps),68300,0.29210943,nm,nm
line,overlay,wt-homo-4,wt-homo-4,rmsd,ru66q04s,ru66q04s::RMSD,wt-homo-4 / RMSD,RMSD,Time (ps),68400,0.26818946,nm,nm
line,overlay,wt-homo-4,wt-homo-4,rmsd,ru66q04s,ru66q04s::RMSD,wt-homo-4 / RMSD,RMSD,Time (ps),68500,0.29331893,nm,nm
line,overlay,wt-homo-4,wt-homo-4,rmsd,ru66q04s,ru66q04s::RMSD,wt-homo-4 / RMSD,RMSD,Time (ps),68600,0.26568842,nm,nm
line,overlay,wt-homo-4,wt-homo-4,rmsd,ru66q04s,ru66q04s::RMSD,wt-homo-4 / RMSD,RMSD,Time (ps),68700,0.2782502,nm,nm
line,overlay,wt-homo-4,wt-homo-4,rmsd,ru66q04s,ru66q04s::RMSD,wt-homo-4 / RMSD,RMSD,Time (ps),68800,0.28038615,nm,nm
line,overlay,wt-homo-4,wt-homo-4,rmsd,ru66q04s,ru66q04s::RMSD,wt-homo-4 / RMSD,RMSD,Time (ps),68900,0.26879182,nm,nm
line,overlay,wt-homo-4,wt-homo-4,rmsd,ru66q04s,ru66q04s::RMSD,wt-homo-4 / RMSD,RMSD,Time (ps),69000,0.26987535,nm,nm
line,overlay,wt-homo-4,wt-homo-4,rmsd,ru66q04s,ru66q04s::RMSD,wt-homo-4 / RMSD,RMSD,Time (ps),69100,0.29396322,nm,nm
line,overlay,wt-homo-4,wt-homo-4,rmsd,ru66q04s,ru66q04s::RMSD,wt-homo-4 / RMSD,RMSD,Time (ps),69200,0.27212468,nm,nm
line,overlay,wt-homo-4,wt-homo-4,rmsd,ru66q04s,ru66q04s::RMSD,wt-homo-4 / RMSD,RMSD,Time (ps),69300,0.26196527,nm,nm
line,overlay,wt-homo-4,wt-homo-4,rmsd,ru66q04s,ru66q04s::RMSD,wt-homo-4 / RMSD,RMSD,Time (ps),69400,0.26890364,nm,nm
line,overlay,wt-homo-4,wt-homo-4,rmsd,ru66q04s,ru66q04s::RMSD,wt-homo-4 / RMSD,RMSD,Time (ps),69500,0.2541007,nm,nm
line,overlay,wt-homo-4,wt-homo-4,rmsd,ru66q04s,ru66q04s::RMSD,wt-homo-4 / RMSD,RMSD,Time (ps),69600,0.24624383,nm,nm
line,overlay,wt-homo-4,wt-homo-4,rmsd,ru66q04s,ru66q04s::RMSD,wt-homo-4 / RMSD,RMSD,Time (ps),69700,0.23740849,nm,nm
line,overlay,wt-homo-4,wt-homo-4,rmsd,ru66q04s,ru66q04s::RMSD,wt-homo-4 / RMSD,RMSD,Time (ps),69800,0.2478113,nm,nm
line,overlay,wt-homo-4,wt-homo-4,rmsd,ru66q04s,ru66q04s::RMSD,wt-homo-4 / RMSD,RMSD,Time (ps),69900,0.24131511,nm,nm
line,overlay,wt-homo-4,wt-homo-4,rmsd,ru66q04s,ru66q04s::RMSD,wt-homo-4 / RMSD,RMSD,Time (ps),70000,0.25467733,nm,nm
line,overlay,wt-homo-4,wt-homo-4,rmsd,ru66q04s,ru66q04s::RMSD,wt-homo-4 / RMSD,RMSD,Time (ps),70100,0.24231616,nm,nm
line,overlay,wt-homo-4,wt-homo-4,rmsd,ru66q04s,ru66q04s::RMSD,wt-homo-4 / RMSD,RMSD,Time (ps),70200,0.25540495,nm,nm
line,overlay,wt-homo-4,wt-homo-4,rmsd,ru66q04s,ru66q04s::RMSD,wt-homo-4 / RMSD,RMSD,Time (ps),70300,0.25558752,nm,nm
line,overlay,wt-homo-4,wt-homo-4,rmsd,ru66q04s,ru66q04s::RMSD,wt-homo-4 / RMSD,RMSD,Time (ps),70400,0.2593223,nm,nm
line,overlay,wt-homo-4,wt-homo-4,rmsd,ru66q04s,ru66q04s::RMSD,wt-homo-4 / RMSD,RMSD,Time (ps),70500,0.2686124,nm,nm
line,overlay,wt-homo-4,wt-homo-4,rmsd,ru66q04s,ru66q04s::RMSD,wt-homo-4 / RMSD,RMSD,Time (ps),70600,0.25320563,nm,nm
line,overlay,wt-homo-4,wt-homo-4,rmsd,ru66q04s,ru66q04s::RMSD,wt-homo-4 / RMSD,RMSD,Time (ps),70700,0.25208336,nm,nm
line,overlay,wt-homo-4,wt-homo-4,rmsd,ru66q04s,ru66q04s::RMSD,wt-homo-4 / RMSD,RMSD,Time (ps),70800,0.25938824,nm,nm
line,overlay,wt-homo-4,wt-homo-4,rmsd,ru66q04s,ru66q04s::RMSD,wt-homo-4 / RMSD,RMSD,Time (ps),70900,0.24949981,nm,nm
line,overlay,wt-homo-4,wt-homo-4,rmsd,ru66q04s,ru66q04s::RMSD,wt-homo-4 / RMSD,RMSD,Time (ps),71000,0.27656475,nm,nm
line,overlay,wt-homo-4,wt-homo-4,rmsd,ru66q04s,ru66q04s::RMSD,wt-homo-4 / RMSD,RMSD,Time (ps),71100,0.25772628,nm,nm
line,overlay,wt-homo-4,wt-homo-4,rmsd,ru66q04s,ru66q04s::RMSD,wt-homo-4 / RMSD,RMSD,Time (ps),71200,0.24505374,nm,nm
line,overlay,wt-homo-4,wt-homo-4,rmsd,ru66q04s,ru66q04s::RMSD,wt-homo-4 / RMSD,RMSD,Time (ps),71300,0.27207133,nm,nm
line,overlay,wt-homo-4,wt-homo-4,rmsd,ru66q04s,ru66q04s::RMSD,wt-homo-4 / RMSD,RMSD,Time (ps),71400,0.239504,nm,nm
line,overlay,wt-homo-4,wt-homo-4,rmsd,ru66q04s,ru66q04s::RMSD,wt-homo-4 / RMSD,RMSD,Time (ps),71500,0.25279588,nm,nm
line,overlay,wt-homo-4,wt-homo-4,rmsd,ru66q04s,ru66q04s::RMSD,wt-homo-4 / RMSD,RMSD,Time (ps),71600,0.26056457,nm,nm
line,overlay,wt-homo-4,wt-homo-4,rmsd,ru66q04s,ru66q04s::RMSD,wt-homo-4 / RMSD,RMSD,Time (ps),71700,0.23182106,nm,nm
line,overlay,wt-homo-4,wt-homo-4,rmsd,ru66q04s,ru66q04s::RMSD,wt-homo-4 / RMSD,RMSD,Time (ps),71800,0.25965187,nm,nm
line,overlay,wt-homo-4,wt-homo-4,rmsd,ru66q04s,ru66q04s::RMSD,wt-homo-4 / RMSD,RMSD,Time (ps),71900,0.24219204,nm,nm
line,overlay,wt-homo-4,wt-homo-4,rmsd,ru66q04s,ru66q04s::RMSD,wt-homo-4 / RMSD,RMSD,Time (ps),72000,0.26557523,nm,nm
line,overlay,wt-homo-4,wt-homo-4,rmsd,ru66q04s,ru66q04s::RMSD,wt-homo-4 / RMSD,RMSD,Time (ps),72100,0.28744072,nm,nm
line,overlay,wt-homo-4,wt-homo-4,rmsd,ru66q04s,ru66q04s::RMSD,wt-homo-4 / RMSD,RMSD,Time (ps),72200,0.2669574,nm,nm
line,overlay,wt-homo-4,wt-homo-4,rmsd,ru66q04s,ru66q04s::RMSD,wt-homo-4 / RMSD,RMSD,Time (ps),72300,0.2676245,nm,nm
line,overlay,wt-homo-4,wt-homo-4,rmsd,ru66q04s,ru66q04s::RMSD,wt-homo-4 / RMSD,RMSD,Time (ps),72400,0.2704969,nm,nm
line,overlay,wt-homo-4,wt-homo-4,rmsd,ru66q04s,ru66q04s::RMSD,wt-homo-4 / RMSD,RMSD,Time (ps),72500,0.2621611,nm,nm
line,overlay,wt-homo-4,wt-homo-4,rmsd,ru66q04s,ru66q04s::RMSD,wt-homo-4 / RMSD,RMSD,Time (ps),72600,0.26845992,nm,nm
line,overlay,wt-homo-4,wt-homo-4,rmsd,ru66q04s,ru66q04s::RMSD,wt-homo-4 / RMSD,RMSD,Time (ps),72700,0.2563085,nm,nm
line,overlay,wt-homo-4,wt-homo-4,rmsd,ru66q04s,ru66q04s::RMSD,wt-homo-4 / RMSD,RMSD,Time (ps),72800,0.26469156,nm,nm
line,overlay,wt-homo-4,wt-homo-4,rmsd,ru66q04s,ru66q04s::RMSD,wt-homo-4 / RMSD,RMSD,Time (ps),72900,0.2628936,nm,nm
line,overlay,wt-homo-4,wt-homo-4,rmsd,ru66q04s,ru66q04s::RMSD,wt-homo-4 / RMSD,RMSD,Time (ps),73000,0.25219232,nm,nm
line,overlay,wt-homo-4,wt-homo-4,rmsd,ru66q04s,ru66q04s::RMSD,wt-homo-4 / RMSD,RMSD,Time (ps),73100,0.25148222,nm,nm
line,overlay,wt-homo-4,wt-homo-4,rmsd,ru66q04s,ru66q04s::RMSD,wt-homo-4 / RMSD,RMSD,Time (ps),73200,0.24482732,nm,nm
line,overlay,wt-homo-4,wt-homo-4,rmsd,ru66q04s,ru66q04s::RMSD,wt-homo-4 / RMSD,RMSD,Time (ps),73300,0.24686614,nm,nm
line,overlay,wt-homo-4,wt-homo-4,rmsd,ru66q04s,ru66q04s::RMSD,wt-homo-4 / RMSD,RMSD,Time (ps),73400,0.23915963,nm,nm
line,overlay,wt-homo-4,wt-homo-4,rmsd,ru66q04s,ru66q04s::RMSD,wt-homo-4 / RMSD,RMSD,Time (ps),73500,0.25619522,nm,nm
line,overlay,wt-homo-4,wt-homo-4,rmsd,ru66q04s,ru66q04s::RMSD,wt-homo-4 / RMSD,RMSD,Time (ps),73600,0.2708129,nm,nm
line,overlay,wt-homo-4,wt-homo-4,rmsd,ru66q04s,ru66q04s::RMSD,wt-homo-4 / RMSD,RMSD,Time (ps),73700,0.2519579,nm,nm
line,overlay,wt-homo-4,wt-homo-4,rmsd,ru66q04s,ru66q04s::RMSD,wt-homo-4 / RMSD,RMSD,Time (ps),73800,0.2647503,nm,nm
line,overlay,wt-homo-4,wt-homo-4,rmsd,ru66q04s,ru66q04s::RMSD,wt-homo-4 / RMSD,RMSD,Time (ps),73900,0.2611349,nm,nm
line,overlay,wt-homo-4,wt-homo-4,rmsd,ru66q04s,ru66q04s::RMSD,wt-homo-4 / RMSD,RMSD,Time (ps),74000,0.2487987,nm,nm
line,overlay,wt-homo-4,wt-homo-4,rmsd,ru66q04s,ru66q04s::RMSD,wt-homo-4 / RMSD,RMSD,Time (ps),74100,0.23207358,nm,nm
line,overlay,wt-homo-4,wt-homo-4,rmsd,ru66q04s,ru66q04s::RMSD,wt-homo-4 / RMSD,RMSD,Time (ps),74200,0.24102496,nm,nm
line,overlay,wt-homo-4,wt-homo-4,rmsd,ru66q04s,ru66q04s::RMSD,wt-homo-4 / RMSD,RMSD,Time (ps),74300,0.22783129,nm,nm
line,overlay,wt-homo-4,wt-homo-4,rmsd,ru66q04s,ru66q04s::RMSD,wt-homo-4 / RMSD,RMSD,Time (ps),74400,0.2547099,nm,nm
line,overlay,wt-homo-4,wt-homo-4,rmsd,ru66q04s,ru66q04s::RMSD,wt-homo-4 / RMSD,RMSD,Time (ps),74500,0.23594551,nm,nm
line,overlay,wt-homo-4,wt-homo-4,rmsd,ru66q04s,ru66q04s::RMSD,wt-homo-4 / RMSD,RMSD,Time (ps),74600,0.24744497,nm,nm
line,overlay,wt-homo-4,wt-homo-4,rmsd,ru66q04s,ru66q04s::RMSD,wt-homo-4 / RMSD,RMSD,Time (ps),74700,0.24096903,nm,nm
line,overlay,wt-homo-4,wt-homo-4,rmsd,ru66q04s,ru66q04s::RMSD,wt-homo-4 / RMSD,RMSD,Time (ps),74800,0.2433855,nm,nm
line,overlay,wt-homo-4,wt-homo-4,rmsd,ru66q04s,ru66q04s::RMSD,wt-homo-4 / RMSD,RMSD,Time (ps),74900,0.26074556,nm,nm
line,overlay,wt-homo-4,wt-homo-4,rmsd,ru66q04s,ru66q04s::RMSD,wt-homo-4 / RMSD,RMSD,Time (ps),75000,0.25826874,nm,nm
line,overlay,wt-homo-4,wt-homo-4,rmsd,ru66q04s,ru66q04s::RMSD,wt-homo-4 / RMSD,RMSD,Time (ps),75100,0.2467086,nm,nm
line,overlay,wt-homo-4,wt-homo-4,rmsd,ru66q04s,ru66q04s::RMSD,wt-homo-4 / RMSD,RMSD,Time (ps),75200,0.2296216,nm,nm
line,overlay,wt-homo-4,wt-homo-4,rmsd,ru66q04s,ru66q04s::RMSD,wt-homo-4 / RMSD,RMSD,Time (ps),75300,0.2479953,nm,nm
line,overlay,wt-homo-4,wt-homo-4,rmsd,ru66q04s,ru66q04s::RMSD,wt-homo-4 / RMSD,RMSD,Time (ps),75400,0.23825195,nm,nm
line,overlay,wt-homo-4,wt-homo-4,rmsd,ru66q04s,ru66q04s::RMSD,wt-homo-4 / RMSD,RMSD,Time (ps),75500,0.23622654,nm,nm
line,overlay,wt-homo-4,wt-homo-4,rmsd,ru66q04s,ru66q04s::RMSD,wt-homo-4 / RMSD,RMSD,Time (ps),75600,0.24417435,nm,nm
line,overlay,wt-homo-4,wt-homo-4,rmsd,ru66q04s,ru66q04s::RMSD,wt-homo-4 / RMSD,RMSD,Time (ps),75700,0.23079695,nm,nm
line,overlay,wt-homo-4,wt-homo-4,rmsd,ru66q04s,ru66q04s::RMSD,wt-homo-4 / RMSD,RMSD,Time (ps),75800,0.23257113,nm,nm
line,overlay,wt-homo-4,wt-homo-4,rmsd,ru66q04s,ru66q04s::RMSD,wt-homo-4 / RMSD,RMSD,Time (ps),75900,0.24461338,nm,nm
line,overlay,wt-homo-4,wt-homo-4,rmsd,ru66q04s,ru66q04s::RMSD,wt-homo-4 / RMSD,RMSD,Time (ps),76000,0.23612998,nm,nm
line,overlay,wt-homo-4,wt-homo-4,rmsd,ru66q04s,ru66q04s::RMSD,wt-homo-4 / RMSD,RMSD,Time (ps),76100,0.23708294,nm,nm
line,overlay,wt-homo-4,wt-homo-4,rmsd,ru66q04s,ru66q04s::RMSD,wt-homo-4 / RMSD,RMSD,Time (ps),76200,0.23056327,nm,nm
line,overlay,wt-homo-4,wt-homo-4,rmsd,ru66q04s,ru66q04s::RMSD,wt-homo-4 / RMSD,RMSD,Time (ps),76300,0.23808654,nm,nm
line,overlay,wt-homo-4,wt-homo-4,rmsd,ru66q04s,ru66q04s::RMSD,wt-homo-4 / RMSD,RMSD,Time (ps),76400,0.25713834,nm,nm
line,overlay,wt-homo-4,wt-homo-4,rmsd,ru66q04s,ru66q04s::RMSD,wt-homo-4 / RMSD,RMSD,Time (ps),76500,0.26128572,nm,nm
line,overlay,wt-homo-4,wt-homo-4,rmsd,ru66q04s,ru66q04s::RMSD,wt-homo-4 / RMSD,RMSD,Time (ps),76600,0.23218077,nm,nm
line,overlay,wt-homo-4,wt-homo-4,rmsd,ru66q04s,ru66q04s::RMSD,wt-homo-4 / RMSD,RMSD,Time (ps),76700,0.22816095,nm,nm
line,overlay,wt-homo-4,wt-homo-4,rmsd,ru66q04s,ru66q04s::RMSD,wt-homo-4 / RMSD,RMSD,Time (ps),76800,0.24861321,nm,nm
line,overlay,wt-homo-4,wt-homo-4,rmsd,ru66q04s,ru66q04s::RMSD,wt-homo-4 / RMSD,RMSD,Time (ps),76900,0.25463054,nm,nm
line,overlay,wt-homo-4,wt-homo-4,rmsd,ru66q04s,ru66q04s::RMSD,wt-homo-4 / RMSD,RMSD,Time (ps),77000,0.23187694,nm,nm
line,overlay,wt-homo-4,wt-homo-4,rmsd,ru66q04s,ru66q04s::RMSD,wt-homo-4 / RMSD,RMSD,Time (ps),77100,0.2486966,nm,nm
line,overlay,wt-homo-4,wt-homo-4,rmsd,ru66q04s,ru66q04s::RMSD,wt-homo-4 / RMSD,RMSD,Time (ps),77200,0.2621848,nm,nm
line,overlay,wt-homo-4,wt-homo-4,rmsd,ru66q04s,ru66q04s::RMSD,wt-homo-4 / RMSD,RMSD,Time (ps),77300,0.2506564,nm,nm
line,overlay,wt-homo-4,wt-homo-4,rmsd,ru66q04s,ru66q04s::RMSD,wt-homo-4 / RMSD,RMSD,Time (ps),77400,0.23926798,nm,nm
line,overlay,wt-homo-4,wt-homo-4,rmsd,ru66q04s,ru66q04s::RMSD,wt-homo-4 / RMSD,RMSD,Time (ps),77500,0.25101185,nm,nm
line,overlay,wt-homo-4,wt-homo-4,rmsd,ru66q04s,ru66q04s::RMSD,wt-homo-4 / RMSD,RMSD,Time (ps),77600,0.23999046,nm,nm
line,overlay,wt-homo-4,wt-homo-4,rmsd,ru66q04s,ru66q04s::RMSD,wt-homo-4 / RMSD,RMSD,Time (ps),77700,0.2429997,nm,nm
line,overlay,wt-homo-4,wt-homo-4,rmsd,ru66q04s,ru66q04s::RMSD,wt-homo-4 / RMSD,RMSD,Time (ps),77800,0.22421008,nm,nm
line,overlay,wt-homo-4,wt-homo-4,rmsd,ru66q04s,ru66q04s::RMSD,wt-homo-4 / RMSD,RMSD,Time (ps),77900,0.24169073,nm,nm
line,overlay,wt-homo-4,wt-homo-4,rmsd,ru66q04s,ru66q04s::RMSD,wt-homo-4 / RMSD,RMSD,Time (ps),78000,0.25037295,nm,nm
line,overlay,wt-homo-4,wt-homo-4,rmsd,ru66q04s,ru66q04s::RMSD,wt-homo-4 / RMSD,RMSD,Time (ps),78100,0.23247528,nm,nm
line,overlay,wt-homo-4,wt-homo-4,rmsd,ru66q04s,ru66q04s::RMSD,wt-homo-4 / RMSD,RMSD,Time (ps),78200,0.2318613,nm,nm
line,overlay,wt-homo-4,wt-homo-4,rmsd,ru66q04s,ru66q04s::RMSD,wt-homo-4 / RMSD,RMSD,Time (ps),78300,0.23653135,nm,nm
line,overlay,wt-homo-4,wt-homo-4,rmsd,ru66q04s,ru66q04s::RMSD,wt-homo-4 / RMSD,RMSD,Time (ps),78400,0.22837213,nm,nm
line,overlay,wt-homo-4,wt-homo-4,rmsd,ru66q04s,ru66q04s::RMSD,wt-homo-4 / RMSD,RMSD,Time (ps),78500,0.24727525,nm,nm
line,overlay,wt-homo-4,wt-homo-4,rmsd,ru66q04s,ru66q04s::RMSD,wt-homo-4 / RMSD,RMSD,Time (ps),78600,0.22564119,nm,nm
line,overlay,wt-homo-4,wt-homo-4,rmsd,ru66q04s,ru66q04s::RMSD,wt-homo-4 / RMSD,RMSD,Time (ps),78700,0.22572617,nm,nm
line,overlay,wt-homo-4,wt-homo-4,rmsd,ru66q04s,ru66q04s::RMSD,wt-homo-4 / RMSD,RMSD,Time (ps),78800,0.2387757,nm,nm
line,overlay,wt-homo-4,wt-homo-4,rmsd,ru66q04s,ru66q04s::RMSD,wt-homo-4 / RMSD,RMSD,Time (ps),78900,0.22996673,nm,nm
line,overlay,wt-homo-4,wt-homo-4,rmsd,ru66q04s,ru66q04s::RMSD,wt-homo-4 / RMSD,RMSD,Time (ps),79000,0.23006362,nm,nm
line,overlay,wt-homo-4,wt-homo-4,rmsd,ru66q04s,ru66q04s::RMSD,wt-homo-4 / RMSD,RMSD,Time (ps),79100,0.24168,nm,nm
line,overlay,wt-homo-4,wt-homo-4,rmsd,ru66q04s,ru66q04s::RMSD,wt-homo-4 / RMSD,RMSD,Time (ps),79200,0.22995996,nm,nm
line,overlay,wt-homo-4,wt-homo-4,rmsd,ru66q04s,ru66q04s::RMSD,wt-homo-4 / RMSD,RMSD,Time (ps),79300,0.24606696,nm,nm
line,overlay,wt-homo-4,wt-homo-4,rmsd,ru66q04s,ru66q04s::RMSD,wt-homo-4 / RMSD,RMSD,Time (ps),79400,0.22984724,nm,nm
line,overlay,wt-homo-4,wt-homo-4,rmsd,ru66q04s,ru66q04s::RMSD,wt-homo-4 / RMSD,RMSD,Time (ps),79500,0.23649628,nm,nm
line,overlay,wt-homo-4,wt-homo-4,rmsd,ru66q04s,ru66q04s::RMSD,wt-homo-4 / RMSD,RMSD,Time (ps),79600,0.23645902,nm,nm
line,overlay,wt-homo-4,wt-homo-4,rmsd,ru66q04s,ru66q04s::RMSD,wt-homo-4 / RMSD,RMSD,Time (ps),79700,0.22263944,nm,nm
line,overlay,wt-homo-4,wt-homo-4,rmsd,ru66q04s,ru66q04s::RMSD,wt-homo-4 / RMSD,RMSD,Time (ps),79800,0.22694226,nm,nm
line,overlay,wt-homo-4,wt-homo-4,rmsd,ru66q04s,ru66q04s::RMSD,wt-homo-4 / RMSD,RMSD,Time (ps),79900,0.21695597,nm,nm
line,overlay,wt-homo-4,wt-homo-4,rmsd,ru66q04s,ru66q04s::RMSD,wt-homo-4 / RMSD,RMSD,Time (ps),80000,0.21717806,nm,nm
line,overlay,wt-homo-4,wt-homo-4,rmsd,ru66q04s,ru66q04s::RMSD,wt-homo-4 / RMSD,RMSD,Time (ps),80100,0.22628579,nm,nm
line,overlay,wt-homo-4,wt-homo-4,rmsd,ru66q04s,ru66q04s::RMSD,wt-homo-4 / RMSD,RMSD,Time (ps),80200,0.2339112,nm,nm
line,overlay,wt-homo-4,wt-homo-4,rmsd,ru66q04s,ru66q04s::RMSD,wt-homo-4 / RMSD,RMSD,Time (ps),80300,0.22859898,nm,nm
line,overlay,wt-homo-4,wt-homo-4,rmsd,ru66q04s,ru66q04s::RMSD,wt-homo-4 / RMSD,RMSD,Time (ps),80400,0.23563774,nm,nm
line,overlay,wt-homo-4,wt-homo-4,rmsd,ru66q04s,ru66q04s::RMSD,wt-homo-4 / RMSD,RMSD,Time (ps),80500,0.23915529,nm,nm
line,overlay,wt-homo-4,wt-homo-4,rmsd,ru66q04s,ru66q04s::RMSD,wt-homo-4 / RMSD,RMSD,Time (ps),80600,0.25273436,nm,nm
line,overlay,wt-homo-4,wt-homo-4,rmsd,ru66q04s,ru66q04s::RMSD,wt-homo-4 / RMSD,RMSD,Time (ps),80700,0.25261125,nm,nm
line,overlay,wt-homo-4,wt-homo-4,rmsd,ru66q04s,ru66q04s::RMSD,wt-homo-4 / RMSD,RMSD,Time (ps),80800,0.2445816,nm,nm
line,overlay,wt-homo-4,wt-homo-4,rmsd,ru66q04s,ru66q04s::RMSD,wt-homo-4 / RMSD,RMSD,Time (ps),80900,0.24971993,nm,nm
line,overlay,wt-homo-4,wt-homo-4,rmsd,ru66q04s,ru66q04s::RMSD,wt-homo-4 / RMSD,RMSD,Time (ps),81000,0.24224554,nm,nm
line,overlay,wt-homo-4,wt-homo-4,rmsd,ru66q04s,ru66q04s::RMSD,wt-homo-4 / RMSD,RMSD,Time (ps),81100,0.23721628,nm,nm
line,overlay,wt-homo-4,wt-homo-4,rmsd,ru66q04s,ru66q04s::RMSD,wt-homo-4 / RMSD,RMSD,Time (ps),81200,0.24729201,nm,nm
line,overlay,wt-homo-4,wt-homo-4,rmsd,ru66q04s,ru66q04s::RMSD,wt-homo-4 / RMSD,RMSD,Time (ps),81300,0.25620937,nm,nm
line,overlay,wt-homo-4,wt-homo-4,rmsd,ru66q04s,ru66q04s::RMSD,wt-homo-4 / RMSD,RMSD,Time (ps),81400,0.26779103,nm,nm
line,overlay,wt-homo-4,wt-homo-4,rmsd,ru66q04s,ru66q04s::RMSD,wt-homo-4 / RMSD,RMSD,Time (ps),81500,0.27049884,nm,nm
line,overlay,wt-homo-4,wt-homo-4,rmsd,ru66q04s,ru66q04s::RMSD,wt-homo-4 / RMSD,RMSD,Time (ps),81600,0.25525266,nm,nm
line,overlay,wt-homo-4,wt-homo-4,rmsd,ru66q04s,ru66q04s::RMSD,wt-homo-4 / RMSD,RMSD,Time (ps),81700,0.2648051,nm,nm
line,overlay,wt-homo-4,wt-homo-4,rmsd,ru66q04s,ru66q04s::RMSD,wt-homo-4 / RMSD,RMSD,Time (ps),81800,0.25027353,nm,nm
line,overlay,wt-homo-4,wt-homo-4,rmsd,ru66q04s,ru66q04s::RMSD,wt-homo-4 / RMSD,RMSD,Time (ps),81900,0.25040606,nm,nm
line,overlay,wt-homo-4,wt-homo-4,rmsd,ru66q04s,ru66q04s::RMSD,wt-homo-4 / RMSD,RMSD,Time (ps),82000,0.2520155,nm,nm
line,overlay,wt-homo-4,wt-homo-4,rmsd,ru66q04s,ru66q04s::RMSD,wt-homo-4 / RMSD,RMSD,Time (ps),82100,0.24787822,nm,nm
line,overlay,wt-homo-4,wt-homo-4,rmsd,ru66q04s,ru66q04s::RMSD,wt-homo-4 / RMSD,RMSD,Time (ps),82200,0.2524799,nm,nm
line,overlay,wt-homo-4,wt-homo-4,rmsd,ru66q04s,ru66q04s::RMSD,wt-homo-4 / RMSD,RMSD,Time (ps),82300,0.25858966,nm,nm
line,overlay,wt-homo-4,wt-homo-4,rmsd,ru66q04s,ru66q04s::RMSD,wt-homo-4 / RMSD,RMSD,Time (ps),82400,0.2746313,nm,nm
line,overlay,wt-homo-4,wt-homo-4,rmsd,ru66q04s,ru66q04s::RMSD,wt-homo-4 / RMSD,RMSD,Time (ps),82500,0.27429324,nm,nm
line,overlay,wt-homo-4,wt-homo-4,rmsd,ru66q04s,ru66q04s::RMSD,wt-homo-4 / RMSD,RMSD,Time (ps),82600,0.26632562,nm,nm
line,overlay,wt-homo-4,wt-homo-4,rmsd,ru66q04s,ru66q04s::RMSD,wt-homo-4 / RMSD,RMSD,Time (ps),82700,0.27902964,nm,nm
line,overlay,wt-homo-4,wt-homo-4,rmsd,ru66q04s,ru66q04s::RMSD,wt-homo-4 / RMSD,RMSD,Time (ps),82800,0.26917914,nm,nm
line,overlay,wt-homo-4,wt-homo-4,rmsd,ru66q04s,ru66q04s::RMSD,wt-homo-4 / RMSD,RMSD,Time (ps),82900,0.27449536,nm,nm
line,overlay,wt-homo-4,wt-homo-4,rmsd,ru66q04s,ru66q04s::RMSD,wt-homo-4 / RMSD,RMSD,Time (ps),83000,0.2640367,nm,nm
line,overlay,wt-homo-4,wt-homo-4,rmsd,ru66q04s,ru66q04s::RMSD,wt-homo-4 / RMSD,RMSD,Time (ps),83100,0.25548813,nm,nm
line,overlay,wt-homo-4,wt-homo-4,rmsd,ru66q04s,ru66q04s::RMSD,wt-homo-4 / RMSD,RMSD,Time (ps),83200,0.26086876,nm,nm
line,overlay,wt-homo-4,wt-homo-4,rmsd,ru66q04s,ru66q04s::RMSD,wt-homo-4 / RMSD,RMSD,Time (ps),83300,0.25866184,nm,nm
line,overlay,wt-homo-4,wt-homo-4,rmsd,ru66q04s,ru66q04s::RMSD,wt-homo-4 / RMSD,RMSD,Time (ps),83400,0.26385796,nm,nm
line,overlay,wt-homo-4,wt-homo-4,rmsd,ru66q04s,ru66q04s::RMSD,wt-homo-4 / RMSD,RMSD,Time (ps),83500,0.261119,nm,nm
line,overlay,wt-homo-4,wt-homo-4,rmsd,ru66q04s,ru66q04s::RMSD,wt-homo-4 / RMSD,RMSD,Time (ps),83600,0.2764898,nm,nm
line,overlay,wt-homo-4,wt-homo-4,rmsd,ru66q04s,ru66q04s::RMSD,wt-homo-4 / RMSD,RMSD,Time (ps),83700,0.25875,nm,nm
line,overlay,wt-homo-4,wt-homo-4,rmsd,ru66q04s,ru66q04s::RMSD,wt-homo-4 / RMSD,RMSD,Time (ps),83800,0.2587079,nm,nm
line,overlay,wt-homo-4,wt-homo-4,rmsd,ru66q04s,ru66q04s::RMSD,wt-homo-4 / RMSD,RMSD,Time (ps),83900,0.24914639,nm,nm
line,overlay,wt-homo-4,wt-homo-4,rmsd,ru66q04s,ru66q04s::RMSD,wt-homo-4 / RMSD,RMSD,Time (ps),84000,0.24566007,nm,nm
line,overlay,wt-homo-4,wt-homo-4,rmsd,ru66q04s,ru66q04s::RMSD,wt-homo-4 / RMSD,RMSD,Time (ps),84100,0.25857562,nm,nm
line,overlay,wt-homo-4,wt-homo-4,rmsd,ru66q04s,ru66q04s::RMSD,wt-homo-4 / RMSD,RMSD,Time (ps),84200,0.25550032,nm,nm
line,overlay,wt-homo-4,wt-homo-4,rmsd,ru66q04s,ru66q04s::RMSD,wt-homo-4 / RMSD,RMSD,Time (ps),84300,0.25933626,nm,nm
line,overlay,wt-homo-4,wt-homo-4,rmsd,ru66q04s,ru66q04s::RMSD,wt-homo-4 / RMSD,RMSD,Time (ps),84400,0.25729954,nm,nm
line,overlay,wt-homo-4,wt-homo-4,rmsd,ru66q04s,ru66q04s::RMSD,wt-homo-4 / RMSD,RMSD,Time (ps),84500,0.25911433,nm,nm
line,overlay,wt-homo-4,wt-homo-4,rmsd,ru66q04s,ru66q04s::RMSD,wt-homo-4 / RMSD,RMSD,Time (ps),84600,0.2428781,nm,nm
line,overlay,wt-homo-4,wt-homo-4,rmsd,ru66q04s,ru66q04s::RMSD,wt-homo-4 / RMSD,RMSD,Time (ps),84700,0.24985482,nm,nm
line,overlay,wt-homo-4,wt-homo-4,rmsd,ru66q04s,ru66q04s::RMSD,wt-homo-4 / RMSD,RMSD,Time (ps),84800,0.26478553,nm,nm
line,overlay,wt-homo-4,wt-homo-4,rmsd,ru66q04s,ru66q04s::RMSD,wt-homo-4 / RMSD,RMSD,Time (ps),84900,0.26748115,nm,nm
line,overlay,wt-homo-4,wt-homo-4,rmsd,ru66q04s,ru66q04s::RMSD,wt-homo-4 / RMSD,RMSD,Time (ps),85000,0.26257992,nm,nm
line,overlay,wt-homo-4,wt-homo-4,rmsd,ru66q04s,ru66q04s::RMSD,wt-homo-4 / RMSD,RMSD,Time (ps),85100,0.26087075,nm,nm
line,overlay,wt-homo-4,wt-homo-4,rmsd,ru66q04s,ru66q04s::RMSD,wt-homo-4 / RMSD,RMSD,Time (ps),85200,0.265665,nm,nm
line,overlay,wt-homo-4,wt-homo-4,rmsd,ru66q04s,ru66q04s::RMSD,wt-homo-4 / RMSD,RMSD,Time (ps),85300,0.2619158,nm,nm
line,overlay,wt-homo-4,wt-homo-4,rmsd,ru66q04s,ru66q04s::RMSD,wt-homo-4 / RMSD,RMSD,Time (ps),85400,0.25849745,nm,nm
line,overlay,wt-homo-4,wt-homo-4,rmsd,ru66q04s,ru66q04s::RMSD,wt-homo-4 / RMSD,RMSD,Time (ps),85500,0.26107135,nm,nm
line,overlay,wt-homo-4,wt-homo-4,rmsd,ru66q04s,ru66q04s::RMSD,wt-homo-4 / RMSD,RMSD,Time (ps),85600,0.26155338,nm,nm
line,overlay,wt-homo-4,wt-homo-4,rmsd,ru66q04s,ru66q04s::RMSD,wt-homo-4 / RMSD,RMSD,Time (ps),85700,0.27486336,nm,nm
line,overlay,wt-homo-4,wt-homo-4,rmsd,ru66q04s,ru66q04s::RMSD,wt-homo-4 / RMSD,RMSD,Time (ps),85800,0.2592143,nm,nm
line,overlay,wt-homo-4,wt-homo-4,rmsd,ru66q04s,ru66q04s::RMSD,wt-homo-4 / RMSD,RMSD,Time (ps),85900,0.26441333,nm,nm
line,overlay,wt-homo-4,wt-homo-4,rmsd,ru66q04s,ru66q04s::RMSD,wt-homo-4 / RMSD,RMSD,Time (ps),86000,0.2594122,nm,nm
line,overlay,wt-homo-4,wt-homo-4,rmsd,ru66q04s,ru66q04s::RMSD,wt-homo-4 / RMSD,RMSD,Time (ps),86100,0.25822055,nm,nm
line,overlay,wt-homo-4,wt-homo-4,rmsd,ru66q04s,ru66q04s::RMSD,wt-homo-4 / RMSD,RMSD,Time (ps),86200,0.2678278,nm,nm
line,overlay,wt-homo-4,wt-homo-4,rmsd,ru66q04s,ru66q04s::RMSD,wt-homo-4 / RMSD,RMSD,Time (ps),86300,0.24588783,nm,nm
line,overlay,wt-homo-4,wt-homo-4,rmsd,ru66q04s,ru66q04s::RMSD,wt-homo-4 / RMSD,RMSD,Time (ps),86400,0.25069362,nm,nm
line,overlay,wt-homo-4,wt-homo-4,rmsd,ru66q04s,ru66q04s::RMSD,wt-homo-4 / RMSD,RMSD,Time (ps),86500,0.24293785,nm,nm
line,overlay,wt-homo-4,wt-homo-4,rmsd,ru66q04s,ru66q04s::RMSD,wt-homo-4 / RMSD,RMSD,Time (ps),86600,0.2683305,nm,nm
line,overlay,wt-homo-4,wt-homo-4,rmsd,ru66q04s,ru66q04s::RMSD,wt-homo-4 / RMSD,RMSD,Time (ps),86700,0.25859767,nm,nm
line,overlay,wt-homo-4,wt-homo-4,rmsd,ru66q04s,ru66q04s::RMSD,wt-homo-4 / RMSD,RMSD,Time (ps),86800,0.26842517,nm,nm
line,overlay,wt-homo-4,wt-homo-4,rmsd,ru66q04s,ru66q04s::RMSD,wt-homo-4 / RMSD,RMSD,Time (ps),86900,0.259594,nm,nm
line,overlay,wt-homo-4,wt-homo-4,rmsd,ru66q04s,ru66q04s::RMSD,wt-homo-4 / RMSD,RMSD,Time (ps),87000,0.2456052,nm,nm
line,overlay,wt-homo-4,wt-homo-4,rmsd,ru66q04s,ru66q04s::RMSD,wt-homo-4 / RMSD,RMSD,Time (ps),87100,0.24291864,nm,nm
line,overlay,wt-homo-4,wt-homo-4,rmsd,ru66q04s,ru66q04s::RMSD,wt-homo-4 / RMSD,RMSD,Time (ps),87200,0.23537803,nm,nm
line,overlay,wt-homo-4,wt-homo-4,rmsd,ru66q04s,ru66q04s::RMSD,wt-homo-4 / RMSD,RMSD,Time (ps),87300,0.23917046,nm,nm
line,overlay,wt-homo-4,wt-homo-4,rmsd,ru66q04s,ru66q04s::RMSD,wt-homo-4 / RMSD,RMSD,Time (ps),87400,0.25880006,nm,nm
line,overlay,wt-homo-4,wt-homo-4,rmsd,ru66q04s,ru66q04s::RMSD,wt-homo-4 / RMSD,RMSD,Time (ps),87500,0.2503812,nm,nm
line,overlay,wt-homo-4,wt-homo-4,rmsd,ru66q04s,ru66q04s::RMSD,wt-homo-4 / RMSD,RMSD,Time (ps),87600,0.23639983,nm,nm
line,overlay,wt-homo-4,wt-homo-4,rmsd,ru66q04s,ru66q04s::RMSD,wt-homo-4 / RMSD,RMSD,Time (ps),87700,0.24464728,nm,nm
line,overlay,wt-homo-4,wt-homo-4,rmsd,ru66q04s,ru66q04s::RMSD,wt-homo-4 / RMSD,RMSD,Time (ps),87800,0.25964588,nm,nm
line,overlay,wt-homo-4,wt-homo-4,rmsd,ru66q04s,ru66q04s::RMSD,wt-homo-4 / RMSD,RMSD,Time (ps),87900,0.25114396,nm,nm
line,overlay,wt-homo-4,wt-homo-4,rmsd,ru66q04s,ru66q04s::RMSD,wt-homo-4 / RMSD,RMSD,Time (ps),88000,0.2533509,nm,nm
line,overlay,wt-homo-4,wt-homo-4,rmsd,ru66q04s,ru66q04s::RMSD,wt-homo-4 / RMSD,RMSD,Time (ps),88100,0.26719224,nm,nm
line,overlay,wt-homo-4,wt-homo-4,rmsd,ru66q04s,ru66q04s::RMSD,wt-homo-4 / RMSD,RMSD,Time (ps),88200,0.25553682,nm,nm
line,overlay,wt-homo-4,wt-homo-4,rmsd,ru66q04s,ru66q04s::RMSD,wt-homo-4 / RMSD,RMSD,Time (ps),88300,0.23197529,nm,nm
line,overlay,wt-homo-4,wt-homo-4,rmsd,ru66q04s,ru66q04s::RMSD,wt-homo-4 / RMSD,RMSD,Time (ps),88400,0.24222629,nm,nm
line,overlay,wt-homo-4,wt-homo-4,rmsd,ru66q04s,ru66q04s::RMSD,wt-homo-4 / RMSD,RMSD,Time (ps),88500,0.23777282,nm,nm
line,overlay,wt-homo-4,wt-homo-4,rmsd,ru66q04s,ru66q04s::RMSD,wt-homo-4 / RMSD,RMSD,Time (ps),88600,0.2520772,nm,nm
line,overlay,wt-homo-4,wt-homo-4,rmsd,ru66q04s,ru66q04s::RMSD,wt-homo-4 / RMSD,RMSD,Time (ps),88700,0.25456333,nm,nm
line,overlay,wt-homo-4,wt-homo-4,rmsd,ru66q04s,ru66q04s::RMSD,wt-homo-4 / RMSD,RMSD,Time (ps),88800,0.2412571,nm,nm
line,overlay,wt-homo-4,wt-homo-4,rmsd,ru66q04s,ru66q04s::RMSD,wt-homo-4 / RMSD,RMSD,Time (ps),88900,0.2585095,nm,nm
line,overlay,wt-homo-4,wt-homo-4,rmsd,ru66q04s,ru66q04s::RMSD,wt-homo-4 / RMSD,RMSD,Time (ps),89000,0.25493568,nm,nm
line,overlay,wt-homo-4,wt-homo-4,rmsd,ru66q04s,ru66q04s::RMSD,wt-homo-4 / RMSD,RMSD,Time (ps),89100,0.24230544,nm,nm
line,overlay,wt-homo-4,wt-homo-4,rmsd,ru66q04s,ru66q04s::RMSD,wt-homo-4 / RMSD,RMSD,Time (ps),89200,0.2420529,nm,nm
line,overlay,wt-homo-4,wt-homo-4,rmsd,ru66q04s,ru66q04s::RMSD,wt-homo-4 / RMSD,RMSD,Time (ps),89300,0.23015149,nm,nm
line,overlay,wt-homo-4,wt-homo-4,rmsd,ru66q04s,ru66q04s::RMSD,wt-homo-4 / RMSD,RMSD,Time (ps),89400,0.23592573,nm,nm
line,overlay,wt-homo-4,wt-homo-4,rmsd,ru66q04s,ru66q04s::RMSD,wt-homo-4 / RMSD,RMSD,Time (ps),89500,0.24168856,nm,nm
line,overlay,wt-homo-4,wt-homo-4,rmsd,ru66q04s,ru66q04s::RMSD,wt-homo-4 / RMSD,RMSD,Time (ps),89600,0.2523526,nm,nm
line,overlay,wt-homo-4,wt-homo-4,rmsd,ru66q04s,ru66q04s::RMSD,wt-homo-4 / RMSD,RMSD,Time (ps),89700,0.23243068,nm,nm
line,overlay,wt-homo-4,wt-homo-4,rmsd,ru66q04s,ru66q04s::RMSD,wt-homo-4 / RMSD,RMSD,Time (ps),89800,0.24731296,nm,nm
line,overlay,wt-homo-4,wt-homo-4,rmsd,ru66q04s,ru66q04s::RMSD,wt-homo-4 / RMSD,RMSD,Time (ps),89900,0.22213133,nm,nm
line,overlay,wt-homo-4,wt-homo-4,rmsd,ru66q04s,ru66q04s::RMSD,wt-homo-4 / RMSD,RMSD,Time (ps),90000,0.25284508,nm,nm
line,overlay,wt-homo-4,wt-homo-4,rmsd,ru66q04s,ru66q04s::RMSD,wt-homo-4 / RMSD,RMSD,Time (ps),90100,0.2590623,nm,nm
line,overlay,wt-homo-4,wt-homo-4,rmsd,ru66q04s,ru66q04s::RMSD,wt-homo-4 / RMSD,RMSD,Time (ps),90200,0.2632857,nm,nm
line,overlay,wt-homo-4,wt-homo-4,rmsd,ru66q04s,ru66q04s::RMSD,wt-homo-4 / RMSD,RMSD,Time (ps),90300,0.261993,nm,nm
line,overlay,wt-homo-4,wt-homo-4,rmsd,ru66q04s,ru66q04s::RMSD,wt-homo-4 / RMSD,RMSD,Time (ps),90400,0.23760928,nm,nm
line,overlay,wt-homo-4,wt-homo-4,rmsd,ru66q04s,ru66q04s::RMSD,wt-homo-4 / RMSD,RMSD,Time (ps),90500,0.23918563,nm,nm
line,overlay,wt-homo-4,wt-homo-4,rmsd,ru66q04s,ru66q04s::RMSD,wt-homo-4 / RMSD,RMSD,Time (ps),90600,0.2429037,nm,nm
line,overlay,wt-homo-4,wt-homo-4,rmsd,ru66q04s,ru66q04s::RMSD,wt-homo-4 / RMSD,RMSD,Time (ps),90700,0.23036984,nm,nm
line,overlay,wt-homo-4,wt-homo-4,rmsd,ru66q04s,ru66q04s::RMSD,wt-homo-4 / RMSD,RMSD,Time (ps),90800,0.22901356,nm,nm
line,overlay,wt-homo-4,wt-homo-4,rmsd,ru66q04s,ru66q04s::RMSD,wt-homo-4 / RMSD,RMSD,Time (ps),90900,0.23544629,nm,nm
line,overlay,wt-homo-4,wt-homo-4,rmsd,ru66q04s,ru66q04s::RMSD,wt-homo-4 / RMSD,RMSD,Time (ps),91000,0.24623753,nm,nm
line,overlay,wt-homo-4,wt-homo-4,rmsd,ru66q04s,ru66q04s::RMSD,wt-homo-4 / RMSD,RMSD,Time (ps),91100,0.2412485,nm,nm
line,overlay,wt-homo-4,wt-homo-4,rmsd,ru66q04s,ru66q04s::RMSD,wt-homo-4 / RMSD,RMSD,Time (ps),91200,0.23748708,nm,nm
line,overlay,wt-homo-4,wt-homo-4,rmsd,ru66q04s,ru66q04s::RMSD,wt-homo-4 / RMSD,RMSD,Time (ps),91300,0.25028598,nm,nm
line,overlay,wt-homo-4,wt-homo-4,rmsd,ru66q04s,ru66q04s::RMSD,wt-homo-4 / RMSD,RMSD,Time (ps),91400,0.2515296,nm,nm
line,overlay,wt-homo-4,wt-homo-4,rmsd,ru66q04s,ru66q04s::RMSD,wt-homo-4 / RMSD,RMSD,Time (ps),91500,0.2475832,nm,nm
line,overlay,wt-homo-4,wt-homo-4,rmsd,ru66q04s,ru66q04s::RMSD,wt-homo-4 / RMSD,RMSD,Time (ps),91600,0.263266,nm,nm
line,overlay,wt-homo-4,wt-homo-4,rmsd,ru66q04s,ru66q04s::RMSD,wt-homo-4 / RMSD,RMSD,Time (ps),91700,0.24317029,nm,nm
line,overlay,wt-homo-4,wt-homo-4,rmsd,ru66q04s,ru66q04s::RMSD,wt-homo-4 / RMSD,RMSD,Time (ps),91800,0.24762507,nm,nm
line,overlay,wt-homo-4,wt-homo-4,rmsd,ru66q04s,ru66q04s::RMSD,wt-homo-4 / RMSD,RMSD,Time (ps),91900,0.24537927,nm,nm
line,overlay,wt-homo-4,wt-homo-4,rmsd,ru66q04s,ru66q04s::RMSD,wt-homo-4 / RMSD,RMSD,Time (ps),92000,0.25824866,nm,nm
line,overlay,wt-homo-4,wt-homo-4,rmsd,ru66q04s,ru66q04s::RMSD,wt-homo-4 / RMSD,RMSD,Time (ps),92100,0.2592843,nm,nm
line,overlay,wt-homo-4,wt-homo-4,rmsd,ru66q04s,ru66q04s::RMSD,wt-homo-4 / RMSD,RMSD,Time (ps),92200,0.25139976,nm,nm
line,overlay,wt-homo-4,wt-homo-4,rmsd,ru66q04s,ru66q04s::RMSD,wt-homo-4 / RMSD,RMSD,Time (ps),92300,0.2477297,nm,nm
line,overlay,wt-homo-4,wt-homo-4,rmsd,ru66q04s,ru66q04s::RMSD,wt-homo-4 / RMSD,RMSD,Time (ps),92400,0.2515317,nm,nm
line,overlay,wt-homo-4,wt-homo-4,rmsd,ru66q04s,ru66q04s::RMSD,wt-homo-4 / RMSD,RMSD,Time (ps),92500,0.26079923,nm,nm
line,overlay,wt-homo-4,wt-homo-4,rmsd,ru66q04s,ru66q04s::RMSD,wt-homo-4 / RMSD,RMSD,Time (ps),92600,0.24605852,nm,nm
line,overlay,wt-homo-4,wt-homo-4,rmsd,ru66q04s,ru66q04s::RMSD,wt-homo-4 / RMSD,RMSD,Time (ps),92700,0.25234643,nm,nm
line,overlay,wt-homo-4,wt-homo-4,rmsd,ru66q04s,ru66q04s::RMSD,wt-homo-4 / RMSD,RMSD,Time (ps),92800,0.24129148,nm,nm
line,overlay,wt-homo-4,wt-homo-4,rmsd,ru66q04s,ru66q04s::RMSD,wt-homo-4 / RMSD,RMSD,Time (ps),92900,0.23675914,nm,nm
line,overlay,wt-homo-4,wt-homo-4,rmsd,ru66q04s,ru66q04s::RMSD,wt-homo-4 / RMSD,RMSD,Time (ps),93000,0.23654449,nm,nm
line,overlay,wt-homo-4,wt-homo-4,rmsd,ru66q04s,ru66q04s::RMSD,wt-homo-4 / RMSD,RMSD,Time (ps),93100,0.23957756,nm,nm
line,overlay,wt-homo-4,wt-homo-4,rmsd,ru66q04s,ru66q04s::RMSD,wt-homo-4 / RMSD,RMSD,Time (ps),93200,0.24065907,nm,nm
line,overlay,wt-homo-4,wt-homo-4,rmsd,ru66q04s,ru66q04s::RMSD,wt-homo-4 / RMSD,RMSD,Time (ps),93300,0.2508404,nm,nm
line,overlay,wt-homo-4,wt-homo-4,rmsd,ru66q04s,ru66q04s::RMSD,wt-homo-4 / RMSD,RMSD,Time (ps),93400,0.27036273,nm,nm
line,overlay,wt-homo-4,wt-homo-4,rmsd,ru66q04s,ru66q04s::RMSD,wt-homo-4 / RMSD,RMSD,Time (ps),93500,0.26064613,nm,nm
line,overlay,wt-homo-4,wt-homo-4,rmsd,ru66q04s,ru66q04s::RMSD,wt-homo-4 / RMSD,RMSD,Time (ps),93600,0.26717284,nm,nm
line,overlay,wt-homo-4,wt-homo-4,rmsd,ru66q04s,ru66q04s::RMSD,wt-homo-4 / RMSD,RMSD,Time (ps),93700,0.26460734,nm,nm
line,overlay,wt-homo-4,wt-homo-4,rmsd,ru66q04s,ru66q04s::RMSD,wt-homo-4 / RMSD,RMSD,Time (ps),93800,0.26576254,nm,nm
line,overlay,wt-homo-4,wt-homo-4,rmsd,ru66q04s,ru66q04s::RMSD,wt-homo-4 / RMSD,RMSD,Time (ps),93900,0.25697097,nm,nm
line,overlay,wt-homo-4,wt-homo-4,rmsd,ru66q04s,ru66q04s::RMSD,wt-homo-4 / RMSD,RMSD,Time (ps),94000,0.25742242,nm,nm
line,overlay,wt-homo-4,wt-homo-4,rmsd,ru66q04s,ru66q04s::RMSD,wt-homo-4 / RMSD,RMSD,Time (ps),94100,0.26279697,nm,nm
line,overlay,wt-homo-4,wt-homo-4,rmsd,ru66q04s,ru66q04s::RMSD,wt-homo-4 / RMSD,RMSD,Time (ps),94200,0.24346428,nm,nm
line,overlay,wt-homo-4,wt-homo-4,rmsd,ru66q04s,ru66q04s::RMSD,wt-homo-4 / RMSD,RMSD,Time (ps),94300,0.23060597,nm,nm
line,overlay,wt-homo-4,wt-homo-4,rmsd,ru66q04s,ru66q04s::RMSD,wt-homo-4 / RMSD,RMSD,Time (ps),94400,0.26599842,nm,nm
line,overlay,wt-homo-4,wt-homo-4,rmsd,ru66q04s,ru66q04s::RMSD,wt-homo-4 / RMSD,RMSD,Time (ps),94500,0.24000989,nm,nm
line,overlay,wt-homo-4,wt-homo-4,rmsd,ru66q04s,ru66q04s::RMSD,wt-homo-4 / RMSD,RMSD,Time (ps),94600,0.2523156,nm,nm
line,overlay,wt-homo-4,wt-homo-4,rmsd,ru66q04s,ru66q04s::RMSD,wt-homo-4 / RMSD,RMSD,Time (ps),94700,0.27183118,nm,nm
line,overlay,wt-homo-4,wt-homo-4,rmsd,ru66q04s,ru66q04s::RMSD,wt-homo-4 / RMSD,RMSD,Time (ps),94800,0.25695482,nm,nm
line,overlay,wt-homo-4,wt-homo-4,rmsd,ru66q04s,ru66q04s::RMSD,wt-homo-4 / RMSD,RMSD,Time (ps),94900,0.26113093,nm,nm
line,overlay,wt-homo-4,wt-homo-4,rmsd,ru66q04s,ru66q04s::RMSD,wt-homo-4 / RMSD,RMSD,Time (ps),95000,0.26235873,nm,nm
line,overlay,wt-homo-4,wt-homo-4,rmsd,ru66q04s,ru66q04s::RMSD,wt-homo-4 / RMSD,RMSD,Time (ps),95100,0.28158522,nm,nm
line,overlay,wt-homo-4,wt-homo-4,rmsd,ru66q04s,ru66q04s::RMSD,wt-homo-4 / RMSD,RMSD,Time (ps),95200,0.25869188,nm,nm
line,overlay,wt-homo-4,wt-homo-4,rmsd,ru66q04s,ru66q04s::RMSD,wt-homo-4 / RMSD,RMSD,Time (ps),95300,0.27454636,nm,nm
line,overlay,wt-homo-4,wt-homo-4,rmsd,ru66q04s,ru66q04s::RMSD,wt-homo-4 / RMSD,RMSD,Time (ps),95400,0.2692908,nm,nm
line,overlay,wt-homo-4,wt-homo-4,rmsd,ru66q04s,ru66q04s::RMSD,wt-homo-4 / RMSD,RMSD,Time (ps),95500,0.27834332,nm,nm
line,overlay,wt-homo-4,wt-homo-4,rmsd,ru66q04s,ru66q04s::RMSD,wt-homo-4 / RMSD,RMSD,Time (ps),95600,0.29227087,nm,nm
line,overlay,wt-homo-4,wt-homo-4,rmsd,ru66q04s,ru66q04s::RMSD,wt-homo-4 / RMSD,RMSD,Time (ps),95700,0.26536632,nm,nm
line,overlay,wt-homo-4,wt-homo-4,rmsd,ru66q04s,ru66q04s::RMSD,wt-homo-4 / RMSD,RMSD,Time (ps),95800,0.26397973,nm,nm
line,overlay,wt-homo-4,wt-homo-4,rmsd,ru66q04s,ru66q04s::RMSD,wt-homo-4 / RMSD,RMSD,Time (ps),95900,0.2824509,nm,nm
line,overlay,wt-homo-4,wt-homo-4,rmsd,ru66q04s,ru66q04s::RMSD,wt-homo-4 / RMSD,RMSD,Time (ps),96000,0.27236837,nm,nm
line,overlay,wt-homo-4,wt-homo-4,rmsd,ru66q04s,ru66q04s::RMSD,wt-homo-4 / RMSD,RMSD,Time (ps),96100,0.26322266,nm,nm
line,overlay,wt-homo-4,wt-homo-4,rmsd,ru66q04s,ru66q04s::RMSD,wt-homo-4 / RMSD,RMSD,Time (ps),96200,0.25633478,nm,nm
line,overlay,wt-homo-4,wt-homo-4,rmsd,ru66q04s,ru66q04s::RMSD,wt-homo-4 / RMSD,RMSD,Time (ps),96300,0.26687777,nm,nm
line,overlay,wt-homo-4,wt-homo-4,rmsd,ru66q04s,ru66q04s::RMSD,wt-homo-4 / RMSD,RMSD,Time (ps),96400,0.26459363,nm,nm
line,overlay,wt-homo-4,wt-homo-4,rmsd,ru66q04s,ru66q04s::RMSD,wt-homo-4 / RMSD,RMSD,Time (ps),96500,0.25598675,nm,nm
line,overlay,wt-homo-4,wt-homo-4,rmsd,ru66q04s,ru66q04s::RMSD,wt-homo-4 / RMSD,RMSD,Time (ps),96600,0.2434004,nm,nm
line,overlay,wt-homo-4,wt-homo-4,rmsd,ru66q04s,ru66q04s::RMSD,wt-homo-4 / RMSD,RMSD,Time (ps),96700,0.25866982,nm,nm
line,overlay,wt-homo-4,wt-homo-4,rmsd,ru66q04s,ru66q04s::RMSD,wt-homo-4 / RMSD,RMSD,Time (ps),96800,0.26803482,nm,nm
line,overlay,wt-homo-4,wt-homo-4,rmsd,ru66q04s,ru66q04s::RMSD,wt-homo-4 / RMSD,RMSD,Time (ps),96900,0.25457758,nm,nm
line,overlay,wt-homo-4,wt-homo-4,rmsd,ru66q04s,ru66q04s::RMSD,wt-homo-4 / RMSD,RMSD,Time (ps),97000,0.25461626,nm,nm
line,overlay,wt-homo-4,wt-homo-4,rmsd,ru66q04s,ru66q04s::RMSD,wt-homo-4 / RMSD,RMSD,Time (ps),97100,0.24879661,nm,nm
line,overlay,wt-homo-4,wt-homo-4,rmsd,ru66q04s,ru66q04s::RMSD,wt-homo-4 / RMSD,RMSD,Time (ps),97200,0.2568822,nm,nm
line,overlay,wt-homo-4,wt-homo-4,rmsd,ru66q04s,ru66q04s::RMSD,wt-homo-4 / RMSD,RMSD,Time (ps),97300,0.25175828,nm,nm
line,overlay,wt-homo-4,wt-homo-4,rmsd,ru66q04s,ru66q04s::RMSD,wt-homo-4 / RMSD,RMSD,Time (ps),97400,0.23872577,nm,nm
line,overlay,wt-homo-4,wt-homo-4,rmsd,ru66q04s,ru66q04s::RMSD,wt-homo-4 / RMSD,RMSD,Time (ps),97500,0.2363143,nm,nm
line,overlay,wt-homo-4,wt-homo-4,rmsd,ru66q04s,ru66q04s::RMSD,wt-homo-4 / RMSD,RMSD,Time (ps),97600,0.24458371,nm,nm
line,overlay,wt-homo-4,wt-homo-4,rmsd,ru66q04s,ru66q04s::RMSD,wt-homo-4 / RMSD,RMSD,Time (ps),97700,0.26568258,nm,nm
line,overlay,wt-homo-4,wt-homo-4,rmsd,ru66q04s,ru66q04s::RMSD,wt-homo-4 / RMSD,RMSD,Time (ps),97800,0.24489506,nm,nm
line,overlay,wt-homo-4,wt-homo-4,rmsd,ru66q04s,ru66q04s::RMSD,wt-homo-4 / RMSD,RMSD,Time (ps),97900,0.26183465,nm,nm
line,overlay,wt-homo-4,wt-homo-4,rmsd,ru66q04s,ru66q04s::RMSD,wt-homo-4 / RMSD,RMSD,Time (ps),98000,0.26336244,nm,nm
line,overlay,wt-homo-4,wt-homo-4,rmsd,ru66q04s,ru66q04s::RMSD,wt-homo-4 / RMSD,RMSD,Time (ps),98100,0.25589967,nm,nm
line,overlay,wt-homo-4,wt-homo-4,rmsd,ru66q04s,ru66q04s::RMSD,wt-homo-4 / RMSD,RMSD,Time (ps),98200,0.2701863,nm,nm
line,overlay,wt-homo-4,wt-homo-4,rmsd,ru66q04s,ru66q04s::RMSD,wt-homo-4 / RMSD,RMSD,Time (ps),98300,0.2822747,nm,nm
line,overlay,wt-homo-4,wt-homo-4,rmsd,ru66q04s,ru66q04s::RMSD,wt-homo-4 / RMSD,RMSD,Time (ps),98400,0.27772623,nm,nm
line,overlay,wt-homo-4,wt-homo-4,rmsd,ru66q04s,ru66q04s::RMSD,wt-homo-4 / RMSD,RMSD,Time (ps),98500,0.27115533,nm,nm
line,overlay,wt-homo-4,wt-homo-4,rmsd,ru66q04s,ru66q04s::RMSD,wt-homo-4 / RMSD,RMSD,Time (ps),98600,0.28611583,nm,nm
line,overlay,wt-homo-4,wt-homo-4,rmsd,ru66q04s,ru66q04s::RMSD,wt-homo-4 / RMSD,RMSD,Time (ps),98700,0.26873782,nm,nm
line,overlay,wt-homo-4,wt-homo-4,rmsd,ru66q04s,ru66q04s::RMSD,wt-homo-4 / RMSD,RMSD,Time (ps),98800,0.2831401,nm,nm
line,overlay,wt-homo-4,wt-homo-4,rmsd,ru66q04s,ru66q04s::RMSD,wt-homo-4 / RMSD,RMSD,Time (ps),98900,0.26546395,nm,nm
line,overlay,wt-homo-4,wt-homo-4,rmsd,ru66q04s,ru66q04s::RMSD,wt-homo-4 / RMSD,RMSD,Time (ps),99000,0.29472047,nm,nm
line,overlay,wt-homo-4,wt-homo-4,rmsd,ru66q04s,ru66q04s::RMSD,wt-homo-4 / RMSD,RMSD,Time (ps),99100,0.28501585,nm,nm
line,overlay,wt-homo-4,wt-homo-4,rmsd,ru66q04s,ru66q04s::RMSD,wt-homo-4 / RMSD,RMSD,Time (ps),99200,0.26641706,nm,nm
line,overlay,wt-homo-4,wt-homo-4,rmsd,ru66q04s,ru66q04s::RMSD,wt-homo-4 / RMSD,RMSD,Time (ps),99300,0.2698811,nm,nm
line,overlay,wt-homo-4,wt-homo-4,rmsd,ru66q04s,ru66q04s::RMSD,wt-homo-4 / RMSD,RMSD,Time (ps),99400,0.27431214,nm,nm
line,overlay,wt-homo-4,wt-homo-4,rmsd,ru66q04s,ru66q04s::RMSD,wt-homo-4 / RMSD,RMSD,Time (ps),99500,0.29178986,nm,nm
line,overlay,wt-homo-4,wt-homo-4,rmsd,ru66q04s,ru66q04s::RMSD,wt-homo-4 / RMSD,RMSD,Time (ps),99600,0.27952704,nm,nm
line,overlay,wt-homo-4,wt-homo-4,rmsd,ru66q04s,ru66q04s::RMSD,wt-homo-4 / RMSD,RMSD,Time (ps),99700,0.26705253,nm,nm
line,overlay,wt-homo-4,wt-homo-4,rmsd,ru66q04s,ru66q04s::RMSD,wt-homo-4 / RMSD,RMSD,Time (ps),99800,0.27385825,nm,nm
line,overlay,wt-homo-4,wt-homo-4,rmsd,ru66q04s,ru66q04s::RMSD,wt-homo-4 / RMSD,RMSD,Time (ps),99900,0.2513874,nm,nm
line,overlay,wt-homo-4,wt-homo-4,rmsd,ru66q04s,ru66q04s::RMSD,wt-homo-4 / RMSD,RMSD,Time (ps),100000,0.2843057,nm,nm