view_mode,display_mode,dataset_id,dataset_name,metric_type,source_id,series_key,series_label,column,x_label,x_value,y_value,raw_unit,display_unit
line,overlay,sdu6-homo,sdu6-homo,rmsf,r5ywi7vt,r5ywi7vt::RMSF,sdu6-homo / RMSF,RMSF,Residue,1,0.7259061,nm,nm
line,overlay,sdu6-homo,sdu6-homo,rmsf,r5ywi7vt,r5ywi7vt::RMSF,sdu6-homo / RMSF,RMSF,Residue,2,0.5417405,nm,nm
line,overlay,sdu6-homo,sdu6-homo,rmsf,r5ywi7vt,r5ywi7vt::RMSF,sdu6-homo / RMSF,RMSF,Residue,3,0.37078452,nm,nm
line,overlay,sdu6-homo,sdu6-homo,rmsf,r5ywi7vt,r5ywi7vt::RMSF,sdu6-homo / RMSF,RMSF,Residue,4,0.26637363,nm,nm
line,overlay,sdu6-homo,sdu6-homo,rmsf,r5ywi7vt,r5ywi7vt::RMSF,sdu6-homo / RMSF,RMSF,Residue,5,0.18276717,nm,nm
line,overlay,sdu6-homo,sdu6-homo,rmsf,r5ywi7vt,r5ywi7vt::RMSF,sdu6-homo / RMSF,RMSF,Residue,6,0.100617155,nm,nm
line,overlay,sdu6-homo,sdu6-homo,rmsf,r5ywi7vt,r5ywi7vt::RMSF,sdu6-homo / RMSF,RMSF,Residue,7,0.053347394,nm,nm
line,overlay,sdu6-homo,sdu6-homo,rmsf,r5ywi7vt,r5ywi7vt::RMSF,sdu6-homo / RMSF,RMSF,Residue,8,0.05082833,nm,nm
line,overlay,sdu6-homo,sdu6-homo,rmsf,r5ywi7vt,r5ywi7vt::RMSF,sdu6-homo / RMSF,RMSF,Residue,9,0.04656544,nm,nm
line,overlay,sdu6-homo,sdu6-homo,rmsf,r5ywi7vt,r5ywi7vt::RMSF,sdu6-homo / RMSF,RMSF,Residue,10,0.037078276,nm,nm
line,overlay,sdu6-homo,sdu6-homo,rmsf,r5ywi7vt,r5ywi7vt::RMSF,sdu6-homo / RMSF,RMSF,Residue,11,0.03533478,nm,nm
line,overlay,sdu6-homo,sdu6-homo,rmsf,r5ywi7vt,r5ywi7vt::RMSF,sdu6-homo / RMSF,RMSF,Residue,12,0.038192615,nm,nm
line,overlay,sdu6-homo,sdu6-homo,rmsf,r5ywi7vt,r5ywi7vt::RMSF,sdu6-homo / RMSF,RMSF,Residue,13,0.047780234,nm,nm
line,overlay,sdu6-homo,sdu6-homo,rmsf,r5ywi7vt,r5ywi7vt::RMSF,sdu6-homo / RMSF,RMSF,Residue,14,0.049460582,nm,nm
line,overlay,sdu6-homo,sdu6-homo,rmsf,r5ywi7vt,r5ywi7vt::RMSF,sdu6-homo / RMSF,RMSF,Residue,15,0.05765544,nm,nm
line,overlay,sdu6-homo,sdu6-homo,rmsf,r5ywi7vt,r5ywi7vt::RMSF,sdu6-homo / RMSF,RMSF,Residue,16,0.053876262,nm,nm
line,overlay,sdu6-homo,sdu6-homo,rmsf,r5ywi7vt,r5ywi7vt::RMSF,sdu6-homo / RMSF,RMSF,Residue,17,0.04931784,nm,nm
line,overlay,sdu6-homo,sdu6-homo,rmsf,r5ywi7vt,r5ywi7vt::RMSF,sdu6-homo / RMSF,RMSF,Residue,18,0.05176577,nm,nm
line,overlay,sdu6-homo,sdu6-homo,rmsf,r5ywi7vt,r5ywi7vt::RMSF,sdu6-homo / RMSF,RMSF,Residue,19,0.053098697,nm,nm
line,overlay,sdu6-homo,sdu6-homo,rmsf,r5ywi7vt,r5ywi7vt::RMSF,sdu6-homo / RMSF,RMSF,Residue,20,0.05462787,nm,nm
line,overlay,sdu6-homo,sdu6-homo,rmsf,r5ywi7vt,r5ywi7vt::RMSF,sdu6-homo / RMSF,RMSF,Residue,21,0.053633887,nm,nm
line,overlay,sdu6-homo,sdu6-homo,rmsf,r5ywi7vt,r5ywi7vt::RMSF,sdu6-homo / RMSF,RMSF,Residue,22,0.046395987,nm,nm
line,overlay,sdu6-homo,sdu6-homo,rmsf,r5ywi7vt,r5ywi7vt::RMSF,sdu6-homo / RMSF,RMSF,Residue,23,0.045603354,nm,nm
line,overlay,sdu6-homo,sdu6-homo,rmsf,r5ywi7vt,r5ywi7vt::RMSF,sdu6-homo / RMSF,RMSF,Residue,24,0.048378438,nm,nm
line,overlay,sdu6-homo,sdu6-homo,rmsf,r5ywi7vt,r5ywi7vt::RMSF,sdu6-homo / RMSF,RMSF,Residue,25,0.04453298,nm,nm
line,overlay,sdu6-homo,sdu6-homo,rmsf,r5ywi7vt,r5ywi7vt::RMSF,sdu6-homo / RMSF,RMSF,Residue,26,0.042686522,nm,nm
line,overlay,sdu6-homo,sdu6-homo,rmsf,r5ywi7vt,r5ywi7vt::RMSF,sdu6-homo / RMSF,RMSF,Residue,27,0.047720686,nm,nm
line,overlay,sdu6-homo,sdu6-homo,rmsf,r5ywi7vt,r5ywi7vt::RMSF,sdu6-homo / RMSF,RMSF,Residue,28,0.0539084,nm,nm
line,overlay,sdu6-homo,sdu6-homo,rmsf,r5ywi7vt,r5ywi7vt::RMSF,sdu6-homo / RMSF,RMSF,Residue,29,0.04410991,nm,nm
line,overlay,sdu6-homo,sdu6-homo,rmsf,r5ywi7vt,r5ywi7vt::RMSF,sdu6-homo / RMSF,RMSF,Residue,30,0.03850989,nm,nm
line,overlay,sdu6-homo,sdu6-homo,rmsf,r5ywi7vt,r5ywi7vt::RMSF,sdu6-homo / RMSF,RMSF,Residue,31,0.050098512,nm,nm
line,overlay,sdu6-homo,sdu6-homo,rmsf,r5ywi7vt,r5ywi7vt::RMSF,sdu6-homo / RMSF,RMSF,Residue,32,0.05873235,nm,nm
line,overlay,sdu6-homo,sdu6-homo,rmsf,r5ywi7vt,r5ywi7vt::RMSF,sdu6-homo / RMSF,RMSF,Residue,33,0.060678985,nm,nm
line,overlay,sdu6-homo,sdu6-homo,rmsf,r5ywi7vt,r5ywi7vt::RMSF,sdu6-homo / RMSF,RMSF,Residue,34,0.06259283,nm,nm
line,overlay,sdu6-homo,sdu6-homo,rmsf,r5ywi7vt,r5ywi7vt::RMSF,sdu6-homo / RMSF,RMSF,Residue,35,0.05063902,nm,nm
line,overlay,sdu6-homo,sdu6-homo,rmsf,r5ywi7vt,r5ywi7vt::RMSF,sdu6-homo / RMSF,RMSF,Residue,36,0.04629966,nm,nm
line,overlay,sdu6-homo,sdu6-homo,rmsf,r5ywi7vt,r5ywi7vt::RMSF,sdu6-homo / RMSF,RMSF,Residue,37,0.038847003,nm,nm
line,overlay,sdu6-homo,sdu6-homo,rmsf,r5ywi7vt,r5ywi7vt::RMSF,sdu6-homo / RMSF,RMSF,Residue,38,0.04254157,nm,nm
line,overlay,sdu6-homo,sdu6-homo,rmsf,r5ywi7vt,r5ywi7vt::RMSF,sdu6-homo / RMSF,RMSF,Residue,39,0.040863488,nm,nm
line,overlay,sdu6-homo,sdu6-homo,rmsf,r5ywi7vt,r5ywi7vt::RMSF,sdu6-homo / RMSF,RMSF,Residue,40,0.04068834,nm,nm
line,overlay,sdu6-homo,sdu6-homo,rmsf,r5ywi7vt,r5ywi7vt::RMSF,sdu6-homo / RMSF,RMSF,Residue,41,0.051134896,nm,nm
line,overlay,sdu6-homo,sdu6-homo,rmsf,r5ywi7vt,r5ywi7vt::RMSF,sdu6-homo / RMSF,RMSF,Residue,42,0.062757716,nm,nm
line,overlay,sdu6-homo,sdu6-homo,rmsf,r5ywi7vt,r5ywi7vt::RMSF,sdu6-homo / RMSF,RMSF,Residue,43,0.068320185,nm,nm
line,overlay,sdu6-homo,sdu6-homo,rmsf,r5ywi7vt,r5ywi7vt::RMSF,sdu6-homo / RMSF,RMSF,Residue,44,0.078978285,nm,nm
line,overlay,sdu6-homo,sdu6-homo,rmsf,r5ywi7vt,r5ywi7vt::RMSF,sdu6-homo / RMSF,RMSF,Residue,45,0.07247025,nm,nm
line,overlay,sdu6-homo,sdu6-homo,rmsf,r5ywi7vt,r5ywi7vt::RMSF,sdu6-homo / RMSF,RMSF,Residue,46,0.0785124,nm,nm
line,overlay,sdu6-homo,sdu6-homo,rmsf,r5ywi7vt,r5ywi7vt::RMSF,sdu6-homo / RMSF,RMSF,Residue,47,0.08273778,nm,nm
line,overlay,sdu6-homo,sdu6-homo,rmsf,r5ywi7vt,r5ywi7vt::RMSF,sdu6-homo / RMSF,RMSF,Residue,48,0.08802721,nm,nm
line,overlay,sdu6-homo,sdu6-homo,rmsf,r5ywi7vt,r5ywi7vt::RMSF,sdu6-homo / RMSF,RMSF,Residue,49,0.09902449,nm,nm
line,overlay,sdu6-homo,sdu6-homo,rmsf,r5ywi7vt,r5ywi7vt::RMSF,sdu6-homo / RMSF,RMSF,Residue,50,0.10411081,nm,nm
line,overlay,sdu6-homo,sdu6-homo,rmsf,r5ywi7vt,r5ywi7vt::RMSF,sdu6-homo / RMSF,RMSF,Residue,51,0.109168254,nm,nm
line,overlay,sdu6-homo,sdu6-homo,rmsf,r5ywi7vt,r5ywi7vt::RMSF,sdu6-homo / RMSF,RMSF,Residue,52,0.11744503,nm,nm
line,overlay,sdu6-homo,sdu6-homo,rmsf,r5ywi7vt,r5ywi7vt::RMSF,sdu6-homo / RMSF,RMSF,Residue,53,0.13556777,nm,nm
line,overlay,sdu6-homo,sdu6-homo,rmsf,r5ywi7vt,r5ywi7vt::RMSF,sdu6-homo / RMSF,RMSF,Residue,54,0.11325945,nm,nm
line,overlay,sdu6-homo,sdu6-homo,rmsf,r5ywi7vt,r5ywi7vt::RMSF,sdu6-homo / RMSF,RMSF,Residue,55,0.10597813,nm,nm
line,overlay,sdu6-homo,sdu6-homo,rmsf,r5ywi7vt,r5ywi7vt::RMSF,sdu6-homo / RMSF,RMSF,Residue,56,0.110417746,nm,nm
line,overlay,sdu6-homo,sdu6-homo,rmsf,r5ywi7vt,r5ywi7vt::RMSF,sdu6-homo / RMSF,RMSF,Residue,57,0.10721222,nm,nm
line,overlay,sdu6-homo,sdu6-homo,rmsf,r5ywi7vt,r5ywi7vt::RMSF,sdu6-homo / RMSF,RMSF,Residue,58,0.09386553,nm,nm
line,overlay,sdu6-homo,sdu6-homo,rmsf,r5ywi7vt,r5ywi7vt::RMSF,sdu6-homo / RMSF,RMSF,Residue,59,0.08003356,nm,nm
line,overlay,sdu6-homo,sdu6-homo,rmsf,r5ywi7vt,r5ywi7vt::RMSF,sdu6-homo / RMSF,RMSF,Residue,60,0.0684223,nm,nm
line,overlay,sdu6-homo,sdu6-homo,rmsf,r5ywi7vt,r5ywi7vt::RMSF,sdu6-homo / RMSF,RMSF,Residue,61,0.079921946,nm,nm
line,overlay,sdu6-homo,sdu6-homo,rmsf,r5ywi7vt,r5ywi7vt::RMSF,sdu6-homo / RMSF,RMSF,Residue,62,0.069191985,nm,nm
line,overlay,sdu6-homo,sdu6-homo,rmsf,r5ywi7vt,r5ywi7vt::RMSF,sdu6-homo / RMSF,RMSF,Residue,63,0.07778383,nm,nm
line,overlay,sdu6-homo,sdu6-homo,rmsf,r5ywi7vt,r5ywi7vt::RMSF,sdu6-homo / RMSF,RMSF,Residue,64,0.080960125,nm,nm
line,overlay,sdu6-homo,sdu6-homo,rmsf,r5ywi7vt,r5ywi7vt::RMSF,sdu6-homo / RMSF,RMSF,Residue,65,0.06272969,nm,nm
line,overlay,sdu6-homo,sdu6-homo,rmsf,r5ywi7vt,r5ywi7vt::RMSF,sdu6-homo / RMSF,RMSF,Residue,66,0.06332301,nm,nm
line,overlay,sdu6-homo,sdu6-homo,rmsf,r5ywi7vt,r5ywi7vt::RMSF,sdu6-homo / RMSF,RMSF,Residue,67,0.052601002,nm,nm
line,overlay,sdu6-homo,sdu6-homo,rmsf,r5ywi7vt,r5ywi7vt::RMSF,sdu6-homo / RMSF,RMSF,Residue,68,0.05543907,nm,nm
line,overlay,sdu6-homo,sdu6-homo,rmsf,r5ywi7vt,r5ywi7vt::RMSF,sdu6-homo / RMSF,RMSF,Residue,69,0.05407762,nm,nm
line,overlay,sdu6-homo,sdu6-homo,rmsf,r5ywi7vt,r5ywi7vt::RMSF,sdu6-homo / RMSF,RMSF,Residue,70,0.057337232,nm,nm
line,overlay,sdu6-homo,sdu6-homo,rmsf,r5ywi7vt,r5ywi7vt::RMSF,sdu6-homo / RMSF,RMSF,Residue,71,0.06260118,nm,nm
line,overlay,sdu6-homo,sdu6-homo,rmsf,r5ywi7vt,r5ywi7vt::RMSF,sdu6-homo / RMSF,RMSF,Residue,72,0.07227426,nm,nm
line,overlay,sdu6-homo,sdu6-homo,rmsf,r5ywi7vt,r5ywi7vt::RMSF,sdu6-homo / RMSF,RMSF,Residue,73,0.084506445,nm,nm
line,overlay,sdu6-homo,sdu6-homo,rmsf,r5ywi7vt,r5ywi7vt::RMSF,sdu6-homo / RMSF,RMSF,Residue,74,0.0940828,nm,nm
line,overlay,sdu6-homo,sdu6-homo,rmsf,r5ywi7vt,r5ywi7vt::RMSF,sdu6-homo / RMSF,RMSF,Residue,75,0.12062817,nm,nm
line,overlay,sdu6-homo,sdu6-homo,rmsf,r5ywi7vt,r5ywi7vt::RMSF,sdu6-homo / RMSF,RMSF,Residue,76,0.114207506,nm,nm
line,overlay,sdu6-homo,sdu6-homo,rmsf,r5ywi7vt,r5ywi7vt::RMSF,sdu6-homo / RMSF,RMSF,Residue,77,0.13585015,nm,nm
line,overlay,sdu6-homo,sdu6-homo,rmsf,r5ywi7vt,r5ywi7vt::RMSF,sdu6-homo / RMSF,RMSF,Residue,78,0.1400137,nm,nm
line,overlay,sdu6-homo,sdu6-homo,rmsf,r5ywi7vt,r5ywi7vt::RMSF,sdu6-homo / RMSF,RMSF,Residue,79,0.14052567,nm,nm
line,overlay,sdu6-homo,sdu6-homo,rmsf,r5ywi7vt,r5ywi7vt::RMSF,sdu6-homo / RMSF,RMSF,Residue,80,0.12203314,nm,nm
line,overlay,sdu6-homo,sdu6-homo,rmsf,r5ywi7vt,r5ywi7vt::RMSF,sdu6-homo / RMSF,RMSF,Residue,81,0.12620115,nm,nm
line,overlay,sdu6-homo,sdu6-homo,rmsf,r5ywi7vt,r5ywi7vt::RMSF,sdu6-homo / RMSF,RMSF,Residue,82,0.12049406,nm,nm
line,overlay,sdu6-homo,sdu6-homo,rmsf,r5ywi7vt,r5ywi7vt::RMSF,sdu6-homo / RMSF,RMSF,Residue,83,0.09481702,nm,nm
line,overlay,sdu6-homo,sdu6-homo,rmsf,r5ywi7vt,r5ywi7vt::RMSF,sdu6-homo / RMSF,RMSF,Residue,84,0.087057464,nm,nm
line,overlay,sdu6-homo,sdu6-homo,rmsf,r5ywi7vt,r5ywi7vt::RMSF,sdu6-homo / RMSF,RMSF,Residue,85,0.07938364,nm,nm
line,overlay,sdu6-homo,sdu6-homo,rmsf,r5ywi7vt,r5ywi7vt::RMSF,sdu6-homo / RMSF,RMSF,Residue,86,0.07072483,nm,nm
line,overlay,sdu6-homo,sdu6-homo,rmsf,r5ywi7vt,r5ywi7vt::RMSF,sdu6-homo / RMSF,RMSF,Residue,87,0.08273156,nm,nm
line,overlay,sdu6-homo,sdu6-homo,rmsf,r5ywi7vt,r5ywi7vt::RMSF,sdu6-homo / RMSF,RMSF,Residue,88,0.09149832,nm,nm
line,overlay,sdu6-homo,sdu6-homo,rmsf,r5ywi7vt,r5ywi7vt::RMSF,sdu6-homo / RMSF,RMSF,Residue,89,0.07430542,nm,nm
line,overlay,sdu6-homo,sdu6-homo,rmsf,r5ywi7vt,r5ywi7vt::RMSF,sdu6-homo / RMSF,RMSF,Residue,90,0.07508054,nm,nm
line,overlay,sdu6-homo,sdu6-homo,rmsf,r5ywi7vt,r5ywi7vt::RMSF,sdu6-homo / RMSF,RMSF,Residue,91,0.089728355,nm,nm
line,overlay,sdu6-homo,sdu6-homo,rmsf,r5ywi7vt,r5ywi7vt::RMSF,sdu6-homo / RMSF,RMSF,Residue,92,0.08745657,nm,nm
line,overlay,sdu6-homo,sdu6-homo,rmsf,r5ywi7vt,r5ywi7vt::RMSF,sdu6-homo / RMSF,RMSF,Residue,93,0.07116794,nm,nm
line,overlay,sdu6-homo,sdu6-homo,rmsf,r5ywi7vt,r5ywi7vt::RMSF,sdu6-homo / RMSF,RMSF,Residue,94,0.074519895,nm,nm
line,overlay,sdu6-homo,sdu6-homo,rmsf,r5ywi7vt,r5ywi7vt::RMSF,sdu6-homo / RMSF,RMSF,Residue,95,0.09336926,nm,nm
line,overlay,sdu6-homo,sdu6-homo,rmsf,r5ywi7vt,r5ywi7vt::RMSF,sdu6-homo / RMSF,RMSF,Residue,96,0.08258925,nm,nm
line,overlay,sdu6-homo,sdu6-homo,rmsf,r5ywi7vt,r5ywi7vt::RMSF,sdu6-homo / RMSF,RMSF,Residue,97,0.06531636,nm,nm
line,overlay,sdu6-homo,sdu6-homo,rmsf,r5ywi7vt,r5ywi7vt::RMSF,sdu6-homo / RMSF,RMSF,Residue,98,0.07539057,nm,nm
line,overlay,sdu6-homo,sdu6-homo,rmsf,r5ywi7vt,r5ywi7vt::RMSF,sdu6-homo / RMSF,RMSF,Residue,99,0.076724865,nm,nm
line,overlay,sdu6-homo,sdu6-homo,rmsf,r5ywi7vt,r5ywi7vt::RMSF,sdu6-homo / RMSF,RMSF,Residue,100,0.06581354,nm,nm
line,overlay,sdu6-homo,sdu6-homo,rmsf,r5ywi7vt,r5ywi7vt::RMSF,sdu6-homo / RMSF,RMSF,Residue,101,0.05411133,nm,nm
line,overlay,sdu6-homo,sdu6-homo,rmsf,r5ywi7vt,r5ywi7vt::RMSF,sdu6-homo / RMSF,RMSF,Residue,102,0.062305007,nm,nm
line,overlay,sdu6-homo,sdu6-homo,rmsf,r5ywi7vt,r5ywi7vt::RMSF,sdu6-homo / RMSF,RMSF,Residue,103,0.06905001,nm,nm
line,overlay,sdu6-homo,sdu6-homo,rmsf,r5ywi7vt,r5ywi7vt::RMSF,sdu6-homo / RMSF,RMSF,Residue,104,0.060805365,nm,nm
line,overlay,sdu6-homo,sdu6-homo,rmsf,r5ywi7vt,r5ywi7vt::RMSF,sdu6-homo / RMSF,RMSF,Residue,105,0.058896255,nm,nm
line,overlay,sdu6-homo,sdu6-homo,rmsf,r5ywi7vt,r5ywi7vt::RMSF,sdu6-homo / RMSF,RMSF,Residue,106,0.07505099,nm,nm
line,overlay,sdu6-homo,sdu6-homo,rmsf,r5ywi7vt,r5ywi7vt::RMSF,sdu6-homo / RMSF,RMSF,Residue,107,0.08229988,nm,nm
line,overlay,sdu6-homo,sdu6-homo,rmsf,r5ywi7vt,r5ywi7vt::RMSF,sdu6-homo / RMSF,RMSF,Residue,108,0.07377458,nm,nm
line,overlay,sdu6-homo,sdu6-homo,rmsf,r5ywi7vt,r5ywi7vt::RMSF,sdu6-homo / RMSF,RMSF,Residue,109,0.086284995,nm,nm
line,overlay,sdu6-homo,sdu6-homo,rmsf,r5ywi7vt,r5ywi7vt::RMSF,sdu6-homo / RMSF,RMSF,Residue,110,0.10579439,nm,nm
line,overlay,sdu6-homo,sdu6-homo,rmsf,r5ywi7vt,r5ywi7vt::RMSF,sdu6-homo / RMSF,RMSF,Residue,111,0.10954667,nm,nm
line,overlay,sdu6-homo,sdu6-homo,rmsf,r5ywi7vt,r5ywi7vt::RMSF,sdu6-homo / RMSF,RMSF,Residue,112,0.110164195,nm,nm
line,overlay,sdu6-homo,sdu6-homo,rmsf,r5ywi7vt,r5ywi7vt::RMSF,sdu6-homo / RMSF,RMSF,Residue,113,0.0858277,nm,nm
line,overlay,sdu6-homo,sdu6-homo,rmsf,r5ywi7vt,r5ywi7vt::RMSF,sdu6-homo / RMSF,RMSF,Residue,114,0.06890323,nm,nm
line,overlay,sdu6-homo,sdu6-homo,rmsf,r5ywi7vt,r5ywi7vt::RMSF,sdu6-homo / RMSF,RMSF,Residue,115,0.052417934,nm,nm
line,overlay,sdu6-homo,sdu6-homo,rmsf,r5ywi7vt,r5ywi7vt::RMSF,sdu6-homo / RMSF,RMSF,Residue,116,0.057746787,nm,nm
line,overlay,sdu6-homo,sdu6-homo,rmsf,r5ywi7vt,r5ywi7vt::RMSF,sdu6-homo / RMSF,RMSF,Residue,117,0.051530275,nm,nm
line,overlay,sdu6-homo,sdu6-homo,rmsf,r5ywi7vt,r5ywi7vt::RMSF,sdu6-homo / RMSF,RMSF,Residue,118,0.04618369,nm,nm
line,overlay,sdu6-homo,sdu6-homo,rmsf,r5ywi7vt,r5ywi7vt::RMSF,sdu6-homo / RMSF,RMSF,Residue,119,0.042303167,nm,nm
line,overlay,sdu6-homo,sdu6-homo,rmsf,r5ywi7vt,r5ywi7vt::RMSF,sdu6-homo / RMSF,RMSF,Residue,120,0.04907234,nm,nm
line,overlay,sdu6-homo,sdu6-homo,rmsf,r5ywi7vt,r5ywi7vt::RMSF,sdu6-homo / RMSF,RMSF,Residue,121,0.046591487,nm,nm
line,overlay,sdu6-homo,sdu6-homo,rmsf,r5ywi7vt,r5ywi7vt::RMSF,sdu6-homo / RMSF,RMSF,Residue,122,0.05178428,nm,nm
line,overlay,sdu6-homo,sdu6-homo,rmsf,r5ywi7vt,r5ywi7vt::RMSF,sdu6-homo / RMSF,RMSF,Residue,123,0.053680707,nm,nm
line,overlay,sdu6-homo,sdu6-homo,rmsf,r5ywi7vt,r5ywi7vt::RMSF,sdu6-homo / RMSF,RMSF,Residue,124,0.054054886,nm,nm
line,overlay,sdu6-homo,sdu6-homo,rmsf,r5ywi7vt,r5ywi7vt::RMSF,sdu6-homo / RMSF,RMSF,Residue,125,0.08537583,nm,nm
line,overlay,sdu6-homo,sdu6-homo,rmsf,r5ywi7vt,r5ywi7vt::RMSF,sdu6-homo / RMSF,RMSF,Residue,126,0.07386266,nm,nm
line,overlay,sdu6-homo,sdu6-homo,rmsf,r5ywi7vt,r5ywi7vt::RMSF,sdu6-homo / RMSF,RMSF,Residue,127,0.05628992,nm,nm
line,overlay,sdu6-homo,sdu6-homo,rmsf,r5ywi7vt,r5ywi7vt::RMSF,sdu6-homo / RMSF,RMSF,Residue,128,0.07404303,nm,nm
line,overlay,sdu6-homo,sdu6-homo,rmsf,r5ywi7vt,r5ywi7vt::RMSF,sdu6-homo / RMSF,RMSF,Residue,129,0.07914694,nm,nm
line,overlay,sdu6-homo,sdu6-homo,rmsf,r5ywi7vt,r5ywi7vt::RMSF,sdu6-homo / RMSF,RMSF,Residue,130,0.06149818,nm,nm
line,overlay,sdu6-homo,sdu6-homo,rmsf,r5ywi7vt,r5ywi7vt::RMSF,sdu6-homo / RMSF,RMSF,Residue,131,0.061931197,nm,nm
line,overlay,sdu6-homo,sdu6-homo,rmsf,r5ywi7vt,r5ywi7vt::RMSF,sdu6-homo / RMSF,RMSF,Residue,132,0.07922097,nm,nm
line,overlay,sdu6-homo,sdu6-homo,rmsf,r5ywi7vt,r5ywi7vt::RMSF,sdu6-homo / RMSF,RMSF,Residue,133,0.08076356,nm,nm
line,overlay,sdu6-homo,sdu6-homo,rmsf,r5ywi7vt,r5ywi7vt::RMSF,sdu6-homo / RMSF,RMSF,Residue,134,0.0728796,nm,nm
line,overlay,sdu6-homo,sdu6-homo,rmsf,r5ywi7vt,r5ywi7vt::RMSF,sdu6-homo / RMSF,RMSF,Residue,135,0.08120821,nm,nm
line,overlay,sdu6-homo,sdu6-homo,rmsf,r5ywi7vt,r5ywi7vt::RMSF,sdu6-homo / RMSF,RMSF,Residue,136,0.07276474,nm,nm
line,overlay,sdu6-homo,sdu6-homo,rmsf,r5ywi7vt,r5ywi7vt::RMSF,sdu6-homo / RMSF,RMSF,Residue,137,0.06724827,nm,nm
line,overlay,sdu6-homo,sdu6-homo,rmsf,r5ywi7vt,r5ywi7vt::RMSF,sdu6-homo / RMSF,RMSF,Residue,138,0.05559607,nm,nm
line,overlay,sdu6-homo,sdu6-homo,rmsf,r5ywi7vt,r5ywi7vt::RMSF,sdu6-homo / RMSF,RMSF,Residue,139,0.04408313,nm,nm
line,overlay,sdu6-homo,sdu6-homo,rmsf,r5ywi7vt,r5ywi7vt::RMSF,sdu6-homo / RMSF,RMSF,Residue,140,0.054287266,nm,nm
line,overlay,sdu6-homo,sdu6-homo,rmsf,r5ywi7vt,r5ywi7vt::RMSF,sdu6-homo / RMSF,RMSF,Residue,141,0.04212122,nm,nm
line,overlay,sdu6-homo,sdu6-homo,rmsf,r5ywi7vt,r5ywi7vt::RMSF,sdu6-homo / RMSF,RMSF,Residue,142,0.03918783,nm,nm
line,overlay,sdu6-homo,sdu6-homo,rmsf,r5ywi7vt,r5ywi7vt::RMSF,sdu6-homo / RMSF,RMSF,Residue,143,0.03968508,nm,nm
line,overlay,sdu6-homo,sdu6-homo,rmsf,r5ywi7vt,r5ywi7vt::RMSF,sdu6-homo / RMSF,RMSF,Residue,144,0.0411176,nm,nm
line,overlay,sdu6-homo,sdu6-homo,rmsf,r5ywi7vt,r5ywi7vt::RMSF,sdu6-homo / RMSF,RMSF,Residue,145,0.04080226,nm,nm
line,overlay,sdu6-homo,sdu6-homo,rmsf,r5ywi7vt,r5ywi7vt::RMSF,sdu6-homo / RMSF,RMSF,Residue,146,0.05072257,nm,nm
line,overlay,sdu6-homo,sdu6-homo,rmsf,r5ywi7vt,r5ywi7vt::RMSF,sdu6-homo / RMSF,RMSF,Residue,147,0.050354652,nm,nm
line,overlay,sdu6-homo,sdu6-homo,rmsf,r5ywi7vt,r5ywi7vt::RMSF,sdu6-homo / RMSF,RMSF,Residue,148,0.051254362,nm,nm
line,overlay,sdu6-homo,sdu6-homo,rmsf,r5ywi7vt,r5ywi7vt::RMSF,sdu6-homo / RMSF,RMSF,Residue,149,0.051958445,nm,nm
line,overlay,sdu6-homo,sdu6-homo,rmsf,r5ywi7vt,r5ywi7vt::RMSF,sdu6-homo / RMSF,RMSF,Residue,150,0.05232801,nm,nm
line,overlay,sdu6-homo,sdu6-homo,rmsf,r5ywi7vt,r5ywi7vt::RMSF,sdu6-homo / RMSF,RMSF,Residue,151,0.05214429,nm,nm
line,overlay,sdu6-homo,sdu6-homo,rmsf,r5ywi7vt,r5ywi7vt::RMSF,sdu6-homo / RMSF,RMSF,Residue,152,0.055918783,nm,nm
line,overlay,sdu6-homo,sdu6-homo,rmsf,r5ywi7vt,r5ywi7vt::RMSF,sdu6-homo / RMSF,RMSF,Residue,153,0.06838881,nm,nm
line,overlay,sdu6-homo,sdu6-homo,rmsf,r5ywi7vt,r5ywi7vt::RMSF,sdu6-homo / RMSF,RMSF,Residue,154,0.066015266,nm,nm
line,overlay,sdu6-homo,sdu6-homo,rmsf,r5ywi7vt,r5ywi7vt::RMSF,sdu6-homo / RMSF,RMSF,Residue,155,0.06251086,nm,nm
line,overlay,sdu6-homo,sdu6-homo,rmsf,r5ywi7vt,r5ywi7vt::RMSF,sdu6-homo / RMSF,RMSF,Residue,156,0.07658083,nm,nm
line,overlay,sdu6-homo,sdu6-homo,rmsf,r5ywi7vt,r5ywi7vt::RMSF,sdu6-homo / RMSF,RMSF,Residue,157,0.08629307,nm,nm
line,overlay,sdu6-homo,sdu6-homo,rmsf,r5ywi7vt,r5ywi7vt::RMSF,sdu6-homo / RMSF,RMSF,Residue,158,0.08686248,nm,nm
line,overlay,sdu6-homo,sdu6-homo,rmsf,r5ywi7vt,r5ywi7vt::RMSF,sdu6-homo / RMSF,RMSF,Residue,159,0.0870976,nm,nm
line,overlay,sdu6-homo,sdu6-homo,rmsf,r5ywi7vt,r5ywi7vt::RMSF,sdu6-homo / RMSF,RMSF,Residue,160,0.08366058,nm,nm
line,overlay,sdu6-homo,sdu6-homo,rmsf,r5ywi7vt,r5ywi7vt::RMSF,sdu6-homo / RMSF,RMSF,Residue,161,0.092121296,nm,nm
line,overlay,sdu6-homo,sdu6-homo,rmsf,r5ywi7vt,r5ywi7vt::RMSF,sdu6-homo / RMSF,RMSF,Residue,162,0.0778272,nm,nm
line,overlay,sdu6-homo,sdu6-homo,rmsf,r5ywi7vt,r5ywi7vt::RMSF,sdu6-homo / RMSF,RMSF,Residue,163,0.0840763,nm,nm
line,overlay,sdu6-homo,sdu6-homo,rmsf,r5ywi7vt,r5ywi7vt::RMSF,sdu6-homo / RMSF,RMSF,Residue,164,0.109637156,nm,nm
line,overlay,sdu6-homo,sdu6-homo,rmsf,r5ywi7vt,r5ywi7vt::RMSF,sdu6-homo / RMSF,RMSF,Residue,165,0.13742056,nm,nm
line,overlay,sdu6-homo,sdu6-homo,rmsf,r5ywi7vt,r5ywi7vt::RMSF,sdu6-homo / RMSF,RMSF,Residue,166,0.17345628,nm,nm
line,overlay,sdu6-homo,sdu6-homo,rmsf,r5ywi7vt,r5ywi7vt::RMSF,sdu6-homo / RMSF,RMSF,Residue,167,0.1328851,nm,nm
line,overlay,sdu6-homo,sdu6-homo,rmsf,r5ywi7vt,r5ywi7vt::RMSF,sdu6-homo / RMSF,RMSF,Residue,168,0.10487997,nm,nm
line,overlay,sdu6-homo,sdu6-homo,rmsf,r5ywi7vt,r5ywi7vt::RMSF,sdu6-homo / RMSF,RMSF,Residue,169,0.09446083,nm,nm
line,overlay,sdu6-homo,sdu6-homo,rmsf,r5ywi7vt,r5ywi7vt::RMSF,sdu6-homo / RMSF,RMSF,Residue,170,0.086777955,nm,nm
line,overlay,sdu6-homo,sdu6-homo,rmsf,r5ywi7vt,r5ywi7vt::RMSF,sdu6-homo / RMSF,RMSF,Residue,171,0.07752725,nm,nm
line,overlay,sdu6-homo,sdu6-homo,rmsf,r5ywi7vt,r5ywi7vt::RMSF,sdu6-homo / RMSF,RMSF,Residue,172,0.0633106,nm,nm
line,overlay,sdu6-homo,sdu6-homo,rmsf,r5ywi7vt,r5ywi7vt::RMSF,sdu6-homo / RMSF,RMSF,Residue,173,0.067617446,nm,nm
line,overlay,sdu6-homo,sdu6-homo,rmsf,r5ywi7vt,r5ywi7vt::RMSF,sdu6-homo / RMSF,RMSF,Residue,174,0.07115115,nm,nm
line,overlay,sdu6-homo,sdu6-homo,rmsf,r5ywi7vt,r5ywi7vt::RMSF,sdu6-homo / RMSF,RMSF,Residue,175,0.083801955,nm,nm
line,overlay,sdu6-homo,sdu6-homo,rmsf,r5ywi7vt,r5ywi7vt::RMSF,sdu6-homo / RMSF,RMSF,Residue,176,0.081742115,nm,nm
line,overlay,sdu6-homo,sdu6-homo,rmsf,r5ywi7vt,r5ywi7vt::RMSF,sdu6-homo / RMSF,RMSF,Residue,177,0.0808881,nm,nm
line,overlay,sdu6-homo,sdu6-homo,rmsf,r5ywi7vt,r5ywi7vt::RMSF,sdu6-homo / RMSF,RMSF,Residue,178,0.07661625,nm,nm
line,overlay,sdu6-homo,sdu6-homo,rmsf,r5ywi7vt,r5ywi7vt::RMSF,sdu6-homo / RMSF,RMSF,Residue,179,0.065516025,nm,nm
line,overlay,sdu6-homo,sdu6-homo,rmsf,r5ywi7vt,r5ywi7vt::RMSF,sdu6-homo / RMSF,RMSF,Residue,180,0.058776267,nm,nm
line,overlay,sdu6-homo,sdu6-homo,rmsf,r5ywi7vt,r5ywi7vt::RMSF,sdu6-homo / RMSF,RMSF,Residue,181,0.0657326,nm,nm
line,overlay,sdu6-homo,sdu6-homo,rmsf,r5ywi7vt,r5ywi7vt::RMSF,sdu6-homo / RMSF,RMSF,Residue,182,0.0737941,nm,nm
line,overlay,sdu6-homo,sdu6-homo,rmsf,r5ywi7vt,r5ywi7vt::RMSF,sdu6-homo / RMSF,RMSF,Residue,183,0.071841024,nm,nm
line,overlay,sdu6-homo,sdu6-homo,rmsf,r5ywi7vt,r5ywi7vt::RMSF,sdu6-homo / RMSF,RMSF,Residue,184,0.055191554,nm,nm
line,overlay,sdu6-homo,sdu6-homo,rmsf,r5ywi7vt,r5ywi7vt::RMSF,sdu6-homo / RMSF,RMSF,Residue,185,0.06294159,nm,nm
line,overlay,sdu6-homo,sdu6-homo,rmsf,r5ywi7vt,r5ywi7vt::RMSF,sdu6-homo / RMSF,RMSF,Residue,186,0.06554399,nm,nm
line,overlay,sdu6-homo,sdu6-homo,rmsf,r5ywi7vt,r5ywi7vt::RMSF,sdu6-homo / RMSF,RMSF,Residue,187,0.08089552,nm,nm
line,overlay,sdu6-homo,sdu6-homo,rmsf,r5ywi7vt,r5ywi7vt::RMSF,sdu6-homo / RMSF,RMSF,Residue,188,0.11364136,nm,nm
line,overlay,sdu6-homo,sdu6-homo,rmsf,r5ywi7vt,r5ywi7vt::RMSF,sdu6-homo / RMSF,RMSF,Residue,189,0.11937037,nm,nm
line,overlay,sdu6-homo,sdu6-homo,rmsf,r5ywi7vt,r5ywi7vt::RMSF,sdu6-homo / RMSF,RMSF,Residue,190,0.16058148,nm,nm
line,overlay,sdu6-homo,sdu6-homo,rmsf,r5ywi7vt,r5ywi7vt::RMSF,sdu6-homo / RMSF,RMSF,Residue,191,0.23892231,nm,nm
line,overlay,sdu6-homo,sdu6-homo,rmsf,r5ywi7vt,r5ywi7vt::RMSF,sdu6-homo / RMSF,RMSF,Residue,192,0.27323708,nm,nm
line,overlay,sdu6-homo,sdu6-homo,rmsf,r5ywi7vt,r5ywi7vt::RMSF,sdu6-homo / RMSF,RMSF,Residue,193,0.1990495,nm,nm
line,overlay,sdu6-homo,sdu6-homo,rmsf,r5ywi7vt,r5ywi7vt::RMSF,sdu6-homo / RMSF,RMSF,Residue,194,0.26253602,nm,nm
line,overlay,sdu6-homo,sdu6-homo,rmsf,r5ywi7vt,r5ywi7vt::RMSF,sdu6-homo / RMSF,RMSF,Residue,195,0.20656048,nm,nm
line,overlay,sdu6-homo,sdu6-homo,rmsf,r5ywi7vt,r5ywi7vt::RMSF,sdu6-homo / RMSF,RMSF,Residue,196,0.16836451,nm,nm
line,overlay,sdu6-homo,sdu6-homo,rmsf,r5ywi7vt,r5ywi7vt::RMSF,sdu6-homo / RMSF,RMSF,Residue,197,0.15141581,nm,nm
line,overlay,sdu6-homo,sdu6-homo,rmsf,r5ywi7vt,r5ywi7vt::RMSF,sdu6-homo / RMSF,RMSF,Residue,198,0.12980193,nm,nm
line,overlay,sdu6-homo,sdu6-homo,rmsf,r5ywi7vt,r5ywi7vt::RMSF,sdu6-homo / RMSF,RMSF,Residue,199,0.120649755,nm,nm
line,overlay,sdu6-homo,sdu6-homo,rmsf,r5ywi7vt,r5ywi7vt::RMSF,sdu6-homo / RMSF,RMSF,Residue,200,0.12267807,nm,nm
line,overlay,sdu6-homo,sdu6-homo,rmsf,r5ywi7vt,r5ywi7vt::RMSF,sdu6-homo / RMSF,RMSF,Residue,201,0.1099345,nm,nm
line,overlay,sdu6-homo,sdu6-homo,rmsf,r5ywi7vt,r5ywi7vt::RMSF,sdu6-homo / RMSF,RMSF,Residue,202,0.092834726,nm,nm
line,overlay,sdu6-homo,sdu6-homo,rmsf,r5ywi7vt,r5ywi7vt::RMSF,sdu6-homo / RMSF,RMSF,Residue,203,0.09287343,nm,nm
line,overlay,sdu6-homo,sdu6-homo,rmsf,r5ywi7vt,r5ywi7vt::RMSF,sdu6-homo / RMSF,RMSF,Residue,204,0.086976364,nm,nm
line,overlay,sdu6-homo,sdu6-homo,rmsf,r5ywi7vt,r5ywi7vt::RMSF,sdu6-homo / RMSF,RMSF,Residue,205,0.08599643,nm,nm
line,overlay,sdu6-homo,sdu6-homo,rmsf,r5ywi7vt,r5ywi7vt::RMSF,sdu6-homo / RMSF,RMSF,Residue,206,0.094571225,nm,nm
line,overlay,sdu6-homo,sdu6-homo,rmsf,r5ywi7vt,r5ywi7vt::RMSF,sdu6-homo / RMSF,RMSF,Residue,207,0.10072628,nm,nm
line,overlay,sdu6-homo,sdu6-homo,rmsf,r5ywi7vt,r5ywi7vt::RMSF,sdu6-homo / RMSF,RMSF,Residue,208,0.105095625,nm,nm
line,overlay,sdu6-homo,sdu6-homo,rmsf,r5ywi7vt,r5ywi7vt::RMSF,sdu6-homo / RMSF,RMSF,Residue,209,0.1339043,nm,nm
line,overlay,sdu6-homo,sdu6-homo,rmsf,r5ywi7vt,r5ywi7vt::RMSF,sdu6-homo / RMSF,RMSF,Residue,210,0.14387757,nm,nm
line,overlay,sdu6-homo,sdu6-homo,rmsf,r5ywi7vt,r5ywi7vt::RMSF,sdu6-homo / RMSF,RMSF,Residue,211,0.10395627,nm,nm
line,overlay,sdu6-homo,sdu6-homo,rmsf,r5ywi7vt,r5ywi7vt::RMSF,sdu6-homo / RMSF,RMSF,Residue,212,0.06900202,nm,nm
line,overlay,sdu6-homo,sdu6-homo,rmsf,r5ywi7vt,r5ywi7vt::RMSF,sdu6-homo / RMSF,RMSF,Residue,213,0.06909632,nm,nm
line,overlay,sdu6-homo,sdu6-homo,rmsf,r5ywi7vt,r5ywi7vt::RMSF,sdu6-homo / RMSF,RMSF,Residue,214,0.055282384,nm,nm
line,overlay,sdu6-homo,sdu6-homo,rmsf,r5ywi7vt,r5ywi7vt::RMSF,sdu6-homo / RMSF,RMSF,Residue,215,0.04494461,nm,nm
line,overlay,sdu6-homo,sdu6-homo,rmsf,r5ywi7vt,r5ywi7vt::RMSF,sdu6-homo / RMSF,RMSF,Residue,216,0.041374486,nm,nm
line,overlay,sdu6-homo,sdu6-homo,rmsf,r5ywi7vt,r5ywi7vt::RMSF,sdu6-homo / RMSF,RMSF,Residue,217,0.042698022,nm,nm
line,overlay,sdu6-homo,sdu6-homo,rmsf,r5ywi7vt,r5ywi7vt::RMSF,sdu6-homo / RMSF,RMSF,Residue,218,0.04173005,nm,nm
line,overlay,sdu6-homo,sdu6-homo,rmsf,r5ywi7vt,r5ywi7vt::RMSF,sdu6-homo / RMSF,RMSF,Residue,219,0.047789708,nm,nm
line,overlay,sdu6-homo,sdu6-homo,rmsf,r5ywi7vt,r5ywi7vt::RMSF,sdu6-homo / RMSF,RMSF,Residue,220,0.05344999,nm,nm
line,overlay,sdu6-homo,sdu6-homo,rmsf,r5ywi7vt,r5ywi7vt::RMSF,sdu6-homo / RMSF,RMSF,Residue,221,0.0629451,nm,nm
line,overlay,sdu6-homo,sdu6-homo,rmsf,r5ywi7vt,r5ywi7vt::RMSF,sdu6-homo / RMSF,RMSF,Residue,222,0.06613187,nm,nm
line,overlay,sdu6-homo,sdu6-homo,rmsf,r5ywi7vt,r5ywi7vt::RMSF,sdu6-homo / RMSF,RMSF,Residue,223,0.06961726,nm,nm
line,overlay,sdu6-homo,sdu6-homo,rmsf,r5ywi7vt,r5ywi7vt::RMSF,sdu6-homo / RMSF,RMSF,Residue,224,0.0713066,nm,nm
line,overlay,sdu6-homo,sdu6-homo,rmsf,r5ywi7vt,r5ywi7vt::RMSF,sdu6-homo / RMSF,RMSF,Residue,225,0.06113891,nm,nm
line,overlay,sdu6-homo,sdu6-homo,rmsf,r5ywi7vt,r5ywi7vt::RMSF,sdu6-homo / RMSF,RMSF,Residue,226,0.06340688,nm,nm
line,overlay,sdu6-homo,sdu6-homo,rmsf,r5ywi7vt,r5ywi7vt::RMSF,sdu6-homo / RMSF,RMSF,Residue,227,0.05811343,nm,nm
line,overlay,sdu6-homo,sdu6-homo,rmsf,r5ywi7vt,r5ywi7vt::RMSF,sdu6-homo / RMSF,RMSF,Residue,228,0.057988733,nm,nm
line,overlay,sdu6-homo,sdu6-homo,rmsf,r5ywi7vt,r5ywi7vt::RMSF,sdu6-homo / RMSF,RMSF,Residue,229,0.05978323,nm,nm
line,overlay,sdu6-homo,sdu6-homo,rmsf,r5ywi7vt,r5ywi7vt::RMSF,sdu6-homo / RMSF,RMSF,Residue,230,0.057271857,nm,nm
line,overlay,sdu6-homo,sdu6-homo,rmsf,r5ywi7vt,r5ywi7vt::RMSF,sdu6-homo / RMSF,RMSF,Residue,231,0.057768144,nm,nm
line,overlay,sdu6-homo,sdu6-homo,rmsf,r5ywi7vt,r5ywi7vt::RMSF,sdu6-homo / RMSF,RMSF,Residue,232,0.060028873,nm,nm
line,overlay,sdu6-homo,sdu6-homo,rmsf,r5ywi7vt,r5ywi7vt::RMSF,sdu6-homo / RMSF,RMSF,Residue,233,0.077084005,nm,nm
line,overlay,sdu6-homo,sdu6-homo,rmsf,r5ywi7vt,r5ywi7vt::RMSF,sdu6-homo / RMSF,RMSF,Residue,234,0.077354774,nm,nm
line,overlay,sdu6-homo,sdu6-homo,rmsf,r5ywi7vt,r5ywi7vt::RMSF,sdu6-homo / RMSF,RMSF,Residue,235,0.062999964,nm,nm
line,overlay,sdu6-homo,sdu6-homo,rmsf,r5ywi7vt,r5ywi7vt::RMSF,sdu6-homo / RMSF,RMSF,Residue,236,0.053804252,nm,nm
line,overlay,sdu6-homo,sdu6-homo,rmsf,r5ywi7vt,r5ywi7vt::RMSF,sdu6-homo / RMSF,RMSF,Residue,237,0.045778047,nm,nm
line,overlay,sdu6-homo,sdu6-homo,rmsf,r5ywi7vt,r5ywi7vt::RMSF,sdu6-homo / RMSF,RMSF,Residue,238,0.04520462,nm,nm
line,overlay,sdu6-homo,sdu6-homo,rmsf,r5ywi7vt,r5ywi7vt::RMSF,sdu6-homo / RMSF,RMSF,Residue,239,0.047389556,nm,nm
line,overlay,sdu6-homo,sdu6-homo,rmsf,r5ywi7vt,r5ywi7vt::RMSF,sdu6-homo / RMSF,RMSF,Residue,240,0.04536471,nm,nm
line,overlay,sdu6-homo,sdu6-homo,rmsf,r5ywi7vt,r5ywi7vt::RMSF,sdu6-homo / RMSF,RMSF,Residue,241,0.04730291,nm,nm
line,overlay,sdu6-homo,sdu6-homo,rmsf,r5ywi7vt,r5ywi7vt::RMSF,sdu6-homo / RMSF,RMSF,Residue,242,0.043832302,nm,nm
line,overlay,sdu6-homo,sdu6-homo,rmsf,r5ywi7vt,r5ywi7vt::RMSF,sdu6-homo / RMSF,RMSF,Residue,243,0.043478534,nm,nm
line,overlay,sdu6-homo,sdu6-homo,rmsf,r5ywi7vt,r5ywi7vt::RMSF,sdu6-homo / RMSF,RMSF,Residue,244,0.04454425,nm,nm
line,overlay,sdu6-homo,sdu6-homo,rmsf,r5ywi7vt,r5ywi7vt::RMSF,sdu6-homo / RMSF,RMSF,Residue,245,0.05025536,nm,nm
line,overlay,sdu6-homo,sdu6-homo,rmsf,r5ywi7vt,r5ywi7vt::RMSF,sdu6-homo / RMSF,RMSF,Residue,246,0.058991168,nm,nm
line,overlay,sdu6-homo,sdu6-homo,rmsf,r5ywi7vt,r5ywi7vt::RMSF,sdu6-homo / RMSF,RMSF,Residue,247,0.104344934,nm,nm
line,overlay,sdu6-homo,sdu6-homo,rmsf,r5ywi7vt,r5ywi7vt::RMSF,sdu6-homo / RMSF,RMSF,Residue,248,0.1012864,nm,nm
line,overlay,sdu6-homo,sdu6-homo,rmsf,r5ywi7vt,r5ywi7vt::RMSF,sdu6-homo / RMSF,RMSF,Residue,249,0.12720646,nm,nm
line,overlay,sdu6-homo,sdu6-homo,rmsf,r5ywi7vt,r5ywi7vt::RMSF,sdu6-homo / RMSF,RMSF,Residue,250,0.14246415,nm,nm
line,overlay,sdu6-homo,sdu6-homo,rmsf,r5ywi7vt,r5ywi7vt::RMSF,sdu6-homo / RMSF,RMSF,Residue,251,0.18500075,nm,nm
line,overlay,sdu6-homo,sdu6-homo,rmsf,r5ywi7vt,r5ywi7vt::RMSF,sdu6-homo / RMSF,RMSF,Residue,252,0.17743284,nm,nm
line,overlay,sdu6-homo,sdu6-homo,rmsf,r5ywi7vt,r5ywi7vt::RMSF,sdu6-homo / RMSF,RMSF,Residue,253,0.18673131,nm,nm
line,overlay,sdu6-homo,sdu6-homo,rmsf,r5ywi7vt,r5ywi7vt::RMSF,sdu6-homo / RMSF,RMSF,Residue,254,0.09977011,nm,nm
line,overlay,sdu6-homo,sdu6-homo,rmsf,r5ywi7vt,r5ywi7vt::RMSF,sdu6-homo / RMSF,RMSF,Residue,255,0.10201569,nm,nm
line,overlay,sdu6-homo,sdu6-homo,rmsf,r5ywi7vt,r5ywi7vt::RMSF,sdu6-homo / RMSF,RMSF,Residue,256,0.104753345,nm,nm
line,overlay,sdu6-homo,sdu6-homo,rmsf,r5ywi7vt,r5ywi7vt::RMSF,sdu6-homo / RMSF,RMSF,Residue,257,0.08596448,nm,nm
line,overlay,sdu6-homo,sdu6-homo,rmsf,r5ywi7vt,r5ywi7vt::RMSF,sdu6-homo / RMSF,RMSF,Residue,258,0.0900147,nm,nm
line,overlay,sdu6-homo,sdu6-homo,rmsf,r5ywi7vt,r5ywi7vt::RMSF,sdu6-homo / RMSF,RMSF,Residue,259,0.09465286,nm,nm
line,overlay,sdu6-homo,sdu6-homo,rmsf,r5ywi7vt,r5ywi7vt::RMSF,sdu6-homo / RMSF,RMSF,Residue,260,0.09558169,nm,nm
line,overlay,sdu6-homo,sdu6-homo,rmsf,r5ywi7vt,r5ywi7vt::RMSF,sdu6-homo / RMSF,RMSF,Residue,261,0.07755293,nm,nm
line,overlay,sdu6-homo,sdu6-homo,rmsf,r5ywi7vt,r5ywi7vt::RMSF,sdu6-homo / RMSF,RMSF,Residue,262,0.061809592,nm,nm
line,overlay,sdu6-homo,sdu6-homo,rmsf,r5ywi7vt,r5ywi7vt::RMSF,sdu6-homo / RMSF,RMSF,Residue,263,0.0720779,nm,nm
line,overlay,sdu6-homo,sdu6-homo,rmsf,r5ywi7vt,r5ywi7vt::RMSF,sdu6-homo / RMSF,RMSF,Residue,264,0.07419138,nm,nm
line,overlay,sdu6-homo,sdu6-homo,rmsf,r5ywi7vt,r5ywi7vt::RMSF,sdu6-homo / RMSF,RMSF,Residue,265,0.067416266,nm,nm
line,overlay,sdu6-homo,sdu6-homo,rmsf,r5ywi7vt,r5ywi7vt::RMSF,sdu6-homo / RMSF,RMSF,Residue,266,0.07420123,nm,nm
line,overlay,sdu6-homo,sdu6-homo,rmsf,r5ywi7vt,r5ywi7vt::RMSF,sdu6-homo / RMSF,RMSF,Residue,267,0.06555824,nm,nm
line,overlay,sdu6-homo,sdu6-homo,rmsf,r5ywi7vt,r5ywi7vt::RMSF,sdu6-homo / RMSF,RMSF,Residue,268,0.06312149,nm,nm
line,overlay,sdu6-homo,sdu6-homo,rmsf,r5ywi7vt,r5ywi7vt::RMSF,sdu6-homo / RMSF,RMSF,Residue,269,0.07802259,nm,nm
line,overlay,sdu6-homo,sdu6-homo,rmsf,r5ywi7vt,r5ywi7vt::RMSF,sdu6-homo / RMSF,RMSF,Residue,270,0.0930426,nm,nm
line,overlay,sdu6-homo,sdu6-homo,rmsf,r5ywi7vt,r5ywi7vt::RMSF,sdu6-homo / RMSF,RMSF,Residue,271,0.078038044,nm,nm
line,overlay,sdu6-homo,sdu6-homo,rmsf,r5ywi7vt,r5ywi7vt::RMSF,sdu6-homo / RMSF,RMSF,Residue,272,0.08351335,nm,nm
line,overlay,sdu6-homo,sdu6-homo,rmsf,r5ywi7vt,r5ywi7vt::RMSF,sdu6-homo / RMSF,RMSF,Residue,273,0.07718912,nm,nm
line,overlay,sdu6-homo,sdu6-homo,rmsf,r5ywi7vt,r5ywi7vt::RMSF,sdu6-homo / RMSF,RMSF,Residue,274,0.07074803,nm,nm
line,overlay,sdu6-homo,sdu6-homo,rmsf,r5ywi7vt,r5ywi7vt::RMSF,sdu6-homo / RMSF,RMSF,Residue,275,0.07029929,nm,nm
line,overlay,sdu6-homo,sdu6-homo,rmsf,r5ywi7vt,r5ywi7vt::RMSF,sdu6-homo / RMSF,RMSF,Residue,276,0.0530577,nm,nm
line,overlay,sdu6-homo,sdu6-homo,rmsf,r5ywi7vt,r5ywi7vt::RMSF,sdu6-homo / RMSF,RMSF,Residue,277,0.046564545,nm,nm
line,overlay,sdu6-homo,sdu6-homo,rmsf,r5ywi7vt,r5ywi7vt::RMSF,sdu6-homo / RMSF,RMSF,Residue,278,0.04171917,nm,nm
line,overlay,sdu6-homo,sdu6-homo,rmsf,r5ywi7vt,r5ywi7vt::RMSF,sdu6-homo / RMSF,RMSF,Residue,279,0.043494936,nm,nm
line,overlay,sdu6-homo,sdu6-homo,rmsf,r5ywi7vt,r5ywi7vt::RMSF,sdu6-homo / RMSF,RMSF,Residue,280,0.04596308,nm,nm
line,overlay,sdu6-homo,sdu6-homo,rmsf,r5ywi7vt,r5ywi7vt::RMSF,sdu6-homo / RMSF,RMSF,Residue,281,0.054433733,nm,nm
line,overlay,sdu6-homo,sdu6-homo,rmsf,r5ywi7vt,r5ywi7vt::RMSF,sdu6-homo / RMSF,RMSF,Residue,282,0.07321736,nm,nm
line,overlay,sdu6-homo,sdu6-homo,rmsf,r5ywi7vt,r5ywi7vt::RMSF,sdu6-homo / RMSF,RMSF,Residue,283,0.060647875,nm,nm
line,overlay,sdu6-homo,sdu6-homo,rmsf,r5ywi7vt,r5ywi7vt::RMSF,sdu6-homo / RMSF,RMSF,Residue,284,0.06593442,nm,nm
line,overlay,sdu6-homo,sdu6-homo,rmsf,r5ywi7vt,r5ywi7vt::RMSF,sdu6-homo / RMSF,RMSF,Residue,285,0.06359807,nm,nm
line,overlay,sdu6-homo,sdu6-homo,rmsf,r5ywi7vt,r5ywi7vt::RMSF,sdu6-homo / RMSF,RMSF,Residue,286,0.084642895,nm,nm
line,overlay,sdu6-homo,sdu6-homo,rmsf,r5ywi7vt,r5ywi7vt::RMSF,sdu6-homo / RMSF,RMSF,Residue,287,0.07620757,nm,nm
line,overlay,sdu6-homo,sdu6-homo,rmsf,r5ywi7vt,r5ywi7vt::RMSF,sdu6-homo / RMSF,RMSF,Residue,288,0.085703686,nm,nm
line,overlay,sdu6-homo,sdu6-homo,rmsf,r5ywi7vt,r5ywi7vt::RMSF,sdu6-homo / RMSF,RMSF,Residue,289,0.08663365,nm,nm
line,overlay,sdu6-homo,sdu6-homo,rmsf,r5ywi7vt,r5ywi7vt::RMSF,sdu6-homo / RMSF,RMSF,Residue,290,0.08373371,nm,nm
line,overlay,sdu6-homo,sdu6-homo,rmsf,r5ywi7vt,r5ywi7vt::RMSF,sdu6-homo / RMSF,RMSF,Residue,291,0.07066426,nm,nm
line,overlay,sdu6-homo,sdu6-homo,rmsf,r5ywi7vt,r5ywi7vt::RMSF,sdu6-homo / RMSF,RMSF,Residue,292,0.07393067,nm,nm
line,overlay,sdu6-homo,sdu6-homo,rmsf,r5ywi7vt,r5ywi7vt::RMSF,sdu6-homo / RMSF,RMSF,Residue,293,0.08113117,nm,nm
line,overlay,sdu6-homo,sdu6-homo,rmsf,r5ywi7vt,r5ywi7vt::RMSF,sdu6-homo / RMSF,RMSF,Residue,294,0.07404813,nm,nm
line,overlay,sdu6-homo,sdu6-homo,rmsf,r5ywi7vt,r5ywi7vt::RMSF,sdu6-homo / RMSF,RMSF,Residue,295,0.06870132,nm,nm
line,overlay,sdu6-homo,sdu6-homo,rmsf,r5ywi7vt,r5ywi7vt::RMSF,sdu6-homo / RMSF,RMSF,Residue,296,0.07973168,nm,nm
line,overlay,sdu6-homo,sdu6-homo,rmsf,r5ywi7vt,r5ywi7vt::RMSF,sdu6-homo / RMSF,RMSF,Residue,297,0.0849594,nm,nm
line,overlay,sdu6-homo,sdu6-homo,rmsf,r5ywi7vt,r5ywi7vt::RMSF,sdu6-homo / RMSF,RMSF,Residue,298,0.07046344,nm,nm
line,overlay,sdu6-homo,sdu6-homo,rmsf,r5ywi7vt,r5ywi7vt::RMSF,sdu6-homo / RMSF,RMSF,Residue,299,0.07082357,nm,nm
line,overlay,sdu6-homo,sdu6-homo,rmsf,r5ywi7vt,r5ywi7vt::RMSF,sdu6-homo / RMSF,RMSF,Residue,300,0.0871054,nm,nm
line,overlay,sdu6-homo,sdu6-homo,rmsf,r5ywi7vt,r5ywi7vt::RMSF,sdu6-homo / RMSF,RMSF,Residue,301,0.079369,nm,nm
line,overlay,sdu6-homo,sdu6-homo,rmsf,r5ywi7vt,r5ywi7vt::RMSF,sdu6-homo / RMSF,RMSF,Residue,302,0.07448268,nm,nm
line,overlay,sdu6-homo,sdu6-homo,rmsf,r5ywi7vt,r5ywi7vt::RMSF,sdu6-homo / RMSF,RMSF,Residue,303,0.082628585,nm,nm
line,overlay,sdu6-homo,sdu6-homo,rmsf,r5ywi7vt,r5ywi7vt::RMSF,sdu6-homo / RMSF,RMSF,Residue,304,0.074277684,nm,nm
line,overlay,sdu6-homo,sdu6-homo,rmsf,r5ywi7vt,r5ywi7vt::RMSF,sdu6-homo / RMSF,RMSF,Residue,305,0.057908554,nm,nm
line,overlay,sdu6-homo,sdu6-homo,rmsf,r5ywi7vt,r5ywi7vt::RMSF,sdu6-homo / RMSF,RMSF,Residue,306,0.05062485,nm,nm
line,overlay,sdu6-homo,sdu6-homo,rmsf,r5ywi7vt,r5ywi7vt::RMSF,sdu6-homo / RMSF,RMSF,Residue,307,0.042823568,nm,nm
line,overlay,sdu6-homo,sdu6-homo,rmsf,r5ywi7vt,r5ywi7vt::RMSF,sdu6-homo / RMSF,RMSF,Residue,308,0.047697082,nm,nm
line,overlay,sdu6-homo,sdu6-homo,rmsf,r5ywi7vt,r5ywi7vt::RMSF,sdu6-homo / RMSF,RMSF,Residue,309,0.048409596,nm,nm
line,overlay,sdu6-homo,sdu6-homo,rmsf,r5ywi7vt,r5ywi7vt::RMSF,sdu6-homo / RMSF,RMSF,Residue,310,0.07645093,nm,nm
line,overlay,sdu6-homo,sdu6-homo,rmsf,r5ywi7vt,r5ywi7vt::RMSF,sdu6-homo / RMSF,RMSF,Residue,311,0.09438254,nm,nm
line,overlay,sdu6-homo,sdu6-homo,rmsf,r5ywi7vt,r5ywi7vt::RMSF,sdu6-homo / RMSF,RMSF,Residue,312,0.15105642,nm,nm
line,overlay,sdu6-homo,sdu6-homo,rmsf,r5ywi7vt,r5ywi7vt::RMSF,sdu6-homo / RMSF,RMSF,Residue,313,0.20941363,nm,nm
line,overlay,sdu6-homo,sdu6-homo,rmsf,r5ywi7vt,r5ywi7vt::RMSF,sdu6-homo / RMSF,RMSF,Residue,314,0.2578345,nm,nm
line,overlay,sdu6-homo,sdu6-homo,rmsf,r5ywi7vt,r5ywi7vt::RMSF,sdu6-homo / RMSF,RMSF,Residue,315,0.31507704,nm,nm
line,overlay,sdu6-homo,sdu6-homo,rmsf,r5ywi7vt,r5ywi7vt::RMSF,sdu6-homo / RMSF,RMSF,Residue,316,0.37459704,nm,nm
line,overlay,sdu6-homo,sdu6-homo,rmsf,r5ywi7vt,r5ywi7vt::RMSF,sdu6-homo / RMSF,RMSF,Residue,317,0.35274878,nm,nm
line,overlay,sdu6-homo,sdu6-homo,rmsf,r5ywi7vt,r5ywi7vt::RMSF,sdu6-homo / RMSF,RMSF,Residue,318,0.41988444,nm,nm
line,overlay,sdu6-homo,sdu6-homo,rmsf,r5ywi7vt,r5ywi7vt::RMSF,sdu6-homo / RMSF,RMSF,Residue,319,0.37123615,nm,nm
line,overlay,sdu6-homo,sdu6-homo,rmsf,r5ywi7vt,r5ywi7vt::RMSF,sdu6-homo / RMSF,RMSF,Residue,320,0.3048209,nm,nm
line,overlay,sdu6-homo,sdu6-homo,rmsf,r5ywi7vt,r5ywi7vt::RMSF,sdu6-homo / RMSF,RMSF,Residue,321,0.2813215,nm,nm
line,overlay,sdu6-homo,sdu6-homo,rmsf,r5ywi7vt,r5ywi7vt::RMSF,sdu6-homo / RMSF,RMSF,Residue,322,0.32455242,nm,nm
line,overlay,sdu6-homo,sdu6-homo,rmsf,r5ywi7vt,r5ywi7vt::RMSF,sdu6-homo / RMSF,RMSF,Residue,323,0.22298795,nm,nm
line,overlay,sdu6-homo,sdu6-homo,rmsf,r5ywi7vt,r5ywi7vt::RMSF,sdu6-homo / RMSF,RMSF,Residue,324,0.25507164,nm,nm
line,overlay,sdu6-homo,sdu6-homo,rmsf,r5ywi7vt,r5ywi7vt::RMSF,sdu6-homo / RMSF,RMSF,Residue,325,0.27519456,nm,nm
line,overlay,sdu6-homo,sdu6-homo,rmsf,r5ywi7vt,r5ywi7vt::RMSF,sdu6-homo / RMSF,RMSF,Residue,326,0.31308973,nm,nm
line,overlay,sdu6-homo,sdu6-homo,rmsf,r5ywi7vt,r5ywi7vt::RMSF,sdu6-homo / RMSF,RMSF,Residue,327,0.24645305,nm,nm
line,overlay,sdu6-homo,sdu6-homo,rmsf,r5ywi7vt,r5ywi7vt::RMSF,sdu6-homo / RMSF,RMSF,Residue,328,0.21167275,nm,nm
line,overlay,sdu6-homo,sdu6-homo,rmsf,r5ywi7vt,r5ywi7vt::RMSF,sdu6-homo / RMSF,RMSF,Residue,329,0.23517051,nm,nm
line,overlay,sdu6-homo,sdu6-homo,rmsf,r5ywi7vt,r5ywi7vt::RMSF,sdu6-homo / RMSF,RMSF,Residue,330,0.23762995,nm,nm
line,overlay,sdu6-homo,sdu6-homo,rmsf,r5ywi7vt,r5ywi7vt::RMSF,sdu6-homo / RMSF,RMSF,Residue,331,0.18275349,nm,nm
line,overlay,sdu6-homo,sdu6-homo,rmsf,r5ywi7vt,r5ywi7vt::RMSF,sdu6-homo / RMSF,RMSF,Residue,332,0.16065878,nm,nm
line,overlay,sdu6-homo,sdu6-homo,rmsf,r5ywi7vt,r5ywi7vt::RMSF,sdu6-homo / RMSF,RMSF,Residue,333,0.13368525,nm,nm
line,overlay,sdu6-homo,sdu6-homo,rmsf,r5ywi7vt,r5ywi7vt::RMSF,sdu6-homo / RMSF,RMSF,Residue,334,0.096118934,nm,nm
line,overlay,sdu6-homo,sdu6-homo,rmsf,r5ywi7vt,r5ywi7vt::RMSF,sdu6-homo / RMSF,RMSF,Residue,335,0.075479046,nm,nm
line,overlay,sdu6-homo,sdu6-homo,rmsf,r5ywi7vt,r5ywi7vt::RMSF,sdu6-homo / RMSF,RMSF,Residue,336,0.05588462,nm,nm
line,overlay,sdu6-homo,sdu6-homo,rmsf,r5ywi7vt,r5ywi7vt::RMSF,sdu6-homo / RMSF,RMSF,Residue,337,0.05431595,nm,nm
line,overlay,sdu6-homo,sdu6-homo,rmsf,r5ywi7vt,r5ywi7vt::RMSF,sdu6-homo / RMSF,RMSF,Residue,338,0.053985912,nm,nm
line,overlay,sdu6-homo,sdu6-homo,rmsf,r5ywi7vt,r5ywi7vt::RMSF,sdu6-homo / RMSF,RMSF,Residue,339,0.06186038,nm,nm
line,overlay,sdu6-homo,sdu6-homo,rmsf,r5ywi7vt,r5ywi7vt::RMSF,sdu6-homo / RMSF,RMSF,Residue,340,0.061922807,nm,nm
line,overlay,sdu6-homo,sdu6-homo,rmsf,r5ywi7vt,r5ywi7vt::RMSF,sdu6-homo / RMSF,RMSF,Residue,341,0.052375376,nm,nm
line,overlay,sdu6-homo,sdu6-homo,rmsf,r5ywi7vt,r5ywi7vt::RMSF,sdu6-homo / RMSF,RMSF,Residue,342,0.05465723,nm,nm
line,overlay,sdu6-homo,sdu6-homo,rmsf,r5ywi7vt,r5ywi7vt::RMSF,sdu6-homo / RMSF,RMSF,Residue,343,0.04763746,nm,nm
line,overlay,sdu6-homo,sdu6-homo,rmsf,r5ywi7vt,r5ywi7vt::RMSF,sdu6-homo / RMSF,RMSF,Residue,344,0.059019506,nm,nm
line,overlay,sdu6-homo,sdu6-homo,rmsf,r5ywi7vt,r5ywi7vt::RMSF,sdu6-homo / RMSF,RMSF,Residue,345,0.06030509,nm,nm
line,overlay,sdu6-homo,sdu6-homo,rmsf,r5ywi7vt,r5ywi7vt::RMSF,sdu6-homo / RMSF,RMSF,Residue,346,0.04855587,nm,nm
line,overlay,sdu6-homo,sdu6-homo,rmsf,r5ywi7vt,r5ywi7vt::RMSF,sdu6-homo / RMSF,RMSF,Residue,347,0.050879367,nm,nm
line,overlay,sdu6-homo,sdu6-homo,rmsf,r5ywi7vt,r5ywi7vt::RMSF,sdu6-homo / RMSF,RMSF,Residue,348,0.06501798,nm,nm
line,overlay,sdu6-homo,sdu6-homo,rmsf,r5ywi7vt,r5ywi7vt::RMSF,sdu6-homo / RMSF,RMSF,Residue,349,0.060975898,nm,nm
line,overlay,sdu6-homo,sdu6-homo,rmsf,r5ywi7vt,r5ywi7vt::RMSF,sdu6-homo / RMSF,RMSF,Residue,350,0.06903792,nm,nm
line,overlay,sdu6-homo,sdu6-homo,rmsf,r5ywi7vt,r5ywi7vt::RMSF,sdu6-homo / RMSF,RMSF,Residue,351,0.061019983,nm,nm
line,overlay,sdu6-homo,sdu6-homo,rmsf,r5ywi7vt,r5ywi7vt::RMSF,sdu6-homo / RMSF,RMSF,Residue,352,0.050490256,nm,nm
line,overlay,sdu6-homo,sdu6-homo,rmsf,r5ywi7vt,r5ywi7vt::RMSF,sdu6-homo / RMSF,RMSF,Residue,353,0.05464448,nm,nm
line,overlay,sdu6-homo,sdu6-homo,rmsf,r5ywi7vt,r5ywi7vt::RMSF,sdu6-homo / RMSF,RMSF,Residue,354,0.046843305,nm,nm
line,overlay,sdu6-homo,sdu6-homo,rmsf,r5ywi7vt,r5ywi7vt::RMSF,sdu6-homo / RMSF,RMSF,Residue,355,0.042777445,nm,nm
line,overlay,sdu6-homo,sdu6-homo,rmsf,r5ywi7vt,r5ywi7vt::RMSF,sdu6-homo / RMSF,RMSF,Residue,356,0.043318078,nm,nm
line,overlay,sdu6-homo,sdu6-homo,rmsf,r5ywi7vt,r5ywi7vt::RMSF,sdu6-homo / RMSF,RMSF,Residue,357,0.045078956,nm,nm
line,overlay,sdu6-homo,sdu6-homo,rmsf,r5ywi7vt,r5ywi7vt::RMSF,sdu6-homo / RMSF,RMSF,Residue,358,0.04860497,nm,nm
line,overlay,sdu6-homo,sdu6-homo,rmsf,r5ywi7vt,r5ywi7vt::RMSF,sdu6-homo / RMSF,RMSF,Residue,359,0.044222623,nm,nm
line,overlay,sdu6-homo,sdu6-homo,rmsf,r5ywi7vt,r5ywi7vt::RMSF,sdu6-homo / RMSF,RMSF,Residue,360,0.04332702,nm,nm
line,overlay,sdu6-homo,sdu6-homo,rmsf,r5ywi7vt,r5ywi7vt::RMSF,sdu6-homo / RMSF,RMSF,Residue,361,0.039586354,nm,nm
line,overlay,sdu6-homo,sdu6-homo,rmsf,r5ywi7vt,r5ywi7vt::RMSF,sdu6-homo / RMSF,RMSF,Residue,362,0.050002802,nm,nm
line,overlay,sdu6-homo,sdu6-homo,rmsf,r5ywi7vt,r5ywi7vt::RMSF,sdu6-homo / RMSF,RMSF,Residue,363,0.045180645,nm,nm
line,overlay,sdu6-homo,sdu6-homo,rmsf,r5ywi7vt,r5ywi7vt::RMSF,sdu6-homo / RMSF,RMSF,Residue,364,0.043149292,nm,nm
line,overlay,sdu6-homo,sdu6-homo,rmsf,r5ywi7vt,r5ywi7vt::RMSF,sdu6-homo / RMSF,RMSF,Residue,365,0.042356946,nm,nm
line,overlay,sdu6-homo,sdu6-homo,rmsf,r5ywi7vt,r5ywi7vt::RMSF,sdu6-homo / RMSF,RMSF,Residue,366,0.040378734,nm,nm
line,overlay,sdu6-homo,sdu6-homo,rmsf,r5ywi7vt,r5ywi7vt::RMSF,sdu6-homo / RMSF,RMSF,Residue,367,0.043955006,nm,nm
line,overlay,sdu6-homo,sdu6-homo,rmsf,r5ywi7vt,r5ywi7vt::RMSF,sdu6-homo / RMSF,RMSF,Residue,368,0.049113665,nm,nm
line,overlay,sdu6-homo,sdu6-homo,rmsf,r5ywi7vt,r5ywi7vt::RMSF,sdu6-homo / RMSF,RMSF,Residue,369,0.0467361,nm,nm
line,overlay,sdu6-homo,sdu6-homo,rmsf,r5ywi7vt,r5ywi7vt::RMSF,sdu6-homo / RMSF,RMSF,Residue,370,0.048071515,nm,nm
line,overlay,sdu6-homo,sdu6-homo,rmsf,r5ywi7vt,r5ywi7vt::RMSF,sdu6-homo / RMSF,RMSF,Residue,371,0.05228076,nm,nm
line,overlay,sdu6-homo,sdu6-homo,rmsf,r5ywi7vt,r5ywi7vt::RMSF,sdu6-homo / RMSF,RMSF,Residue,372,0.043044955,nm,nm
line,overlay,sdu6-homo,sdu6-homo,rmsf,r5ywi7vt,r5ywi7vt::RMSF,sdu6-homo / RMSF,RMSF,Residue,373,0.046290755,nm,nm
line,overlay,sdu6-homo,sdu6-homo,rmsf,r5ywi7vt,r5ywi7vt::RMSF,sdu6-homo / RMSF,RMSF,Residue,374,0.043774266,nm,nm
line,overlay,sdu6-homo,sdu6-homo,rmsf,r5ywi7vt,r5ywi7vt::RMSF,sdu6-homo / RMSF,RMSF,Residue,375,0.04495012,nm,nm
line,overlay,sdu6-homo,sdu6-homo,rmsf,r5ywi7vt,r5ywi7vt::RMSF,sdu6-homo / RMSF,RMSF,Residue,376,0.044756602,nm,nm
line,overlay,sdu6-homo,sdu6-homo,rmsf,r5ywi7vt,r5ywi7vt::RMSF,sdu6-homo / RMSF,RMSF,Residue,377,0.04241531,nm,nm
line,overlay,sdu6-homo,sdu6-homo,rmsf,r5ywi7vt,r5ywi7vt::RMSF,sdu6-homo / RMSF,RMSF,Residue,378,0.052384548,nm,nm
line,overlay,sdu6-homo,sdu6-homo,rmsf,r5ywi7vt,r5ywi7vt::RMSF,sdu6-homo / RMSF,RMSF,Residue,379,0.06232979,nm,nm
line,overlay,sdu6-homo,sdu6-homo,rmsf,r5ywi7vt,r5ywi7vt::RMSF,sdu6-homo / RMSF,RMSF,Residue,380,0.06400844,nm,nm
line,overlay,sdu6-homo,sdu6-homo,rmsf,r5ywi7vt,r5ywi7vt::RMSF,sdu6-homo / RMSF,RMSF,Residue,381,0.075063355,nm,nm
line,overlay,sdu6-homo,sdu6-homo,rmsf,r5ywi7vt,r5ywi7vt::RMSF,sdu6-homo / RMSF,RMSF,Residue,382,0.06668892,nm,nm
line,overlay,sdu6-homo,sdu6-homo,rmsf,r5ywi7vt,r5ywi7vt::RMSF,sdu6-homo / RMSF,RMSF,Residue,383,0.050976615,nm,nm
line,overlay,sdu6-homo,sdu6-homo,rmsf,r5ywi7vt,r5ywi7vt::RMSF,sdu6-homo / RMSF,RMSF,Residue,384,0.049537674,nm,nm
line,overlay,sdu6-homo,sdu6-homo,rmsf,r5ywi7vt,r5ywi7vt::RMSF,sdu6-homo / RMSF,RMSF,Residue,385,0.055061586,nm,nm
line,overlay,sdu6-homo,sdu6-homo,rmsf,r5ywi7vt,r5ywi7vt::RMSF,sdu6-homo / RMSF,RMSF,Residue,386,0.05996136,nm,nm
line,overlay,sdu6-homo,sdu6-homo,rmsf,r5ywi7vt,r5ywi7vt::RMSF,sdu6-homo / RMSF,RMSF,Residue,387,0.05658627,nm,nm
line,overlay,sdu6-homo,sdu6-homo,rmsf,r5ywi7vt,r5ywi7vt::RMSF,sdu6-homo / RMSF,RMSF,Residue,388,0.06555757,nm,nm
line,overlay,sdu6-homo,sdu6-homo,rmsf,r5ywi7vt,r5ywi7vt::RMSF,sdu6-homo / RMSF,RMSF,Residue,389,0.059571374,nm,nm
line,overlay,sdu6-homo,sdu6-homo,rmsf,r5ywi7vt,r5ywi7vt::RMSF,sdu6-homo / RMSF,RMSF,Residue,390,0.05562601,nm,nm
line,overlay,sdu6-homo,sdu6-homo,rmsf,r5ywi7vt,r5ywi7vt::RMSF,sdu6-homo / RMSF,RMSF,Residue,391,0.05959969,nm,nm
line,overlay,sdu6-homo,sdu6-homo,rmsf,r5ywi7vt,r5ywi7vt::RMSF,sdu6-homo / RMSF,RMSF,Residue,392,0.06233166,nm,nm
line,overlay,sdu6-homo,sdu6-homo,rmsf,r5ywi7vt,r5ywi7vt::RMSF,sdu6-homo / RMSF,RMSF,Residue,393,0.06371917,nm,nm
line,overlay,sdu6-homo,sdu6-homo,rmsf,r5ywi7vt,r5ywi7vt::RMSF,sdu6-homo / RMSF,RMSF,Residue,394,0.056964517,nm,nm
line,overlay,sdu6-homo,sdu6-homo,rmsf,r5ywi7vt,r5ywi7vt::RMSF,sdu6-homo / RMSF,RMSF,Residue,395,0.05379841,nm,nm
line,overlay,sdu6-homo,sdu6-homo,rmsf,r5ywi7vt,r5ywi7vt::RMSF,sdu6-homo / RMSF,RMSF,Residue,396,0.047264226,nm,nm
line,overlay,sdu6-homo,sdu6-homo,rmsf,r5ywi7vt,r5ywi7vt::RMSF,sdu6-homo / RMSF,RMSF,Residue,397,0.050048366,nm,nm
line,overlay,sdu6-homo,sdu6-homo,rmsf,r5ywi7vt,r5ywi7vt::RMSF,sdu6-homo / RMSF,RMSF,Residue,398,0.044678442,nm,nm
line,overlay,sdu6-homo,sdu6-homo,rmsf,r5ywi7vt,r5ywi7vt::RMSF,sdu6-homo / RMSF,RMSF,Residue,399,0.05100306,nm,nm
line,overlay,sdu6-homo,sdu6-homo,rmsf,r5ywi7vt,r5ywi7vt::RMSF,sdu6-homo / RMSF,RMSF,Residue,400,0.059344523,nm,nm
line,overlay,sdu6-homo,sdu6-homo,rmsf,r5ywi7vt,r5ywi7vt::RMSF,sdu6-homo / RMSF,RMSF,Residue,401,0.08516119,nm,nm
line,overlay,sdu6-homo,sdu6-homo,rmsf,r5ywi7vt,r5ywi7vt::RMSF,sdu6-homo / RMSF,RMSF,Residue,402,0.07780302,nm,nm
line,overlay,sdu6-homo,sdu6-homo,rmsf,r5ywi7vt,r5ywi7vt::RMSF,sdu6-homo / RMSF,RMSF,Residue,403,0.14179868,nm,nm
line,overlay,sdu6-homo,sdu6-homo,rmsf,r5ywi7vt,r5ywi7vt::RMSF,sdu6-homo / RMSF,RMSF,Residue,404,0.11687679,nm,nm
line,overlay,sdu6-homo,sdu6-homo,rmsf,r5ywi7vt,r5ywi7vt::RMSF,sdu6-homo / RMSF,RMSF,Residue,405,0.18056977,nm,nm
line,overlay,sdu6-homo,sdu6-homo,rmsf,r5ywi7vt,r5ywi7vt::RMSF,sdu6-homo / RMSF,RMSF,Residue,406,0.28486595,nm,nm
line,overlay,sdu6-homo,sdu6-homo,rmsf,r5ywi7vt,r5ywi7vt::RMSF,sdu6-homo / RMSF,RMSF,Residue,407,0.22803517,nm,nm
line,overlay,sdu6-homo,sdu6-homo,rmsf,r5ywi7vt,r5ywi7vt::RMSF,sdu6-homo / RMSF,RMSF,Residue,408,0.12527692,nm,nm
line,overlay,sdu6-homo,sdu6-homo,rmsf,r5ywi7vt,r5ywi7vt::RMSF,sdu6-homo / RMSF,RMSF,Residue,409,0.08881899,nm,nm
line,overlay,sdu6-homo,sdu6-homo,rmsf,r5ywi7vt,r5ywi7vt::RMSF,sdu6-homo / RMSF,RMSF,Residue,410,0.07623184,nm,nm
line,overlay,sdu6-homo,sdu6-homo,rmsf,r5ywi7vt,r5ywi7vt::RMSF,sdu6-homo / RMSF,RMSF,Residue,411,0.08044313,nm,nm
line,overlay,sdu6-homo,sdu6-homo,rmsf,r5ywi7vt,r5ywi7vt::RMSF,sdu6-homo / RMSF,RMSF,Residue,412,0.07515429,nm,nm
line,overlay,sdu6-homo,sdu6-homo,rmsf,r5ywi7vt,r5ywi7vt::RMSF,sdu6-homo / RMSF,RMSF,Residue,413,0.080602124,nm,nm
line,overlay,sdu6-homo,sdu6-homo,rmsf,r5ywi7vt,r5ywi7vt::RMSF,sdu6-homo / RMSF,RMSF,Residue,414,0.07428815,nm,nm
line,overlay,sdu6-homo,sdu6-homo,rmsf,r5ywi7vt,r5ywi7vt::RMSF,sdu6-homo / RMSF,RMSF,Residue,415,0.063433625,nm,nm
line,overlay,sdu6-homo,sdu6-homo,rmsf,r5ywi7vt,r5ywi7vt::RMSF,sdu6-homo / RMSF,RMSF,Residue,416,0.065711215,nm,nm
line,overlay,sdu6-homo,sdu6-homo,rmsf,r5ywi7vt,r5ywi7vt::RMSF,sdu6-homo / RMSF,RMSF,Residue,417,0.0684006,nm,nm
line,overlay,sdu6-homo,sdu6-homo,rmsf,r5ywi7vt,r5ywi7vt::RMSF,sdu6-homo / RMSF,RMSF,Residue,418,0.060658496,nm,nm
line,overlay,sdu6-homo,sdu6-homo,rmsf,r5ywi7vt,r5ywi7vt::RMSF,sdu6-homo / RMSF,RMSF,Residue,419,0.06016362,nm,nm
line,overlay,sdu6-homo,sdu6-homo,rmsf,r5ywi7vt,r5ywi7vt::RMSF,sdu6-homo / RMSF,RMSF,Residue,420,0.067304686,nm,nm
line,overlay,sdu6-homo,sdu6-homo,rmsf,r5ywi7vt,r5ywi7vt::RMSF,sdu6-homo / RMSF,RMSF,Residue,421,0.07104615,nm,nm
line,overlay,sdu6-homo,sdu6-homo,rmsf,r5ywi7vt,r5ywi7vt::RMSF,sdu6-homo / RMSF,RMSF,Residue,422,0.0639946,nm,nm
line,overlay,sdu6-homo,sdu6-homo,rmsf,r5ywi7vt,r5ywi7vt::RMSF,sdu6-homo / RMSF,RMSF,Residue,423,0.07843664,nm,nm
line,overlay,sdu6-homo,sdu6-homo,rmsf,r5ywi7vt,r5ywi7vt::RMSF,sdu6-homo / RMSF,RMSF,Residue,424,0.091452554,nm,nm
line,overlay,sdu6-homo,sdu6-homo,rmsf,r5ywi7vt,r5ywi7vt::RMSF,sdu6-homo / RMSF,RMSF,Residue,425,0.09530716,nm,nm
line,overlay,sdu6-homo,sdu6-homo,rmsf,r5ywi7vt,r5ywi7vt::RMSF,sdu6-homo / RMSF,RMSF,Residue,426,0.08810976,nm,nm
line,overlay,sdu6-homo,sdu6-homo,rmsf,r5ywi7vt,r5ywi7vt::RMSF,sdu6-homo / RMSF,RMSF,Residue,427,0.07993998,nm,nm
line,overlay,sdu6-homo,sdu6-homo,rmsf,r5ywi7vt,r5ywi7vt::RMSF,sdu6-homo / RMSF,RMSF,Residue,428,0.0673869,nm,nm
line,overlay,sdu6-homo,sdu6-homo,rmsf,r5ywi7vt,r5ywi7vt::RMSF,sdu6-homo / RMSF,RMSF,Residue,429,0.07058953,nm,nm
line,overlay,sdu6-homo,sdu6-homo,rmsf,r5ywi7vt,r5ywi7vt::RMSF,sdu6-homo / RMSF,RMSF,Residue,430,0.0664218,nm,nm
line,overlay,sdu6-homo,sdu6-homo,rmsf,r5ywi7vt,r5ywi7vt::RMSF,sdu6-homo / RMSF,RMSF,Residue,431,0.053290572,nm,nm
line,overlay,sdu6-homo,sdu6-homo,rmsf,r5ywi7vt,r5ywi7vt::RMSF,sdu6-homo / RMSF,RMSF,Residue,432,0.05421306,nm,nm
line,overlay,sdu6-homo,sdu6-homo,rmsf,r5ywi7vt,r5ywi7vt::RMSF,sdu6-homo / RMSF,RMSF,Residue,433,0.05909729,nm,nm
line,overlay,sdu6-homo,sdu6-homo,rmsf,r5ywi7vt,r5ywi7vt::RMSF,sdu6-homo / RMSF,RMSF,Residue,434,0.05215488,nm,nm
line,overlay,sdu6-homo,sdu6-homo,rmsf,r5ywi7vt,r5ywi7vt::RMSF,sdu6-homo / RMSF,RMSF,Residue,435,0.049377598,nm,nm
line,overlay,sdu6-homo,sdu6-homo,rmsf,r5ywi7vt,r5ywi7vt::RMSF,sdu6-homo / RMSF,RMSF,Residue,436,0.058606785,nm,nm
line,overlay,sdu6-homo,sdu6-homo,rmsf,r5ywi7vt,r5ywi7vt::RMSF,sdu6-homo / RMSF,RMSF,Residue,437,0.06084177,nm,nm
line,overlay,sdu6-homo,sdu6-homo,rmsf,r5ywi7vt,r5ywi7vt::RMSF,sdu6-homo / RMSF,RMSF,Residue,438,0.055142622,nm,nm
line,overlay,sdu6-homo,sdu6-homo,rmsf,r5ywi7vt,r5ywi7vt::RMSF,sdu6-homo / RMSF,RMSF,Residue,439,0.057826817,nm,nm
line,overlay,sdu6-homo,sdu6-homo,rmsf,r5ywi7vt,r5ywi7vt::RMSF,sdu6-homo / RMSF,RMSF,Residue,440,0.057476833,nm,nm
line,overlay,sdu6-homo,sdu6-homo,rmsf,r5ywi7vt,r5ywi7vt::RMSF,sdu6-homo / RMSF,RMSF,Residue,441,0.054795723,nm,nm
line,overlay,sdu6-homo,sdu6-homo,rmsf,r5ywi7vt,r5ywi7vt::RMSF,sdu6-homo / RMSF,RMSF,Residue,442,0.0504781,nm,nm
line,overlay,sdu6-homo,sdu6-homo,rmsf,r5ywi7vt,r5ywi7vt::RMSF,sdu6-homo / RMSF,RMSF,Residue,443,0.0537892,nm,nm
line,overlay,sdu6-homo,sdu6-homo,rmsf,r5ywi7vt,r5ywi7vt::RMSF,sdu6-homo / RMSF,RMSF,Residue,444,0.058250602,nm,nm
line,overlay,sdu6-homo,sdu6-homo,rmsf,r5ywi7vt,r5ywi7vt::RMSF,sdu6-homo / RMSF,RMSF,Residue,445,0.053415027,nm,nm
line,overlay,sdu6-homo,sdu6-homo,rmsf,r5ywi7vt,r5ywi7vt::RMSF,sdu6-homo / RMSF,RMSF,Residue,446,0.05564711,nm,nm
line,overlay,sdu6-homo,sdu6-homo,rmsf,r5ywi7vt,r5ywi7vt::RMSF,sdu6-homo / RMSF,RMSF,Residue,447,0.07139992,nm,nm
line,overlay,sdu6-homo,sdu6-homo,rmsf,r5ywi7vt,r5ywi7vt::RMSF,sdu6-homo / RMSF,RMSF,Residue,448,0.092254534,nm,nm
line,overlay,sdu6-homo,sdu6-homo,rmsf,r5ywi7vt,r5ywi7vt::RMSF,sdu6-homo / RMSF,RMSF,Residue,449,0.0877536,nm,nm
line,overlay,sdu6-homo,sdu6-homo,rmsf,r5ywi7vt,r5ywi7vt::RMSF,sdu6-homo / RMSF,RMSF,Residue,450,0.06384508,nm,nm
line,overlay,sdu6-homo,sdu6-homo,rmsf,r5ywi7vt,r5ywi7vt::RMSF,sdu6-homo / RMSF,RMSF,Residue,451,0.057827152,nm,nm
line,overlay,sdu6-homo,sdu6-homo,rmsf,r5ywi7vt,r5ywi7vt::RMSF,sdu6-homo / RMSF,RMSF,Residue,452,0.049758315,nm,nm
line,overlay,sdu6-homo,sdu6-homo,rmsf,r5ywi7vt,r5ywi7vt::RMSF,sdu6-homo / RMSF,RMSF,Residue,453,0.054192983,nm,nm
line,overlay,sdu6-homo,sdu6-homo,rmsf,r5ywi7vt,r5ywi7vt::RMSF,sdu6-homo / RMSF,RMSF,Residue,454,0.059413362,nm,nm
line,overlay,sdu6-homo,sdu6-homo,rmsf,r5ywi7vt,r5ywi7vt::RMSF,sdu6-homo / RMSF,RMSF,Residue,455,0.055218324,nm,nm
line,overlay,sdu6-homo,sdu6-homo,rmsf,r5ywi7vt,r5ywi7vt::RMSF,sdu6-homo / RMSF,RMSF,Residue,456,0.05180168,nm,nm
line,overlay,sdu6-homo,sdu6-homo,rmsf,r5ywi7vt,r5ywi7vt::RMSF,sdu6-homo / RMSF,RMSF,Residue,457,0.057529677,nm,nm
line,overlay,sdu6-homo,sdu6-homo,rmsf,r5ywi7vt,r5ywi7vt::RMSF,sdu6-homo / RMSF,RMSF,Residue,458,0.059959527,nm,nm
line,overlay,sdu6-homo,sdu6-homo,rmsf,r5ywi7vt,r5ywi7vt::RMSF,sdu6-homo / RMSF,RMSF,Residue,459,0.051045425,nm,nm
line,overlay,sdu6-homo,sdu6-homo,rmsf,r5ywi7vt,r5ywi7vt::RMSF,sdu6-homo / RMSF,RMSF,Residue,460,0.048278686,nm,nm
line,overlay,sdu6-homo,sdu6-homo,rmsf,r5ywi7vt,r5ywi7vt::RMSF,sdu6-homo / RMSF,RMSF,Residue,461,0.0548567,nm,nm
line,overlay,sdu6-homo,sdu6-homo,rmsf,r5ywi7vt,r5ywi7vt::RMSF,sdu6-homo / RMSF,RMSF,Residue,462,0.059554845,nm,nm
line,overlay,sdu6-homo,sdu6-homo,rmsf,r5ywi7vt,r5ywi7vt::RMSF,sdu6-homo / RMSF,RMSF,Residue,463,0.05534143,nm,nm
line,overlay,sdu6-homo,sdu6-homo,rmsf,r5ywi7vt,r5ywi7vt::RMSF,sdu6-homo / RMSF,RMSF,Residue,464,0.06103472,nm,nm
line,overlay,sdu6-homo,sdu6-homo,rmsf,r5ywi7vt,r5ywi7vt::RMSF,sdu6-homo / RMSF,RMSF,Residue,465,0.07119342,nm,nm
line,overlay,sdu6-homo,sdu6-homo,rmsf,r5ywi7vt,r5ywi7vt::RMSF,sdu6-homo / RMSF,RMSF,Residue,466,0.075427145,nm,nm
line,overlay,sdu6-homo,sdu6-homo,rmsf,r5ywi7vt,r5ywi7vt::RMSF,sdu6-homo / RMSF,RMSF,Residue,467,0.07490843,nm,nm
line,overlay,sdu6-homo,sdu6-homo,rmsf,r5ywi7vt,r5ywi7vt::RMSF,sdu6-homo / RMSF,RMSF,Residue,468,0.09408791,nm,nm
line,overlay,sdu6-homo,sdu6-homo,rmsf,r5ywi7vt,r5ywi7vt::RMSF,sdu6-homo / RMSF,RMSF,Residue,469,0.11644384,nm,nm
line,overlay,sdu6-homo,sdu6-homo,rmsf,r5ywi7vt,r5ywi7vt::RMSF,sdu6-homo / RMSF,RMSF,Residue,470,0.12906757,nm,nm
line,overlay,sdu6-homo,sdu6-homo,rmsf,r5ywi7vt,r5ywi7vt::RMSF,sdu6-homo / RMSF,RMSF,Residue,471,0.2469049,nm,nm
line,overlay,sdu6-homo,sdu6-homo,rmsf,r5ywi7vt,r5ywi7vt::RMSF,sdu6-homo / RMSF,RMSF,Residue,472,0.3669343,nm,nm
line,overlay,sdu6-homo-2,sdu6-homo-2,rmsf,zjav2aau,zjav2aau::RMSF,sdu6-homo-2 / RMSF,RMSF,Residue,1,0.6874365,nm,nm
line,overlay,sdu6-homo-2,sdu6-homo-2,rmsf,zjav2aau,zjav2aau::RMSF,sdu6-homo-2 / RMSF,RMSF,Residue,2,0.5236393,nm,nm
line,overlay,sdu6-homo-2,sdu6-homo-2,rmsf,zjav2aau,zjav2aau::RMSF,sdu6-homo-2 / RMSF,RMSF,Residue,3,0.41305956,nm,nm
line,overlay,sdu6-homo-2,sdu6-homo-2,rmsf,zjav2aau,zjav2aau::RMSF,sdu6-homo-2 / RMSF,RMSF,Residue,4,0.30541617,nm,nm
line,overlay,sdu6-homo-2,sdu6-homo-2,rmsf,zjav2aau,zjav2aau::RMSF,sdu6-homo-2 / RMSF,RMSF,Residue,5,0.20102382,nm,nm
line,overlay,sdu6-homo-2,sdu6-homo-2,rmsf,zjav2aau,zjav2aau::RMSF,sdu6-homo-2 / RMSF,RMSF,Residue,6,0.11858698,nm,nm
line,overlay,sdu6-homo-2,sdu6-homo-2,rmsf,zjav2aau,zjav2aau::RMSF,sdu6-homo-2 / RMSF,RMSF,Residue,7,0.058445513,nm,nm
line,overlay,sdu6-homo-2,sdu6-homo-2,rmsf,zjav2aau,zjav2aau::RMSF,sdu6-homo-2 / RMSF,RMSF,Residue,8,0.05180797,nm,nm
line,overlay,sdu6-homo-2,sdu6-homo-2,rmsf,zjav2aau,zjav2aau::RMSF,sdu6-homo-2 / RMSF,RMSF,Residue,9,0.047072154,nm,nm
line,overlay,sdu6-homo-2,sdu6-homo-2,rmsf,zjav2aau,zjav2aau::RMSF,sdu6-homo-2 / RMSF,RMSF,Residue,10,0.038606215,nm,nm
line,overlay,sdu6-homo-2,sdu6-homo-2,rmsf,zjav2aau,zjav2aau::RMSF,sdu6-homo-2 / RMSF,RMSF,Residue,11,0.036684018,nm,nm
line,overlay,sdu6-homo-2,sdu6-homo-2,rmsf,zjav2aau,zjav2aau::RMSF,sdu6-homo-2 / RMSF,RMSF,Residue,12,0.040359505,nm,nm
line,overlay,sdu6-homo-2,sdu6-homo-2,rmsf,zjav2aau,zjav2aau::RMSF,sdu6-homo-2 / RMSF,RMSF,Residue,13,0.04289855,nm,nm
line,overlay,sdu6-homo-2,sdu6-homo-2,rmsf,zjav2aau,zjav2aau::RMSF,sdu6-homo-2 / RMSF,RMSF,Residue,14,0.04557018,nm,nm
line,overlay,sdu6-homo-2,sdu6-homo-2,rmsf,zjav2aau,zjav2aau::RMSF,sdu6-homo-2 / RMSF,RMSF,Residue,15,0.048630077,nm,nm
line,overlay,sdu6-homo-2,sdu6-homo-2,rmsf,zjav2aau,zjav2aau::RMSF,sdu6-homo-2 / RMSF,RMSF,Residue,16,0.056094334,nm,nm
line,overlay,sdu6-homo-2,sdu6-homo-2,rmsf,zjav2aau,zjav2aau::RMSF,sdu6-homo-2 / RMSF,RMSF,Residue,17,0.04761842,nm,nm
line,overlay,sdu6-homo-2,sdu6-homo-2,rmsf,zjav2aau,zjav2aau::RMSF,sdu6-homo-2 / RMSF,RMSF,Residue,18,0.047004554,nm,nm
line,overlay,sdu6-homo-2,sdu6-homo-2,rmsf,zjav2aau,zjav2aau::RMSF,sdu6-homo-2 / RMSF,RMSF,Residue,19,0.042844605,nm,nm
line,overlay,sdu6-homo-2,sdu6-homo-2,rmsf,zjav2aau,zjav2aau::RMSF,sdu6-homo-2 / RMSF,RMSF,Residue,20,0.04233082,nm,nm
line,overlay,sdu6-homo-2,sdu6-homo-2,rmsf,zjav2aau,zjav2aau::RMSF,sdu6-homo-2 / RMSF,RMSF,Residue,21,0.045200102,nm,nm
line,overlay,sdu6-homo-2,sdu6-homo-2,rmsf,zjav2aau,zjav2aau::RMSF,sdu6-homo-2 / RMSF,RMSF,Residue,22,0.04547001,nm,nm
line,overlay,sdu6-homo-2,sdu6-homo-2,rmsf,zjav2aau,zjav2aau::RMSF,sdu6-homo-2 / RMSF,RMSF,Residue,23,0.041633815,nm,nm
line,overlay,sdu6-homo-2,sdu6-homo-2,rmsf,zjav2aau,zjav2aau::RMSF,sdu6-homo-2 / RMSF,RMSF,Residue,24,0.042730138,nm,nm
line,overlay,sdu6-homo-2,sdu6-homo-2,rmsf,zjav2aau,zjav2aau::RMSF,sdu6-homo-2 / RMSF,RMSF,Residue,25,0.038439646,nm,nm
line,overlay,sdu6-homo-2,sdu6-homo-2,rmsf,zjav2aau,zjav2aau::RMSF,sdu6-homo-2 / RMSF,RMSF,Residue,26,0.04029814,nm,nm
line,overlay,sdu6-homo-2,sdu6-homo-2,rmsf,zjav2aau,zjav2aau::RMSF,sdu6-homo-2 / RMSF,RMSF,Residue,27,0.042593587,nm,nm
line,overlay,sdu6-homo-2,sdu6-homo-2,rmsf,zjav2aau,zjav2aau::RMSF,sdu6-homo-2 / RMSF,RMSF,Residue,28,0.05225289,nm,nm
line,overlay,sdu6-homo-2,sdu6-homo-2,rmsf,zjav2aau,zjav2aau::RMSF,sdu6-homo-2 / RMSF,RMSF,Residue,29,0.05160951,nm,nm
line,overlay,sdu6-homo-2,sdu6-homo-2,rmsf,zjav2aau,zjav2aau::RMSF,sdu6-homo-2 / RMSF,RMSF,Residue,30,0.04752497,nm,nm
line,overlay,sdu6-homo-2,sdu6-homo-2,rmsf,zjav2aau,zjav2aau::RMSF,sdu6-homo-2 / RMSF,RMSF,Residue,31,0.056719527,nm,nm
line,overlay,sdu6-homo-2,sdu6-homo-2,rmsf,zjav2aau,zjav2aau::RMSF,sdu6-homo-2 / RMSF,RMSF,Residue,32,0.06719519,nm,nm
line,overlay,sdu6-homo-2,sdu6-homo-2,rmsf,zjav2aau,zjav2aau::RMSF,sdu6-homo-2 / RMSF,RMSF,Residue,33,0.071394004,nm,nm
line,overlay,sdu6-homo-2,sdu6-homo-2,rmsf,zjav2aau,zjav2aau::RMSF,sdu6-homo-2 / RMSF,RMSF,Residue,34,0.07881943,nm,nm
line,overlay,sdu6-homo-2,sdu6-homo-2,rmsf,zjav2aau,zjav2aau::RMSF,sdu6-homo-2 / RMSF,RMSF,Residue,35,0.05758757,nm,nm
line,overlay,sdu6-homo-2,sdu6-homo-2,rmsf,zjav2aau,zjav2aau::RMSF,sdu6-homo-2 / RMSF,RMSF,Residue,36,0.05071086,nm,nm
line,overlay,sdu6-homo-2,sdu6-homo-2,rmsf,zjav2aau,zjav2aau::RMSF,sdu6-homo-2 / RMSF,RMSF,Residue,37,0.039861534,nm,nm
line,overlay,sdu6-homo-2,sdu6-homo-2,rmsf,zjav2aau,zjav2aau::RMSF,sdu6-homo-2 / RMSF,RMSF,Residue,38,0.043239422,nm,nm
line,overlay,sdu6-homo-2,sdu6-homo-2,rmsf,zjav2aau,zjav2aau::RMSF,sdu6-homo-2 / RMSF,RMSF,Residue,39,0.043039516,nm,nm
line,overlay,sdu6-homo-2,sdu6-homo-2,rmsf,zjav2aau,zjav2aau::RMSF,sdu6-homo-2 / RMSF,RMSF,Residue,40,0.044284802,nm,nm
line,overlay,sdu6-homo-2,sdu6-homo-2,rmsf,zjav2aau,zjav2aau::RMSF,sdu6-homo-2 / RMSF,RMSF,Residue,41,0.046442203,nm,nm
line,overlay,sdu6-homo-2,sdu6-homo-2,rmsf,zjav2aau,zjav2aau::RMSF,sdu6-homo-2 / RMSF,RMSF,Residue,42,0.055432152,nm,nm
line,overlay,sdu6-homo-2,sdu6-homo-2,rmsf,zjav2aau,zjav2aau::RMSF,sdu6-homo-2 / RMSF,RMSF,Residue,43,0.06561278,nm,nm
line,overlay,sdu6-homo-2,sdu6-homo-2,rmsf,zjav2aau,zjav2aau::RMSF,sdu6-homo-2 / RMSF,RMSF,Residue,44,0.07286836,nm,nm
line,overlay,sdu6-homo-2,sdu6-homo-2,rmsf,zjav2aau,zjav2aau::RMSF,sdu6-homo-2 / RMSF,RMSF,Residue,45,0.062027596,nm,nm
line,overlay,sdu6-homo-2,sdu6-homo-2,rmsf,zjav2aau,zjav2aau::RMSF,sdu6-homo-2 / RMSF,RMSF,Residue,46,0.06618874,nm,nm
line,overlay,sdu6-homo-2,sdu6-homo-2,rmsf,zjav2aau,zjav2aau::RMSF,sdu6-homo-2 / RMSF,RMSF,Residue,47,0.08206931,nm,nm
line,overlay,sdu6-homo-2,sdu6-homo-2,rmsf,zjav2aau,zjav2aau::RMSF,sdu6-homo-2 / RMSF,RMSF,Residue,48,0.080639325,nm,nm
line,overlay,sdu6-homo-2,sdu6-homo-2,rmsf,zjav2aau,zjav2aau::RMSF,sdu6-homo-2 / RMSF,RMSF,Residue,49,0.07248293,nm,nm
line,overlay,sdu6-homo-2,sdu6-homo-2,rmsf,zjav2aau,zjav2aau::RMSF,sdu6-homo-2 / RMSF,RMSF,Residue,50,0.09419804,nm,nm
line,overlay,sdu6-homo-2,sdu6-homo-2,rmsf,zjav2aau,zjav2aau::RMSF,sdu6-homo-2 / RMSF,RMSF,Residue,51,0.11285261,nm,nm
line,overlay,sdu6-homo-2,sdu6-homo-2,rmsf,zjav2aau,zjav2aau::RMSF,sdu6-homo-2 / RMSF,RMSF,Residue,52,0.09562356,nm,nm
line,overlay,sdu6-homo-2,sdu6-homo-2,rmsf,zjav2aau,zjav2aau::RMSF,sdu6-homo-2 / RMSF,RMSF,Residue,53,0.11633397,nm,nm
line,overlay,sdu6-homo-2,sdu6-homo-2,rmsf,zjav2aau,zjav2aau::RMSF,sdu6-homo-2 / RMSF,RMSF,Residue,54,0.11104641,nm,nm
line,overlay,sdu6-homo-2,sdu6-homo-2,rmsf,zjav2aau,zjav2aau::RMSF,sdu6-homo-2 / RMSF,RMSF,Residue,55,0.0937231,nm,nm
line,overlay,sdu6-homo-2,sdu6-homo-2,rmsf,zjav2aau,zjav2aau::RMSF,sdu6-homo-2 / RMSF,RMSF,Residue,56,0.10335202,nm,nm
line,overlay,sdu6-homo-2,sdu6-homo-2,rmsf,zjav2aau,zjav2aau::RMSF,sdu6-homo-2 / RMSF,RMSF,Residue,57,0.12571502,nm,nm
line,overlay,sdu6-homo-2,sdu6-homo-2,rmsf,zjav2aau,zjav2aau::RMSF,sdu6-homo-2 / RMSF,RMSF,Residue,58,0.08478099,nm,nm
line,overlay,sdu6-homo-2,sdu6-homo-2,rmsf,zjav2aau,zjav2aau::RMSF,sdu6-homo-2 / RMSF,RMSF,Residue,59,0.07611642,nm,nm
line,overlay,sdu6-homo-2,sdu6-homo-2,rmsf,zjav2aau,zjav2aau::RMSF,sdu6-homo-2 / RMSF,RMSF,Residue,60,0.07644833,nm,nm
line,overlay,sdu6-homo-2,sdu6-homo-2,rmsf,zjav2aau,zjav2aau::RMSF,sdu6-homo-2 / RMSF,RMSF,Residue,61,0.101467855,nm,nm
line,overlay,sdu6-homo-2,sdu6-homo-2,rmsf,zjav2aau,zjav2aau::RMSF,sdu6-homo-2 / RMSF,RMSF,Residue,62,0.07921965,nm,nm
line,overlay,sdu6-homo-2,sdu6-homo-2,rmsf,zjav2aau,zjav2aau::RMSF,sdu6-homo-2 / RMSF,RMSF,Residue,63,0.08392682,nm,nm
line,overlay,sdu6-homo-2,sdu6-homo-2,rmsf,zjav2aau,zjav2aau::RMSF,sdu6-homo-2 / RMSF,RMSF,Residue,64,0.086480856,nm,nm
line,overlay,sdu6-homo-2,sdu6-homo-2,rmsf,zjav2aau,zjav2aau::RMSF,sdu6-homo-2 / RMSF,RMSF,Residue,65,0.060901754,nm,nm
line,overlay,sdu6-homo-2,sdu6-homo-2,rmsf,zjav2aau,zjav2aau::RMSF,sdu6-homo-2 / RMSF,RMSF,Residue,66,0.062287033,nm,nm
line,overlay,sdu6-homo-2,sdu6-homo-2,rmsf,zjav2aau,zjav2aau::RMSF,sdu6-homo-2 / RMSF,RMSF,Residue,67,0.0539255,nm,nm
line,overlay,sdu6-homo-2,sdu6-homo-2,rmsf,zjav2aau,zjav2aau::RMSF,sdu6-homo-2 / RMSF,RMSF,Residue,68,0.0597685,nm,nm
line,overlay,sdu6-homo-2,sdu6-homo-2,rmsf,zjav2aau,zjav2aau::RMSF,sdu6-homo-2 / RMSF,RMSF,Residue,69,0.052352995,nm,nm
line,overlay,sdu6-homo-2,sdu6-homo-2,rmsf,zjav2aau,zjav2aau::RMSF,sdu6-homo-2 / RMSF,RMSF,Residue,70,0.059840903,nm,nm
line,overlay,sdu6-homo-2,sdu6-homo-2,rmsf,zjav2aau,zjav2aau::RMSF,sdu6-homo-2 / RMSF,RMSF,Residue,71,0.0636524,nm,nm
line,overlay,sdu6-homo-2,sdu6-homo-2,rmsf,zjav2aau,zjav2aau::RMSF,sdu6-homo-2 / RMSF,RMSF,Residue,72,0.07022026,nm,nm
line,overlay,sdu6-homo-2,sdu6-homo-2,rmsf,zjav2aau,zjav2aau::RMSF,sdu6-homo-2 / RMSF,RMSF,Residue,73,0.08802382,nm,nm
line,overlay,sdu6-homo-2,sdu6-homo-2,rmsf,zjav2aau,zjav2aau::RMSF,sdu6-homo-2 / RMSF,RMSF,Residue,74,0.15279803,nm,nm
line,overlay,sdu6-homo-2,sdu6-homo-2,rmsf,zjav2aau,zjav2aau::RMSF,sdu6-homo-2 / RMSF,RMSF,Residue,75,0.1720915,nm,nm
line,overlay,sdu6-homo-2,sdu6-homo-2,rmsf,zjav2aau,zjav2aau::RMSF,sdu6-homo-2 / RMSF,RMSF,Residue,76,0.16261894,nm,nm
line,overlay,sdu6-homo-2,sdu6-homo-2,rmsf,zjav2aau,zjav2aau::RMSF,sdu6-homo-2 / RMSF,RMSF,Residue,77,0.16330175,nm,nm
line,overlay,sdu6-homo-2,sdu6-homo-2,rmsf,zjav2aau,zjav2aau::RMSF,sdu6-homo-2 / RMSF,RMSF,Residue,78,0.17980966,nm,nm
line,overlay,sdu6-homo-2,sdu6-homo-2,rmsf,zjav2aau,zjav2aau::RMSF,sdu6-homo-2 / RMSF,RMSF,Residue,79,0.17537259,nm,nm
line,overlay,sdu6-homo-2,sdu6-homo-2,rmsf,zjav2aau,zjav2aau::RMSF,sdu6-homo-2 / RMSF,RMSF,Residue,80,0.15804271,nm,nm
line,overlay,sdu6-homo-2,sdu6-homo-2,rmsf,zjav2aau,zjav2aau::RMSF,sdu6-homo-2 / RMSF,RMSF,Residue,81,0.18047076,nm,nm
line,overlay,sdu6-homo-2,sdu6-homo-2,rmsf,zjav2aau,zjav2aau::RMSF,sdu6-homo-2 / RMSF,RMSF,Residue,82,0.1602315,nm,nm
line,overlay,sdu6-homo-2,sdu6-homo-2,rmsf,zjav2aau,zjav2aau::RMSF,sdu6-homo-2 / RMSF,RMSF,Residue,83,0.13059418,nm,nm
line,overlay,sdu6-homo-2,sdu6-homo-2,rmsf,zjav2aau,zjav2aau::RMSF,sdu6-homo-2 / RMSF,RMSF,Residue,84,0.15754144,nm,nm
line,overlay,sdu6-homo-2,sdu6-homo-2,rmsf,zjav2aau,zjav2aau::RMSF,sdu6-homo-2 / RMSF,RMSF,Residue,85,0.1458436,nm,nm
line,overlay,sdu6-homo-2,sdu6-homo-2,rmsf,zjav2aau,zjav2aau::RMSF,sdu6-homo-2 / RMSF,RMSF,Residue,86,0.10320617,nm,nm
line,overlay,sdu6-homo-2,sdu6-homo-2,rmsf,zjav2aau,zjav2aau::RMSF,sdu6-homo-2 / RMSF,RMSF,Residue,87,0.115649305,nm,nm
line,overlay,sdu6-homo-2,sdu6-homo-2,rmsf,zjav2aau,zjav2aau::RMSF,sdu6-homo-2 / RMSF,RMSF,Residue,88,0.09975173,nm,nm
line,overlay,sdu6-homo-2,sdu6-homo-2,rmsf,zjav2aau,zjav2aau::RMSF,sdu6-homo-2 / RMSF,RMSF,Residue,89,0.078878164,nm,nm
line,overlay,sdu6-homo-2,sdu6-homo-2,rmsf,zjav2aau,zjav2aau::RMSF,sdu6-homo-2 / RMSF,RMSF,Residue,90,0.07566206,nm,nm
line,overlay,sdu6-homo-2,sdu6-homo-2,rmsf,zjav2aau,zjav2aau::RMSF,sdu6-homo-2 / RMSF,RMSF,Residue,91,0.08290121,nm,nm
line,overlay,sdu6-homo-2,sdu6-homo-2,rmsf,zjav2aau,zjav2aau::RMSF,sdu6-homo-2 / RMSF,RMSF,Residue,92,0.08255823,nm,nm
line,overlay,sdu6-homo-2,sdu6-homo-2,rmsf,zjav2aau,zjav2aau::RMSF,sdu6-homo-2 / RMSF,RMSF,Residue,93,0.06909662,nm,nm
line,overlay,sdu6-homo-2,sdu6-homo-2,rmsf,zjav2aau,zjav2aau::RMSF,sdu6-homo-2 / RMSF,RMSF,Residue,94,0.06940281,nm,nm
line,overlay,sdu6-homo-2,sdu6-homo-2,rmsf,zjav2aau,zjav2aau::RMSF,sdu6-homo-2 / RMSF,RMSF,Residue,95,0.081282094,nm,nm
line,overlay,sdu6-homo-2,sdu6-homo-2,rmsf,zjav2aau,zjav2aau::RMSF,sdu6-homo-2 / RMSF,RMSF,Residue,96,0.07999053,nm,nm
line,overlay,sdu6-homo-2,sdu6-homo-2,rmsf,zjav2aau,zjav2aau::RMSF,sdu6-homo-2 / RMSF,RMSF,Residue,97,0.068533465,nm,nm
line,overlay,sdu6-homo-2,sdu6-homo-2,rmsf,zjav2aau,zjav2aau::RMSF,sdu6-homo-2 / RMSF,RMSF,Residue,98,0.07816231,nm,nm
line,overlay,sdu6-homo-2,sdu6-homo-2,rmsf,zjav2aau,zjav2aau::RMSF,sdu6-homo-2 / RMSF,RMSF,Residue,99,0.08169149,nm,nm
line,overlay,sdu6-homo-2,sdu6-homo-2,rmsf,zjav2aau,zjav2aau::RMSF,sdu6-homo-2 / RMSF,RMSF,Residue,100,0.07369721,nm,nm
line,overlay,sdu6-homo-2,sdu6-homo-2,rmsf,zjav2aau,zjav2aau::RMSF,sdu6-homo-2 / RMSF,RMSF,Residue,101,0.060756255,nm,nm
line,overlay,sdu6-homo-2,sdu6-homo-2,rmsf,zjav2aau,zjav2aau::RMSF,sdu6-homo-2 / RMSF,RMSF,Residue,102,0.06802352,nm,nm
line,overlay,sdu6-homo-2,sdu6-homo-2,rmsf,zjav2aau,zjav2aau::RMSF,sdu6-homo-2 / RMSF,RMSF,Residue,103,0.07614153,nm,nm
line,overlay,sdu6-homo-2,sdu6-homo-2,rmsf,zjav2aau,zjav2aau::RMSF,sdu6-homo-2 / RMSF,RMSF,Residue,104,0.069674835,nm,nm
line,overlay,sdu6-homo-2,sdu6-homo-2,rmsf,zjav2aau,zjav2aau::RMSF,sdu6-homo-2 / RMSF,RMSF,Residue,105,0.064880356,nm,nm
line,overlay,sdu6-homo-2,sdu6-homo-2,rmsf,zjav2aau,zjav2aau::RMSF,sdu6-homo-2 / RMSF,RMSF,Residue,106,0.080530904,nm,nm
line,overlay,sdu6-homo-2,sdu6-homo-2,rmsf,zjav2aau,zjav2aau::RMSF,sdu6-homo-2 / RMSF,RMSF,Residue,107,0.08570303,nm,nm
line,overlay,sdu6-homo-2,sdu6-homo-2,rmsf,zjav2aau,zjav2aau::RMSF,sdu6-homo-2 / RMSF,RMSF,Residue,108,0.07811624,nm,nm
line,overlay,sdu6-homo-2,sdu6-homo-2,rmsf,zjav2aau,zjav2aau::RMSF,sdu6-homo-2 / RMSF,RMSF,Residue,109,0.091970034,nm,nm
line,overlay,sdu6-homo-2,sdu6-homo-2,rmsf,zjav2aau,zjav2aau::RMSF,sdu6-homo-2 / RMSF,RMSF,Residue,110,0.111818366,nm,nm
line,overlay,sdu6-homo-2,sdu6-homo-2,rmsf,zjav2aau,zjav2aau::RMSF,sdu6-homo-2 / RMSF,RMSF,Residue,111,0.11349606,nm,nm
line,overlay,sdu6-homo-2,sdu6-homo-2,rmsf,zjav2aau,zjav2aau::RMSF,sdu6-homo-2 / RMSF,RMSF,Residue,112,0.117826626,nm,nm
line,overlay,sdu6-homo-2,sdu6-homo-2,rmsf,zjav2aau,zjav2aau::RMSF,sdu6-homo-2 / RMSF,RMSF,Residue,113,0.0875814,nm,nm
line,overlay,sdu6-homo-2,sdu6-homo-2,rmsf,zjav2aau,zjav2aau::RMSF,sdu6-homo-2 / RMSF,RMSF,Residue,114,0.07664967,nm,nm
line,overlay,sdu6-homo-2,sdu6-homo-2,rmsf,zjav2aau,zjav2aau::RMSF,sdu6-homo-2 / RMSF,RMSF,Residue,115,0.058128025,nm,nm
line,overlay,sdu6-homo-2,sdu6-homo-2,rmsf,zjav2aau,zjav2aau::RMSF,sdu6-homo-2 / RMSF,RMSF,Residue,116,0.063470066,nm,nm
line,overlay,sdu6-homo-2,sdu6-homo-2,rmsf,zjav2aau,zjav2aau::RMSF,sdu6-homo-2 / RMSF,RMSF,Residue,117,0.053456422,nm,nm
line,overlay,sdu6-homo-2,sdu6-homo-2,rmsf,zjav2aau,zjav2aau::RMSF,sdu6-homo-2 / RMSF,RMSF,Residue,118,0.04495677,nm,nm
line,overlay,sdu6-homo-2,sdu6-homo-2,rmsf,zjav2aau,zjav2aau::RMSF,sdu6-homo-2 / RMSF,RMSF,Residue,119,0.041574128,nm,nm
line,overlay,sdu6-homo-2,sdu6-homo-2,rmsf,zjav2aau,zjav2aau::RMSF,sdu6-homo-2 / RMSF,RMSF,Residue,120,0.041965,nm,nm
line,overlay,sdu6-homo-2,sdu6-homo-2,rmsf,zjav2aau,zjav2aau::RMSF,sdu6-homo-2 / RMSF,RMSF,Residue,121,0.044951294,nm,nm
line,overlay,sdu6-homo-2,sdu6-homo-2,rmsf,zjav2aau,zjav2aau::RMSF,sdu6-homo-2 / RMSF,RMSF,Residue,122,0.049345184,nm,nm
line,overlay,sdu6-homo-2,sdu6-homo-2,rmsf,zjav2aau,zjav2aau::RMSF,sdu6-homo-2 / RMSF,RMSF,Residue,123,0.055691943,nm,nm
line,overlay,sdu6-homo-2,sdu6-homo-2,rmsf,zjav2aau,zjav2aau::RMSF,sdu6-homo-2 / RMSF,RMSF,Residue,124,0.051275603,nm,nm
line,overlay,sdu6-homo-2,sdu6-homo-2,rmsf,zjav2aau,zjav2aau::RMSF,sdu6-homo-2 / RMSF,RMSF,Residue,125,0.06483032,nm,nm
line,overlay,sdu6-homo-2,sdu6-homo-2,rmsf,zjav2aau,zjav2aau::RMSF,sdu6-homo-2 / RMSF,RMSF,Residue,126,0.06410058,nm,nm
line,overlay,sdu6-homo-2,sdu6-homo-2,rmsf,zjav2aau,zjav2aau::RMSF,sdu6-homo-2 / RMSF,RMSF,Residue,127,0.0526236,nm,nm
line,overlay,sdu6-homo-2,sdu6-homo-2,rmsf,zjav2aau,zjav2aau::RMSF,sdu6-homo-2 / RMSF,RMSF,Residue,128,0.06851187,nm,nm
line,overlay,sdu6-homo-2,sdu6-homo-2,rmsf,zjav2aau,zjav2aau::RMSF,sdu6-homo-2 / RMSF,RMSF,Residue,129,0.07403987,nm,nm
line,overlay,sdu6-homo-2,sdu6-homo-2,rmsf,zjav2aau,zjav2aau::RMSF,sdu6-homo-2 / RMSF,RMSF,Residue,130,0.06410616,nm,nm
line,overlay,sdu6-homo-2,sdu6-homo-2,rmsf,zjav2aau,zjav2aau::RMSF,sdu6-homo-2 / RMSF,RMSF,Residue,131,0.06393854,nm,nm
line,overlay,sdu6-homo-2,sdu6-homo-2,rmsf,zjav2aau,zjav2aau::RMSF,sdu6-homo-2 / RMSF,RMSF,Residue,132,0.07967936,nm,nm
line,overlay,sdu6-homo-2,sdu6-homo-2,rmsf,zjav2aau,zjav2aau::RMSF,sdu6-homo-2 / RMSF,RMSF,Residue,133,0.087343864,nm,nm
line,overlay,sdu6-homo-2,sdu6-homo-2,rmsf,zjav2aau,zjav2aau::RMSF,sdu6-homo-2 / RMSF,RMSF,Residue,134,0.08076254,nm,nm
line,overlay,sdu6-homo-2,sdu6-homo-2,rmsf,zjav2aau,zjav2aau::RMSF,sdu6-homo-2 / RMSF,RMSF,Residue,135,0.08199563,nm,nm
line,overlay,sdu6-homo-2,sdu6-homo-2,rmsf,zjav2aau,zjav2aau::RMSF,sdu6-homo-2 / RMSF,RMSF,Residue,136,0.06595931,nm,nm
line,overlay,sdu6-homo-2,sdu6-homo-2,rmsf,zjav2aau,zjav2aau::RMSF,sdu6-homo-2 / RMSF,RMSF,Residue,137,0.060797717,nm,nm
line,overlay,sdu6-homo-2,sdu6-homo-2,rmsf,zjav2aau,zjav2aau::RMSF,sdu6-homo-2 / RMSF,RMSF,Residue,138,0.05959719,nm,nm
line,overlay,sdu6-homo-2,sdu6-homo-2,rmsf,zjav2aau,zjav2aau::RMSF,sdu6-homo-2 / RMSF,RMSF,Residue,139,0.0491287,nm,nm
line,overlay,sdu6-homo-2,sdu6-homo-2,rmsf,zjav2aau,zjav2aau::RMSF,sdu6-homo-2 / RMSF,RMSF,Residue,140,0.049603824,nm,nm
line,overlay,sdu6-homo-2,sdu6-homo-2,rmsf,zjav2aau,zjav2aau::RMSF,sdu6-homo-2 / RMSF,RMSF,Residue,141,0.040843386,nm,nm
line,overlay,sdu6-homo-2,sdu6-homo-2,rmsf,zjav2aau,zjav2aau::RMSF,sdu6-homo-2 / RMSF,RMSF,Residue,142,0.040160142,nm,nm
line,overlay,sdu6-homo-2,sdu6-homo-2,rmsf,zjav2aau,zjav2aau::RMSF,sdu6-homo-2 / RMSF,RMSF,Residue,143,0.041554004,nm,nm
line,overlay,sdu6-homo-2,sdu6-homo-2,rmsf,zjav2aau,zjav2aau::RMSF,sdu6-homo-2 / RMSF,RMSF,Residue,144,0.05089236,nm,nm
line,overlay,sdu6-homo-2,sdu6-homo-2,rmsf,zjav2aau,zjav2aau::RMSF,sdu6-homo-2 / RMSF,RMSF,Residue,145,0.053832155,nm,nm
line,overlay,sdu6-homo-2,sdu6-homo-2,rmsf,zjav2aau,zjav2aau::RMSF,sdu6-homo-2 / RMSF,RMSF,Residue,146,0.05863461,nm,nm
line,overlay,sdu6-homo-2,sdu6-homo-2,rmsf,zjav2aau,zjav2aau::RMSF,sdu6-homo-2 / RMSF,RMSF,Residue,147,0.05287791,nm,nm
line,overlay,sdu6-homo-2,sdu6-homo-2,rmsf,zjav2aau,zjav2aau::RMSF,sdu6-homo-2 / RMSF,RMSF,Residue,148,0.049807057,nm,nm
line,overlay,sdu6-homo-2,sdu6-homo-2,rmsf,zjav2aau,zjav2aau::RMSF,sdu6-homo-2 / RMSF,RMSF,Residue,149,0.056509998,nm,nm
line,overlay,sdu6-homo-2,sdu6-homo-2,rmsf,zjav2aau,zjav2aau::RMSF,sdu6-homo-2 / RMSF,RMSF,Residue,150,0.058818497,nm,nm
line,overlay,sdu6-homo-2,sdu6-homo-2,rmsf,zjav2aau,zjav2aau::RMSF,sdu6-homo-2 / RMSF,RMSF,Residue,151,0.05708488,nm,nm
line,overlay,sdu6-homo-2,sdu6-homo-2,rmsf,zjav2aau,zjav2aau::RMSF,sdu6-homo-2 / RMSF,RMSF,Residue,152,0.061259802,nm,nm
line,overlay,sdu6-homo-2,sdu6-homo-2,rmsf,zjav2aau,zjav2aau::RMSF,sdu6-homo-2 / RMSF,RMSF,Residue,153,0.06555184,nm,nm
line,overlay,sdu6-homo-2,sdu6-homo-2,rmsf,zjav2aau,zjav2aau::RMSF,sdu6-homo-2 / RMSF,RMSF,Residue,154,0.066171914,nm,nm
line,overlay,sdu6-homo-2,sdu6-homo-2,rmsf,zjav2aau,zjav2aau::RMSF,sdu6-homo-2 / RMSF,RMSF,Residue,155,0.069710836,nm,nm
line,overlay,sdu6-homo-2,sdu6-homo-2,rmsf,zjav2aau,zjav2aau::RMSF,sdu6-homo-2 / RMSF,RMSF,Residue,156,0.07356805,nm,nm
line,overlay,sdu6-homo-2,sdu6-homo-2,rmsf,zjav2aau,zjav2aau::RMSF,sdu6-homo-2 / RMSF,RMSF,Residue,157,0.08299673,nm,nm
line,overlay,sdu6-homo-2,sdu6-homo-2,rmsf,zjav2aau,zjav2aau::RMSF,sdu6-homo-2 / RMSF,RMSF,Residue,158,0.08349517,nm,nm
line,overlay,sdu6-homo-2,sdu6-homo-2,rmsf,zjav2aau,zjav2aau::RMSF,sdu6-homo-2 / RMSF,RMSF,Residue,159,0.08100318,nm,nm
line,overlay,sdu6-homo-2,sdu6-homo-2,rmsf,zjav2aau,zjav2aau::RMSF,sdu6-homo-2 / RMSF,RMSF,Residue,160,0.07818046,nm,nm
line,overlay,sdu6-homo-2,sdu6-homo-2,rmsf,zjav2aau,zjav2aau::RMSF,sdu6-homo-2 / RMSF,RMSF,Residue,161,0.083917774,nm,nm
line,overlay,sdu6-homo-2,sdu6-homo-2,rmsf,zjav2aau,zjav2aau::RMSF,sdu6-homo-2 / RMSF,RMSF,Residue,162,0.07211686,nm,nm
line,overlay,sdu6-homo-2,sdu6-homo-2,rmsf,zjav2aau,zjav2aau::RMSF,sdu6-homo-2 / RMSF,RMSF,Residue,163,0.07736378,nm,nm
line,overlay,sdu6-homo-2,sdu6-homo-2,rmsf,zjav2aau,zjav2aau::RMSF,sdu6-homo-2 / RMSF,RMSF,Residue,164,0.10599153,nm,nm
line,overlay,sdu6-homo-2,sdu6-homo-2,rmsf,zjav2aau,zjav2aau::RMSF,sdu6-homo-2 / RMSF,RMSF,Residue,165,0.13745588,nm,nm
line,overlay,sdu6-homo-2,sdu6-homo-2,rmsf,zjav2aau,zjav2aau::RMSF,sdu6-homo-2 / RMSF,RMSF,Residue,166,0.14735076,nm,nm
line,overlay,sdu6-homo-2,sdu6-homo-2,rmsf,zjav2aau,zjav2aau::RMSF,sdu6-homo-2 / RMSF,RMSF,Residue,167,0.12064305,nm,nm
line,overlay,sdu6-homo-2,sdu6-homo-2,rmsf,zjav2aau,zjav2aau::RMSF,sdu6-homo-2 / RMSF,RMSF,Residue,168,0.10061342,nm,nm
line,overlay,sdu6-homo-2,sdu6-homo-2,rmsf,zjav2aau,zjav2aau::RMSF,sdu6-homo-2 / RMSF,RMSF,Residue,169,0.096433565,nm,nm
line,overlay,sdu6-homo-2,sdu6-homo-2,rmsf,zjav2aau,zjav2aau::RMSF,sdu6-homo-2 / RMSF,RMSF,Residue,170,0.09668544,nm,nm
line,overlay,sdu6-homo-2,sdu6-homo-2,rmsf,zjav2aau,zjav2aau::RMSF,sdu6-homo-2 / RMSF,RMSF,Residue,171,0.07912606,nm,nm
line,overlay,sdu6-homo-2,sdu6-homo-2,rmsf,zjav2aau,zjav2aau::RMSF,sdu6-homo-2 / RMSF,RMSF,Residue,172,0.06485449,nm,nm
line,overlay,sdu6-homo-2,sdu6-homo-2,rmsf,zjav2aau,zjav2aau::RMSF,sdu6-homo-2 / RMSF,RMSF,Residue,173,0.06387403,nm,nm
line,overlay,sdu6-homo-2,sdu6-homo-2,rmsf,zjav2aau,zjav2aau::RMSF,sdu6-homo-2 / RMSF,RMSF,Residue,174,0.07178795,nm,nm
line,overlay,sdu6-homo-2,sdu6-homo-2,rmsf,zjav2aau,zjav2aau::RMSF,sdu6-homo-2 / RMSF,RMSF,Residue,175,0.08086133,nm,nm
line,overlay,sdu6-homo-2,sdu6-homo-2,rmsf,zjav2aau,zjav2aau::RMSF,sdu6-homo-2 / RMSF,RMSF,Residue,176,0.078644924,nm,nm
line,overlay,sdu6-homo-2,sdu6-homo-2,rmsf,zjav2aau,zjav2aau::RMSF,sdu6-homo-2 / RMSF,RMSF,Residue,177,0.07294469,nm,nm
line,overlay,sdu6-homo-2,sdu6-homo-2,rmsf,zjav2aau,zjav2aau::RMSF,sdu6-homo-2 / RMSF,RMSF,Residue,178,0.067207284,nm,nm
line,overlay,sdu6-homo-2,sdu6-homo-2,rmsf,zjav2aau,zjav2aau::RMSF,sdu6-homo-2 / RMSF,RMSF,Residue,179,0.058629923,nm,nm
line,overlay,sdu6-homo-2,sdu6-homo-2,rmsf,zjav2aau,zjav2aau::RMSF,sdu6-homo-2 / RMSF,RMSF,Residue,180,0.057893306,nm,nm
line,overlay,sdu6-homo-2,sdu6-homo-2,rmsf,zjav2aau,zjav2aau::RMSF,sdu6-homo-2 / RMSF,RMSF,Residue,181,0.064558476,nm,nm
line,overlay,sdu6-homo-2,sdu6-homo-2,rmsf,zjav2aau,zjav2aau::RMSF,sdu6-homo-2 / RMSF,RMSF,Residue,182,0.07123822,nm,nm
line,overlay,sdu6-homo-2,sdu6-homo-2,rmsf,zjav2aau,zjav2aau::RMSF,sdu6-homo-2 / RMSF,RMSF,Residue,183,0.06569185,nm,nm
line,overlay,sdu6-homo-2,sdu6-homo-2,rmsf,zjav2aau,zjav2aau::RMSF,sdu6-homo-2 / RMSF,RMSF,Residue,184,0.054285977,nm,nm
line,overlay,sdu6-homo-2,sdu6-homo-2,rmsf,zjav2aau,zjav2aau::RMSF,sdu6-homo-2 / RMSF,RMSF,Residue,185,0.05933248,nm,nm
line,overlay,sdu6-homo-2,sdu6-homo-2,rmsf,zjav2aau,zjav2aau::RMSF,sdu6-homo-2 / RMSF,RMSF,Residue,186,0.056718644,nm,nm
line,overlay,sdu6-homo-2,sdu6-homo-2,rmsf,zjav2aau,zjav2aau::RMSF,sdu6-homo-2 / RMSF,RMSF,Residue,187,0.064105704,nm,nm
line,overlay,sdu6-homo-2,sdu6-homo-2,rmsf,zjav2aau,zjav2aau::RMSF,sdu6-homo-2 / RMSF,RMSF,Residue,188,0.070027746,nm,nm
line,overlay,sdu6-homo-2,sdu6-homo-2,rmsf,zjav2aau,zjav2aau::RMSF,sdu6-homo-2 / RMSF,RMSF,Residue,189,0.07508227,nm,nm
line,overlay,sdu6-homo-2,sdu6-homo-2,rmsf,zjav2aau,zjav2aau::RMSF,sdu6-homo-2 / RMSF,RMSF,Residue,190,0.099990666,nm,nm
line,overlay,sdu6-homo-2,sdu6-homo-2,rmsf,zjav2aau,zjav2aau::RMSF,sdu6-homo-2 / RMSF,RMSF,Residue,191,0.1466729,nm,nm
line,overlay,sdu6-homo-2,sdu6-homo-2,rmsf,zjav2aau,zjav2aau::RMSF,sdu6-homo-2 / RMSF,RMSF,Residue,192,0.20016016,nm,nm
line,overlay,sdu6-homo-2,sdu6-homo-2,rmsf,zjav2aau,zjav2aau::RMSF,sdu6-homo-2 / RMSF,RMSF,Residue,193,0.13738765,nm,nm
line,overlay,sdu6-homo-2,sdu6-homo-2,rmsf,zjav2aau,zjav2aau::RMSF,sdu6-homo-2 / RMSF,RMSF,Residue,194,0.12575398,nm,nm
line,overlay,sdu6-homo-2,sdu6-homo-2,rmsf,zjav2aau,zjav2aau::RMSF,sdu6-homo-2 / RMSF,RMSF,Residue,195,0.12975171,nm,nm
line,overlay,sdu6-homo-2,sdu6-homo-2,rmsf,zjav2aau,zjav2aau::RMSF,sdu6-homo-2 / RMSF,RMSF,Residue,196,0.12943986,nm,nm
line,overlay,sdu6-homo-2,sdu6-homo-2,rmsf,zjav2aau,zjav2aau::RMSF,sdu6-homo-2 / RMSF,RMSF,Residue,197,0.12768841,nm,nm
line,overlay,sdu6-homo-2,sdu6-homo-2,rmsf,zjav2aau,zjav2aau::RMSF,sdu6-homo-2 / RMSF,RMSF,Residue,198,0.10294485,nm,nm
line,overlay,sdu6-homo-2,sdu6-homo-2,rmsf,zjav2aau,zjav2aau::RMSF,sdu6-homo-2 / RMSF,RMSF,Residue,199,0.088419855,nm,nm
line,overlay,sdu6-homo-2,sdu6-homo-2,rmsf,zjav2aau,zjav2aau::RMSF,sdu6-homo-2 / RMSF,RMSF,Residue,200,0.096663885,nm,nm
line,overlay,sdu6-homo-2,sdu6-homo-2,rmsf,zjav2aau,zjav2aau::RMSF,sdu6-homo-2 / RMSF,RMSF,Residue,201,0.09159541,nm,nm
line,overlay,sdu6-homo-2,sdu6-homo-2,rmsf,zjav2aau,zjav2aau::RMSF,sdu6-homo-2 / RMSF,RMSF,Residue,202,0.0742299,nm,nm
line,overlay,sdu6-homo-2,sdu6-homo-2,rmsf,zjav2aau,zjav2aau::RMSF,sdu6-homo-2 / RMSF,RMSF,Residue,203,0.08059895,nm,nm
line,overlay,sdu6-homo-2,sdu6-homo-2,rmsf,zjav2aau,zjav2aau::RMSF,sdu6-homo-2 / RMSF,RMSF,Residue,204,0.08297466,nm,nm
line,overlay,sdu6-homo-2,sdu6-homo-2,rmsf,zjav2aau,zjav2aau::RMSF,sdu6-homo-2 / RMSF,RMSF,Residue,205,0.07943428,nm,nm
line,overlay,sdu6-homo-2,sdu6-homo-2,rmsf,zjav2aau,zjav2aau::RMSF,sdu6-homo-2 / RMSF,RMSF,Residue,206,0.0891684,nm,nm
line,overlay,sdu6-homo-2,sdu6-homo-2,rmsf,zjav2aau,zjav2aau::RMSF,sdu6-homo-2 / RMSF,RMSF,Residue,207,0.106328234,nm,nm
line,overlay,sdu6-homo-2,sdu6-homo-2,rmsf,zjav2aau,zjav2aau::RMSF,sdu6-homo-2 / RMSF,RMSF,Residue,208,0.097488284,nm,nm
line,overlay,sdu6-homo-2,sdu6-homo-2,rmsf,zjav2aau,zjav2aau::RMSF,sdu6-homo-2 / RMSF,RMSF,Residue,209,0.09873117,nm,nm
line,overlay,sdu6-homo-2,sdu6-homo-2,rmsf,zjav2aau,zjav2aau::RMSF,sdu6-homo-2 / RMSF,RMSF,Residue,210,0.09414983,nm,nm
line,overlay,sdu6-homo-2,sdu6-homo-2,rmsf,zjav2aau,zjav2aau::RMSF,sdu6-homo-2 / RMSF,RMSF,Residue,211,0.08807611,nm,nm
line,overlay,sdu6-homo-2,sdu6-homo-2,rmsf,zjav2aau,zjav2aau::RMSF,sdu6-homo-2 / RMSF,RMSF,Residue,212,0.07410475,nm,nm
line,overlay,sdu6-homo-2,sdu6-homo-2,rmsf,zjav2aau,zjav2aau::RMSF,sdu6-homo-2 / RMSF,RMSF,Residue,213,0.08988695,nm,nm
line,overlay,sdu6-homo-2,sdu6-homo-2,rmsf,zjav2aau,zjav2aau::RMSF,sdu6-homo-2 / RMSF,RMSF,Residue,214,0.075806655,nm,nm
line,overlay,sdu6-homo-2,sdu6-homo-2,rmsf,zjav2aau,zjav2aau::RMSF,sdu6-homo-2 / RMSF,RMSF,Residue,215,0.058472235,nm,nm
line,overlay,sdu6-homo-2,sdu6-homo-2,rmsf,zjav2aau,zjav2aau::RMSF,sdu6-homo-2 / RMSF,RMSF,Residue,216,0.046398222,nm,nm
line,overlay,sdu6-homo-2,sdu6-homo-2,rmsf,zjav2aau,zjav2aau::RMSF,sdu6-homo-2 / RMSF,RMSF,Residue,217,0.04804939,nm,nm
line,overlay,sdu6-homo-2,sdu6-homo-2,rmsf,zjav2aau,zjav2aau::RMSF,sdu6-homo-2 / RMSF,RMSF,Residue,218,0.04124763,nm,nm
line,overlay,sdu6-homo-2,sdu6-homo-2,rmsf,zjav2aau,zjav2aau::RMSF,sdu6-homo-2 / RMSF,RMSF,Residue,219,0.06182306,nm,nm
line,overlay,sdu6-homo-2,sdu6-homo-2,rmsf,zjav2aau,zjav2aau::RMSF,sdu6-homo-2 / RMSF,RMSF,Residue,220,0.051296294,nm,nm
line,overlay,sdu6-homo-2,sdu6-homo-2,rmsf,zjav2aau,zjav2aau::RMSF,sdu6-homo-2 / RMSF,RMSF,Residue,221,0.056046024,nm,nm
line,overlay,sdu6-homo-2,sdu6-homo-2,rmsf,zjav2aau,zjav2aau::RMSF,sdu6-homo-2 / RMSF,RMSF,Residue,222,0.056295924,nm,nm
line,overlay,sdu6-homo-2,sdu6-homo-2,rmsf,zjav2aau,zjav2aau::RMSF,sdu6-homo-2 / RMSF,RMSF,Residue,223,0.052974537,nm,nm
line,overlay,sdu6-homo-2,sdu6-homo-2,rmsf,zjav2aau,zjav2aau::RMSF,sdu6-homo-2 / RMSF,RMSF,Residue,224,0.058262117,nm,nm
line,overlay,sdu6-homo-2,sdu6-homo-2,rmsf,zjav2aau,zjav2aau::RMSF,sdu6-homo-2 / RMSF,RMSF,Residue,225,0.06220592,nm,nm
line,overlay,sdu6-homo-2,sdu6-homo-2,rmsf,zjav2aau,zjav2aau::RMSF,sdu6-homo-2 / RMSF,RMSF,Residue,226,0.065917954,nm,nm
line,overlay,sdu6-homo-2,sdu6-homo-2,rmsf,zjav2aau,zjav2aau::RMSF,sdu6-homo-2 / RMSF,RMSF,Residue,227,0.06708153,nm,nm
line,overlay,sdu6-homo-2,sdu6-homo-2,rmsf,zjav2aau,zjav2aau::RMSF,sdu6-homo-2 / RMSF,RMSF,Residue,228,0.06330349,nm,nm
line,overlay,sdu6-homo-2,sdu6-homo-2,rmsf,zjav2aau,zjav2aau::RMSF,sdu6-homo-2 / RMSF,RMSF,Residue,229,0.06617512,nm,nm
line,overlay,sdu6-homo-2,sdu6-homo-2,rmsf,zjav2aau,zjav2aau::RMSF,sdu6-homo-2 / RMSF,RMSF,Residue,230,0.06704207,nm,nm
line,overlay,sdu6-homo-2,sdu6-homo-2,rmsf,zjav2aau,zjav2aau::RMSF,sdu6-homo-2 / RMSF,RMSF,Residue,231,0.070656046,nm,nm
line,overlay,sdu6-homo-2,sdu6-homo-2,rmsf,zjav2aau,zjav2aau::RMSF,sdu6-homo-2 / RMSF,RMSF,Residue,232,0.0731886,nm,nm
line,overlay,sdu6-homo-2,sdu6-homo-2,rmsf,zjav2aau,zjav2aau::RMSF,sdu6-homo-2 / RMSF,RMSF,Residue,233,0.09052708,nm,nm
line,overlay,sdu6-homo-2,sdu6-homo-2,rmsf,zjav2aau,zjav2aau::RMSF,sdu6-homo-2 / RMSF,RMSF,Residue,234,0.100309744,nm,nm
line,overlay,sdu6-homo-2,sdu6-homo-2,rmsf,zjav2aau,zjav2aau::RMSF,sdu6-homo-2 / RMSF,RMSF,Residue,235,0.08056133,nm,nm
line,overlay,sdu6-homo-2,sdu6-homo-2,rmsf,zjav2aau,zjav2aau::RMSF,sdu6-homo-2 / RMSF,RMSF,Residue,236,0.07743504,nm,nm
line,overlay,sdu6-homo-2,sdu6-homo-2,rmsf,zjav2aau,zjav2aau::RMSF,sdu6-homo-2 / RMSF,RMSF,Residue,237,0.058043562,nm,nm
line,overlay,sdu6-homo-2,sdu6-homo-2,rmsf,zjav2aau,zjav2aau::RMSF,sdu6-homo-2 / RMSF,RMSF,Residue,238,0.054285448,nm,nm
line,overlay,sdu6-homo-2,sdu6-homo-2,rmsf,zjav2aau,zjav2aau::RMSF,sdu6-homo-2 / RMSF,RMSF,Residue,239,0.04978403,nm,nm
line,overlay,sdu6-homo-2,sdu6-homo-2,rmsf,zjav2aau,zjav2aau::RMSF,sdu6-homo-2 / RMSF,RMSF,Residue,240,0.047745552,nm,nm
line,overlay,sdu6-homo-2,sdu6-homo-2,rmsf,zjav2aau,zjav2aau::RMSF,sdu6-homo-2 / RMSF,RMSF,Residue,241,0.048217207,nm,nm
line,overlay,sdu6-homo-2,sdu6-homo-2,rmsf,zjav2aau,zjav2aau::RMSF,sdu6-homo-2 / RMSF,RMSF,Residue,242,0.045654316,nm,nm
line,overlay,sdu6-homo-2,sdu6-homo-2,rmsf,zjav2aau,zjav2aau::RMSF,sdu6-homo-2 / RMSF,RMSF,Residue,243,0.04472135,nm,nm
line,overlay,sdu6-homo-2,sdu6-homo-2,rmsf,zjav2aau,zjav2aau::RMSF,sdu6-homo-2 / RMSF,RMSF,Residue,244,0.046990097,nm,nm
line,overlay,sdu6-homo-2,sdu6-homo-2,rmsf,zjav2aau,zjav2aau::RMSF,sdu6-homo-2 / RMSF,RMSF,Residue,245,0.05200749,nm,nm
line,overlay,sdu6-homo-2,sdu6-homo-2,rmsf,zjav2aau,zjav2aau::RMSF,sdu6-homo-2 / RMSF,RMSF,Residue,246,0.08000518,nm,nm
line,overlay,sdu6-homo-2,sdu6-homo-2,rmsf,zjav2aau,zjav2aau::RMSF,sdu6-homo-2 / RMSF,RMSF,Residue,247,0.12474115,nm,nm
line,overlay,sdu6-homo-2,sdu6-homo-2,rmsf,zjav2aau,zjav2aau::RMSF,sdu6-homo-2 / RMSF,RMSF,Residue,248,0.17276919,nm,nm
line,overlay,sdu6-homo-2,sdu6-homo-2,rmsf,zjav2aau,zjav2aau::RMSF,sdu6-homo-2 / RMSF,RMSF,Residue,249,0.25098464,nm,nm
line,overlay,sdu6-homo-2,sdu6-homo-2,rmsf,zjav2aau,zjav2aau::RMSF,sdu6-homo-2 / RMSF,RMSF,Residue,250,0.24640532,nm,nm
line,overlay,sdu6-homo-2,sdu6-homo-2,rmsf,zjav2aau,zjav2aau::RMSF,sdu6-homo-2 / RMSF,RMSF,Residue,251,0.23513941,nm,nm
line,overlay,sdu6-homo-2,sdu6-homo-2,rmsf,zjav2aau,zjav2aau::RMSF,sdu6-homo-2 / RMSF,RMSF,Residue,252,0.21397558,nm,nm
line,overlay,sdu6-homo-2,sdu6-homo-2,rmsf,zjav2aau,zjav2aau::RMSF,sdu6-homo-2 / RMSF,RMSF,Residue,253,0.14957447,nm,nm
line,overlay,sdu6-homo-2,sdu6-homo-2,rmsf,zjav2aau,zjav2aau::RMSF,sdu6-homo-2 / RMSF,RMSF,Residue,254,0.111990936,nm,nm
line,overlay,sdu6-homo-2,sdu6-homo-2,rmsf,zjav2aau,zjav2aau::RMSF,sdu6-homo-2 / RMSF,RMSF,Residue,255,0.09723325,nm,nm
line,overlay,sdu6-homo-2,sdu6-homo-2,rmsf,zjav2aau,zjav2aau::RMSF,sdu6-homo-2 / RMSF,RMSF,Residue,256,0.08897479,nm,nm
line,overlay,sdu6-homo-2,sdu6-homo-2,rmsf,zjav2aau,zjav2aau::RMSF,sdu6-homo-2 / RMSF,RMSF,Residue,257,0.077510476,nm,nm
line,overlay,sdu6-homo-2,sdu6-homo-2,rmsf,zjav2aau,zjav2aau::RMSF,sdu6-homo-2 / RMSF,RMSF,Residue,258,0.09498666,nm,nm
line,overlay,sdu6-homo-2,sdu6-homo-2,rmsf,zjav2aau,zjav2aau::RMSF,sdu6-homo-2 / RMSF,RMSF,Residue,259,0.09823279,nm,nm
line,overlay,sdu6-homo-2,sdu6-homo-2,rmsf,zjav2aau,zjav2aau::RMSF,sdu6-homo-2 / RMSF,RMSF,Residue,260,0.09123926,nm,nm
line,overlay,sdu6-homo-2,sdu6-homo-2,rmsf,zjav2aau,zjav2aau::RMSF,sdu6-homo-2 / RMSF,RMSF,Residue,261,0.07401699,nm,nm
line,overlay,sdu6-homo-2,sdu6-homo-2,rmsf,zjav2aau,zjav2aau::RMSF,sdu6-homo-2 / RMSF,RMSF,Residue,262,0.067469455,nm,nm
line,overlay,sdu6-homo-2,sdu6-homo-2,rmsf,zjav2aau,zjav2aau::RMSF,sdu6-homo-2 / RMSF,RMSF,Residue,263,0.0793638,nm,nm
line,overlay,sdu6-homo-2,sdu6-homo-2,rmsf,zjav2aau,zjav2aau::RMSF,sdu6-homo-2 / RMSF,RMSF,Residue,264,0.0724294,nm,nm
line,overlay,sdu6-homo-2,sdu6-homo-2,rmsf,zjav2aau,zjav2aau::RMSF,sdu6-homo-2 / RMSF,RMSF,Residue,265,0.07675304,nm,nm
line,overlay,sdu6-homo-2,sdu6-homo-2,rmsf,zjav2aau,zjav2aau::RMSF,sdu6-homo-2 / RMSF,RMSF,Residue,266,0.08461262,nm,nm
line,overlay,sdu6-homo-2,sdu6-homo-2,rmsf,zjav2aau,zjav2aau::RMSF,sdu6-homo-2 / RMSF,RMSF,Residue,267,0.07151554,nm,nm
line,overlay,sdu6-homo-2,sdu6-homo-2,rmsf,zjav2aau,zjav2aau::RMSF,sdu6-homo-2 / RMSF,RMSF,Residue,268,0.068568766,nm,nm
line,overlay,sdu6-homo-2,sdu6-homo-2,rmsf,zjav2aau,zjav2aau::RMSF,sdu6-homo-2 / RMSF,RMSF,Residue,269,0.08189333,nm,nm
line,overlay,sdu6-homo-2,sdu6-homo-2,rmsf,zjav2aau,zjav2aau::RMSF,sdu6-homo-2 / RMSF,RMSF,Residue,270,0.087473325,nm,nm
line,overlay,sdu6-homo-2,sdu6-homo-2,rmsf,zjav2aau,zjav2aau::RMSF,sdu6-homo-2 / RMSF,RMSF,Residue,271,0.07850144,nm,nm
line,overlay,sdu6-homo-2,sdu6-homo-2,rmsf,zjav2aau,zjav2aau::RMSF,sdu6-homo-2 / RMSF,RMSF,Residue,272,0.08520741,nm,nm
line,overlay,sdu6-homo-2,sdu6-homo-2,rmsf,zjav2aau,zjav2aau::RMSF,sdu6-homo-2 / RMSF,RMSF,Residue,273,0.08034094,nm,nm
line,overlay,sdu6-homo-2,sdu6-homo-2,rmsf,zjav2aau,zjav2aau::RMSF,sdu6-homo-2 / RMSF,RMSF,Residue,274,0.07123323,nm,nm
line,overlay,sdu6-homo-2,sdu6-homo-2,rmsf,zjav2aau,zjav2aau::RMSF,sdu6-homo-2 / RMSF,RMSF,Residue,275,0.069058046,nm,nm
line,overlay,sdu6-homo-2,sdu6-homo-2,rmsf,zjav2aau,zjav2aau::RMSF,sdu6-homo-2 / RMSF,RMSF,Residue,276,0.052659966,nm,nm
line,overlay,sdu6-homo-2,sdu6-homo-2,rmsf,zjav2aau,zjav2aau::RMSF,sdu6-homo-2 / RMSF,RMSF,Residue,277,0.037219357,nm,nm
line,overlay,sdu6-homo-2,sdu6-homo-2,rmsf,zjav2aau,zjav2aau::RMSF,sdu6-homo-2 / RMSF,RMSF,Residue,278,0.034208875,nm,nm
line,overlay,sdu6-homo-2,sdu6-homo-2,rmsf,zjav2aau,zjav2aau::RMSF,sdu6-homo-2 / RMSF,RMSF,Residue,279,0.03281104,nm,nm
line,overlay,sdu6-homo-2,sdu6-homo-2,rmsf,zjav2aau,zjav2aau::RMSF,sdu6-homo-2 / RMSF,RMSF,Residue,280,0.038827915,nm,nm
line,overlay,sdu6-homo-2,sdu6-homo-2,rmsf,zjav2aau,zjav2aau::RMSF,sdu6-homo-2 / RMSF,RMSF,Residue,281,0.056842208,nm,nm
line,overlay,sdu6-homo-2,sdu6-homo-2,rmsf,zjav2aau,zjav2aau::RMSF,sdu6-homo-2 / RMSF,RMSF,Residue,282,0.062275067,nm,nm
line,overlay,sdu6-homo-2,sdu6-homo-2,rmsf,zjav2aau,zjav2aau::RMSF,sdu6-homo-2 / RMSF,RMSF,Residue,283,0.056852214,nm,nm
line,overlay,sdu6-homo-2,sdu6-homo-2,rmsf,zjav2aau,zjav2aau::RMSF,sdu6-homo-2 / RMSF,RMSF,Residue,284,0.058309555,nm,nm
line,overlay,sdu6-homo-2,sdu6-homo-2,rmsf,zjav2aau,zjav2aau::RMSF,sdu6-homo-2 / RMSF,RMSF,Residue,285,0.050088387,nm,nm
line,overlay,sdu6-homo-2,sdu6-homo-2,rmsf,zjav2aau,zjav2aau::RMSF,sdu6-homo-2 / RMSF,RMSF,Residue,286,0.08524624,nm,nm
line,overlay,sdu6-homo-2,sdu6-homo-2,rmsf,zjav2aau,zjav2aau::RMSF,sdu6-homo-2 / RMSF,RMSF,Residue,287,0.08132879,nm,nm
line,overlay,sdu6-homo-2,sdu6-homo-2,rmsf,zjav2aau,zjav2aau::RMSF,sdu6-homo-2 / RMSF,RMSF,Residue,288,0.0823096,nm,nm
line,overlay,sdu6-homo-2,sdu6-homo-2,rmsf,zjav2aau,zjav2aau::RMSF,sdu6-homo-2 / RMSF,RMSF,Residue,289,0.08117865,nm,nm
line,overlay,sdu6-homo-2,sdu6-homo-2,rmsf,zjav2aau,zjav2aau::RMSF,sdu6-homo-2 / RMSF,RMSF,Residue,290,0.07081325,nm,nm
line,overlay,sdu6-homo-2,sdu6-homo-2,rmsf,zjav2aau,zjav2aau::RMSF,sdu6-homo-2 / RMSF,RMSF,Residue,291,0.060667023,nm,nm
line,overlay,sdu6-homo-2,sdu6-homo-2,rmsf,zjav2aau,zjav2aau::RMSF,sdu6-homo-2 / RMSF,RMSF,Residue,292,0.06324784,nm,nm
line,overlay,sdu6-homo-2,sdu6-homo-2,rmsf,zjav2aau,zjav2aau::RMSF,sdu6-homo-2 / RMSF,RMSF,Residue,293,0.06836604,nm,nm
line,overlay,sdu6-homo-2,sdu6-homo-2,rmsf,zjav2aau,zjav2aau::RMSF,sdu6-homo-2 / RMSF,RMSF,Residue,294,0.06133206,nm,nm
line,overlay,sdu6-homo-2,sdu6-homo-2,rmsf,zjav2aau,zjav2aau::RMSF,sdu6-homo-2 / RMSF,RMSF,Residue,295,0.060996458,nm,nm
line,overlay,sdu6-homo-2,sdu6-homo-2,rmsf,zjav2aau,zjav2aau::RMSF,sdu6-homo-2 / RMSF,RMSF,Residue,296,0.067931026,nm,nm
line,overlay,sdu6-homo-2,sdu6-homo-2,rmsf,zjav2aau,zjav2aau::RMSF,sdu6-homo-2 / RMSF,RMSF,Residue,297,0.07460546,nm,nm
line,overlay,sdu6-homo-2,sdu6-homo-2,rmsf,zjav2aau,zjav2aau::RMSF,sdu6-homo-2 / RMSF,RMSF,Residue,298,0.06406717,nm,nm
line,overlay,sdu6-homo-2,sdu6-homo-2,rmsf,zjav2aau,zjav2aau::RMSF,sdu6-homo-2 / RMSF,RMSF,Residue,299,0.06664773,nm,nm
line,overlay,sdu6-homo-2,sdu6-homo-2,rmsf,zjav2aau,zjav2aau::RMSF,sdu6-homo-2 / RMSF,RMSF,Residue,300,0.08306752,nm,nm
line,overlay,sdu6-homo-2,sdu6-homo-2,rmsf,zjav2aau,zjav2aau::RMSF,sdu6-homo-2 / RMSF,RMSF,Residue,301,0.08164974,nm,nm
line,overlay,sdu6-homo-2,sdu6-homo-2,rmsf,zjav2aau,zjav2aau::RMSF,sdu6-homo-2 / RMSF,RMSF,Residue,302,0.07457169,nm,nm
line,overlay,sdu6-homo-2,sdu6-homo-2,rmsf,zjav2aau,zjav2aau::RMSF,sdu6-homo-2 / RMSF,RMSF,Residue,303,0.08109374,nm,nm
line,overlay,sdu6-homo-2,sdu6-homo-2,rmsf,zjav2aau,zjav2aau::RMSF,sdu6-homo-2 / RMSF,RMSF,Residue,304,0.06559143,nm,nm
line,overlay,sdu6-homo-2,sdu6-homo-2,rmsf,zjav2aau,zjav2aau::RMSF,sdu6-homo-2 / RMSF,RMSF,Residue,305,0.05146485,nm,nm
line,overlay,sdu6-homo-2,sdu6-homo-2,rmsf,zjav2aau,zjav2aau::RMSF,sdu6-homo-2 / RMSF,RMSF,Residue,306,0.042900793,nm,nm
line,overlay,sdu6-homo-2,sdu6-homo-2,rmsf,zjav2aau,zjav2aau::RMSF,sdu6-homo-2 / RMSF,RMSF,Residue,307,0.037949145,nm,nm
line,overlay,sdu6-homo-2,sdu6-homo-2,rmsf,zjav2aau,zjav2aau::RMSF,sdu6-homo-2 / RMSF,RMSF,Residue,308,0.03862248,nm,nm
line,overlay,sdu6-homo-2,sdu6-homo-2,rmsf,zjav2aau,zjav2aau::RMSF,sdu6-homo-2 / RMSF,RMSF,Residue,309,0.04542242,nm,nm
line,overlay,sdu6-homo-2,sdu6-homo-2,rmsf,zjav2aau,zjav2aau::RMSF,sdu6-homo-2 / RMSF,RMSF,Residue,310,0.06489761,nm,nm
line,overlay,sdu6-homo-2,sdu6-homo-2,rmsf,zjav2aau,zjav2aau::RMSF,sdu6-homo-2 / RMSF,RMSF,Residue,311,0.07493758,nm,nm
line,overlay,sdu6-homo-2,sdu6-homo-2,rmsf,zjav2aau,zjav2aau::RMSF,sdu6-homo-2 / RMSF,RMSF,Residue,312,0.1017346,nm,nm
line,overlay,sdu6-homo-2,sdu6-homo-2,rmsf,zjav2aau,zjav2aau::RMSF,sdu6-homo-2 / RMSF,RMSF,Residue,313,0.12738791,nm,nm
line,overlay,sdu6-homo-2,sdu6-homo-2,rmsf,zjav2aau,zjav2aau::RMSF,sdu6-homo-2 / RMSF,RMSF,Residue,314,0.1619672,nm,nm
line,overlay,sdu6-homo-2,sdu6-homo-2,rmsf,zjav2aau,zjav2aau::RMSF,sdu6-homo-2 / RMSF,RMSF,Residue,315,0.1931349,nm,nm
line,overlay,sdu6-homo-2,sdu6-homo-2,rmsf,zjav2aau,zjav2aau::RMSF,sdu6-homo-2 / RMSF,RMSF,Residue,316,0.22014265,nm,nm
line,overlay,sdu6-homo-2,sdu6-homo-2,rmsf,zjav2aau,zjav2aau::RMSF,sdu6-homo-2 / RMSF,RMSF,Residue,317,0.2353893,nm,nm
line,overlay,sdu6-homo-2,sdu6-homo-2,rmsf,zjav2aau,zjav2aau::RMSF,sdu6-homo-2 / RMSF,RMSF,Residue,318,0.25086558,nm,nm
line,overlay,sdu6-homo-2,sdu6-homo-2,rmsf,zjav2aau,zjav2aau::RMSF,sdu6-homo-2 / RMSF,RMSF,Residue,319,0.22475715,nm,nm
line,overlay,sdu6-homo-2,sdu6-homo-2,rmsf,zjav2aau,zjav2aau::RMSF,sdu6-homo-2 / RMSF,RMSF,Residue,320,0.19480008,nm,nm
line,overlay,sdu6-homo-2,sdu6-homo-2,rmsf,zjav2aau,zjav2aau::RMSF,sdu6-homo-2 / RMSF,RMSF,Residue,321,0.15023836,nm,nm
line,overlay,sdu6-homo-2,sdu6-homo-2,rmsf,zjav2aau,zjav2aau::RMSF,sdu6-homo-2 / RMSF,RMSF,Residue,322,0.14495116,nm,nm
line,overlay,sdu6-homo-2,sdu6-homo-2,rmsf,zjav2aau,zjav2aau::RMSF,sdu6-homo-2 / RMSF,RMSF,Residue,323,0.12179073,nm,nm
line,overlay,sdu6-homo-2,sdu6-homo-2,rmsf,zjav2aau,zjav2aau::RMSF,sdu6-homo-2 / RMSF,RMSF,Residue,324,0.13253637,nm,nm
line,overlay,sdu6-homo-2,sdu6-homo-2,rmsf,zjav2aau,zjav2aau::RMSF,sdu6-homo-2 / RMSF,RMSF,Residue,325,0.16171725,nm,nm
line,overlay,sdu6-homo-2,sdu6-homo-2,rmsf,zjav2aau,zjav2aau::RMSF,sdu6-homo-2 / RMSF,RMSF,Residue,326,0.15803103,nm,nm
line,overlay,sdu6-homo-2,sdu6-homo-2,rmsf,zjav2aau,zjav2aau::RMSF,sdu6-homo-2 / RMSF,RMSF,Residue,327,0.12062199,nm,nm
line,overlay,sdu6-homo-2,sdu6-homo-2,rmsf,zjav2aau,zjav2aau::RMSF,sdu6-homo-2 / RMSF,RMSF,Residue,328,0.120574154,nm,nm
line,overlay,sdu6-homo-2,sdu6-homo-2,rmsf,zjav2aau,zjav2aau::RMSF,sdu6-homo-2 / RMSF,RMSF,Residue,329,0.13710073,nm,nm
line,overlay,sdu6-homo-2,sdu6-homo-2,rmsf,zjav2aau,zjav2aau::RMSF,sdu6-homo-2 / RMSF,RMSF,Residue,330,0.133565,nm,nm
line,overlay,sdu6-homo-2,sdu6-homo-2,rmsf,zjav2aau,zjav2aau::RMSF,sdu6-homo-2 / RMSF,RMSF,Residue,331,0.11129492,nm,nm
line,overlay,sdu6-homo-2,sdu6-homo-2,rmsf,zjav2aau,zjav2aau::RMSF,sdu6-homo-2 / RMSF,RMSF,Residue,332,0.11628878,nm,nm
line,overlay,sdu6-homo-2,sdu6-homo-2,rmsf,zjav2aau,zjav2aau::RMSF,sdu6-homo-2 / RMSF,RMSF,Residue,333,0.10755084,nm,nm
line,overlay,sdu6-homo-2,sdu6-homo-2,rmsf,zjav2aau,zjav2aau::RMSF,sdu6-homo-2 / RMSF,RMSF,Residue,334,0.08775471,nm,nm
line,overlay,sdu6-homo-2,sdu6-homo-2,rmsf,zjav2aau,zjav2aau::RMSF,sdu6-homo-2 / RMSF,RMSF,Residue,335,0.06500003,nm,nm
line,overlay,sdu6-homo-2,sdu6-homo-2,rmsf,zjav2aau,zjav2aau::RMSF,sdu6-homo-2 / RMSF,RMSF,Residue,336,0.051968206,nm,nm
line,overlay,sdu6-homo-2,sdu6-homo-2,rmsf,zjav2aau,zjav2aau::RMSF,sdu6-homo-2 / RMSF,RMSF,Residue,337,0.054693155,nm,nm
line,overlay,sdu6-homo-2,sdu6-homo-2,rmsf,zjav2aau,zjav2aau::RMSF,sdu6-homo-2 / RMSF,RMSF,Residue,338,0.058063745,nm,nm
line,overlay,sdu6-homo-2,sdu6-homo-2,rmsf,zjav2aau,zjav2aau::RMSF,sdu6-homo-2 / RMSF,RMSF,Residue,339,0.059223846,nm,nm
line,overlay,sdu6-homo-2,sdu6-homo-2,rmsf,zjav2aau,zjav2aau::RMSF,sdu6-homo-2 / RMSF,RMSF,Residue,340,0.054923054,nm,nm
line,overlay,sdu6-homo-2,sdu6-homo-2,rmsf,zjav2aau,zjav2aau::RMSF,sdu6-homo-2 / RMSF,RMSF,Residue,341,0.05934004,nm,nm
line,overlay,sdu6-homo-2,sdu6-homo-2,rmsf,zjav2aau,zjav2aau::RMSF,sdu6-homo-2 / RMSF,RMSF,Residue,342,0.057760715,nm,nm
line,overlay,sdu6-homo-2,sdu6-homo-2,rmsf,zjav2aau,zjav2aau::RMSF,sdu6-homo-2 / RMSF,RMSF,Residue,343,0.050713897,nm,nm
line,overlay,sdu6-homo-2,sdu6-homo-2,rmsf,zjav2aau,zjav2aau::RMSF,sdu6-homo-2 / RMSF,RMSF,Residue,344,0.07310546,nm,nm
line,overlay,sdu6-homo-2,sdu6-homo-2,rmsf,zjav2aau,zjav2aau::RMSF,sdu6-homo-2 / RMSF,RMSF,Residue,345,0.07380852,nm,nm
line,overlay,sdu6-homo-2,sdu6-homo-2,rmsf,zjav2aau,zjav2aau::RMSF,sdu6-homo-2 / RMSF,RMSF,Residue,346,0.05258946,nm,nm
line,overlay,sdu6-homo-2,sdu6-homo-2,rmsf,zjav2aau,zjav2aau::RMSF,sdu6-homo-2 / RMSF,RMSF,Residue,347,0.058728095,nm,nm
line,overlay,sdu6-homo-2,sdu6-homo-2,rmsf,zjav2aau,zjav2aau::RMSF,sdu6-homo-2 / RMSF,RMSF,Residue,348,0.0796177,nm,nm
line,overlay,sdu6-homo-2,sdu6-homo-2,rmsf,zjav2aau,zjav2aau::RMSF,sdu6-homo-2 / RMSF,RMSF,Residue,349,0.071789384,nm,nm
line,overlay,sdu6-homo-2,sdu6-homo-2,rmsf,zjav2aau,zjav2aau::RMSF,sdu6-homo-2 / RMSF,RMSF,Residue,350,0.07446192,nm,nm
line,overlay,sdu6-homo-2,sdu6-homo-2,rmsf,zjav2aau,zjav2aau::RMSF,sdu6-homo-2 / RMSF,RMSF,Residue,351,0.06445108,nm,nm
line,overlay,sdu6-homo-2,sdu6-homo-2,rmsf,zjav2aau,zjav2aau::RMSF,sdu6-homo-2 / RMSF,RMSF,Residue,352,0.049490985,nm,nm
line,overlay,sdu6-homo-2,sdu6-homo-2,rmsf,zjav2aau,zjav2aau::RMSF,sdu6-homo-2 / RMSF,RMSF,Residue,353,0.049517788,nm,nm
line,overlay,sdu6-homo-2,sdu6-homo-2,rmsf,zjav2aau,zjav2aau::RMSF,sdu6-homo-2 / RMSF,RMSF,Residue,354,0.042179905,nm,nm
line,overlay,sdu6-homo-2,sdu6-homo-2,rmsf,zjav2aau,zjav2aau::RMSF,sdu6-homo-2 / RMSF,RMSF,Residue,355,0.034976114,nm,nm
line,overlay,sdu6-homo-2,sdu6-homo-2,rmsf,zjav2aau,zjav2aau::RMSF,sdu6-homo-2 / RMSF,RMSF,Residue,356,0.034349423,nm,nm
line,overlay,sdu6-homo-2,sdu6-homo-2,rmsf,zjav2aau,zjav2aau::RMSF,sdu6-homo-2 / RMSF,RMSF,Residue,357,0.040230047,nm,nm
line,overlay,sdu6-homo-2,sdu6-homo-2,rmsf,zjav2aau,zjav2aau::RMSF,sdu6-homo-2 / RMSF,RMSF,Residue,358,0.045122314,nm,nm
line,overlay,sdu6-homo-2,sdu6-homo-2,rmsf,zjav2aau,zjav2aau::RMSF,sdu6-homo-2 / RMSF,RMSF,Residue,359,0.04441931,nm,nm
line,overlay,sdu6-homo-2,sdu6-homo-2,rmsf,zjav2aau,zjav2aau::RMSF,sdu6-homo-2 / RMSF,RMSF,Residue,360,0.045416933,nm,nm
line,overlay,sdu6-homo-2,sdu6-homo-2,rmsf,zjav2aau,zjav2aau::RMSF,sdu6-homo-2 / RMSF,RMSF,Residue,361,0.038420945,nm,nm
line,overlay,sdu6-homo-2,sdu6-homo-2,rmsf,zjav2aau,zjav2aau::RMSF,sdu6-homo-2 / RMSF,RMSF,Residue,362,0.04089663,nm,nm
line,overlay,sdu6-homo-2,sdu6-homo-2,rmsf,zjav2aau,zjav2aau::RMSF,sdu6-homo-2 / RMSF,RMSF,Residue,363,0.045773495,nm,nm
line,overlay,sdu6-homo-2,sdu6-homo-2,rmsf,zjav2aau,zjav2aau::RMSF,sdu6-homo-2 / RMSF,RMSF,Residue,364,0.03882491,nm,nm
line,overlay,sdu6-homo-2,sdu6-homo-2,rmsf,zjav2aau,zjav2aau::RMSF,sdu6-homo-2 / RMSF,RMSF,Residue,365,0.041304436,nm,nm
line,overlay,sdu6-homo-2,sdu6-homo-2,rmsf,zjav2aau,zjav2aau::RMSF,sdu6-homo-2 / RMSF,RMSF,Residue,366,0.04019901,nm,nm
line,overlay,sdu6-homo-2,sdu6-homo-2,rmsf,zjav2aau,zjav2aau::RMSF,sdu6-homo-2 / RMSF,RMSF,Residue,367,0.052196663,nm,nm
line,overlay,sdu6-homo-2,sdu6-homo-2,rmsf,zjav2aau,zjav2aau::RMSF,sdu6-homo-2 / RMSF,RMSF,Residue,368,0.05651476,nm,nm
line,overlay,sdu6-homo-2,sdu6-homo-2,rmsf,zjav2aau,zjav2aau::RMSF,sdu6-homo-2 / RMSF,RMSF,Residue,369,0.052933954,nm,nm
line,overlay,sdu6-homo-2,sdu6-homo-2,rmsf,zjav2aau,zjav2aau::RMSF,sdu6-homo-2 / RMSF,RMSF,Residue,370,0.049412213,nm,nm
line,overlay,sdu6-homo-2,sdu6-homo-2,rmsf,zjav2aau,zjav2aau::RMSF,sdu6-homo-2 / RMSF,RMSF,Residue,371,0.053077523,nm,nm
line,overlay,sdu6-homo-2,sdu6-homo-2,rmsf,zjav2aau,zjav2aau::RMSF,sdu6-homo-2 / RMSF,RMSF,Residue,372,0.045734435,nm,nm
line,overlay,sdu6-homo-2,sdu6-homo-2,rmsf,zjav2aau,zjav2aau::RMSF,sdu6-homo-2 / RMSF,RMSF,Residue,373,0.04664579,nm,nm
line,overlay,sdu6-homo-2,sdu6-homo-2,rmsf,zjav2aau,zjav2aau::RMSF,sdu6-homo-2 / RMSF,RMSF,Residue,374,0.046584997,nm,nm
line,overlay,sdu6-homo-2,sdu6-homo-2,rmsf,zjav2aau,zjav2aau::RMSF,sdu6-homo-2 / RMSF,RMSF,Residue,375,0.042872615,nm,nm
line,overlay,sdu6-homo-2,sdu6-homo-2,rmsf,zjav2aau,zjav2aau::RMSF,sdu6-homo-2 / RMSF,RMSF,Residue,376,0.044022214,nm,nm
line,overlay,sdu6-homo-2,sdu6-homo-2,rmsf,zjav2aau,zjav2aau::RMSF,sdu6-homo-2 / RMSF,RMSF,Residue,377,0.04511923,nm,nm
line,overlay,sdu6-homo-2,sdu6-homo-2,rmsf,zjav2aau,zjav2aau::RMSF,sdu6-homo-2 / RMSF,RMSF,Residue,378,0.04567253,nm,nm
line,overlay,sdu6-homo-2,sdu6-homo-2,rmsf,zjav2aau,zjav2aau::RMSF,sdu6-homo-2 / RMSF,RMSF,Residue,379,0.05236411,nm,nm
line,overlay,sdu6-homo-2,sdu6-homo-2,rmsf,zjav2aau,zjav2aau::RMSF,sdu6-homo-2 / RMSF,RMSF,Residue,380,0.05325733,nm,nm
line,overlay,sdu6-homo-2,sdu6-homo-2,rmsf,zjav2aau,zjav2aau::RMSF,sdu6-homo-2 / RMSF,RMSF,Residue,381,0.05459971,nm,nm
line,overlay,sdu6-homo-2,sdu6-homo-2,rmsf,zjav2aau,zjav2aau::RMSF,sdu6-homo-2 / RMSF,RMSF,Residue,382,0.04561342,nm,nm
line,overlay,sdu6-homo-2,sdu6-homo-2,rmsf,zjav2aau,zjav2aau::RMSF,sdu6-homo-2 / RMSF,RMSF,Residue,383,0.041661,nm,nm
line,overlay,sdu6-homo-2,sdu6-homo-2,rmsf,zjav2aau,zjav2aau::RMSF,sdu6-homo-2 / RMSF,RMSF,Residue,384,0.04543686,nm,nm
line,overlay,sdu6-homo-2,sdu6-homo-2,rmsf,zjav2aau,zjav2aau::RMSF,sdu6-homo-2 / RMSF,RMSF,Residue,385,0.04563663,nm,nm
line,overlay,sdu6-homo-2,sdu6-homo-2,rmsf,zjav2aau,zjav2aau::RMSF,sdu6-homo-2 / RMSF,RMSF,Residue,386,0.04503022,nm,nm
line,overlay,sdu6-homo-2,sdu6-homo-2,rmsf,zjav2aau,zjav2aau::RMSF,sdu6-homo-2 / RMSF,RMSF,Residue,387,0.04318306,nm,nm
line,overlay,sdu6-homo-2,sdu6-homo-2,rmsf,zjav2aau,zjav2aau::RMSF,sdu6-homo-2 / RMSF,RMSF,Residue,388,0.049591903,nm,nm
line,overlay,sdu6-homo-2,sdu6-homo-2,rmsf,zjav2aau,zjav2aau::RMSF,sdu6-homo-2 / RMSF,RMSF,Residue,389,0.053435046,nm,nm
line,overlay,sdu6-homo-2,sdu6-homo-2,rmsf,zjav2aau,zjav2aau::RMSF,sdu6-homo-2 / RMSF,RMSF,Residue,390,0.046267536,nm,nm
line,overlay,sdu6-homo-2,sdu6-homo-2,rmsf,zjav2aau,zjav2aau::RMSF,sdu6-homo-2 / RMSF,RMSF,Residue,391,0.05825147,nm,nm
line,overlay,sdu6-homo-2,sdu6-homo-2,rmsf,zjav2aau,zjav2aau::RMSF,sdu6-homo-2 / RMSF,RMSF,Residue,392,0.072540864,nm,nm
line,overlay,sdu6-homo-2,sdu6-homo-2,rmsf,zjav2aau,zjav2aau::RMSF,sdu6-homo-2 / RMSF,RMSF,Residue,393,0.06441192,nm,nm
line,overlay,sdu6-homo-2,sdu6-homo-2,rmsf,zjav2aau,zjav2aau::RMSF,sdu6-homo-2 / RMSF,RMSF,Residue,394,0.052035578,nm,nm
line,overlay,sdu6-homo-2,sdu6-homo-2,rmsf,zjav2aau,zjav2aau::RMSF,sdu6-homo-2 / RMSF,RMSF,Residue,395,0.05137463,nm,nm
line,overlay,sdu6-homo-2,sdu6-homo-2,rmsf,zjav2aau,zjav2aau::RMSF,sdu6-homo-2 / RMSF,RMSF,Residue,396,0.04795523,nm,nm
line,overlay,sdu6-homo-2,sdu6-homo-2,rmsf,zjav2aau,zjav2aau::RMSF,sdu6-homo-2 / RMSF,RMSF,Residue,397,0.06891291,nm,nm
line,overlay,sdu6-homo-2,sdu6-homo-2,rmsf,zjav2aau,zjav2aau::RMSF,sdu6-homo-2 / RMSF,RMSF,Residue,398,0.059843224,nm,nm
line,overlay,sdu6-homo-2,sdu6-homo-2,rmsf,zjav2aau,zjav2aau::RMSF,sdu6-homo-2 / RMSF,RMSF,Residue,399,0.057958566,nm,nm
line,overlay,sdu6-homo-2,sdu6-homo-2,rmsf,zjav2aau,zjav2aau::RMSF,sdu6-homo-2 / RMSF,RMSF,Residue,400,0.07382514,nm,nm
line,overlay,sdu6-homo-2,sdu6-homo-2,rmsf,zjav2aau,zjav2aau::RMSF,sdu6-homo-2 / RMSF,RMSF,Residue,401,0.056818616,nm,nm
line,overlay,sdu6-homo-2,sdu6-homo-2,rmsf,zjav2aau,zjav2aau::RMSF,sdu6-homo-2 / RMSF,RMSF,Residue,402,0.056664772,nm,nm
line,overlay,sdu6-homo-2,sdu6-homo-2,rmsf,zjav2aau,zjav2aau::RMSF,sdu6-homo-2 / RMSF,RMSF,Residue,403,0.06147659,nm,nm
line,overlay,sdu6-homo-2,sdu6-homo-2,rmsf,zjav2aau,zjav2aau::RMSF,sdu6-homo-2 / RMSF,RMSF,Residue,404,0.08035899,nm,nm
line,overlay,sdu6-homo-2,sdu6-homo-2,rmsf,zjav2aau,zjav2aau::RMSF,sdu6-homo-2 / RMSF,RMSF,Residue,405,0.11843793,nm,nm
line,overlay,sdu6-homo-2,sdu6-homo-2,rmsf,zjav2aau,zjav2aau::RMSF,sdu6-homo-2 / RMSF,RMSF,Residue,406,0.1332305,nm,nm
line,overlay,sdu6-homo-2,sdu6-homo-2,rmsf,zjav2aau,zjav2aau::RMSF,sdu6-homo-2 / RMSF,RMSF,Residue,407,0.1062324,nm,nm
line,overlay,sdu6-homo-2,sdu6-homo-2,rmsf,zjav2aau,zjav2aau::RMSF,sdu6-homo-2 / RMSF,RMSF,Residue,408,0.10854306,nm,nm
line,overlay,sdu6-homo-2,sdu6-homo-2,rmsf,zjav2aau,zjav2aau::RMSF,sdu6-homo-2 / RMSF,RMSF,Residue,409,0.08049747,nm,nm
line,overlay,sdu6-homo-2,sdu6-homo-2,rmsf,zjav2aau,zjav2aau::RMSF,sdu6-homo-2 / RMSF,RMSF,Residue,410,0.06736276,nm,nm
line,overlay,sdu6-homo-2,sdu6-homo-2,rmsf,zjav2aau,zjav2aau::RMSF,sdu6-homo-2 / RMSF,RMSF,Residue,411,0.07148312,nm,nm
line,overlay,sdu6-homo-2,sdu6-homo-2,rmsf,zjav2aau,zjav2aau::RMSF,sdu6-homo-2 / RMSF,RMSF,Residue,412,0.06294544,nm,nm
line,overlay,sdu6-homo-2,sdu6-homo-2,rmsf,zjav2aau,zjav2aau::RMSF,sdu6-homo-2 / RMSF,RMSF,Residue,413,0.073800385,nm,nm
line,overlay,sdu6-homo-2,sdu6-homo-2,rmsf,zjav2aau,zjav2aau::RMSF,sdu6-homo-2 / RMSF,RMSF,Residue,414,0.07516131,nm,nm
line,overlay,sdu6-homo-2,sdu6-homo-2,rmsf,zjav2aau,zjav2aau::RMSF,sdu6-homo-2 / RMSF,RMSF,Residue,415,0.06298432,nm,nm
line,overlay,sdu6-homo-2,sdu6-homo-2,rmsf,zjav2aau,zjav2aau::RMSF,sdu6-homo-2 / RMSF,RMSF,Residue,416,0.061121874,nm,nm
line,overlay,sdu6-homo-2,sdu6-homo-2,rmsf,zjav2aau,zjav2aau::RMSF,sdu6-homo-2 / RMSF,RMSF,Residue,417,0.0631599,nm,nm
line,overlay,sdu6-homo-2,sdu6-homo-2,rmsf,zjav2aau,zjav2aau::RMSF,sdu6-homo-2 / RMSF,RMSF,Residue,418,0.05989081,nm,nm
line,overlay,sdu6-homo-2,sdu6-homo-2,rmsf,zjav2aau,zjav2aau::RMSF,sdu6-homo-2 / RMSF,RMSF,Residue,419,0.05550633,nm,nm
line,overlay,sdu6-homo-2,sdu6-homo-2,rmsf,zjav2aau,zjav2aau::RMSF,sdu6-homo-2 / RMSF,RMSF,Residue,420,0.058107913,nm,nm
line,overlay,sdu6-homo-2,sdu6-homo-2,rmsf,zjav2aau,zjav2aau::RMSF,sdu6-homo-2 / RMSF,RMSF,Residue,421,0.06135988,nm,nm
line,overlay,sdu6-homo-2,sdu6-homo-2,rmsf,zjav2aau,zjav2aau::RMSF,sdu6-homo-2 / RMSF,RMSF,Residue,422,0.062035773,nm,nm
line,overlay,sdu6-homo-2,sdu6-homo-2,rmsf,zjav2aau,zjav2aau::RMSF,sdu6-homo-2 / RMSF,RMSF,Residue,423,0.071705945,nm,nm
line,overlay,sdu6-homo-2,sdu6-homo-2,rmsf,zjav2aau,zjav2aau::RMSF,sdu6-homo-2 / RMSF,RMSF,Residue,424,0.08608974,nm,nm
line,overlay,sdu6-homo-2,sdu6-homo-2,rmsf,zjav2aau,zjav2aau::RMSF,sdu6-homo-2 / RMSF,RMSF,Residue,425,0.0989735,nm,nm
line,overlay,sdu6-homo-2,sdu6-homo-2,rmsf,zjav2aau,zjav2aau::RMSF,sdu6-homo-2 / RMSF,RMSF,Residue,426,0.106554754,nm,nm
line,overlay,sdu6-homo-2,sdu6-homo-2,rmsf,zjav2aau,zjav2aau::RMSF,sdu6-homo-2 / RMSF,RMSF,Residue,427,0.089190215,nm,nm
line,overlay,sdu6-homo-2,sdu6-homo-2,rmsf,zjav2aau,zjav2aau::RMSF,sdu6-homo-2 / RMSF,RMSF,Residue,428,0.06739931,nm,nm
line,overlay,sdu6-homo-2,sdu6-homo-2,rmsf,zjav2aau,zjav2aau::RMSF,sdu6-homo-2 / RMSF,RMSF,Residue,429,0.077015154,nm,nm
line,overlay,sdu6-homo-2,sdu6-homo-2,rmsf,zjav2aau,zjav2aau::RMSF,sdu6-homo-2 / RMSF,RMSF,Residue,430,0.0716438,nm,nm
line,overlay,sdu6-homo-2,sdu6-homo-2,rmsf,zjav2aau,zjav2aau::RMSF,sdu6-homo-2 / RMSF,RMSF,Residue,431,0.054452166,nm,nm
line,overlay,sdu6-homo-2,sdu6-homo-2,rmsf,zjav2aau,zjav2aau::RMSF,sdu6-homo-2 / RMSF,RMSF,Residue,432,0.058336396,nm,nm
line,overlay,sdu6-homo-2,sdu6-homo-2,rmsf,zjav2aau,zjav2aau::RMSF,sdu6-homo-2 / RMSF,RMSF,Residue,433,0.061896153,nm,nm
line,overlay,sdu6-homo-2,sdu6-homo-2,rmsf,zjav2aau,zjav2aau::RMSF,sdu6-homo-2 / RMSF,RMSF,Residue,434,0.05182971,nm,nm
line,overlay,sdu6-homo-2,sdu6-homo-2,rmsf,zjav2aau,zjav2aau::RMSF,sdu6-homo-2 / RMSF,RMSF,Residue,435,0.049990337,nm,nm
line,overlay,sdu6-homo-2,sdu6-homo-2,rmsf,zjav2aau,zjav2aau::RMSF,sdu6-homo-2 / RMSF,RMSF,Residue,436,0.05872436,nm,nm
line,overlay,sdu6-homo-2,sdu6-homo-2,rmsf,zjav2aau,zjav2aau::RMSF,sdu6-homo-2 / RMSF,RMSF,Residue,437,0.059095595,nm,nm
line,overlay,sdu6-homo-2,sdu6-homo-2,rmsf,zjav2aau,zjav2aau::RMSF,sdu6-homo-2 / RMSF,RMSF,Residue,438,0.055441804,nm,nm
line,overlay,sdu6-homo-2,sdu6-homo-2,rmsf,zjav2aau,zjav2aau::RMSF,sdu6-homo-2 / RMSF,RMSF,Residue,439,0.05385441,nm,nm
line,overlay,sdu6-homo-2,sdu6-homo-2,rmsf,zjav2aau,zjav2aau::RMSF,sdu6-homo-2 / RMSF,RMSF,Residue,440,0.056112718,nm,nm
line,overlay,sdu6-homo-2,sdu6-homo-2,rmsf,zjav2aau,zjav2aau::RMSF,sdu6-homo-2 / RMSF,RMSF,Residue,441,0.055805985,nm,nm
line,overlay,sdu6-homo-2,sdu6-homo-2,rmsf,zjav2aau,zjav2aau::RMSF,sdu6-homo-2 / RMSF,RMSF,Residue,442,0.054959413,nm,nm
line,overlay,sdu6-homo-2,sdu6-homo-2,rmsf,zjav2aau,zjav2aau::RMSF,sdu6-homo-2 / RMSF,RMSF,Residue,443,0.057464596,nm,nm
line,overlay,sdu6-homo-2,sdu6-homo-2,rmsf,zjav2aau,zjav2aau::RMSF,sdu6-homo-2 / RMSF,RMSF,Residue,444,0.059344932,nm,nm
line,overlay,sdu6-homo-2,sdu6-homo-2,rmsf,zjav2aau,zjav2aau::RMSF,sdu6-homo-2 / RMSF,RMSF,Residue,445,0.055463202,nm,nm
line,overlay,sdu6-homo-2,sdu6-homo-2,rmsf,zjav2aau,zjav2aau::RMSF,sdu6-homo-2 / RMSF,RMSF,Residue,446,0.055414725,nm,nm
line,overlay,sdu6-homo-2,sdu6-homo-2,rmsf,zjav2aau,zjav2aau::RMSF,sdu6-homo-2 / RMSF,RMSF,Residue,447,0.090680316,nm,nm
line,overlay,sdu6-homo-2,sdu6-homo-2,rmsf,zjav2aau,zjav2aau::RMSF,sdu6-homo-2 / RMSF,RMSF,Residue,448,0.13484628,nm,nm
line,overlay,sdu6-homo-2,sdu6-homo-2,rmsf,zjav2aau,zjav2aau::RMSF,sdu6-homo-2 / RMSF,RMSF,Residue,449,0.14318997,nm,nm
line,overlay,sdu6-homo-2,sdu6-homo-2,rmsf,zjav2aau,zjav2aau::RMSF,sdu6-homo-2 / RMSF,RMSF,Residue,450,0.083466366,nm,nm
line,overlay,sdu6-homo-2,sdu6-homo-2,rmsf,zjav2aau,zjav2aau::RMSF,sdu6-homo-2 / RMSF,RMSF,Residue,451,0.06903151,nm,nm
line,overlay,sdu6-homo-2,sdu6-homo-2,rmsf,zjav2aau,zjav2aau::RMSF,sdu6-homo-2 / RMSF,RMSF,Residue,452,0.049954258,nm,nm
line,overlay,sdu6-homo-2,sdu6-homo-2,rmsf,zjav2aau,zjav2aau::RMSF,sdu6-homo-2 / RMSF,RMSF,Residue,453,0.064313956,nm,nm
line,overlay,sdu6-homo-2,sdu6-homo-2,rmsf,zjav2aau,zjav2aau::RMSF,sdu6-homo-2 / RMSF,RMSF,Residue,454,0.059767228,nm,nm
line,overlay,sdu6-homo-2,sdu6-homo-2,rmsf,zjav2aau,zjav2aau::RMSF,sdu6-homo-2 / RMSF,RMSF,Residue,455,0.05190232,nm,nm
line,overlay,sdu6-homo-2,sdu6-homo-2,rmsf,zjav2aau,zjav2aau::RMSF,sdu6-homo-2 / RMSF,RMSF,Residue,456,0.051434066,nm,nm
line,overlay,sdu6-homo-2,sdu6-homo-2,rmsf,zjav2aau,zjav2aau::RMSF,sdu6-homo-2 / RMSF,RMSF,Residue,457,0.055424284,nm,nm
line,overlay,sdu6-homo-2,sdu6-homo-2,rmsf,zjav2aau,zjav2aau::RMSF,sdu6-homo-2 / RMSF,RMSF,Residue,458,0.058953114,nm,nm
line,overlay,sdu6-homo-2,sdu6-homo-2,rmsf,zjav2aau,zjav2aau::RMSF,sdu6-homo-2 / RMSF,RMSF,Residue,459,0.05283553,nm,nm
line,overlay,sdu6-homo-2,sdu6-homo-2,rmsf,zjav2aau,zjav2aau::RMSF,sdu6-homo-2 / RMSF,RMSF,Residue,460,0.053021982,nm,nm
line,overlay,sdu6-homo-2,sdu6-homo-2,rmsf,zjav2aau,zjav2aau::RMSF,sdu6-homo-2 / RMSF,RMSF,Residue,461,0.06431755,nm,nm
line,overlay,sdu6-homo-2,sdu6-homo-2,rmsf,zjav2aau,zjav2aau::RMSF,sdu6-homo-2 / RMSF,RMSF,Residue,462,0.06387729,nm,nm
line,overlay,sdu6-homo-2,sdu6-homo-2,rmsf,zjav2aau,zjav2aau::RMSF,sdu6-homo-2 / RMSF,RMSF,Residue,463,0.055055458,nm,nm
line,overlay,sdu6-homo-2,sdu6-homo-2,rmsf,zjav2aau,zjav2aau::RMSF,sdu6-homo-2 / RMSF,RMSF,Residue,464,0.06300488,nm,nm
line,overlay,sdu6-homo-2,sdu6-homo-2,rmsf,zjav2aau,zjav2aau::RMSF,sdu6-homo-2 / RMSF,RMSF,Residue,465,0.074086435,nm,nm
line,overlay,sdu6-homo-2,sdu6-homo-2,rmsf,zjav2aau,zjav2aau::RMSF,sdu6-homo-2 / RMSF,RMSF,Residue,466,0.081048004,nm,nm
line,overlay,sdu6-homo-2,sdu6-homo-2,rmsf,zjav2aau,zjav2aau::RMSF,sdu6-homo-2 / RMSF,RMSF,Residue,467,0.08108286,nm,nm
line,overlay,sdu6-homo-2,sdu6-homo-2,rmsf,zjav2aau,zjav2aau::RMSF,sdu6-homo-2 / RMSF,RMSF,Residue,468,0.098713994,nm,nm
line,overlay,sdu6-homo-2,sdu6-homo-2,rmsf,zjav2aau,zjav2aau::RMSF,sdu6-homo-2 / RMSF,RMSF,Residue,469,0.11497055,nm,nm
line,overlay,sdu6-homo-2,sdu6-homo-2,rmsf,zjav2aau,zjav2aau::RMSF,sdu6-homo-2 / RMSF,RMSF,Residue,470,0.12035848,nm,nm
line,overlay,sdu6-homo-2,sdu6-homo-2,rmsf,zjav2aau,zjav2aau::RMSF,sdu6-homo-2 / RMSF,RMSF,Residue,471,0.21380252,nm,nm
line,overlay,sdu6-homo-2,sdu6-homo-2,rmsf,zjav2aau,zjav2aau::RMSF,sdu6-homo-2 / RMSF,RMSF,Residue,472,0.33784255,nm,nm
line,overlay,sdu6-homo-3,sdu6-homo-3,rmsf,3zee17zb,3zee17zb::RMSF,sdu6-homo-3 / RMSF,RMSF,Residue,1,0.7914441,nm,nm
line,overlay,sdu6-homo-3,sdu6-homo-3,rmsf,3zee17zb,3zee17zb::RMSF,sdu6-homo-3 / RMSF,RMSF,Residue,2,0.68129104,nm,nm
line,overlay,sdu6-homo-3,sdu6-homo-3,rmsf,3zee17zb,3zee17zb::RMSF,sdu6-homo-3 / RMSF,RMSF,Residue,3,0.5871979,nm,nm
line,overlay,sdu6-homo-3,sdu6-homo-3,rmsf,3zee17zb,3zee17zb::RMSF,sdu6-homo-3 / RMSF,RMSF,Residue,4,0.45310608,nm,nm
line,overlay,sdu6-homo-3,sdu6-homo-3,rmsf,3zee17zb,3zee17zb::RMSF,sdu6-homo-3 / RMSF,RMSF,Residue,5,0.2766214,nm,nm
line,overlay,sdu6-homo-3,sdu6-homo-3,rmsf,3zee17zb,3zee17zb::RMSF,sdu6-homo-3 / RMSF,RMSF,Residue,6,0.17108235,nm,nm
line,overlay,sdu6-homo-3,sdu6-homo-3,rmsf,3zee17zb,3zee17zb::RMSF,sdu6-homo-3 / RMSF,RMSF,Residue,7,0.08164744,nm,nm
line,overlay,sdu6-homo-3,sdu6-homo-3,rmsf,3zee17zb,3zee17zb::RMSF,sdu6-homo-3 / RMSF,RMSF,Residue,8,0.0583988,nm,nm
line,overlay,sdu6-homo-3,sdu6-homo-3,rmsf,3zee17zb,3zee17zb::RMSF,sdu6-homo-3 / RMSF,RMSF,Residue,9,0.05229398,nm,nm
line,overlay,sdu6-homo-3,sdu6-homo-3,rmsf,3zee17zb,3zee17zb::RMSF,sdu6-homo-3 / RMSF,RMSF,Residue,10,0.047046557,nm,nm
line,overlay,sdu6-homo-3,sdu6-homo-3,rmsf,3zee17zb,3zee17zb::RMSF,sdu6-homo-3 / RMSF,RMSF,Residue,11,0.039360546,nm,nm
line,overlay,sdu6-homo-3,sdu6-homo-3,rmsf,3zee17zb,3zee17zb::RMSF,sdu6-homo-3 / RMSF,RMSF,Residue,12,0.043401133,nm,nm
line,overlay,sdu6-homo-3,sdu6-homo-3,rmsf,3zee17zb,3zee17zb::RMSF,sdu6-homo-3 / RMSF,RMSF,Residue,13,0.05061554,nm,nm
line,overlay,sdu6-homo-3,sdu6-homo-3,rmsf,3zee17zb,3zee17zb::RMSF,sdu6-homo-3 / RMSF,RMSF,Residue,14,0.051918656,nm,nm
line,overlay,sdu6-homo-3,sdu6-homo-3,rmsf,3zee17zb,3zee17zb::RMSF,sdu6-homo-3 / RMSF,RMSF,Residue,15,0.060744934,nm,nm
line,overlay,sdu6-homo-3,sdu6-homo-3,rmsf,3zee17zb,3zee17zb::RMSF,sdu6-homo-3 / RMSF,RMSF,Residue,16,0.056601886,nm,nm
line,overlay,sdu6-homo-3,sdu6-homo-3,rmsf,3zee17zb,3zee17zb::RMSF,sdu6-homo-3 / RMSF,RMSF,Residue,17,0.05520041,nm,nm
line,overlay,sdu6-homo-3,sdu6-homo-3,rmsf,3zee17zb,3zee17zb::RMSF,sdu6-homo-3 / RMSF,RMSF,Residue,18,0.060043283,nm,nm
line,overlay,sdu6-homo-3,sdu6-homo-3,rmsf,3zee17zb,3zee17zb::RMSF,sdu6-homo-3 / RMSF,RMSF,Residue,19,0.047342766,nm,nm
line,overlay,sdu6-homo-3,sdu6-homo-3,rmsf,3zee17zb,3zee17zb::RMSF,sdu6-homo-3 / RMSF,RMSF,Residue,20,0.04502827,nm,nm
line,overlay,sdu6-homo-3,sdu6-homo-3,rmsf,3zee17zb,3zee17zb::RMSF,sdu6-homo-3 / RMSF,RMSF,Residue,21,0.0469022,nm,nm
line,overlay,sdu6-homo-3,sdu6-homo-3,rmsf,3zee17zb,3zee17zb::RMSF,sdu6-homo-3 / RMSF,RMSF,Residue,22,0.04508385,nm,nm
line,overlay,sdu6-homo-3,sdu6-homo-3,rmsf,3zee17zb,3zee17zb::RMSF,sdu6-homo-3 / RMSF,RMSF,Residue,23,0.0401553,nm,nm
line,overlay,sdu6-homo-3,sdu6-homo-3,rmsf,3zee17zb,3zee17zb::RMSF,sdu6-homo-3 / RMSF,RMSF,Residue,24,0.044439107,nm,nm
line,overlay,sdu6-homo-3,sdu6-homo-3,rmsf,3zee17zb,3zee17zb::RMSF,sdu6-homo-3 / RMSF,RMSF,Residue,25,0.04509596,nm,nm
line,overlay,sdu6-homo-3,sdu6-homo-3,rmsf,3zee17zb,3zee17zb::RMSF,sdu6-homo-3 / RMSF,RMSF,Residue,26,0.04584469,nm,nm
line,overlay,sdu6-homo-3,sdu6-homo-3,rmsf,3zee17zb,3zee17zb::RMSF,sdu6-homo-3 / RMSF,RMSF,Residue,27,0.048672542,nm,nm
line,overlay,sdu6-homo-3,sdu6-homo-3,rmsf,3zee17zb,3zee17zb::RMSF,sdu6-homo-3 / RMSF,RMSF,Residue,28,0.058660965,nm,nm
line,overlay,sdu6-homo-3,sdu6-homo-3,rmsf,3zee17zb,3zee17zb::RMSF,sdu6-homo-3 / RMSF,RMSF,Residue,29,0.07128116,nm,nm
line,overlay,sdu6-homo-3,sdu6-homo-3,rmsf,3zee17zb,3zee17zb::RMSF,sdu6-homo-3 / RMSF,RMSF,Residue,30,0.066508956,nm,nm
line,overlay,sdu6-homo-3,sdu6-homo-3,rmsf,3zee17zb,3zee17zb::RMSF,sdu6-homo-3 / RMSF,RMSF,Residue,31,0.0641461,nm,nm
line,overlay,sdu6-homo-3,sdu6-homo-3,rmsf,3zee17zb,3zee17zb::RMSF,sdu6-homo-3 / RMSF,RMSF,Residue,32,0.07250125,nm,nm
line,overlay,sdu6-homo-3,sdu6-homo-3,rmsf,3zee17zb,3zee17zb::RMSF,sdu6-homo-3 / RMSF,RMSF,Residue,33,0.08760612,nm,nm
line,overlay,sdu6-homo-3,sdu6-homo-3,rmsf,3zee17zb,3zee17zb::RMSF,sdu6-homo-3 / RMSF,RMSF,Residue,34,0.08550778,nm,nm
line,overlay,sdu6-homo-3,sdu6-homo-3,rmsf,3zee17zb,3zee17zb::RMSF,sdu6-homo-3 / RMSF,RMSF,Residue,35,0.06993312,nm,nm
line,overlay,sdu6-homo-3,sdu6-homo-3,rmsf,3zee17zb,3zee17zb::RMSF,sdu6-homo-3 / RMSF,RMSF,Residue,36,0.06425617,nm,nm
line,overlay,sdu6-homo-3,sdu6-homo-3,rmsf,3zee17zb,3zee17zb::RMSF,sdu6-homo-3 / RMSF,RMSF,Residue,37,0.049856376,nm,nm
line,overlay,sdu6-homo-3,sdu6-homo-3,rmsf,3zee17zb,3zee17zb::RMSF,sdu6-homo-3 / RMSF,RMSF,Residue,38,0.049478058,nm,nm
line,overlay,sdu6-homo-3,sdu6-homo-3,rmsf,3zee17zb,3zee17zb::RMSF,sdu6-homo-3 / RMSF,RMSF,Residue,39,0.045853645,nm,nm
line,overlay,sdu6-homo-3,sdu6-homo-3,rmsf,3zee17zb,3zee17zb::RMSF,sdu6-homo-3 / RMSF,RMSF,Residue,40,0.050046034,nm,nm
line,overlay,sdu6-homo-3,sdu6-homo-3,rmsf,3zee17zb,3zee17zb::RMSF,sdu6-homo-3 / RMSF,RMSF,Residue,41,0.054434318,nm,nm
line,overlay,sdu6-homo-3,sdu6-homo-3,rmsf,3zee17zb,3zee17zb::RMSF,sdu6-homo-3 / RMSF,RMSF,Residue,42,0.06943513,nm,nm
line,overlay,sdu6-homo-3,sdu6-homo-3,rmsf,3zee17zb,3zee17zb::RMSF,sdu6-homo-3 / RMSF,RMSF,Residue,43,0.080781914,nm,nm
line,overlay,sdu6-homo-3,sdu6-homo-3,rmsf,3zee17zb,3zee17zb::RMSF,sdu6-homo-3 / RMSF,RMSF,Residue,44,0.08271387,nm,nm
line,overlay,sdu6-homo-3,sdu6-homo-3,rmsf,3zee17zb,3zee17zb::RMSF,sdu6-homo-3 / RMSF,RMSF,Residue,45,0.07391614,nm,nm
line,overlay,sdu6-homo-3,sdu6-homo-3,rmsf,3zee17zb,3zee17zb::RMSF,sdu6-homo-3 / RMSF,RMSF,Residue,46,0.08678031,nm,nm
line,overlay,sdu6-homo-3,sdu6-homo-3,rmsf,3zee17zb,3zee17zb::RMSF,sdu6-homo-3 / RMSF,RMSF,Residue,47,0.08557917,nm,nm
line,overlay,sdu6-homo-3,sdu6-homo-3,rmsf,3zee17zb,3zee17zb::RMSF,sdu6-homo-3 / RMSF,RMSF,Residue,48,0.07484262,nm,nm
line,overlay,sdu6-homo-3,sdu6-homo-3,rmsf,3zee17zb,3zee17zb::RMSF,sdu6-homo-3 / RMSF,RMSF,Residue,49,0.07520173,nm,nm
line,overlay,sdu6-homo-3,sdu6-homo-3,rmsf,3zee17zb,3zee17zb::RMSF,sdu6-homo-3 / RMSF,RMSF,Residue,50,0.098250896,nm,nm
line,overlay,sdu6-homo-3,sdu6-homo-3,rmsf,3zee17zb,3zee17zb::RMSF,sdu6-homo-3 / RMSF,RMSF,Residue,51,0.10395587,nm,nm
line,overlay,sdu6-homo-3,sdu6-homo-3,rmsf,3zee17zb,3zee17zb::RMSF,sdu6-homo-3 / RMSF,RMSF,Residue,52,0.081184685,nm,nm
line,overlay,sdu6-homo-3,sdu6-homo-3,rmsf,3zee17zb,3zee17zb::RMSF,sdu6-homo-3 / RMSF,RMSF,Residue,53,0.11582183,nm,nm
line,overlay,sdu6-homo-3,sdu6-homo-3,rmsf,3zee17zb,3zee17zb::RMSF,sdu6-homo-3 / RMSF,RMSF,Residue,54,0.10513796,nm,nm
line,overlay,sdu6-homo-3,sdu6-homo-3,rmsf,3zee17zb,3zee17zb::RMSF,sdu6-homo-3 / RMSF,RMSF,Residue,55,0.08637338,nm,nm
line,overlay,sdu6-homo-3,sdu6-homo-3,rmsf,3zee17zb,3zee17zb::RMSF,sdu6-homo-3 / RMSF,RMSF,Residue,56,0.087135434,nm,nm
line,overlay,sdu6-homo-3,sdu6-homo-3,rmsf,3zee17zb,3zee17zb::RMSF,sdu6-homo-3 / RMSF,RMSF,Residue,57,0.09534275,nm,nm
line,overlay,sdu6-homo-3,sdu6-homo-3,rmsf,3zee17zb,3zee17zb::RMSF,sdu6-homo-3 / RMSF,RMSF,Residue,58,0.08098437,nm,nm
line,overlay,sdu6-homo-3,sdu6-homo-3,rmsf,3zee17zb,3zee17zb::RMSF,sdu6-homo-3 / RMSF,RMSF,Residue,59,0.0748816,nm,nm
line,overlay,sdu6-homo-3,sdu6-homo-3,rmsf,3zee17zb,3zee17zb::RMSF,sdu6-homo-3 / RMSF,RMSF,Residue,60,0.07070536,nm,nm
line,overlay,sdu6-homo-3,sdu6-homo-3,rmsf,3zee17zb,3zee17zb::RMSF,sdu6-homo-3 / RMSF,RMSF,Residue,61,0.08073726,nm,nm
line,overlay,sdu6-homo-3,sdu6-homo-3,rmsf,3zee17zb,3zee17zb::RMSF,sdu6-homo-3 / RMSF,RMSF,Residue,62,0.07596953,nm,nm
line,overlay,sdu6-homo-3,sdu6-homo-3,rmsf,3zee17zb,3zee17zb::RMSF,sdu6-homo-3 / RMSF,RMSF,Residue,63,0.09348881,nm,nm
line,overlay,sdu6-homo-3,sdu6-homo-3,rmsf,3zee17zb,3zee17zb::RMSF,sdu6-homo-3 / RMSF,RMSF,Residue,64,0.09865529,nm,nm
line,overlay,sdu6-homo-3,sdu6-homo-3,rmsf,3zee17zb,3zee17zb::RMSF,sdu6-homo-3 / RMSF,RMSF,Residue,65,0.076734364,nm,nm
line,overlay,sdu6-homo-3,sdu6-homo-3,rmsf,3zee17zb,3zee17zb::RMSF,sdu6-homo-3 / RMSF,RMSF,Residue,66,0.077855274,nm,nm
line,overlay,sdu6-homo-3,sdu6-homo-3,rmsf,3zee17zb,3zee17zb::RMSF,sdu6-homo-3 / RMSF,RMSF,Residue,67,0.061773587,nm,nm
line,overlay,sdu6-homo-3,sdu6-homo-3,rmsf,3zee17zb,3zee17zb::RMSF,sdu6-homo-3 / RMSF,RMSF,Residue,68,0.06392855,nm,nm
line,overlay,sdu6-homo-3,sdu6-homo-3,rmsf,3zee17zb,3zee17zb::RMSF,sdu6-homo-3 / RMSF,RMSF,Residue,69,0.0598632,nm,nm
line,overlay,sdu6-homo-3,sdu6-homo-3,rmsf,3zee17zb,3zee17zb::RMSF,sdu6-homo-3 / RMSF,RMSF,Residue,70,0.06967113,nm,nm
line,overlay,sdu6-homo-3,sdu6-homo-3,rmsf,3zee17zb,3zee17zb::RMSF,sdu6-homo-3 / RMSF,RMSF,Residue,71,0.07294523,nm,nm
line,overlay,sdu6-homo-3,sdu6-homo-3,rmsf,3zee17zb,3zee17zb::RMSF,sdu6-homo-3 / RMSF,RMSF,Residue,72,0.08075677,nm,nm
line,overlay,sdu6-homo-3,sdu6-homo-3,rmsf,3zee17zb,3zee17zb::RMSF,sdu6-homo-3 / RMSF,RMSF,Residue,73,0.09700655,nm,nm
line,overlay,sdu6-homo-3,sdu6-homo-3,rmsf,3zee17zb,3zee17zb::RMSF,sdu6-homo-3 / RMSF,RMSF,Residue,74,0.10603699,nm,nm
line,overlay,sdu6-homo-3,sdu6-homo-3,rmsf,3zee17zb,3zee17zb::RMSF,sdu6-homo-3 / RMSF,RMSF,Residue,75,0.13026018,nm,nm
line,overlay,sdu6-homo-3,sdu6-homo-3,rmsf,3zee17zb,3zee17zb::RMSF,sdu6-homo-3 / RMSF,RMSF,Residue,76,0.12673554,nm,nm
line,overlay,sdu6-homo-3,sdu6-homo-3,rmsf,3zee17zb,3zee17zb::RMSF,sdu6-homo-3 / RMSF,RMSF,Residue,77,0.13839285,nm,nm
line,overlay,sdu6-homo-3,sdu6-homo-3,rmsf,3zee17zb,3zee17zb::RMSF,sdu6-homo-3 / RMSF,RMSF,Residue,78,0.12832053,nm,nm
line,overlay,sdu6-homo-3,sdu6-homo-3,rmsf,3zee17zb,3zee17zb::RMSF,sdu6-homo-3 / RMSF,RMSF,Residue,79,0.13054994,nm,nm
line,overlay,sdu6-homo-3,sdu6-homo-3,rmsf,3zee17zb,3zee17zb::RMSF,sdu6-homo-3 / RMSF,RMSF,Residue,80,0.12048181,nm,nm
line,overlay,sdu6-homo-3,sdu6-homo-3,rmsf,3zee17zb,3zee17zb::RMSF,sdu6-homo-3 / RMSF,RMSF,Residue,81,0.11862992,nm,nm
line,overlay,sdu6-homo-3,sdu6-homo-3,rmsf,3zee17zb,3zee17zb::RMSF,sdu6-homo-3 / RMSF,RMSF,Residue,82,0.11621672,nm,nm
line,overlay,sdu6-homo-3,sdu6-homo-3,rmsf,3zee17zb,3zee17zb::RMSF,sdu6-homo-3 / RMSF,RMSF,Residue,83,0.10392949,nm,nm
line,overlay,sdu6-homo-3,sdu6-homo-3,rmsf,3zee17zb,3zee17zb::RMSF,sdu6-homo-3 / RMSF,RMSF,Residue,84,0.11216499,nm,nm
line,overlay,sdu6-homo-3,sdu6-homo-3,rmsf,3zee17zb,3zee17zb::RMSF,sdu6-homo-3 / RMSF,RMSF,Residue,85,0.11852926,nm,nm
line,overlay,sdu6-homo-3,sdu6-homo-3,rmsf,3zee17zb,3zee17zb::RMSF,sdu6-homo-3 / RMSF,RMSF,Residue,86,0.11764242,nm,nm
line,overlay,sdu6-homo-3,sdu6-homo-3,rmsf,3zee17zb,3zee17zb::RMSF,sdu6-homo-3 / RMSF,RMSF,Residue,87,0.13462275,nm,nm
line,overlay,sdu6-homo-3,sdu6-homo-3,rmsf,3zee17zb,3zee17zb::RMSF,sdu6-homo-3 / RMSF,RMSF,Residue,88,0.12382635,nm,nm
line,overlay,sdu6-homo-3,sdu6-homo-3,rmsf,3zee17zb,3zee17zb::RMSF,sdu6-homo-3 / RMSF,RMSF,Residue,89,0.10039221,nm,nm
line,overlay,sdu6-homo-3,sdu6-homo-3,rmsf,3zee17zb,3zee17zb::RMSF,sdu6-homo-3 / RMSF,RMSF,Residue,90,0.09659486,nm,nm
line,overlay,sdu6-homo-3,sdu6-homo-3,rmsf,3zee17zb,3zee17zb::RMSF,sdu6-homo-3 / RMSF,RMSF,Residue,91,0.110487536,nm,nm
line,overlay,sdu6-homo-3,sdu6-homo-3,rmsf,3zee17zb,3zee17zb::RMSF,sdu6-homo-3 / RMSF,RMSF,Residue,92,0.110776104,nm,nm
line,overlay,sdu6-homo-3,sdu6-homo-3,rmsf,3zee17zb,3zee17zb::RMSF,sdu6-homo-3 / RMSF,RMSF,Residue,93,0.09095735,nm,nm
line,overlay,sdu6-homo-3,sdu6-homo-3,rmsf,3zee17zb,3zee17zb::RMSF,sdu6-homo-3 / RMSF,RMSF,Residue,94,0.0935006,nm,nm
line,overlay,sdu6-homo-3,sdu6-homo-3,rmsf,3zee17zb,3zee17zb::RMSF,sdu6-homo-3 / RMSF,RMSF,Residue,95,0.10661792,nm,nm
line,overlay,sdu6-homo-3,sdu6-homo-3,rmsf,3zee17zb,3zee17zb::RMSF,sdu6-homo-3 / RMSF,RMSF,Residue,96,0.09855807,nm,nm
line,overlay,sdu6-homo-3,sdu6-homo-3,rmsf,3zee17zb,3zee17zb::RMSF,sdu6-homo-3 / RMSF,RMSF,Residue,97,0.085934594,nm,nm
line,overlay,sdu6-homo-3,sdu6-homo-3,rmsf,3zee17zb,3zee17zb::RMSF,sdu6-homo-3 / RMSF,RMSF,Residue,98,0.0901919,nm,nm
line,overlay,sdu6-homo-3,sdu6-homo-3,rmsf,3zee17zb,3zee17zb::RMSF,sdu6-homo-3 / RMSF,RMSF,Residue,99,0.09057549,nm,nm
line,overlay,sdu6-homo-3,sdu6-homo-3,rmsf,3zee17zb,3zee17zb::RMSF,sdu6-homo-3 / RMSF,RMSF,Residue,100,0.08225711,nm,nm
line,overlay,sdu6-homo-3,sdu6-homo-3,rmsf,3zee17zb,3zee17zb::RMSF,sdu6-homo-3 / RMSF,RMSF,Residue,101,0.06644841,nm,nm
line,overlay,sdu6-homo-3,sdu6-homo-3,rmsf,3zee17zb,3zee17zb::RMSF,sdu6-homo-3 / RMSF,RMSF,Residue,102,0.07641231,nm,nm
line,overlay,sdu6-homo-3,sdu6-homo-3,rmsf,3zee17zb,3zee17zb::RMSF,sdu6-homo-3 / RMSF,RMSF,Residue,103,0.087829776,nm,nm
line,overlay,sdu6-homo-3,sdu6-homo-3,rmsf,3zee17zb,3zee17zb::RMSF,sdu6-homo-3 / RMSF,RMSF,Residue,104,0.07860652,nm,nm
line,overlay,sdu6-homo-3,sdu6-homo-3,rmsf,3zee17zb,3zee17zb::RMSF,sdu6-homo-3 / RMSF,RMSF,Residue,105,0.07136506,nm,nm
line,overlay,sdu6-homo-3,sdu6-homo-3,rmsf,3zee17zb,3zee17zb::RMSF,sdu6-homo-3 / RMSF,RMSF,Residue,106,0.0928612,nm,nm
line,overlay,sdu6-homo-3,sdu6-homo-3,rmsf,3zee17zb,3zee17zb::RMSF,sdu6-homo-3 / RMSF,RMSF,Residue,107,0.10340981,nm,nm
line,overlay,sdu6-homo-3,sdu6-homo-3,rmsf,3zee17zb,3zee17zb::RMSF,sdu6-homo-3 / RMSF,RMSF,Residue,108,0.089134805,nm,nm
line,overlay,sdu6-homo-3,sdu6-homo-3,rmsf,3zee17zb,3zee17zb::RMSF,sdu6-homo-3 / RMSF,RMSF,Residue,109,0.10255493,nm,nm
line,overlay,sdu6-homo-3,sdu6-homo-3,rmsf,3zee17zb,3zee17zb::RMSF,sdu6-homo-3 / RMSF,RMSF,Residue,110,0.12691371,nm,nm
line,overlay,sdu6-homo-3,sdu6-homo-3,rmsf,3zee17zb,3zee17zb::RMSF,sdu6-homo-3 / RMSF,RMSF,Residue,111,0.12368714,nm,nm
line,overlay,sdu6-homo-3,sdu6-homo-3,rmsf,3zee17zb,3zee17zb::RMSF,sdu6-homo-3 / RMSF,RMSF,Residue,112,0.11601023,nm,nm
line,overlay,sdu6-homo-3,sdu6-homo-3,rmsf,3zee17zb,3zee17zb::RMSF,sdu6-homo-3 / RMSF,RMSF,Residue,113,0.08950901,nm,nm
line,overlay,sdu6-homo-3,sdu6-homo-3,rmsf,3zee17zb,3zee17zb::RMSF,sdu6-homo-3 / RMSF,RMSF,Residue,114,0.082086995,nm,nm
line,overlay,sdu6-homo-3,sdu6-homo-3,rmsf,3zee17zb,3zee17zb::RMSF,sdu6-homo-3 / RMSF,RMSF,Residue,115,0.06814694,nm,nm
line,overlay,sdu6-homo-3,sdu6-homo-3,rmsf,3zee17zb,3zee17zb::RMSF,sdu6-homo-3 / RMSF,RMSF,Residue,116,0.07359954,nm,nm
line,overlay,sdu6-homo-3,sdu6-homo-3,rmsf,3zee17zb,3zee17zb::RMSF,sdu6-homo-3 / RMSF,RMSF,Residue,117,0.06435365,nm,nm
line,overlay,sdu6-homo-3,sdu6-homo-3,rmsf,3zee17zb,3zee17zb::RMSF,sdu6-homo-3 / RMSF,RMSF,Residue,118,0.054419186,nm,nm
line,overlay,sdu6-homo-3,sdu6-homo-3,rmsf,3zee17zb,3zee17zb::RMSF,sdu6-homo-3 / RMSF,RMSF,Residue,119,0.044991978,nm,nm
line,overlay,sdu6-homo-3,sdu6-homo-3,rmsf,3zee17zb,3zee17zb::RMSF,sdu6-homo-3 / RMSF,RMSF,Residue,120,0.04747879,nm,nm
line,overlay,sdu6-homo-3,sdu6-homo-3,rmsf,3zee17zb,3zee17zb::RMSF,sdu6-homo-3 / RMSF,RMSF,Residue,121,0.05042958,nm,nm
line,overlay,sdu6-homo-3,sdu6-homo-3,rmsf,3zee17zb,3zee17zb::RMSF,sdu6-homo-3 / RMSF,RMSF,Residue,122,0.058725864,nm,nm
line,overlay,sdu6-homo-3,sdu6-homo-3,rmsf,3zee17zb,3zee17zb::RMSF,sdu6-homo-3 / RMSF,RMSF,Residue,123,0.061856847,nm,nm
line,overlay,sdu6-homo-3,sdu6-homo-3,rmsf,3zee17zb,3zee17zb::RMSF,sdu6-homo-3 / RMSF,RMSF,Residue,124,0.058387063,nm,nm
line,overlay,sdu6-homo-3,sdu6-homo-3,rmsf,3zee17zb,3zee17zb::RMSF,sdu6-homo-3 / RMSF,RMSF,Residue,125,0.07793043,nm,nm
line,overlay,sdu6-homo-3,sdu6-homo-3,rmsf,3zee17zb,3zee17zb::RMSF,sdu6-homo-3 / RMSF,RMSF,Residue,126,0.08160272,nm,nm
line,overlay,sdu6-homo-3,sdu6-homo-3,rmsf,3zee17zb,3zee17zb::RMSF,sdu6-homo-3 / RMSF,RMSF,Residue,127,0.06217205,nm,nm
line,overlay,sdu6-homo-3,sdu6-homo-3,rmsf,3zee17zb,3zee17zb::RMSF,sdu6-homo-3 / RMSF,RMSF,Residue,128,0.06636244,nm,nm
line,overlay,sdu6-homo-3,sdu6-homo-3,rmsf,3zee17zb,3zee17zb::RMSF,sdu6-homo-3 / RMSF,RMSF,Residue,129,0.07531397,nm,nm
line,overlay,sdu6-homo-3,sdu6-homo-3,rmsf,3zee17zb,3zee17zb::RMSF,sdu6-homo-3 / RMSF,RMSF,Residue,130,0.06807747,nm,nm
line,overlay,sdu6-homo-3,sdu6-homo-3,rmsf,3zee17zb,3zee17zb::RMSF,sdu6-homo-3 / RMSF,RMSF,Residue,131,0.05768861,nm,nm
line,overlay,sdu6-homo-3,sdu6-homo-3,rmsf,3zee17zb,3zee17zb::RMSF,sdu6-homo-3 / RMSF,RMSF,Residue,132,0.07070387,nm,nm
line,overlay,sdu6-homo-3,sdu6-homo-3,rmsf,3zee17zb,3zee17zb::RMSF,sdu6-homo-3 / RMSF,RMSF,Residue,133,0.07959858,nm,nm
line,overlay,sdu6-homo-3,sdu6-homo-3,rmsf,3zee17zb,3zee17zb::RMSF,sdu6-homo-3 / RMSF,RMSF,Residue,134,0.077583216,nm,nm
line,overlay,sdu6-homo-3,sdu6-homo-3,rmsf,3zee17zb,3zee17zb::RMSF,sdu6-homo-3 / RMSF,RMSF,Residue,135,0.08299605,nm,nm
line,overlay,sdu6-homo-3,sdu6-homo-3,rmsf,3zee17zb,3zee17zb::RMSF,sdu6-homo-3 / RMSF,RMSF,Residue,136,0.070272416,nm,nm
line,overlay,sdu6-homo-3,sdu6-homo-3,rmsf,3zee17zb,3zee17zb::RMSF,sdu6-homo-3 / RMSF,RMSF,Residue,137,0.07123925,nm,nm
line,overlay,sdu6-homo-3,sdu6-homo-3,rmsf,3zee17zb,3zee17zb::RMSF,sdu6-homo-3 / RMSF,RMSF,Residue,138,0.056361027,nm,nm
line,overlay,sdu6-homo-3,sdu6-homo-3,rmsf,3zee17zb,3zee17zb::RMSF,sdu6-homo-3 / RMSF,RMSF,Residue,139,0.044505008,nm,nm
line,overlay,sdu6-homo-3,sdu6-homo-3,rmsf,3zee17zb,3zee17zb::RMSF,sdu6-homo-3 / RMSF,RMSF,Residue,140,0.045011748,nm,nm
line,overlay,sdu6-homo-3,sdu6-homo-3,rmsf,3zee17zb,3zee17zb::RMSF,sdu6-homo-3 / RMSF,RMSF,Residue,141,0.044761416,nm,nm
line,overlay,sdu6-homo-3,sdu6-homo-3,rmsf,3zee17zb,3zee17zb::RMSF,sdu6-homo-3 / RMSF,RMSF,Residue,142,0.050203785,nm,nm
line,overlay,sdu6-homo-3,sdu6-homo-3,rmsf,3zee17zb,3zee17zb::RMSF,sdu6-homo-3 / RMSF,RMSF,Residue,143,0.06458694,nm,nm
line,overlay,sdu6-homo-3,sdu6-homo-3,rmsf,3zee17zb,3zee17zb::RMSF,sdu6-homo-3 / RMSF,RMSF,Residue,144,0.058743667,nm,nm
line,overlay,sdu6-homo-3,sdu6-homo-3,rmsf,3zee17zb,3zee17zb::RMSF,sdu6-homo-3 / RMSF,RMSF,Residue,145,0.05666984,nm,nm
line,overlay,sdu6-homo-3,sdu6-homo-3,rmsf,3zee17zb,3zee17zb::RMSF,sdu6-homo-3 / RMSF,RMSF,Residue,146,0.06963784,nm,nm
line,overlay,sdu6-homo-3,sdu6-homo-3,rmsf,3zee17zb,3zee17zb::RMSF,sdu6-homo-3 / RMSF,RMSF,Residue,147,0.06790189,nm,nm
line,overlay,sdu6-homo-3,sdu6-homo-3,rmsf,3zee17zb,3zee17zb::RMSF,sdu6-homo-3 / RMSF,RMSF,Residue,148,0.066752724,nm,nm
line,overlay,sdu6-homo-3,sdu6-homo-3,rmsf,3zee17zb,3zee17zb::RMSF,sdu6-homo-3 / RMSF,RMSF,Residue,149,0.065977655,nm,nm
line,overlay,sdu6-homo-3,sdu6-homo-3,rmsf,3zee17zb,3zee17zb::RMSF,sdu6-homo-3 / RMSF,RMSF,Residue,150,0.06268487,nm,nm
line,overlay,sdu6-homo-3,sdu6-homo-3,rmsf,3zee17zb,3zee17zb::RMSF,sdu6-homo-3 / RMSF,RMSF,Residue,151,0.06806997,nm,nm
line,overlay,sdu6-homo-3,sdu6-homo-3,rmsf,3zee17zb,3zee17zb::RMSF,sdu6-homo-3 / RMSF,RMSF,Residue,152,0.06825135,nm,nm
line,overlay,sdu6-homo-3,sdu6-homo-3,rmsf,3zee17zb,3zee17zb::RMSF,sdu6-homo-3 / RMSF,RMSF,Residue,153,0.06661352,nm,nm
line,overlay,sdu6-homo-3,sdu6-homo-3,rmsf,3zee17zb,3zee17zb::RMSF,sdu6-homo-3 / RMSF,RMSF,Residue,154,0.07575563,nm,nm
line,overlay,sdu6-homo-3,sdu6-homo-3,rmsf,3zee17zb,3zee17zb::RMSF,sdu6-homo-3 / RMSF,RMSF,Residue,155,0.087213136,nm,nm
line,overlay,sdu6-homo-3,sdu6-homo-3,rmsf,3zee17zb,3zee17zb::RMSF,sdu6-homo-3 / RMSF,RMSF,Residue,156,0.082892954,nm,nm
line,overlay,sdu6-homo-3,sdu6-homo-3,rmsf,3zee17zb,3zee17zb::RMSF,sdu6-homo-3 / RMSF,RMSF,Residue,157,0.08146593,nm,nm
line,overlay,sdu6-homo-3,sdu6-homo-3,rmsf,3zee17zb,3zee17zb::RMSF,sdu6-homo-3 / RMSF,RMSF,Residue,158,0.103895366,nm,nm
line,overlay,sdu6-homo-3,sdu6-homo-3,rmsf,3zee17zb,3zee17zb::RMSF,sdu6-homo-3 / RMSF,RMSF,Residue,159,0.115657955,nm,nm
line,overlay,sdu6-homo-3,sdu6-homo-3,rmsf,3zee17zb,3zee17zb::RMSF,sdu6-homo-3 / RMSF,RMSF,Residue,160,0.17045012,nm,nm
line,overlay,sdu6-homo-3,sdu6-homo-3,rmsf,3zee17zb,3zee17zb::RMSF,sdu6-homo-3 / RMSF,RMSF,Residue,161,0.11314885,nm,nm
line,overlay,sdu6-homo-3,sdu6-homo-3,rmsf,3zee17zb,3zee17zb::RMSF,sdu6-homo-3 / RMSF,RMSF,Residue,162,0.23508088,nm,nm
line,overlay,sdu6-homo-3,sdu6-homo-3,rmsf,3zee17zb,3zee17zb::RMSF,sdu6-homo-3 / RMSF,RMSF,Residue,163,0.22814079,nm,nm
line,overlay,sdu6-homo-3,sdu6-homo-3,rmsf,3zee17zb,3zee17zb::RMSF,sdu6-homo-3 / RMSF,RMSF,Residue,164,0.3655648,nm,nm
line,overlay,sdu6-homo-3,sdu6-homo-3,rmsf,3zee17zb,3zee17zb::RMSF,sdu6-homo-3 / RMSF,RMSF,Residue,165,0.40972948,nm,nm
line,overlay,sdu6-homo-3,sdu6-homo-3,rmsf,3zee17zb,3zee17zb::RMSF,sdu6-homo-3 / RMSF,RMSF,Residue,166,0.4155252,nm,nm
line,overlay,sdu6-homo-3,sdu6-homo-3,rmsf,3zee17zb,3zee17zb::RMSF,sdu6-homo-3 / RMSF,RMSF,Residue,167,0.31577083,nm,nm
line,overlay,sdu6-homo-3,sdu6-homo-3,rmsf,3zee17zb,3zee17zb::RMSF,sdu6-homo-3 / RMSF,RMSF,Residue,168,0.21833773,nm,nm
line,overlay,sdu6-homo-3,sdu6-homo-3,rmsf,3zee17zb,3zee17zb::RMSF,sdu6-homo-3 / RMSF,RMSF,Residue,169,0.17813648,nm,nm
line,overlay,sdu6-homo-3,sdu6-homo-3,rmsf,3zee17zb,3zee17zb::RMSF,sdu6-homo-3 / RMSF,RMSF,Residue,170,0.21964923,nm,nm
line,overlay,sdu6-homo-3,sdu6-homo-3,rmsf,3zee17zb,3zee17zb::RMSF,sdu6-homo-3 / RMSF,RMSF,Residue,171,0.15342267,nm,nm
line,overlay,sdu6-homo-3,sdu6-homo-3,rmsf,3zee17zb,3zee17zb::RMSF,sdu6-homo-3 / RMSF,RMSF,Residue,172,0.13032262,nm,nm
line,overlay,sdu6-homo-3,sdu6-homo-3,rmsf,3zee17zb,3zee17zb::RMSF,sdu6-homo-3 / RMSF,RMSF,Residue,173,0.10796203,nm,nm
line,overlay,sdu6-homo-3,sdu6-homo-3,rmsf,3zee17zb,3zee17zb::RMSF,sdu6-homo-3 / RMSF,RMSF,Residue,174,0.1278974,nm,nm
line,overlay,sdu6-homo-3,sdu6-homo-3,rmsf,3zee17zb,3zee17zb::RMSF,sdu6-homo-3 / RMSF,RMSF,Residue,175,0.14528637,nm,nm
line,overlay,sdu6-homo-3,sdu6-homo-3,rmsf,3zee17zb,3zee17zb::RMSF,sdu6-homo-3 / RMSF,RMSF,Residue,176,0.14312698,nm,nm
line,overlay,sdu6-homo-3,sdu6-homo-3,rmsf,3zee17zb,3zee17zb::RMSF,sdu6-homo-3 / RMSF,RMSF,Residue,177,0.118953876,nm,nm
line,overlay,sdu6-homo-3,sdu6-homo-3,rmsf,3zee17zb,3zee17zb::RMSF,sdu6-homo-3 / RMSF,RMSF,Residue,178,0.09011283,nm,nm
line,overlay,sdu6-homo-3,sdu6-homo-3,rmsf,3zee17zb,3zee17zb::RMSF,sdu6-homo-3 / RMSF,RMSF,Residue,179,0.06922812,nm,nm
line,overlay,sdu6-homo-3,sdu6-homo-3,rmsf,3zee17zb,3zee17zb::RMSF,sdu6-homo-3 / RMSF,RMSF,Residue,180,0.082296684,nm,nm
line,overlay,sdu6-homo-3,sdu6-homo-3,rmsf,3zee17zb,3zee17zb::RMSF,sdu6-homo-3 / RMSF,RMSF,Residue,181,0.10319097,nm,nm
line,overlay,sdu6-homo-3,sdu6-homo-3,rmsf,3zee17zb,3zee17zb::RMSF,sdu6-homo-3 / RMSF,RMSF,Residue,182,0.11875845,nm,nm
line,overlay,sdu6-homo-3,sdu6-homo-3,rmsf,3zee17zb,3zee17zb::RMSF,sdu6-homo-3 / RMSF,RMSF,Residue,183,0.09664193,nm,nm
line,overlay,sdu6-homo-3,sdu6-homo-3,rmsf,3zee17zb,3zee17zb::RMSF,sdu6-homo-3 / RMSF,RMSF,Residue,184,0.07336308,nm,nm
line,overlay,sdu6-homo-3,sdu6-homo-3,rmsf,3zee17zb,3zee17zb::RMSF,sdu6-homo-3 / RMSF,RMSF,Residue,185,0.09086373,nm,nm
line,overlay,sdu6-homo-3,sdu6-homo-3,rmsf,3zee17zb,3zee17zb::RMSF,sdu6-homo-3 / RMSF,RMSF,Residue,186,0.096801646,nm,nm
line,overlay,sdu6-homo-3,sdu6-homo-3,rmsf,3zee17zb,3zee17zb::RMSF,sdu6-homo-3 / RMSF,RMSF,Residue,187,0.12078781,nm,nm
line,overlay,sdu6-homo-3,sdu6-homo-3,rmsf,3zee17zb,3zee17zb::RMSF,sdu6-homo-3 / RMSF,RMSF,Residue,188,0.1900893,nm,nm
line,overlay,sdu6-homo-3,sdu6-homo-3,rmsf,3zee17zb,3zee17zb::RMSF,sdu6-homo-3 / RMSF,RMSF,Residue,189,0.18129833,nm,nm
line,overlay,sdu6-homo-3,sdu6-homo-3,rmsf,3zee17zb,3zee17zb::RMSF,sdu6-homo-3 / RMSF,RMSF,Residue,190,0.16032328,nm,nm
line,overlay,sdu6-homo-3,sdu6-homo-3,rmsf,3zee17zb,3zee17zb::RMSF,sdu6-homo-3 / RMSF,RMSF,Residue,191,0.23464061,nm,nm
line,overlay,sdu6-homo-3,sdu6-homo-3,rmsf,3zee17zb,3zee17zb::RMSF,sdu6-homo-3 / RMSF,RMSF,Residue,192,0.3469902,nm,nm
line,overlay,sdu6-homo-3,sdu6-homo-3,rmsf,3zee17zb,3zee17zb::RMSF,sdu6-homo-3 / RMSF,RMSF,Residue,193,0.3141019,nm,nm
line,overlay,sdu6-homo-3,sdu6-homo-3,rmsf,3zee17zb,3zee17zb::RMSF,sdu6-homo-3 / RMSF,RMSF,Residue,194,0.3617441,nm,nm
line,overlay,sdu6-homo-3,sdu6-homo-3,rmsf,3zee17zb,3zee17zb::RMSF,sdu6-homo-3 / RMSF,RMSF,Residue,195,0.3171156,nm,nm
line,overlay,sdu6-homo-3,sdu6-homo-3,rmsf,3zee17zb,3zee17zb::RMSF,sdu6-homo-3 / RMSF,RMSF,Residue,196,0.30578583,nm,nm
line,overlay,sdu6-homo-3,sdu6-homo-3,rmsf,3zee17zb,3zee17zb::RMSF,sdu6-homo-3 / RMSF,RMSF,Residue,197,0.28198737,nm,nm
line,overlay,sdu6-homo-3,sdu6-homo-3,rmsf,3zee17zb,3zee17zb::RMSF,sdu6-homo-3 / RMSF,RMSF,Residue,198,0.23405126,nm,nm
line,overlay,sdu6-homo-3,sdu6-homo-3,rmsf,3zee17zb,3zee17zb::RMSF,sdu6-homo-3 / RMSF,RMSF,Residue,199,0.21670647,nm,nm
line,overlay,sdu6-homo-3,sdu6-homo-3,rmsf,3zee17zb,3zee17zb::RMSF,sdu6-homo-3 / RMSF,RMSF,Residue,200,0.22865257,nm,nm
line,overlay,sdu6-homo-3,sdu6-homo-3,rmsf,3zee17zb,3zee17zb::RMSF,sdu6-homo-3 / RMSF,RMSF,Residue,201,0.21820858,nm,nm
line,overlay,sdu6-homo-3,sdu6-homo-3,rmsf,3zee17zb,3zee17zb::RMSF,sdu6-homo-3 / RMSF,RMSF,Residue,202,0.1703489,nm,nm
line,overlay,sdu6-homo-3,sdu6-homo-3,rmsf,3zee17zb,3zee17zb::RMSF,sdu6-homo-3 / RMSF,RMSF,Residue,203,0.14835611,nm,nm
line,overlay,sdu6-homo-3,sdu6-homo-3,rmsf,3zee17zb,3zee17zb::RMSF,sdu6-homo-3 / RMSF,RMSF,Residue,204,0.14735967,nm,nm
line,overlay,sdu6-homo-3,sdu6-homo-3,rmsf,3zee17zb,3zee17zb::RMSF,sdu6-homo-3 / RMSF,RMSF,Residue,205,0.14011535,nm,nm
line,overlay,sdu6-homo-3,sdu6-homo-3,rmsf,3zee17zb,3zee17zb::RMSF,sdu6-homo-3 / RMSF,RMSF,Residue,206,0.13069592,nm,nm
line,overlay,sdu6-homo-3,sdu6-homo-3,rmsf,3zee17zb,3zee17zb::RMSF,sdu6-homo-3 / RMSF,RMSF,Residue,207,0.11225218,nm,nm
line,overlay,sdu6-homo-3,sdu6-homo-3,rmsf,3zee17zb,3zee17zb::RMSF,sdu6-homo-3 / RMSF,RMSF,Residue,208,0.10861475,nm,nm
line,overlay,sdu6-homo-3,sdu6-homo-3,rmsf,3zee17zb,3zee17zb::RMSF,sdu6-homo-3 / RMSF,RMSF,Residue,209,0.12107262,nm,nm
line,overlay,sdu6-homo-3,sdu6-homo-3,rmsf,3zee17zb,3zee17zb::RMSF,sdu6-homo-3 / RMSF,RMSF,Residue,210,0.12310317,nm,nm
line,overlay,sdu6-homo-3,sdu6-homo-3,rmsf,3zee17zb,3zee17zb::RMSF,sdu6-homo-3 / RMSF,RMSF,Residue,211,0.10903363,nm,nm
line,overlay,sdu6-homo-3,sdu6-homo-3,rmsf,3zee17zb,3zee17zb::RMSF,sdu6-homo-3 / RMSF,RMSF,Residue,212,0.07648763,nm,nm
line,overlay,sdu6-homo-3,sdu6-homo-3,rmsf,3zee17zb,3zee17zb::RMSF,sdu6-homo-3 / RMSF,RMSF,Residue,213,0.073418766,nm,nm
line,overlay,sdu6-homo-3,sdu6-homo-3,rmsf,3zee17zb,3zee17zb::RMSF,sdu6-homo-3 / RMSF,RMSF,Residue,214,0.06080599,nm,nm
line,overlay,sdu6-homo-3,sdu6-homo-3,rmsf,3zee17zb,3zee17zb::RMSF,sdu6-homo-3 / RMSF,RMSF,Residue,215,0.05277664,nm,nm
line,overlay,sdu6-homo-3,sdu6-homo-3,rmsf,3zee17zb,3zee17zb::RMSF,sdu6-homo-3 / RMSF,RMSF,Residue,216,0.049707722,nm,nm
line,overlay,sdu6-homo-3,sdu6-homo-3,rmsf,3zee17zb,3zee17zb::RMSF,sdu6-homo-3 / RMSF,RMSF,Residue,217,0.051917225,nm,nm
line,overlay,sdu6-homo-3,sdu6-homo-3,rmsf,3zee17zb,3zee17zb::RMSF,sdu6-homo-3 / RMSF,RMSF,Residue,218,0.0757219,nm,nm
line,overlay,sdu6-homo-3,sdu6-homo-3,rmsf,3zee17zb,3zee17zb::RMSF,sdu6-homo-3 / RMSF,RMSF,Residue,219,0.06346317,nm,nm
line,overlay,sdu6-homo-3,sdu6-homo-3,rmsf,3zee17zb,3zee17zb::RMSF,sdu6-homo-3 / RMSF,RMSF,Residue,220,0.05235106,nm,nm
line,overlay,sdu6-homo-3,sdu6-homo-3,rmsf,3zee17zb,3zee17zb::RMSF,sdu6-homo-3 / RMSF,RMSF,Residue,221,0.060301214,nm,nm
line,overlay,sdu6-homo-3,sdu6-homo-3,rmsf,3zee17zb,3zee17zb::RMSF,sdu6-homo-3 / RMSF,RMSF,Residue,222,0.059028562,nm,nm
line,overlay,sdu6-homo-3,sdu6-homo-3,rmsf,3zee17zb,3zee17zb::RMSF,sdu6-homo-3 / RMSF,RMSF,Residue,223,0.055929244,nm,nm
line,overlay,sdu6-homo-3,sdu6-homo-3,rmsf,3zee17zb,3zee17zb::RMSF,sdu6-homo-3 / RMSF,RMSF,Residue,224,0.06529857,nm,nm
line,overlay,sdu6-homo-3,sdu6-homo-3,rmsf,3zee17zb,3zee17zb::RMSF,sdu6-homo-3 / RMSF,RMSF,Residue,225,0.06872108,nm,nm
line,overlay,sdu6-homo-3,sdu6-homo-3,rmsf,3zee17zb,3zee17zb::RMSF,sdu6-homo-3 / RMSF,RMSF,Residue,226,0.084877394,nm,nm
line,overlay,sdu6-homo-3,sdu6-homo-3,rmsf,3zee17zb,3zee17zb::RMSF,sdu6-homo-3 / RMSF,RMSF,Residue,227,0.07803328,nm,nm
line,overlay,sdu6-homo-3,sdu6-homo-3,rmsf,3zee17zb,3zee17zb::RMSF,sdu6-homo-3 / RMSF,RMSF,Residue,228,0.06682351,nm,nm
line,overlay,sdu6-homo-3,sdu6-homo-3,rmsf,3zee17zb,3zee17zb::RMSF,sdu6-homo-3 / RMSF,RMSF,Residue,229,0.07089211,nm,nm
line,overlay,sdu6-homo-3,sdu6-homo-3,rmsf,3zee17zb,3zee17zb::RMSF,sdu6-homo-3 / RMSF,RMSF,Residue,230,0.071708106,nm,nm
line,overlay,sdu6-homo-3,sdu6-homo-3,rmsf,3zee17zb,3zee17zb::RMSF,sdu6-homo-3 / RMSF,RMSF,Residue,231,0.069849126,nm,nm
line,overlay,sdu6-homo-3,sdu6-homo-3,rmsf,3zee17zb,3zee17zb::RMSF,sdu6-homo-3 / RMSF,RMSF,Residue,232,0.06866904,nm,nm
line,overlay,sdu6-homo-3,sdu6-homo-3,rmsf,3zee17zb,3zee17zb::RMSF,sdu6-homo-3 / RMSF,RMSF,Residue,233,0.08384293,nm,nm
line,overlay,sdu6-homo-3,sdu6-homo-3,rmsf,3zee17zb,3zee17zb::RMSF,sdu6-homo-3 / RMSF,RMSF,Residue,234,0.086500704,nm,nm
line,overlay,sdu6-homo-3,sdu6-homo-3,rmsf,3zee17zb,3zee17zb::RMSF,sdu6-homo-3 / RMSF,RMSF,Residue,235,0.07165605,nm,nm
line,overlay,sdu6-homo-3,sdu6-homo-3,rmsf,3zee17zb,3zee17zb::RMSF,sdu6-homo-3 / RMSF,RMSF,Residue,236,0.064455725,nm,nm
line,overlay,sdu6-homo-3,sdu6-homo-3,rmsf,3zee17zb,3zee17zb::RMSF,sdu6-homo-3 / RMSF,RMSF,Residue,237,0.05651674,nm,nm
line,overlay,sdu6-homo-3,sdu6-homo-3,rmsf,3zee17zb,3zee17zb::RMSF,sdu6-homo-3 / RMSF,RMSF,Residue,238,0.04901391,nm,nm
line,overlay,sdu6-homo-3,sdu6-homo-3,rmsf,3zee17zb,3zee17zb::RMSF,sdu6-homo-3 / RMSF,RMSF,Residue,239,0.04600898,nm,nm
line,overlay,sdu6-homo-3,sdu6-homo-3,rmsf,3zee17zb,3zee17zb::RMSF,sdu6-homo-3 / RMSF,RMSF,Residue,240,0.05308694,nm,nm
line,overlay,sdu6-homo-3,sdu6-homo-3,rmsf,3zee17zb,3zee17zb::RMSF,sdu6-homo-3 / RMSF,RMSF,Residue,241,0.07718018,nm,nm
line,overlay,sdu6-homo-3,sdu6-homo-3,rmsf,3zee17zb,3zee17zb::RMSF,sdu6-homo-3 / RMSF,RMSF,Residue,242,0.058028568,nm,nm
line,overlay,sdu6-homo-3,sdu6-homo-3,rmsf,3zee17zb,3zee17zb::RMSF,sdu6-homo-3 / RMSF,RMSF,Residue,243,0.057713386,nm,nm
line,overlay,sdu6-homo-3,sdu6-homo-3,rmsf,3zee17zb,3zee17zb::RMSF,sdu6-homo-3 / RMSF,RMSF,Residue,244,0.0818882,nm,nm
line,overlay,sdu6-homo-3,sdu6-homo-3,rmsf,3zee17zb,3zee17zb::RMSF,sdu6-homo-3 / RMSF,RMSF,Residue,245,0.07697345,nm,nm
line,overlay,sdu6-homo-3,sdu6-homo-3,rmsf,3zee17zb,3zee17zb::RMSF,sdu6-homo-3 / RMSF,RMSF,Residue,246,0.10126453,nm,nm
line,overlay,sdu6-homo-3,sdu6-homo-3,rmsf,3zee17zb,3zee17zb::RMSF,sdu6-homo-3 / RMSF,RMSF,Residue,247,0.11913616,nm,nm
line,overlay,sdu6-homo-3,sdu6-homo-3,rmsf,3zee17zb,3zee17zb::RMSF,sdu6-homo-3 / RMSF,RMSF,Residue,248,0.12236056,nm,nm
line,overlay,sdu6-homo-3,sdu6-homo-3,rmsf,3zee17zb,3zee17zb::RMSF,sdu6-homo-3 / RMSF,RMSF,Residue,249,0.13431342,nm,nm
line,overlay,sdu6-homo-3,sdu6-homo-3,rmsf,3zee17zb,3zee17zb::RMSF,sdu6-homo-3 / RMSF,RMSF,Residue,250,0.15690264,nm,nm
line,overlay,sdu6-homo-3,sdu6-homo-3,rmsf,3zee17zb,3zee17zb::RMSF,sdu6-homo-3 / RMSF,RMSF,Residue,251,0.11707584,nm,nm
line,overlay,sdu6-homo-3,sdu6-homo-3,rmsf,3zee17zb,3zee17zb::RMSF,sdu6-homo-3 / RMSF,RMSF,Residue,252,0.10071356,nm,nm
line,overlay,sdu6-homo-3,sdu6-homo-3,rmsf,3zee17zb,3zee17zb::RMSF,sdu6-homo-3 / RMSF,RMSF,Residue,253,0.10850441,nm,nm
line,overlay,sdu6-homo-3,sdu6-homo-3,rmsf,3zee17zb,3zee17zb::RMSF,sdu6-homo-3 / RMSF,RMSF,Residue,254,0.07953128,nm,nm
line,overlay,sdu6-homo-3,sdu6-homo-3,rmsf,3zee17zb,3zee17zb::RMSF,sdu6-homo-3 / RMSF,RMSF,Residue,255,0.07550359,nm,nm
line,overlay,sdu6-homo-3,sdu6-homo-3,rmsf,3zee17zb,3zee17zb::RMSF,sdu6-homo-3 / RMSF,RMSF,Residue,256,0.08320865,nm,nm
line,overlay,sdu6-homo-3,sdu6-homo-3,rmsf,3zee17zb,3zee17zb::RMSF,sdu6-homo-3 / RMSF,RMSF,Residue,257,0.06753853,nm,nm
line,overlay,sdu6-homo-3,sdu6-homo-3,rmsf,3zee17zb,3zee17zb::RMSF,sdu6-homo-3 / RMSF,RMSF,Residue,258,0.08786747,nm,nm
line,overlay,sdu6-homo-3,sdu6-homo-3,rmsf,3zee17zb,3zee17zb::RMSF,sdu6-homo-3 / RMSF,RMSF,Residue,259,0.081057385,nm,nm
line,overlay,sdu6-homo-3,sdu6-homo-3,rmsf,3zee17zb,3zee17zb::RMSF,sdu6-homo-3 / RMSF,RMSF,Residue,260,0.08153583,nm,nm
line,overlay,sdu6-homo-3,sdu6-homo-3,rmsf,3zee17zb,3zee17zb::RMSF,sdu6-homo-3 / RMSF,RMSF,Residue,261,0.07549256,nm,nm
line,overlay,sdu6-homo-3,sdu6-homo-3,rmsf,3zee17zb,3zee17zb::RMSF,sdu6-homo-3 / RMSF,RMSF,Residue,262,0.06154267,nm,nm
line,overlay,sdu6-homo-3,sdu6-homo-3,rmsf,3zee17zb,3zee17zb::RMSF,sdu6-homo-3 / RMSF,RMSF,Residue,263,0.07439277,nm,nm
line,overlay,sdu6-homo-3,sdu6-homo-3,rmsf,3zee17zb,3zee17zb::RMSF,sdu6-homo-3 / RMSF,RMSF,Residue,264,0.071755126,nm,nm
line,overlay,sdu6-homo-3,sdu6-homo-3,rmsf,3zee17zb,3zee17zb::RMSF,sdu6-homo-3 / RMSF,RMSF,Residue,265,0.07275589,nm,nm
line,overlay,sdu6-homo-3,sdu6-homo-3,rmsf,3zee17zb,3zee17zb::RMSF,sdu6-homo-3 / RMSF,RMSF,Residue,266,0.08250446,nm,nm
line,overlay,sdu6-homo-3,sdu6-homo-3,rmsf,3zee17zb,3zee17zb::RMSF,sdu6-homo-3 / RMSF,RMSF,Residue,267,0.06817676,nm,nm
line,overlay,sdu6-homo-3,sdu6-homo-3,rmsf,3zee17zb,3zee17zb::RMSF,sdu6-homo-3 / RMSF,RMSF,Residue,268,0.060837366,nm,nm
line,overlay,sdu6-homo-3,sdu6-homo-3,rmsf,3zee17zb,3zee17zb::RMSF,sdu6-homo-3 / RMSF,RMSF,Residue,269,0.08052787,nm,nm
line,overlay,sdu6-homo-3,sdu6-homo-3,rmsf,3zee17zb,3zee17zb::RMSF,sdu6-homo-3 / RMSF,RMSF,Residue,270,0.09319669,nm,nm
line,overlay,sdu6-homo-3,sdu6-homo-3,rmsf,3zee17zb,3zee17zb::RMSF,sdu6-homo-3 / RMSF,RMSF,Residue,271,0.07700379,nm,nm
line,overlay,sdu6-homo-3,sdu6-homo-3,rmsf,3zee17zb,3zee17zb::RMSF,sdu6-homo-3 / RMSF,RMSF,Residue,272,0.0846902,nm,nm
line,overlay,sdu6-homo-3,sdu6-homo-3,rmsf,3zee17zb,3zee17zb::RMSF,sdu6-homo-3 / RMSF,RMSF,Residue,273,0.07913355,nm,nm
line,overlay,sdu6-homo-3,sdu6-homo-3,rmsf,3zee17zb,3zee17zb::RMSF,sdu6-homo-3 / RMSF,RMSF,Residue,274,0.07199583,nm,nm
line,overlay,sdu6-homo-3,sdu6-homo-3,rmsf,3zee17zb,3zee17zb::RMSF,sdu6-homo-3 / RMSF,RMSF,Residue,275,0.065482914,nm,nm
line,overlay,sdu6-homo-3,sdu6-homo-3,rmsf,3zee17zb,3zee17zb::RMSF,sdu6-homo-3 / RMSF,RMSF,Residue,276,0.04659088,nm,nm
line,overlay,sdu6-homo-3,sdu6-homo-3,rmsf,3zee17zb,3zee17zb::RMSF,sdu6-homo-3 / RMSF,RMSF,Residue,277,0.0448312,nm,nm
line,overlay,sdu6-homo-3,sdu6-homo-3,rmsf,3zee17zb,3zee17zb::RMSF,sdu6-homo-3 / RMSF,RMSF,Residue,278,0.04001057,nm,nm
line,overlay,sdu6-homo-3,sdu6-homo-3,rmsf,3zee17zb,3zee17zb::RMSF,sdu6-homo-3 / RMSF,RMSF,Residue,279,0.039977316,nm,nm
line,overlay,sdu6-homo-3,sdu6-homo-3,rmsf,3zee17zb,3zee17zb::RMSF,sdu6-homo-3 / RMSF,RMSF,Residue,280,0.045028843,nm,nm
line,overlay,sdu6-homo-3,sdu6-homo-3,rmsf,3zee17zb,3zee17zb::RMSF,sdu6-homo-3 / RMSF,RMSF,Residue,281,0.050028905,nm,nm
line,overlay,sdu6-homo-3,sdu6-homo-3,rmsf,3zee17zb,3zee17zb::RMSF,sdu6-homo-3 / RMSF,RMSF,Residue,282,0.061284095,nm,nm
line,overlay,sdu6-homo-3,sdu6-homo-3,rmsf,3zee17zb,3zee17zb::RMSF,sdu6-homo-3 / RMSF,RMSF,Residue,283,0.08001428,nm,nm
line,overlay,sdu6-homo-3,sdu6-homo-3,rmsf,3zee17zb,3zee17zb::RMSF,sdu6-homo-3 / RMSF,RMSF,Residue,284,0.09123939,nm,nm
line,overlay,sdu6-homo-3,sdu6-homo-3,rmsf,3zee17zb,3zee17zb::RMSF,sdu6-homo-3 / RMSF,RMSF,Residue,285,0.07605135,nm,nm
line,overlay,sdu6-homo-3,sdu6-homo-3,rmsf,3zee17zb,3zee17zb::RMSF,sdu6-homo-3 / RMSF,RMSF,Residue,286,0.08037482,nm,nm
line,overlay,sdu6-homo-3,sdu6-homo-3,rmsf,3zee17zb,3zee17zb::RMSF,sdu6-homo-3 / RMSF,RMSF,Residue,287,0.07961098,nm,nm
line,overlay,sdu6-homo-3,sdu6-homo-3,rmsf,3zee17zb,3zee17zb::RMSF,sdu6-homo-3 / RMSF,RMSF,Residue,288,0.0939018,nm,nm
line,overlay,sdu6-homo-3,sdu6-homo-3,rmsf,3zee17zb,3zee17zb::RMSF,sdu6-homo-3 / RMSF,RMSF,Residue,289,0.095211774,nm,nm
line,overlay,sdu6-homo-3,sdu6-homo-3,rmsf,3zee17zb,3zee17zb::RMSF,sdu6-homo-3 / RMSF,RMSF,Residue,290,0.09299275,nm,nm
line,overlay,sdu6-homo-3,sdu6-homo-3,rmsf,3zee17zb,3zee17zb::RMSF,sdu6-homo-3 / RMSF,RMSF,Residue,291,0.07695672,nm,nm
line,overlay,sdu6-homo-3,sdu6-homo-3,rmsf,3zee17zb,3zee17zb::RMSF,sdu6-homo-3 / RMSF,RMSF,Residue,292,0.07459447,nm,nm
line,overlay,sdu6-homo-3,sdu6-homo-3,rmsf,3zee17zb,3zee17zb::RMSF,sdu6-homo-3 / RMSF,RMSF,Residue,293,0.08507481,nm,nm
line,overlay,sdu6-homo-3,sdu6-homo-3,rmsf,3zee17zb,3zee17zb::RMSF,sdu6-homo-3 / RMSF,RMSF,Residue,294,0.07529278,nm,nm
line,overlay,sdu6-homo-3,sdu6-homo-3,rmsf,3zee17zb,3zee17zb::RMSF,sdu6-homo-3 / RMSF,RMSF,Residue,295,0.069201134,nm,nm
line,overlay,sdu6-homo-3,sdu6-homo-3,rmsf,3zee17zb,3zee17zb::RMSF,sdu6-homo-3 / RMSF,RMSF,Residue,296,0.07809357,nm,nm
line,overlay,sdu6-homo-3,sdu6-homo-3,rmsf,3zee17zb,3zee17zb::RMSF,sdu6-homo-3 / RMSF,RMSF,Residue,297,0.07951935,nm,nm
line,overlay,sdu6-homo-3,sdu6-homo-3,rmsf,3zee17zb,3zee17zb::RMSF,sdu6-homo-3 / RMSF,RMSF,Residue,298,0.074319854,nm,nm
line,overlay,sdu6-homo-3,sdu6-homo-3,rmsf,3zee17zb,3zee17zb::RMSF,sdu6-homo-3 / RMSF,RMSF,Residue,299,0.071449205,nm,nm
line,overlay,sdu6-homo-3,sdu6-homo-3,rmsf,3zee17zb,3zee17zb::RMSF,sdu6-homo-3 / RMSF,RMSF,Residue,300,0.08199174,nm,nm
line,overlay,sdu6-homo-3,sdu6-homo-3,rmsf,3zee17zb,3zee17zb::RMSF,sdu6-homo-3 / RMSF,RMSF,Residue,301,0.08213325,nm,nm
line,overlay,sdu6-homo-3,sdu6-homo-3,rmsf,3zee17zb,3zee17zb::RMSF,sdu6-homo-3 / RMSF,RMSF,Residue,302,0.077685826,nm,nm
line,overlay,sdu6-homo-3,sdu6-homo-3,rmsf,3zee17zb,3zee17zb::RMSF,sdu6-homo-3 / RMSF,RMSF,Residue,303,0.07848176,nm,nm
line,overlay,sdu6-homo-3,sdu6-homo-3,rmsf,3zee17zb,3zee17zb::RMSF,sdu6-homo-3 / RMSF,RMSF,Residue,304,0.060527682,nm,nm
line,overlay,sdu6-homo-3,sdu6-homo-3,rmsf,3zee17zb,3zee17zb::RMSF,sdu6-homo-3 / RMSF,RMSF,Residue,305,0.052881077,nm,nm
line,overlay,sdu6-homo-3,sdu6-homo-3,rmsf,3zee17zb,3zee17zb::RMSF,sdu6-homo-3 / RMSF,RMSF,Residue,306,0.04569807,nm,nm
line,overlay,sdu6-homo-3,sdu6-homo-3,rmsf,3zee17zb,3zee17zb::RMSF,sdu6-homo-3 / RMSF,RMSF,Residue,307,0.0396327,nm,nm
line,overlay,sdu6-homo-3,sdu6-homo-3,rmsf,3zee17zb,3zee17zb::RMSF,sdu6-homo-3 / RMSF,RMSF,Residue,308,0.041220807,nm,nm
line,overlay,sdu6-homo-3,sdu6-homo-3,rmsf,3zee17zb,3zee17zb::RMSF,sdu6-homo-3 / RMSF,RMSF,Residue,309,0.046460308,nm,nm
line,overlay,sdu6-homo-3,sdu6-homo-3,rmsf,3zee17zb,3zee17zb::RMSF,sdu6-homo-3 / RMSF,RMSF,Residue,310,0.06599791,nm,nm
line,overlay,sdu6-homo-3,sdu6-homo-3,rmsf,3zee17zb,3zee17zb::RMSF,sdu6-homo-3 / RMSF,RMSF,Residue,311,0.083832465,nm,nm
line,overlay,sdu6-homo-3,sdu6-homo-3,rmsf,3zee17zb,3zee17zb::RMSF,sdu6-homo-3 / RMSF,RMSF,Residue,312,0.09005148,nm,nm
line,overlay,sdu6-homo-3,sdu6-homo-3,rmsf,3zee17zb,3zee17zb::RMSF,sdu6-homo-3 / RMSF,RMSF,Residue,313,0.11308396,nm,nm
line,overlay,sdu6-homo-3,sdu6-homo-3,rmsf,3zee17zb,3zee17zb::RMSF,sdu6-homo-3 / RMSF,RMSF,Residue,314,0.15416722,nm,nm
line,overlay,sdu6-homo-3,sdu6-homo-3,rmsf,3zee17zb,3zee17zb::RMSF,sdu6-homo-3 / RMSF,RMSF,Residue,315,0.17203838,nm,nm
line,overlay,sdu6-homo-3,sdu6-homo-3,rmsf,3zee17zb,3zee17zb::RMSF,sdu6-homo-3 / RMSF,RMSF,Residue,316,0.17790897,nm,nm
line,overlay,sdu6-homo-3,sdu6-homo-3,rmsf,3zee17zb,3zee17zb::RMSF,sdu6-homo-3 / RMSF,RMSF,Residue,317,0.2098346,nm,nm
line,overlay,sdu6-homo-3,sdu6-homo-3,rmsf,3zee17zb,3zee17zb::RMSF,sdu6-homo-3 / RMSF,RMSF,Residue,318,0.24241354,nm,nm
line,overlay,sdu6-homo-3,sdu6-homo-3,rmsf,3zee17zb,3zee17zb::RMSF,sdu6-homo-3 / RMSF,RMSF,Residue,319,0.275376,nm,nm
line,overlay,sdu6-homo-3,sdu6-homo-3,rmsf,3zee17zb,3zee17zb::RMSF,sdu6-homo-3 / RMSF,RMSF,Residue,320,0.24004719,nm,nm
line,overlay,sdu6-homo-3,sdu6-homo-3,rmsf,3zee17zb,3zee17zb::RMSF,sdu6-homo-3 / RMSF,RMSF,Residue,321,0.22422966,nm,nm
line,overlay,sdu6-homo-3,sdu6-homo-3,rmsf,3zee17zb,3zee17zb::RMSF,sdu6-homo-3 / RMSF,RMSF,Residue,322,0.23583978,nm,nm
line,overlay,sdu6-homo-3,sdu6-homo-3,rmsf,3zee17zb,3zee17zb::RMSF,sdu6-homo-3 / RMSF,RMSF,Residue,323,0.21658607,nm,nm
line,overlay,sdu6-homo-3,sdu6-homo-3,rmsf,3zee17zb,3zee17zb::RMSF,sdu6-homo-3 / RMSF,RMSF,Residue,324,0.2086878,nm,nm
line,overlay,sdu6-homo-3,sdu6-homo-3,rmsf,3zee17zb,3zee17zb::RMSF,sdu6-homo-3 / RMSF,RMSF,Residue,325,0.21728295,nm,nm
line,overlay,sdu6-homo-3,sdu6-homo-3,rmsf,3zee17zb,3zee17zb::RMSF,sdu6-homo-3 / RMSF,RMSF,Residue,326,0.20109254,nm,nm
line,overlay,sdu6-homo-3,sdu6-homo-3,rmsf,3zee17zb,3zee17zb::RMSF,sdu6-homo-3 / RMSF,RMSF,Residue,327,0.19438815,nm,nm
line,overlay,sdu6-homo-3,sdu6-homo-3,rmsf,3zee17zb,3zee17zb::RMSF,sdu6-homo-3 / RMSF,RMSF,Residue,328,0.17063938,nm,nm
line,overlay,sdu6-homo-3,sdu6-homo-3,rmsf,3zee17zb,3zee17zb::RMSF,sdu6-homo-3 / RMSF,RMSF,Residue,329,0.19182104,nm,nm
line,overlay,sdu6-homo-3,sdu6-homo-3,rmsf,3zee17zb,3zee17zb::RMSF,sdu6-homo-3 / RMSF,RMSF,Residue,330,0.22510605,nm,nm
line,overlay,sdu6-homo-3,sdu6-homo-3,rmsf,3zee17zb,3zee17zb::RMSF,sdu6-homo-3 / RMSF,RMSF,Residue,331,0.18548456,nm,nm
line,overlay,sdu6-homo-3,sdu6-homo-3,rmsf,3zee17zb,3zee17zb::RMSF,sdu6-homo-3 / RMSF,RMSF,Residue,332,0.18304639,nm,nm
line,overlay,sdu6-homo-3,sdu6-homo-3,rmsf,3zee17zb,3zee17zb::RMSF,sdu6-homo-3 / RMSF,RMSF,Residue,333,0.15741147,nm,nm
line,overlay,sdu6-homo-3,sdu6-homo-3,rmsf,3zee17zb,3zee17zb::RMSF,sdu6-homo-3 / RMSF,RMSF,Residue,334,0.120291226,nm,nm
line,overlay,sdu6-homo-3,sdu6-homo-3,rmsf,3zee17zb,3zee17zb::RMSF,sdu6-homo-3 / RMSF,RMSF,Residue,335,0.062961675,nm,nm
line,overlay,sdu6-homo-3,sdu6-homo-3,rmsf,3zee17zb,3zee17zb::RMSF,sdu6-homo-3 / RMSF,RMSF,Residue,336,0.04879865,nm,nm
line,overlay,sdu6-homo-3,sdu6-homo-3,rmsf,3zee17zb,3zee17zb::RMSF,sdu6-homo-3 / RMSF,RMSF,Residue,337,0.046406146,nm,nm
line,overlay,sdu6-homo-3,sdu6-homo-3,rmsf,3zee17zb,3zee17zb::RMSF,sdu6-homo-3 / RMSF,RMSF,Residue,338,0.04863662,nm,nm
line,overlay,sdu6-homo-3,sdu6-homo-3,rmsf,3zee17zb,3zee17zb::RMSF,sdu6-homo-3 / RMSF,RMSF,Residue,339,0.0528234,nm,nm
line,overlay,sdu6-homo-3,sdu6-homo-3,rmsf,3zee17zb,3zee17zb::RMSF,sdu6-homo-3 / RMSF,RMSF,Residue,340,0.050736636,nm,nm
line,overlay,sdu6-homo-3,sdu6-homo-3,rmsf,3zee17zb,3zee17zb::RMSF,sdu6-homo-3 / RMSF,RMSF,Residue,341,0.059076425,nm,nm
line,overlay,sdu6-homo-3,sdu6-homo-3,rmsf,3zee17zb,3zee17zb::RMSF,sdu6-homo-3 / RMSF,RMSF,Residue,342,0.062121373,nm,nm
line,overlay,sdu6-homo-3,sdu6-homo-3,rmsf,3zee17zb,3zee17zb::RMSF,sdu6-homo-3 / RMSF,RMSF,Residue,343,0.055986546,nm,nm
line,overlay,sdu6-homo-3,sdu6-homo-3,rmsf,3zee17zb,3zee17zb::RMSF,sdu6-homo-3 / RMSF,RMSF,Residue,344,0.07698221,nm,nm
line,overlay,sdu6-homo-3,sdu6-homo-3,rmsf,3zee17zb,3zee17zb::RMSF,sdu6-homo-3 / RMSF,RMSF,Residue,345,0.076027624,nm,nm
line,overlay,sdu6-homo-3,sdu6-homo-3,rmsf,3zee17zb,3zee17zb::RMSF,sdu6-homo-3 / RMSF,RMSF,Residue,346,0.05591461,nm,nm
line,overlay,sdu6-homo-3,sdu6-homo-3,rmsf,3zee17zb,3zee17zb::RMSF,sdu6-homo-3 / RMSF,RMSF,Residue,347,0.057458036,nm,nm
line,overlay,sdu6-homo-3,sdu6-homo-3,rmsf,3zee17zb,3zee17zb::RMSF,sdu6-homo-3 / RMSF,RMSF,Residue,348,0.0746829,nm,nm
line,overlay,sdu6-homo-3,sdu6-homo-3,rmsf,3zee17zb,3zee17zb::RMSF,sdu6-homo-3 / RMSF,RMSF,Residue,349,0.0679896,nm,nm
line,overlay,sdu6-homo-3,sdu6-homo-3,rmsf,3zee17zb,3zee17zb::RMSF,sdu6-homo-3 / RMSF,RMSF,Residue,350,0.072485,nm,nm
line,overlay,sdu6-homo-3,sdu6-homo-3,rmsf,3zee17zb,3zee17zb::RMSF,sdu6-homo-3 / RMSF,RMSF,Residue,351,0.059263226,nm,nm
line,overlay,sdu6-homo-3,sdu6-homo-3,rmsf,3zee17zb,3zee17zb::RMSF,sdu6-homo-3 / RMSF,RMSF,Residue,352,0.052599628,nm,nm
line,overlay,sdu6-homo-3,sdu6-homo-3,rmsf,3zee17zb,3zee17zb::RMSF,sdu6-homo-3 / RMSF,RMSF,Residue,353,0.05577118,nm,nm
line,overlay,sdu6-homo-3,sdu6-homo-3,rmsf,3zee17zb,3zee17zb::RMSF,sdu6-homo-3 / RMSF,RMSF,Residue,354,0.047453914,nm,nm
line,overlay,sdu6-homo-3,sdu6-homo-3,rmsf,3zee17zb,3zee17zb::RMSF,sdu6-homo-3 / RMSF,RMSF,Residue,355,0.041821994,nm,nm
line,overlay,sdu6-homo-3,sdu6-homo-3,rmsf,3zee17zb,3zee17zb::RMSF,sdu6-homo-3 / RMSF,RMSF,Residue,356,0.0395891,nm,nm
line,overlay,sdu6-homo-3,sdu6-homo-3,rmsf,3zee17zb,3zee17zb::RMSF,sdu6-homo-3 / RMSF,RMSF,Residue,357,0.043447677,nm,nm
line,overlay,sdu6-homo-3,sdu6-homo-3,rmsf,3zee17zb,3zee17zb::RMSF,sdu6-homo-3 / RMSF,RMSF,Residue,358,0.05210608,nm,nm
line,overlay,sdu6-homo-3,sdu6-homo-3,rmsf,3zee17zb,3zee17zb::RMSF,sdu6-homo-3 / RMSF,RMSF,Residue,359,0.048374258,nm,nm
line,overlay,sdu6-homo-3,sdu6-homo-3,rmsf,3zee17zb,3zee17zb::RMSF,sdu6-homo-3 / RMSF,RMSF,Residue,360,0.050948456,nm,nm
line,overlay,sdu6-homo-3,sdu6-homo-3,rmsf,3zee17zb,3zee17zb::RMSF,sdu6-homo-3 / RMSF,RMSF,Residue,361,0.047098115,nm,nm
line,overlay,sdu6-homo-3,sdu6-homo-3,rmsf,3zee17zb,3zee17zb::RMSF,sdu6-homo-3 / RMSF,RMSF,Residue,362,0.04908373,nm,nm
line,overlay,sdu6-homo-3,sdu6-homo-3,rmsf,3zee17zb,3zee17zb::RMSF,sdu6-homo-3 / RMSF,RMSF,Residue,363,0.053558856,nm,nm
line,overlay,sdu6-homo-3,sdu6-homo-3,rmsf,3zee17zb,3zee17zb::RMSF,sdu6-homo-3 / RMSF,RMSF,Residue,364,0.04834418,nm,nm
line,overlay,sdu6-homo-3,sdu6-homo-3,rmsf,3zee17zb,3zee17zb::RMSF,sdu6-homo-3 / RMSF,RMSF,Residue,365,0.049456403,nm,nm
line,overlay,sdu6-homo-3,sdu6-homo-3,rmsf,3zee17zb,3zee17zb::RMSF,sdu6-homo-3 / RMSF,RMSF,Residue,366,0.046153888,nm,nm
line,overlay,sdu6-homo-3,sdu6-homo-3,rmsf,3zee17zb,3zee17zb::RMSF,sdu6-homo-3 / RMSF,RMSF,Residue,367,0.049881794,nm,nm
line,overlay,sdu6-homo-3,sdu6-homo-3,rmsf,3zee17zb,3zee17zb::RMSF,sdu6-homo-3 / RMSF,RMSF,Residue,368,0.06025085,nm,nm
line,overlay,sdu6-homo-3,sdu6-homo-3,rmsf,3zee17zb,3zee17zb::RMSF,sdu6-homo-3 / RMSF,RMSF,Residue,369,0.06272137,nm,nm
line,overlay,sdu6-homo-3,sdu6-homo-3,rmsf,3zee17zb,3zee17zb::RMSF,sdu6-homo-3 / RMSF,RMSF,Residue,370,0.055697948,nm,nm
line,overlay,sdu6-homo-3,sdu6-homo-3,rmsf,3zee17zb,3zee17zb::RMSF,sdu6-homo-3 / RMSF,RMSF,Residue,371,0.05774858,nm,nm
line,overlay,sdu6-homo-3,sdu6-homo-3,rmsf,3zee17zb,3zee17zb::RMSF,sdu6-homo-3 / RMSF,RMSF,Residue,372,0.05014041,nm,nm
line,overlay,sdu6-homo-3,sdu6-homo-3,rmsf,3zee17zb,3zee17zb::RMSF,sdu6-homo-3 / RMSF,RMSF,Residue,373,0.05466242,nm,nm
line,overlay,sdu6-homo-3,sdu6-homo-3,rmsf,3zee17zb,3zee17zb::RMSF,sdu6-homo-3 / RMSF,RMSF,Residue,374,0.053733055,nm,nm
line,overlay,sdu6-homo-3,sdu6-homo-3,rmsf,3zee17zb,3zee17zb::RMSF,sdu6-homo-3 / RMSF,RMSF,Residue,375,0.04820761,nm,nm
line,overlay,sdu6-homo-3,sdu6-homo-3,rmsf,3zee17zb,3zee17zb::RMSF,sdu6-homo-3 / RMSF,RMSF,Residue,376,0.045421027,nm,nm
line,overlay,sdu6-homo-3,sdu6-homo-3,rmsf,3zee17zb,3zee17zb::RMSF,sdu6-homo-3 / RMSF,RMSF,Residue,377,0.052950725,nm,nm
line,overlay,sdu6-homo-3,sdu6-homo-3,rmsf,3zee17zb,3zee17zb::RMSF,sdu6-homo-3 / RMSF,RMSF,Residue,378,0.06285355,nm,nm
line,overlay,sdu6-homo-3,sdu6-homo-3,rmsf,3zee17zb,3zee17zb::RMSF,sdu6-homo-3 / RMSF,RMSF,Residue,379,0.09225279,nm,nm
line,overlay,sdu6-homo-3,sdu6-homo-3,rmsf,3zee17zb,3zee17zb::RMSF,sdu6-homo-3 / RMSF,RMSF,Residue,380,0.11986316,nm,nm
line,overlay,sdu6-homo-3,sdu6-homo-3,rmsf,3zee17zb,3zee17zb::RMSF,sdu6-homo-3 / RMSF,RMSF,Residue,381,0.13320215,nm,nm
line,overlay,sdu6-homo-3,sdu6-homo-3,rmsf,3zee17zb,3zee17zb::RMSF,sdu6-homo-3 / RMSF,RMSF,Residue,382,0.12295185,nm,nm
line,overlay,sdu6-homo-3,sdu6-homo-3,rmsf,3zee17zb,3zee17zb::RMSF,sdu6-homo-3 / RMSF,RMSF,Residue,383,0.08085965,nm,nm
line,overlay,sdu6-homo-3,sdu6-homo-3,rmsf,3zee17zb,3zee17zb::RMSF,sdu6-homo-3 / RMSF,RMSF,Residue,384,0.07675028,nm,nm
line,overlay,sdu6-homo-3,sdu6-homo-3,rmsf,3zee17zb,3zee17zb::RMSF,sdu6-homo-3 / RMSF,RMSF,Residue,385,0.073262304,nm,nm
line,overlay,sdu6-homo-3,sdu6-homo-3,rmsf,3zee17zb,3zee17zb::RMSF,sdu6-homo-3 / RMSF,RMSF,Residue,386,0.0692197,nm,nm
line,overlay,sdu6-homo-3,sdu6-homo-3,rmsf,3zee17zb,3zee17zb::RMSF,sdu6-homo-3 / RMSF,RMSF,Residue,387,0.05841305,nm,nm
line,overlay,sdu6-homo-3,sdu6-homo-3,rmsf,3zee17zb,3zee17zb::RMSF,sdu6-homo-3 / RMSF,RMSF,Residue,388,0.063154295,nm,nm
line,overlay,sdu6-homo-3,sdu6-homo-3,rmsf,3zee17zb,3zee17zb::RMSF,sdu6-homo-3 / RMSF,RMSF,Residue,389,0.06979489,nm,nm
line,overlay,sdu6-homo-3,sdu6-homo-3,rmsf,3zee17zb,3zee17zb::RMSF,sdu6-homo-3 / RMSF,RMSF,Residue,390,0.055371393,nm,nm
line,overlay,sdu6-homo-3,sdu6-homo-3,rmsf,3zee17zb,3zee17zb::RMSF,sdu6-homo-3 / RMSF,RMSF,Residue,391,0.055668317,nm,nm
line,overlay,sdu6-homo-3,sdu6-homo-3,rmsf,3zee17zb,3zee17zb::RMSF,sdu6-homo-3 / RMSF,RMSF,Residue,392,0.074049056,nm,nm
line,overlay,sdu6-homo-3,sdu6-homo-3,rmsf,3zee17zb,3zee17zb::RMSF,sdu6-homo-3 / RMSF,RMSF,Residue,393,0.07156429,nm,nm
line,overlay,sdu6-homo-3,sdu6-homo-3,rmsf,3zee17zb,3zee17zb::RMSF,sdu6-homo-3 / RMSF,RMSF,Residue,394,0.06572224,nm,nm
line,overlay,sdu6-homo-3,sdu6-homo-3,rmsf,3zee17zb,3zee17zb::RMSF,sdu6-homo-3 / RMSF,RMSF,Residue,395,0.059885383,nm,nm
line,overlay,sdu6-homo-3,sdu6-homo-3,rmsf,3zee17zb,3zee17zb::RMSF,sdu6-homo-3 / RMSF,RMSF,Residue,396,0.05369709,nm,nm
line,overlay,sdu6-homo-3,sdu6-homo-3,rmsf,3zee17zb,3zee17zb::RMSF,sdu6-homo-3 / RMSF,RMSF,Residue,397,0.07544377,nm,nm
line,overlay,sdu6-homo-3,sdu6-homo-3,rmsf,3zee17zb,3zee17zb::RMSF,sdu6-homo-3 / RMSF,RMSF,Residue,398,0.056898486,nm,nm
line,overlay,sdu6-homo-3,sdu6-homo-3,rmsf,3zee17zb,3zee17zb::RMSF,sdu6-homo-3 / RMSF,RMSF,Residue,399,0.054740194,nm,nm
line,overlay,sdu6-homo-3,sdu6-homo-3,rmsf,3zee17zb,3zee17zb::RMSF,sdu6-homo-3 / RMSF,RMSF,Residue,400,0.06611901,nm,nm
line,overlay,sdu6-homo-3,sdu6-homo-3,rmsf,3zee17zb,3zee17zb::RMSF,sdu6-homo-3 / RMSF,RMSF,Residue,401,0.08172919,nm,nm
line,overlay,sdu6-homo-3,sdu6-homo-3,rmsf,3zee17zb,3zee17zb::RMSF,sdu6-homo-3 / RMSF,RMSF,Residue,402,0.097094946,nm,nm
line,overlay,sdu6-homo-3,sdu6-homo-3,rmsf,3zee17zb,3zee17zb::RMSF,sdu6-homo-3 / RMSF,RMSF,Residue,403,0.122060984,nm,nm
line,overlay,sdu6-homo-3,sdu6-homo-3,rmsf,3zee17zb,3zee17zb::RMSF,sdu6-homo-3 / RMSF,RMSF,Residue,404,0.14076383,nm,nm
line,overlay,sdu6-homo-3,sdu6-homo-3,rmsf,3zee17zb,3zee17zb::RMSF,sdu6-homo-3 / RMSF,RMSF,Residue,405,0.14550184,nm,nm
line,overlay,sdu6-homo-3,sdu6-homo-3,rmsf,3zee17zb,3zee17zb::RMSF,sdu6-homo-3 / RMSF,RMSF,Residue,406,0.15972911,nm,nm
line,overlay,sdu6-homo-3,sdu6-homo-3,rmsf,3zee17zb,3zee17zb::RMSF,sdu6-homo-3 / RMSF,RMSF,Residue,407,0.19355905,nm,nm
line,overlay,sdu6-homo-3,sdu6-homo-3,rmsf,3zee17zb,3zee17zb::RMSF,sdu6-homo-3 / RMSF,RMSF,Residue,408,0.12302331,nm,nm
line,overlay,sdu6-homo-3,sdu6-homo-3,rmsf,3zee17zb,3zee17zb::RMSF,sdu6-homo-3 / RMSF,RMSF,Residue,409,0.09217162,nm,nm
line,overlay,sdu6-homo-3,sdu6-homo-3,rmsf,3zee17zb,3zee17zb::RMSF,sdu6-homo-3 / RMSF,RMSF,Residue,410,0.07898425,nm,nm
line,overlay,sdu6-homo-3,sdu6-homo-3,rmsf,3zee17zb,3zee17zb::RMSF,sdu6-homo-3 / RMSF,RMSF,Residue,411,0.08135332,nm,nm
line,overlay,sdu6-homo-3,sdu6-homo-3,rmsf,3zee17zb,3zee17zb::RMSF,sdu6-homo-3 / RMSF,RMSF,Residue,412,0.0812644,nm,nm
line,overlay,sdu6-homo-3,sdu6-homo-3,rmsf,3zee17zb,3zee17zb::RMSF,sdu6-homo-3 / RMSF,RMSF,Residue,413,0.08772991,nm,nm
line,overlay,sdu6-homo-3,sdu6-homo-3,rmsf,3zee17zb,3zee17zb::RMSF,sdu6-homo-3 / RMSF,RMSF,Residue,414,0.083805196,nm,nm
line,overlay,sdu6-homo-3,sdu6-homo-3,rmsf,3zee17zb,3zee17zb::RMSF,sdu6-homo-3 / RMSF,RMSF,Residue,415,0.07256201,nm,nm
line,overlay,sdu6-homo-3,sdu6-homo-3,rmsf,3zee17zb,3zee17zb::RMSF,sdu6-homo-3 / RMSF,RMSF,Residue,416,0.07469845,nm,nm
line,overlay,sdu6-homo-3,sdu6-homo-3,rmsf,3zee17zb,3zee17zb::RMSF,sdu6-homo-3 / RMSF,RMSF,Residue,417,0.08068773,nm,nm
line,overlay,sdu6-homo-3,sdu6-homo-3,rmsf,3zee17zb,3zee17zb::RMSF,sdu6-homo-3 / RMSF,RMSF,Residue,418,0.07384443,nm,nm
line,overlay,sdu6-homo-3,sdu6-homo-3,rmsf,3zee17zb,3zee17zb::RMSF,sdu6-homo-3 / RMSF,RMSF,Residue,419,0.06434114,nm,nm
line,overlay,sdu6-homo-3,sdu6-homo-3,rmsf,3zee17zb,3zee17zb::RMSF,sdu6-homo-3 / RMSF,RMSF,Residue,420,0.06973224,nm,nm
line,overlay,sdu6-homo-3,sdu6-homo-3,rmsf,3zee17zb,3zee17zb::RMSF,sdu6-homo-3 / RMSF,RMSF,Residue,421,0.07851879,nm,nm
line,overlay,sdu6-homo-3,sdu6-homo-3,rmsf,3zee17zb,3zee17zb::RMSF,sdu6-homo-3 / RMSF,RMSF,Residue,422,0.066331275,nm,nm
line,overlay,sdu6-homo-3,sdu6-homo-3,rmsf,3zee17zb,3zee17zb::RMSF,sdu6-homo-3 / RMSF,RMSF,Residue,423,0.076141745,nm,nm
line,overlay,sdu6-homo-3,sdu6-homo-3,rmsf,3zee17zb,3zee17zb::RMSF,sdu6-homo-3 / RMSF,RMSF,Residue,424,0.089380264,nm,nm
line,overlay,sdu6-homo-3,sdu6-homo-3,rmsf,3zee17zb,3zee17zb::RMSF,sdu6-homo-3 / RMSF,RMSF,Residue,425,0.10095945,nm,nm
line,overlay,sdu6-homo-3,sdu6-homo-3,rmsf,3zee17zb,3zee17zb::RMSF,sdu6-homo-3 / RMSF,RMSF,Residue,426,0.10362804,nm,nm
line,overlay,sdu6-homo-3,sdu6-homo-3,rmsf,3zee17zb,3zee17zb::RMSF,sdu6-homo-3 / RMSF,RMSF,Residue,427,0.08581255,nm,nm
line,overlay,sdu6-homo-3,sdu6-homo-3,rmsf,3zee17zb,3zee17zb::RMSF,sdu6-homo-3 / RMSF,RMSF,Residue,428,0.07011819,nm,nm
line,overlay,sdu6-homo-3,sdu6-homo-3,rmsf,3zee17zb,3zee17zb::RMSF,sdu6-homo-3 / RMSF,RMSF,Residue,429,0.080893785,nm,nm
line,overlay,sdu6-homo-3,sdu6-homo-3,rmsf,3zee17zb,3zee17zb::RMSF,sdu6-homo-3 / RMSF,RMSF,Residue,430,0.07637766,nm,nm
line,overlay,sdu6-homo-3,sdu6-homo-3,rmsf,3zee17zb,3zee17zb::RMSF,sdu6-homo-3 / RMSF,RMSF,Residue,431,0.059647966,nm,nm
line,overlay,sdu6-homo-3,sdu6-homo-3,rmsf,3zee17zb,3zee17zb::RMSF,sdu6-homo-3 / RMSF,RMSF,Residue,432,0.06238597,nm,nm
line,overlay,sdu6-homo-3,sdu6-homo-3,rmsf,3zee17zb,3zee17zb::RMSF,sdu6-homo-3 / RMSF,RMSF,Residue,433,0.07492457,nm,nm
line,overlay,sdu6-homo-3,sdu6-homo-3,rmsf,3zee17zb,3zee17zb::RMSF,sdu6-homo-3 / RMSF,RMSF,Residue,434,0.067928225,nm,nm
line,overlay,sdu6-homo-3,sdu6-homo-3,rmsf,3zee17zb,3zee17zb::RMSF,sdu6-homo-3 / RMSF,RMSF,Residue,435,0.061177935,nm,nm
line,overlay,sdu6-homo-3,sdu6-homo-3,rmsf,3zee17zb,3zee17zb::RMSF,sdu6-homo-3 / RMSF,RMSF,Residue,436,0.07381955,nm,nm
line,overlay,sdu6-homo-3,sdu6-homo-3,rmsf,3zee17zb,3zee17zb::RMSF,sdu6-homo-3 / RMSF,RMSF,Residue,437,0.073996626,nm,nm
line,overlay,sdu6-homo-3,sdu6-homo-3,rmsf,3zee17zb,3zee17zb::RMSF,sdu6-homo-3 / RMSF,RMSF,Residue,438,0.066498734,nm,nm
line,overlay,sdu6-homo-3,sdu6-homo-3,rmsf,3zee17zb,3zee17zb::RMSF,sdu6-homo-3 / RMSF,RMSF,Residue,439,0.066048406,nm,nm
line,overlay,sdu6-homo-3,sdu6-homo-3,rmsf,3zee17zb,3zee17zb::RMSF,sdu6-homo-3 / RMSF,RMSF,Residue,440,0.06483084,nm,nm
line,overlay,sdu6-homo-3,sdu6-homo-3,rmsf,3zee17zb,3zee17zb::RMSF,sdu6-homo-3 / RMSF,RMSF,Residue,441,0.06352681,nm,nm
line,overlay,sdu6-homo-3,sdu6-homo-3,rmsf,3zee17zb,3zee17zb::RMSF,sdu6-homo-3 / RMSF,RMSF,Residue,442,0.06485451,nm,nm
line,overlay,sdu6-homo-3,sdu6-homo-3,rmsf,3zee17zb,3zee17zb::RMSF,sdu6-homo-3 / RMSF,RMSF,Residue,443,0.06556195,nm,nm
line,overlay,sdu6-homo-3,sdu6-homo-3,rmsf,3zee17zb,3zee17zb::RMSF,sdu6-homo-3 / RMSF,RMSF,Residue,444,0.068305954,nm,nm
line,overlay,sdu6-homo-3,sdu6-homo-3,rmsf,3zee17zb,3zee17zb::RMSF,sdu6-homo-3 / RMSF,RMSF,Residue,445,0.06320815,nm,nm
line,overlay,sdu6-homo-3,sdu6-homo-3,rmsf,3zee17zb,3zee17zb::RMSF,sdu6-homo-3 / RMSF,RMSF,Residue,446,0.06303247,nm,nm
line,overlay,sdu6-homo-3,sdu6-homo-3,rmsf,3zee17zb,3zee17zb::RMSF,sdu6-homo-3 / RMSF,RMSF,Residue,447,0.08615872,nm,nm
line,overlay,sdu6-homo-3,sdu6-homo-3,rmsf,3zee17zb,3zee17zb::RMSF,sdu6-homo-3 / RMSF,RMSF,Residue,448,0.1492737,nm,nm
line,overlay,sdu6-homo-3,sdu6-homo-3,rmsf,3zee17zb,3zee17zb::RMSF,sdu6-homo-3 / RMSF,RMSF,Residue,449,0.13390523,nm,nm
line,overlay,sdu6-homo-3,sdu6-homo-3,rmsf,3zee17zb,3zee17zb::RMSF,sdu6-homo-3 / RMSF,RMSF,Residue,450,0.079138204,nm,nm
line,overlay,sdu6-homo-3,sdu6-homo-3,rmsf,3zee17zb,3zee17zb::RMSF,sdu6-homo-3 / RMSF,RMSF,Residue,451,0.0685267,nm,nm
line,overlay,sdu6-homo-3,sdu6-homo-3,rmsf,3zee17zb,3zee17zb::RMSF,sdu6-homo-3 / RMSF,RMSF,Residue,452,0.04948892,nm,nm
line,overlay,sdu6-homo-3,sdu6-homo-3,rmsf,3zee17zb,3zee17zb::RMSF,sdu6-homo-3 / RMSF,RMSF,Residue,453,0.07284306,nm,nm
line,overlay,sdu6-homo-3,sdu6-homo-3,rmsf,3zee17zb,3zee17zb::RMSF,sdu6-homo-3 / RMSF,RMSF,Residue,454,0.07507961,nm,nm
line,overlay,sdu6-homo-3,sdu6-homo-3,rmsf,3zee17zb,3zee17zb::RMSF,sdu6-homo-3 / RMSF,RMSF,Residue,455,0.058975466,nm,nm
line,overlay,sdu6-homo-3,sdu6-homo-3,rmsf,3zee17zb,3zee17zb::RMSF,sdu6-homo-3 / RMSF,RMSF,Residue,456,0.05737506,nm,nm
line,overlay,sdu6-homo-3,sdu6-homo-3,rmsf,3zee17zb,3zee17zb::RMSF,sdu6-homo-3 / RMSF,RMSF,Residue,457,0.06520624,nm,nm
line,overlay,sdu6-homo-3,sdu6-homo-3,rmsf,3zee17zb,3zee17zb::RMSF,sdu6-homo-3 / RMSF,RMSF,Residue,458,0.065165795,nm,nm
line,overlay,sdu6-homo-3,sdu6-homo-3,rmsf,3zee17zb,3zee17zb::RMSF,sdu6-homo-3 / RMSF,RMSF,Residue,459,0.056096654,nm,nm
line,overlay,sdu6-homo-3,sdu6-homo-3,rmsf,3zee17zb,3zee17zb::RMSF,sdu6-homo-3 / RMSF,RMSF,Residue,460,0.063952625,nm,nm
line,overlay,sdu6-homo-3,sdu6-homo-3,rmsf,3zee17zb,3zee17zb::RMSF,sdu6-homo-3 / RMSF,RMSF,Residue,461,0.073478885,nm,nm
line,overlay,sdu6-homo-3,sdu6-homo-3,rmsf,3zee17zb,3zee17zb::RMSF,sdu6-homo-3 / RMSF,RMSF,Residue,462,0.07046571,nm,nm
line,overlay,sdu6-homo-3,sdu6-homo-3,rmsf,3zee17zb,3zee17zb::RMSF,sdu6-homo-3 / RMSF,RMSF,Residue,463,0.06813325,nm,nm
line,overlay,sdu6-homo-3,sdu6-homo-3,rmsf,3zee17zb,3zee17zb::RMSF,sdu6-homo-3 / RMSF,RMSF,Residue,464,0.079532936,nm,nm
line,overlay,sdu6-homo-3,sdu6-homo-3,rmsf,3zee17zb,3zee17zb::RMSF,sdu6-homo-3 / RMSF,RMSF,Residue,465,0.088930294,nm,nm
line,overlay,sdu6-homo-3,sdu6-homo-3,rmsf,3zee17zb,3zee17zb::RMSF,sdu6-homo-3 / RMSF,RMSF,Residue,466,0.09154554,nm,nm
line,overlay,sdu6-homo-3,sdu6-homo-3,rmsf,3zee17zb,3zee17zb::RMSF,sdu6-homo-3 / RMSF,RMSF,Residue,467,0.10107812,nm,nm
line,overlay,sdu6-homo-3,sdu6-homo-3,rmsf,3zee17zb,3zee17zb::RMSF,sdu6-homo-3 / RMSF,RMSF,Residue,468,0.1537446,nm,nm
line,overlay,sdu6-homo-3,sdu6-homo-3,rmsf,3zee17zb,3zee17zb::RMSF,sdu6-homo-3 / RMSF,RMSF,Residue,469,0.22135457,nm,nm
line,overlay,sdu6-homo-3,sdu6-homo-3,rmsf,3zee17zb,3zee17zb::RMSF,sdu6-homo-3 / RMSF,RMSF,Residue,470,0.33987218,nm,nm
line,overlay,sdu6-homo-3,sdu6-homo-3,rmsf,3zee17zb,3zee17zb::RMSF,sdu6-homo-3 / RMSF,RMSF,Residue,471,0.41789293,nm,nm
line,overlay,sdu6-homo-3,sdu6-homo-3,rmsf,3zee17zb,3zee17zb::RMSF,sdu6-homo-3 / RMSF,RMSF,Residue,472,0.60253954,nm,nm
line,overlay,sdu6-homo-4,sdu6-homo-4,rmsf,8f3nh0cv,8f3nh0cv::RMSF,sdu6-homo-4 / RMSF,RMSF,Residue,1,0.7819304,nm,nm
line,overlay,sdu6-homo-4,sdu6-homo-4,rmsf,8f3nh0cv,8f3nh0cv::RMSF,sdu6-homo-4 / RMSF,RMSF,Residue,2,0.59067506,nm,nm
line,overlay,sdu6-homo-4,sdu6-homo-4,rmsf,8f3nh0cv,8f3nh0cv::RMSF,sdu6-homo-4 / RMSF,RMSF,Residue,3,0.39438295,nm,nm
line,overlay,sdu6-homo-4,sdu6-homo-4,rmsf,8f3nh0cv,8f3nh0cv::RMSF,sdu6-homo-4 / RMSF,RMSF,Residue,4,0.2972575,nm,nm
line,overlay,sdu6-homo-4,sdu6-homo-4,rmsf,8f3nh0cv,8f3nh0cv::RMSF,sdu6-homo-4 / RMSF,RMSF,Residue,5,0.20166853,nm,nm
line,overlay,sdu6-homo-4,sdu6-homo-4,rmsf,8f3nh0cv,8f3nh0cv::RMSF,sdu6-homo-4 / RMSF,RMSF,Residue,6,0.11716904,nm,nm
line,overlay,sdu6-homo-4,sdu6-homo-4,rmsf,8f3nh0cv,8f3nh0cv::RMSF,sdu6-homo-4 / RMSF,RMSF,Residue,7,0.06450942,nm,nm
line,overlay,sdu6-homo-4,sdu6-homo-4,rmsf,8f3nh0cv,8f3nh0cv::RMSF,sdu6-homo-4 / RMSF,RMSF,Residue,8,0.054997068,nm,nm
line,overlay,sdu6-homo-4,sdu6-homo-4,rmsf,8f3nh0cv,8f3nh0cv::RMSF,sdu6-homo-4 / RMSF,RMSF,Residue,9,0.054327916,nm,nm
line,overlay,sdu6-homo-4,sdu6-homo-4,rmsf,8f3nh0cv,8f3nh0cv::RMSF,sdu6-homo-4 / RMSF,RMSF,Residue,10,0.042782787,nm,nm
line,overlay,sdu6-homo-4,sdu6-homo-4,rmsf,8f3nh0cv,8f3nh0cv::RMSF,sdu6-homo-4 / RMSF,RMSF,Residue,11,0.036138885,nm,nm
line,overlay,sdu6-homo-4,sdu6-homo-4,rmsf,8f3nh0cv,8f3nh0cv::RMSF,sdu6-homo-4 / RMSF,RMSF,Residue,12,0.038100086,nm,nm
line,overlay,sdu6-homo-4,sdu6-homo-4,rmsf,8f3nh0cv,8f3nh0cv::RMSF,sdu6-homo-4 / RMSF,RMSF,Residue,13,0.04015377,nm,nm
line,overlay,sdu6-homo-4,sdu6-homo-4,rmsf,8f3nh0cv,8f3nh0cv::RMSF,sdu6-homo-4 / RMSF,RMSF,Residue,14,0.045733754,nm,nm
line,overlay,sdu6-homo-4,sdu6-homo-4,rmsf,8f3nh0cv,8f3nh0cv::RMSF,sdu6-homo-4 / RMSF,RMSF,Residue,15,0.058191173,nm,nm
line,overlay,sdu6-homo-4,sdu6-homo-4,rmsf,8f3nh0cv,8f3nh0cv::RMSF,sdu6-homo-4 / RMSF,RMSF,Residue,16,0.0663487,nm,nm
line,overlay,sdu6-homo-4,sdu6-homo-4,rmsf,8f3nh0cv,8f3nh0cv::RMSF,sdu6-homo-4 / RMSF,RMSF,Residue,17,0.06345798,nm,nm
line,overlay,sdu6-homo-4,sdu6-homo-4,rmsf,8f3nh0cv,8f3nh0cv::RMSF,sdu6-homo-4 / RMSF,RMSF,Residue,18,0.061144847,nm,nm
line,overlay,sdu6-homo-4,sdu6-homo-4,rmsf,8f3nh0cv,8f3nh0cv::RMSF,sdu6-homo-4 / RMSF,RMSF,Residue,19,0.04591021,nm,nm
line,overlay,sdu6-homo-4,sdu6-homo-4,rmsf,8f3nh0cv,8f3nh0cv::RMSF,sdu6-homo-4 / RMSF,RMSF,Residue,20,0.043579306,nm,nm
line,overlay,sdu6-homo-4,sdu6-homo-4,rmsf,8f3nh0cv,8f3nh0cv::RMSF,sdu6-homo-4 / RMSF,RMSF,Residue,21,0.044943005,nm,nm
line,overlay,sdu6-homo-4,sdu6-homo-4,rmsf,8f3nh0cv,8f3nh0cv::RMSF,sdu6-homo-4 / RMSF,RMSF,Residue,22,0.046214987,nm,nm
line,overlay,sdu6-homo-4,sdu6-homo-4,rmsf,8f3nh0cv,8f3nh0cv::RMSF,sdu6-homo-4 / RMSF,RMSF,Residue,23,0.037243973,nm,nm
line,overlay,sdu6-homo-4,sdu6-homo-4,rmsf,8f3nh0cv,8f3nh0cv::RMSF,sdu6-homo-4 / RMSF,RMSF,Residue,24,0.04134567,nm,nm
line,overlay,sdu6-homo-4,sdu6-homo-4,rmsf,8f3nh0cv,8f3nh0cv::RMSF,sdu6-homo-4 / RMSF,RMSF,Residue,25,0.047332905,nm,nm
line,overlay,sdu6-homo-4,sdu6-homo-4,rmsf,8f3nh0cv,8f3nh0cv::RMSF,sdu6-homo-4 / RMSF,RMSF,Residue,26,0.0429191,nm,nm
line,overlay,sdu6-homo-4,sdu6-homo-4,rmsf,8f3nh0cv,8f3nh0cv::RMSF,sdu6-homo-4 / RMSF,RMSF,Residue,27,0.043863267,nm,nm
line,overlay,sdu6-homo-4,sdu6-homo-4,rmsf,8f3nh0cv,8f3nh0cv::RMSF,sdu6-homo-4 / RMSF,RMSF,Residue,28,0.05363352,nm,nm
line,overlay,sdu6-homo-4,sdu6-homo-4,rmsf,8f3nh0cv,8f3nh0cv::RMSF,sdu6-homo-4 / RMSF,RMSF,Residue,29,0.053075507,nm,nm
line,overlay,sdu6-homo-4,sdu6-homo-4,rmsf,8f3nh0cv,8f3nh0cv::RMSF,sdu6-homo-4 / RMSF,RMSF,Residue,30,0.048154697,nm,nm
line,overlay,sdu6-homo-4,sdu6-homo-4,rmsf,8f3nh0cv,8f3nh0cv::RMSF,sdu6-homo-4 / RMSF,RMSF,Residue,31,0.055718567,nm,nm
line,overlay,sdu6-homo-4,sdu6-homo-4,rmsf,8f3nh0cv,8f3nh0cv::RMSF,sdu6-homo-4 / RMSF,RMSF,Residue,32,0.06825915,nm,nm
line,overlay,sdu6-homo-4,sdu6-homo-4,rmsf,8f3nh0cv,8f3nh0cv::RMSF,sdu6-homo-4 / RMSF,RMSF,Residue,33,0.06961037,nm,nm
line,overlay,sdu6-homo-4,sdu6-homo-4,rmsf,8f3nh0cv,8f3nh0cv::RMSF,sdu6-homo-4 / RMSF,RMSF,Residue,34,0.07018045,nm,nm
line,overlay,sdu6-homo-4,sdu6-homo-4,rmsf,8f3nh0cv,8f3nh0cv::RMSF,sdu6-homo-4 / RMSF,RMSF,Residue,35,0.05881908,nm,nm
line,overlay,sdu6-homo-4,sdu6-homo-4,rmsf,8f3nh0cv,8f3nh0cv::RMSF,sdu6-homo-4 / RMSF,RMSF,Residue,36,0.051097658,nm,nm
line,overlay,sdu6-homo-4,sdu6-homo-4,rmsf,8f3nh0cv,8f3nh0cv::RMSF,sdu6-homo-4 / RMSF,RMSF,Residue,37,0.04443146,nm,nm
line,overlay,sdu6-homo-4,sdu6-homo-4,rmsf,8f3nh0cv,8f3nh0cv::RMSF,sdu6-homo-4 / RMSF,RMSF,Residue,38,0.042625718,nm,nm
line,overlay,sdu6-homo-4,sdu6-homo-4,rmsf,8f3nh0cv,8f3nh0cv::RMSF,sdu6-homo-4 / RMSF,RMSF,Residue,39,0.041480873,nm,nm
line,overlay,sdu6-homo-4,sdu6-homo-4,rmsf,8f3nh0cv,8f3nh0cv::RMSF,sdu6-homo-4 / RMSF,RMSF,Residue,40,0.041066807,nm,nm
line,overlay,sdu6-homo-4,sdu6-homo-4,rmsf,8f3nh0cv,8f3nh0cv::RMSF,sdu6-homo-4 / RMSF,RMSF,Residue,41,0.044405866,nm,nm
line,overlay,sdu6-homo-4,sdu6-homo-4,rmsf,8f3nh0cv,8f3nh0cv::RMSF,sdu6-homo-4 / RMSF,RMSF,Residue,42,0.059331536,nm,nm
line,overlay,sdu6-homo-4,sdu6-homo-4,rmsf,8f3nh0cv,8f3nh0cv::RMSF,sdu6-homo-4 / RMSF,RMSF,Residue,43,0.0801428,nm,nm
line,overlay,sdu6-homo-4,sdu6-homo-4,rmsf,8f3nh0cv,8f3nh0cv::RMSF,sdu6-homo-4 / RMSF,RMSF,Residue,44,0.09139321,nm,nm
line,overlay,sdu6-homo-4,sdu6-homo-4,rmsf,8f3nh0cv,8f3nh0cv::RMSF,sdu6-homo-4 / RMSF,RMSF,Residue,45,0.072190516,nm,nm
line,overlay,sdu6-homo-4,sdu6-homo-4,rmsf,8f3nh0cv,8f3nh0cv::RMSF,sdu6-homo-4 / RMSF,RMSF,Residue,46,0.0772755,nm,nm
line,overlay,sdu6-homo-4,sdu6-homo-4,rmsf,8f3nh0cv,8f3nh0cv::RMSF,sdu6-homo-4 / RMSF,RMSF,Residue,47,0.0800018,nm,nm
line,overlay,sdu6-homo-4,sdu6-homo-4,rmsf,8f3nh0cv,8f3nh0cv::RMSF,sdu6-homo-4 / RMSF,RMSF,Residue,48,0.073016554,nm,nm
line,overlay,sdu6-homo-4,sdu6-homo-4,rmsf,8f3nh0cv,8f3nh0cv::RMSF,sdu6-homo-4 / RMSF,RMSF,Residue,49,0.070721045,nm,nm
line,overlay,sdu6-homo-4,sdu6-homo-4,rmsf,8f3nh0cv,8f3nh0cv::RMSF,sdu6-homo-4 / RMSF,RMSF,Residue,50,0.080561996,nm,nm
line,overlay,sdu6-homo-4,sdu6-homo-4,rmsf,8f3nh0cv,8f3nh0cv::RMSF,sdu6-homo-4 / RMSF,RMSF,Residue,51,0.08608865,nm,nm
line,overlay,sdu6-homo-4,sdu6-homo-4,rmsf,8f3nh0cv,8f3nh0cv::RMSF,sdu6-homo-4 / RMSF,RMSF,Residue,52,0.08113771,nm,nm
line,overlay,sdu6-homo-4,sdu6-homo-4,rmsf,8f3nh0cv,8f3nh0cv::RMSF,sdu6-homo-4 / RMSF,RMSF,Residue,53,0.10376822,nm,nm
line,overlay,sdu6-homo-4,sdu6-homo-4,rmsf,8f3nh0cv,8f3nh0cv::RMSF,sdu6-homo-4 / RMSF,RMSF,Residue,54,0.087788664,nm,nm
line,overlay,sdu6-homo-4,sdu6-homo-4,rmsf,8f3nh0cv,8f3nh0cv::RMSF,sdu6-homo-4 / RMSF,RMSF,Residue,55,0.07866748,nm,nm
line,overlay,sdu6-homo-4,sdu6-homo-4,rmsf,8f3nh0cv,8f3nh0cv::RMSF,sdu6-homo-4 / RMSF,RMSF,Residue,56,0.08879214,nm,nm
line,overlay,sdu6-homo-4,sdu6-homo-4,rmsf,8f3nh0cv,8f3nh0cv::RMSF,sdu6-homo-4 / RMSF,RMSF,Residue,57,0.08908593,nm,nm
line,overlay,sdu6-homo-4,sdu6-homo-4,rmsf,8f3nh0cv,8f3nh0cv::RMSF,sdu6-homo-4 / RMSF,RMSF,Residue,58,0.07286578,nm,nm
line,overlay,sdu6-homo-4,sdu6-homo-4,rmsf,8f3nh0cv,8f3nh0cv::RMSF,sdu6-homo-4 / RMSF,RMSF,Residue,59,0.070905514,nm,nm
line,overlay,sdu6-homo-4,sdu6-homo-4,rmsf,8f3nh0cv,8f3nh0cv::RMSF,sdu6-homo-4 / RMSF,RMSF,Residue,60,0.06554723,nm,nm
line,overlay,sdu6-homo-4,sdu6-homo-4,rmsf,8f3nh0cv,8f3nh0cv::RMSF,sdu6-homo-4 / RMSF,RMSF,Residue,61,0.088342644,nm,nm
line,overlay,sdu6-homo-4,sdu6-homo-4,rmsf,8f3nh0cv,8f3nh0cv::RMSF,sdu6-homo-4 / RMSF,RMSF,Residue,62,0.07016322,nm,nm
line,overlay,sdu6-homo-4,sdu6-homo-4,rmsf,8f3nh0cv,8f3nh0cv::RMSF,sdu6-homo-4 / RMSF,RMSF,Residue,63,0.08722964,nm,nm
line,overlay,sdu6-homo-4,sdu6-homo-4,rmsf,8f3nh0cv,8f3nh0cv::RMSF,sdu6-homo-4 / RMSF,RMSF,Residue,64,0.09197438,nm,nm
line,overlay,sdu6-homo-4,sdu6-homo-4,rmsf,8f3nh0cv,8f3nh0cv::RMSF,sdu6-homo-4 / RMSF,RMSF,Residue,65,0.06796621,nm,nm
line,overlay,sdu6-homo-4,sdu6-homo-4,rmsf,8f3nh0cv,8f3nh0cv::RMSF,sdu6-homo-4 / RMSF,RMSF,Residue,66,0.062332317,nm,nm
line,overlay,sdu6-homo-4,sdu6-homo-4,rmsf,8f3nh0cv,8f3nh0cv::RMSF,sdu6-homo-4 / RMSF,RMSF,Residue,67,0.053032223,nm,nm
line,overlay,sdu6-homo-4,sdu6-homo-4,rmsf,8f3nh0cv,8f3nh0cv::RMSF,sdu6-homo-4 / RMSF,RMSF,Residue,68,0.055999827,nm,nm
line,overlay,sdu6-homo-4,sdu6-homo-4,rmsf,8f3nh0cv,8f3nh0cv::RMSF,sdu6-homo-4 / RMSF,RMSF,Residue,69,0.05052652,nm,nm
line,overlay,sdu6-homo-4,sdu6-homo-4,rmsf,8f3nh0cv,8f3nh0cv::RMSF,sdu6-homo-4 / RMSF,RMSF,Residue,70,0.05709497,nm,nm
line,overlay,sdu6-homo-4,sdu6-homo-4,rmsf,8f3nh0cv,8f3nh0cv::RMSF,sdu6-homo-4 / RMSF,RMSF,Residue,71,0.087365724,nm,nm
line,overlay,sdu6-homo-4,sdu6-homo-4,rmsf,8f3nh0cv,8f3nh0cv::RMSF,sdu6-homo-4 / RMSF,RMSF,Residue,72,0.115158506,nm,nm
line,overlay,sdu6-homo-4,sdu6-homo-4,rmsf,8f3nh0cv,8f3nh0cv::RMSF,sdu6-homo-4 / RMSF,RMSF,Residue,73,0.10794819,nm,nm
line,overlay,sdu6-homo-4,sdu6-homo-4,rmsf,8f3nh0cv,8f3nh0cv::RMSF,sdu6-homo-4 / RMSF,RMSF,Residue,74,0.12593235,nm,nm
line,overlay,sdu6-homo-4,sdu6-homo-4,rmsf,8f3nh0cv,8f3nh0cv::RMSF,sdu6-homo-4 / RMSF,RMSF,Residue,75,0.19197574,nm,nm
line,overlay,sdu6-homo-4,sdu6-homo-4,rmsf,8f3nh0cv,8f3nh0cv::RMSF,sdu6-homo-4 / RMSF,RMSF,Residue,76,0.27395943,nm,nm
line,overlay,sdu6-homo-4,sdu6-homo-4,rmsf,8f3nh0cv,8f3nh0cv::RMSF,sdu6-homo-4 / RMSF,RMSF,Residue,77,0.36264667,nm,nm
line,overlay,sdu6-homo-4,sdu6-homo-4,rmsf,8f3nh0cv,8f3nh0cv::RMSF,sdu6-homo-4 / RMSF,RMSF,Residue,78,0.4112254,nm,nm
line,overlay,sdu6-homo-4,sdu6-homo-4,rmsf,8f3nh0cv,8f3nh0cv::RMSF,sdu6-homo-4 / RMSF,RMSF,Residue,79,0.4033649,nm,nm
line,overlay,sdu6-homo-4,sdu6-homo-4,rmsf,8f3nh0cv,8f3nh0cv::RMSF,sdu6-homo-4 / RMSF,RMSF,Residue,80,0.3768774,nm,nm
line,overlay,sdu6-homo-4,sdu6-homo-4,rmsf,8f3nh0cv,8f3nh0cv::RMSF,sdu6-homo-4 / RMSF,RMSF,Residue,81,0.3293497,nm,nm
line,overlay,sdu6-homo-4,sdu6-homo-4,rmsf,8f3nh0cv,8f3nh0cv::RMSF,sdu6-homo-4 / RMSF,RMSF,Residue,82,0.34488836,nm,nm
line,overlay,sdu6-homo-4,sdu6-homo-4,rmsf,8f3nh0cv,8f3nh0cv::RMSF,sdu6-homo-4 / RMSF,RMSF,Residue,83,0.26400253,nm,nm
line,overlay,sdu6-homo-4,sdu6-homo-4,rmsf,8f3nh0cv,8f3nh0cv::RMSF,sdu6-homo-4 / RMSF,RMSF,Residue,84,0.19743755,nm,nm
line,overlay,sdu6-homo-4,sdu6-homo-4,rmsf,8f3nh0cv,8f3nh0cv::RMSF,sdu6-homo-4 / RMSF,RMSF,Residue,85,0.15917692,nm,nm
line,overlay,sdu6-homo-4,sdu6-homo-4,rmsf,8f3nh0cv,8f3nh0cv::RMSF,sdu6-homo-4 / RMSF,RMSF,Residue,86,0.120776385,nm,nm
line,overlay,sdu6-homo-4,sdu6-homo-4,rmsf,8f3nh0cv,8f3nh0cv::RMSF,sdu6-homo-4 / RMSF,RMSF,Residue,87,0.11206623,nm,nm
line,overlay,sdu6-homo-4,sdu6-homo-4,rmsf,8f3nh0cv,8f3nh0cv::RMSF,sdu6-homo-4 / RMSF,RMSF,Residue,88,0.12565458,nm,nm
line,overlay,sdu6-homo-4,sdu6-homo-4,rmsf,8f3nh0cv,8f3nh0cv::RMSF,sdu6-homo-4 / RMSF,RMSF,Residue,89,0.08984203,nm,nm
line,overlay,sdu6-homo-4,sdu6-homo-4,rmsf,8f3nh0cv,8f3nh0cv::RMSF,sdu6-homo-4 / RMSF,RMSF,Residue,90,0.07572066,nm,nm
line,overlay,sdu6-homo-4,sdu6-homo-4,rmsf,8f3nh0cv,8f3nh0cv::RMSF,sdu6-homo-4 / RMSF,RMSF,Residue,91,0.08881816,nm,nm
line,overlay,sdu6-homo-4,sdu6-homo-4,rmsf,8f3nh0cv,8f3nh0cv::RMSF,sdu6-homo-4 / RMSF,RMSF,Residue,92,0.09217676,nm,nm
line,overlay,sdu6-homo-4,sdu6-homo-4,rmsf,8f3nh0cv,8f3nh0cv::RMSF,sdu6-homo-4 / RMSF,RMSF,Residue,93,0.07074103,nm,nm
line,overlay,sdu6-homo-4,sdu6-homo-4,rmsf,8f3nh0cv,8f3nh0cv::RMSF,sdu6-homo-4 / RMSF,RMSF,Residue,94,0.07295307,nm,nm
line,overlay,sdu6-homo-4,sdu6-homo-4,rmsf,8f3nh0cv,8f3nh0cv::RMSF,sdu6-homo-4 / RMSF,RMSF,Residue,95,0.08614213,nm,nm
line,overlay,sdu6-homo-4,sdu6-homo-4,rmsf,8f3nh0cv,8f3nh0cv::RMSF,sdu6-homo-4 / RMSF,RMSF,Residue,96,0.07437904,nm,nm
line,overlay,sdu6-homo-4,sdu6-homo-4,rmsf,8f3nh0cv,8f3nh0cv::RMSF,sdu6-homo-4 / RMSF,RMSF,Residue,97,0.06522301,nm,nm
line,overlay,sdu6-homo-4,sdu6-homo-4,rmsf,8f3nh0cv,8f3nh0cv::RMSF,sdu6-homo-4 / RMSF,RMSF,Residue,98,0.083596356,nm,nm
line,overlay,sdu6-homo-4,sdu6-homo-4,rmsf,8f3nh0cv,8f3nh0cv::RMSF,sdu6-homo-4 / RMSF,RMSF,Residue,99,0.086629055,nm,nm
line,overlay,sdu6-homo-4,sdu6-homo-4,rmsf,8f3nh0cv,8f3nh0cv::RMSF,sdu6-homo-4 / RMSF,RMSF,Residue,100,0.07574508,nm,nm
line,overlay,sdu6-homo-4,sdu6-homo-4,rmsf,8f3nh0cv,8f3nh0cv::RMSF,sdu6-homo-4 / RMSF,RMSF,Residue,101,0.06524725,nm,nm
line,overlay,sdu6-homo-4,sdu6-homo-4,rmsf,8f3nh0cv,8f3nh0cv::RMSF,sdu6-homo-4 / RMSF,RMSF,Residue,102,0.07341162,nm,nm
line,overlay,sdu6-homo-4,sdu6-homo-4,rmsf,8f3nh0cv,8f3nh0cv::RMSF,sdu6-homo-4 / RMSF,RMSF,Residue,103,0.07467408,nm,nm
line,overlay,sdu6-homo-4,sdu6-homo-4,rmsf,8f3nh0cv,8f3nh0cv::RMSF,sdu6-homo-4 / RMSF,RMSF,Residue,104,0.07078725,nm,nm
line,overlay,sdu6-homo-4,sdu6-homo-4,rmsf,8f3nh0cv,8f3nh0cv::RMSF,sdu6-homo-4 / RMSF,RMSF,Residue,105,0.06678922,nm,nm
line,overlay,sdu6-homo-4,sdu6-homo-4,rmsf,8f3nh0cv,8f3nh0cv::RMSF,sdu6-homo-4 / RMSF,RMSF,Residue,106,0.07891999,nm,nm
line,overlay,sdu6-homo-4,sdu6-homo-4,rmsf,8f3nh0cv,8f3nh0cv::RMSF,sdu6-homo-4 / RMSF,RMSF,Residue,107,0.08732081,nm,nm
line,overlay,sdu6-homo-4,sdu6-homo-4,rmsf,8f3nh0cv,8f3nh0cv::RMSF,sdu6-homo-4 / RMSF,RMSF,Residue,108,0.08366103,nm,nm
line,overlay,sdu6-homo-4,sdu6-homo-4,rmsf,8f3nh0cv,8f3nh0cv::RMSF,sdu6-homo-4 / RMSF,RMSF,Residue,109,0.09419387,nm,nm
line,overlay,sdu6-homo-4,sdu6-homo-4,rmsf,8f3nh0cv,8f3nh0cv::RMSF,sdu6-homo-4 / RMSF,RMSF,Residue,110,0.11262934,nm,nm
line,overlay,sdu6-homo-4,sdu6-homo-4,rmsf,8f3nh0cv,8f3nh0cv::RMSF,sdu6-homo-4 / RMSF,RMSF,Residue,111,0.11364378,nm,nm
line,overlay,sdu6-homo-4,sdu6-homo-4,rmsf,8f3nh0cv,8f3nh0cv::RMSF,sdu6-homo-4 / RMSF,RMSF,Residue,112,0.117828816,nm,nm
line,overlay,sdu6-homo-4,sdu6-homo-4,rmsf,8f3nh0cv,8f3nh0cv::RMSF,sdu6-homo-4 / RMSF,RMSF,Residue,113,0.08952176,nm,nm
line,overlay,sdu6-homo-4,sdu6-homo-4,rmsf,8f3nh0cv,8f3nh0cv::RMSF,sdu6-homo-4 / RMSF,RMSF,Residue,114,0.08102296,nm,nm
line,overlay,sdu6-homo-4,sdu6-homo-4,rmsf,8f3nh0cv,8f3nh0cv::RMSF,sdu6-homo-4 / RMSF,RMSF,Residue,115,0.06736971,nm,nm
line,overlay,sdu6-homo-4,sdu6-homo-4,rmsf,8f3nh0cv,8f3nh0cv::RMSF,sdu6-homo-4 / RMSF,RMSF,Residue,116,0.07444045,nm,nm
line,overlay,sdu6-homo-4,sdu6-homo-4,rmsf,8f3nh0cv,8f3nh0cv::RMSF,sdu6-homo-4 / RMSF,RMSF,Residue,117,0.055504058,nm,nm
line,overlay,sdu6-homo-4,sdu6-homo-4,rmsf,8f3nh0cv,8f3nh0cv::RMSF,sdu6-homo-4 / RMSF,RMSF,Residue,118,0.052466635,nm,nm
line,overlay,sdu6-homo-4,sdu6-homo-4,rmsf,8f3nh0cv,8f3nh0cv::RMSF,sdu6-homo-4 / RMSF,RMSF,Residue,119,0.04419191,nm,nm
line,overlay,sdu6-homo-4,sdu6-homo-4,rmsf,8f3nh0cv,8f3nh0cv::RMSF,sdu6-homo-4 / RMSF,RMSF,Residue,120,0.040615108,nm,nm
line,overlay,sdu6-homo-4,sdu6-homo-4,rmsf,8f3nh0cv,8f3nh0cv::RMSF,sdu6-homo-4 / RMSF,RMSF,Residue,121,0.04246529,nm,nm
line,overlay,sdu6-homo-4,sdu6-homo-4,rmsf,8f3nh0cv,8f3nh0cv::RMSF,sdu6-homo-4 / RMSF,RMSF,Residue,122,0.05166861,nm,nm
line,overlay,sdu6-homo-4,sdu6-homo-4,rmsf,8f3nh0cv,8f3nh0cv::RMSF,sdu6-homo-4 / RMSF,RMSF,Residue,123,0.056121435,nm,nm
line,overlay,sdu6-homo-4,sdu6-homo-4,rmsf,8f3nh0cv,8f3nh0cv::RMSF,sdu6-homo-4 / RMSF,RMSF,Residue,124,0.053518355,nm,nm
line,overlay,sdu6-homo-4,sdu6-homo-4,rmsf,8f3nh0cv,8f3nh0cv::RMSF,sdu6-homo-4 / RMSF,RMSF,Residue,125,0.070927165,nm,nm
line,overlay,sdu6-homo-4,sdu6-homo-4,rmsf,8f3nh0cv,8f3nh0cv::RMSF,sdu6-homo-4 / RMSF,RMSF,Residue,126,0.067294456,nm,nm
line,overlay,sdu6-homo-4,sdu6-homo-4,rmsf,8f3nh0cv,8f3nh0cv::RMSF,sdu6-homo-4 / RMSF,RMSF,Residue,127,0.056454934,nm,nm
line,overlay,sdu6-homo-4,sdu6-homo-4,rmsf,8f3nh0cv,8f3nh0cv::RMSF,sdu6-homo-4 / RMSF,RMSF,Residue,128,0.06967032,nm,nm
line,overlay,sdu6-homo-4,sdu6-homo-4,rmsf,8f3nh0cv,8f3nh0cv::RMSF,sdu6-homo-4 / RMSF,RMSF,Residue,129,0.07451718,nm,nm
line,overlay,sdu6-homo-4,sdu6-homo-4,rmsf,8f3nh0cv,8f3nh0cv::RMSF,sdu6-homo-4 / RMSF,RMSF,Residue,130,0.067631915,nm,nm
line,overlay,sdu6-homo-4,sdu6-homo-4,rmsf,8f3nh0cv,8f3nh0cv::RMSF,sdu6-homo-4 / RMSF,RMSF,Residue,131,0.06978837,nm,nm
line,overlay,sdu6-homo-4,sdu6-homo-4,rmsf,8f3nh0cv,8f3nh0cv::RMSF,sdu6-homo-4 / RMSF,RMSF,Residue,132,0.08163053,nm,nm
line,overlay,sdu6-homo-4,sdu6-homo-4,rmsf,8f3nh0cv,8f3nh0cv::RMSF,sdu6-homo-4 / RMSF,RMSF,Residue,133,0.08602222,nm,nm
line,overlay,sdu6-homo-4,sdu6-homo-4,rmsf,8f3nh0cv,8f3nh0cv::RMSF,sdu6-homo-4 / RMSF,RMSF,Residue,134,0.08266398,nm,nm
line,overlay,sdu6-homo-4,sdu6-homo-4,rmsf,8f3nh0cv,8f3nh0cv::RMSF,sdu6-homo-4 / RMSF,RMSF,Residue,135,0.08662578,nm,nm
line,overlay,sdu6-homo-4,sdu6-homo-4,rmsf,8f3nh0cv,8f3nh0cv::RMSF,sdu6-homo-4 / RMSF,RMSF,Residue,136,0.072659895,nm,nm
line,overlay,sdu6-homo-4,sdu6-homo-4,rmsf,8f3nh0cv,8f3nh0cv::RMSF,sdu6-homo-4 / RMSF,RMSF,Residue,137,0.061791465,nm,nm
line,overlay,sdu6-homo-4,sdu6-homo-4,rmsf,8f3nh0cv,8f3nh0cv::RMSF,sdu6-homo-4 / RMSF,RMSF,Residue,138,0.048142612,nm,nm
line,overlay,sdu6-homo-4,sdu6-homo-4,rmsf,8f3nh0cv,8f3nh0cv::RMSF,sdu6-homo-4 / RMSF,RMSF,Residue,139,0.041879706,nm,nm
line,overlay,sdu6-homo-4,sdu6-homo-4,rmsf,8f3nh0cv,8f3nh0cv::RMSF,sdu6-homo-4 / RMSF,RMSF,Residue,140,0.046787225,nm,nm
line,overlay,sdu6-homo-4,sdu6-homo-4,rmsf,8f3nh0cv,8f3nh0cv::RMSF,sdu6-homo-4 / RMSF,RMSF,Residue,141,0.040363893,nm,nm
line,overlay,sdu6-homo-4,sdu6-homo-4,rmsf,8f3nh0cv,8f3nh0cv::RMSF,sdu6-homo-4 / RMSF,RMSF,Residue,142,0.040064164,nm,nm
line,overlay,sdu6-homo-4,sdu6-homo-4,rmsf,8f3nh0cv,8f3nh0cv::RMSF,sdu6-homo-4 / RMSF,RMSF,Residue,143,0.04546964,nm,nm
line,overlay,sdu6-homo-4,sdu6-homo-4,rmsf,8f3nh0cv,8f3nh0cv::RMSF,sdu6-homo-4 / RMSF,RMSF,Residue,144,0.054828573,nm,nm
line,overlay,sdu6-homo-4,sdu6-homo-4,rmsf,8f3nh0cv,8f3nh0cv::RMSF,sdu6-homo-4 / RMSF,RMSF,Residue,145,0.06296137,nm,nm
line,overlay,sdu6-homo-4,sdu6-homo-4,rmsf,8f3nh0cv,8f3nh0cv::RMSF,sdu6-homo-4 / RMSF,RMSF,Residue,146,0.062329162,nm,nm
line,overlay,sdu6-homo-4,sdu6-homo-4,rmsf,8f3nh0cv,8f3nh0cv::RMSF,sdu6-homo-4 / RMSF,RMSF,Residue,147,0.063413866,nm,nm
line,overlay,sdu6-homo-4,sdu6-homo-4,rmsf,8f3nh0cv,8f3nh0cv::RMSF,sdu6-homo-4 / RMSF,RMSF,Residue,148,0.059516672,nm,nm
line,overlay,sdu6-homo-4,sdu6-homo-4,rmsf,8f3nh0cv,8f3nh0cv::RMSF,sdu6-homo-4 / RMSF,RMSF,Residue,149,0.051570892,nm,nm
line,overlay,sdu6-homo-4,sdu6-homo-4,rmsf,8f3nh0cv,8f3nh0cv::RMSF,sdu6-homo-4 / RMSF,RMSF,Residue,150,0.053742185,nm,nm
line,overlay,sdu6-homo-4,sdu6-homo-4,rmsf,8f3nh0cv,8f3nh0cv::RMSF,sdu6-homo-4 / RMSF,RMSF,Residue,151,0.054266743,nm,nm
line,overlay,sdu6-homo-4,sdu6-homo-4,rmsf,8f3nh0cv,8f3nh0cv::RMSF,sdu6-homo-4 / RMSF,RMSF,Residue,152,0.062596425,nm,nm
line,overlay,sdu6-homo-4,sdu6-homo-4,rmsf,8f3nh0cv,8f3nh0cv::RMSF,sdu6-homo-4 / RMSF,RMSF,Residue,153,0.063811034,nm,nm
line,overlay,sdu6-homo-4,sdu6-homo-4,rmsf,8f3nh0cv,8f3nh0cv::RMSF,sdu6-homo-4 / RMSF,RMSF,Residue,154,0.06237928,nm,nm
line,overlay,sdu6-homo-4,sdu6-homo-4,rmsf,8f3nh0cv,8f3nh0cv::RMSF,sdu6-homo-4 / RMSF,RMSF,Residue,155,0.06719736,nm,nm
line,overlay,sdu6-homo-4,sdu6-homo-4,rmsf,8f3nh0cv,8f3nh0cv::RMSF,sdu6-homo-4 / RMSF,RMSF,Residue,156,0.06555946,nm,nm
line,overlay,sdu6-homo-4,sdu6-homo-4,rmsf,8f3nh0cv,8f3nh0cv::RMSF,sdu6-homo-4 / RMSF,RMSF,Residue,157,0.07121534,nm,nm
line,overlay,sdu6-homo-4,sdu6-homo-4,rmsf,8f3nh0cv,8f3nh0cv::RMSF,sdu6-homo-4 / RMSF,RMSF,Residue,158,0.075502925,nm,nm
line,overlay,sdu6-homo-4,sdu6-homo-4,rmsf,8f3nh0cv,8f3nh0cv::RMSF,sdu6-homo-4 / RMSF,RMSF,Residue,159,0.073911496,nm,nm
line,overlay,sdu6-homo-4,sdu6-homo-4,rmsf,8f3nh0cv,8f3nh0cv::RMSF,sdu6-homo-4 / RMSF,RMSF,Residue,160,0.084717855,nm,nm
line,overlay,sdu6-homo-4,sdu6-homo-4,rmsf,8f3nh0cv,8f3nh0cv::RMSF,sdu6-homo-4 / RMSF,RMSF,Residue,161,0.104578786,nm,nm
line,overlay,sdu6-homo-4,sdu6-homo-4,rmsf,8f3nh0cv,8f3nh0cv::RMSF,sdu6-homo-4 / RMSF,RMSF,Residue,162,0.08348935,nm,nm
line,overlay,sdu6-homo-4,sdu6-homo-4,rmsf,8f3nh0cv,8f3nh0cv::RMSF,sdu6-homo-4 / RMSF,RMSF,Residue,163,0.07925669,nm,nm
line,overlay,sdu6-homo-4,sdu6-homo-4,rmsf,8f3nh0cv,8f3nh0cv::RMSF,sdu6-homo-4 / RMSF,RMSF,Residue,164,0.1127566,nm,nm
line,overlay,sdu6-homo-4,sdu6-homo-4,rmsf,8f3nh0cv,8f3nh0cv::RMSF,sdu6-homo-4 / RMSF,RMSF,Residue,165,0.13792434,nm,nm
line,overlay,sdu6-homo-4,sdu6-homo-4,rmsf,8f3nh0cv,8f3nh0cv::RMSF,sdu6-homo-4 / RMSF,RMSF,Residue,166,0.13774358,nm,nm
line,overlay,sdu6-homo-4,sdu6-homo-4,rmsf,8f3nh0cv,8f3nh0cv::RMSF,sdu6-homo-4 / RMSF,RMSF,Residue,167,0.10939625,nm,nm
line,overlay,sdu6-homo-4,sdu6-homo-4,rmsf,8f3nh0cv,8f3nh0cv::RMSF,sdu6-homo-4 / RMSF,RMSF,Residue,168,0.10338921,nm,nm
line,overlay,sdu6-homo-4,sdu6-homo-4,rmsf,8f3nh0cv,8f3nh0cv::RMSF,sdu6-homo-4 / RMSF,RMSF,Residue,169,0.10324653,nm,nm
line,overlay,sdu6-homo-4,sdu6-homo-4,rmsf,8f3nh0cv,8f3nh0cv::RMSF,sdu6-homo-4 / RMSF,RMSF,Residue,170,0.079938896,nm,nm
line,overlay,sdu6-homo-4,sdu6-homo-4,rmsf,8f3nh0cv,8f3nh0cv::RMSF,sdu6-homo-4 / RMSF,RMSF,Residue,171,0.07191224,nm,nm
line,overlay,sdu6-homo-4,sdu6-homo-4,rmsf,8f3nh0cv,8f3nh0cv::RMSF,sdu6-homo-4 / RMSF,RMSF,Residue,172,0.061738662,nm,nm
line,overlay,sdu6-homo-4,sdu6-homo-4,rmsf,8f3nh0cv,8f3nh0cv::RMSF,sdu6-homo-4 / RMSF,RMSF,Residue,173,0.066782236,nm,nm
line,overlay,sdu6-homo-4,sdu6-homo-4,rmsf,8f3nh0cv,8f3nh0cv::RMSF,sdu6-homo-4 / RMSF,RMSF,Residue,174,0.06311876,nm,nm
line,overlay,sdu6-homo-4,sdu6-homo-4,rmsf,8f3nh0cv,8f3nh0cv::RMSF,sdu6-homo-4 / RMSF,RMSF,Residue,175,0.07568081,nm,nm
line,overlay,sdu6-homo-4,sdu6-homo-4,rmsf,8f3nh0cv,8f3nh0cv::RMSF,sdu6-homo-4 / RMSF,RMSF,Residue,176,0.074235946,nm,nm
line,overlay,sdu6-homo-4,sdu6-homo-4,rmsf,8f3nh0cv,8f3nh0cv::RMSF,sdu6-homo-4 / RMSF,RMSF,Residue,177,0.06683897,nm,nm
line,overlay,sdu6-homo-4,sdu6-homo-4,rmsf,8f3nh0cv,8f3nh0cv::RMSF,sdu6-homo-4 / RMSF,RMSF,Residue,178,0.067332,nm,nm
line,overlay,sdu6-homo-4,sdu6-homo-4,rmsf,8f3nh0cv,8f3nh0cv::RMSF,sdu6-homo-4 / RMSF,RMSF,Residue,179,0.065284684,nm,nm
line,overlay,sdu6-homo-4,sdu6-homo-4,rmsf,8f3nh0cv,8f3nh0cv::RMSF,sdu6-homo-4 / RMSF,RMSF,Residue,180,0.061520547,nm,nm
line,overlay,sdu6-homo-4,sdu6-homo-4,rmsf,8f3nh0cv,8f3nh0cv::RMSF,sdu6-homo-4 / RMSF,RMSF,Residue,181,0.0663926,nm,nm
line,overlay,sdu6-homo-4,sdu6-homo-4,rmsf,8f3nh0cv,8f3nh0cv::RMSF,sdu6-homo-4 / RMSF,RMSF,Residue,182,0.072616525,nm,nm
line,overlay,sdu6-homo-4,sdu6-homo-4,rmsf,8f3nh0cv,8f3nh0cv::RMSF,sdu6-homo-4 / RMSF,RMSF,Residue,183,0.06660073,nm,nm
line,overlay,sdu6-homo-4,sdu6-homo-4,rmsf,8f3nh0cv,8f3nh0cv::RMSF,sdu6-homo-4 / RMSF,RMSF,Residue,184,0.056341488,nm,nm
line,overlay,sdu6-homo-4,sdu6-homo-4,rmsf,8f3nh0cv,8f3nh0cv::RMSF,sdu6-homo-4 / RMSF,RMSF,Residue,185,0.06199212,nm,nm
line,overlay,sdu6-homo-4,sdu6-homo-4,rmsf,8f3nh0cv,8f3nh0cv::RMSF,sdu6-homo-4 / RMSF,RMSF,Residue,186,0.07054541,nm,nm
line,overlay,sdu6-homo-4,sdu6-homo-4,rmsf,8f3nh0cv,8f3nh0cv::RMSF,sdu6-homo-4 / RMSF,RMSF,Residue,187,0.08291734,nm,nm
line,overlay,sdu6-homo-4,sdu6-homo-4,rmsf,8f3nh0cv,8f3nh0cv::RMSF,sdu6-homo-4 / RMSF,RMSF,Residue,188,0.09645587,nm,nm
line,overlay,sdu6-homo-4,sdu6-homo-4,rmsf,8f3nh0cv,8f3nh0cv::RMSF,sdu6-homo-4 / RMSF,RMSF,Residue,189,0.11817168,nm,nm
line,overlay,sdu6-homo-4,sdu6-homo-4,rmsf,8f3nh0cv,8f3nh0cv::RMSF,sdu6-homo-4 / RMSF,RMSF,Residue,190,0.12795015,nm,nm
line,overlay,sdu6-homo-4,sdu6-homo-4,rmsf,8f3nh0cv,8f3nh0cv::RMSF,sdu6-homo-4 / RMSF,RMSF,Residue,191,0.18886402,nm,nm
line,overlay,sdu6-homo-4,sdu6-homo-4,rmsf,8f3nh0cv,8f3nh0cv::RMSF,sdu6-homo-4 / RMSF,RMSF,Residue,192,0.1654105,nm,nm
line,overlay,sdu6-homo-4,sdu6-homo-4,rmsf,8f3nh0cv,8f3nh0cv::RMSF,sdu6-homo-4 / RMSF,RMSF,Residue,193,0.16872476,nm,nm
line,overlay,sdu6-homo-4,sdu6-homo-4,rmsf,8f3nh0cv,8f3nh0cv::RMSF,sdu6-homo-4 / RMSF,RMSF,Residue,194,0.20446824,nm,nm
line,overlay,sdu6-homo-4,sdu6-homo-4,rmsf,8f3nh0cv,8f3nh0cv::RMSF,sdu6-homo-4 / RMSF,RMSF,Residue,195,0.21380624,nm,nm
line,overlay,sdu6-homo-4,sdu6-homo-4,rmsf,8f3nh0cv,8f3nh0cv::RMSF,sdu6-homo-4 / RMSF,RMSF,Residue,196,0.12625156,nm,nm
line,overlay,sdu6-homo-4,sdu6-homo-4,rmsf,8f3nh0cv,8f3nh0cv::RMSF,sdu6-homo-4 / RMSF,RMSF,Residue,197,0.11707536,nm,nm
line,overlay,sdu6-homo-4,sdu6-homo-4,rmsf,8f3nh0cv,8f3nh0cv::RMSF,sdu6-homo-4 / RMSF,RMSF,Residue,198,0.1063316,nm,nm
line,overlay,sdu6-homo-4,sdu6-homo-4,rmsf,8f3nh0cv,8f3nh0cv::RMSF,sdu6-homo-4 / RMSF,RMSF,Residue,199,0.10255678,nm,nm
line,overlay,sdu6-homo-4,sdu6-homo-4,rmsf,8f3nh0cv,8f3nh0cv::RMSF,sdu6-homo-4 / RMSF,RMSF,Residue,200,0.10956964,nm,nm
line,overlay,sdu6-homo-4,sdu6-homo-4,rmsf,8f3nh0cv,8f3nh0cv::RMSF,sdu6-homo-4 / RMSF,RMSF,Residue,201,0.10956154,nm,nm
line,overlay,sdu6-homo-4,sdu6-homo-4,rmsf,8f3nh0cv,8f3nh0cv::RMSF,sdu6-homo-4 / RMSF,RMSF,Residue,202,0.09265099,nm,nm
line,overlay,sdu6-homo-4,sdu6-homo-4,rmsf,8f3nh0cv,8f3nh0cv::RMSF,sdu6-homo-4 / RMSF,RMSF,Residue,203,0.09033459,nm,nm
line,overlay,sdu6-homo-4,sdu6-homo-4,rmsf,8f3nh0cv,8f3nh0cv::RMSF,sdu6-homo-4 / RMSF,RMSF,Residue,204,0.08973629,nm,nm
line,overlay,sdu6-homo-4,sdu6-homo-4,rmsf,8f3nh0cv,8f3nh0cv::RMSF,sdu6-homo-4 / RMSF,RMSF,Residue,205,0.08229838,nm,nm
line,overlay,sdu6-homo-4,sdu6-homo-4,rmsf,8f3nh0cv,8f3nh0cv::RMSF,sdu6-homo-4 / RMSF,RMSF,Residue,206,0.077266715,nm,nm
line,overlay,sdu6-homo-4,sdu6-homo-4,rmsf,8f3nh0cv,8f3nh0cv::RMSF,sdu6-homo-4 / RMSF,RMSF,Residue,207,0.08048236,nm,nm
line,overlay,sdu6-homo-4,sdu6-homo-4,rmsf,8f3nh0cv,8f3nh0cv::RMSF,sdu6-homo-4 / RMSF,RMSF,Residue,208,0.08262049,nm,nm
line,overlay,sdu6-homo-4,sdu6-homo-4,rmsf,8f3nh0cv,8f3nh0cv::RMSF,sdu6-homo-4 / RMSF,RMSF,Residue,209,0.087867565,nm,nm
line,overlay,sdu6-homo-4,sdu6-homo-4,rmsf,8f3nh0cv,8f3nh0cv::RMSF,sdu6-homo-4 / RMSF,RMSF,Residue,210,0.088169366,nm,nm
line,overlay,sdu6-homo-4,sdu6-homo-4,rmsf,8f3nh0cv,8f3nh0cv::RMSF,sdu6-homo-4 / RMSF,RMSF,Residue,211,0.069592364,nm,nm
line,overlay,sdu6-homo-4,sdu6-homo-4,rmsf,8f3nh0cv,8f3nh0cv::RMSF,sdu6-homo-4 / RMSF,RMSF,Residue,212,0.057485834,nm,nm
line,overlay,sdu6-homo-4,sdu6-homo-4,rmsf,8f3nh0cv,8f3nh0cv::RMSF,sdu6-homo-4 / RMSF,RMSF,Residue,213,0.058398433,nm,nm
line,overlay,sdu6-homo-4,sdu6-homo-4,rmsf,8f3nh0cv,8f3nh0cv::RMSF,sdu6-homo-4 / RMSF,RMSF,Residue,214,0.050838154,nm,nm
line,overlay,sdu6-homo-4,sdu6-homo-4,rmsf,8f3nh0cv,8f3nh0cv::RMSF,sdu6-homo-4 / RMSF,RMSF,Residue,215,0.046756376,nm,nm
line,overlay,sdu6-homo-4,sdu6-homo-4,rmsf,8f3nh0cv,8f3nh0cv::RMSF,sdu6-homo-4 / RMSF,RMSF,Residue,216,0.04246889,nm,nm
line,overlay,sdu6-homo-4,sdu6-homo-4,rmsf,8f3nh0cv,8f3nh0cv::RMSF,sdu6-homo-4 / RMSF,RMSF,Residue,217,0.040057726,nm,nm
line,overlay,sdu6-homo-4,sdu6-homo-4,rmsf,8f3nh0cv,8f3nh0cv::RMSF,sdu6-homo-4 / RMSF,RMSF,Residue,218,0.04264967,nm,nm
line,overlay,sdu6-homo-4,sdu6-homo-4,rmsf,8f3nh0cv,8f3nh0cv::RMSF,sdu6-homo-4 / RMSF,RMSF,Residue,219,0.050556,nm,nm
line,overlay,sdu6-homo-4,sdu6-homo-4,rmsf,8f3nh0cv,8f3nh0cv::RMSF,sdu6-homo-4 / RMSF,RMSF,Residue,220,0.055277463,nm,nm
line,overlay,sdu6-homo-4,sdu6-homo-4,rmsf,8f3nh0cv,8f3nh0cv::RMSF,sdu6-homo-4 / RMSF,RMSF,Residue,221,0.05990582,nm,nm
line,overlay,sdu6-homo-4,sdu6-homo-4,rmsf,8f3nh0cv,8f3nh0cv::RMSF,sdu6-homo-4 / RMSF,RMSF,Residue,222,0.06316184,nm,nm
line,overlay,sdu6-homo-4,sdu6-homo-4,rmsf,8f3nh0cv,8f3nh0cv::RMSF,sdu6-homo-4 / RMSF,RMSF,Residue,223,0.06201203,nm,nm
line,overlay,sdu6-homo-4,sdu6-homo-4,rmsf,8f3nh0cv,8f3nh0cv::RMSF,sdu6-homo-4 / RMSF,RMSF,Residue,224,0.06509423,nm,nm
line,overlay,sdu6-homo-4,sdu6-homo-4,rmsf,8f3nh0cv,8f3nh0cv::RMSF,sdu6-homo-4 / RMSF,RMSF,Residue,225,0.062682435,nm,nm
line,overlay,sdu6-homo-4,sdu6-homo-4,rmsf,8f3nh0cv,8f3nh0cv::RMSF,sdu6-homo-4 / RMSF,RMSF,Residue,226,0.06245937,nm,nm
line,overlay,sdu6-homo-4,sdu6-homo-4,rmsf,8f3nh0cv,8f3nh0cv::RMSF,sdu6-homo-4 / RMSF,RMSF,Residue,227,0.061896823,nm,nm
line,overlay,sdu6-homo-4,sdu6-homo-4,rmsf,8f3nh0cv,8f3nh0cv::RMSF,sdu6-homo-4 / RMSF,RMSF,Residue,228,0.059542187,nm,nm
line,overlay,sdu6-homo-4,sdu6-homo-4,rmsf,8f3nh0cv,8f3nh0cv::RMSF,sdu6-homo-4 / RMSF,RMSF,Residue,229,0.06183852,nm,nm
line,overlay,sdu6-homo-4,sdu6-homo-4,rmsf,8f3nh0cv,8f3nh0cv::RMSF,sdu6-homo-4 / RMSF,RMSF,Residue,230,0.06259897,nm,nm
line,overlay,sdu6-homo-4,sdu6-homo-4,rmsf,8f3nh0cv,8f3nh0cv::RMSF,sdu6-homo-4 / RMSF,RMSF,Residue,231,0.06052428,nm,nm
line,overlay,sdu6-homo-4,sdu6-homo-4,rmsf,8f3nh0cv,8f3nh0cv::RMSF,sdu6-homo-4 / RMSF,RMSF,Residue,232,0.059311137,nm,nm
line,overlay,sdu6-homo-4,sdu6-homo-4,rmsf,8f3nh0cv,8f3nh0cv::RMSF,sdu6-homo-4 / RMSF,RMSF,Residue,233,0.07598159,nm,nm
line,overlay,sdu6-homo-4,sdu6-homo-4,rmsf,8f3nh0cv,8f3nh0cv::RMSF,sdu6-homo-4 / RMSF,RMSF,Residue,234,0.08122134,nm,nm
line,overlay,sdu6-homo-4,sdu6-homo-4,rmsf,8f3nh0cv,8f3nh0cv::RMSF,sdu6-homo-4 / RMSF,RMSF,Residue,235,0.059628457,nm,nm
line,overlay,sdu6-homo-4,sdu6-homo-4,rmsf,8f3nh0cv,8f3nh0cv::RMSF,sdu6-homo-4 / RMSF,RMSF,Residue,236,0.054892283,nm,nm
line,overlay,sdu6-homo-4,sdu6-homo-4,rmsf,8f3nh0cv,8f3nh0cv::RMSF,sdu6-homo-4 / RMSF,RMSF,Residue,237,0.051721714,nm,nm
line,overlay,sdu6-homo-4,sdu6-homo-4,rmsf,8f3nh0cv,8f3nh0cv::RMSF,sdu6-homo-4 / RMSF,RMSF,Residue,238,0.04547602,nm,nm
line,overlay,sdu6-homo-4,sdu6-homo-4,rmsf,8f3nh0cv,8f3nh0cv::RMSF,sdu6-homo-4 / RMSF,RMSF,Residue,239,0.04375833,nm,nm
line,overlay,sdu6-homo-4,sdu6-homo-4,rmsf,8f3nh0cv,8f3nh0cv::RMSF,sdu6-homo-4 / RMSF,RMSF,Residue,240,0.047211643,nm,nm
line,overlay,sdu6-homo-4,sdu6-homo-4,rmsf,8f3nh0cv,8f3nh0cv::RMSF,sdu6-homo-4 / RMSF,RMSF,Residue,241,0.046883367,nm,nm
line,overlay,sdu6-homo-4,sdu6-homo-4,rmsf,8f3nh0cv,8f3nh0cv::RMSF,sdu6-homo-4 / RMSF,RMSF,Residue,242,0.046225175,nm,nm
line,overlay,sdu6-homo-4,sdu6-homo-4,rmsf,8f3nh0cv,8f3nh0cv::RMSF,sdu6-homo-4 / RMSF,RMSF,Residue,243,0.046648294,nm,nm
line,overlay,sdu6-homo-4,sdu6-homo-4,rmsf,8f3nh0cv,8f3nh0cv::RMSF,sdu6-homo-4 / RMSF,RMSF,Residue,244,0.0509616,nm,nm
line,overlay,sdu6-homo-4,sdu6-homo-4,rmsf,8f3nh0cv,8f3nh0cv::RMSF,sdu6-homo-4 / RMSF,RMSF,Residue,245,0.05741701,nm,nm
line,overlay,sdu6-homo-4,sdu6-homo-4,rmsf,8f3nh0cv,8f3nh0cv::RMSF,sdu6-homo-4 / RMSF,RMSF,Residue,246,0.07777831,nm,nm
line,overlay,sdu6-homo-4,sdu6-homo-4,rmsf,8f3nh0cv,8f3nh0cv::RMSF,sdu6-homo-4 / RMSF,RMSF,Residue,247,0.12508146,nm,nm
line,overlay,sdu6-homo-4,sdu6-homo-4,rmsf,8f3nh0cv,8f3nh0cv::RMSF,sdu6-homo-4 / RMSF,RMSF,Residue,248,0.124997795,nm,nm
line,overlay,sdu6-homo-4,sdu6-homo-4,rmsf,8f3nh0cv,8f3nh0cv::RMSF,sdu6-homo-4 / RMSF,RMSF,Residue,249,0.15209123,nm,nm
line,overlay,sdu6-homo-4,sdu6-homo-4,rmsf,8f3nh0cv,8f3nh0cv::RMSF,sdu6-homo-4 / RMSF,RMSF,Residue,250,0.12612712,nm,nm
line,overlay,sdu6-homo-4,sdu6-homo-4,rmsf,8f3nh0cv,8f3nh0cv::RMSF,sdu6-homo-4 / RMSF,RMSF,Residue,251,0.11145822,nm,nm
line,overlay,sdu6-homo-4,sdu6-homo-4,rmsf,8f3nh0cv,8f3nh0cv::RMSF,sdu6-homo-4 / RMSF,RMSF,Residue,252,0.11114737,nm,nm
line,overlay,sdu6-homo-4,sdu6-homo-4,rmsf,8f3nh0cv,8f3nh0cv::RMSF,sdu6-homo-4 / RMSF,RMSF,Residue,253,0.13895276,nm,nm
line,overlay,sdu6-homo-4,sdu6-homo-4,rmsf,8f3nh0cv,8f3nh0cv::RMSF,sdu6-homo-4 / RMSF,RMSF,Residue,254,0.07741447,nm,nm
line,overlay,sdu6-homo-4,sdu6-homo-4,rmsf,8f3nh0cv,8f3nh0cv::RMSF,sdu6-homo-4 / RMSF,RMSF,Residue,255,0.088272765,nm,nm
line,overlay,sdu6-homo-4,sdu6-homo-4,rmsf,8f3nh0cv,8f3nh0cv::RMSF,sdu6-homo-4 / RMSF,RMSF,Residue,256,0.10839926,nm,nm
line,overlay,sdu6-homo-4,sdu6-homo-4,rmsf,8f3nh0cv,8f3nh0cv::RMSF,sdu6-homo-4 / RMSF,RMSF,Residue,257,0.07976538,nm,nm
line,overlay,sdu6-homo-4,sdu6-homo-4,rmsf,8f3nh0cv,8f3nh0cv::RMSF,sdu6-homo-4 / RMSF,RMSF,Residue,258,0.10008699,nm,nm
line,overlay,sdu6-homo-4,sdu6-homo-4,rmsf,8f3nh0cv,8f3nh0cv::RMSF,sdu6-homo-4 / RMSF,RMSF,Residue,259,0.084182195,nm,nm
line,overlay,sdu6-homo-4,sdu6-homo-4,rmsf,8f3nh0cv,8f3nh0cv::RMSF,sdu6-homo-4 / RMSF,RMSF,Residue,260,0.08302749,nm,nm
line,overlay,sdu6-homo-4,sdu6-homo-4,rmsf,8f3nh0cv,8f3nh0cv::RMSF,sdu6-homo-4 / RMSF,RMSF,Residue,261,0.076927304,nm,nm
line,overlay,sdu6-homo-4,sdu6-homo-4,rmsf,8f3nh0cv,8f3nh0cv::RMSF,sdu6-homo-4 / RMSF,RMSF,Residue,262,0.071812406,nm,nm
line,overlay,sdu6-homo-4,sdu6-homo-4,rmsf,8f3nh0cv,8f3nh0cv::RMSF,sdu6-homo-4 / RMSF,RMSF,Residue,263,0.08394958,nm,nm
line,overlay,sdu6-homo-4,sdu6-homo-4,rmsf,8f3nh0cv,8f3nh0cv::RMSF,sdu6-homo-4 / RMSF,RMSF,Residue,264,0.0812469,nm,nm
line,overlay,sdu6-homo-4,sdu6-homo-4,rmsf,8f3nh0cv,8f3nh0cv::RMSF,sdu6-homo-4 / RMSF,RMSF,Residue,265,0.08915136,nm,nm
line,overlay,sdu6-homo-4,sdu6-homo-4,rmsf,8f3nh0cv,8f3nh0cv::RMSF,sdu6-homo-4 / RMSF,RMSF,Residue,266,0.103075646,nm,nm
line,overlay,sdu6-homo-4,sdu6-homo-4,rmsf,8f3nh0cv,8f3nh0cv::RMSF,sdu6-homo-4 / RMSF,RMSF,Residue,267,0.09171816,nm,nm
line,overlay,sdu6-homo-4,sdu6-homo-4,rmsf,8f3nh0cv,8f3nh0cv::RMSF,sdu6-homo-4 / RMSF,RMSF,Residue,268,0.08151287,nm,nm
line,overlay,sdu6-homo-4,sdu6-homo-4,rmsf,8f3nh0cv,8f3nh0cv::RMSF,sdu6-homo-4 / RMSF,RMSF,Residue,269,0.09392039,nm,nm
line,overlay,sdu6-homo-4,sdu6-homo-4,rmsf,8f3nh0cv,8f3nh0cv::RMSF,sdu6-homo-4 / RMSF,RMSF,Residue,270,0.1020571,nm,nm
line,overlay,sdu6-homo-4,sdu6-homo-4,rmsf,8f3nh0cv,8f3nh0cv::RMSF,sdu6-homo-4 / RMSF,RMSF,Residue,271,0.09119583,nm,nm
line,overlay,sdu6-homo-4,sdu6-homo-4,rmsf,8f3nh0cv,8f3nh0cv::RMSF,sdu6-homo-4 / RMSF,RMSF,Residue,272,0.09117853,nm,nm
line,overlay,sdu6-homo-4,sdu6-homo-4,rmsf,8f3nh0cv,8f3nh0cv::RMSF,sdu6-homo-4 / RMSF,RMSF,Residue,273,0.08394032,nm,nm
line,overlay,sdu6-homo-4,sdu6-homo-4,rmsf,8f3nh0cv,8f3nh0cv::RMSF,sdu6-homo-4 / RMSF,RMSF,Residue,274,0.07464773,nm,nm
line,overlay,sdu6-homo-4,sdu6-homo-4,rmsf,8f3nh0cv,8f3nh0cv::RMSF,sdu6-homo-4 / RMSF,RMSF,Residue,275,0.07636566,nm,nm
line,overlay,sdu6-homo-4,sdu6-homo-4,rmsf,8f3nh0cv,8f3nh0cv::RMSF,sdu6-homo-4 / RMSF,RMSF,Residue,276,0.06013899,nm,nm
line,overlay,sdu6-homo-4,sdu6-homo-4,rmsf,8f3nh0cv,8f3nh0cv::RMSF,sdu6-homo-4 / RMSF,RMSF,Residue,277,0.04887291,nm,nm
line,overlay,sdu6-homo-4,sdu6-homo-4,rmsf,8f3nh0cv,8f3nh0cv::RMSF,sdu6-homo-4 / RMSF,RMSF,Residue,278,0.04609035,nm,nm
line,overlay,sdu6-homo-4,sdu6-homo-4,rmsf,8f3nh0cv,8f3nh0cv::RMSF,sdu6-homo-4 / RMSF,RMSF,Residue,279,0.045000162,nm,nm
line,overlay,sdu6-homo-4,sdu6-homo-4,rmsf,8f3nh0cv,8f3nh0cv::RMSF,sdu6-homo-4 / RMSF,RMSF,Residue,280,0.047644507,nm,nm
line,overlay,sdu6-homo-4,sdu6-homo-4,rmsf,8f3nh0cv,8f3nh0cv::RMSF,sdu6-homo-4 / RMSF,RMSF,Residue,281,0.04849509,nm,nm
line,overlay,sdu6-homo-4,sdu6-homo-4,rmsf,8f3nh0cv,8f3nh0cv::RMSF,sdu6-homo-4 / RMSF,RMSF,Residue,282,0.06646792,nm,nm
line,overlay,sdu6-homo-4,sdu6-homo-4,rmsf,8f3nh0cv,8f3nh0cv::RMSF,sdu6-homo-4 / RMSF,RMSF,Residue,283,0.06476499,nm,nm
line,overlay,sdu6-homo-4,sdu6-homo-4,rmsf,8f3nh0cv,8f3nh0cv::RMSF,sdu6-homo-4 / RMSF,RMSF,Residue,284,0.06304464,nm,nm
line,overlay,sdu6-homo-4,sdu6-homo-4,rmsf,8f3nh0cv,8f3nh0cv::RMSF,sdu6-homo-4 / RMSF,RMSF,Residue,285,0.05536656,nm,nm
line,overlay,sdu6-homo-4,sdu6-homo-4,rmsf,8f3nh0cv,8f3nh0cv::RMSF,sdu6-homo-4 / RMSF,RMSF,Residue,286,0.06021225,nm,nm
line,overlay,sdu6-homo-4,sdu6-homo-4,rmsf,8f3nh0cv,8f3nh0cv::RMSF,sdu6-homo-4 / RMSF,RMSF,Residue,287,0.06716285,nm,nm
line,overlay,sdu6-homo-4,sdu6-homo-4,rmsf,8f3nh0cv,8f3nh0cv::RMSF,sdu6-homo-4 / RMSF,RMSF,Residue,288,0.07934001,nm,nm
line,overlay,sdu6-homo-4,sdu6-homo-4,rmsf,8f3nh0cv,8f3nh0cv::RMSF,sdu6-homo-4 / RMSF,RMSF,Residue,289,0.08218908,nm,nm
line,overlay,sdu6-homo-4,sdu6-homo-4,rmsf,8f3nh0cv,8f3nh0cv::RMSF,sdu6-homo-4 / RMSF,RMSF,Residue,290,0.07809908,nm,nm
line,overlay,sdu6-homo-4,sdu6-homo-4,rmsf,8f3nh0cv,8f3nh0cv::RMSF,sdu6-homo-4 / RMSF,RMSF,Residue,291,0.06905205,nm,nm
line,overlay,sdu6-homo-4,sdu6-homo-4,rmsf,8f3nh0cv,8f3nh0cv::RMSF,sdu6-homo-4 / RMSF,RMSF,Residue,292,0.074289665,nm,nm
line,overlay,sdu6-homo-4,sdu6-homo-4,rmsf,8f3nh0cv,8f3nh0cv::RMSF,sdu6-homo-4 / RMSF,RMSF,Residue,293,0.07734146,nm,nm
line,overlay,sdu6-homo-4,sdu6-homo-4,rmsf,8f3nh0cv,8f3nh0cv::RMSF,sdu6-homo-4 / RMSF,RMSF,Residue,294,0.07126992,nm,nm
line,overlay,sdu6-homo-4,sdu6-homo-4,rmsf,8f3nh0cv,8f3nh0cv::RMSF,sdu6-homo-4 / RMSF,RMSF,Residue,295,0.07467428,nm,nm
line,overlay,sdu6-homo-4,sdu6-homo-4,rmsf,8f3nh0cv,8f3nh0cv::RMSF,sdu6-homo-4 / RMSF,RMSF,Residue,296,0.08376193,nm,nm
line,overlay,sdu6-homo-4,sdu6-homo-4,rmsf,8f3nh0cv,8f3nh0cv::RMSF,sdu6-homo-4 / RMSF,RMSF,Residue,297,0.08469783,nm,nm
line,overlay,sdu6-homo-4,sdu6-homo-4,rmsf,8f3nh0cv,8f3nh0cv::RMSF,sdu6-homo-4 / RMSF,RMSF,Residue,298,0.0790284,nm,nm
line,overlay,sdu6-homo-4,sdu6-homo-4,rmsf,8f3nh0cv,8f3nh0cv::RMSF,sdu6-homo-4 / RMSF,RMSF,Residue,299,0.08006506,nm,nm
line,overlay,sdu6-homo-4,sdu6-homo-4,rmsf,8f3nh0cv,8f3nh0cv::RMSF,sdu6-homo-4 / RMSF,RMSF,Residue,300,0.090225525,nm,nm
line,overlay,sdu6-homo-4,sdu6-homo-4,rmsf,8f3nh0cv,8f3nh0cv::RMSF,sdu6-homo-4 / RMSF,RMSF,Residue,301,0.09205906,nm,nm
line,overlay,sdu6-homo-4,sdu6-homo-4,rmsf,8f3nh0cv,8f3nh0cv::RMSF,sdu6-homo-4 / RMSF,RMSF,Residue,302,0.08455649,nm,nm
line,overlay,sdu6-homo-4,sdu6-homo-4,rmsf,8f3nh0cv,8f3nh0cv::RMSF,sdu6-homo-4 / RMSF,RMSF,Residue,303,0.083972655,nm,nm
line,overlay,sdu6-homo-4,sdu6-homo-4,rmsf,8f3nh0cv,8f3nh0cv::RMSF,sdu6-homo-4 / RMSF,RMSF,Residue,304,0.06827815,nm,nm
line,overlay,sdu6-homo-4,sdu6-homo-4,rmsf,8f3nh0cv,8f3nh0cv::RMSF,sdu6-homo-4 / RMSF,RMSF,Residue,305,0.062968574,nm,nm
line,overlay,sdu6-homo-4,sdu6-homo-4,rmsf,8f3nh0cv,8f3nh0cv::RMSF,sdu6-homo-4 / RMSF,RMSF,Residue,306,0.056499545,nm,nm
line,overlay,sdu6-homo-4,sdu6-homo-4,rmsf,8f3nh0cv,8f3nh0cv::RMSF,sdu6-homo-4 / RMSF,RMSF,Residue,307,0.052017793,nm,nm
line,overlay,sdu6-homo-4,sdu6-homo-4,rmsf,8f3nh0cv,8f3nh0cv::RMSF,sdu6-homo-4 / RMSF,RMSF,Residue,308,0.048282176,nm,nm
line,overlay,sdu6-homo-4,sdu6-homo-4,rmsf,8f3nh0cv,8f3nh0cv::RMSF,sdu6-homo-4 / RMSF,RMSF,Residue,309,0.05568025,nm,nm
line,overlay,sdu6-homo-4,sdu6-homo-4,rmsf,8f3nh0cv,8f3nh0cv::RMSF,sdu6-homo-4 / RMSF,RMSF,Residue,310,0.0674389,nm,nm
line,overlay,sdu6-homo-4,sdu6-homo-4,rmsf,8f3nh0cv,8f3nh0cv::RMSF,sdu6-homo-4 / RMSF,RMSF,Residue,311,0.06956488,nm,nm
line,overlay,sdu6-homo-4,sdu6-homo-4,rmsf,8f3nh0cv,8f3nh0cv::RMSF,sdu6-homo-4 / RMSF,RMSF,Residue,312,0.103511035,nm,nm
line,overlay,sdu6-homo-4,sdu6-homo-4,rmsf,8f3nh0cv,8f3nh0cv::RMSF,sdu6-homo-4 / RMSF,RMSF,Residue,313,0.16058528,nm,nm
line,overlay,sdu6-homo-4,sdu6-homo-4,rmsf,8f3nh0cv,8f3nh0cv::RMSF,sdu6-homo-4 / RMSF,RMSF,Residue,314,0.20495625,nm,nm
line,overlay,sdu6-homo-4,sdu6-homo-4,rmsf,8f3nh0cv,8f3nh0cv::RMSF,sdu6-homo-4 / RMSF,RMSF,Residue,315,0.27747586,nm,nm
line,overlay,sdu6-homo-4,sdu6-homo-4,rmsf,8f3nh0cv,8f3nh0cv::RMSF,sdu6-homo-4 / RMSF,RMSF,Residue,316,0.31639352,nm,nm
line,overlay,sdu6-homo-4,sdu6-homo-4,rmsf,8f3nh0cv,8f3nh0cv::RMSF,sdu6-homo-4 / RMSF,RMSF,Residue,317,0.35973248,nm,nm
line,overlay,sdu6-homo-4,sdu6-homo-4,rmsf,8f3nh0cv,8f3nh0cv::RMSF,sdu6-homo-4 / RMSF,RMSF,Residue,318,0.43131313,nm,nm
line,overlay,sdu6-homo-4,sdu6-homo-4,rmsf,8f3nh0cv,8f3nh0cv::RMSF,sdu6-homo-4 / RMSF,RMSF,Residue,319,0.45242697,nm,nm
line,overlay,sdu6-homo-4,sdu6-homo-4,rmsf,8f3nh0cv,8f3nh0cv::RMSF,sdu6-homo-4 / RMSF,RMSF,Residue,320,0.38692608,nm,nm
line,overlay,sdu6-homo-4,sdu6-homo-4,rmsf,8f3nh0cv,8f3nh0cv::RMSF,sdu6-homo-4 / RMSF,RMSF,Residue,321,0.33993834,nm,nm
line,overlay,sdu6-homo-4,sdu6-homo-4,rmsf,8f3nh0cv,8f3nh0cv::RMSF,sdu6-homo-4 / RMSF,RMSF,Residue,322,0.3246076,nm,nm
line,overlay,sdu6-homo-4,sdu6-homo-4,rmsf,8f3nh0cv,8f3nh0cv::RMSF,sdu6-homo-4 / RMSF,RMSF,Residue,323,0.30569085,nm,nm
line,overlay,sdu6-homo-4,sdu6-homo-4,rmsf,8f3nh0cv,8f3nh0cv::RMSF,sdu6-homo-4 / RMSF,RMSF,Residue,324,0.30287898,nm,nm
line,overlay,sdu6-homo-4,sdu6-homo-4,rmsf,8f3nh0cv,8f3nh0cv::RMSF,sdu6-homo-4 / RMSF,RMSF,Residue,325,0.29894054,nm,nm
line,overlay,sdu6-homo-4,sdu6-homo-4,rmsf,8f3nh0cv,8f3nh0cv::RMSF,sdu6-homo-4 / RMSF,RMSF,Residue,326,0.27936506,nm,nm
line,overlay,sdu6-homo-4,sdu6-homo-4,rmsf,8f3nh0cv,8f3nh0cv::RMSF,sdu6-homo-4 / RMSF,RMSF,Residue,327,0.24183379,nm,nm
line,overlay,sdu6-homo-4,sdu6-homo-4,rmsf,8f3nh0cv,8f3nh0cv::RMSF,sdu6-homo-4 / RMSF,RMSF,Residue,328,0.20359547,nm,nm
line,overlay,sdu6-homo-4,sdu6-homo-4,rmsf,8f3nh0cv,8f3nh0cv::RMSF,sdu6-homo-4 / RMSF,RMSF,Residue,329,0.2526107,nm,nm
line,overlay,sdu6-homo-4,sdu6-homo-4,rmsf,8f3nh0cv,8f3nh0cv::RMSF,sdu6-homo-4 / RMSF,RMSF,Residue,330,0.27605808,nm,nm
line,overlay,sdu6-homo-4,sdu6-homo-4,rmsf,8f3nh0cv,8f3nh0cv::RMSF,sdu6-homo-4 / RMSF,RMSF,Residue,331,0.2063516,nm,nm
line,overlay,sdu6-homo-4,sdu6-homo-4,rmsf,8f3nh0cv,8f3nh0cv::RMSF,sdu6-homo-4 / RMSF,RMSF,Residue,332,0.21202075,nm,nm
line,overlay,sdu6-homo-4,sdu6-homo-4,rmsf,8f3nh0cv,8f3nh0cv::RMSF,sdu6-homo-4 / RMSF,RMSF,Residue,333,0.2122202,nm,nm
line,overlay,sdu6-homo-4,sdu6-homo-4,rmsf,8f3nh0cv,8f3nh0cv::RMSF,sdu6-homo-4 / RMSF,RMSF,Residue,334,0.17573126,nm,nm
line,overlay,sdu6-homo-4,sdu6-homo-4,rmsf,8f3nh0cv,8f3nh0cv::RMSF,sdu6-homo-4 / RMSF,RMSF,Residue,335,0.08732381,nm,nm
line,overlay,sdu6-homo-4,sdu6-homo-4,rmsf,8f3nh0cv,8f3nh0cv::RMSF,sdu6-homo-4 / RMSF,RMSF,Residue,336,0.06614159,nm,nm
line,overlay,sdu6-homo-4,sdu6-homo-4,rmsf,8f3nh0cv,8f3nh0cv::RMSF,sdu6-homo-4 / RMSF,RMSF,Residue,337,0.060882185,nm,nm
line,overlay,sdu6-homo-4,sdu6-homo-4,rmsf,8f3nh0cv,8f3nh0cv::RMSF,sdu6-homo-4 / RMSF,RMSF,Residue,338,0.06380074,nm,nm
line,overlay,sdu6-homo-4,sdu6-homo-4,rmsf,8f3nh0cv,8f3nh0cv::RMSF,sdu6-homo-4 / RMSF,RMSF,Residue,339,0.06587714,nm,nm
line,overlay,sdu6-homo-4,sdu6-homo-4,rmsf,8f3nh0cv,8f3nh0cv::RMSF,sdu6-homo-4 / RMSF,RMSF,Residue,340,0.06531862,nm,nm
line,overlay,sdu6-homo-4,sdu6-homo-4,rmsf,8f3nh0cv,8f3nh0cv::RMSF,sdu6-homo-4 / RMSF,RMSF,Residue,341,0.08765305,nm,nm
line,overlay,sdu6-homo-4,sdu6-homo-4,rmsf,8f3nh0cv,8f3nh0cv::RMSF,sdu6-homo-4 / RMSF,RMSF,Residue,342,0.08399838,nm,nm
line,overlay,sdu6-homo-4,sdu6-homo-4,rmsf,8f3nh0cv,8f3nh0cv::RMSF,sdu6-homo-4 / RMSF,RMSF,Residue,343,0.07168477,nm,nm
line,overlay,sdu6-homo-4,sdu6-homo-4,rmsf,8f3nh0cv,8f3nh0cv::RMSF,sdu6-homo-4 / RMSF,RMSF,Residue,344,0.083763584,nm,nm
line,overlay,sdu6-homo-4,sdu6-homo-4,rmsf,8f3nh0cv,8f3nh0cv::RMSF,sdu6-homo-4 / RMSF,RMSF,Residue,345,0.08397097,nm,nm
line,overlay,sdu6-homo-4,sdu6-homo-4,rmsf,8f3nh0cv,8f3nh0cv::RMSF,sdu6-homo-4 / RMSF,RMSF,Residue,346,0.06538857,nm,nm
line,overlay,sdu6-homo-4,sdu6-homo-4,rmsf,8f3nh0cv,8f3nh0cv::RMSF,sdu6-homo-4 / RMSF,RMSF,Residue,347,0.06356697,nm,nm
line,overlay,sdu6-homo-4,sdu6-homo-4,rmsf,8f3nh0cv,8f3nh0cv::RMSF,sdu6-homo-4 / RMSF,RMSF,Residue,348,0.08244364,nm,nm
line,overlay,sdu6-homo-4,sdu6-homo-4,rmsf,8f3nh0cv,8f3nh0cv::RMSF,sdu6-homo-4 / RMSF,RMSF,Residue,349,0.07713699,nm,nm
line,overlay,sdu6-homo-4,sdu6-homo-4,rmsf,8f3nh0cv,8f3nh0cv::RMSF,sdu6-homo-4 / RMSF,RMSF,Residue,350,0.079504415,nm,nm
line,overlay,sdu6-homo-4,sdu6-homo-4,rmsf,8f3nh0cv,8f3nh0cv::RMSF,sdu6-homo-4 / RMSF,RMSF,Residue,351,0.0713419,nm,nm
line,overlay,sdu6-homo-4,sdu6-homo-4,rmsf,8f3nh0cv,8f3nh0cv::RMSF,sdu6-homo-4 / RMSF,RMSF,Residue,352,0.057470027,nm,nm
line,overlay,sdu6-homo-4,sdu6-homo-4,rmsf,8f3nh0cv,8f3nh0cv::RMSF,sdu6-homo-4 / RMSF,RMSF,Residue,353,0.057352368,nm,nm
line,overlay,sdu6-homo-4,sdu6-homo-4,rmsf,8f3nh0cv,8f3nh0cv::RMSF,sdu6-homo-4 / RMSF,RMSF,Residue,354,0.04925388,nm,nm
line,overlay,sdu6-homo-4,sdu6-homo-4,rmsf,8f3nh0cv,8f3nh0cv::RMSF,sdu6-homo-4 / RMSF,RMSF,Residue,355,0.044022467,nm,nm
line,overlay,sdu6-homo-4,sdu6-homo-4,rmsf,8f3nh0cv,8f3nh0cv::RMSF,sdu6-homo-4 / RMSF,RMSF,Residue,356,0.042699356,nm,nm
line,overlay,sdu6-homo-4,sdu6-homo-4,rmsf,8f3nh0cv,8f3nh0cv::RMSF,sdu6-homo-4 / RMSF,RMSF,Residue,357,0.039598566,nm,nm
line,overlay,sdu6-homo-4,sdu6-homo-4,rmsf,8f3nh0cv,8f3nh0cv::RMSF,sdu6-homo-4 / RMSF,RMSF,Residue,358,0.03833765,nm,nm
line,overlay,sdu6-homo-4,sdu6-homo-4,rmsf,8f3nh0cv,8f3nh0cv::RMSF,sdu6-homo-4 / RMSF,RMSF,Residue,359,0.03685693,nm,nm
line,overlay,sdu6-homo-4,sdu6-homo-4,rmsf,8f3nh0cv,8f3nh0cv::RMSF,sdu6-homo-4 / RMSF,RMSF,Residue,360,0.039458342,nm,nm
line,overlay,sdu6-homo-4,sdu6-homo-4,rmsf,8f3nh0cv,8f3nh0cv::RMSF,sdu6-homo-4 / RMSF,RMSF,Residue,361,0.045733698,nm,nm
line,overlay,sdu6-homo-4,sdu6-homo-4,rmsf,8f3nh0cv,8f3nh0cv::RMSF,sdu6-homo-4 / RMSF,RMSF,Residue,362,0.041331656,nm,nm
line,overlay,sdu6-homo-4,sdu6-homo-4,rmsf,8f3nh0cv,8f3nh0cv::RMSF,sdu6-homo-4 / RMSF,RMSF,Residue,363,0.04561869,nm,nm
line,overlay,sdu6-homo-4,sdu6-homo-4,rmsf,8f3nh0cv,8f3nh0cv::RMSF,sdu6-homo-4 / RMSF,RMSF,Residue,364,0.049580447,nm,nm
line,overlay,sdu6-homo-4,sdu6-homo-4,rmsf,8f3nh0cv,8f3nh0cv::RMSF,sdu6-homo-4 / RMSF,RMSF,Residue,365,0.04839298,nm,nm
line,overlay,sdu6-homo-4,sdu6-homo-4,rmsf,8f3nh0cv,8f3nh0cv::RMSF,sdu6-homo-4 / RMSF,RMSF,Residue,366,0.048690468,nm,nm
line,overlay,sdu6-homo-4,sdu6-homo-4,rmsf,8f3nh0cv,8f3nh0cv::RMSF,sdu6-homo-4 / RMSF,RMSF,Residue,367,0.06475191,nm,nm
line,overlay,sdu6-homo-4,sdu6-homo-4,rmsf,8f3nh0cv,8f3nh0cv::RMSF,sdu6-homo-4 / RMSF,RMSF,Residue,368,0.066226244,nm,nm
line,overlay,sdu6-homo-4,sdu6-homo-4,rmsf,8f3nh0cv,8f3nh0cv::RMSF,sdu6-homo-4 / RMSF,RMSF,Residue,369,0.055454038,nm,nm
line,overlay,sdu6-homo-4,sdu6-homo-4,rmsf,8f3nh0cv,8f3nh0cv::RMSF,sdu6-homo-4 / RMSF,RMSF,Residue,370,0.057422284,nm,nm
line,overlay,sdu6-homo-4,sdu6-homo-4,rmsf,8f3nh0cv,8f3nh0cv::RMSF,sdu6-homo-4 / RMSF,RMSF,Residue,371,0.060769062,nm,nm
line,overlay,sdu6-homo-4,sdu6-homo-4,rmsf,8f3nh0cv,8f3nh0cv::RMSF,sdu6-homo-4 / RMSF,RMSF,Residue,372,0.05316905,nm,nm
line,overlay,sdu6-homo-4,sdu6-homo-4,rmsf,8f3nh0cv,8f3nh0cv::RMSF,sdu6-homo-4 / RMSF,RMSF,Residue,373,0.04989581,nm,nm
line,overlay,sdu6-homo-4,sdu6-homo-4,rmsf,8f3nh0cv,8f3nh0cv::RMSF,sdu6-homo-4 / RMSF,RMSF,Residue,374,0.060802806,nm,nm
line,overlay,sdu6-homo-4,sdu6-homo-4,rmsf,8f3nh0cv,8f3nh0cv::RMSF,sdu6-homo-4 / RMSF,RMSF,Residue,375,0.056201544,nm,nm
line,overlay,sdu6-homo-4,sdu6-homo-4,rmsf,8f3nh0cv,8f3nh0cv::RMSF,sdu6-homo-4 / RMSF,RMSF,Residue,376,0.043797117,nm,nm
line,overlay,sdu6-homo-4,sdu6-homo-4,rmsf,8f3nh0cv,8f3nh0cv::RMSF,sdu6-homo-4 / RMSF,RMSF,Residue,377,0.046841748,nm,nm
line,overlay,sdu6-homo-4,sdu6-homo-4,rmsf,8f3nh0cv,8f3nh0cv::RMSF,sdu6-homo-4 / RMSF,RMSF,Residue,378,0.05437433,nm,nm
line,overlay,sdu6-homo-4,sdu6-homo-4,rmsf,8f3nh0cv,8f3nh0cv::RMSF,sdu6-homo-4 / RMSF,RMSF,Residue,379,0.06144359,nm,nm
line,overlay,sdu6-homo-4,sdu6-homo-4,rmsf,8f3nh0cv,8f3nh0cv::RMSF,sdu6-homo-4 / RMSF,RMSF,Residue,380,0.07415404,nm,nm
line,overlay,sdu6-homo-4,sdu6-homo-4,rmsf,8f3nh0cv,8f3nh0cv::RMSF,sdu6-homo-4 / RMSF,RMSF,Residue,381,0.086045705,nm,nm
line,overlay,sdu6-homo-4,sdu6-homo-4,rmsf,8f3nh0cv,8f3nh0cv::RMSF,sdu6-homo-4 / RMSF,RMSF,Residue,382,0.07198045,nm,nm
line,overlay,sdu6-homo-4,sdu6-homo-4,rmsf,8f3nh0cv,8f3nh0cv::RMSF,sdu6-homo-4 / RMSF,RMSF,Residue,383,0.06407956,nm,nm
line,overlay,sdu6-homo-4,sdu6-homo-4,rmsf,8f3nh0cv,8f3nh0cv::RMSF,sdu6-homo-4 / RMSF,RMSF,Residue,384,0.06384977,nm,nm
line,overlay,sdu6-homo-4,sdu6-homo-4,rmsf,8f3nh0cv,8f3nh0cv::RMSF,sdu6-homo-4 / RMSF,RMSF,Residue,385,0.05073059,nm,nm
line,overlay,sdu6-homo-4,sdu6-homo-4,rmsf,8f3nh0cv,8f3nh0cv::RMSF,sdu6-homo-4 / RMSF,RMSF,Residue,386,0.044374518,nm,nm
line,overlay,sdu6-homo-4,sdu6-homo-4,rmsf,8f3nh0cv,8f3nh0cv::RMSF,sdu6-homo-4 / RMSF,RMSF,Residue,387,0.04485173,nm,nm
line,overlay,sdu6-homo-4,sdu6-homo-4,rmsf,8f3nh0cv,8f3nh0cv::RMSF,sdu6-homo-4 / RMSF,RMSF,Residue,388,0.053074148,nm,nm
line,overlay,sdu6-homo-4,sdu6-homo-4,rmsf,8f3nh0cv,8f3nh0cv::RMSF,sdu6-homo-4 / RMSF,RMSF,Residue,389,0.05180965,nm,nm
line,overlay,sdu6-homo-4,sdu6-homo-4,rmsf,8f3nh0cv,8f3nh0cv::RMSF,sdu6-homo-4 / RMSF,RMSF,Residue,390,0.045850575,nm,nm
line,overlay,sdu6-homo-4,sdu6-homo-4,rmsf,8f3nh0cv,8f3nh0cv::RMSF,sdu6-homo-4 / RMSF,RMSF,Residue,391,0.05653337,nm,nm
line,overlay,sdu6-homo-4,sdu6-homo-4,rmsf,8f3nh0cv,8f3nh0cv::RMSF,sdu6-homo-4 / RMSF,RMSF,Residue,392,0.06083964,nm,nm
line,overlay,sdu6-homo-4,sdu6-homo-4,rmsf,8f3nh0cv,8f3nh0cv::RMSF,sdu6-homo-4 / RMSF,RMSF,Residue,393,0.056789756,nm,nm
line,overlay,sdu6-homo-4,sdu6-homo-4,rmsf,8f3nh0cv,8f3nh0cv::RMSF,sdu6-homo-4 / RMSF,RMSF,Residue,394,0.05311039,nm,nm
line,overlay,sdu6-homo-4,sdu6-homo-4,rmsf,8f3nh0cv,8f3nh0cv::RMSF,sdu6-homo-4 / RMSF,RMSF,Residue,395,0.052850887,nm,nm
line,overlay,sdu6-homo-4,sdu6-homo-4,rmsf,8f3nh0cv,8f3nh0cv::RMSF,sdu6-homo-4 / RMSF,RMSF,Residue,396,0.0499843,nm,nm
line,overlay,sdu6-homo-4,sdu6-homo-4,rmsf,8f3nh0cv,8f3nh0cv::RMSF,sdu6-homo-4 / RMSF,RMSF,Residue,397,0.06470114,nm,nm
line,overlay,sdu6-homo-4,sdu6-homo-4,rmsf,8f3nh0cv,8f3nh0cv::RMSF,sdu6-homo-4 / RMSF,RMSF,Residue,398,0.05320532,nm,nm
line,overlay,sdu6-homo-4,sdu6-homo-4,rmsf,8f3nh0cv,8f3nh0cv::RMSF,sdu6-homo-4 / RMSF,RMSF,Residue,399,0.05511895,nm,nm
line,overlay,sdu6-homo-4,sdu6-homo-4,rmsf,8f3nh0cv,8f3nh0cv::RMSF,sdu6-homo-4 / RMSF,RMSF,Residue,400,0.0634359,nm,nm
line,overlay,sdu6-homo-4,sdu6-homo-4,rmsf,8f3nh0cv,8f3nh0cv::RMSF,sdu6-homo-4 / RMSF,RMSF,Residue,401,0.058347333,nm,nm
line,overlay,sdu6-homo-4,sdu6-homo-4,rmsf,8f3nh0cv,8f3nh0cv::RMSF,sdu6-homo-4 / RMSF,RMSF,Residue,402,0.06266853,nm,nm
line,overlay,sdu6-homo-4,sdu6-homo-4,rmsf,8f3nh0cv,8f3nh0cv::RMSF,sdu6-homo-4 / RMSF,RMSF,Residue,403,0.068301685,nm,nm
line,overlay,sdu6-homo-4,sdu6-homo-4,rmsf,8f3nh0cv,8f3nh0cv::RMSF,sdu6-homo-4 / RMSF,RMSF,Residue,404,0.09992368,nm,nm
line,overlay,sdu6-homo-4,sdu6-homo-4,rmsf,8f3nh0cv,8f3nh0cv::RMSF,sdu6-homo-4 / RMSF,RMSF,Residue,405,0.15456527,nm,nm
line,overlay,sdu6-homo-4,sdu6-homo-4,rmsf,8f3nh0cv,8f3nh0cv::RMSF,sdu6-homo-4 / RMSF,RMSF,Residue,406,0.18738113,nm,nm
line,overlay,sdu6-homo-4,sdu6-homo-4,rmsf,8f3nh0cv,8f3nh0cv::RMSF,sdu6-homo-4 / RMSF,RMSF,Residue,407,0.14134234,nm,nm
line,overlay,sdu6-homo-4,sdu6-homo-4,rmsf,8f3nh0cv,8f3nh0cv::RMSF,sdu6-homo-4 / RMSF,RMSF,Residue,408,0.13024332,nm,nm
line,overlay,sdu6-homo-4,sdu6-homo-4,rmsf,8f3nh0cv,8f3nh0cv::RMSF,sdu6-homo-4 / RMSF,RMSF,Residue,409,0.097139165,nm,nm
line,overlay,sdu6-homo-4,sdu6-homo-4,rmsf,8f3nh0cv,8f3nh0cv::RMSF,sdu6-homo-4 / RMSF,RMSF,Residue,410,0.08036104,nm,nm
line,overlay,sdu6-homo-4,sdu6-homo-4,rmsf,8f3nh0cv,8f3nh0cv::RMSF,sdu6-homo-4 / RMSF,RMSF,Residue,411,0.08297004,nm,nm
line,overlay,sdu6-homo-4,sdu6-homo-4,rmsf,8f3nh0cv,8f3nh0cv::RMSF,sdu6-homo-4 / RMSF,RMSF,Residue,412,0.07789076,nm,nm
line,overlay,sdu6-homo-4,sdu6-homo-4,rmsf,8f3nh0cv,8f3nh0cv::RMSF,sdu6-homo-4 / RMSF,RMSF,Residue,413,0.08453117,nm,nm
line,overlay,sdu6-homo-4,sdu6-homo-4,rmsf,8f3nh0cv,8f3nh0cv::RMSF,sdu6-homo-4 / RMSF,RMSF,Residue,414,0.08439942,nm,nm
line,overlay,sdu6-homo-4,sdu6-homo-4,rmsf,8f3nh0cv,8f3nh0cv::RMSF,sdu6-homo-4 / RMSF,RMSF,Residue,415,0.07445629,nm,nm
line,overlay,sdu6-homo-4,sdu6-homo-4,rmsf,8f3nh0cv,8f3nh0cv::RMSF,sdu6-homo-4 / RMSF,RMSF,Residue,416,0.07274446,nm,nm
line,overlay,sdu6-homo-4,sdu6-homo-4,rmsf,8f3nh0cv,8f3nh0cv::RMSF,sdu6-homo-4 / RMSF,RMSF,Residue,417,0.08102257,nm,nm
line,overlay,sdu6-homo-4,sdu6-homo-4,rmsf,8f3nh0cv,8f3nh0cv::RMSF,sdu6-homo-4 / RMSF,RMSF,Residue,418,0.07330112,nm,nm
line,overlay,sdu6-homo-4,sdu6-homo-4,rmsf,8f3nh0cv,8f3nh0cv::RMSF,sdu6-homo-4 / RMSF,RMSF,Residue,419,0.063158385,nm,nm
line,overlay,sdu6-homo-4,sdu6-homo-4,rmsf,8f3nh0cv,8f3nh0cv::RMSF,sdu6-homo-4 / RMSF,RMSF,Residue,420,0.070679195,nm,nm
line,overlay,sdu6-homo-4,sdu6-homo-4,rmsf,8f3nh0cv,8f3nh0cv::RMSF,sdu6-homo-4 / RMSF,RMSF,Residue,421,0.07963345,nm,nm
line,overlay,sdu6-homo-4,sdu6-homo-4,rmsf,8f3nh0cv,8f3nh0cv::RMSF,sdu6-homo-4 / RMSF,RMSF,Residue,422,0.07317313,nm,nm
line,overlay,sdu6-homo-4,sdu6-homo-4,rmsf,8f3nh0cv,8f3nh0cv::RMSF,sdu6-homo-4 / RMSF,RMSF,Residue,423,0.07614776,nm,nm
line,overlay,sdu6-homo-4,sdu6-homo-4,rmsf,8f3nh0cv,8f3nh0cv::RMSF,sdu6-homo-4 / RMSF,RMSF,Residue,424,0.08644114,nm,nm
line,overlay,sdu6-homo-4,sdu6-homo-4,rmsf,8f3nh0cv,8f3nh0cv::RMSF,sdu6-homo-4 / RMSF,RMSF,Residue,425,0.08927259,nm,nm
line,overlay,sdu6-homo-4,sdu6-homo-4,rmsf,8f3nh0cv,8f3nh0cv::RMSF,sdu6-homo-4 / RMSF,RMSF,Residue,426,0.093908094,nm,nm
line,overlay,sdu6-homo-4,sdu6-homo-4,rmsf,8f3nh0cv,8f3nh0cv::RMSF,sdu6-homo-4 / RMSF,RMSF,Residue,427,0.08095431,nm,nm
line,overlay,sdu6-homo-4,sdu6-homo-4,rmsf,8f3nh0cv,8f3nh0cv::RMSF,sdu6-homo-4 / RMSF,RMSF,Residue,428,0.06460975,nm,nm
line,overlay,sdu6-homo-4,sdu6-homo-4,rmsf,8f3nh0cv,8f3nh0cv::RMSF,sdu6-homo-4 / RMSF,RMSF,Residue,429,0.06955544,nm,nm
line,overlay,sdu6-homo-4,sdu6-homo-4,rmsf,8f3nh0cv,8f3nh0cv::RMSF,sdu6-homo-4 / RMSF,RMSF,Residue,430,0.071245044,nm,nm
line,overlay,sdu6-homo-4,sdu6-homo-4,rmsf,8f3nh0cv,8f3nh0cv::RMSF,sdu6-homo-4 / RMSF,RMSF,Residue,431,0.056557134,nm,nm
line,overlay,sdu6-homo-4,sdu6-homo-4,rmsf,8f3nh0cv,8f3nh0cv::RMSF,sdu6-homo-4 / RMSF,RMSF,Residue,432,0.058608845,nm,nm
line,overlay,sdu6-homo-4,sdu6-homo-4,rmsf,8f3nh0cv,8f3nh0cv::RMSF,sdu6-homo-4 / RMSF,RMSF,Residue,433,0.06585984,nm,nm
line,overlay,sdu6-homo-4,sdu6-homo-4,rmsf,8f3nh0cv,8f3nh0cv::RMSF,sdu6-homo-4 / RMSF,RMSF,Residue,434,0.05770558,nm,nm
line,overlay,sdu6-homo-4,sdu6-homo-4,rmsf,8f3nh0cv,8f3nh0cv::RMSF,sdu6-homo-4 / RMSF,RMSF,Residue,435,0.052537166,nm,nm
line,overlay,sdu6-homo-4,sdu6-homo-4,rmsf,8f3nh0cv,8f3nh0cv::RMSF,sdu6-homo-4 / RMSF,RMSF,Residue,436,0.05733222,nm,nm
line,overlay,sdu6-homo-4,sdu6-homo-4,rmsf,8f3nh0cv,8f3nh0cv::RMSF,sdu6-homo-4 / RMSF,RMSF,Residue,437,0.06037198,nm,nm
line,overlay,sdu6-homo-4,sdu6-homo-4,rmsf,8f3nh0cv,8f3nh0cv::RMSF,sdu6-homo-4 / RMSF,RMSF,Residue,438,0.05586663,nm,nm
line,overlay,sdu6-homo-4,sdu6-homo-4,rmsf,8f3nh0cv,8f3nh0cv::RMSF,sdu6-homo-4 / RMSF,RMSF,Residue,439,0.055319082,nm,nm
line,overlay,sdu6-homo-4,sdu6-homo-4,rmsf,8f3nh0cv,8f3nh0cv::RMSF,sdu6-homo-4 / RMSF,RMSF,Residue,440,0.055669654,nm,nm
line,overlay,sdu6-homo-4,sdu6-homo-4,rmsf,8f3nh0cv,8f3nh0cv::RMSF,sdu6-homo-4 / RMSF,RMSF,Residue,441,0.05962855,nm,nm
line,overlay,sdu6-homo-4,sdu6-homo-4,rmsf,8f3nh0cv,8f3nh0cv::RMSF,sdu6-homo-4 / RMSF,RMSF,Residue,442,0.058169253,nm,nm
line,overlay,sdu6-homo-4,sdu6-homo-4,rmsf,8f3nh0cv,8f3nh0cv::RMSF,sdu6-homo-4 / RMSF,RMSF,Residue,443,0.059891637,nm,nm
line,overlay,sdu6-homo-4,sdu6-homo-4,rmsf,8f3nh0cv,8f3nh0cv::RMSF,sdu6-homo-4 / RMSF,RMSF,Residue,444,0.060696263,nm,nm
line,overlay,sdu6-homo-4,sdu6-homo-4,rmsf,8f3nh0cv,8f3nh0cv::RMSF,sdu6-homo-4 / RMSF,RMSF,Residue,445,0.05705281,nm,nm
line,overlay,sdu6-homo-4,sdu6-homo-4,rmsf,8f3nh0cv,8f3nh0cv::RMSF,sdu6-homo-4 / RMSF,RMSF,Residue,446,0.060662184,nm,nm
line,overlay,sdu6-homo-4,sdu6-homo-4,rmsf,8f3nh0cv,8f3nh0cv::RMSF,sdu6-homo-4 / RMSF,RMSF,Residue,447,0.07834396,nm,nm
line,overlay,sdu6-homo-4,sdu6-homo-4,rmsf,8f3nh0cv,8f3nh0cv::RMSF,sdu6-homo-4 / RMSF,RMSF,Residue,448,0.11785369,nm,nm
line,overlay,sdu6-homo-4,sdu6-homo-4,rmsf,8f3nh0cv,8f3nh0cv::RMSF,sdu6-homo-4 / RMSF,RMSF,Residue,449,0.12632076,nm,nm
line,overlay,sdu6-homo-4,sdu6-homo-4,rmsf,8f3nh0cv,8f3nh0cv::RMSF,sdu6-homo-4 / RMSF,RMSF,Residue,450,0.089994706,nm,nm
line,overlay,sdu6-homo-4,sdu6-homo-4,rmsf,8f3nh0cv,8f3nh0cv::RMSF,sdu6-homo-4 / RMSF,RMSF,Residue,451,0.07060127,nm,nm
line,overlay,sdu6-homo-4,sdu6-homo-4,rmsf,8f3nh0cv,8f3nh0cv::RMSF,sdu6-homo-4 / RMSF,RMSF,Residue,452,0.060491607,nm,nm
line,overlay,sdu6-homo-4,sdu6-homo-4,rmsf,8f3nh0cv,8f3nh0cv::RMSF,sdu6-homo-4 / RMSF,RMSF,Residue,453,0.06869446,nm,nm
line,overlay,sdu6-homo-4,sdu6-homo-4,rmsf,8f3nh0cv,8f3nh0cv::RMSF,sdu6-homo-4 / RMSF,RMSF,Residue,454,0.06675081,nm,nm
line,overlay,sdu6-homo-4,sdu6-homo-4,rmsf,8f3nh0cv,8f3nh0cv::RMSF,sdu6-homo-4 / RMSF,RMSF,Residue,455,0.057365738,nm,nm
line,overlay,sdu6-homo-4,sdu6-homo-4,rmsf,8f3nh0cv,8f3nh0cv::RMSF,sdu6-homo-4 / RMSF,RMSF,Residue,456,0.05487142,nm,nm
line,overlay,sdu6-homo-4,sdu6-homo-4,rmsf,8f3nh0cv,8f3nh0cv::RMSF,sdu6-homo-4 / RMSF,RMSF,Residue,457,0.06156438,nm,nm
line,overlay,sdu6-homo-4,sdu6-homo-4,rmsf,8f3nh0cv,8f3nh0cv::RMSF,sdu6-homo-4 / RMSF,RMSF,Residue,458,0.0655175,nm,nm
line,overlay,sdu6-homo-4,sdu6-homo-4,rmsf,8f3nh0cv,8f3nh0cv::RMSF,sdu6-homo-4 / RMSF,RMSF,Residue,459,0.058055725,nm,nm
line,overlay,sdu6-homo-4,sdu6-homo-4,rmsf,8f3nh0cv,8f3nh0cv::RMSF,sdu6-homo-4 / RMSF,RMSF,Residue,460,0.05969991,nm,nm
line,overlay,sdu6-homo-4,sdu6-homo-4,rmsf,8f3nh0cv,8f3nh0cv::RMSF,sdu6-homo-4 / RMSF,RMSF,Residue,461,0.07246975,nm,nm
line,overlay,sdu6-homo-4,sdu6-homo-4,rmsf,8f3nh0cv,8f3nh0cv::RMSF,sdu6-homo-4 / RMSF,RMSF,Residue,462,0.075459644,nm,nm
line,overlay,sdu6-homo-4,sdu6-homo-4,rmsf,8f3nh0cv,8f3nh0cv::RMSF,sdu6-homo-4 / RMSF,RMSF,Residue,463,0.06648009,nm,nm
line,overlay,sdu6-homo-4,sdu6-homo-4,rmsf,8f3nh0cv,8f3nh0cv::RMSF,sdu6-homo-4 / RMSF,RMSF,Residue,464,0.084271155,nm,nm
line,overlay,sdu6-homo-4,sdu6-homo-4,rmsf,8f3nh0cv,8f3nh0cv::RMSF,sdu6-homo-4 / RMSF,RMSF,Residue,465,0.100335665,nm,nm
line,overlay,sdu6-homo-4,sdu6-homo-4,rmsf,8f3nh0cv,8f3nh0cv::RMSF,sdu6-homo-4 / RMSF,RMSF,Residue,466,0.105757885,nm,nm
line,overlay,sdu6-homo-4,sdu6-homo-4,rmsf,8f3nh0cv,8f3nh0cv::RMSF,sdu6-homo-4 / RMSF,RMSF,Residue,467,0.112217136,nm,nm
line,overlay,sdu6-homo-4,sdu6-homo-4,rmsf,8f3nh0cv,8f3nh0cv::RMSF,sdu6-homo-4 / RMSF,RMSF,Residue,468,0.13565972,nm,nm
line,overlay,sdu6-homo-4,sdu6-homo-4,rmsf,8f3nh0cv,8f3nh0cv::RMSF,sdu6-homo-4 / RMSF,RMSF,Residue,469,0.15903647,nm,nm
line,overlay,sdu6-homo-4,sdu6-homo-4,rmsf,8f3nh0cv,8f3nh0cv::RMSF,sdu6-homo-4 / RMSF,RMSF,Residue,470,0.17205848,nm,nm
line,overlay,sdu6-homo-4,sdu6-homo-4,rmsf,8f3nh0cv,8f3nh0cv::RMSF,sdu6-homo-4 / RMSF,RMSF,Residue,471,0.27244434,nm,nm
line,overlay,sdu6-homo-4,sdu6-homo-4,rmsf,8f3nh0cv,8f3nh0cv::RMSF,sdu6-homo-4 / RMSF,RMSF,Residue,472,0.40476617,nm,nm
line,overlay,wt-homo,wt-homo,rmsf,eahrvs64,eahrvs64::RMSF,wt-homo / RMSF,RMSF,Residue,1,1.0744888,nm,nm
line,overlay,wt-homo,wt-homo,rmsf,eahrvs64,eahrvs64::RMSF,wt-homo / RMSF,RMSF,Residue,2,0.8150661,nm,nm
line,overlay,wt-homo,wt-homo,rmsf,eahrvs64,eahrvs64::RMSF,wt-homo / RMSF,RMSF,Residue,3,0.55914056,nm,nm
line,overlay,wt-homo,wt-homo,rmsf,eahrvs64,eahrvs64::RMSF,wt-homo / RMSF,RMSF,Residue,4,0.48958853,nm,nm
line,overlay,wt-homo,wt-homo,rmsf,eahrvs64,eahrvs64::RMSF,wt-homo / RMSF,RMSF,Residue,5,0.23008399,nm,nm
line,overlay,wt-homo,wt-homo,rmsf,eahrvs64,eahrvs64::RMSF,wt-homo / RMSF,RMSF,Residue,6,0.08750627,nm,nm
line,overlay,wt-homo,wt-homo,rmsf,eahrvs64,eahrvs64::RMSF,wt-homo / RMSF,RMSF,Residue,7,0.058991726,nm,nm
line,overlay,wt-homo,wt-homo,rmsf,eahrvs64,eahrvs64::RMSF,wt-homo / RMSF,RMSF,Residue,8,0.052761182,nm,nm
line,overlay,wt-homo,wt-homo,rmsf,eahrvs64,eahrvs64::RMSF,wt-homo / RMSF,RMSF,Residue,9,0.047257304,nm,nm
line,overlay,wt-homo,wt-homo,rmsf,eahrvs64,eahrvs64::RMSF,wt-homo / RMSF,RMSF,Residue,10,0.041575253,nm,nm
line,overlay,wt-homo,wt-homo,rmsf,eahrvs64,eahrvs64::RMSF,wt-homo / RMSF,RMSF,Residue,11,0.03768586,nm,nm
line,overlay,wt-homo,wt-homo,rmsf,eahrvs64,eahrvs64::RMSF,wt-homo / RMSF,RMSF,Residue,12,0.039447587,nm,nm
line,overlay,wt-homo,wt-homo,rmsf,eahrvs64,eahrvs64::RMSF,wt-homo / RMSF,RMSF,Residue,13,0.041513253,nm,nm
line,overlay,wt-homo,wt-homo,rmsf,eahrvs64,eahrvs64::RMSF,wt-homo / RMSF,RMSF,Residue,14,0.050451834,nm,nm
line,overlay,wt-homo,wt-homo,rmsf,eahrvs64,eahrvs64::RMSF,wt-homo / RMSF,RMSF,Residue,15,0.05976474,nm,nm
line,overlay,wt-homo,wt-homo,rmsf,eahrvs64,eahrvs64::RMSF,wt-homo / RMSF,RMSF,Residue,16,0.07377526,nm,nm
line,overlay,wt-homo,wt-homo,rmsf,eahrvs64,eahrvs64::RMSF,wt-homo / RMSF,RMSF,Residue,17,0.07087163,nm,nm
line,overlay,wt-homo,wt-homo,rmsf,eahrvs64,eahrvs64::RMSF,wt-homo / RMSF,RMSF,Residue,18,0.068625845,nm,nm
line,overlay,wt-homo,wt-homo,rmsf,eahrvs64,eahrvs64::RMSF,wt-homo / RMSF,RMSF,Residue,19,0.056626018,nm,nm
line,overlay,wt-homo,wt-homo,rmsf,eahrvs64,eahrvs64::RMSF,wt-homo / RMSF,RMSF,Residue,20,0.04793308,nm,nm
line,overlay,wt-homo,wt-homo,rmsf,eahrvs64,eahrvs64::RMSF,wt-homo / RMSF,RMSF,Residue,21,0.04767343,nm,nm
line,overlay,wt-homo,wt-homo,rmsf,eahrvs64,eahrvs64::RMSF,wt-homo / RMSF,RMSF,Residue,22,0.045360815,nm,nm
line,overlay,wt-homo,wt-homo,rmsf,eahrvs64,eahrvs64::RMSF,wt-homo / RMSF,RMSF,Residue,23,0.040753514,nm,nm
line,overlay,wt-homo,wt-homo,rmsf,eahrvs64,eahrvs64::RMSF,wt-homo / RMSF,RMSF,Residue,24,0.04493326,nm,nm
line,overlay,wt-homo,wt-homo,rmsf,eahrvs64,eahrvs64::RMSF,wt-homo / RMSF,RMSF,Residue,25,0.043235622,nm,nm
line,overlay,wt-homo,wt-homo,rmsf,eahrvs64,eahrvs64::RMSF,wt-homo / RMSF,RMSF,Residue,26,0.041487668,nm,nm
line,overlay,wt-homo,wt-homo,rmsf,eahrvs64,eahrvs64::RMSF,wt-homo / RMSF,RMSF,Residue,27,0.046340283,nm,nm
line,overlay,wt-homo,wt-homo,rmsf,eahrvs64,eahrvs64::RMSF,wt-homo / RMSF,RMSF,Residue,28,0.052840352,nm,nm
line,overlay,wt-homo,wt-homo,rmsf,eahrvs64,eahrvs64::RMSF,wt-homo / RMSF,RMSF,Residue,29,0.052152764,nm,nm
line,overlay,wt-homo,wt-homo,rmsf,eahrvs64,eahrvs64::RMSF,wt-homo / RMSF,RMSF,Residue,30,0.047112253,nm,nm
line,overlay,wt-homo,wt-homo,rmsf,eahrvs64,eahrvs64::RMSF,wt-homo / RMSF,RMSF,Residue,31,0.056475416,nm,nm
line,overlay,wt-homo,wt-homo,rmsf,eahrvs64,eahrvs64::RMSF,wt-homo / RMSF,RMSF,Residue,32,0.067007124,nm,nm
line,overlay,wt-homo,wt-homo,rmsf,eahrvs64,eahrvs64::RMSF,wt-homo / RMSF,RMSF,Residue,33,0.065625034,nm,nm
line,overlay,wt-homo,wt-homo,rmsf,eahrvs64,eahrvs64::RMSF,wt-homo / RMSF,RMSF,Residue,34,0.06871743,nm,nm
line,overlay,wt-homo,wt-homo,rmsf,eahrvs64,eahrvs64::RMSF,wt-homo / RMSF,RMSF,Residue,35,0.054827094,nm,nm
line,overlay,wt-homo,wt-homo,rmsf,eahrvs64,eahrvs64::RMSF,wt-homo / RMSF,RMSF,Residue,36,0.05125905,nm,nm
line,overlay,wt-homo,wt-homo,rmsf,eahrvs64,eahrvs64::RMSF,wt-homo / RMSF,RMSF,Residue,37,0.04270531,nm,nm
line,overlay,wt-homo,wt-homo,rmsf,eahrvs64,eahrvs64::RMSF,wt-homo / RMSF,RMSF,Residue,38,0.044394366,nm,nm
line,overlay,wt-homo,wt-homo,rmsf,eahrvs64,eahrvs64::RMSF,wt-homo / RMSF,RMSF,Residue,39,0.04477959,nm,nm
line,overlay,wt-homo,wt-homo,rmsf,eahrvs64,eahrvs64::RMSF,wt-homo / RMSF,RMSF,Residue,40,0.044766247,nm,nm
line,overlay,wt-homo,wt-homo,rmsf,eahrvs64,eahrvs64::RMSF,wt-homo / RMSF,RMSF,Residue,41,0.049938023,nm,nm
line,overlay,wt-homo,wt-homo,rmsf,eahrvs64,eahrvs64::RMSF,wt-homo / RMSF,RMSF,Residue,42,0.053172827,nm,nm
line,overlay,wt-homo,wt-homo,rmsf,eahrvs64,eahrvs64::RMSF,wt-homo / RMSF,RMSF,Residue,43,0.058863465,nm,nm
line,overlay,wt-homo,wt-homo,rmsf,eahrvs64,eahrvs64::RMSF,wt-homo / RMSF,RMSF,Residue,44,0.0753961,nm,nm
line,overlay,wt-homo,wt-homo,rmsf,eahrvs64,eahrvs64::RMSF,wt-homo / RMSF,RMSF,Residue,45,0.07069579,nm,nm
line,overlay,wt-homo,wt-homo,rmsf,eahrvs64,eahrvs64::RMSF,wt-homo / RMSF,RMSF,Residue,46,0.067037106,nm,nm
line,overlay,wt-homo,wt-homo,rmsf,eahrvs64,eahrvs64::RMSF,wt-homo / RMSF,RMSF,Residue,47,0.075824216,nm,nm
line,overlay,wt-homo,wt-homo,rmsf,eahrvs64,eahrvs64::RMSF,wt-homo / RMSF,RMSF,Residue,48,0.07534926,nm,nm
line,overlay,wt-homo,wt-homo,rmsf,eahrvs64,eahrvs64::RMSF,wt-homo / RMSF,RMSF,Residue,49,0.069796555,nm,nm
line,overlay,wt-homo,wt-homo,rmsf,eahrvs64,eahrvs64::RMSF,wt-homo / RMSF,RMSF,Residue,50,0.0792116,nm,nm
line,overlay,wt-homo,wt-homo,rmsf,eahrvs64,eahrvs64::RMSF,wt-homo / RMSF,RMSF,Residue,51,0.08583159,nm,nm
line,overlay,wt-homo,wt-homo,rmsf,eahrvs64,eahrvs64::RMSF,wt-homo / RMSF,RMSF,Residue,52,0.08216245,nm,nm
line,overlay,wt-homo,wt-homo,rmsf,eahrvs64,eahrvs64::RMSF,wt-homo / RMSF,RMSF,Residue,53,0.08758126,nm,nm
line,overlay,wt-homo,wt-homo,rmsf,eahrvs64,eahrvs64::RMSF,wt-homo / RMSF,RMSF,Residue,54,0.092960395,nm,nm
line,overlay,wt-homo,wt-homo,rmsf,eahrvs64,eahrvs64::RMSF,wt-homo / RMSF,RMSF,Residue,55,0.08523214,nm,nm
line,overlay,wt-homo,wt-homo,rmsf,eahrvs64,eahrvs64::RMSF,wt-homo / RMSF,RMSF,Residue,56,0.09325987,nm,nm
line,overlay,wt-homo,wt-homo,rmsf,eahrvs64,eahrvs64::RMSF,wt-homo / RMSF,RMSF,Residue,57,0.089389056,nm,nm
line,overlay,wt-homo,wt-homo,rmsf,eahrvs64,eahrvs64::RMSF,wt-homo / RMSF,RMSF,Residue,58,0.08665371,nm,nm
line,overlay,wt-homo,wt-homo,rmsf,eahrvs64,eahrvs64::RMSF,wt-homo / RMSF,RMSF,Residue,59,0.07659958,nm,nm
line,overlay,wt-homo,wt-homo,rmsf,eahrvs64,eahrvs64::RMSF,wt-homo / RMSF,RMSF,Residue,60,0.075605616,nm,nm
line,overlay,wt-homo,wt-homo,rmsf,eahrvs64,eahrvs64::RMSF,wt-homo / RMSF,RMSF,Residue,61,0.07711667,nm,nm
line,overlay,wt-homo,wt-homo,rmsf,eahrvs64,eahrvs64::RMSF,wt-homo / RMSF,RMSF,Residue,62,0.072046794,nm,nm
line,overlay,wt-homo,wt-homo,rmsf,eahrvs64,eahrvs64::RMSF,wt-homo / RMSF,RMSF,Residue,63,0.0936418,nm,nm
line,overlay,wt-homo,wt-homo,rmsf,eahrvs64,eahrvs64::RMSF,wt-homo / RMSF,RMSF,Residue,64,0.087868966,nm,nm
line,overlay,wt-homo,wt-homo,rmsf,eahrvs64,eahrvs64::RMSF,wt-homo / RMSF,RMSF,Residue,65,0.06671798,nm,nm
line,overlay,wt-homo,wt-homo,rmsf,eahrvs64,eahrvs64::RMSF,wt-homo / RMSF,RMSF,Residue,66,0.06190295,nm,nm
line,overlay,wt-homo,wt-homo,rmsf,eahrvs64,eahrvs64::RMSF,wt-homo / RMSF,RMSF,Residue,67,0.05658338,nm,nm
line,overlay,wt-homo,wt-homo,rmsf,eahrvs64,eahrvs64::RMSF,wt-homo / RMSF,RMSF,Residue,68,0.059934955,nm,nm
line,overlay,wt-homo,wt-homo,rmsf,eahrvs64,eahrvs64::RMSF,wt-homo / RMSF,RMSF,Residue,69,0.053383924,nm,nm
line,overlay,wt-homo,wt-homo,rmsf,eahrvs64,eahrvs64::RMSF,wt-homo / RMSF,RMSF,Residue,70,0.052457523,nm,nm
line,overlay,wt-homo,wt-homo,rmsf,eahrvs64,eahrvs64::RMSF,wt-homo / RMSF,RMSF,Residue,71,0.0574287,nm,nm
line,overlay,wt-homo,wt-homo,rmsf,eahrvs64,eahrvs64::RMSF,wt-homo / RMSF,RMSF,Residue,72,0.06530712,nm,nm
line,overlay,wt-homo,wt-homo,rmsf,eahrvs64,eahrvs64::RMSF,wt-homo / RMSF,RMSF,Residue,73,0.078163885,nm,nm
line,overlay,wt-homo,wt-homo,rmsf,eahrvs64,eahrvs64::RMSF,wt-homo / RMSF,RMSF,Residue,74,0.07681309,nm,nm
line,overlay,wt-homo,wt-homo,rmsf,eahrvs64,eahrvs64::RMSF,wt-homo / RMSF,RMSF,Residue,75,0.10949425,nm,nm
line,overlay,wt-homo,wt-homo,rmsf,eahrvs64,eahrvs64::RMSF,wt-homo / RMSF,RMSF,Residue,76,0.11858741,nm,nm
line,overlay,wt-homo,wt-homo,rmsf,eahrvs64,eahrvs64::RMSF,wt-homo / RMSF,RMSF,Residue,77,0.14737798,nm,nm
line,overlay,wt-homo,wt-homo,rmsf,eahrvs64,eahrvs64::RMSF,wt-homo / RMSF,RMSF,Residue,78,0.16931163,nm,nm
line,overlay,wt-homo,wt-homo,rmsf,eahrvs64,eahrvs64::RMSF,wt-homo / RMSF,RMSF,Residue,79,0.1788459,nm,nm
line,overlay,wt-homo,wt-homo,rmsf,eahrvs64,eahrvs64::RMSF,wt-homo / RMSF,RMSF,Residue,80,0.13583513,nm,nm
line,overlay,wt-homo,wt-homo,rmsf,eahrvs64,eahrvs64::RMSF,wt-homo / RMSF,RMSF,Residue,81,0.15007783,nm,nm
line,overlay,wt-homo,wt-homo,rmsf,eahrvs64,eahrvs64::RMSF,wt-homo / RMSF,RMSF,Residue,82,0.13413467,nm,nm
line,overlay,wt-homo,wt-homo,rmsf,eahrvs64,eahrvs64::RMSF,wt-homo / RMSF,RMSF,Residue,83,0.116321445,nm,nm
line,overlay,wt-homo,wt-homo,rmsf,eahrvs64,eahrvs64::RMSF,wt-homo / RMSF,RMSF,Residue,84,0.14293262,nm,nm
line,overlay,wt-homo,wt-homo,rmsf,eahrvs64,eahrvs64::RMSF,wt-homo / RMSF,RMSF,Residue,85,0.13516942,nm,nm
line,overlay,wt-homo,wt-homo,rmsf,eahrvs64,eahrvs64::RMSF,wt-homo / RMSF,RMSF,Residue,86,0.13314071,nm,nm
line,overlay,wt-homo,wt-homo,rmsf,eahrvs64,eahrvs64::RMSF,wt-homo / RMSF,RMSF,Residue,87,0.13377549,nm,nm
line,overlay,wt-homo,wt-homo,rmsf,eahrvs64,eahrvs64::RMSF,wt-homo / RMSF,RMSF,Residue,88,0.10815376,nm,nm
line,overlay,wt-homo,wt-homo,rmsf,eahrvs64,eahrvs64::RMSF,wt-homo / RMSF,RMSF,Residue,89,0.08734684,nm,nm
line,overlay,wt-homo,wt-homo,rmsf,eahrvs64,eahrvs64::RMSF,wt-homo / RMSF,RMSF,Residue,90,0.08108785,nm,nm
line,overlay,wt-homo,wt-homo,rmsf,eahrvs64,eahrvs64::RMSF,wt-homo / RMSF,RMSF,Residue,91,0.08406563,nm,nm
line,overlay,wt-homo,wt-homo,rmsf,eahrvs64,eahrvs64::RMSF,wt-homo / RMSF,RMSF,Residue,92,0.08485845,nm,nm
line,overlay,wt-homo,wt-homo,rmsf,eahrvs64,eahrvs64::RMSF,wt-homo / RMSF,RMSF,Residue,93,0.072004594,nm,nm
line,overlay,wt-homo,wt-homo,rmsf,eahrvs64,eahrvs64::RMSF,wt-homo / RMSF,RMSF,Residue,94,0.07115311,nm,nm
line,overlay,wt-homo,wt-homo,rmsf,eahrvs64,eahrvs64::RMSF,wt-homo / RMSF,RMSF,Residue,95,0.076863155,nm,nm
line,overlay,wt-homo,wt-homo,rmsf,eahrvs64,eahrvs64::RMSF,wt-homo / RMSF,RMSF,Residue,96,0.07594891,nm,nm
line,overlay,wt-homo,wt-homo,rmsf,eahrvs64,eahrvs64::RMSF,wt-homo / RMSF,RMSF,Residue,97,0.07506852,nm,nm
line,overlay,wt-homo,wt-homo,rmsf,eahrvs64,eahrvs64::RMSF,wt-homo / RMSF,RMSF,Residue,98,0.07504118,nm,nm
line,overlay,wt-homo,wt-homo,rmsf,eahrvs64,eahrvs64::RMSF,wt-homo / RMSF,RMSF,Residue,99,0.07716988,nm,nm
line,overlay,wt-homo,wt-homo,rmsf,eahrvs64,eahrvs64::RMSF,wt-homo / RMSF,RMSF,Residue,100,0.062613636,nm,nm
line,overlay,wt-homo,wt-homo,rmsf,eahrvs64,eahrvs64::RMSF,wt-homo / RMSF,RMSF,Residue,101,0.058640473,nm,nm
line,overlay,wt-homo,wt-homo,rmsf,eahrvs64,eahrvs64::RMSF,wt-homo / RMSF,RMSF,Residue,102,0.063908964,nm,nm
line,overlay,wt-homo,wt-homo,rmsf,eahrvs64,eahrvs64::RMSF,wt-homo / RMSF,RMSF,Residue,103,0.06950194,nm,nm
line,overlay,wt-homo,wt-homo,rmsf,eahrvs64,eahrvs64::RMSF,wt-homo / RMSF,RMSF,Residue,104,0.06482323,nm,nm
line,overlay,wt-homo,wt-homo,rmsf,eahrvs64,eahrvs64::RMSF,wt-homo / RMSF,RMSF,Residue,105,0.06333969,nm,nm
line,overlay,wt-homo,wt-homo,rmsf,eahrvs64,eahrvs64::RMSF,wt-homo / RMSF,RMSF,Residue,106,0.07593236,nm,nm
line,overlay,wt-homo,wt-homo,rmsf,eahrvs64,eahrvs64::RMSF,wt-homo / RMSF,RMSF,Residue,107,0.08209234,nm,nm
line,overlay,wt-homo,wt-homo,rmsf,eahrvs64,eahrvs64::RMSF,wt-homo / RMSF,RMSF,Residue,108,0.0783573,nm,nm
line,overlay,wt-homo,wt-homo,rmsf,eahrvs64,eahrvs64::RMSF,wt-homo / RMSF,RMSF,Residue,109,0.09088534,nm,nm
line,overlay,wt-homo,wt-homo,rmsf,eahrvs64,eahrvs64::RMSF,wt-homo / RMSF,RMSF,Residue,110,0.11253563,nm,nm
line,overlay,wt-homo,wt-homo,rmsf,eahrvs64,eahrvs64::RMSF,wt-homo / RMSF,RMSF,Residue,111,0.1154351,nm,nm
line,overlay,wt-homo,wt-homo,rmsf,eahrvs64,eahrvs64::RMSF,wt-homo / RMSF,RMSF,Residue,112,0.11140219,nm,nm
line,overlay,wt-homo,wt-homo,rmsf,eahrvs64,eahrvs64::RMSF,wt-homo / RMSF,RMSF,Residue,113,0.08876533,nm,nm
line,overlay,wt-homo,wt-homo,rmsf,eahrvs64,eahrvs64::RMSF,wt-homo / RMSF,RMSF,Residue,114,0.076816656,nm,nm
line,overlay,wt-homo,wt-homo,rmsf,eahrvs64,eahrvs64::RMSF,wt-homo / RMSF,RMSF,Residue,115,0.06276281,nm,nm
line,overlay,wt-homo,wt-homo,rmsf,eahrvs64,eahrvs64::RMSF,wt-homo / RMSF,RMSF,Residue,116,0.056980968,nm,nm
line,overlay,wt-homo,wt-homo,rmsf,eahrvs64,eahrvs64::RMSF,wt-homo / RMSF,RMSF,Residue,117,0.05267805,nm,nm
line,overlay,wt-homo,wt-homo,rmsf,eahrvs64,eahrvs64::RMSF,wt-homo / RMSF,RMSF,Residue,118,0.04615499,nm,nm
line,overlay,wt-homo,wt-homo,rmsf,eahrvs64,eahrvs64::RMSF,wt-homo / RMSF,RMSF,Residue,119,0.044911604,nm,nm
line,overlay,wt-homo,wt-homo,rmsf,eahrvs64,eahrvs64::RMSF,wt-homo / RMSF,RMSF,Residue,120,0.043647382,nm,nm
line,overlay,wt-homo,wt-homo,rmsf,eahrvs64,eahrvs64::RMSF,wt-homo / RMSF,RMSF,Residue,121,0.045867737,nm,nm
line,overlay,wt-homo,wt-homo,rmsf,eahrvs64,eahrvs64::RMSF,wt-homo / RMSF,RMSF,Residue,122,0.06359478,nm,nm
line,overlay,wt-homo,wt-homo,rmsf,eahrvs64,eahrvs64::RMSF,wt-homo / RMSF,RMSF,Residue,123,0.06524789,nm,nm
line,overlay,wt-homo,wt-homo,rmsf,eahrvs64,eahrvs64::RMSF,wt-homo / RMSF,RMSF,Residue,124,0.056632165,nm,nm
line,overlay,wt-homo,wt-homo,rmsf,eahrvs64,eahrvs64::RMSF,wt-homo / RMSF,RMSF,Residue,125,0.060230553,nm,nm
line,overlay,wt-homo,wt-homo,rmsf,eahrvs64,eahrvs64::RMSF,wt-homo / RMSF,RMSF,Residue,126,0.060105547,nm,nm
line,overlay,wt-homo,wt-homo,rmsf,eahrvs64,eahrvs64::RMSF,wt-homo / RMSF,RMSF,Residue,127,0.051525727,nm,nm
line,overlay,wt-homo,wt-homo,rmsf,eahrvs64,eahrvs64::RMSF,wt-homo / RMSF,RMSF,Residue,128,0.06133403,nm,nm
line,overlay,wt-homo,wt-homo,rmsf,eahrvs64,eahrvs64::RMSF,wt-homo / RMSF,RMSF,Residue,129,0.068150975,nm,nm
line,overlay,wt-homo,wt-homo,rmsf,eahrvs64,eahrvs64::RMSF,wt-homo / RMSF,RMSF,Residue,130,0.05759149,nm,nm
line,overlay,wt-homo,wt-homo,rmsf,eahrvs64,eahrvs64::RMSF,wt-homo / RMSF,RMSF,Residue,131,0.06649029,nm,nm
line,overlay,wt-homo,wt-homo,rmsf,eahrvs64,eahrvs64::RMSF,wt-homo / RMSF,RMSF,Residue,132,0.08279659,nm,nm
line,overlay,wt-homo,wt-homo,rmsf,eahrvs64,eahrvs64::RMSF,wt-homo / RMSF,RMSF,Residue,133,0.07873458,nm,nm
line,overlay,wt-homo,wt-homo,rmsf,eahrvs64,eahrvs64::RMSF,wt-homo / RMSF,RMSF,Residue,134,0.076650165,nm,nm
line,overlay,wt-homo,wt-homo,rmsf,eahrvs64,eahrvs64::RMSF,wt-homo / RMSF,RMSF,Residue,135,0.08758319,nm,nm
line,overlay,wt-homo,wt-homo,rmsf,eahrvs64,eahrvs64::RMSF,wt-homo / RMSF,RMSF,Residue,136,0.070524484,nm,nm
line,overlay,wt-homo,wt-homo,rmsf,eahrvs64,eahrvs64::RMSF,wt-homo / RMSF,RMSF,Residue,137,0.05752172,nm,nm
line,overlay,wt-homo,wt-homo,rmsf,eahrvs64,eahrvs64::RMSF,wt-homo / RMSF,RMSF,Residue,138,0.0605668,nm,nm
line,overlay,wt-homo,wt-homo,rmsf,eahrvs64,eahrvs64::RMSF,wt-homo / RMSF,RMSF,Residue,139,0.049042366,nm,nm
line,overlay,wt-homo,wt-homo,rmsf,eahrvs64,eahrvs64::RMSF,wt-homo / RMSF,RMSF,Residue,140,0.04944582,nm,nm
line,overlay,wt-homo,wt-homo,rmsf,eahrvs64,eahrvs64::RMSF,wt-homo / RMSF,RMSF,Residue,141,0.04270666,nm,nm
line,overlay,wt-homo,wt-homo,rmsf,eahrvs64,eahrvs64::RMSF,wt-homo / RMSF,RMSF,Residue,142,0.042725436,nm,nm
line,overlay,wt-homo,wt-homo,rmsf,eahrvs64,eahrvs64::RMSF,wt-homo / RMSF,RMSF,Residue,143,0.052530922,nm,nm
line,overlay,wt-homo,wt-homo,rmsf,eahrvs64,eahrvs64::RMSF,wt-homo / RMSF,RMSF,Residue,144,0.054542795,nm,nm
line,overlay,wt-homo,wt-homo,rmsf,eahrvs64,eahrvs64::RMSF,wt-homo / RMSF,RMSF,Residue,145,0.054170284,nm,nm
line,overlay,wt-homo,wt-homo,rmsf,eahrvs64,eahrvs64::RMSF,wt-homo / RMSF,RMSF,Residue,146,0.0536669,nm,nm
line,overlay,wt-homo,wt-homo,rmsf,eahrvs64,eahrvs64::RMSF,wt-homo / RMSF,RMSF,Residue,147,0.057632066,nm,nm
line,overlay,wt-homo,wt-homo,rmsf,eahrvs64,eahrvs64::RMSF,wt-homo / RMSF,RMSF,Residue,148,0.05720857,nm,nm
line,overlay,wt-homo,wt-homo,rmsf,eahrvs64,eahrvs64::RMSF,wt-homo / RMSF,RMSF,Residue,149,0.05422071,nm,nm
line,overlay,wt-homo,wt-homo,rmsf,eahrvs64,eahrvs64::RMSF,wt-homo / RMSF,RMSF,Residue,150,0.056860715,nm,nm
line,overlay,wt-homo,wt-homo,rmsf,eahrvs64,eahrvs64::RMSF,wt-homo / RMSF,RMSF,Residue,151,0.060698237,nm,nm
line,overlay,wt-homo,wt-homo,rmsf,eahrvs64,eahrvs64::RMSF,wt-homo / RMSF,RMSF,Residue,152,0.0649554,nm,nm
line,overlay,wt-homo,wt-homo,rmsf,eahrvs64,eahrvs64::RMSF,wt-homo / RMSF,RMSF,Residue,153,0.06955625,nm,nm
line,overlay,wt-homo,wt-homo,rmsf,eahrvs64,eahrvs64::RMSF,wt-homo / RMSF,RMSF,Residue,154,0.07951494,nm,nm
line,overlay,wt-homo,wt-homo,rmsf,eahrvs64,eahrvs64::RMSF,wt-homo / RMSF,RMSF,Residue,155,0.08420154,nm,nm
line,overlay,wt-homo,wt-homo,rmsf,eahrvs64,eahrvs64::RMSF,wt-homo / RMSF,RMSF,Residue,156,0.08737288,nm,nm
line,overlay,wt-homo,wt-homo,rmsf,eahrvs64,eahrvs64::RMSF,wt-homo / RMSF,RMSF,Residue,157,0.10967563,nm,nm
line,overlay,wt-homo,wt-homo,rmsf,eahrvs64,eahrvs64::RMSF,wt-homo / RMSF,RMSF,Residue,158,0.11914642,nm,nm
line,overlay,wt-homo,wt-homo,rmsf,eahrvs64,eahrvs64::RMSF,wt-homo / RMSF,RMSF,Residue,159,0.12052349,nm,nm
line,overlay,wt-homo,wt-homo,rmsf,eahrvs64,eahrvs64::RMSF,wt-homo / RMSF,RMSF,Residue,160,0.11870722,nm,nm
line,overlay,wt-homo,wt-homo,rmsf,eahrvs64,eahrvs64::RMSF,wt-homo / RMSF,RMSF,Residue,161,0.12351698,nm,nm
line,overlay,wt-homo,wt-homo,rmsf,eahrvs64,eahrvs64::RMSF,wt-homo / RMSF,RMSF,Residue,162,0.15710129,nm,nm
line,overlay,wt-homo,wt-homo,rmsf,eahrvs64,eahrvs64::RMSF,wt-homo / RMSF,RMSF,Residue,163,0.14322843,nm,nm
line,overlay,wt-homo,wt-homo,rmsf,eahrvs64,eahrvs64::RMSF,wt-homo / RMSF,RMSF,Residue,164,0.17740595,nm,nm
line,overlay,wt-homo,wt-homo,rmsf,eahrvs64,eahrvs64::RMSF,wt-homo / RMSF,RMSF,Residue,165,0.21849553,nm,nm
line,overlay,wt-homo,wt-homo,rmsf,eahrvs64,eahrvs64::RMSF,wt-homo / RMSF,RMSF,Residue,166,0.24466823,nm,nm
line,overlay,wt-homo,wt-homo,rmsf,eahrvs64,eahrvs64::RMSF,wt-homo / RMSF,RMSF,Residue,167,0.2602396,nm,nm
line,overlay,wt-homo,wt-homo,rmsf,eahrvs64,eahrvs64::RMSF,wt-homo / RMSF,RMSF,Residue,168,0.32962066,nm,nm
line,overlay,wt-homo,wt-homo,rmsf,eahrvs64,eahrvs64::RMSF,wt-homo / RMSF,RMSF,Residue,169,0.2240347,nm,nm
line,overlay,wt-homo,wt-homo,rmsf,eahrvs64,eahrvs64::RMSF,wt-homo / RMSF,RMSF,Residue,170,0.15951861,nm,nm
line,overlay,wt-homo,wt-homo,rmsf,eahrvs64,eahrvs64::RMSF,wt-homo / RMSF,RMSF,Residue,171,0.12537068,nm,nm
line,overlay,wt-homo,wt-homo,rmsf,eahrvs64,eahrvs64::RMSF,wt-homo / RMSF,RMSF,Residue,172,0.10471874,nm,nm
line,overlay,wt-homo,wt-homo,rmsf,eahrvs64,eahrvs64::RMSF,wt-homo / RMSF,RMSF,Residue,173,0.11024014,nm,nm
line,overlay,wt-homo,wt-homo,rmsf,eahrvs64,eahrvs64::RMSF,wt-homo / RMSF,RMSF,Residue,174,0.0937723,nm,nm
line,overlay,wt-homo,wt-homo,rmsf,eahrvs64,eahrvs64::RMSF,wt-homo / RMSF,RMSF,Residue,175,0.11567574,nm,nm
line,overlay,wt-homo,wt-homo,rmsf,eahrvs64,eahrvs64::RMSF,wt-homo / RMSF,RMSF,Residue,176,0.13507818,nm,nm
line,overlay,wt-homo,wt-homo,rmsf,eahrvs64,eahrvs64::RMSF,wt-homo / RMSF,RMSF,Residue,177,0.114764296,nm,nm
line,overlay,wt-homo,wt-homo,rmsf,eahrvs64,eahrvs64::RMSF,wt-homo / RMSF,RMSF,Residue,178,0.13677374,nm,nm
line,overlay,wt-homo,wt-homo,rmsf,eahrvs64,eahrvs64::RMSF,wt-homo / RMSF,RMSF,Residue,179,0.12239213,nm,nm
line,overlay,wt-homo,wt-homo,rmsf,eahrvs64,eahrvs64::RMSF,wt-homo / RMSF,RMSF,Residue,180,0.10804767,nm,nm
line,overlay,wt-homo,wt-homo,rmsf,eahrvs64,eahrvs64::RMSF,wt-homo / RMSF,RMSF,Residue,181,0.122580744,nm,nm
line,overlay,wt-homo,wt-homo,rmsf,eahrvs64,eahrvs64::RMSF,wt-homo / RMSF,RMSF,Residue,182,0.15803309,nm,nm
line,overlay,wt-homo,wt-homo,rmsf,eahrvs64,eahrvs64::RMSF,wt-homo / RMSF,RMSF,Residue,183,0.22161546,nm,nm
line,overlay,wt-homo,wt-homo,rmsf,eahrvs64,eahrvs64::RMSF,wt-homo / RMSF,RMSF,Residue,184,0.18044612,nm,nm
line,overlay,wt-homo,wt-homo,rmsf,eahrvs64,eahrvs64::RMSF,wt-homo / RMSF,RMSF,Residue,185,0.114715695,nm,nm
line,overlay,wt-homo,wt-homo,rmsf,eahrvs64,eahrvs64::RMSF,wt-homo / RMSF,RMSF,Residue,186,0.09624352,nm,nm
line,overlay,wt-homo,wt-homo,rmsf,eahrvs64,eahrvs64::RMSF,wt-homo / RMSF,RMSF,Residue,187,0.115585074,nm,nm
line,overlay,wt-homo,wt-homo,rmsf,eahrvs64,eahrvs64::RMSF,wt-homo / RMSF,RMSF,Residue,188,0.11068891,nm,nm
line,overlay,wt-homo,wt-homo,rmsf,eahrvs64,eahrvs64::RMSF,wt-homo / RMSF,RMSF,Residue,189,0.098415256,nm,nm
line,overlay,wt-homo,wt-homo,rmsf,eahrvs64,eahrvs64::RMSF,wt-homo / RMSF,RMSF,Residue,190,0.11887123,nm,nm
line,overlay,wt-homo,wt-homo,rmsf,eahrvs64,eahrvs64::RMSF,wt-homo / RMSF,RMSF,Residue,191,0.157434,nm,nm
line,overlay,wt-homo,wt-homo,rmsf,eahrvs64,eahrvs64::RMSF,wt-homo / RMSF,RMSF,Residue,192,0.17137285,nm,nm
line,overlay,wt-homo,wt-homo,rmsf,eahrvs64,eahrvs64::RMSF,wt-homo / RMSF,RMSF,Residue,193,0.15560386,nm,nm
line,overlay,wt-homo,wt-homo,rmsf,eahrvs64,eahrvs64::RMSF,wt-homo / RMSF,RMSF,Residue,194,0.15339981,nm,nm
line,overlay,wt-homo,wt-homo,rmsf,eahrvs64,eahrvs64::RMSF,wt-homo / RMSF,RMSF,Residue,195,0.13928337,nm,nm
line,overlay,wt-homo,wt-homo,rmsf,eahrvs64,eahrvs64::RMSF,wt-homo / RMSF,RMSF,Residue,196,0.11974245,nm,nm
line,overlay,wt-homo,wt-homo,rmsf,eahrvs64,eahrvs64::RMSF,wt-homo / RMSF,RMSF,Residue,197,0.11495329,nm,nm
line,overlay,wt-homo,wt-homo,rmsf,eahrvs64,eahrvs64::RMSF,wt-homo / RMSF,RMSF,Residue,198,0.10399456,nm,nm
line,overlay,wt-homo,wt-homo,rmsf,eahrvs64,eahrvs64::RMSF,wt-homo / RMSF,RMSF,Residue,199,0.098137446,nm,nm
line,overlay,wt-homo,wt-homo,rmsf,eahrvs64,eahrvs64::RMSF,wt-homo / RMSF,RMSF,Residue,200,0.09445212,nm,nm
line,overlay,wt-homo,wt-homo,rmsf,eahrvs64,eahrvs64::RMSF,wt-homo / RMSF,RMSF,Residue,201,0.09257331,nm,nm
line,overlay,wt-homo,wt-homo,rmsf,eahrvs64,eahrvs64::RMSF,wt-homo / RMSF,RMSF,Residue,202,0.09538929,nm,nm
line,overlay,wt-homo,wt-homo,rmsf,eahrvs64,eahrvs64::RMSF,wt-homo / RMSF,RMSF,Residue,203,0.10294885,nm,nm
line,overlay,wt-homo,wt-homo,rmsf,eahrvs64,eahrvs64::RMSF,wt-homo / RMSF,RMSF,Residue,204,0.09925978,nm,nm
line,overlay,wt-homo,wt-homo,rmsf,eahrvs64,eahrvs64::RMSF,wt-homo / RMSF,RMSF,Residue,205,0.08340348,nm,nm
line,overlay,wt-homo,wt-homo,rmsf,eahrvs64,eahrvs64::RMSF,wt-homo / RMSF,RMSF,Residue,206,0.071171775,nm,nm
line,overlay,wt-homo,wt-homo,rmsf,eahrvs64,eahrvs64::RMSF,wt-homo / RMSF,RMSF,Residue,207,0.077942334,nm,nm
line,overlay,wt-homo,wt-homo,rmsf,eahrvs64,eahrvs64::RMSF,wt-homo / RMSF,RMSF,Residue,208,0.07569896,nm,nm
line,overlay,wt-homo,wt-homo,rmsf,eahrvs64,eahrvs64::RMSF,wt-homo / RMSF,RMSF,Residue,209,0.08446911,nm,nm
line,overlay,wt-homo,wt-homo,rmsf,eahrvs64,eahrvs64::RMSF,wt-homo / RMSF,RMSF,Residue,210,0.10460993,nm,nm
line,overlay,wt-homo,wt-homo,rmsf,eahrvs64,eahrvs64::RMSF,wt-homo / RMSF,RMSF,Residue,211,0.09611298,nm,nm
line,overlay,wt-homo,wt-homo,rmsf,eahrvs64,eahrvs64::RMSF,wt-homo / RMSF,RMSF,Residue,212,0.066300586,nm,nm
line,overlay,wt-homo,wt-homo,rmsf,eahrvs64,eahrvs64::RMSF,wt-homo / RMSF,RMSF,Residue,213,0.06013902,nm,nm
line,overlay,wt-homo,wt-homo,rmsf,eahrvs64,eahrvs64::RMSF,wt-homo / RMSF,RMSF,Residue,214,0.05381528,nm,nm
line,overlay,wt-homo,wt-homo,rmsf,eahrvs64,eahrvs64::RMSF,wt-homo / RMSF,RMSF,Residue,215,0.045746006,nm,nm
line,overlay,wt-homo,wt-homo,rmsf,eahrvs64,eahrvs64::RMSF,wt-homo / RMSF,RMSF,Residue,216,0.039688632,nm,nm
line,overlay,wt-homo,wt-homo,rmsf,eahrvs64,eahrvs64::RMSF,wt-homo / RMSF,RMSF,Residue,217,0.042000137,nm,nm
line,overlay,wt-homo,wt-homo,rmsf,eahrvs64,eahrvs64::RMSF,wt-homo / RMSF,RMSF,Residue,218,0.041624855,nm,nm
line,overlay,wt-homo,wt-homo,rmsf,eahrvs64,eahrvs64::RMSF,wt-homo / RMSF,RMSF,Residue,219,0.05156477,nm,nm
line,overlay,wt-homo,wt-homo,rmsf,eahrvs64,eahrvs64::RMSF,wt-homo / RMSF,RMSF,Residue,220,0.047578868,nm,nm
line,overlay,wt-homo,wt-homo,rmsf,eahrvs64,eahrvs64::RMSF,wt-homo / RMSF,RMSF,Residue,221,0.059525397,nm,nm
line,overlay,wt-homo,wt-homo,rmsf,eahrvs64,eahrvs64::RMSF,wt-homo / RMSF,RMSF,Residue,222,0.059711598,nm,nm
line,overlay,wt-homo,wt-homo,rmsf,eahrvs64,eahrvs64::RMSF,wt-homo / RMSF,RMSF,Residue,223,0.052952413,nm,nm
line,overlay,wt-homo,wt-homo,rmsf,eahrvs64,eahrvs64::RMSF,wt-homo / RMSF,RMSF,Residue,224,0.066292465,nm,nm
line,overlay,wt-homo,wt-homo,rmsf,eahrvs64,eahrvs64::RMSF,wt-homo / RMSF,RMSF,Residue,225,0.07104952,nm,nm
line,overlay,wt-homo,wt-homo,rmsf,eahrvs64,eahrvs64::RMSF,wt-homo / RMSF,RMSF,Residue,226,0.067547575,nm,nm
line,overlay,wt-homo,wt-homo,rmsf,eahrvs64,eahrvs64::RMSF,wt-homo / RMSF,RMSF,Residue,227,0.061316423,nm,nm
line,overlay,wt-homo,wt-homo,rmsf,eahrvs64,eahrvs64::RMSF,wt-homo / RMSF,RMSF,Residue,228,0.061191082,nm,nm
line,overlay,wt-homo,wt-homo,rmsf,eahrvs64,eahrvs64::RMSF,wt-homo / RMSF,RMSF,Residue,229,0.06919817,nm,nm
line,overlay,wt-homo,wt-homo,rmsf,eahrvs64,eahrvs64::RMSF,wt-homo / RMSF,RMSF,Residue,230,0.06620817,nm,nm
line,overlay,wt-homo,wt-homo,rmsf,eahrvs64,eahrvs64::RMSF,wt-homo / RMSF,RMSF,Residue,231,0.0635346,nm,nm
line,overlay,wt-homo,wt-homo,rmsf,eahrvs64,eahrvs64::RMSF,wt-homo / RMSF,RMSF,Residue,232,0.07165885,nm,nm
line,overlay,wt-homo,wt-homo,rmsf,eahrvs64,eahrvs64::RMSF,wt-homo / RMSF,RMSF,Residue,233,0.091954544,nm,nm
line,overlay,wt-homo,wt-homo,rmsf,eahrvs64,eahrvs64::RMSF,wt-homo / RMSF,RMSF,Residue,234,0.09000082,nm,nm
line,overlay,wt-homo,wt-homo,rmsf,eahrvs64,eahrvs64::RMSF,wt-homo / RMSF,RMSF,Residue,235,0.07584666,nm,nm
line,overlay,wt-homo,wt-homo,rmsf,eahrvs64,eahrvs64::RMSF,wt-homo / RMSF,RMSF,Residue,236,0.07492961,nm,nm
line,overlay,wt-homo,wt-homo,rmsf,eahrvs64,eahrvs64::RMSF,wt-homo / RMSF,RMSF,Residue,237,0.04931782,nm,nm
line,overlay,wt-homo,wt-homo,rmsf,eahrvs64,eahrvs64::RMSF,wt-homo / RMSF,RMSF,Residue,238,0.044711474,nm,nm
line,overlay,wt-homo,wt-homo,rmsf,eahrvs64,eahrvs64::RMSF,wt-homo / RMSF,RMSF,Residue,239,0.042058446,nm,nm
line,overlay,wt-homo,wt-homo,rmsf,eahrvs64,eahrvs64::RMSF,wt-homo / RMSF,RMSF,Residue,240,0.044987883,nm,nm
line,overlay,wt-homo,wt-homo,rmsf,eahrvs64,eahrvs64::RMSF,wt-homo / RMSF,RMSF,Residue,241,0.048126116,nm,nm
line,overlay,wt-homo,wt-homo,rmsf,eahrvs64,eahrvs64::RMSF,wt-homo / RMSF,RMSF,Residue,242,0.05042061,nm,nm
line,overlay,wt-homo,wt-homo,rmsf,eahrvs64,eahrvs64::RMSF,wt-homo / RMSF,RMSF,Residue,243,0.05397249,nm,nm
line,overlay,wt-homo,wt-homo,rmsf,eahrvs64,eahrvs64::RMSF,wt-homo / RMSF,RMSF,Residue,244,0.07781388,nm,nm
line,overlay,wt-homo,wt-homo,rmsf,eahrvs64,eahrvs64::RMSF,wt-homo / RMSF,RMSF,Residue,245,0.07496251,nm,nm
line,overlay,wt-homo,wt-homo,rmsf,eahrvs64,eahrvs64::RMSF,wt-homo / RMSF,RMSF,Residue,246,0.11331573,nm,nm
line,overlay,wt-homo,wt-homo,rmsf,eahrvs64,eahrvs64::RMSF,wt-homo / RMSF,RMSF,Residue,247,0.133242,nm,nm
line,overlay,wt-homo,wt-homo,rmsf,eahrvs64,eahrvs64::RMSF,wt-homo / RMSF,RMSF,Residue,248,0.192126,nm,nm
line,overlay,wt-homo,wt-homo,rmsf,eahrvs64,eahrvs64::RMSF,wt-homo / RMSF,RMSF,Residue,249,0.2959133,nm,nm
line,overlay,wt-homo,wt-homo,rmsf,eahrvs64,eahrvs64::RMSF,wt-homo / RMSF,RMSF,Residue,250,0.28269392,nm,nm
line,overlay,wt-homo,wt-homo,rmsf,eahrvs64,eahrvs64::RMSF,wt-homo / RMSF,RMSF,Residue,251,0.35640034,nm,nm
line,overlay,wt-homo,wt-homo,rmsf,eahrvs64,eahrvs64::RMSF,wt-homo / RMSF,RMSF,Residue,252,0.30880463,nm,nm
line,overlay,wt-homo,wt-homo,rmsf,eahrvs64,eahrvs64::RMSF,wt-homo / RMSF,RMSF,Residue,253,0.21473272,nm,nm
line,overlay,wt-homo,wt-homo,rmsf,eahrvs64,eahrvs64::RMSF,wt-homo / RMSF,RMSF,Residue,254,0.11760869,nm,nm
line,overlay,wt-homo,wt-homo,rmsf,eahrvs64,eahrvs64::RMSF,wt-homo / RMSF,RMSF,Residue,255,0.112773106,nm,nm
line,overlay,wt-homo,wt-homo,rmsf,eahrvs64,eahrvs64::RMSF,wt-homo / RMSF,RMSF,Residue,256,0.10490665,nm,nm
line,overlay,wt-homo,wt-homo,rmsf,eahrvs64,eahrvs64::RMSF,wt-homo / RMSF,RMSF,Residue,257,0.09085286,nm,nm
line,overlay,wt-homo,wt-homo,rmsf,eahrvs64,eahrvs64::RMSF,wt-homo / RMSF,RMSF,Residue,258,0.095947005,nm,nm
line,overlay,wt-homo,wt-homo,rmsf,eahrvs64,eahrvs64::RMSF,wt-homo / RMSF,RMSF,Residue,259,0.0952601,nm,nm
line,overlay,wt-homo,wt-homo,rmsf,eahrvs64,eahrvs64::RMSF,wt-homo / RMSF,RMSF,Residue,260,0.09136964,nm,nm
line,overlay,wt-homo,wt-homo,rmsf,eahrvs64,eahrvs64::RMSF,wt-homo / RMSF,RMSF,Residue,261,0.08154295,nm,nm
line,overlay,wt-homo,wt-homo,rmsf,eahrvs64,eahrvs64::RMSF,wt-homo / RMSF,RMSF,Residue,262,0.07761148,nm,nm
line,overlay,wt-homo,wt-homo,rmsf,eahrvs64,eahrvs64::RMSF,wt-homo / RMSF,RMSF,Residue,263,0.09393797,nm,nm
line,overlay,wt-homo,wt-homo,rmsf,eahrvs64,eahrvs64::RMSF,wt-homo / RMSF,RMSF,Residue,264,0.09148515,nm,nm
line,overlay,wt-homo,wt-homo,rmsf,eahrvs64,eahrvs64::RMSF,wt-homo / RMSF,RMSF,Residue,265,0.09563074,nm,nm
line,overlay,wt-homo,wt-homo,rmsf,eahrvs64,eahrvs64::RMSF,wt-homo / RMSF,RMSF,Residue,266,0.10659024,nm,nm
line,overlay,wt-homo,wt-homo,rmsf,eahrvs64,eahrvs64::RMSF,wt-homo / RMSF,RMSF,Residue,267,0.09176784,nm,nm
line,overlay,wt-homo,wt-homo,rmsf,eahrvs64,eahrvs64::RMSF,wt-homo / RMSF,RMSF,Residue,268,0.084278785,nm,nm
line,overlay,wt-homo,wt-homo,rmsf,eahrvs64,eahrvs64::RMSF,wt-homo / RMSF,RMSF,Residue,269,0.1016557,nm,nm
line,overlay,wt-homo,wt-homo,rmsf,eahrvs64,eahrvs64::RMSF,wt-homo / RMSF,RMSF,Residue,270,0.11180492,nm,nm
line,overlay,wt-homo,wt-homo,rmsf,eahrvs64,eahrvs64::RMSF,wt-homo / RMSF,RMSF,Residue,271,0.087610744,nm,nm
line,overlay,wt-homo,wt-homo,rmsf,eahrvs64,eahrvs64::RMSF,wt-homo / RMSF,RMSF,Residue,272,0.09697254,nm,nm
line,overlay,wt-homo,wt-homo,rmsf,eahrvs64,eahrvs64::RMSF,wt-homo / RMSF,RMSF,Residue,273,0.10076333,nm,nm
line,overlay,wt-homo,wt-homo,rmsf,eahrvs64,eahrvs64::RMSF,wt-homo / RMSF,RMSF,Residue,274,0.08494728,nm,nm
line,overlay,wt-homo,wt-homo,rmsf,eahrvs64,eahrvs64::RMSF,wt-homo / RMSF,RMSF,Residue,275,0.07215227,nm,nm
line,overlay,wt-homo,wt-homo,rmsf,eahrvs64,eahrvs64::RMSF,wt-homo / RMSF,RMSF,Residue,276,0.054272354,nm,nm
line,overlay,wt-homo,wt-homo,rmsf,eahrvs64,eahrvs64::RMSF,wt-homo / RMSF,RMSF,Residue,277,0.04483136,nm,nm
line,overlay,wt-homo,wt-homo,rmsf,eahrvs64,eahrvs64::RMSF,wt-homo / RMSF,RMSF,Residue,278,0.040859137,nm,nm
line,overlay,wt-homo,wt-homo,rmsf,eahrvs64,eahrvs64::RMSF,wt-homo / RMSF,RMSF,Residue,279,0.038717475,nm,nm
line,overlay,wt-homo,wt-homo,rmsf,eahrvs64,eahrvs64::RMSF,wt-homo / RMSF,RMSF,Residue,280,0.0479874,nm,nm
line,overlay,wt-homo,wt-homo,rmsf,eahrvs64,eahrvs64::RMSF,wt-homo / RMSF,RMSF,Residue,281,0.06327162,nm,nm
line,overlay,wt-homo,wt-homo,rmsf,eahrvs64,eahrvs64::RMSF,wt-homo / RMSF,RMSF,Residue,282,0.102452,nm,nm
line,overlay,wt-homo,wt-homo,rmsf,eahrvs64,eahrvs64::RMSF,wt-homo / RMSF,RMSF,Residue,283,0.13263777,nm,nm
line,overlay,wt-homo,wt-homo,rmsf,eahrvs64,eahrvs64::RMSF,wt-homo / RMSF,RMSF,Residue,284,0.12570569,nm,nm
line,overlay,wt-homo,wt-homo,rmsf,eahrvs64,eahrvs64::RMSF,wt-homo / RMSF,RMSF,Residue,285,0.115089975,nm,nm
line,overlay,wt-homo,wt-homo,rmsf,eahrvs64,eahrvs64::RMSF,wt-homo / RMSF,RMSF,Residue,286,0.10833439,nm,nm
line,overlay,wt-homo,wt-homo,rmsf,eahrvs64,eahrvs64::RMSF,wt-homo / RMSF,RMSF,Residue,287,0.0942502,nm,nm
line,overlay,wt-homo,wt-homo,rmsf,eahrvs64,eahrvs64::RMSF,wt-homo / RMSF,RMSF,Residue,288,0.10233689,nm,nm
line,overlay,wt-homo,wt-homo,rmsf,eahrvs64,eahrvs64::RMSF,wt-homo / RMSF,RMSF,Residue,289,0.11359845,nm,nm
line,overlay,wt-homo,wt-homo,rmsf,eahrvs64,eahrvs64::RMSF,wt-homo / RMSF,RMSF,Residue,290,0.08486289,nm,nm
line,overlay,wt-homo,wt-homo,rmsf,eahrvs64,eahrvs64::RMSF,wt-homo / RMSF,RMSF,Residue,291,0.07281605,nm,nm
line,overlay,wt-homo,wt-homo,rmsf,eahrvs64,eahrvs64::RMSF,wt-homo / RMSF,RMSF,Residue,292,0.06781578,nm,nm
line,overlay,wt-homo,wt-homo,rmsf,eahrvs64,eahrvs64::RMSF,wt-homo / RMSF,RMSF,Residue,293,0.069072336,nm,nm
line,overlay,wt-homo,wt-homo,rmsf,eahrvs64,eahrvs64::RMSF,wt-homo / RMSF,RMSF,Residue,294,0.06734945,nm,nm
line,overlay,wt-homo,wt-homo,rmsf,eahrvs64,eahrvs64::RMSF,wt-homo / RMSF,RMSF,Residue,295,0.05977282,nm,nm
line,overlay,wt-homo,wt-homo,rmsf,eahrvs64,eahrvs64::RMSF,wt-homo / RMSF,RMSF,Residue,296,0.0612914,nm,nm
line,overlay,wt-homo,wt-homo,rmsf,eahrvs64,eahrvs64::RMSF,wt-homo / RMSF,RMSF,Residue,297,0.06900638,nm,nm
line,overlay,wt-homo,wt-homo,rmsf,eahrvs64,eahrvs64::RMSF,wt-homo / RMSF,RMSF,Residue,298,0.068007275,nm,nm
line,overlay,wt-homo,wt-homo,rmsf,eahrvs64,eahrvs64::RMSF,wt-homo / RMSF,RMSF,Residue,299,0.06335072,nm,nm
line,overlay,wt-homo,wt-homo,rmsf,eahrvs64,eahrvs64::RMSF,wt-homo / RMSF,RMSF,Residue,300,0.0762685,nm,nm
line,overlay,wt-homo,wt-homo,rmsf,eahrvs64,eahrvs64::RMSF,wt-homo / RMSF,RMSF,Residue,301,0.08473742,nm,nm
line,overlay,wt-homo,wt-homo,rmsf,eahrvs64,eahrvs64::RMSF,wt-homo / RMSF,RMSF,Residue,302,0.077115655,nm,nm
line,overlay,wt-homo,wt-homo,rmsf,eahrvs64,eahrvs64::RMSF,wt-homo / RMSF,RMSF,Residue,303,0.07762369,nm,nm
line,overlay,wt-homo,wt-homo,rmsf,eahrvs64,eahrvs64::RMSF,wt-homo / RMSF,RMSF,Residue,304,0.062307063,nm,nm
line,overlay,wt-homo,wt-homo,rmsf,eahrvs64,eahrvs64::RMSF,wt-homo / RMSF,RMSF,Residue,305,0.05700544,nm,nm
line,overlay,wt-homo,wt-homo,rmsf,eahrvs64,eahrvs64::RMSF,wt-homo / RMSF,RMSF,Residue,306,0.049552366,nm,nm
line,overlay,wt-homo,wt-homo,rmsf,eahrvs64,eahrvs64::RMSF,wt-homo / RMSF,RMSF,Residue,307,0.04497691,nm,nm
line,overlay,wt-homo,wt-homo,rmsf,eahrvs64,eahrvs64::RMSF,wt-homo / RMSF,RMSF,Residue,308,0.046787933,nm,nm
line,overlay,wt-homo,wt-homo,rmsf,eahrvs64,eahrvs64::RMSF,wt-homo / RMSF,RMSF,Residue,309,0.056614302,nm,nm
line,overlay,wt-homo,wt-homo,rmsf,eahrvs64,eahrvs64::RMSF,wt-homo / RMSF,RMSF,Residue,310,0.081272416,nm,nm
line,overlay,wt-homo,wt-homo,rmsf,eahrvs64,eahrvs64::RMSF,wt-homo / RMSF,RMSF,Residue,311,0.13341431,nm,nm
line,overlay,wt-homo,wt-homo,rmsf,eahrvs64,eahrvs64::RMSF,wt-homo / RMSF,RMSF,Residue,312,0.16794614,nm,nm
line,overlay,wt-homo,wt-homo,rmsf,eahrvs64,eahrvs64::RMSF,wt-homo / RMSF,RMSF,Residue,313,0.17129876,nm,nm
line,overlay,wt-homo,wt-homo,rmsf,eahrvs64,eahrvs64::RMSF,wt-homo / RMSF,RMSF,Residue,314,0.24491823,nm,nm
line,overlay,wt-homo,wt-homo,rmsf,eahrvs64,eahrvs64::RMSF,wt-homo / RMSF,RMSF,Residue,315,0.31963792,nm,nm
line,overlay,wt-homo,wt-homo,rmsf,eahrvs64,eahrvs64::RMSF,wt-homo / RMSF,RMSF,Residue,316,0.31528124,nm,nm
line,overlay,wt-homo,wt-homo,rmsf,eahrvs64,eahrvs64::RMSF,wt-homo / RMSF,RMSF,Residue,317,0.22760685,nm,nm
line,overlay,wt-homo,wt-homo,rmsf,eahrvs64,eahrvs64::RMSF,wt-homo / RMSF,RMSF,Residue,318,0.2745492,nm,nm
line,overlay,wt-homo,wt-homo,rmsf,eahrvs64,eahrvs64::RMSF,wt-homo / RMSF,RMSF,Residue,319,0.2489563,nm,nm
line,overlay,wt-homo,wt-homo,rmsf,eahrvs64,eahrvs64::RMSF,wt-homo / RMSF,RMSF,Residue,320,0.20066005,nm,nm
line,overlay,wt-homo,wt-homo,rmsf,eahrvs64,eahrvs64::RMSF,wt-homo / RMSF,RMSF,Residue,321,0.11694078,nm,nm
line,overlay,wt-homo,wt-homo,rmsf,eahrvs64,eahrvs64::RMSF,wt-homo / RMSF,RMSF,Residue,322,0.10064339,nm,nm
line,overlay,wt-homo,wt-homo,rmsf,eahrvs64,eahrvs64::RMSF,wt-homo / RMSF,RMSF,Residue,323,0.08100085,nm,nm
line,overlay,wt-homo,wt-homo,rmsf,eahrvs64,eahrvs64::RMSF,wt-homo / RMSF,RMSF,Residue,324,0.090853654,nm,nm
line,overlay,wt-homo,wt-homo,rmsf,eahrvs64,eahrvs64::RMSF,wt-homo / RMSF,RMSF,Residue,325,0.11596732,nm,nm
line,overlay,wt-homo,wt-homo,rmsf,eahrvs64,eahrvs64::RMSF,wt-homo / RMSF,RMSF,Residue,326,0.14258012,nm,nm
line,overlay,wt-homo,wt-homo,rmsf,eahrvs64,eahrvs64::RMSF,wt-homo / RMSF,RMSF,Residue,327,0.105999716,nm,nm
line,overlay,wt-homo,wt-homo,rmsf,eahrvs64,eahrvs64::RMSF,wt-homo / RMSF,RMSF,Residue,328,0.10601145,nm,nm
line,overlay,wt-homo,wt-homo,rmsf,eahrvs64,eahrvs64::RMSF,wt-homo / RMSF,RMSF,Residue,329,0.115837604,nm,nm
line,overlay,wt-homo,wt-homo,rmsf,eahrvs64,eahrvs64::RMSF,wt-homo / RMSF,RMSF,Residue,330,0.105827734,nm,nm
line,overlay,wt-homo,wt-homo,rmsf,eahrvs64,eahrvs64::RMSF,wt-homo / RMSF,RMSF,Residue,331,0.09575128,nm,nm
line,overlay,wt-homo,wt-homo,rmsf,eahrvs64,eahrvs64::RMSF,wt-homo / RMSF,RMSF,Residue,332,0.10731476,nm,nm
line,overlay,wt-homo,wt-homo,rmsf,eahrvs64,eahrvs64::RMSF,wt-homo / RMSF,RMSF,Residue,333,0.10195016,nm,nm
line,overlay,wt-homo,wt-homo,rmsf,eahrvs64,eahrvs64::RMSF,wt-homo / RMSF,RMSF,Residue,334,0.07925174,nm,nm
line,overlay,wt-homo,wt-homo,rmsf,eahrvs64,eahrvs64::RMSF,wt-homo / RMSF,RMSF,Residue,335,0.079151236,nm,nm
line,overlay,wt-homo,wt-homo,rmsf,eahrvs64,eahrvs64::RMSF,wt-homo / RMSF,RMSF,Residue,336,0.066679515,nm,nm
line,overlay,wt-homo,wt-homo,rmsf,eahrvs64,eahrvs64::RMSF,wt-homo / RMSF,RMSF,Residue,337,0.06623466,nm,nm
line,overlay,wt-homo,wt-homo,rmsf,eahrvs64,eahrvs64::RMSF,wt-homo / RMSF,RMSF,Residue,338,0.07250291,nm,nm
line,overlay,wt-homo,wt-homo,rmsf,eahrvs64,eahrvs64::RMSF,wt-homo / RMSF,RMSF,Residue,339,0.081339344,nm,nm
line,overlay,wt-homo,wt-homo,rmsf,eahrvs64,eahrvs64::RMSF,wt-homo / RMSF,RMSF,Residue,340,0.0702253,nm,nm
line,overlay,wt-homo,wt-homo,rmsf,eahrvs64,eahrvs64::RMSF,wt-homo / RMSF,RMSF,Residue,341,0.06871048,nm,nm
line,overlay,wt-homo,wt-homo,rmsf,eahrvs64,eahrvs64::RMSF,wt-homo / RMSF,RMSF,Residue,342,0.072166674,nm,nm
line,overlay,wt-homo,wt-homo,rmsf,eahrvs64,eahrvs64::RMSF,wt-homo / RMSF,RMSF,Residue,343,0.068602376,nm,nm
line,overlay,wt-homo,wt-homo,rmsf,eahrvs64,eahrvs64::RMSF,wt-homo / RMSF,RMSF,Residue,344,0.085721135,nm,nm
line,overlay,wt-homo,wt-homo,rmsf,eahrvs64,eahrvs64::RMSF,wt-homo / RMSF,RMSF,Residue,345,0.08421546,nm,nm
line,overlay,wt-homo,wt-homo,rmsf,eahrvs64,eahrvs64::RMSF,wt-homo / RMSF,RMSF,Residue,346,0.06895666,nm,nm
line,overlay,wt-homo,wt-homo,rmsf,eahrvs64,eahrvs64::RMSF,wt-homo / RMSF,RMSF,Residue,347,0.07590073,nm,nm
line,overlay,wt-homo,wt-homo,rmsf,eahrvs64,eahrvs64::RMSF,wt-homo / RMSF,RMSF,Residue,348,0.09297078,nm,nm
line,overlay,wt-homo,wt-homo,rmsf,eahrvs64,eahrvs64::RMSF,wt-homo / RMSF,RMSF,Residue,349,0.09019568,nm,nm
line,overlay,wt-homo,wt-homo,rmsf,eahrvs64,eahrvs64::RMSF,wt-homo / RMSF,RMSF,Residue,350,0.09901722,nm,nm
line,overlay,wt-homo,wt-homo,rmsf,eahrvs64,eahrvs64::RMSF,wt-homo / RMSF,RMSF,Residue,351,0.08264762,nm,nm
line,overlay,wt-homo,wt-homo,rmsf,eahrvs64,eahrvs64::RMSF,wt-homo / RMSF,RMSF,Residue,352,0.062987044,nm,nm
line,overlay,wt-homo,wt-homo,rmsf,eahrvs64,eahrvs64::RMSF,wt-homo / RMSF,RMSF,Residue,353,0.0614214,nm,nm
line,overlay,wt-homo,wt-homo,rmsf,eahrvs64,eahrvs64::RMSF,wt-homo / RMSF,RMSF,Residue,354,0.05262568,nm,nm
line,overlay,wt-homo,wt-homo,rmsf,eahrvs64,eahrvs64::RMSF,wt-homo / RMSF,RMSF,Residue,355,0.045967728,nm,nm
line,overlay,wt-homo,wt-homo,rmsf,eahrvs64,eahrvs64::RMSF,wt-homo / RMSF,RMSF,Residue,356,0.036849,nm,nm
line,overlay,wt-homo,wt-homo,rmsf,eahrvs64,eahrvs64::RMSF,wt-homo / RMSF,RMSF,Residue,357,0.04311051,nm,nm
line,overlay,wt-homo,wt-homo,rmsf,eahrvs64,eahrvs64::RMSF,wt-homo / RMSF,RMSF,Residue,358,0.047514986,nm,nm
line,overlay,wt-homo,wt-homo,rmsf,eahrvs64,eahrvs64::RMSF,wt-homo / RMSF,RMSF,Residue,359,0.04963086,nm,nm
line,overlay,wt-homo,wt-homo,rmsf,eahrvs64,eahrvs64::RMSF,wt-homo / RMSF,RMSF,Residue,360,0.052543405,nm,nm
line,overlay,wt-homo,wt-homo,rmsf,eahrvs64,eahrvs64::RMSF,wt-homo / RMSF,RMSF,Residue,361,0.047099803,nm,nm
line,overlay,wt-homo,wt-homo,rmsf,eahrvs64,eahrvs64::RMSF,wt-homo / RMSF,RMSF,Residue,362,0.050990246,nm,nm
line,overlay,wt-homo,wt-homo,rmsf,eahrvs64,eahrvs64::RMSF,wt-homo / RMSF,RMSF,Residue,363,0.060998823,nm,nm
line,overlay,wt-homo,wt-homo,rmsf,eahrvs64,eahrvs64::RMSF,wt-homo / RMSF,RMSF,Residue,364,0.06039937,nm,nm
line,overlay,wt-homo,wt-homo,rmsf,eahrvs64,eahrvs64::RMSF,wt-homo / RMSF,RMSF,Residue,365,0.058517866,nm,nm
line,overlay,wt-homo,wt-homo,rmsf,eahrvs64,eahrvs64::RMSF,wt-homo / RMSF,RMSF,Residue,366,0.06604086,nm,nm
line,overlay,wt-homo,wt-homo,rmsf,eahrvs64,eahrvs64::RMSF,wt-homo / RMSF,RMSF,Residue,367,0.06481692,nm,nm
line,overlay,wt-homo,wt-homo,rmsf,eahrvs64,eahrvs64::RMSF,wt-homo / RMSF,RMSF,Residue,368,0.06984596,nm,nm
line,overlay,wt-homo,wt-homo,rmsf,eahrvs64,eahrvs64::RMSF,wt-homo / RMSF,RMSF,Residue,369,0.07554197,nm,nm
line,overlay,wt-homo,wt-homo,rmsf,eahrvs64,eahrvs64::RMSF,wt-homo / RMSF,RMSF,Residue,370,0.07366483,nm,nm
line,overlay,wt-homo,wt-homo,rmsf,eahrvs64,eahrvs64::RMSF,wt-homo / RMSF,RMSF,Residue,371,0.073953696,nm,nm
line,overlay,wt-homo,wt-homo,rmsf,eahrvs64,eahrvs64::RMSF,wt-homo / RMSF,RMSF,Residue,372,0.06857306,nm,nm
line,overlay,wt-homo,wt-homo,rmsf,eahrvs64,eahrvs64::RMSF,wt-homo / RMSF,RMSF,Residue,373,0.07560971,nm,nm
line,overlay,wt-homo,wt-homo,rmsf,eahrvs64,eahrvs64::RMSF,wt-homo / RMSF,RMSF,Residue,374,0.074358754,nm,nm
line,overlay,wt-homo,wt-homo,rmsf,eahrvs64,eahrvs64::RMSF,wt-homo / RMSF,RMSF,Residue,375,0.058958307,nm,nm
line,overlay,wt-homo,wt-homo,rmsf,eahrvs64,eahrvs64::RMSF,wt-homo / RMSF,RMSF,Residue,376,0.04883673,nm,nm
line,overlay,wt-homo,wt-homo,rmsf,eahrvs64,eahrvs64::RMSF,wt-homo / RMSF,RMSF,Residue,377,0.05645876,nm,nm
line,overlay,wt-homo,wt-homo,rmsf,eahrvs64,eahrvs64::RMSF,wt-homo / RMSF,RMSF,Residue,378,0.07340043,nm,nm
line,overlay,wt-homo,wt-homo,rmsf,eahrvs64,eahrvs64::RMSF,wt-homo / RMSF,RMSF,Residue,379,0.103622116,nm,nm
line,overlay,wt-homo,wt-homo,rmsf,eahrvs64,eahrvs64::RMSF,wt-homo / RMSF,RMSF,Residue,380,0.10509391,nm,nm
line,overlay,wt-homo,wt-homo,rmsf,eahrvs64,eahrvs64::RMSF,wt-homo / RMSF,RMSF,Residue,381,0.22832888,nm,nm
line,overlay,wt-homo,wt-homo,rmsf,eahrvs64,eahrvs64::RMSF,wt-homo / RMSF,RMSF,Residue,382,0.16699915,nm,nm
line,overlay,wt-homo,wt-homo,rmsf,eahrvs64,eahrvs64::RMSF,wt-homo / RMSF,RMSF,Residue,383,0.10351803,nm,nm
line,overlay,wt-homo,wt-homo,rmsf,eahrvs64,eahrvs64::RMSF,wt-homo / RMSF,RMSF,Residue,384,0.11341372,nm,nm
line,overlay,wt-homo,wt-homo,rmsf,eahrvs64,eahrvs64::RMSF,wt-homo / RMSF,RMSF,Residue,385,0.09341892,nm,nm
line,overlay,wt-homo,wt-homo,rmsf,eahrvs64,eahrvs64::RMSF,wt-homo / RMSF,RMSF,Residue,386,0.07490859,nm,nm
line,overlay,wt-homo,wt-homo,rmsf,eahrvs64,eahrvs64::RMSF,wt-homo / RMSF,RMSF,Residue,387,0.05962307,nm,nm
line,overlay,wt-homo,wt-homo,rmsf,eahrvs64,eahrvs64::RMSF,wt-homo / RMSF,RMSF,Residue,388,0.06820426,nm,nm
line,overlay,wt-homo,wt-homo,rmsf,eahrvs64,eahrvs64::RMSF,wt-homo / RMSF,RMSF,Residue,389,0.069348074,nm,nm
line,overlay,wt-homo,wt-homo,rmsf,eahrvs64,eahrvs64::RMSF,wt-homo / RMSF,RMSF,Residue,390,0.05937694,nm,nm
line,overlay,wt-homo,wt-homo,rmsf,eahrvs64,eahrvs64::RMSF,wt-homo / RMSF,RMSF,Residue,391,0.062349334,nm,nm
line,overlay,wt-homo,wt-homo,rmsf,eahrvs64,eahrvs64::RMSF,wt-homo / RMSF,RMSF,Residue,392,0.070700474,nm,nm
line,overlay,wt-homo,wt-homo,rmsf,eahrvs64,eahrvs64::RMSF,wt-homo / RMSF,RMSF,Residue,393,0.06998229,nm,nm
line,overlay,wt-homo,wt-homo,rmsf,eahrvs64,eahrvs64::RMSF,wt-homo / RMSF,RMSF,Residue,394,0.067608565,nm,nm
line,overlay,wt-homo,wt-homo,rmsf,eahrvs64,eahrvs64::RMSF,wt-homo / RMSF,RMSF,Residue,395,0.06747494,nm,nm
line,overlay,wt-homo,wt-homo,rmsf,eahrvs64,eahrvs64::RMSF,wt-homo / RMSF,RMSF,Residue,396,0.063238084,nm,nm
line,overlay,wt-homo,wt-homo,rmsf,eahrvs64,eahrvs64::RMSF,wt-homo / RMSF,RMSF,Residue,397,0.06984576,nm,nm
line,overlay,wt-homo,wt-homo,rmsf,eahrvs64,eahrvs64::RMSF,wt-homo / RMSF,RMSF,Residue,398,0.060891267,nm,nm
line,overlay,wt-homo,wt-homo,rmsf,eahrvs64,eahrvs64::RMSF,wt-homo / RMSF,RMSF,Residue,399,0.07512463,nm,nm
line,overlay,wt-homo,wt-homo,rmsf,eahrvs64,eahrvs64::RMSF,wt-homo / RMSF,RMSF,Residue,400,0.09338447,nm,nm
line,overlay,wt-homo,wt-homo,rmsf,eahrvs64,eahrvs64::RMSF,wt-homo / RMSF,RMSF,Residue,401,0.17087568,nm,nm
line,overlay,wt-homo,wt-homo,rmsf,eahrvs64,eahrvs64::RMSF,wt-homo / RMSF,RMSF,Residue,402,0.35650772,nm,nm
line,overlay,wt-homo,wt-homo,rmsf,eahrvs64,eahrvs64::RMSF,wt-homo / RMSF,RMSF,Residue,403,0.47258008,nm,nm
line,overlay,wt-homo,wt-homo,rmsf,eahrvs64,eahrvs64::RMSF,wt-homo / RMSF,RMSF,Residue,404,0.55310947,nm,nm
line,overlay,wt-homo,wt-homo,rmsf,eahrvs64,eahrvs64::RMSF,wt-homo / RMSF,RMSF,Residue,405,0.4639015,nm,nm
line,overlay,wt-homo,wt-homo,rmsf,eahrvs64,eahrvs64::RMSF,wt-homo / RMSF,RMSF,Residue,406,0.28715307,nm,nm
line,overlay,wt-homo,wt-homo,rmsf,eahrvs64,eahrvs64::RMSF,wt-homo / RMSF,RMSF,Residue,407,0.20336336,nm,nm
line,overlay,wt-homo,wt-homo,rmsf,eahrvs64,eahrvs64::RMSF,wt-homo / RMSF,RMSF,Residue,408,0.1252808,nm,nm
line,overlay,wt-homo,wt-homo,rmsf,eahrvs64,eahrvs64::RMSF,wt-homo / RMSF,RMSF,Residue,409,0.0961556,nm,nm
line,overlay,wt-homo,wt-homo,rmsf,eahrvs64,eahrvs64::RMSF,wt-homo / RMSF,RMSF,Residue,410,0.087282926,nm,nm
line,overlay,wt-homo,wt-homo,rmsf,eahrvs64,eahrvs64::RMSF,wt-homo / RMSF,RMSF,Residue,411,0.083592705,nm,nm
line,overlay,wt-homo,wt-homo,rmsf,eahrvs64,eahrvs64::RMSF,wt-homo / RMSF,RMSF,Residue,412,0.0739841,nm,nm
line,overlay,wt-homo,wt-homo,rmsf,eahrvs64,eahrvs64::RMSF,wt-homo / RMSF,RMSF,Residue,413,0.09464527,nm,nm
line,overlay,wt-homo,wt-homo,rmsf,eahrvs64,eahrvs64::RMSF,wt-homo / RMSF,RMSF,Residue,414,0.09405281,nm,nm
line,overlay,wt-homo,wt-homo,rmsf,eahrvs64,eahrvs64::RMSF,wt-homo / RMSF,RMSF,Residue,415,0.07252315,nm,nm
line,overlay,wt-homo,wt-homo,rmsf,eahrvs64,eahrvs64::RMSF,wt-homo / RMSF,RMSF,Residue,416,0.07429138,nm,nm
line,overlay,wt-homo,wt-homo,rmsf,eahrvs64,eahrvs64::RMSF,wt-homo / RMSF,RMSF,Residue,417,0.085220434,nm,nm
line,overlay,wt-homo,wt-homo,rmsf,eahrvs64,eahrvs64::RMSF,wt-homo / RMSF,RMSF,Residue,418,0.07445348,nm,nm
line,overlay,wt-homo,wt-homo,rmsf,eahrvs64,eahrvs64::RMSF,wt-homo / RMSF,RMSF,Residue,419,0.060700268,nm,nm
line,overlay,wt-homo,wt-homo,rmsf,eahrvs64,eahrvs64::RMSF,wt-homo / RMSF,RMSF,Residue,420,0.073486924,nm,nm
line,overlay,wt-homo,wt-homo,rmsf,eahrvs64,eahrvs64::RMSF,wt-homo / RMSF,RMSF,Residue,421,0.074692756,nm,nm
line,overlay,wt-homo,wt-homo,rmsf,eahrvs64,eahrvs64::RMSF,wt-homo / RMSF,RMSF,Residue,422,0.07410446,nm,nm
line,overlay,wt-homo,wt-homo,rmsf,eahrvs64,eahrvs64::RMSF,wt-homo / RMSF,RMSF,Residue,423,0.07987623,nm,nm
line,overlay,wt-homo,wt-homo,rmsf,eahrvs64,eahrvs64::RMSF,wt-homo / RMSF,RMSF,Residue,424,0.09519101,nm,nm
line,overlay,wt-homo,wt-homo,rmsf,eahrvs64,eahrvs64::RMSF,wt-homo / RMSF,RMSF,Residue,425,0.105050944,nm,nm
line,overlay,wt-homo,wt-homo,rmsf,eahrvs64,eahrvs64::RMSF,wt-homo / RMSF,RMSF,Residue,426,0.10660383,nm,nm
line,overlay,wt-homo,wt-homo,rmsf,eahrvs64,eahrvs64::RMSF,wt-homo / RMSF,RMSF,Residue,427,0.09250432,nm,nm
line,overlay,wt-homo,wt-homo,rmsf,eahrvs64,eahrvs64::RMSF,wt-homo / RMSF,RMSF,Residue,428,0.077735595,nm,nm
line,overlay,wt-homo,wt-homo,rmsf,eahrvs64,eahrvs64::RMSF,wt-homo / RMSF,RMSF,Residue,429,0.08474711,nm,nm
line,overlay,wt-homo,wt-homo,rmsf,eahrvs64,eahrvs64::RMSF,wt-homo / RMSF,RMSF,Residue,430,0.08142041,nm,nm
line,overlay,wt-homo,wt-homo,rmsf,eahrvs64,eahrvs64::RMSF,wt-homo / RMSF,RMSF,Residue,431,0.06877605,nm,nm
line,overlay,wt-homo,wt-homo,rmsf,eahrvs64,eahrvs64::RMSF,wt-homo / RMSF,RMSF,Residue,432,0.072405204,nm,nm
line,overlay,wt-homo,wt-homo,rmsf,eahrvs64,eahrvs64::RMSF,wt-homo / RMSF,RMSF,Residue,433,0.0763673,nm,nm
line,overlay,wt-homo,wt-homo,rmsf,eahrvs64,eahrvs64::RMSF,wt-homo / RMSF,RMSF,Residue,434,0.06909896,nm,nm
line,overlay,wt-homo,wt-homo,rmsf,eahrvs64,eahrvs64::RMSF,wt-homo / RMSF,RMSF,Residue,435,0.067086935,nm,nm
line,overlay,wt-homo,wt-homo,rmsf,eahrvs64,eahrvs64::RMSF,wt-homo / RMSF,RMSF,Residue,436,0.07155379,nm,nm
line,overlay,wt-homo,wt-homo,rmsf,eahrvs64,eahrvs64::RMSF,wt-homo / RMSF,RMSF,Residue,437,0.06609932,nm,nm
line,overlay,wt-homo,wt-homo,rmsf,eahrvs64,eahrvs64::RMSF,wt-homo / RMSF,RMSF,Residue,438,0.06070172,nm,nm
line,overlay,wt-homo,wt-homo,rmsf,eahrvs64,eahrvs64::RMSF,wt-homo / RMSF,RMSF,Residue,439,0.060967963,nm,nm
line,overlay,wt-homo,wt-homo,rmsf,eahrvs64,eahrvs64::RMSF,wt-homo / RMSF,RMSF,Residue,440,0.057680406,nm,nm
line,overlay,wt-homo,wt-homo,rmsf,eahrvs64,eahrvs64::RMSF,wt-homo / RMSF,RMSF,Residue,441,0.057300806,nm,nm
line,overlay,wt-homo,wt-homo,rmsf,eahrvs64,eahrvs64::RMSF,wt-homo / RMSF,RMSF,Residue,442,0.056931898,nm,nm
line,overlay,wt-homo,wt-homo,rmsf,eahrvs64,eahrvs64::RMSF,wt-homo / RMSF,RMSF,Residue,443,0.06108271,nm,nm
line,overlay,wt-homo,wt-homo,rmsf,eahrvs64,eahrvs64::RMSF,wt-homo / RMSF,RMSF,Residue,444,0.0638134,nm,nm
line,overlay,wt-homo,wt-homo,rmsf,eahrvs64,eahrvs64::RMSF,wt-homo / RMSF,RMSF,Residue,445,0.057951838,nm,nm
line,overlay,wt-homo,wt-homo,rmsf,eahrvs64,eahrvs64::RMSF,wt-homo / RMSF,RMSF,Residue,446,0.063459836,nm,nm
line,overlay,wt-homo,wt-homo,rmsf,eahrvs64,eahrvs64::RMSF,wt-homo / RMSF,RMSF,Residue,447,0.08865663,nm,nm
line,overlay,wt-homo,wt-homo,rmsf,eahrvs64,eahrvs64::RMSF,wt-homo / RMSF,RMSF,Residue,448,0.11970122,nm,nm
line,overlay,wt-homo,wt-homo,rmsf,eahrvs64,eahrvs64::RMSF,wt-homo / RMSF,RMSF,Residue,449,0.1163774,nm,nm
line,overlay,wt-homo,wt-homo,rmsf,eahrvs64,eahrvs64::RMSF,wt-homo / RMSF,RMSF,Residue,450,0.07727474,nm,nm
line,overlay,wt-homo,wt-homo,rmsf,eahrvs64,eahrvs64::RMSF,wt-homo / RMSF,RMSF,Residue,451,0.06460714,nm,nm
line,overlay,wt-homo,wt-homo,rmsf,eahrvs64,eahrvs64::RMSF,wt-homo / RMSF,RMSF,Residue,452,0.052073743,nm,nm
line,overlay,wt-homo,wt-homo,rmsf,eahrvs64,eahrvs64::RMSF,wt-homo / RMSF,RMSF,Residue,453,0.06819432,nm,nm
line,overlay,wt-homo,wt-homo,rmsf,eahrvs64,eahrvs64::RMSF,wt-homo / RMSF,RMSF,Residue,454,0.06891119,nm,nm
line,overlay,wt-homo,wt-homo,rmsf,eahrvs64,eahrvs64::RMSF,wt-homo / RMSF,RMSF,Residue,455,0.057973716,nm,nm
line,overlay,wt-homo,wt-homo,rmsf,eahrvs64,eahrvs64::RMSF,wt-homo / RMSF,RMSF,Residue,456,0.058038265,nm,nm
line,overlay,wt-homo,wt-homo,rmsf,eahrvs64,eahrvs64::RMSF,wt-homo / RMSF,RMSF,Residue,457,0.06541919,nm,nm
line,overlay,wt-homo,wt-homo,rmsf,eahrvs64,eahrvs64::RMSF,wt-homo / RMSF,RMSF,Residue,458,0.0654482,nm,nm
line,overlay,wt-homo,wt-homo,rmsf,eahrvs64,eahrvs64::RMSF,wt-homo / RMSF,RMSF,Residue,459,0.05851637,nm,nm
line,overlay,wt-homo,wt-homo,rmsf,eahrvs64,eahrvs64::RMSF,wt-homo / RMSF,RMSF,Residue,460,0.059933387,nm,nm
line,overlay,wt-homo,wt-homo,rmsf,eahrvs64,eahrvs64::RMSF,wt-homo / RMSF,RMSF,Residue,461,0.06689413,nm,nm
line,overlay,wt-homo,wt-homo,rmsf,eahrvs64,eahrvs64::RMSF,wt-homo / RMSF,RMSF,Residue,462,0.06697096,nm,nm
line,overlay,wt-homo,wt-homo,rmsf,eahrvs64,eahrvs64::RMSF,wt-homo / RMSF,RMSF,Residue,463,0.06266081,nm,nm
line,overlay,wt-homo,wt-homo,rmsf,eahrvs64,eahrvs64::RMSF,wt-homo / RMSF,RMSF,Residue,464,0.07818216,nm,nm
line,overlay,wt-homo,wt-homo,rmsf,eahrvs64,eahrvs64::RMSF,wt-homo / RMSF,RMSF,Residue,465,0.097061686,nm,nm
line,overlay,wt-homo,wt-homo,rmsf,eahrvs64,eahrvs64::RMSF,wt-homo / RMSF,RMSF,Residue,466,0.10505083,nm,nm
line,overlay,wt-homo,wt-homo,rmsf,eahrvs64,eahrvs64::RMSF,wt-homo / RMSF,RMSF,Residue,467,0.111267895,nm,nm
line,overlay,wt-homo,wt-homo,rmsf,eahrvs64,eahrvs64::RMSF,wt-homo / RMSF,RMSF,Residue,468,0.22499926,nm,nm
line,overlay,wt-homo,wt-homo,rmsf,eahrvs64,eahrvs64::RMSF,wt-homo / RMSF,RMSF,Residue,469,0.21341705,nm,nm
line,overlay,wt-homo,wt-homo,rmsf,eahrvs64,eahrvs64::RMSF,wt-homo / RMSF,RMSF,Residue,470,0.17640752,nm,nm
line,overlay,wt-homo,wt-homo,rmsf,eahrvs64,eahrvs64::RMSF,wt-homo / RMSF,RMSF,Residue,471,0.3196157,nm,nm
line,overlay,wt-homo,wt-homo,rmsf,eahrvs64,eahrvs64::RMSF,wt-homo / RMSF,RMSF,Residue,472,0.49941382,nm,nm
line,overlay,wt-homo-2,wt-homo-2,rmsf,kl1zi41o,kl1zi41o::RMSF,wt-homo-2 / RMSF,RMSF,Residue,1,0.5303131,nm,nm
line,overlay,wt-homo-2,wt-homo-2,rmsf,kl1zi41o,kl1zi41o::RMSF,wt-homo-2 / RMSF,RMSF,Residue,2,0.39637414,nm,nm
line,overlay,wt-homo-2,wt-homo-2,rmsf,kl1zi41o,kl1zi41o::RMSF,wt-homo-2 / RMSF,RMSF,Residue,3,0.3673197,nm,nm
line,overlay,wt-homo-2,wt-homo-2,rmsf,kl1zi41o,kl1zi41o::RMSF,wt-homo-2 / RMSF,RMSF,Residue,4,0.28365418,nm,nm
line,overlay,wt-homo-2,wt-homo-2,rmsf,kl1zi41o,kl1zi41o::RMSF,wt-homo-2 / RMSF,RMSF,Residue,5,0.15249403,nm,nm
line,overlay,wt-homo-2,wt-homo-2,rmsf,kl1zi41o,kl1zi41o::RMSF,wt-homo-2 / RMSF,RMSF,Residue,6,0.081829086,nm,nm
line,overlay,wt-homo-2,wt-homo-2,rmsf,kl1zi41o,kl1zi41o::RMSF,wt-homo-2 / RMSF,RMSF,Residue,7,0.06959845,nm,nm
line,overlay,wt-homo-2,wt-homo-2,rmsf,kl1zi41o,kl1zi41o::RMSF,wt-homo-2 / RMSF,RMSF,Residue,8,0.05915134,nm,nm
line,overlay,wt-homo-2,wt-homo-2,rmsf,kl1zi41o,kl1zi41o::RMSF,wt-homo-2 / RMSF,RMSF,Residue,9,0.0502948,nm,nm
line,overlay,wt-homo-2,wt-homo-2,rmsf,kl1zi41o,kl1zi41o::RMSF,wt-homo-2 / RMSF,RMSF,Residue,10,0.039784096,nm,nm
line,overlay,wt-homo-2,wt-homo-2,rmsf,kl1zi41o,kl1zi41o::RMSF,wt-homo-2 / RMSF,RMSF,Residue,11,0.032852616,nm,nm
line,overlay,wt-homo-2,wt-homo-2,rmsf,kl1zi41o,kl1zi41o::RMSF,wt-homo-2 / RMSF,RMSF,Residue,12,0.041346394,nm,nm
line,overlay,wt-homo-2,wt-homo-2,rmsf,kl1zi41o,kl1zi41o::RMSF,wt-homo-2 / RMSF,RMSF,Residue,13,0.045589916,nm,nm
line,overlay,wt-homo-2,wt-homo-2,rmsf,kl1zi41o,kl1zi41o::RMSF,wt-homo-2 / RMSF,RMSF,Residue,14,0.0575178,nm,nm
line,overlay,wt-homo-2,wt-homo-2,rmsf,kl1zi41o,kl1zi41o::RMSF,wt-homo-2 / RMSF,RMSF,Residue,15,0.0783103,nm,nm
line,overlay,wt-homo-2,wt-homo-2,rmsf,kl1zi41o,kl1zi41o::RMSF,wt-homo-2 / RMSF,RMSF,Residue,16,0.06899548,nm,nm
line,overlay,wt-homo-2,wt-homo-2,rmsf,kl1zi41o,kl1zi41o::RMSF,wt-homo-2 / RMSF,RMSF,Residue,17,0.058388375,nm,nm
line,overlay,wt-homo-2,wt-homo-2,rmsf,kl1zi41o,kl1zi41o::RMSF,wt-homo-2 / RMSF,RMSF,Residue,18,0.056076977,nm,nm
line,overlay,wt-homo-2,wt-homo-2,rmsf,kl1zi41o,kl1zi41o::RMSF,wt-homo-2 / RMSF,RMSF,Residue,19,0.050086215,nm,nm
line,overlay,wt-homo-2,wt-homo-2,rmsf,kl1zi41o,kl1zi41o::RMSF,wt-homo-2 / RMSF,RMSF,Residue,20,0.044958487,nm,nm
line,overlay,wt-homo-2,wt-homo-2,rmsf,kl1zi41o,kl1zi41o::RMSF,wt-homo-2 / RMSF,RMSF,Residue,21,0.04483931,nm,nm
line,overlay,wt-homo-2,wt-homo-2,rmsf,kl1zi41o,kl1zi41o::RMSF,wt-homo-2 / RMSF,RMSF,Residue,22,0.045718312,nm,nm
line,overlay,wt-homo-2,wt-homo-2,rmsf,kl1zi41o,kl1zi41o::RMSF,wt-homo-2 / RMSF,RMSF,Residue,23,0.04126827,nm,nm
line,overlay,wt-homo-2,wt-homo-2,rmsf,kl1zi41o,kl1zi41o::RMSF,wt-homo-2 / RMSF,RMSF,Residue,24,0.039435837,nm,nm
line,overlay,wt-homo-2,wt-homo-2,rmsf,kl1zi41o,kl1zi41o::RMSF,wt-homo-2 / RMSF,RMSF,Residue,25,0.04119781,nm,nm
line,overlay,wt-homo-2,wt-homo-2,rmsf,kl1zi41o,kl1zi41o::RMSF,wt-homo-2 / RMSF,RMSF,Residue,26,0.0450252,nm,nm
line,overlay,wt-homo-2,wt-homo-2,rmsf,kl1zi41o,kl1zi41o::RMSF,wt-homo-2 / RMSF,RMSF,Residue,27,0.041842308,nm,nm
line,overlay,wt-homo-2,wt-homo-2,rmsf,kl1zi41o,kl1zi41o::RMSF,wt-homo-2 / RMSF,RMSF,Residue,28,0.048482724,nm,nm
line,overlay,wt-homo-2,wt-homo-2,rmsf,kl1zi41o,kl1zi41o::RMSF,wt-homo-2 / RMSF,RMSF,Residue,29,0.062853575,nm,nm
line,overlay,wt-homo-2,wt-homo-2,rmsf,kl1zi41o,kl1zi41o::RMSF,wt-homo-2 / RMSF,RMSF,Residue,30,0.058479037,nm,nm
line,overlay,wt-homo-2,wt-homo-2,rmsf,kl1zi41o,kl1zi41o::RMSF,wt-homo-2 / RMSF,RMSF,Residue,31,0.062336903,nm,nm
line,overlay,wt-homo-2,wt-homo-2,rmsf,kl1zi41o,kl1zi41o::RMSF,wt-homo-2 / RMSF,RMSF,Residue,32,0.07534313,nm,nm
line,overlay,wt-homo-2,wt-homo-2,rmsf,kl1zi41o,kl1zi41o::RMSF,wt-homo-2 / RMSF,RMSF,Residue,33,0.08634199,nm,nm
line,overlay,wt-homo-2,wt-homo-2,rmsf,kl1zi41o,kl1zi41o::RMSF,wt-homo-2 / RMSF,RMSF,Residue,34,0.0844037,nm,nm
line,overlay,wt-homo-2,wt-homo-2,rmsf,kl1zi41o,kl1zi41o::RMSF,wt-homo-2 / RMSF,RMSF,Residue,35,0.06555704,nm,nm
line,overlay,wt-homo-2,wt-homo-2,rmsf,kl1zi41o,kl1zi41o::RMSF,wt-homo-2 / RMSF,RMSF,Residue,36,0.055716816,nm,nm
line,overlay,wt-homo-2,wt-homo-2,rmsf,kl1zi41o,kl1zi41o::RMSF,wt-homo-2 / RMSF,RMSF,Residue,37,0.043759044,nm,nm
line,overlay,wt-homo-2,wt-homo-2,rmsf,kl1zi41o,kl1zi41o::RMSF,wt-homo-2 / RMSF,RMSF,Residue,38,0.0444703,nm,nm
line,overlay,wt-homo-2,wt-homo-2,rmsf,kl1zi41o,kl1zi41o::RMSF,wt-homo-2 / RMSF,RMSF,Residue,39,0.039478805,nm,nm
line,overlay,wt-homo-2,wt-homo-2,rmsf,kl1zi41o,kl1zi41o::RMSF,wt-homo-2 / RMSF,RMSF,Residue,40,0.046764247,nm,nm
line,overlay,wt-homo-2,wt-homo-2,rmsf,kl1zi41o,kl1zi41o::RMSF,wt-homo-2 / RMSF,RMSF,Residue,41,0.053563222,nm,nm
line,overlay,wt-homo-2,wt-homo-2,rmsf,kl1zi41o,kl1zi41o::RMSF,wt-homo-2 / RMSF,RMSF,Residue,42,0.062901184,nm,nm
line,overlay,wt-homo-2,wt-homo-2,rmsf,kl1zi41o,kl1zi41o::RMSF,wt-homo-2 / RMSF,RMSF,Residue,43,0.06942646,nm,nm
line,overlay,wt-homo-2,wt-homo-2,rmsf,kl1zi41o,kl1zi41o::RMSF,wt-homo-2 / RMSF,RMSF,Residue,44,0.0820654,nm,nm
line,overlay,wt-homo-2,wt-homo-2,rmsf,kl1zi41o,kl1zi41o::RMSF,wt-homo-2 / RMSF,RMSF,Residue,45,0.07547252,nm,nm
line,overlay,wt-homo-2,wt-homo-2,rmsf,kl1zi41o,kl1zi41o::RMSF,wt-homo-2 / RMSF,RMSF,Residue,46,0.070632786,nm,nm
line,overlay,wt-homo-2,wt-homo-2,rmsf,kl1zi41o,kl1zi41o::RMSF,wt-homo-2 / RMSF,RMSF,Residue,47,0.08030238,nm,nm
line,overlay,wt-homo-2,wt-homo-2,rmsf,kl1zi41o,kl1zi41o::RMSF,wt-homo-2 / RMSF,RMSF,Residue,48,0.07731118,nm,nm
line,overlay,wt-homo-2,wt-homo-2,rmsf,kl1zi41o,kl1zi41o::RMSF,wt-homo-2 / RMSF,RMSF,Residue,49,0.063162684,nm,nm
line,overlay,wt-homo-2,wt-homo-2,rmsf,kl1zi41o,kl1zi41o::RMSF,wt-homo-2 / RMSF,RMSF,Residue,50,0.07442453,nm,nm
line,overlay,wt-homo-2,wt-homo-2,rmsf,kl1zi41o,kl1zi41o::RMSF,wt-homo-2 / RMSF,RMSF,Residue,51,0.08574513,nm,nm
line,overlay,wt-homo-2,wt-homo-2,rmsf,kl1zi41o,kl1zi41o::RMSF,wt-homo-2 / RMSF,RMSF,Residue,52,0.07164577,nm,nm
line,overlay,wt-homo-2,wt-homo-2,rmsf,kl1zi41o,kl1zi41o::RMSF,wt-homo-2 / RMSF,RMSF,Residue,53,0.0774196,nm,nm
line,overlay,wt-homo-2,wt-homo-2,rmsf,kl1zi41o,kl1zi41o::RMSF,wt-homo-2 / RMSF,RMSF,Residue,54,0.08289732,nm,nm
line,overlay,wt-homo-2,wt-homo-2,rmsf,kl1zi41o,kl1zi41o::RMSF,wt-homo-2 / RMSF,RMSF,Residue,55,0.07218462,nm,nm
line,overlay,wt-homo-2,wt-homo-2,rmsf,kl1zi41o,kl1zi41o::RMSF,wt-homo-2 / RMSF,RMSF,Residue,56,0.08873748,nm,nm
line,overlay,wt-homo-2,wt-homo-2,rmsf,kl1zi41o,kl1zi41o::RMSF,wt-homo-2 / RMSF,RMSF,Residue,57,0.091221325,nm,nm
line,overlay,wt-homo-2,wt-homo-2,rmsf,kl1zi41o,kl1zi41o::RMSF,wt-homo-2 / RMSF,RMSF,Residue,58,0.082260236,nm,nm
line,overlay,wt-homo-2,wt-homo-2,rmsf,kl1zi41o,kl1zi41o::RMSF,wt-homo-2 / RMSF,RMSF,Residue,59,0.07159516,nm,nm
line,overlay,wt-homo-2,wt-homo-2,rmsf,kl1zi41o,kl1zi41o::RMSF,wt-homo-2 / RMSF,RMSF,Residue,60,0.066591084,nm,nm
line,overlay,wt-homo-2,wt-homo-2,rmsf,kl1zi41o,kl1zi41o::RMSF,wt-homo-2 / RMSF,RMSF,Residue,61,0.07590745,nm,nm
line,overlay,wt-homo-2,wt-homo-2,rmsf,kl1zi41o,kl1zi41o::RMSF,wt-homo-2 / RMSF,RMSF,Residue,62,0.07365928,nm,nm
line,overlay,wt-homo-2,wt-homo-2,rmsf,kl1zi41o,kl1zi41o::RMSF,wt-homo-2 / RMSF,RMSF,Residue,63,0.09710688,nm,nm
line,overlay,wt-homo-2,wt-homo-2,rmsf,kl1zi41o,kl1zi41o::RMSF,wt-homo-2 / RMSF,RMSF,Residue,64,0.104463436,nm,nm
line,overlay,wt-homo-2,wt-homo-2,rmsf,kl1zi41o,kl1zi41o::RMSF,wt-homo-2 / RMSF,RMSF,Residue,65,0.075253196,nm,nm
line,overlay,wt-homo-2,wt-homo-2,rmsf,kl1zi41o,kl1zi41o::RMSF,wt-homo-2 / RMSF,RMSF,Residue,66,0.061252646,nm,nm
line,overlay,wt-homo-2,wt-homo-2,rmsf,kl1zi41o,kl1zi41o::RMSF,wt-homo-2 / RMSF,RMSF,Residue,67,0.049844746,nm,nm
line,overlay,wt-homo-2,wt-homo-2,rmsf,kl1zi41o,kl1zi41o::RMSF,wt-homo-2 / RMSF,RMSF,Residue,68,0.05233722,nm,nm
line,overlay,wt-homo-2,wt-homo-2,rmsf,kl1zi41o,kl1zi41o::RMSF,wt-homo-2 / RMSF,RMSF,Residue,69,0.04988257,nm,nm
line,overlay,wt-homo-2,wt-homo-2,rmsf,kl1zi41o,kl1zi41o::RMSF,wt-homo-2 / RMSF,RMSF,Residue,70,0.055623177,nm,nm
line,overlay,wt-homo-2,wt-homo-2,rmsf,kl1zi41o,kl1zi41o::RMSF,wt-homo-2 / RMSF,RMSF,Residue,71,0.06550862,nm,nm
line,overlay,wt-homo-2,wt-homo-2,rmsf,kl1zi41o,kl1zi41o::RMSF,wt-homo-2 / RMSF,RMSF,Residue,72,0.08309045,nm,nm
line,overlay,wt-homo-2,wt-homo-2,rmsf,kl1zi41o,kl1zi41o::RMSF,wt-homo-2 / RMSF,RMSF,Residue,73,0.1033588,nm,nm
line,overlay,wt-homo-2,wt-homo-2,rmsf,kl1zi41o,kl1zi41o::RMSF,wt-homo-2 / RMSF,RMSF,Residue,74,0.118770264,nm,nm
line,overlay,wt-homo-2,wt-homo-2,rmsf,kl1zi41o,kl1zi41o::RMSF,wt-homo-2 / RMSF,RMSF,Residue,75,0.153133,nm,nm
line,overlay,wt-homo-2,wt-homo-2,rmsf,kl1zi41o,kl1zi41o::RMSF,wt-homo-2 / RMSF,RMSF,Residue,76,0.12890968,nm,nm
line,overlay,wt-homo-2,wt-homo-2,rmsf,kl1zi41o,kl1zi41o::RMSF,wt-homo-2 / RMSF,RMSF,Residue,77,0.14140505,nm,nm
line,overlay,wt-homo-2,wt-homo-2,rmsf,kl1zi41o,kl1zi41o::RMSF,wt-homo-2 / RMSF,RMSF,Residue,78,0.16563313,nm,nm
line,overlay,wt-homo-2,wt-homo-2,rmsf,kl1zi41o,kl1zi41o::RMSF,wt-homo-2 / RMSF,RMSF,Residue,79,0.17302328,nm,nm
line,overlay,wt-homo-2,wt-homo-2,rmsf,kl1zi41o,kl1zi41o::RMSF,wt-homo-2 / RMSF,RMSF,Residue,80,0.14524525,nm,nm
line,overlay,wt-homo-2,wt-homo-2,rmsf,kl1zi41o,kl1zi41o::RMSF,wt-homo-2 / RMSF,RMSF,Residue,81,0.15820348,nm,nm
line,overlay,wt-homo-2,wt-homo-2,rmsf,kl1zi41o,kl1zi41o::RMSF,wt-homo-2 / RMSF,RMSF,Residue,82,0.14117503,nm,nm
line,overlay,wt-homo-2,wt-homo-2,rmsf,kl1zi41o,kl1zi41o::RMSF,wt-homo-2 / RMSF,RMSF,Residue,83,0.13769837,nm,nm
line,overlay,wt-homo-2,wt-homo-2,rmsf,kl1zi41o,kl1zi41o::RMSF,wt-homo-2 / RMSF,RMSF,Residue,84,0.17711511,nm,nm
line,overlay,wt-homo-2,wt-homo-2,rmsf,kl1zi41o,kl1zi41o::RMSF,wt-homo-2 / RMSF,RMSF,Residue,85,0.15767086,nm,nm
line,overlay,wt-homo-2,wt-homo-2,rmsf,kl1zi41o,kl1zi41o::RMSF,wt-homo-2 / RMSF,RMSF,Residue,86,0.15936396,nm,nm
line,overlay,wt-homo-2,wt-homo-2,rmsf,kl1zi41o,kl1zi41o::RMSF,wt-homo-2 / RMSF,RMSF,Residue,87,0.1652068,nm,nm
line,overlay,wt-homo-2,wt-homo-2,rmsf,kl1zi41o,kl1zi41o::RMSF,wt-homo-2 / RMSF,RMSF,Residue,88,0.13883828,nm,nm
line,overlay,wt-homo-2,wt-homo-2,rmsf,kl1zi41o,kl1zi41o::RMSF,wt-homo-2 / RMSF,RMSF,Residue,89,0.10845109,nm,nm
line,overlay,wt-homo-2,wt-homo-2,rmsf,kl1zi41o,kl1zi41o::RMSF,wt-homo-2 / RMSF,RMSF,Residue,90,0.1108345,nm,nm
line,overlay,wt-homo-2,wt-homo-2,rmsf,kl1zi41o,kl1zi41o::RMSF,wt-homo-2 / RMSF,RMSF,Residue,91,0.117486395,nm,nm
line,overlay,wt-homo-2,wt-homo-2,rmsf,kl1zi41o,kl1zi41o::RMSF,wt-homo-2 / RMSF,RMSF,Residue,92,0.11025418,nm,nm
line,overlay,wt-homo-2,wt-homo-2,rmsf,kl1zi41o,kl1zi41o::RMSF,wt-homo-2 / RMSF,RMSF,Residue,93,0.09693435,nm,nm
line,overlay,wt-homo-2,wt-homo-2,rmsf,kl1zi41o,kl1zi41o::RMSF,wt-homo-2 / RMSF,RMSF,Residue,94,0.101423234,nm,nm
line,overlay,wt-homo-2,wt-homo-2,rmsf,kl1zi41o,kl1zi41o::RMSF,wt-homo-2 / RMSF,RMSF,Residue,95,0.10586101,nm,nm
line,overlay,wt-homo-2,wt-homo-2,rmsf,kl1zi41o,kl1zi41o::RMSF,wt-homo-2 / RMSF,RMSF,Residue,96,0.09539228,nm,nm
line,overlay,wt-homo-2,wt-homo-2,rmsf,kl1zi41o,kl1zi41o::RMSF,wt-homo-2 / RMSF,RMSF,Residue,97,0.09286785,nm,nm
line,overlay,wt-homo-2,wt-homo-2,rmsf,kl1zi41o,kl1zi41o::RMSF,wt-homo-2 / RMSF,RMSF,Residue,98,0.10012443,nm,nm
line,overlay,wt-homo-2,wt-homo-2,rmsf,kl1zi41o,kl1zi41o::RMSF,wt-homo-2 / RMSF,RMSF,Residue,99,0.10194685,nm,nm
line,overlay,wt-homo-2,wt-homo-2,rmsf,kl1zi41o,kl1zi41o::RMSF,wt-homo-2 / RMSF,RMSF,Residue,100,0.086976826,nm,nm
line,overlay,wt-homo-2,wt-homo-2,rmsf,kl1zi41o,kl1zi41o::RMSF,wt-homo-2 / RMSF,RMSF,Residue,101,0.07784791,nm,nm
line,overlay,wt-homo-2,wt-homo-2,rmsf,kl1zi41o,kl1zi41o::RMSF,wt-homo-2 / RMSF,RMSF,Residue,102,0.08486705,nm,nm
line,overlay,wt-homo-2,wt-homo-2,rmsf,kl1zi41o,kl1zi41o::RMSF,wt-homo-2 / RMSF,RMSF,Residue,103,0.09210127,nm,nm
line,overlay,wt-homo-2,wt-homo-2,rmsf,kl1zi41o,kl1zi41o::RMSF,wt-homo-2 / RMSF,RMSF,Residue,104,0.07602615,nm,nm
line,overlay,wt-homo-2,wt-homo-2,rmsf,kl1zi41o,kl1zi41o::RMSF,wt-homo-2 / RMSF,RMSF,Residue,105,0.07414149,nm,nm
line,overlay,wt-homo-2,wt-homo-2,rmsf,kl1zi41o,kl1zi41o::RMSF,wt-homo-2 / RMSF,RMSF,Residue,106,0.09080166,nm,nm
line,overlay,wt-homo-2,wt-homo-2,rmsf,kl1zi41o,kl1zi41o::RMSF,wt-homo-2 / RMSF,RMSF,Residue,107,0.09469158,nm,nm
line,overlay,wt-homo-2,wt-homo-2,rmsf,kl1zi41o,kl1zi41o::RMSF,wt-homo-2 / RMSF,RMSF,Residue,108,0.08679305,nm,nm
line,overlay,wt-homo-2,wt-homo-2,rmsf,kl1zi41o,kl1zi41o::RMSF,wt-homo-2 / RMSF,RMSF,Residue,109,0.096405625,nm,nm
line,overlay,wt-homo-2,wt-homo-2,rmsf,kl1zi41o,kl1zi41o::RMSF,wt-homo-2 / RMSF,RMSF,Residue,110,0.112960346,nm,nm
line,overlay,wt-homo-2,wt-homo-2,rmsf,kl1zi41o,kl1zi41o::RMSF,wt-homo-2 / RMSF,RMSF,Residue,111,0.1196249,nm,nm
line,overlay,wt-homo-2,wt-homo-2,rmsf,kl1zi41o,kl1zi41o::RMSF,wt-homo-2 / RMSF,RMSF,Residue,112,0.11833064,nm,nm
line,overlay,wt-homo-2,wt-homo-2,rmsf,kl1zi41o,kl1zi41o::RMSF,wt-homo-2 / RMSF,RMSF,Residue,113,0.08929934,nm,nm
line,overlay,wt-homo-2,wt-homo-2,rmsf,kl1zi41o,kl1zi41o::RMSF,wt-homo-2 / RMSF,RMSF,Residue,114,0.08318534,nm,nm
line,overlay,wt-homo-2,wt-homo-2,rmsf,kl1zi41o,kl1zi41o::RMSF,wt-homo-2 / RMSF,RMSF,Residue,115,0.061715536,nm,nm
line,overlay,wt-homo-2,wt-homo-2,rmsf,kl1zi41o,kl1zi41o::RMSF,wt-homo-2 / RMSF,RMSF,Residue,116,0.06213217,nm,nm
line,overlay,wt-homo-2,wt-homo-2,rmsf,kl1zi41o,kl1zi41o::RMSF,wt-homo-2 / RMSF,RMSF,Residue,117,0.053010687,nm,nm
line,overlay,wt-homo-2,wt-homo-2,rmsf,kl1zi41o,kl1zi41o::RMSF,wt-homo-2 / RMSF,RMSF,Residue,118,0.04839101,nm,nm
line,overlay,wt-homo-2,wt-homo-2,rmsf,kl1zi41o,kl1zi41o::RMSF,wt-homo-2 / RMSF,RMSF,Residue,119,0.043984286,nm,nm
line,overlay,wt-homo-2,wt-homo-2,rmsf,kl1zi41o,kl1zi41o::RMSF,wt-homo-2 / RMSF,RMSF,Residue,120,0.04475007,nm,nm
line,overlay,wt-homo-2,wt-homo-2,rmsf,kl1zi41o,kl1zi41o::RMSF,wt-homo-2 / RMSF,RMSF,Residue,121,0.05018453,nm,nm
line,overlay,wt-homo-2,wt-homo-2,rmsf,kl1zi41o,kl1zi41o::RMSF,wt-homo-2 / RMSF,RMSF,Residue,122,0.07558892,nm,nm
line,overlay,wt-homo-2,wt-homo-2,rmsf,kl1zi41o,kl1zi41o::RMSF,wt-homo-2 / RMSF,RMSF,Residue,123,0.08766508,nm,nm
line,overlay,wt-homo-2,wt-homo-2,rmsf,kl1zi41o,kl1zi41o::RMSF,wt-homo-2 / RMSF,RMSF,Residue,124,0.087247044,nm,nm
line,overlay,wt-homo-2,wt-homo-2,rmsf,kl1zi41o,kl1zi41o::RMSF,wt-homo-2 / RMSF,RMSF,Residue,125,0.08259682,nm,nm
line,overlay,wt-homo-2,wt-homo-2,rmsf,kl1zi41o,kl1zi41o::RMSF,wt-homo-2 / RMSF,RMSF,Residue,126,0.0701609,nm,nm
line,overlay,wt-homo-2,wt-homo-2,rmsf,kl1zi41o,kl1zi41o::RMSF,wt-homo-2 / RMSF,RMSF,Residue,127,0.06481371,nm,nm
line,overlay,wt-homo-2,wt-homo-2,rmsf,kl1zi41o,kl1zi41o::RMSF,wt-homo-2 / RMSF,RMSF,Residue,128,0.06884241,nm,nm
line,overlay,wt-homo-2,wt-homo-2,rmsf,kl1zi41o,kl1zi41o::RMSF,wt-homo-2 / RMSF,RMSF,Residue,129,0.07134994,nm,nm
line,overlay,wt-homo-2,wt-homo-2,rmsf,kl1zi41o,kl1zi41o::RMSF,wt-homo-2 / RMSF,RMSF,Residue,130,0.066788234,nm,nm
line,overlay,wt-homo-2,wt-homo-2,rmsf,kl1zi41o,kl1zi41o::RMSF,wt-homo-2 / RMSF,RMSF,Residue,131,0.069129586,nm,nm
line,overlay,wt-homo-2,wt-homo-2,rmsf,kl1zi41o,kl1zi41o::RMSF,wt-homo-2 / RMSF,RMSF,Residue,132,0.080300644,nm,nm
line,overlay,wt-homo-2,wt-homo-2,rmsf,kl1zi41o,kl1zi41o::RMSF,wt-homo-2 / RMSF,RMSF,Residue,133,0.08506762,nm,nm
line,overlay,wt-homo-2,wt-homo-2,rmsf,kl1zi41o,kl1zi41o::RMSF,wt-homo-2 / RMSF,RMSF,Residue,134,0.0813177,nm,nm
line,overlay,wt-homo-2,wt-homo-2,rmsf,kl1zi41o,kl1zi41o::RMSF,wt-homo-2 / RMSF,RMSF,Residue,135,0.08487545,nm,nm
line,overlay,wt-homo-2,wt-homo-2,rmsf,kl1zi41o,kl1zi41o::RMSF,wt-homo-2 / RMSF,RMSF,Residue,136,0.065773,nm,nm
line,overlay,wt-homo-2,wt-homo-2,rmsf,kl1zi41o,kl1zi41o::RMSF,wt-homo-2 / RMSF,RMSF,Residue,137,0.06728794,nm,nm
line,overlay,wt-homo-2,wt-homo-2,rmsf,kl1zi41o,kl1zi41o::RMSF,wt-homo-2 / RMSF,RMSF,Residue,138,0.055498958,nm,nm
line,overlay,wt-homo-2,wt-homo-2,rmsf,kl1zi41o,kl1zi41o::RMSF,wt-homo-2 / RMSF,RMSF,Residue,139,0.0488021,nm,nm
line,overlay,wt-homo-2,wt-homo-2,rmsf,kl1zi41o,kl1zi41o::RMSF,wt-homo-2 / RMSF,RMSF,Residue,140,0.051218137,nm,nm
line,overlay,wt-homo-2,wt-homo-2,rmsf,kl1zi41o,kl1zi41o::RMSF,wt-homo-2 / RMSF,RMSF,Residue,141,0.04960174,nm,nm
line,overlay,wt-homo-2,wt-homo-2,rmsf,kl1zi41o,kl1zi41o::RMSF,wt-homo-2 / RMSF,RMSF,Residue,142,0.049441643,nm,nm
line,overlay,wt-homo-2,wt-homo-2,rmsf,kl1zi41o,kl1zi41o::RMSF,wt-homo-2 / RMSF,RMSF,Residue,143,0.057017937,nm,nm
line,overlay,wt-homo-2,wt-homo-2,rmsf,kl1zi41o,kl1zi41o::RMSF,wt-homo-2 / RMSF,RMSF,Residue,144,0.058066778,nm,nm
line,overlay,wt-homo-2,wt-homo-2,rmsf,kl1zi41o,kl1zi41o::RMSF,wt-homo-2 / RMSF,RMSF,Residue,145,0.04962341,nm,nm
line,overlay,wt-homo-2,wt-homo-2,rmsf,kl1zi41o,kl1zi41o::RMSF,wt-homo-2 / RMSF,RMSF,Residue,146,0.056377985,nm,nm
line,overlay,wt-homo-2,wt-homo-2,rmsf,kl1zi41o,kl1zi41o::RMSF,wt-homo-2 / RMSF,RMSF,Residue,147,0.064954266,nm,nm
line,overlay,wt-homo-2,wt-homo-2,rmsf,kl1zi41o,kl1zi41o::RMSF,wt-homo-2 / RMSF,RMSF,Residue,148,0.06609296,nm,nm
line,overlay,wt-homo-2,wt-homo-2,rmsf,kl1zi41o,kl1zi41o::RMSF,wt-homo-2 / RMSF,RMSF,Residue,149,0.055357024,nm,nm
line,overlay,wt-homo-2,wt-homo-2,rmsf,kl1zi41o,kl1zi41o::RMSF,wt-homo-2 / RMSF,RMSF,Residue,150,0.062489714,nm,nm
line,overlay,wt-homo-2,wt-homo-2,rmsf,kl1zi41o,kl1zi41o::RMSF,wt-homo-2 / RMSF,RMSF,Residue,151,0.06595342,nm,nm
line,overlay,wt-homo-2,wt-homo-2,rmsf,kl1zi41o,kl1zi41o::RMSF,wt-homo-2 / RMSF,RMSF,Residue,152,0.06309788,nm,nm
line,overlay,wt-homo-2,wt-homo-2,rmsf,kl1zi41o,kl1zi41o::RMSF,wt-homo-2 / RMSF,RMSF,Residue,153,0.06574919,nm,nm
line,overlay,wt-homo-2,wt-homo-2,rmsf,kl1zi41o,kl1zi41o::RMSF,wt-homo-2 / RMSF,RMSF,Residue,154,0.07139473,nm,nm
line,overlay,wt-homo-2,wt-homo-2,rmsf,kl1zi41o,kl1zi41o::RMSF,wt-homo-2 / RMSF,RMSF,Residue,155,0.073887296,nm,nm
line,overlay,wt-homo-2,wt-homo-2,rmsf,kl1zi41o,kl1zi41o::RMSF,wt-homo-2 / RMSF,RMSF,Residue,156,0.075359985,nm,nm
line,overlay,wt-homo-2,wt-homo-2,rmsf,kl1zi41o,kl1zi41o::RMSF,wt-homo-2 / RMSF,RMSF,Residue,157,0.083109036,nm,nm
line,overlay,wt-homo-2,wt-homo-2,rmsf,kl1zi41o,kl1zi41o::RMSF,wt-homo-2 / RMSF,RMSF,Residue,158,0.09080171,nm,nm
line,overlay,wt-homo-2,wt-homo-2,rmsf,kl1zi41o,kl1zi41o::RMSF,wt-homo-2 / RMSF,RMSF,Residue,159,0.09440007,nm,nm
line,overlay,wt-homo-2,wt-homo-2,rmsf,kl1zi41o,kl1zi41o::RMSF,wt-homo-2 / RMSF,RMSF,Residue,160,0.09951754,nm,nm
line,overlay,wt-homo-2,wt-homo-2,rmsf,kl1zi41o,kl1zi41o::RMSF,wt-homo-2 / RMSF,RMSF,Residue,161,0.10704745,nm,nm
line,overlay,wt-homo-2,wt-homo-2,rmsf,kl1zi41o,kl1zi41o::RMSF,wt-homo-2 / RMSF,RMSF,Residue,162,0.09523214,nm,nm
line,overlay,wt-homo-2,wt-homo-2,rmsf,kl1zi41o,kl1zi41o::RMSF,wt-homo-2 / RMSF,RMSF,Residue,163,0.10244015,nm,nm
line,overlay,wt-homo-2,wt-homo-2,rmsf,kl1zi41o,kl1zi41o::RMSF,wt-homo-2 / RMSF,RMSF,Residue,164,0.12985411,nm,nm
line,overlay,wt-homo-2,wt-homo-2,rmsf,kl1zi41o,kl1zi41o::RMSF,wt-homo-2 / RMSF,RMSF,Residue,165,0.15833144,nm,nm
line,overlay,wt-homo-2,wt-homo-2,rmsf,kl1zi41o,kl1zi41o::RMSF,wt-homo-2 / RMSF,RMSF,Residue,166,0.17329298,nm,nm
line,overlay,wt-homo-2,wt-homo-2,rmsf,kl1zi41o,kl1zi41o::RMSF,wt-homo-2 / RMSF,RMSF,Residue,167,0.13420762,nm,nm
line,overlay,wt-homo-2,wt-homo-2,rmsf,kl1zi41o,kl1zi41o::RMSF,wt-homo-2 / RMSF,RMSF,Residue,168,0.13013929,nm,nm
line,overlay,wt-homo-2,wt-homo-2,rmsf,kl1zi41o,kl1zi41o::RMSF,wt-homo-2 / RMSF,RMSF,Residue,169,0.12621592,nm,nm
line,overlay,wt-homo-2,wt-homo-2,rmsf,kl1zi41o,kl1zi41o::RMSF,wt-homo-2 / RMSF,RMSF,Residue,170,0.09656335,nm,nm
line,overlay,wt-homo-2,wt-homo-2,rmsf,kl1zi41o,kl1zi41o::RMSF,wt-homo-2 / RMSF,RMSF,Residue,171,0.08765915,nm,nm
line,overlay,wt-homo-2,wt-homo-2,rmsf,kl1zi41o,kl1zi41o::RMSF,wt-homo-2 / RMSF,RMSF,Residue,172,0.07589994,nm,nm
line,overlay,wt-homo-2,wt-homo-2,rmsf,kl1zi41o,kl1zi41o::RMSF,wt-homo-2 / RMSF,RMSF,Residue,173,0.07943194,nm,nm
line,overlay,wt-homo-2,wt-homo-2,rmsf,kl1zi41o,kl1zi41o::RMSF,wt-homo-2 / RMSF,RMSF,Residue,174,0.093078345,nm,nm
line,overlay,wt-homo-2,wt-homo-2,rmsf,kl1zi41o,kl1zi41o::RMSF,wt-homo-2 / RMSF,RMSF,Residue,175,0.10694794,nm,nm
line,overlay,wt-homo-2,wt-homo-2,rmsf,kl1zi41o,kl1zi41o::RMSF,wt-homo-2 / RMSF,RMSF,Residue,176,0.106502905,nm,nm
line,overlay,wt-homo-2,wt-homo-2,rmsf,kl1zi41o,kl1zi41o::RMSF,wt-homo-2 / RMSF,RMSF,Residue,177,0.105363496,nm,nm
line,overlay,wt-homo-2,wt-homo-2,rmsf,kl1zi41o,kl1zi41o::RMSF,wt-homo-2 / RMSF,RMSF,Residue,178,0.091504075,nm,nm
line,overlay,wt-homo-2,wt-homo-2,rmsf,kl1zi41o,kl1zi41o::RMSF,wt-homo-2 / RMSF,RMSF,Residue,179,0.07617651,nm,nm
line,overlay,wt-homo-2,wt-homo-2,rmsf,kl1zi41o,kl1zi41o::RMSF,wt-homo-2 / RMSF,RMSF,Residue,180,0.06963602,nm,nm
line,overlay,wt-homo-2,wt-homo-2,rmsf,kl1zi41o,kl1zi41o::RMSF,wt-homo-2 / RMSF,RMSF,Residue,181,0.073409006,nm,nm
line,overlay,wt-homo-2,wt-homo-2,rmsf,kl1zi41o,kl1zi41o::RMSF,wt-homo-2 / RMSF,RMSF,Residue,182,0.07484878,nm,nm
line,overlay,wt-homo-2,wt-homo-2,rmsf,kl1zi41o,kl1zi41o::RMSF,wt-homo-2 / RMSF,RMSF,Residue,183,0.07298291,nm,nm
line,overlay,wt-homo-2,wt-homo-2,rmsf,kl1zi41o,kl1zi41o::RMSF,wt-homo-2 / RMSF,RMSF,Residue,184,0.064324304,nm,nm
line,overlay,wt-homo-2,wt-homo-2,rmsf,kl1zi41o,kl1zi41o::RMSF,wt-homo-2 / RMSF,RMSF,Residue,185,0.07032282,nm,nm
line,overlay,wt-homo-2,wt-homo-2,rmsf,kl1zi41o,kl1zi41o::RMSF,wt-homo-2 / RMSF,RMSF,Residue,186,0.07977745,nm,nm
line,overlay,wt-homo-2,wt-homo-2,rmsf,kl1zi41o,kl1zi41o::RMSF,wt-homo-2 / RMSF,RMSF,Residue,187,0.08847536,nm,nm
line,overlay,wt-homo-2,wt-homo-2,rmsf,kl1zi41o,kl1zi41o::RMSF,wt-homo-2 / RMSF,RMSF,Residue,188,0.09214474,nm,nm
line,overlay,wt-homo-2,wt-homo-2,rmsf,kl1zi41o,kl1zi41o::RMSF,wt-homo-2 / RMSF,RMSF,Residue,189,0.10562442,nm,nm
line,overlay,wt-homo-2,wt-homo-2,rmsf,kl1zi41o,kl1zi41o::RMSF,wt-homo-2 / RMSF,RMSF,Residue,190,0.13360013,nm,nm
line,overlay,wt-homo-2,wt-homo-2,rmsf,kl1zi41o,kl1zi41o::RMSF,wt-homo-2 / RMSF,RMSF,Residue,191,0.15317453,nm,nm
line,overlay,wt-homo-2,wt-homo-2,rmsf,kl1zi41o,kl1zi41o::RMSF,wt-homo-2 / RMSF,RMSF,Residue,192,0.16244267,nm,nm
line,overlay,wt-homo-2,wt-homo-2,rmsf,kl1zi41o,kl1zi41o::RMSF,wt-homo-2 / RMSF,RMSF,Residue,193,0.1485482,nm,nm
line,overlay,wt-homo-2,wt-homo-2,rmsf,kl1zi41o,kl1zi41o::RMSF,wt-homo-2 / RMSF,RMSF,Residue,194,0.21950144,nm,nm
line,overlay,wt-homo-2,wt-homo-2,rmsf,kl1zi41o,kl1zi41o::RMSF,wt-homo-2 / RMSF,RMSF,Residue,195,0.21163827,nm,nm
line,overlay,wt-homo-2,wt-homo-2,rmsf,kl1zi41o,kl1zi41o::RMSF,wt-homo-2 / RMSF,RMSF,Residue,196,0.1672213,nm,nm
line,overlay,wt-homo-2,wt-homo-2,rmsf,kl1zi41o,kl1zi41o::RMSF,wt-homo-2 / RMSF,RMSF,Residue,197,0.15757836,nm,nm
line,overlay,wt-homo-2,wt-homo-2,rmsf,kl1zi41o,kl1zi41o::RMSF,wt-homo-2 / RMSF,RMSF,Residue,198,0.14577496,nm,nm
line,overlay,wt-homo-2,wt-homo-2,rmsf,kl1zi41o,kl1zi41o::RMSF,wt-homo-2 / RMSF,RMSF,Residue,199,0.1336941,nm,nm
line,overlay,wt-homo-2,wt-homo-2,rmsf,kl1zi41o,kl1zi41o::RMSF,wt-homo-2 / RMSF,RMSF,Residue,200,0.12196333,nm,nm
line,overlay,wt-homo-2,wt-homo-2,rmsf,kl1zi41o,kl1zi41o::RMSF,wt-homo-2 / RMSF,RMSF,Residue,201,0.13618526,nm,nm
line,overlay,wt-homo-2,wt-homo-2,rmsf,kl1zi41o,kl1zi41o::RMSF,wt-homo-2 / RMSF,RMSF,Residue,202,0.14050578,nm,nm
line,overlay,wt-homo-2,wt-homo-2,rmsf,kl1zi41o,kl1zi41o::RMSF,wt-homo-2 / RMSF,RMSF,Residue,203,0.11621789,nm,nm
line,overlay,wt-homo-2,wt-homo-2,rmsf,kl1zi41o,kl1zi41o::RMSF,wt-homo-2 / RMSF,RMSF,Residue,204,0.126381,nm,nm
line,overlay,wt-homo-2,wt-homo-2,rmsf,kl1zi41o,kl1zi41o::RMSF,wt-homo-2 / RMSF,RMSF,Residue,205,0.114326954,nm,nm
line,overlay,wt-homo-2,wt-homo-2,rmsf,kl1zi41o,kl1zi41o::RMSF,wt-homo-2 / RMSF,RMSF,Residue,206,0.09294239,nm,nm
line,overlay,wt-homo-2,wt-homo-2,rmsf,kl1zi41o,kl1zi41o::RMSF,wt-homo-2 / RMSF,RMSF,Residue,207,0.10454552,nm,nm
line,overlay,wt-homo-2,wt-homo-2,rmsf,kl1zi41o,kl1zi41o::RMSF,wt-homo-2 / RMSF,RMSF,Residue,208,0.109355554,nm,nm
line,overlay,wt-homo-2,wt-homo-2,rmsf,kl1zi41o,kl1zi41o::RMSF,wt-homo-2 / RMSF,RMSF,Residue,209,0.098606594,nm,nm
line,overlay,wt-homo-2,wt-homo-2,rmsf,kl1zi41o,kl1zi41o::RMSF,wt-homo-2 / RMSF,RMSF,Residue,210,0.11141573,nm,nm
line,overlay,wt-homo-2,wt-homo-2,rmsf,kl1zi41o,kl1zi41o::RMSF,wt-homo-2 / RMSF,RMSF,Residue,211,0.087772466,nm,nm
line,overlay,wt-homo-2,wt-homo-2,rmsf,kl1zi41o,kl1zi41o::RMSF,wt-homo-2 / RMSF,RMSF,Residue,212,0.07034532,nm,nm
line,overlay,wt-homo-2,wt-homo-2,rmsf,kl1zi41o,kl1zi41o::RMSF,wt-homo-2 / RMSF,RMSF,Residue,213,0.07148602,nm,nm
line,overlay,wt-homo-2,wt-homo-2,rmsf,kl1zi41o,kl1zi41o::RMSF,wt-homo-2 / RMSF,RMSF,Residue,214,0.06498822,nm,nm
line,overlay,wt-homo-2,wt-homo-2,rmsf,kl1zi41o,kl1zi41o::RMSF,wt-homo-2 / RMSF,RMSF,Residue,215,0.05379321,nm,nm
line,overlay,wt-homo-2,wt-homo-2,rmsf,kl1zi41o,kl1zi41o::RMSF,wt-homo-2 / RMSF,RMSF,Residue,216,0.05076766,nm,nm
line,overlay,wt-homo-2,wt-homo-2,rmsf,kl1zi41o,kl1zi41o::RMSF,wt-homo-2 / RMSF,RMSF,Residue,217,0.046359934,nm,nm
line,overlay,wt-homo-2,wt-homo-2,rmsf,kl1zi41o,kl1zi41o::RMSF,wt-homo-2 / RMSF,RMSF,Residue,218,0.051401947,nm,nm
line,overlay,wt-homo-2,wt-homo-2,rmsf,kl1zi41o,kl1zi41o::RMSF,wt-homo-2 / RMSF,RMSF,Residue,219,0.061953202,nm,nm
line,overlay,wt-homo-2,wt-homo-2,rmsf,kl1zi41o,kl1zi41o::RMSF,wt-homo-2 / RMSF,RMSF,Residue,220,0.061686967,nm,nm
line,overlay,wt-homo-2,wt-homo-2,rmsf,kl1zi41o,kl1zi41o::RMSF,wt-homo-2 / RMSF,RMSF,Residue,221,0.11442895,nm,nm
line,overlay,wt-homo-2,wt-homo-2,rmsf,kl1zi41o,kl1zi41o::RMSF,wt-homo-2 / RMSF,RMSF,Residue,222,0.14277844,nm,nm
line,overlay,wt-homo-2,wt-homo-2,rmsf,kl1zi41o,kl1zi41o::RMSF,wt-homo-2 / RMSF,RMSF,Residue,223,0.085546695,nm,nm
line,overlay,wt-homo-2,wt-homo-2,rmsf,kl1zi41o,kl1zi41o::RMSF,wt-homo-2 / RMSF,RMSF,Residue,224,0.10090804,nm,nm
line,overlay,wt-homo-2,wt-homo-2,rmsf,kl1zi41o,kl1zi41o::RMSF,wt-homo-2 / RMSF,RMSF,Residue,225,0.105595894,nm,nm
line,overlay,wt-homo-2,wt-homo-2,rmsf,kl1zi41o,kl1zi41o::RMSF,wt-homo-2 / RMSF,RMSF,Residue,226,0.0929575,nm,nm
line,overlay,wt-homo-2,wt-homo-2,rmsf,kl1zi41o,kl1zi41o::RMSF,wt-homo-2 / RMSF,RMSF,Residue,227,0.08309834,nm,nm
line,overlay,wt-homo-2,wt-homo-2,rmsf,kl1zi41o,kl1zi41o::RMSF,wt-homo-2 / RMSF,RMSF,Residue,228,0.07911026,nm,nm
line,overlay,wt-homo-2,wt-homo-2,rmsf,kl1zi41o,kl1zi41o::RMSF,wt-homo-2 / RMSF,RMSF,Residue,229,0.08205554,nm,nm
line,overlay,wt-homo-2,wt-homo-2,rmsf,kl1zi41o,kl1zi41o::RMSF,wt-homo-2 / RMSF,RMSF,Residue,230,0.085443325,nm,nm
line,overlay,wt-homo-2,wt-homo-2,rmsf,kl1zi41o,kl1zi41o::RMSF,wt-homo-2 / RMSF,RMSF,Residue,231,0.07728864,nm,nm
line,overlay,wt-homo-2,wt-homo-2,rmsf,kl1zi41o,kl1zi41o::RMSF,wt-homo-2 / RMSF,RMSF,Residue,232,0.07772492,nm,nm
line,overlay,wt-homo-2,wt-homo-2,rmsf,kl1zi41o,kl1zi41o::RMSF,wt-homo-2 / RMSF,RMSF,Residue,233,0.097279474,nm,nm
line,overlay,wt-homo-2,wt-homo-2,rmsf,kl1zi41o,kl1zi41o::RMSF,wt-homo-2 / RMSF,RMSF,Residue,234,0.098720126,nm,nm
line,overlay,wt-homo-2,wt-homo-2,rmsf,kl1zi41o,kl1zi41o::RMSF,wt-homo-2 / RMSF,RMSF,Residue,235,0.085540086,nm,nm
line,overlay,wt-homo-2,wt-homo-2,rmsf,kl1zi41o,kl1zi41o::RMSF,wt-homo-2 / RMSF,RMSF,Residue,236,0.088567585,nm,nm
line,overlay,wt-homo-2,wt-homo-2,rmsf,kl1zi41o,kl1zi41o::RMSF,wt-homo-2 / RMSF,RMSF,Residue,237,0.05811746,nm,nm
line,overlay,wt-homo-2,wt-homo-2,rmsf,kl1zi41o,kl1zi41o::RMSF,wt-homo-2 / RMSF,RMSF,Residue,238,0.059911054,nm,nm
line,overlay,wt-homo-2,wt-homo-2,rmsf,kl1zi41o,kl1zi41o::RMSF,wt-homo-2 / RMSF,RMSF,Residue,239,0.051978014,nm,nm
line,overlay,wt-homo-2,wt-homo-2,rmsf,kl1zi41o,kl1zi41o::RMSF,wt-homo-2 / RMSF,RMSF,Residue,240,0.047762938,nm,nm
line,overlay,wt-homo-2,wt-homo-2,rmsf,kl1zi41o,kl1zi41o::RMSF,wt-homo-2 / RMSF,RMSF,Residue,241,0.05344941,nm,nm
line,overlay,wt-homo-2,wt-homo-2,rmsf,kl1zi41o,kl1zi41o::RMSF,wt-homo-2 / RMSF,RMSF,Residue,242,0.05468675,nm,nm
line,overlay,wt-homo-2,wt-homo-2,rmsf,kl1zi41o,kl1zi41o::RMSF,wt-homo-2 / RMSF,RMSF,Residue,243,0.053338174,nm,nm
line,overlay,wt-homo-2,wt-homo-2,rmsf,kl1zi41o,kl1zi41o::RMSF,wt-homo-2 / RMSF,RMSF,Residue,244,0.080045626,nm,nm
line,overlay,wt-homo-2,wt-homo-2,rmsf,kl1zi41o,kl1zi41o::RMSF,wt-homo-2 / RMSF,RMSF,Residue,245,0.10981759,nm,nm
line,overlay,wt-homo-2,wt-homo-2,rmsf,kl1zi41o,kl1zi41o::RMSF,wt-homo-2 / RMSF,RMSF,Residue,246,0.1203942,nm,nm
line,overlay,wt-homo-2,wt-homo-2,rmsf,kl1zi41o,kl1zi41o::RMSF,wt-homo-2 / RMSF,RMSF,Residue,247,0.13537094,nm,nm
line,overlay,wt-homo-2,wt-homo-2,rmsf,kl1zi41o,kl1zi41o::RMSF,wt-homo-2 / RMSF,RMSF,Residue,248,0.15531057,nm,nm
line,overlay,wt-homo-2,wt-homo-2,rmsf,kl1zi41o,kl1zi41o::RMSF,wt-homo-2 / RMSF,RMSF,Residue,249,0.17038347,nm,nm
line,overlay,wt-homo-2,wt-homo-2,rmsf,kl1zi41o,kl1zi41o::RMSF,wt-homo-2 / RMSF,RMSF,Residue,250,0.17261274,nm,nm
line,overlay,wt-homo-2,wt-homo-2,rmsf,kl1zi41o,kl1zi41o::RMSF,wt-homo-2 / RMSF,RMSF,Residue,251,0.15711997,nm,nm
line,overlay,wt-homo-2,wt-homo-2,rmsf,kl1zi41o,kl1zi41o::RMSF,wt-homo-2 / RMSF,RMSF,Residue,252,0.11330593,nm,nm
line,overlay,wt-homo-2,wt-homo-2,rmsf,kl1zi41o,kl1zi41o::RMSF,wt-homo-2 / RMSF,RMSF,Residue,253,0.10918146,nm,nm
line,overlay,wt-homo-2,wt-homo-2,rmsf,kl1zi41o,kl1zi41o::RMSF,wt-homo-2 / RMSF,RMSF,Residue,254,0.07627588,nm,nm
line,overlay,wt-homo-2,wt-homo-2,rmsf,kl1zi41o,kl1zi41o::RMSF,wt-homo-2 / RMSF,RMSF,Residue,255,0.06392701,nm,nm
line,overlay,wt-homo-2,wt-homo-2,rmsf,kl1zi41o,kl1zi41o::RMSF,wt-homo-2 / RMSF,RMSF,Residue,256,0.07534131,nm,nm
line,overlay,wt-homo-2,wt-homo-2,rmsf,kl1zi41o,kl1zi41o::RMSF,wt-homo-2 / RMSF,RMSF,Residue,257,0.06309671,nm,nm
line,overlay,wt-homo-2,wt-homo-2,rmsf,kl1zi41o,kl1zi41o::RMSF,wt-homo-2 / RMSF,RMSF,Residue,258,0.0670301,nm,nm
line,overlay,wt-homo-2,wt-homo-2,rmsf,kl1zi41o,kl1zi41o::RMSF,wt-homo-2 / RMSF,RMSF,Residue,259,0.089447446,nm,nm
line,overlay,wt-homo-2,wt-homo-2,rmsf,kl1zi41o,kl1zi41o::RMSF,wt-homo-2 / RMSF,RMSF,Residue,260,0.08007553,nm,nm
line,overlay,wt-homo-2,wt-homo-2,rmsf,kl1zi41o,kl1zi41o::RMSF,wt-homo-2 / RMSF,RMSF,Residue,261,0.07647819,nm,nm
line,overlay,wt-homo-2,wt-homo-2,rmsf,kl1zi41o,kl1zi41o::RMSF,wt-homo-2 / RMSF,RMSF,Residue,262,0.07505564,nm,nm
line,overlay,wt-homo-2,wt-homo-2,rmsf,kl1zi41o,kl1zi41o::RMSF,wt-homo-2 / RMSF,RMSF,Residue,263,0.098542176,nm,nm
line,overlay,wt-homo-2,wt-homo-2,rmsf,kl1zi41o,kl1zi41o::RMSF,wt-homo-2 / RMSF,RMSF,Residue,264,0.07870465,nm,nm
line,overlay,wt-homo-2,wt-homo-2,rmsf,kl1zi41o,kl1zi41o::RMSF,wt-homo-2 / RMSF,RMSF,Residue,265,0.09018011,nm,nm
line,overlay,wt-homo-2,wt-homo-2,rmsf,kl1zi41o,kl1zi41o::RMSF,wt-homo-2 / RMSF,RMSF,Residue,266,0.09196672,nm,nm
line,overlay,wt-homo-2,wt-homo-2,rmsf,kl1zi41o,kl1zi41o::RMSF,wt-homo-2 / RMSF,RMSF,Residue,267,0.07719588,nm,nm
line,overlay,wt-homo-2,wt-homo-2,rmsf,kl1zi41o,kl1zi41o::RMSF,wt-homo-2 / RMSF,RMSF,Residue,268,0.07690283,nm,nm
line,overlay,wt-homo-2,wt-homo-2,rmsf,kl1zi41o,kl1zi41o::RMSF,wt-homo-2 / RMSF,RMSF,Residue,269,0.09343206,nm,nm
line,overlay,wt-homo-2,wt-homo-2,rmsf,kl1zi41o,kl1zi41o::RMSF,wt-homo-2 / RMSF,RMSF,Residue,270,0.09937912,nm,nm
line,overlay,wt-homo-2,wt-homo-2,rmsf,kl1zi41o,kl1zi41o::RMSF,wt-homo-2 / RMSF,RMSF,Residue,271,0.089118235,nm,nm
line,overlay,wt-homo-2,wt-homo-2,rmsf,kl1zi41o,kl1zi41o::RMSF,wt-homo-2 / RMSF,RMSF,Residue,272,0.096571356,nm,nm
line,overlay,wt-homo-2,wt-homo-2,rmsf,kl1zi41o,kl1zi41o::RMSF,wt-homo-2 / RMSF,RMSF,Residue,273,0.09133644,nm,nm
line,overlay,wt-homo-2,wt-homo-2,rmsf,kl1zi41o,kl1zi41o::RMSF,wt-homo-2 / RMSF,RMSF,Residue,274,0.072694294,nm,nm
line,overlay,wt-homo-2,wt-homo-2,rmsf,kl1zi41o,kl1zi41o::RMSF,wt-homo-2 / RMSF,RMSF,Residue,275,0.073740624,nm,nm
line,overlay,wt-homo-2,wt-homo-2,rmsf,kl1zi41o,kl1zi41o::RMSF,wt-homo-2 / RMSF,RMSF,Residue,276,0.053003937,nm,nm
line,overlay,wt-homo-2,wt-homo-2,rmsf,kl1zi41o,kl1zi41o::RMSF,wt-homo-2 / RMSF,RMSF,Residue,277,0.04426765,nm,nm
line,overlay,wt-homo-2,wt-homo-2,rmsf,kl1zi41o,kl1zi41o::RMSF,wt-homo-2 / RMSF,RMSF,Residue,278,0.0431336,nm,nm
line,overlay,wt-homo-2,wt-homo-2,rmsf,kl1zi41o,kl1zi41o::RMSF,wt-homo-2 / RMSF,RMSF,Residue,279,0.043204654,nm,nm
line,overlay,wt-homo-2,wt-homo-2,rmsf,kl1zi41o,kl1zi41o::RMSF,wt-homo-2 / RMSF,RMSF,Residue,280,0.046399992,nm,nm
line,overlay,wt-homo-2,wt-homo-2,rmsf,kl1zi41o,kl1zi41o::RMSF,wt-homo-2 / RMSF,RMSF,Residue,281,0.04817019,nm,nm
line,overlay,wt-homo-2,wt-homo-2,rmsf,kl1zi41o,kl1zi41o::RMSF,wt-homo-2 / RMSF,RMSF,Residue,282,0.0560515,nm,nm
line,overlay,wt-homo-2,wt-homo-2,rmsf,kl1zi41o,kl1zi41o::RMSF,wt-homo-2 / RMSF,RMSF,Residue,283,0.061630953,nm,nm
line,overlay,wt-homo-2,wt-homo-2,rmsf,kl1zi41o,kl1zi41o::RMSF,wt-homo-2 / RMSF,RMSF,Residue,284,0.07067265,nm,nm
line,overlay,wt-homo-2,wt-homo-2,rmsf,kl1zi41o,kl1zi41o::RMSF,wt-homo-2 / RMSF,RMSF,Residue,285,0.06232417,nm,nm
line,overlay,wt-homo-2,wt-homo-2,rmsf,kl1zi41o,kl1zi41o::RMSF,wt-homo-2 / RMSF,RMSF,Residue,286,0.07523211,nm,nm
line,overlay,wt-homo-2,wt-homo-2,rmsf,kl1zi41o,kl1zi41o::RMSF,wt-homo-2 / RMSF,RMSF,Residue,287,0.073866636,nm,nm
line,overlay,wt-homo-2,wt-homo-2,rmsf,kl1zi41o,kl1zi41o::RMSF,wt-homo-2 / RMSF,RMSF,Residue,288,0.08654476,nm,nm
line,overlay,wt-homo-2,wt-homo-2,rmsf,kl1zi41o,kl1zi41o::RMSF,wt-homo-2 / RMSF,RMSF,Residue,289,0.09390533,nm,nm
line,overlay,wt-homo-2,wt-homo-2,rmsf,kl1zi41o,kl1zi41o::RMSF,wt-homo-2 / RMSF,RMSF,Residue,290,0.08902822,nm,nm
line,overlay,wt-homo-2,wt-homo-2,rmsf,kl1zi41o,kl1zi41o::RMSF,wt-homo-2 / RMSF,RMSF,Residue,291,0.066057876,nm,nm
line,overlay,wt-homo-2,wt-homo-2,rmsf,kl1zi41o,kl1zi41o::RMSF,wt-homo-2 / RMSF,RMSF,Residue,292,0.07151222,nm,nm
line,overlay,wt-homo-2,wt-homo-2,rmsf,kl1zi41o,kl1zi41o::RMSF,wt-homo-2 / RMSF,RMSF,Residue,293,0.07220225,nm,nm
line,overlay,wt-homo-2,wt-homo-2,rmsf,kl1zi41o,kl1zi41o::RMSF,wt-homo-2 / RMSF,RMSF,Residue,294,0.057746172,nm,nm
line,overlay,wt-homo-2,wt-homo-2,rmsf,kl1zi41o,kl1zi41o::RMSF,wt-homo-2 / RMSF,RMSF,Residue,295,0.05808134,nm,nm
line,overlay,wt-homo-2,wt-homo-2,rmsf,kl1zi41o,kl1zi41o::RMSF,wt-homo-2 / RMSF,RMSF,Residue,296,0.06764186,nm,nm
line,overlay,wt-homo-2,wt-homo-2,rmsf,kl1zi41o,kl1zi41o::RMSF,wt-homo-2 / RMSF,RMSF,Residue,297,0.070245035,nm,nm
line,overlay,wt-homo-2,wt-homo-2,rmsf,kl1zi41o,kl1zi41o::RMSF,wt-homo-2 / RMSF,RMSF,Residue,298,0.063331075,nm,nm
line,overlay,wt-homo-2,wt-homo-2,rmsf,kl1zi41o,kl1zi41o::RMSF,wt-homo-2 / RMSF,RMSF,Residue,299,0.064651944,nm,nm
line,overlay,wt-homo-2,wt-homo-2,rmsf,kl1zi41o,kl1zi41o::RMSF,wt-homo-2 / RMSF,RMSF,Residue,300,0.075222366,nm,nm
line,overlay,wt-homo-2,wt-homo-2,rmsf,kl1zi41o,kl1zi41o::RMSF,wt-homo-2 / RMSF,RMSF,Residue,301,0.07892591,nm,nm
line,overlay,wt-homo-2,wt-homo-2,rmsf,kl1zi41o,kl1zi41o::RMSF,wt-homo-2 / RMSF,RMSF,Residue,302,0.07411411,nm,nm
line,overlay,wt-homo-2,wt-homo-2,rmsf,kl1zi41o,kl1zi41o::RMSF,wt-homo-2 / RMSF,RMSF,Residue,303,0.0807909,nm,nm
line,overlay,wt-homo-2,wt-homo-2,rmsf,kl1zi41o,kl1zi41o::RMSF,wt-homo-2 / RMSF,RMSF,Residue,304,0.06437665,nm,nm
line,overlay,wt-homo-2,wt-homo-2,rmsf,kl1zi41o,kl1zi41o::RMSF,wt-homo-2 / RMSF,RMSF,Residue,305,0.057779495,nm,nm
line,overlay,wt-homo-2,wt-homo-2,rmsf,kl1zi41o,kl1zi41o::RMSF,wt-homo-2 / RMSF,RMSF,Residue,306,0.051154017,nm,nm
line,overlay,wt-homo-2,wt-homo-2,rmsf,kl1zi41o,kl1zi41o::RMSF,wt-homo-2 / RMSF,RMSF,Residue,307,0.04865269,nm,nm
line,overlay,wt-homo-2,wt-homo-2,rmsf,kl1zi41o,kl1zi41o::RMSF,wt-homo-2 / RMSF,RMSF,Residue,308,0.049306568,nm,nm
line,overlay,wt-homo-2,wt-homo-2,rmsf,kl1zi41o,kl1zi41o::RMSF,wt-homo-2 / RMSF,RMSF,Residue,309,0.05737524,nm,nm
line,overlay,wt-homo-2,wt-homo-2,rmsf,kl1zi41o,kl1zi41o::RMSF,wt-homo-2 / RMSF,RMSF,Residue,310,0.06891764,nm,nm
line,overlay,wt-homo-2,wt-homo-2,rmsf,kl1zi41o,kl1zi41o::RMSF,wt-homo-2 / RMSF,RMSF,Residue,311,0.067318425,nm,nm
line,overlay,wt-homo-2,wt-homo-2,rmsf,kl1zi41o,kl1zi41o::RMSF,wt-homo-2 / RMSF,RMSF,Residue,312,0.086132355,nm,nm
line,overlay,wt-homo-2,wt-homo-2,rmsf,kl1zi41o,kl1zi41o::RMSF,wt-homo-2 / RMSF,RMSF,Residue,313,0.12811372,nm,nm
line,overlay,wt-homo-2,wt-homo-2,rmsf,kl1zi41o,kl1zi41o::RMSF,wt-homo-2 / RMSF,RMSF,Residue,314,0.24003965,nm,nm
line,overlay,wt-homo-2,wt-homo-2,rmsf,kl1zi41o,kl1zi41o::RMSF,wt-homo-2 / RMSF,RMSF,Residue,315,0.37532112,nm,nm
line,overlay,wt-homo-2,wt-homo-2,rmsf,kl1zi41o,kl1zi41o::RMSF,wt-homo-2 / RMSF,RMSF,Residue,316,0.52748066,nm,nm
line,overlay,wt-homo-2,wt-homo-2,rmsf,kl1zi41o,kl1zi41o::RMSF,wt-homo-2 / RMSF,RMSF,Residue,317,0.555221,nm,nm
line,overlay,wt-homo-2,wt-homo-2,rmsf,kl1zi41o,kl1zi41o::RMSF,wt-homo-2 / RMSF,RMSF,Residue,318,0.44327438,nm,nm
line,overlay,wt-homo-2,wt-homo-2,rmsf,kl1zi41o,kl1zi41o::RMSF,wt-homo-2 / RMSF,RMSF,Residue,319,0.34285483,nm,nm
line,overlay,wt-homo-2,wt-homo-2,rmsf,kl1zi41o,kl1zi41o::RMSF,wt-homo-2 / RMSF,RMSF,Residue,320,0.30037394,nm,nm
line,overlay,wt-homo-2,wt-homo-2,rmsf,kl1zi41o,kl1zi41o::RMSF,wt-homo-2 / RMSF,RMSF,Residue,321,0.29463953,nm,nm
line,overlay,wt-homo-2,wt-homo-2,rmsf,kl1zi41o,kl1zi41o::RMSF,wt-homo-2 / RMSF,RMSF,Residue,322,0.24561754,nm,nm
line,overlay,wt-homo-2,wt-homo-2,rmsf,kl1zi41o,kl1zi41o::RMSF,wt-homo-2 / RMSF,RMSF,Residue,323,0.24081507,nm,nm
line,overlay,wt-homo-2,wt-homo-2,rmsf,kl1zi41o,kl1zi41o::RMSF,wt-homo-2 / RMSF,RMSF,Residue,324,0.2571285,nm,nm
line,overlay,wt-homo-2,wt-homo-2,rmsf,kl1zi41o,kl1zi41o::RMSF,wt-homo-2 / RMSF,RMSF,Residue,325,0.27010292,nm,nm
line,overlay,wt-homo-2,wt-homo-2,rmsf,kl1zi41o,kl1zi41o::RMSF,wt-homo-2 / RMSF,RMSF,Residue,326,0.22404198,nm,nm
line,overlay,wt-homo-2,wt-homo-2,rmsf,kl1zi41o,kl1zi41o::RMSF,wt-homo-2 / RMSF,RMSF,Residue,327,0.22689103,nm,nm
line,overlay,wt-homo-2,wt-homo-2,rmsf,kl1zi41o,kl1zi41o::RMSF,wt-homo-2 / RMSF,RMSF,Residue,328,0.1694202,nm,nm
line,overlay,wt-homo-2,wt-homo-2,rmsf,kl1zi41o,kl1zi41o::RMSF,wt-homo-2 / RMSF,RMSF,Residue,329,0.201209,nm,nm
line,overlay,wt-homo-2,wt-homo-2,rmsf,kl1zi41o,kl1zi41o::RMSF,wt-homo-2 / RMSF,RMSF,Residue,330,0.2662633,nm,nm
line,overlay,wt-homo-2,wt-homo-2,rmsf,kl1zi41o,kl1zi41o::RMSF,wt-homo-2 / RMSF,RMSF,Residue,331,0.2134659,nm,nm
line,overlay,wt-homo-2,wt-homo-2,rmsf,kl1zi41o,kl1zi41o::RMSF,wt-homo-2 / RMSF,RMSF,Residue,332,0.18123649,nm,nm
line,overlay,wt-homo-2,wt-homo-2,rmsf,kl1zi41o,kl1zi41o::RMSF,wt-homo-2 / RMSF,RMSF,Residue,333,0.17594735,nm,nm
line,overlay,wt-homo-2,wt-homo-2,rmsf,kl1zi41o,kl1zi41o::RMSF,wt-homo-2 / RMSF,RMSF,Residue,334,0.1317207,nm,nm
line,overlay,wt-homo-2,wt-homo-2,rmsf,kl1zi41o,kl1zi41o::RMSF,wt-homo-2 / RMSF,RMSF,Residue,335,0.07223672,nm,nm
line,overlay,wt-homo-2,wt-homo-2,rmsf,kl1zi41o,kl1zi41o::RMSF,wt-homo-2 / RMSF,RMSF,Residue,336,0.06622708,nm,nm
line,overlay,wt-homo-2,wt-homo-2,rmsf,kl1zi41o,kl1zi41o::RMSF,wt-homo-2 / RMSF,RMSF,Residue,337,0.05964329,nm,nm
line,overlay,wt-homo-2,wt-homo-2,rmsf,kl1zi41o,kl1zi41o::RMSF,wt-homo-2 / RMSF,RMSF,Residue,338,0.064030714,nm,nm
line,overlay,wt-homo-2,wt-homo-2,rmsf,kl1zi41o,kl1zi41o::RMSF,wt-homo-2 / RMSF,RMSF,Residue,339,0.06506211,nm,nm
line,overlay,wt-homo-2,wt-homo-2,rmsf,kl1zi41o,kl1zi41o::RMSF,wt-homo-2 / RMSF,RMSF,Residue,340,0.064267516,nm,nm
line,overlay,wt-homo-2,wt-homo-2,rmsf,kl1zi41o,kl1zi41o::RMSF,wt-homo-2 / RMSF,RMSF,Residue,341,0.083181135,nm,nm
line,overlay,wt-homo-2,wt-homo-2,rmsf,kl1zi41o,kl1zi41o::RMSF,wt-homo-2 / RMSF,RMSF,Residue,342,0.070812695,nm,nm
line,overlay,wt-homo-2,wt-homo-2,rmsf,kl1zi41o,kl1zi41o::RMSF,wt-homo-2 / RMSF,RMSF,Residue,343,0.061346915,nm,nm
line,overlay,wt-homo-2,wt-homo-2,rmsf,kl1zi41o,kl1zi41o::RMSF,wt-homo-2 / RMSF,RMSF,Residue,344,0.08260585,nm,nm
line,overlay,wt-homo-2,wt-homo-2,rmsf,kl1zi41o,kl1zi41o::RMSF,wt-homo-2 / RMSF,RMSF,Residue,345,0.07166615,nm,nm
line,overlay,wt-homo-2,wt-homo-2,rmsf,kl1zi41o,kl1zi41o::RMSF,wt-homo-2 / RMSF,RMSF,Residue,346,0.061760597,nm,nm
line,overlay,wt-homo-2,wt-homo-2,rmsf,kl1zi41o,kl1zi41o::RMSF,wt-homo-2 / RMSF,RMSF,Residue,347,0.06700251,nm,nm
line,overlay,wt-homo-2,wt-homo-2,rmsf,kl1zi41o,kl1zi41o::RMSF,wt-homo-2 / RMSF,RMSF,Residue,348,0.0840341,nm,nm
line,overlay,wt-homo-2,wt-homo-2,rmsf,kl1zi41o,kl1zi41o::RMSF,wt-homo-2 / RMSF,RMSF,Residue,349,0.077612095,nm,nm
line,overlay,wt-homo-2,wt-homo-2,rmsf,kl1zi41o,kl1zi41o::RMSF,wt-homo-2 / RMSF,RMSF,Residue,350,0.08163828,nm,nm
line,overlay,wt-homo-2,wt-homo-2,rmsf,kl1zi41o,kl1zi41o::RMSF,wt-homo-2 / RMSF,RMSF,Residue,351,0.07406891,nm,nm
line,overlay,wt-homo-2,wt-homo-2,rmsf,kl1zi41o,kl1zi41o::RMSF,wt-homo-2 / RMSF,RMSF,Residue,352,0.0573651,nm,nm
line,overlay,wt-homo-2,wt-homo-2,rmsf,kl1zi41o,kl1zi41o::RMSF,wt-homo-2 / RMSF,RMSF,Residue,353,0.055986412,nm,nm
line,overlay,wt-homo-2,wt-homo-2,rmsf,kl1zi41o,kl1zi41o::RMSF,wt-homo-2 / RMSF,RMSF,Residue,354,0.044302307,nm,nm
line,overlay,wt-homo-2,wt-homo-2,rmsf,kl1zi41o,kl1zi41o::RMSF,wt-homo-2 / RMSF,RMSF,Residue,355,0.04283951,nm,nm
line,overlay,wt-homo-2,wt-homo-2,rmsf,kl1zi41o,kl1zi41o::RMSF,wt-homo-2 / RMSF,RMSF,Residue,356,0.040955022,nm,nm
line,overlay,wt-homo-2,wt-homo-2,rmsf,kl1zi41o,kl1zi41o::RMSF,wt-homo-2 / RMSF,RMSF,Residue,357,0.043472633,nm,nm
line,overlay,wt-homo-2,wt-homo-2,rmsf,kl1zi41o,kl1zi41o::RMSF,wt-homo-2 / RMSF,RMSF,Residue,358,0.044327836,nm,nm
line,overlay,wt-homo-2,wt-homo-2,rmsf,kl1zi41o,kl1zi41o::RMSF,wt-homo-2 / RMSF,RMSF,Residue,359,0.045954023,nm,nm
line,overlay,wt-homo-2,wt-homo-2,rmsf,kl1zi41o,kl1zi41o::RMSF,wt-homo-2 / RMSF,RMSF,Residue,360,0.049717885,nm,nm
line,overlay,wt-homo-2,wt-homo-2,rmsf,kl1zi41o,kl1zi41o::RMSF,wt-homo-2 / RMSF,RMSF,Residue,361,0.05086132,nm,nm
line,overlay,wt-homo-2,wt-homo-2,rmsf,kl1zi41o,kl1zi41o::RMSF,wt-homo-2 / RMSF,RMSF,Residue,362,0.054581538,nm,nm
line,overlay,wt-homo-2,wt-homo-2,rmsf,kl1zi41o,kl1zi41o::RMSF,wt-homo-2 / RMSF,RMSF,Residue,363,0.052002735,nm,nm
line,overlay,wt-homo-2,wt-homo-2,rmsf,kl1zi41o,kl1zi41o::RMSF,wt-homo-2 / RMSF,RMSF,Residue,364,0.063374296,nm,nm
line,overlay,wt-homo-2,wt-homo-2,rmsf,kl1zi41o,kl1zi41o::RMSF,wt-homo-2 / RMSF,RMSF,Residue,365,0.066709146,nm,nm
line,overlay,wt-homo-2,wt-homo-2,rmsf,kl1zi41o,kl1zi41o::RMSF,wt-homo-2 / RMSF,RMSF,Residue,366,0.055216074,nm,nm
line,overlay,wt-homo-2,wt-homo-2,rmsf,kl1zi41o,kl1zi41o::RMSF,wt-homo-2 / RMSF,RMSF,Residue,367,0.06300178,nm,nm
line,overlay,wt-homo-2,wt-homo-2,rmsf,kl1zi41o,kl1zi41o::RMSF,wt-homo-2 / RMSF,RMSF,Residue,368,0.07488601,nm,nm
line,overlay,wt-homo-2,wt-homo-2,rmsf,kl1zi41o,kl1zi41o::RMSF,wt-homo-2 / RMSF,RMSF,Residue,369,0.06950833,nm,nm
line,overlay,wt-homo-2,wt-homo-2,rmsf,kl1zi41o,kl1zi41o::RMSF,wt-homo-2 / RMSF,RMSF,Residue,370,0.068298295,nm,nm
line,overlay,wt-homo-2,wt-homo-2,rmsf,kl1zi41o,kl1zi41o::RMSF,wt-homo-2 / RMSF,RMSF,Residue,371,0.06769643,nm,nm
line,overlay,wt-homo-2,wt-homo-2,rmsf,kl1zi41o,kl1zi41o::RMSF,wt-homo-2 / RMSF,RMSF,Residue,372,0.05687644,nm,nm
line,overlay,wt-homo-2,wt-homo-2,rmsf,kl1zi41o,kl1zi41o::RMSF,wt-homo-2 / RMSF,RMSF,Residue,373,0.050799944,nm,nm
line,overlay,wt-homo-2,wt-homo-2,rmsf,kl1zi41o,kl1zi41o::RMSF,wt-homo-2 / RMSF,RMSF,Residue,374,0.04946706,nm,nm
line,overlay,wt-homo-2,wt-homo-2,rmsf,kl1zi41o,kl1zi41o::RMSF,wt-homo-2 / RMSF,RMSF,Residue,375,0.043933783,nm,nm
line,overlay,wt-homo-2,wt-homo-2,rmsf,kl1zi41o,kl1zi41o::RMSF,wt-homo-2 / RMSF,RMSF,Residue,376,0.045718443,nm,nm
line,overlay,wt-homo-2,wt-homo-2,rmsf,kl1zi41o,kl1zi41o::RMSF,wt-homo-2 / RMSF,RMSF,Residue,377,0.041114744,nm,nm
line,overlay,wt-homo-2,wt-homo-2,rmsf,kl1zi41o,kl1zi41o::RMSF,wt-homo-2 / RMSF,RMSF,Residue,378,0.047092408,nm,nm
line,overlay,wt-homo-2,wt-homo-2,rmsf,kl1zi41o,kl1zi41o::RMSF,wt-homo-2 / RMSF,RMSF,Residue,379,0.06307657,nm,nm
line,overlay,wt-homo-2,wt-homo-2,rmsf,kl1zi41o,kl1zi41o::RMSF,wt-homo-2 / RMSF,RMSF,Residue,380,0.07484415,nm,nm
line,overlay,wt-homo-2,wt-homo-2,rmsf,kl1zi41o,kl1zi41o::RMSF,wt-homo-2 / RMSF,RMSF,Residue,381,0.08628459,nm,nm
line,overlay,wt-homo-2,wt-homo-2,rmsf,kl1zi41o,kl1zi41o::RMSF,wt-homo-2 / RMSF,RMSF,Residue,382,0.083422944,nm,nm
line,overlay,wt-homo-2,wt-homo-2,rmsf,kl1zi41o,kl1zi41o::RMSF,wt-homo-2 / RMSF,RMSF,Residue,383,0.05386325,nm,nm
line,overlay,wt-homo-2,wt-homo-2,rmsf,kl1zi41o,kl1zi41o::RMSF,wt-homo-2 / RMSF,RMSF,Residue,384,0.05101634,nm,nm
line,overlay,wt-homo-2,wt-homo-2,rmsf,kl1zi41o,kl1zi41o::RMSF,wt-homo-2 / RMSF,RMSF,Residue,385,0.056989256,nm,nm
line,overlay,wt-homo-2,wt-homo-2,rmsf,kl1zi41o,kl1zi41o::RMSF,wt-homo-2 / RMSF,RMSF,Residue,386,0.055839967,nm,nm
line,overlay,wt-homo-2,wt-homo-2,rmsf,kl1zi41o,kl1zi41o::RMSF,wt-homo-2 / RMSF,RMSF,Residue,387,0.0455326,nm,nm
line,overlay,wt-homo-2,wt-homo-2,rmsf,kl1zi41o,kl1zi41o::RMSF,wt-homo-2 / RMSF,RMSF,Residue,388,0.056839738,nm,nm
line,overlay,wt-homo-2,wt-homo-2,rmsf,kl1zi41o,kl1zi41o::RMSF,wt-homo-2 / RMSF,RMSF,Residue,389,0.078101315,nm,nm
line,overlay,wt-homo-2,wt-homo-2,rmsf,kl1zi41o,kl1zi41o::RMSF,wt-homo-2 / RMSF,RMSF,Residue,390,0.07137482,nm,nm
line,overlay,wt-homo-2,wt-homo-2,rmsf,kl1zi41o,kl1zi41o::RMSF,wt-homo-2 / RMSF,RMSF,Residue,391,0.06655125,nm,nm
line,overlay,wt-homo-2,wt-homo-2,rmsf,kl1zi41o,kl1zi41o::RMSF,wt-homo-2 / RMSF,RMSF,Residue,392,0.07866519,nm,nm
line,overlay,wt-homo-2,wt-homo-2,rmsf,kl1zi41o,kl1zi41o::RMSF,wt-homo-2 / RMSF,RMSF,Residue,393,0.0751656,nm,nm
line,overlay,wt-homo-2,wt-homo-2,rmsf,kl1zi41o,kl1zi41o::RMSF,wt-homo-2 / RMSF,RMSF,Residue,394,0.06423602,nm,nm
line,overlay,wt-homo-2,wt-homo-2,rmsf,kl1zi41o,kl1zi41o::RMSF,wt-homo-2 / RMSF,RMSF,Residue,395,0.07518005,nm,nm
line,overlay,wt-homo-2,wt-homo-2,rmsf,kl1zi41o,kl1zi41o::RMSF,wt-homo-2 / RMSF,RMSF,Residue,396,0.07314104,nm,nm
line,overlay,wt-homo-2,wt-homo-2,rmsf,kl1zi41o,kl1zi41o::RMSF,wt-homo-2 / RMSF,RMSF,Residue,397,0.06367236,nm,nm
line,overlay,wt-homo-2,wt-homo-2,rmsf,kl1zi41o,kl1zi41o::RMSF,wt-homo-2 / RMSF,RMSF,Residue,398,0.052980278,nm,nm
line,overlay,wt-homo-2,wt-homo-2,rmsf,kl1zi41o,kl1zi41o::RMSF,wt-homo-2 / RMSF,RMSF,Residue,399,0.057336003,nm,nm
line,overlay,wt-homo-2,wt-homo-2,rmsf,kl1zi41o,kl1zi41o::RMSF,wt-homo-2 / RMSF,RMSF,Residue,400,0.057848576,nm,nm
line,overlay,wt-homo-2,wt-homo-2,rmsf,kl1zi41o,kl1zi41o::RMSF,wt-homo-2 / RMSF,RMSF,Residue,401,0.05119284,nm,nm
line,overlay,wt-homo-2,wt-homo-2,rmsf,kl1zi41o,kl1zi41o::RMSF,wt-homo-2 / RMSF,RMSF,Residue,402,0.063650765,nm,nm
line,overlay,wt-homo-2,wt-homo-2,rmsf,kl1zi41o,kl1zi41o::RMSF,wt-homo-2 / RMSF,RMSF,Residue,403,0.0692985,nm,nm
line,overlay,wt-homo-2,wt-homo-2,rmsf,kl1zi41o,kl1zi41o::RMSF,wt-homo-2 / RMSF,RMSF,Residue,404,0.12491136,nm,nm
line,overlay,wt-homo-2,wt-homo-2,rmsf,kl1zi41o,kl1zi41o::RMSF,wt-homo-2 / RMSF,RMSF,Residue,405,0.110823564,nm,nm
line,overlay,wt-homo-2,wt-homo-2,rmsf,kl1zi41o,kl1zi41o::RMSF,wt-homo-2 / RMSF,RMSF,Residue,406,0.14196469,nm,nm
line,overlay,wt-homo-2,wt-homo-2,rmsf,kl1zi41o,kl1zi41o::RMSF,wt-homo-2 / RMSF,RMSF,Residue,407,0.16432655,nm,nm
line,overlay,wt-homo-2,wt-homo-2,rmsf,kl1zi41o,kl1zi41o::RMSF,wt-homo-2 / RMSF,RMSF,Residue,408,0.12619294,nm,nm
line,overlay,wt-homo-2,wt-homo-2,rmsf,kl1zi41o,kl1zi41o::RMSF,wt-homo-2 / RMSF,RMSF,Residue,409,0.07448767,nm,nm
line,overlay,wt-homo-2,wt-homo-2,rmsf,kl1zi41o,kl1zi41o::RMSF,wt-homo-2 / RMSF,RMSF,Residue,410,0.062314615,nm,nm
line,overlay,wt-homo-2,wt-homo-2,rmsf,kl1zi41o,kl1zi41o::RMSF,wt-homo-2 / RMSF,RMSF,Residue,411,0.071100324,nm,nm
line,overlay,wt-homo-2,wt-homo-2,rmsf,kl1zi41o,kl1zi41o::RMSF,wt-homo-2 / RMSF,RMSF,Residue,412,0.06476198,nm,nm
line,overlay,wt-homo-2,wt-homo-2,rmsf,kl1zi41o,kl1zi41o::RMSF,wt-homo-2 / RMSF,RMSF,Residue,413,0.07237415,nm,nm
line,overlay,wt-homo-2,wt-homo-2,rmsf,kl1zi41o,kl1zi41o::RMSF,wt-homo-2 / RMSF,RMSF,Residue,414,0.069837645,nm,nm
line,overlay,wt-homo-2,wt-homo-2,rmsf,kl1zi41o,kl1zi41o::RMSF,wt-homo-2 / RMSF,RMSF,Residue,415,0.05824883,nm,nm
line,overlay,wt-homo-2,wt-homo-2,rmsf,kl1zi41o,kl1zi41o::RMSF,wt-homo-2 / RMSF,RMSF,Residue,416,0.0618968,nm,nm
line,overlay,wt-homo-2,wt-homo-2,rmsf,kl1zi41o,kl1zi41o::RMSF,wt-homo-2 / RMSF,RMSF,Residue,417,0.068450585,nm,nm
line,overlay,wt-homo-2,wt-homo-2,rmsf,kl1zi41o,kl1zi41o::RMSF,wt-homo-2 / RMSF,RMSF,Residue,418,0.061707325,nm,nm
line,overlay,wt-homo-2,wt-homo-2,rmsf,kl1zi41o,kl1zi41o::RMSF,wt-homo-2 / RMSF,RMSF,Residue,419,0.059623692,nm,nm
line,overlay,wt-homo-2,wt-homo-2,rmsf,kl1zi41o,kl1zi41o::RMSF,wt-homo-2 / RMSF,RMSF,Residue,420,0.068643525,nm,nm
line,overlay,wt-homo-2,wt-homo-2,rmsf,kl1zi41o,kl1zi41o::RMSF,wt-homo-2 / RMSF,RMSF,Residue,421,0.072591834,nm,nm
line,overlay,wt-homo-2,wt-homo-2,rmsf,kl1zi41o,kl1zi41o::RMSF,wt-homo-2 / RMSF,RMSF,Residue,422,0.069760114,nm,nm
line,overlay,wt-homo-2,wt-homo-2,rmsf,kl1zi41o,kl1zi41o::RMSF,wt-homo-2 / RMSF,RMSF,Residue,423,0.0806662,nm,nm
line,overlay,wt-homo-2,wt-homo-2,rmsf,kl1zi41o,kl1zi41o::RMSF,wt-homo-2 / RMSF,RMSF,Residue,424,0.10676969,nm,nm
line,overlay,wt-homo-2,wt-homo-2,rmsf,kl1zi41o,kl1zi41o::RMSF,wt-homo-2 / RMSF,RMSF,Residue,425,0.15542066,nm,nm
line,overlay,wt-homo-2,wt-homo-2,rmsf,kl1zi41o,kl1zi41o::RMSF,wt-homo-2 / RMSF,RMSF,Residue,426,0.13784638,nm,nm
line,overlay,wt-homo-2,wt-homo-2,rmsf,kl1zi41o,kl1zi41o::RMSF,wt-homo-2 / RMSF,RMSF,Residue,427,0.10200632,nm,nm
line,overlay,wt-homo-2,wt-homo-2,rmsf,kl1zi41o,kl1zi41o::RMSF,wt-homo-2 / RMSF,RMSF,Residue,428,0.08912386,nm,nm
line,overlay,wt-homo-2,wt-homo-2,rmsf,kl1zi41o,kl1zi41o::RMSF,wt-homo-2 / RMSF,RMSF,Residue,429,0.0936823,nm,nm
line,overlay,wt-homo-2,wt-homo-2,rmsf,kl1zi41o,kl1zi41o::RMSF,wt-homo-2 / RMSF,RMSF,Residue,430,0.090139635,nm,nm
line,overlay,wt-homo-2,wt-homo-2,rmsf,kl1zi41o,kl1zi41o::RMSF,wt-homo-2 / RMSF,RMSF,Residue,431,0.07036791,nm,nm
line,overlay,wt-homo-2,wt-homo-2,rmsf,kl1zi41o,kl1zi41o::RMSF,wt-homo-2 / RMSF,RMSF,Residue,432,0.07706738,nm,nm
line,overlay,wt-homo-2,wt-homo-2,rmsf,kl1zi41o,kl1zi41o::RMSF,wt-homo-2 / RMSF,RMSF,Residue,433,0.081337504,nm,nm
line,overlay,wt-homo-2,wt-homo-2,rmsf,kl1zi41o,kl1zi41o::RMSF,wt-homo-2 / RMSF,RMSF,Residue,434,0.06316406,nm,nm
line,overlay,wt-homo-2,wt-homo-2,rmsf,kl1zi41o,kl1zi41o::RMSF,wt-homo-2 / RMSF,RMSF,Residue,435,0.06047247,nm,nm
line,overlay,wt-homo-2,wt-homo-2,rmsf,kl1zi41o,kl1zi41o::RMSF,wt-homo-2 / RMSF,RMSF,Residue,436,0.07742722,nm,nm
line,overlay,wt-homo-2,wt-homo-2,rmsf,kl1zi41o,kl1zi41o::RMSF,wt-homo-2 / RMSF,RMSF,Residue,437,0.06823905,nm,nm
line,overlay,wt-homo-2,wt-homo-2,rmsf,kl1zi41o,kl1zi41o::RMSF,wt-homo-2 / RMSF,RMSF,Residue,438,0.0656697,nm,nm
line,overlay,wt-homo-2,wt-homo-2,rmsf,kl1zi41o,kl1zi41o::RMSF,wt-homo-2 / RMSF,RMSF,Residue,439,0.07890273,nm,nm
line,overlay,wt-homo-2,wt-homo-2,rmsf,kl1zi41o,kl1zi41o::RMSF,wt-homo-2 / RMSF,RMSF,Residue,440,0.08412256,nm,nm
line,overlay,wt-homo-2,wt-homo-2,rmsf,kl1zi41o,kl1zi41o::RMSF,wt-homo-2 / RMSF,RMSF,Residue,441,0.074941315,nm,nm
line,overlay,wt-homo-2,wt-homo-2,rmsf,kl1zi41o,kl1zi41o::RMSF,wt-homo-2 / RMSF,RMSF,Residue,442,0.083450355,nm,nm
line,overlay,wt-homo-2,wt-homo-2,rmsf,kl1zi41o,kl1zi41o::RMSF,wt-homo-2 / RMSF,RMSF,Residue,443,0.106086776,nm,nm
line,overlay,wt-homo-2,wt-homo-2,rmsf,kl1zi41o,kl1zi41o::RMSF,wt-homo-2 / RMSF,RMSF,Residue,444,0.09548366,nm,nm
line,overlay,wt-homo-2,wt-homo-2,rmsf,kl1zi41o,kl1zi41o::RMSF,wt-homo-2 / RMSF,RMSF,Residue,445,0.09832962,nm,nm
line,overlay,wt-homo-2,wt-homo-2,rmsf,kl1zi41o,kl1zi41o::RMSF,wt-homo-2 / RMSF,RMSF,Residue,446,0.13444582,nm,nm
line,overlay,wt-homo-2,wt-homo-2,rmsf,kl1zi41o,kl1zi41o::RMSF,wt-homo-2 / RMSF,RMSF,Residue,447,0.116773374,nm,nm
line,overlay,wt-homo-2,wt-homo-2,rmsf,kl1zi41o,kl1zi41o::RMSF,wt-homo-2 / RMSF,RMSF,Residue,448,0.13658896,nm,nm
line,overlay,wt-homo-2,wt-homo-2,rmsf,kl1zi41o,kl1zi41o::RMSF,wt-homo-2 / RMSF,RMSF,Residue,449,0.12698118,nm,nm
line,overlay,wt-homo-2,wt-homo-2,rmsf,kl1zi41o,kl1zi41o::RMSF,wt-homo-2 / RMSF,RMSF,Residue,450,0.08618142,nm,nm
line,overlay,wt-homo-2,wt-homo-2,rmsf,kl1zi41o,kl1zi41o::RMSF,wt-homo-2 / RMSF,RMSF,Residue,451,0.07705813,nm,nm
line,overlay,wt-homo-2,wt-homo-2,rmsf,kl1zi41o,kl1zi41o::RMSF,wt-homo-2 / RMSF,RMSF,Residue,452,0.060491994,nm,nm
line,overlay,wt-homo-2,wt-homo-2,rmsf,kl1zi41o,kl1zi41o::RMSF,wt-homo-2 / RMSF,RMSF,Residue,453,0.06815423,nm,nm
line,overlay,wt-homo-2,wt-homo-2,rmsf,kl1zi41o,kl1zi41o::RMSF,wt-homo-2 / RMSF,RMSF,Residue,454,0.07071923,nm,nm
line,overlay,wt-homo-2,wt-homo-2,rmsf,kl1zi41o,kl1zi41o::RMSF,wt-homo-2 / RMSF,RMSF,Residue,455,0.06354696,nm,nm
line,overlay,wt-homo-2,wt-homo-2,rmsf,kl1zi41o,kl1zi41o::RMSF,wt-homo-2 / RMSF,RMSF,Residue,456,0.060895193,nm,nm
line,overlay,wt-homo-2,wt-homo-2,rmsf,kl1zi41o,kl1zi41o::RMSF,wt-homo-2 / RMSF,RMSF,Residue,457,0.0701519,nm,nm
line,overlay,wt-homo-2,wt-homo-2,rmsf,kl1zi41o,kl1zi41o::RMSF,wt-homo-2 / RMSF,RMSF,Residue,458,0.07078151,nm,nm
line,overlay,wt-homo-2,wt-homo-2,rmsf,kl1zi41o,kl1zi41o::RMSF,wt-homo-2 / RMSF,RMSF,Residue,459,0.064075015,nm,nm
line,overlay,wt-homo-2,wt-homo-2,rmsf,kl1zi41o,kl1zi41o::RMSF,wt-homo-2 / RMSF,RMSF,Residue,460,0.06849824,nm,nm
line,overlay,wt-homo-2,wt-homo-2,rmsf,kl1zi41o,kl1zi41o::RMSF,wt-homo-2 / RMSF,RMSF,Residue,461,0.076866336,nm,nm
line,overlay,wt-homo-2,wt-homo-2,rmsf,kl1zi41o,kl1zi41o::RMSF,wt-homo-2 / RMSF,RMSF,Residue,462,0.074024074,nm,nm
line,overlay,wt-homo-2,wt-homo-2,rmsf,kl1zi41o,kl1zi41o::RMSF,wt-homo-2 / RMSF,RMSF,Residue,463,0.06704164,nm,nm
line,overlay,wt-homo-2,wt-homo-2,rmsf,kl1zi41o,kl1zi41o::RMSF,wt-homo-2 / RMSF,RMSF,Residue,464,0.07730896,nm,nm
line,overlay,wt-homo-2,wt-homo-2,rmsf,kl1zi41o,kl1zi41o::RMSF,wt-homo-2 / RMSF,RMSF,Residue,465,0.08373006,nm,nm
line,overlay,wt-homo-2,wt-homo-2,rmsf,kl1zi41o,kl1zi41o::RMSF,wt-homo-2 / RMSF,RMSF,Residue,466,0.08747725,nm,nm
line,overlay,wt-homo-2,wt-homo-2,rmsf,kl1zi41o,kl1zi41o::RMSF,wt-homo-2 / RMSF,RMSF,Residue,467,0.09327998,nm,nm
line,overlay,wt-homo-2,wt-homo-2,rmsf,kl1zi41o,kl1zi41o::RMSF,wt-homo-2 / RMSF,RMSF,Residue,468,0.11912671,nm,nm
line,overlay,wt-homo-2,wt-homo-2,rmsf,kl1zi41o,kl1zi41o::RMSF,wt-homo-2 / RMSF,RMSF,Residue,469,0.13180304,nm,nm
line,overlay,wt-homo-2,wt-homo-2,rmsf,kl1zi41o,kl1zi41o::RMSF,wt-homo-2 / RMSF,RMSF,Residue,470,0.19114697,nm,nm
line,overlay,wt-homo-2,wt-homo-2,rmsf,kl1zi41o,kl1zi41o::RMSF,wt-homo-2 / RMSF,RMSF,Residue,471,0.37564182,nm,nm
line,overlay,wt-homo-2,wt-homo-2,rmsf,kl1zi41o,kl1zi41o::RMSF,wt-homo-2 / RMSF,RMSF,Residue,472,0.49588594,nm,nm
line,overlay,wt-homo-3,wt-homo-3,rmsf,tcksra7j,tcksra7j::RMSF,wt-homo-3 / RMSF,RMSF,Residue,1,0.5594536,nm,nm
line,overlay,wt-homo-3,wt-homo-3,rmsf,tcksra7j,tcksra7j::RMSF,wt-homo-3 / RMSF,RMSF,Residue,2,0.4279869,nm,nm
line,overlay,wt-homo-3,wt-homo-3,rmsf,tcksra7j,tcksra7j::RMSF,wt-homo-3 / RMSF,RMSF,Residue,3,0.42310232,nm,nm
line,overlay,wt-homo-3,wt-homo-3,rmsf,tcksra7j,tcksra7j::RMSF,wt-homo-3 / RMSF,RMSF,Residue,4,0.2971718,nm,nm
line,overlay,wt-homo-3,wt-homo-3,rmsf,tcksra7j,tcksra7j::RMSF,wt-homo-3 / RMSF,RMSF,Residue,5,0.15148571,nm,nm
line,overlay,wt-homo-3,wt-homo-3,rmsf,tcksra7j,tcksra7j::RMSF,wt-homo-3 / RMSF,RMSF,Residue,6,0.084280334,nm,nm
line,overlay,wt-homo-3,wt-homo-3,rmsf,tcksra7j,tcksra7j::RMSF,wt-homo-3 / RMSF,RMSF,Residue,7,0.06349342,nm,nm
line,overlay,wt-homo-3,wt-homo-3,rmsf,tcksra7j,tcksra7j::RMSF,wt-homo-3 / RMSF,RMSF,Residue,8,0.05010489,nm,nm
line,overlay,wt-homo-3,wt-homo-3,rmsf,tcksra7j,tcksra7j::RMSF,wt-homo-3 / RMSF,RMSF,Residue,9,0.0466081,nm,nm
line,overlay,wt-homo-3,wt-homo-3,rmsf,tcksra7j,tcksra7j::RMSF,wt-homo-3 / RMSF,RMSF,Residue,10,0.039513826,nm,nm
line,overlay,wt-homo-3,wt-homo-3,rmsf,tcksra7j,tcksra7j::RMSF,wt-homo-3 / RMSF,RMSF,Residue,11,0.039814223,nm,nm
line,overlay,wt-homo-3,wt-homo-3,rmsf,tcksra7j,tcksra7j::RMSF,wt-homo-3 / RMSF,RMSF,Residue,12,0.043814916,nm,nm
line,overlay,wt-homo-3,wt-homo-3,rmsf,tcksra7j,tcksra7j::RMSF,wt-homo-3 / RMSF,RMSF,Residue,13,0.047382563,nm,nm
line,overlay,wt-homo-3,wt-homo-3,rmsf,tcksra7j,tcksra7j::RMSF,wt-homo-3 / RMSF,RMSF,Residue,14,0.048665904,nm,nm
line,overlay,wt-homo-3,wt-homo-3,rmsf,tcksra7j,tcksra7j::RMSF,wt-homo-3 / RMSF,RMSF,Residue,15,0.061650265,nm,nm
line,overlay,wt-homo-3,wt-homo-3,rmsf,tcksra7j,tcksra7j::RMSF,wt-homo-3 / RMSF,RMSF,Residue,16,0.07669951,nm,nm
line,overlay,wt-homo-3,wt-homo-3,rmsf,tcksra7j,tcksra7j::RMSF,wt-homo-3 / RMSF,RMSF,Residue,17,0.06262154,nm,nm
line,overlay,wt-homo-3,wt-homo-3,rmsf,tcksra7j,tcksra7j::RMSF,wt-homo-3 / RMSF,RMSF,Residue,18,0.06306701,nm,nm
line,overlay,wt-homo-3,wt-homo-3,rmsf,tcksra7j,tcksra7j::RMSF,wt-homo-3 / RMSF,RMSF,Residue,19,0.056023847,nm,nm
line,overlay,wt-homo-3,wt-homo-3,rmsf,tcksra7j,tcksra7j::RMSF,wt-homo-3 / RMSF,RMSF,Residue,20,0.05390347,nm,nm
line,overlay,wt-homo-3,wt-homo-3,rmsf,tcksra7j,tcksra7j::RMSF,wt-homo-3 / RMSF,RMSF,Residue,21,0.054684166,nm,nm
line,overlay,wt-homo-3,wt-homo-3,rmsf,tcksra7j,tcksra7j::RMSF,wt-homo-3 / RMSF,RMSF,Residue,22,0.053051136,nm,nm
line,overlay,wt-homo-3,wt-homo-3,rmsf,tcksra7j,tcksra7j::RMSF,wt-homo-3 / RMSF,RMSF,Residue,23,0.046456177,nm,nm
line,overlay,wt-homo-3,wt-homo-3,rmsf,tcksra7j,tcksra7j::RMSF,wt-homo-3 / RMSF,RMSF,Residue,24,0.052343596,nm,nm
line,overlay,wt-homo-3,wt-homo-3,rmsf,tcksra7j,tcksra7j::RMSF,wt-homo-3 / RMSF,RMSF,Residue,25,0.0544567,nm,nm
line,overlay,wt-homo-3,wt-homo-3,rmsf,tcksra7j,tcksra7j::RMSF,wt-homo-3 / RMSF,RMSF,Residue,26,0.050354492,nm,nm
line,overlay,wt-homo-3,wt-homo-3,rmsf,tcksra7j,tcksra7j::RMSF,wt-homo-3 / RMSF,RMSF,Residue,27,0.05186424,nm,nm
line,overlay,wt-homo-3,wt-homo-3,rmsf,tcksra7j,tcksra7j::RMSF,wt-homo-3 / RMSF,RMSF,Residue,28,0.05836127,nm,nm
line,overlay,wt-homo-3,wt-homo-3,rmsf,tcksra7j,tcksra7j::RMSF,wt-homo-3 / RMSF,RMSF,Residue,29,0.05900251,nm,nm
line,overlay,wt-homo-3,wt-homo-3,rmsf,tcksra7j,tcksra7j::RMSF,wt-homo-3 / RMSF,RMSF,Residue,30,0.05530442,nm,nm
line,overlay,wt-homo-3,wt-homo-3,rmsf,tcksra7j,tcksra7j::RMSF,wt-homo-3 / RMSF,RMSF,Residue,31,0.06116245,nm,nm
line,overlay,wt-homo-3,wt-homo-3,rmsf,tcksra7j,tcksra7j::RMSF,wt-homo-3 / RMSF,RMSF,Residue,32,0.07884306,nm,nm
line,overlay,wt-homo-3,wt-homo-3,rmsf,tcksra7j,tcksra7j::RMSF,wt-homo-3 / RMSF,RMSF,Residue,33,0.07743035,nm,nm
line,overlay,wt-homo-3,wt-homo-3,rmsf,tcksra7j,tcksra7j::RMSF,wt-homo-3 / RMSF,RMSF,Residue,34,0.078933984,nm,nm
line,overlay,wt-homo-3,wt-homo-3,rmsf,tcksra7j,tcksra7j::RMSF,wt-homo-3 / RMSF,RMSF,Residue,35,0.06205753,nm,nm
line,overlay,wt-homo-3,wt-homo-3,rmsf,tcksra7j,tcksra7j::RMSF,wt-homo-3 / RMSF,RMSF,Residue,36,0.053907033,nm,nm
line,overlay,wt-homo-3,wt-homo-3,rmsf,tcksra7j,tcksra7j::RMSF,wt-homo-3 / RMSF,RMSF,Residue,37,0.045152076,nm,nm
line,overlay,wt-homo-3,wt-homo-3,rmsf,tcksra7j,tcksra7j::RMSF,wt-homo-3 / RMSF,RMSF,Residue,38,0.043474946,nm,nm
line,overlay,wt-homo-3,wt-homo-3,rmsf,tcksra7j,tcksra7j::RMSF,wt-homo-3 / RMSF,RMSF,Residue,39,0.047404364,nm,nm
line,overlay,wt-homo-3,wt-homo-3,rmsf,tcksra7j,tcksra7j::RMSF,wt-homo-3 / RMSF,RMSF,Residue,40,0.049109288,nm,nm
line,overlay,wt-homo-3,wt-homo-3,rmsf,tcksra7j,tcksra7j::RMSF,wt-homo-3 / RMSF,RMSF,Residue,41,0.05373807,nm,nm
line,overlay,wt-homo-3,wt-homo-3,rmsf,tcksra7j,tcksra7j::RMSF,wt-homo-3 / RMSF,RMSF,Residue,42,0.06335907,nm,nm
line,overlay,wt-homo-3,wt-homo-3,rmsf,tcksra7j,tcksra7j::RMSF,wt-homo-3 / RMSF,RMSF,Residue,43,0.06943223,nm,nm
line,overlay,wt-homo-3,wt-homo-3,rmsf,tcksra7j,tcksra7j::RMSF,wt-homo-3 / RMSF,RMSF,Residue,44,0.086087316,nm,nm
line,overlay,wt-homo-3,wt-homo-3,rmsf,tcksra7j,tcksra7j::RMSF,wt-homo-3 / RMSF,RMSF,Residue,45,0.07936163,nm,nm
line,overlay,wt-homo-3,wt-homo-3,rmsf,tcksra7j,tcksra7j::RMSF,wt-homo-3 / RMSF,RMSF,Residue,46,0.06885059,nm,nm
line,overlay,wt-homo-3,wt-homo-3,rmsf,tcksra7j,tcksra7j::RMSF,wt-homo-3 / RMSF,RMSF,Residue,47,0.07508662,nm,nm
line,overlay,wt-homo-3,wt-homo-3,rmsf,tcksra7j,tcksra7j::RMSF,wt-homo-3 / RMSF,RMSF,Residue,48,0.07925624,nm,nm
line,overlay,wt-homo-3,wt-homo-3,rmsf,tcksra7j,tcksra7j::RMSF,wt-homo-3 / RMSF,RMSF,Residue,49,0.07318518,nm,nm
line,overlay,wt-homo-3,wt-homo-3,rmsf,tcksra7j,tcksra7j::RMSF,wt-homo-3 / RMSF,RMSF,Residue,50,0.08100227,nm,nm
line,overlay,wt-homo-3,wt-homo-3,rmsf,tcksra7j,tcksra7j::RMSF,wt-homo-3 / RMSF,RMSF,Residue,51,0.09640483,nm,nm
line,overlay,wt-homo-3,wt-homo-3,rmsf,tcksra7j,tcksra7j::RMSF,wt-homo-3 / RMSF,RMSF,Residue,52,0.08943324,nm,nm
line,overlay,wt-homo-3,wt-homo-3,rmsf,tcksra7j,tcksra7j::RMSF,wt-homo-3 / RMSF,RMSF,Residue,53,0.12683323,nm,nm
line,overlay,wt-homo-3,wt-homo-3,rmsf,tcksra7j,tcksra7j::RMSF,wt-homo-3 / RMSF,RMSF,Residue,54,0.16688555,nm,nm
line,overlay,wt-homo-3,wt-homo-3,rmsf,tcksra7j,tcksra7j::RMSF,wt-homo-3 / RMSF,RMSF,Residue,55,0.21154726,nm,nm
line,overlay,wt-homo-3,wt-homo-3,rmsf,tcksra7j,tcksra7j::RMSF,wt-homo-3 / RMSF,RMSF,Residue,56,0.16859841,nm,nm
line,overlay,wt-homo-3,wt-homo-3,rmsf,tcksra7j,tcksra7j::RMSF,wt-homo-3 / RMSF,RMSF,Residue,57,0.1738598,nm,nm
line,overlay,wt-homo-3,wt-homo-3,rmsf,tcksra7j,tcksra7j::RMSF,wt-homo-3 / RMSF,RMSF,Residue,58,0.120483585,nm,nm
line,overlay,wt-homo-3,wt-homo-3,rmsf,tcksra7j,tcksra7j::RMSF,wt-homo-3 / RMSF,RMSF,Residue,59,0.0888485,nm,nm
line,overlay,wt-homo-3,wt-homo-3,rmsf,tcksra7j,tcksra7j::RMSF,wt-homo-3 / RMSF,RMSF,Residue,60,0.080871545,nm,nm
line,overlay,wt-homo-3,wt-homo-3,rmsf,tcksra7j,tcksra7j::RMSF,wt-homo-3 / RMSF,RMSF,Residue,61,0.08398198,nm,nm
line,overlay,wt-homo-3,wt-homo-3,rmsf,tcksra7j,tcksra7j::RMSF,wt-homo-3 / RMSF,RMSF,Residue,62,0.08680931,nm,nm
line,overlay,wt-homo-3,wt-homo-3,rmsf,tcksra7j,tcksra7j::RMSF,wt-homo-3 / RMSF,RMSF,Residue,63,0.10353859,nm,nm
line,overlay,wt-homo-3,wt-homo-3,rmsf,tcksra7j,tcksra7j::RMSF,wt-homo-3 / RMSF,RMSF,Residue,64,0.099958055,nm,nm
line,overlay,wt-homo-3,wt-homo-3,rmsf,tcksra7j,tcksra7j::RMSF,wt-homo-3 / RMSF,RMSF,Residue,65,0.072697416,nm,nm
line,overlay,wt-homo-3,wt-homo-3,rmsf,tcksra7j,tcksra7j::RMSF,wt-homo-3 / RMSF,RMSF,Residue,66,0.06658365,nm,nm
line,overlay,wt-homo-3,wt-homo-3,rmsf,tcksra7j,tcksra7j::RMSF,wt-homo-3 / RMSF,RMSF,Residue,67,0.05778017,nm,nm
line,overlay,wt-homo-3,wt-homo-3,rmsf,tcksra7j,tcksra7j::RMSF,wt-homo-3 / RMSF,RMSF,Residue,68,0.061002757,nm,nm
line,overlay,wt-homo-3,wt-homo-3,rmsf,tcksra7j,tcksra7j::RMSF,wt-homo-3 / RMSF,RMSF,Residue,69,0.058093254,nm,nm
line,overlay,wt-homo-3,wt-homo-3,rmsf,tcksra7j,tcksra7j::RMSF,wt-homo-3 / RMSF,RMSF,Residue,70,0.05364216,nm,nm
line,overlay,wt-homo-3,wt-homo-3,rmsf,tcksra7j,tcksra7j::RMSF,wt-homo-3 / RMSF,RMSF,Residue,71,0.060649596,nm,nm
line,overlay,wt-homo-3,wt-homo-3,rmsf,tcksra7j,tcksra7j::RMSF,wt-homo-3 / RMSF,RMSF,Residue,72,0.075454995,nm,nm
line,overlay,wt-homo-3,wt-homo-3,rmsf,tcksra7j,tcksra7j::RMSF,wt-homo-3 / RMSF,RMSF,Residue,73,0.09123716,nm,nm
line,overlay,wt-homo-3,wt-homo-3,rmsf,tcksra7j,tcksra7j::RMSF,wt-homo-3 / RMSF,RMSF,Residue,74,0.09752459,nm,nm
line,overlay,wt-homo-3,wt-homo-3,rmsf,tcksra7j,tcksra7j::RMSF,wt-homo-3 / RMSF,RMSF,Residue,75,0.1259997,nm,nm
line,overlay,wt-homo-3,wt-homo-3,rmsf,tcksra7j,tcksra7j::RMSF,wt-homo-3 / RMSF,RMSF,Residue,76,0.18774524,nm,nm
line,overlay,wt-homo-3,wt-homo-3,rmsf,tcksra7j,tcksra7j::RMSF,wt-homo-3 / RMSF,RMSF,Residue,77,0.2379288,nm,nm
line,overlay,wt-homo-3,wt-homo-3,rmsf,tcksra7j,tcksra7j::RMSF,wt-homo-3 / RMSF,RMSF,Residue,78,0.3347384,nm,nm
line,overlay,wt-homo-3,wt-homo-3,rmsf,tcksra7j,tcksra7j::RMSF,wt-homo-3 / RMSF,RMSF,Residue,79,0.39712563,nm,nm
line,overlay,wt-homo-3,wt-homo-3,rmsf,tcksra7j,tcksra7j::RMSF,wt-homo-3 / RMSF,RMSF,Residue,80,0.36657315,nm,nm
line,overlay,wt-homo-3,wt-homo-3,rmsf,tcksra7j,tcksra7j::RMSF,wt-homo-3 / RMSF,RMSF,Residue,81,0.3265825,nm,nm
line,overlay,wt-homo-3,wt-homo-3,rmsf,tcksra7j,tcksra7j::RMSF,wt-homo-3 / RMSF,RMSF,Residue,82,0.27596164,nm,nm
line,overlay,wt-homo-3,wt-homo-3,rmsf,tcksra7j,tcksra7j::RMSF,wt-homo-3 / RMSF,RMSF,Residue,83,0.21359499,nm,nm
line,overlay,wt-homo-3,wt-homo-3,rmsf,tcksra7j,tcksra7j::RMSF,wt-homo-3 / RMSF,RMSF,Residue,84,0.21002774,nm,nm
line,overlay,wt-homo-3,wt-homo-3,rmsf,tcksra7j,tcksra7j::RMSF,wt-homo-3 / RMSF,RMSF,Residue,85,0.16985448,nm,nm
line,overlay,wt-homo-3,wt-homo-3,rmsf,tcksra7j,tcksra7j::RMSF,wt-homo-3 / RMSF,RMSF,Residue,86,0.15244979,nm,nm
line,overlay,wt-homo-3,wt-homo-3,rmsf,tcksra7j,tcksra7j::RMSF,wt-homo-3 / RMSF,RMSF,Residue,87,0.14611481,nm,nm
line,overlay,wt-homo-3,wt-homo-3,rmsf,tcksra7j,tcksra7j::RMSF,wt-homo-3 / RMSF,RMSF,Residue,88,0.1320161,nm,nm
line,overlay,wt-homo-3,wt-homo-3,rmsf,tcksra7j,tcksra7j::RMSF,wt-homo-3 / RMSF,RMSF,Residue,89,0.09565628,nm,nm
line,overlay,wt-homo-3,wt-homo-3,rmsf,tcksra7j,tcksra7j::RMSF,wt-homo-3 / RMSF,RMSF,Residue,90,0.0902063,nm,nm
line,overlay,wt-homo-3,wt-homo-3,rmsf,tcksra7j,tcksra7j::RMSF,wt-homo-3 / RMSF,RMSF,Residue,91,0.09752212,nm,nm
line,overlay,wt-homo-3,wt-homo-3,rmsf,tcksra7j,tcksra7j::RMSF,wt-homo-3 / RMSF,RMSF,Residue,92,0.10256112,nm,nm
line,overlay,wt-homo-3,wt-homo-3,rmsf,tcksra7j,tcksra7j::RMSF,wt-homo-3 / RMSF,RMSF,Residue,93,0.08658477,nm,nm
line,overlay,wt-homo-3,wt-homo-3,rmsf,tcksra7j,tcksra7j::RMSF,wt-homo-3 / RMSF,RMSF,Residue,94,0.08461545,nm,nm
line,overlay,wt-homo-3,wt-homo-3,rmsf,tcksra7j,tcksra7j::RMSF,wt-homo-3 / RMSF,RMSF,Residue,95,0.098600805,nm,nm
line,overlay,wt-homo-3,wt-homo-3,rmsf,tcksra7j,tcksra7j::RMSF,wt-homo-3 / RMSF,RMSF,Residue,96,0.09407773,nm,nm
line,overlay,wt-homo-3,wt-homo-3,rmsf,tcksra7j,tcksra7j::RMSF,wt-homo-3 / RMSF,RMSF,Residue,97,0.08678135,nm,nm
line,overlay,wt-homo-3,wt-homo-3,rmsf,tcksra7j,tcksra7j::RMSF,wt-homo-3 / RMSF,RMSF,Residue,98,0.08419033,nm,nm
line,overlay,wt-homo-3,wt-homo-3,rmsf,tcksra7j,tcksra7j::RMSF,wt-homo-3 / RMSF,RMSF,Residue,99,0.0808484,nm,nm
line,overlay,wt-homo-3,wt-homo-3,rmsf,tcksra7j,tcksra7j::RMSF,wt-homo-3 / RMSF,RMSF,Residue,100,0.070122786,nm,nm
line,overlay,wt-homo-3,wt-homo-3,rmsf,tcksra7j,tcksra7j::RMSF,wt-homo-3 / RMSF,RMSF,Residue,101,0.06468884,nm,nm
line,overlay,wt-homo-3,wt-homo-3,rmsf,tcksra7j,tcksra7j::RMSF,wt-homo-3 / RMSF,RMSF,Residue,102,0.0713275,nm,nm
line,overlay,wt-homo-3,wt-homo-3,rmsf,tcksra7j,tcksra7j::RMSF,wt-homo-3 / RMSF,RMSF,Residue,103,0.07361173,nm,nm
line,overlay,wt-homo-3,wt-homo-3,rmsf,tcksra7j,tcksra7j::RMSF,wt-homo-3 / RMSF,RMSF,Residue,104,0.06326355,nm,nm
line,overlay,wt-homo-3,wt-homo-3,rmsf,tcksra7j,tcksra7j::RMSF,wt-homo-3 / RMSF,RMSF,Residue,105,0.060285836,nm,nm
line,overlay,wt-homo-3,wt-homo-3,rmsf,tcksra7j,tcksra7j::RMSF,wt-homo-3 / RMSF,RMSF,Residue,106,0.07354304,nm,nm
line,overlay,wt-homo-3,wt-homo-3,rmsf,tcksra7j,tcksra7j::RMSF,wt-homo-3 / RMSF,RMSF,Residue,107,0.0710411,nm,nm
line,overlay,wt-homo-3,wt-homo-3,rmsf,tcksra7j,tcksra7j::RMSF,wt-homo-3 / RMSF,RMSF,Residue,108,0.063097574,nm,nm
line,overlay,wt-homo-3,wt-homo-3,rmsf,tcksra7j,tcksra7j::RMSF,wt-homo-3 / RMSF,RMSF,Residue,109,0.07090667,nm,nm
line,overlay,wt-homo-3,wt-homo-3,rmsf,tcksra7j,tcksra7j::RMSF,wt-homo-3 / RMSF,RMSF,Residue,110,0.086607866,nm,nm
line,overlay,wt-homo-3,wt-homo-3,rmsf,tcksra7j,tcksra7j::RMSF,wt-homo-3 / RMSF,RMSF,Residue,111,0.09186339,nm,nm
line,overlay,wt-homo-3,wt-homo-3,rmsf,tcksra7j,tcksra7j::RMSF,wt-homo-3 / RMSF,RMSF,Residue,112,0.089341626,nm,nm
line,overlay,wt-homo-3,wt-homo-3,rmsf,tcksra7j,tcksra7j::RMSF,wt-homo-3 / RMSF,RMSF,Residue,113,0.075015955,nm,nm
line,overlay,wt-homo-3,wt-homo-3,rmsf,tcksra7j,tcksra7j::RMSF,wt-homo-3 / RMSF,RMSF,Residue,114,0.061946634,nm,nm
line,overlay,wt-homo-3,wt-homo-3,rmsf,tcksra7j,tcksra7j::RMSF,wt-homo-3 / RMSF,RMSF,Residue,115,0.052327335,nm,nm
line,overlay,wt-homo-3,wt-homo-3,rmsf,tcksra7j,tcksra7j::RMSF,wt-homo-3 / RMSF,RMSF,Residue,116,0.053821154,nm,nm
line,overlay,wt-homo-3,wt-homo-3,rmsf,tcksra7j,tcksra7j::RMSF,wt-homo-3 / RMSF,RMSF,Residue,117,0.049224287,nm,nm
line,overlay,wt-homo-3,wt-homo-3,rmsf,tcksra7j,tcksra7j::RMSF,wt-homo-3 / RMSF,RMSF,Residue,118,0.043960575,nm,nm
line,overlay,wt-homo-3,wt-homo-3,rmsf,tcksra7j,tcksra7j::RMSF,wt-homo-3 / RMSF,RMSF,Residue,119,0.043843452,nm,nm
line,overlay,wt-homo-3,wt-homo-3,rmsf,tcksra7j,tcksra7j::RMSF,wt-homo-3 / RMSF,RMSF,Residue,120,0.041609116,nm,nm
line,overlay,wt-homo-3,wt-homo-3,rmsf,tcksra7j,tcksra7j::RMSF,wt-homo-3 / RMSF,RMSF,Residue,121,0.046539236,nm,nm
line,overlay,wt-homo-3,wt-homo-3,rmsf,tcksra7j,tcksra7j::RMSF,wt-homo-3 / RMSF,RMSF,Residue,122,0.058039077,nm,nm
line,overlay,wt-homo-3,wt-homo-3,rmsf,tcksra7j,tcksra7j::RMSF,wt-homo-3 / RMSF,RMSF,Residue,123,0.059965827,nm,nm
line,overlay,wt-homo-3,wt-homo-3,rmsf,tcksra7j,tcksra7j::RMSF,wt-homo-3 / RMSF,RMSF,Residue,124,0.057801455,nm,nm
line,overlay,wt-homo-3,wt-homo-3,rmsf,tcksra7j,tcksra7j::RMSF,wt-homo-3 / RMSF,RMSF,Residue,125,0.07461431,nm,nm
line,overlay,wt-homo-3,wt-homo-3,rmsf,tcksra7j,tcksra7j::RMSF,wt-homo-3 / RMSF,RMSF,Residue,126,0.067288406,nm,nm
line,overlay,wt-homo-3,wt-homo-3,rmsf,tcksra7j,tcksra7j::RMSF,wt-homo-3 / RMSF,RMSF,Residue,127,0.06229624,nm,nm
line,overlay,wt-homo-3,wt-homo-3,rmsf,tcksra7j,tcksra7j::RMSF,wt-homo-3 / RMSF,RMSF,Residue,128,0.06688434,nm,nm
line,overlay,wt-homo-3,wt-homo-3,rmsf,tcksra7j,tcksra7j::RMSF,wt-homo-3 / RMSF,RMSF,Residue,129,0.06864297,nm,nm
line,overlay,wt-homo-3,wt-homo-3,rmsf,tcksra7j,tcksra7j::RMSF,wt-homo-3 / RMSF,RMSF,Residue,130,0.060392488,nm,nm
line,overlay,wt-homo-3,wt-homo-3,rmsf,tcksra7j,tcksra7j::RMSF,wt-homo-3 / RMSF,RMSF,Residue,131,0.065562725,nm,nm
line,overlay,wt-homo-3,wt-homo-3,rmsf,tcksra7j,tcksra7j::RMSF,wt-homo-3 / RMSF,RMSF,Residue,132,0.075951695,nm,nm
line,overlay,wt-homo-3,wt-homo-3,rmsf,tcksra7j,tcksra7j::RMSF,wt-homo-3 / RMSF,RMSF,Residue,133,0.076571584,nm,nm
line,overlay,wt-homo-3,wt-homo-3,rmsf,tcksra7j,tcksra7j::RMSF,wt-homo-3 / RMSF,RMSF,Residue,134,0.07822568,nm,nm
line,overlay,wt-homo-3,wt-homo-3,rmsf,tcksra7j,tcksra7j::RMSF,wt-homo-3 / RMSF,RMSF,Residue,135,0.08380722,nm,nm
line,overlay,wt-homo-3,wt-homo-3,rmsf,tcksra7j,tcksra7j::RMSF,wt-homo-3 / RMSF,RMSF,Residue,136,0.06614575,nm,nm
line,overlay,wt-homo-3,wt-homo-3,rmsf,tcksra7j,tcksra7j::RMSF,wt-homo-3 / RMSF,RMSF,Residue,137,0.050997064,nm,nm
line,overlay,wt-homo-3,wt-homo-3,rmsf,tcksra7j,tcksra7j::RMSF,wt-homo-3 / RMSF,RMSF,Residue,138,0.056587566,nm,nm
line,overlay,wt-homo-3,wt-homo-3,rmsf,tcksra7j,tcksra7j::RMSF,wt-homo-3 / RMSF,RMSF,Residue,139,0.04398482,nm,nm
line,overlay,wt-homo-3,wt-homo-3,rmsf,tcksra7j,tcksra7j::RMSF,wt-homo-3 / RMSF,RMSF,Residue,140,0.045406394,nm,nm
line,overlay,wt-homo-3,wt-homo-3,rmsf,tcksra7j,tcksra7j::RMSF,wt-homo-3 / RMSF,RMSF,Residue,141,0.039647978,nm,nm
line,overlay,wt-homo-3,wt-homo-3,rmsf,tcksra7j,tcksra7j::RMSF,wt-homo-3 / RMSF,RMSF,Residue,142,0.043290764,nm,nm
line,overlay,wt-homo-3,wt-homo-3,rmsf,tcksra7j,tcksra7j::RMSF,wt-homo-3 / RMSF,RMSF,Residue,143,0.049812812,nm,nm
line,overlay,wt-homo-3,wt-homo-3,rmsf,tcksra7j,tcksra7j::RMSF,wt-homo-3 / RMSF,RMSF,Residue,144,0.044076007,nm,nm
line,overlay,wt-homo-3,wt-homo-3,rmsf,tcksra7j,tcksra7j::RMSF,wt-homo-3 / RMSF,RMSF,Residue,145,0.043334905,nm,nm
line,overlay,wt-homo-3,wt-homo-3,rmsf,tcksra7j,tcksra7j::RMSF,wt-homo-3 / RMSF,RMSF,Residue,146,0.048622947,nm,nm
line,overlay,wt-homo-3,wt-homo-3,rmsf,tcksra7j,tcksra7j::RMSF,wt-homo-3 / RMSF,RMSF,Residue,147,0.05300117,nm,nm
line,overlay,wt-homo-3,wt-homo-3,rmsf,tcksra7j,tcksra7j::RMSF,wt-homo-3 / RMSF,RMSF,Residue,148,0.046430226,nm,nm
line,overlay,wt-homo-3,wt-homo-3,rmsf,tcksra7j,tcksra7j::RMSF,wt-homo-3 / RMSF,RMSF,Residue,149,0.0468591,nm,nm
line,overlay,wt-homo-3,wt-homo-3,rmsf,tcksra7j,tcksra7j::RMSF,wt-homo-3 / RMSF,RMSF,Residue,150,0.054353442,nm,nm
line,overlay,wt-homo-3,wt-homo-3,rmsf,tcksra7j,tcksra7j::RMSF,wt-homo-3 / RMSF,RMSF,Residue,151,0.058560822,nm,nm
line,overlay,wt-homo-3,wt-homo-3,rmsf,tcksra7j,tcksra7j::RMSF,wt-homo-3 / RMSF,RMSF,Residue,152,0.06349291,nm,nm
line,overlay,wt-homo-3,wt-homo-3,rmsf,tcksra7j,tcksra7j::RMSF,wt-homo-3 / RMSF,RMSF,Residue,153,0.06924722,nm,nm
line,overlay,wt-homo-3,wt-homo-3,rmsf,tcksra7j,tcksra7j::RMSF,wt-homo-3 / RMSF,RMSF,Residue,154,0.07789193,nm,nm
line,overlay,wt-homo-3,wt-homo-3,rmsf,tcksra7j,tcksra7j::RMSF,wt-homo-3 / RMSF,RMSF,Residue,155,0.07810398,nm,nm
line,overlay,wt-homo-3,wt-homo-3,rmsf,tcksra7j,tcksra7j::RMSF,wt-homo-3 / RMSF,RMSF,Residue,156,0.08543733,nm,nm
line,overlay,wt-homo-3,wt-homo-3,rmsf,tcksra7j,tcksra7j::RMSF,wt-homo-3 / RMSF,RMSF,Residue,157,0.099351265,nm,nm
line,overlay,wt-homo-3,wt-homo-3,rmsf,tcksra7j,tcksra7j::RMSF,wt-homo-3 / RMSF,RMSF,Residue,158,0.1097784,nm,nm
line,overlay,wt-homo-3,wt-homo-3,rmsf,tcksra7j,tcksra7j::RMSF,wt-homo-3 / RMSF,RMSF,Residue,159,0.11386112,nm,nm
line,overlay,wt-homo-3,wt-homo-3,rmsf,tcksra7j,tcksra7j::RMSF,wt-homo-3 / RMSF,RMSF,Residue,160,0.11892633,nm,nm
line,overlay,wt-homo-3,wt-homo-3,rmsf,tcksra7j,tcksra7j::RMSF,wt-homo-3 / RMSF,RMSF,Residue,161,0.13052988,nm,nm
line,overlay,wt-homo-3,wt-homo-3,rmsf,tcksra7j,tcksra7j::RMSF,wt-homo-3 / RMSF,RMSF,Residue,162,0.11841856,nm,nm
line,overlay,wt-homo-3,wt-homo-3,rmsf,tcksra7j,tcksra7j::RMSF,wt-homo-3 / RMSF,RMSF,Residue,163,0.1354726,nm,nm
line,overlay,wt-homo-3,wt-homo-3,rmsf,tcksra7j,tcksra7j::RMSF,wt-homo-3 / RMSF,RMSF,Residue,164,0.17283428,nm,nm
line,overlay,wt-homo-3,wt-homo-3,rmsf,tcksra7j,tcksra7j::RMSF,wt-homo-3 / RMSF,RMSF,Residue,165,0.21799646,nm,nm
line,overlay,wt-homo-3,wt-homo-3,rmsf,tcksra7j,tcksra7j::RMSF,wt-homo-3 / RMSF,RMSF,Residue,166,0.21608606,nm,nm
line,overlay,wt-homo-3,wt-homo-3,rmsf,tcksra7j,tcksra7j::RMSF,wt-homo-3 / RMSF,RMSF,Residue,167,0.19468747,nm,nm
line,overlay,wt-homo-3,wt-homo-3,rmsf,tcksra7j,tcksra7j::RMSF,wt-homo-3 / RMSF,RMSF,Residue,168,0.23137338,nm,nm
line,overlay,wt-homo-3,wt-homo-3,rmsf,tcksra7j,tcksra7j::RMSF,wt-homo-3 / RMSF,RMSF,Residue,169,0.19669238,nm,nm
line,overlay,wt-homo-3,wt-homo-3,rmsf,tcksra7j,tcksra7j::RMSF,wt-homo-3 / RMSF,RMSF,Residue,170,0.1497668,nm,nm
line,overlay,wt-homo-3,wt-homo-3,rmsf,tcksra7j,tcksra7j::RMSF,wt-homo-3 / RMSF,RMSF,Residue,171,0.11953091,nm,nm
line,overlay,wt-homo-3,wt-homo-3,rmsf,tcksra7j,tcksra7j::RMSF,wt-homo-3 / RMSF,RMSF,Residue,172,0.09630719,nm,nm
line,overlay,wt-homo-3,wt-homo-3,rmsf,tcksra7j,tcksra7j::RMSF,wt-homo-3 / RMSF,RMSF,Residue,173,0.12678987,nm,nm
line,overlay,wt-homo-3,wt-homo-3,rmsf,tcksra7j,tcksra7j::RMSF,wt-homo-3 / RMSF,RMSF,Residue,174,0.11390518,nm,nm
line,overlay,wt-homo-3,wt-homo-3,rmsf,tcksra7j,tcksra7j::RMSF,wt-homo-3 / RMSF,RMSF,Residue,175,0.14139599,nm,nm
line,overlay,wt-homo-3,wt-homo-3,rmsf,tcksra7j,tcksra7j::RMSF,wt-homo-3 / RMSF,RMSF,Residue,176,0.19016922,nm,nm
line,overlay,wt-homo-3,wt-homo-3,rmsf,tcksra7j,tcksra7j::RMSF,wt-homo-3 / RMSF,RMSF,Residue,177,0.14338389,nm,nm
line,overlay,wt-homo-3,wt-homo-3,rmsf,tcksra7j,tcksra7j::RMSF,wt-homo-3 / RMSF,RMSF,Residue,178,0.15235873,nm,nm
line,overlay,wt-homo-3,wt-homo-3,rmsf,tcksra7j,tcksra7j::RMSF,wt-homo-3 / RMSF,RMSF,Residue,179,0.13268887,nm,nm
line,overlay,wt-homo-3,wt-homo-3,rmsf,tcksra7j,tcksra7j::RMSF,wt-homo-3 / RMSF,RMSF,Residue,180,0.12560683,nm,nm
line,overlay,wt-homo-3,wt-homo-3,rmsf,tcksra7j,tcksra7j::RMSF,wt-homo-3 / RMSF,RMSF,Residue,181,0.14346829,nm,nm
line,overlay,wt-homo-3,wt-homo-3,rmsf,tcksra7j,tcksra7j::RMSF,wt-homo-3 / RMSF,RMSF,Residue,182,0.13922885,nm,nm
line,overlay,wt-homo-3,wt-homo-3,rmsf,tcksra7j,tcksra7j::RMSF,wt-homo-3 / RMSF,RMSF,Residue,183,0.1803517,nm,nm
line,overlay,wt-homo-3,wt-homo-3,rmsf,tcksra7j,tcksra7j::RMSF,wt-homo-3 / RMSF,RMSF,Residue,184,0.1513341,nm,nm
line,overlay,wt-homo-3,wt-homo-3,rmsf,tcksra7j,tcksra7j::RMSF,wt-homo-3 / RMSF,RMSF,Residue,185,0.13447267,nm,nm
line,overlay,wt-homo-3,wt-homo-3,rmsf,tcksra7j,tcksra7j::RMSF,wt-homo-3 / RMSF,RMSF,Residue,186,0.121956125,nm,nm
line,overlay,wt-homo-3,wt-homo-3,rmsf,tcksra7j,tcksra7j::RMSF,wt-homo-3 / RMSF,RMSF,Residue,187,0.12932314,nm,nm
line,overlay,wt-homo-3,wt-homo-3,rmsf,tcksra7j,tcksra7j::RMSF,wt-homo-3 / RMSF,RMSF,Residue,188,0.11115506,nm,nm
line,overlay,wt-homo-3,wt-homo-3,rmsf,tcksra7j,tcksra7j::RMSF,wt-homo-3 / RMSF,RMSF,Residue,189,0.120624945,nm,nm
line,overlay,wt-homo-3,wt-homo-3,rmsf,tcksra7j,tcksra7j::RMSF,wt-homo-3 / RMSF,RMSF,Residue,190,0.1544102,nm,nm
line,overlay,wt-homo-3,wt-homo-3,rmsf,tcksra7j,tcksra7j::RMSF,wt-homo-3 / RMSF,RMSF,Residue,191,0.21043478,nm,nm
line,overlay,wt-homo-3,wt-homo-3,rmsf,tcksra7j,tcksra7j::RMSF,wt-homo-3 / RMSF,RMSF,Residue,192,0.18754666,nm,nm
line,overlay,wt-homo-3,wt-homo-3,rmsf,tcksra7j,tcksra7j::RMSF,wt-homo-3 / RMSF,RMSF,Residue,193,0.15117957,nm,nm
line,overlay,wt-homo-3,wt-homo-3,rmsf,tcksra7j,tcksra7j::RMSF,wt-homo-3 / RMSF,RMSF,Residue,194,0.14017542,nm,nm
line,overlay,wt-homo-3,wt-homo-3,rmsf,tcksra7j,tcksra7j::RMSF,wt-homo-3 / RMSF,RMSF,Residue,195,0.11647255,nm,nm
line,overlay,wt-homo-3,wt-homo-3,rmsf,tcksra7j,tcksra7j::RMSF,wt-homo-3 / RMSF,RMSF,Residue,196,0.09965256,nm,nm
line,overlay,wt-homo-3,wt-homo-3,rmsf,tcksra7j,tcksra7j::RMSF,wt-homo-3 / RMSF,RMSF,Residue,197,0.094949715,nm,nm
line,overlay,wt-homo-3,wt-homo-3,rmsf,tcksra7j,tcksra7j::RMSF,wt-homo-3 / RMSF,RMSF,Residue,198,0.08724145,nm,nm
line,overlay,wt-homo-3,wt-homo-3,rmsf,tcksra7j,tcksra7j::RMSF,wt-homo-3 / RMSF,RMSF,Residue,199,0.08543771,nm,nm
line,overlay,wt-homo-3,wt-homo-3,rmsf,tcksra7j,tcksra7j::RMSF,wt-homo-3 / RMSF,RMSF,Residue,200,0.08945085,nm,nm
line,overlay,wt-homo-3,wt-homo-3,rmsf,tcksra7j,tcksra7j::RMSF,wt-homo-3 / RMSF,RMSF,Residue,201,0.09193287,nm,nm
line,overlay,wt-homo-3,wt-homo-3,rmsf,tcksra7j,tcksra7j::RMSF,wt-homo-3 / RMSF,RMSF,Residue,202,0.08884757,nm,nm
line,overlay,wt-homo-3,wt-homo-3,rmsf,tcksra7j,tcksra7j::RMSF,wt-homo-3 / RMSF,RMSF,Residue,203,0.0931133,nm,nm
line,overlay,wt-homo-3,wt-homo-3,rmsf,tcksra7j,tcksra7j::RMSF,wt-homo-3 / RMSF,RMSF,Residue,204,0.088389955,nm,nm
line,overlay,wt-homo-3,wt-homo-3,rmsf,tcksra7j,tcksra7j::RMSF,wt-homo-3 / RMSF,RMSF,Residue,205,0.089777574,nm,nm
line,overlay,wt-homo-3,wt-homo-3,rmsf,tcksra7j,tcksra7j::RMSF,wt-homo-3 / RMSF,RMSF,Residue,206,0.08037014,nm,nm
line,overlay,wt-homo-3,wt-homo-3,rmsf,tcksra7j,tcksra7j::RMSF,wt-homo-3 / RMSF,RMSF,Residue,207,0.08086504,nm,nm
line,overlay,wt-homo-3,wt-homo-3,rmsf,tcksra7j,tcksra7j::RMSF,wt-homo-3 / RMSF,RMSF,Residue,208,0.07780941,nm,nm
line,overlay,wt-homo-3,wt-homo-3,rmsf,tcksra7j,tcksra7j::RMSF,wt-homo-3 / RMSF,RMSF,Residue,209,0.08387656,nm,nm
line,overlay,wt-homo-3,wt-homo-3,rmsf,tcksra7j,tcksra7j::RMSF,wt-homo-3 / RMSF,RMSF,Residue,210,0.0954957,nm,nm
line,overlay,wt-homo-3,wt-homo-3,rmsf,tcksra7j,tcksra7j::RMSF,wt-homo-3 / RMSF,RMSF,Residue,211,0.085540086,nm,nm
line,overlay,wt-homo-3,wt-homo-3,rmsf,tcksra7j,tcksra7j::RMSF,wt-homo-3 / RMSF,RMSF,Residue,212,0.06080221,nm,nm
line,overlay,wt-homo-3,wt-homo-3,rmsf,tcksra7j,tcksra7j::RMSF,wt-homo-3 / RMSF,RMSF,Residue,213,0.059181098,nm,nm
line,overlay,wt-homo-3,wt-homo-3,rmsf,tcksra7j,tcksra7j::RMSF,wt-homo-3 / RMSF,RMSF,Residue,214,0.051842406,nm,nm
line,overlay,wt-homo-3,wt-homo-3,rmsf,tcksra7j,tcksra7j::RMSF,wt-homo-3 / RMSF,RMSF,Residue,215,0.04306235,nm,nm
line,overlay,wt-homo-3,wt-homo-3,rmsf,tcksra7j,tcksra7j::RMSF,wt-homo-3 / RMSF,RMSF,Residue,216,0.04148153,nm,nm
line,overlay,wt-homo-3,wt-homo-3,rmsf,tcksra7j,tcksra7j::RMSF,wt-homo-3 / RMSF,RMSF,Residue,217,0.04458058,nm,nm
line,overlay,wt-homo-3,wt-homo-3,rmsf,tcksra7j,tcksra7j::RMSF,wt-homo-3 / RMSF,RMSF,Residue,218,0.04606373,nm,nm
line,overlay,wt-homo-3,wt-homo-3,rmsf,tcksra7j,tcksra7j::RMSF,wt-homo-3 / RMSF,RMSF,Residue,219,0.05768909,nm,nm
line,overlay,wt-homo-3,wt-homo-3,rmsf,tcksra7j,tcksra7j::RMSF,wt-homo-3 / RMSF,RMSF,Residue,220,0.05505395,nm,nm
line,overlay,wt-homo-3,wt-homo-3,rmsf,tcksra7j,tcksra7j::RMSF,wt-homo-3 / RMSF,RMSF,Residue,221,0.064805426,nm,nm
line,overlay,wt-homo-3,wt-homo-3,rmsf,tcksra7j,tcksra7j::RMSF,wt-homo-3 / RMSF,RMSF,Residue,222,0.062289864,nm,nm
line,overlay,wt-homo-3,wt-homo-3,rmsf,tcksra7j,tcksra7j::RMSF,wt-homo-3 / RMSF,RMSF,Residue,223,0.056428052,nm,nm
line,overlay,wt-homo-3,wt-homo-3,rmsf,tcksra7j,tcksra7j::RMSF,wt-homo-3 / RMSF,RMSF,Residue,224,0.06638361,nm,nm
line,overlay,wt-homo-3,wt-homo-3,rmsf,tcksra7j,tcksra7j::RMSF,wt-homo-3 / RMSF,RMSF,Residue,225,0.07560705,nm,nm
line,overlay,wt-homo-3,wt-homo-3,rmsf,tcksra7j,tcksra7j::RMSF,wt-homo-3 / RMSF,RMSF,Residue,226,0.07185358,nm,nm
line,overlay,wt-homo-3,wt-homo-3,rmsf,tcksra7j,tcksra7j::RMSF,wt-homo-3 / RMSF,RMSF,Residue,227,0.06358564,nm,nm
line,overlay,wt-homo-3,wt-homo-3,rmsf,tcksra7j,tcksra7j::RMSF,wt-homo-3 / RMSF,RMSF,Residue,228,0.062297065,nm,nm
line,overlay,wt-homo-3,wt-homo-3,rmsf,tcksra7j,tcksra7j::RMSF,wt-homo-3 / RMSF,RMSF,Residue,229,0.07853153,nm,nm
line,overlay,wt-homo-3,wt-homo-3,rmsf,tcksra7j,tcksra7j::RMSF,wt-homo-3 / RMSF,RMSF,Residue,230,0.073277414,nm,nm
line,overlay,wt-homo-3,wt-homo-3,rmsf,tcksra7j,tcksra7j::RMSF,wt-homo-3 / RMSF,RMSF,Residue,231,0.06412217,nm,nm
line,overlay,wt-homo-3,wt-homo-3,rmsf,tcksra7j,tcksra7j::RMSF,wt-homo-3 / RMSF,RMSF,Residue,232,0.07115382,nm,nm
line,overlay,wt-homo-3,wt-homo-3,rmsf,tcksra7j,tcksra7j::RMSF,wt-homo-3 / RMSF,RMSF,Residue,233,0.09134575,nm,nm
line,overlay,wt-homo-3,wt-homo-3,rmsf,tcksra7j,tcksra7j::RMSF,wt-homo-3 / RMSF,RMSF,Residue,234,0.09566846,nm,nm
line,overlay,wt-homo-3,wt-homo-3,rmsf,tcksra7j,tcksra7j::RMSF,wt-homo-3 / RMSF,RMSF,Residue,235,0.076375514,nm,nm
line,overlay,wt-homo-3,wt-homo-3,rmsf,tcksra7j,tcksra7j::RMSF,wt-homo-3 / RMSF,RMSF,Residue,236,0.06654179,nm,nm
line,overlay,wt-homo-3,wt-homo-3,rmsf,tcksra7j,tcksra7j::RMSF,wt-homo-3 / RMSF,RMSF,Residue,237,0.049054082,nm,nm
line,overlay,wt-homo-3,wt-homo-3,rmsf,tcksra7j,tcksra7j::RMSF,wt-homo-3 / RMSF,RMSF,Residue,238,0.049742423,nm,nm
line,overlay,wt-homo-3,wt-homo-3,rmsf,tcksra7j,tcksra7j::RMSF,wt-homo-3 / RMSF,RMSF,Residue,239,0.047176007,nm,nm
line,overlay,wt-homo-3,wt-homo-3,rmsf,tcksra7j,tcksra7j::RMSF,wt-homo-3 / RMSF,RMSF,Residue,240,0.049511638,nm,nm
line,overlay,wt-homo-3,wt-homo-3,rmsf,tcksra7j,tcksra7j::RMSF,wt-homo-3 / RMSF,RMSF,Residue,241,0.053653087,nm,nm
line,overlay,wt-homo-3,wt-homo-3,rmsf,tcksra7j,tcksra7j::RMSF,wt-homo-3 / RMSF,RMSF,Residue,242,0.064861335,nm,nm
line,overlay,wt-homo-3,wt-homo-3,rmsf,tcksra7j,tcksra7j::RMSF,wt-homo-3 / RMSF,RMSF,Residue,243,0.06642359,nm,nm
line,overlay,wt-homo-3,wt-homo-3,rmsf,tcksra7j,tcksra7j::RMSF,wt-homo-3 / RMSF,RMSF,Residue,244,0.06634939,nm,nm
line,overlay,wt-homo-3,wt-homo-3,rmsf,tcksra7j,tcksra7j::RMSF,wt-homo-3 / RMSF,RMSF,Residue,245,0.080359496,nm,nm
line,overlay,wt-homo-3,wt-homo-3,rmsf,tcksra7j,tcksra7j::RMSF,wt-homo-3 / RMSF,RMSF,Residue,246,0.113637604,nm,nm
line,overlay,wt-homo-3,wt-homo-3,rmsf,tcksra7j,tcksra7j::RMSF,wt-homo-3 / RMSF,RMSF,Residue,247,0.19742069,nm,nm
line,overlay,wt-homo-3,wt-homo-3,rmsf,tcksra7j,tcksra7j::RMSF,wt-homo-3 / RMSF,RMSF,Residue,248,0.2615223,nm,nm
line,overlay,wt-homo-3,wt-homo-3,rmsf,tcksra7j,tcksra7j::RMSF,wt-homo-3 / RMSF,RMSF,Residue,249,0.35074103,nm,nm
line,overlay,wt-homo-3,wt-homo-3,rmsf,tcksra7j,tcksra7j::RMSF,wt-homo-3 / RMSF,RMSF,Residue,250,0.29492506,nm,nm
line,overlay,wt-homo-3,wt-homo-3,rmsf,tcksra7j,tcksra7j::RMSF,wt-homo-3 / RMSF,RMSF,Residue,251,0.23179282,nm,nm
line,overlay,wt-homo-3,wt-homo-3,rmsf,tcksra7j,tcksra7j::RMSF,wt-homo-3 / RMSF,RMSF,Residue,252,0.22030942,nm,nm
line,overlay,wt-homo-3,wt-homo-3,rmsf,tcksra7j,tcksra7j::RMSF,wt-homo-3 / RMSF,RMSF,Residue,253,0.2204189,nm,nm
line,overlay,wt-homo-3,wt-homo-3,rmsf,tcksra7j,tcksra7j::RMSF,wt-homo-3 / RMSF,RMSF,Residue,254,0.1069702,nm,nm
line,overlay,wt-homo-3,wt-homo-3,rmsf,tcksra7j,tcksra7j::RMSF,wt-homo-3 / RMSF,RMSF,Residue,255,0.09652299,nm,nm
line,overlay,wt-homo-3,wt-homo-3,rmsf,tcksra7j,tcksra7j::RMSF,wt-homo-3 / RMSF,RMSF,Residue,256,0.10116502,nm,nm
line,overlay,wt-homo-3,wt-homo-3,rmsf,tcksra7j,tcksra7j::RMSF,wt-homo-3 / RMSF,RMSF,Residue,257,0.07355047,nm,nm
line,overlay,wt-homo-3,wt-homo-3,rmsf,tcksra7j,tcksra7j::RMSF,wt-homo-3 / RMSF,RMSF,Residue,258,0.07776272,nm,nm
line,overlay,wt-homo-3,wt-homo-3,rmsf,tcksra7j,tcksra7j::RMSF,wt-homo-3 / RMSF,RMSF,Residue,259,0.09368374,nm,nm
line,overlay,wt-homo-3,wt-homo-3,rmsf,tcksra7j,tcksra7j::RMSF,wt-homo-3 / RMSF,RMSF,Residue,260,0.09163512,nm,nm
line,overlay,wt-homo-3,wt-homo-3,rmsf,tcksra7j,tcksra7j::RMSF,wt-homo-3 / RMSF,RMSF,Residue,261,0.08297861,nm,nm
line,overlay,wt-homo-3,wt-homo-3,rmsf,tcksra7j,tcksra7j::RMSF,wt-homo-3 / RMSF,RMSF,Residue,262,0.08510592,nm,nm
line,overlay,wt-homo-3,wt-homo-3,rmsf,tcksra7j,tcksra7j::RMSF,wt-homo-3 / RMSF,RMSF,Residue,263,0.119682305,nm,nm
line,overlay,wt-homo-3,wt-homo-3,rmsf,tcksra7j,tcksra7j::RMSF,wt-homo-3 / RMSF,RMSF,Residue,264,0.09367557,nm,nm
line,overlay,wt-homo-3,wt-homo-3,rmsf,tcksra7j,tcksra7j::RMSF,wt-homo-3 / RMSF,RMSF,Residue,265,0.10227966,nm,nm
line,overlay,wt-homo-3,wt-homo-3,rmsf,tcksra7j,tcksra7j::RMSF,wt-homo-3 / RMSF,RMSF,Residue,266,0.09914519,nm,nm
line,overlay,wt-homo-3,wt-homo-3,rmsf,tcksra7j,tcksra7j::RMSF,wt-homo-3 / RMSF,RMSF,Residue,267,0.08680512,nm,nm
line,overlay,wt-homo-3,wt-homo-3,rmsf,tcksra7j,tcksra7j::RMSF,wt-homo-3 / RMSF,RMSF,Residue,268,0.08502588,nm,nm
line,overlay,wt-homo-3,wt-homo-3,rmsf,tcksra7j,tcksra7j::RMSF,wt-homo-3 / RMSF,RMSF,Residue,269,0.104825675,nm,nm
line,overlay,wt-homo-3,wt-homo-3,rmsf,tcksra7j,tcksra7j::RMSF,wt-homo-3 / RMSF,RMSF,Residue,270,0.11128584,nm,nm
line,overlay,wt-homo-3,wt-homo-3,rmsf,tcksra7j,tcksra7j::RMSF,wt-homo-3 / RMSF,RMSF,Residue,271,0.099676244,nm,nm
line,overlay,wt-homo-3,wt-homo-3,rmsf,tcksra7j,tcksra7j::RMSF,wt-homo-3 / RMSF,RMSF,Residue,272,0.11034128,nm,nm
line,overlay,wt-homo-3,wt-homo-3,rmsf,tcksra7j,tcksra7j::RMSF,wt-homo-3 / RMSF,RMSF,Residue,273,0.09941964,nm,nm
line,overlay,wt-homo-3,wt-homo-3,rmsf,tcksra7j,tcksra7j::RMSF,wt-homo-3 / RMSF,RMSF,Residue,274,0.0774423,nm,nm
line,overlay,wt-homo-3,wt-homo-3,rmsf,tcksra7j,tcksra7j::RMSF,wt-homo-3 / RMSF,RMSF,Residue,275,0.075661875,nm,nm
line,overlay,wt-homo-3,wt-homo-3,rmsf,tcksra7j,tcksra7j::RMSF,wt-homo-3 / RMSF,RMSF,Residue,276,0.058968708,nm,nm
line,overlay,wt-homo-3,wt-homo-3,rmsf,tcksra7j,tcksra7j::RMSF,wt-homo-3 / RMSF,RMSF,Residue,277,0.04376821,nm,nm
line,overlay,wt-homo-3,wt-homo-3,rmsf,tcksra7j,tcksra7j::RMSF,wt-homo-3 / RMSF,RMSF,Residue,278,0.036095686,nm,nm
line,overlay,wt-homo-3,wt-homo-3,rmsf,tcksra7j,tcksra7j::RMSF,wt-homo-3 / RMSF,RMSF,Residue,279,0.034666374,nm,nm
line,overlay,wt-homo-3,wt-homo-3,rmsf,tcksra7j,tcksra7j::RMSF,wt-homo-3 / RMSF,RMSF,Residue,280,0.038829766,nm,nm
line,overlay,wt-homo-3,wt-homo-3,rmsf,tcksra7j,tcksra7j::RMSF,wt-homo-3 / RMSF,RMSF,Residue,281,0.045448206,nm,nm
line,overlay,wt-homo-3,wt-homo-3,rmsf,tcksra7j,tcksra7j::RMSF,wt-homo-3 / RMSF,RMSF,Residue,282,0.057020076,nm,nm
line,overlay,wt-homo-3,wt-homo-3,rmsf,tcksra7j,tcksra7j::RMSF,wt-homo-3 / RMSF,RMSF,Residue,283,0.053370293,nm,nm
line,overlay,wt-homo-3,wt-homo-3,rmsf,tcksra7j,tcksra7j::RMSF,wt-homo-3 / RMSF,RMSF,Residue,284,0.06812913,nm,nm
line,overlay,wt-homo-3,wt-homo-3,rmsf,tcksra7j,tcksra7j::RMSF,wt-homo-3 / RMSF,RMSF,Residue,285,0.050182577,nm,nm
line,overlay,wt-homo-3,wt-homo-3,rmsf,tcksra7j,tcksra7j::RMSF,wt-homo-3 / RMSF,RMSF,Residue,286,0.06845378,nm,nm
line,overlay,wt-homo-3,wt-homo-3,rmsf,tcksra7j,tcksra7j::RMSF,wt-homo-3 / RMSF,RMSF,Residue,287,0.07515202,nm,nm
line,overlay,wt-homo-3,wt-homo-3,rmsf,tcksra7j,tcksra7j::RMSF,wt-homo-3 / RMSF,RMSF,Residue,288,0.08815485,nm,nm
line,overlay,wt-homo-3,wt-homo-3,rmsf,tcksra7j,tcksra7j::RMSF,wt-homo-3 / RMSF,RMSF,Residue,289,0.08912201,nm,nm
line,overlay,wt-homo-3,wt-homo-3,rmsf,tcksra7j,tcksra7j::RMSF,wt-homo-3 / RMSF,RMSF,Residue,290,0.08018112,nm,nm
line,overlay,wt-homo-3,wt-homo-3,rmsf,tcksra7j,tcksra7j::RMSF,wt-homo-3 / RMSF,RMSF,Residue,291,0.07058129,nm,nm
line,overlay,wt-homo-3,wt-homo-3,rmsf,tcksra7j,tcksra7j::RMSF,wt-homo-3 / RMSF,RMSF,Residue,292,0.07134308,nm,nm
line,overlay,wt-homo-3,wt-homo-3,rmsf,tcksra7j,tcksra7j::RMSF,wt-homo-3 / RMSF,RMSF,Residue,293,0.07347697,nm,nm
line,overlay,wt-homo-3,wt-homo-3,rmsf,tcksra7j,tcksra7j::RMSF,wt-homo-3 / RMSF,RMSF,Residue,294,0.06478774,nm,nm
line,overlay,wt-homo-3,wt-homo-3,rmsf,tcksra7j,tcksra7j::RMSF,wt-homo-3 / RMSF,RMSF,Residue,295,0.054798428,nm,nm
line,overlay,wt-homo-3,wt-homo-3,rmsf,tcksra7j,tcksra7j::RMSF,wt-homo-3 / RMSF,RMSF,Residue,296,0.060859673,nm,nm
line,overlay,wt-homo-3,wt-homo-3,rmsf,tcksra7j,tcksra7j::RMSF,wt-homo-3 / RMSF,RMSF,Residue,297,0.07186454,nm,nm
line,overlay,wt-homo-3,wt-homo-3,rmsf,tcksra7j,tcksra7j::RMSF,wt-homo-3 / RMSF,RMSF,Residue,298,0.06283197,nm,nm
line,overlay,wt-homo-3,wt-homo-3,rmsf,tcksra7j,tcksra7j::RMSF,wt-homo-3 / RMSF,RMSF,Residue,299,0.058424924,nm,nm
line,overlay,wt-homo-3,wt-homo-3,rmsf,tcksra7j,tcksra7j::RMSF,wt-homo-3 / RMSF,RMSF,Residue,300,0.0744445,nm,nm
line,overlay,wt-homo-3,wt-homo-3,rmsf,tcksra7j,tcksra7j::RMSF,wt-homo-3 / RMSF,RMSF,Residue,301,0.07635955,nm,nm
line,overlay,wt-homo-3,wt-homo-3,rmsf,tcksra7j,tcksra7j::RMSF,wt-homo-3 / RMSF,RMSF,Residue,302,0.06986598,nm,nm
line,overlay,wt-homo-3,wt-homo-3,rmsf,tcksra7j,tcksra7j::RMSF,wt-homo-3 / RMSF,RMSF,Residue,303,0.07727463,nm,nm
line,overlay,wt-homo-3,wt-homo-3,rmsf,tcksra7j,tcksra7j::RMSF,wt-homo-3 / RMSF,RMSF,Residue,304,0.065348156,nm,nm
line,overlay,wt-homo-3,wt-homo-3,rmsf,tcksra7j,tcksra7j::RMSF,wt-homo-3 / RMSF,RMSF,Residue,305,0.061124153,nm,nm
line,overlay,wt-homo-3,wt-homo-3,rmsf,tcksra7j,tcksra7j::RMSF,wt-homo-3 / RMSF,RMSF,Residue,306,0.049882695,nm,nm
line,overlay,wt-homo-3,wt-homo-3,rmsf,tcksra7j,tcksra7j::RMSF,wt-homo-3 / RMSF,RMSF,Residue,307,0.042693093,nm,nm
line,overlay,wt-homo-3,wt-homo-3,rmsf,tcksra7j,tcksra7j::RMSF,wt-homo-3 / RMSF,RMSF,Residue,308,0.042728834,nm,nm
line,overlay,wt-homo-3,wt-homo-3,rmsf,tcksra7j,tcksra7j::RMSF,wt-homo-3 / RMSF,RMSF,Residue,309,0.044174653,nm,nm
line,overlay,wt-homo-3,wt-homo-3,rmsf,tcksra7j,tcksra7j::RMSF,wt-homo-3 / RMSF,RMSF,Residue,310,0.058404338,nm,nm
line,overlay,wt-homo-3,wt-homo-3,rmsf,tcksra7j,tcksra7j::RMSF,wt-homo-3 / RMSF,RMSF,Residue,311,0.051748462,nm,nm
line,overlay,wt-homo-3,wt-homo-3,rmsf,tcksra7j,tcksra7j::RMSF,wt-homo-3 / RMSF,RMSF,Residue,312,0.07484944,nm,nm
line,overlay,wt-homo-3,wt-homo-3,rmsf,tcksra7j,tcksra7j::RMSF,wt-homo-3 / RMSF,RMSF,Residue,313,0.13290685,nm,nm
line,overlay,wt-homo-3,wt-homo-3,rmsf,tcksra7j,tcksra7j::RMSF,wt-homo-3 / RMSF,RMSF,Residue,314,0.24262142,nm,nm
line,overlay,wt-homo-3,wt-homo-3,rmsf,tcksra7j,tcksra7j::RMSF,wt-homo-3 / RMSF,RMSF,Residue,315,0.32516912,nm,nm
line,overlay,wt-homo-3,wt-homo-3,rmsf,tcksra7j,tcksra7j::RMSF,wt-homo-3 / RMSF,RMSF,Residue,316,0.3958639,nm,nm
line,overlay,wt-homo-3,wt-homo-3,rmsf,tcksra7j,tcksra7j::RMSF,wt-homo-3 / RMSF,RMSF,Residue,317,0.3648169,nm,nm
line,overlay,wt-homo-3,wt-homo-3,rmsf,tcksra7j,tcksra7j::RMSF,wt-homo-3 / RMSF,RMSF,Residue,318,0.3786726,nm,nm
line,overlay,wt-homo-3,wt-homo-3,rmsf,tcksra7j,tcksra7j::RMSF,wt-homo-3 / RMSF,RMSF,Residue,319,0.32553792,nm,nm
line,overlay,wt-homo-3,wt-homo-3,rmsf,tcksra7j,tcksra7j::RMSF,wt-homo-3 / RMSF,RMSF,Residue,320,0.2575498,nm,nm
line,overlay,wt-homo-3,wt-homo-3,rmsf,tcksra7j,tcksra7j::RMSF,wt-homo-3 / RMSF,RMSF,Residue,321,0.2138518,nm,nm
line,overlay,wt-homo-3,wt-homo-3,rmsf,tcksra7j,tcksra7j::RMSF,wt-homo-3 / RMSF,RMSF,Residue,322,0.1323905,nm,nm
line,overlay,wt-homo-3,wt-homo-3,rmsf,tcksra7j,tcksra7j::RMSF,wt-homo-3 / RMSF,RMSF,Residue,323,0.10545037,nm,nm
line,overlay,wt-homo-3,wt-homo-3,rmsf,tcksra7j,tcksra7j::RMSF,wt-homo-3 / RMSF,RMSF,Residue,324,0.1091805,nm,nm
line,overlay,wt-homo-3,wt-homo-3,rmsf,tcksra7j,tcksra7j::RMSF,wt-homo-3 / RMSF,RMSF,Residue,325,0.13973345,nm,nm
line,overlay,wt-homo-3,wt-homo-3,rmsf,tcksra7j,tcksra7j::RMSF,wt-homo-3 / RMSF,RMSF,Residue,326,0.13279906,nm,nm
line,overlay,wt-homo-3,wt-homo-3,rmsf,tcksra7j,tcksra7j::RMSF,wt-homo-3 / RMSF,RMSF,Residue,327,0.10396242,nm,nm
line,overlay,wt-homo-3,wt-homo-3,rmsf,tcksra7j,tcksra7j::RMSF,wt-homo-3 / RMSF,RMSF,Residue,328,0.104369305,nm,nm
line,overlay,wt-homo-3,wt-homo-3,rmsf,tcksra7j,tcksra7j::RMSF,wt-homo-3 / RMSF,RMSF,Residue,329,0.11096951,nm,nm
line,overlay,wt-homo-3,wt-homo-3,rmsf,tcksra7j,tcksra7j::RMSF,wt-homo-3 / RMSF,RMSF,Residue,330,0.10290928,nm,nm
line,overlay,wt-homo-3,wt-homo-3,rmsf,tcksra7j,tcksra7j::RMSF,wt-homo-3 / RMSF,RMSF,Residue,331,0.09540305,nm,nm
line,overlay,wt-homo-3,wt-homo-3,rmsf,tcksra7j,tcksra7j::RMSF,wt-homo-3 / RMSF,RMSF,Residue,332,0.10226746,nm,nm
line,overlay,wt-homo-3,wt-homo-3,rmsf,tcksra7j,tcksra7j::RMSF,wt-homo-3 / RMSF,RMSF,Residue,333,0.10328749,nm,nm
line,overlay,wt-homo-3,wt-homo-3,rmsf,tcksra7j,tcksra7j::RMSF,wt-homo-3 / RMSF,RMSF,Residue,334,0.09376538,nm,nm
line,overlay,wt-homo-3,wt-homo-3,rmsf,tcksra7j,tcksra7j::RMSF,wt-homo-3 / RMSF,RMSF,Residue,335,0.0743106,nm,nm
line,overlay,wt-homo-3,wt-homo-3,rmsf,tcksra7j,tcksra7j::RMSF,wt-homo-3 / RMSF,RMSF,Residue,336,0.06344069,nm,nm
line,overlay,wt-homo-3,wt-homo-3,rmsf,tcksra7j,tcksra7j::RMSF,wt-homo-3 / RMSF,RMSF,Residue,337,0.056921996,nm,nm
line,overlay,wt-homo-3,wt-homo-3,rmsf,tcksra7j,tcksra7j::RMSF,wt-homo-3 / RMSF,RMSF,Residue,338,0.05404095,nm,nm
line,overlay,wt-homo-3,wt-homo-3,rmsf,tcksra7j,tcksra7j::RMSF,wt-homo-3 / RMSF,RMSF,Residue,339,0.05183733,nm,nm
line,overlay,wt-homo-3,wt-homo-3,rmsf,tcksra7j,tcksra7j::RMSF,wt-homo-3 / RMSF,RMSF,Residue,340,0.052249897,nm,nm
line,overlay,wt-homo-3,wt-homo-3,rmsf,tcksra7j,tcksra7j::RMSF,wt-homo-3 / RMSF,RMSF,Residue,341,0.06608777,nm,nm
line,overlay,wt-homo-3,wt-homo-3,rmsf,tcksra7j,tcksra7j::RMSF,wt-homo-3 / RMSF,RMSF,Residue,342,0.07443636,nm,nm
line,overlay,wt-homo-3,wt-homo-3,rmsf,tcksra7j,tcksra7j::RMSF,wt-homo-3 / RMSF,RMSF,Residue,343,0.06581361,nm,nm
line,overlay,wt-homo-3,wt-homo-3,rmsf,tcksra7j,tcksra7j::RMSF,wt-homo-3 / RMSF,RMSF,Residue,344,0.09656682,nm,nm
line,overlay,wt-homo-3,wt-homo-3,rmsf,tcksra7j,tcksra7j::RMSF,wt-homo-3 / RMSF,RMSF,Residue,345,0.09840007,nm,nm
line,overlay,wt-homo-3,wt-homo-3,rmsf,tcksra7j,tcksra7j::RMSF,wt-homo-3 / RMSF,RMSF,Residue,346,0.06561413,nm,nm
line,overlay,wt-homo-3,wt-homo-3,rmsf,tcksra7j,tcksra7j::RMSF,wt-homo-3 / RMSF,RMSF,Residue,347,0.061835054,nm,nm
line,overlay,wt-homo-3,wt-homo-3,rmsf,tcksra7j,tcksra7j::RMSF,wt-homo-3 / RMSF,RMSF,Residue,348,0.08347735,nm,nm
line,overlay,wt-homo-3,wt-homo-3,rmsf,tcksra7j,tcksra7j::RMSF,wt-homo-3 / RMSF,RMSF,Residue,349,0.08164465,nm,nm
line,overlay,wt-homo-3,wt-homo-3,rmsf,tcksra7j,tcksra7j::RMSF,wt-homo-3 / RMSF,RMSF,Residue,350,0.08962835,nm,nm
line,overlay,wt-homo-3,wt-homo-3,rmsf,tcksra7j,tcksra7j::RMSF,wt-homo-3 / RMSF,RMSF,Residue,351,0.073238,nm,nm
line,overlay,wt-homo-3,wt-homo-3,rmsf,tcksra7j,tcksra7j::RMSF,wt-homo-3 / RMSF,RMSF,Residue,352,0.0576546,nm,nm
line,overlay,wt-homo-3,wt-homo-3,rmsf,tcksra7j,tcksra7j::RMSF,wt-homo-3 / RMSF,RMSF,Residue,353,0.06113332,nm,nm
line,overlay,wt-homo-3,wt-homo-3,rmsf,tcksra7j,tcksra7j::RMSF,wt-homo-3 / RMSF,RMSF,Residue,354,0.043942023,nm,nm
line,overlay,wt-homo-3,wt-homo-3,rmsf,tcksra7j,tcksra7j::RMSF,wt-homo-3 / RMSF,RMSF,Residue,355,0.03803002,nm,nm
line,overlay,wt-homo-3,wt-homo-3,rmsf,tcksra7j,tcksra7j::RMSF,wt-homo-3 / RMSF,RMSF,Residue,356,0.038692154,nm,nm
line,overlay,wt-homo-3,wt-homo-3,rmsf,tcksra7j,tcksra7j::RMSF,wt-homo-3 / RMSF,RMSF,Residue,357,0.05097383,nm,nm
line,overlay,wt-homo-3,wt-homo-3,rmsf,tcksra7j,tcksra7j::RMSF,wt-homo-3 / RMSF,RMSF,Residue,358,0.054767672,nm,nm
line,overlay,wt-homo-3,wt-homo-3,rmsf,tcksra7j,tcksra7j::RMSF,wt-homo-3 / RMSF,RMSF,Residue,359,0.049333766,nm,nm
line,overlay,wt-homo-3,wt-homo-3,rmsf,tcksra7j,tcksra7j::RMSF,wt-homo-3 / RMSF,RMSF,Residue,360,0.05187377,nm,nm
line,overlay,wt-homo-3,wt-homo-3,rmsf,tcksra7j,tcksra7j::RMSF,wt-homo-3 / RMSF,RMSF,Residue,361,0.04612993,nm,nm
line,overlay,wt-homo-3,wt-homo-3,rmsf,tcksra7j,tcksra7j::RMSF,wt-homo-3 / RMSF,RMSF,Residue,362,0.045710515,nm,nm
line,overlay,wt-homo-3,wt-homo-3,rmsf,tcksra7j,tcksra7j::RMSF,wt-homo-3 / RMSF,RMSF,Residue,363,0.050911836,nm,nm
line,overlay,wt-homo-3,wt-homo-3,rmsf,tcksra7j,tcksra7j::RMSF,wt-homo-3 / RMSF,RMSF,Residue,364,0.053044688,nm,nm
line,overlay,wt-homo-3,wt-homo-3,rmsf,tcksra7j,tcksra7j::RMSF,wt-homo-3 / RMSF,RMSF,Residue,365,0.05120934,nm,nm
line,overlay,wt-homo-3,wt-homo-3,rmsf,tcksra7j,tcksra7j::RMSF,wt-homo-3 / RMSF,RMSF,Residue,366,0.055665568,nm,nm
line,overlay,wt-homo-3,wt-homo-3,rmsf,tcksra7j,tcksra7j::RMSF,wt-homo-3 / RMSF,RMSF,Residue,367,0.049859073,nm,nm
line,overlay,wt-homo-3,wt-homo-3,rmsf,tcksra7j,tcksra7j::RMSF,wt-homo-3 / RMSF,RMSF,Residue,368,0.05815367,nm,nm
line,overlay,wt-homo-3,wt-homo-3,rmsf,tcksra7j,tcksra7j::RMSF,wt-homo-3 / RMSF,RMSF,Residue,369,0.05871226,nm,nm
line,overlay,wt-homo-3,wt-homo-3,rmsf,tcksra7j,tcksra7j::RMSF,wt-homo-3 / RMSF,RMSF,Residue,370,0.05585164,nm,nm
line,overlay,wt-homo-3,wt-homo-3,rmsf,tcksra7j,tcksra7j::RMSF,wt-homo-3 / RMSF,RMSF,Residue,371,0.052927736,nm,nm
line,overlay,wt-homo-3,wt-homo-3,rmsf,tcksra7j,tcksra7j::RMSF,wt-homo-3 / RMSF,RMSF,Residue,372,0.04820713,nm,nm
line,overlay,wt-homo-3,wt-homo-3,rmsf,tcksra7j,tcksra7j::RMSF,wt-homo-3 / RMSF,RMSF,Residue,373,0.054217696,nm,nm
line,overlay,wt-homo-3,wt-homo-3,rmsf,tcksra7j,tcksra7j::RMSF,wt-homo-3 / RMSF,RMSF,Residue,374,0.045784377,nm,nm
line,overlay,wt-homo-3,wt-homo-3,rmsf,tcksra7j,tcksra7j::RMSF,wt-homo-3 / RMSF,RMSF,Residue,375,0.03944228,nm,nm
line,overlay,wt-homo-3,wt-homo-3,rmsf,tcksra7j,tcksra7j::RMSF,wt-homo-3 / RMSF,RMSF,Residue,376,0.04149104,nm,nm
line,overlay,wt-homo-3,wt-homo-3,rmsf,tcksra7j,tcksra7j::RMSF,wt-homo-3 / RMSF,RMSF,Residue,377,0.04329492,nm,nm
line,overlay,wt-homo-3,wt-homo-3,rmsf,tcksra7j,tcksra7j::RMSF,wt-homo-3 / RMSF,RMSF,Residue,378,0.056297373,nm,nm
line,overlay,wt-homo-3,wt-homo-3,rmsf,tcksra7j,tcksra7j::RMSF,wt-homo-3 / RMSF,RMSF,Residue,379,0.069855034,nm,nm
line,overlay,wt-homo-3,wt-homo-3,rmsf,tcksra7j,tcksra7j::RMSF,wt-homo-3 / RMSF,RMSF,Residue,380,0.09478118,nm,nm
line,overlay,wt-homo-3,wt-homo-3,rmsf,tcksra7j,tcksra7j::RMSF,wt-homo-3 / RMSF,RMSF,Residue,381,0.12183718,nm,nm
line,overlay,wt-homo-3,wt-homo-3,rmsf,tcksra7j,tcksra7j::RMSF,wt-homo-3 / RMSF,RMSF,Residue,382,0.12734492,nm,nm
line,overlay,wt-homo-3,wt-homo-3,rmsf,tcksra7j,tcksra7j::RMSF,wt-homo-3 / RMSF,RMSF,Residue,383,0.087505,nm,nm
line,overlay,wt-homo-3,wt-homo-3,rmsf,tcksra7j,tcksra7j::RMSF,wt-homo-3 / RMSF,RMSF,Residue,384,0.08568705,nm,nm
line,overlay,wt-homo-3,wt-homo-3,rmsf,tcksra7j,tcksra7j::RMSF,wt-homo-3 / RMSF,RMSF,Residue,385,0.09686687,nm,nm
line,overlay,wt-homo-3,wt-homo-3,rmsf,tcksra7j,tcksra7j::RMSF,wt-homo-3 / RMSF,RMSF,Residue,386,0.074780434,nm,nm
line,overlay,wt-homo-3,wt-homo-3,rmsf,tcksra7j,tcksra7j::RMSF,wt-homo-3 / RMSF,RMSF,Residue,387,0.055985823,nm,nm
line,overlay,wt-homo-3,wt-homo-3,rmsf,tcksra7j,tcksra7j::RMSF,wt-homo-3 / RMSF,RMSF,Residue,388,0.0742903,nm,nm
line,overlay,wt-homo-3,wt-homo-3,rmsf,tcksra7j,tcksra7j::RMSF,wt-homo-3 / RMSF,RMSF,Residue,389,0.08493191,nm,nm
line,overlay,wt-homo-3,wt-homo-3,rmsf,tcksra7j,tcksra7j::RMSF,wt-homo-3 / RMSF,RMSF,Residue,390,0.077591054,nm,nm
line,overlay,wt-homo-3,wt-homo-3,rmsf,tcksra7j,tcksra7j::RMSF,wt-homo-3 / RMSF,RMSF,Residue,391,0.07639485,nm,nm
line,overlay,wt-homo-3,wt-homo-3,rmsf,tcksra7j,tcksra7j::RMSF,wt-homo-3 / RMSF,RMSF,Residue,392,0.08458864,nm,nm
line,overlay,wt-homo-3,wt-homo-3,rmsf,tcksra7j,tcksra7j::RMSF,wt-homo-3 / RMSF,RMSF,Residue,393,0.07243081,nm,nm
line,overlay,wt-homo-3,wt-homo-3,rmsf,tcksra7j,tcksra7j::RMSF,wt-homo-3 / RMSF,RMSF,Residue,394,0.07121267,nm,nm
line,overlay,wt-homo-3,wt-homo-3,rmsf,tcksra7j,tcksra7j::RMSF,wt-homo-3 / RMSF,RMSF,Residue,395,0.06874787,nm,nm
line,overlay,wt-homo-3,wt-homo-3,rmsf,tcksra7j,tcksra7j::RMSF,wt-homo-3 / RMSF,RMSF,Residue,396,0.054744426,nm,nm
line,overlay,wt-homo-3,wt-homo-3,rmsf,tcksra7j,tcksra7j::RMSF,wt-homo-3 / RMSF,RMSF,Residue,397,0.07836656,nm,nm
line,overlay,wt-homo-3,wt-homo-3,rmsf,tcksra7j,tcksra7j::RMSF,wt-homo-3 / RMSF,RMSF,Residue,398,0.061772108,nm,nm
line,overlay,wt-homo-3,wt-homo-3,rmsf,tcksra7j,tcksra7j::RMSF,wt-homo-3 / RMSF,RMSF,Residue,399,0.05451182,nm,nm
line,overlay,wt-homo-3,wt-homo-3,rmsf,tcksra7j,tcksra7j::RMSF,wt-homo-3 / RMSF,RMSF,Residue,400,0.05322598,nm,nm
line,overlay,wt-homo-3,wt-homo-3,rmsf,tcksra7j,tcksra7j::RMSF,wt-homo-3 / RMSF,RMSF,Residue,401,0.06395241,nm,nm
line,overlay,wt-homo-3,wt-homo-3,rmsf,tcksra7j,tcksra7j::RMSF,wt-homo-3 / RMSF,RMSF,Residue,402,0.08557439,nm,nm
line,overlay,wt-homo-3,wt-homo-3,rmsf,tcksra7j,tcksra7j::RMSF,wt-homo-3 / RMSF,RMSF,Residue,403,0.08465058,nm,nm
line,overlay,wt-homo-3,wt-homo-3,rmsf,tcksra7j,tcksra7j::RMSF,wt-homo-3 / RMSF,RMSF,Residue,404,0.12455545,nm,nm
line,overlay,wt-homo-3,wt-homo-3,rmsf,tcksra7j,tcksra7j::RMSF,wt-homo-3 / RMSF,RMSF,Residue,405,0.24759832,nm,nm
line,overlay,wt-homo-3,wt-homo-3,rmsf,tcksra7j,tcksra7j::RMSF,wt-homo-3 / RMSF,RMSF,Residue,406,0.27270216,nm,nm
line,overlay,wt-homo-3,wt-homo-3,rmsf,tcksra7j,tcksra7j::RMSF,wt-homo-3 / RMSF,RMSF,Residue,407,0.2562648,nm,nm
line,overlay,wt-homo-3,wt-homo-3,rmsf,tcksra7j,tcksra7j::RMSF,wt-homo-3 / RMSF,RMSF,Residue,408,0.1495783,nm,nm
line,overlay,wt-homo-3,wt-homo-3,rmsf,tcksra7j,tcksra7j::RMSF,wt-homo-3 / RMSF,RMSF,Residue,409,0.09930772,nm,nm
line,overlay,wt-homo-3,wt-homo-3,rmsf,tcksra7j,tcksra7j::RMSF,wt-homo-3 / RMSF,RMSF,Residue,410,0.07565618,nm,nm
line,overlay,wt-homo-3,wt-homo-3,rmsf,tcksra7j,tcksra7j::RMSF,wt-homo-3 / RMSF,RMSF,Residue,411,0.08015334,nm,nm
line,overlay,wt-homo-3,wt-homo-3,rmsf,tcksra7j,tcksra7j::RMSF,wt-homo-3 / RMSF,RMSF,Residue,412,0.07134029,nm,nm
line,overlay,wt-homo-3,wt-homo-3,rmsf,tcksra7j,tcksra7j::RMSF,wt-homo-3 / RMSF,RMSF,Residue,413,0.08153408,nm,nm
line,overlay,wt-homo-3,wt-homo-3,rmsf,tcksra7j,tcksra7j::RMSF,wt-homo-3 / RMSF,RMSF,Residue,414,0.07427504,nm,nm
line,overlay,wt-homo-3,wt-homo-3,rmsf,tcksra7j,tcksra7j::RMSF,wt-homo-3 / RMSF,RMSF,Residue,415,0.059767812,nm,nm
line,overlay,wt-homo-3,wt-homo-3,rmsf,tcksra7j,tcksra7j::RMSF,wt-homo-3 / RMSF,RMSF,Residue,416,0.0628817,nm,nm
line,overlay,wt-homo-3,wt-homo-3,rmsf,tcksra7j,tcksra7j::RMSF,wt-homo-3 / RMSF,RMSF,Residue,417,0.072121486,nm,nm
line,overlay,wt-homo-3,wt-homo-3,rmsf,tcksra7j,tcksra7j::RMSF,wt-homo-3 / RMSF,RMSF,Residue,418,0.06401003,nm,nm
line,overlay,wt-homo-3,wt-homo-3,rmsf,tcksra7j,tcksra7j::RMSF,wt-homo-3 / RMSF,RMSF,Residue,419,0.060770493,nm,nm
line,overlay,wt-homo-3,wt-homo-3,rmsf,tcksra7j,tcksra7j::RMSF,wt-homo-3 / RMSF,RMSF,Residue,420,0.07350513,nm,nm
line,overlay,wt-homo-3,wt-homo-3,rmsf,tcksra7j,tcksra7j::RMSF,wt-homo-3 / RMSF,RMSF,Residue,421,0.08149247,nm,nm
line,overlay,wt-homo-3,wt-homo-3,rmsf,tcksra7j,tcksra7j::RMSF,wt-homo-3 / RMSF,RMSF,Residue,422,0.07779043,nm,nm
line,overlay,wt-homo-3,wt-homo-3,rmsf,tcksra7j,tcksra7j::RMSF,wt-homo-3 / RMSF,RMSF,Residue,423,0.08290182,nm,nm
line,overlay,wt-homo-3,wt-homo-3,rmsf,tcksra7j,tcksra7j::RMSF,wt-homo-3 / RMSF,RMSF,Residue,424,0.11560799,nm,nm
line,overlay,wt-homo-3,wt-homo-3,rmsf,tcksra7j,tcksra7j::RMSF,wt-homo-3 / RMSF,RMSF,Residue,425,0.14334586,nm,nm
line,overlay,wt-homo-3,wt-homo-3,rmsf,tcksra7j,tcksra7j::RMSF,wt-homo-3 / RMSF,RMSF,Residue,426,0.15864667,nm,nm
line,overlay,wt-homo-3,wt-homo-3,rmsf,tcksra7j,tcksra7j::RMSF,wt-homo-3 / RMSF,RMSF,Residue,427,0.10990402,nm,nm
line,overlay,wt-homo-3,wt-homo-3,rmsf,tcksra7j,tcksra7j::RMSF,wt-homo-3 / RMSF,RMSF,Residue,428,0.089187734,nm,nm
line,overlay,wt-homo-3,wt-homo-3,rmsf,tcksra7j,tcksra7j::RMSF,wt-homo-3 / RMSF,RMSF,Residue,429,0.08107226,nm,nm
line,overlay,wt-homo-3,wt-homo-3,rmsf,tcksra7j,tcksra7j::RMSF,wt-homo-3 / RMSF,RMSF,Residue,430,0.08179536,nm,nm
line,overlay,wt-homo-3,wt-homo-3,rmsf,tcksra7j,tcksra7j::RMSF,wt-homo-3 / RMSF,RMSF,Residue,431,0.06600789,nm,nm
line,overlay,wt-homo-3,wt-homo-3,rmsf,tcksra7j,tcksra7j::RMSF,wt-homo-3 / RMSF,RMSF,Residue,432,0.059945367,nm,nm
line,overlay,wt-homo-3,wt-homo-3,rmsf,tcksra7j,tcksra7j::RMSF,wt-homo-3 / RMSF,RMSF,Residue,433,0.06334885,nm,nm
line,overlay,wt-homo-3,wt-homo-3,rmsf,tcksra7j,tcksra7j::RMSF,wt-homo-3 / RMSF,RMSF,Residue,434,0.05865921,nm,nm
line,overlay,wt-homo-3,wt-homo-3,rmsf,tcksra7j,tcksra7j::RMSF,wt-homo-3 / RMSF,RMSF,Residue,435,0.05119401,nm,nm
line,overlay,wt-homo-3,wt-homo-3,rmsf,tcksra7j,tcksra7j::RMSF,wt-homo-3 / RMSF,RMSF,Residue,436,0.056419246,nm,nm
line,overlay,wt-homo-3,wt-homo-3,rmsf,tcksra7j,tcksra7j::RMSF,wt-homo-3 / RMSF,RMSF,Residue,437,0.055431105,nm,nm
line,overlay,wt-homo-3,wt-homo-3,rmsf,tcksra7j,tcksra7j::RMSF,wt-homo-3 / RMSF,RMSF,Residue,438,0.0463788,nm,nm
line,overlay,wt-homo-3,wt-homo-3,rmsf,tcksra7j,tcksra7j::RMSF,wt-homo-3 / RMSF,RMSF,Residue,439,0.0508123,nm,nm
line,overlay,wt-homo-3,wt-homo-3,rmsf,tcksra7j,tcksra7j::RMSF,wt-homo-3 / RMSF,RMSF,Residue,440,0.057291146,nm,nm
line,overlay,wt-homo-3,wt-homo-3,rmsf,tcksra7j,tcksra7j::RMSF,wt-homo-3 / RMSF,RMSF,Residue,441,0.05576523,nm,nm
line,overlay,wt-homo-3,wt-homo-3,rmsf,tcksra7j,tcksra7j::RMSF,wt-homo-3 / RMSF,RMSF,Residue,442,0.0578033,nm,nm
line,overlay,wt-homo-3,wt-homo-3,rmsf,tcksra7j,tcksra7j::RMSF,wt-homo-3 / RMSF,RMSF,Residue,443,0.071999595,nm,nm
line,overlay,wt-homo-3,wt-homo-3,rmsf,tcksra7j,tcksra7j::RMSF,wt-homo-3 / RMSF,RMSF,Residue,444,0.069229975,nm,nm
line,overlay,wt-homo-3,wt-homo-3,rmsf,tcksra7j,tcksra7j::RMSF,wt-homo-3 / RMSF,RMSF,Residue,445,0.06934552,nm,nm
line,overlay,wt-homo-3,wt-homo-3,rmsf,tcksra7j,tcksra7j::RMSF,wt-homo-3 / RMSF,RMSF,Residue,446,0.08204963,nm,nm
line,overlay,wt-homo-3,wt-homo-3,rmsf,tcksra7j,tcksra7j::RMSF,wt-homo-3 / RMSF,RMSF,Residue,447,0.087312475,nm,nm
line,overlay,wt-homo-3,wt-homo-3,rmsf,tcksra7j,tcksra7j::RMSF,wt-homo-3 / RMSF,RMSF,Residue,448,0.108122066,nm,nm
line,overlay,wt-homo-3,wt-homo-3,rmsf,tcksra7j,tcksra7j::RMSF,wt-homo-3 / RMSF,RMSF,Residue,449,0.1146354,nm,nm
line,overlay,wt-homo-3,wt-homo-3,rmsf,tcksra7j,tcksra7j::RMSF,wt-homo-3 / RMSF,RMSF,Residue,450,0.101179145,nm,nm
line,overlay,wt-homo-3,wt-homo-3,rmsf,tcksra7j,tcksra7j::RMSF,wt-homo-3 / RMSF,RMSF,Residue,451,0.08962492,nm,nm
line,overlay,wt-homo-3,wt-homo-3,rmsf,tcksra7j,tcksra7j::RMSF,wt-homo-3 / RMSF,RMSF,Residue,452,0.06756246,nm,nm
line,overlay,wt-homo-3,wt-homo-3,rmsf,tcksra7j,tcksra7j::RMSF,wt-homo-3 / RMSF,RMSF,Residue,453,0.08667916,nm,nm
line,overlay,wt-homo-3,wt-homo-3,rmsf,tcksra7j,tcksra7j::RMSF,wt-homo-3 / RMSF,RMSF,Residue,454,0.08632574,nm,nm
line,overlay,wt-homo-3,wt-homo-3,rmsf,tcksra7j,tcksra7j::RMSF,wt-homo-3 / RMSF,RMSF,Residue,455,0.07029916,nm,nm
line,overlay,wt-homo-3,wt-homo-3,rmsf,tcksra7j,tcksra7j::RMSF,wt-homo-3 / RMSF,RMSF,Residue,456,0.07586693,nm,nm
line,overlay,wt-homo-3,wt-homo-3,rmsf,tcksra7j,tcksra7j::RMSF,wt-homo-3 / RMSF,RMSF,Residue,457,0.08757157,nm,nm
line,overlay,wt-homo-3,wt-homo-3,rmsf,tcksra7j,tcksra7j::RMSF,wt-homo-3 / RMSF,RMSF,Residue,458,0.08250635,nm,nm
line,overlay,wt-homo-3,wt-homo-3,rmsf,tcksra7j,tcksra7j::RMSF,wt-homo-3 / RMSF,RMSF,Residue,459,0.06973178,nm,nm
line,overlay,wt-homo-3,wt-homo-3,rmsf,tcksra7j,tcksra7j::RMSF,wt-homo-3 / RMSF,RMSF,Residue,460,0.07974916,nm,nm
line,overlay,wt-homo-3,wt-homo-3,rmsf,tcksra7j,tcksra7j::RMSF,wt-homo-3 / RMSF,RMSF,Residue,461,0.095479846,nm,nm
line,overlay,wt-homo-3,wt-homo-3,rmsf,tcksra7j,tcksra7j::RMSF,wt-homo-3 / RMSF,RMSF,Residue,462,0.08685107,nm,nm
line,overlay,wt-homo-3,wt-homo-3,rmsf,tcksra7j,tcksra7j::RMSF,wt-homo-3 / RMSF,RMSF,Residue,463,0.07878269,nm,nm
line,overlay,wt-homo-3,wt-homo-3,rmsf,tcksra7j,tcksra7j::RMSF,wt-homo-3 / RMSF,RMSF,Residue,464,0.09474655,nm,nm
line,overlay,wt-homo-3,wt-homo-3,rmsf,tcksra7j,tcksra7j::RMSF,wt-homo-3 / RMSF,RMSF,Residue,465,0.100313306,nm,nm
line,overlay,wt-homo-3,wt-homo-3,rmsf,tcksra7j,tcksra7j::RMSF,wt-homo-3 / RMSF,RMSF,Residue,466,0.09621575,nm,nm
line,overlay,wt-homo-3,wt-homo-3,rmsf,tcksra7j,tcksra7j::RMSF,wt-homo-3 / RMSF,RMSF,Residue,467,0.090044655,nm,nm
line,overlay,wt-homo-3,wt-homo-3,rmsf,tcksra7j,tcksra7j::RMSF,wt-homo-3 / RMSF,RMSF,Residue,468,0.110091,nm,nm
line,overlay,wt-homo-3,wt-homo-3,rmsf,tcksra7j,tcksra7j::RMSF,wt-homo-3 / RMSF,RMSF,Residue,469,0.122482,nm,nm
line,overlay,wt-homo-3,wt-homo-3,rmsf,tcksra7j,tcksra7j::RMSF,wt-homo-3 / RMSF,RMSF,Residue,470,0.10669909,nm,nm
line,overlay,wt-homo-3,wt-homo-3,rmsf,tcksra7j,tcksra7j::RMSF,wt-homo-3 / RMSF,RMSF,Residue,471,0.10863135,nm,nm
line,overlay,wt-homo-3,wt-homo-3,rmsf,tcksra7j,tcksra7j::RMSF,wt-homo-3 / RMSF,RMSF,Residue,472,0.13774897,nm,nm
line,overlay,wt-homo-4,wt-homo-4,rmsf,cqe6vj55,cqe6vj55::RMSF,wt-homo-4 / RMSF,RMSF,Residue,1,0.9400325,nm,nm
line,overlay,wt-homo-4,wt-homo-4,rmsf,cqe6vj55,cqe6vj55::RMSF,wt-homo-4 / RMSF,RMSF,Residue,2,0.7332855,nm,nm
line,overlay,wt-homo-4,wt-homo-4,rmsf,cqe6vj55,cqe6vj55::RMSF,wt-homo-4 / RMSF,RMSF,Residue,3,0.5162705,nm,nm
line,overlay,wt-homo-4,wt-homo-4,rmsf,cqe6vj55,cqe6vj55::RMSF,wt-homo-4 / RMSF,RMSF,Residue,4,0.42575473,nm,nm
line,overlay,wt-homo-4,wt-homo-4,rmsf,cqe6vj55,cqe6vj55::RMSF,wt-homo-4 / RMSF,RMSF,Residue,5,0.21784781,nm,nm
line,overlay,wt-homo-4,wt-homo-4,rmsf,cqe6vj55,cqe6vj55::RMSF,wt-homo-4 / RMSF,RMSF,Residue,6,0.08185289,nm,nm
line,overlay,wt-homo-4,wt-homo-4,rmsf,cqe6vj55,cqe6vj55::RMSF,wt-homo-4 / RMSF,RMSF,Residue,7,0.06158912,nm,nm
line,overlay,wt-homo-4,wt-homo-4,rmsf,cqe6vj55,cqe6vj55::RMSF,wt-homo-4 / RMSF,RMSF,Residue,8,0.055878554,nm,nm
line,overlay,wt-homo-4,wt-homo-4,rmsf,cqe6vj55,cqe6vj55::RMSF,wt-homo-4 / RMSF,RMSF,Residue,9,0.05026555,nm,nm
line,overlay,wt-homo-4,wt-homo-4,rmsf,cqe6vj55,cqe6vj55::RMSF,wt-homo-4 / RMSF,RMSF,Residue,10,0.041517515,nm,nm
line,overlay,wt-homo-4,wt-homo-4,rmsf,cqe6vj55,cqe6vj55::RMSF,wt-homo-4 / RMSF,RMSF,Residue,11,0.042507216,nm,nm
line,overlay,wt-homo-4,wt-homo-4,rmsf,cqe6vj55,cqe6vj55::RMSF,wt-homo-4 / RMSF,RMSF,Residue,12,0.04590495,nm,nm
line,overlay,wt-homo-4,wt-homo-4,rmsf,cqe6vj55,cqe6vj55::RMSF,wt-homo-4 / RMSF,RMSF,Residue,13,0.050088316,nm,nm
line,overlay,wt-homo-4,wt-homo-4,rmsf,cqe6vj55,cqe6vj55::RMSF,wt-homo-4 / RMSF,RMSF,Residue,14,0.063359685,nm,nm
line,overlay,wt-homo-4,wt-homo-4,rmsf,cqe6vj55,cqe6vj55::RMSF,wt-homo-4 / RMSF,RMSF,Residue,15,0.07311674,nm,nm
line,overlay,wt-homo-4,wt-homo-4,rmsf,cqe6vj55,cqe6vj55::RMSF,wt-homo-4 / RMSF,RMSF,Residue,16,0.07180867,nm,nm
line,overlay,wt-homo-4,wt-homo-4,rmsf,cqe6vj55,cqe6vj55::RMSF,wt-homo-4 / RMSF,RMSF,Residue,17,0.059895717,nm,nm
line,overlay,wt-homo-4,wt-homo-4,rmsf,cqe6vj55,cqe6vj55::RMSF,wt-homo-4 / RMSF,RMSF,Residue,18,0.055346526,nm,nm
line,overlay,wt-homo-4,wt-homo-4,rmsf,cqe6vj55,cqe6vj55::RMSF,wt-homo-4 / RMSF,RMSF,Residue,19,0.056864806,nm,nm
line,overlay,wt-homo-4,wt-homo-4,rmsf,cqe6vj55,cqe6vj55::RMSF,wt-homo-4 / RMSF,RMSF,Residue,20,0.055551607,nm,nm
line,overlay,wt-homo-4,wt-homo-4,rmsf,cqe6vj55,cqe6vj55::RMSF,wt-homo-4 / RMSF,RMSF,Residue,21,0.05575702,nm,nm
line,overlay,wt-homo-4,wt-homo-4,rmsf,cqe6vj55,cqe6vj55::RMSF,wt-homo-4 / RMSF,RMSF,Residue,22,0.0530253,nm,nm
line,overlay,wt-homo-4,wt-homo-4,rmsf,cqe6vj55,cqe6vj55::RMSF,wt-homo-4 / RMSF,RMSF,Residue,23,0.050454978,nm,nm
line,overlay,wt-homo-4,wt-homo-4,rmsf,cqe6vj55,cqe6vj55::RMSF,wt-homo-4 / RMSF,RMSF,Residue,24,0.052994248,nm,nm
line,overlay,wt-homo-4,wt-homo-4,rmsf,cqe6vj55,cqe6vj55::RMSF,wt-homo-4 / RMSF,RMSF,Residue,25,0.054005217,nm,nm
line,overlay,wt-homo-4,wt-homo-4,rmsf,cqe6vj55,cqe6vj55::RMSF,wt-homo-4 / RMSF,RMSF,Residue,26,0.050558444,nm,nm
line,overlay,wt-homo-4,wt-homo-4,rmsf,cqe6vj55,cqe6vj55::RMSF,wt-homo-4 / RMSF,RMSF,Residue,27,0.052182253,nm,nm
line,overlay,wt-homo-4,wt-homo-4,rmsf,cqe6vj55,cqe6vj55::RMSF,wt-homo-4 / RMSF,RMSF,Residue,28,0.057935067,nm,nm
line,overlay,wt-homo-4,wt-homo-4,rmsf,cqe6vj55,cqe6vj55::RMSF,wt-homo-4 / RMSF,RMSF,Residue,29,0.05804141,nm,nm
line,overlay,wt-homo-4,wt-homo-4,rmsf,cqe6vj55,cqe6vj55::RMSF,wt-homo-4 / RMSF,RMSF,Residue,30,0.055809047,nm,nm
line,overlay,wt-homo-4,wt-homo-4,rmsf,cqe6vj55,cqe6vj55::RMSF,wt-homo-4 / RMSF,RMSF,Residue,31,0.06066035,nm,nm
line,overlay,wt-homo-4,wt-homo-4,rmsf,cqe6vj55,cqe6vj55::RMSF,wt-homo-4 / RMSF,RMSF,Residue,32,0.07469567,nm,nm
line,overlay,wt-homo-4,wt-homo-4,rmsf,cqe6vj55,cqe6vj55::RMSF,wt-homo-4 / RMSF,RMSF,Residue,33,0.07545008,nm,nm
line,overlay,wt-homo-4,wt-homo-4,rmsf,cqe6vj55,cqe6vj55::RMSF,wt-homo-4 / RMSF,RMSF,Residue,34,0.07766398,nm,nm
line,overlay,wt-homo-4,wt-homo-4,rmsf,cqe6vj55,cqe6vj55::RMSF,wt-homo-4 / RMSF,RMSF,Residue,35,0.06448675,nm,nm
line,overlay,wt-homo-4,wt-homo-4,rmsf,cqe6vj55,cqe6vj55::RMSF,wt-homo-4 / RMSF,RMSF,Residue,36,0.055510066,nm,nm
line,overlay,wt-homo-4,wt-homo-4,rmsf,cqe6vj55,cqe6vj55::RMSF,wt-homo-4 / RMSF,RMSF,Residue,37,0.047062702,nm,nm
line,overlay,wt-homo-4,wt-homo-4,rmsf,cqe6vj55,cqe6vj55::RMSF,wt-homo-4 / RMSF,RMSF,Residue,38,0.044485603,nm,nm
line,overlay,wt-homo-4,wt-homo-4,rmsf,cqe6vj55,cqe6vj55::RMSF,wt-homo-4 / RMSF,RMSF,Residue,39,0.049354427,nm,nm
line,overlay,wt-homo-4,wt-homo-4,rmsf,cqe6vj55,cqe6vj55::RMSF,wt-homo-4 / RMSF,RMSF,Residue,40,0.050476037,nm,nm
line,overlay,wt-homo-4,wt-homo-4,rmsf,cqe6vj55,cqe6vj55::RMSF,wt-homo-4 / RMSF,RMSF,Residue,41,0.05970102,nm,nm
line,overlay,wt-homo-4,wt-homo-4,rmsf,cqe6vj55,cqe6vj55::RMSF,wt-homo-4 / RMSF,RMSF,Residue,42,0.059490703,nm,nm
line,overlay,wt-homo-4,wt-homo-4,rmsf,cqe6vj55,cqe6vj55::RMSF,wt-homo-4 / RMSF,RMSF,Residue,43,0.06842743,nm,nm
line,overlay,wt-homo-4,wt-homo-4,rmsf,cqe6vj55,cqe6vj55::RMSF,wt-homo-4 / RMSF,RMSF,Residue,44,0.08418869,nm,nm
line,overlay,wt-homo-4,wt-homo-4,rmsf,cqe6vj55,cqe6vj55::RMSF,wt-homo-4 / RMSF,RMSF,Residue,45,0.07884533,nm,nm
line,overlay,wt-homo-4,wt-homo-4,rmsf,cqe6vj55,cqe6vj55::RMSF,wt-homo-4 / RMSF,RMSF,Residue,46,0.06968762,nm,nm
line,overlay,wt-homo-4,wt-homo-4,rmsf,cqe6vj55,cqe6vj55::RMSF,wt-homo-4 / RMSF,RMSF,Residue,47,0.095923945,nm,nm
line,overlay,wt-homo-4,wt-homo-4,rmsf,cqe6vj55,cqe6vj55::RMSF,wt-homo-4 / RMSF,RMSF,Residue,48,0.10082414,nm,nm
line,overlay,wt-homo-4,wt-homo-4,rmsf,cqe6vj55,cqe6vj55::RMSF,wt-homo-4 / RMSF,RMSF,Residue,49,0.07727391,nm,nm
line,overlay,wt-homo-4,wt-homo-4,rmsf,cqe6vj55,cqe6vj55::RMSF,wt-homo-4 / RMSF,RMSF,Residue,50,0.1098576,nm,nm
line,overlay,wt-homo-4,wt-homo-4,rmsf,cqe6vj55,cqe6vj55::RMSF,wt-homo-4 / RMSF,RMSF,Residue,51,0.1358021,nm,nm
line,overlay,wt-homo-4,wt-homo-4,rmsf,cqe6vj55,cqe6vj55::RMSF,wt-homo-4 / RMSF,RMSF,Residue,52,0.091738634,nm,nm
line,overlay,wt-homo-4,wt-homo-4,rmsf,cqe6vj55,cqe6vj55::RMSF,wt-homo-4 / RMSF,RMSF,Residue,53,0.13436355,nm,nm
line,overlay,wt-homo-4,wt-homo-4,rmsf,cqe6vj55,cqe6vj55::RMSF,wt-homo-4 / RMSF,RMSF,Residue,54,0.13000406,nm,nm
line,overlay,wt-homo-4,wt-homo-4,rmsf,cqe6vj55,cqe6vj55::RMSF,wt-homo-4 / RMSF,RMSF,Residue,55,0.103694715,nm,nm
line,overlay,wt-homo-4,wt-homo-4,rmsf,cqe6vj55,cqe6vj55::RMSF,wt-homo-4 / RMSF,RMSF,Residue,56,0.09976158,nm,nm
line,overlay,wt-homo-4,wt-homo-4,rmsf,cqe6vj55,cqe6vj55::RMSF,wt-homo-4 / RMSF,RMSF,Residue,57,0.10003512,nm,nm
line,overlay,wt-homo-4,wt-homo-4,rmsf,cqe6vj55,cqe6vj55::RMSF,wt-homo-4 / RMSF,RMSF,Residue,58,0.08115433,nm,nm
line,overlay,wt-homo-4,wt-homo-4,rmsf,cqe6vj55,cqe6vj55::RMSF,wt-homo-4 / RMSF,RMSF,Residue,59,0.07311027,nm,nm
line,overlay,wt-homo-4,wt-homo-4,rmsf,cqe6vj55,cqe6vj55::RMSF,wt-homo-4 / RMSF,RMSF,Residue,60,0.07360647,nm,nm
line,overlay,wt-homo-4,wt-homo-4,rmsf,cqe6vj55,cqe6vj55::RMSF,wt-homo-4 / RMSF,RMSF,Residue,61,0.082064204,nm,nm
line,overlay,wt-homo-4,wt-homo-4,rmsf,cqe6vj55,cqe6vj55::RMSF,wt-homo-4 / RMSF,RMSF,Residue,62,0.08107018,nm,nm
line,overlay,wt-homo-4,wt-homo-4,rmsf,cqe6vj55,cqe6vj55::RMSF,wt-homo-4 / RMSF,RMSF,Residue,63,0.10043213,nm,nm
line,overlay,wt-homo-4,wt-homo-4,rmsf,cqe6vj55,cqe6vj55::RMSF,wt-homo-4 / RMSF,RMSF,Residue,64,0.101773195,nm,nm
line,overlay,wt-homo-4,wt-homo-4,rmsf,cqe6vj55,cqe6vj55::RMSF,wt-homo-4 / RMSF,RMSF,Residue,65,0.07267668,nm,nm
line,overlay,wt-homo-4,wt-homo-4,rmsf,cqe6vj55,cqe6vj55::RMSF,wt-homo-4 / RMSF,RMSF,Residue,66,0.064346135,nm,nm
line,overlay,wt-homo-4,wt-homo-4,rmsf,cqe6vj55,cqe6vj55::RMSF,wt-homo-4 / RMSF,RMSF,Residue,67,0.05800809,nm,nm
line,overlay,wt-homo-4,wt-homo-4,rmsf,cqe6vj55,cqe6vj55::RMSF,wt-homo-4 / RMSF,RMSF,Residue,68,0.0608838,nm,nm
line,overlay,wt-homo-4,wt-homo-4,rmsf,cqe6vj55,cqe6vj55::RMSF,wt-homo-4 / RMSF,RMSF,Residue,69,0.060081426,nm,nm
line,overlay,wt-homo-4,wt-homo-4,rmsf,cqe6vj55,cqe6vj55::RMSF,wt-homo-4 / RMSF,RMSF,Residue,70,0.058387965,nm,nm
line,overlay,wt-homo-4,wt-homo-4,rmsf,cqe6vj55,cqe6vj55::RMSF,wt-homo-4 / RMSF,RMSF,Residue,71,0.058795094,nm,nm
line,overlay,wt-homo-4,wt-homo-4,rmsf,cqe6vj55,cqe6vj55::RMSF,wt-homo-4 / RMSF,RMSF,Residue,72,0.07490008,nm,nm
line,overlay,wt-homo-4,wt-homo-4,rmsf,cqe6vj55,cqe6vj55::RMSF,wt-homo-4 / RMSF,RMSF,Residue,73,0.085063666,nm,nm
line,overlay,wt-homo-4,wt-homo-4,rmsf,cqe6vj55,cqe6vj55::RMSF,wt-homo-4 / RMSF,RMSF,Residue,74,0.08972755,nm,nm
line,overlay,wt-homo-4,wt-homo-4,rmsf,cqe6vj55,cqe6vj55::RMSF,wt-homo-4 / RMSF,RMSF,Residue,75,0.12077013,nm,nm
line,overlay,wt-homo-4,wt-homo-4,rmsf,cqe6vj55,cqe6vj55::RMSF,wt-homo-4 / RMSF,RMSF,Residue,76,0.15502241,nm,nm
line,overlay,wt-homo-4,wt-homo-4,rmsf,cqe6vj55,cqe6vj55::RMSF,wt-homo-4 / RMSF,RMSF,Residue,77,0.19457425,nm,nm
line,overlay,wt-homo-4,wt-homo-4,rmsf,cqe6vj55,cqe6vj55::RMSF,wt-homo-4 / RMSF,RMSF,Residue,78,0.22010566,nm,nm
line,overlay,wt-homo-4,wt-homo-4,rmsf,cqe6vj55,cqe6vj55::RMSF,wt-homo-4 / RMSF,RMSF,Residue,79,0.24479201,nm,nm
line,overlay,wt-homo-4,wt-homo-4,rmsf,cqe6vj55,cqe6vj55::RMSF,wt-homo-4 / RMSF,RMSF,Residue,80,0.20456052,nm,nm
line,overlay,wt-homo-4,wt-homo-4,rmsf,cqe6vj55,cqe6vj55::RMSF,wt-homo-4 / RMSF,RMSF,Residue,81,0.2249159,nm,nm
line,overlay,wt-homo-4,wt-homo-4,rmsf,cqe6vj55,cqe6vj55::RMSF,wt-homo-4 / RMSF,RMSF,Residue,82,0.1982138,nm,nm
line,overlay,wt-homo-4,wt-homo-4,rmsf,cqe6vj55,cqe6vj55::RMSF,wt-homo-4 / RMSF,RMSF,Residue,83,0.13347396,nm,nm
line,overlay,wt-homo-4,wt-homo-4,rmsf,cqe6vj55,cqe6vj55::RMSF,wt-homo-4 / RMSF,RMSF,Residue,84,0.15495737,nm,nm
line,overlay,wt-homo-4,wt-homo-4,rmsf,cqe6vj55,cqe6vj55::RMSF,wt-homo-4 / RMSF,RMSF,Residue,85,0.15573229,nm,nm
line,overlay,wt-homo-4,wt-homo-4,rmsf,cqe6vj55,cqe6vj55::RMSF,wt-homo-4 / RMSF,RMSF,Residue,86,0.13667344,nm,nm
line,overlay,wt-homo-4,wt-homo-4,rmsf,cqe6vj55,cqe6vj55::RMSF,wt-homo-4 / RMSF,RMSF,Residue,87,0.13857274,nm,nm
line,overlay,wt-homo-4,wt-homo-4,rmsf,cqe6vj55,cqe6vj55::RMSF,wt-homo-4 / RMSF,RMSF,Residue,88,0.13497756,nm,nm
line,overlay,wt-homo-4,wt-homo-4,rmsf,cqe6vj55,cqe6vj55::RMSF,wt-homo-4 / RMSF,RMSF,Residue,89,0.10288071,nm,nm
line,overlay,wt-homo-4,wt-homo-4,rmsf,cqe6vj55,cqe6vj55::RMSF,wt-homo-4 / RMSF,RMSF,Residue,90,0.09788699,nm,nm
line,overlay,wt-homo-4,wt-homo-4,rmsf,cqe6vj55,cqe6vj55::RMSF,wt-homo-4 / RMSF,RMSF,Residue,91,0.09854487,nm,nm
line,overlay,wt-homo-4,wt-homo-4,rmsf,cqe6vj55,cqe6vj55::RMSF,wt-homo-4 / RMSF,RMSF,Residue,92,0.09107326,nm,nm
line,overlay,wt-homo-4,wt-homo-4,rmsf,cqe6vj55,cqe6vj55::RMSF,wt-homo-4 / RMSF,RMSF,Residue,93,0.07990231,nm,nm
line,overlay,wt-homo-4,wt-homo-4,rmsf,cqe6vj55,cqe6vj55::RMSF,wt-homo-4 / RMSF,RMSF,Residue,94,0.081680045,nm,nm
line,overlay,wt-homo-4,wt-homo-4,rmsf,cqe6vj55,cqe6vj55::RMSF,wt-homo-4 / RMSF,RMSF,Residue,95,0.08452966,nm,nm
line,overlay,wt-homo-4,wt-homo-4,rmsf,cqe6vj55,cqe6vj55::RMSF,wt-homo-4 / RMSF,RMSF,Residue,96,0.07902741,nm,nm
line,overlay,wt-homo-4,wt-homo-4,rmsf,cqe6vj55,cqe6vj55::RMSF,wt-homo-4 / RMSF,RMSF,Residue,97,0.0780745,nm,nm
line,overlay,wt-homo-4,wt-homo-4,rmsf,cqe6vj55,cqe6vj55::RMSF,wt-homo-4 / RMSF,RMSF,Residue,98,0.07960712,nm,nm
line,overlay,wt-homo-4,wt-homo-4,rmsf,cqe6vj55,cqe6vj55::RMSF,wt-homo-4 / RMSF,RMSF,Residue,99,0.07689627,nm,nm
line,overlay,wt-homo-4,wt-homo-4,rmsf,cqe6vj55,cqe6vj55::RMSF,wt-homo-4 / RMSF,RMSF,Residue,100,0.061735205,nm,nm
line,overlay,wt-homo-4,wt-homo-4,rmsf,cqe6vj55,cqe6vj55::RMSF,wt-homo-4 / RMSF,RMSF,Residue,101,0.057903644,nm,nm
line,overlay,wt-homo-4,wt-homo-4,rmsf,cqe6vj55,cqe6vj55::RMSF,wt-homo-4 / RMSF,RMSF,Residue,102,0.06115589,nm,nm
line,overlay,wt-homo-4,wt-homo-4,rmsf,cqe6vj55,cqe6vj55::RMSF,wt-homo-4 / RMSF,RMSF,Residue,103,0.06383975,nm,nm
line,overlay,wt-homo-4,wt-homo-4,rmsf,cqe6vj55,cqe6vj55::RMSF,wt-homo-4 / RMSF,RMSF,Residue,104,0.060042694,nm,nm
line,overlay,wt-homo-4,wt-homo-4,rmsf,cqe6vj55,cqe6vj55::RMSF,wt-homo-4 / RMSF,RMSF,Residue,105,0.06191378,nm,nm
line,overlay,wt-homo-4,wt-homo-4,rmsf,cqe6vj55,cqe6vj55::RMSF,wt-homo-4 / RMSF,RMSF,Residue,106,0.06979397,nm,nm
line,overlay,wt-homo-4,wt-homo-4,rmsf,cqe6vj55,cqe6vj55::RMSF,wt-homo-4 / RMSF,RMSF,Residue,107,0.075014256,nm,nm
line,overlay,wt-homo-4,wt-homo-4,rmsf,cqe6vj55,cqe6vj55::RMSF,wt-homo-4 / RMSF,RMSF,Residue,108,0.06834374,nm,nm
line,overlay,wt-homo-4,wt-homo-4,rmsf,cqe6vj55,cqe6vj55::RMSF,wt-homo-4 / RMSF,RMSF,Residue,109,0.08119332,nm,nm
line,overlay,wt-homo-4,wt-homo-4,rmsf,cqe6vj55,cqe6vj55::RMSF,wt-homo-4 / RMSF,RMSF,Residue,110,0.10031375,nm,nm
line,overlay,wt-homo-4,wt-homo-4,rmsf,cqe6vj55,cqe6vj55::RMSF,wt-homo-4 / RMSF,RMSF,Residue,111,0.10232237,nm,nm
line,overlay,wt-homo-4,wt-homo-4,rmsf,cqe6vj55,cqe6vj55::RMSF,wt-homo-4 / RMSF,RMSF,Residue,112,0.09763364,nm,nm
line,overlay,wt-homo-4,wt-homo-4,rmsf,cqe6vj55,cqe6vj55::RMSF,wt-homo-4 / RMSF,RMSF,Residue,113,0.07300609,nm,nm
line,overlay,wt-homo-4,wt-homo-4,rmsf,cqe6vj55,cqe6vj55::RMSF,wt-homo-4 / RMSF,RMSF,Residue,114,0.06845017,nm,nm
line,overlay,wt-homo-4,wt-homo-4,rmsf,cqe6vj55,cqe6vj55::RMSF,wt-homo-4 / RMSF,RMSF,Residue,115,0.055515196,nm,nm
line,overlay,wt-homo-4,wt-homo-4,rmsf,cqe6vj55,cqe6vj55::RMSF,wt-homo-4 / RMSF,RMSF,Residue,116,0.057135448,nm,nm
line,overlay,wt-homo-4,wt-homo-4,rmsf,cqe6vj55,cqe6vj55::RMSF,wt-homo-4 / RMSF,RMSF,Residue,117,0.051313594,nm,nm
line,overlay,wt-homo-4,wt-homo-4,rmsf,cqe6vj55,cqe6vj55::RMSF,wt-homo-4 / RMSF,RMSF,Residue,118,0.044893887,nm,nm
line,overlay,wt-homo-4,wt-homo-4,rmsf,cqe6vj55,cqe6vj55::RMSF,wt-homo-4 / RMSF,RMSF,Residue,119,0.04620426,nm,nm
line,overlay,wt-homo-4,wt-homo-4,rmsf,cqe6vj55,cqe6vj55::RMSF,wt-homo-4 / RMSF,RMSF,Residue,120,0.044736627,nm,nm
line,overlay,wt-homo-4,wt-homo-4,rmsf,cqe6vj55,cqe6vj55::RMSF,wt-homo-4 / RMSF,RMSF,Residue,121,0.04378624,nm,nm
line,overlay,wt-homo-4,wt-homo-4,rmsf,cqe6vj55,cqe6vj55::RMSF,wt-homo-4 / RMSF,RMSF,Residue,122,0.066079065,nm,nm
line,overlay,wt-homo-4,wt-homo-4,rmsf,cqe6vj55,cqe6vj55::RMSF,wt-homo-4 / RMSF,RMSF,Residue,123,0.06559299,nm,nm
line,overlay,wt-homo-4,wt-homo-4,rmsf,cqe6vj55,cqe6vj55::RMSF,wt-homo-4 / RMSF,RMSF,Residue,124,0.06816751,nm,nm
line,overlay,wt-homo-4,wt-homo-4,rmsf,cqe6vj55,cqe6vj55::RMSF,wt-homo-4 / RMSF,RMSF,Residue,125,0.08290468,nm,nm
line,overlay,wt-homo-4,wt-homo-4,rmsf,cqe6vj55,cqe6vj55::RMSF,wt-homo-4 / RMSF,RMSF,Residue,126,0.06900414,nm,nm
line,overlay,wt-homo-4,wt-homo-4,rmsf,cqe6vj55,cqe6vj55::RMSF,wt-homo-4 / RMSF,RMSF,Residue,127,0.062634684,nm,nm
line,overlay,wt-homo-4,wt-homo-4,rmsf,cqe6vj55,cqe6vj55::RMSF,wt-homo-4 / RMSF,RMSF,Residue,128,0.075296514,nm,nm
line,overlay,wt-homo-4,wt-homo-4,rmsf,cqe6vj55,cqe6vj55::RMSF,wt-homo-4 / RMSF,RMSF,Residue,129,0.081653945,nm,nm
line,overlay,wt-homo-4,wt-homo-4,rmsf,cqe6vj55,cqe6vj55::RMSF,wt-homo-4 / RMSF,RMSF,Residue,130,0.061744645,nm,nm
line,overlay,wt-homo-4,wt-homo-4,rmsf,cqe6vj55,cqe6vj55::RMSF,wt-homo-4 / RMSF,RMSF,Residue,131,0.0644896,nm,nm
line,overlay,wt-homo-4,wt-homo-4,rmsf,cqe6vj55,cqe6vj55::RMSF,wt-homo-4 / RMSF,RMSF,Residue,132,0.08547132,nm,nm
line,overlay,wt-homo-4,wt-homo-4,rmsf,cqe6vj55,cqe6vj55::RMSF,wt-homo-4 / RMSF,RMSF,Residue,133,0.08210252,nm,nm
line,overlay,wt-homo-4,wt-homo-4,rmsf,cqe6vj55,cqe6vj55::RMSF,wt-homo-4 / RMSF,RMSF,Residue,134,0.073598534,nm,nm
line,overlay,wt-homo-4,wt-homo-4,rmsf,cqe6vj55,cqe6vj55::RMSF,wt-homo-4 / RMSF,RMSF,Residue,135,0.08502148,nm,nm
line,overlay,wt-homo-4,wt-homo-4,rmsf,cqe6vj55,cqe6vj55::RMSF,wt-homo-4 / RMSF,RMSF,Residue,136,0.062210757,nm,nm
line,overlay,wt-homo-4,wt-homo-4,rmsf,cqe6vj55,cqe6vj55::RMSF,wt-homo-4 / RMSF,RMSF,Residue,137,0.049352676,nm,nm
line,overlay,wt-homo-4,wt-homo-4,rmsf,cqe6vj55,cqe6vj55::RMSF,wt-homo-4 / RMSF,RMSF,Residue,138,0.045845967,nm,nm
line,overlay,wt-homo-4,wt-homo-4,rmsf,cqe6vj55,cqe6vj55::RMSF,wt-homo-4 / RMSF,RMSF,Residue,139,0.042951927,nm,nm
line,overlay,wt-homo-4,wt-homo-4,rmsf,cqe6vj55,cqe6vj55::RMSF,wt-homo-4 / RMSF,RMSF,Residue,140,0.04595225,nm,nm
line,overlay,wt-homo-4,wt-homo-4,rmsf,cqe6vj55,cqe6vj55::RMSF,wt-homo-4 / RMSF,RMSF,Residue,141,0.043564867,nm,nm
line,overlay,wt-homo-4,wt-homo-4,rmsf,cqe6vj55,cqe6vj55::RMSF,wt-homo-4 / RMSF,RMSF,Residue,142,0.047065943,nm,nm
line,overlay,wt-homo-4,wt-homo-4,rmsf,cqe6vj55,cqe6vj55::RMSF,wt-homo-4 / RMSF,RMSF,Residue,143,0.05644989,nm,nm
line,overlay,wt-homo-4,wt-homo-4,rmsf,cqe6vj55,cqe6vj55::RMSF,wt-homo-4 / RMSF,RMSF,Residue,144,0.047291484,nm,nm
line,overlay,wt-homo-4,wt-homo-4,rmsf,cqe6vj55,cqe6vj55::RMSF,wt-homo-4 / RMSF,RMSF,Residue,145,0.052045755,nm,nm
line,overlay,wt-homo-4,wt-homo-4,rmsf,cqe6vj55,cqe6vj55::RMSF,wt-homo-4 / RMSF,RMSF,Residue,146,0.05617172,nm,nm
line,overlay,wt-homo-4,wt-homo-4,rmsf,cqe6vj55,cqe6vj55::RMSF,wt-homo-4 / RMSF,RMSF,Residue,147,0.05988358,nm,nm
line,overlay,wt-homo-4,wt-homo-4,rmsf,cqe6vj55,cqe6vj55::RMSF,wt-homo-4 / RMSF,RMSF,Residue,148,0.054286905,nm,nm
line,overlay,wt-homo-4,wt-homo-4,rmsf,cqe6vj55,cqe6vj55::RMSF,wt-homo-4 / RMSF,RMSF,Residue,149,0.051245295,nm,nm
line,overlay,wt-homo-4,wt-homo-4,rmsf,cqe6vj55,cqe6vj55::RMSF,wt-homo-4 / RMSF,RMSF,Residue,150,0.05457091,nm,nm
line,overlay,wt-homo-4,wt-homo-4,rmsf,cqe6vj55,cqe6vj55::RMSF,wt-homo-4 / RMSF,RMSF,Residue,151,0.058571298,nm,nm
line,overlay,wt-homo-4,wt-homo-4,rmsf,cqe6vj55,cqe6vj55::RMSF,wt-homo-4 / RMSF,RMSF,Residue,152,0.06243449,nm,nm
line,overlay,wt-homo-4,wt-homo-4,rmsf,cqe6vj55,cqe6vj55::RMSF,wt-homo-4 / RMSF,RMSF,Residue,153,0.06501046,nm,nm
line,overlay,wt-homo-4,wt-homo-4,rmsf,cqe6vj55,cqe6vj55::RMSF,wt-homo-4 / RMSF,RMSF,Residue,154,0.08194778,nm,nm
line,overlay,wt-homo-4,wt-homo-4,rmsf,cqe6vj55,cqe6vj55::RMSF,wt-homo-4 / RMSF,RMSF,Residue,155,0.08718886,nm,nm
line,overlay,wt-homo-4,wt-homo-4,rmsf,cqe6vj55,cqe6vj55::RMSF,wt-homo-4 / RMSF,RMSF,Residue,156,0.093280666,nm,nm
line,overlay,wt-homo-4,wt-homo-4,rmsf,cqe6vj55,cqe6vj55::RMSF,wt-homo-4 / RMSF,RMSF,Residue,157,0.11236699,nm,nm
line,overlay,wt-homo-4,wt-homo-4,rmsf,cqe6vj55,cqe6vj55::RMSF,wt-homo-4 / RMSF,RMSF,Residue,158,0.13027675,nm,nm
line,overlay,wt-homo-4,wt-homo-4,rmsf,cqe6vj55,cqe6vj55::RMSF,wt-homo-4 / RMSF,RMSF,Residue,159,0.1177094,nm,nm
line,overlay,wt-homo-4,wt-homo-4,rmsf,cqe6vj55,cqe6vj55::RMSF,wt-homo-4 / RMSF,RMSF,Residue,160,0.11828294,nm,nm
line,overlay,wt-homo-4,wt-homo-4,rmsf,cqe6vj55,cqe6vj55::RMSF,wt-homo-4 / RMSF,RMSF,Residue,161,0.14558382,nm,nm
line,overlay,wt-homo-4,wt-homo-4,rmsf,cqe6vj55,cqe6vj55::RMSF,wt-homo-4 / RMSF,RMSF,Residue,162,0.21109721,nm,nm
line,overlay,wt-homo-4,wt-homo-4,rmsf,cqe6vj55,cqe6vj55::RMSF,wt-homo-4 / RMSF,RMSF,Residue,163,0.24296945,nm,nm
line,overlay,wt-homo-4,wt-homo-4,rmsf,cqe6vj55,cqe6vj55::RMSF,wt-homo-4 / RMSF,RMSF,Residue,164,0.28055894,nm,nm
line,overlay,wt-homo-4,wt-homo-4,rmsf,cqe6vj55,cqe6vj55::RMSF,wt-homo-4 / RMSF,RMSF,Residue,165,0.33852503,nm,nm
line,overlay,wt-homo-4,wt-homo-4,rmsf,cqe6vj55,cqe6vj55::RMSF,wt-homo-4 / RMSF,RMSF,Residue,166,0.3668004,nm,nm
line,overlay,wt-homo-4,wt-homo-4,rmsf,cqe6vj55,cqe6vj55::RMSF,wt-homo-4 / RMSF,RMSF,Residue,167,0.32540578,nm,nm
line,overlay,wt-homo-4,wt-homo-4,rmsf,cqe6vj55,cqe6vj55::RMSF,wt-homo-4 / RMSF,RMSF,Residue,168,0.33067924,nm,nm
line,overlay,wt-homo-4,wt-homo-4,rmsf,cqe6vj55,cqe6vj55::RMSF,wt-homo-4 / RMSF,RMSF,Residue,169,0.2948731,nm,nm
line,overlay,wt-homo-4,wt-homo-4,rmsf,cqe6vj55,cqe6vj55::RMSF,wt-homo-4 / RMSF,RMSF,Residue,170,0.22335386,nm,nm
line,overlay,wt-homo-4,wt-homo-4,rmsf,cqe6vj55,cqe6vj55::RMSF,wt-homo-4 / RMSF,RMSF,Residue,171,0.15283477,nm,nm
line,overlay,wt-homo-4,wt-homo-4,rmsf,cqe6vj55,cqe6vj55::RMSF,wt-homo-4 / RMSF,RMSF,Residue,172,0.12187909,nm,nm
line,overlay,wt-homo-4,wt-homo-4,rmsf,cqe6vj55,cqe6vj55::RMSF,wt-homo-4 / RMSF,RMSF,Residue,173,0.12082409,nm,nm
line,overlay,wt-homo-4,wt-homo-4,rmsf,cqe6vj55,cqe6vj55::RMSF,wt-homo-4 / RMSF,RMSF,Residue,174,0.10082702,nm,nm
line,overlay,wt-homo-4,wt-homo-4,rmsf,cqe6vj55,cqe6vj55::RMSF,wt-homo-4 / RMSF,RMSF,Residue,175,0.13222925,nm,nm
line,overlay,wt-homo-4,wt-homo-4,rmsf,cqe6vj55,cqe6vj55::RMSF,wt-homo-4 / RMSF,RMSF,Residue,176,0.12898731,nm,nm
line,overlay,wt-homo-4,wt-homo-4,rmsf,cqe6vj55,cqe6vj55::RMSF,wt-homo-4 / RMSF,RMSF,Residue,177,0.09401194,nm,nm
line,overlay,wt-homo-4,wt-homo-4,rmsf,cqe6vj55,cqe6vj55::RMSF,wt-homo-4 / RMSF,RMSF,Residue,178,0.0981517,nm,nm
line,overlay,wt-homo-4,wt-homo-4,rmsf,cqe6vj55,cqe6vj55::RMSF,wt-homo-4 / RMSF,RMSF,Residue,179,0.09190155,nm,nm
line,overlay,wt-homo-4,wt-homo-4,rmsf,cqe6vj55,cqe6vj55::RMSF,wt-homo-4 / RMSF,RMSF,Residue,180,0.08548261,nm,nm
line,overlay,wt-homo-4,wt-homo-4,rmsf,cqe6vj55,cqe6vj55::RMSF,wt-homo-4 / RMSF,RMSF,Residue,181,0.09465488,nm,nm
line,overlay,wt-homo-4,wt-homo-4,rmsf,cqe6vj55,cqe6vj55::RMSF,wt-homo-4 / RMSF,RMSF,Residue,182,0.10819489,nm,nm
line,overlay,wt-homo-4,wt-homo-4,rmsf,cqe6vj55,cqe6vj55::RMSF,wt-homo-4 / RMSF,RMSF,Residue,183,0.13933656,nm,nm
line,overlay,wt-homo-4,wt-homo-4,rmsf,cqe6vj55,cqe6vj55::RMSF,wt-homo-4 / RMSF,RMSF,Residue,184,0.11364693,nm,nm
line,overlay,wt-homo-4,wt-homo-4,rmsf,cqe6vj55,cqe6vj55::RMSF,wt-homo-4 / RMSF,RMSF,Residue,185,0.08729,nm,nm
line,overlay,wt-homo-4,wt-homo-4,rmsf,cqe6vj55,cqe6vj55::RMSF,wt-homo-4 / RMSF,RMSF,Residue,186,0.09144477,nm,nm
line,overlay,wt-homo-4,wt-homo-4,rmsf,cqe6vj55,cqe6vj55::RMSF,wt-homo-4 / RMSF,RMSF,Residue,187,0.123953894,nm,nm
line,overlay,wt-homo-4,wt-homo-4,rmsf,cqe6vj55,cqe6vj55::RMSF,wt-homo-4 / RMSF,RMSF,Residue,188,0.116289444,nm,nm
line,overlay,wt-homo-4,wt-homo-4,rmsf,cqe6vj55,cqe6vj55::RMSF,wt-homo-4 / RMSF,RMSF,Residue,189,0.12569213,nm,nm
line,overlay,wt-homo-4,wt-homo-4,rmsf,cqe6vj55,cqe6vj55::RMSF,wt-homo-4 / RMSF,RMSF,Residue,190,0.15855977,nm,nm
line,overlay,wt-homo-4,wt-homo-4,rmsf,cqe6vj55,cqe6vj55::RMSF,wt-homo-4 / RMSF,RMSF,Residue,191,0.20202205,nm,nm
line,overlay,wt-homo-4,wt-homo-4,rmsf,cqe6vj55,cqe6vj55::RMSF,wt-homo-4 / RMSF,RMSF,Residue,192,0.20408061,nm,nm
line,overlay,wt-homo-4,wt-homo-4,rmsf,cqe6vj55,cqe6vj55::RMSF,wt-homo-4 / RMSF,RMSF,Residue,193,0.1562671,nm,nm
line,overlay,wt-homo-4,wt-homo-4,rmsf,cqe6vj55,cqe6vj55::RMSF,wt-homo-4 / RMSF,RMSF,Residue,194,0.18995751,nm,nm
line,overlay,wt-homo-4,wt-homo-4,rmsf,cqe6vj55,cqe6vj55::RMSF,wt-homo-4 / RMSF,RMSF,Residue,195,0.14741947,nm,nm
line,overlay,wt-homo-4,wt-homo-4,rmsf,cqe6vj55,cqe6vj55::RMSF,wt-homo-4 / RMSF,RMSF,Residue,196,0.12280526,nm,nm
line,overlay,wt-homo-4,wt-homo-4,rmsf,cqe6vj55,cqe6vj55::RMSF,wt-homo-4 / RMSF,RMSF,Residue,197,0.11766522,nm,nm
line,overlay,wt-homo-4,wt-homo-4,rmsf,cqe6vj55,cqe6vj55::RMSF,wt-homo-4 / RMSF,RMSF,Residue,198,0.108819075,nm,nm
line,overlay,wt-homo-4,wt-homo-4,rmsf,cqe6vj55,cqe6vj55::RMSF,wt-homo-4 / RMSF,RMSF,Residue,199,0.08973718,nm,nm
line,overlay,wt-homo-4,wt-homo-4,rmsf,cqe6vj55,cqe6vj55::RMSF,wt-homo-4 / RMSF,RMSF,Residue,200,0.089381315,nm,nm
line,overlay,wt-homo-4,wt-homo-4,rmsf,cqe6vj55,cqe6vj55::RMSF,wt-homo-4 / RMSF,RMSF,Residue,201,0.09052135,nm,nm
line,overlay,wt-homo-4,wt-homo-4,rmsf,cqe6vj55,cqe6vj55::RMSF,wt-homo-4 / RMSF,RMSF,Residue,202,0.09069871,nm,nm
line,overlay,wt-homo-4,wt-homo-4,rmsf,cqe6vj55,cqe6vj55::RMSF,wt-homo-4 / RMSF,RMSF,Residue,203,0.08964541,nm,nm
line,overlay,wt-homo-4,wt-homo-4,rmsf,cqe6vj55,cqe6vj55::RMSF,wt-homo-4 / RMSF,RMSF,Residue,204,0.09317443,nm,nm
line,overlay,wt-homo-4,wt-homo-4,rmsf,cqe6vj55,cqe6vj55::RMSF,wt-homo-4 / RMSF,RMSF,Residue,205,0.08525719,nm,nm
line,overlay,wt-homo-4,wt-homo-4,rmsf,cqe6vj55,cqe6vj55::RMSF,wt-homo-4 / RMSF,RMSF,Residue,206,0.06790019,nm,nm
line,overlay,wt-homo-4,wt-homo-4,rmsf,cqe6vj55,cqe6vj55::RMSF,wt-homo-4 / RMSF,RMSF,Residue,207,0.06960987,nm,nm
line,overlay,wt-homo-4,wt-homo-4,rmsf,cqe6vj55,cqe6vj55::RMSF,wt-homo-4 / RMSF,RMSF,Residue,208,0.07224994,nm,nm
line,overlay,wt-homo-4,wt-homo-4,rmsf,cqe6vj55,cqe6vj55::RMSF,wt-homo-4 / RMSF,RMSF,Residue,209,0.071521014,nm,nm
line,overlay,wt-homo-4,wt-homo-4,rmsf,cqe6vj55,cqe6vj55::RMSF,wt-homo-4 / RMSF,RMSF,Residue,210,0.093464956,nm,nm
line,overlay,wt-homo-4,wt-homo-4,rmsf,cqe6vj55,cqe6vj55::RMSF,wt-homo-4 / RMSF,RMSF,Residue,211,0.07706283,nm,nm
line,overlay,wt-homo-4,wt-homo-4,rmsf,cqe6vj55,cqe6vj55::RMSF,wt-homo-4 / RMSF,RMSF,Residue,212,0.060592387,nm,nm
line,overlay,wt-homo-4,wt-homo-4,rmsf,cqe6vj55,cqe6vj55::RMSF,wt-homo-4 / RMSF,RMSF,Residue,213,0.054282878,nm,nm
line,overlay,wt-homo-4,wt-homo-4,rmsf,cqe6vj55,cqe6vj55::RMSF,wt-homo-4 / RMSF,RMSF,Residue,214,0.053216938,nm,nm
line,overlay,wt-homo-4,wt-homo-4,rmsf,cqe6vj55,cqe6vj55::RMSF,wt-homo-4 / RMSF,RMSF,Residue,215,0.04968252,nm,nm
line,overlay,wt-homo-4,wt-homo-4,rmsf,cqe6vj55,cqe6vj55::RMSF,wt-homo-4 / RMSF,RMSF,Residue,216,0.048216846,nm,nm
line,overlay,wt-homo-4,wt-homo-4,rmsf,cqe6vj55,cqe6vj55::RMSF,wt-homo-4 / RMSF,RMSF,Residue,217,0.050240695,nm,nm
line,overlay,wt-homo-4,wt-homo-4,rmsf,cqe6vj55,cqe6vj55::RMSF,wt-homo-4 / RMSF,RMSF,Residue,218,0.049821805,nm,nm
line,overlay,wt-homo-4,wt-homo-4,rmsf,cqe6vj55,cqe6vj55::RMSF,wt-homo-4 / RMSF,RMSF,Residue,219,0.046340622,nm,nm
line,overlay,wt-homo-4,wt-homo-4,rmsf,cqe6vj55,cqe6vj55::RMSF,wt-homo-4 / RMSF,RMSF,Residue,220,0.051390916,nm,nm
line,overlay,wt-homo-4,wt-homo-4,rmsf,cqe6vj55,cqe6vj55::RMSF,wt-homo-4 / RMSF,RMSF,Residue,221,0.07132401,nm,nm
line,overlay,wt-homo-4,wt-homo-4,rmsf,cqe6vj55,cqe6vj55::RMSF,wt-homo-4 / RMSF,RMSF,Residue,222,0.061511863,nm,nm
line,overlay,wt-homo-4,wt-homo-4,rmsf,cqe6vj55,cqe6vj55::RMSF,wt-homo-4 / RMSF,RMSF,Residue,223,0.057617273,nm,nm
line,overlay,wt-homo-4,wt-homo-4,rmsf,cqe6vj55,cqe6vj55::RMSF,wt-homo-4 / RMSF,RMSF,Residue,224,0.06367902,nm,nm
line,overlay,wt-homo-4,wt-homo-4,rmsf,cqe6vj55,cqe6vj55::RMSF,wt-homo-4 / RMSF,RMSF,Residue,225,0.08228967,nm,nm
line,overlay,wt-homo-4,wt-homo-4,rmsf,cqe6vj55,cqe6vj55::RMSF,wt-homo-4 / RMSF,RMSF,Residue,226,0.08100984,nm,nm
line,overlay,wt-homo-4,wt-homo-4,rmsf,cqe6vj55,cqe6vj55::RMSF,wt-homo-4 / RMSF,RMSF,Residue,227,0.06818076,nm,nm
line,overlay,wt-homo-4,wt-homo-4,rmsf,cqe6vj55,cqe6vj55::RMSF,wt-homo-4 / RMSF,RMSF,Residue,228,0.08013136,nm,nm
line,overlay,wt-homo-4,wt-homo-4,rmsf,cqe6vj55,cqe6vj55::RMSF,wt-homo-4 / RMSF,RMSF,Residue,229,0.08887694,nm,nm
line,overlay,wt-homo-4,wt-homo-4,rmsf,cqe6vj55,cqe6vj55::RMSF,wt-homo-4 / RMSF,RMSF,Residue,230,0.069427095,nm,nm
line,overlay,wt-homo-4,wt-homo-4,rmsf,cqe6vj55,cqe6vj55::RMSF,wt-homo-4 / RMSF,RMSF,Residue,231,0.067787856,nm,nm
line,overlay,wt-homo-4,wt-homo-4,rmsf,cqe6vj55,cqe6vj55::RMSF,wt-homo-4 / RMSF,RMSF,Residue,232,0.08557672,nm,nm
line,overlay,wt-homo-4,wt-homo-4,rmsf,cqe6vj55,cqe6vj55::RMSF,wt-homo-4 / RMSF,RMSF,Residue,233,0.10405732,nm,nm
line,overlay,wt-homo-4,wt-homo-4,rmsf,cqe6vj55,cqe6vj55::RMSF,wt-homo-4 / RMSF,RMSF,Residue,234,0.09212307,nm,nm
line,overlay,wt-homo-4,wt-homo-4,rmsf,cqe6vj55,cqe6vj55::RMSF,wt-homo-4 / RMSF,RMSF,Residue,235,0.06489443,nm,nm
line,overlay,wt-homo-4,wt-homo-4,rmsf,cqe6vj55,cqe6vj55::RMSF,wt-homo-4 / RMSF,RMSF,Residue,236,0.058876507,nm,nm
line,overlay,wt-homo-4,wt-homo-4,rmsf,cqe6vj55,cqe6vj55::RMSF,wt-homo-4 / RMSF,RMSF,Residue,237,0.056778844,nm,nm
line,overlay,wt-homo-4,wt-homo-4,rmsf,cqe6vj55,cqe6vj55::RMSF,wt-homo-4 / RMSF,RMSF,Residue,238,0.05099894,nm,nm
line,overlay,wt-homo-4,wt-homo-4,rmsf,cqe6vj55,cqe6vj55::RMSF,wt-homo-4 / RMSF,RMSF,Residue,239,0.049494404,nm,nm
line,overlay,wt-homo-4,wt-homo-4,rmsf,cqe6vj55,cqe6vj55::RMSF,wt-homo-4 / RMSF,RMSF,Residue,240,0.049200807,nm,nm
line,overlay,wt-homo-4,wt-homo-4,rmsf,cqe6vj55,cqe6vj55::RMSF,wt-homo-4 / RMSF,RMSF,Residue,241,0.054202855,nm,nm
line,overlay,wt-homo-4,wt-homo-4,rmsf,cqe6vj55,cqe6vj55::RMSF,wt-homo-4 / RMSF,RMSF,Residue,242,0.053089116,nm,nm
line,overlay,wt-homo-4,wt-homo-4,rmsf,cqe6vj55,cqe6vj55::RMSF,wt-homo-4 / RMSF,RMSF,Residue,243,0.058272664,nm,nm
line,overlay,wt-homo-4,wt-homo-4,rmsf,cqe6vj55,cqe6vj55::RMSF,wt-homo-4 / RMSF,RMSF,Residue,244,0.0869614,nm,nm
line,overlay,wt-homo-4,wt-homo-4,rmsf,cqe6vj55,cqe6vj55::RMSF,wt-homo-4 / RMSF,RMSF,Residue,245,0.08446122,nm,nm
line,overlay,wt-homo-4,wt-homo-4,rmsf,cqe6vj55,cqe6vj55::RMSF,wt-homo-4 / RMSF,RMSF,Residue,246,0.12932593,nm,nm
line,overlay,wt-homo-4,wt-homo-4,rmsf,cqe6vj55,cqe6vj55::RMSF,wt-homo-4 / RMSF,RMSF,Residue,247,0.18006629,nm,nm
line,overlay,wt-homo-4,wt-homo-4,rmsf,cqe6vj55,cqe6vj55::RMSF,wt-homo-4 / RMSF,RMSF,Residue,248,0.21710517,nm,nm
line,overlay,wt-homo-4,wt-homo-4,rmsf,cqe6vj55,cqe6vj55::RMSF,wt-homo-4 / RMSF,RMSF,Residue,249,0.22798263,nm,nm
line,overlay,wt-homo-4,wt-homo-4,rmsf,cqe6vj55,cqe6vj55::RMSF,wt-homo-4 / RMSF,RMSF,Residue,250,0.26033568,nm,nm
line,overlay,wt-homo-4,wt-homo-4,rmsf,cqe6vj55,cqe6vj55::RMSF,wt-homo-4 / RMSF,RMSF,Residue,251,0.19969979,nm,nm
line,overlay,wt-homo-4,wt-homo-4,rmsf,cqe6vj55,cqe6vj55::RMSF,wt-homo-4 / RMSF,RMSF,Residue,252,0.15670784,nm,nm
line,overlay,wt-homo-4,wt-homo-4,rmsf,cqe6vj55,cqe6vj55::RMSF,wt-homo-4 / RMSF,RMSF,Residue,253,0.21912585,nm,nm
line,overlay,wt-homo-4,wt-homo-4,rmsf,cqe6vj55,cqe6vj55::RMSF,wt-homo-4 / RMSF,RMSF,Residue,254,0.10343866,nm,nm
line,overlay,wt-homo-4,wt-homo-4,rmsf,cqe6vj55,cqe6vj55::RMSF,wt-homo-4 / RMSF,RMSF,Residue,255,0.09404771,nm,nm
line,overlay,wt-homo-4,wt-homo-4,rmsf,cqe6vj55,cqe6vj55::RMSF,wt-homo-4 / RMSF,RMSF,Residue,256,0.0886708,nm,nm
line,overlay,wt-homo-4,wt-homo-4,rmsf,cqe6vj55,cqe6vj55::RMSF,wt-homo-4 / RMSF,RMSF,Residue,257,0.07275294,nm,nm
line,overlay,wt-homo-4,wt-homo-4,rmsf,cqe6vj55,cqe6vj55::RMSF,wt-homo-4 / RMSF,RMSF,Residue,258,0.08027716,nm,nm
line,overlay,wt-homo-4,wt-homo-4,rmsf,cqe6vj55,cqe6vj55::RMSF,wt-homo-4 / RMSF,RMSF,Residue,259,0.09490111,nm,nm
line,overlay,wt-homo-4,wt-homo-4,rmsf,cqe6vj55,cqe6vj55::RMSF,wt-homo-4 / RMSF,RMSF,Residue,260,0.08240765,nm,nm
line,overlay,wt-homo-4,wt-homo-4,rmsf,cqe6vj55,cqe6vj55::RMSF,wt-homo-4 / RMSF,RMSF,Residue,261,0.085054405,nm,nm
line,overlay,wt-homo-4,wt-homo-4,rmsf,cqe6vj55,cqe6vj55::RMSF,wt-homo-4 / RMSF,RMSF,Residue,262,0.08268471,nm,nm
line,overlay,wt-homo-4,wt-homo-4,rmsf,cqe6vj55,cqe6vj55::RMSF,wt-homo-4 / RMSF,RMSF,Residue,263,0.08788882,nm,nm
line,overlay,wt-homo-4,wt-homo-4,rmsf,cqe6vj55,cqe6vj55::RMSF,wt-homo-4 / RMSF,RMSF,Residue,264,0.08401389,nm,nm
line,overlay,wt-homo-4,wt-homo-4,rmsf,cqe6vj55,cqe6vj55::RMSF,wt-homo-4 / RMSF,RMSF,Residue,265,0.08338921,nm,nm
line,overlay,wt-homo-4,wt-homo-4,rmsf,cqe6vj55,cqe6vj55::RMSF,wt-homo-4 / RMSF,RMSF,Residue,266,0.09931842,nm,nm
line,overlay,wt-homo-4,wt-homo-4,rmsf,cqe6vj55,cqe6vj55::RMSF,wt-homo-4 / RMSF,RMSF,Residue,267,0.08566909,nm,nm
line,overlay,wt-homo-4,wt-homo-4,rmsf,cqe6vj55,cqe6vj55::RMSF,wt-homo-4 / RMSF,RMSF,Residue,268,0.073088564,nm,nm
line,overlay,wt-homo-4,wt-homo-4,rmsf,cqe6vj55,cqe6vj55::RMSF,wt-homo-4 / RMSF,RMSF,Residue,269,0.0888088,nm,nm
line,overlay,wt-homo-4,wt-homo-4,rmsf,cqe6vj55,cqe6vj55::RMSF,wt-homo-4 / RMSF,RMSF,Residue,270,0.10110023,nm,nm
line,overlay,wt-homo-4,wt-homo-4,rmsf,cqe6vj55,cqe6vj55::RMSF,wt-homo-4 / RMSF,RMSF,Residue,271,0.08768195,nm,nm
line,overlay,wt-homo-4,wt-homo-4,rmsf,cqe6vj55,cqe6vj55::RMSF,wt-homo-4 / RMSF,RMSF,Residue,272,0.09439783,nm,nm
line,overlay,wt-homo-4,wt-homo-4,rmsf,cqe6vj55,cqe6vj55::RMSF,wt-homo-4 / RMSF,RMSF,Residue,273,0.08723227,nm,nm
line,overlay,wt-homo-4,wt-homo-4,rmsf,cqe6vj55,cqe6vj55::RMSF,wt-homo-4 / RMSF,RMSF,Residue,274,0.07839876,nm,nm
line,overlay,wt-homo-4,wt-homo-4,rmsf,cqe6vj55,cqe6vj55::RMSF,wt-homo-4 / RMSF,RMSF,Residue,275,0.072380506,nm,nm
line,overlay,wt-homo-4,wt-homo-4,rmsf,cqe6vj55,cqe6vj55::RMSF,wt-homo-4 / RMSF,RMSF,Residue,276,0.057259317,nm,nm
line,overlay,wt-homo-4,wt-homo-4,rmsf,cqe6vj55,cqe6vj55::RMSF,wt-homo-4 / RMSF,RMSF,Residue,277,0.04727635,nm,nm
line,overlay,wt-homo-4,wt-homo-4,rmsf,cqe6vj55,cqe6vj55::RMSF,wt-homo-4 / RMSF,RMSF,Residue,278,0.04285973,nm,nm
line,overlay,wt-homo-4,wt-homo-4,rmsf,cqe6vj55,cqe6vj55::RMSF,wt-homo-4 / RMSF,RMSF,Residue,279,0.043617755,nm,nm
line,overlay,wt-homo-4,wt-homo-4,rmsf,cqe6vj55,cqe6vj55::RMSF,wt-homo-4 / RMSF,RMSF,Residue,280,0.052569143,nm,nm
line,overlay,wt-homo-4,wt-homo-4,rmsf,cqe6vj55,cqe6vj55::RMSF,wt-homo-4 / RMSF,RMSF,Residue,281,0.059922904,nm,nm
line,overlay,wt-homo-4,wt-homo-4,rmsf,cqe6vj55,cqe6vj55::RMSF,wt-homo-4 / RMSF,RMSF,Residue,282,0.07625893,nm,nm
line,overlay,wt-homo-4,wt-homo-4,rmsf,cqe6vj55,cqe6vj55::RMSF,wt-homo-4 / RMSF,RMSF,Residue,283,0.07172571,nm,nm
line,overlay,wt-homo-4,wt-homo-4,rmsf,cqe6vj55,cqe6vj55::RMSF,wt-homo-4 / RMSF,RMSF,Residue,284,0.098200426,nm,nm
line,overlay,wt-homo-4,wt-homo-4,rmsf,cqe6vj55,cqe6vj55::RMSF,wt-homo-4 / RMSF,RMSF,Residue,285,0.06645588,nm,nm
line,overlay,wt-homo-4,wt-homo-4,rmsf,cqe6vj55,cqe6vj55::RMSF,wt-homo-4 / RMSF,RMSF,Residue,286,0.0804543,nm,nm
line,overlay,wt-homo-4,wt-homo-4,rmsf,cqe6vj55,cqe6vj55::RMSF,wt-homo-4 / RMSF,RMSF,Residue,287,0.084764786,nm,nm
line,overlay,wt-homo-4,wt-homo-4,rmsf,cqe6vj55,cqe6vj55::RMSF,wt-homo-4 / RMSF,RMSF,Residue,288,0.09939832,nm,nm
line,overlay,wt-homo-4,wt-homo-4,rmsf,cqe6vj55,cqe6vj55::RMSF,wt-homo-4 / RMSF,RMSF,Residue,289,0.106626175,nm,nm
line,overlay,wt-homo-4,wt-homo-4,rmsf,cqe6vj55,cqe6vj55::RMSF,wt-homo-4 / RMSF,RMSF,Residue,290,0.09456286,nm,nm
line,overlay,wt-homo-4,wt-homo-4,rmsf,cqe6vj55,cqe6vj55::RMSF,wt-homo-4 / RMSF,RMSF,Residue,291,0.081523366,nm,nm
line,overlay,wt-homo-4,wt-homo-4,rmsf,cqe6vj55,cqe6vj55::RMSF,wt-homo-4 / RMSF,RMSF,Residue,292,0.07768653,nm,nm
line,overlay,wt-homo-4,wt-homo-4,rmsf,cqe6vj55,cqe6vj55::RMSF,wt-homo-4 / RMSF,RMSF,Residue,293,0.08424741,nm,nm
line,overlay,wt-homo-4,wt-homo-4,rmsf,cqe6vj55,cqe6vj55::RMSF,wt-homo-4 / RMSF,RMSF,Residue,294,0.07848951,nm,nm
line,overlay,wt-homo-4,wt-homo-4,rmsf,cqe6vj55,cqe6vj55::RMSF,wt-homo-4 / RMSF,RMSF,Residue,295,0.06798957,nm,nm
line,overlay,wt-homo-4,wt-homo-4,rmsf,cqe6vj55,cqe6vj55::RMSF,wt-homo-4 / RMSF,RMSF,Residue,296,0.07107737,nm,nm
line,overlay,wt-homo-4,wt-homo-4,rmsf,cqe6vj55,cqe6vj55::RMSF,wt-homo-4 / RMSF,RMSF,Residue,297,0.07723755,nm,nm
line,overlay,wt-homo-4,wt-homo-4,rmsf,cqe6vj55,cqe6vj55::RMSF,wt-homo-4 / RMSF,RMSF,Residue,298,0.07147236,nm,nm
line,overlay,wt-homo-4,wt-homo-4,rmsf,cqe6vj55,cqe6vj55::RMSF,wt-homo-4 / RMSF,RMSF,Residue,299,0.0643692,nm,nm
line,overlay,wt-homo-4,wt-homo-4,rmsf,cqe6vj55,cqe6vj55::RMSF,wt-homo-4 / RMSF,RMSF,Residue,300,0.07842582,nm,nm
line,overlay,wt-homo-4,wt-homo-4,rmsf,cqe6vj55,cqe6vj55::RMSF,wt-homo-4 / RMSF,RMSF,Residue,301,0.08558864,nm,nm
line,overlay,wt-homo-4,wt-homo-4,rmsf,cqe6vj55,cqe6vj55::RMSF,wt-homo-4 / RMSF,RMSF,Residue,302,0.07635905,nm,nm
line,overlay,wt-homo-4,wt-homo-4,rmsf,cqe6vj55,cqe6vj55::RMSF,wt-homo-4 / RMSF,RMSF,Residue,303,0.07927567,nm,nm
line,overlay,wt-homo-4,wt-homo-4,rmsf,cqe6vj55,cqe6vj55::RMSF,wt-homo-4 / RMSF,RMSF,Residue,304,0.06631509,nm,nm
line,overlay,wt-homo-4,wt-homo-4,rmsf,cqe6vj55,cqe6vj55::RMSF,wt-homo-4 / RMSF,RMSF,Residue,305,0.059072476,nm,nm
line,overlay,wt-homo-4,wt-homo-4,rmsf,cqe6vj55,cqe6vj55::RMSF,wt-homo-4 / RMSF,RMSF,Residue,306,0.054003507,nm,nm
line,overlay,wt-homo-4,wt-homo-4,rmsf,cqe6vj55,cqe6vj55::RMSF,wt-homo-4 / RMSF,RMSF,Residue,307,0.049957614,nm,nm
line,overlay,wt-homo-4,wt-homo-4,rmsf,cqe6vj55,cqe6vj55::RMSF,wt-homo-4 / RMSF,RMSF,Residue,308,0.055058416,nm,nm
line,overlay,wt-homo-4,wt-homo-4,rmsf,cqe6vj55,cqe6vj55::RMSF,wt-homo-4 / RMSF,RMSF,Residue,309,0.062033165,nm,nm
line,overlay,wt-homo-4,wt-homo-4,rmsf,cqe6vj55,cqe6vj55::RMSF,wt-homo-4 / RMSF,RMSF,Residue,310,0.09577505,nm,nm
line,overlay,wt-homo-4,wt-homo-4,rmsf,cqe6vj55,cqe6vj55::RMSF,wt-homo-4 / RMSF,RMSF,Residue,311,0.09002599,nm,nm
line,overlay,wt-homo-4,wt-homo-4,rmsf,cqe6vj55,cqe6vj55::RMSF,wt-homo-4 / RMSF,RMSF,Residue,312,0.114560746,nm,nm
line,overlay,wt-homo-4,wt-homo-4,rmsf,cqe6vj55,cqe6vj55::RMSF,wt-homo-4 / RMSF,RMSF,Residue,313,0.14971456,nm,nm
line,overlay,wt-homo-4,wt-homo-4,rmsf,cqe6vj55,cqe6vj55::RMSF,wt-homo-4 / RMSF,RMSF,Residue,314,0.23178688,nm,nm
line,overlay,wt-homo-4,wt-homo-4,rmsf,cqe6vj55,cqe6vj55::RMSF,wt-homo-4 / RMSF,RMSF,Residue,315,0.3014534,nm,nm
line,overlay,wt-homo-4,wt-homo-4,rmsf,cqe6vj55,cqe6vj55::RMSF,wt-homo-4 / RMSF,RMSF,Residue,316,0.4094814,nm,nm
line,overlay,wt-homo-4,wt-homo-4,rmsf,cqe6vj55,cqe6vj55::RMSF,wt-homo-4 / RMSF,RMSF,Residue,317,0.59903455,nm,nm
line,overlay,wt-homo-4,wt-homo-4,rmsf,cqe6vj55,cqe6vj55::RMSF,wt-homo-4 / RMSF,RMSF,Residue,318,0.6115898,nm,nm
line,overlay,wt-homo-4,wt-homo-4,rmsf,cqe6vj55,cqe6vj55::RMSF,wt-homo-4 / RMSF,RMSF,Residue,319,0.60103,nm,nm
line,overlay,wt-homo-4,wt-homo-4,rmsf,cqe6vj55,cqe6vj55::RMSF,wt-homo-4 / RMSF,RMSF,Residue,320,0.399819,nm,nm
line,overlay,wt-homo-4,wt-homo-4,rmsf,cqe6vj55,cqe6vj55::RMSF,wt-homo-4 / RMSF,RMSF,Residue,321,0.29088345,nm,nm
line,overlay,wt-homo-4,wt-homo-4,rmsf,cqe6vj55,cqe6vj55::RMSF,wt-homo-4 / RMSF,RMSF,Residue,322,0.19004774,nm,nm
line,overlay,wt-homo-4,wt-homo-4,rmsf,cqe6vj55,cqe6vj55::RMSF,wt-homo-4 / RMSF,RMSF,Residue,323,0.15288521,nm,nm
line,overlay,wt-homo-4,wt-homo-4,rmsf,cqe6vj55,cqe6vj55::RMSF,wt-homo-4 / RMSF,RMSF,Residue,324,0.16068591,nm,nm
line,overlay,wt-homo-4,wt-homo-4,rmsf,cqe6vj55,cqe6vj55::RMSF,wt-homo-4 / RMSF,RMSF,Residue,325,0.17381889,nm,nm
line,overlay,wt-homo-4,wt-homo-4,rmsf,cqe6vj55,cqe6vj55::RMSF,wt-homo-4 / RMSF,RMSF,Residue,326,0.15835689,nm,nm
line,overlay,wt-homo-4,wt-homo-4,rmsf,cqe6vj55,cqe6vj55::RMSF,wt-homo-4 / RMSF,RMSF,Residue,327,0.11864918,nm,nm
line,overlay,wt-homo-4,wt-homo-4,rmsf,cqe6vj55,cqe6vj55::RMSF,wt-homo-4 / RMSF,RMSF,Residue,328,0.10674643,nm,nm
line,overlay,wt-homo-4,wt-homo-4,rmsf,cqe6vj55,cqe6vj55::RMSF,wt-homo-4 / RMSF,RMSF,Residue,329,0.11591642,nm,nm
line,overlay,wt-homo-4,wt-homo-4,rmsf,cqe6vj55,cqe6vj55::RMSF,wt-homo-4 / RMSF,RMSF,Residue,330,0.119260654,nm,nm
line,overlay,wt-homo-4,wt-homo-4,rmsf,cqe6vj55,cqe6vj55::RMSF,wt-homo-4 / RMSF,RMSF,Residue,331,0.11135146,nm,nm
line,overlay,wt-homo-4,wt-homo-4,rmsf,cqe6vj55,cqe6vj55::RMSF,wt-homo-4 / RMSF,RMSF,Residue,332,0.108371966,nm,nm
line,overlay,wt-homo-4,wt-homo-4,rmsf,cqe6vj55,cqe6vj55::RMSF,wt-homo-4 / RMSF,RMSF,Residue,333,0.0988522,nm,nm
line,overlay,wt-homo-4,wt-homo-4,rmsf,cqe6vj55,cqe6vj55::RMSF,wt-homo-4 / RMSF,RMSF,Residue,334,0.08743997,nm,nm
line,overlay,wt-homo-4,wt-homo-4,rmsf,cqe6vj55,cqe6vj55::RMSF,wt-homo-4 / RMSF,RMSF,Residue,335,0.07818131,nm,nm
line,overlay,wt-homo-4,wt-homo-4,rmsf,cqe6vj55,cqe6vj55::RMSF,wt-homo-4 / RMSF,RMSF,Residue,336,0.06679147,nm,nm
line,overlay,wt-homo-4,wt-homo-4,rmsf,cqe6vj55,cqe6vj55::RMSF,wt-homo-4 / RMSF,RMSF,Residue,337,0.06680749,nm,nm
line,overlay,wt-homo-4,wt-homo-4,rmsf,cqe6vj55,cqe6vj55::RMSF,wt-homo-4 / RMSF,RMSF,Residue,338,0.06792945,nm,nm
line,overlay,wt-homo-4,wt-homo-4,rmsf,cqe6vj55,cqe6vj55::RMSF,wt-homo-4 / RMSF,RMSF,Residue,339,0.08239363,nm,nm
line,overlay,wt-homo-4,wt-homo-4,rmsf,cqe6vj55,cqe6vj55::RMSF,wt-homo-4 / RMSF,RMSF,Residue,340,0.061741695,nm,nm
line,overlay,wt-homo-4,wt-homo-4,rmsf,cqe6vj55,cqe6vj55::RMSF,wt-homo-4 / RMSF,RMSF,Residue,341,0.06716703,nm,nm
line,overlay,wt-homo-4,wt-homo-4,rmsf,cqe6vj55,cqe6vj55::RMSF,wt-homo-4 / RMSF,RMSF,Residue,342,0.0699534,nm,nm
line,overlay,wt-homo-4,wt-homo-4,rmsf,cqe6vj55,cqe6vj55::RMSF,wt-homo-4 / RMSF,RMSF,Residue,343,0.05560541,nm,nm
line,overlay,wt-homo-4,wt-homo-4,rmsf,cqe6vj55,cqe6vj55::RMSF,wt-homo-4 / RMSF,RMSF,Residue,344,0.07146157,nm,nm
line,overlay,wt-homo-4,wt-homo-4,rmsf,cqe6vj55,cqe6vj55::RMSF,wt-homo-4 / RMSF,RMSF,Residue,345,0.07040853,nm,nm
line,overlay,wt-homo-4,wt-homo-4,rmsf,cqe6vj55,cqe6vj55::RMSF,wt-homo-4 / RMSF,RMSF,Residue,346,0.05520824,nm,nm
line,overlay,wt-homo-4,wt-homo-4,rmsf,cqe6vj55,cqe6vj55::RMSF,wt-homo-4 / RMSF,RMSF,Residue,347,0.05883921,nm,nm
line,overlay,wt-homo-4,wt-homo-4,rmsf,cqe6vj55,cqe6vj55::RMSF,wt-homo-4 / RMSF,RMSF,Residue,348,0.07865293,nm,nm
line,overlay,wt-homo-4,wt-homo-4,rmsf,cqe6vj55,cqe6vj55::RMSF,wt-homo-4 / RMSF,RMSF,Residue,349,0.07232211,nm,nm
line,overlay,wt-homo-4,wt-homo-4,rmsf,cqe6vj55,cqe6vj55::RMSF,wt-homo-4 / RMSF,RMSF,Residue,350,0.07963606,nm,nm
line,overlay,wt-homo-4,wt-homo-4,rmsf,cqe6vj55,cqe6vj55::RMSF,wt-homo-4 / RMSF,RMSF,Residue,351,0.07023763,nm,nm
line,overlay,wt-homo-4,wt-homo-4,rmsf,cqe6vj55,cqe6vj55::RMSF,wt-homo-4 / RMSF,RMSF,Residue,352,0.055863716,nm,nm
line,overlay,wt-homo-4,wt-homo-4,rmsf,cqe6vj55,cqe6vj55::RMSF,wt-homo-4 / RMSF,RMSF,Residue,353,0.060300305,nm,nm
line,overlay,wt-homo-4,wt-homo-4,rmsf,cqe6vj55,cqe6vj55::RMSF,wt-homo-4 / RMSF,RMSF,Residue,354,0.04834195,nm,nm
line,overlay,wt-homo-4,wt-homo-4,rmsf,cqe6vj55,cqe6vj55::RMSF,wt-homo-4 / RMSF,RMSF,Residue,355,0.04228955,nm,nm
line,overlay,wt-homo-4,wt-homo-4,rmsf,cqe6vj55,cqe6vj55::RMSF,wt-homo-4 / RMSF,RMSF,Residue,356,0.04491955,nm,nm
line,overlay,wt-homo-4,wt-homo-4,rmsf,cqe6vj55,cqe6vj55::RMSF,wt-homo-4 / RMSF,RMSF,Residue,357,0.053558398,nm,nm
line,overlay,wt-homo-4,wt-homo-4,rmsf,cqe6vj55,cqe6vj55::RMSF,wt-homo-4 / RMSF,RMSF,Residue,358,0.049559884,nm,nm
line,overlay,wt-homo-4,wt-homo-4,rmsf,cqe6vj55,cqe6vj55::RMSF,wt-homo-4 / RMSF,RMSF,Residue,359,0.048746753,nm,nm
line,overlay,wt-homo-4,wt-homo-4,rmsf,cqe6vj55,cqe6vj55::RMSF,wt-homo-4 / RMSF,RMSF,Residue,360,0.05004142,nm,nm
line,overlay,wt-homo-4,wt-homo-4,rmsf,cqe6vj55,cqe6vj55::RMSF,wt-homo-4 / RMSF,RMSF,Residue,361,0.04523318,nm,nm
line,overlay,wt-homo-4,wt-homo-4,rmsf,cqe6vj55,cqe6vj55::RMSF,wt-homo-4 / RMSF,RMSF,Residue,362,0.04055055,nm,nm
line,overlay,wt-homo-4,wt-homo-4,rmsf,cqe6vj55,cqe6vj55::RMSF,wt-homo-4 / RMSF,RMSF,Residue,363,0.049569424,nm,nm
line,overlay,wt-homo-4,wt-homo-4,rmsf,cqe6vj55,cqe6vj55::RMSF,wt-homo-4 / RMSF,RMSF,Residue,364,0.05649669,nm,nm
line,overlay,wt-homo-4,wt-homo-4,rmsf,cqe6vj55,cqe6vj55::RMSF,wt-homo-4 / RMSF,RMSF,Residue,365,0.048303105,nm,nm
line,overlay,wt-homo-4,wt-homo-4,rmsf,cqe6vj55,cqe6vj55::RMSF,wt-homo-4 / RMSF,RMSF,Residue,366,0.046069495,nm,nm
line,overlay,wt-homo-4,wt-homo-4,rmsf,cqe6vj55,cqe6vj55::RMSF,wt-homo-4 / RMSF,RMSF,Residue,367,0.04355789,nm,nm
line,overlay,wt-homo-4,wt-homo-4,rmsf,cqe6vj55,cqe6vj55::RMSF,wt-homo-4 / RMSF,RMSF,Residue,368,0.054759003,nm,nm
line,overlay,wt-homo-4,wt-homo-4,rmsf,cqe6vj55,cqe6vj55::RMSF,wt-homo-4 / RMSF,RMSF,Residue,369,0.058436777,nm,nm
line,overlay,wt-homo-4,wt-homo-4,rmsf,cqe6vj55,cqe6vj55::RMSF,wt-homo-4 / RMSF,RMSF,Residue,370,0.05323075,nm,nm
line,overlay,wt-homo-4,wt-homo-4,rmsf,cqe6vj55,cqe6vj55::RMSF,wt-homo-4 / RMSF,RMSF,Residue,371,0.055391133,nm,nm
line,overlay,wt-homo-4,wt-homo-4,rmsf,cqe6vj55,cqe6vj55::RMSF,wt-homo-4 / RMSF,RMSF,Residue,372,0.047323313,nm,nm
line,overlay,wt-homo-4,wt-homo-4,rmsf,cqe6vj55,cqe6vj55::RMSF,wt-homo-4 / RMSF,RMSF,Residue,373,0.05489537,nm,nm
line,overlay,wt-homo-4,wt-homo-4,rmsf,cqe6vj55,cqe6vj55::RMSF,wt-homo-4 / RMSF,RMSF,Residue,374,0.053959146,nm,nm
line,overlay,wt-homo-4,wt-homo-4,rmsf,cqe6vj55,cqe6vj55::RMSF,wt-homo-4 / RMSF,RMSF,Residue,375,0.049450163,nm,nm
line,overlay,wt-homo-4,wt-homo-4,rmsf,cqe6vj55,cqe6vj55::RMSF,wt-homo-4 / RMSF,RMSF,Residue,376,0.050923117,nm,nm
line,overlay,wt-homo-4,wt-homo-4,rmsf,cqe6vj55,cqe6vj55::RMSF,wt-homo-4 / RMSF,RMSF,Residue,377,0.052546185,nm,nm
line,overlay,wt-homo-4,wt-homo-4,rmsf,cqe6vj55,cqe6vj55::RMSF,wt-homo-4 / RMSF,RMSF,Residue,378,0.064990066,nm,nm
line,overlay,wt-homo-4,wt-homo-4,rmsf,cqe6vj55,cqe6vj55::RMSF,wt-homo-4 / RMSF,RMSF,Residue,379,0.07841808,nm,nm
line,overlay,wt-homo-4,wt-homo-4,rmsf,cqe6vj55,cqe6vj55::RMSF,wt-homo-4 / RMSF,RMSF,Residue,380,0.099993505,nm,nm
line,overlay,wt-homo-4,wt-homo-4,rmsf,cqe6vj55,cqe6vj55::RMSF,wt-homo-4 / RMSF,RMSF,Residue,381,0.12173784,nm,nm
line,overlay,wt-homo-4,wt-homo-4,rmsf,cqe6vj55,cqe6vj55::RMSF,wt-homo-4 / RMSF,RMSF,Residue,382,0.08586439,nm,nm
line,overlay,wt-homo-4,wt-homo-4,rmsf,cqe6vj55,cqe6vj55::RMSF,wt-homo-4 / RMSF,RMSF,Residue,383,0.08047081,nm,nm
line,overlay,wt-homo-4,wt-homo-4,rmsf,cqe6vj55,cqe6vj55::RMSF,wt-homo-4 / RMSF,RMSF,Residue,384,0.078120716,nm,nm
line,overlay,wt-homo-4,wt-homo-4,rmsf,cqe6vj55,cqe6vj55::RMSF,wt-homo-4 / RMSF,RMSF,Residue,385,0.06915654,nm,nm
line,overlay,wt-homo-4,wt-homo-4,rmsf,cqe6vj55,cqe6vj55::RMSF,wt-homo-4 / RMSF,RMSF,Residue,386,0.063668996,nm,nm
line,overlay,wt-homo-4,wt-homo-4,rmsf,cqe6vj55,cqe6vj55::RMSF,wt-homo-4 / RMSF,RMSF,Residue,387,0.058495436,nm,nm
line,overlay,wt-homo-4,wt-homo-4,rmsf,cqe6vj55,cqe6vj55::RMSF,wt-homo-4 / RMSF,RMSF,Residue,388,0.055596862,nm,nm
line,overlay,wt-homo-4,wt-homo-4,rmsf,cqe6vj55,cqe6vj55::RMSF,wt-homo-4 / RMSF,RMSF,Residue,389,0.061235044,nm,nm
line,overlay,wt-homo-4,wt-homo-4,rmsf,cqe6vj55,cqe6vj55::RMSF,wt-homo-4 / RMSF,RMSF,Residue,390,0.061966,nm,nm
line,overlay,wt-homo-4,wt-homo-4,rmsf,cqe6vj55,cqe6vj55::RMSF,wt-homo-4 / RMSF,RMSF,Residue,391,0.058449157,nm,nm
line,overlay,wt-homo-4,wt-homo-4,rmsf,cqe6vj55,cqe6vj55::RMSF,wt-homo-4 / RMSF,RMSF,Residue,392,0.06644354,nm,nm
line,overlay,wt-homo-4,wt-homo-4,rmsf,cqe6vj55,cqe6vj55::RMSF,wt-homo-4 / RMSF,RMSF,Residue,393,0.07064141,nm,nm
line,overlay,wt-homo-4,wt-homo-4,rmsf,cqe6vj55,cqe6vj55::RMSF,wt-homo-4 / RMSF,RMSF,Residue,394,0.07222593,nm,nm
line,overlay,wt-homo-4,wt-homo-4,rmsf,cqe6vj55,cqe6vj55::RMSF,wt-homo-4 / RMSF,RMSF,Residue,395,0.06664585,nm,nm
line,overlay,wt-homo-4,wt-homo-4,rmsf,cqe6vj55,cqe6vj55::RMSF,wt-homo-4 / RMSF,RMSF,Residue,396,0.0621184,nm,nm
line,overlay,wt-homo-4,wt-homo-4,rmsf,cqe6vj55,cqe6vj55::RMSF,wt-homo-4 / RMSF,RMSF,Residue,397,0.074189715,nm,nm
line,overlay,wt-homo-4,wt-homo-4,rmsf,cqe6vj55,cqe6vj55::RMSF,wt-homo-4 / RMSF,RMSF,Residue,398,0.06240589,nm,nm
line,overlay,wt-homo-4,wt-homo-4,rmsf,cqe6vj55,cqe6vj55::RMSF,wt-homo-4 / RMSF,RMSF,Residue,399,0.0549616,nm,nm
line,overlay,wt-homo-4,wt-homo-4,rmsf,cqe6vj55,cqe6vj55::RMSF,wt-homo-4 / RMSF,RMSF,Residue,400,0.05652322,nm,nm
line,overlay,wt-homo-4,wt-homo-4,rmsf,cqe6vj55,cqe6vj55::RMSF,wt-homo-4 / RMSF,RMSF,Residue,401,0.06615517,nm,nm
line,overlay,wt-homo-4,wt-homo-4,rmsf,cqe6vj55,cqe6vj55::RMSF,wt-homo-4 / RMSF,RMSF,Residue,402,0.08845151,nm,nm
line,overlay,wt-homo-4,wt-homo-4,rmsf,cqe6vj55,cqe6vj55::RMSF,wt-homo-4 / RMSF,RMSF,Residue,403,0.08297512,nm,nm
line,overlay,wt-homo-4,wt-homo-4,rmsf,cqe6vj55,cqe6vj55::RMSF,wt-homo-4 / RMSF,RMSF,Residue,404,0.11336289,nm,nm
line,overlay,wt-homo-4,wt-homo-4,rmsf,cqe6vj55,cqe6vj55::RMSF,wt-homo-4 / RMSF,RMSF,Residue,405,0.21931283,nm,nm
line,overlay,wt-homo-4,wt-homo-4,rmsf,cqe6vj55,cqe6vj55::RMSF,wt-homo-4 / RMSF,RMSF,Residue,406,0.20969829,nm,nm
line,overlay,wt-homo-4,wt-homo-4,rmsf,cqe6vj55,cqe6vj55::RMSF,wt-homo-4 / RMSF,RMSF,Residue,407,0.22227463,nm,nm
line,overlay,wt-homo-4,wt-homo-4,rmsf,cqe6vj55,cqe6vj55::RMSF,wt-homo-4 / RMSF,RMSF,Residue,408,0.13248372,nm,nm
line,overlay,wt-homo-4,wt-homo-4,rmsf,cqe6vj55,cqe6vj55::RMSF,wt-homo-4 / RMSF,RMSF,Residue,409,0.09921829,nm,nm
line,overlay,wt-homo-4,wt-homo-4,rmsf,cqe6vj55,cqe6vj55::RMSF,wt-homo-4 / RMSF,RMSF,Residue,410,0.08056183,nm,nm
line,overlay,wt-homo-4,wt-homo-4,rmsf,cqe6vj55,cqe6vj55::RMSF,wt-homo-4 / RMSF,RMSF,Residue,411,0.088175654,nm,nm
line,overlay,wt-homo-4,wt-homo-4,rmsf,cqe6vj55,cqe6vj55::RMSF,wt-homo-4 / RMSF,RMSF,Residue,412,0.0809052,nm,nm
line,overlay,wt-homo-4,wt-homo-4,rmsf,cqe6vj55,cqe6vj55::RMSF,wt-homo-4 / RMSF,RMSF,Residue,413,0.08806128,nm,nm
line,overlay,wt-homo-4,wt-homo-4,rmsf,cqe6vj55,cqe6vj55::RMSF,wt-homo-4 / RMSF,RMSF,Residue,414,0.08391268,nm,nm
line,overlay,wt-homo-4,wt-homo-4,rmsf,cqe6vj55,cqe6vj55::RMSF,wt-homo-4 / RMSF,RMSF,Residue,415,0.06916842,nm,nm
line,overlay,wt-homo-4,wt-homo-4,rmsf,cqe6vj55,cqe6vj55::RMSF,wt-homo-4 / RMSF,RMSF,Residue,416,0.07241619,nm,nm
line,overlay,wt-homo-4,wt-homo-4,rmsf,cqe6vj55,cqe6vj55::RMSF,wt-homo-4 / RMSF,RMSF,Residue,417,0.07833354,nm,nm
line,overlay,wt-homo-4,wt-homo-4,rmsf,cqe6vj55,cqe6vj55::RMSF,wt-homo-4 / RMSF,RMSF,Residue,418,0.06754796,nm,nm
line,overlay,wt-homo-4,wt-homo-4,rmsf,cqe6vj55,cqe6vj55::RMSF,wt-homo-4 / RMSF,RMSF,Residue,419,0.06065399,nm,nm
line,overlay,wt-homo-4,wt-homo-4,rmsf,cqe6vj55,cqe6vj55::RMSF,wt-homo-4 / RMSF,RMSF,Residue,420,0.06940478,nm,nm
line,overlay,wt-homo-4,wt-homo-4,rmsf,cqe6vj55,cqe6vj55::RMSF,wt-homo-4 / RMSF,RMSF,Residue,421,0.07758024,nm,nm
line,overlay,wt-homo-4,wt-homo-4,rmsf,cqe6vj55,cqe6vj55::RMSF,wt-homo-4 / RMSF,RMSF,Residue,422,0.0743458,nm,nm
line,overlay,wt-homo-4,wt-homo-4,rmsf,cqe6vj55,cqe6vj55::RMSF,wt-homo-4 / RMSF,RMSF,Residue,423,0.07868612,nm,nm
line,overlay,wt-homo-4,wt-homo-4,rmsf,cqe6vj55,cqe6vj55::RMSF,wt-homo-4 / RMSF,RMSF,Residue,424,0.10759641,nm,nm
line,overlay,wt-homo-4,wt-homo-4,rmsf,cqe6vj55,cqe6vj55::RMSF,wt-homo-4 / RMSF,RMSF,Residue,425,0.102707714,nm,nm
line,overlay,wt-homo-4,wt-homo-4,rmsf,cqe6vj55,cqe6vj55::RMSF,wt-homo-4 / RMSF,RMSF,Residue,426,0.12458956,nm,nm
line,overlay,wt-homo-4,wt-homo-4,rmsf,cqe6vj55,cqe6vj55::RMSF,wt-homo-4 / RMSF,RMSF,Residue,427,0.11408987,nm,nm
line,overlay,wt-homo-4,wt-homo-4,rmsf,cqe6vj55,cqe6vj55::RMSF,wt-homo-4 / RMSF,RMSF,Residue,428,0.08832848,nm,nm
line,overlay,wt-homo-4,wt-homo-4,rmsf,cqe6vj55,cqe6vj55::RMSF,wt-homo-4 / RMSF,RMSF,Residue,429,0.07616416,nm,nm
line,overlay,wt-homo-4,wt-homo-4,rmsf,cqe6vj55,cqe6vj55::RMSF,wt-homo-4 / RMSF,RMSF,Residue,430,0.0778423,nm,nm
line,overlay,wt-homo-4,wt-homo-4,rmsf,cqe6vj55,cqe6vj55::RMSF,wt-homo-4 / RMSF,RMSF,Residue,431,0.062927775,nm,nm
line,overlay,wt-homo-4,wt-homo-4,rmsf,cqe6vj55,cqe6vj55::RMSF,wt-homo-4 / RMSF,RMSF,Residue,432,0.058690287,nm,nm
line,overlay,wt-homo-4,wt-homo-4,rmsf,cqe6vj55,cqe6vj55::RMSF,wt-homo-4 / RMSF,RMSF,Residue,433,0.06552283,nm,nm
line,overlay,wt-homo-4,wt-homo-4,rmsf,cqe6vj55,cqe6vj55::RMSF,wt-homo-4 / RMSF,RMSF,Residue,434,0.05461644,nm,nm
line,overlay,wt-homo-4,wt-homo-4,rmsf,cqe6vj55,cqe6vj55::RMSF,wt-homo-4 / RMSF,RMSF,Residue,435,0.049326144,nm,nm
line,overlay,wt-homo-4,wt-homo-4,rmsf,cqe6vj55,cqe6vj55::RMSF,wt-homo-4 / RMSF,RMSF,Residue,436,0.05866149,nm,nm
line,overlay,wt-homo-4,wt-homo-4,rmsf,cqe6vj55,cqe6vj55::RMSF,wt-homo-4 / RMSF,RMSF,Residue,437,0.06181728,nm,nm
line,overlay,wt-homo-4,wt-homo-4,rmsf,cqe6vj55,cqe6vj55::RMSF,wt-homo-4 / RMSF,RMSF,Residue,438,0.0576496,nm,nm
line,overlay,wt-homo-4,wt-homo-4,rmsf,cqe6vj55,cqe6vj55::RMSF,wt-homo-4 / RMSF,RMSF,Residue,439,0.05993857,nm,nm
line,overlay,wt-homo-4,wt-homo-4,rmsf,cqe6vj55,cqe6vj55::RMSF,wt-homo-4 / RMSF,RMSF,Residue,440,0.06391887,nm,nm
line,overlay,wt-homo-4,wt-homo-4,rmsf,cqe6vj55,cqe6vj55::RMSF,wt-homo-4 / RMSF,RMSF,Residue,441,0.06049363,nm,nm
line,overlay,wt-homo-4,wt-homo-4,rmsf,cqe6vj55,cqe6vj55::RMSF,wt-homo-4 / RMSF,RMSF,Residue,442,0.061649773,nm,nm
line,overlay,wt-homo-4,wt-homo-4,rmsf,cqe6vj55,cqe6vj55::RMSF,wt-homo-4 / RMSF,RMSF,Residue,443,0.072435245,nm,nm
line,overlay,wt-homo-4,wt-homo-4,rmsf,cqe6vj55,cqe6vj55::RMSF,wt-homo-4 / RMSF,RMSF,Residue,444,0.07378672,nm,nm
line,overlay,wt-homo-4,wt-homo-4,rmsf,cqe6vj55,cqe6vj55::RMSF,wt-homo-4 / RMSF,RMSF,Residue,445,0.06435546,nm,nm
line,overlay,wt-homo-4,wt-homo-4,rmsf,cqe6vj55,cqe6vj55::RMSF,wt-homo-4 / RMSF,RMSF,Residue,446,0.074473605,nm,nm
line,overlay,wt-homo-4,wt-homo-4,rmsf,cqe6vj55,cqe6vj55::RMSF,wt-homo-4 / RMSF,RMSF,Residue,447,0.086212404,nm,nm
line,overlay,wt-homo-4,wt-homo-4,rmsf,cqe6vj55,cqe6vj55::RMSF,wt-homo-4 / RMSF,RMSF,Residue,448,0.10715811,nm,nm
line,overlay,wt-homo-4,wt-homo-4,rmsf,cqe6vj55,cqe6vj55::RMSF,wt-homo-4 / RMSF,RMSF,Residue,449,0.10333763,nm,nm
line,overlay,wt-homo-4,wt-homo-4,rmsf,cqe6vj55,cqe6vj55::RMSF,wt-homo-4 / RMSF,RMSF,Residue,450,0.07625535,nm,nm
line,overlay,wt-homo-4,wt-homo-4,rmsf,cqe6vj55,cqe6vj55::RMSF,wt-homo-4 / RMSF,RMSF,Residue,451,0.069082074,nm,nm
line,overlay,wt-homo-4,wt-homo-4,rmsf,cqe6vj55,cqe6vj55::RMSF,wt-homo-4 / RMSF,RMSF,Residue,452,0.0572096,nm,nm
line,overlay,wt-homo-4,wt-homo-4,rmsf,cqe6vj55,cqe6vj55::RMSF,wt-homo-4 / RMSF,RMSF,Residue,453,0.06912314,nm,nm
line,overlay,wt-homo-4,wt-homo-4,rmsf,cqe6vj55,cqe6vj55::RMSF,wt-homo-4 / RMSF,RMSF,Residue,454,0.06946439,nm,nm
line,overlay,wt-homo-4,wt-homo-4,rmsf,cqe6vj55,cqe6vj55::RMSF,wt-homo-4 / RMSF,RMSF,Residue,455,0.06153427,nm,nm
line,overlay,wt-homo-4,wt-homo-4,rmsf,cqe6vj55,cqe6vj55::RMSF,wt-homo-4 / RMSF,RMSF,Residue,456,0.06214392,nm,nm
line,overlay,wt-homo-4,wt-homo-4,rmsf,cqe6vj55,cqe6vj55::RMSF,wt-homo-4 / RMSF,RMSF,Residue,457,0.07278892,nm,nm
line,overlay,wt-homo-4,wt-homo-4,rmsf,cqe6vj55,cqe6vj55::RMSF,wt-homo-4 / RMSF,RMSF,Residue,458,0.07209956,nm,nm
line,overlay,wt-homo-4,wt-homo-4,rmsf,cqe6vj55,cqe6vj55::RMSF,wt-homo-4 / RMSF,RMSF,Residue,459,0.061182894,nm,nm
line,overlay,wt-homo-4,wt-homo-4,rmsf,cqe6vj55,cqe6vj55::RMSF,wt-homo-4 / RMSF,RMSF,Residue,460,0.06492467,nm,nm
line,overlay,wt-homo-4,wt-homo-4,rmsf,cqe6vj55,cqe6vj55::RMSF,wt-homo-4 / RMSF,RMSF,Residue,461,0.07507904,nm,nm
line,overlay,wt-homo-4,wt-homo-4,rmsf,cqe6vj55,cqe6vj55::RMSF,wt-homo-4 / RMSF,RMSF,Residue,462,0.074578516,nm,nm
line,overlay,wt-homo-4,wt-homo-4,rmsf,cqe6vj55,cqe6vj55::RMSF,wt-homo-4 / RMSF,RMSF,Residue,463,0.0647601,nm,nm
line,overlay,wt-homo-4,wt-homo-4,rmsf,cqe6vj55,cqe6vj55::RMSF,wt-homo-4 / RMSF,RMSF,Residue,464,0.08124273,nm,nm
line,overlay,wt-homo-4,wt-homo-4,rmsf,cqe6vj55,cqe6vj55::RMSF,wt-homo-4 / RMSF,RMSF,Residue,465,0.097114876,nm,nm
line,overlay,wt-homo-4,wt-homo-4,rmsf,cqe6vj55,cqe6vj55::RMSF,wt-homo-4 / RMSF,RMSF,Residue,466,0.1177872,nm,nm
line,overlay,wt-homo-4,wt-homo-4,rmsf,cqe6vj55,cqe6vj55::RMSF,wt-homo-4 / RMSF,RMSF,Residue,467,0.12695724,nm,nm
line,overlay,wt-homo-4,wt-homo-4,rmsf,cqe6vj55,cqe6vj55::RMSF,wt-homo-4 / RMSF,RMSF,Residue,468,0.22619478,nm,nm
line,overlay,wt-homo-4,wt-homo-4,rmsf,cqe6vj55,cqe6vj55::RMSF,wt-homo-4 / RMSF,RMSF,Residue,469,0.3108487,nm,nm
line,overlay,wt-homo-4,wt-homo-4,rmsf,cqe6vj55,cqe6vj55::RMSF,wt-homo-4 / RMSF,RMSF,Residue,470,0.4808255,nm,nm
line,overlay,wt-homo-4,wt-homo-4,rmsf,cqe6vj55,cqe6vj55::RMSF,wt-homo-4 / RMSF,RMSF,Residue,471,0.7097602,nm,nm
line,overlay,wt-homo-4,wt-homo-4,rmsf,cqe6vj55,cqe6vj55::RMSF,wt-homo-4 / RMSF,RMSF,Residue,472,0.9659673,nm,nm