view_mode,display_mode,dataset_id,dataset_name,metric_type,source_id,series_key,series_label,column,x_label,x_value,y_value,raw_unit,display_unit
line,overlay,sdu6-homo,sdu6-homo,sasa,0s8c2h6s,0s8c2h6s::Total,sdu6-homo / Total,Total,Time (ps),0,202.36009,nm^2,nm^2
line,overlay,sdu6-homo,sdu6-homo,sasa,0s8c2h6s,0s8c2h6s::Total,sdu6-homo / Total,Total,Time (ps),1000,200.12439,nm^2,nm^2
line,overlay,sdu6-homo,sdu6-homo,sasa,0s8c2h6s,0s8c2h6s::Total,sdu6-homo / Total,Total,Time (ps),2000,201.77559,nm^2,nm^2
line,overlay,sdu6-homo,sdu6-homo,sasa,0s8c2h6s,0s8c2h6s::Total,sdu6-homo / Total,Total,Time (ps),3000,203.91856,nm^2,nm^2
line,overlay,sdu6-homo,sdu6-homo,sasa,0s8c2h6s,0s8c2h6s::Total,sdu6-homo / Total,Total,Time (ps),4000,204.77011,nm^2,nm^2
line,overlay,sdu6-homo,sdu6-homo,sasa,0s8c2h6s,0s8c2h6s::Total,sdu6-homo / Total,Total,Time (ps),5000,205.65855,nm^2,nm^2
line,overlay,sdu6-homo,sdu6-homo,sasa,0s8c2h6s,0s8c2h6s::Total,sdu6-homo / Total,Total,Time (ps),6000,202.99913,nm^2,nm^2
line,overlay,sdu6-homo,sdu6-homo,sasa,0s8c2h6s,0s8c2h6s::Total,sdu6-homo / Total,Total,Time (ps),7000,204.70734,nm^2,nm^2
line,overlay,sdu6-homo,sdu6-homo,sasa,0s8c2h6s,0s8c2h6s::Total,sdu6-homo / Total,Total,Time (ps),8000,207.99397,nm^2,nm^2
line,overlay,sdu6-homo,sdu6-homo,sasa,0s8c2h6s,0s8c2h6s::Total,sdu6-homo / Total,Total,Time (ps),9000,209.7168,nm^2,nm^2
line,overlay,sdu6-homo,sdu6-homo,sasa,0s8c2h6s,0s8c2h6s::Total,sdu6-homo / Total,Total,Time (ps),10000,211.07643,nm^2,nm^2
line,overlay,sdu6-homo,sdu6-homo,sasa,0s8c2h6s,0s8c2h6s::Total,sdu6-homo / Total,Total,Time (ps),11000,213.68085,nm^2,nm^2
line,overlay,sdu6-homo,sdu6-homo,sasa,0s8c2h6s,0s8c2h6s::Total,sdu6-homo / Total,Total,Time (ps),12000,211.46768,nm^2,nm^2
line,overlay,sdu6-homo,sdu6-homo,sasa,0s8c2h6s,0s8c2h6s::Total,sdu6-homo / Total,Total,Time (ps),13000,210.96313,nm^2,nm^2
line,overlay,sdu6-homo,sdu6-homo,sasa,0s8c2h6s,0s8c2h6s::Total,sdu6-homo / Total,Total,Time (ps),14000,212.26077,nm^2,nm^2
line,overlay,sdu6-homo,sdu6-homo,sasa,0s8c2h6s,0s8c2h6s::Total,sdu6-homo / Total,Total,Time (ps),15000,210.637,nm^2,nm^2
line,overlay,sdu6-homo,sdu6-homo,sasa,0s8c2h6s,0s8c2h6s::Total,sdu6-homo / Total,Total,Time (ps),16000,206.73927,nm^2,nm^2
line,overlay,sdu6-homo,sdu6-homo,sasa,0s8c2h6s,0s8c2h6s::Total,sdu6-homo / Total,Total,Time (ps),17000,209.62102,nm^2,nm^2
line,overlay,sdu6-homo,sdu6-homo,sasa,0s8c2h6s,0s8c2h6s::Total,sdu6-homo / Total,Total,Time (ps),18000,214.37434,nm^2,nm^2
line,overlay,sdu6-homo,sdu6-homo,sasa,0s8c2h6s,0s8c2h6s::Total,sdu6-homo / Total,Total,Time (ps),19000,207.5313,nm^2,nm^2
line,overlay,sdu6-homo,sdu6-homo,sasa,0s8c2h6s,0s8c2h6s::Total,sdu6-homo / Total,Total,Time (ps),20000,207.56316,nm^2,nm^2
line,overlay,sdu6-homo,sdu6-homo,sasa,0s8c2h6s,0s8c2h6s::Total,sdu6-homo / Total,Total,Time (ps),21000,206.8618,nm^2,nm^2
line,overlay,sdu6-homo,sdu6-homo,sasa,0s8c2h6s,0s8c2h6s::Total,sdu6-homo / Total,Total,Time (ps),22000,211.63496,nm^2,nm^2
line,overlay,sdu6-homo,sdu6-homo,sasa,0s8c2h6s,0s8c2h6s::Total,sdu6-homo / Total,Total,Time (ps),23000,210.07803,nm^2,nm^2
line,overlay,sdu6-homo,sdu6-homo,sasa,0s8c2h6s,0s8c2h6s::Total,sdu6-homo / Total,Total,Time (ps),24000,207.34691,nm^2,nm^2
line,overlay,sdu6-homo,sdu6-homo,sasa,0s8c2h6s,0s8c2h6s::Total,sdu6-homo / Total,Total,Time (ps),25000,207.19788,nm^2,nm^2
line,overlay,sdu6-homo,sdu6-homo,sasa,0s8c2h6s,0s8c2h6s::Total,sdu6-homo / Total,Total,Time (ps),26000,205.41238,nm^2,nm^2
line,overlay,sdu6-homo,sdu6-homo,sasa,0s8c2h6s,0s8c2h6s::Total,sdu6-homo / Total,Total,Time (ps),27000,209.70522,nm^2,nm^2
line,overlay,sdu6-homo,sdu6-homo,sasa,0s8c2h6s,0s8c2h6s::Total,sdu6-homo / Total,Total,Time (ps),28000,204.2743,nm^2,nm^2
line,overlay,sdu6-homo,sdu6-homo,sasa,0s8c2h6s,0s8c2h6s::Total,sdu6-homo / Total,Total,Time (ps),29000,207.50734,nm^2,nm^2
line,overlay,sdu6-homo,sdu6-homo,sasa,0s8c2h6s,0s8c2h6s::Total,sdu6-homo / Total,Total,Time (ps),30000,208.62039,nm^2,nm^2
line,overlay,sdu6-homo,sdu6-homo,sasa,0s8c2h6s,0s8c2h6s::Total,sdu6-homo / Total,Total,Time (ps),31000,208.60526,nm^2,nm^2
line,overlay,sdu6-homo,sdu6-homo,sasa,0s8c2h6s,0s8c2h6s::Total,sdu6-homo / Total,Total,Time (ps),32000,208.70157,nm^2,nm^2
line,overlay,sdu6-homo,sdu6-homo,sasa,0s8c2h6s,0s8c2h6s::Total,sdu6-homo / Total,Total,Time (ps),33000,206.5513,nm^2,nm^2
line,overlay,sdu6-homo,sdu6-homo,sasa,0s8c2h6s,0s8c2h6s::Total,sdu6-homo / Total,Total,Time (ps),34000,206.41116,nm^2,nm^2
line,overlay,sdu6-homo,sdu6-homo,sasa,0s8c2h6s,0s8c2h6s::Total,sdu6-homo / Total,Total,Time (ps),35000,209.18971,nm^2,nm^2
line,overlay,sdu6-homo,sdu6-homo,sasa,0s8c2h6s,0s8c2h6s::Total,sdu6-homo / Total,Total,Time (ps),36000,208.53215,nm^2,nm^2
line,overlay,sdu6-homo,sdu6-homo,sasa,0s8c2h6s,0s8c2h6s::Total,sdu6-homo / Total,Total,Time (ps),37000,211.4243,nm^2,nm^2
line,overlay,sdu6-homo,sdu6-homo,sasa,0s8c2h6s,0s8c2h6s::Total,sdu6-homo / Total,Total,Time (ps),38000,204.39752,nm^2,nm^2
line,overlay,sdu6-homo,sdu6-homo,sasa,0s8c2h6s,0s8c2h6s::Total,sdu6-homo / Total,Total,Time (ps),39000,206.882,nm^2,nm^2
line,overlay,sdu6-homo,sdu6-homo,sasa,0s8c2h6s,0s8c2h6s::Total,sdu6-homo / Total,Total,Time (ps),40000,204.26712,nm^2,nm^2
line,overlay,sdu6-homo,sdu6-homo,sasa,0s8c2h6s,0s8c2h6s::Total,sdu6-homo / Total,Total,Time (ps),41000,205.01996,nm^2,nm^2
line,overlay,sdu6-homo,sdu6-homo,sasa,0s8c2h6s,0s8c2h6s::Total,sdu6-homo / Total,Total,Time (ps),42000,213.63643,nm^2,nm^2
line,overlay,sdu6-homo,sdu6-homo,sasa,0s8c2h6s,0s8c2h6s::Total,sdu6-homo / Total,Total,Time (ps),43000,206.07208,nm^2,nm^2
line,overlay,sdu6-homo,sdu6-homo,sasa,0s8c2h6s,0s8c2h6s::Total,sdu6-homo / Total,Total,Time (ps),44000,211.43347,nm^2,nm^2
line,overlay,sdu6-homo,sdu6-homo,sasa,0s8c2h6s,0s8c2h6s::Total,sdu6-homo / Total,Total,Time (ps),45000,208.97093,nm^2,nm^2
line,overlay,sdu6-homo,sdu6-homo,sasa,0s8c2h6s,0s8c2h6s::Total,sdu6-homo / Total,Total,Time (ps),46000,201.10019,nm^2,nm^2
line,overlay,sdu6-homo,sdu6-homo,sasa,0s8c2h6s,0s8c2h6s::Total,sdu6-homo / Total,Total,Time (ps),47000,202.01747,nm^2,nm^2
line,overlay,sdu6-homo,sdu6-homo,sasa,0s8c2h6s,0s8c2h6s::Total,sdu6-homo / Total,Total,Time (ps),48000,205.49664,nm^2,nm^2
line,overlay,sdu6-homo,sdu6-homo,sasa,0s8c2h6s,0s8c2h6s::Total,sdu6-homo / Total,Total,Time (ps),49000,204.79303,nm^2,nm^2
line,overlay,sdu6-homo,sdu6-homo,sasa,0s8c2h6s,0s8c2h6s::Total,sdu6-homo / Total,Total,Time (ps),50000,203.91716,nm^2,nm^2
line,overlay,sdu6-homo,sdu6-homo,sasa,0s8c2h6s,0s8c2h6s::Total,sdu6-homo / Total,Total,Time (ps),51000,203.21689,nm^2,nm^2
line,overlay,sdu6-homo,sdu6-homo,sasa,0s8c2h6s,0s8c2h6s::Total,sdu6-homo / Total,Total,Time (ps),52000,206.21335,nm^2,nm^2
line,overlay,sdu6-homo,sdu6-homo,sasa,0s8c2h6s,0s8c2h6s::Total,sdu6-homo / Total,Total,Time (ps),53000,206.63228,nm^2,nm^2
line,overlay,sdu6-homo,sdu6-homo,sasa,0s8c2h6s,0s8c2h6s::Total,sdu6-homo / Total,Total,Time (ps),54000,211.43588,nm^2,nm^2
line,overlay,sdu6-homo,sdu6-homo,sasa,0s8c2h6s,0s8c2h6s::Total,sdu6-homo / Total,Total,Time (ps),55000,207.75536,nm^2,nm^2
line,overlay,sdu6-homo,sdu6-homo,sasa,0s8c2h6s,0s8c2h6s::Total,sdu6-homo / Total,Total,Time (ps),56000,206.65675,nm^2,nm^2
line,overlay,sdu6-homo,sdu6-homo,sasa,0s8c2h6s,0s8c2h6s::Total,sdu6-homo / Total,Total,Time (ps),57000,209.42836,nm^2,nm^2
line,overlay,sdu6-homo,sdu6-homo,sasa,0s8c2h6s,0s8c2h6s::Total,sdu6-homo / Total,Total,Time (ps),58000,205.30716,nm^2,nm^2
line,overlay,sdu6-homo,sdu6-homo,sasa,0s8c2h6s,0s8c2h6s::Total,sdu6-homo / Total,Total,Time (ps),59000,209.57068,nm^2,nm^2
line,overlay,sdu6-homo,sdu6-homo,sasa,0s8c2h6s,0s8c2h6s::Total,sdu6-homo / Total,Total,Time (ps),60000,208.02968,nm^2,nm^2
line,overlay,sdu6-homo,sdu6-homo,sasa,0s8c2h6s,0s8c2h6s::Total,sdu6-homo / Total,Total,Time (ps),61000,207.57666,nm^2,nm^2
line,overlay,sdu6-homo,sdu6-homo,sasa,0s8c2h6s,0s8c2h6s::Total,sdu6-homo / Total,Total,Time (ps),62000,208.48116,nm^2,nm^2
line,overlay,sdu6-homo,sdu6-homo,sasa,0s8c2h6s,0s8c2h6s::Total,sdu6-homo / Total,Total,Time (ps),63000,211.74966,nm^2,nm^2
line,overlay,sdu6-homo,sdu6-homo,sasa,0s8c2h6s,0s8c2h6s::Total,sdu6-homo / Total,Total,Time (ps),64000,208.98154,nm^2,nm^2
line,overlay,sdu6-homo,sdu6-homo,sasa,0s8c2h6s,0s8c2h6s::Total,sdu6-homo / Total,Total,Time (ps),65000,208.92621,nm^2,nm^2
line,overlay,sdu6-homo,sdu6-homo,sasa,0s8c2h6s,0s8c2h6s::Total,sdu6-homo / Total,Total,Time (ps),66000,206.28807,nm^2,nm^2
line,overlay,sdu6-homo,sdu6-homo,sasa,0s8c2h6s,0s8c2h6s::Total,sdu6-homo / Total,Total,Time (ps),67000,209.2369,nm^2,nm^2
line,overlay,sdu6-homo,sdu6-homo,sasa,0s8c2h6s,0s8c2h6s::Total,sdu6-homo / Total,Total,Time (ps),68000,204.85435,nm^2,nm^2
line,overlay,sdu6-homo,sdu6-homo,sasa,0s8c2h6s,0s8c2h6s::Total,sdu6-homo / Total,Total,Time (ps),69000,205.1673,nm^2,nm^2
line,overlay,sdu6-homo,sdu6-homo,sasa,0s8c2h6s,0s8c2h6s::Total,sdu6-homo / Total,Total,Time (ps),70000,207.48512,nm^2,nm^2
line,overlay,sdu6-homo,sdu6-homo,sasa,0s8c2h6s,0s8c2h6s::Total,sdu6-homo / Total,Total,Time (ps),71000,204.25856,nm^2,nm^2
line,overlay,sdu6-homo,sdu6-homo,sasa,0s8c2h6s,0s8c2h6s::Total,sdu6-homo / Total,Total,Time (ps),72000,206.19621,nm^2,nm^2
line,overlay,sdu6-homo,sdu6-homo,sasa,0s8c2h6s,0s8c2h6s::Total,sdu6-homo / Total,Total,Time (ps),73000,210.52692,nm^2,nm^2
line,overlay,sdu6-homo,sdu6-homo,sasa,0s8c2h6s,0s8c2h6s::Total,sdu6-homo / Total,Total,Time (ps),74000,207.93848,nm^2,nm^2
line,overlay,sdu6-homo,sdu6-homo,sasa,0s8c2h6s,0s8c2h6s::Total,sdu6-homo / Total,Total,Time (ps),75000,207.23517,nm^2,nm^2
line,overlay,sdu6-homo,sdu6-homo,sasa,0s8c2h6s,0s8c2h6s::Total,sdu6-homo / Total,Total,Time (ps),76000,207.59152,nm^2,nm^2
line,overlay,sdu6-homo,sdu6-homo,sasa,0s8c2h6s,0s8c2h6s::Total,sdu6-homo / Total,Total,Time (ps),77000,204.20769,nm^2,nm^2
line,overlay,sdu6-homo,sdu6-homo,sasa,0s8c2h6s,0s8c2h6s::Total,sdu6-homo / Total,Total,Time (ps),78000,202.4374,nm^2,nm^2
line,overlay,sdu6-homo,sdu6-homo,sasa,0s8c2h6s,0s8c2h6s::Total,sdu6-homo / Total,Total,Time (ps),79000,205.70206,nm^2,nm^2
line,overlay,sdu6-homo,sdu6-homo,sasa,0s8c2h6s,0s8c2h6s::Total,sdu6-homo / Total,Total,Time (ps),80000,199.81508,nm^2,nm^2
line,overlay,sdu6-homo,sdu6-homo,sasa,0s8c2h6s,0s8c2h6s::Total,sdu6-homo / Total,Total,Time (ps),81000,203.8982,nm^2,nm^2
line,overlay,sdu6-homo,sdu6-homo,sasa,0s8c2h6s,0s8c2h6s::Total,sdu6-homo / Total,Total,Time (ps),82000,206.55304,nm^2,nm^2
line,overlay,sdu6-homo,sdu6-homo,sasa,0s8c2h6s,0s8c2h6s::Total,sdu6-homo / Total,Total,Time (ps),83000,204.13243,nm^2,nm^2
line,overlay,sdu6-homo,sdu6-homo,sasa,0s8c2h6s,0s8c2h6s::Total,sdu6-homo / Total,Total,Time (ps),84000,208.65355,nm^2,nm^2
line,overlay,sdu6-homo,sdu6-homo,sasa,0s8c2h6s,0s8c2h6s::Total,sdu6-homo / Total,Total,Time (ps),85000,205.26314,nm^2,nm^2
line,overlay,sdu6-homo,sdu6-homo,sasa,0s8c2h6s,0s8c2h6s::Total,sdu6-homo / Total,Total,Time (ps),86000,211.08632,nm^2,nm^2
line,overlay,sdu6-homo,sdu6-homo,sasa,0s8c2h6s,0s8c2h6s::Total,sdu6-homo / Total,Total,Time (ps),87000,208.28514,nm^2,nm^2
line,overlay,sdu6-homo,sdu6-homo,sasa,0s8c2h6s,0s8c2h6s::Total,sdu6-homo / Total,Total,Time (ps),88000,206.04611,nm^2,nm^2
line,overlay,sdu6-homo,sdu6-homo,sasa,0s8c2h6s,0s8c2h6s::Total,sdu6-homo / Total,Total,Time (ps),89000,204.65292,nm^2,nm^2
line,overlay,sdu6-homo,sdu6-homo,sasa,0s8c2h6s,0s8c2h6s::Total,sdu6-homo / Total,Total,Time (ps),90000,208.58287,nm^2,nm^2
line,overlay,sdu6-homo,sdu6-homo,sasa,0s8c2h6s,0s8c2h6s::Total,sdu6-homo / Total,Total,Time (ps),91000,209.71469,nm^2,nm^2
line,overlay,sdu6-homo,sdu6-homo,sasa,0s8c2h6s,0s8c2h6s::Total,sdu6-homo / Total,Total,Time (ps),92000,204.14662,nm^2,nm^2
line,overlay,sdu6-homo,sdu6-homo,sasa,0s8c2h6s,0s8c2h6s::Total,sdu6-homo / Total,Total,Time (ps),93000,203.60454,nm^2,nm^2
line,overlay,sdu6-homo,sdu6-homo,sasa,0s8c2h6s,0s8c2h6s::Total,sdu6-homo / Total,Total,Time (ps),94000,205.48726,nm^2,nm^2
line,overlay,sdu6-homo,sdu6-homo,sasa,0s8c2h6s,0s8c2h6s::Total,sdu6-homo / Total,Total,Time (ps),95000,206.84404,nm^2,nm^2
line,overlay,sdu6-homo,sdu6-homo,sasa,0s8c2h6s,0s8c2h6s::Total,sdu6-homo / Total,Total,Time (ps),96000,211.09547,nm^2,nm^2
line,overlay,sdu6-homo,sdu6-homo,sasa,0s8c2h6s,0s8c2h6s::Total,sdu6-homo / Total,Total,Time (ps),97000,208.04712,nm^2,nm^2
line,overlay,sdu6-homo,sdu6-homo,sasa,0s8c2h6s,0s8c2h6s::Total,sdu6-homo / Total,Total,Time (ps),98000,207.04369,nm^2,nm^2
line,overlay,sdu6-homo,sdu6-homo,sasa,0s8c2h6s,0s8c2h6s::Total,sdu6-homo / Total,Total,Time (ps),99000,208.68282,nm^2,nm^2
line,overlay,sdu6-homo,sdu6-homo,sasa,0s8c2h6s,0s8c2h6s::Total,sdu6-homo / Total,Total,Time (ps),100000,206.55493,nm^2,nm^2
line,overlay,sdu6-homo-2,sdu6-homo-2,sasa,dm3n8ied,dm3n8ied::Total,sdu6-homo-2 / Total,Total,Time (ps),0,197.52353,nm^2,nm^2
line,overlay,sdu6-homo-2,sdu6-homo-2,sasa,dm3n8ied,dm3n8ied::Total,sdu6-homo-2 / Total,Total,Time (ps),1000,208.86038,nm^2,nm^2
line,overlay,sdu6-homo-2,sdu6-homo-2,sasa,dm3n8ied,dm3n8ied::Total,sdu6-homo-2 / Total,Total,Time (ps),2000,204.09161,nm^2,nm^2
line,overlay,sdu6-homo-2,sdu6-homo-2,sasa,dm3n8ied,dm3n8ied::Total,sdu6-homo-2 / Total,Total,Time (ps),3000,204.38425,nm^2,nm^2
line,overlay,sdu6-homo-2,sdu6-homo-2,sasa,dm3n8ied,dm3n8ied::Total,sdu6-homo-2 / Total,Total,Time (ps),4000,203.6174,nm^2,nm^2
line,overlay,sdu6-homo-2,sdu6-homo-2,sasa,dm3n8ied,dm3n8ied::Total,sdu6-homo-2 / Total,Total,Time (ps),5000,201.17204,nm^2,nm^2
line,overlay,sdu6-homo-2,sdu6-homo-2,sasa,dm3n8ied,dm3n8ied::Total,sdu6-homo-2 / Total,Total,Time (ps),6000,201.63754,nm^2,nm^2
line,overlay,sdu6-homo-2,sdu6-homo-2,sasa,dm3n8ied,dm3n8ied::Total,sdu6-homo-2 / Total,Total,Time (ps),7000,205.45537,nm^2,nm^2
line,overlay,sdu6-homo-2,sdu6-homo-2,sasa,dm3n8ied,dm3n8ied::Total,sdu6-homo-2 / Total,Total,Time (ps),8000,204.11844,nm^2,nm^2
line,overlay,sdu6-homo-2,sdu6-homo-2,sasa,dm3n8ied,dm3n8ied::Total,sdu6-homo-2 / Total,Total,Time (ps),9000,204.00302,nm^2,nm^2
line,overlay,sdu6-homo-2,sdu6-homo-2,sasa,dm3n8ied,dm3n8ied::Total,sdu6-homo-2 / Total,Total,Time (ps),10000,201.02686,nm^2,nm^2
line,overlay,sdu6-homo-2,sdu6-homo-2,sasa,dm3n8ied,dm3n8ied::Total,sdu6-homo-2 / Total,Total,Time (ps),11000,205.15349,nm^2,nm^2
line,overlay,sdu6-homo-2,sdu6-homo-2,sasa,dm3n8ied,dm3n8ied::Total,sdu6-homo-2 / Total,Total,Time (ps),12000,203.15617,nm^2,nm^2
line,overlay,sdu6-homo-2,sdu6-homo-2,sasa,dm3n8ied,dm3n8ied::Total,sdu6-homo-2 / Total,Total,Time (ps),13000,206.62122,nm^2,nm^2
line,overlay,sdu6-homo-2,sdu6-homo-2,sasa,dm3n8ied,dm3n8ied::Total,sdu6-homo-2 / Total,Total,Time (ps),14000,202.92628,nm^2,nm^2
line,overlay,sdu6-homo-2,sdu6-homo-2,sasa,dm3n8ied,dm3n8ied::Total,sdu6-homo-2 / Total,Total,Time (ps),15000,203.71523,nm^2,nm^2
line,overlay,sdu6-homo-2,sdu6-homo-2,sasa,dm3n8ied,dm3n8ied::Total,sdu6-homo-2 / Total,Total,Time (ps),16000,203.75311,nm^2,nm^2
line,overlay,sdu6-homo-2,sdu6-homo-2,sasa,dm3n8ied,dm3n8ied::Total,sdu6-homo-2 / Total,Total,Time (ps),17000,204.99168,nm^2,nm^2
line,overlay,sdu6-homo-2,sdu6-homo-2,sasa,dm3n8ied,dm3n8ied::Total,sdu6-homo-2 / Total,Total,Time (ps),18000,204.16246,nm^2,nm^2
line,overlay,sdu6-homo-2,sdu6-homo-2,sasa,dm3n8ied,dm3n8ied::Total,sdu6-homo-2 / Total,Total,Time (ps),19000,206.04616,nm^2,nm^2
line,overlay,sdu6-homo-2,sdu6-homo-2,sasa,dm3n8ied,dm3n8ied::Total,sdu6-homo-2 / Total,Total,Time (ps),20000,207.7512,nm^2,nm^2
line,overlay,sdu6-homo-2,sdu6-homo-2,sasa,dm3n8ied,dm3n8ied::Total,sdu6-homo-2 / Total,Total,Time (ps),21000,206.1737,nm^2,nm^2
line,overlay,sdu6-homo-2,sdu6-homo-2,sasa,dm3n8ied,dm3n8ied::Total,sdu6-homo-2 / Total,Total,Time (ps),22000,209.85844,nm^2,nm^2
line,overlay,sdu6-homo-2,sdu6-homo-2,sasa,dm3n8ied,dm3n8ied::Total,sdu6-homo-2 / Total,Total,Time (ps),23000,206.2017,nm^2,nm^2
line,overlay,sdu6-homo-2,sdu6-homo-2,sasa,dm3n8ied,dm3n8ied::Total,sdu6-homo-2 / Total,Total,Time (ps),24000,207.62227,nm^2,nm^2
line,overlay,sdu6-homo-2,sdu6-homo-2,sasa,dm3n8ied,dm3n8ied::Total,sdu6-homo-2 / Total,Total,Time (ps),25000,211.6611,nm^2,nm^2
line,overlay,sdu6-homo-2,sdu6-homo-2,sasa,dm3n8ied,dm3n8ied::Total,sdu6-homo-2 / Total,Total,Time (ps),26000,203.55641,nm^2,nm^2
line,overlay,sdu6-homo-2,sdu6-homo-2,sasa,dm3n8ied,dm3n8ied::Total,sdu6-homo-2 / Total,Total,Time (ps),27000,206.58731,nm^2,nm^2
line,overlay,sdu6-homo-2,sdu6-homo-2,sasa,dm3n8ied,dm3n8ied::Total,sdu6-homo-2 / Total,Total,Time (ps),28000,205.41643,nm^2,nm^2
line,overlay,sdu6-homo-2,sdu6-homo-2,sasa,dm3n8ied,dm3n8ied::Total,sdu6-homo-2 / Total,Total,Time (ps),29000,207.27412,nm^2,nm^2
line,overlay,sdu6-homo-2,sdu6-homo-2,sasa,dm3n8ied,dm3n8ied::Total,sdu6-homo-2 / Total,Total,Time (ps),30000,208.56226,nm^2,nm^2
line,overlay,sdu6-homo-2,sdu6-homo-2,sasa,dm3n8ied,dm3n8ied::Total,sdu6-homo-2 / Total,Total,Time (ps),31000,207.04008,nm^2,nm^2
line,overlay,sdu6-homo-2,sdu6-homo-2,sasa,dm3n8ied,dm3n8ied::Total,sdu6-homo-2 / Total,Total,Time (ps),32000,199.69687,nm^2,nm^2
line,overlay,sdu6-homo-2,sdu6-homo-2,sasa,dm3n8ied,dm3n8ied::Total,sdu6-homo-2 / Total,Total,Time (ps),33000,206.29256,nm^2,nm^2
line,overlay,sdu6-homo-2,sdu6-homo-2,sasa,dm3n8ied,dm3n8ied::Total,sdu6-homo-2 / Total,Total,Time (ps),34000,206.19817,nm^2,nm^2
line,overlay,sdu6-homo-2,sdu6-homo-2,sasa,dm3n8ied,dm3n8ied::Total,sdu6-homo-2 / Total,Total,Time (ps),35000,209.91261,nm^2,nm^2
line,overlay,sdu6-homo-2,sdu6-homo-2,sasa,dm3n8ied,dm3n8ied::Total,sdu6-homo-2 / Total,Total,Time (ps),36000,208.57828,nm^2,nm^2
line,overlay,sdu6-homo-2,sdu6-homo-2,sasa,dm3n8ied,dm3n8ied::Total,sdu6-homo-2 / Total,Total,Time (ps),37000,206.75778,nm^2,nm^2
line,overlay,sdu6-homo-2,sdu6-homo-2,sasa,dm3n8ied,dm3n8ied::Total,sdu6-homo-2 / Total,Total,Time (ps),38000,208.38248,nm^2,nm^2
line,overlay,sdu6-homo-2,sdu6-homo-2,sasa,dm3n8ied,dm3n8ied::Total,sdu6-homo-2 / Total,Total,Time (ps),39000,208.12189,nm^2,nm^2
line,overlay,sdu6-homo-2,sdu6-homo-2,sasa,dm3n8ied,dm3n8ied::Total,sdu6-homo-2 / Total,Total,Time (ps),40000,204.01747,nm^2,nm^2
line,overlay,sdu6-homo-2,sdu6-homo-2,sasa,dm3n8ied,dm3n8ied::Total,sdu6-homo-2 / Total,Total,Time (ps),41000,207.10252,nm^2,nm^2
line,overlay,sdu6-homo-2,sdu6-homo-2,sasa,dm3n8ied,dm3n8ied::Total,sdu6-homo-2 / Total,Total,Time (ps),42000,205.41437,nm^2,nm^2
line,overlay,sdu6-homo-2,sdu6-homo-2,sasa,dm3n8ied,dm3n8ied::Total,sdu6-homo-2 / Total,Total,Time (ps),43000,205.63779,nm^2,nm^2
line,overlay,sdu6-homo-2,sdu6-homo-2,sasa,dm3n8ied,dm3n8ied::Total,sdu6-homo-2 / Total,Total,Time (ps),44000,204.85954,nm^2,nm^2
line,overlay,sdu6-homo-2,sdu6-homo-2,sasa,dm3n8ied,dm3n8ied::Total,sdu6-homo-2 / Total,Total,Time (ps),45000,204.67363,nm^2,nm^2
line,overlay,sdu6-homo-2,sdu6-homo-2,sasa,dm3n8ied,dm3n8ied::Total,sdu6-homo-2 / Total,Total,Time (ps),46000,204.64714,nm^2,nm^2
line,overlay,sdu6-homo-2,sdu6-homo-2,sasa,dm3n8ied,dm3n8ied::Total,sdu6-homo-2 / Total,Total,Time (ps),47000,208.43503,nm^2,nm^2
line,overlay,sdu6-homo-2,sdu6-homo-2,sasa,dm3n8ied,dm3n8ied::Total,sdu6-homo-2 / Total,Total,Time (ps),48000,210.56459,nm^2,nm^2
line,overlay,sdu6-homo-2,sdu6-homo-2,sasa,dm3n8ied,dm3n8ied::Total,sdu6-homo-2 / Total,Total,Time (ps),49000,206.51924,nm^2,nm^2
line,overlay,sdu6-homo-2,sdu6-homo-2,sasa,dm3n8ied,dm3n8ied::Total,sdu6-homo-2 / Total,Total,Time (ps),50000,202.50162,nm^2,nm^2
line,overlay,sdu6-homo-2,sdu6-homo-2,sasa,dm3n8ied,dm3n8ied::Total,sdu6-homo-2 / Total,Total,Time (ps),51000,204.8617,nm^2,nm^2
line,overlay,sdu6-homo-2,sdu6-homo-2,sasa,dm3n8ied,dm3n8ied::Total,sdu6-homo-2 / Total,Total,Time (ps),52000,202.52757,nm^2,nm^2
line,overlay,sdu6-homo-2,sdu6-homo-2,sasa,dm3n8ied,dm3n8ied::Total,sdu6-homo-2 / Total,Total,Time (ps),53000,204.44337,nm^2,nm^2
line,overlay,sdu6-homo-2,sdu6-homo-2,sasa,dm3n8ied,dm3n8ied::Total,sdu6-homo-2 / Total,Total,Time (ps),54000,204.00113,nm^2,nm^2
line,overlay,sdu6-homo-2,sdu6-homo-2,sasa,dm3n8ied,dm3n8ied::Total,sdu6-homo-2 / Total,Total,Time (ps),55000,204.94337,nm^2,nm^2
line,overlay,sdu6-homo-2,sdu6-homo-2,sasa,dm3n8ied,dm3n8ied::Total,sdu6-homo-2 / Total,Total,Time (ps),56000,199.07541,nm^2,nm^2
line,overlay,sdu6-homo-2,sdu6-homo-2,sasa,dm3n8ied,dm3n8ied::Total,sdu6-homo-2 / Total,Total,Time (ps),57000,205.46466,nm^2,nm^2
line,overlay,sdu6-homo-2,sdu6-homo-2,sasa,dm3n8ied,dm3n8ied::Total,sdu6-homo-2 / Total,Total,Time (ps),58000,201.24611,nm^2,nm^2
line,overlay,sdu6-homo-2,sdu6-homo-2,sasa,dm3n8ied,dm3n8ied::Total,sdu6-homo-2 / Total,Total,Time (ps),59000,197.58838,nm^2,nm^2
line,overlay,sdu6-homo-2,sdu6-homo-2,sasa,dm3n8ied,dm3n8ied::Total,sdu6-homo-2 / Total,Total,Time (ps),60000,203.81837,nm^2,nm^2
line,overlay,sdu6-homo-2,sdu6-homo-2,sasa,dm3n8ied,dm3n8ied::Total,sdu6-homo-2 / Total,Total,Time (ps),61000,201.1505,nm^2,nm^2
line,overlay,sdu6-homo-2,sdu6-homo-2,sasa,dm3n8ied,dm3n8ied::Total,sdu6-homo-2 / Total,Total,Time (ps),62000,204.98979,nm^2,nm^2
line,overlay,sdu6-homo-2,sdu6-homo-2,sasa,dm3n8ied,dm3n8ied::Total,sdu6-homo-2 / Total,Total,Time (ps),63000,205.83356,nm^2,nm^2
line,overlay,sdu6-homo-2,sdu6-homo-2,sasa,dm3n8ied,dm3n8ied::Total,sdu6-homo-2 / Total,Total,Time (ps),64000,208.59372,nm^2,nm^2
line,overlay,sdu6-homo-2,sdu6-homo-2,sasa,dm3n8ied,dm3n8ied::Total,sdu6-homo-2 / Total,Total,Time (ps),65000,203.80794,nm^2,nm^2
line,overlay,sdu6-homo-2,sdu6-homo-2,sasa,dm3n8ied,dm3n8ied::Total,sdu6-homo-2 / Total,Total,Time (ps),66000,206.17677,nm^2,nm^2
line,overlay,sdu6-homo-2,sdu6-homo-2,sasa,dm3n8ied,dm3n8ied::Total,sdu6-homo-2 / Total,Total,Time (ps),67000,199.47643,nm^2,nm^2
line,overlay,sdu6-homo-2,sdu6-homo-2,sasa,dm3n8ied,dm3n8ied::Total,sdu6-homo-2 / Total,Total,Time (ps),68000,207.80888,nm^2,nm^2
line,overlay,sdu6-homo-2,sdu6-homo-2,sasa,dm3n8ied,dm3n8ied::Total,sdu6-homo-2 / Total,Total,Time (ps),69000,203.1731,nm^2,nm^2
line,overlay,sdu6-homo-2,sdu6-homo-2,sasa,dm3n8ied,dm3n8ied::Total,sdu6-homo-2 / Total,Total,Time (ps),70000,201.1025,nm^2,nm^2
line,overlay,sdu6-homo-2,sdu6-homo-2,sasa,dm3n8ied,dm3n8ied::Total,sdu6-homo-2 / Total,Total,Time (ps),71000,202.41112,nm^2,nm^2
line,overlay,sdu6-homo-2,sdu6-homo-2,sasa,dm3n8ied,dm3n8ied::Total,sdu6-homo-2 / Total,Total,Time (ps),72000,206.50609,nm^2,nm^2
line,overlay,sdu6-homo-2,sdu6-homo-2,sasa,dm3n8ied,dm3n8ied::Total,sdu6-homo-2 / Total,Total,Time (ps),73000,202.71683,nm^2,nm^2
line,overlay,sdu6-homo-2,sdu6-homo-2,sasa,dm3n8ied,dm3n8ied::Total,sdu6-homo-2 / Total,Total,Time (ps),74000,207.08601,nm^2,nm^2
line,overlay,sdu6-homo-2,sdu6-homo-2,sasa,dm3n8ied,dm3n8ied::Total,sdu6-homo-2 / Total,Total,Time (ps),75000,203.945,nm^2,nm^2
line,overlay,sdu6-homo-2,sdu6-homo-2,sasa,dm3n8ied,dm3n8ied::Total,sdu6-homo-2 / Total,Total,Time (ps),76000,202.42006,nm^2,nm^2
line,overlay,sdu6-homo-2,sdu6-homo-2,sasa,dm3n8ied,dm3n8ied::Total,sdu6-homo-2 / Total,Total,Time (ps),77000,205.14037,nm^2,nm^2
line,overlay,sdu6-homo-2,sdu6-homo-2,sasa,dm3n8ied,dm3n8ied::Total,sdu6-homo-2 / Total,Total,Time (ps),78000,207.67374,nm^2,nm^2
line,overlay,sdu6-homo-2,sdu6-homo-2,sasa,dm3n8ied,dm3n8ied::Total,sdu6-homo-2 / Total,Total,Time (ps),79000,202.79562,nm^2,nm^2
line,overlay,sdu6-homo-2,sdu6-homo-2,sasa,dm3n8ied,dm3n8ied::Total,sdu6-homo-2 / Total,Total,Time (ps),80000,203.96922,nm^2,nm^2
line,overlay,sdu6-homo-2,sdu6-homo-2,sasa,dm3n8ied,dm3n8ied::Total,sdu6-homo-2 / Total,Total,Time (ps),81000,208.53757,nm^2,nm^2
line,overlay,sdu6-homo-2,sdu6-homo-2,sasa,dm3n8ied,dm3n8ied::Total,sdu6-homo-2 / Total,Total,Time (ps),82000,204.57303,nm^2,nm^2
line,overlay,sdu6-homo-2,sdu6-homo-2,sasa,dm3n8ied,dm3n8ied::Total,sdu6-homo-2 / Total,Total,Time (ps),83000,207.20245,nm^2,nm^2
line,overlay,sdu6-homo-2,sdu6-homo-2,sasa,dm3n8ied,dm3n8ied::Total,sdu6-homo-2 / Total,Total,Time (ps),84000,205.05539,nm^2,nm^2
line,overlay,sdu6-homo-2,sdu6-homo-2,sasa,dm3n8ied,dm3n8ied::Total,sdu6-homo-2 / Total,Total,Time (ps),85000,201.93622,nm^2,nm^2
line,overlay,sdu6-homo-2,sdu6-homo-2,sasa,dm3n8ied,dm3n8ied::Total,sdu6-homo-2 / Total,Total,Time (ps),86000,205.21611,nm^2,nm^2
line,overlay,sdu6-homo-2,sdu6-homo-2,sasa,dm3n8ied,dm3n8ied::Total,sdu6-homo-2 / Total,Total,Time (ps),87000,206.88571,nm^2,nm^2
line,overlay,sdu6-homo-2,sdu6-homo-2,sasa,dm3n8ied,dm3n8ied::Total,sdu6-homo-2 / Total,Total,Time (ps),88000,206.29324,nm^2,nm^2
line,overlay,sdu6-homo-2,sdu6-homo-2,sasa,dm3n8ied,dm3n8ied::Total,sdu6-homo-2 / Total,Total,Time (ps),89000,206.87602,nm^2,nm^2
line,overlay,sdu6-homo-2,sdu6-homo-2,sasa,dm3n8ied,dm3n8ied::Total,sdu6-homo-2 / Total,Total,Time (ps),90000,207.52129,nm^2,nm^2
line,overlay,sdu6-homo-2,sdu6-homo-2,sasa,dm3n8ied,dm3n8ied::Total,sdu6-homo-2 / Total,Total,Time (ps),91000,208.07304,nm^2,nm^2
line,overlay,sdu6-homo-2,sdu6-homo-2,sasa,dm3n8ied,dm3n8ied::Total,sdu6-homo-2 / Total,Total,Time (ps),92000,206.6272,nm^2,nm^2
line,overlay,sdu6-homo-2,sdu6-homo-2,sasa,dm3n8ied,dm3n8ied::Total,sdu6-homo-2 / Total,Total,Time (ps),93000,205.70277,nm^2,nm^2
line,overlay,sdu6-homo-2,sdu6-homo-2,sasa,dm3n8ied,dm3n8ied::Total,sdu6-homo-2 / Total,Total,Time (ps),94000,206.77975,nm^2,nm^2
line,overlay,sdu6-homo-2,sdu6-homo-2,sasa,dm3n8ied,dm3n8ied::Total,sdu6-homo-2 / Total,Total,Time (ps),95000,207.41905,nm^2,nm^2
line,overlay,sdu6-homo-2,sdu6-homo-2,sasa,dm3n8ied,dm3n8ied::Total,sdu6-homo-2 / Total,Total,Time (ps),96000,207.21396,nm^2,nm^2
line,overlay,sdu6-homo-2,sdu6-homo-2,sasa,dm3n8ied,dm3n8ied::Total,sdu6-homo-2 / Total,Total,Time (ps),97000,211.35887,nm^2,nm^2
line,overlay,sdu6-homo-2,sdu6-homo-2,sasa,dm3n8ied,dm3n8ied::Total,sdu6-homo-2 / Total,Total,Time (ps),98000,210.89206,nm^2,nm^2
line,overlay,sdu6-homo-2,sdu6-homo-2,sasa,dm3n8ied,dm3n8ied::Total,sdu6-homo-2 / Total,Total,Time (ps),99000,207.76588,nm^2,nm^2
line,overlay,sdu6-homo-2,sdu6-homo-2,sasa,dm3n8ied,dm3n8ied::Total,sdu6-homo-2 / Total,Total,Time (ps),100000,204.6987,nm^2,nm^2
line,overlay,sdu6-homo-3,sdu6-homo-3,sasa,gmwwrzba,gmwwrzba::Total,sdu6-homo-3 / Total,Total,Time (ps),0,204.2007,nm^2,nm^2
line,overlay,sdu6-homo-3,sdu6-homo-3,sasa,gmwwrzba,gmwwrzba::Total,sdu6-homo-3 / Total,Total,Time (ps),1000,204.25888,nm^2,nm^2
line,overlay,sdu6-homo-3,sdu6-homo-3,sasa,gmwwrzba,gmwwrzba::Total,sdu6-homo-3 / Total,Total,Time (ps),2000,207.9953,nm^2,nm^2
line,overlay,sdu6-homo-3,sdu6-homo-3,sasa,gmwwrzba,gmwwrzba::Total,sdu6-homo-3 / Total,Total,Time (ps),3000,202.74814,nm^2,nm^2
line,overlay,sdu6-homo-3,sdu6-homo-3,sasa,gmwwrzba,gmwwrzba::Total,sdu6-homo-3 / Total,Total,Time (ps),4000,204.8258,nm^2,nm^2
line,overlay,sdu6-homo-3,sdu6-homo-3,sasa,gmwwrzba,gmwwrzba::Total,sdu6-homo-3 / Total,Total,Time (ps),5000,202.9672,nm^2,nm^2
line,overlay,sdu6-homo-3,sdu6-homo-3,sasa,gmwwrzba,gmwwrzba::Total,sdu6-homo-3 / Total,Total,Time (ps),6000,203.28094,nm^2,nm^2
line,overlay,sdu6-homo-3,sdu6-homo-3,sasa,gmwwrzba,gmwwrzba::Total,sdu6-homo-3 / Total,Total,Time (ps),7000,201.15068,nm^2,nm^2
line,overlay,sdu6-homo-3,sdu6-homo-3,sasa,gmwwrzba,gmwwrzba::Total,sdu6-homo-3 / Total,Total,Time (ps),8000,200.10237,nm^2,nm^2
line,overlay,sdu6-homo-3,sdu6-homo-3,sasa,gmwwrzba,gmwwrzba::Total,sdu6-homo-3 / Total,Total,Time (ps),9000,200.77612,nm^2,nm^2
line,overlay,sdu6-homo-3,sdu6-homo-3,sasa,gmwwrzba,gmwwrzba::Total,sdu6-homo-3 / Total,Total,Time (ps),10000,200.58516,nm^2,nm^2
line,overlay,sdu6-homo-3,sdu6-homo-3,sasa,gmwwrzba,gmwwrzba::Total,sdu6-homo-3 / Total,Total,Time (ps),11000,200.97038,nm^2,nm^2
line,overlay,sdu6-homo-3,sdu6-homo-3,sasa,gmwwrzba,gmwwrzba::Total,sdu6-homo-3 / Total,Total,Time (ps),12000,200.823,nm^2,nm^2
line,overlay,sdu6-homo-3,sdu6-homo-3,sasa,gmwwrzba,gmwwrzba::Total,sdu6-homo-3 / Total,Total,Time (ps),13000,203.81985,nm^2,nm^2
line,overlay,sdu6-homo-3,sdu6-homo-3,sasa,gmwwrzba,gmwwrzba::Total,sdu6-homo-3 / Total,Total,Time (ps),14000,209.19078,nm^2,nm^2
line,overlay,sdu6-homo-3,sdu6-homo-3,sasa,gmwwrzba,gmwwrzba::Total,sdu6-homo-3 / Total,Total,Time (ps),15000,208.20763,nm^2,nm^2
line,overlay,sdu6-homo-3,sdu6-homo-3,sasa,gmwwrzba,gmwwrzba::Total,sdu6-homo-3 / Total,Total,Time (ps),16000,208.79991,nm^2,nm^2
line,overlay,sdu6-homo-3,sdu6-homo-3,sasa,gmwwrzba,gmwwrzba::Total,sdu6-homo-3 / Total,Total,Time (ps),17000,205.57735,nm^2,nm^2
line,overlay,sdu6-homo-3,sdu6-homo-3,sasa,gmwwrzba,gmwwrzba::Total,sdu6-homo-3 / Total,Total,Time (ps),18000,203.4865,nm^2,nm^2
line,overlay,sdu6-homo-3,sdu6-homo-3,sasa,gmwwrzba,gmwwrzba::Total,sdu6-homo-3 / Total,Total,Time (ps),19000,201.87216,nm^2,nm^2
line,overlay,sdu6-homo-3,sdu6-homo-3,sasa,gmwwrzba,gmwwrzba::Total,sdu6-homo-3 / Total,Total,Time (ps),20000,207.00897,nm^2,nm^2
line,overlay,sdu6-homo-3,sdu6-homo-3,sasa,gmwwrzba,gmwwrzba::Total,sdu6-homo-3 / Total,Total,Time (ps),21000,207.29013,nm^2,nm^2
line,overlay,sdu6-homo-3,sdu6-homo-3,sasa,gmwwrzba,gmwwrzba::Total,sdu6-homo-3 / Total,Total,Time (ps),22000,202.36684,nm^2,nm^2
line,overlay,sdu6-homo-3,sdu6-homo-3,sasa,gmwwrzba,gmwwrzba::Total,sdu6-homo-3 / Total,Total,Time (ps),23000,204.63708,nm^2,nm^2
line,overlay,sdu6-homo-3,sdu6-homo-3,sasa,gmwwrzba,gmwwrzba::Total,sdu6-homo-3 / Total,Total,Time (ps),24000,205.09453,nm^2,nm^2
line,overlay,sdu6-homo-3,sdu6-homo-3,sasa,gmwwrzba,gmwwrzba::Total,sdu6-homo-3 / Total,Total,Time (ps),25000,202.72537,nm^2,nm^2
line,overlay,sdu6-homo-3,sdu6-homo-3,sasa,gmwwrzba,gmwwrzba::Total,sdu6-homo-3 / Total,Total,Time (ps),26000,201.24872,nm^2,nm^2
line,overlay,sdu6-homo-3,sdu6-homo-3,sasa,gmwwrzba,gmwwrzba::Total,sdu6-homo-3 / Total,Total,Time (ps),27000,200.82904,nm^2,nm^2
line,overlay,sdu6-homo-3,sdu6-homo-3,sasa,gmwwrzba,gmwwrzba::Total,sdu6-homo-3 / Total,Total,Time (ps),28000,202.6307,nm^2,nm^2
line,overlay,sdu6-homo-3,sdu6-homo-3,sasa,gmwwrzba,gmwwrzba::Total,sdu6-homo-3 / Total,Total,Time (ps),29000,204.01778,nm^2,nm^2
line,overlay,sdu6-homo-3,sdu6-homo-3,sasa,gmwwrzba,gmwwrzba::Total,sdu6-homo-3 / Total,Total,Time (ps),30000,202.56573,nm^2,nm^2
line,overlay,sdu6-homo-3,sdu6-homo-3,sasa,gmwwrzba,gmwwrzba::Total,sdu6-homo-3 / Total,Total,Time (ps),31000,205.32375,nm^2,nm^2
line,overlay,sdu6-homo-3,sdu6-homo-3,sasa,gmwwrzba,gmwwrzba::Total,sdu6-homo-3 / Total,Total,Time (ps),32000,205.2653,nm^2,nm^2
line,overlay,sdu6-homo-3,sdu6-homo-3,sasa,gmwwrzba,gmwwrzba::Total,sdu6-homo-3 / Total,Total,Time (ps),33000,207.73398,nm^2,nm^2
line,overlay,sdu6-homo-3,sdu6-homo-3,sasa,gmwwrzba,gmwwrzba::Total,sdu6-homo-3 / Total,Total,Time (ps),34000,205.00725,nm^2,nm^2
line,overlay,sdu6-homo-3,sdu6-homo-3,sasa,gmwwrzba,gmwwrzba::Total,sdu6-homo-3 / Total,Total,Time (ps),35000,207.82263,nm^2,nm^2
line,overlay,sdu6-homo-3,sdu6-homo-3,sasa,gmwwrzba,gmwwrzba::Total,sdu6-homo-3 / Total,Total,Time (ps),36000,204.74223,nm^2,nm^2
line,overlay,sdu6-homo-3,sdu6-homo-3,sasa,gmwwrzba,gmwwrzba::Total,sdu6-homo-3 / Total,Total,Time (ps),37000,203.37227,nm^2,nm^2
line,overlay,sdu6-homo-3,sdu6-homo-3,sasa,gmwwrzba,gmwwrzba::Total,sdu6-homo-3 / Total,Total,Time (ps),38000,206.6861,nm^2,nm^2
line,overlay,sdu6-homo-3,sdu6-homo-3,sasa,gmwwrzba,gmwwrzba::Total,sdu6-homo-3 / Total,Total,Time (ps),39000,203.54059,nm^2,nm^2
line,overlay,sdu6-homo-3,sdu6-homo-3,sasa,gmwwrzba,gmwwrzba::Total,sdu6-homo-3 / Total,Total,Time (ps),40000,203.82756,nm^2,nm^2
line,overlay,sdu6-homo-3,sdu6-homo-3,sasa,gmwwrzba,gmwwrzba::Total,sdu6-homo-3 / Total,Total,Time (ps),41000,209.57742,nm^2,nm^2
line,overlay,sdu6-homo-3,sdu6-homo-3,sasa,gmwwrzba,gmwwrzba::Total,sdu6-homo-3 / Total,Total,Time (ps),42000,202.87038,nm^2,nm^2
line,overlay,sdu6-homo-3,sdu6-homo-3,sasa,gmwwrzba,gmwwrzba::Total,sdu6-homo-3 / Total,Total,Time (ps),43000,202.27312,nm^2,nm^2
line,overlay,sdu6-homo-3,sdu6-homo-3,sasa,gmwwrzba,gmwwrzba::Total,sdu6-homo-3 / Total,Total,Time (ps),44000,203.49411,nm^2,nm^2
line,overlay,sdu6-homo-3,sdu6-homo-3,sasa,gmwwrzba,gmwwrzba::Total,sdu6-homo-3 / Total,Total,Time (ps),45000,205.57643,nm^2,nm^2
line,overlay,sdu6-homo-3,sdu6-homo-3,sasa,gmwwrzba,gmwwrzba::Total,sdu6-homo-3 / Total,Total,Time (ps),46000,207.74614,nm^2,nm^2
line,overlay,sdu6-homo-3,sdu6-homo-3,sasa,gmwwrzba,gmwwrzba::Total,sdu6-homo-3 / Total,Total,Time (ps),47000,211.82031,nm^2,nm^2
line,overlay,sdu6-homo-3,sdu6-homo-3,sasa,gmwwrzba,gmwwrzba::Total,sdu6-homo-3 / Total,Total,Time (ps),48000,213.53323,nm^2,nm^2
line,overlay,sdu6-homo-3,sdu6-homo-3,sasa,gmwwrzba,gmwwrzba::Total,sdu6-homo-3 / Total,Total,Time (ps),49000,209.34561,nm^2,nm^2
line,overlay,sdu6-homo-3,sdu6-homo-3,sasa,gmwwrzba,gmwwrzba::Total,sdu6-homo-3 / Total,Total,Time (ps),50000,205.94495,nm^2,nm^2
line,overlay,sdu6-homo-3,sdu6-homo-3,sasa,gmwwrzba,gmwwrzba::Total,sdu6-homo-3 / Total,Total,Time (ps),51000,209.38426,nm^2,nm^2
line,overlay,sdu6-homo-3,sdu6-homo-3,sasa,gmwwrzba,gmwwrzba::Total,sdu6-homo-3 / Total,Total,Time (ps),52000,207.02121,nm^2,nm^2
line,overlay,sdu6-homo-3,sdu6-homo-3,sasa,gmwwrzba,gmwwrzba::Total,sdu6-homo-3 / Total,Total,Time (ps),53000,204.04681,nm^2,nm^2
line,overlay,sdu6-homo-3,sdu6-homo-3,sasa,gmwwrzba,gmwwrzba::Total,sdu6-homo-3 / Total,Total,Time (ps),54000,206.67265,nm^2,nm^2
line,overlay,sdu6-homo-3,sdu6-homo-3,sasa,gmwwrzba,gmwwrzba::Total,sdu6-homo-3 / Total,Total,Time (ps),55000,209.78122,nm^2,nm^2
line,overlay,sdu6-homo-3,sdu6-homo-3,sasa,gmwwrzba,gmwwrzba::Total,sdu6-homo-3 / Total,Total,Time (ps),56000,207.18524,nm^2,nm^2
line,overlay,sdu6-homo-3,sdu6-homo-3,sasa,gmwwrzba,gmwwrzba::Total,sdu6-homo-3 / Total,Total,Time (ps),57000,206.25249,nm^2,nm^2
line,overlay,sdu6-homo-3,sdu6-homo-3,sasa,gmwwrzba,gmwwrzba::Total,sdu6-homo-3 / Total,Total,Time (ps),58000,204.83766,nm^2,nm^2
line,overlay,sdu6-homo-3,sdu6-homo-3,sasa,gmwwrzba,gmwwrzba::Total,sdu6-homo-3 / Total,Total,Time (ps),59000,201.92545,nm^2,nm^2
line,overlay,sdu6-homo-3,sdu6-homo-3,sasa,gmwwrzba,gmwwrzba::Total,sdu6-homo-3 / Total,Total,Time (ps),60000,202.98141,nm^2,nm^2
line,overlay,sdu6-homo-3,sdu6-homo-3,sasa,gmwwrzba,gmwwrzba::Total,sdu6-homo-3 / Total,Total,Time (ps),61000,206.01299,nm^2,nm^2
line,overlay,sdu6-homo-3,sdu6-homo-3,sasa,gmwwrzba,gmwwrzba::Total,sdu6-homo-3 / Total,Total,Time (ps),62000,201.97662,nm^2,nm^2
line,overlay,sdu6-homo-3,sdu6-homo-3,sasa,gmwwrzba,gmwwrzba::Total,sdu6-homo-3 / Total,Total,Time (ps),63000,203.3641,nm^2,nm^2
line,overlay,sdu6-homo-3,sdu6-homo-3,sasa,gmwwrzba,gmwwrzba::Total,sdu6-homo-3 / Total,Total,Time (ps),64000,202.61879,nm^2,nm^2
line,overlay,sdu6-homo-3,sdu6-homo-3,sasa,gmwwrzba,gmwwrzba::Total,sdu6-homo-3 / Total,Total,Time (ps),65000,205.20634,nm^2,nm^2
line,overlay,sdu6-homo-3,sdu6-homo-3,sasa,gmwwrzba,gmwwrzba::Total,sdu6-homo-3 / Total,Total,Time (ps),66000,205.49944,nm^2,nm^2
line,overlay,sdu6-homo-3,sdu6-homo-3,sasa,gmwwrzba,gmwwrzba::Total,sdu6-homo-3 / Total,Total,Time (ps),67000,201.00504,nm^2,nm^2
line,overlay,sdu6-homo-3,sdu6-homo-3,sasa,gmwwrzba,gmwwrzba::Total,sdu6-homo-3 / Total,Total,Time (ps),68000,0.010252393,nm^2,nm^2
line,overlay,sdu6-homo-3,sdu6-homo-3,sasa,gmwwrzba,gmwwrzba::Total,sdu6-homo-3 / Total,Total,Time (ps),69000,205.88281,nm^2,nm^2
line,overlay,sdu6-homo-3,sdu6-homo-3,sasa,gmwwrzba,gmwwrzba::Total,sdu6-homo-3 / Total,Total,Time (ps),70000,204.3629,nm^2,nm^2
line,overlay,sdu6-homo-3,sdu6-homo-3,sasa,gmwwrzba,gmwwrzba::Total,sdu6-homo-3 / Total,Total,Time (ps),71000,208.61876,nm^2,nm^2
line,overlay,sdu6-homo-3,sdu6-homo-3,sasa,gmwwrzba,gmwwrzba::Total,sdu6-homo-3 / Total,Total,Time (ps),72000,208.13211,nm^2,nm^2
line,overlay,sdu6-homo-3,sdu6-homo-3,sasa,gmwwrzba,gmwwrzba::Total,sdu6-homo-3 / Total,Total,Time (ps),73000,208.8938,nm^2,nm^2
line,overlay,sdu6-homo-3,sdu6-homo-3,sasa,gmwwrzba,gmwwrzba::Total,sdu6-homo-3 / Total,Total,Time (ps),74000,207.2199,nm^2,nm^2
line,overlay,sdu6-homo-3,sdu6-homo-3,sasa,gmwwrzba,gmwwrzba::Total,sdu6-homo-3 / Total,Total,Time (ps),75000,208.56796,nm^2,nm^2
line,overlay,sdu6-homo-3,sdu6-homo-3,sasa,gmwwrzba,gmwwrzba::Total,sdu6-homo-3 / Total,Total,Time (ps),76000,214.81154,nm^2,nm^2
line,overlay,sdu6-homo-3,sdu6-homo-3,sasa,gmwwrzba,gmwwrzba::Total,sdu6-homo-3 / Total,Total,Time (ps),77000,214.75499,nm^2,nm^2
line,overlay,sdu6-homo-3,sdu6-homo-3,sasa,gmwwrzba,gmwwrzba::Total,sdu6-homo-3 / Total,Total,Time (ps),78000,214.87695,nm^2,nm^2
line,overlay,sdu6-homo-3,sdu6-homo-3,sasa,gmwwrzba,gmwwrzba::Total,sdu6-homo-3 / Total,Total,Time (ps),79000,215.12318,nm^2,nm^2
line,overlay,sdu6-homo-3,sdu6-homo-3,sasa,gmwwrzba,gmwwrzba::Total,sdu6-homo-3 / Total,Total,Time (ps),80000,215.86678,nm^2,nm^2
line,overlay,sdu6-homo-3,sdu6-homo-3,sasa,gmwwrzba,gmwwrzba::Total,sdu6-homo-3 / Total,Total,Time (ps),81000,214.74187,nm^2,nm^2
line,overlay,sdu6-homo-3,sdu6-homo-3,sasa,gmwwrzba,gmwwrzba::Total,sdu6-homo-3 / Total,Total,Time (ps),82000,216.76971,nm^2,nm^2
line,overlay,sdu6-homo-3,sdu6-homo-3,sasa,gmwwrzba,gmwwrzba::Total,sdu6-homo-3 / Total,Total,Time (ps),83000,215.58571,nm^2,nm^2
line,overlay,sdu6-homo-3,sdu6-homo-3,sasa,gmwwrzba,gmwwrzba::Total,sdu6-homo-3 / Total,Total,Time (ps),84000,208.20981,nm^2,nm^2
line,overlay,sdu6-homo-3,sdu6-homo-3,sasa,gmwwrzba,gmwwrzba::Total,sdu6-homo-3 / Total,Total,Time (ps),85000,212.7887,nm^2,nm^2
line,overlay,sdu6-homo-3,sdu6-homo-3,sasa,gmwwrzba,gmwwrzba::Total,sdu6-homo-3 / Total,Total,Time (ps),86000,383.49384,nm^2,nm^2
line,overlay,sdu6-homo-3,sdu6-homo-3,sasa,gmwwrzba,gmwwrzba::Total,sdu6-homo-3 / Total,Total,Time (ps),87000,219.2836,nm^2,nm^2
line,overlay,sdu6-homo-3,sdu6-homo-3,sasa,gmwwrzba,gmwwrzba::Total,sdu6-homo-3 / Total,Total,Time (ps),88000,220.83447,nm^2,nm^2
line,overlay,sdu6-homo-3,sdu6-homo-3,sasa,gmwwrzba,gmwwrzba::Total,sdu6-homo-3 / Total,Total,Time (ps),89000,214.6264,nm^2,nm^2
line,overlay,sdu6-homo-3,sdu6-homo-3,sasa,gmwwrzba,gmwwrzba::Total,sdu6-homo-3 / Total,Total,Time (ps),90000,220.0082,nm^2,nm^2
line,overlay,sdu6-homo-3,sdu6-homo-3,sasa,gmwwrzba,gmwwrzba::Total,sdu6-homo-3 / Total,Total,Time (ps),91000,214.73186,nm^2,nm^2
line,overlay,sdu6-homo-3,sdu6-homo-3,sasa,gmwwrzba,gmwwrzba::Total,sdu6-homo-3 / Total,Total,Time (ps),92000,214.88834,nm^2,nm^2
line,overlay,sdu6-homo-3,sdu6-homo-3,sasa,gmwwrzba,gmwwrzba::Total,sdu6-homo-3 / Total,Total,Time (ps),93000,211.11293,nm^2,nm^2
line,overlay,sdu6-homo-3,sdu6-homo-3,sasa,gmwwrzba,gmwwrzba::Total,sdu6-homo-3 / Total,Total,Time (ps),94000,216.77809,nm^2,nm^2
line,overlay,sdu6-homo-3,sdu6-homo-3,sasa,gmwwrzba,gmwwrzba::Total,sdu6-homo-3 / Total,Total,Time (ps),95000,211.22266,nm^2,nm^2
line,overlay,sdu6-homo-3,sdu6-homo-3,sasa,gmwwrzba,gmwwrzba::Total,sdu6-homo-3 / Total,Total,Time (ps),96000,214.36754,nm^2,nm^2
line,overlay,sdu6-homo-3,sdu6-homo-3,sasa,gmwwrzba,gmwwrzba::Total,sdu6-homo-3 / Total,Total,Time (ps),97000,213.30692,nm^2,nm^2
line,overlay,sdu6-homo-3,sdu6-homo-3,sasa,gmwwrzba,gmwwrzba::Total,sdu6-homo-3 / Total,Total,Time (ps),98000,208.06866,nm^2,nm^2
line,overlay,sdu6-homo-3,sdu6-homo-3,sasa,gmwwrzba,gmwwrzba::Total,sdu6-homo-3 / Total,Total,Time (ps),99000,216.40347,nm^2,nm^2
line,overlay,sdu6-homo-3,sdu6-homo-3,sasa,gmwwrzba,gmwwrzba::Total,sdu6-homo-3 / Total,Total,Time (ps),100000,213.34004,nm^2,nm^2
line,overlay,sdu6-homo-4,sdu6-homo-4,sasa,0t2gvjxw,0t2gvjxw::Total,sdu6-homo-4 / Total,Total,Time (ps),0,210.53697,nm^2,nm^2
line,overlay,sdu6-homo-4,sdu6-homo-4,sasa,0t2gvjxw,0t2gvjxw::Total,sdu6-homo-4 / Total,Total,Time (ps),1000,212.27649,nm^2,nm^2
line,overlay,sdu6-homo-4,sdu6-homo-4,sasa,0t2gvjxw,0t2gvjxw::Total,sdu6-homo-4 / Total,Total,Time (ps),2000,205.50269,nm^2,nm^2
line,overlay,sdu6-homo-4,sdu6-homo-4,sasa,0t2gvjxw,0t2gvjxw::Total,sdu6-homo-4 / Total,Total,Time (ps),3000,204.61917,nm^2,nm^2
line,overlay,sdu6-homo-4,sdu6-homo-4,sasa,0t2gvjxw,0t2gvjxw::Total,sdu6-homo-4 / Total,Total,Time (ps),4000,204.93996,nm^2,nm^2
line,overlay,sdu6-homo-4,sdu6-homo-4,sasa,0t2gvjxw,0t2gvjxw::Total,sdu6-homo-4 / Total,Total,Time (ps),5000,210.23518,nm^2,nm^2
line,overlay,sdu6-homo-4,sdu6-homo-4,sasa,0t2gvjxw,0t2gvjxw::Total,sdu6-homo-4 / Total,Total,Time (ps),6000,209.10501,nm^2,nm^2
line,overlay,sdu6-homo-4,sdu6-homo-4,sasa,0t2gvjxw,0t2gvjxw::Total,sdu6-homo-4 / Total,Total,Time (ps),7000,208.42465,nm^2,nm^2
line,overlay,sdu6-homo-4,sdu6-homo-4,sasa,0t2gvjxw,0t2gvjxw::Total,sdu6-homo-4 / Total,Total,Time (ps),8000,206.65154,nm^2,nm^2
line,overlay,sdu6-homo-4,sdu6-homo-4,sasa,0t2gvjxw,0t2gvjxw::Total,sdu6-homo-4 / Total,Total,Time (ps),9000,209.66164,nm^2,nm^2
line,overlay,sdu6-homo-4,sdu6-homo-4,sasa,0t2gvjxw,0t2gvjxw::Total,sdu6-homo-4 / Total,Total,Time (ps),10000,213.06683,nm^2,nm^2
line,overlay,sdu6-homo-4,sdu6-homo-4,sasa,0t2gvjxw,0t2gvjxw::Total,sdu6-homo-4 / Total,Total,Time (ps),11000,209.71568,nm^2,nm^2
line,overlay,sdu6-homo-4,sdu6-homo-4,sasa,0t2gvjxw,0t2gvjxw::Total,sdu6-homo-4 / Total,Total,Time (ps),12000,209.03726,nm^2,nm^2
line,overlay,sdu6-homo-4,sdu6-homo-4,sasa,0t2gvjxw,0t2gvjxw::Total,sdu6-homo-4 / Total,Total,Time (ps),13000,206.52724,nm^2,nm^2
line,overlay,sdu6-homo-4,sdu6-homo-4,sasa,0t2gvjxw,0t2gvjxw::Total,sdu6-homo-4 / Total,Total,Time (ps),14000,207.09218,nm^2,nm^2
line,overlay,sdu6-homo-4,sdu6-homo-4,sasa,0t2gvjxw,0t2gvjxw::Total,sdu6-homo-4 / Total,Total,Time (ps),15000,208.12202,nm^2,nm^2
line,overlay,sdu6-homo-4,sdu6-homo-4,sasa,0t2gvjxw,0t2gvjxw::Total,sdu6-homo-4 / Total,Total,Time (ps),16000,209.74837,nm^2,nm^2
line,overlay,sdu6-homo-4,sdu6-homo-4,sasa,0t2gvjxw,0t2gvjxw::Total,sdu6-homo-4 / Total,Total,Time (ps),17000,209.47092,nm^2,nm^2
line,overlay,sdu6-homo-4,sdu6-homo-4,sasa,0t2gvjxw,0t2gvjxw::Total,sdu6-homo-4 / Total,Total,Time (ps),18000,209.34053,nm^2,nm^2
line,overlay,sdu6-homo-4,sdu6-homo-4,sasa,0t2gvjxw,0t2gvjxw::Total,sdu6-homo-4 / Total,Total,Time (ps),19000,205.88097,nm^2,nm^2
line,overlay,sdu6-homo-4,sdu6-homo-4,sasa,0t2gvjxw,0t2gvjxw::Total,sdu6-homo-4 / Total,Total,Time (ps),20000,207.20395,nm^2,nm^2
line,overlay,sdu6-homo-4,sdu6-homo-4,sasa,0t2gvjxw,0t2gvjxw::Total,sdu6-homo-4 / Total,Total,Time (ps),21000,210.3447,nm^2,nm^2
line,overlay,sdu6-homo-4,sdu6-homo-4,sasa,0t2gvjxw,0t2gvjxw::Total,sdu6-homo-4 / Total,Total,Time (ps),22000,208.3751,nm^2,nm^2
line,overlay,sdu6-homo-4,sdu6-homo-4,sasa,0t2gvjxw,0t2gvjxw::Total,sdu6-homo-4 / Total,Total,Time (ps),23000,212.60286,nm^2,nm^2
line,overlay,sdu6-homo-4,sdu6-homo-4,sasa,0t2gvjxw,0t2gvjxw::Total,sdu6-homo-4 / Total,Total,Time (ps),24000,211.53351,nm^2,nm^2
line,overlay,sdu6-homo-4,sdu6-homo-4,sasa,0t2gvjxw,0t2gvjxw::Total,sdu6-homo-4 / Total,Total,Time (ps),25000,209.35551,nm^2,nm^2
line,overlay,sdu6-homo-4,sdu6-homo-4,sasa,0t2gvjxw,0t2gvjxw::Total,sdu6-homo-4 / Total,Total,Time (ps),26000,213.0505,nm^2,nm^2
line,overlay,sdu6-homo-4,sdu6-homo-4,sasa,0t2gvjxw,0t2gvjxw::Total,sdu6-homo-4 / Total,Total,Time (ps),27000,204.16266,nm^2,nm^2
line,overlay,sdu6-homo-4,sdu6-homo-4,sasa,0t2gvjxw,0t2gvjxw::Total,sdu6-homo-4 / Total,Total,Time (ps),28000,207.99196,nm^2,nm^2
line,overlay,sdu6-homo-4,sdu6-homo-4,sasa,0t2gvjxw,0t2gvjxw::Total,sdu6-homo-4 / Total,Total,Time (ps),29000,210.45743,nm^2,nm^2
line,overlay,sdu6-homo-4,sdu6-homo-4,sasa,0t2gvjxw,0t2gvjxw::Total,sdu6-homo-4 / Total,Total,Time (ps),30000,210.05348,nm^2,nm^2
line,overlay,sdu6-homo-4,sdu6-homo-4,sasa,0t2gvjxw,0t2gvjxw::Total,sdu6-homo-4 / Total,Total,Time (ps),31000,209.6131,nm^2,nm^2
line,overlay,sdu6-homo-4,sdu6-homo-4,sasa,0t2gvjxw,0t2gvjxw::Total,sdu6-homo-4 / Total,Total,Time (ps),32000,209.40788,nm^2,nm^2
line,overlay,sdu6-homo-4,sdu6-homo-4,sasa,0t2gvjxw,0t2gvjxw::Total,sdu6-homo-4 / Total,Total,Time (ps),33000,212.84956,nm^2,nm^2
line,overlay,sdu6-homo-4,sdu6-homo-4,sasa,0t2gvjxw,0t2gvjxw::Total,sdu6-homo-4 / Total,Total,Time (ps),34000,208.26636,nm^2,nm^2
line,overlay,sdu6-homo-4,sdu6-homo-4,sasa,0t2gvjxw,0t2gvjxw::Total,sdu6-homo-4 / Total,Total,Time (ps),35000,207.35168,nm^2,nm^2
line,overlay,sdu6-homo-4,sdu6-homo-4,sasa,0t2gvjxw,0t2gvjxw::Total,sdu6-homo-4 / Total,Total,Time (ps),36000,208.52005,nm^2,nm^2
line,overlay,sdu6-homo-4,sdu6-homo-4,sasa,0t2gvjxw,0t2gvjxw::Total,sdu6-homo-4 / Total,Total,Time (ps),37000,212.18141,nm^2,nm^2
line,overlay,sdu6-homo-4,sdu6-homo-4,sasa,0t2gvjxw,0t2gvjxw::Total,sdu6-homo-4 / Total,Total,Time (ps),38000,208.05914,nm^2,nm^2
line,overlay,sdu6-homo-4,sdu6-homo-4,sasa,0t2gvjxw,0t2gvjxw::Total,sdu6-homo-4 / Total,Total,Time (ps),39000,209.09042,nm^2,nm^2
line,overlay,sdu6-homo-4,sdu6-homo-4,sasa,0t2gvjxw,0t2gvjxw::Total,sdu6-homo-4 / Total,Total,Time (ps),40000,210.68562,nm^2,nm^2
line,overlay,sdu6-homo-4,sdu6-homo-4,sasa,0t2gvjxw,0t2gvjxw::Total,sdu6-homo-4 / Total,Total,Time (ps),41000,205.91203,nm^2,nm^2
line,overlay,sdu6-homo-4,sdu6-homo-4,sasa,0t2gvjxw,0t2gvjxw::Total,sdu6-homo-4 / Total,Total,Time (ps),42000,209.2605,nm^2,nm^2
line,overlay,sdu6-homo-4,sdu6-homo-4,sasa,0t2gvjxw,0t2gvjxw::Total,sdu6-homo-4 / Total,Total,Time (ps),43000,206.69049,nm^2,nm^2
line,overlay,sdu6-homo-4,sdu6-homo-4,sasa,0t2gvjxw,0t2gvjxw::Total,sdu6-homo-4 / Total,Total,Time (ps),44000,203.4944,nm^2,nm^2
line,overlay,sdu6-homo-4,sdu6-homo-4,sasa,0t2gvjxw,0t2gvjxw::Total,sdu6-homo-4 / Total,Total,Time (ps),45000,201.70442,nm^2,nm^2
line,overlay,sdu6-homo-4,sdu6-homo-4,sasa,0t2gvjxw,0t2gvjxw::Total,sdu6-homo-4 / Total,Total,Time (ps),46000,206.46089,nm^2,nm^2
line,overlay,sdu6-homo-4,sdu6-homo-4,sasa,0t2gvjxw,0t2gvjxw::Total,sdu6-homo-4 / Total,Total,Time (ps),47000,205.8785,nm^2,nm^2
line,overlay,sdu6-homo-4,sdu6-homo-4,sasa,0t2gvjxw,0t2gvjxw::Total,sdu6-homo-4 / Total,Total,Time (ps),48000,206.98076,nm^2,nm^2
line,overlay,sdu6-homo-4,sdu6-homo-4,sasa,0t2gvjxw,0t2gvjxw::Total,sdu6-homo-4 / Total,Total,Time (ps),49000,206.1843,nm^2,nm^2
line,overlay,sdu6-homo-4,sdu6-homo-4,sasa,0t2gvjxw,0t2gvjxw::Total,sdu6-homo-4 / Total,Total,Time (ps),50000,206.47292,nm^2,nm^2
line,overlay,sdu6-homo-4,sdu6-homo-4,sasa,0t2gvjxw,0t2gvjxw::Total,sdu6-homo-4 / Total,Total,Time (ps),51000,207.71591,nm^2,nm^2
line,overlay,sdu6-homo-4,sdu6-homo-4,sasa,0t2gvjxw,0t2gvjxw::Total,sdu6-homo-4 / Total,Total,Time (ps),52000,211.49947,nm^2,nm^2
line,overlay,sdu6-homo-4,sdu6-homo-4,sasa,0t2gvjxw,0t2gvjxw::Total,sdu6-homo-4 / Total,Total,Time (ps),53000,208.5552,nm^2,nm^2
line,overlay,sdu6-homo-4,sdu6-homo-4,sasa,0t2gvjxw,0t2gvjxw::Total,sdu6-homo-4 / Total,Total,Time (ps),54000,210.18936,nm^2,nm^2
line,overlay,sdu6-homo-4,sdu6-homo-4,sasa,0t2gvjxw,0t2gvjxw::Total,sdu6-homo-4 / Total,Total,Time (ps),55000,213.24535,nm^2,nm^2
line,overlay,sdu6-homo-4,sdu6-homo-4,sasa,0t2gvjxw,0t2gvjxw::Total,sdu6-homo-4 / Total,Total,Time (ps),56000,214.97069,nm^2,nm^2
line,overlay,sdu6-homo-4,sdu6-homo-4,sasa,0t2gvjxw,0t2gvjxw::Total,sdu6-homo-4 / Total,Total,Time (ps),57000,213.257,nm^2,nm^2
line,overlay,sdu6-homo-4,sdu6-homo-4,sasa,0t2gvjxw,0t2gvjxw::Total,sdu6-homo-4 / Total,Total,Time (ps),58000,212.6796,nm^2,nm^2
line,overlay,sdu6-homo-4,sdu6-homo-4,sasa,0t2gvjxw,0t2gvjxw::Total,sdu6-homo-4 / Total,Total,Time (ps),59000,213.23003,nm^2,nm^2
line,overlay,sdu6-homo-4,sdu6-homo-4,sasa,0t2gvjxw,0t2gvjxw::Total,sdu6-homo-4 / Total,Total,Time (ps),60000,217.74986,nm^2,nm^2
line,overlay,sdu6-homo-4,sdu6-homo-4,sasa,0t2gvjxw,0t2gvjxw::Total,sdu6-homo-4 / Total,Total,Time (ps),61000,216.99228,nm^2,nm^2
line,overlay,sdu6-homo-4,sdu6-homo-4,sasa,0t2gvjxw,0t2gvjxw::Total,sdu6-homo-4 / Total,Total,Time (ps),62000,217.42178,nm^2,nm^2
line,overlay,sdu6-homo-4,sdu6-homo-4,sasa,0t2gvjxw,0t2gvjxw::Total,sdu6-homo-4 / Total,Total,Time (ps),63000,212.04198,nm^2,nm^2
line,overlay,sdu6-homo-4,sdu6-homo-4,sasa,0t2gvjxw,0t2gvjxw::Total,sdu6-homo-4 / Total,Total,Time (ps),64000,212.93083,nm^2,nm^2
line,overlay,sdu6-homo-4,sdu6-homo-4,sasa,0t2gvjxw,0t2gvjxw::Total,sdu6-homo-4 / Total,Total,Time (ps),65000,213.9632,nm^2,nm^2
line,overlay,sdu6-homo-4,sdu6-homo-4,sasa,0t2gvjxw,0t2gvjxw::Total,sdu6-homo-4 / Total,Total,Time (ps),66000,211.54152,nm^2,nm^2
line,overlay,sdu6-homo-4,sdu6-homo-4,sasa,0t2gvjxw,0t2gvjxw::Total,sdu6-homo-4 / Total,Total,Time (ps),67000,217.92636,nm^2,nm^2
line,overlay,sdu6-homo-4,sdu6-homo-4,sasa,0t2gvjxw,0t2gvjxw::Total,sdu6-homo-4 / Total,Total,Time (ps),68000,215.80194,nm^2,nm^2
line,overlay,sdu6-homo-4,sdu6-homo-4,sasa,0t2gvjxw,0t2gvjxw::Total,sdu6-homo-4 / Total,Total,Time (ps),69000,214.85686,nm^2,nm^2
line,overlay,sdu6-homo-4,sdu6-homo-4,sasa,0t2gvjxw,0t2gvjxw::Total,sdu6-homo-4 / Total,Total,Time (ps),70000,210.6995,nm^2,nm^2
line,overlay,sdu6-homo-4,sdu6-homo-4,sasa,0t2gvjxw,0t2gvjxw::Total,sdu6-homo-4 / Total,Total,Time (ps),71000,214.87785,nm^2,nm^2
line,overlay,sdu6-homo-4,sdu6-homo-4,sasa,0t2gvjxw,0t2gvjxw::Total,sdu6-homo-4 / Total,Total,Time (ps),72000,219.6656,nm^2,nm^2
line,overlay,sdu6-homo-4,sdu6-homo-4,sasa,0t2gvjxw,0t2gvjxw::Total,sdu6-homo-4 / Total,Total,Time (ps),73000,215.66692,nm^2,nm^2
line,overlay,sdu6-homo-4,sdu6-homo-4,sasa,0t2gvjxw,0t2gvjxw::Total,sdu6-homo-4 / Total,Total,Time (ps),74000,210.00822,nm^2,nm^2
line,overlay,sdu6-homo-4,sdu6-homo-4,sasa,0t2gvjxw,0t2gvjxw::Total,sdu6-homo-4 / Total,Total,Time (ps),75000,216.46173,nm^2,nm^2
line,overlay,sdu6-homo-4,sdu6-homo-4,sasa,0t2gvjxw,0t2gvjxw::Total,sdu6-homo-4 / Total,Total,Time (ps),76000,216.54309,nm^2,nm^2
line,overlay,sdu6-homo-4,sdu6-homo-4,sasa,0t2gvjxw,0t2gvjxw::Total,sdu6-homo-4 / Total,Total,Time (ps),77000,214.95654,nm^2,nm^2
line,overlay,sdu6-homo-4,sdu6-homo-4,sasa,0t2gvjxw,0t2gvjxw::Total,sdu6-homo-4 / Total,Total,Time (ps),78000,218.09846,nm^2,nm^2
line,overlay,sdu6-homo-4,sdu6-homo-4,sasa,0t2gvjxw,0t2gvjxw::Total,sdu6-homo-4 / Total,Total,Time (ps),79000,217.00414,nm^2,nm^2
line,overlay,sdu6-homo-4,sdu6-homo-4,sasa,0t2gvjxw,0t2gvjxw::Total,sdu6-homo-4 / Total,Total,Time (ps),80000,216.46721,nm^2,nm^2
line,overlay,sdu6-homo-4,sdu6-homo-4,sasa,0t2gvjxw,0t2gvjxw::Total,sdu6-homo-4 / Total,Total,Time (ps),81000,215.89275,nm^2,nm^2
line,overlay,sdu6-homo-4,sdu6-homo-4,sasa,0t2gvjxw,0t2gvjxw::Total,sdu6-homo-4 / Total,Total,Time (ps),82000,218.24524,nm^2,nm^2
line,overlay,sdu6-homo-4,sdu6-homo-4,sasa,0t2gvjxw,0t2gvjxw::Total,sdu6-homo-4 / Total,Total,Time (ps),83000,215.88757,nm^2,nm^2
line,overlay,sdu6-homo-4,sdu6-homo-4,sasa,0t2gvjxw,0t2gvjxw::Total,sdu6-homo-4 / Total,Total,Time (ps),84000,210.0131,nm^2,nm^2
line,overlay,sdu6-homo-4,sdu6-homo-4,sasa,0t2gvjxw,0t2gvjxw::Total,sdu6-homo-4 / Total,Total,Time (ps),85000,217.55789,nm^2,nm^2
line,overlay,sdu6-homo-4,sdu6-homo-4,sasa,0t2gvjxw,0t2gvjxw::Total,sdu6-homo-4 / Total,Total,Time (ps),86000,217.30336,nm^2,nm^2
line,overlay,sdu6-homo-4,sdu6-homo-4,sasa,0t2gvjxw,0t2gvjxw::Total,sdu6-homo-4 / Total,Total,Time (ps),87000,214.14624,nm^2,nm^2
line,overlay,sdu6-homo-4,sdu6-homo-4,sasa,0t2gvjxw,0t2gvjxw::Total,sdu6-homo-4 / Total,Total,Time (ps),88000,215.35417,nm^2,nm^2
line,overlay,sdu6-homo-4,sdu6-homo-4,sasa,0t2gvjxw,0t2gvjxw::Total,sdu6-homo-4 / Total,Total,Time (ps),89000,212.55643,nm^2,nm^2
line,overlay,sdu6-homo-4,sdu6-homo-4,sasa,0t2gvjxw,0t2gvjxw::Total,sdu6-homo-4 / Total,Total,Time (ps),90000,205.38406,nm^2,nm^2
line,overlay,sdu6-homo-4,sdu6-homo-4,sasa,0t2gvjxw,0t2gvjxw::Total,sdu6-homo-4 / Total,Total,Time (ps),91000,209.09901,nm^2,nm^2
line,overlay,sdu6-homo-4,sdu6-homo-4,sasa,0t2gvjxw,0t2gvjxw::Total,sdu6-homo-4 / Total,Total,Time (ps),92000,207.2282,nm^2,nm^2
line,overlay,sdu6-homo-4,sdu6-homo-4,sasa,0t2gvjxw,0t2gvjxw::Total,sdu6-homo-4 / Total,Total,Time (ps),93000,208.08792,nm^2,nm^2
line,overlay,sdu6-homo-4,sdu6-homo-4,sasa,0t2gvjxw,0t2gvjxw::Total,sdu6-homo-4 / Total,Total,Time (ps),94000,206.38948,nm^2,nm^2
line,overlay,sdu6-homo-4,sdu6-homo-4,sasa,0t2gvjxw,0t2gvjxw::Total,sdu6-homo-4 / Total,Total,Time (ps),95000,209.64854,nm^2,nm^2
line,overlay,sdu6-homo-4,sdu6-homo-4,sasa,0t2gvjxw,0t2gvjxw::Total,sdu6-homo-4 / Total,Total,Time (ps),96000,206.9691,nm^2,nm^2
line,overlay,sdu6-homo-4,sdu6-homo-4,sasa,0t2gvjxw,0t2gvjxw::Total,sdu6-homo-4 / Total,Total,Time (ps),97000,207.94228,nm^2,nm^2
line,overlay,sdu6-homo-4,sdu6-homo-4,sasa,0t2gvjxw,0t2gvjxw::Total,sdu6-homo-4 / Total,Total,Time (ps),98000,210.20886,nm^2,nm^2
line,overlay,sdu6-homo-4,sdu6-homo-4,sasa,0t2gvjxw,0t2gvjxw::Total,sdu6-homo-4 / Total,Total,Time (ps),99000,208.87524,nm^2,nm^2
line,overlay,sdu6-homo-4,sdu6-homo-4,sasa,0t2gvjxw,0t2gvjxw::Total,sdu6-homo-4 / Total,Total,Time (ps),100000,209.33578,nm^2,nm^2
line,overlay,wt-homo,wt-homo,sasa,ww86r9sf,ww86r9sf::Total,wt-homo / Total,Total,Time (ps),0,203.41869,nm^2,nm^2
line,overlay,wt-homo,wt-homo,sasa,ww86r9sf,ww86r9sf::Total,wt-homo / Total,Total,Time (ps),1000,205.11891,nm^2,nm^2
line,overlay,wt-homo,wt-homo,sasa,ww86r9sf,ww86r9sf::Total,wt-homo / Total,Total,Time (ps),2000,202.16135,nm^2,nm^2
line,overlay,wt-homo,wt-homo,sasa,ww86r9sf,ww86r9sf::Total,wt-homo / Total,Total,Time (ps),3000,204.88213,nm^2,nm^2
line,overlay,wt-homo,wt-homo,sasa,ww86r9sf,ww86r9sf::Total,wt-homo / Total,Total,Time (ps),4000,201.29636,nm^2,nm^2
line,overlay,wt-homo,wt-homo,sasa,ww86r9sf,ww86r9sf::Total,wt-homo / Total,Total,Time (ps),5000,206.2756,nm^2,nm^2
line,overlay,wt-homo,wt-homo,sasa,ww86r9sf,ww86r9sf::Total,wt-homo / Total,Total,Time (ps),6000,201.67532,nm^2,nm^2
line,overlay,wt-homo,wt-homo,sasa,ww86r9sf,ww86r9sf::Total,wt-homo / Total,Total,Time (ps),7000,204.92003,nm^2,nm^2
line,overlay,wt-homo,wt-homo,sasa,ww86r9sf,ww86r9sf::Total,wt-homo / Total,Total,Time (ps),8000,204.25461,nm^2,nm^2
line,overlay,wt-homo,wt-homo,sasa,ww86r9sf,ww86r9sf::Total,wt-homo / Total,Total,Time (ps),9000,206.29803,nm^2,nm^2
line,overlay,wt-homo,wt-homo,sasa,ww86r9sf,ww86r9sf::Total,wt-homo / Total,Total,Time (ps),10000,205.8984,nm^2,nm^2
line,overlay,wt-homo,wt-homo,sasa,ww86r9sf,ww86r9sf::Total,wt-homo / Total,Total,Time (ps),11000,203.07544,nm^2,nm^2
line,overlay,wt-homo,wt-homo,sasa,ww86r9sf,ww86r9sf::Total,wt-homo / Total,Total,Time (ps),12000,201.84528,nm^2,nm^2
line,overlay,wt-homo,wt-homo,sasa,ww86r9sf,ww86r9sf::Total,wt-homo / Total,Total,Time (ps),13000,208.94199,nm^2,nm^2
line,overlay,wt-homo,wt-homo,sasa,ww86r9sf,ww86r9sf::Total,wt-homo / Total,Total,Time (ps),14000,203.96687,nm^2,nm^2
line,overlay,wt-homo,wt-homo,sasa,ww86r9sf,ww86r9sf::Total,wt-homo / Total,Total,Time (ps),15000,205.84013,nm^2,nm^2
line,overlay,wt-homo,wt-homo,sasa,ww86r9sf,ww86r9sf::Total,wt-homo / Total,Total,Time (ps),16000,199.21184,nm^2,nm^2
line,overlay,wt-homo,wt-homo,sasa,ww86r9sf,ww86r9sf::Total,wt-homo / Total,Total,Time (ps),17000,204.41905,nm^2,nm^2
line,overlay,wt-homo,wt-homo,sasa,ww86r9sf,ww86r9sf::Total,wt-homo / Total,Total,Time (ps),18000,204.63733,nm^2,nm^2
line,overlay,wt-homo,wt-homo,sasa,ww86r9sf,ww86r9sf::Total,wt-homo / Total,Total,Time (ps),19000,202.74913,nm^2,nm^2
line,overlay,wt-homo,wt-homo,sasa,ww86r9sf,ww86r9sf::Total,wt-homo / Total,Total,Time (ps),20000,207.32327,nm^2,nm^2
line,overlay,wt-homo,wt-homo,sasa,ww86r9sf,ww86r9sf::Total,wt-homo / Total,Total,Time (ps),21000,203.66919,nm^2,nm^2
line,overlay,wt-homo,wt-homo,sasa,ww86r9sf,ww86r9sf::Total,wt-homo / Total,Total,Time (ps),22000,206.22993,nm^2,nm^2
line,overlay,wt-homo,wt-homo,sasa,ww86r9sf,ww86r9sf::Total,wt-homo / Total,Total,Time (ps),23000,213.11003,nm^2,nm^2
line,overlay,wt-homo,wt-homo,sasa,ww86r9sf,ww86r9sf::Total,wt-homo / Total,Total,Time (ps),24000,207.47414,nm^2,nm^2
line,overlay,wt-homo,wt-homo,sasa,ww86r9sf,ww86r9sf::Total,wt-homo / Total,Total,Time (ps),25000,207.5736,nm^2,nm^2
line,overlay,wt-homo,wt-homo,sasa,ww86r9sf,ww86r9sf::Total,wt-homo / Total,Total,Time (ps),26000,208.54103,nm^2,nm^2
line,overlay,wt-homo,wt-homo,sasa,ww86r9sf,ww86r9sf::Total,wt-homo / Total,Total,Time (ps),27000,206.55156,nm^2,nm^2
line,overlay,wt-homo,wt-homo,sasa,ww86r9sf,ww86r9sf::Total,wt-homo / Total,Total,Time (ps),28000,206.90204,nm^2,nm^2
line,overlay,wt-homo,wt-homo,sasa,ww86r9sf,ww86r9sf::Total,wt-homo / Total,Total,Time (ps),29000,209.19772,nm^2,nm^2
line,overlay,wt-homo,wt-homo,sasa,ww86r9sf,ww86r9sf::Total,wt-homo / Total,Total,Time (ps),30000,212.76758,nm^2,nm^2
line,overlay,wt-homo,wt-homo,sasa,ww86r9sf,ww86r9sf::Total,wt-homo / Total,Total,Time (ps),31000,212.65948,nm^2,nm^2
line,overlay,wt-homo,wt-homo,sasa,ww86r9sf,ww86r9sf::Total,wt-homo / Total,Total,Time (ps),32000,217.29514,nm^2,nm^2
line,overlay,wt-homo,wt-homo,sasa,ww86r9sf,ww86r9sf::Total,wt-homo / Total,Total,Time (ps),33000,214.0124,nm^2,nm^2
line,overlay,wt-homo,wt-homo,sasa,ww86r9sf,ww86r9sf::Total,wt-homo / Total,Total,Time (ps),34000,218.49036,nm^2,nm^2
line,overlay,wt-homo,wt-homo,sasa,ww86r9sf,ww86r9sf::Total,wt-homo / Total,Total,Time (ps),35000,213.52089,nm^2,nm^2
line,overlay,wt-homo,wt-homo,sasa,ww86r9sf,ww86r9sf::Total,wt-homo / Total,Total,Time (ps),36000,212.47049,nm^2,nm^2
line,overlay,wt-homo,wt-homo,sasa,ww86r9sf,ww86r9sf::Total,wt-homo / Total,Total,Time (ps),37000,210.92926,nm^2,nm^2
line,overlay,wt-homo,wt-homo,sasa,ww86r9sf,ww86r9sf::Total,wt-homo / Total,Total,Time (ps),38000,210.7182,nm^2,nm^2
line,overlay,wt-homo,wt-homo,sasa,ww86r9sf,ww86r9sf::Total,wt-homo / Total,Total,Time (ps),39000,212.28941,nm^2,nm^2
line,overlay,wt-homo,wt-homo,sasa,ww86r9sf,ww86r9sf::Total,wt-homo / Total,Total,Time (ps),40000,211.81383,nm^2,nm^2
line,overlay,wt-homo,wt-homo,sasa,ww86r9sf,ww86r9sf::Total,wt-homo / Total,Total,Time (ps),41000,208.77768,nm^2,nm^2
line,overlay,wt-homo,wt-homo,sasa,ww86r9sf,ww86r9sf::Total,wt-homo / Total,Total,Time (ps),42000,207.44064,nm^2,nm^2
line,overlay,wt-homo,wt-homo,sasa,ww86r9sf,ww86r9sf::Total,wt-homo / Total,Total,Time (ps),43000,214.00836,nm^2,nm^2
line,overlay,wt-homo,wt-homo,sasa,ww86r9sf,ww86r9sf::Total,wt-homo / Total,Total,Time (ps),44000,210.77608,nm^2,nm^2
line,overlay,wt-homo,wt-homo,sasa,ww86r9sf,ww86r9sf::Total,wt-homo / Total,Total,Time (ps),45000,210.92377,nm^2,nm^2
line,overlay,wt-homo,wt-homo,sasa,ww86r9sf,ww86r9sf::Total,wt-homo / Total,Total,Time (ps),46000,210.72408,nm^2,nm^2
line,overlay,wt-homo,wt-homo,sasa,ww86r9sf,ww86r9sf::Total,wt-homo / Total,Total,Time (ps),47000,213.98926,nm^2,nm^2
line,overlay,wt-homo,wt-homo,sasa,ww86r9sf,ww86r9sf::Total,wt-homo / Total,Total,Time (ps),48000,212.12906,nm^2,nm^2
line,overlay,wt-homo,wt-homo,sasa,ww86r9sf,ww86r9sf::Total,wt-homo / Total,Total,Time (ps),49000,211.38986,nm^2,nm^2
line,overlay,wt-homo,wt-homo,sasa,ww86r9sf,ww86r9sf::Total,wt-homo / Total,Total,Time (ps),50000,209.19855,nm^2,nm^2
line,overlay,wt-homo,wt-homo,sasa,ww86r9sf,ww86r9sf::Total,wt-homo / Total,Total,Time (ps),51000,210.53357,nm^2,nm^2
line,overlay,wt-homo,wt-homo,sasa,ww86r9sf,ww86r9sf::Total,wt-homo / Total,Total,Time (ps),52000,212.90279,nm^2,nm^2
line,overlay,wt-homo,wt-homo,sasa,ww86r9sf,ww86r9sf::Total,wt-homo / Total,Total,Time (ps),53000,211.38907,nm^2,nm^2
line,overlay,wt-homo,wt-homo,sasa,ww86r9sf,ww86r9sf::Total,wt-homo / Total,Total,Time (ps),54000,212.73505,nm^2,nm^2
line,overlay,wt-homo,wt-homo,sasa,ww86r9sf,ww86r9sf::Total,wt-homo / Total,Total,Time (ps),55000,210.64305,nm^2,nm^2
line,overlay,wt-homo,wt-homo,sasa,ww86r9sf,ww86r9sf::Total,wt-homo / Total,Total,Time (ps),56000,214.8147,nm^2,nm^2
line,overlay,wt-homo,wt-homo,sasa,ww86r9sf,ww86r9sf::Total,wt-homo / Total,Total,Time (ps),57000,213.81703,nm^2,nm^2
line,overlay,wt-homo,wt-homo,sasa,ww86r9sf,ww86r9sf::Total,wt-homo / Total,Total,Time (ps),58000,216.2451,nm^2,nm^2
line,overlay,wt-homo,wt-homo,sasa,ww86r9sf,ww86r9sf::Total,wt-homo / Total,Total,Time (ps),59000,217.46419,nm^2,nm^2
line,overlay,wt-homo,wt-homo,sasa,ww86r9sf,ww86r9sf::Total,wt-homo / Total,Total,Time (ps),60000,218.32875,nm^2,nm^2
line,overlay,wt-homo,wt-homo,sasa,ww86r9sf,ww86r9sf::Total,wt-homo / Total,Total,Time (ps),61000,215.86795,nm^2,nm^2
line,overlay,wt-homo,wt-homo,sasa,ww86r9sf,ww86r9sf::Total,wt-homo / Total,Total,Time (ps),62000,213.93718,nm^2,nm^2
line,overlay,wt-homo,wt-homo,sasa,ww86r9sf,ww86r9sf::Total,wt-homo / Total,Total,Time (ps),63000,219.8479,nm^2,nm^2
line,overlay,wt-homo,wt-homo,sasa,ww86r9sf,ww86r9sf::Total,wt-homo / Total,Total,Time (ps),64000,216.82568,nm^2,nm^2
line,overlay,wt-homo,wt-homo,sasa,ww86r9sf,ww86r9sf::Total,wt-homo / Total,Total,Time (ps),65000,217.953,nm^2,nm^2
line,overlay,wt-homo,wt-homo,sasa,ww86r9sf,ww86r9sf::Total,wt-homo / Total,Total,Time (ps),66000,217.88101,nm^2,nm^2
line,overlay,wt-homo,wt-homo,sasa,ww86r9sf,ww86r9sf::Total,wt-homo / Total,Total,Time (ps),67000,215.0954,nm^2,nm^2
line,overlay,wt-homo,wt-homo,sasa,ww86r9sf,ww86r9sf::Total,wt-homo / Total,Total,Time (ps),68000,215.14421,nm^2,nm^2
line,overlay,wt-homo,wt-homo,sasa,ww86r9sf,ww86r9sf::Total,wt-homo / Total,Total,Time (ps),69000,212.52104,nm^2,nm^2
line,overlay,wt-homo,wt-homo,sasa,ww86r9sf,ww86r9sf::Total,wt-homo / Total,Total,Time (ps),70000,212.48952,nm^2,nm^2
line,overlay,wt-homo,wt-homo,sasa,ww86r9sf,ww86r9sf::Total,wt-homo / Total,Total,Time (ps),71000,210.78125,nm^2,nm^2
line,overlay,wt-homo,wt-homo,sasa,ww86r9sf,ww86r9sf::Total,wt-homo / Total,Total,Time (ps),72000,214.02391,nm^2,nm^2
line,overlay,wt-homo,wt-homo,sasa,ww86r9sf,ww86r9sf::Total,wt-homo / Total,Total,Time (ps),73000,217.70795,nm^2,nm^2
line,overlay,wt-homo,wt-homo,sasa,ww86r9sf,ww86r9sf::Total,wt-homo / Total,Total,Time (ps),74000,217.49525,nm^2,nm^2
line,overlay,wt-homo,wt-homo,sasa,ww86r9sf,ww86r9sf::Total,wt-homo / Total,Total,Time (ps),75000,218.90605,nm^2,nm^2
line,overlay,wt-homo,wt-homo,sasa,ww86r9sf,ww86r9sf::Total,wt-homo / Total,Total,Time (ps),76000,216.70988,nm^2,nm^2
line,overlay,wt-homo,wt-homo,sasa,ww86r9sf,ww86r9sf::Total,wt-homo / Total,Total,Time (ps),77000,214.75887,nm^2,nm^2
line,overlay,wt-homo,wt-homo,sasa,ww86r9sf,ww86r9sf::Total,wt-homo / Total,Total,Time (ps),78000,213.16638,nm^2,nm^2
line,overlay,wt-homo,wt-homo,sasa,ww86r9sf,ww86r9sf::Total,wt-homo / Total,Total,Time (ps),79000,213.43997,nm^2,nm^2
line,overlay,wt-homo,wt-homo,sasa,ww86r9sf,ww86r9sf::Total,wt-homo / Total,Total,Time (ps),80000,212.6209,nm^2,nm^2
line,overlay,wt-homo,wt-homo,sasa,ww86r9sf,ww86r9sf::Total,wt-homo / Total,Total,Time (ps),81000,216.0873,nm^2,nm^2
line,overlay,wt-homo,wt-homo,sasa,ww86r9sf,ww86r9sf::Total,wt-homo / Total,Total,Time (ps),82000,217.64006,nm^2,nm^2
line,overlay,wt-homo,wt-homo,sasa,ww86r9sf,ww86r9sf::Total,wt-homo / Total,Total,Time (ps),83000,213.8864,nm^2,nm^2
line,overlay,wt-homo,wt-homo,sasa,ww86r9sf,ww86r9sf::Total,wt-homo / Total,Total,Time (ps),84000,209.38422,nm^2,nm^2
line,overlay,wt-homo,wt-homo,sasa,ww86r9sf,ww86r9sf::Total,wt-homo / Total,Total,Time (ps),85000,210.98494,nm^2,nm^2
line,overlay,wt-homo,wt-homo,sasa,ww86r9sf,ww86r9sf::Total,wt-homo / Total,Total,Time (ps),86000,215.52887,nm^2,nm^2
line,overlay,wt-homo,wt-homo,sasa,ww86r9sf,ww86r9sf::Total,wt-homo / Total,Total,Time (ps),87000,213.73528,nm^2,nm^2
line,overlay,wt-homo,wt-homo,sasa,ww86r9sf,ww86r9sf::Total,wt-homo / Total,Total,Time (ps),88000,211.45805,nm^2,nm^2
line,overlay,wt-homo,wt-homo,sasa,ww86r9sf,ww86r9sf::Total,wt-homo / Total,Total,Time (ps),89000,211.61028,nm^2,nm^2
line,overlay,wt-homo,wt-homo,sasa,ww86r9sf,ww86r9sf::Total,wt-homo / Total,Total,Time (ps),90000,216.5,nm^2,nm^2
line,overlay,wt-homo,wt-homo,sasa,ww86r9sf,ww86r9sf::Total,wt-homo / Total,Total,Time (ps),91000,209.05153,nm^2,nm^2
line,overlay,wt-homo,wt-homo,sasa,ww86r9sf,ww86r9sf::Total,wt-homo / Total,Total,Time (ps),92000,208.19122,nm^2,nm^2
line,overlay,wt-homo,wt-homo,sasa,ww86r9sf,ww86r9sf::Total,wt-homo / Total,Total,Time (ps),93000,211.66814,nm^2,nm^2
line,overlay,wt-homo,wt-homo,sasa,ww86r9sf,ww86r9sf::Total,wt-homo / Total,Total,Time (ps),94000,210.4166,nm^2,nm^2
line,overlay,wt-homo,wt-homo,sasa,ww86r9sf,ww86r9sf::Total,wt-homo / Total,Total,Time (ps),95000,214.2171,nm^2,nm^2
line,overlay,wt-homo,wt-homo,sasa,ww86r9sf,ww86r9sf::Total,wt-homo / Total,Total,Time (ps),96000,209.79921,nm^2,nm^2
line,overlay,wt-homo,wt-homo,sasa,ww86r9sf,ww86r9sf::Total,wt-homo / Total,Total,Time (ps),97000,209.77051,nm^2,nm^2
line,overlay,wt-homo,wt-homo,sasa,ww86r9sf,ww86r9sf::Total,wt-homo / Total,Total,Time (ps),98000,210.71912,nm^2,nm^2
line,overlay,wt-homo,wt-homo,sasa,ww86r9sf,ww86r9sf::Total,wt-homo / Total,Total,Time (ps),99000,211.28816,nm^2,nm^2
line,overlay,wt-homo,wt-homo,sasa,ww86r9sf,ww86r9sf::Total,wt-homo / Total,Total,Time (ps),100000,212.29483,nm^2,nm^2
line,overlay,wt-homo-2,wt-homo-2,sasa,qggdrvti,qggdrvti::Total,wt-homo-2 / Total,Total,Time (ps),0,205.15538,nm^2,nm^2
line,overlay,wt-homo-2,wt-homo-2,sasa,qggdrvti,qggdrvti::Total,wt-homo-2 / Total,Total,Time (ps),1000,205.87009,nm^2,nm^2
line,overlay,wt-homo-2,wt-homo-2,sasa,qggdrvti,qggdrvti::Total,wt-homo-2 / Total,Total,Time (ps),2000,203.67381,nm^2,nm^2
line,overlay,wt-homo-2,wt-homo-2,sasa,qggdrvti,qggdrvti::Total,wt-homo-2 / Total,Total,Time (ps),3000,201.2533,nm^2,nm^2
line,overlay,wt-homo-2,wt-homo-2,sasa,qggdrvti,qggdrvti::Total,wt-homo-2 / Total,Total,Time (ps),4000,201.63776,nm^2,nm^2
line,overlay,wt-homo-2,wt-homo-2,sasa,qggdrvti,qggdrvti::Total,wt-homo-2 / Total,Total,Time (ps),5000,200.38252,nm^2,nm^2
line,overlay,wt-homo-2,wt-homo-2,sasa,qggdrvti,qggdrvti::Total,wt-homo-2 / Total,Total,Time (ps),6000,203.0564,nm^2,nm^2
line,overlay,wt-homo-2,wt-homo-2,sasa,qggdrvti,qggdrvti::Total,wt-homo-2 / Total,Total,Time (ps),7000,204.36342,nm^2,nm^2
line,overlay,wt-homo-2,wt-homo-2,sasa,qggdrvti,qggdrvti::Total,wt-homo-2 / Total,Total,Time (ps),8000,202.98747,nm^2,nm^2
line,overlay,wt-homo-2,wt-homo-2,sasa,qggdrvti,qggdrvti::Total,wt-homo-2 / Total,Total,Time (ps),9000,203.99232,nm^2,nm^2
line,overlay,wt-homo-2,wt-homo-2,sasa,qggdrvti,qggdrvti::Total,wt-homo-2 / Total,Total,Time (ps),10000,206.48155,nm^2,nm^2
line,overlay,wt-homo-2,wt-homo-2,sasa,qggdrvti,qggdrvti::Total,wt-homo-2 / Total,Total,Time (ps),11000,205.87155,nm^2,nm^2
line,overlay,wt-homo-2,wt-homo-2,sasa,qggdrvti,qggdrvti::Total,wt-homo-2 / Total,Total,Time (ps),12000,203.17009,nm^2,nm^2
line,overlay,wt-homo-2,wt-homo-2,sasa,qggdrvti,qggdrvti::Total,wt-homo-2 / Total,Total,Time (ps),13000,205.33737,nm^2,nm^2
line,overlay,wt-homo-2,wt-homo-2,sasa,qggdrvti,qggdrvti::Total,wt-homo-2 / Total,Total,Time (ps),14000,203.53604,nm^2,nm^2
line,overlay,wt-homo-2,wt-homo-2,sasa,qggdrvti,qggdrvti::Total,wt-homo-2 / Total,Total,Time (ps),15000,201.93889,nm^2,nm^2
line,overlay,wt-homo-2,wt-homo-2,sasa,qggdrvti,qggdrvti::Total,wt-homo-2 / Total,Total,Time (ps),16000,205.6654,nm^2,nm^2
line,overlay,wt-homo-2,wt-homo-2,sasa,qggdrvti,qggdrvti::Total,wt-homo-2 / Total,Total,Time (ps),17000,204.53423,nm^2,nm^2
line,overlay,wt-homo-2,wt-homo-2,sasa,qggdrvti,qggdrvti::Total,wt-homo-2 / Total,Total,Time (ps),18000,202.98672,nm^2,nm^2
line,overlay,wt-homo-2,wt-homo-2,sasa,qggdrvti,qggdrvti::Total,wt-homo-2 / Total,Total,Time (ps),19000,199.74315,nm^2,nm^2
line,overlay,wt-homo-2,wt-homo-2,sasa,qggdrvti,qggdrvti::Total,wt-homo-2 / Total,Total,Time (ps),20000,203.57738,nm^2,nm^2
line,overlay,wt-homo-2,wt-homo-2,sasa,qggdrvti,qggdrvti::Total,wt-homo-2 / Total,Total,Time (ps),21000,202.24939,nm^2,nm^2
line,overlay,wt-homo-2,wt-homo-2,sasa,qggdrvti,qggdrvti::Total,wt-homo-2 / Total,Total,Time (ps),22000,204.9494,nm^2,nm^2
line,overlay,wt-homo-2,wt-homo-2,sasa,qggdrvti,qggdrvti::Total,wt-homo-2 / Total,Total,Time (ps),23000,202.02296,nm^2,nm^2
line,overlay,wt-homo-2,wt-homo-2,sasa,qggdrvti,qggdrvti::Total,wt-homo-2 / Total,Total,Time (ps),24000,200.64326,nm^2,nm^2
line,overlay,wt-homo-2,wt-homo-2,sasa,qggdrvti,qggdrvti::Total,wt-homo-2 / Total,Total,Time (ps),25000,199.67438,nm^2,nm^2
line,overlay,wt-homo-2,wt-homo-2,sasa,qggdrvti,qggdrvti::Total,wt-homo-2 / Total,Total,Time (ps),26000,202.96918,nm^2,nm^2
line,overlay,wt-homo-2,wt-homo-2,sasa,qggdrvti,qggdrvti::Total,wt-homo-2 / Total,Total,Time (ps),27000,199.45686,nm^2,nm^2
line,overlay,wt-homo-2,wt-homo-2,sasa,qggdrvti,qggdrvti::Total,wt-homo-2 / Total,Total,Time (ps),28000,199.25435,nm^2,nm^2
line,overlay,wt-homo-2,wt-homo-2,sasa,qggdrvti,qggdrvti::Total,wt-homo-2 / Total,Total,Time (ps),29000,197.59883,nm^2,nm^2
line,overlay,wt-homo-2,wt-homo-2,sasa,qggdrvti,qggdrvti::Total,wt-homo-2 / Total,Total,Time (ps),30000,201.67577,nm^2,nm^2
line,overlay,wt-homo-2,wt-homo-2,sasa,qggdrvti,qggdrvti::Total,wt-homo-2 / Total,Total,Time (ps),31000,201.25105,nm^2,nm^2
line,overlay,wt-homo-2,wt-homo-2,sasa,qggdrvti,qggdrvti::Total,wt-homo-2 / Total,Total,Time (ps),32000,204.18724,nm^2,nm^2
line,overlay,wt-homo-2,wt-homo-2,sasa,qggdrvti,qggdrvti::Total,wt-homo-2 / Total,Total,Time (ps),33000,206.0181,nm^2,nm^2
line,overlay,wt-homo-2,wt-homo-2,sasa,qggdrvti,qggdrvti::Total,wt-homo-2 / Total,Total,Time (ps),34000,204.44576,nm^2,nm^2
line,overlay,wt-homo-2,wt-homo-2,sasa,qggdrvti,qggdrvti::Total,wt-homo-2 / Total,Total,Time (ps),35000,204.41875,nm^2,nm^2
line,overlay,wt-homo-2,wt-homo-2,sasa,qggdrvti,qggdrvti::Total,wt-homo-2 / Total,Total,Time (ps),36000,205.94572,nm^2,nm^2
line,overlay,wt-homo-2,wt-homo-2,sasa,qggdrvti,qggdrvti::Total,wt-homo-2 / Total,Total,Time (ps),37000,204.80472,nm^2,nm^2
line,overlay,wt-homo-2,wt-homo-2,sasa,qggdrvti,qggdrvti::Total,wt-homo-2 / Total,Total,Time (ps),38000,204.71786,nm^2,nm^2
line,overlay,wt-homo-2,wt-homo-2,sasa,qggdrvti,qggdrvti::Total,wt-homo-2 / Total,Total,Time (ps),39000,204.64572,nm^2,nm^2
line,overlay,wt-homo-2,wt-homo-2,sasa,qggdrvti,qggdrvti::Total,wt-homo-2 / Total,Total,Time (ps),40000,207.09657,nm^2,nm^2
line,overlay,wt-homo-2,wt-homo-2,sasa,qggdrvti,qggdrvti::Total,wt-homo-2 / Total,Total,Time (ps),41000,200.94647,nm^2,nm^2
line,overlay,wt-homo-2,wt-homo-2,sasa,qggdrvti,qggdrvti::Total,wt-homo-2 / Total,Total,Time (ps),42000,202.83762,nm^2,nm^2
line,overlay,wt-homo-2,wt-homo-2,sasa,qggdrvti,qggdrvti::Total,wt-homo-2 / Total,Total,Time (ps),43000,198.91592,nm^2,nm^2
line,overlay,wt-homo-2,wt-homo-2,sasa,qggdrvti,qggdrvti::Total,wt-homo-2 / Total,Total,Time (ps),44000,203.18488,nm^2,nm^2
line,overlay,wt-homo-2,wt-homo-2,sasa,qggdrvti,qggdrvti::Total,wt-homo-2 / Total,Total,Time (ps),45000,204.42746,nm^2,nm^2
line,overlay,wt-homo-2,wt-homo-2,sasa,qggdrvti,qggdrvti::Total,wt-homo-2 / Total,Total,Time (ps),46000,204.68132,nm^2,nm^2
line,overlay,wt-homo-2,wt-homo-2,sasa,qggdrvti,qggdrvti::Total,wt-homo-2 / Total,Total,Time (ps),47000,201.04434,nm^2,nm^2
line,overlay,wt-homo-2,wt-homo-2,sasa,qggdrvti,qggdrvti::Total,wt-homo-2 / Total,Total,Time (ps),48000,205.94934,nm^2,nm^2
line,overlay,wt-homo-2,wt-homo-2,sasa,qggdrvti,qggdrvti::Total,wt-homo-2 / Total,Total,Time (ps),49000,202.57893,nm^2,nm^2
line,overlay,wt-homo-2,wt-homo-2,sasa,qggdrvti,qggdrvti::Total,wt-homo-2 / Total,Total,Time (ps),50000,200.46385,nm^2,nm^2
line,overlay,wt-homo-2,wt-homo-2,sasa,qggdrvti,qggdrvti::Total,wt-homo-2 / Total,Total,Time (ps),51000,199.08585,nm^2,nm^2
line,overlay,wt-homo-2,wt-homo-2,sasa,qggdrvti,qggdrvti::Total,wt-homo-2 / Total,Total,Time (ps),52000,200.746,nm^2,nm^2
line,overlay,wt-homo-2,wt-homo-2,sasa,qggdrvti,qggdrvti::Total,wt-homo-2 / Total,Total,Time (ps),53000,204.68173,nm^2,nm^2
line,overlay,wt-homo-2,wt-homo-2,sasa,qggdrvti,qggdrvti::Total,wt-homo-2 / Total,Total,Time (ps),54000,204.78265,nm^2,nm^2
line,overlay,wt-homo-2,wt-homo-2,sasa,qggdrvti,qggdrvti::Total,wt-homo-2 / Total,Total,Time (ps),55000,208.9401,nm^2,nm^2
line,overlay,wt-homo-2,wt-homo-2,sasa,qggdrvti,qggdrvti::Total,wt-homo-2 / Total,Total,Time (ps),56000,209.53781,nm^2,nm^2
line,overlay,wt-homo-2,wt-homo-2,sasa,qggdrvti,qggdrvti::Total,wt-homo-2 / Total,Total,Time (ps),57000,204.14677,nm^2,nm^2
line,overlay,wt-homo-2,wt-homo-2,sasa,qggdrvti,qggdrvti::Total,wt-homo-2 / Total,Total,Time (ps),58000,198.44238,nm^2,nm^2
line,overlay,wt-homo-2,wt-homo-2,sasa,qggdrvti,qggdrvti::Total,wt-homo-2 / Total,Total,Time (ps),59000,200.77849,nm^2,nm^2
line,overlay,wt-homo-2,wt-homo-2,sasa,qggdrvti,qggdrvti::Total,wt-homo-2 / Total,Total,Time (ps),60000,203.96451,nm^2,nm^2
line,overlay,wt-homo-2,wt-homo-2,sasa,qggdrvti,qggdrvti::Total,wt-homo-2 / Total,Total,Time (ps),61000,202.91632,nm^2,nm^2
line,overlay,wt-homo-2,wt-homo-2,sasa,qggdrvti,qggdrvti::Total,wt-homo-2 / Total,Total,Time (ps),62000,203.68219,nm^2,nm^2
line,overlay,wt-homo-2,wt-homo-2,sasa,qggdrvti,qggdrvti::Total,wt-homo-2 / Total,Total,Time (ps),63000,204.96606,nm^2,nm^2
line,overlay,wt-homo-2,wt-homo-2,sasa,qggdrvti,qggdrvti::Total,wt-homo-2 / Total,Total,Time (ps),64000,203.40337,nm^2,nm^2
line,overlay,wt-homo-2,wt-homo-2,sasa,qggdrvti,qggdrvti::Total,wt-homo-2 / Total,Total,Time (ps),65000,203.91011,nm^2,nm^2
line,overlay,wt-homo-2,wt-homo-2,sasa,qggdrvti,qggdrvti::Total,wt-homo-2 / Total,Total,Time (ps),66000,201.92673,nm^2,nm^2
line,overlay,wt-homo-2,wt-homo-2,sasa,qggdrvti,qggdrvti::Total,wt-homo-2 / Total,Total,Time (ps),67000,201.05095,nm^2,nm^2
line,overlay,wt-homo-2,wt-homo-2,sasa,qggdrvti,qggdrvti::Total,wt-homo-2 / Total,Total,Time (ps),68000,202.19173,nm^2,nm^2
line,overlay,wt-homo-2,wt-homo-2,sasa,qggdrvti,qggdrvti::Total,wt-homo-2 / Total,Total,Time (ps),69000,202.6977,nm^2,nm^2
line,overlay,wt-homo-2,wt-homo-2,sasa,qggdrvti,qggdrvti::Total,wt-homo-2 / Total,Total,Time (ps),70000,201.65009,nm^2,nm^2
line,overlay,wt-homo-2,wt-homo-2,sasa,qggdrvti,qggdrvti::Total,wt-homo-2 / Total,Total,Time (ps),71000,206.47203,nm^2,nm^2
line,overlay,wt-homo-2,wt-homo-2,sasa,qggdrvti,qggdrvti::Total,wt-homo-2 / Total,Total,Time (ps),72000,204.51515,nm^2,nm^2
line,overlay,wt-homo-2,wt-homo-2,sasa,qggdrvti,qggdrvti::Total,wt-homo-2 / Total,Total,Time (ps),73000,204.82799,nm^2,nm^2
line,overlay,wt-homo-2,wt-homo-2,sasa,qggdrvti,qggdrvti::Total,wt-homo-2 / Total,Total,Time (ps),74000,201.72284,nm^2,nm^2
line,overlay,wt-homo-2,wt-homo-2,sasa,qggdrvti,qggdrvti::Total,wt-homo-2 / Total,Total,Time (ps),75000,201.41222,nm^2,nm^2
line,overlay,wt-homo-2,wt-homo-2,sasa,qggdrvti,qggdrvti::Total,wt-homo-2 / Total,Total,Time (ps),76000,203.75848,nm^2,nm^2
line,overlay,wt-homo-2,wt-homo-2,sasa,qggdrvti,qggdrvti::Total,wt-homo-2 / Total,Total,Time (ps),77000,203.09149,nm^2,nm^2
line,overlay,wt-homo-2,wt-homo-2,sasa,qggdrvti,qggdrvti::Total,wt-homo-2 / Total,Total,Time (ps),78000,203.5429,nm^2,nm^2
line,overlay,wt-homo-2,wt-homo-2,sasa,qggdrvti,qggdrvti::Total,wt-homo-2 / Total,Total,Time (ps),79000,205.66052,nm^2,nm^2
line,overlay,wt-homo-2,wt-homo-2,sasa,qggdrvti,qggdrvti::Total,wt-homo-2 / Total,Total,Time (ps),80000,202.62819,nm^2,nm^2
line,overlay,wt-homo-2,wt-homo-2,sasa,qggdrvti,qggdrvti::Total,wt-homo-2 / Total,Total,Time (ps),81000,202.73941,nm^2,nm^2
line,overlay,wt-homo-2,wt-homo-2,sasa,qggdrvti,qggdrvti::Total,wt-homo-2 / Total,Total,Time (ps),82000,201.00182,nm^2,nm^2
line,overlay,wt-homo-2,wt-homo-2,sasa,qggdrvti,qggdrvti::Total,wt-homo-2 / Total,Total,Time (ps),83000,206.28134,nm^2,nm^2
line,overlay,wt-homo-2,wt-homo-2,sasa,qggdrvti,qggdrvti::Total,wt-homo-2 / Total,Total,Time (ps),84000,204.84178,nm^2,nm^2
line,overlay,wt-homo-2,wt-homo-2,sasa,qggdrvti,qggdrvti::Total,wt-homo-2 / Total,Total,Time (ps),85000,205.82251,nm^2,nm^2
line,overlay,wt-homo-2,wt-homo-2,sasa,qggdrvti,qggdrvti::Total,wt-homo-2 / Total,Total,Time (ps),86000,204.66858,nm^2,nm^2
line,overlay,wt-homo-2,wt-homo-2,sasa,qggdrvti,qggdrvti::Total,wt-homo-2 / Total,Total,Time (ps),87000,207.06506,nm^2,nm^2
line,overlay,wt-homo-2,wt-homo-2,sasa,qggdrvti,qggdrvti::Total,wt-homo-2 / Total,Total,Time (ps),88000,200.11775,nm^2,nm^2
line,overlay,wt-homo-2,wt-homo-2,sasa,qggdrvti,qggdrvti::Total,wt-homo-2 / Total,Total,Time (ps),89000,203.23242,nm^2,nm^2
line,overlay,wt-homo-2,wt-homo-2,sasa,qggdrvti,qggdrvti::Total,wt-homo-2 / Total,Total,Time (ps),90000,203.36351,nm^2,nm^2
line,overlay,wt-homo-2,wt-homo-2,sasa,qggdrvti,qggdrvti::Total,wt-homo-2 / Total,Total,Time (ps),91000,205.54974,nm^2,nm^2
line,overlay,wt-homo-2,wt-homo-2,sasa,qggdrvti,qggdrvti::Total,wt-homo-2 / Total,Total,Time (ps),92000,202.62273,nm^2,nm^2
line,overlay,wt-homo-2,wt-homo-2,sasa,qggdrvti,qggdrvti::Total,wt-homo-2 / Total,Total,Time (ps),93000,206.17471,nm^2,nm^2
line,overlay,wt-homo-2,wt-homo-2,sasa,qggdrvti,qggdrvti::Total,wt-homo-2 / Total,Total,Time (ps),94000,204.8409,nm^2,nm^2
line,overlay,wt-homo-2,wt-homo-2,sasa,qggdrvti,qggdrvti::Total,wt-homo-2 / Total,Total,Time (ps),95000,199.02505,nm^2,nm^2
line,overlay,wt-homo-2,wt-homo-2,sasa,qggdrvti,qggdrvti::Total,wt-homo-2 / Total,Total,Time (ps),96000,204.8167,nm^2,nm^2
line,overlay,wt-homo-2,wt-homo-2,sasa,qggdrvti,qggdrvti::Total,wt-homo-2 / Total,Total,Time (ps),97000,201.13696,nm^2,nm^2
line,overlay,wt-homo-2,wt-homo-2,sasa,qggdrvti,qggdrvti::Total,wt-homo-2 / Total,Total,Time (ps),98000,202.7555,nm^2,nm^2
line,overlay,wt-homo-2,wt-homo-2,sasa,qggdrvti,qggdrvti::Total,wt-homo-2 / Total,Total,Time (ps),99000,200.27406,nm^2,nm^2
line,overlay,wt-homo-2,wt-homo-2,sasa,qggdrvti,qggdrvti::Total,wt-homo-2 / Total,Total,Time (ps),100000,198.44867,nm^2,nm^2
line,overlay,wt-homo-3,wt-homo-3,sasa,aqm9fghu,aqm9fghu::Total,wt-homo-3 / Total,Total,Time (ps),0,202.79984,nm^2,nm^2
line,overlay,wt-homo-3,wt-homo-3,sasa,aqm9fghu,aqm9fghu::Total,wt-homo-3 / Total,Total,Time (ps),1000,201.69965,nm^2,nm^2
line,overlay,wt-homo-3,wt-homo-3,sasa,aqm9fghu,aqm9fghu::Total,wt-homo-3 / Total,Total,Time (ps),2000,205.89914,nm^2,nm^2
line,overlay,wt-homo-3,wt-homo-3,sasa,aqm9fghu,aqm9fghu::Total,wt-homo-3 / Total,Total,Time (ps),3000,200.50404,nm^2,nm^2
line,overlay,wt-homo-3,wt-homo-3,sasa,aqm9fghu,aqm9fghu::Total,wt-homo-3 / Total,Total,Time (ps),4000,206.71573,nm^2,nm^2
line,overlay,wt-homo-3,wt-homo-3,sasa,aqm9fghu,aqm9fghu::Total,wt-homo-3 / Total,Total,Time (ps),5000,207.30313,nm^2,nm^2
line,overlay,wt-homo-3,wt-homo-3,sasa,aqm9fghu,aqm9fghu::Total,wt-homo-3 / Total,Total,Time (ps),6000,205.55196,nm^2,nm^2
line,overlay,wt-homo-3,wt-homo-3,sasa,aqm9fghu,aqm9fghu::Total,wt-homo-3 / Total,Total,Time (ps),7000,203.28596,nm^2,nm^2
line,overlay,wt-homo-3,wt-homo-3,sasa,aqm9fghu,aqm9fghu::Total,wt-homo-3 / Total,Total,Time (ps),8000,200.99,nm^2,nm^2
line,overlay,wt-homo-3,wt-homo-3,sasa,aqm9fghu,aqm9fghu::Total,wt-homo-3 / Total,Total,Time (ps),9000,204.25119,nm^2,nm^2
line,overlay,wt-homo-3,wt-homo-3,sasa,aqm9fghu,aqm9fghu::Total,wt-homo-3 / Total,Total,Time (ps),10000,203.47641,nm^2,nm^2
line,overlay,wt-homo-3,wt-homo-3,sasa,aqm9fghu,aqm9fghu::Total,wt-homo-3 / Total,Total,Time (ps),11000,203.46112,nm^2,nm^2
line,overlay,wt-homo-3,wt-homo-3,sasa,aqm9fghu,aqm9fghu::Total,wt-homo-3 / Total,Total,Time (ps),12000,210.65703,nm^2,nm^2
line,overlay,wt-homo-3,wt-homo-3,sasa,aqm9fghu,aqm9fghu::Total,wt-homo-3 / Total,Total,Time (ps),13000,206.9511,nm^2,nm^2
line,overlay,wt-homo-3,wt-homo-3,sasa,aqm9fghu,aqm9fghu::Total,wt-homo-3 / Total,Total,Time (ps),14000,204.4236,nm^2,nm^2
line,overlay,wt-homo-3,wt-homo-3,sasa,aqm9fghu,aqm9fghu::Total,wt-homo-3 / Total,Total,Time (ps),15000,203.51517,nm^2,nm^2
line,overlay,wt-homo-3,wt-homo-3,sasa,aqm9fghu,aqm9fghu::Total,wt-homo-3 / Total,Total,Time (ps),16000,204.55782,nm^2,nm^2
line,overlay,wt-homo-3,wt-homo-3,sasa,aqm9fghu,aqm9fghu::Total,wt-homo-3 / Total,Total,Time (ps),17000,204.43329,nm^2,nm^2
line,overlay,wt-homo-3,wt-homo-3,sasa,aqm9fghu,aqm9fghu::Total,wt-homo-3 / Total,Total,Time (ps),18000,206.85864,nm^2,nm^2
line,overlay,wt-homo-3,wt-homo-3,sasa,aqm9fghu,aqm9fghu::Total,wt-homo-3 / Total,Total,Time (ps),19000,210.20775,nm^2,nm^2
line,overlay,wt-homo-3,wt-homo-3,sasa,aqm9fghu,aqm9fghu::Total,wt-homo-3 / Total,Total,Time (ps),20000,210.15303,nm^2,nm^2
line,overlay,wt-homo-3,wt-homo-3,sasa,aqm9fghu,aqm9fghu::Total,wt-homo-3 / Total,Total,Time (ps),21000,210.54042,nm^2,nm^2
line,overlay,wt-homo-3,wt-homo-3,sasa,aqm9fghu,aqm9fghu::Total,wt-homo-3 / Total,Total,Time (ps),22000,206.39702,nm^2,nm^2
line,overlay,wt-homo-3,wt-homo-3,sasa,aqm9fghu,aqm9fghu::Total,wt-homo-3 / Total,Total,Time (ps),23000,206.15735,nm^2,nm^2
line,overlay,wt-homo-3,wt-homo-3,sasa,aqm9fghu,aqm9fghu::Total,wt-homo-3 / Total,Total,Time (ps),24000,205.42746,nm^2,nm^2
line,overlay,wt-homo-3,wt-homo-3,sasa,aqm9fghu,aqm9fghu::Total,wt-homo-3 / Total,Total,Time (ps),25000,207.46367,nm^2,nm^2
line,overlay,wt-homo-3,wt-homo-3,sasa,aqm9fghu,aqm9fghu::Total,wt-homo-3 / Total,Total,Time (ps),26000,202.31146,nm^2,nm^2
line,overlay,wt-homo-3,wt-homo-3,sasa,aqm9fghu,aqm9fghu::Total,wt-homo-3 / Total,Total,Time (ps),27000,202.74005,nm^2,nm^2
line,overlay,wt-homo-3,wt-homo-3,sasa,aqm9fghu,aqm9fghu::Total,wt-homo-3 / Total,Total,Time (ps),28000,208.11421,nm^2,nm^2
line,overlay,wt-homo-3,wt-homo-3,sasa,aqm9fghu,aqm9fghu::Total,wt-homo-3 / Total,Total,Time (ps),29000,203.12215,nm^2,nm^2
line,overlay,wt-homo-3,wt-homo-3,sasa,aqm9fghu,aqm9fghu::Total,wt-homo-3 / Total,Total,Time (ps),30000,205.92607,nm^2,nm^2
line,overlay,wt-homo-3,wt-homo-3,sasa,aqm9fghu,aqm9fghu::Total,wt-homo-3 / Total,Total,Time (ps),31000,205.6466,nm^2,nm^2
line,overlay,wt-homo-3,wt-homo-3,sasa,aqm9fghu,aqm9fghu::Total,wt-homo-3 / Total,Total,Time (ps),32000,206.41077,nm^2,nm^2
line,overlay,wt-homo-3,wt-homo-3,sasa,aqm9fghu,aqm9fghu::Total,wt-homo-3 / Total,Total,Time (ps),33000,200.77396,nm^2,nm^2
line,overlay,wt-homo-3,wt-homo-3,sasa,aqm9fghu,aqm9fghu::Total,wt-homo-3 / Total,Total,Time (ps),34000,198.95978,nm^2,nm^2
line,overlay,wt-homo-3,wt-homo-3,sasa,aqm9fghu,aqm9fghu::Total,wt-homo-3 / Total,Total,Time (ps),35000,207.60855,nm^2,nm^2
line,overlay,wt-homo-3,wt-homo-3,sasa,aqm9fghu,aqm9fghu::Total,wt-homo-3 / Total,Total,Time (ps),36000,208.22153,nm^2,nm^2
line,overlay,wt-homo-3,wt-homo-3,sasa,aqm9fghu,aqm9fghu::Total,wt-homo-3 / Total,Total,Time (ps),37000,206.66261,nm^2,nm^2
line,overlay,wt-homo-3,wt-homo-3,sasa,aqm9fghu,aqm9fghu::Total,wt-homo-3 / Total,Total,Time (ps),38000,203.1817,nm^2,nm^2
line,overlay,wt-homo-3,wt-homo-3,sasa,aqm9fghu,aqm9fghu::Total,wt-homo-3 / Total,Total,Time (ps),39000,208.55745,nm^2,nm^2
line,overlay,wt-homo-3,wt-homo-3,sasa,aqm9fghu,aqm9fghu::Total,wt-homo-3 / Total,Total,Time (ps),40000,211.18344,nm^2,nm^2
line,overlay,wt-homo-3,wt-homo-3,sasa,aqm9fghu,aqm9fghu::Total,wt-homo-3 / Total,Total,Time (ps),41000,206.73529,nm^2,nm^2
line,overlay,wt-homo-3,wt-homo-3,sasa,aqm9fghu,aqm9fghu::Total,wt-homo-3 / Total,Total,Time (ps),42000,206.01991,nm^2,nm^2
line,overlay,wt-homo-3,wt-homo-3,sasa,aqm9fghu,aqm9fghu::Total,wt-homo-3 / Total,Total,Time (ps),43000,213.20364,nm^2,nm^2
line,overlay,wt-homo-3,wt-homo-3,sasa,aqm9fghu,aqm9fghu::Total,wt-homo-3 / Total,Total,Time (ps),44000,211.167,nm^2,nm^2
line,overlay,wt-homo-3,wt-homo-3,sasa,aqm9fghu,aqm9fghu::Total,wt-homo-3 / Total,Total,Time (ps),45000,207.253,nm^2,nm^2
line,overlay,wt-homo-3,wt-homo-3,sasa,aqm9fghu,aqm9fghu::Total,wt-homo-3 / Total,Total,Time (ps),46000,207.60071,nm^2,nm^2
line,overlay,wt-homo-3,wt-homo-3,sasa,aqm9fghu,aqm9fghu::Total,wt-homo-3 / Total,Total,Time (ps),47000,210.41446,nm^2,nm^2
line,overlay,wt-homo-3,wt-homo-3,sasa,aqm9fghu,aqm9fghu::Total,wt-homo-3 / Total,Total,Time (ps),48000,203.55028,nm^2,nm^2
line,overlay,wt-homo-3,wt-homo-3,sasa,aqm9fghu,aqm9fghu::Total,wt-homo-3 / Total,Total,Time (ps),49000,200.70117,nm^2,nm^2
line,overlay,wt-homo-3,wt-homo-3,sasa,aqm9fghu,aqm9fghu::Total,wt-homo-3 / Total,Total,Time (ps),50000,206.0171,nm^2,nm^2
line,overlay,wt-homo-3,wt-homo-3,sasa,aqm9fghu,aqm9fghu::Total,wt-homo-3 / Total,Total,Time (ps),51000,205.678,nm^2,nm^2
line,overlay,wt-homo-3,wt-homo-3,sasa,aqm9fghu,aqm9fghu::Total,wt-homo-3 / Total,Total,Time (ps),52000,205.05316,nm^2,nm^2
line,overlay,wt-homo-3,wt-homo-3,sasa,aqm9fghu,aqm9fghu::Total,wt-homo-3 / Total,Total,Time (ps),53000,207.58517,nm^2,nm^2
line,overlay,wt-homo-3,wt-homo-3,sasa,aqm9fghu,aqm9fghu::Total,wt-homo-3 / Total,Total,Time (ps),54000,211.27168,nm^2,nm^2
line,overlay,wt-homo-3,wt-homo-3,sasa,aqm9fghu,aqm9fghu::Total,wt-homo-3 / Total,Total,Time (ps),55000,211.01105,nm^2,nm^2
line,overlay,wt-homo-3,wt-homo-3,sasa,aqm9fghu,aqm9fghu::Total,wt-homo-3 / Total,Total,Time (ps),56000,209.66763,nm^2,nm^2
line,overlay,wt-homo-3,wt-homo-3,sasa,aqm9fghu,aqm9fghu::Total,wt-homo-3 / Total,Total,Time (ps),57000,203.93835,nm^2,nm^2
line,overlay,wt-homo-3,wt-homo-3,sasa,aqm9fghu,aqm9fghu::Total,wt-homo-3 / Total,Total,Time (ps),58000,203.37433,nm^2,nm^2
line,overlay,wt-homo-3,wt-homo-3,sasa,aqm9fghu,aqm9fghu::Total,wt-homo-3 / Total,Total,Time (ps),59000,201.59573,nm^2,nm^2
line,overlay,wt-homo-3,wt-homo-3,sasa,aqm9fghu,aqm9fghu::Total,wt-homo-3 / Total,Total,Time (ps),60000,204.1487,nm^2,nm^2
line,overlay,wt-homo-3,wt-homo-3,sasa,aqm9fghu,aqm9fghu::Total,wt-homo-3 / Total,Total,Time (ps),61000,204.41075,nm^2,nm^2
line,overlay,wt-homo-3,wt-homo-3,sasa,aqm9fghu,aqm9fghu::Total,wt-homo-3 / Total,Total,Time (ps),62000,205.95169,nm^2,nm^2
line,overlay,wt-homo-3,wt-homo-3,sasa,aqm9fghu,aqm9fghu::Total,wt-homo-3 / Total,Total,Time (ps),63000,202.17929,nm^2,nm^2
line,overlay,wt-homo-3,wt-homo-3,sasa,aqm9fghu,aqm9fghu::Total,wt-homo-3 / Total,Total,Time (ps),64000,200.93144,nm^2,nm^2
line,overlay,wt-homo-3,wt-homo-3,sasa,aqm9fghu,aqm9fghu::Total,wt-homo-3 / Total,Total,Time (ps),65000,208.35309,nm^2,nm^2
line,overlay,wt-homo-3,wt-homo-3,sasa,aqm9fghu,aqm9fghu::Total,wt-homo-3 / Total,Total,Time (ps),66000,209.43349,nm^2,nm^2
line,overlay,wt-homo-3,wt-homo-3,sasa,aqm9fghu,aqm9fghu::Total,wt-homo-3 / Total,Total,Time (ps),67000,208.09285,nm^2,nm^2
line,overlay,wt-homo-3,wt-homo-3,sasa,aqm9fghu,aqm9fghu::Total,wt-homo-3 / Total,Total,Time (ps),68000,206.64395,nm^2,nm^2
line,overlay,wt-homo-3,wt-homo-3,sasa,aqm9fghu,aqm9fghu::Total,wt-homo-3 / Total,Total,Time (ps),69000,208.34943,nm^2,nm^2
line,overlay,wt-homo-3,wt-homo-3,sasa,aqm9fghu,aqm9fghu::Total,wt-homo-3 / Total,Total,Time (ps),70000,208.35248,nm^2,nm^2
line,overlay,wt-homo-3,wt-homo-3,sasa,aqm9fghu,aqm9fghu::Total,wt-homo-3 / Total,Total,Time (ps),71000,207.60643,nm^2,nm^2
line,overlay,wt-homo-3,wt-homo-3,sasa,aqm9fghu,aqm9fghu::Total,wt-homo-3 / Total,Total,Time (ps),72000,210.1513,nm^2,nm^2
line,overlay,wt-homo-3,wt-homo-3,sasa,aqm9fghu,aqm9fghu::Total,wt-homo-3 / Total,Total,Time (ps),73000,206.77432,nm^2,nm^2
line,overlay,wt-homo-3,wt-homo-3,sasa,aqm9fghu,aqm9fghu::Total,wt-homo-3 / Total,Total,Time (ps),74000,210.08643,nm^2,nm^2
line,overlay,wt-homo-3,wt-homo-3,sasa,aqm9fghu,aqm9fghu::Total,wt-homo-3 / Total,Total,Time (ps),75000,211.18953,nm^2,nm^2
line,overlay,wt-homo-3,wt-homo-3,sasa,aqm9fghu,aqm9fghu::Total,wt-homo-3 / Total,Total,Time (ps),76000,207.60449,nm^2,nm^2
line,overlay,wt-homo-3,wt-homo-3,sasa,aqm9fghu,aqm9fghu::Total,wt-homo-3 / Total,Total,Time (ps),77000,208.81068,nm^2,nm^2
line,overlay,wt-homo-3,wt-homo-3,sasa,aqm9fghu,aqm9fghu::Total,wt-homo-3 / Total,Total,Time (ps),78000,207.95549,nm^2,nm^2
line,overlay,wt-homo-3,wt-homo-3,sasa,aqm9fghu,aqm9fghu::Total,wt-homo-3 / Total,Total,Time (ps),79000,211.38585,nm^2,nm^2
line,overlay,wt-homo-3,wt-homo-3,sasa,aqm9fghu,aqm9fghu::Total,wt-homo-3 / Total,Total,Time (ps),80000,206.46475,nm^2,nm^2
line,overlay,wt-homo-3,wt-homo-3,sasa,aqm9fghu,aqm9fghu::Total,wt-homo-3 / Total,Total,Time (ps),81000,210.64963,nm^2,nm^2
line,overlay,wt-homo-3,wt-homo-3,sasa,aqm9fghu,aqm9fghu::Total,wt-homo-3 / Total,Total,Time (ps),82000,205.803,nm^2,nm^2
line,overlay,wt-homo-3,wt-homo-3,sasa,aqm9fghu,aqm9fghu::Total,wt-homo-3 / Total,Total,Time (ps),83000,207.03824,nm^2,nm^2
line,overlay,wt-homo-3,wt-homo-3,sasa,aqm9fghu,aqm9fghu::Total,wt-homo-3 / Total,Total,Time (ps),84000,211.46843,nm^2,nm^2
line,overlay,wt-homo-3,wt-homo-3,sasa,aqm9fghu,aqm9fghu::Total,wt-homo-3 / Total,Total,Time (ps),85000,215.41878,nm^2,nm^2
line,overlay,wt-homo-3,wt-homo-3,sasa,aqm9fghu,aqm9fghu::Total,wt-homo-3 / Total,Total,Time (ps),86000,211.32722,nm^2,nm^2
line,overlay,wt-homo-3,wt-homo-3,sasa,aqm9fghu,aqm9fghu::Total,wt-homo-3 / Total,Total,Time (ps),87000,212.01007,nm^2,nm^2
line,overlay,wt-homo-3,wt-homo-3,sasa,aqm9fghu,aqm9fghu::Total,wt-homo-3 / Total,Total,Time (ps),88000,208.7087,nm^2,nm^2
line,overlay,wt-homo-3,wt-homo-3,sasa,aqm9fghu,aqm9fghu::Total,wt-homo-3 / Total,Total,Time (ps),89000,206.30656,nm^2,nm^2
line,overlay,wt-homo-3,wt-homo-3,sasa,aqm9fghu,aqm9fghu::Total,wt-homo-3 / Total,Total,Time (ps),90000,205.34978,nm^2,nm^2
line,overlay,wt-homo-3,wt-homo-3,sasa,aqm9fghu,aqm9fghu::Total,wt-homo-3 / Total,Total,Time (ps),91000,209.6039,nm^2,nm^2
line,overlay,wt-homo-3,wt-homo-3,sasa,aqm9fghu,aqm9fghu::Total,wt-homo-3 / Total,Total,Time (ps),92000,211.21721,nm^2,nm^2
line,overlay,wt-homo-3,wt-homo-3,sasa,aqm9fghu,aqm9fghu::Total,wt-homo-3 / Total,Total,Time (ps),93000,207.9937,nm^2,nm^2
line,overlay,wt-homo-3,wt-homo-3,sasa,aqm9fghu,aqm9fghu::Total,wt-homo-3 / Total,Total,Time (ps),94000,208.1935,nm^2,nm^2
line,overlay,wt-homo-3,wt-homo-3,sasa,aqm9fghu,aqm9fghu::Total,wt-homo-3 / Total,Total,Time (ps),95000,208.16237,nm^2,nm^2
line,overlay,wt-homo-3,wt-homo-3,sasa,aqm9fghu,aqm9fghu::Total,wt-homo-3 / Total,Total,Time (ps),96000,210.12106,nm^2,nm^2
line,overlay,wt-homo-3,wt-homo-3,sasa,aqm9fghu,aqm9fghu::Total,wt-homo-3 / Total,Total,Time (ps),97000,209.64177,nm^2,nm^2
line,overlay,wt-homo-3,wt-homo-3,sasa,aqm9fghu,aqm9fghu::Total,wt-homo-3 / Total,Total,Time (ps),98000,209.64107,nm^2,nm^2
line,overlay,wt-homo-3,wt-homo-3,sasa,aqm9fghu,aqm9fghu::Total,wt-homo-3 / Total,Total,Time (ps),99000,211.70174,nm^2,nm^2
line,overlay,wt-homo-3,wt-homo-3,sasa,aqm9fghu,aqm9fghu::Total,wt-homo-3 / Total,Total,Time (ps),100000,211.34184,nm^2,nm^2
line,overlay,wt-homo-4,wt-homo-4,sasa,d33y704l,d33y704l::Total,wt-homo-4 / Total,Total,Time (ps),0,206.28732,nm^2,nm^2
line,overlay,wt-homo-4,wt-homo-4,sasa,d33y704l,d33y704l::Total,wt-homo-4 / Total,Total,Time (ps),1000,208.19057,nm^2,nm^2
line,overlay,wt-homo-4,wt-homo-4,sasa,d33y704l,d33y704l::Total,wt-homo-4 / Total,Total,Time (ps),2000,212.16235,nm^2,nm^2
line,overlay,wt-homo-4,wt-homo-4,sasa,d33y704l,d33y704l::Total,wt-homo-4 / Total,Total,Time (ps),3000,208.4434,nm^2,nm^2
line,overlay,wt-homo-4,wt-homo-4,sasa,d33y704l,d33y704l::Total,wt-homo-4 / Total,Total,Time (ps),4000,208.59438,nm^2,nm^2
line,overlay,wt-homo-4,wt-homo-4,sasa,d33y704l,d33y704l::Total,wt-homo-4 / Total,Total,Time (ps),5000,208.5344,nm^2,nm^2
line,overlay,wt-homo-4,wt-homo-4,sasa,d33y704l,d33y704l::Total,wt-homo-4 / Total,Total,Time (ps),6000,205.86012,nm^2,nm^2
line,overlay,wt-homo-4,wt-homo-4,sasa,d33y704l,d33y704l::Total,wt-homo-4 / Total,Total,Time (ps),7000,208.33965,nm^2,nm^2
line,overlay,wt-homo-4,wt-homo-4,sasa,d33y704l,d33y704l::Total,wt-homo-4 / Total,Total,Time (ps),8000,207.97398,nm^2,nm^2
line,overlay,wt-homo-4,wt-homo-4,sasa,d33y704l,d33y704l::Total,wt-homo-4 / Total,Total,Time (ps),9000,210.49545,nm^2,nm^2
line,overlay,wt-homo-4,wt-homo-4,sasa,d33y704l,d33y704l::Total,wt-homo-4 / Total,Total,Time (ps),10000,205.40007,nm^2,nm^2
line,overlay,wt-homo-4,wt-homo-4,sasa,d33y704l,d33y704l::Total,wt-homo-4 / Total,Total,Time (ps),11000,213.00572,nm^2,nm^2
line,overlay,wt-homo-4,wt-homo-4,sasa,d33y704l,d33y704l::Total,wt-homo-4 / Total,Total,Time (ps),12000,210.0417,nm^2,nm^2
line,overlay,wt-homo-4,wt-homo-4,sasa,d33y704l,d33y704l::Total,wt-homo-4 / Total,Total,Time (ps),13000,205.7072,nm^2,nm^2
line,overlay,wt-homo-4,wt-homo-4,sasa,d33y704l,d33y704l::Total,wt-homo-4 / Total,Total,Time (ps),14000,205.06477,nm^2,nm^2
line,overlay,wt-homo-4,wt-homo-4,sasa,d33y704l,d33y704l::Total,wt-homo-4 / Total,Total,Time (ps),15000,211.51193,nm^2,nm^2
line,overlay,wt-homo-4,wt-homo-4,sasa,d33y704l,d33y704l::Total,wt-homo-4 / Total,Total,Time (ps),16000,211.55637,nm^2,nm^2
line,overlay,wt-homo-4,wt-homo-4,sasa,d33y704l,d33y704l::Total,wt-homo-4 / Total,Total,Time (ps),17000,211.90019,nm^2,nm^2
line,overlay,wt-homo-4,wt-homo-4,sasa,d33y704l,d33y704l::Total,wt-homo-4 / Total,Total,Time (ps),18000,214.08607,nm^2,nm^2
line,overlay,wt-homo-4,wt-homo-4,sasa,d33y704l,d33y704l::Total,wt-homo-4 / Total,Total,Time (ps),19000,214.46745,nm^2,nm^2
line,overlay,wt-homo-4,wt-homo-4,sasa,d33y704l,d33y704l::Total,wt-homo-4 / Total,Total,Time (ps),20000,208.7401,nm^2,nm^2
line,overlay,wt-homo-4,wt-homo-4,sasa,d33y704l,d33y704l::Total,wt-homo-4 / Total,Total,Time (ps),21000,205.74908,nm^2,nm^2
line,overlay,wt-homo-4,wt-homo-4,sasa,d33y704l,d33y704l::Total,wt-homo-4 / Total,Total,Time (ps),22000,210.54915,nm^2,nm^2
line,overlay,wt-homo-4,wt-homo-4,sasa,d33y704l,d33y704l::Total,wt-homo-4 / Total,Total,Time (ps),23000,207.26672,nm^2,nm^2
line,overlay,wt-homo-4,wt-homo-4,sasa,d33y704l,d33y704l::Total,wt-homo-4 / Total,Total,Time (ps),24000,213.10976,nm^2,nm^2
line,overlay,wt-homo-4,wt-homo-4,sasa,d33y704l,d33y704l::Total,wt-homo-4 / Total,Total,Time (ps),25000,213.88763,nm^2,nm^2
line,overlay,wt-homo-4,wt-homo-4,sasa,d33y704l,d33y704l::Total,wt-homo-4 / Total,Total,Time (ps),26000,211.83289,nm^2,nm^2
line,overlay,wt-homo-4,wt-homo-4,sasa,d33y704l,d33y704l::Total,wt-homo-4 / Total,Total,Time (ps),27000,211.85576,nm^2,nm^2
line,overlay,wt-homo-4,wt-homo-4,sasa,d33y704l,d33y704l::Total,wt-homo-4 / Total,Total,Time (ps),28000,212.57982,nm^2,nm^2
line,overlay,wt-homo-4,wt-homo-4,sasa,d33y704l,d33y704l::Total,wt-homo-4 / Total,Total,Time (ps),29000,215.38112,nm^2,nm^2
line,overlay,wt-homo-4,wt-homo-4,sasa,d33y704l,d33y704l::Total,wt-homo-4 / Total,Total,Time (ps),30000,211.84406,nm^2,nm^2
line,overlay,wt-homo-4,wt-homo-4,sasa,d33y704l,d33y704l::Total,wt-homo-4 / Total,Total,Time (ps),31000,215.06686,nm^2,nm^2
line,overlay,wt-homo-4,wt-homo-4,sasa,d33y704l,d33y704l::Total,wt-homo-4 / Total,Total,Time (ps),32000,210.61543,nm^2,nm^2
line,overlay,wt-homo-4,wt-homo-4,sasa,d33y704l,d33y704l::Total,wt-homo-4 / Total,Total,Time (ps),33000,212.04677,nm^2,nm^2
line,overlay,wt-homo-4,wt-homo-4,sasa,d33y704l,d33y704l::Total,wt-homo-4 / Total,Total,Time (ps),34000,208.09637,nm^2,nm^2
line,overlay,wt-homo-4,wt-homo-4,sasa,d33y704l,d33y704l::Total,wt-homo-4 / Total,Total,Time (ps),35000,206.56943,nm^2,nm^2
line,overlay,wt-homo-4,wt-homo-4,sasa,d33y704l,d33y704l::Total,wt-homo-4 / Total,Total,Time (ps),36000,211.69374,nm^2,nm^2
line,overlay,wt-homo-4,wt-homo-4,sasa,d33y704l,d33y704l::Total,wt-homo-4 / Total,Total,Time (ps),37000,216.36412,nm^2,nm^2
line,overlay,wt-homo-4,wt-homo-4,sasa,d33y704l,d33y704l::Total,wt-homo-4 / Total,Total,Time (ps),38000,212.79517,nm^2,nm^2
line,overlay,wt-homo-4,wt-homo-4,sasa,d33y704l,d33y704l::Total,wt-homo-4 / Total,Total,Time (ps),39000,214.56708,nm^2,nm^2
line,overlay,wt-homo-4,wt-homo-4,sasa,d33y704l,d33y704l::Total,wt-homo-4 / Total,Total,Time (ps),40000,214.3399,nm^2,nm^2
line,overlay,wt-homo-4,wt-homo-4,sasa,d33y704l,d33y704l::Total,wt-homo-4 / Total,Total,Time (ps),41000,213.6518,nm^2,nm^2
line,overlay,wt-homo-4,wt-homo-4,sasa,d33y704l,d33y704l::Total,wt-homo-4 / Total,Total,Time (ps),42000,218.3316,nm^2,nm^2
line,overlay,wt-homo-4,wt-homo-4,sasa,d33y704l,d33y704l::Total,wt-homo-4 / Total,Total,Time (ps),43000,219.05305,nm^2,nm^2
line,overlay,wt-homo-4,wt-homo-4,sasa,d33y704l,d33y704l::Total,wt-homo-4 / Total,Total,Time (ps),44000,211.73631,nm^2,nm^2
line,overlay,wt-homo-4,wt-homo-4,sasa,d33y704l,d33y704l::Total,wt-homo-4 / Total,Total,Time (ps),45000,217.38112,nm^2,nm^2
line,overlay,wt-homo-4,wt-homo-4,sasa,d33y704l,d33y704l::Total,wt-homo-4 / Total,Total,Time (ps),46000,216.79712,nm^2,nm^2
line,overlay,wt-homo-4,wt-homo-4,sasa,d33y704l,d33y704l::Total,wt-homo-4 / Total,Total,Time (ps),47000,214.22774,nm^2,nm^2
line,overlay,wt-homo-4,wt-homo-4,sasa,d33y704l,d33y704l::Total,wt-homo-4 / Total,Total,Time (ps),48000,212.00717,nm^2,nm^2
line,overlay,wt-homo-4,wt-homo-4,sasa,d33y704l,d33y704l::Total,wt-homo-4 / Total,Total,Time (ps),49000,215.53186,nm^2,nm^2
line,overlay,wt-homo-4,wt-homo-4,sasa,d33y704l,d33y704l::Total,wt-homo-4 / Total,Total,Time (ps),50000,213.90224,nm^2,nm^2
line,overlay,wt-homo-4,wt-homo-4,sasa,d33y704l,d33y704l::Total,wt-homo-4 / Total,Total,Time (ps),51000,218.06839,nm^2,nm^2
line,overlay,wt-homo-4,wt-homo-4,sasa,d33y704l,d33y704l::Total,wt-homo-4 / Total,Total,Time (ps),52000,216.76378,nm^2,nm^2
line,overlay,wt-homo-4,wt-homo-4,sasa,d33y704l,d33y704l::Total,wt-homo-4 / Total,Total,Time (ps),53000,220.03874,nm^2,nm^2
line,overlay,wt-homo-4,wt-homo-4,sasa,d33y704l,d33y704l::Total,wt-homo-4 / Total,Total,Time (ps),54000,216.93773,nm^2,nm^2
line,overlay,wt-homo-4,wt-homo-4,sasa,d33y704l,d33y704l::Total,wt-homo-4 / Total,Total,Time (ps),55000,217.09804,nm^2,nm^2
line,overlay,wt-homo-4,wt-homo-4,sasa,d33y704l,d33y704l::Total,wt-homo-4 / Total,Total,Time (ps),56000,212.32233,nm^2,nm^2
line,overlay,wt-homo-4,wt-homo-4,sasa,d33y704l,d33y704l::Total,wt-homo-4 / Total,Total,Time (ps),57000,213.29707,nm^2,nm^2
line,overlay,wt-homo-4,wt-homo-4,sasa,d33y704l,d33y704l::Total,wt-homo-4 / Total,Total,Time (ps),58000,215.51923,nm^2,nm^2
line,overlay,wt-homo-4,wt-homo-4,sasa,d33y704l,d33y704l::Total,wt-homo-4 / Total,Total,Time (ps),59000,216.11336,nm^2,nm^2
line,overlay,wt-homo-4,wt-homo-4,sasa,d33y704l,d33y704l::Total,wt-homo-4 / Total,Total,Time (ps),60000,216.8563,nm^2,nm^2
line,overlay,wt-homo-4,wt-homo-4,sasa,d33y704l,d33y704l::Total,wt-homo-4 / Total,Total,Time (ps),61000,217.55064,nm^2,nm^2
line,overlay,wt-homo-4,wt-homo-4,sasa,d33y704l,d33y704l::Total,wt-homo-4 / Total,Total,Time (ps),62000,220.46393,nm^2,nm^2
line,overlay,wt-homo-4,wt-homo-4,sasa,d33y704l,d33y704l::Total,wt-homo-4 / Total,Total,Time (ps),63000,218.23013,nm^2,nm^2
line,overlay,wt-homo-4,wt-homo-4,sasa,d33y704l,d33y704l::Total,wt-homo-4 / Total,Total,Time (ps),64000,218.66246,nm^2,nm^2
line,overlay,wt-homo-4,wt-homo-4,sasa,d33y704l,d33y704l::Total,wt-homo-4 / Total,Total,Time (ps),65000,220.55215,nm^2,nm^2
line,overlay,wt-homo-4,wt-homo-4,sasa,d33y704l,d33y704l::Total,wt-homo-4 / Total,Total,Time (ps),66000,218.41934,nm^2,nm^2
line,overlay,wt-homo-4,wt-homo-4,sasa,d33y704l,d33y704l::Total,wt-homo-4 / Total,Total,Time (ps),67000,222.2931,nm^2,nm^2
line,overlay,wt-homo-4,wt-homo-4,sasa,d33y704l,d33y704l::Total,wt-homo-4 / Total,Total,Time (ps),68000,220.02744,nm^2,nm^2
line,overlay,wt-homo-4,wt-homo-4,sasa,d33y704l,d33y704l::Total,wt-homo-4 / Total,Total,Time (ps),69000,222.69627,nm^2,nm^2
line,overlay,wt-homo-4,wt-homo-4,sasa,d33y704l,d33y704l::Total,wt-homo-4 / Total,Total,Time (ps),70000,220.88371,nm^2,nm^2
line,overlay,wt-homo-4,wt-homo-4,sasa,d33y704l,d33y704l::Total,wt-homo-4 / Total,Total,Time (ps),71000,218.21193,nm^2,nm^2
line,overlay,wt-homo-4,wt-homo-4,sasa,d33y704l,d33y704l::Total,wt-homo-4 / Total,Total,Time (ps),72000,219.58885,nm^2,nm^2
line,overlay,wt-homo-4,wt-homo-4,sasa,d33y704l,d33y704l::Total,wt-homo-4 / Total,Total,Time (ps),73000,221.08987,nm^2,nm^2
line,overlay,wt-homo-4,wt-homo-4,sasa,d33y704l,d33y704l::Total,wt-homo-4 / Total,Total,Time (ps),74000,220.05096,nm^2,nm^2
line,overlay,wt-homo-4,wt-homo-4,sasa,d33y704l,d33y704l::Total,wt-homo-4 / Total,Total,Time (ps),75000,223.02908,nm^2,nm^2
line,overlay,wt-homo-4,wt-homo-4,sasa,d33y704l,d33y704l::Total,wt-homo-4 / Total,Total,Time (ps),76000,214.87164,nm^2,nm^2
line,overlay,wt-homo-4,wt-homo-4,sasa,d33y704l,d33y704l::Total,wt-homo-4 / Total,Total,Time (ps),77000,217.51247,nm^2,nm^2
line,overlay,wt-homo-4,wt-homo-4,sasa,d33y704l,d33y704l::Total,wt-homo-4 / Total,Total,Time (ps),78000,217.36299,nm^2,nm^2
line,overlay,wt-homo-4,wt-homo-4,sasa,d33y704l,d33y704l::Total,wt-homo-4 / Total,Total,Time (ps),79000,215.95839,nm^2,nm^2
line,overlay,wt-homo-4,wt-homo-4,sasa,d33y704l,d33y704l::Total,wt-homo-4 / Total,Total,Time (ps),80000,216.1952,nm^2,nm^2
line,overlay,wt-homo-4,wt-homo-4,sasa,d33y704l,d33y704l::Total,wt-homo-4 / Total,Total,Time (ps),81000,217.59085,nm^2,nm^2
line,overlay,wt-homo-4,wt-homo-4,sasa,d33y704l,d33y704l::Total,wt-homo-4 / Total,Total,Time (ps),82000,219.22478,nm^2,nm^2
line,overlay,wt-homo-4,wt-homo-4,sasa,d33y704l,d33y704l::Total,wt-homo-4 / Total,Total,Time (ps),83000,214.90846,nm^2,nm^2
line,overlay,wt-homo-4,wt-homo-4,sasa,d33y704l,d33y704l::Total,wt-homo-4 / Total,Total,Time (ps),84000,219.15582,nm^2,nm^2
line,overlay,wt-homo-4,wt-homo-4,sasa,d33y704l,d33y704l::Total,wt-homo-4 / Total,Total,Time (ps),85000,216.15593,nm^2,nm^2
line,overlay,wt-homo-4,wt-homo-4,sasa,d33y704l,d33y704l::Total,wt-homo-4 / Total,Total,Time (ps),86000,217.91464,nm^2,nm^2
line,overlay,wt-homo-4,wt-homo-4,sasa,d33y704l,d33y704l::Total,wt-homo-4 / Total,Total,Time (ps),87000,214.16016,nm^2,nm^2
line,overlay,wt-homo-4,wt-homo-4,sasa,d33y704l,d33y704l::Total,wt-homo-4 / Total,Total,Time (ps),88000,218.91539,nm^2,nm^2
line,overlay,wt-homo-4,wt-homo-4,sasa,d33y704l,d33y704l::Total,wt-homo-4 / Total,Total,Time (ps),89000,217.7785,nm^2,nm^2
line,overlay,wt-homo-4,wt-homo-4,sasa,d33y704l,d33y704l::Total,wt-homo-4 / Total,Total,Time (ps),90000,217.62482,nm^2,nm^2
line,overlay,wt-homo-4,wt-homo-4,sasa,d33y704l,d33y704l::Total,wt-homo-4 / Total,Total,Time (ps),91000,212.3673,nm^2,nm^2
line,overlay,wt-homo-4,wt-homo-4,sasa,d33y704l,d33y704l::Total,wt-homo-4 / Total,Total,Time (ps),92000,214.79237,nm^2,nm^2
line,overlay,wt-homo-4,wt-homo-4,sasa,d33y704l,d33y704l::Total,wt-homo-4 / Total,Total,Time (ps),93000,213.94426,nm^2,nm^2
line,overlay,wt-homo-4,wt-homo-4,sasa,d33y704l,d33y704l::Total,wt-homo-4 / Total,Total,Time (ps),94000,216.81645,nm^2,nm^2
line,overlay,wt-homo-4,wt-homo-4,sasa,d33y704l,d33y704l::Total,wt-homo-4 / Total,Total,Time (ps),95000,215.85059,nm^2,nm^2
line,overlay,wt-homo-4,wt-homo-4,sasa,d33y704l,d33y704l::Total,wt-homo-4 / Total,Total,Time (ps),96000,218.81686,nm^2,nm^2
line,overlay,wt-homo-4,wt-homo-4,sasa,d33y704l,d33y704l::Total,wt-homo-4 / Total,Total,Time (ps),97000,216.88153,nm^2,nm^2
line,overlay,wt-homo-4,wt-homo-4,sasa,d33y704l,d33y704l::Total,wt-homo-4 / Total,Total,Time (ps),98000,218.42792,nm^2,nm^2
line,overlay,wt-homo-4,wt-homo-4,sasa,d33y704l,d33y704l::Total,wt-homo-4 / Total,Total,Time (ps),99000,218.37364,nm^2,nm^2
line,overlay,wt-homo-4,wt-homo-4,sasa,d33y704l,d33y704l::Total,wt-homo-4 / Total,Total,Time (ps),100000,219.83347,nm^2,nm^2